
[tomas@nixbtw:~/projects/Robotics/current/Cognex]$ t
Not sending analytics for this command.

Established terminal connection



         _+=+_
      .-`  .  `-.          8888888b.  8888888b.   .d88888b.   .d8888b.
   _+`     "     `+_       888   Y88b 888   Y88b d88P" "Y88b d88P  Y88b
  \\\sssssssssssss///      888    888 888    888 888     888 Y88b.
     .ss\  *  /ss.         888   d88P 888   d88P 888     888  "Y888b.
 .+bm  .s  *  s.  md+.     8888888P"  8888888P"  888     888     "Y88b.
.hMMMMs .  *  . sMMMMh.    888        888 T88b   888     888       "888
 `\hMMMb \ | / dMMMh:      888        888  T88b  Y88b. .d88P Y88b  d88P
   -SNMNo  -  oNMNs-       888        888   T88b  "Y88888P"   "Y8888P"
     `+dMh\./dMd/
        `:yNy:`                      Powered by PROS for VEX V5
           "                Copyright (c) Purdue University ACM SIGBots
Version:        4.2.1     Platform:  V1.1.5 (b18)     Uptime:    0.000 s
Compiled:   Jan  1 1980 00:00:00     Directory:


bouncing done
health done
auton done
calibrated!
starting task: 2318299
initializing odom model
timed correctly: 2321172
initializing pf model
initializing smoother model
target: 0.000 0.157
dist/lin/ang/drive_left/drive_right/tv_l/tv_r/av_l/av_r/x/y/theta/t_err: 1.57080 0.00000 1.20000 0.00000 0.00000 -0.00017 -0.00033 -0.00017 -0.00033 0 0 0.00007 1.57080
fb: 0.00000 0.00000 -0.85057 0.85546
fb: 0.00000 0.00000 -0.85057 0.85546
target: 0.00000 0.31394
dist/lin/ang/drive_left/drive_right/tv_l/tv_r/av_l/av_r/x/y/theta/t_err: 1.57080 0.00000 2.40000 0.00000 0.00000 -0.05836 0.08536 -0.05836 0.08536 0 0 -0.00007 1.57080
fb: 0.00000 0.00000 -1.00000 1.00000
fb: -0.00199 0.00746 -1.00000 1.00000
target: 0.00000 0.47092
dist/lin/ang/drive_left/drive_right/tv_l/tv_r/av_l/av_r/x/y/theta/t_err: 1.57079 0.00000 3.60000 -0.00944 0.00547 -0.49317 0.36344 -0.49317 0.36344 0 0 0.00025 1.57079
fb: -0.00596 0.04236 -1.00000 1.00000
fb: -0.00000 0.09511 -1.00000 1.00000
target: 0.00000 0.52324
dist/lin/ang/drive_left/drive_right/tv_l/tv_r/av_l/av_r/x/y/theta/t_err: 1.56814 0.00000 4.00000 -0.09511 0.09511 -0.69794 0.45347 -0.69794 0.45347 0 0 0.15234 1.56814
fb: 0.01169 0.14381 -0.81477 0.81966
fb: 0.00772 0.19398 -0.78968 0.79458
target: 0.00000 0.52324
dist/lin/ang/drive_left/drive_right/tv_l/tv_r/av_l/av_r/x/y/theta/t_err: 1.55161 0.00000 4.00000 -0.18625 0.20170 -0.52256 0.52033 -0.52256 0.52033 0 0 1.09953 1.55161
fb: 0.00000 0.24735 -0.52754 0.53243
fb: 0.00199 0.29438 -0.50402 0.50892
target: 0.00000 0.52324
dist/lin/ang/drive_left/drive_right/tv_l/tv_r/av_l/av_r/x/y/theta/t_err: 1.52006 0.00000 4.00000 -0.29239 0.29637 -0.40931 0.44094 -0.40931 0.44094 0 0 2.90679 1.52006
fb: 0.00574 0.33117 -0.48563 0.49052
fb: 0.01743 0.36217 -0.47013 0.47502
target: 0.00000 0.52324
dist/lin/ang/drive_left/drive_right/tv_l/tv_r/av_l/av_r/x/y/theta/t_err: 1.47395 0.00000 4.00000 -0.34474 0.37961 -0.44506 0.44658 -0.44506 0.44658 0 0 5.54874 1.47395
fb: 0.01743 0.38782 -0.45731 0.46220
fb: 0.00772 0.41360 -0.44442 0.44931
target: 0.00000 0.52324
dist/lin/ang/drive_left/drive_right/tv_l/tv_r/av_l/av_r/x/y/theta/t_err: 1.41783 0.00000 4.00000 -0.40587 0.42132 -0.44658 0.45139 -0.44658 0.45139 0 0 8.76426 1.41783
fb: 0.00000 0.44467 -0.42888 0.43377
fb: -0.00772 0.47226 -0.41508 0.41998
target: 0.00000 0.52324
dist/lin/ang/drive_left/drive_right/tv_l/tv_r/av_l/av_r/x/y/theta/t_err: 1.35353 0.00000 4.00000 -0.47998 0.46454 -0.42400 0.42453 -0.42400 0.42453 0 0 12.44871 1.35353
fb: -0.00375 0.49268 -0.40488 0.40977
fb: 0.00000 0.51010 -0.39617 0.40106
target: 0.00000 0.52324
dist/lin/ang/drive_left/drive_right/tv_l/tv_r/av_l/av_r/x/y/theta/t_err: 1.28082 0.00000 4.00000 -0.51010 0.51010 -0.40278 0.40317 -0.40278 0.40317 0 0 16.61449 1.28082
fb: -0.00397 0.52682 -0.38780 0.39270
fb: -0.00772 0.54173 -0.38035 0.38524
target: 0.00000 0.52324
dist/lin/ang/drive_left/drive_right/tv_l/tv_r/av_l/av_r/x/y/theta/t_err: 1.20243 0.00000 4.00000 -0.54945 0.53401 -0.37867 0.38089 -0.37867 0.38089 0 0 21.10567 1.20243
fb: -0.00772 0.55552 -0.37345 0.37835
fb: -0.00794 0.56361 -0.36941 0.37430
target: 0.00000 0.52324
dist/lin/ang/drive_left/drive_right/tv_l/tv_r/av_l/av_r/x/y/theta/t_err: 1.11930 0.00000 4.00000 -0.57155 0.55566 -0.36928 0.36700 -0.36928 0.36700 0 0 25.86882 1.11930
fb: -0.00397 0.56737 -0.36753 0.37242
fb: -0.00375 0.57336 -0.36453 0.36943
target: 0.00000 0.52324
dist/lin/ang/drive_left/drive_right/tv_l/tv_r/av_l/av_r/x/y/theta/t_err: 1.03331 0.00000 4.00000 -0.57711 0.56961 -0.35197 0.35900 -0.35197 0.35900 0 0 30.79554 1.03331
fb: -0.02317 0.57817 -0.36213 0.36702
fb: -0.04258 0.58033 -0.36105 0.36594
target: 0.00000 0.52324
dist/lin/ang/drive_left/drive_right/tv_l/tv_r/av_l/av_r/x/y/theta/t_err: 0.94573 0.00000 4.00000 -0.62291 0.53775 -0.35097 0.34939 -0.35097 0.34939 0 0 35.81369 0.94573
fb: -0.04457 0.58214 -0.36014 0.36504
fb: -0.04280 0.58521 -0.35861 0.36350
target: 0.00000 0.52324
dist/lin/ang/drive_left/drive_right/tv_l/tv_r/av_l/av_r/x/y/theta/t_err: 0.85717 0.00000 4.00000 -0.62801 0.54240 -0.35147 0.34719 -0.35147 0.34719 0 0 40.88783 0.85717
fb: -0.05825 0.58855 -0.35694 0.36183
fb: -0.06200 0.58994 -0.35624 0.36114
target: 0.00000 0.52324
dist/lin/ang/drive_left/drive_right/tv_l/tv_r/av_l/av_r/x/y/theta/t_err: 0.76778 0.00000 4.00000 -0.65194 0.52794 -0.34478 0.34769 -0.34478 0.34769 0 0 46.00928 0.76778
fb: -0.05229 0.59169 -0.35537 0.36026
fb: -0.04854 0.59510 -0.35366 0.35856
target: 0.00000 0.52324
dist/lin/ang/drive_left/drive_right/tv_l/tv_r/av_l/av_r/x/y/theta/t_err: 0.67771 0.00000 4.00000 -0.64364 0.54656 -0.34392 0.34736 -0.34392 0.34736 0 0 51.17008 0.67771
fb: -0.04656 0.59775 -0.35234 0.35723
fb: -0.05229 0.59622 -0.35311 0.35800
target: 0.00000 0.52324
dist/lin/ang/drive_left/drive_right/tv_l/tv_r/av_l/av_r/x/y/theta/t_err: 0.58679 0.00000 4.00000 -0.64851 0.54392 -0.34375 0.34186 -0.34375 0.34186 0 0 56.37956 0.58679
fb: -0.05428 0.59635 -0.35304 0.35793
fb: -0.05428 0.59838 -0.35203 0.35692
target: 0.00000 0.52324
dist/lin/ang/drive_left/drive_right/tv_l/tv_r/av_l/av_r/x/y/theta/t_err: 0.49576 0.00000 4.00000 -0.65265 0.54410 -0.34444 0.34017 -0.34444 0.34017 0 0 61.59526 0.49576
fb: -0.05053 0.59900 -0.35171 0.35661
fb: -0.05229 0.59768 -0.35237 0.35727
target: 0.00000 0.44610
dist/lin/ang/drive_left/drive_right/tv_l/tv_r/av_l/av_r/x/y/theta/t_err: 0.40441 0.00000 3.41032 -0.64997 0.54539 -0.34428 0.33950 -0.34428 0.33950 0 0 66.82921 0.40441
fb: -0.05626 0.59886 0.16362 -0.16852
fb: -0.05450 0.59977 0.16408 -0.16897
target: 0.00000 0.31239
dist/lin/ang/drive_left/drive_right/tv_l/tv_r/av_l/av_r/x/y/theta/t_err: 0.31309 0.00000 2.38809 -0.65427 0.54527 -0.24400 0.29053 -0.24400 0.29053 0 0 72.06099 0.31309
fb: -0.06001 0.59886 0.57469 -0.57959
fb: -0.07171 0.59064 0.57058 -0.57548
target: 0.00000 0.17782
dist/lin/ang/drive_left/drive_right/tv_l/tv_r/av_l/av_r/x/y/theta/t_err: 0.22153 0.00000 1.35935 -0.66235 0.51893 0.18889 -0.12219 0.18889 -0.12219 0 0 77.30755 0.22153
fb: -0.08340 0.57392 0.72350 -0.72839
fb: -0.06399 0.51463 0.69385 -0.69874
target: 0.00000 0.04987
dist/lin/ang/drive_left/drive_right/tv_l/tv_r/av_l/av_r/x/y/theta/t_err: 0.13198 0.00000 0.38124 -0.57861 0.45064 0.38311 -0.40931 0.38311 -0.40931 0 0 82.43813 0.13198
fb: -0.02317 0.43464 0.77376 -0.77865
fb: -0.01545 0.36420 0.73854 -0.74343
target: 0.00000 -0.03807
dist/lin/ang/drive_left/drive_right/tv_l/tv_r/av_l/av_r/x/y/theta/t_err: 0.05653 0.00000 -0.29107 -0.37964 0.34875 0.35539 -0.36581 0.35539 -0.36581 0 0 86.76094 0.05653
fb: -0.02339 0.28351 0.62107 -0.62597
fb: -0.02913 0.20359 0.46028 -0.46518
target: 0.00000 -0.07794
dist/lin/ang/drive_left/drive_right/tv_l/tv_r/av_l/av_r/x/y/theta/t_err: 0.00412 0.00000 -0.59585 -0.23272 0.17447 0.32939 -0.31331 0.32939 -0.31331 0 0 89.76380 0.00412
fb: -0.03089 0.12019 0.27065 -0.27555
fb: -0.03111 0.04188 0.27065 -0.27555
target: 0.00000 -0.07975
dist/lin/ang/drive_left/drive_right/tv_l/tv_r/av_l/av_r/x/y/theta/t_err: -0.02384 0.00000 -0.60965 -0.07299 0.01076 0.31008 -0.31364 0.31008 -0.31364 0 0 91.36619 -0.02384
fb: -0.03508 -0.02766 0.10058 -0.10548
fb: -0.03862 -0.07657 0.10058 -0.10548
target: 0.00000 -0.04676
dist/lin/ang/drive_left/drive_right/tv_l/tv_r/av_l/av_r/x/y/theta/t_err: -0.02770 0.00000 -0.35746 0.03796 -0.11519 0.22914 -0.23014 0.22914 -0.23014 0 0 91.58708 -0.02770
fb: -0.03288 -0.10423 -0.15614 0.16104
fb: -0.02339 -0.11719 -0.15614 0.16104
final error was -0.86555
position: -0.19566 -0.46635 90.86555
took 0.56000 time to finish turn
increased to 135.00000
target: 0.00000 0.15697
dist/lin/ang/drive_left/drive_right/tv_l/tv_r/av_l/av_r/x/y/theta/t_err: 2.35620 0.00000 1.20000 0.00000 0.00000 -0.00033 0.00017 -0.00033 0.00017 0 0 -0.00007 2.35620
fb: 0.00000 0.00000 -0.85057 0.85546
fb: 0.00000 0.00000 -0.85057 0.85546
target: 0.00000 0.31394
dist/lin/ang/drive_left/drive_right/tv_l/tv_r/av_l/av_r/x/y/theta/t_err: 2.35620 0.00000 2.40000 0.00000 0.00000 -0.00033 0.02756 -0.00033 0.02756 0 0 -0.00007 2.35620
fb: 0.00000 0.00000 -1.00000 1.00000
fb: 0.00000 0.00739 -1.00000 1.00000
target: 0.00000 0.47092
dist/lin/ang/drive_left/drive_right/tv_l/tv_r/av_l/av_r/x/y/theta/t_err: 2.35619 0.00000 3.60000 -0.00739 0.00739 -0.46658 0.40861 -0.46658 0.40861 0 0 0.00026 2.35619
fb: 0.02317 0.04522 -1.00000 1.00000
fb: 0.04060 0.10138 -1.00000 1.00000
target: 0.00000 0.52324
dist/lin/ang/drive_left/drive_right/tv_l/tv_r/av_l/av_r/x/y/theta/t_err: 2.35331 0.00000 4.00000 -0.06078 0.14198 -0.65550 0.46456 -0.65550 0.46456 0 0 0.16549 2.35331
fb: 0.01743 0.14750 -0.81292 0.81781
fb: 0.00397 0.20290 -0.78522 0.79012
target: 0.00000 0.52324
dist/lin/ang/drive_left/drive_right/tv_l/tv_r/av_l/av_r/x/y/theta/t_err: 2.33607 0.00000 4.00000 -0.19892 0.20687 -0.73061 0.56858 -0.73061 0.56858 0 0 1.15309 2.33607
fb: 0.00772 0.25808 -0.52217 0.52707
fb: 0.00772 0.30211 -0.50016 0.50505
target: 0.00000 0.52324
dist/lin/ang/drive_left/drive_right/tv_l/tv_r/av_l/av_r/x/y/theta/t_err: 2.30310 0.00000 4.00000 -0.29439 0.30984 -0.41492 0.50100 -0.41492 0.50100 0 0 3.04228 2.30310
fb: 0.00397 0.33187 -0.48528 0.49017
fb: 0.00000 0.36573 -0.46835 0.47324
target: 0.00000 0.52324
dist/lin/ang/drive_left/drive_right/tv_l/tv_r/av_l/av_r/x/y/theta/t_err: 2.25605 0.00000 4.00000 -0.36573 0.36573 -0.41322 0.40586 -0.41322 0.40586 0 0 5.73802 2.25605
fb: 0.00000 0.38740 -0.45752 0.46241
fb: 0.00000 0.40983 -0.44630 0.45119
target: 0.00000 0.52324
dist/lin/ang/drive_left/drive_right/tv_l/tv_r/av_l/av_r/x/y/theta/t_err: 2.19959 0.00000 4.00000 -0.40983 0.40983 -0.44181 0.44436 -0.44181 0.44436 0 0 8.97296 2.19959
fb: 0.00375 0.43728 -0.43257 0.43747
fb: 0.00375 0.46293 -0.41975 0.42464
target: 0.00000 0.52324
dist/lin/ang/drive_left/drive_right/tv_l/tv_r/av_l/av_r/x/y/theta/t_err: 2.13605 0.00000 4.00000 -0.45917 0.46668 -0.42606 0.43017 -0.42606 0.43017 0 0 12.61345 2.13605
fb: 0.00000 0.48459 -0.40892 0.41381
fb: 0.00000 0.50341 -0.39951 0.40440
target: 0.00000 0.52324
dist/lin/ang/drive_left/drive_right/tv_l/tv_r/av_l/av_r/x/y/theta/t_err: 2.06473 0.00000 4.00000 -0.50341 0.50341 -0.40328 0.40722 -0.40328 0.40722 0 0 16.69943 2.06473
fb: -0.00375 0.52104 -0.39070 0.39559
fb: -0.00772 0.53532 -0.38355 0.38845
target: 0.00000 0.52324
dist/lin/ang/drive_left/drive_right/tv_l/tv_r/av_l/av_r/x/y/theta/t_err: 1.98730 0.00000 4.00000 -0.54304 0.52760 -0.38122 0.38756 -0.38122 0.38756 0 0 21.13604 1.98730
fb: -0.00772 0.54723 -0.37760 0.38249
fb: -0.00375 0.55671 -0.37286 0.37775
target: 0.00000 0.52324
dist/lin/ang/drive_left/drive_right/tv_l/tv_r/av_l/av_r/x/y/theta/t_err: 1.90529 0.00000 4.00000 -0.56046 0.55296 -0.36786 0.36906 -0.36786 0.36906 0 0 25.83481 1.90529
fb: 0.00000 0.56284 -0.36979 0.37469
fb: -0.00772 0.56744 -0.36749 0.37239
target: 0.00000 0.52324
dist/lin/ang/drive_left/drive_right/tv_l/tv_r/av_l/av_r/x/y/theta/t_err: 1.82024 0.00000 4.00000 -0.57516 0.55972 -0.36069 0.36036 -0.36069 0.36036 0 0 30.70782 1.82024
fb: -0.01942 0.57280 -0.36481 0.36971
fb: -0.01942 0.57740 -0.36251 0.36741
target: 0.00000 0.52324
dist/lin/ang/drive_left/drive_right/tv_l/tv_r/av_l/av_r/x/y/theta/t_err: 1.73350 0.00000 4.00000 -0.59682 0.55799 -0.35044 0.35489 -0.35044 0.35489 0 0 35.67780 1.73350
fb: -0.01942 0.58089 -0.36077 0.36566
fb: -0.01567 0.58270 -0.35986 0.36476
target: 0.00000 0.52324
dist/lin/ang/drive_left/drive_right/tv_l/tv_r/av_l/av_r/x/y/theta/t_err: 1.64535 0.00000 4.00000 -0.59836 0.56703 -0.35061 0.34786 -0.35061 0.34786 0 0 40.72840 1.64535
fb: -0.01169 0.58451 -0.35896 0.36385
fb: -0.01942 0.58765 -0.35739 0.36228
target: 0.00000 0.52324
dist/lin/ang/drive_left/drive_right/tv_l/tv_r/av_l/av_r/x/y/theta/t_err: 1.55640 0.00000 4.00000 -0.60706 0.56823 -0.34444 0.34753 -0.34444 0.34753 0 0 45.82512 1.55640
fb: -0.02317 0.59099 -0.35572 0.36061
fb: -0.02714 0.59245 -0.35499 0.35988
target: 0.00000 0.52324
dist/lin/ang/drive_left/drive_right/tv_l/tv_r/av_l/av_r/x/y/theta/t_err: 1.46661 0.00000 4.00000 -0.61959 0.56531 -0.34325 0.34769 -0.34325 0.34769 0 0 50.96918 1.46661
fb: -0.03685 0.59440 -0.35401 0.35891
fb: -0.04060 0.59670 -0.35286 0.35776
target: 0.00000 0.52324
dist/lin/ang/drive_left/drive_right/tv_l/tv_r/av_l/av_r/x/y/theta/t_err: 1.37612 0.00000 4.00000 -0.63730 0.55611 -0.34378 0.34119 -0.34378 0.34119 0 0 56.15405 1.37612
fb: -0.04082 0.59879 -0.35182 0.35671
fb: -0.03883 0.59907 -0.35168 0.35657
target: 0.00000 0.52324
dist/lin/ang/drive_left/drive_right/tv_l/tv_r/av_l/av_r/x/y/theta/t_err: 1.28497 0.00000 4.00000 -0.63790 0.56024 -0.34342 0.33983 -0.34342 0.33983 0 0 61.37647 1.28497
fb: -0.03685 0.60102 -0.35070 0.35560
fb: -0.03486 0.60270 -0.34987 0.35476
target: 0.00000 0.52324
dist/lin/ang/drive_left/drive_right/tv_l/tv_r/av_l/av_r/x/y/theta/t_err: 1.19343 0.00000 4.00000 -0.63756 0.56783 -0.34358 0.34000 -0.34358 0.34000 0 0 66.62158 1.19343
fb: -0.02912 0.59907 -0.35168 0.35657
fb: -0.03883 0.59754 -0.35244 0.35734
target: 0.00000 0.52324
dist/lin/ang/drive_left/drive_right/tv_l/tv_r/av_l/av_r/x/y/theta/t_err: 1.10157 0.00000 4.00000 -0.63637 0.55871 -0.33847 0.33983 -0.33847 0.33983 0 0 71.88453 1.10157
fb: -0.04832 0.60040 -0.35102 0.35591
fb: -0.04854 0.60144 -0.35049 0.35539
target: 0.00000 0.52324
dist/lin/ang/drive_left/drive_right/tv_l/tv_r/av_l/av_r/x/y/theta/t_err: 1.01015 0.00000 4.00000 -0.64998 0.55290 -0.34358 0.33858 -0.34358 0.33858 0 0 77.12251 1.01015
fb: -0.05626 0.59838 -0.35203 0.35692
fb: -0.06001 0.59789 -0.35227 0.35716
target: 0.00000 0.52324
dist/lin/ang/drive_left/drive_right/tv_l/tv_r/av_l/av_r/x/y/theta/t_err: 0.91844 0.00000 4.00000 -0.65790 0.53787 -0.34444 0.33914 -0.34444 0.33914 0 0 82.37736 0.91844
fb: -0.05825 0.59928 -0.35157 0.35647
fb: -0.06200 0.59893 -0.35175 0.35664
target: 0.00000 0.52324
dist/lin/ang/drive_left/drive_right/tv_l/tv_r/av_l/av_r/x/y/theta/t_err: 0.82697 0.00000 4.00000 -0.66093 0.53693 -0.34428 0.33861 -0.34428 0.33861 0 0 87.61814 0.82697
fb: -0.05626 0.59858 -0.35192 0.35682
fb: -0.05053 0.59921 -0.35161 0.35650
target: 0.00000 0.52324
dist/lin/ang/drive_left/drive_right/tv_l/tv_r/av_l/av_r/x/y/theta/t_err: 0.73543 0.00000 4.00000 -0.64974 0.54868 -0.34428 0.33842 -0.34428 0.33842 0 0 92.86274 0.73543
fb: -0.05626 0.59831 -0.35206 0.35695
fb: -0.06200 0.59831 -0.35206 0.35695
target: 0.00000 0.52324
dist/lin/ang/drive_left/drive_right/tv_l/tv_r/av_l/av_r/x/y/theta/t_err: 0.64388 0.00000 4.00000 -0.66031 0.53631 -0.34444 0.33828 -0.34444 0.33828 0 0 98.10811 0.64388
fb: -0.06597 0.59963 -0.35140 0.35629
fb: -0.08539 0.59921 -0.35161 0.35650
target: 0.00000 0.52324
dist/lin/ang/drive_left/drive_right/tv_l/tv_r/av_l/av_r/x/y/theta/t_err: 0.55229 0.00000 4.00000 -0.68460 0.51382 -0.34497 0.33878 -0.34497 0.33878 0 0 103.35598 0.55229
fb: -0.08715 0.59858 -0.35192 0.35682
fb: -0.07171 0.60095 -0.35074 0.35563
target: 0.00000 0.52324
dist/lin/ang/drive_left/drive_right/tv_l/tv_r/av_l/av_r/x/y/theta/t_err: 0.46068 0.00000 4.00000 -0.67266 0.52925 -0.34444 0.33897 -0.34444 0.33897 0 0 108.60503 0.46068
fb: -0.07568 0.60263 -0.34990 0.35479
fb: -0.07369 0.60200 -0.35021 0.35511
target: 0.00000 0.39256
dist/lin/ang/drive_left/drive_right/tv_l/tv_r/av_l/av_r/x/y/theta/t_err: 0.36863 0.00000 3.00103 -0.67569 0.52830 -0.34169 0.33933 -0.34169 0.33933 0 0 113.87912 0.36863
fb: -0.08340 0.60130 0.46841 -0.47331
fb: -0.09686 0.60158 0.46855 -0.47345
target: 0.00000 0.25761
dist/lin/ang/drive_left/drive_right/tv_l/tv_r/av_l/av_r/x/y/theta/t_err: 0.27655 0.00000 1.96936 -0.69844 0.50472 -0.29019 0.22828 -0.29019 0.22828 0 0 119.15493 0.27655
fb: -0.09885 0.59824 0.64402 -0.64891
fb: -0.11054 0.58569 0.63775 -0.64264
target: 0.00000 0.12304
dist/lin/ang/drive_left/drive_right/tv_l/tv_r/av_l/av_r/x/y/theta/t_err: 0.18458 0.00000 0.94064 -0.69624 0.47515 0.26281 -0.20892 0.26281 -0.20892 0 0 124.42445 0.18458
fb: -0.12400 0.55887 0.78005 -0.78494
fb: -0.10878 0.49588 0.74856 -0.75345
target: 0.00000 -0.00126
dist/lin/ang/drive_left/drive_right/tv_l/tv_r/av_l/av_r/x/y/theta/t_err: 0.09601 0.00000 -0.00967 -0.60466 0.38711 0.31931 -0.47344 0.31931 -0.47344 0 0 129.49909 0.09601
fb: -0.08738 0.42307 0.81143 -0.81632
fb: -0.07171 0.35221 0.77600 -0.78089
target: 0.00000 -0.08326
dist/lin/ang/drive_left/drive_right/tv_l/tv_r/av_l/av_r/x/y/theta/t_err: 0.02301 0.00000 -0.63650 -0.42392 0.28050 0.40553 -0.42008 0.40553 -0.42008 0 0 133.68155 0.02301
fb: -0.05031 0.27362 0.64222 -0.64712
fb: -0.04656 0.19224 0.60153 -0.60643
target: 0.00000 -0.12255
dist/lin/ang/drive_left/drive_right/tv_l/tv_r/av_l/av_r/x/y/theta/t_err: -0.02793 0.00000 -0.93688 -0.23879 0.14568 0.29089 -0.43189 0.29089 -0.43189 0 0 136.60036 -0.02793
fb: -0.05627 0.11413 0.29795 -0.30285
fb: -0.05803 0.03937 0.29795 -0.30285
target: 0.00000 -0.12253
dist/lin/ang/drive_left/drive_right/tv_l/tv_r/av_l/av_r/x/y/theta/t_err: -0.05454 0.00000 -0.93669 -0.09740 -0.01867 0.27908 -0.31828 0.27908 -0.31828 0 0 138.12463 -0.05454
fb: -0.05252 -0.02515 0.12100 -0.12590
fb: -0.04082 -0.06779 0.12100 -0.12590
target: 0.00000 -0.09098
dist/lin/ang/drive_left/drive_right/tv_l/tv_r/av_l/av_r/x/y/theta/t_err: -0.05815 0.00000 -0.69554 0.02697 -0.10862 0.22125 -0.20861 0.22125 -0.20861 0 0 138.33169 -0.05815
fb: -0.03089 -0.09455 -0.12002 0.12491
fb: -0.02317 -0.10653 -0.12002 0.12491
target: 0.00000 -0.05077
dist/lin/ang/drive_left/drive_right/tv_l/tv_r/av_l/av_r/x/y/theta/t_err: -0.04693 0.00000 -0.38808 0.08337 -0.12970 0.04006 -0.03644 0.04006 -0.03644 0 0 137.68865 -0.04693
fb: -0.01567 -0.10563 -0.18599 0.19089
fb: -0.01567 -0.09964 -0.18599 0.19089
target: 0.00000 -0.01933
dist/lin/ang/drive_left/drive_right/tv_l/tv_r/av_l/av_r/x/y/theta/t_err: -0.03082 0.00000 -0.14777 0.08397 -0.11530 -0.11686 0.12900 -0.11686 0.12900 0 0 136.76557 -0.03082
fb: -0.01920 -0.09232 -0.16753 0.17242
fb: -0.01147 -0.07818 -0.16753 0.17242
target: 0.00000 0.00062
dist/lin/ang/drive_left/drive_right/tv_l/tv_r/av_l/av_r/x/y/theta/t_err: -0.01589 0.00000 0.00476 0.06670 -0.08965 -0.16322 0.16647 -0.16322 0.16647 0 0 135.91069 -0.01589
fb: -0.00397 -0.04933 -0.12923 0.13412
fb: -0.00794 -0.00641 -0.12923 0.13412
target: 0.00000 0.00965
dist/lin/ang/drive_left/drive_right/tv_l/tv_r/av_l/av_r/x/y/theta/t_err: -0.00516 0.00000 0.07379 -0.00153 -0.01435 -0.13944 0.14508 -0.13944 0.14508 0 0 135.29544 -0.00516
fb: -0.00397 0.02843 -0.08613 0.09102
fb: 0.00000 0.04717 -0.08613 0.09102
final error was -0.31357
position: 0.27894 -0.90447 135.31357
took 0.82000 time to finish turn
increased to 180.00000
target: 0.00000 0.15697
dist/lin/ang/drive_left/drive_right/tv_l/tv_r/av_l/av_r/x/y/theta/t_err: 3.14159 0.00000 1.20000 0.00000 0.00000 0.00000 -0.00017 0.00000 -0.00017 0 0 -0.00001 3.14159
fb: 0.00000 0.00000 -0.85057 0.85546
fb: 0.00000 0.00000 -0.85057 0.85546
target: 0.00000 0.31394
dist/lin/ang/drive_left/drive_right/tv_l/tv_r/av_l/av_r/x/y/theta/t_err: 3.14159 0.00000 2.40000 0.00000 0.00000 -0.02892 0.07375 -0.02892 0.07375 0 0 0.00008 3.14159
fb: 0.00000 0.00216 -1.00000 1.00000
fb: 0.00000 0.02202 -1.00000 1.00000
target: 0.00000 0.47092
dist/lin/ang/drive_left/drive_right/tv_l/tv_r/av_l/av_r/x/y/theta/t_err: 3.14149 0.00000 3.60000 -0.02202 0.02202 -0.47994 0.38431 -0.47994 0.38431 0 0 0.00578 3.14149
fb: 0.01169 0.07184 -1.00000 1.00000
fb: 0.01942 0.11615 -1.00000 1.00000
target: 0.00000 0.52324
dist/lin/ang/drive_left/drive_right/tv_l/tv_r/av_l/av_r/x/y/theta/t_err: 3.13602 0.00000 4.00000 -0.09673 0.13557 -0.68411 0.39047 -0.68411 0.39047 0 0 0.31912 3.13602
fb: 0.00397 0.15189 -0.81073 0.81562
fb: -0.01942 0.20854 -0.78240 0.78730
target: 0.00000 0.52324
dist/lin/ang/drive_left/drive_right/tv_l/tv_r/av_l/av_r/x/y/theta/t_err: 3.11708 0.00000 4.00000 -0.22796 0.18912 -0.68494 0.52053 -0.68494 0.52053 0 0 1.40423 3.11708
fb: -0.02339 0.26108 -0.52068 0.52557
fb: -0.00772 0.30448 -0.49897 0.50387
target: 0.00000 0.52324
dist/lin/ang/drive_left/drive_right/tv_l/tv_r/av_l/av_r/x/y/theta/t_err: 3.08346 0.00000 4.00000 -0.31221 0.29676 -0.47858 0.42625 -0.47858 0.42625 0 0 3.33079 3.08346
fb: 0.00772 0.33793 -0.48225 0.48714
fb: 0.00772 0.36210 -0.47016 0.47506
target: 0.00000 0.52324
dist/lin/ang/drive_left/drive_right/tv_l/tv_r/av_l/av_r/x/y/theta/t_err: 3.03580 0.00000 4.00000 -0.35438 0.36983 -0.37969 0.45872 -0.37969 0.45872 0 0 6.06124 3.03580
fb: 0.00000 0.38071 -0.46086 0.46575
fb: 0.00000 0.40621 -0.44811 0.45300
target: 0.00000 0.52324
dist/lin/ang/drive_left/drive_right/tv_l/tv_r/av_l/av_r/x/y/theta/t_err: 2.98003 0.00000 4.00000 -0.40621 0.40621 -0.44539 0.44947 -0.44539 0.44947 0 0 9.25702 2.98003
fb: -0.00772 0.43499 -0.43372 0.43861
fb: -0.01942 0.45937 -0.42153 0.42642
target: 0.00000 0.52324
dist/lin/ang/drive_left/drive_right/tv_l/tv_r/av_l/av_r/x/y/theta/t_err: 2.91700 0.00000 4.00000 -0.47879 0.43996 -0.42881 0.42881 -0.42881 0.42881 0 0 12.86834 2.91700
fb: -0.02317 0.47839 -0.41202 0.41691
fb: -0.02714 0.49679 -0.40282 0.40771
target: 0.00000 0.52324
dist/lin/ang/drive_left/drive_right/tv_l/tv_r/av_l/av_r/x/y/theta/t_err: 2.84631 0.00000 4.00000 -0.52393 0.46965 -0.41119 0.40828 -0.41119 0.40828 0 0 16.91844 2.84631
fb: -0.02537 0.51288 -0.39477 0.39967
fb: -0.02118 0.52717 -0.38763 0.39252
target: 0.00000 0.52324
dist/lin/ang/drive_left/drive_right/tv_l/tv_r/av_l/av_r/x/y/theta/t_err: 2.76999 0.00000 4.00000 -0.54835 0.50598 -0.39167 0.39150 -0.39167 0.39150 0 0 21.29115 2.76999
fb: -0.01147 0.54173 -0.38035 0.38524
fb: 0.00000 0.55378 -0.37432 0.37922
target: 0.00000 0.52324
dist/lin/ang/drive_left/drive_right/tv_l/tv_r/av_l/av_r/x/y/theta/t_err: 2.68909 0.00000 4.00000 -0.55378 0.55378 -0.37008 0.37406 -0.37008 0.37406 0 0 25.92675 2.68909
fb: 0.00000 0.56333 -0.36955 0.37444
fb: -0.01169 0.57023 -0.36610 0.37099
target: 0.00000 0.52324
dist/lin/ang/drive_left/drive_right/tv_l/tv_r/av_l/av_r/x/y/theta/t_err: 2.60431 0.00000 4.00000 -0.58192 0.55853 -0.35914 0.36136 -0.35914 0.36136 0 0 30.78420 2.60431
fb: -0.01942 0.57343 -0.36450 0.36939
fb: -0.02912 0.57559 -0.36342 0.36831
target: 0.00000 0.52324
dist/lin/ang/drive_left/drive_right/tv_l/tv_r/av_l/av_r/x/y/theta/t_err: 2.51730 0.00000 4.00000 -0.60472 0.54647 -0.35097 0.35642 -0.35097 0.35642 0 0 35.76938 2.51730
fb: -0.04656 0.57747 -0.36248 0.36737
fb: -0.04854 0.58005 -0.36119 0.36608
target: 0.00000 0.52324
dist/lin/ang/drive_left/drive_right/tv_l/tv_r/av_l/av_r/x/y/theta/t_err: 2.42947 0.00000 4.00000 -0.62859 0.53151 -0.35114 0.34736 -0.35114 0.34736 0 0 40.80188 2.42947
fb: -0.04656 0.58291 -0.35976 0.36465
fb: -0.04258 0.58653 -0.35795 0.36284
target: 0.00000 0.52324
dist/lin/ang/drive_left/drive_right/tv_l/tv_r/av_l/av_r/x/y/theta/t_err: 2.34089 0.00000 4.00000 -0.62911 0.54395 -0.34872 0.34633 -0.34872 0.34633 0 0 45.87664 2.34089
fb: -0.04258 0.58744 -0.35750 0.36239
fb: -0.02317 0.58855 -0.35694 0.36183
target: 0.00000 0.52324
dist/lin/ang/drive_left/drive_right/tv_l/tv_r/av_l/av_r/x/y/theta/t_err: 2.25142 0.00000 4.00000 -0.61172 0.56538 -0.34308 0.34769 -0.34308 0.34769 0 0 51.00340 2.25142
fb: 0.00000 0.59224 -0.35509 0.35999
fb: 0.00000 0.59385 -0.35429 0.35918
target: 0.00000 0.52324
dist/lin/ang/drive_left/drive_right/tv_l/tv_r/av_l/av_r/x/y/theta/t_err: 2.16144 0.00000 4.00000 -0.59385 0.59385 -0.34256 0.34686 -0.34256 0.34686 0 0 56.15883 2.16144
fb: 0.00000 0.59440 -0.35401 0.35891
fb: -0.17453 0.59538 -0.35352 0.35842
target: 0.00000 0.52324
dist/lin/ang/drive_left/drive_right/tv_l/tv_r/av_l/av_r/x/y/theta/t_err: 2.07080 0.00000 4.00000 -0.76991 0.42085 -0.34342 0.33981 -0.34342 0.33981 0 0 61.35177 2.07080
fb: -0.21932 0.59789 -0.24261 0.46682
fb: -0.08936 0.59663 -0.35290 0.35779
target: 0.00000 0.52324
dist/lin/ang/drive_left/drive_right/tv_l/tv_r/av_l/av_r/x/y/theta/t_err: 1.97979 0.00000 4.00000 -0.68599 0.50727 -0.34358 0.33881 -0.34358 0.33881 0 0 66.56629 1.97979
fb: -0.09885 0.59364 -0.35440 0.35929
fb: -0.09488 0.59684 -0.35279 0.35769
target: 0.00000 0.52324
dist/lin/ang/drive_left/drive_right/tv_l/tv_r/av_l/av_r/x/y/theta/t_err: 1.88887 0.00000 4.00000 -0.69172 0.50197 -0.31892 0.36464 -0.31892 0.36464 0 0 71.77592 1.88887
fb: -0.06399 0.59824 -0.35210 0.35699
fb: -0.04854 0.59684 -0.35279 0.35769
target: 0.00000 0.52324
dist/lin/ang/drive_left/drive_right/tv_l/tv_r/av_l/av_r/x/y/theta/t_err: 1.79766 0.00000 4.00000 -0.64538 0.54830 -0.34206 0.34069 -0.34206 0.34069 0 0 77.00184 1.79766
fb: -0.06399 0.59635 -0.35304 0.35793
fb: -0.07369 0.59622 -0.35311 0.35800
target: 0.00000 0.52324
dist/lin/ang/drive_left/drive_right/tv_l/tv_r/av_l/av_r/x/y/theta/t_err: 1.70649 0.00000 4.00000 -0.66991 0.52252 -0.34322 0.33964 -0.34322 0.33964 0 0 82.22540 1.70649
fb: -0.07767 0.59635 -0.35304 0.35793
fb: -0.08340 0.59489 -0.35377 0.35866
target: 0.00000 0.52324
dist/lin/ang/drive_left/drive_right/tv_l/tv_r/av_l/av_r/x/y/theta/t_err: 1.61534 0.00000 4.00000 -0.67829 0.51149 -0.34392 0.33897 -0.34392 0.33897 0 0 87.44774 1.61534
fb: -0.07546 0.59454 -0.35394 0.35884
fb: -0.07369 0.59573 -0.35335 0.35824
target: 0.00000 0.52324
dist/lin/ang/drive_left/drive_right/tv_l/tv_r/av_l/av_r/x/y/theta/t_err: 1.52443 0.00000 4.00000 -0.66942 0.52203 -0.34375 0.33842 -0.34375 0.33842 0 0 92.65638 1.52443
fb: -0.07767 0.59698 -0.35272 0.35762
fb: -0.06023 0.59810 -0.35217 0.35706
target: 0.00000 0.52324
dist/lin/ang/drive_left/drive_right/tv_l/tv_r/av_l/av_r/x/y/theta/t_err: 1.43332 0.00000 4.00000 -0.65833 0.53786 -0.34392 0.33897 -0.34392 0.33897 0 0 97.87656 1.43332
fb: -0.05626 0.59949 -0.35147 0.35636
fb: -0.05803 0.60102 -0.35070 0.35560
target: 0.00000 0.52324
dist/lin/ang/drive_left/drive_right/tv_l/tv_r/av_l/av_r/x/y/theta/t_err: 1.34179 0.00000 4.00000 -0.65905 0.54299 -0.34375 0.33931 -0.34375 0.33931 0 0 103.12102 1.34179
fb: -0.05428 0.60116 -0.35063 0.35553
fb: -0.05825 0.60214 -0.35014 0.35504
target: 0.00000 0.52324
dist/lin/ang/drive_left/drive_right/tv_l/tv_r/av_l/av_r/x/y/theta/t_err: 1.24986 0.00000 4.00000 -0.66039 0.54389 -0.34358 0.33981 -0.34358 0.33981 0 0 108.38858 1.24986
fb: -0.05626 0.60437 -0.34903 0.35392
fb: -0.06972 0.60381 -0.34931 0.35420
target: 0.00000 0.52324
dist/lin/ang/drive_left/drive_right/tv_l/tv_r/av_l/av_r/x/y/theta/t_err: 1.15763 0.00000 4.00000 -0.67353 0.53409 -0.34272 0.33931 -0.34272 0.33931 0 0 113.67264 1.15763
fb: -0.08340 0.60193 -0.35025 0.35514
fb: -0.07767 0.60423 -0.34910 0.35399
target: 0.00000 0.52324
dist/lin/ang/drive_left/drive_right/tv_l/tv_r/av_l/av_r/x/y/theta/t_err: 1.06531 0.00000 4.00000 -0.68189 0.52656 -0.33844 0.33878 -0.33844 0.33878 0 0 118.96225 1.06531
fb: -0.07369 0.60472 -0.34886 0.35375
fb: -0.08142 0.60325 -0.34959 0.35448
target: 0.00000 0.52324
dist/lin/ang/drive_left/drive_right/tv_l/tv_r/av_l/av_r/x/y/theta/t_err: 0.97284 0.00000 4.00000 -0.68467 0.52184 -0.33758 0.33914 -0.33758 0.33914 0 0 124.26063 0.97284
fb: -0.07546 0.60332 -0.34955 0.35445
fb: -0.06972 0.60513 -0.34865 0.35354
target: 0.00000 0.52324
dist/lin/ang/drive_left/drive_right/tv_l/tv_r/av_l/av_r/x/y/theta/t_err: 0.88039 0.00000 4.00000 -0.67486 0.53541 -0.33536 0.33931 -0.33536 0.33931 0 0 129.55715 0.88039
fb: -0.06597 0.60423 -0.34910 0.35399
fb: -0.06023 0.60270 -0.34987 0.35476
target: 0.00000 0.52324
dist/lin/ang/drive_left/drive_right/tv_l/tv_r/av_l/av_r/x/y/theta/t_err: 0.78774 0.00000 4.00000 -0.66293 0.54246 -0.33572 0.33947 -0.33572 0.33947 0 0 134.86588 0.78774
fb: -0.06796 0.60597 -0.34823 0.35312
fb: -0.07568 0.60688 -0.34778 0.35267
target: 0.00000 0.52324
dist/lin/ang/drive_left/drive_right/tv_l/tv_r/av_l/av_r/x/y/theta/t_err: 0.69524 0.00000 4.00000 -0.68256 0.53120 -0.33536 0.33931 -0.33536 0.33931 0 0 140.16553 0.69524
fb: -0.07369 0.60374 -0.34934 0.35424
fb: -0.06575 0.60207 -0.35018 0.35507
target: 0.00000 0.52324
dist/lin/ang/drive_left/drive_right/tv_l/tv_r/av_l/av_r/x/y/theta/t_err: 0.60244 0.00000 4.00000 -0.66782 0.53632 -0.33669 0.33897 -0.33669 0.33897 0 0 145.48245 0.60244
fb: -0.06399 0.60060 -0.35091 0.35581
fb: -0.06023 0.59872 -0.35185 0.35675
target: 0.00000 0.52324
dist/lin/ang/drive_left/drive_right/tv_l/tv_r/av_l/av_r/x/y/theta/t_err: 0.51023 0.00000 4.00000 -0.65896 0.53849 -0.34275 0.33917 -0.34275 0.33917 0 0 150.76608 0.51023
fb: -0.05428 0.59977 -0.35133 0.35622
fb: -0.05626 0.59935 -0.35154 0.35643
target: 0.00000 0.46575
dist/lin/ang/drive_left/drive_right/tv_l/tv_r/av_l/av_r/x/y/theta/t_err: 0.41837 0.00000 3.56049 -0.65561 0.54309 -0.34444 0.33881 -0.34444 0.33881 0 0 156.02914 0.41837
fb: -0.05626 0.59733 0.05148 -0.05637
fb: -0.05428 0.60005 0.05284 -0.05773
target: 0.00000 0.33130
dist/lin/ang/drive_left/drive_right/tv_l/tv_r/av_l/av_r/x/y/theta/t_err: 0.32656 0.00000 2.53271 -0.65432 0.54577 -0.29414 0.33914 -0.29414 0.33914 0 0 161.28970 0.32656
fb: -0.06001 0.59865 0.55572 -0.56062
fb: -0.06796 0.58730 0.55004 -0.55494
target: 0.00000 0.19645
dist/lin/ang/drive_left/drive_right/tv_l/tv_r/av_l/av_r/x/y/theta/t_err: 0.23463 0.00000 1.50183 -0.65525 0.51934 0.04964 -0.06911 0.04964 -0.06911 0 0 166.55651 0.23463
fb: -0.07369 0.55678 0.69438 -0.69927
fb: -0.06774 0.49602 0.66400 -0.66890
target: 0.00000 0.07148
dist/lin/ang/drive_left/drive_right/tv_l/tv_r/av_l/av_r/x/y/theta/t_err: 0.14587 0.00000 0.54648 -0.56376 0.42828 0.37986 -0.37147 0.37986 -0.37147 0 0 171.64206 0.14587
fb: -0.04457 0.42342 0.72946 -0.73435
fb: -0.03310 0.35228 0.69389 -0.69878
target: 0.00000 -0.01060
dist/lin/ang/drive_left/drive_right/tv_l/tv_r/av_l/av_r/x/y/theta/t_err: 0.07275 0.00000 -0.08103 -0.38538 0.31918 0.36600 -0.38294 0.36600 -0.38294 0 0 175.83189 0.07275
fb: -0.02913 0.26944 0.55552 -0.56042
fb: -0.01920 0.18485 0.41550 -0.42040
target: 0.00000 -0.04914
dist/lin/ang/drive_left/drive_right/tv_l/tv_r/av_l/av_r/x/y/theta/t_err: 0.02198 0.00000 -0.37563 -0.20405 0.16565 0.39200 -0.39492 0.39200 -0.39492 0 0 178.74041 0.02198
fb: -0.01942 0.10396 0.24536 -0.25025
fb: -0.02913 0.02397 0.24536 -0.25025
target: 0.00000 -0.04537
dist/lin/ang/drive_left/drive_right/tv_l/tv_r/av_l/av_r/x/y/theta/t_err: -0.00331 0.00000 -0.34683 -0.05310 -0.00516 0.33125 -0.33792 0.33125 -0.33792 0 0 180.18942 -0.00331
fb: -0.03111 -0.04215 0.05247 -0.05736
fb: -0.02714 -0.08103 0.05247 -0.05736
target: 0.00000 -0.00875
dist/lin/ang/drive_left/drive_right/tv_l/tv_r/av_l/av_r/x/y/theta/t_err: -0.00458 0.00000 -0.06689 0.05389 -0.10817 0.24247 -0.20775 0.24247 -0.20775 0 0 180.26238 -0.00458
fb: -0.02118 -0.10012 -0.19795 0.20284
fb: -0.01942 -0.10173 -0.19795 0.20284
final error was 0.48266
position: 0.32136 -1.08558 179.51734
took 0.90000 time to finish turn
decreased to 135.00000
decreased to 90.00000
target: 0.00000 0.15697
dist/lin/ang/drive_left/drive_right/tv_l/tv_r/av_l/av_r/x/y/theta/t_err: 1.57080 0.00000 1.20000 0.00000 0.00000 -0.00050 0.00000 -0.00050 0.00000 0 0 0.00001 1.57080
fb: 0.00000 0.00000 -0.85057 0.85546
fb: 0.00000 0.00000 -0.85057 0.85546
target: 0.00000 0.31394
dist/lin/ang/drive_left/drive_right/tv_l/tv_r/av_l/av_r/x/y/theta/t_err: 1.57080 0.00000 2.40000 0.00000 0.00000 -0.09633 0.02978 -0.09633 0.02978 0 0 -0.00015 1.57080
fb: 0.00000 0.00000 -1.00000 1.00000
fb: 0.00772 0.00160 -1.00000 1.00000
target: 0.00000 0.47092
dist/lin/ang/drive_left/drive_right/tv_l/tv_r/av_l/av_r/x/y/theta/t_err: 1.57080 0.00000 3.60000 0.00612 0.00933 -0.50922 0.43856 -0.50922 0.43856 0 0 -0.00030 1.57080
fb: 0.00397 0.03867 -1.00000 1.00000
fb: 0.00397 0.10423 -1.00000 1.00000
target: 0.00000 0.52324
dist/lin/ang/drive_left/drive_right/tv_l/tv_r/av_l/av_r/x/y/theta/t_err: 1.56876 0.00000 4.00000 -0.10026 0.10821 -0.58842 0.45050 -0.58842 0.45050 0 0 0.11675 1.56876
fb: 0.01743 0.15823 -0.80755 0.81245
fb: 0.00971 0.21383 -0.77975 0.78465
target: 0.00000 0.52324
dist/lin/ang/drive_left/drive_right/tv_l/tv_r/av_l/av_r/x/y/theta/t_err: 1.55092 0.00000 4.00000 -0.20413 0.22354 -0.53936 0.55492 -0.53936 0.55492 0 0 1.13880 1.55092
fb: 0.00000 0.26762 -0.51740 0.52230
fb: 0.00000 0.30692 -0.49775 0.50265
target: 0.00000 0.52324
dist/lin/ang/drive_left/drive_right/tv_l/tv_r/av_l/av_r/x/y/theta/t_err: 1.51634 0.00000 4.00000 -0.30692 0.30692 -0.42008 0.35558 -0.42008 0.35558 0 0 3.11984 1.51634
fb: 0.00000 0.32762 -0.48741 0.49230
fb: 0.00000 0.34852 -0.47695 0.48185
target: 0.00000 0.52324
dist/lin/ang/drive_left/drive_right/tv_l/tv_r/av_l/av_r/x/y/theta/t_err: 1.46883 0.00000 4.00000 -0.34852 0.34852 -0.44233 0.44386 -0.44233 0.44386 0 0 5.84198 1.46883
fb: 0.00000 0.37667 -0.46288 0.46777
fb: -0.00199 0.40489 -0.44877 0.45366
target: 0.00000 0.52324
dist/lin/ang/drive_left/drive_right/tv_l/tv_r/av_l/av_r/x/y/theta/t_err: 1.41452 0.00000 4.00000 -0.40687 0.40290 -0.45581 0.45019 -0.45581 0.45019 0 0 8.95374 1.41452
fb: -0.00596 0.43784 -0.43229 0.43719
fb: -0.01169 0.46801 -0.41721 0.42210
target: 0.00000 0.52324
dist/lin/ang/drive_left/drive_right/tv_l/tv_r/av_l/av_r/x/y/theta/t_err: 1.35148 0.00000 4.00000 -0.47971 0.45632 -0.42881 0.43272 -0.42881 0.43272 0 0 12.56586 1.35148
fb: -0.01942 0.48982 -0.40630 0.41120
fb: -0.02317 0.50842 -0.39700 0.40190
target: 0.00000 0.52324
dist/lin/ang/drive_left/drive_right/tv_l/tv_r/av_l/av_r/x/y/theta/t_err: 1.27944 0.00000 4.00000 -0.53159 0.48526 -0.40553 0.40894 -0.40553 0.40894 0 0 16.69377 1.27944
fb: -0.02890 0.52536 -0.38854 0.39343
fb: -0.03310 0.53901 -0.38171 0.38660
target: 0.00000 0.52324
dist/lin/ang/drive_left/drive_right/tv_l/tv_r/av_l/av_r/x/y/theta/t_err: 1.20128 0.00000 4.00000 -0.57211 0.50591 -0.37900 0.39031 -0.37900 0.39031 0 0 21.17157 1.20128
fb: -0.03310 0.55100 -0.37572 0.38061
fb: -0.03089 0.56012 -0.37115 0.37605
target: 0.00000 0.52324
dist/lin/ang/drive_left/drive_right/tv_l/tv_r/av_l/av_r/x/y/theta/t_err: 1.11866 0.00000 4.00000 -0.59101 0.52923 -0.36736 0.36892 -0.36736 0.36892 0 0 25.90562 1.11866
fb: -0.02714 0.56737 -0.36753 0.37242
fb: -0.03310 0.57545 -0.36349 0.36838
target: 0.00000 0.52324
dist/lin/ang/drive_left/drive_right/tv_l/tv_r/av_l/av_r/x/y/theta/t_err: 1.03300 0.00000 4.00000 -0.60855 0.54236 -0.35847 0.36033 -0.35847 0.36033 0 0 30.81328 1.03300
fb: -0.03089 0.58082 -0.36081 0.36570
fb: -0.03486 0.58451 -0.35896 0.36385
target: 0.00000 0.52324
dist/lin/ang/drive_left/drive_right/tv_l/tv_r/av_l/av_r/x/y/theta/t_err: 0.94510 0.00000 4.00000 -0.61937 0.54965 -0.35114 0.34908 -0.35114 0.34908 0 0 35.84966 0.94510
fb: -0.04479 0.58925 -0.35659 0.36148
fb: -0.04082 0.59336 -0.35453 0.35943
target: 0.00000 0.52324
dist/lin/ang/drive_left/drive_right/tv_l/tv_r/av_l/av_r/x/y/theta/t_err: 0.85580 0.00000 4.00000 -0.63418 0.55254 -0.34464 0.34703 -0.34464 0.34703 0 0 40.96637 0.85580
fb: -0.04457 0.59545 -0.35349 0.35838
fb: -0.04633 0.59573 -0.35335 0.35824
target: 0.00000 0.52324
dist/lin/ang/drive_left/drive_right/tv_l/tv_r/av_l/av_r/x/y/theta/t_err: 0.76525 0.00000 4.00000 -0.64206 0.54939 -0.34308 0.34172 -0.34308 0.34172 0 0 46.15443 0.76525
fb: -0.04656 0.59824 -0.35210 0.35699
fb: -0.04656 0.60095 -0.35074 0.35563
target: 0.00000 0.52324
dist/lin/ang/drive_left/drive_right/tv_l/tv_r/av_l/av_r/x/y/theta/t_err: 0.67423 0.00000 4.00000 -0.64751 0.55440 -0.34342 0.33967 -0.34342 0.33967 0 0 51.36959 0.67423
fb: -0.04832 0.60005 -0.35119 0.35608
fb: -0.05428 0.59872 -0.35185 0.35675
target: 0.00000 0.52324
dist/lin/ang/drive_left/drive_right/tv_l/tv_r/av_l/av_r/x/y/theta/t_err: 0.58264 0.00000 4.00000 -0.65300 0.54445 -0.34444 0.33914 -0.34444 0.33914 0 0 56.61745 0.58264
fb: -0.04854 0.59865 -0.35189 0.35678
fb: -0.05450 0.59893 -0.35175 0.35664
target: 0.00000 0.52324
dist/lin/ang/drive_left/drive_right/tv_l/tv_r/av_l/av_r/x/y/theta/t_err: 0.49124 0.00000 4.00000 -0.65343 0.54443 -0.34394 0.33861 -0.34394 0.33861 0 0 61.85404 0.49124
fb: -0.06597 0.59608 -0.35318 0.35807
fb: -0.06200 0.59315 -0.35464 0.35953
target: 0.00000 0.43973
dist/lin/ang/drive_left/drive_right/tv_l/tv_r/av_l/av_r/x/y/theta/t_err: 0.39997 0.00000 3.36158 -0.65515 0.53115 -0.34408 0.33881 -0.34408 0.33881 0 0 67.08347 0.39997
fb: -0.05626 0.59475 0.19772 -0.20261
fb: -0.05428 0.59517 0.19793 -0.20282
target: 0.00000 0.30776
dist/lin/ang/drive_left/drive_right/tv_l/tv_r/av_l/av_r/x/y/theta/t_err: 0.30927 0.00000 2.35272 -0.64945 0.54089 -0.23853 0.28489 -0.23853 0.28489 0 0 72.28023 0.30927
fb: -0.04854 0.59259 0.56910 -0.57400
fb: -0.04457 0.58423 0.56492 -0.56982
target: 0.00000 0.17478
dist/lin/ang/drive_left/drive_right/tv_l/tv_r/av_l/av_r/x/y/theta/t_err: 0.21854 0.00000 1.33614 -0.62880 0.53966 0.16786 -0.20839 0.16786 -0.20839 0 0 77.47879 0.21854
fb: -0.06575 0.56472 0.71530 -0.72019
fb: -0.07568 0.50292 0.68439 -0.68929
target: 0.00000 0.04872
dist/lin/ang/drive_left/drive_right/tv_l/tv_r/av_l/av_r/x/y/theta/t_err: 0.13004 0.00000 0.37248 -0.57860 0.42724 0.40331 -0.33503 0.40331 -0.33503 0 0 82.54898 0.13004
fb: -0.06796 0.42628 0.76241 -0.76730
fb: -0.07745 0.35528 0.72691 -0.73180
target: 0.00000 -0.03582
dist/lin/ang/drive_left/drive_right/tv_l/tv_r/av_l/av_r/x/y/theta/t_err: 0.05626 0.00000 -0.27385 -0.43272 0.27783 0.38089 -0.31775 0.38089 -0.31775 0 0 86.77677 0.05626
fb: -0.06973 0.26672 0.59475 -0.59964
fb: -0.03884 0.17510 0.44348 -0.44837
target: 0.00000 -0.07304
dist/lin/ang/drive_left/drive_right/tv_l/tv_r/av_l/av_r/x/y/theta/t_err: 0.00558 0.00000 -0.55835 -0.21393 0.13626 0.29928 -0.33211 0.29928 -0.33211 0 0 89.68045 0.00558
fb: -0.01942 0.08591 0.25543 -0.26032
fb: -0.02714 0.00989 0.25543 -0.26032
target: 0.00000 -0.06354
dist/lin/ang/drive_left/drive_right/tv_l/tv_r/av_l/av_r/x/y/theta/t_err: -0.01780 0.00000 -0.48573 -0.03704 -0.01725 0.22297 -0.20361 0.22297 -0.20361 0 0 91.01986 -0.01780
fb: -0.03884 -0.04438 -0.03920 0.04410
fb: -0.03884 -0.07295 -0.03920 0.04410
target: 0.00000 -0.02509
dist/lin/ang/drive_left/drive_right/tv_l/tv_r/av_l/av_r/x/y/theta/t_err: -0.01748 0.00000 -0.19177 0.03411 -0.11179 0.17639 -0.14508 0.17639 -0.14508 0 0 91.00133 -0.01748
fb: -0.04259 -0.09539 -0.19525 0.20014
fb: -0.04656 -0.09741 -0.19525 0.20014
final error was -0.31382
position: -0.26818 -0.54712 90.31382
took 0.56000 time to finish turn
target: 0.00000 0.15697
dist/lin/ang/drive_left/drive_right/tv_l/tv_r/av_l/av_r/x/y/theta/t_err: 1.57080 0.00000 1.20000 0.00000 0.00000 -0.00017 -0.00017 -0.00017 -0.00017 0 0 -0.00001 1.57080
fb: 0.00000 0.00000 -0.85057 0.85546
fb: 0.00000 0.00000 -0.85057 0.85546
target: 0.00000 0.31394
dist/lin/ang/drive_left/drive_right/tv_l/tv_r/av_l/av_r/x/y/theta/t_err: 1.57079 0.00000 2.40000 0.00000 0.00000 -0.06108 0.09772 -0.06108 0.09772 0 0 0.00029 1.57079
fb: 0.00000 0.00000 -1.00000 1.00000
fb: 0.00000 0.01407 -1.00000 1.00000
target: 0.00000 0.47092
dist/lin/ang/drive_left/drive_right/tv_l/tv_r/av_l/av_r/x/y/theta/t_err: 1.57079 0.00000 3.60000 -0.01407 0.01407 -0.45172 0.40639 -0.45172 0.40639 0 0 0.00064 1.57079
fb: 0.00772 0.06347 -1.00000 1.00000
fb: 0.01169 0.11420 -1.00000 1.00000
target: 0.00000 0.52324
dist/lin/ang/drive_left/drive_right/tv_l/tv_r/av_l/av_r/x/y/theta/t_err: 1.56644 0.00000 4.00000 -0.10250 0.12589 -0.65278 0.31228 -0.65278 0.31228 0 0 0.24968 1.56644
fb: 0.00397 0.15524 -0.80905 0.81395
fb: 0.00000 0.21390 -0.77972 0.78461
target: 0.00000 0.52324
dist/lin/ang/drive_left/drive_right/tv_l/tv_r/av_l/av_r/x/y/theta/t_err: 1.54758 0.00000 4.00000 -0.21390 0.21390 -0.60317 0.43308 -0.60317 0.43308 0 0 1.33016 1.54758
fb: 0.00000 0.27048 -0.51597 0.52087
fb: 0.00000 0.30197 -0.50023 0.50512
target: 0.00000 0.52324
dist/lin/ang/drive_left/drive_right/tv_l/tv_r/av_l/av_r/x/y/theta/t_err: 1.51285 0.00000 4.00000 -0.30197 0.30197 -0.45703 0.41117 -0.45703 0.41117 0 0 3.32031 1.51285
fb: -0.01743 0.32908 -0.48667 0.49157
fb: -0.02913 0.36399 -0.46922 0.47411
target: 0.00000 0.52324
dist/lin/ang/drive_left/drive_right/tv_l/tv_r/av_l/av_r/x/y/theta/t_err: 1.46568 0.00000 4.00000 -0.39311 0.33486 -0.46028 0.45772 -0.46028 0.45772 0 0 6.02249 1.46568
fb: -0.02913 0.39729 -0.45257 0.45746
fb: -0.03883 0.42927 -0.43658 0.44147
target: 0.00000 0.52324
dist/lin/ang/drive_left/drive_right/tv_l/tv_r/av_l/av_r/x/y/theta/t_err: 1.40902 0.00000 4.00000 -0.46811 0.39044 -0.44453 0.44144 -0.44453 0.44144 0 0 9.26924 1.40902
fb: -0.05251 0.45470 -0.42386 0.42876
fb: -0.05627 0.47512 -0.41365 0.41855
target: 0.00000 0.52324
dist/lin/ang/drive_left/drive_right/tv_l/tv_r/av_l/av_r/x/y/theta/t_err: 1.34267 0.00000 4.00000 -0.53138 0.41885 -0.41767 0.41856 -0.41767 0.41856 0 0 13.07092 1.34267
fb: -0.04634 0.49512 -0.40366 0.40855
fb: -0.03486 0.51581 -0.39331 0.39820
target: 0.00000 0.52324
dist/lin/ang/drive_left/drive_right/tv_l/tv_r/av_l/av_r/x/y/theta/t_err: 1.26946 0.00000 4.00000 -0.55067 0.48095 -0.40106 0.39628 -0.40106 0.39628 0 0 17.26509 1.26946
fb: -0.02537 0.52926 -0.38659 0.39148
fb: -0.02714 0.54034 -0.38105 0.38594
target: 0.00000 0.52324
dist/lin/ang/drive_left/drive_right/tv_l/tv_r/av_l/av_r/x/y/theta/t_err: 1.19043 0.00000 4.00000 -0.56747 0.51320 -0.37867 0.37661 -0.37867 0.37661 0 0 21.79318 1.19043
fb: -0.02317 0.55246 -0.37498 0.37988
fb: -0.02317 0.56319 -0.36962 0.37451
target: 0.00000 0.52324
dist/lin/ang/drive_left/drive_right/tv_l/tv_r/av_l/av_r/x/y/theta/t_err: 1.10761 0.00000 4.00000 -0.58636 0.54002 -0.36600 0.36600 -0.36600 0.36600 0 0 26.53841 1.10761
fb: -0.03310 0.56911 -0.36666 0.37155
fb: -0.04082 0.57078 -0.36582 0.37072
target: 0.00000 0.52324
dist/lin/ang/drive_left/drive_right/tv_l/tv_r/av_l/av_r/x/y/theta/t_err: 1.02159 0.00000 4.00000 -0.61160 0.52996 -0.35214 0.35864 -0.35214 0.35864 0 0 31.46700 1.02159
fb: -0.04656 0.57580 -0.36331 0.36821
fb: -0.05428 0.58137 -0.36053 0.36542
target: 0.00000 0.52324
dist/lin/ang/drive_left/drive_right/tv_l/tv_r/av_l/av_r/x/y/theta/t_err: 0.93433 0.00000 4.00000 -0.63565 0.52710 -0.35114 0.35522 -0.35114 0.35522 0 0 36.46698 0.93433
fb: -0.06001 0.58416 -0.35913 0.36403
fb: -0.05428 0.58597 -0.35823 0.36312
target: 0.00000 0.52324
dist/lin/ang/drive_left/drive_right/tv_l/tv_r/av_l/av_r/x/y/theta/t_err: 0.84560 0.00000 4.00000 -0.64025 0.53170 -0.34822 0.34719 -0.34822 0.34719 0 0 41.55066 0.84560
fb: -0.04457 0.58758 -0.35743 0.36232
fb: -0.03883 0.58890 -0.35676 0.36166
target: 0.00000 0.52324
dist/lin/ang/drive_left/drive_right/tv_l/tv_r/av_l/av_r/x/y/theta/t_err: 0.75617 0.00000 4.00000 -0.62773 0.55007 -0.34322 0.34650 -0.34322 0.34650 0 0 46.67440 0.75617
fb: -0.03486 0.58932 -0.35656 0.36145
fb: -0.04082 0.58987 -0.35628 0.36117
target: 0.00000 0.52324
dist/lin/ang/drive_left/drive_right/tv_l/tv_r/av_l/av_r/x/y/theta/t_err: 0.66633 0.00000 4.00000 -0.63069 0.54906 -0.34292 0.34683 -0.34292 0.34683 0 0 51.82232 0.66633
fb: -0.05428 0.59141 -0.35551 0.36040
fb: -0.07171 0.59308 -0.35467 0.35957
target: 0.00000 0.52324
dist/lin/ang/drive_left/drive_right/tv_l/tv_r/av_l/av_r/x/y/theta/t_err: 0.57628 0.00000 4.00000 -0.66479 0.52137 -0.34375 0.34683 -0.34375 0.34683 0 0 56.98177 0.57628
fb: -0.08340 0.59489 -0.35377 0.35866
fb: -0.07744 0.59677 -0.35283 0.35772
target: 0.00000 0.52324
dist/lin/ang/drive_left/drive_right/tv_l/tv_r/av_l/av_r/x/y/theta/t_err: 0.48570 0.00000 4.00000 -0.67422 0.51933 -0.34411 0.34053 -0.34411 0.34053 0 0 62.17160 0.48570
fb: -0.08340 0.59740 -0.35251 0.35741
fb: -0.09708 0.59768 -0.35237 0.35727
target: 0.00000 0.43219
dist/lin/ang/drive_left/drive_right/tv_l/tv_r/av_l/av_r/x/y/theta/t_err: 0.39462 0.00000 3.30394 -0.69476 0.50060 -0.34375 0.33878 -0.34375 0.33878 0 0 67.39020 0.39462
fb: -0.09907 0.59810 0.24214 -0.24703
fb: -0.09488 0.59761 0.24190 -0.24679
target: 0.00000 0.29816
dist/lin/ang/drive_left/drive_right/tv_l/tv_r/av_l/av_r/x/y/theta/t_err: 0.30334 0.00000 2.27934 -0.69248 0.50273 -0.24044 0.27944 -0.24044 0.27944 0 0 72.61976 0.30334
fb: -0.10260 0.59461 0.59061 -0.59550
fb: -0.08539 0.58653 0.58657 -0.59146
target: 0.00000 0.16490
dist/lin/ang/drive_left/drive_right/tv_l/tv_r/av_l/av_r/x/y/theta/t_err: 0.21222 0.00000 1.26058 -0.67192 0.50114 0.21800 -0.13569 0.21800 -0.13569 0 0 77.84079 0.21222
fb: -0.02912 0.55002 0.72079 -0.72569
fb: 0.00000 0.46920 0.68038 -0.68528
target: 0.00000 0.04102
dist/lin/ang/drive_left/drive_right/tv_l/tv_r/av_l/av_r/x/y/theta/t_err: 0.12423 0.00000 0.31355 -0.46920 0.46920 0.25597 -0.38894 0.25597 -0.38894 0 0 82.88206 0.12423
fb: 0.00000 0.38120 0.73909 -0.74399
fb: -0.15512 0.29166 0.56900 -0.57390
target: 0.00000 -0.02737
dist/lin/ang/drive_left/drive_right/tv_l/tv_r/av_l/av_r/x/y/theta/t_err: 0.05598 0.00000 -0.20921 -0.44678 0.13654 0.28592 -0.39061 0.28592 -0.39061 0 0 86.79284 0.05598
fb: -0.18050 0.20171 0.45533 -0.27973
fb: -0.04082 0.11092 0.36508 -0.36997
target: 0.00000 -0.04452
dist/lin/ang/drive_left/drive_right/tv_l/tv_r/av_l/av_r/x/y/theta/t_err: 0.01473 0.00000 -0.34034 -0.15175 0.07010 0.26114 -0.36769 0.26114 -0.36769 0 0 89.15619 0.01473
fb: -0.03862 0.02926 0.14604 -0.15094
fb: -0.03486 -0.03742 0.14604 -0.15094
target: 0.00000 -0.02129
dist/lin/ang/drive_left/drive_right/tv_l/tv_r/av_l/av_r/x/y/theta/t_err: 0.00075 0.00000 -0.16272 0.00255 -0.07228 0.25256 -0.27531 0.25256 -0.27531 0 0 89.95679 0.00075
fb: -0.01567 -0.07908 -0.12932 0.13421
fb: -0.00772 -0.09762 -0.12932 0.13421
target: 0.00000 0.02273
dist/lin/ang/drive_left/drive_right/tv_l/tv_r/av_l/av_r/x/y/theta/t_err: 0.00780 0.00000 0.17376 0.08989 -0.10534 0.08775 -0.10047 0.08775 -0.10047 0 0 89.55288 0.00780
fb: -0.00772 -0.10333 -0.25232 0.25721
fb: -0.01169 -0.09796 -0.25232 0.25721
final error was 1.30703
position: -0.41508 -0.65945 88.69297
took 0.56000 time to finish turn
target: 0.00000 0.15697
dist/lin/ang/drive_left/drive_right/tv_l/tv_r/av_l/av_r/x/y/theta/t_err: 1.57080 0.00000 1.20000 0.00000 0.00000 -0.00033 -0.00000 -0.00033 -0.00000 0 0 -0.00011 1.57080
fb: 0.00000 0.00000 -0.85057 0.85546
fb: 0.00000 0.00000 -0.85057 0.85546
target: 0.00000 0.31394
dist/lin/ang/drive_left/drive_right/tv_l/tv_r/av_l/av_r/x/y/theta/t_err: 1.57080 0.00000 2.40000 0.00000 0.00000 -0.11156 0.08608 -0.11156 0.08608 0 0 -0.00006 1.57080
fb: 0.00000 0.00000 -1.00000 1.00000
fb: 0.01346 0.01129 -1.00000 1.00000
target: 0.00000 0.47092
dist/lin/ang/drive_left/drive_right/tv_l/tv_r/av_l/av_r/x/y/theta/t_err: 1.57080 0.00000 3.60000 0.00217 0.02475 -0.52958 0.41153 -0.52958 0.41153 0 0 -0.00004 1.57080
fb: 0.01743 0.07225 -1.00000 1.00000
fb: 0.01169 0.12730 -1.00000 1.00000
target: 0.00000 0.52324
dist/lin/ang/drive_left/drive_right/tv_l/tv_r/av_l/av_r/x/y/theta/t_err: 1.56593 0.00000 4.00000 -0.11560 0.13899 -0.69592 0.43667 -0.69592 0.43667 0 0 0.27863 1.56593
fb: 0.01346 0.17795 -0.79770 0.80259
fb: 0.00574 0.23021 -0.77157 0.77646
target: 0.00000 0.52324
dist/lin/ang/drive_left/drive_right/tv_l/tv_r/av_l/av_r/x/y/theta/t_err: 1.54461 0.00000 4.00000 -0.22447 0.23595 -0.55422 0.45089 -0.55422 0.45089 0 0 1.50024 1.54461
fb: 0.00199 0.28706 -0.50768 0.51258
fb: 0.00199 0.32406 -0.48918 0.49408
target: 0.00000 0.52324
dist/lin/ang/drive_left/drive_right/tv_l/tv_r/av_l/av_r/x/y/theta/t_err: 1.50724 0.00000 4.00000 -0.32208 0.32605 -0.45411 0.41989 -0.45411 0.41989 0 0 3.64136 1.50724
fb: 0.00000 0.35939 -0.47152 0.47641
fb: 0.00199 0.38524 -0.45860 0.46349
target: 0.00000 0.52324
dist/lin/ang/drive_left/drive_right/tv_l/tv_r/av_l/av_r/x/y/theta/t_err: 1.45645 0.00000 4.00000 -0.38325 0.38722 -0.43189 0.44353 -0.43189 0.44353 0 0 6.55138 1.45645
fb: 0.00199 0.41081 -0.44581 0.45070
fb: -0.01368 0.44300 -0.42971 0.43461
target: 0.00000 0.52324
dist/lin/ang/drive_left/drive_right/tv_l/tv_r/av_l/av_r/x/y/theta/t_err: 1.39684 0.00000 4.00000 -0.45668 0.42932 -0.43411 0.43806 -0.43411 0.43806 0 0 9.96670 1.39684
fb: -0.02913 0.47164 -0.41540 0.42029
fb: -0.03089 0.49275 -0.40484 0.40973
target: 0.00000 0.52324
dist/lin/ang/drive_left/drive_right/tv_l/tv_r/av_l/av_r/x/y/theta/t_err: 1.32823 0.00000 4.00000 -0.52364 0.46186 -0.41014 0.41478 -0.41014 0.41478 0 0 13.89777 1.32823
fb: -0.03089 0.50689 -0.39777 0.40266
fb: -0.03685 0.52159 -0.39042 0.39531
target: 0.00000 0.52324
dist/lin/ang/drive_left/drive_right/tv_l/tv_r/av_l/av_r/x/y/theta/t_err: 1.25266 0.00000 4.00000 -0.55844 0.48474 -0.39594 0.39508 -0.39594 0.39508 0 0 18.22789 1.25266
fb: -0.04479 0.53685 -0.38279 0.38768
fb: -0.03883 0.55162 -0.37540 0.38030
target: 0.00000 0.52324
dist/lin/ang/drive_left/drive_right/tv_l/tv_r/av_l/av_r/x/y/theta/t_err: 1.17258 0.00000 4.00000 -0.59046 0.51279 -0.37781 0.37456 -0.37781 0.37456 0 0 22.81627 1.17258
fb: -0.02317 0.56228 -0.37007 0.37497
fb: -0.01544 0.56869 -0.36687 0.37176
target: 0.00000 0.52324
dist/lin/ang/drive_left/drive_right/tv_l/tv_r/av_l/av_r/x/y/theta/t_err: 1.08810 0.00000 4.00000 -0.58414 0.55325 -0.36361 0.36431 -0.36361 0.36431 0 0 27.65658 1.08810
fb: -0.02339 0.57482 -0.36380 0.36870
fb: -0.03486 0.58130 -0.36056 0.36546
target: 0.00000 0.52324
dist/lin/ang/drive_left/drive_right/tv_l/tv_r/av_l/av_r/x/y/theta/t_err: 1.00118 0.00000 4.00000 -0.61617 0.54644 -0.35164 0.35436 -0.35164 0.35436 0 0 32.63635 1.00118
fb: -0.04060 0.58200 -0.36021 0.36511
fb: -0.04280 0.58158 -0.36042 0.36532
target: 0.00000 0.52324
dist/lin/ang/drive_left/drive_right/tv_l/tv_r/av_l/av_r/x/y/theta/t_err: 0.91262 0.00000 4.00000 -0.62439 0.53878 -0.35061 0.34683 -0.35061 0.34683 0 0 37.71057 0.91262
fb: -0.05229 0.58486 -0.35878 0.36368
fb: -0.06774 0.58744 -0.35750 0.36239
target: 0.00000 0.52324
dist/lin/ang/drive_left/drive_right/tv_l/tv_r/av_l/av_r/x/y/theta/t_err: 0.82376 0.00000 4.00000 -0.65517 0.51970 -0.34803 0.34600 -0.34803 0.34600 0 0 42.80217 0.82376
fb: -0.05825 0.58869 -0.35687 0.36176
fb: -0.04082 0.59043 -0.35600 0.36089
target: 0.00000 0.52324
dist/lin/ang/drive_left/drive_right/tv_l/tv_r/av_l/av_r/x/y/theta/t_err: 0.73414 0.00000 4.00000 -0.63125 0.54961 -0.34306 0.34650 -0.34306 0.34650 0 0 47.93711 0.73414
fb: -0.03685 0.59343 -0.35450 0.35939
fb: -0.03288 0.59454 -0.35394 0.35884
target: 0.00000 0.52324
dist/lin/ang/drive_left/drive_right/tv_l/tv_r/av_l/av_r/x/y/theta/t_err: 0.64396 0.00000 4.00000 -0.62742 0.56167 -0.34292 0.34461 -0.34292 0.34461 0 0 53.10408 0.64396
fb: -0.03685 0.59635 -0.35304 0.35793
fb: -0.05053 0.59865 -0.35189 0.35678
target: 0.00000 0.52324
dist/lin/ang/drive_left/drive_right/tv_l/tv_r/av_l/av_r/x/y/theta/t_err: 0.55316 0.00000 4.00000 -0.64918 0.54813 -0.34342 0.33917 -0.34342 0.33917 0 0 58.30620 0.55316
fb: -0.05825 0.59740 -0.35251 0.35741
fb: -0.06796 0.59712 -0.35265 0.35755
target: 0.00000 0.52324
dist/lin/ang/drive_left/drive_right/tv_l/tv_r/av_l/av_r/x/y/theta/t_err: 0.46190 0.00000 4.00000 -0.66508 0.52916 -0.34378 0.33878 -0.34378 0.33878 0 0 63.53500 0.46190
fb: -0.07568 0.60074 -0.35084 0.35574
fb: -0.07546 0.60263 -0.34990 0.35479
target: 0.00000 0.39650
dist/lin/ang/drive_left/drive_right/tv_l/tv_r/av_l/av_r/x/y/theta/t_err: 0.37055 0.00000 3.03110 -0.67808 0.52717 -0.34375 0.33842 -0.34375 0.33842 0 0 68.76907 0.37055
fb: -0.06972 0.60130 0.44611 -0.45100
fb: -0.05825 0.60207 0.44649 -0.45139
target: 0.00000 0.26088
dist/lin/ang/drive_left/drive_right/tv_l/tv_r/av_l/av_r/x/y/theta/t_err: 0.27862 0.00000 1.99432 -0.66032 0.54382 -0.19114 0.23631 -0.19114 0.23631 0 0 74.03645 0.27862
fb: -0.05031 0.60033 0.64425 -0.64915
fb: -0.05229 0.58876 0.63847 -0.64336
target: 0.00000 0.12635
dist/lin/ang/drive_left/drive_right/tv_l/tv_r/av_l/av_r/x/y/theta/t_err: 0.18674 0.00000 0.96591 -0.64105 0.53647 0.26986 -0.25650 0.26986 -0.25650 0 0 79.30080 0.18674
fb: -0.06994 0.53281 0.76296 -0.76786
fb: -0.06796 0.44788 0.72050 -0.72539
target: 0.00000 0.00564
dist/lin/ang/drive_left/drive_right/tv_l/tv_r/av_l/av_r/x/y/theta/t_err: 0.09939 0.00000 0.04312 -0.51583 0.37992 0.28472 -0.47722 0.28472 -0.47722 0 0 84.30551 0.09939
fb: -0.05229 0.36615 0.75870 -0.76359
fb: -0.05031 0.26735 0.70930 -0.71419
target: 0.00000 -0.05519
dist/lin/ang/drive_left/drive_right/tv_l/tv_r/av_l/av_r/x/y/theta/t_err: 0.03393 0.00000 -0.42190 -0.31765 0.21704 0.29344 -0.32764 0.29344 -0.32764 0 0 88.05610 0.03393
fb: -0.03884 0.18074 0.34973 -0.35463
fb: -0.02913 0.09776 0.34973 -0.35463
target: 0.00000 -0.06626
dist/lin/ang/drive_left/drive_right/tv_l/tv_r/av_l/av_r/x/y/theta/t_err: -0.00388 0.00000 -0.50656 -0.12688 0.06863 0.28608 -0.35094 0.28608 -0.35094 0 0 90.22222 -0.00388
fb: -0.02317 0.01986 0.13325 -0.13815
fb: -0.01567 -0.04306 0.13325 -0.13815
target: 0.00000 -0.04222
dist/lin/ang/drive_left/drive_right/tv_l/tv_r/av_l/av_r/x/y/theta/t_err: -0.01579 0.00000 -0.32274 0.02739 -0.05873 0.27067 -0.29261 0.27067 -0.29261 0 0 90.90464 -0.01579
fb: -0.01169 -0.08403 -0.11894 0.12384
fb: -0.01147 -0.10012 -0.11894 0.12384
target: 0.00000 0.00114
dist/lin/ang/drive_left/drive_right/tv_l/tv_r/av_l/av_r/x/y/theta/t_err: -0.00788 0.00000 0.00868 0.08865 -0.11160 0.08453 -0.11722 0.08453 -0.11722 0 0 90.45136 -0.00788
fb: -0.01169 -0.10005 -0.23487 0.23977
fb: -0.01743 -0.09232 -0.23487 0.23977
final error was 0.41640
position: -0.29205 -0.51231 89.58360
took 0.56000 time to finish turn
target: 0.00000 0.15697
dist/lin/ang/drive_left/drive_right/tv_l/tv_r/av_l/av_r/x/y/theta/t_err: 1.57080 0.00000 1.20000 0.00000 0.00000 -0.00017 -0.00033 -0.00017 -0.00033 0 0 -0.00013 1.57080
fb: 0.00000 0.00000 -0.85057 0.85546
fb: 0.00000 0.00000 -0.85057 0.85546
target: 0.00000 0.31394
dist/lin/ang/drive_left/drive_right/tv_l/tv_r/av_l/av_r/x/y/theta/t_err: 1.57080 0.00000 2.40000 0.00000 0.00000 -0.06828 0.02892 -0.06828 0.02892 0 0 -0.00020 1.57080
fb: -0.02161 0.00000 -1.00000 1.00000
fb: -0.05403 0.01972 -1.00000 1.00000
target: 0.00000 0.47092
dist/lin/ang/drive_left/drive_right/tv_l/tv_r/av_l/av_r/x/y/theta/t_err: 1.57079 0.00000 3.60000 -0.07375 -0.03431 -0.43856 0.46833 -0.43856 0.46833 0 0 0.00016 1.57079
fb: -0.14588 0.07755 -1.00000 1.00000
fb: -0.22152 0.12911 -1.00000 1.00000
target: 0.00000 0.52324
dist/lin/ang/drive_left/drive_right/tv_l/tv_r/av_l/av_r/x/y/theta/t_err: 1.56508 0.00000 4.00000 -0.35063 -0.09241 -0.60844 0.30883 -0.60844 0.30883 0 0 0.32742 1.56508
fb: -0.19450 0.17377 -0.70253 0.90193
fb: -0.11346 0.22101 -0.77617 0.78106
target: 0.00000 0.52324
dist/lin/ang/drive_left/drive_right/tv_l/tv_r/av_l/av_r/x/y/theta/t_err: 1.54381 0.00000 4.00000 -0.33447 0.10755 -0.59117 0.51519 -0.59117 0.51519 0 0 1.54597 1.54381
fb: -0.04863 0.27438 -0.51402 0.51892
fb: -0.04322 0.30845 -0.49699 0.50188
target: 0.00000 0.52324
dist/lin/ang/drive_left/drive_right/tv_l/tv_r/av_l/av_r/x/y/theta/t_err: 1.50798 0.00000 4.00000 -0.35168 0.26523 -0.41444 0.36394 -0.41444 0.36394 0 0 3.59898 1.50798
fb: -0.00000 0.33591 -0.48326 0.48815
fb: 0.00540 0.36315 -0.46964 0.47453
target: 0.00000 0.52324
dist/lin/ang/drive_left/drive_right/tv_l/tv_r/av_l/av_r/x/y/theta/t_err: 1.46000 0.00000 4.00000 -0.35775 0.36855 -0.45019 0.45069 -0.45019 0.45069 0 0 6.34819 1.46000
fb: -0.01081 0.39924 -0.45159 0.45649
fb: -0.01621 0.43324 -0.43459 0.43949
target: 0.00000 0.52324
dist/lin/ang/drive_left/drive_right/tv_l/tv_r/av_l/av_r/x/y/theta/t_err: 1.40324 0.00000 4.00000 -0.44945 0.41704 -0.44506 0.44436 -0.44506 0.44436 0 0 9.60049 1.40324
fb: -0.02161 0.46153 -0.42045 0.42534
fb: -0.02161 0.48432 -0.40906 0.41395
target: 0.00000 0.52324
dist/lin/ang/drive_left/drive_right/tv_l/tv_r/av_l/av_r/x/y/theta/t_err: 1.33617 0.00000 4.00000 -0.50593 0.46271 -0.41919 0.41664 -0.41919 0.41664 0 0 13.44310 1.33617
fb: -0.04862 0.50313 -0.39965 0.40454
fb: -0.06483 0.52131 -0.39056 0.39545
target: 0.00000 0.52324
dist/lin/ang/drive_left/drive_right/tv_l/tv_r/av_l/av_r/x/y/theta/t_err: 1.26169 0.00000 4.00000 -0.58614 0.45648 -0.39647 0.40022 -0.39647 0.40022 0 0 17.71058 1.26169
fb: -0.04862 0.53448 -0.38397 0.38887
fb: -0.03242 0.54507 -0.37868 0.38357
target: 0.00000 0.52324
dist/lin/ang/drive_left/drive_right/tv_l/tv_r/av_l/av_r/x/y/theta/t_err: 1.18177 0.00000 4.00000 -0.57749 0.51266 -0.37797 0.37833 -0.37797 0.37833 0 0 22.28978 1.18177
fb: -0.02701 0.55420 -0.37411 0.37901
fb: 0.00540 0.56298 -0.36972 0.37462
target: 0.00000 0.52324
dist/lin/ang/drive_left/drive_right/tv_l/tv_r/av_l/av_r/x/y/theta/t_err: 1.09834 0.00000 4.00000 -0.55758 0.56838 -0.36328 0.36358 -0.36328 0.36358 0 0 27.06960 1.09834
fb: 0.00000 0.56918 -0.36662 0.37152
fb: -0.02701 0.57406 -0.36418 0.36908
target: 0.00000 0.52324
dist/lin/ang/drive_left/drive_right/tv_l/tv_r/av_l/av_r/x/y/theta/t_err: 1.01232 0.00000 4.00000 -0.60107 0.54705 -0.35214 0.35897 -0.35214 0.35897 0 0 31.99857 1.01232
fb: -0.03782 0.58158 -0.36042 0.36532
fb: -0.03782 0.58904 -0.35669 0.36159
target: 0.00000 0.52324
dist/lin/ang/drive_left/drive_right/tv_l/tv_r/av_l/av_r/x/y/theta/t_err: 0.92447 0.00000 4.00000 -0.62686 0.55122 -0.35044 0.34803 -0.35044 0.34803 0 0 37.03173 0.92447
fb: -0.04862 0.59190 -0.35527 0.36016
fb: -0.05402 0.59392 -0.35426 0.35915
target: 0.00000 0.52324
dist/lin/ang/drive_left/drive_right/tv_l/tv_r/av_l/av_r/x/y/theta/t_err: 0.83459 0.00000 4.00000 -0.64794 0.53989 -0.34458 0.34669 -0.34458 0.34669 0 0 42.18134 0.83459
fb: -0.04322 0.59545 -0.35349 0.35838
fb: -0.05402 0.59559 -0.35342 0.35831
target: 0.00000 0.52324
dist/lin/ang/drive_left/drive_right/tv_l/tv_r/av_l/av_r/x/y/theta/t_err: 0.74396 0.00000 4.00000 -0.64961 0.54156 -0.34289 0.34000 -0.34289 0.34000 0 0 47.37445 0.74396
fb: -0.03782 0.59413 -0.35415 0.35904
fb: -0.05943 0.59705 -0.35269 0.35758
target: 0.00000 0.52324
dist/lin/ang/drive_left/drive_right/tv_l/tv_r/av_l/av_r/x/y/theta/t_err: 0.65316 0.00000 4.00000 -0.65648 0.53762 -0.34342 0.33858 -0.34342 0.33858 0 0 52.57649 0.65316
fb: -0.08104 0.60130 -0.35056 0.35546
fb: -0.06483 0.60200 -0.35021 0.35511
target: 0.00000 0.52324
dist/lin/ang/drive_left/drive_right/tv_l/tv_r/av_l/av_r/x/y/theta/t_err: 0.56188 0.00000 4.00000 -0.66683 0.53717 -0.34308 0.33792 -0.34308 0.33792 0 0 57.80668 0.56188
fb: -0.03782 0.60235 -0.35004 0.35493
fb: -0.04322 0.60339 -0.34952 0.35441
target: 0.00000 0.52324
dist/lin/ang/drive_left/drive_right/tv_l/tv_r/av_l/av_r/x/y/theta/t_err: 0.47000 0.00000 4.00000 -0.64661 0.56017 -0.34392 0.33858 -0.34392 0.33858 0 0 63.07095 0.47000
fb: -0.08104 0.60297 -0.34973 0.35462
fb: -0.07563 0.60102 -0.35070 0.35560
target: 0.00000 0.40607
dist/lin/ang/drive_left/drive_right/tv_l/tv_r/av_l/av_r/x/y/theta/t_err: 0.37790 0.00000 3.10431 -0.67666 0.52539 -0.33772 0.33881 -0.33772 0.33881 0 0 68.34777 0.37790
fb: -0.03241 0.60214 0.39223 -0.39712
fb: -0.06483 0.60151 0.39191 -0.39681
target: 0.00000 0.27187
dist/lin/ang/drive_left/drive_right/tv_l/tv_r/av_l/av_r/x/y/theta/t_err: 0.28604 0.00000 2.07833 -0.66634 0.53668 -0.29275 0.17711 -0.29275 0.17711 0 0 73.61112 0.28604
fb: -0.15127 0.59461 0.62219 -0.62708
fb: -0.12966 0.58103 0.61539 -0.62029
target: 0.00000 0.13809
dist/lin/ang/drive_left/drive_right/tv_l/tv_r/av_l/av_r/x/y/theta/t_err: 0.19444 0.00000 1.05564 -0.71068 0.45137 0.22006 -0.28628 0.22006 -0.28628 0 0 78.85939 0.19444
fb: -0.07023 0.52793 0.74343 -0.74832
fb: -0.09725 0.44920 0.70406 -0.70895
target: 0.00000 0.02008
dist/lin/ang/drive_left/drive_right/tv_l/tv_r/av_l/av_r/x/y/theta/t_err: 0.10812 0.00000 0.15347 -0.54645 0.35195 0.37797 -0.41014 0.37797 -0.41014 0 0 83.80530 0.10812
fb: -0.12426 0.37736 0.73527 -0.74017
fb: -0.10265 0.29696 0.69507 -0.69997
target: 0.00000 -0.04423
dist/lin/ang/drive_left/drive_right/tv_l/tv_r/av_l/av_r/x/y/theta/t_err: 0.04206 0.00000 -0.33816 -0.39961 0.19431 0.31161 -0.32133 0.31161 -0.32133 0 0 87.59019 0.04206
fb: -0.07024 0.21885 0.48960 -0.49449
fb: -0.03782 0.13127 0.35805 -0.36295
target: 0.00000 -0.06911
dist/lin/ang/drive_left/drive_right/tv_l/tv_r/av_l/av_r/x/y/theta/t_err: -0.00056 0.00000 -0.52831 -0.16909 0.09345 0.34392 -0.27769 0.34392 -0.27769 0 0 90.03197 -0.00056
fb: -0.01621 0.04849 0.19725 -0.20215
fb: 0.00540 -0.02257 0.19725 -0.20215
target: 0.00000 -0.05277
dist/lin/ang/drive_left/drive_right/tv_l/tv_r/av_l/av_r/x/y/theta/t_err: -0.01749 0.00000 -0.40340 0.02798 -0.01717 0.30081 -0.23783 0.30081 -0.23783 0 0 91.00233 -0.01749
fb: -0.01621 -0.06306 -0.07719 0.08209
fb: -0.03242 -0.08173 -0.07719 0.08209
target: 0.00000 -0.01145
dist/lin/ang/drive_left/drive_right/tv_l/tv_r/av_l/av_r/x/y/theta/t_err: -0.01287 0.00000 -0.08751 0.04931 -0.11415 0.16750 -0.13139 0.16750 -0.13139 0 0 90.73743 -0.01287
fb: -0.00540 -0.08723 -0.21730 0.22219
fb: -0.00000 -0.08361 -0.21730 0.22219
final error was -0.01285
position: -0.67113 -0.64039 90.01285
took 0.56000 time to finish turn
target: 0.00000 0.15697
dist/lin/ang/drive_left/drive_right/tv_l/tv_r/av_l/av_r/x/y/theta/t_err: 1.57080 0.00000 1.20000 0.00000 0.00000 0.00017 -0.00017 0.00017 -0.00017 0 0 -0.00003 1.57080
fb: 0.00000 0.00000 -0.85057 0.85546
fb: 0.00000 0.00000 -0.85057 0.85546
target: 0.00000 0.31394
dist/lin/ang/drive_left/drive_right/tv_l/tv_r/av_l/av_r/x/y/theta/t_err: 1.57080 0.00000 2.40000 0.00000 0.00000 -0.09719 0.06758 -0.09719 0.06758 0 0 0.00000 1.57080
fb: 0.00000 0.00000 -1.00000 1.00000
fb: 0.00397 0.00139 -1.00000 1.00000
target: 0.00000 0.47092
dist/lin/ang/drive_left/drive_right/tv_l/tv_r/av_l/av_r/x/y/theta/t_err: 1.57080 0.00000 3.60000 0.00258 0.00537 -0.50186 0.42794 -0.50186 0.42794 0 0 -0.00030 1.57080
fb: 0.00971 0.03010 -1.00000 1.00000
fb: 0.01346 0.09086 -1.00000 1.00000
target: 0.00000 0.52324
dist/lin/ang/drive_left/drive_right/tv_l/tv_r/av_l/av_r/x/y/theta/t_err: 1.56914 0.00000 4.00000 -0.07740 0.10432 -0.71114 0.27017 -0.71114 0.27017 0 0 0.09503 1.56914
fb: 0.00772 0.12737 -0.82299 0.82788
fb: 0.00000 0.17022 -0.80156 0.80646
target: 0.00000 0.52324
dist/lin/ang/drive_left/drive_right/tv_l/tv_r/av_l/av_r/x/y/theta/t_err: 1.55420 0.00000 4.00000 -0.17022 0.17022 -0.54056 0.46539 -0.54056 0.46539 0 0 0.95093 1.55420
fb: 0.00397 0.22728 -0.53757 0.54247
fb: -0.00375 0.27487 -0.51378 0.51867
target: 0.00000 0.52324
dist/lin/ang/drive_left/drive_right/tv_l/tv_r/av_l/av_r/x/y/theta/t_err: 1.52601 0.00000 4.00000 -0.27862 0.27112 -0.44900 0.36514 -0.44900 0.36514 0 0 2.56605 1.52601
fb: -0.01942 0.30685 -0.49779 0.50268
fb: -0.02339 0.33890 -0.48176 0.48666
target: 0.00000 0.52324
dist/lin/ang/drive_left/drive_right/tv_l/tv_r/av_l/av_r/x/y/theta/t_err: 1.48313 0.00000 4.00000 -0.36229 0.31551 -0.46747 0.42025 -0.46747 0.42025 0 0 5.02310 1.48313
fb: -0.02913 0.36677 -0.46783 0.47272
fb: -0.04854 0.39841 -0.45201 0.45690
target: 0.00000 0.52324
dist/lin/ang/drive_left/drive_right/tv_l/tv_r/av_l/av_r/x/y/theta/t_err: 1.43040 0.00000 4.00000 -0.44695 0.34986 -0.45753 0.44436 -0.45753 0.44436 0 0 8.04411 1.43040
fb: -0.06200 0.43269 -0.43487 0.43976
fb: -0.06973 0.46195 -0.42024 0.42513
target: 0.00000 0.52324
dist/lin/ang/drive_left/drive_right/tv_l/tv_r/av_l/av_r/x/y/theta/t_err: 1.36836 0.00000 4.00000 -0.53168 0.39223 -0.43342 0.43017 -0.43342 0.43017 0 0 11.59880 1.36836
fb: -0.06796 0.48620 -0.40812 0.41301
fb: -0.05229 0.50599 -0.39822 0.40311
target: 0.00000 0.52324
dist/lin/ang/drive_left/drive_right/tv_l/tv_r/av_l/av_r/x/y/theta/t_err: 1.29704 0.00000 4.00000 -0.55828 0.45369 -0.41014 0.40553 -0.41014 0.40553 0 0 15.68512 1.29704
fb: -0.04060 0.52438 -0.38902 0.39392
fb: -0.03883 0.53971 -0.38136 0.38625
target: 0.00000 0.52324
dist/lin/ang/drive_left/drive_right/tv_l/tv_r/av_l/av_r/x/y/theta/t_err: 1.21923 0.00000 4.00000 -0.57854 0.50087 -0.38242 0.38292 -0.38242 0.38292 0 0 20.14347 1.21923
fb: -0.03883 0.55323 -0.37460 0.37949
fb: -0.04082 0.56403 -0.36920 0.37409
target: 0.00000 0.52324
dist/lin/ang/drive_left/drive_right/tv_l/tv_r/av_l/av_r/x/y/theta/t_err: 1.13646 0.00000 4.00000 -0.60484 0.52321 -0.36753 0.36531 -0.36753 0.36531 0 0 24.88566 1.13646
fb: -0.04854 0.57051 -0.36596 0.37085
fb: -0.05803 0.57559 -0.36342 0.36831
target: 0.00000 0.52324
dist/lin/ang/drive_left/drive_right/tv_l/tv_r/av_l/av_r/x/y/theta/t_err: 1.05028 0.00000 4.00000 -0.63362 0.51756 -0.35200 0.35811 -0.35200 0.35811 0 0 29.82327 1.05028
fb: -0.06001 0.58026 -0.36108 0.36598
fb: -0.05825 0.58528 -0.35858 0.36347
target: 0.00000 0.52324
dist/lin/ang/drive_left/drive_right/tv_l/tv_r/av_l/av_r/x/y/theta/t_err: 0.96236 0.00000 4.00000 -0.64353 0.52703 -0.35028 0.34819 -0.35028 0.34819 0 0 34.86075 0.96236
fb: -0.05825 0.59043 -0.35600 0.36089
fb: -0.05053 0.59266 -0.35488 0.35978
target: 0.00000 0.52324
dist/lin/ang/drive_left/drive_right/tv_l/tv_r/av_l/av_r/x/y/theta/t_err: 0.87289 0.00000 4.00000 -0.64319 0.54214 -0.34478 0.34733 -0.34478 0.34733 0 0 39.98704 0.87289
fb: -0.04854 0.59447 -0.35398 0.35887
fb: -0.05428 0.59782 -0.35230 0.35720
target: 0.00000 0.52324
dist/lin/ang/drive_left/drive_right/tv_l/tv_r/av_l/av_r/x/y/theta/t_err: 0.78244 0.00000 4.00000 -0.65210 0.54354 -0.34308 0.34033 -0.34308 0.34033 0 0 45.16956 0.78244
fb: -0.05825 0.59921 -0.35161 0.35650
fb: -0.06399 0.59844 -0.35199 0.35689
target: 0.00000 0.52324
dist/lin/ang/drive_left/drive_right/tv_l/tv_r/av_l/av_r/x/y/theta/t_err: 0.69118 0.00000 4.00000 -0.66243 0.53446 -0.34392 0.33858 -0.34392 0.33858 0 0 50.39808 0.69118
fb: -0.07546 0.60012 -0.35116 0.35605
fb: -0.07943 0.60235 -0.35004 0.35493
target: 0.00000 0.52324
dist/lin/ang/drive_left/drive_right/tv_l/tv_r/av_l/av_r/x/y/theta/t_err: 0.59982 0.00000 4.00000 -0.68178 0.52292 -0.34428 0.33825 -0.34428 0.33825 0 0 55.63283 0.59982
fb: -0.06994 0.60095 -0.35074 0.35563
fb: -0.06200 0.59914 -0.35164 0.35654
target: 0.00000 0.52324
dist/lin/ang/drive_left/drive_right/tv_l/tv_r/av_l/av_r/x/y/theta/t_err: 0.50801 0.00000 4.00000 -0.66114 0.53714 -0.34428 0.33842 -0.34428 0.33842 0 0 60.89304 0.50801
fb: -0.06001 0.60005 -0.35119 0.35608
fb: -0.05825 0.60137 -0.35053 0.35542
target: 0.00000 0.46360
dist/lin/ang/drive_left/drive_right/tv_l/tv_r/av_l/av_r/x/y/theta/t_err: 0.41651 0.00000 3.54410 -0.65962 0.54312 -0.34392 0.33825 -0.34392 0.33825 0 0 66.13550 0.41651
fb: -0.06200 0.60221 0.06607 -0.07096
fb: -0.07171 0.60339 0.06666 -0.07156
target: 0.00000 0.32857
dist/lin/ang/drive_left/drive_right/tv_l/tv_r/av_l/av_r/x/y/theta/t_err: 0.32470 0.00000 2.51181 -0.67510 0.53168 -0.20089 0.29072 -0.20089 0.29072 0 0 71.39631 0.32470
fb: -0.07767 0.60381 0.56415 -0.56905
fb: -0.08737 0.59531 0.55990 -0.56480
target: 0.00000 0.19301
dist/lin/ang/drive_left/drive_right/tv_l/tv_r/av_l/av_r/x/y/theta/t_err: 0.23254 0.00000 1.47551 -0.68268 0.50794 0.14939 -0.09806 0.14939 -0.09806 0 0 76.67652 0.23254
fb: -0.08539 0.57887 0.71265 -0.71754
fb: -0.06972 0.52257 0.68450 -0.68940
target: 0.00000 0.06378
dist/lin/ang/drive_left/drive_right/tv_l/tv_r/av_l/av_r/x/y/theta/t_err: 0.14227 0.00000 0.48754 -0.59229 0.45285 0.23581 -0.37594 0.23581 -0.37594 0 0 81.84875 0.14227
fb: -0.05803 0.44049 0.76621 -0.77110
fb: -0.05825 0.36852 0.73022 -0.73512
target: 0.00000 -0.02652
dist/lin/ang/drive_left/drive_right/tv_l/tv_r/av_l/av_r/x/y/theta/t_err: 0.06567 0.00000 -0.20271 -0.42677 0.31026 0.24367 -0.34511 0.24367 -0.34511 0 0 86.23716 0.06567
fb: -0.05825 0.28964 0.62118 -0.62607
fb: -0.05230 0.21007 0.46310 -0.46800
target: 0.00000 -0.06691
dist/lin/ang/drive_left/drive_right/tv_l/tv_r/av_l/av_r/x/y/theta/t_err: 0.01249 0.00000 -0.51151 -0.26237 0.15778 0.30081 -0.27958 0.30081 -0.27958 0 0 89.28411 0.01249
fb: -0.05053 0.12960 0.26563 -0.27052
fb: -0.03884 0.05442 0.26563 -0.27052
target: 0.00000 -0.07062
dist/lin/ang/drive_left/drive_right/tv_l/tv_r/av_l/av_r/x/y/theta/t_err: -0.01649 0.00000 -0.53985 -0.09325 0.01558 0.28661 -0.22828 0.28661 -0.22828 0 0 90.94505 -0.01649
fb: -0.02714 -0.01331 0.10302 -0.10791
fb: -0.01545 -0.05748 0.10302 -0.10791
target: 0.00000 -0.04183
dist/lin/ang/drive_left/drive_right/tv_l/tv_r/av_l/av_r/x/y/theta/t_err: -0.02225 0.00000 -0.31979 0.04204 -0.07293 0.23528 -0.20994 0.23528 -0.20994 0 0 91.27503 -0.02225
fb: -0.01545 -0.08591 -0.14053 0.14542
fb: -0.02339 -0.10019 -0.14053 0.14542
target: 0.00000 -0.00256
dist/lin/ang/drive_left/drive_right/tv_l/tv_r/av_l/av_r/x/y/theta/t_err: -0.01246 0.00000 -0.01960 0.07680 -0.12358 0.08383 -0.05647 0.08383 -0.05647 0 0 90.71394 -0.01246
fb: -0.02317 -0.10117 -0.21401 0.21891
fb: -0.01545 -0.09727 -0.21401 0.21891
final error was 0.15935
position: -0.48803 -0.66574 89.84065
took 0.58000 time to finish turn
target: 0.00000 0.15697
dist/lin/ang/drive_left/drive_right/tv_l/tv_r/av_l/av_r/x/y/theta/t_err: 1.57079 0.00000 1.20000 0.00000 0.00000 0.00000 0.00000 0.00000 0.00000 0 0 0.00009 1.57079
fb: 0.00000 0.00000 -0.85057 0.85546
fb: 0.00000 0.00000 -0.85057 0.85546
target: 0.00000 0.31394
dist/lin/ang/drive_left/drive_right/tv_l/tv_r/av_l/av_r/x/y/theta/t_err: 1.57079 0.00000 2.40000 0.00000 0.00000 -0.08622 0.10814 -0.08622 0.10814 0 0 0.00008 1.57079
fb: 0.00000 0.00000 -1.00000 1.00000
fb: 0.00000 0.00864 -1.00000 1.00000
target: 0.00000 0.47092
dist/lin/ang/drive_left/drive_right/tv_l/tv_r/av_l/av_r/x/y/theta/t_err: 1.57079 0.00000 3.60000 -0.00864 0.00864 -0.47397 0.40211 -0.47397 0.40211 0 0 0.00024 1.57079
fb: 0.00000 0.05477 -1.00000 1.00000
fb: 0.00000 0.11071 -1.00000 1.00000
target: 0.00000 0.52324
dist/lin/ang/drive_left/drive_right/tv_l/tv_r/av_l/av_r/x/y/theta/t_err: 1.56739 0.00000 4.00000 -0.11071 0.11071 -0.67775 0.44061 -0.67775 0.44061 0 0 0.19502 1.56739
fb: 0.00000 0.15677 -0.80829 0.81318
fb: 0.00199 0.21035 -0.78150 0.78639
target: 0.00000 0.52324
dist/lin/ang/drive_left/drive_right/tv_l/tv_r/av_l/av_r/x/y/theta/t_err: 1.54886 0.00000 4.00000 -0.20837 0.21234 -0.53833 0.46028 -0.53833 0.46028 0 0 1.25672 1.54886
fb: 0.00199 0.26498 -0.51873 0.52362
fb: 0.00000 0.31152 -0.49545 0.50035
target: 0.00000 0.52324
dist/lin/ang/drive_left/drive_right/tv_l/tv_r/av_l/av_r/x/y/theta/t_err: 1.51473 0.00000 4.00000 -0.31152 0.31152 -0.43939 0.42350 -0.43939 0.42350 0 0 3.21259 1.51473
fb: 0.00000 0.34594 -0.47824 0.48314
fb: 0.00000 0.37486 -0.46379 0.46868
target: 0.00000 0.52324
dist/lin/ang/drive_left/drive_right/tv_l/tv_r/av_l/av_r/x/y/theta/t_err: 1.46605 0.00000 4.00000 -0.37486 0.37486 -0.45603 0.44728 -0.45603 0.44728 0 0 6.00126 1.46605
fb: 0.00000 0.40300 -0.44971 0.45461
fb: 0.00000 0.43708 -0.43268 0.43757
target: 0.00000 0.52324
dist/lin/ang/drive_left/drive_right/tv_l/tv_r/av_l/av_r/x/y/theta/t_err: 1.40780 0.00000 4.00000 -0.43708 0.43708 -0.44197 0.44008 -0.44197 0.44008 0 0 9.33925 1.40780
fb: 0.00000 0.46808 -0.41717 0.42207
fb: 0.00000 0.49198 -0.40522 0.41012
target: 0.00000 0.52324
dist/lin/ang/drive_left/drive_right/tv_l/tv_r/av_l/av_r/x/y/theta/t_err: 1.34005 0.00000 4.00000 -0.49198 0.49198 -0.41544 0.41922 -0.41544 0.41922 0 0 13.22061 1.34005
fb: 0.00000 0.51065 -0.39589 0.40078
fb: 0.00000 0.52745 -0.38749 0.39238
target: 0.00000 0.52324
dist/lin/ang/drive_left/drive_right/tv_l/tv_r/av_l/av_r/x/y/theta/t_err: 1.26439 0.00000 4.00000 -0.52745 0.52745 -0.39392 0.40297 -0.39392 0.40297 0 0 17.55564 1.26439
fb: -0.03883 0.54263 -0.37990 0.38479
fb: -0.06222 0.55525 -0.37359 0.37848
target: 0.00000 0.52324
dist/lin/ang/drive_left/drive_right/tv_l/tv_r/av_l/av_r/x/y/theta/t_err: 1.18343 0.00000 4.00000 -0.61747 0.49302 -0.37081 0.37817 -0.37081 0.37817 0 0 22.19471 1.18343
fb: -0.04258 0.56263 -0.36990 0.37479
fb: -0.04060 0.56681 -0.36781 0.37270
target: 0.00000 0.52324
dist/lin/ang/drive_left/drive_right/tv_l/tv_r/av_l/av_r/x/y/theta/t_err: 1.09855 0.00000 4.00000 -0.60741 0.52621 -0.35967 0.36153 -0.35967 0.36153 0 0 27.05798 1.09855
fb: -0.03685 0.57218 -0.36513 0.37002
fb: -0.04082 0.57838 -0.36202 0.36692
target: 0.00000 0.52324
dist/lin/ang/drive_left/drive_right/tv_l/tv_r/av_l/av_r/x/y/theta/t_err: 1.01193 0.00000 4.00000 -0.61920 0.53756 -0.35058 0.35847 -0.35058 0.35847 0 0 32.02057 1.01193
fb: -0.06024 0.58117 -0.36063 0.36552
fb: -0.06597 0.58514 -0.35865 0.36354
target: 0.00000 0.52324
dist/lin/ang/drive_left/drive_right/tv_l/tv_r/av_l/av_r/x/y/theta/t_err: 0.92372 0.00000 4.00000 -0.65111 0.51917 -0.35011 0.34889 -0.35011 0.34889 0 0 37.07474 0.92372
fb: -0.06796 0.59036 -0.35603 0.36093
fb: -0.07546 0.59510 -0.35366 0.35856
target: 0.00000 0.52324
dist/lin/ang/drive_left/drive_right/tv_l/tv_r/av_l/av_r/x/y/theta/t_err: 0.83428 0.00000 4.00000 -0.67056 0.51964 -0.34378 0.34683 -0.34378 0.34683 0 0 42.19934 0.83428
fb: -0.07943 0.59970 -0.35136 0.35626
fb: -0.08142 0.60353 -0.34945 0.35434
target: 0.00000 0.52324
dist/lin/ang/drive_left/drive_right/tv_l/tv_r/av_l/av_r/x/y/theta/t_err: 0.74337 0.00000 4.00000 -0.68495 0.52212 -0.34325 0.34100 -0.34325 0.34100 0 0 47.40804 0.74337
fb: -0.06972 0.60472 -0.34886 0.35375
fb: -0.05626 0.60444 -0.34900 0.35389
target: 0.00000 0.52324
dist/lin/ang/drive_left/drive_right/tv_l/tv_r/av_l/av_r/x/y/theta/t_err: 0.65132 0.00000 4.00000 -0.66070 0.54817 -0.33656 0.33967 -0.33656 0.33967 0 0 52.68198 0.65132
fb: -0.05251 0.60311 -0.34966 0.35455
fb: -0.06023 0.60095 -0.35074 0.35563
target: 0.00000 0.52324
dist/lin/ang/drive_left/drive_right/tv_l/tv_r/av_l/av_r/x/y/theta/t_err: 0.55918 0.00000 4.00000 -0.66119 0.54072 -0.33486 0.33894 -0.33486 0.33894 0 0 57.96140 0.55918
fb: -0.07171 0.59977 -0.35133 0.35622
fb: -0.07943 0.60318 -0.34962 0.35452
target: 0.00000 0.52324
dist/lin/ang/drive_left/drive_right/tv_l/tv_r/av_l/av_r/x/y/theta/t_err: 0.46752 0.00000 4.00000 -0.68261 0.52375 -0.34292 0.33914 -0.34292 0.33914 0 0 63.21330 0.46752
fb: -0.08142 0.60562 -0.34840 0.35330
fb: -0.06994 0.60576 -0.34833 0.35323
target: 0.00000 0.40238
dist/lin/ang/drive_left/drive_right/tv_l/tv_r/av_l/av_r/x/y/theta/t_err: 0.37540 0.00000 3.07604 -0.67570 0.53582 -0.33669 0.33878 -0.33669 0.33878 0 0 68.49122 0.37540
fb: -0.06796 0.60548 0.41487 -0.41976
fb: -0.07171 0.60660 0.41543 -0.42032
target: 0.00000 0.26645
dist/lin/ang/drive_left/drive_right/tv_l/tv_r/av_l/av_r/x/y/theta/t_err: 0.28297 0.00000 2.03690 -0.67830 0.53489 -0.17983 0.27908 -0.17983 0.27908 0 0 73.78727 0.28297
fb: -0.06972 0.60479 0.64135 -0.64625
fb: -0.07369 0.59482 0.63637 -0.64127
target: 0.00000 0.13066
dist/lin/ang/drive_left/drive_right/tv_l/tv_r/av_l/av_r/x/y/theta/t_err: 0.19041 0.00000 0.99885 -0.66852 0.52113 0.28953 -0.25478 0.28953 -0.25478 0 0 79.09015 0.19041
fb: -0.07767 0.56674 0.78056 -0.78546
fb: -0.05803 0.49853 0.74646 -0.75135
target: 0.00000 0.00393
dist/lin/ang/drive_left/drive_right/tv_l/tv_r/av_l/av_r/x/y/theta/t_err: 0.10075 0.00000 0.03002 -0.55656 0.44050 0.32356 -0.39303 0.32356 -0.39303 0 0 84.22747 0.10075
fb: -0.04060 0.41206 0.81076 -0.81565
fb: -0.04082 0.32901 0.76923 -0.77412
target: 0.00000 -0.07507
dist/lin/ang/drive_left/drive_right/tv_l/tv_r/av_l/av_r/x/y/theta/t_err: 0.02816 0.00000 -0.57385 -0.36983 0.28819 0.35692 -0.36325 0.35692 -0.36325 0 0 88.38660 0.02816
fb: -0.03884 0.24414 0.60439 -0.60928
fb: -0.04259 0.15935 0.44478 -0.44968
target: 0.00000 -0.10320
dist/lin/ang/drive_left/drive_right/tv_l/tv_r/av_l/av_r/x/y/theta/t_err: -0.01893 0.00000 -0.78897 -0.20194 0.11676 0.31878 -0.37300 0.31878 -0.37300 0 0 91.08487 -0.01893
fb: -0.04656 0.08215 0.23480 -0.23969
fb: -0.03508 0.01338 0.23480 -0.23969
target: 0.00000 -0.09379
dist/lin/ang/drive_left/drive_right/tv_l/tv_r/av_l/av_r/x/y/theta/t_err: -0.04047 0.00000 -0.71702 -0.04846 -0.02171 0.30542 -0.31467 0.30542 -0.31467 0 0 92.31863 -0.04047
fb: -0.02317 -0.04362 0.05951 -0.06441
fb: -0.02317 -0.08431 0.05951 -0.06441
target: 0.00000 -0.05916
dist/lin/ang/drive_left/drive_right/tv_l/tv_r/av_l/av_r/x/y/theta/t_err: -0.04043 0.00000 -0.45226 0.06114 -0.10748 0.19214 -0.19286 0.19214 -0.19286 0 0 92.31624 -0.04043
fb: -0.02339 -0.10570 -0.15523 0.16013
fb: -0.02339 -0.11378 -0.15523 0.16013
target: 0.00000 -0.01767
dist/lin/ang/drive_left/drive_right/tv_l/tv_r/av_l/av_r/x/y/theta/t_err: -0.02688 0.00000 -0.13510 0.09039 -0.13717 0.01711 -0.02500 0.01711 -0.02500 0 0 91.54006 -0.02688
fb: -0.02317 -0.10814 -0.21388 0.21877
fb: -0.02714 -0.10040 -0.21388 0.21877
target: 0.00000 0.01292
dist/lin/ang/drive_left/drive_right/tv_l/tv_r/av_l/av_r/x/y/theta/t_err: -0.00983 0.00000 0.09879 0.07326 -0.12754 -0.14289 0.14425 -0.14289 0.14425 0 0 90.56312 -0.00983
fb: -0.02339 -0.09281 -0.18536 0.19025
fb: -0.01147 -0.07616 -0.18536 0.19025
target: 0.00000 0.03180
dist/lin/ang/drive_left/drive_right/tv_l/tv_r/av_l/av_r/x/y/theta/t_err: 0.00523 0.00000 0.24309 0.06468 -0.08763 -0.19028 0.18325 -0.19028 0.18325 0 0 89.70023 0.00523
fb: -0.00375 -0.03588 -0.14526 0.15016
fb: -0.00397 0.01547 -0.14526 0.15016
final error was 0.86257
position: -0.35821 -0.66777 89.13743
took 0.62000 time to finish turn
decreased kd to 4.70000
decreased kd to 4.50000
decreased kd to 4.30000
decreased kd to 4.10000
decreased kd to 3.90000
decreased kd to 3.70000
decreased kd to 3.50000
decreased kd to 3.30000
decreased kd to 3.10000
decreased kd to 2.90000
decreased kd to 2.70000
decreased kd to 2.50000
decreased kd to 2.30000
decreased kd to 2.10000
target: 0.00000 0.15697
dist/lin/ang/drive_left/drive_right/tv_l/tv_r/av_l/av_r/x/y/theta/t_err: 1.57080 0.00000 1.20000 0.00000 0.00000 0.00017 -0.00033 0.00017 -0.00033 0 0 -0.00007 1.57080
fb: 0.00000 0.00000 -0.85057 0.85546
fb: 0.00000 0.00000 -0.85057 0.85546
target: 0.00000 0.31394
dist/lin/ang/drive_left/drive_right/tv_l/tv_r/av_l/av_r/x/y/theta/t_err: 1.57080 0.00000 2.40000 0.00000 0.00000 -0.07700 0.02806 -0.07700 0.02806 0 0 -0.00022 1.57080
fb: 0.00000 0.00000 -1.00000 1.00000
fb: 0.00000 0.01282 -1.00000 1.00000
target: 0.00000 0.47092
dist/lin/ang/drive_left/drive_right/tv_l/tv_r/av_l/av_r/x/y/theta/t_err: 1.57080 0.00000 3.60000 -0.01282 0.01282 -0.45808 0.42608 -0.45808 0.42608 0 0 -0.00046 1.57080
fb: 0.00000 0.06236 -1.00000 1.00000
fb: 0.00000 0.11545 -1.00000 1.00000
target: 0.00000 0.52324
dist/lin/ang/drive_left/drive_right/tv_l/tv_r/av_l/av_r/x/y/theta/t_err: 1.56664 0.00000 4.00000 -0.11545 0.11545 -0.67656 0.43272 -0.67656 0.43272 0 0 0.23787 1.56664
fb: 0.00000 0.16687 -0.80324 0.80813
fb: 0.00000 0.21655 -0.77840 0.78329
target: 0.00000 0.52324
dist/lin/ang/drive_left/drive_right/tv_l/tv_r/av_l/av_r/x/y/theta/t_err: 1.54713 0.00000 4.00000 -0.21655 0.21655 -0.52050 0.53608 -0.52050 0.53608 0 0 1.35619 1.54713
fb: 0.00000 0.26958 -0.51643 0.52132
fb: 0.00000 0.30908 -0.49667 0.50157
target: 0.00000 0.52324
dist/lin/ang/drive_left/drive_right/tv_l/tv_r/av_l/av_r/x/y/theta/t_err: 1.51203 0.00000 4.00000 -0.30908 0.30908 -0.46733 0.48494 -0.46733 0.48494 0 0 3.36725 1.51203
fb: 0.00000 0.34301 -0.47971 0.48460
fb: 0.00000 0.37465 -0.46389 0.46878
target: 0.00000 0.52324
dist/lin/ang/drive_left/drive_right/tv_l/tv_r/av_l/av_r/x/y/theta/t_err: 1.46364 0.00000 4.00000 -0.37465 0.37465 -0.44503 0.44350 -0.44503 0.44350 0 0 6.13965 1.46364
fb: 0.00000 0.40280 -0.44982 0.45471
fb: 0.00000 0.43178 -0.43532 0.44022
target: 0.00000 0.52324
dist/lin/ang/drive_left/drive_right/tv_l/tv_r/av_l/av_r/x/y/theta/t_err: 1.40547 0.00000 4.00000 -0.43178 0.43178 -0.44131 0.44761 -0.44131 0.44761 0 0 9.47263 1.40547
fb: -0.00772 0.46174 -0.42034 0.42524
fb: -0.02537 0.48578 -0.40832 0.41322
target: 0.00000 0.52324
dist/lin/ang/drive_left/drive_right/tv_l/tv_r/av_l/av_r/x/y/theta/t_err: 1.33851 0.00000 4.00000 -0.51115 0.46040 -0.41683 0.42728 -0.41683 0.42728 0 0 13.30884 1.33851
fb: -0.03883 0.50271 -0.39986 0.40475
fb: -0.04060 0.51881 -0.39181 0.39670
target: 0.00000 0.52324
dist/lin/ang/drive_left/drive_right/tv_l/tv_r/av_l/av_r/x/y/theta/t_err: 1.26387 0.00000 4.00000 -0.55940 0.47821 -0.39597 0.40314 -0.39597 0.40314 0 0 17.58548 1.26387
fb: -0.04082 0.53497 -0.38373 0.38862
fb: -0.04082 0.54737 -0.37753 0.38242
target: 0.00000 0.52324
dist/lin/ang/drive_left/drive_right/tv_l/tv_r/av_l/av_r/x/y/theta/t_err: 1.18419 0.00000 4.00000 -0.58819 0.50655 -0.37456 0.37781 -0.37456 0.37781 0 0 22.15098 1.18419
fb: -0.03486 0.55580 -0.37331 0.37821
fb: -0.03089 0.56423 -0.36910 0.37399
target: 0.00000 0.52324
dist/lin/ang/drive_left/drive_right/tv_l/tv_r/av_l/av_r/x/y/theta/t_err: 1.10050 0.00000 4.00000 -0.59512 0.53334 -0.36275 0.36514 -0.36275 0.36514 0 0 26.94600 1.10050
fb: -0.03111 0.57329 -0.36457 0.36946
fb: -0.04082 0.57831 -0.36206 0.36695
target: 0.00000 0.52324
dist/lin/ang/drive_left/drive_right/tv_l/tv_r/av_l/av_r/x/y/theta/t_err: 1.01415 0.00000 4.00000 -0.61913 0.53749 -0.35147 0.35453 -0.35147 0.35453 0 0 31.89338 1.01415
fb: -0.05031 0.58054 -0.36094 0.36584
fb: -0.05825 0.58500 -0.35872 0.36361
target: 0.00000 0.52324
dist/lin/ang/drive_left/drive_right/tv_l/tv_r/av_l/av_r/x/y/theta/t_err: 0.92597 0.00000 4.00000 -0.64325 0.52675 -0.35044 0.34717 -0.35044 0.34717 0 0 36.94597 0.92597
fb: -0.06200 0.58925 -0.35659 0.36148
fb: -0.06200 0.59148 -0.35548 0.36037
target: 0.00000 0.52324
dist/lin/ang/drive_left/drive_right/tv_l/tv_r/av_l/av_r/x/y/theta/t_err: 0.83664 0.00000 4.00000 -0.65348 0.52948 -0.34361 0.34667 -0.34361 0.34667 0 0 42.06408 0.83664
fb: -0.07193 0.59203 -0.35520 0.36009
fb: -0.07171 0.59587 -0.35328 0.35817
target: 0.00000 0.52324
dist/lin/ang/drive_left/drive_right/tv_l/tv_r/av_l/av_r/x/y/theta/t_err: 0.74643 0.00000 4.00000 -0.66758 0.52416 -0.34258 0.34700 -0.34258 0.34700 0 0 47.23295 0.74643
fb: -0.06972 0.59844 -0.35199 0.35689
fb: -0.06796 0.59719 -0.35262 0.35751
target: 0.00000 0.52324
dist/lin/ang/drive_left/drive_right/tv_l/tv_r/av_l/av_r/x/y/theta/t_err: 0.65544 0.00000 4.00000 -0.66515 0.52923 -0.34292 0.34122 -0.34292 0.34122 0 0 52.44601 0.65544
fb: -0.06200 0.59747 -0.35248 0.35737
fb: -0.06972 0.60144 -0.35049 0.35539
target: 0.00000 0.52324
dist/lin/ang/drive_left/drive_right/tv_l/tv_r/av_l/av_r/x/y/theta/t_err: 0.56430 0.00000 4.00000 -0.67116 0.53172 -0.34358 0.33967 -0.34358 0.33967 0 0 57.66797 0.56430
fb: -0.07171 0.60332 -0.34955 0.35445
fb: -0.06597 0.60304 -0.34969 0.35459
target: 0.00000 0.52324
dist/lin/ang/drive_left/drive_right/tv_l/tv_r/av_l/av_r/x/y/theta/t_err: 0.47251 0.00000 4.00000 -0.66901 0.53707 -0.34133 0.33897 -0.34133 0.33897 0 0 62.92721 0.47251
fb: -0.06597 0.60583 -0.34830 0.35319
fb: -0.07943 0.60834 -0.34704 0.35194
target: 0.00000 0.49392
dist/lin/ang/drive_left/drive_right/tv_l/tv_r/av_l/av_r/x/y/theta/t_err: 0.38034 0.00000 3.77587 -0.68777 0.52891 -0.33586 0.33894 -0.33586 0.33894 0 0 68.20828 0.38034
fb: -0.07568 0.60729 -0.18133 0.18623
fb: -0.05229 0.60499 -0.18248 0.18738
target: 0.00000 0.35751
dist/lin/ang/drive_left/drive_right/tv_l/tv_r/av_l/av_r/x/y/theta/t_err: 0.28753 0.00000 2.73306 -0.65729 0.55270 -0.30439 0.30525 -0.30439 0.30525 0 0 73.52587 0.28753
fb: -0.06001 0.60179 0.53548 -0.54037
fb: -0.07767 0.59273 0.53095 -0.53584
target: 0.00000 0.22274
dist/lin/ang/drive_left/drive_right/tv_l/tv_r/av_l/av_r/x/y/theta/t_err: 0.19528 0.00000 1.70278 -0.67040 0.51507 -0.12031 0.08969 -0.12031 0.08969 0 0 78.81147 0.19528
fb: -0.08737 0.57956 0.67467 -0.67956
fb: -0.09112 0.56005 0.66491 -0.66981
target: 0.00000 0.09249
dist/lin/ang/drive_left/drive_right/tv_l/tv_r/av_l/av_r/x/y/theta/t_err: 0.10531 0.00000 0.70707 -0.65118 0.46893 0.31414 -0.35986 0.31414 -0.35986 0 0 83.96645 0.10531
fb: -0.08340 0.49010 0.76198 -0.76687
fb: -0.06200 0.40245 0.71815 -0.72305
target: 0.00000 -0.02255
dist/lin/ang/drive_left/drive_right/tv_l/tv_r/av_l/av_r/x/y/theta/t_err: 0.02313 0.00000 -0.17242 -0.46445 0.34045 0.36839 -0.37969 0.36839 -0.37969 0 0 88.67495 0.02313
fb: -0.03486 0.32922 0.74773 -0.75262
fb: -0.02714 0.24937 0.70781 -0.71270
target: 0.00000 -0.09326
dist/lin/ang/drive_left/drive_right/tv_l/tv_r/av_l/av_r/x/y/theta/t_err: -0.03596 0.00000 -0.71293 -0.27651 0.22223 0.32031 -0.38278 0.32031 -0.38278 0 0 92.06028 -0.03596
fb: -0.03111 0.16778 0.55019 -0.55509
fb: -0.03111 0.08918 0.41968 -0.42457
target: 0.00000 -0.12793
dist/lin/ang/drive_left/drive_right/tv_l/tv_r/av_l/av_r/x/y/theta/t_err: -0.07093 0.00000 -0.97797 -0.12030 0.05807 0.36908 -0.32389 0.36908 -0.32389 0 0 94.06383 -0.07093
fb: -0.02714 0.01582 0.28075 -0.28564
fb: -0.02516 -0.04898 0.28075 -0.28564
target: 0.00000 -0.12739
dist/lin/ang/drive_left/drive_right/tv_l/tv_r/av_l/av_r/x/y/theta/t_err: -0.08184 0.00000 -0.97382 0.02383 -0.07414 0.33231 -0.30269 0.33231 -0.30269 0 0 94.68881 -0.08184
fb: -0.03089 -0.09128 0.12193 -0.12682
fb: -0.02913 -0.11476 0.12193 -0.12682
target: 0.00000 -0.10077
dist/lin/ang/drive_left/drive_right/tv_l/tv_r/av_l/av_r/x/y/theta/t_err: -0.07295 0.00000 -0.77032 0.08563 -0.14388 0.25875 -0.23956 0.25875 -0.23956 0 0 94.17946 -0.07295
fb: -0.01942 -0.13420 -0.09130 0.09620
fb: -0.01545 -0.14102 -0.09130 0.09620
target: 0.00000 -0.06746
dist/lin/ang/drive_left/drive_right/tv_l/tv_r/av_l/av_r/x/y/theta/t_err: -0.05463 0.00000 -0.51573 0.12558 -0.15647 0.08214 -0.08244 0.08214 -0.08244 0 0 93.13018 -0.05463
fb: -0.01942 -0.13643 -0.14368 0.14858
fb: -0.01942 -0.13099 -0.14368 0.14858
target: 0.00000 -0.03432
dist/lin/ang/drive_left/drive_right/tv_l/tv_r/av_l/av_r/x/y/theta/t_err: -0.03339 0.00000 -0.26237 0.11157 -0.15041 -0.08519 0.08403 -0.08519 0.08403 0 0 91.91282 -0.03339
fb: -0.01545 -0.12374 -0.16517 0.17006
fb: -0.01169 -0.10918 -0.16517 0.17006
target: 0.00000 -0.00640
dist/lin/ang/drive_left/drive_right/tv_l/tv_r/av_l/av_r/x/y/theta/t_err: -0.01363 0.00000 -0.04890 0.09749 -0.12088 -0.13125 0.13056 -0.13125 0.13056 0 0 90.78078 -0.01363
fb: -0.00397 -0.07734 -0.16040 0.16529
fb: -0.00199 -0.02836 -0.16040 0.16529
target: 0.00000 0.01300
dist/lin/ang/drive_left/drive_right/tv_l/tv_r/av_l/av_r/x/y/theta/t_err: 0.00169 0.00000 0.09935 0.02637 -0.03034 -0.14442 0.14936 -0.14442 0.14936 0 0 89.90316 0.00169
fb: -0.00199 0.01881 -0.13499 0.13988
fb: 0.00000 0.04048 -0.13499 0.13988
final error was 0.24292
position: -0.37374 -0.69578 89.75708
took 0.66000 time to finish turn
increased kd to 2.30000
increased kd to 2.50000
increased kd to 2.70000
increased kp to 11.30000
increased kp to 11.40000
increased kp to 11.50000
increased kp to 11.60000
increased kp to 11.70000
target: 0.00000 0.15697
dist/lin/ang/drive_left/drive_right/tv_l/tv_r/av_l/av_r/x/y/theta/t_err: 1.57080 0.00000 1.20000 0.00000 0.00000 0.00017 0.00017 0.00017 0.00017 0 0 -0.00008 1.57080
fb: 0.00000 0.00000 -0.85057 0.85546
fb: 0.00000 0.00000 -0.85057 0.85546
target: 0.00000 0.31394
dist/lin/ang/drive_left/drive_right/tv_l/tv_r/av_l/av_r/x/y/theta/t_err: 1.57080 0.00000 2.40000 0.00000 0.00000 -0.09189 0.09239 -0.09189 0.09239 0 0 0.00001 1.57080
fb: 0.00000 0.00223 -1.00000 1.00000
fb: 0.00375 0.02369 -1.00000 1.00000
target: 0.00000 0.47092
dist/lin/ang/drive_left/drive_right/tv_l/tv_r/av_l/av_r/x/y/theta/t_err: 1.57069 0.00000 3.60000 -0.01994 0.02744 -0.47242 0.40039 -0.47242 0.40039 0 0 0.00583 1.57069
fb: 0.00772 0.08194 -1.00000 1.00000
fb: 0.01169 0.12061 -1.00000 1.00000
target: 0.00000 0.52324
dist/lin/ang/drive_left/drive_right/tv_l/tv_r/av_l/av_r/x/y/theta/t_err: 1.56440 0.00000 4.00000 -0.10891 0.13230 -0.70189 0.23322 -0.70189 0.23322 0 0 0.36670 1.56440
fb: 0.00772 0.15196 -0.81069 0.81558
fb: -0.01169 0.19983 -0.78676 0.79165
target: 0.00000 0.52324
dist/lin/ang/drive_left/drive_right/tv_l/tv_r/av_l/av_r/x/y/theta/t_err: 1.54512 0.00000 4.00000 -0.21152 0.18814 -0.58247 0.43186 -0.58247 0.43186 0 0 1.47113 1.54512
fb: -0.03288 0.25669 -0.52287 0.52776
fb: -0.04060 0.28456 -0.50894 0.51383
target: 0.00000 0.52324
dist/lin/ang/drive_left/drive_right/tv_l/tv_r/av_l/av_r/x/y/theta/t_err: 1.51237 0.00000 4.00000 -0.32516 0.24396 -0.40314 0.36603 -0.40314 0.36603 0 0 3.34772 1.51237
fb: -0.04281 0.30936 -0.49653 0.50143
fb: -0.03310 0.34775 -0.47734 0.48223
target: 0.00000 0.52324
dist/lin/ang/drive_left/drive_right/tv_l/tv_r/av_l/av_r/x/y/theta/t_err: 1.46803 0.00000 4.00000 -0.38085 0.31465 -0.46219 0.46094 -0.46219 0.46094 0 0 5.88835 1.46803
fb: -0.02118 0.38384 -0.45929 0.46419
fb: -0.02714 0.42196 -0.44024 0.44513
target: 0.00000 0.52324
dist/lin/ang/drive_left/drive_right/tv_l/tv_r/av_l/av_r/x/y/theta/t_err: 1.41380 0.00000 4.00000 -0.44910 0.39482 -0.45206 0.45653 -0.45206 0.45653 0 0 8.99534 1.41380
fb: -0.04082 0.45338 -0.42452 0.42942
fb: -0.05428 0.47352 -0.41446 0.41935
target: 0.00000 0.52324
dist/lin/ang/drive_left/drive_right/tv_l/tv_r/av_l/av_r/x/y/theta/t_err: 1.34835 0.00000 4.00000 -0.52780 0.41924 -0.42675 0.42694 -0.42675 0.42694 0 0 12.74510 1.34835
fb: -0.06597 0.48912 -0.40665 0.41155
fb: -0.09113 0.50877 -0.39683 0.40172
target: 0.00000 0.52324
dist/lin/ang/drive_left/drive_right/tv_l/tv_r/av_l/av_r/x/y/theta/t_err: 1.27566 0.00000 4.00000 -0.59990 0.41765 -0.40075 0.40197 -0.40075 0.40197 0 0 16.90983 1.27566
fb: -0.08715 0.52542 -0.38850 0.39340
fb: -0.06200 0.53490 -0.38376 0.38866
target: 0.00000 0.52324
dist/lin/ang/drive_left/drive_right/tv_l/tv_r/av_l/av_r/x/y/theta/t_err: 1.19752 0.00000 4.00000 -0.59690 0.47290 -0.37714 0.38706 -0.37714 0.38706 0 0 21.38703 1.19752
fb: -0.05251 0.54452 -0.37896 0.38385
fb: -0.04258 0.55364 -0.37439 0.37929
target: 0.00000 0.52324
dist/lin/ang/drive_left/drive_right/tv_l/tv_r/av_l/av_r/x/y/theta/t_err: 1.11558 0.00000 4.00000 -0.59623 0.51106 -0.36667 0.36806 -0.36667 0.36806 0 0 26.08202 1.11558
fb: -0.04258 0.56047 -0.37098 0.37587
fb: -0.05825 0.56639 -0.36802 0.37291
target: 0.00000 0.52324
dist/lin/ang/drive_left/drive_right/tv_l/tv_r/av_l/av_r/x/y/theta/t_err: 1.03095 0.00000 4.00000 -0.62464 0.50814 -0.36106 0.35897 -0.36106 0.35897 0 0 30.93102 1.03095
fb: -0.07568 0.57155 -0.36544 0.37033
fb: -0.08737 0.57455 -0.36394 0.36883
target: 0.00000 0.52324
dist/lin/ang/drive_left/drive_right/tv_l/tv_r/av_l/av_r/x/y/theta/t_err: 0.94444 0.00000 4.00000 -0.66192 0.48717 -0.35214 0.35675 -0.35214 0.35675 0 0 35.88769 0.94444
fb: -0.10282 0.57859 -0.36192 0.36681
fb: -0.10260 0.58423 -0.35910 0.36399
target: 0.00000 0.52324
dist/lin/ang/drive_left/drive_right/tv_l/tv_r/av_l/av_r/x/y/theta/t_err: 0.85666 0.00000 4.00000 -0.68683 0.48163 -0.35097 0.34769 -0.35097 0.34769 0 0 40.91684 0.85666
fb: -0.09488 0.58890 -0.35676 0.36166
fb: -0.08936 0.59301 -0.35471 0.35960
target: 0.00000 0.52324
dist/lin/ang/drive_left/drive_right/tv_l/tv_r/av_l/av_r/x/y/theta/t_err: 0.76741 0.00000 4.00000 -0.68237 0.50365 -0.34428 0.34650 -0.34428 0.34650 0 0 46.03080 0.76741
fb: -0.06994 0.59447 -0.35398 0.35887
fb: -0.06001 0.59629 -0.35307 0.35796
target: 0.00000 0.52324
dist/lin/ang/drive_left/drive_right/tv_l/tv_r/av_l/av_r/x/y/theta/t_err: 0.67693 0.00000 4.00000 -0.65630 0.53627 -0.34306 0.34053 -0.34306 0.34053 0 0 51.21457 0.67693
fb: -0.05803 0.59559 -0.35342 0.35831
fb: -0.06399 0.59113 -0.35565 0.36054
target: 0.00000 0.52324
dist/lin/ang/drive_left/drive_right/tv_l/tv_r/av_l/av_r/x/y/theta/t_err: 0.58599 0.00000 4.00000 -0.65511 0.52714 -0.34322 0.33864 -0.34322 0.33864 0 0 56.42544 0.58599
fb: -0.09112 0.59015 -0.35614 0.36103
fb: -0.09708 0.59197 -0.35523 0.36012
target: 0.00000 0.52324
dist/lin/ang/drive_left/drive_right/tv_l/tv_r/av_l/av_r/x/y/theta/t_err: 0.49579 0.00000 4.00000 -0.68905 0.49488 -0.34444 0.34511 -0.34444 0.34511 0 0 61.59325 0.49579
fb: -0.08539 0.59587 -0.35328 0.35817
fb: -0.10282 0.59796 -0.35224 0.35713
target: 0.00000 0.52324
dist/lin/ang/drive_left/drive_right/tv_l/tv_r/av_l/av_r/x/y/theta/t_err: 0.40531 0.00000 4.00000 -0.70078 0.49514 -0.34394 0.34428 -0.34394 0.34428 0 0 66.77740 0.40531
fb: -0.09708 0.59984 -0.35129 0.35619
fb: -0.06972 0.60388 -0.34927 0.35417
target: 0.00000 0.39983
dist/lin/ang/drive_left/drive_right/tv_l/tv_r/av_l/av_r/x/y/theta/t_err: 0.31395 0.00000 3.05657 -0.67360 0.53416 -0.34375 0.33914 -0.34375 0.33914 0 0 72.01185 0.31395
fb: -0.06399 0.60555 0.42934 -0.43423
fb: -0.06972 0.60367 0.42840 -0.43329
target: 0.00000 0.25789
dist/lin/ang/drive_left/drive_right/tv_l/tv_r/av_l/av_r/x/y/theta/t_err: 0.22171 0.00000 1.97146 -0.67339 0.53395 -0.23800 0.23561 -0.23800 0.23561 0 0 77.29668 0.22171
fb: -0.07369 0.59956 0.67582 -0.68072
fb: -0.08539 0.59120 0.67164 -0.67654
target: 0.00000 0.11721
dist/lin/ang/drive_left/drive_right/tv_l/tv_r/av_l/av_r/x/y/theta/t_err: 0.12968 0.00000 0.89600 -0.67659 0.50581 0.20450 -0.21936 0.20450 -0.21936 0 0 82.56996 0.12968
fb: -0.08914 0.53838 0.80415 -0.80904
fb: -0.06796 0.45617 0.76304 -0.76793
target: 0.00000 -0.01335
dist/lin/ang/drive_left/drive_right/tv_l/tv_r/av_l/av_r/x/y/theta/t_err: 0.04191 0.00000 -0.10207 -0.52413 0.38821 0.47894 -0.31056 0.47894 -0.31056 0 0 87.59866 0.04191
fb: -0.04854 0.37632 0.83031 -0.83520
fb: -0.03861 0.29361 0.78896 -0.79385
target: 0.00000 -0.09696
dist/lin/ang/drive_left/drive_right/tv_l/tv_r/av_l/av_r/x/y/theta/t_err: -0.02484 0.00000 -0.74119 -0.33223 0.25500 0.34461 -0.34614 0.34461 -0.34614 0 0 91.42320 -0.02484
fb: -0.04832 0.21913 0.63824 -0.64314
fb: -0.05450 0.14221 0.48020 -0.48509
target: 0.00000 -0.13995
dist/lin/ang/drive_left/drive_right/tv_l/tv_r/av_l/av_r/x/y/theta/t_err: -0.06707 0.00000 -1.06984 -0.19671 0.08771 0.31842 -0.28456 0.31842 -0.28456 0 0 93.84302 -0.06707
fb: -0.04656 0.06271 0.32624 -0.33114
fb: -0.03685 -0.00718 0.32624 -0.33114
target: 0.00000 -0.14773
dist/lin/ang/drive_left/drive_right/tv_l/tv_r/av_l/av_r/x/y/theta/t_err: -0.08575 0.00000 -1.12931 -0.02967 -0.04403 0.23972 -0.25922 0.23972 -0.25922 0 0 94.91302 -0.08575
fb: -0.02339 -0.05184 0.17301 -0.17790
fb: -0.01920 -0.09086 0.17301 -0.17790
target: 0.00000 -0.12510
dist/lin/ang/drive_left/drive_right/tv_l/tv_r/av_l/av_r/x/y/theta/t_err: -0.08321 0.00000 -0.95635 0.07166 -0.11005 0.27872 -0.25750 0.27872 -0.25750 0 0 94.76736 -0.08321
fb: -0.02317 -0.11824 -0.05702 0.06191
fb: -0.02714 -0.12876 -0.05702 0.06191
target: 0.00000 -0.09152
dist/lin/ang/drive_left/drive_right/tv_l/tv_r/av_l/av_r/x/y/theta/t_err: -0.06836 0.00000 -0.69963 0.10162 -0.15590 0.17333 -0.09514 0.17333 -0.09514 0 0 93.91682 -0.06836
fb: -0.02714 -0.13092 -0.12882 0.13372
fb: -0.02339 -0.12639 -0.12882 0.13372
target: 0.00000 -0.05703
dist/lin/ang/drive_left/drive_right/tv_l/tv_r/av_l/av_r/x/y/theta/t_err: -0.04864 0.00000 -0.43596 0.10300 -0.14978 -0.03936 0.07000 -0.03936 0.07000 0 0 92.78684 -0.04864
fb: -0.02339 -0.11963 -0.15602 0.16091
fb: -0.01942 -0.10918 -0.15602 0.16091
target: 0.00000 -0.02847
dist/lin/ang/drive_left/drive_right/tv_l/tv_r/av_l/av_r/x/y/theta/t_err: -0.02959 0.00000 -0.21767 0.08976 -0.12860 -0.11789 0.12731 -0.11789 0.12731 0 0 91.69555 -0.02959
fb: -0.00772 -0.08821 -0.14844 0.15333
fb: 0.00000 -0.05261 -0.14844 0.15333
target: 0.00000 -0.00714
dist/lin/ang/drive_left/drive_right/tv_l/tv_r/av_l/av_r/x/y/theta/t_err: -0.01378 0.00000 -0.05458 0.05261 -0.05261 -0.13722 0.14083 -0.13722 0.14083 0 0 90.78980 -0.01378
fb: 0.00000 -0.00718 -0.13025 0.13514
fb: 0.00199 0.02724 -0.13025 0.13514
target: 0.00000 -0.00635
dist/lin/ang/drive_left/drive_right/tv_l/tv_r/av_l/av_r/x/y/theta/t_err: -0.00767 0.00000 -0.04852 -0.02526 0.02923 -0.13467 0.13447 -0.13467 0.13447 0 0 90.43963 -0.00767
fb: 0.00199 0.04146 0.03971 -0.04460
fb: 0.00000 0.05309 0.03971 -0.04460
final error was -0.69578
position: -0.62210 -0.85564 90.69578
took 0.68000 time to finish turn
increased kd to 2.90000
increased kd to 3.10000
increased kd to 3.30000
increased kd to 3.50000
increased kd to 3.70000
increased kd to 3.90000
increased kd to 4.10000
target: 0.00000 0.15697
dist/lin/ang/drive_left/drive_right/tv_l/tv_r/av_l/av_r/x/y/theta/t_err: 1.57080 0.00000 1.20000 0.00000 0.00000 0.00000 -0.00033 0.00000 -0.00033 0 0 0.00003 1.57080
fb: 0.00000 0.00000 -0.85057 0.85546
fb: 0.00000 0.00000 -0.85057 0.85546
target: 0.00000 0.31394
dist/lin/ang/drive_left/drive_right/tv_l/tv_r/av_l/av_r/x/y/theta/t_err: 1.57080 0.00000 2.40000 0.00000 0.00000 -0.12319 0.09308 -0.12319 0.09308 0 0 -0.00002 1.57080
fb: 0.00000 0.00000 -1.00000 1.00000
fb: 0.00000 0.00418 -1.00000 1.00000
target: 0.00000 0.47092
dist/lin/ang/drive_left/drive_right/tv_l/tv_r/av_l/av_r/x/y/theta/t_err: 1.57080 0.00000 3.60000 -0.00418 0.00418 -0.50236 0.36703 -0.50236 0.36703 0 0 -0.00015 1.57080
fb: 0.00000 0.04738 -1.00000 1.00000
fb: -0.00397 0.10556 -1.00000 1.00000
target: 0.00000 0.52324
dist/lin/ang/drive_left/drive_right/tv_l/tv_r/av_l/av_r/x/y/theta/t_err: 1.56806 0.00000 4.00000 -0.10953 0.10159 -0.65414 0.41086 -0.65414 0.41086 0 0 0.15660 1.56806
fb: -0.00000 0.15336 -0.80999 0.81489
fb: 0.00397 0.20213 -0.78561 0.79050
target: 0.00000 0.52324
dist/lin/ang/drive_left/drive_right/tv_l/tv_r/av_l/av_r/x/y/theta/t_err: 1.55041 0.00000 4.00000 -0.19816 0.20610 -0.52239 0.48439 -0.52239 0.48439 0 0 1.16800 1.55041
fb: 0.00000 0.25898 -0.52172 0.52662
fb: -0.00397 0.30504 -0.49869 0.50359
target: 0.00000 0.52324
dist/lin/ang/drive_left/drive_right/tv_l/tv_r/av_l/av_r/x/y/theta/t_err: 1.51737 0.00000 4.00000 -0.30901 0.30107 -0.45428 0.37389 -0.45428 0.37389 0 0 3.06138 1.51737
fb: -0.00397 0.33410 -0.48417 0.48906
fb: -0.01169 0.35994 -0.47124 0.47614
target: 0.00000 0.52324
dist/lin/ang/drive_left/drive_right/tv_l/tv_r/av_l/av_r/x/y/theta/t_err: 1.46978 0.00000 4.00000 -0.37164 0.34825 -0.46697 0.45739 -0.46697 0.45739 0 0 5.78764 1.46978
fb: -0.02317 0.39227 -0.45508 0.45997
fb: -0.02714 0.42377 -0.43933 0.44422
target: 0.00000 0.52324
dist/lin/ang/drive_left/drive_right/tv_l/tv_r/av_l/av_r/x/y/theta/t_err: 1.41367 0.00000 4.00000 -0.45091 0.39663 -0.45103 0.44453 -0.45103 0.44453 0 0 9.00255 1.41367
fb: -0.02736 0.45728 -0.42257 0.42747
fb: -0.02913 0.48515 -0.40864 0.41353
target: 0.00000 0.52324
dist/lin/ang/drive_left/drive_right/tv_l/tv_r/av_l/av_r/x/y/theta/t_err: 1.34774 0.00000 4.00000 -0.51428 0.45603 -0.41972 0.41786 -0.41972 0.41786 0 0 12.78042 1.34774
fb: -0.03288 0.50194 -0.40024 0.40514
fb: -0.03861 0.51776 -0.39233 0.39723
target: 0.00000 0.52324
dist/lin/ang/drive_left/drive_right/tv_l/tv_r/av_l/av_r/x/y/theta/t_err: 1.27328 0.00000 4.00000 -0.55637 0.47915 -0.39956 0.39714 -0.39956 0.39714 0 0 17.04660 1.27328
fb: -0.04457 0.53372 -0.38436 0.38925
fb: -0.03685 0.54877 -0.37683 0.38172
target: 0.00000 0.52324
dist/lin/ang/drive_left/drive_right/tv_l/tv_r/av_l/av_r/x/y/theta/t_err: 1.19376 0.00000 4.00000 -0.58561 0.51192 -0.38192 0.37594 -0.38192 0.37594 0 0 21.60233 1.19376
fb: -0.03111 0.56040 -0.37101 0.37591
fb: -0.03111 0.56841 -0.36701 0.37190
target: 0.00000 0.52324
dist/lin/ang/drive_left/drive_right/tv_l/tv_r/av_l/av_r/x/y/theta/t_err: 1.10971 0.00000 4.00000 -0.59953 0.53730 -0.36381 0.36481 -0.36381 0.36481 0 0 26.41808 1.10971
fb: -0.03089 0.57378 -0.36432 0.36922
fb: -0.03486 0.57810 -0.36216 0.36706
target: 0.00000 0.52324
dist/lin/ang/drive_left/drive_right/tv_l/tv_r/av_l/av_r/x/y/theta/t_err: 1.02287 0.00000 4.00000 -0.61296 0.54324 -0.35247 0.35900 -0.35247 0.35900 0 0 31.39412 1.02287
fb: -0.03883 0.58326 -0.35959 0.36448
fb: -0.04457 0.58758 -0.35743 0.36232
target: 0.00000 0.52324
dist/lin/ang/drive_left/drive_right/tv_l/tv_r/av_l/av_r/x/y/theta/t_err: 0.93454 0.00000 4.00000 -0.63215 0.54301 -0.34889 0.34683 -0.34889 0.34683 0 0 36.45490 0.93454
fb: -0.07171 0.59050 -0.35596 0.36086
fb: -0.07767 0.59378 -0.35433 0.35922
target: 0.00000 0.52324
dist/lin/ang/drive_left/drive_right/tv_l/tv_r/av_l/av_r/x/y/theta/t_err: 0.84485 0.00000 4.00000 -0.67144 0.51611 -0.34375 0.34667 -0.34375 0.34667 0 0 41.59361 0.84485
fb: -0.05428 0.59677 -0.35283 0.35772
fb: -0.04060 0.59956 -0.35143 0.35633
target: 0.00000 0.52324
dist/lin/ang/drive_left/drive_right/tv_l/tv_r/av_l/av_r/x/y/theta/t_err: 0.75420 0.00000 4.00000 -0.64016 0.55896 -0.34308 0.34119 -0.34308 0.34119 0 0 46.78758 0.75420
fb: -0.03685 0.59977 -0.35133 0.35622
fb: -0.03508 0.60060 -0.35091 0.35581
target: 0.00000 0.52324
dist/lin/ang/drive_left/drive_right/tv_l/tv_r/av_l/av_r/x/y/theta/t_err: 0.66279 0.00000 4.00000 -0.63569 0.56552 -0.34289 0.33967 -0.34289 0.33967 0 0 52.02489 0.66279
fb: -0.04082 0.60172 -0.35035 0.35525
fb: -0.06001 0.60116 -0.35063 0.35553
target: 0.00000 0.52324
dist/lin/ang/drive_left/drive_right/tv_l/tv_r/av_l/av_r/x/y/theta/t_err: 0.57110 0.00000 4.00000 -0.66118 0.54115 -0.34375 0.33844 -0.34375 0.33844 0 0 57.27847 0.57110
fb: -0.06972 0.59942 -0.35150 0.35640
fb: -0.06994 0.59782 -0.35230 0.35720
target: 0.00000 0.52324
dist/lin/ang/drive_left/drive_right/tv_l/tv_r/av_l/av_r/x/y/theta/t_err: 0.47943 0.00000 4.00000 -0.66776 0.52787 -0.34444 0.33844 -0.34444 0.33844 0 0 62.53095 0.47943
fb: -0.07193 0.59844 -0.35199 0.35689
fb: -0.05803 0.59984 -0.35129 0.35619
target: 0.00000 0.47165
dist/lin/ang/drive_left/drive_right/tv_l/tv_r/av_l/av_r/x/y/theta/t_err: 0.38814 0.00000 3.60564 -0.65787 0.54181 -0.34392 0.33861 -0.34392 0.33861 0 0 67.76102 0.38814
fb: -0.04060 0.60012 -0.05866 0.06355
fb: -0.04280 0.59914 -0.05915 0.06404
target: 0.00000 0.33108
dist/lin/ang/drive_left/drive_right/tv_l/tv_r/av_l/av_r/x/y/theta/t_err: 0.29656 0.00000 2.53101 -0.64195 0.55634 -0.28694 0.31072 -0.28694 0.31072 0 0 73.00840 0.29656
fb: -0.04656 0.60235 0.58541 -0.59030
fb: -0.05229 0.60054 0.58450 -0.58940
target: 0.00000 0.19061
dist/lin/ang/drive_left/drive_right/tv_l/tv_r/av_l/av_r/x/y/theta/t_err: 0.20487 0.00000 1.45713 -0.65283 0.54824 -0.03472 0.06658 -0.03472 0.06658 0 0 78.26189 0.20487
fb: -0.06972 0.58883 0.74256 -0.74745
fb: -0.06972 0.56786 0.73207 -0.73696
target: 0.00000 0.05158
dist/lin/ang/drive_left/drive_right/tv_l/tv_r/av_l/av_r/x/y/theta/t_err: 0.11363 0.00000 0.39432 -0.63758 0.49813 0.34819 -0.31675 0.34819 -0.31675 0 0 83.48936 0.11363
fb: -0.05626 0.49999 0.85429 -0.85918
fb: -0.06024 0.41443 0.81151 -0.81640
target: 0.00000 -0.06585
dist/lin/ang/drive_left/drive_right/tv_l/tv_r/av_l/av_r/x/y/theta/t_err: 0.03013 0.00000 -0.50344 -0.47467 0.35419 0.38122 -0.32631 0.38122 -0.32631 0 0 88.27383 0.03013
fb: -0.06597 0.33159 0.81033 -0.81522
fb: -0.06598 0.24003 0.76455 -0.76944
target: 0.00000 -0.12742
dist/lin/ang/drive_left/drive_right/tv_l/tv_r/av_l/av_r/x/y/theta/t_err: -0.03031 0.00000 -0.97406 -0.30601 0.17406 0.38278 -0.39133 0.38278 -0.39133 0 0 91.73650 -0.03031
fb: -0.06399 0.15482 0.54254 -0.54743
fb: -0.05230 0.07393 0.40142 -0.40632
target: 0.00000 -0.14263
dist/lin/ang/drive_left/drive_right/tv_l/tv_r/av_l/av_r/x/y/theta/t_err: -0.06383 0.00000 -1.09039 -0.12622 0.02163 0.24792 -0.32717 0.24792 -0.32717 0 0 93.65713 -0.06383
fb: -0.04457 0.00237 0.20307 -0.20796
fb: -0.03884 -0.05135 0.20307 -0.20796
target: 0.00000 -0.12217
dist/lin/ang/drive_left/drive_right/tv_l/tv_r/av_l/av_r/x/y/theta/t_err: -0.07236 0.00000 -0.93397 0.01251 -0.09019 0.27461 -0.32064 0.27461 -0.32064 0 0 94.14571 -0.07236
fb: -0.02339 -0.09929 -0.04924 0.05414
fb: -0.02317 -0.12848 -0.04924 0.05414
target: 0.00000 -0.08328
dist/lin/ang/drive_left/drive_right/tv_l/tv_r/av_l/av_r/x/y/theta/t_err: -0.06279 0.00000 -0.63665 0.10531 -0.15165 0.17231 -0.15075 0.17231 -0.15075 0 0 93.59775 -0.06279
fb: -0.03089 -0.14144 -0.15825 0.16314
fb: -0.03685 -0.14360 -0.15825 0.16314
target: 0.00000 -0.03859
dist/lin/ang/drive_left/drive_right/tv_l/tv_r/av_l/av_r/x/y/theta/t_err: -0.04276 0.00000 -0.29502 0.10675 -0.18045 -0.03594 0.05614 -0.03594 0.05614 0 0 92.45012 -0.04276
fb: -0.04082 -0.13580 -0.21427 0.21916
fb: -0.02714 -0.12660 -0.21427 0.21916
target: 0.00000 -0.00347
dist/lin/ang/drive_left/drive_right/tv_l/tv_r/av_l/av_r/x/y/theta/t_err: -0.02118 0.00000 -0.02654 0.09946 -0.15374 -0.14133 0.15108 -0.14133 0.15108 0 0 91.21341 -0.02118
fb: -0.01169 -0.11120 -0.19473 0.19963
fb: -0.00397 -0.08382 -0.19473 0.19963
target: 0.00000 0.02129
dist/lin/ang/drive_left/drive_right/tv_l/tv_r/av_l/av_r/x/y/theta/t_err: -0.00247 0.00000 0.16277 0.07985 -0.08779 -0.18653 0.18444 -0.18653 0.18444 0 0 90.14175 -0.00247
fb: -0.00375 -0.03226 -0.16472 0.16962
fb: -0.00375 0.02000 -0.16472 0.16962
final error was 0.46415
position: -0.35534 -0.66446 89.53585
took 0.64000 time to finish turn
increased kd to 4.30000
increased kd to 4.50000
increased kd to 4.70000
increased kd to 4.90000
increased kd to 5.10000
increased kd to 5.30000
increased kd to 5.50000
increased kd to 5.70000
increased kd to 5.90000
increased kd to 6.10000
increased kd to 6.30000
target: 0.00000 0.15697
dist/lin/ang/drive_left/drive_right/tv_l/tv_r/av_l/av_r/x/y/theta/t_err: 1.57079 0.00000 1.20000 0.00000 0.00000 0.00000 -0.00017 0.00000 -0.00017 0 0 0.00015 1.57079
fb: 0.00000 0.00000 -0.85057 0.85546
fb: 0.00000 0.00000 -0.85057 0.85546
target: 0.00000 0.31394
dist/lin/ang/drive_left/drive_right/tv_l/tv_r/av_l/av_r/x/y/theta/t_err: 1.57079 0.00000 2.40000 0.00000 0.00000 -0.03011 0.07683 -0.03011 0.07683 0 0 0.00025 1.57079
fb: 0.00000 0.00000 -1.00000 1.00000
fb: 0.00397 0.00955 -1.00000 1.00000
target: 0.00000 0.47092
dist/lin/ang/drive_left/drive_right/tv_l/tv_r/av_l/av_r/x/y/theta/t_err: 1.57079 0.00000 3.60000 -0.00557 0.01352 -0.39200 0.37489 -0.39200 0.37489 0 0 0.00051 1.57079
fb: 0.00397 0.05818 -1.00000 1.00000
fb: 0.00397 0.10737 -1.00000 1.00000
target: 0.00000 0.52324
dist/lin/ang/drive_left/drive_right/tv_l/tv_r/av_l/av_r/x/y/theta/t_err: 1.56708 0.00000 4.00000 -0.10340 0.11134 -0.63036 0.28983 -0.63036 0.28983 0 0 0.21282 1.56708
fb: -0.00772 0.14848 -0.81243 0.81733
fb: -0.02140 0.19356 -0.78989 0.79479
target: 0.00000 0.52324
dist/lin/ang/drive_left/drive_right/tv_l/tv_r/av_l/av_r/x/y/theta/t_err: 1.54924 0.00000 4.00000 -0.21496 0.17216 -0.61769 0.47331 -0.61769 0.47331 0 0 1.23497 1.54924
fb: -0.02913 0.25125 -0.52559 0.53048
fb: -0.02714 0.29090 -0.50577 0.51066
target: 0.00000 0.52324
dist/lin/ang/drive_left/drive_right/tv_l/tv_r/av_l/av_r/x/y/theta/t_err: 1.51744 0.00000 4.00000 -0.31804 0.26376 -0.47947 0.38464 -0.47947 0.38464 0 0 3.05717 1.51744
fb: -0.02317 0.31633 -0.49305 0.49794
fb: -0.03111 0.34768 -0.47737 0.48227
target: 0.00000 0.52324
dist/lin/ang/drive_left/drive_right/tv_l/tv_r/av_l/av_r/x/y/theta/t_err: 1.47216 0.00000 4.00000 -0.37879 0.31657 -0.46439 0.46781 -0.46439 0.46781 0 0 5.65132 1.47216
fb: -0.02714 0.38322 -0.45961 0.46450
fb: -0.03486 0.42091 -0.44076 0.44565
target: 0.00000 0.52324
dist/lin/ang/drive_left/drive_right/tv_l/tv_r/av_l/av_r/x/y/theta/t_err: 1.41779 0.00000 4.00000 -0.45577 0.38605 -0.45206 0.45586 -0.45206 0.45586 0 0 8.76649 1.41779
fb: -0.04082 0.45589 -0.42327 0.42816
fb: -0.03883 0.48027 -0.41108 0.41597
target: 0.00000 0.52324
dist/lin/ang/drive_left/drive_right/tv_l/tv_r/av_l/av_r/x/y/theta/t_err: 1.35229 0.00000 4.00000 -0.51911 0.44144 -0.42775 0.41922 -0.42775 0.41922 0 0 12.51967 1.35229
fb: -0.05626 0.49595 -0.40324 0.40813
fb: -0.06774 0.51330 -0.39456 0.39946
target: 0.00000 0.52324
dist/lin/ang/drive_left/drive_right/tv_l/tv_r/av_l/av_r/x/y/theta/t_err: 1.27857 0.00000 4.00000 -0.58104 0.44556 -0.40467 0.39728 -0.40467 0.39728 0 0 16.74308 1.27857
fb: -0.05825 0.52954 -0.38645 0.39134
fb: -0.04656 0.54270 -0.37986 0.38476
target: 0.00000 0.52324
dist/lin/ang/drive_left/drive_right/tv_l/tv_r/av_l/av_r/x/y/theta/t_err: 1.19971 0.00000 4.00000 -0.58926 0.49615 -0.37969 0.37883 -0.37969 0.37883 0 0 21.26169 1.19971
fb: -0.03685 0.55134 -0.37554 0.38044
fb: -0.03111 0.55873 -0.37185 0.37674
target: 0.00000 0.52324
dist/lin/ang/drive_left/drive_right/tv_l/tv_r/av_l/av_r/x/y/theta/t_err: 1.11671 0.00000 4.00000 -0.58984 0.52762 -0.36397 0.36736 -0.36397 0.36736 0 0 26.01751 1.11671
fb: -0.03486 0.56605 -0.36819 0.37308
fb: -0.04258 0.57232 -0.36506 0.36995
target: 0.00000 0.52324
dist/lin/ang/drive_left/drive_right/tv_l/tv_r/av_l/av_r/x/y/theta/t_err: 1.03124 0.00000 4.00000 -0.61490 0.52973 -0.36053 0.35867 -0.36053 0.35867 0 0 30.91457 1.03124
fb: -0.04656 0.57719 -0.36262 0.36751
fb: -0.05053 0.58144 -0.36049 0.36539
target: 0.00000 0.52324
dist/lin/ang/drive_left/drive_right/tv_l/tv_r/av_l/av_r/x/y/theta/t_err: 0.94380 0.00000 4.00000 -0.63197 0.53092 -0.35131 0.34803 -0.35131 0.34803 0 0 35.92424 0.94380
fb: -0.05428 0.58604 -0.35819 0.36309
fb: -0.05428 0.58897 -0.35673 0.36162
target: 0.00000 0.52324
dist/lin/ang/drive_left/drive_right/tv_l/tv_r/av_l/av_r/x/y/theta/t_err: 0.85491 0.00000 4.00000 -0.64325 0.53469 -0.34992 0.34617 -0.34992 0.34617 0 0 41.01700 0.85491
fb: -0.06597 0.59210 -0.35516 0.36006
fb: -0.07943 0.59566 -0.35338 0.35828
target: 0.00000 0.52324
dist/lin/ang/drive_left/drive_right/tv_l/tv_r/av_l/av_r/x/y/theta/t_err: 0.76499 0.00000 4.00000 -0.67509 0.51623 -0.34342 0.34667 -0.34342 0.34667 0 0 46.16930 0.76499
fb: -0.07943 0.59489 -0.35377 0.35866
fb: -0.08539 0.59294 -0.35474 0.35964
target: 0.00000 0.52324
dist/lin/ang/drive_left/drive_right/tv_l/tv_r/av_l/av_r/x/y/theta/t_err: 0.67420 0.00000 4.00000 -0.67833 0.50755 -0.34358 0.34067 -0.34358 0.34067 0 0 51.37132 0.67420
fb: -0.09311 0.59475 -0.35384 0.35873
fb: -0.09112 0.59712 -0.35265 0.35755
target: 0.00000 0.52324
dist/lin/ang/drive_left/drive_right/tv_l/tv_r/av_l/av_r/x/y/theta/t_err: 0.58361 0.00000 4.00000 -0.68825 0.50600 -0.34375 0.33828 -0.34375 0.33828 0 0 56.56148 0.58361
fb: -0.08539 0.59573 -0.35335 0.35824
fb: -0.09311 0.59517 -0.35363 0.35852
target: 0.00000 0.52324
dist/lin/ang/drive_left/drive_right/tv_l/tv_r/av_l/av_r/x/y/theta/t_err: 0.49258 0.00000 4.00000 -0.68828 0.50206 -0.34375 0.33825 -0.34375 0.33825 0 0 61.77716 0.49258
fb: -0.10856 0.59865 -0.35189 0.35678
fb: -0.11054 0.60095 -0.35074 0.35563
target: 0.00000 0.42707
dist/lin/ang/drive_left/drive_right/tv_l/tv_r/av_l/av_r/x/y/theta/t_err: 0.40156 0.00000 3.26479 -0.71149 0.49041 -0.34411 0.33881 -0.34411 0.33881 0 0 66.99205 0.40156
fb: -0.09488 0.59928 0.27177 -0.27667
fb: -0.08142 0.60081 0.27254 -0.27743
target: 0.00000 0.28554
dist/lin/ang/drive_left/drive_right/tv_l/tv_r/av_l/av_r/x/y/theta/t_err: 0.30993 0.00000 2.18285 -0.68223 0.51940 -0.34425 0.28217 -0.34425 0.28217 0 0 72.24251 0.30993
fb: -0.08164 0.60465 0.64415 -0.64904
fb: -0.08340 0.59719 0.64042 -0.64531
target: 0.00000 0.14421
dist/lin/ang/drive_left/drive_right/tv_l/tv_r/av_l/av_r/x/y/theta/t_err: 0.21799 0.00000 1.10240 -0.68059 0.51379 0.10678 -0.16222 0.10678 -0.16222 0 0 77.51025 0.21799
fb: -0.09488 0.57859 0.79559 -0.80049
fb: -0.08142 0.51699 0.76480 -0.76969
target: 0.00000 0.00881
dist/lin/ang/drive_left/drive_right/tv_l/tv_r/av_l/av_r/x/y/theta/t_err: 0.12753 0.00000 0.06736 -0.59841 0.43558 0.45344 -0.45464 0.45344 -0.45464 0 0 82.69316 0.12753
fb: -0.05251 0.43889 0.85743 -0.86233
fb: -0.04259 0.37151 0.82374 -0.82864
target: 0.00000 -0.07720
dist/lin/ang/drive_left/drive_right/tv_l/tv_r/av_l/av_r/x/y/theta/t_err: 0.05167 0.00000 -0.59015 -0.41410 0.32893 0.42364 -0.42369 0.42364 -0.42369 0 0 87.03935 0.05167
fb: -0.04060 0.29006 0.66141 -0.66630
fb: -0.04082 0.20770 0.62023 -0.62512
target: 0.00000 -0.11280
dist/lin/ang/drive_left/drive_right/tv_l/tv_r/av_l/av_r/x/y/theta/t_err: -0.00177 0.00000 -0.86231 -0.24852 0.16688 0.38808 -0.34597 0.38808 -0.34597 0 0 90.10114 -0.00177
fb: -0.03685 0.12305 0.27481 -0.27970
fb: -0.03884 0.04181 0.27481 -0.27970
target: 0.00000 -0.10503
dist/lin/ang/drive_left/drive_right/tv_l/tv_r/av_l/av_r/x/y/theta/t_err: -0.03026 0.00000 -0.80290 -0.08064 0.00297 0.30031 -0.32119 0.30031 -0.32119 0 0 91.73390 -0.03026
fb: -0.03685 -0.02557 0.07442 -0.07931
fb: -0.03486 -0.06807 0.07442 -0.07931
target: 0.00000 -0.06060
dist/lin/ang/drive_left/drive_right/tv_l/tv_r/av_l/av_r/x/y/theta/t_err: -0.03424 0.00000 -0.46327 0.03321 -0.10294 0.20175 -0.20397 0.20175 -0.20397 0 0 91.96184 -0.03424
fb: -0.03111 -0.09288 -0.19834 0.20323
fb: -0.01942 -0.10110 -0.19834 0.20323
target: 0.00000 -0.01204
dist/lin/ang/drive_left/drive_right/tv_l/tv_r/av_l/av_r/x/y/theta/t_err: -0.02300 0.00000 -0.09202 0.08168 -0.12052 0.02000 0.00700 0.02000 0.00700 0 0 91.31772 -0.02300
fb: -0.01545 -0.09929 -0.24949 0.25438
fb: -0.01545 -0.09490 -0.24949 0.25438
final error was -0.43846
position: -0.54877 -0.75890 90.43846
took 0.58000 time to finish turn
increased kd to 6.50000
increased kd to 6.70000
increased kd to 6.90000
target: 0.00000 0.15697
dist/lin/ang/drive_left/drive_right/tv_l/tv_r/av_l/av_r/x/y/theta/t_err: 1.57080 0.00000 1.20000 0.00000 0.00000 0.00000 0.00000 0.00000 0.00000 0 0 -0.00010 1.57080
fb: 0.00000 0.00000 -0.85057 0.85546
fb: 0.00000 0.00000 -0.85057 0.85546
target: 0.00000 0.31394
dist/lin/ang/drive_left/drive_right/tv_l/tv_r/av_l/av_r/x/y/theta/t_err: 1.57080 0.00000 2.40000 0.00000 0.00000 -0.05903 -0.00033 -0.05903 -0.00033 0 0 -0.00006 1.57080
fb: 0.00000 0.00000 -1.00000 1.00000
fb: 0.00000 0.01198 -1.00000 1.00000
target: 0.00000 0.47092
dist/lin/ang/drive_left/drive_right/tv_l/tv_r/av_l/av_r/x/y/theta/t_err: 1.57079 0.00000 3.60000 -0.01198 0.01198 -0.42503 0.43497 -0.42503 0.43497 0 0 0.00045 1.57079
fb: 0.00000 0.05720 -1.00000 1.00000
fb: 0.00000 0.11469 -1.00000 1.00000
target: 0.00000 0.52324
dist/lin/ang/drive_left/drive_right/tv_l/tv_r/av_l/av_r/x/y/theta/t_err: 1.56696 0.00000 4.00000 -0.11469 0.11469 -0.67639 0.41783 -0.67639 0.41783 0 0 0.21953 1.56696
fb: 0.00000 0.16046 -0.80644 0.81133
fb: 0.00000 0.21237 -0.78049 0.78538
target: 0.00000 0.52324
dist/lin/ang/drive_left/drive_right/tv_l/tv_r/av_l/av_r/x/y/theta/t_err: 1.54796 0.00000 4.00000 -0.21237 0.21237 -0.58981 0.56981 -0.58981 0.56981 0 0 1.30861 1.54796
fb: 0.00000 0.26365 -0.51939 0.52428
fb: 0.00000 0.31229 -0.49507 0.49996
target: 0.00000 0.52324
dist/lin/ang/drive_left/drive_right/tv_l/tv_r/av_l/av_r/x/y/theta/t_err: 1.51362 0.00000 4.00000 -0.31229 0.31229 -0.46031 0.44522 -0.46031 0.44522 0 0 3.27569 1.51362
fb: 0.00000 0.35939 -0.47152 0.47641
fb: 0.00000 0.38754 -0.45745 0.46234
target: 0.00000 0.52324
dist/lin/ang/drive_left/drive_right/tv_l/tv_r/av_l/av_r/x/y/theta/t_err: 1.46418 0.00000 4.00000 -0.38754 0.38754 -0.45686 0.42042 -0.45686 0.42042 0 0 6.10864 1.46418
fb: 0.00000 0.41060 -0.44591 0.45081
fb: 0.00000 0.44091 -0.43076 0.43565
target: 0.00000 0.52324
dist/lin/ang/drive_left/drive_right/tv_l/tv_r/av_l/av_r/x/y/theta/t_err: 1.40427 0.00000 4.00000 -0.44091 0.44091 -0.43786 0.43497 -0.43786 0.43497 0 0 9.54130 1.40427
fb: -0.00397 0.47129 -0.41557 0.42046
fb: -0.02714 0.49567 -0.40338 0.40827
target: 0.00000 0.52324
dist/lin/ang/drive_left/drive_right/tv_l/tv_r/av_l/av_r/x/y/theta/t_err: 1.33587 0.00000 4.00000 -0.52281 0.46853 -0.41492 0.41647 -0.41492 0.41647 0 0 13.46002 1.33587
fb: -0.05031 0.51483 -0.39380 0.39869
fb: -0.06399 0.52800 -0.38721 0.39211
target: 0.00000 0.52324
dist/lin/ang/drive_left/drive_right/tv_l/tv_r/av_l/av_r/x/y/theta/t_err: 1.25965 0.00000 4.00000 -0.59199 0.46402 -0.39781 0.39306 -0.39781 0.39306 0 0 17.82729 1.25965
fb: -0.08539 0.53915 -0.38164 0.38653
fb: -0.06796 0.55016 -0.37613 0.38103
target: 0.00000 0.52324
dist/lin/ang/drive_left/drive_right/tv_l/tv_r/av_l/av_r/x/y/theta/t_err: 1.17877 0.00000 4.00000 -0.61812 0.48220 -0.37231 0.37475 -0.37231 0.37475 0 0 22.46161 1.17877
fb: -0.06972 0.55908 -0.37167 0.37657
fb: -0.07943 0.56486 -0.36878 0.37368
target: 0.00000 0.52324
dist/lin/ang/drive_left/drive_right/tv_l/tv_r/av_l/av_r/x/y/theta/t_err: 1.09461 0.00000 4.00000 -0.64429 0.48543 -0.36361 0.36394 -0.36361 0.36394 0 0 27.28346 1.09461
fb: -0.05825 0.57106 -0.36568 0.37058
fb: -0.06597 0.57726 -0.36258 0.36748
target: 0.00000 0.52324
dist/lin/ang/drive_left/drive_right/tv_l/tv_r/av_l/av_r/x/y/theta/t_err: 1.00830 0.00000 4.00000 -0.64324 0.51129 -0.35264 0.35828 -0.35264 0.35828 0 0 32.22891 1.00830
fb: -0.06796 0.58235 -0.36004 0.36493
fb: -0.06200 0.58813 -0.35715 0.36204
target: 0.00000 0.52324
dist/lin/ang/drive_left/drive_right/tv_l/tv_r/av_l/av_r/x/y/theta/t_err: 0.92012 0.00000 4.00000 -0.65013 0.52613 -0.35028 0.34803 -0.35028 0.34803 0 0 37.28117 0.92012
fb: -0.05803 0.59468 -0.35387 0.35877
fb: -0.05626 0.59817 -0.35213 0.35702
target: 0.00000 0.52324
dist/lin/ang/drive_left/drive_right/tv_l/tv_r/av_l/av_r/x/y/theta/t_err: 0.83019 0.00000 4.00000 -0.65443 0.54190 -0.34411 0.34411 -0.34411 0.34411 0 0 42.43353 0.83019
fb: -0.06222 0.59900 -0.35171 0.35661
fb: -0.06222 0.60060 -0.35091 0.35581
target: 0.00000 0.52324
dist/lin/ang/drive_left/drive_right/tv_l/tv_r/av_l/av_r/x/y/theta/t_err: 0.73896 0.00000 4.00000 -0.66283 0.53838 -0.34325 0.33933 -0.34325 0.33933 0 0 47.66074 0.73896
fb: -0.05626 0.60067 -0.35088 0.35577
fb: -0.07546 0.59942 -0.35150 0.35640
target: 0.00000 0.52324
dist/lin/ang/drive_left/drive_right/tv_l/tv_r/av_l/av_r/x/y/theta/t_err: 0.64735 0.00000 4.00000 -0.67488 0.52396 -0.34358 0.33894 -0.34358 0.33894 0 0 52.90982 0.64735
fb: -0.10458 0.59900 -0.35171 0.35661
fb: -0.08737 0.60151 -0.35046 0.35535
target: 0.00000 0.52324
dist/lin/ang/drive_left/drive_right/tv_l/tv_r/av_l/av_r/x/y/theta/t_err: 0.55591 0.00000 4.00000 -0.68888 0.51414 -0.34394 0.33861 -0.34394 0.33861 0 0 58.14851 0.55591
fb: -0.06399 0.60367 -0.34938 0.35427
fb: -0.06399 0.60311 -0.34966 0.35455
target: 0.00000 0.50288
dist/lin/ang/drive_left/drive_right/tv_l/tv_r/av_l/av_r/x/y/theta/t_err: 0.46404 0.00000 3.84432 -0.66710 0.53913 -0.34136 0.33914 -0.34136 0.33914 0 0 63.41272 0.46404
fb: -0.06200 0.60513 -0.23318 0.23808
fb: -0.06200 0.60806 -0.23172 0.23661
target: 0.00000 0.36120
dist/lin/ang/drive_left/drive_right/tv_l/tv_r/av_l/av_r/x/y/theta/t_err: 0.37188 0.00000 2.76125 -0.67006 0.54606 -0.31483 0.30147 -0.31483 0.30147 0 0 68.69297 0.37188
fb: -0.06399 0.60708 0.55751 -0.56240
fb: -0.07568 0.59858 0.55326 -0.55815
target: 0.00000 0.21781
dist/lin/ang/drive_left/drive_right/tv_l/tv_r/av_l/av_r/x/y/theta/t_err: 0.27910 0.00000 1.66509 -0.67426 0.52290 -0.19283 0.17747 -0.19283 0.17747 0 0 74.00867 0.27910
fb: -0.08936 0.58904 0.72395 -0.72885
fb: -0.09510 0.57754 0.71821 -0.72310
target: 0.00000 0.08249
dist/lin/ang/drive_left/drive_right/tv_l/tv_r/av_l/av_r/x/y/theta/t_err: 0.18809 0.00000 0.63063 -0.67264 0.48245 0.25136 -0.33997 0.25136 -0.33997 0 0 79.22339 0.18809
fb: -0.10458 0.52745 0.81516 -0.82005
fb: -0.09289 0.45206 0.77746 -0.78236
target: 0.00000 -0.03717
dist/lin/ang/drive_left/drive_right/tv_l/tv_r/av_l/av_r/x/y/theta/t_err: 0.10226 0.00000 -0.28414 -0.54495 0.35916 0.31875 -0.46817 0.31875 -0.46817 0 0 84.14106 0.10226
fb: -0.06796 0.37813 0.81005 -0.81495
fb: -0.05825 0.29647 0.76922 -0.77412
target: 0.00000 -0.09487
dist/lin/ang/drive_left/drive_right/tv_l/tv_r/av_l/av_r/x/y/theta/t_err: 0.03588 0.00000 -0.72521 -0.35472 0.23822 0.30217 -0.37850 0.30217 -0.37850 0 0 87.94421 0.03588
fb: -0.05627 0.21850 0.51890 -0.52379
fb: -0.05230 0.13963 0.36222 -0.36711
target: 0.00000 -0.10599
dist/lin/ang/drive_left/drive_right/tv_l/tv_r/av_l/av_r/x/y/theta/t_err: -0.00661 0.00000 -0.81022 -0.19193 0.08733 0.34222 -0.41458 0.34222 -0.41458 0 0 90.37858 -0.00661
fb: -0.04656 0.05839 0.16007 -0.16497
fb: -0.04082 -0.00975 0.16007 -0.16497
target: 0.00000 -0.07909
dist/lin/ang/drive_left/drive_right/tv_l/tv_r/av_l/av_r/x/y/theta/t_err: -0.02482 0.00000 -0.60465 -0.03107 -0.05058 0.29228 -0.26097 0.29228 -0.26097 0 0 91.42225 -0.02482
fb: -0.03089 -0.05748 -0.10704 0.11194
fb: -0.02516 -0.08271 -0.10704 0.11194
target: 0.00000 -0.02629
dist/lin/ang/drive_left/drive_right/tv_l/tv_r/av_l/av_r/x/y/theta/t_err: -0.02173 0.00000 -0.20098 0.05755 -0.10786 0.14169 -0.10372 0.14169 -0.10372 0 0 91.24522 -0.02173
fb: -0.01942 -0.08925 -0.25903 0.26392
fb: -0.02339 -0.08480 -0.25903 0.26392
final error was -0.51818
position: -0.47328 -0.73754 90.51818
took 0.56000 time to finish turn
increased to 135.00000
target: 0.00000 0.15697
dist/lin/ang/drive_left/drive_right/tv_l/tv_r/av_l/av_r/x/y/theta/t_err: 2.35619 0.00000 1.20000 0.00000 0.00000 0.00000 -0.00017 0.00000 -0.00017 0 0 0.00002 2.35619
fb: 0.00000 0.00000 -0.85057 0.85546
fb: 0.00000 0.00000 -0.85057 0.85546
target: 0.00000 0.31394
dist/lin/ang/drive_left/drive_right/tv_l/tv_r/av_l/av_r/x/y/theta/t_err: 2.35619 0.00000 2.40000 0.00000 0.00000 -0.05767 0.05664 -0.05767 0.05664 0 0 0.00005 2.35619
fb: 0.00000 0.00000 -1.00000 1.00000
fb: 0.00000 0.01575 -1.00000 1.00000
target: 0.00000 0.47092
dist/lin/ang/drive_left/drive_right/tv_l/tv_r/av_l/av_r/x/y/theta/t_err: 2.35618 0.00000 3.60000 -0.01575 0.01575 -0.45942 0.37028 -0.45942 0.37028 0 0 0.00063 2.35618
fb: 0.00375 0.07609 -1.00000 1.00000
fb: 0.01545 0.13287 -1.00000 1.00000
target: 0.00000 0.52324
dist/lin/ang/drive_left/drive_right/tv_l/tv_r/av_l/av_r/x/y/theta/t_err: 2.35085 0.00000 4.00000 -0.11743 0.14832 -0.69197 0.49350 -0.69197 0.49350 0 0 0.30631 2.35085
fb: 0.01567 0.17997 -0.79669 0.80158
fb: 0.00397 0.23955 -0.76690 0.77179
target: 0.00000 0.52324
dist/lin/ang/drive_left/drive_right/tv_l/tv_r/av_l/av_r/x/y/theta/t_err: 2.32903 0.00000 4.00000 -0.23557 0.24352 -0.60692 0.50100 -0.60692 0.50100 0 0 1.55622 2.32903
fb: 0.00000 0.29243 -0.50500 0.50989
fb: 0.00772 0.33026 -0.48608 0.49098
target: 0.00000 0.52324
dist/lin/ang/drive_left/drive_right/tv_l/tv_r/av_l/av_r/x/y/theta/t_err: 2.29051 0.00000 4.00000 -0.32254 0.33799 -0.41325 0.46386 -0.41325 0.46386 0 0 3.76329 2.29051
fb: 0.01545 0.35883 -0.47180 0.47669
fb: 0.01169 0.39116 -0.45563 0.46053
target: 0.00000 0.52324
dist/lin/ang/drive_left/drive_right/tv_l/tv_r/av_l/av_r/x/y/theta/t_err: 2.23910 0.00000 4.00000 -0.37947 0.40285 -0.45033 0.44883 -0.45033 0.44883 0 0 6.70930 2.23910
fb: 0.00397 0.42210 -0.44017 0.44506
fb: 0.00000 0.45624 -0.42310 0.42799
target: 0.00000 0.52324
dist/lin/ang/drive_left/drive_right/tv_l/tv_r/av_l/av_r/x/y/theta/t_err: 2.17835 0.00000 4.00000 -0.45624 0.45624 -0.43322 0.43444 -0.43322 0.43444 0 0 10.18985 2.17835
fb: 0.00000 0.48278 -0.40982 0.41472
fb: 0.00000 0.49888 -0.40177 0.40667
target: 0.00000 0.52324
dist/lin/ang/drive_left/drive_right/tv_l/tv_r/av_l/av_r/x/y/theta/t_err: 2.10784 0.00000 4.00000 -0.49888 0.49888 -0.40586 0.40653 -0.40586 0.40653 0 0 14.22950 2.10784
fb: 0.00000 0.51386 -0.39428 0.39918
fb: 0.00000 0.53023 -0.38610 0.39099
target: 0.00000 0.52324
dist/lin/ang/drive_left/drive_right/tv_l/tv_r/av_l/av_r/x/y/theta/t_err: 2.03125 0.00000 4.00000 -0.53023 0.53023 -0.38944 0.38619 -0.38944 0.38619 0 0 18.61786 2.03125
fb: -0.00397 0.54459 -0.37892 0.38381
fb: -0.00397 0.55371 -0.37436 0.37925
target: 0.00000 0.52324
dist/lin/ang/drive_left/drive_right/tv_l/tv_r/av_l/av_r/x/y/theta/t_err: 1.94990 0.00000 4.00000 -0.55768 0.54974 -0.36756 0.37197 -0.36756 0.37197 0 0 23.27924 1.94990
fb: -0.00375 0.56096 -0.37073 0.37563
fb: -0.01942 0.56800 -0.36722 0.37211
target: 0.00000 0.52324
dist/lin/ang/drive_left/drive_right/tv_l/tv_r/av_l/av_r/x/y/theta/t_err: 1.86524 0.00000 4.00000 -0.58741 0.54858 -0.36139 0.36000 -0.36139 0.36000 0 0 28.12951 1.86524
fb: -0.04082 0.57552 -0.36345 0.36835
fb: -0.04656 0.58172 -0.36035 0.36525
target: 0.00000 0.52324
dist/lin/ang/drive_left/drive_right/tv_l/tv_r/av_l/av_r/x/y/theta/t_err: 1.77835 0.00000 4.00000 -0.62828 0.53517 -0.35008 0.35333 -0.35008 0.35333 0 0 33.10794 1.77835
fb: -0.04854 0.58730 -0.35757 0.36246
fb: -0.05626 0.59301 -0.35471 0.35960
target: 0.00000 0.52324
dist/lin/ang/drive_left/drive_right/tv_l/tv_r/av_l/av_r/x/y/theta/t_err: 1.68947 0.00000 4.00000 -0.64927 0.53675 -0.34789 0.34717 -0.34789 0.34717 0 0 38.20046 1.68947
fb: -0.05428 0.59733 -0.35255 0.35744
fb: -0.05626 0.59817 -0.35213 0.35702
target: 0.00000 0.52324
dist/lin/ang/drive_left/drive_right/tv_l/tv_r/av_l/av_r/x/y/theta/t_err: 1.59890 0.00000 4.00000 -0.65443 0.54190 -0.34325 0.34017 -0.34325 0.34017 0 0 43.38997 1.59890
fb: -0.05825 0.60054 -0.35095 0.35584
fb: -0.04633 0.60332 -0.34955 0.35445
target: 0.00000 0.52324
dist/lin/ang/drive_left/drive_right/tv_l/tv_r/av_l/av_r/x/y/theta/t_err: 1.50758 0.00000 4.00000 -0.64966 0.55699 -0.34306 0.33914 -0.34306 0.33914 0 0 48.62227 1.50758
fb: -0.04060 0.60513 -0.34865 0.35354
fb: -0.05053 0.60541 -0.34851 0.35340
target: 0.00000 0.52324
dist/lin/ang/drive_left/drive_right/tv_l/tv_r/av_l/av_r/x/y/theta/t_err: 1.41548 0.00000 4.00000 -0.65594 0.55489 -0.33625 0.33947 -0.33625 0.33947 0 0 53.89919 1.41548
fb: -0.05626 0.60722 -0.34760 0.35250
fb: -0.05825 0.60813 -0.34715 0.35204
target: 0.00000 0.52324
dist/lin/ang/drive_left/drive_right/tv_l/tv_r/av_l/av_r/x/y/theta/t_err: 1.32303 0.00000 4.00000 -0.66638 0.54988 -0.33469 0.33900 -0.33469 0.33900 0 0 59.19615 1.32303
fb: -0.06200 0.60360 -0.34941 0.35431
fb: -0.07744 0.59970 -0.35136 0.35626
target: 0.00000 0.52324
dist/lin/ang/drive_left/drive_right/tv_l/tv_r/av_l/av_r/x/y/theta/t_err: 1.23045 0.00000 4.00000 -0.67714 0.52225 -0.33669 0.33828 -0.33669 0.33828 0 0 64.50056 1.23045
fb: -0.09510 0.59914 -0.35164 0.35654
fb: -0.08737 0.60005 -0.35119 0.35608
target: 0.00000 0.52324
dist/lin/ang/drive_left/drive_right/tv_l/tv_r/av_l/av_r/x/y/theta/t_err: 1.13890 0.00000 4.00000 -0.68742 0.51267 -0.34322 0.33808 -0.34322 0.33808 0 0 69.74568 1.13890
fb: -0.06796 0.59956 -0.35143 0.35633
fb: -0.05031 0.60012 -0.35116 0.35605
target: 0.00000 0.52324
dist/lin/ang/drive_left/drive_right/tv_l/tv_r/av_l/av_r/x/y/theta/t_err: 1.04737 0.00000 4.00000 -0.65042 0.54981 -0.34411 0.33861 -0.34411 0.33861 0 0 74.99035 1.04737
fb: -0.04258 0.60102 -0.35070 0.35560
fb: -0.03486 0.60123 -0.35060 0.35549
target: 0.00000 0.52324
dist/lin/ang/drive_left/drive_right/tv_l/tv_r/av_l/av_r/x/y/theta/t_err: 0.95563 0.00000 4.00000 -0.63609 0.56637 -0.34308 0.33878 -0.34308 0.33878 0 0 80.24618 0.95563
fb: -0.04258 0.60256 -0.34994 0.35483
fb: -0.07193 0.60263 -0.34990 0.35479
target: 0.00000 0.52324
dist/lin/ang/drive_left/drive_right/tv_l/tv_r/av_l/av_r/x/y/theta/t_err: 0.86374 0.00000 4.00000 -0.67455 0.53070 -0.34050 0.33861 -0.34050 0.33861 0 0 85.51157 0.86374
fb: -0.08936 0.59977 -0.35133 0.35622
fb: -0.08715 0.59977 -0.35133 0.35622
target: 0.00000 0.52324
dist/lin/ang/drive_left/drive_right/tv_l/tv_r/av_l/av_r/x/y/theta/t_err: 0.77179 0.00000 4.00000 -0.68692 0.51262 -0.33881 0.33811 -0.33881 0.33811 0 0 90.77948 0.77179
fb: -0.08142 0.60263 -0.34990 0.35479
fb: -0.07767 0.60214 -0.35014 0.35504
target: 0.00000 0.52324
dist/lin/ang/drive_left/drive_right/tv_l/tv_r/av_l/av_r/x/y/theta/t_err: 0.68000 0.00000 4.00000 -0.67980 0.52447 -0.34033 0.33831 -0.34033 0.33831 0 0 96.03893 0.68000
fb: -0.06597 0.59956 -0.35143 0.35633
fb: -0.05428 0.60005 -0.35119 0.35608
target: 0.00000 0.52324
dist/lin/ang/drive_left/drive_right/tv_l/tv_r/av_l/av_r/x/y/theta/t_err: 0.58807 0.00000 4.00000 -0.65432 0.54577 -0.34306 0.33881 -0.34306 0.33881 0 0 101.30589 0.58807
fb: -0.04832 0.60109 -0.35067 0.35556
fb: -0.05031 0.60040 -0.35102 0.35591
target: 0.00000 0.52324
dist/lin/ang/drive_left/drive_right/tv_l/tv_r/av_l/av_r/x/y/theta/t_err: 0.49625 0.00000 4.00000 -0.65070 0.55009 -0.34342 0.33878 -0.34342 0.33878 0 0 106.56690 0.49625
fb: -0.04854 0.59872 -0.35185 0.35675
fb: -0.04854 0.59942 -0.35150 0.35640
target: 0.00000 0.41190
dist/lin/ang/drive_left/drive_right/tv_l/tv_r/av_l/av_r/x/y/theta/t_err: 0.40446 0.00000 3.14882 -0.64796 0.55088 -0.34342 0.33825 -0.34342 0.33825 0 0 111.82607 0.40446
fb: -0.06399 0.59991 0.35810 -0.36299
fb: -0.05825 0.59991 0.35810 -0.36299
target: 0.00000 0.27162
dist/lin/ang/drive_left/drive_right/tv_l/tv_r/av_l/av_r/x/y/theta/t_err: 0.31273 0.00000 2.07646 -0.65816 0.54166 -0.17675 0.24092 -0.17675 0.24092 0 0 117.08212 0.31273
fb: -0.04457 0.59587 0.65040 -0.65529
fb: -0.05031 0.58827 0.64660 -0.65149
target: 0.00000 0.13154
dist/lin/ang/drive_left/drive_right/tv_l/tv_r/av_l/av_r/x/y/theta/t_err: 0.22108 0.00000 1.00562 -0.63858 0.53797 0.28917 -0.25206 0.28917 -0.25206 0 0 122.33330 0.22108
fb: -0.02714 0.53936 0.78514 -0.79004
fb: 0.00000 0.46529 0.74811 -0.75300
target: 0.00000 0.00605
dist/lin/ang/drive_left/drive_right/tv_l/tv_r/av_l/av_r/x/y/theta/t_err: 0.13333 0.00000 0.04624 -0.46529 0.46529 0.23289 -0.45447 0.23289 -0.45447 0 0 127.36097 0.13333
fb: -0.03310 0.38356 0.78846 -0.79335
fb: -0.03310 0.29041 0.74188 -0.74678
target: 0.00000 -0.05414
dist/lin/ang/drive_left/drive_right/tv_l/tv_r/av_l/av_r/x/y/theta/t_err: 0.06515 0.00000 -0.41392 -0.32351 0.25731 0.26094 -0.43086 0.26094 -0.43086 0 0 131.26744 0.06515
fb: 0.00000 0.20324 0.47486 -0.47976
fb: -0.06200 0.12221 0.34617 -0.35106
target: 0.00000 -0.05727
dist/lin/ang/drive_left/drive_right/tv_l/tv_r/av_l/av_r/x/y/theta/t_err: 0.02369 0.00000 -0.43785 -0.18422 0.06021 0.31708 -0.35333 0.31708 -0.35333 0 0 133.64249 0.02369
fb: -0.09687 0.05261 0.09148 -0.09638
fb: -0.06774 -0.00808 0.09148 -0.09638
target: 0.00000 -0.02486
dist/lin/ang/drive_left/drive_right/tv_l/tv_r/av_l/av_r/x/y/theta/t_err: 0.00755 0.00000 -0.19008 -0.05966 -0.07582 0.28403 -0.25411 0.28403 -0.25411 0 0 134.56731 0.00755
fb: -0.04855 -0.05400 -0.16821 0.17311
fb: -0.01942 -0.07546 -0.16821 0.17311
final error was 0.60349
position: -0.04388 -0.84592 134.39651
took 0.70000 time to finish turn
target: 0.00000 0.15697
dist/lin/ang/drive_left/drive_right/tv_l/tv_r/av_l/av_r/x/y/theta/t_err: 2.35619 0.00000 1.20000 0.00000 0.00000 0.00000 -0.00033 0.00000 -0.00033 0 0 0.00002 2.35619
fb: 0.00000 0.00000 -0.85057 0.85546
fb: 0.00000 0.00000 -0.85057 0.85546
target: 0.00000 0.31394
dist/lin/ang/drive_left/drive_right/tv_l/tv_r/av_l/av_r/x/y/theta/t_err: 2.35619 0.00000 2.40000 0.00000 0.00000 -0.06381 0.06708 -0.06381 0.06708 0 0 0.00002 2.35619
fb: 0.00000 0.00000 -1.00000 1.00000
fb: 0.00000 0.00397 -1.00000 1.00000
target: 0.00000 0.47092
dist/lin/ang/drive_left/drive_right/tv_l/tv_r/av_l/av_r/x/y/theta/t_err: 2.35620 0.00000 3.60000 -0.00397 0.00397 -0.49042 0.44556 -0.49042 0.44556 0 0 -0.00009 2.35620
fb: -0.00772 0.04801 -1.00000 1.00000
fb: -0.00397 0.11301 -1.00000 1.00000
target: 0.00000 0.52324
dist/lin/ang/drive_left/drive_right/tv_l/tv_r/av_l/av_r/x/y/theta/t_err: 2.35354 0.00000 4.00000 -0.11699 0.10904 -0.65447 0.53453 -0.65447 0.53453 0 0 0.15221 2.35354
fb: 0.00375 0.16959 -0.80188 0.80677
fb: 0.00397 0.22206 -0.77564 0.78054
target: 0.00000 0.52324
dist/lin/ang/drive_left/drive_right/tv_l/tv_r/av_l/av_r/x/y/theta/t_err: 2.33425 0.00000 4.00000 -0.21808 0.22603 -0.65361 0.51400 -0.65361 0.51400 0 0 1.25718 2.33425
fb: 0.00397 0.27355 -0.51444 0.51933
fb: 0.00000 0.31821 -0.49211 0.49700
target: 0.00000 0.52324
dist/lin/ang/drive_left/drive_right/tv_l/tv_r/av_l/av_r/x/y/theta/t_err: 2.29837 0.00000 4.00000 -0.31821 0.31821 -0.44075 0.38842 -0.44075 0.38842 0 0 3.31331 2.29837
fb: 0.00000 0.34712 -0.47765 0.48255
fb: 0.00000 0.36524 -0.46859 0.47349
target: 0.00000 0.52324
dist/lin/ang/drive_left/drive_right/tv_l/tv_r/av_l/av_r/x/y/theta/t_err: 2.24890 0.00000 4.00000 -0.36524 0.36524 -0.43803 0.45842 -0.43803 0.45842 0 0 6.14775 2.24890
fb: 0.00000 0.38865 -0.45689 0.46178
fb: 0.00000 0.42272 -0.43985 0.44475
target: 0.00000 0.52324
dist/lin/ang/drive_left/drive_right/tv_l/tv_r/av_l/av_r/x/y/theta/t_err: 2.19233 0.00000 4.00000 -0.42272 0.42272 -0.43992 0.44506 -0.43992 0.44506 0 0 9.38868 2.19233
fb: 0.00000 0.45693 -0.42275 0.42764
fb: 0.00000 0.48083 -0.41080 0.41569
target: 0.00000 0.52324
dist/lin/ang/drive_left/drive_right/tv_l/tv_r/av_l/av_r/x/y/theta/t_err: 2.12660 0.00000 4.00000 -0.48083 0.48083 -0.42008 0.42317 -0.42008 0.42317 0 0 13.15471 2.12660
fb: 0.00000 0.49888 -0.40177 0.40667
fb: 0.00000 0.51469 -0.39387 0.39876
target: 0.00000 0.52324
dist/lin/ang/drive_left/drive_right/tv_l/tv_r/av_l/av_r/x/y/theta/t_err: 2.05268 0.00000 4.00000 -0.51469 0.51469 -0.40383 0.39989 -0.40383 0.39989 0 0 17.39038 2.05268
fb: 0.00000 0.53058 -0.38592 0.39082
fb: -0.00772 0.54619 -0.37812 0.38301
target: 0.00000 0.52324
dist/lin/ang/drive_left/drive_right/tv_l/tv_r/av_l/av_r/x/y/theta/t_err: 1.97363 0.00000 4.00000 -0.55391 0.53847 -0.37950 0.37781 -0.37950 0.37781 0 0 21.91942 1.97363
fb: -0.01545 0.55629 -0.37307 0.37796
fb: -0.02537 0.56326 -0.36958 0.37448
target: 0.00000 0.52324
dist/lin/ang/drive_left/drive_right/tv_l/tv_r/av_l/av_r/x/y/theta/t_err: 1.89006 0.00000 4.00000 -0.58863 0.53788 -0.36292 0.36583 -0.36292 0.36583 0 0 26.70763 1.89006
fb: -0.02537 0.57037 -0.36603 0.37092
fb: -0.03089 0.57782 -0.36230 0.36720
target: 0.00000 0.52324
dist/lin/ang/drive_left/drive_right/tv_l/tv_r/av_l/av_r/x/y/theta/t_err: 1.80395 0.00000 4.00000 -0.60871 0.54693 -0.35164 0.35881 -0.35164 0.35881 0 0 31.64112 1.80395
fb: -0.03883 0.58360 -0.35941 0.36431
fb: -0.03685 0.58604 -0.35819 0.36309
target: 0.00000 0.52324
dist/lin/ang/drive_left/drive_right/tv_l/tv_r/av_l/av_r/x/y/theta/t_err: 1.71566 0.00000 4.00000 -0.62289 0.54920 -0.34889 0.34922 -0.34889 0.34922 0 0 36.70007 1.71566
fb: -0.05604 0.58827 -0.35708 0.36197
fb: -0.06994 0.59043 -0.35600 0.36089
target: 0.00000 0.52324
dist/lin/ang/drive_left/drive_right/tv_l/tv_r/av_l/av_r/x/y/theta/t_err: 1.62620 0.00000 4.00000 -0.66038 0.52049 -0.34292 0.34683 -0.34292 0.34683 0 0 41.82573 1.62620
fb: -0.06994 0.59071 -0.35586 0.36075
fb: -0.07943 0.58981 -0.35631 0.36120
target: 0.00000 0.52324
dist/lin/ang/drive_left/drive_right/tv_l/tv_r/av_l/av_r/x/y/theta/t_err: 1.53616 0.00000 4.00000 -0.66924 0.51037 -0.34306 0.34633 -0.34306 0.34633 0 0 46.98445 1.53616
fb: -0.07369 0.59392 -0.35426 0.35915
fb: -0.06200 0.59796 -0.35224 0.35713
target: 0.00000 0.52324
dist/lin/ang/drive_left/drive_right/tv_l/tv_r/av_l/av_r/x/y/theta/t_err: 1.44596 0.00000 4.00000 -0.65996 0.53596 -0.34239 0.34564 -0.34239 0.34564 0 0 52.15278 1.44596
fb: -0.06399 0.59865 -0.35189 0.35678
fb: -0.05428 0.60026 -0.35109 0.35598
target: 0.00000 0.52324
dist/lin/ang/drive_left/drive_right/tv_l/tv_r/av_l/av_r/x/y/theta/t_err: 1.35475 0.00000 4.00000 -0.65453 0.54598 -0.34308 0.33950 -0.34308 0.33950 0 0 57.37831 1.35475
fb: -0.04656 0.60381 -0.34931 0.35420
fb: -0.05251 0.60499 -0.34872 0.35361
target: 0.00000 0.52324
dist/lin/ang/drive_left/drive_right/tv_l/tv_r/av_l/av_r/x/y/theta/t_err: 1.26298 0.00000 4.00000 -0.65751 0.55248 -0.34203 0.33917 -0.34203 0.33917 0 0 62.63658 1.26298
fb: -0.05626 0.60409 -0.34917 0.35406
fb: -0.06200 0.60458 -0.34893 0.35382
target: 0.00000 0.52324
dist/lin/ang/drive_left/drive_right/tv_l/tv_r/av_l/av_r/x/y/theta/t_err: 1.17071 0.00000 4.00000 -0.66658 0.54258 -0.33536 0.33878 -0.33536 0.33878 0 0 67.92344 1.17071
fb: -0.07171 0.60499 -0.34872 0.35361
fb: -0.06774 0.60388 -0.34927 0.35417
target: 0.00000 0.52324
dist/lin/ang/drive_left/drive_right/tv_l/tv_r/av_l/av_r/x/y/theta/t_err: 1.07837 0.00000 4.00000 -0.67162 0.53614 -0.33486 0.33828 -0.33486 0.33828 0 0 73.21405 1.07837
fb: -0.06774 0.60283 -0.34980 0.35469
fb: -0.07568 0.60074 -0.35084 0.35574
target: 0.00000 0.52324
dist/lin/ang/drive_left/drive_right/tv_l/tv_r/av_l/av_r/x/y/theta/t_err: 0.98618 0.00000 4.00000 -0.67642 0.52506 -0.33586 0.33844 -0.33586 0.33844 0 0 78.49618 0.98618
fb: -0.07193 0.59928 -0.35157 0.35647
fb: -0.05825 0.59872 -0.35185 0.35675
target: 0.00000 0.52324
dist/lin/ang/drive_left/drive_right/tv_l/tv_r/av_l/av_r/x/y/theta/t_err: 0.89446 0.00000 4.00000 -0.65697 0.54047 -0.34289 0.33808 -0.34289 0.33808 0 0 83.75099 0.89446
fb: -0.05031 0.59963 -0.35140 0.35629
fb: -0.05626 0.59831 -0.35206 0.35695
target: 0.00000 0.52324
dist/lin/ang/drive_left/drive_right/tv_l/tv_r/av_l/av_r/x/y/theta/t_err: 0.80293 0.00000 4.00000 -0.65457 0.54204 -0.34342 0.33811 -0.34342 0.33811 0 0 88.99527 0.80293
fb: -0.05825 0.59698 -0.35272 0.35762
fb: -0.05803 0.59949 -0.35147 0.35636
target: 0.00000 0.52324
dist/lin/ang/drive_left/drive_right/tv_l/tv_r/av_l/av_r/x/y/theta/t_err: 0.71157 0.00000 4.00000 -0.65752 0.54146 -0.34411 0.33844 -0.34411 0.33844 0 0 94.23027 0.71157
fb: -0.06774 0.60144 -0.35049 0.35539
fb: -0.06994 0.59942 -0.35150 0.35640
target: 0.00000 0.52324
dist/lin/ang/drive_left/drive_right/tv_l/tv_r/av_l/av_r/x/y/theta/t_err: 0.61985 0.00000 4.00000 -0.66936 0.52948 -0.34394 0.33828 -0.34394 0.33828 0 0 99.48515 0.61985
fb: -0.05053 0.60081 -0.35081 0.35570
fb: -0.05229 0.60576 -0.34833 0.35323
target: 0.00000 0.52324
dist/lin/ang/drive_left/drive_right/tv_l/tv_r/av_l/av_r/x/y/theta/t_err: 0.52812 0.00000 4.00000 -0.65805 0.55347 -0.34375 0.33861 -0.34375 0.33861 0 0 104.74087 0.52812
fb: -0.06597 0.60904 -0.34670 0.35159
fb: -0.05428 0.60813 -0.34715 0.35204
target: 0.00000 0.45684
dist/lin/ang/drive_left/drive_right/tv_l/tv_r/av_l/av_r/x/y/theta/t_err: 0.43532 0.00000 3.49241 -0.66241 0.55385 -0.33619 0.33861 -0.33619 0.33861 0 0 110.05802 0.43532
fb: -0.05031 0.60660 0.10661 -0.11150
fb: -0.05251 0.60618 0.10640 -0.11129
target: 0.00000 0.31415
dist/lin/ang/drive_left/drive_right/tv_l/tv_r/av_l/av_r/x/y/theta/t_err: 0.34234 0.00000 2.40160 -0.65869 0.55367 -0.18650 0.22792 -0.18650 0.22792 0 0 115.38511 0.34234
fb: -0.03310 0.60054 0.61383 -0.61872
fb: -0.04457 0.58688 0.60700 -0.61190
target: 0.00000 0.17344
dist/lin/ang/drive_left/drive_right/tv_l/tv_r/av_l/av_r/x/y/theta/t_err: 0.24979 0.00000 1.32589 -0.63145 0.54231 0.15675 -0.14869 0.15675 -0.14869 0 0 120.68826 0.24979
fb: -0.08914 0.55901 0.74881 -0.75371
fb: -0.09113 0.49916 0.71889 -0.72378
target: 0.00000 0.04640
dist/lin/ang/drive_left/drive_right/tv_l/tv_r/av_l/av_r/x/y/theta/t_err: 0.16109 0.00000 0.35472 -0.59028 0.40803 0.29175 -0.44675 0.29175 -0.44675 0 0 125.77025 0.16109
fb: -0.07171 0.42767 0.77025 -0.77514
fb: -0.06002 0.35214 0.73248 -0.73738
target: 0.00000 -0.03176
dist/lin/ang/drive_left/drive_right/tv_l/tv_r/av_l/av_r/x/y/theta/t_err: 0.08760 0.00000 -0.24282 -0.41216 0.29212 0.36650 -0.31314 0.36650 -0.31314 0 0 129.98098 0.08760
fb: -0.03685 0.27668 0.56627 -0.57116
fb: -0.02140 0.19621 0.41204 -0.41694
target: 0.00000 -0.05974
dist/lin/ang/drive_left/drive_right/tv_l/tv_r/av_l/av_r/x/y/theta/t_err: 0.03642 0.00000 -0.45669 -0.21761 0.17480 0.32683 -0.35247 0.32683 -0.35247 0 0 132.91323 0.03642
fb: -0.01567 0.12221 0.20494 -0.20983
fb: -0.01743 0.04703 0.20494 -0.20983
target: 0.00000 -0.04798
dist/lin/ang/drive_left/drive_right/tv_l/tv_r/av_l/av_r/x/y/theta/t_err: 0.00903 0.00000 -0.36680 -0.06446 0.02960 0.27239 -0.22242 0.27239 -0.22242 0 0 134.48252 0.00903
fb: -0.02891 -0.01233 -0.05979 0.06468
fb: -0.02339 -0.05247 -0.05979 0.06468
target: 0.00000 -0.00551
dist/lin/ang/drive_left/drive_right/tv_l/tv_r/av_l/av_r/x/y/theta/t_err: 0.00393 0.00000 -0.04212 0.02908 -0.07586 0.14083 -0.10917 0.14083 -0.10917 0 0 134.77502 0.00393
fb: -0.02339 -0.07198 -0.22645 0.23134
fb: -0.03685 -0.07330 -0.22645 0.23134
final error was 0.71704
position: -0.08569 -0.86578 134.28296
took 0.72000 time to finish turn
target: 0.00000 0.15697
dist/lin/ang/drive_left/drive_right/tv_l/tv_r/av_l/av_r/x/y/theta/t_err: 2.35620 0.00000 1.20000 0.00000 0.00000 -0.00033 -0.00017 -0.00033 -0.00017 0 0 -0.00004 2.35620
fb: 0.00000 0.00000 -0.85057 0.85546
fb: 0.00000 0.00000 -0.85057 0.85546
target: 0.00000 0.31394
dist/lin/ang/drive_left/drive_right/tv_l/tv_r/av_l/av_r/x/y/theta/t_err: 2.35619 0.00000 2.40000 0.00000 0.00000 -0.02789 0.08008 -0.02789 0.08008 0 0 -0.00001 2.35619
fb: 0.00000 0.00146 -1.00000 1.00000
fb: 0.00000 0.02480 -1.00000 1.00000
target: 0.00000 0.47092
dist/lin/ang/drive_left/drive_right/tv_l/tv_r/av_l/av_r/x/y/theta/t_err: 2.35613 0.00000 3.60000 -0.02480 0.02480 -0.43256 0.38892 -0.43256 0.38892 0 0 0.00386 2.35613
fb: -0.00397 0.08793 -1.00000 1.00000
fb: -0.00397 0.12967 -1.00000 1.00000
target: 0.00000 0.52324
dist/lin/ang/drive_left/drive_right/tv_l/tv_r/av_l/av_r/x/y/theta/t_err: 2.34931 0.00000 4.00000 -0.13364 0.12569 -0.59919 0.38003 -0.59919 0.38003 0 0 0.39429 2.34931
fb: 0.00000 0.17461 -0.79937 0.80426
fb: 0.00199 0.22833 -0.77251 0.77740
target: 0.00000 0.52324
dist/lin/ang/drive_left/drive_right/tv_l/tv_r/av_l/av_r/x/y/theta/t_err: 2.32773 0.00000 4.00000 -0.22634 0.23031 -0.60917 0.53044 -0.60917 0.53044 0 0 1.63081 2.32773
fb: -0.00199 0.28288 -0.50977 0.51467
fb: -0.01169 0.32309 -0.48967 0.49456
target: 0.00000 0.52324
dist/lin/ang/drive_left/drive_right/tv_l/tv_r/av_l/av_r/x/y/theta/t_err: 2.29087 0.00000 4.00000 -0.33478 0.31139 -0.45308 0.42264 -0.45308 0.42264 0 0 3.74272 2.29087
fb: -0.01147 0.35820 -0.47211 0.47701
fb: -0.01169 0.38872 -0.45685 0.46175
target: 0.00000 0.52324
dist/lin/ang/drive_left/drive_right/tv_l/tv_r/av_l/av_r/x/y/theta/t_err: 2.24035 0.00000 4.00000 -0.40042 0.37703 -0.44628 0.44814 -0.44628 0.44814 0 0 6.63720 2.24035
fb: -0.01567 0.41659 -0.44292 0.44781
fb: -0.01942 0.44481 -0.42881 0.43370
target: 0.00000 0.52324
dist/lin/ang/drive_left/drive_right/tv_l/tv_r/av_l/av_r/x/y/theta/t_err: 2.18012 0.00000 4.00000 -0.46423 0.42539 -0.43478 0.43753 -0.43478 0.43753 0 0 10.08835 2.18012
fb: -0.02515 0.47129 -0.41557 0.42046
fb: -0.03288 0.49303 -0.40470 0.40959
target: 0.00000 0.52324
dist/lin/ang/drive_left/drive_right/tv_l/tv_r/av_l/av_r/x/y/theta/t_err: 2.11134 0.00000 4.00000 -0.52590 0.46015 -0.40825 0.41169 -0.40825 0.41169 0 0 14.02940 2.11134
fb: -0.03111 0.50975 -0.39634 0.40123
fb: -0.03111 0.52389 -0.38927 0.39416
target: 0.00000 0.52324
dist/lin/ang/drive_left/drive_right/tv_l/tv_r/av_l/av_r/x/y/theta/t_err: 2.03559 0.00000 4.00000 -0.55500 0.49278 -0.39286 0.39492 -0.39286 0.39492 0 0 18.36920 2.03559
fb: -0.03288 0.53769 -0.38237 0.38726
fb: -0.02515 0.55058 -0.37592 0.38082
target: 0.00000 0.52324
dist/lin/ang/drive_left/drive_right/tv_l/tv_r/av_l/av_r/x/y/theta/t_err: 1.95521 0.00000 4.00000 -0.57573 0.52542 -0.37044 0.37286 -0.37044 0.37286 0 0 22.97468 1.95521
fb: -0.02339 0.55998 -0.37122 0.37612
fb: -0.01942 0.56403 -0.36920 0.37409
target: 0.00000 0.52324
dist/lin/ang/drive_left/drive_right/tv_l/tv_r/av_l/av_r/x/y/theta/t_err: 1.87094 0.00000 4.00000 -0.58344 0.54461 -0.36172 0.36292 -0.36172 0.36292 0 0 27.80286 1.87094
fb: -0.01920 0.56744 -0.36749 0.37239
fb: -0.02714 0.57364 -0.36439 0.36929
target: 0.00000 0.52324
dist/lin/ang/drive_left/drive_right/tv_l/tv_r/av_l/av_r/x/y/theta/t_err: 1.78483 0.00000 4.00000 -0.60078 0.54650 -0.35128 0.35778 -0.35128 0.35778 0 0 32.73649 1.78483
fb: -0.04082 0.57908 -0.36168 0.36657
fb: -0.04656 0.58235 -0.36004 0.36493
target: 0.00000 0.52324
dist/lin/ang/drive_left/drive_right/tv_l/tv_r/av_l/av_r/x/y/theta/t_err: 1.69717 0.00000 4.00000 -0.62891 0.53579 -0.35008 0.34786 -0.35008 0.34786 0 0 37.75908 1.69717
fb: -0.04656 0.58653 -0.35795 0.36284
fb: -0.05626 0.59071 -0.35586 0.36075
target: 0.00000 0.52324
dist/lin/ang/drive_left/drive_right/tv_l/tv_r/av_l/av_r/x/y/theta/t_err: 1.60819 0.00000 4.00000 -0.64697 0.53445 -0.34975 0.34650 -0.34975 0.34650 0 0 42.85741 1.60819
fb: -0.06001 0.59406 -0.35419 0.35908
fb: -0.05604 0.59656 -0.35293 0.35783
target: 0.00000 0.52324
dist/lin/ang/drive_left/drive_right/tv_l/tv_r/av_l/av_r/x/y/theta/t_err: 1.51800 0.00000 4.00000 -0.65261 0.54052 -0.34292 0.34600 -0.34292 0.34600 0 0 48.02527 1.51800
fb: -0.06222 0.60047 -0.35098 0.35587
fb: -0.06421 0.60165 -0.35039 0.35528
target: 0.00000 0.52324
dist/lin/ang/drive_left/drive_right/tv_l/tv_r/av_l/av_r/x/y/theta/t_err: 1.42684 0.00000 4.00000 -0.66586 0.53744 -0.34394 0.33967 -0.34394 0.33967 0 0 53.24789 1.42684
fb: -0.07369 0.59886 -0.35178 0.35668
fb: -0.09686 0.59782 -0.35230 0.35720
target: 0.00000 0.52324
dist/lin/ang/drive_left/drive_right/tv_l/tv_r/av_l/av_r/x/y/theta/t_err: 1.33518 0.00000 4.00000 -0.69468 0.50096 -0.34394 0.33825 -0.34394 0.33825 0 0 58.49988 1.33518
fb: -0.10855 0.60081 -0.35081 0.35570
fb: -0.11253 0.60095 -0.35074 0.35563
target: 0.00000 0.52324
dist/lin/ang/drive_left/drive_right/tv_l/tv_r/av_l/av_r/x/y/theta/t_err: 1.24376 0.00000 4.00000 -0.71348 0.48843 -0.34392 0.33808 -0.34392 0.33808 0 0 63.73785 1.24376
fb: -0.10458 0.60060 -0.35091 0.35581
fb: -0.09686 0.60270 -0.34987 0.35476
target: 0.00000 0.52324
dist/lin/ang/drive_left/drive_right/tv_l/tv_r/av_l/av_r/x/y/theta/t_err: 1.15205 0.00000 4.00000 -0.69956 0.50583 -0.34375 0.33864 -0.34375 0.33864 0 0 68.99214 1.15205
fb: -0.08737 0.60325 -0.34959 0.35448
fb: -0.08340 0.60235 -0.35004 0.35493
target: 0.00000 0.52324
dist/lin/ang/drive_left/drive_right/tv_l/tv_r/av_l/av_r/x/y/theta/t_err: 1.06003 0.00000 4.00000 -0.68575 0.51894 -0.33728 0.33881 -0.33728 0.33881 0 0 74.26494 1.06003
fb: -0.07943 0.60256 -0.34994 0.35483
fb: -0.07568 0.60130 -0.35056 0.35546
target: 0.00000 0.52324
dist/lin/ang/drive_left/drive_right/tv_l/tv_r/av_l/av_r/x/y/theta/t_err: 0.96801 0.00000 4.00000 -0.67698 0.52562 -0.33964 0.33933 -0.33964 0.33933 0 0 79.53735 0.96801
fb: -0.08737 0.59914 -0.35164 0.35654
fb: -0.08914 0.59977 -0.35133 0.35622
target: 0.00000 0.52324
dist/lin/ang/drive_left/drive_right/tv_l/tv_r/av_l/av_r/x/y/theta/t_err: 0.87620 0.00000 4.00000 -0.68891 0.51063 -0.34258 0.33808 -0.34258 0.33808 0 0 84.79722 0.87620
fb: -0.08914 0.60158 -0.35042 0.35532
fb: -0.08914 0.59956 -0.35143 0.35633
target: 0.00000 0.52324
dist/lin/ang/drive_left/drive_right/tv_l/tv_r/av_l/av_r/x/y/theta/t_err: 0.78450 0.00000 4.00000 -0.68870 0.51042 -0.34411 0.33844 -0.34411 0.33844 0 0 90.05143 0.78450
fb: -0.06796 0.59775 -0.35234 0.35723
fb: -0.06023 0.59872 -0.35185 0.35675
target: 0.00000 0.52324
dist/lin/ang/drive_left/drive_right/tv_l/tv_r/av_l/av_r/x/y/theta/t_err: 0.69293 0.00000 4.00000 -0.65896 0.53849 -0.34394 0.33808 -0.34394 0.33808 0 0 95.29801 0.69293
fb: -0.06972 0.59963 -0.35140 0.35629
fb: -0.08715 0.59705 -0.35269 0.35758
target: 0.00000 0.52324
dist/lin/ang/drive_left/drive_right/tv_l/tv_r/av_l/av_r/x/y/theta/t_err: 0.60133 0.00000 4.00000 -0.68420 0.50990 -0.34342 0.33792 -0.34342 0.33792 0 0 100.54630 0.60133
fb: -0.09708 0.59635 -0.35304 0.35793
fb: -0.09135 0.59782 -0.35230 0.35720
target: 0.00000 0.52324
dist/lin/ang/drive_left/drive_right/tv_l/tv_r/av_l/av_r/x/y/theta/t_err: 0.51002 0.00000 4.00000 -0.68916 0.50647 -0.34444 0.33825 -0.34444 0.33825 0 0 105.77826 0.51002
fb: -0.07744 0.59865 -0.35189 0.35678
fb: -0.07369 0.59907 -0.35168 0.35657
target: 0.00000 0.43410
dist/lin/ang/drive_left/drive_right/tv_l/tv_r/av_l/av_r/x/y/theta/t_err: 0.41853 0.00000 3.31853 -0.67277 0.52538 -0.34325 0.33811 -0.34325 0.33811 0 0 111.02028 0.41853
fb: -0.08340 0.60095 0.23275 -0.23764
fb: -0.07171 0.60479 0.23467 -0.23956
target: 0.00000 0.29304
dist/lin/ang/drive_left/drive_right/tv_l/tv_r/av_l/av_r/x/y/theta/t_err: 0.32676 0.00000 2.24023 -0.67649 0.53308 -0.18633 0.23969 -0.18633 0.23969 0 0 116.27786 0.32676
fb: -0.07171 0.60325 0.63252 -0.63742
fb: -0.08142 0.59426 0.62803 -0.63292
target: 0.00000 0.14994
dist/lin/ang/drive_left/drive_right/tv_l/tv_r/av_l/av_r/x/y/theta/t_err: 0.23430 0.00000 1.14621 -0.67568 0.51285 0.24725 -0.18325 0.24725 -0.18325 0 0 121.57583 0.23430
fb: -0.07369 0.54089 0.77803 -0.78293
fb: -0.05428 0.45847 0.73682 -0.74172
target: 0.00000 0.02326
dist/lin/ang/drive_left/drive_right/tv_l/tv_r/av_l/av_r/x/y/theta/t_err: 0.14575 0.00000 0.17783 -0.51274 0.40419 0.26811 -0.41375 0.26811 -0.41375 0 0 126.64919 0.14575
fb: -0.03883 0.38614 0.77491 -0.77980
fb: -0.04854 0.30351 0.73359 -0.73848
target: 0.00000 -0.03332
dist/lin/ang/drive_left/drive_right/tv_l/tv_r/av_l/av_r/x/y/theta/t_err: 0.07805 0.00000 -0.25472 -0.35205 0.25496 0.27975 -0.41169 0.27975 -0.41169 0 0 130.52825 0.07805
fb: -0.06598 0.23042 0.44783 -0.45273
fb: -0.07370 0.14869 0.31596 -0.32086
target: 0.00000 -0.04722
dist/lin/ang/drive_left/drive_right/tv_l/tv_r/av_l/av_r/x/y/theta/t_err: 0.03403 0.00000 -0.36100 -0.22239 0.07499 0.29689 -0.34019 0.29689 -0.34019 0 0 133.04995 0.03403
fb: -0.06399 0.06954 0.13323 -0.13812
fb: -0.02516 0.00000 0.13323 -0.13812
target: 0.00000 -0.02264
dist/lin/ang/drive_left/drive_right/tv_l/tv_r/av_l/av_r/x/y/theta/t_err: 0.01430 0.00000 -0.17308 -0.02516 -0.02516 0.23289 -0.26744 0.23289 -0.26744 0 0 134.18060 0.01430
fb: -0.00397 -0.05477 -0.13447 0.13937
fb: -0.00397 -0.08535 -0.13447 0.13937
final error was 0.93433
position: -0.17319 -1.11394 134.06567
took 0.70000 time to finish turn
increased to 180.00000
target: 0.00000 0.15697
dist/lin/ang/drive_left/drive_right/tv_l/tv_r/av_l/av_r/x/y/theta/t_err: 3.14159 0.00000 1.20000 0.00000 0.00000 -0.00000 -0.00050 -0.00000 -0.00050 0 0 -0.00002 3.14159
fb: 0.00000 0.00000 -0.85057 0.85546
fb: 0.00000 0.00000 -0.85057 0.85546
target: 0.00000 0.31394
dist/lin/ang/drive_left/drive_right/tv_l/tv_r/av_l/av_r/x/y/theta/t_err: 3.14159 0.00000 2.40000 0.00000 0.00000 -0.02806 0.07461 -0.02806 0.07461 0 0 -0.00003 3.14159
fb: 0.00000 0.00000 -1.00000 1.00000
fb: 0.00000 0.00286 -1.00000 1.00000
target: 0.00000 0.47092
dist/lin/ang/drive_left/drive_right/tv_l/tv_r/av_l/av_r/x/y/theta/t_err: 3.14160 0.00000 3.60000 -0.00286 0.00286 -0.40603 0.40672 -0.40603 0.40672 0 0 -0.00032 3.14160
fb: 0.00000 0.04564 -1.00000 1.00000
fb: 0.00000 0.10298 -1.00000 1.00000
target: 0.00000 0.52324
dist/lin/ang/drive_left/drive_right/tv_l/tv_r/av_l/av_r/x/y/theta/t_err: 3.13913 0.00000 4.00000 -0.10298 0.10298 -0.57939 0.42042 -0.57939 0.42042 0 0 0.14083 3.13913
fb: 0.00000 0.15496 -0.80919 0.81409
fb: 0.00000 0.20736 -0.78299 0.78789
target: 0.00000 0.52324
dist/lin/ang/drive_left/drive_right/tv_l/tv_r/av_l/av_r/x/y/theta/t_err: 3.12136 0.00000 4.00000 -0.20736 0.20736 -0.54806 0.50375 -0.54806 0.50375 0 0 1.15916 3.12136
fb: 0.00000 0.26219 -0.52012 0.52501
fb: 0.00000 0.30706 -0.49768 0.50258
target: 0.00000 0.52324
dist/lin/ang/drive_left/drive_right/tv_l/tv_r/av_l/av_r/x/y/theta/t_err: 3.08756 0.00000 4.00000 -0.30706 0.30706 -0.43547 0.48011 -0.43547 0.48011 0 0 3.09594 3.08756
fb: 0.00000 0.33521 -0.48361 0.48850
fb: 0.00000 0.37144 -0.46549 0.47039
target: 0.00000 0.52324
dist/lin/ang/drive_left/drive_right/tv_l/tv_r/av_l/av_r/x/y/theta/t_err: 3.03992 0.00000 4.00000 -0.37144 0.37144 -0.45875 0.45583 -0.45875 0.45583 0 0 5.82530 3.03992
fb: 0.00000 0.40412 -0.44915 0.45405
fb: 0.00000 0.43492 -0.43376 0.43865
target: 0.00000 0.52324
dist/lin/ang/drive_left/drive_right/tv_l/tv_r/av_l/av_r/x/y/theta/t_err: 2.98214 0.00000 4.00000 -0.43492 0.43492 -0.44094 0.45000 -0.44094 0.45000 0 0 9.13620 2.98214
fb: -0.00772 0.46655 -0.41794 0.42283
fb: -0.01743 0.49303 -0.40470 0.40959
target: 0.00000 0.52324
dist/lin/ang/drive_left/drive_right/tv_l/tv_r/av_l/av_r/x/y/theta/t_err: 2.91462 0.00000 4.00000 -0.51046 0.47559 -0.41272 0.42058 -0.41272 0.42058 0 0 13.00444 2.91462
fb: -0.03111 0.51135 -0.39554 0.40043
fb: -0.05251 0.52661 -0.38791 0.39280
target: 0.00000 0.52324
dist/lin/ang/drive_left/drive_right/tv_l/tv_r/av_l/av_r/x/y/theta/t_err: 2.83886 0.00000 4.00000 -0.57912 0.47410 -0.39286 0.39628 -0.39286 0.39628 0 0 17.34510 2.83886
fb: -0.05825 0.54061 -0.38091 0.38580
fb: -0.05428 0.55427 -0.37408 0.37897
target: 0.00000 0.52324
dist/lin/ang/drive_left/drive_right/tv_l/tv_r/av_l/av_r/x/y/theta/t_err: 2.75808 0.00000 4.00000 -0.60855 0.49999 -0.36958 0.37628 -0.36958 0.37628 0 0 21.97353 2.75808
fb: -0.05229 0.56507 -0.36868 0.37357
fb: -0.04656 0.56995 -0.36624 0.37113
target: 0.00000 0.52324
dist/lin/ang/drive_left/drive_right/tv_l/tv_r/av_l/av_r/x/y/theta/t_err: 2.67320 0.00000 4.00000 -0.61650 0.52339 -0.36106 0.36069 -0.36106 0.36069 0 0 26.83680 2.67320
fb: -0.04656 0.57601 -0.36321 0.36810
fb: -0.05428 0.58388 -0.35927 0.36417
target: 0.00000 0.52324
dist/lin/ang/drive_left/drive_right/tv_l/tv_r/av_l/av_r/x/y/theta/t_err: 2.58607 0.00000 4.00000 -0.63816 0.52960 -0.35025 0.35642 -0.35025 0.35642 0 0 31.82912 2.58607
fb: -0.07369 0.58667 -0.35788 0.36277
fb: -0.07369 0.58542 -0.35851 0.36340
target: 0.00000 0.52324
dist/lin/ang/drive_left/drive_right/tv_l/tv_r/av_l/av_r/x/y/theta/t_err: 2.49703 0.00000 4.00000 -0.65911 0.51172 -0.34392 0.34719 -0.34392 0.34719 0 0 36.93096 2.49703
fb: -0.06399 0.58744 -0.35750 0.36239
fb: -0.06575 0.59050 -0.35596 0.36086
target: 0.00000 0.52324
dist/lin/ang/drive_left/drive_right/tv_l/tv_r/av_l/av_r/x/y/theta/t_err: 2.40760 0.00000 4.00000 -0.65625 0.52475 -0.34292 0.34683 -0.34292 0.34683 0 0 42.05470 2.40760
fb: -0.03089 0.59197 -0.35523 0.36012
fb: 0.00000 0.59433 -0.35405 0.35894
target: 0.00000 0.52324
dist/lin/ang/drive_left/drive_right/tv_l/tv_r/av_l/av_r/x/y/theta/t_err: 2.31750 0.00000 4.00000 -0.59433 0.59433 -0.34292 0.34667 -0.34292 0.34667 0 0 47.21726 2.31750
fb: 0.00000 0.60012 -0.35116 0.35605
fb: 0.00000 0.60423 -0.34910 0.35399
target: 0.00000 0.52324
dist/lin/ang/drive_left/drive_right/tv_l/tv_r/av_l/av_r/x/y/theta/t_err: 2.22655 0.00000 4.00000 -0.60423 0.60423 -0.34342 0.34136 -0.34342 0.34136 0 0 52.42783 2.22655
fb: -0.16107 0.60444 -0.34900 0.35389
fb: -0.18821 0.60604 -0.25409 0.44719
target: 0.00000 0.52324
dist/lin/ang/drive_left/drive_right/tv_l/tv_r/av_l/av_r/x/y/theta/t_err: 2.13439 0.00000 4.00000 -0.79425 0.41783 -0.33672 0.33967 -0.33672 0.33967 0 0 57.70857 2.13439
fb: -0.04854 0.60771 -0.34736 0.35225
fb: -0.04258 0.60771 -0.34736 0.35225
target: 0.00000 0.52324
dist/lin/ang/drive_left/drive_right/tv_l/tv_r/av_l/av_r/x/y/theta/t_err: 2.04183 0.00000 4.00000 -0.65030 0.56513 -0.28814 0.38994 -0.28814 0.38994 0 0 63.01148 2.04183
fb: -0.04060 0.60743 -0.34750 0.35239
fb: -0.04082 0.60813 -0.34715 0.35204
target: 0.00000 0.52324
dist/lin/ang/drive_left/drive_right/tv_l/tv_r/av_l/av_r/x/y/theta/t_err: 1.94905 0.00000 4.00000 -0.64895 0.56731 -0.33111 0.34339 -0.33111 0.34339 0 0 68.32765 1.94905
fb: -0.04457 0.60632 -0.34805 0.35295
fb: -0.05825 0.60437 -0.34903 0.35392
target: 0.00000 0.52324
dist/lin/ang/drive_left/drive_right/tv_l/tv_r/av_l/av_r/x/y/theta/t_err: 1.85628 0.00000 4.00000 -0.66262 0.54612 -0.33483 0.33917 -0.33483 0.33917 0 0 73.64308 1.85628
fb: -0.06597 0.60346 -0.34948 0.35438
fb: -0.06575 0.60437 -0.34903 0.35392
target: 0.00000 0.52324
dist/lin/ang/drive_left/drive_right/tv_l/tv_r/av_l/av_r/x/y/theta/t_err: 1.76400 0.00000 4.00000 -0.67012 0.53862 -0.33450 0.33897 -0.33450 0.33897 0 0 78.93021 1.76400
fb: -0.06597 0.60513 -0.34865 0.35354
fb: -0.05825 0.60576 -0.34833 0.35323
target: 0.00000 0.52324
dist/lin/ang/drive_left/drive_right/tv_l/tv_r/av_l/av_r/x/y/theta/t_err: 1.67159 0.00000 4.00000 -0.66401 0.54751 -0.33503 0.33861 -0.33503 0.33861 0 0 84.22505 1.67159
fb: -0.04457 0.60722 -0.34760 0.35250
fb: -0.04655 0.60862 -0.34690 0.35180
target: 0.00000 0.52324
dist/lin/ang/drive_left/drive_right/tv_l/tv_r/av_l/av_r/x/y/theta/t_err: 1.57891 0.00000 4.00000 -0.65517 0.56206 -0.33469 0.33897 -0.33469 0.33897 0 0 89.53528 1.57891
fb: -0.05626 0.60681 -0.34781 0.35270
fb: -0.05626 0.60639 -0.34802 0.35291
target: 0.00000 0.52324
dist/lin/ang/drive_left/drive_right/tv_l/tv_r/av_l/av_r/x/y/theta/t_err: 1.48594 0.00000 4.00000 -0.66265 0.55012 -0.33503 0.33861 -0.33503 0.33861 0 0 94.86212 1.48594
fb: -0.06023 0.60715 -0.34764 0.35253
fb: -0.06001 0.60625 -0.34809 0.35298
target: 0.00000 0.52324
dist/lin/ang/drive_left/drive_right/tv_l/tv_r/av_l/av_r/x/y/theta/t_err: 1.39311 0.00000 4.00000 -0.66626 0.54623 -0.33519 0.33878 -0.33519 0.33878 0 0 100.18067 1.39311
fb: -0.05229 0.60576 -0.34833 0.35323
fb: -0.04655 0.60918 -0.34663 0.35152
target: 0.00000 0.52324
dist/lin/ang/drive_left/drive_right/tv_l/tv_r/av_l/av_r/x/y/theta/t_err: 1.30039 0.00000 4.00000 -0.65573 0.56262 -0.33519 0.33914 -0.33519 0.33914 0 0 105.49286 1.30039
fb: -0.03883 0.61217 -0.34513 0.35002
fb: -0.03508 0.60924 -0.34659 0.35149
target: 0.00000 0.52324
dist/lin/ang/drive_left/drive_right/tv_l/tv_r/av_l/av_r/x/y/theta/t_err: 1.20708 0.00000 4.00000 -0.64433 0.57416 -0.33453 0.33931 -0.33453 0.33931 0 0 110.83949 1.20708
fb: -0.03861 0.60660 -0.34792 0.35281
fb: -0.03861 0.60674 -0.34785 0.35274
target: 0.00000 0.52324
dist/lin/ang/drive_left/drive_right/tv_l/tv_r/av_l/av_r/x/y/theta/t_err: 1.11391 0.00000 4.00000 -0.64535 0.56812 -0.33536 0.33950 -0.33536 0.33950 0 0 116.17768 1.11391
fb: -0.06994 0.60569 -0.34837 0.35326
fb: -0.08340 0.60479 -0.34882 0.35371
target: 0.00000 0.52324
dist/lin/ang/drive_left/drive_right/tv_l/tv_r/av_l/av_r/x/y/theta/t_err: 1.02101 0.00000 4.00000 -0.68819 0.52138 -0.33519 0.33897 -0.33519 0.33897 0 0 121.50062 1.02101
fb: -0.06774 0.60562 -0.34840 0.35330
fb: -0.06994 0.60632 -0.34805 0.35295
target: 0.00000 0.52324
dist/lin/ang/drive_left/drive_right/tv_l/tv_r/av_l/av_r/x/y/theta/t_err: 0.92832 0.00000 4.00000 -0.67626 0.53638 -0.33533 0.33844 -0.33533 0.33844 0 0 126.81108 0.92832
fb: -0.06023 0.60660 -0.34792 0.35281
fb: -0.05428 0.60743 -0.34750 0.35239
target: 0.00000 0.52324
dist/lin/ang/drive_left/drive_right/tv_l/tv_r/av_l/av_r/x/y/theta/t_err: 0.83543 0.00000 4.00000 -0.66171 0.55316 -0.33569 0.33931 -0.33569 0.33931 0 0 132.13326 0.83543
fb: -0.05626 0.60743 -0.34750 0.35239
fb: -0.04457 0.60667 -0.34788 0.35277
target: 0.00000 0.52324
dist/lin/ang/drive_left/drive_right/tv_l/tv_r/av_l/av_r/x/y/theta/t_err: 0.74241 0.00000 4.00000 -0.65124 0.56210 -0.33536 0.33897 -0.33536 0.33897 0 0 137.46296 0.74241
fb: -0.04060 0.60715 -0.34764 0.35253
fb: -0.05031 0.60722 -0.34760 0.35250
target: 0.00000 0.52324
dist/lin/ang/drive_left/drive_right/tv_l/tv_r/av_l/av_r/x/y/theta/t_err: 0.64942 0.00000 4.00000 -0.65753 0.55692 -0.33519 0.33950 -0.33519 0.33950 0 0 142.79119 0.64942
fb: -0.05626 0.60479 -0.34882 0.35371
fb: -0.06023 0.60569 -0.34837 0.35326
target: 0.00000 0.52324
dist/lin/ang/drive_left/drive_right/tv_l/tv_r/av_l/av_r/x/y/theta/t_err: 0.55645 0.00000 4.00000 -0.66593 0.54546 -0.33533 0.33844 -0.33533 0.33844 0 0 148.11761 0.55645
fb: -0.06399 0.60813 -0.34715 0.35204
fb: -0.05825 0.60604 -0.34819 0.35309
target: 0.00000 0.49965
dist/lin/ang/drive_left/drive_right/tv_l/tv_r/av_l/av_r/x/y/theta/t_err: 0.46351 0.00000 3.81967 -0.66429 0.54779 -0.33556 0.33844 -0.33556 0.33844 0 0 153.44311 0.46351
fb: -0.05053 0.60102 -0.21695 0.22184
fb: -0.05031 0.60123 -0.21685 0.22174
target: 0.00000 0.35833
dist/lin/ang/drive_left/drive_right/tv_l/tv_r/av_l/av_r/x/y/theta/t_err: 0.37080 0.00000 2.73930 -0.65154 0.55093 -0.32239 0.32528 -0.32239 0.32528 0 0 158.75451 0.37080
fb: -0.05031 0.60290 0.55718 -0.56208
fb: -0.05053 0.59733 0.55439 -0.55929
target: 0.00000 0.21792
dist/lin/ang/drive_left/drive_right/tv_l/tv_r/av_l/av_r/x/y/theta/t_err: 0.27849 0.00000 1.66596 -0.64786 0.54680 -0.19831 0.20361 -0.19831 0.20361 0 0 164.04363 0.27849
fb: -0.05428 0.58744 0.70959 -0.71448
fb: -0.06575 0.57852 0.70513 -0.71002
target: 0.00000 0.08099
dist/lin/ang/drive_left/drive_right/tv_l/tv_r/av_l/av_r/x/y/theta/t_err: 0.18733 0.00000 0.61911 -0.64427 0.51277 0.23372 -0.32097 0.23372 -0.32097 0 0 169.26702 0.18733
fb: -0.07193 0.55246 0.83672 -0.84162
fb: -0.05825 0.48543 0.80321 -0.80810
target: 0.00000 -0.04548
dist/lin/ang/drive_left/drive_right/tv_l/tv_r/av_l/av_r/x/y/theta/t_err: 0.09961 0.00000 -0.34765 -0.54368 0.42718 0.42725 -0.49022 0.42725 -0.49022 0 0 174.29275 0.09961
fb: -0.04832 0.40551 0.86406 -0.86896
fb: -0.05627 0.33256 0.82759 -0.83248
target: 0.00000 -0.11684
dist/lin/ang/drive_left/drive_right/tv_l/tv_r/av_l/av_r/x/y/theta/t_err: 0.02850 0.00000 -0.89318 -0.38883 0.27630 0.34464 -0.38806 0.34464 -0.38806 0 0 178.36702 0.02850
fb: -0.05252 0.24916 0.62142 -0.62632
fb: -0.04457 0.16736 0.58052 -0.58542
target: 0.00000 -0.13704
dist/lin/ang/drive_left/drive_right/tv_l/tv_r/av_l/av_r/x/y/theta/t_err: -0.01920 0.00000 -1.04761 -0.21193 0.12279 0.39697 -0.40914 0.39697 -0.40914 0 0 181.10035 -0.01920
fb: -0.03862 0.08967 0.22175 -0.22664
fb: -0.03884 0.02021 0.22175 -0.22664
target: 0.00000 -0.11572
dist/lin/ang/drive_left/drive_right/tv_l/tv_r/av_l/av_r/x/y/theta/t_err: -0.04200 0.00000 -0.88465 -0.05904 -0.01863 0.35592 -0.35128 0.35592 -0.35128 0 0 182.40648 -0.04200
fb: -0.03111 -0.03735 -0.05742 0.06231
fb: -0.01942 -0.08584 -0.05742 0.06231
target: 0.00000 -0.06806
dist/lin/ang/drive_left/drive_right/tv_l/tv_r/av_l/av_r/x/y/theta/t_err: -0.04300 0.00000 -0.52030 0.06642 -0.10526 0.21903 -0.19386 0.21903 -0.19386 0 0 182.46366 -0.04300
fb: -0.01942 -0.10953 -0.20789 0.21278
fb: -0.01942 -0.11615 -0.20789 0.21278
target: 0.00000 -0.01303
dist/lin/ang/drive_left/drive_right/tv_l/tv_r/av_l/av_r/x/y/theta/t_err: -0.02906 0.00000 -0.09958 0.09673 -0.13557 -0.02600 0.05253 -0.02600 0.05253 0 0 181.66507 -0.02906
fb: -0.02913 -0.11176 -0.27795 0.28284
fb: -0.02516 -0.10410 -0.27795 0.28284
target: 0.00000 0.02170
dist/lin/ang/drive_left/drive_right/tv_l/tv_r/av_l/av_r/x/y/theta/t_err: -0.01159 0.00000 0.16588 0.07894 -0.12925 -0.17300 0.18906 -0.17300 0.18906 0 0 180.66385 -0.01159
fb: -0.00772 -0.09016 -0.20982 0.21472
fb: 0.00000 -0.05741 -0.20982 0.21472
final error was 0.21912
position: 0.22941 -0.94265 179.78088
took 0.94000 time to finish turn
target: 0.00000 0.15697
dist/lin/ang/drive_left/drive_right/tv_l/tv_r/av_l/av_r/x/y/theta/t_err: 3.14159 0.00000 1.20000 0.00000 0.00000 -0.00017 0.00000 -0.00017 0.00000 0 0 0.00002 3.14159
fb: 0.00000 0.00000 -0.85057 0.85546
fb: 0.00000 0.00000 -0.85057 0.85546
target: 0.00000 0.31394
dist/lin/ang/drive_left/drive_right/tv_l/tv_r/av_l/av_r/x/y/theta/t_err: 3.14159 0.00000 2.40000 0.00000 0.00000 -0.07614 0.10628 -0.07614 0.10628 0 0 -0.00004 3.14159
fb: 0.00000 0.00000 -1.00000 1.00000
fb: 0.00000 0.01470 -1.00000 1.00000
target: 0.00000 0.47092
dist/lin/ang/drive_left/drive_right/tv_l/tv_r/av_l/av_r/x/y/theta/t_err: 3.14159 0.00000 3.60000 -0.01470 0.01470 -0.47672 0.42008 -0.47672 0.42008 0 0 0.00037 3.14159
fb: 0.00000 0.06313 -1.00000 1.00000
fb: 0.00000 0.11092 -1.00000 1.00000
target: 0.00000 0.52324
dist/lin/ang/drive_left/drive_right/tv_l/tv_r/av_l/av_r/x/y/theta/t_err: 3.13726 0.00000 4.00000 -0.11092 0.11092 -0.66664 0.35247 -0.66664 0.35247 0 0 0.24822 3.13726
fb: 0.00000 0.15350 -0.80992 0.81482
fb: 0.00000 0.20262 -0.78536 0.79026
target: 0.00000 0.52324
dist/lin/ang/drive_left/drive_right/tv_l/tv_r/av_l/av_r/x/y/theta/t_err: 3.11883 0.00000 4.00000 -0.20262 0.20262 -0.50475 0.48833 -0.50475 0.48833 0 0 1.30447 3.11883
fb: 0.00000 0.25801 -0.52221 0.52710
fb: 0.00000 0.29111 -0.50566 0.51055
target: 0.00000 0.52324
dist/lin/ang/drive_left/drive_right/tv_l/tv_r/av_l/av_r/x/y/theta/t_err: 3.08574 0.00000 4.00000 -0.29111 0.29111 -0.39939 0.40622 -0.39939 0.40622 0 0 3.19992 3.08574
fb: 0.00000 0.31605 -0.49319 0.49808
fb: 0.00000 0.34441 -0.47901 0.48390
target: 0.00000 0.52324
dist/lin/ang/drive_left/drive_right/tv_l/tv_r/av_l/av_r/x/y/theta/t_err: 3.04044 0.00000 4.00000 -0.34441 0.34441 -0.45806 0.46953 -0.45806 0.46953 0 0 5.79556 3.04044
fb: 0.00000 0.38078 -0.46082 0.46572
fb: 0.00000 0.41924 -0.44159 0.44649
target: 0.00000 0.52324
dist/lin/ang/drive_left/drive_right/tv_l/tv_r/av_l/av_r/x/y/theta/t_err: 2.98647 0.00000 4.00000 -0.41924 0.41924 -0.45000 0.45017 -0.45000 0.45017 0 0 8.88782 2.98647
fb: -0.00397 0.44920 -0.42661 0.43151
fb: -0.01942 0.47164 -0.41540 0.42029
target: 0.00000 0.52324
dist/lin/ang/drive_left/drive_right/tv_l/tv_r/av_l/av_r/x/y/theta/t_err: 2.92146 0.00000 4.00000 -0.49105 0.45222 -0.42639 0.42692 -0.42639 0.42692 0 0 12.61247 2.92146
fb: -0.03685 0.49003 -0.40620 0.41109
fb: -0.04457 0.51086 -0.39578 0.40068
target: 0.00000 0.52324
dist/lin/ang/drive_left/drive_right/tv_l/tv_r/av_l/av_r/x/y/theta/t_err: 2.84894 0.00000 4.00000 -0.55543 0.46629 -0.40108 0.40589 -0.40108 0.40589 0 0 16.76784 2.84894
fb: -0.04082 0.52891 -0.38676 0.39165
fb: -0.02913 0.54131 -0.38056 0.38545
target: 0.00000 0.52324
dist/lin/ang/drive_left/drive_right/tv_l/tv_r/av_l/av_r/x/y/theta/t_err: 2.77041 0.00000 4.00000 -0.57044 0.51219 -0.37986 0.38997 -0.37986 0.38997 0 0 21.26736 2.77041
fb: -0.01920 0.55079 -0.37582 0.38071
fb: -0.01567 0.56068 -0.37087 0.37577
target: 0.00000 0.52324
dist/lin/ang/drive_left/drive_right/tv_l/tv_r/av_l/av_r/x/y/theta/t_err: 2.68756 0.00000 4.00000 -0.57635 0.54502 -0.36550 0.36856 -0.36550 0.36856 0 0 26.01395 2.68756
fb: -0.01169 0.56807 -0.36718 0.37207
fb: -0.01920 0.57329 -0.36457 0.36946
target: 0.00000 0.52324
dist/lin/ang/drive_left/drive_right/tv_l/tv_r/av_l/av_r/x/y/theta/t_err: 2.60186 0.00000 4.00000 -0.59249 0.55410 -0.35708 0.35953 -0.35708 0.35953 0 0 30.92461 2.60186
fb: -0.03486 0.57880 -0.36182 0.36671
fb: -0.04082 0.58542 -0.35851 0.36340
target: 0.00000 0.52324
dist/lin/ang/drive_left/drive_right/tv_l/tv_r/av_l/av_r/x/y/theta/t_err: 2.51425 0.00000 4.00000 -0.62623 0.54460 -0.35025 0.34856 -0.35025 0.34856 0 0 35.94383 2.51425
fb: -0.05053 0.59148 -0.35548 0.36037
fb: -0.05229 0.59566 -0.35338 0.35828
target: 0.00000 0.52324
dist/lin/ang/drive_left/drive_right/tv_l/tv_r/av_l/av_r/x/y/theta/t_err: 2.42475 0.00000 4.00000 -0.64795 0.54337 -0.34358 0.34667 -0.34358 0.34667 0 0 41.07193 2.42475
fb: -0.04854 0.59719 -0.35262 0.35751
fb: -0.05053 0.59886 -0.35178 0.35668
target: 0.00000 0.52324
dist/lin/ang/drive_left/drive_right/tv_l/tv_r/av_l/av_r/x/y/theta/t_err: 2.33385 0.00000 4.00000 -0.64939 0.54834 -0.34275 0.33983 -0.34275 0.33983 0 0 46.28023 2.33385
fb: -0.06972 0.59942 -0.35150 0.35640
fb: -0.08142 0.59914 -0.35164 0.35654
target: 0.00000 0.52324
dist/lin/ang/drive_left/drive_right/tv_l/tv_r/av_l/av_r/x/y/theta/t_err: 2.24245 0.00000 4.00000 -0.68056 0.51773 -0.34308 0.33914 -0.34308 0.33914 0 0 51.51731 2.24245
fb: -0.08340 0.60270 -0.34987 0.35476
fb: -0.08715 0.60346 -0.34948 0.35438
target: 0.00000 0.52324
dist/lin/ang/drive_left/drive_right/tv_l/tv_r/av_l/av_r/x/y/theta/t_err: 2.15083 0.00000 4.00000 -0.69061 0.51631 -0.34050 0.33864 -0.34050 0.33864 0 0 56.76674 2.15083
fb: -0.11429 0.60123 -0.35060 0.35549
fb: -0.12223 0.60116 -0.35063 0.35553
target: 0.00000 0.52324
dist/lin/ang/drive_left/drive_right/tv_l/tv_r/av_l/av_r/x/y/theta/t_err: 2.05882 0.00000 4.00000 -0.72340 0.47893 -0.33758 0.33844 -0.33758 0.33844 0 0 62.03855 2.05882
fb: -0.09311 0.60270 -0.34987 0.35476
fb: -0.08936 0.60193 -0.35025 0.35514
target: 0.00000 0.52324
dist/lin/ang/drive_left/drive_right/tv_l/tv_r/av_l/av_r/x/y/theta/t_err: 1.96696 0.00000 4.00000 -0.69129 0.51257 -0.34206 0.33897 -0.34206 0.33897 0 0 67.30141 1.96696
fb: -0.08737 0.60151 -0.35046 0.35535
fb: -0.08318 0.60325 -0.34959 0.35448
target: 0.00000 0.52324
dist/lin/ang/drive_left/drive_right/tv_l/tv_r/av_l/av_r/x/y/theta/t_err: 1.87507 0.00000 4.00000 -0.68643 0.52007 -0.34156 0.33878 -0.34156 0.33878 0 0 72.56647 1.87507
fb: -0.07943 0.60416 -0.34913 0.35403
fb: -0.08539 0.60395 -0.34924 0.35413
target: 0.00000 0.52324
dist/lin/ang/drive_left/drive_right/tv_l/tv_r/av_l/av_r/x/y/theta/t_err: 1.78287 0.00000 4.00000 -0.68934 0.51856 -0.33692 0.33844 -0.33692 0.33844 0 0 77.84922 1.78287
fb: -0.08340 0.60367 -0.34938 0.35427
fb: -0.06399 0.60026 -0.35109 0.35598
target: 0.00000 0.52324
dist/lin/ang/drive_left/drive_right/tv_l/tv_r/av_l/av_r/x/y/theta/t_err: 1.69060 0.00000 4.00000 -0.66424 0.53627 -0.33569 0.33881 -0.33569 0.33881 0 0 83.13570 1.69060
fb: -0.02714 0.59754 -0.35244 0.35734
fb: 0.00000 0.59761 -0.35241 0.35730
target: 0.00000 0.52324
dist/lin/ang/drive_left/drive_right/tv_l/tv_r/av_l/av_r/x/y/theta/t_err: 1.59894 0.00000 4.00000 -0.59761 0.59761 -0.34256 0.33808 -0.34256 0.33808 0 0 88.38733 1.59894
fb: 0.00000 0.59803 -0.35220 0.35709
fb: -0.17453 0.59649 -0.35297 0.35786
target: 0.00000 0.52324
dist/lin/ang/drive_left/drive_right/tv_l/tv_r/av_l/av_r/x/y/theta/t_err: 1.50757 0.00000 4.00000 -0.77102 0.42197 -0.34342 0.33772 -0.34342 0.33772 0 0 93.62256 1.50757
fb: -0.20939 0.59642 -0.24831 0.46259
fb: -0.05825 0.59879 -0.35182 0.35671
target: 0.00000 0.52324
dist/lin/ang/drive_left/drive_right/tv_l/tv_r/av_l/av_r/x/y/theta/t_err: 1.41635 0.00000 4.00000 -0.65704 0.54054 -0.33061 0.36258 -0.33061 0.36258 0 0 98.84884 1.41635
fb: -0.05825 0.60047 -0.35098 0.35587
fb: -0.06200 0.60095 -0.35074 0.35563
target: 0.00000 0.52324
dist/lin/ang/drive_left/drive_right/tv_l/tv_r/av_l/av_r/x/y/theta/t_err: 1.32466 0.00000 4.00000 -0.66295 0.53895 -0.32286 0.35472 -0.32286 0.35472 0 0 104.10257 1.32466
fb: -0.04854 0.60283 -0.34980 0.35469
fb: -0.05428 0.60499 -0.34872 0.35361
target: 0.00000 0.52324
dist/lin/ang/drive_left/drive_right/tv_l/tv_r/av_l/av_r/x/y/theta/t_err: 1.23260 0.00000 4.00000 -0.65927 0.55072 -0.34103 0.33983 -0.34103 0.33983 0 0 109.37694 1.23260
fb: -0.07171 0.60625 -0.34809 0.35298
fb: -0.07369 0.60569 -0.34837 0.35326
target: 0.00000 0.52324
dist/lin/ang/drive_left/drive_right/tv_l/tv_r/av_l/av_r/x/y/theta/t_err: 1.13997 0.00000 4.00000 -0.67938 0.53200 -0.33539 0.33914 -0.33539 0.33914 0 0 114.68467 1.13997
fb: -0.07171 0.60534 -0.34854 0.35344
fb: -0.06399 0.60590 -0.34826 0.35316
target: 0.00000 0.52324
dist/lin/ang/drive_left/drive_right/tv_l/tv_r/av_l/av_r/x/y/theta/t_err: 1.04726 0.00000 4.00000 -0.66989 0.54191 -0.33569 0.33914 -0.33569 0.33914 0 0 119.99638 1.04726
fb: -0.06200 0.60360 -0.34941 0.35431
fb: -0.06597 0.60137 -0.35053 0.35542
target: 0.00000 0.52324
dist/lin/ang/drive_left/drive_right/tv_l/tv_r/av_l/av_r/x/y/theta/t_err: 0.95457 0.00000 4.00000 -0.66734 0.53540 -0.33522 0.33864 -0.33522 0.33864 0 0 125.30731 0.95457
fb: -0.06399 0.60367 -0.34938 0.35427
fb: -0.06023 0.60729 -0.34757 0.35246
target: 0.00000 0.52324
dist/lin/ang/drive_left/drive_right/tv_l/tv_r/av_l/av_r/x/y/theta/t_err: 0.86231 0.00000 4.00000 -0.66753 0.54706 -0.33931 0.33917 -0.33931 0.33917 0 0 130.59331 0.86231
fb: -0.05450 0.60806 -0.34718 0.35208
fb: -0.05031 0.60959 -0.34642 0.35131
target: 0.00000 0.52324
dist/lin/ang/drive_left/drive_right/tv_l/tv_r/av_l/av_r/x/y/theta/t_err: 0.76925 0.00000 4.00000 -0.65990 0.55929 -0.33503 0.33842 -0.33503 0.33842 0 0 135.92503 0.76925
fb: -0.04655 0.61071 -0.34586 0.35075
fb: -0.04457 0.60959 -0.34642 0.35131
target: 0.00000 0.52324
dist/lin/ang/drive_left/drive_right/tv_l/tv_r/av_l/av_r/x/y/theta/t_err: 0.67578 0.00000 4.00000 -0.65416 0.56502 -0.33503 0.33933 -0.33503 0.33933 0 0 141.28083 0.67578
fb: -0.05428 0.60834 -0.34704 0.35194
fb: -0.07369 0.60625 -0.34809 0.35298
target: 0.00000 0.52324
dist/lin/ang/drive_left/drive_right/tv_l/tv_r/av_l/av_r/x/y/theta/t_err: 0.58239 0.00000 4.00000 -0.67994 0.53256 -0.33536 0.33914 -0.33536 0.33914 0 0 146.63126 0.58239
fb: -0.07171 0.60451 -0.34896 0.35385
fb: -0.07171 0.60409 -0.34917 0.35406
target: 0.00000 0.52324
dist/lin/ang/drive_left/drive_right/tv_l/tv_r/av_l/av_r/x/y/theta/t_err: 0.48952 0.00000 4.00000 -0.67580 0.53238 -0.33636 0.33844 -0.33636 0.33844 0 0 151.95280 0.48952
fb: -0.07171 0.60534 -0.34854 0.35344
fb: -0.06597 0.60513 -0.34865 0.35354
target: 0.00000 0.39835
dist/lin/ang/drive_left/drive_right/tv_l/tv_r/av_l/av_r/x/y/theta/t_err: 0.39687 0.00000 3.04529 -0.67111 0.53916 -0.33550 0.33844 -0.33550 0.33844 0 0 157.26091 0.39687
fb: -0.06001 0.60444 0.43715 -0.44204
fb: -0.05428 0.60541 0.43764 -0.44253
target: 0.00000 0.25620
dist/lin/ang/drive_left/drive_right/tv_l/tv_r/av_l/av_r/x/y/theta/t_err: 0.30413 0.00000 1.95855 -0.65969 0.55114 -0.17419 0.28728 -0.17419 0.28728 0 0 162.57459 0.30413
fb: -0.05053 0.60402 0.68099 -0.68588
fb: -0.03883 0.59315 0.67555 -0.68045
target: 0.00000 0.11418
dist/lin/ang/drive_left/drive_right/tv_l/tv_r/av_l/av_r/x/y/theta/t_err: 0.21137 0.00000 0.87286 -0.63198 0.55432 0.29364 -0.17453 0.29364 -0.17453 0 0 167.88948 0.21137
fb: -0.04457 0.56528 0.82716 -0.83205
fb: -0.03883 0.50153 0.79528 -0.80018
target: 0.00000 -0.01689
dist/lin/ang/drive_left/drive_right/tv_l/tv_r/av_l/av_r/x/y/theta/t_err: 0.12149 0.00000 -0.12908 -0.54036 0.46269 0.32525 -0.51008 0.32525 -0.51008 0 0 173.03936 0.12149
fb: -0.03883 0.41840 0.85777 -0.86266
fb: -0.05825 0.33312 0.81513 -0.82002
target: 0.00000 -0.09242
dist/lin/ang/drive_left/drive_right/tv_l/tv_r/av_l/av_r/x/y/theta/t_err: 0.04798 0.00000 -0.70649 -0.39137 0.27487 0.31225 -0.39664 0.31225 -0.39664 0 0 177.25070 0.04798
fb: -0.06200 0.24352 0.60880 -0.61369
fb: -0.06002 0.16137 0.44083 -0.44572
target: 0.00000 -0.10730
dist/lin/ang/drive_left/drive_right/tv_l/tv_r/av_l/av_r/x/y/theta/t_err: 0.00026 0.00000 -0.82030 -0.22139 0.10135 0.35814 -0.36567 0.35814 -0.36567 0 0 179.98531 0.00026
fb: -0.06200 0.08584 0.17791 -0.18281
fb: -0.06201 0.02167 0.17791 -0.18281
target: 0.00000 -0.08272
dist/lin/ang/drive_left/drive_right/tv_l/tv_r/av_l/av_r/x/y/theta/t_err: -0.02169 0.00000 -0.63239 -0.08367 -0.04034 0.20175 -0.33847 0.20175 -0.33847 0 0 181.24283 -0.02169
fb: -0.05450 -0.03045 -0.09421 0.09911
fb: -0.04855 -0.06396 -0.09421 0.09911
final error was -1.32322
position: 0.25104 -1.14175 181.32322
took 0.88000 time to finish turn
WARNING - pros.serial.terminal.terminal:stop - Stopping terminal - pros-cli version:3.5.6

[tomas@nixbtw:~/projects/Robotics/current/Cognex]$

