
[tomas@nixbtw:~/projects/Robotics/current/Cognex]$ t
Not sending analytics for this command.

Established terminal connection



         _+=+_
      .-`  .  `-.          8888888b.  8888888b.   .d88888b.   .d8888b.
   _+`     "     `+_       888   Y88b 888   Y88b d88P" "Y88b d88P  Y88b
  \\\sssssssssssss///      888    888 888    888 888     888 Y88b.
     .ss\  *  /ss.         888   d88P 888   d88P 888     888  "Y888b.
 .+bm  .s  *  s.  md+.     8888888P"  8888888P"  888     888     "Y88b.
.hMMMMs .  *  . sMMMMh.    888        888 T88b   888     888       "888
 `\hMMMb \ | / dMMMh:      888        888  T88b  Y88b. .d88P Y88b  d88P
   -SNMNo  -  oNMNs-       888        888   T88b  "Y88888P"   "Y8888P"
     `+dMh\./dMd/
        `:yNy:`                      Powered by PROS for VEX V5
           "                Copyright (c) Purdue University ACM SIGBots
Version:        4.2.1     Platform:  V1.1.5 (b18)     Uptime:    0.000 s
Compiled:   Jan  1 1980 00:00:00     Directory:


bouncing done
health done
auton done
calibrated!
starting task: 2318298
initializing odom model
timed correctly: 2321169
initializing pf model
initializing smoother model
target: 0.000 0.157
dist/lin/ang/drive_left/drive_right/tv_l/tv_r/av_l/av_r/x/y/theta/t_err: 1.57080 0.00000 1.20000 0.00000 0.00000 0.00000 -0.00033 0.00000 -0.00033 0 0 0.00007 1.57080
fb: 0.00000 0.00000 -0.85057 0.85546
fb: 0.00000 0.00000 -0.85057 0.85546
target: 0.00000 0.31394
dist/lin/ang/drive_left/drive_right/tv_l/tv_r/av_l/av_r/x/y/theta/t_err: 1.57079 0.00000 2.40000 0.00000 0.00000 -0.02875 0.05800 -0.02875 0.05800 0 0 0.00024 1.57079
fb: 0.00000 0.00000 -1.00000 1.00000
fb: 0.00000 0.01226 -1.00000 1.00000
target: 0.00000 0.47092
dist/lin/ang/drive_left/drive_right/tv_l/tv_r/av_l/av_r/x/y/theta/t_err: 1.57080 0.00000 3.60000 -0.01226 0.01226 -0.48936 0.42061 -0.48936 0.42061 0 0 -0.00001 1.57080
fb: 0.00000 0.05748 -1.00000 1.00000
fb: 0.00397 0.10925 -1.00000 1.00000
target: 0.00000 0.62789
dist/lin/ang/drive_left/drive_right/tv_l/tv_r/av_l/av_r/x/y/theta/t_err: 1.56692 0.00000 4.80000 -0.10528 0.11322 -0.70139 0.38722 -0.70139 0.38722 0 0 0.22223 1.56692
fb: 0.00772 0.14980 -1.00000 1.00000
fb: 0.00375 0.20178 -1.00000 1.00000
target: 0.00000 0.78486
dist/lin/ang/drive_left/drive_right/tv_l/tv_r/av_l/av_r/x/y/theta/t_err: 1.54875 0.00000 6.00000 -0.19803 0.20553 -0.73664 0.56125 -0.73664 0.56125 0 0 1.26339 1.54875
fb: 0.00000 0.25439 -1.00000 1.00000
fb: 0.00000 0.31020 -1.00000 1.00000
target: 0.00000 0.78486
dist/lin/ang/drive_left/drive_right/tv_l/tv_r/av_l/av_r/x/y/theta/t_err: 1.51605 0.00000 6.00000 -0.31020 0.31020 -0.64439 0.60364 -0.64439 0.60364 0 0 3.13668 1.51605
fb: 0.00000 0.36399 -0.77532 0.78021
fb: 0.00000 0.41311 -0.75076 0.75565
target: 0.00000 0.78486
dist/lin/ang/drive_left/drive_right/tv_l/tv_r/av_l/av_r/x/y/theta/t_err: 1.46681 0.00000 6.00000 -0.41311 0.41311 -0.59064 0.57286 -0.59064 0.57286 0 0 5.95819 1.46681
fb: 0.00000 0.45930 -0.72766 0.73255
fb: 0.00199 0.48613 -0.71425 0.71914
target: 0.00000 0.78486
dist/lin/ang/drive_left/drive_right/tv_l/tv_r/av_l/av_r/x/y/theta/t_err: 1.40208 0.00000 6.00000 -0.48414 0.48811 -0.47483 0.44281 -0.47483 0.44281 0 0 9.66677 1.40208
fb: 0.00199 0.50863 -0.70299 0.70789
fb: -0.00375 0.53295 -0.69083 0.69573
target: 0.00000 0.78486
dist/lin/ang/drive_left/drive_right/tv_l/tv_r/av_l/av_r/x/y/theta/t_err: 1.32704 0.00000 6.00000 -0.53670 0.52920 -0.46967 0.49964 -0.46967 0.49964 0 0 13.96634 1.32704
fb: -0.01942 0.55936 -0.67763 0.68252
fb: -0.03883 0.59001 -0.66230 0.66720
target: 0.00000 0.78486
dist/lin/ang/drive_left/drive_right/tv_l/tv_r/av_l/av_r/x/y/theta/t_err: 1.24479 0.00000 6.00000 -0.62885 0.55118 -0.50103 0.43292 -0.50103 0.43292 0 0 18.67851 1.24479
fb: -0.04656 0.61635 -0.64913 0.65403
fb: -0.04854 0.63914 -0.63774 0.64264
target: 0.00000 0.78486
dist/lin/ang/drive_left/drive_right/tv_l/tv_r/av_l/av_r/x/y/theta/t_err: 1.15397 0.00000 6.00000 -0.68768 0.59060 -0.51794 0.54311 -0.51794 0.54311 0 0 23.88260 1.15397
fb: -0.05803 0.66296 -0.62583 0.63072
fb: -0.06972 0.69167 -0.61147 0.61637
target: 0.00000 0.78486
dist/lin/ang/drive_left/drive_right/tv_l/tv_r/av_l/av_r/x/y/theta/t_err: 1.05563 0.00000 6.00000 -0.76139 0.62195 -0.55714 0.54364 -0.55714 0.54364 0 0 29.51683 1.05563
fb: -0.07193 0.72428 -0.59517 0.60006
fb: -0.07766 0.75103 -0.58179 0.58669
target: 0.00000 0.78486
dist/lin/ang/drive_left/drive_right/tv_l/tv_r/av_l/av_r/x/y/theta/t_err: 0.94890 0.00000 6.00000 -0.82870 0.67337 -0.57594 0.55097 -0.57594 0.55097 0 0 35.63210 0.94890
fb: -0.09288 0.76776 -0.57343 0.57832
fb: -0.10480 0.78378 -0.56542 0.57031
target: 0.00000 0.78486
dist/lin/ang/drive_left/drive_right/tv_l/tv_r/av_l/av_r/x/y/theta/t_err: 0.83384 0.00000 6.00000 -0.88858 0.67898 -0.56806 0.55011 -0.56806 0.55011 0 0 42.22425 0.83384
fb: -0.12223 0.79960 -0.55751 0.56240
fb: -0.11627 0.81785 -0.54838 0.55328
target: 0.00000 0.78486
dist/lin/ang/drive_left/drive_right/tv_l/tv_r/av_l/av_r/x/y/theta/t_err: 0.71366 0.00000 6.00000 -0.93412 0.70158 -0.54583 0.54961 -0.54583 0.54961 0 0 49.11057 0.71366
fb: -0.10281 0.83562 -0.53950 0.54439
fb: -0.09112 0.85081 -0.53190 0.53680
target: 0.00000 0.66053
dist/lin/ang/drive_left/drive_right/tv_l/tv_r/av_l/av_r/x/y/theta/t_err: 0.58814 0.00000 5.04953 -0.94193 0.75969 -0.53044 0.53406 -0.53044 0.53406 0 0 56.30224 0.58814
fb: -0.07369 0.86440 0.25789 -0.26278
fb: -0.07567 0.87596 0.26367 -0.26857
target: 0.00000 0.46179
dist/lin/ang/drive_left/drive_right/tv_l/tv_r/av_l/av_r/x/y/theta/t_err: 0.45778 0.00000 3.53022 -0.95164 0.80029 -0.27908 0.35694 -0.27908 0.35694 0 0 63.77124 0.45778
fb: -0.08141 0.87938 0.83275 -0.83765
fb: -0.10281 0.86363 0.82488 -0.82977
target: 0.00000 0.25994
dist/lin/ang/drive_left/drive_right/tv_l/tv_r/av_l/av_r/x/y/theta/t_err: 0.32388 0.00000 1.98714 -0.96644 0.76082 0.25922 -0.15742 0.25922 -0.15742 0 0 71.44318 0.32388
fb: -0.13392 0.80831 1.00000 -1.00000
fb: -0.12973 0.73229 1.00000 -1.00000
target: 0.00000 0.07748
dist/lin/ang/drive_left/drive_right/tv_l/tv_r/av_l/av_r/x/y/theta/t_err: 0.19445 0.00000 0.59227 -0.86202 0.60256 0.19492 -0.25306 0.19492 -0.25306 0 0 78.85903 0.19445
fb: -0.12002 0.66791 1.00000 -1.00000
fb: -0.12996 0.58514 1.00000 -1.00000
target: 0.00000 -0.05207
dist/lin/ang/drive_left/drive_right/tv_l/tv_r/av_l/av_r/x/y/theta/t_err: 0.08460 0.00000 -0.39806 -0.71509 0.45518 0.55575 -0.51383 0.55575 -0.51383 0 0 85.15268 0.08460
fb: -0.12025 0.50348 0.93464 -0.93953
fb: -0.09113 0.41004 0.88792 -0.89281
target: 0.00000 -0.14153
dist/lin/ang/drive_left/drive_right/tv_l/tv_r/av_l/av_r/x/y/theta/t_err: -0.00195 0.00000 -1.08198 -0.50117 0.31891 0.45653 -0.51367 0.45653 -0.51367 0 0 90.11144 -0.00195
fb: -0.05428 0.31793 0.76617 -0.77106
fb: -0.03111 0.23098 0.72269 -0.72759
target: 0.00000 -0.18428
dist/lin/ang/drive_left/drive_right/tv_l/tv_r/av_l/av_r/x/y/theta/t_err: -0.06109 0.00000 -1.40878 -0.26209 0.19986 0.42572 -0.32392 0.42572 -0.32392 0 0 93.50032 -0.06109
fb: -0.02538 0.14792 0.52096 -0.52586
fb: -0.03486 0.06515 0.35486 -0.35975
target: 0.00000 -0.18832
dist/lin/ang/drive_left/drive_right/tv_l/tv_r/av_l/av_r/x/y/theta/t_err: -0.09331 0.00000 -1.43968 -0.10001 0.03028 0.28472 -0.28078 0.28472 -0.28078 0 0 95.34611 -0.09331
fb: -0.04656 -0.00111 0.18339 -0.18828
fb: -0.03884 -0.04599 0.18339 -0.18828
target: 0.00000 -0.16009
dist/lin/ang/drive_left/drive_right/tv_l/tv_r/av_l/av_r/x/y/theta/t_err: -0.10093 0.00000 -1.22383 0.00715 -0.08482 0.23458 -0.24022 0.23458 -0.24022 0 0 95.78294 -0.10093
fb: -0.03486 -0.07818 -0.05882 0.06371
fb: -0.02317 -0.09295 -0.05882 0.06371
target: 0.00000 -0.12278
dist/lin/ang/drive_left/drive_right/tv_l/tv_r/av_l/av_r/x/y/theta/t_err: -0.09275 0.00000 -0.93864 0.06978 -0.11612 0.12678 -0.11842 0.12678 -0.11842 0 0 95.31432 -0.09275
fb: -0.01169 -0.09789 -0.12464 0.12953
fb: -0.01169 -0.09448 -0.12464 0.12953
target: 0.00000 -0.09186
dist/lin/ang/drive_left/drive_right/tv_l/tv_r/av_l/av_r/x/y/theta/t_err: -0.07840 0.00000 -0.70226 0.08279 -0.10618 -0.05439 0.06758 -0.05439 0.06758 0 0 94.49197 -0.07840
fb: -0.01147 -0.08682 -0.11662 0.12151
fb: -0.01942 -0.07797 -0.11662 0.12151
target: 0.00000 -0.07162
dist/lin/ang/drive_left/drive_right/tv_l/tv_r/av_l/av_r/x/y/theta/t_err: -0.06430 0.00000 -0.54747 0.05855 -0.09739 -0.11242 0.11381 -0.11242 0.11381 0 0 93.68420 -0.06430
fb: -0.01169 -0.06111 -0.08215 0.08705
fb: 0.00000 -0.03400 -0.08215 0.08705
target: 0.00000 -0.05977
dist/lin/ang/drive_left/drive_right/tv_l/tv_r/av_l/av_r/x/y/theta/t_err: -0.05308 0.00000 -0.45692 0.03400 -0.03400 -0.10231 0.10319 -0.10231 0.10319 0 0 93.04098 -0.05308
fb: 0.00000 -0.00098 -0.05228 0.05717
fb: 0.00000 0.02251 -0.05228 0.05717
target: 0.00000 -0.06603
dist/lin/ang/drive_left/drive_right/tv_l/tv_r/av_l/av_r/x/y/theta/t_err: -0.04925 0.00000 -0.50477 -0.02251 0.02251 -0.06775 0.06894 -0.06775 0.06894 0 0 92.82188 -0.04925
fb: -0.00397 0.03630 0.11143 -0.11632
fb: -0.01169 0.03985 0.11143 -0.11632
target: 0.00000 -0.08385
dist/lin/ang/drive_left/drive_right/tv_l/tv_r/av_l/av_r/x/y/theta/t_err: -0.05306 0.00000 -0.64102 -0.05155 0.02816 0.01333 -0.00803 0.01333 -0.00803 0 0 93.04033 -0.05306
fb: -0.01545 0.03999 0.17541 -0.18030
fb: -0.01169 0.03686 0.17541 -0.18030
target: 0.00000 -0.09643
dist/lin/ang/drive_left/drive_right/tv_l/tv_r/av_l/av_r/x/y/theta/t_err: -0.05916 0.00000 -0.73716 -0.04855 0.02516 0.11942 -0.12131 0.11942 -0.12131 0 0 93.38935 -0.05916
fb: -0.00772 0.03268 0.16023 -0.16512
fb: -0.00772 0.02669 0.16023 -0.16512
target: 0.00000 -0.10335
dist/lin/ang/drive_left/drive_right/tv_l/tv_r/av_l/av_r/x/y/theta/t_err: -0.06459 0.00000 -0.79005 -0.03441 0.01896 0.15364 -0.15981 0.15364 -0.15981 0 0 93.70090 -0.06459
fb: -0.00397 0.00258 0.13940 -0.14429
fb: 0.00397 -0.03080 0.13940 -0.14429
target: 0.00000 -0.10373
dist/lin/ang/drive_left/drive_right/tv_l/tv_r/av_l/av_r/x/y/theta/t_err: -0.06756 0.00000 -0.79297 0.03477 -0.02682 0.13961 -0.14528 0.13961 -0.14528 0 0 93.87079 -0.06756
fb: 0.00397 -0.05504 0.11024 -0.11514
fb: 0.00000 -0.06501 0.11024 -0.11514
target: 0.00000 -0.08188
dist/lin/ang/drive_left/drive_right/tv_l/tv_r/av_l/av_r/x/y/theta/t_err: -0.06198 0.00000 -0.62592 0.06501 -0.06501 0.11908 -0.12867 0.11908 -0.12867 0 0 93.55138 -0.06198
fb: 0.00000 -0.06682 -0.08250 0.08739
fb: 0.00000 -0.06452 -0.08250 0.08739
target: 0.00000 -0.06034
dist/lin/ang/drive_left/drive_right/tv_l/tv_r/av_l/av_r/x/y/theta/t_err: -0.05205 0.00000 -0.46125 0.06452 -0.06452 0.05800 -0.06125 0.05800 -0.06125 0 0 92.98218 -0.05205
fb: 0.00000 -0.06459 -0.09553 0.10043
fb: 0.00000 -0.05567 -0.09553 0.10043
target: 0.00000 -0.04574
dist/lin/ang/drive_left/drive_right/tv_l/tv_r/av_l/av_r/x/y/theta/t_err: -0.04210 0.00000 -0.34963 0.05567 -0.05567 -0.07358 0.07425 -0.07358 0.07425 0 0 92.41212 -0.04210
fb: 0.00000 -0.04383 -0.07408 0.07898
fb: -0.00397 -0.03574 -0.07408 0.07898
target: 0.00000 -0.03701
dist/lin/ang/drive_left/drive_right/tv_l/tv_r/av_l/av_r/x/y/theta/t_err: -0.03406 0.00000 -0.28295 0.03177 -0.03972 -0.08639 0.09358 -0.08639 0.09358 0 0 91.95141 -0.03406
fb: -0.00397 -0.02257 -0.05347 0.05837
fb: 0.00000 -0.00550 -0.05347 0.05837
target: 0.00000 -0.03492
dist/lin/ang/drive_left/drive_right/tv_l/tv_r/av_l/av_r/x/y/theta/t_err: -0.02917 0.00000 -0.26692 0.00550 -0.00550 -0.06947 0.06897 -0.06947 0.06897 0 0 91.67156 -0.02917
fb: 0.00000 0.01373 0.05298 -0.05787
fb: 0.00000 0.02641 0.05298 -0.05787
final error was -1.66541
position: -0.38678 -0.82590 91.66541
took 0.78000 time to finish turn
decreased kd to 4.70000
increased kd to 4.90000
increased kd to 5.10000
increased kd to 5.30000
increased kd to 5.50000
increased kd to 5.70000
increased kd to 5.90000
increased kd to 6.10000
increased kd to 6.30000
target: 0.00000 0.15697
dist/lin/ang/drive_left/drive_right/tv_l/tv_r/av_l/av_r/x/y/theta/t_err: 1.57080 0.00000 1.20000 0.00000 0.00000 -0.00017 0.00017 -0.00017 0.00017 0 0 0.00003 1.57080
fb: 0.00000 0.00000 -0.85057 0.85546
fb: 0.00000 0.00000 -0.85057 0.85546
target: 0.00000 0.31394
dist/lin/ang/drive_left/drive_right/tv_l/tv_r/av_l/av_r/x/y/theta/t_err: 1.57079 0.00000 2.40000 0.00000 0.00000 -0.02978 0.06042 -0.02978 0.06042 0 0 0.00023 1.57079
fb: 0.00000 0.00188 -1.00000 1.00000
fb: 0.00000 0.02432 -1.00000 1.00000
target: 0.00000 0.47092
dist/lin/ang/drive_left/drive_right/tv_l/tv_r/av_l/av_r/x/y/theta/t_err: 1.57070 0.00000 3.60000 -0.02432 0.02432 -0.38875 0.35558 -0.38875 0.35558 0 0 0.00531 1.57070
fb: 0.00000 0.06570 -1.00000 1.00000
fb: 0.00772 0.11733 -1.00000 1.00000
target: 0.00000 0.62789
dist/lin/ang/drive_left/drive_right/tv_l/tv_r/av_l/av_r/x/y/theta/t_err: 1.56527 0.00000 4.80000 -0.10961 0.12506 -0.66767 0.49931 -0.66767 0.49931 0 0 0.31639 1.56527
fb: 0.00772 0.16743 -1.00000 1.00000
fb: 0.00000 0.22568 -1.00000 1.00000
target: 0.00000 0.78486
dist/lin/ang/drive_left/drive_right/tv_l/tv_r/av_l/av_r/x/y/theta/t_err: 1.54533 0.00000 6.00000 -0.22568 0.22568 -0.75269 0.58092 -0.75269 0.58092 0 0 1.45888 1.54533
fb: 0.00000 0.28017 -1.00000 1.00000
fb: 0.00375 0.33814 -1.00000 1.00000
target: 0.00000 0.78486
dist/lin/ang/drive_left/drive_right/tv_l/tv_r/av_l/av_r/x/y/theta/t_err: 1.50899 0.00000 6.00000 -0.33439 0.34189 -0.72533 0.58333 -0.72533 0.58333 0 0 3.54145 1.50899
fb: 0.00375 0.39018 -0.76222 0.76711
fb: 0.00000 0.43944 -0.73759 0.74248
target: 0.00000 0.78486
dist/lin/ang/drive_left/drive_right/tv_l/tv_r/av_l/av_r/x/y/theta/t_err: 1.45556 0.00000 6.00000 -0.43944 0.43944 -0.61206 0.58964 -0.61206 0.58964 0 0 6.60268 1.45556
fb: 0.00397 0.48432 -0.71515 0.72004
fb: 0.00397 0.50292 -0.70585 0.71074
target: 0.00000 0.78486
dist/lin/ang/drive_left/drive_right/tv_l/tv_r/av_l/av_r/x/y/theta/t_err: 1.38683 0.00000 6.00000 -0.49895 0.50689 -0.46853 0.44283 -0.46853 0.44283 0 0 10.54027 1.38683
fb: 0.00000 0.52110 -0.69676 0.70165
fb: 0.00397 0.54765 -0.68348 0.68838
target: 0.00000 0.78486
dist/lin/ang/drive_left/drive_right/tv_l/tv_r/av_l/av_r/x/y/theta/t_err: 1.30948 0.00000 6.00000 -0.54368 0.55162 -0.48953 0.48097 -0.48953 0.48097 0 0 14.97259 1.30948
fb: 0.00397 0.57239 -0.67112 0.67601
fb: 0.00000 0.59552 -0.65955 0.66444
target: 0.00000 0.78486
dist/lin/ang/drive_left/drive_right/tv_l/tv_r/av_l/av_r/x/y/theta/t_err: 1.22507 0.00000 6.00000 -0.59552 0.59552 -0.53864 0.50769 -0.53864 0.50769 0 0 19.80872 1.22507
fb: 0.00000 0.62443 -0.64509 0.64999
fb: 0.00000 0.65356 -0.63053 0.63542
target: 0.00000 0.78486
dist/lin/ang/drive_left/drive_right/tv_l/tv_r/av_l/av_r/x/y/theta/t_err: 1.13313 0.00000 6.00000 -0.65356 0.65356 -0.53078 0.52597 -0.53078 0.52597 0 0 25.07667 1.13313
fb: -0.00397 0.67509 -0.61977 0.62466
fb: -0.01169 0.70059 -0.60701 0.61191
target: 0.00000 0.78486
dist/lin/ang/drive_left/drive_right/tv_l/tv_r/av_l/av_r/x/y/theta/t_err: 1.03273 0.00000 6.00000 -0.71228 0.68890 -0.56944 0.54772 -0.56944 0.54772 0 0 30.82901 1.03273
fb: -0.02515 0.73069 -0.59196 0.59686
fb: -0.04082 0.75605 -0.57928 0.58418
target: 0.00000 0.78486
dist/lin/ang/drive_left/drive_right/tv_l/tv_r/av_l/av_r/x/y/theta/t_err: 0.92466 0.00000 6.00000 -0.79687 0.71523 -0.57647 0.55233 -0.57647 0.55233 0 0 37.02064 0.92466
fb: -0.05251 0.77981 -0.56740 0.57230
fb: -0.05626 0.80071 -0.55695 0.56185
target: 0.00000 0.78486
dist/lin/ang/drive_left/drive_right/tv_l/tv_r/av_l/av_r/x/y/theta/t_err: 0.80846 0.00000 6.00000 -0.85697 0.74445 -0.56225 0.55197 -0.56225 0.55197 0 0 43.67837 0.80846
fb: -0.06575 0.81590 -0.54936 0.55425
fb: -0.08340 0.83026 -0.54218 0.54707
target: 0.00000 0.75186
dist/lin/ang/drive_left/drive_right/tv_l/tv_r/av_l/av_r/x/y/theta/t_err: 0.68575 0.00000 5.74770 -0.91365 0.74686 -0.54036 0.54158 -0.54036 0.54158 0 0 50.70929 0.68575
fb: -0.08935 0.84161 -0.34937 0.35427
fb: -0.09884 0.85158 -0.34439 0.34929
target: 0.00000 0.55659
dist/lin/ang/drive_left/drive_right/tv_l/tv_r/av_l/av_r/x/y/theta/t_err: 0.55865 0.00000 4.25497 -0.95042 0.75274 -0.49178 0.46933 -0.49178 0.46933 0 0 57.99181 0.55865
fb: -0.10855 0.85973 0.69636 -0.70126
fb: -0.11627 0.85339 0.69319 -0.69809
target: 0.00000 0.35882
dist/lin/ang/drive_left/drive_right/tv_l/tv_r/av_l/av_r/x/y/theta/t_err: 0.42827 0.00000 2.74305 -0.96966 0.73712 -0.26589 0.20550 -0.26589 0.20550 0 0 65.46218 0.42827
fb: -0.12796 0.84468 0.93153 -0.93642
fb: -0.14936 0.81785 0.91812 -0.92301
target: 0.00000 0.16922
dist/lin/ang/drive_left/drive_right/tv_l/tv_r/av_l/av_r/x/y/theta/t_err: 0.29829 0.00000 1.29363 -0.96721 0.66849 0.26078 -0.26622 0.26078 -0.26622 0 0 72.90946 0.29829
fb: -0.15135 0.74030 1.00000 -1.00000
fb: -0.11429 0.64471 1.00000 -1.00000
target: 0.00000 0.00908
dist/lin/ang/drive_left/drive_right/tv_l/tv_r/av_l/av_r/x/y/theta/t_err: 0.17690 0.00000 0.06944 -0.75900 0.53042 0.23561 -0.28986 0.23561 -0.28986 0 0 79.86440 0.17690
fb: -0.09686 0.55559 1.00000 -1.00000
fb: -0.12025 0.47582 0.98692 -0.99181
target: 0.00000 -0.07695
dist/lin/ang/drive_left/drive_right/tv_l/tv_r/av_l/av_r/x/y/theta/t_err: 0.08155 0.00000 -0.58828 -0.59607 0.35556 0.47894 -0.27706 0.47894 -0.27706 0 0 85.32728 0.08155
fb: -0.16284 0.40468 0.71856 -0.72345
fb: -0.16880 0.33221 0.68233 -0.68722
target: 0.00000 -0.12762
dist/lin/ang/drive_left/drive_right/tv_l/tv_r/av_l/av_r/x/y/theta/t_err: 0.01146 0.00000 -0.97561 -0.50101 0.16342 0.34375 -0.28472 0.34375 -0.28472 0 0 89.34335 0.01146
fb: -0.13769 0.25216 0.54242 -0.54731
fb: -0.09885 0.16325 0.49797 -0.50286
target: 0.00000 -0.15115
dist/lin/ang/drive_left/drive_right/tv_l/tv_r/av_l/av_r/x/y/theta/t_err: -0.03618 0.00000 -1.15549 -0.26210 0.06440 0.26161 -0.23853 0.26161 -0.23853 0 0 92.07281 -0.03618
fb: -0.04854 0.08612 0.24617 -0.25107
fb: -0.03486 0.02195 0.24617 -0.25107
target: 0.00000 -0.13123
dist/lin/ang/drive_left/drive_right/tv_l/tv_r/av_l/av_r/x/y/theta/t_err: -0.05837 0.00000 -1.00322 -0.05681 -0.01292 0.33261 -0.27208 0.33261 -0.27208 0 0 93.34424 -0.05837
fb: -0.04259 -0.03296 -0.04073 0.04562
fb: -0.04082 -0.06849 -0.04073 0.04562
target: 0.00000 -0.09048
dist/lin/ang/drive_left/drive_right/tv_l/tv_r/av_l/av_r/x/y/theta/t_err: -0.05978 0.00000 -0.69168 0.02767 -0.10931 0.16922 -0.18083 0.16922 -0.18083 0 0 93.42494 -0.05978
fb: -0.03884 -0.08417 -0.16179 0.16669
fb: -0.04082 -0.07950 -0.16179 0.16669
target: 0.00000 -0.04902
dist/lin/ang/drive_left/drive_right/tv_l/tv_r/av_l/av_r/x/y/theta/t_err: -0.04884 0.00000 -0.37471 0.03868 -0.12032 -0.05342 0.04772 -0.05342 0.04772 0 0 92.79823 -0.04884
fb: -0.04082 -0.07135 -0.19276 0.19765
fb: -0.03089 -0.06111 -0.19276 0.19765
target: 0.00000 -0.02989
dist/lin/ang/drive_left/drive_right/tv_l/tv_r/av_l/av_r/x/y/theta/t_err: -0.03702 0.00000 -0.22847 0.03021 -0.09200 -0.14886 0.14578 -0.14886 0.14578 0 0 92.12105 -0.03702
fb: -0.01346 -0.04222 -0.10509 0.10998
fb: -0.00397 -0.00968 -0.10509 0.10998
target: 0.00000 -0.02406
dist/lin/ang/drive_left/drive_right/tv_l/tv_r/av_l/av_r/x/y/theta/t_err: -0.02846 0.00000 -0.18394 0.00571 -0.01366 -0.16425 0.15281 -0.16425 0.15281 0 0 91.63063 -0.02846
fb: -0.00772 0.02390 -0.04912 0.05401
fb: -0.01545 0.04264 -0.04912 0.05401
final error was -1.62082
position: -0.22206 -0.88141 91.62082
took 0.56000 time to finish turn
increased to 135.00000
target: 0.00000 0.15697
dist/lin/ang/drive_left/drive_right/tv_l/tv_r/av_l/av_r/x/y/theta/t_err: 2.35619 0.00000 1.20000 0.00000 0.00000 -0.00017 -0.00033 -0.00017 -0.00033 0 0 0.00013 2.35619
fb: 0.00000 0.00000 -0.85057 0.85546
fb: 0.00000 0.00000 -0.85057 0.85546
target: 0.00000 0.31394
dist/lin/ang/drive_left/drive_right/tv_l/tv_r/av_l/av_r/x/y/theta/t_err: 2.35619 0.00000 2.40000 0.00000 0.00000 -0.05750 0.05614 -0.05750 0.05614 0 0 0.00004 2.35619
fb: 0.00000 0.00000 -1.00000 1.00000
fb: 0.00596 0.00056 -1.00000 1.00000
target: 0.00000 0.47092
dist/lin/ang/drive_left/drive_right/tv_l/tv_r/av_l/av_r/x/y/theta/t_err: 2.35620 0.00000 3.60000 0.00540 0.00652 -0.48458 0.40381 -0.48458 0.40381 0 0 -0.00021 2.35620
fb: 0.01368 0.02369 -1.00000 1.00000
fb: 0.01545 0.08396 -1.00000 1.00000
target: 0.00000 0.62789
dist/lin/ang/drive_left/drive_right/tv_l/tv_r/av_l/av_r/x/y/theta/t_err: 2.35497 0.00000 4.80000 -0.06851 0.09941 -0.57406 0.49367 -0.57406 0.49367 0 0 0.07031 2.35497
fb: 0.00772 0.13517 -1.00000 1.00000
fb: 0.00397 0.19119 -1.00000 1.00000
target: 0.00000 0.78486
dist/lin/ang/drive_left/drive_right/tv_l/tv_r/av_l/av_r/x/y/theta/t_err: 2.34019 0.00000 6.00000 -0.18722 0.19516 -0.70514 0.59342 -0.70514 0.59342 0 0 0.91717 2.34019
fb: 0.00772 0.24951 -1.00000 1.00000
fb: 0.00375 0.30546 -1.00000 1.00000
target: 0.00000 0.78486
dist/lin/ang/drive_left/drive_right/tv_l/tv_r/av_l/av_r/x/y/theta/t_err: 2.30885 0.00000 6.00000 -0.30171 0.30921 -0.66956 0.64217 -0.66956 0.64217 0 0 2.71270 2.30885
fb: 0.00000 0.35430 -0.78016 0.78505
fb: 0.00397 0.40551 -0.75455 0.75945
target: 0.00000 0.78486
dist/lin/ang/drive_left/drive_right/tv_l/tv_r/av_l/av_r/x/y/theta/t_err: 2.26050 0.00000 6.00000 -0.40154 0.40948 -0.69472 0.61617 -0.69472 0.61617 0 0 5.48308 2.26050
fb: 0.01169 0.45624 -0.72919 0.73408
fb: 0.00772 0.49937 -0.70763 0.71252
target: 0.00000 0.78486
dist/lin/ang/drive_left/drive_right/tv_l/tv_r/av_l/av_r/x/y/theta/t_err: 2.19677 0.00000 6.00000 -0.49164 0.50709 -0.52272 0.48047 -0.52272 0.48047 0 0 9.13448 2.19677
fb: 0.00397 0.52313 -0.69575 0.70064
fb: 0.00397 0.55114 -0.68174 0.68664
target: 0.00000 0.78486
dist/lin/ang/drive_left/drive_right/tv_l/tv_r/av_l/av_r/x/y/theta/t_err: 2.12006 0.00000 6.00000 -0.54716 0.55511 -0.53044 0.53694 -0.53044 0.53694 0 0 13.52960 2.12006
fb: 0.00000 0.57357 -0.67052 0.67542
fb: 0.00375 0.60283 -0.65589 0.66079
target: 0.00000 0.78486
dist/lin/ang/drive_left/drive_right/tv_l/tv_r/av_l/av_r/x/y/theta/t_err: 2.03522 0.00000 6.00000 -0.59908 0.60659 -0.48919 0.55233 -0.48919 0.55233 0 0 18.39041 2.03522
fb: 0.00375 0.63217 -0.64123 0.64612
fb: 0.00000 0.65830 -0.62816 0.63305
target: 0.00000 0.78486
dist/lin/ang/drive_left/drive_right/tv_l/tv_r/av_l/av_r/x/y/theta/t_err: 1.94224 0.00000 6.00000 -0.65830 0.65830 -0.55217 0.54567 -0.55217 0.54567 0 0 23.71772 1.94224
fb: 0.00000 0.67871 -0.61795 0.62285
fb: 0.00000 0.70651 -0.60405 0.60895
target: 0.00000 0.78486
dist/lin/ang/drive_left/drive_right/tv_l/tv_r/av_l/av_r/x/y/theta/t_err: 1.84116 0.00000 6.00000 -0.70651 0.70651 -0.57131 0.54722 -0.57131 0.54722 0 0 29.50922 1.84116
fb: 0.00397 0.73445 -0.59008 0.59498
fb: -0.00375 0.75640 -0.57911 0.58400
target: 0.00000 0.78486
dist/lin/ang/drive_left/drive_right/tv_l/tv_r/av_l/av_r/x/y/theta/t_err: 1.73235 0.00000 6.00000 -0.76015 0.75265 -0.57322 0.56364 -0.57322 0.56364 0 0 35.74379 1.73235
fb: -0.04082 0.78169 -0.56646 0.57136
fb: -0.06597 0.80538 -0.55462 0.55951
target: 0.00000 0.78486
dist/lin/ang/drive_left/drive_right/tv_l/tv_r/av_l/av_r/x/y/theta/t_err: 1.61597 0.00000 6.00000 -0.87135 0.73941 -0.56158 0.55919 -0.56158 0.55919 0 0 42.41190 1.61597
fb: -0.06001 0.82385 -0.54539 0.55028
fb: -0.05824 0.84154 -0.53654 0.54143
target: 0.00000 0.78486
dist/lin/ang/drive_left/drive_right/tv_l/tv_r/av_l/av_r/x/y/theta/t_err: 1.49249 0.00000 6.00000 -0.89979 0.78330 -0.53900 0.54072 -0.53900 0.54072 0 0 49.48650 1.49249
fb: -0.05427 0.85555 -0.52953 0.53443
fb: -0.05824 0.86607 -0.52427 0.52917
target: 0.00000 0.78486
dist/lin/ang/drive_left/drive_right/tv_l/tv_r/av_l/av_r/x/y/theta/t_err: 1.36353 0.00000 6.00000 -0.92431 0.80783 -0.52531 0.52772 -0.52531 0.52772 0 0 56.87549 1.36353
fb: -0.06795 0.87492 -0.51985 0.52474
fb: -0.07744 0.87924 -0.51769 0.52258
target: 0.00000 0.78486
dist/lin/ang/drive_left/drive_right/tv_l/tv_r/av_l/av_r/x/y/theta/t_err: 1.23099 0.00000 6.00000 -0.95668 0.80180 -0.51350 0.51022 -0.51350 0.51022 0 0 64.46937 1.23099
fb: -0.10656 0.88516 -0.51473 0.51962
fb: -0.12024 0.89018 -0.51222 0.51711
target: 0.00000 0.78486
dist/lin/ang/drive_left/drive_right/tv_l/tv_r/av_l/av_r/x/y/theta/t_err: 1.09649 0.00000 6.00000 -1.01041 0.76994 -0.50494 0.50494 -0.50494 0.50494 0 0 72.17572 1.09649
fb: -0.11251 0.89415 -0.51023 0.51513
fb: -0.09111 0.89861 -0.50801 0.51290
target: 0.00000 0.78486
dist/lin/ang/drive_left/drive_right/tv_l/tv_r/av_l/av_r/x/y/theta/t_err: 0.96039 0.00000 6.00000 -0.98972 0.80749 -0.50014 0.49414 -0.50014 0.49414 0 0 79.97390 0.96039
fb: -0.05427 0.89917 -0.50773 0.51262
fb: -0.06199 0.90042 -0.50710 0.51199
target: 0.00000 0.78486
dist/lin/ang/drive_left/drive_right/tv_l/tv_r/av_l/av_r/x/y/theta/t_err: 0.82307 0.00000 6.00000 -0.96241 0.83843 -0.49450 0.49503 -0.49450 0.49503 0 0 87.84131 0.82307
fb: -0.10479 0.90216 -0.50623 0.51112
fb: -0.11450 0.90070 -0.50696 0.51185
target: 0.00000 0.72016
dist/lin/ang/drive_left/drive_right/tv_l/tv_r/av_l/av_r/x/y/theta/t_err: 0.68530 0.00000 5.50536 -1.01520 0.78620 -0.49244 0.49261 -0.49244 0.49261 0 0 95.73532 0.68530
fb: -0.13193 0.90028 -0.14030 0.14519
fb: -0.15311 0.89896 -0.14096 0.14585
target: 0.00000 0.51825
dist/lin/ang/drive_left/drive_right/tv_l/tv_r/av_l/av_r/x/y/theta/t_err: 0.54751 0.00000 3.96189 -1.05206 0.74585 -0.49314 0.49278 -0.49314 0.49278 0 0 103.63012 0.54751
fb: -0.15509 0.89561 0.78902 -0.79392
fb: -0.16877 0.89283 0.78763 -0.79252
target: 0.00000 0.31772
dist/lin/ang/drive_left/drive_right/tv_l/tv_r/av_l/av_r/x/y/theta/t_err: 0.41010 0.00000 2.42886 -1.06160 0.72405 -0.23939 0.20344 -0.23939 0.20344 0 0 111.50320 0.41010
fb: -0.16480 0.88077 1.00000 -1.00000
fb: -0.20562 0.86948 1.00000 -0.90653
target: 0.00000 0.12076
dist/lin/ang/drive_left/drive_right/tv_l/tv_r/av_l/av_r/x/y/theta/t_err: 0.27392 0.00000 0.92316 -1.07510 0.66387 0.25942 -0.33314 0.25942 -0.33314 0 0 119.30547 0.27392
fb: -0.20937 0.82071 1.00000 -1.00000
fb: -0.10855 0.75731 1.00000 -1.00000
target: 0.00000 -0.03621
dist/lin/ang/drive_left/drive_right/tv_l/tv_r/av_l/av_r/x/y/theta/t_err: 0.14311 0.00000 -0.27684 -0.86585 0.64876 0.33814 -0.44931 0.33814 -0.44931 0 0 126.80049 0.14311
fb: -0.02912 0.68345 1.00000 -1.00000
fb: 0.00000 0.59531 1.00000 -1.00000
target: 0.00000 -0.18939
dist/lin/ang/drive_left/drive_right/tv_l/tv_r/av_l/av_r/x/y/theta/t_err: 0.02991 0.00000 -1.44786 -0.59531 0.59531 0.47858 -0.25325 0.47858 -0.25325 0 0 133.28623 0.02991
fb: 0.00000 0.49581 1.00000 -1.00000
fb: -0.20542 0.39889 1.00000 -1.00000
target: 0.00000 -0.26445
dist/lin/ang/drive_left/drive_right/tv_l/tv_r/av_l/av_r/x/y/theta/t_err: -0.05753 0.00000 -2.02163 -0.60432 0.19347 0.50597 -0.49656 0.50597 -0.49656 0 0 138.29643 -0.05753
fb: -0.27912 0.31480 0.98313 -0.70890
fb: -0.16505 0.23676 0.80455 -0.80945
target: 0.00000 -0.28909
dist/lin/ang/drive_left/drive_right/tv_l/tv_r/av_l/av_r/x/y/theta/t_err: -0.11563 0.00000 -2.21003 -0.40181 0.07171 0.54706 -0.49125 0.54706 -0.49125 0 0 141.62502 -0.11563
fb: -0.15711 0.15893 0.56763 -0.57253
fb: -0.11430 0.07908 0.52771 -0.53260
target: 0.00000 -0.28694
dist/lin/ang/drive_left/drive_right/tv_l/tv_r/av_l/av_r/x/y/theta/t_err: -0.14897 0.00000 -2.19357 -0.19338 -0.03522 0.32956 -0.35933 0.32956 -0.35933 0 0 143.53530 -0.14897
fb: -0.06796 0.01205 0.37108 -0.37598
fb: -0.04082 -0.04076 0.34467 -0.34957
target: 0.00000 -0.25238
dist/lin/ang/drive_left/drive_right/tv_l/tv_r/av_l/av_r/x/y/theta/t_err: -0.15865 0.00000 -1.92937 -0.00006 -0.08158 0.26694 -0.39786 0.26694 -0.39786 0 0 144.09001 -0.15865
fb: -0.02140 -0.09009 0.05260 -0.05749
fb: -0.03486 -0.13378 0.05260 -0.05749
target: 0.00000 -0.20373
dist/lin/ang/drive_left/drive_right/tv_l/tv_r/av_l/av_r/x/y/theta/t_err: -0.15051 0.00000 -1.55744 0.09891 -0.16864 0.28867 -0.29603 0.28867 -0.29603 0 0 143.62347 -0.15051
fb: -0.03862 -0.16318 -0.12146 0.12635
fb: -0.00375 -0.17670 -0.12146 0.12635
target: 0.00000 -0.14477
dist/lin/ang/drive_left/drive_right/tv_l/tv_r/av_l/av_r/x/y/theta/t_err: -0.12903 0.00000 -1.10673 0.17295 -0.18045 0.05525 -0.05972 0.05525 -0.05972 0 0 142.39259 -0.12903
fb: -0.07193 -0.17307 -0.20734 0.21223
fb: -0.10878 -0.16485 -0.20734 0.21223
target: 0.00000 -0.09465
dist/lin/ang/drive_left/drive_right/tv_l/tv_r/av_l/av_r/x/y/theta/t_err: -0.10225 0.00000 -0.72356 0.05607 -0.27364 -0.11206 0.11056 -0.11206 0.11056 0 0 140.85863 -0.10225
fb: -0.05031 -0.15203 -0.20116 0.20605
fb: -0.01743 -0.13315 -0.20116 0.20605
target: 0.00000 -0.06268
dist/lin/ang/drive_left/drive_right/tv_l/tv_r/av_l/av_r/x/y/theta/t_err: -0.07754 0.00000 -0.47918 0.11572 -0.15058 -0.17861 0.18292 -0.17861 0.18292 0 0 139.44262 -0.07754
fb: -0.00397 -0.09378 -0.14088 0.14577
fb: 0.00000 -0.04620 -0.14088 0.14577
target: 0.00000 -0.04765
dist/lin/ang/drive_left/drive_right/tv_l/tv_r/av_l/av_r/x/y/theta/t_err: -0.05883 0.00000 -0.36428 0.04620 -0.04620 -0.17969 0.17350 -0.17969 0.17350 0 0 138.37080 -0.05883
fb: 0.00000 0.00641 -0.07473 0.07963
fb: 0.00000 0.04153 -0.07473 0.07963
target: 0.00000 -0.06858
dist/lin/ang/drive_left/drive_right/tv_l/tv_r/av_l/av_r/x/y/theta/t_err: -0.05383 0.00000 -0.52424 -0.04153 0.04153 -0.12269 0.12200 -0.12269 0.12200 0 0 138.08447 -0.05383
fb: 0.00000 0.05950 0.17913 -0.18402
fb: 0.00000 0.06675 0.17913 -0.18402
target: 0.00000 -0.10303
dist/lin/ang/drive_left/drive_right/tv_l/tv_r/av_l/av_r/x/y/theta/t_err: -0.06069 0.00000 -0.78766 -0.06675 0.06675 -0.04553 0.01644 -0.04553 0.01644 0 0 138.47717 -0.06069
fb: 0.00000 0.06703 0.26312 -0.26801
fb: 0.00000 0.06417 0.26312 -0.26801
target: 0.00000 -0.12489
dist/lin/ang/drive_left/drive_right/tv_l/tv_r/av_l/av_r/x/y/theta/t_err: -0.07089 0.00000 -0.95475 -0.06417 0.06417 0.15178 -0.16167 0.15178 -0.16167 0 0 139.06192 -0.07089
fb: 0.00000 0.05929 0.22106 -0.22595
fb: -0.00375 0.04912 0.22106 -0.22595
target: 0.00000 -0.13779
dist/lin/ang/drive_left/drive_right/tv_l/tv_r/av_l/av_r/x/y/theta/t_err: -0.08052 0.00000 -1.05338 -0.05287 0.04537 0.23272 -0.23186 0.23272 -0.23186 0 0 139.61333 -0.08052
fb: -0.00375 0.01491 0.18940 -0.19429
fb: 0.00000 -0.03379 0.18940 -0.19429
target: 0.00000 -0.13904
dist/lin/ang/drive_left/drive_right/tv_l/tv_r/av_l/av_r/x/y/theta/t_err: -0.08650 0.00000 -1.06290 0.03379 -0.03379 0.20292 -0.20719 0.20292 -0.20719 0 0 139.95584 -0.08650
fb: -0.00397 -0.07170 0.13778 -0.14268
fb: -0.00397 -0.09079 0.13778 -0.14268
target: 0.00000 -0.10384
dist/lin/ang/drive_left/drive_right/tv_l/tv_r/av_l/av_r/x/y/theta/t_err: -0.08001 0.00000 -0.79384 0.08682 -0.09476 0.17042 -0.17844 0.17042 -0.17844 0 0 139.58398 -0.08001
fb: 0.00000 -0.10458 -0.12783 0.13272
fb: -0.00199 -0.11281 -0.12783 0.13272
target: 0.00000 -0.06638
dist/lin/ang/drive_left/drive_right/tv_l/tv_r/av_l/av_r/x/y/theta/t_err: -0.06558 0.00000 -0.50742 0.11082 -0.11479 0.10147 -0.07544 0.10147 -0.07544 0 0 138.75773 -0.06558
fb: -0.00199 -0.11671 -0.16315 0.16804
fb: 0.00794 -0.11510 -0.16315 0.16804
target: 0.00000 -0.03463
dist/lin/ang/drive_left/drive_right/tv_l/tv_r/av_l/av_r/x/y/theta/t_err: -0.04815 0.00000 -0.26470 0.12305 -0.10716 -0.10983 0.11756 -0.10983 0.11756 0 0 137.75883 -0.04815
fb: 0.01567 -0.10967 -0.15870 0.16359
fb: 0.01920 -0.10228 -0.15870 0.16359
target: 0.00000 -0.00905
dist/lin/ang/drive_left/drive_right/tv_l/tv_r/av_l/av_r/x/y/theta/t_err: -0.03071 0.00000 -0.06915 0.12148 -0.08309 -0.14511 0.14561 -0.14511 0.14561 0 0 136.75932 -0.03071
fb: 0.02714 -0.07852 -0.14807 0.15297
fb: 0.01942 -0.03142 -0.14807 0.15297
target: 0.00000 0.00629
dist/lin/ang/drive_left/drive_right/tv_l/tv_r/av_l/av_r/x/y/theta/t_err: -0.01616 0.00000 0.04808 0.05084 -0.01201 -0.14133 0.14511 -0.14133 0.14511 0 0 135.92595 -0.01616
fb: -0.00000 0.01756 -0.11225 0.11714
fb: -0.00772 0.04090 -0.11225 0.11714
target: 0.00000 -0.01263
dist/lin/ang/drive_left/drive_right/tv_l/tv_r/av_l/av_r/x/y/theta/t_err: -0.01303 0.00000 -0.09655 -0.04862 0.03318 -0.13383 0.13089 -0.13383 0.13089 0 0 135.74640 -0.01303
fb: -0.00772 0.05386 0.13262 -0.13751
fb: -0.00772 0.05936 0.13262 -0.13751
final error was -1.13394
position: 0.50009 -1.23764 136.13394
took 0.94000 time to finish turn
increased to 180.00000
target: 0.00000 0.15697
dist/lin/ang/drive_left/drive_right/tv_l/tv_r/av_l/av_r/x/y/theta/t_err: 3.14159 0.00000 1.20000 0.00000 0.00000 -0.00017 0.00000 -0.00017 0.00000 0 0 -0.00007 3.14159
fb: 0.00000 0.00000 -0.85057 0.85546
fb: 0.00000 0.00000 -0.85057 0.85546
target: 0.00000 0.31394
dist/lin/ang/drive_left/drive_right/tv_l/tv_r/av_l/av_r/x/y/theta/t_err: 3.14159 0.00000 2.40000 0.00000 0.00000 -0.02858 0.02875 -0.02858 0.02875 0 0 -0.00012 3.14159
fb: 0.00000 0.00000 -1.00000 1.00000
fb: 0.00000 0.00690 -1.00000 1.00000
target: 0.00000 0.47092
dist/lin/ang/drive_left/drive_right/tv_l/tv_r/av_l/av_r/x/y/theta/t_err: 3.14159 0.00000 3.60000 -0.00690 0.00690 -0.45736 0.46164 -0.45736 0.46164 0 0 0.00012 3.14159
fb: 0.01169 0.04292 -1.00000 1.00000
fb: 0.01567 0.09720 -1.00000 1.00000
target: 0.00000 0.62789
dist/lin/ang/drive_left/drive_right/tv_l/tv_r/av_l/av_r/x/y/theta/t_err: 3.13891 0.00000 4.80000 -0.08153 0.11286 -0.67928 0.27358 -0.67928 0.27358 0 0 0.15343 3.13891
fb: 0.00397 0.14193 -1.00000 1.00000
fb: -0.00397 0.18401 -1.00000 1.00000
target: 0.00000 0.78486
dist/lin/ang/drive_left/drive_right/tv_l/tv_r/av_l/av_r/x/y/theta/t_err: 3.12231 0.00000 6.00000 -0.18799 0.18004 -0.70361 0.52497 -0.70361 0.52497 0 0 1.10460 3.12231
fb: -0.01567 0.23648 -1.00000 1.00000
fb: -0.02317 0.29292 -1.00000 1.00000
target: 0.00000 0.78486
dist/lin/ang/drive_left/drive_right/tv_l/tv_r/av_l/av_r/x/y/theta/t_err: 3.09215 0.00000 6.00000 -0.31609 0.26975 -0.72278 0.64664 -0.72278 0.64664 0 0 2.83288 3.09215
fb: -0.01942 0.35542 -0.77960 0.78449
fb: -0.01169 0.40941 -0.75260 0.75750
target: 0.00000 0.78486
dist/lin/ang/drive_left/drive_right/tv_l/tv_r/av_l/av_r/x/y/theta/t_err: 3.04506 0.00000 6.00000 -0.42111 0.39772 -0.66475 0.66647 -0.66475 0.66647 0 0 5.53116 3.04506
fb: -0.00772 0.45833 -0.72815 0.73304
fb: -0.01169 0.49233 -0.71114 0.71604
target: 0.00000 0.78486
dist/lin/ang/drive_left/drive_right/tv_l/tv_r/av_l/av_r/x/y/theta/t_err: 2.98080 0.00000 6.00000 -0.50402 0.48063 -0.44011 0.41014 -0.44011 0.41014 0 0 9.21294 2.98080
fb: -0.02317 0.51079 -0.70191 0.70681
fb: -0.04258 0.52821 -0.69320 0.69810
target: 0.00000 0.78486
dist/lin/ang/drive_left/drive_right/tv_l/tv_r/av_l/av_r/x/y/theta/t_err: 2.90513 0.00000 6.00000 -0.57080 0.48563 -0.53711 0.52017 -0.53711 0.52017 0 0 13.54811 2.90513
fb: -0.05428 0.55350 -0.68056 0.68545
fb: -0.05053 0.57761 -0.66850 0.67340
target: 0.00000 0.78486
dist/lin/ang/drive_left/drive_right/tv_l/tv_r/av_l/av_r/x/y/theta/t_err: 2.82357 0.00000 6.00000 -0.62814 0.52708 -0.51281 0.48389 -0.51281 0.48389 0 0 18.22125 2.82357
fb: -0.05825 0.60799 -0.65331 0.65821
fb: -0.06399 0.63356 -0.64053 0.64542
target: 0.00000 0.78486
dist/lin/ang/drive_left/drive_right/tv_l/tv_r/av_l/av_r/x/y/theta/t_err: 2.73422 0.00000 6.00000 -0.69755 0.56958 -0.55286 0.50067 -0.55286 0.50067 0 0 23.34066 2.73422
fb: -0.05229 0.65028 -0.63217 0.63706
fb: -0.05803 0.68010 -0.61726 0.62215
target: 0.00000 0.78486
dist/lin/ang/drive_left/drive_right/tv_l/tv_r/av_l/av_r/x/y/theta/t_err: 2.63711 0.00000 6.00000 -0.73813 0.62208 -0.59869 0.52889 -0.59869 0.52889 0 0 28.90463 2.63711
fb: -0.06796 0.70888 -0.60287 0.60776
fb: -0.06023 0.73369 -0.59047 0.59536
target: 0.00000 0.78486
dist/lin/ang/drive_left/drive_right/tv_l/tv_r/av_l/av_r/x/y/theta/t_err: 2.53231 0.00000 6.00000 -0.79392 0.67345 -0.58742 0.53986 -0.58742 0.53986 0 0 34.90953 2.53231
fb: -0.06398 0.75891 -0.57786 0.58275
fb: -0.07943 0.78218 -0.56622 0.57111
target: 0.00000 0.78486
dist/lin/ang/drive_left/drive_right/tv_l/tv_r/av_l/av_r/x/y/theta/t_err: 2.41940 0.00000 6.00000 -0.86161 0.70275 -0.57664 0.55372 -0.57664 0.55372 0 0 41.37879 2.41940
fb: -0.07943 0.80002 -0.55730 0.56219
fb: -0.08340 0.81932 -0.54765 0.55254
target: 0.00000 0.78486
dist/lin/ang/drive_left/drive_right/tv_l/tv_r/av_l/av_r/x/y/theta/t_err: 2.29947 0.00000 6.00000 -0.90271 0.73592 -0.55456 0.54686 -0.55456 0.54686 0 0 48.24994 2.29947
fb: -0.10281 0.83506 -0.53978 0.54467
fb: -0.11450 0.84754 -0.53354 0.53844
target: 0.00000 0.78486
dist/lin/ang/drive_left/drive_right/tv_l/tv_r/av_l/av_r/x/y/theta/t_err: 2.17388 0.00000 6.00000 -0.96204 0.73303 -0.53214 0.53333 -0.53214 0.53333 0 0 55.44561 2.17388
fb: -0.11252 0.85750 -0.52856 0.53345
fb: -0.11627 0.86565 -0.52448 0.52938
target: 0.00000 0.78486
dist/lin/ang/drive_left/drive_right/tv_l/tv_r/av_l/av_r/x/y/theta/t_err: 2.04414 0.00000 6.00000 -0.98192 0.74938 -0.52225 0.51572 -0.52225 0.51572 0 0 62.87936 2.04414
fb: -0.13370 0.87248 -0.52107 0.52596
fb: -0.13965 0.87652 -0.51905 0.52394
target: 0.00000 0.78486
dist/lin/ang/drive_left/drive_right/tv_l/tv_r/av_l/av_r/x/y/theta/t_err: 1.91171 0.00000 6.00000 -1.01617 0.73687 -0.51214 0.50717 -0.51214 0.50717 0 0 70.46708 1.91171
fb: -0.14164 0.88405 -0.51529 0.52018
fb: -0.14936 0.88941 -0.51260 0.51750
target: 0.00000 0.78486
dist/lin/ang/drive_left/drive_right/tv_l/tv_r/av_l/av_r/x/y/theta/t_err: 1.77745 0.00000 6.00000 -1.03877 0.74005 -0.50322 0.50292 -0.50322 0.50292 0 0 78.15937 1.77745
fb: -0.10457 0.89345 -0.51058 0.51548
fb: -0.02890 0.89589 -0.50936 0.51426
target: 0.00000 0.78486
dist/lin/ang/drive_left/drive_right/tv_l/tv_r/av_l/av_r/x/y/theta/t_err: 1.64136 0.00000 6.00000 -0.92479 0.86699 -0.49964 0.49911 -0.49964 0.49911 0 0 85.95710 1.64136
fb: 0.00000 0.89638 -0.50912 0.51401
fb: 0.00000 0.89721 -0.50870 0.51360
target: 0.00000 0.78486
dist/lin/ang/drive_left/drive_right/tv_l/tv_r/av_l/av_r/x/y/theta/t_err: 1.50432 0.00000 6.00000 -0.89721 0.89721 -0.49364 0.49450 -0.49364 0.49450 0 0 93.80880 1.50432
fb: 0.00000 0.89652 -0.50905 0.51394
fb: 0.00000 0.89429 -0.51017 0.51506
target: 0.00000 0.78486
dist/lin/ang/drive_left/drive_right/tv_l/tv_r/av_l/av_r/x/y/theta/t_err: 1.36713 0.00000 6.00000 -0.89429 0.89429 -0.49178 0.49397 -0.49178 0.49397 0 0 101.66905 1.36713
fb: 0.00000 0.89673 -0.50895 0.51384
fb: 0.00000 0.89714 -0.50874 0.51363
target: 0.00000 0.78486
dist/lin/ang/drive_left/drive_right/tv_l/tv_r/av_l/av_r/x/y/theta/t_err: 1.23011 0.00000 6.00000 -0.89714 0.89714 -0.49656 0.49347 -0.49656 0.49347 0 0 109.52005 1.23011
fb: 0.00000 0.89659 -0.50902 0.51391
fb: 0.00000 0.89854 -0.50804 0.51293
target: 0.00000 0.78486
dist/lin/ang/drive_left/drive_right/tv_l/tv_r/av_l/av_r/x/y/theta/t_err: 1.09277 0.00000 6.00000 -0.89854 0.89854 -0.49194 0.49417 -0.49194 0.49417 0 0 117.38886 1.09277
fb: 0.00000 0.89812 -0.50825 0.51314
fb: 0.00000 0.90063 -0.50699 0.51189
target: 0.00000 0.78486
dist/lin/ang/drive_left/drive_right/tv_l/tv_r/av_l/av_r/x/y/theta/t_err: 0.95514 0.00000 6.00000 -0.90063 0.90063 -0.49194 0.49383 -0.49194 0.49383 0 0 125.27435 0.95514
fb: 0.00000 0.90244 -0.50609 0.51098
fb: 0.00000 0.90342 -0.50560 0.51050
target: 0.00000 0.78486
dist/lin/ang/drive_left/drive_right/tv_l/tv_r/av_l/av_r/x/y/theta/t_err: 0.81709 0.00000 6.00000 -0.90342 0.90342 -0.49278 0.49417 -0.49278 0.49417 0 0 133.18395 0.81709
fb: -0.85510 0.90467 -0.07742 0.93742
fb: -0.91533 0.90244 -0.04842 0.96865
target: 0.00000 0.70858
dist/lin/ang/drive_left/drive_right/tv_l/tv_r/av_l/av_r/x/y/theta/t_err: 0.67852 0.00000 5.41685 -1.81777 -0.01289 -0.41889 0.53406 -0.41889 0.53406 0 0 141.12373 0.67852
fb: -0.12421 0.89937 -0.07510 0.08000
fb: -0.11825 0.90335 -0.07312 0.07801
target: 0.00000 0.50664
dist/lin/ang/drive_left/drive_right/tv_l/tv_r/av_l/av_r/x/y/theta/t_err: 0.54025 0.00000 3.87309 -1.02160 0.78510 -0.13178 0.27564 -0.13178 0.27564 0 0 149.04590 0.54025
fb: -0.10082 0.90258 0.80627 -0.81116
fb: -0.08736 0.87812 0.79404 -0.79894
target: 0.00000 0.30345
dist/lin/ang/drive_left/drive_right/tv_l/tv_r/av_l/av_r/x/y/theta/t_err: 0.40181 0.00000 2.31980 -0.96549 0.79076 -0.05169 0.05647 -0.05169 0.05647 0 0 156.97804 0.40181
fb: -0.06001 0.83806 1.00000 -1.00000
fb: -0.03684 0.77236 0.98450 -0.98939
target: 0.00000 0.11907
dist/lin/ang/drive_left/drive_right/tv_l/tv_r/av_l/av_r/x/y/theta/t_err: 0.26860 0.00000 0.91028 -0.80920 0.73551 0.20122 -0.29206 0.20122 -0.29206 0 0 164.61035 0.26860
fb: -0.04082 0.70066 1.00000 -1.00000
fb: -0.09112 0.61984 1.00000 -1.00000
target: 0.00000 -0.01455
dist/lin/ang/drive_left/drive_right/tv_l/tv_r/av_l/av_r/x/y/theta/t_err: 0.15285 0.00000 -0.11121 -0.71096 0.52871 0.28900 -0.34633 0.28900 -0.34633 0 0 171.24248 0.15285
fb: -0.12996 0.54047 0.92757 -0.93247
fb: -0.11827 0.46327 0.88897 -0.89387
target: 0.00000 -0.10094
dist/lin/ang/drive_left/drive_right/tv_l/tv_r/av_l/av_r/x/y/theta/t_err: 0.06069 0.00000 -0.77165 -0.58154 0.34501 0.44831 -0.36328 0.44831 -0.36328 0 0 176.52250 0.06069
fb: -0.10657 0.38691 0.73934 -0.74423
fb: -0.08517 0.30992 0.70084 -0.70574
target: 0.00000 -0.15152
dist/lin/ang/drive_left/drive_right/tv_l/tv_r/av_l/av_r/x/y/theta/t_err: -0.00751 0.00000 -1.15829 -0.39509 0.22475 0.37950 -0.33967 0.37950 -0.33967 0 0 180.43022 -0.00751
fb: -0.05053 0.23300 0.56039 -0.56528
fb: -0.03508 0.16485 0.52632 -0.53121
target: 0.00000 -0.16826
dist/lin/ang/drive_left/drive_right/tv_l/tv_r/av_l/av_r/x/y/theta/t_err: -0.05212 0.00000 -1.28628 -0.19994 0.12977 0.37369 -0.36119 0.37369 -0.36119 0 0 182.98606 -0.05212
fb: -0.05627 0.09427 0.35836 -0.36325
fb: -0.07745 0.02473 0.22710 -0.23199
target: 0.00000 -0.15591
dist/lin/ang/drive_left/drive_right/tv_l/tv_r/av_l/av_r/x/y/theta/t_err: -0.07468 0.00000 -1.19191 -0.10219 -0.05272 0.34119 -0.34803 0.34119 -0.34803 0 0 184.27910 -0.07468
fb: -0.07944 -0.03282 0.08794 -0.09283
fb: -0.08738 -0.07616 0.08794 -0.09283
target: 0.00000 -0.11547
dist/lin/ang/drive_left/drive_right/tv_l/tv_r/av_l/av_r/x/y/theta/t_err: -0.07640 0.00000 -0.88273 -0.01123 -0.16354 0.22947 -0.20464 0.22947 -0.20464 0 0 184.37745 -0.07640
fb: -0.07944 -0.10235 -0.14366 0.14855
fb: -0.05031 -0.11218 -0.14366 0.14855
target: 0.00000 -0.06781
dist/lin/ang/drive_left/drive_right/tv_l/tv_r/av_l/av_r/x/y/theta/t_err: -0.06389 0.00000 -0.51841 0.06187 -0.16249 0.09447 -0.02242 0.09447 -0.02242 0 0 183.66039 -0.06389
fb: -0.02714 -0.11162 -0.20804 0.21293
fb: -0.02140 -0.10709 -0.20804 0.21293
target: 0.00000 -0.03325
dist/lin/ang/drive_left/drive_right/tv_l/tv_r/av_l/av_r/x/y/theta/t_err: -0.04677 0.00000 -0.25421 0.08569 -0.12850 -0.12353 0.14475 -0.12353 0.14475 0 0 182.67964 -0.04677
fb: -0.01765 -0.09978 -0.17227 0.17716
fb: -0.00397 -0.08403 -0.17227 0.17716
target: 0.00000 -0.01161
dist/lin/ang/drive_left/drive_right/tv_l/tv_r/av_l/av_r/x/y/theta/t_err: -0.03063 0.00000 -0.08875 0.08006 -0.08800 -0.17794 0.17711 -0.17794 0.17711 0 0 181.75470 -0.03063
fb: 0.00000 -0.04738 -0.12864 0.13354
fb: 0.00000 0.00704 -0.12864 0.13354
target: 0.00000 -0.00509
dist/lin/ang/drive_left/drive_right/tv_l/tv_r/av_l/av_r/x/y/theta/t_err: -0.01934 0.00000 -0.03888 -0.00704 0.00704 -0.14989 0.14494 -0.14989 0.14494 0 0 181.10813 -0.01934
fb: 0.00000 0.04313 -0.06497 0.06986
fb: 0.00000 0.05727 -0.06497 0.06986
target: 0.00000 -0.03630
dist/lin/ang/drive_left/drive_right/tv_l/tv_r/av_l/av_r/x/y/theta/t_err: -0.02160 0.00000 -0.27752 -0.05727 0.05727 -0.10353 0.10336 -0.10353 0.10336 0 0 181.23761 -0.02160
fb: 0.00000 0.06550 0.20382 -0.20871
fb: 0.00000 0.06933 0.20382 -0.20871
final error was -1.75907
position: 0.69662 -1.13375 181.75907
took 0.84000 time to finish turn
increased kd to 6.50000
increased kd to 6.70000
increased kd to 6.90000
increased kd to 7.10000
increased kd to 7.30000
increased kd to 7.50000
increased kd to 7.70000
increased kd to 7.90000
increased kd to 8.10000
increased kd to 8.30000
increased kd to 8.50000
increased kd to 8.70000
increased kd to 8.90000
increased kd to 9.10000
increased kd to 9.30000
increased kd to 9.50000
target: 0.00000 0.15697
dist/lin/ang/drive_left/drive_right/tv_l/tv_r/av_l/av_r/x/y/theta/t_err: 3.14159 0.00000 1.20000 0.00000 0.00000 0.00000 -0.00017 0.00000 -0.00017 0 0 0.00004 3.14159
fb: 0.00000 0.00000 -0.85057 0.85546
fb: 0.00000 0.00000 -0.85057 0.85546
target: 0.00000 0.31394
dist/lin/ang/drive_left/drive_right/tv_l/tv_r/av_l/av_r/x/y/theta/t_err: 3.14159 0.00000 2.40000 0.00000 0.00000 -0.00017 0.02928 -0.00017 0.02928 0 0 0.00004 3.14159
fb: 0.00000 0.00139 -1.00000 1.00000
fb: 0.00000 0.02223 -1.00000 1.00000
target: 0.00000 0.47092
dist/lin/ang/drive_left/drive_right/tv_l/tv_r/av_l/av_r/x/y/theta/t_err: 3.14153 0.00000 3.60000 -0.02223 0.02223 -0.48717 0.43256 -0.48717 0.43256 0 0 0.00375 3.14153
fb: 0.01743 0.07643 -1.00000 1.00000
fb: 0.02118 0.12347 -1.00000 1.00000
target: 0.00000 0.62789
dist/lin/ang/drive_left/drive_right/tv_l/tv_r/av_l/av_r/x/y/theta/t_err: 3.13576 0.00000 4.80000 -0.10228 0.14465 -0.62333 0.34186 -0.62333 0.34186 0 0 0.33396 3.13576
fb: 0.00375 0.16673 -1.00000 1.00000
fb: 0.00000 0.21572 -1.00000 1.00000
target: 0.00000 0.78486
dist/lin/ang/drive_left/drive_right/tv_l/tv_r/av_l/av_r/x/y/theta/t_err: 3.11540 0.00000 6.00000 -0.21572 0.21572 -0.70122 0.56089 -0.70122 0.56089 0 0 1.50056 3.11540
fb: -0.00375 0.27174 -1.00000 1.00000
fb: -0.00375 0.33061 -1.00000 1.00000
target: 0.00000 0.78486
dist/lin/ang/drive_left/drive_right/tv_l/tv_r/av_l/av_r/x/y/theta/t_err: 3.08029 0.00000 6.00000 -0.33436 0.32686 -0.72756 0.66836 -0.72756 0.66836 0 0 3.51211 3.08029
fb: 0.00000 0.38503 -0.76480 0.76969
fb: 0.00000 0.43791 -0.73835 0.74325
target: 0.00000 0.78486
dist/lin/ang/drive_left/drive_right/tv_l/tv_r/av_l/av_r/x/y/theta/t_err: 3.02793 0.00000 6.00000 -0.43791 0.43791 -0.76264 0.60247 -0.76264 0.60247 0 0 6.51235 3.02793
fb: 0.00000 0.48174 -0.71644 0.72133
fb: 0.00000 0.49693 -0.70885 0.71374
target: 0.00000 0.78486
dist/lin/ang/drive_left/drive_right/tv_l/tv_r/av_l/av_r/x/y/theta/t_err: 2.95957 0.00000 6.00000 -0.49693 0.49693 -0.41700 0.43361 -0.41700 0.43361 0 0 10.42938 2.95957
fb: 0.00000 0.51100 -0.70181 0.70670
fb: -0.01368 0.54061 -0.68700 0.69190
target: 0.00000 0.78486
dist/lin/ang/drive_left/drive_right/tv_l/tv_r/av_l/av_r/x/y/theta/t_err: 2.88319 0.00000 6.00000 -0.55429 0.52693 -0.57647 0.51283 -0.57647 0.51283 0 0 14.80561 2.88319
fb: -0.03486 0.57538 -0.66962 0.67451
fb: -0.04258 0.60806 -0.65328 0.65817
target: 0.00000 0.78486
dist/lin/ang/drive_left/drive_right/tv_l/tv_r/av_l/av_r/x/y/theta/t_err: 2.79938 0.00000 6.00000 -0.65064 0.56548 -0.56394 0.54053 -0.56394 0.54053 0 0 19.60730 2.79938
fb: -0.03310 0.64081 -0.63691 0.64180
fb: -0.02339 0.66687 -0.62388 0.62877
target: 0.00000 0.78486
dist/lin/ang/drive_left/drive_right/tv_l/tv_r/av_l/av_r/x/y/theta/t_err: 2.70539 0.00000 6.00000 -0.69025 0.64348 -0.55286 0.53403 -0.55286 0.53403 0 0 24.99246 2.70539
fb: -0.02317 0.69007 -0.61227 0.61717
fb: -0.02515 0.71662 -0.59900 0.60390
target: 0.00000 0.78486
dist/lin/ang/drive_left/drive_right/tv_l/tv_r/av_l/av_r/x/y/theta/t_err: 2.60283 0.00000 6.00000 -0.74177 0.69146 -0.56447 0.55131 -0.56447 0.55131 0 0 30.86866 2.60283
fb: -0.03685 0.74156 -0.58653 0.59142
fb: -0.04655 0.76448 -0.57507 0.57996
target: 0.00000 0.78486
dist/lin/ang/drive_left/drive_right/tv_l/tv_r/av_l/av_r/x/y/theta/t_err: 2.49264 0.00000 6.00000 -0.81104 0.71793 -0.57389 0.54978 -0.57389 0.54978 0 0 37.18235 2.49264
fb: -0.06023 0.78511 -0.56476 0.56965
fb: -0.07567 0.80308 -0.55577 0.56066
target: 0.00000 0.78486
dist/lin/ang/drive_left/drive_right/tv_l/tv_r/av_l/av_r/x/y/theta/t_err: 2.37528 0.00000 6.00000 -0.87876 0.72741 -0.56006 0.55028 -0.56006 0.55028 0 0 43.90627 2.37528
fb: -0.08141 0.82029 -0.54716 0.55206
fb: -0.07942 0.83722 -0.53870 0.54359
target: 0.00000 0.78486
dist/lin/ang/drive_left/drive_right/tv_l/tv_r/av_l/av_r/x/y/theta/t_err: 2.25213 0.00000 6.00000 -0.91665 0.75780 -0.53831 0.54139 -0.53831 0.54139 0 0 50.96223 2.25213
fb: -0.07942 0.84935 -0.53264 0.53753
fb: -0.08141 0.85889 -0.52786 0.53276
target: 0.00000 0.78486
dist/lin/ang/drive_left/drive_right/tv_l/tv_r/av_l/av_r/x/y/theta/t_err: 2.12394 0.00000 6.00000 -0.94030 0.77748 -0.52514 0.52581 -0.52514 0.52581 0 0 58.30726 2.12394
fb: -0.09509 0.86635 -0.52414 0.52903
fb: -0.11825 0.87004 -0.52229 0.52718
target: 0.00000 0.78486
dist/lin/ang/drive_left/drive_right/tv_l/tv_r/av_l/av_r/x/y/theta/t_err: 1.99251 0.00000 6.00000 -0.98829 0.75179 -0.51506 0.51297 -0.51506 0.51297 0 0 65.83747 1.99251
fb: -0.13193 0.87513 -0.51975 0.52464
fb: -0.15509 0.88175 -0.51644 0.52133
target: 0.00000 0.78486
dist/lin/ang/drive_left/drive_right/tv_l/tv_r/av_l/av_r/x/y/theta/t_err: 1.85943 0.00000 6.00000 -1.03684 0.72665 -0.50939 0.50628 -0.50939 0.50628 0 0 73.46273 1.85943
fb: -0.18024 0.88544 -0.42447 0.60961
fb: -0.15907 0.88892 -0.51285 0.51774
target: 0.00000 0.78486
dist/lin/ang/drive_left/drive_right/tv_l/tv_r/av_l/av_r/x/y/theta/t_err: 1.72462 0.00000 6.00000 -1.04799 0.72986 -0.48303 0.52206 -0.48303 0.52206 0 0 81.18628 1.72462
fb: -0.06398 0.89206 -0.51128 0.51617
fb: 0.00000 0.89450 -0.51006 0.51495
target: 0.00000 0.78486
dist/lin/ang/drive_left/drive_right/tv_l/tv_r/av_l/av_r/x/y/theta/t_err: 1.58862 0.00000 6.00000 -0.89450 0.89450 -0.48883 0.51383 -0.48883 0.51383 0 0 88.97869 1.58862
fb: 0.00000 0.89652 -0.50905 0.51394
fb: 0.00000 0.89812 -0.50825 0.51314
target: 0.00000 0.78486
dist/lin/ang/drive_left/drive_right/tv_l/tv_r/av_l/av_r/x/y/theta/t_err: 1.45173 0.00000 6.00000 -0.89812 0.89812 -0.49756 0.49603 -0.49756 0.49603 0 0 96.82188 1.45173
fb: 0.00000 0.89561 -0.50950 0.51440
fb: 0.00000 0.89422 -0.51020 0.51509
target: 0.00000 0.78486
dist/lin/ang/drive_left/drive_right/tv_l/tv_r/av_l/av_r/x/y/theta/t_err: 1.31446 0.00000 6.00000 -0.89422 0.89422 -0.49228 0.49314 -0.49228 0.49314 0 0 104.68692 1.31446
fb: 0.00000 0.89415 -0.51023 0.51513
fb: -0.44212 0.89345 -0.28953 0.73653
target: 0.00000 0.78486
dist/lin/ang/drive_left/drive_right/tv_l/tv_r/av_l/av_r/x/y/theta/t_err: 1.17754 0.00000 6.00000 -1.33557 0.45134 -0.49844 0.49381 -0.49844 0.49381 0 0 112.53187 1.17754
fb: -0.44212 0.89505 -0.28872 0.73573
fb: 0.00000 0.89638 -0.50912 0.51401
target: 0.00000 0.78486
dist/lin/ang/drive_left/drive_right/tv_l/tv_r/av_l/av_r/x/y/theta/t_err: 1.04063 0.00000 6.00000 -0.89638 0.89638 -0.36633 0.63483 -0.36633 0.63483 0 0 120.37635 1.04063
fb: 0.00000 0.90474 -0.50494 0.50983
fb: 0.00000 0.91261 -0.50100 0.50590
target: 0.00000 0.78486
dist/lin/ang/drive_left/drive_right/tv_l/tv_r/av_l/av_r/x/y/theta/t_err: 0.90284 0.00000 6.00000 -0.91261 0.91261 -0.45839 0.53525 -0.45839 0.53525 0 0 128.27129 0.90284
fb: 0.00000 0.91213 -0.50125 0.50614
fb: 0.00000 0.90509 -0.50477 0.50966
target: 0.00000 0.68379
dist/lin/ang/drive_left/drive_right/tv_l/tv_r/av_l/av_r/x/y/theta/t_err: 0.76308 0.00000 5.22738 -0.90509 0.90509 -0.49214 0.49311 -0.49214 0.49311 0 0 136.27857 0.76308
fb: 0.00000 0.89777 0.14267 -0.14756
fb: 0.00000 0.89645 0.14200 -0.14690
target: 0.00000 0.48490
dist/lin/ang/drive_left/drive_right/tv_l/tv_r/av_l/av_r/x/y/theta/t_err: 0.62461 0.00000 3.70687 -0.89645 0.89645 -0.30783 0.30389 -0.30783 0.30389 0 0 144.21254 0.62461
fb: 0.00000 0.89060 0.81204 -0.81693
fb: 0.00000 0.87889 0.80619 -0.81108
target: 0.00000 0.28770
dist/lin/ang/drive_left/drive_right/tv_l/tv_r/av_l/av_r/x/y/theta/t_err: 0.48738 0.00000 2.19939 -0.87889 0.87889 0.08506 -0.09633 0.08506 -0.09633 0 0 152.07530 0.48738
fb: 0.00000 0.82768 1.00000 -1.00000
fb: -0.51781 0.75473 1.00000 -0.71313
target: 0.00000 0.10921
dist/lin/ang/drive_left/drive_right/tv_l/tv_r/av_l/av_r/x/y/theta/t_err: 0.35508 0.00000 0.83488 -1.27254 0.23692 0.34392 -0.43411 0.34392 -0.43411 0 0 159.65532 0.35508
fb: -0.51781 0.69244 1.00000 -0.80667
fb: -0.02317 0.62694 1.00000 -1.00000
target: 0.00000 0.00046
dist/lin/ang/drive_left/drive_right/tv_l/tv_r/av_l/av_r/x/y/theta/t_err: 0.24139 0.00000 0.00349 -0.65011 0.60378 0.45875 -0.33961 0.45875 -0.33961 0 0 166.16921 0.24139
fb: -0.02317 0.55392 0.80484 -0.80973
fb: -0.04656 0.46599 0.76087 -0.76577
target: 0.00000 -0.07351
dist/lin/ang/drive_left/drive_right/tv_l/tv_r/av_l/av_r/x/y/theta/t_err: 0.14796 0.00000 -0.56193 -0.51255 0.41943 0.49414 -0.36225 0.49414 -0.36225 0 0 171.52259 0.14796
fb: -0.04656 0.37938 0.64755 -0.65244
fb: -0.07370 0.29981 0.60776 -0.61266
target: 0.00000 -0.09519
dist/lin/ang/drive_left/drive_right/tv_l/tv_r/av_l/av_r/x/y/theta/t_err: 0.07972 0.00000 -0.72770 -0.37351 0.22612 0.38258 -0.31861 0.38258 -0.31861 0 0 175.43220 0.07972
fb: -0.07370 0.22965 0.36280 -0.36770
fb: -0.11055 0.16423 0.33009 -0.33498
target: 0.00000 -0.08193
dist/lin/ang/drive_left/drive_right/tv_l/tv_r/av_l/av_r/x/y/theta/t_err: 0.03625 0.00000 -0.62632 -0.27478 0.05368 0.36239 -0.30578 0.36239 -0.30578 0 0 177.92275 0.03625
fb: -0.11055 0.09852 -0.04381 0.04870
fb: -0.04855 0.03616 -0.04381 0.04870
target: 0.00000 -0.05026
dist/lin/ang/drive_left/drive_right/tv_l/tv_r/av_l/av_r/x/y/theta/t_err: 0.01364 0.00000 -0.38422 -0.08471 -0.01238 0.22964 -0.16956 0.22964 -0.16956 0 0 179.21831 0.01364
fb: -0.04855 -0.00543 -0.14785 0.15275
fb: -0.03685 -0.01860 -0.14785 0.15275
target: 0.00000 0.00080
dist/lin/ang/drive_left/drive_right/tv_l/tv_r/av_l/av_r/x/y/theta/t_err: 0.00945 0.00000 0.00610 -0.01825 -0.05545 -0.03800 0.04875 -0.03800 0.04875 0 0 179.45880 0.00945
fb: -0.03685 -0.01867 -0.26932 0.27422
fb: -0.04832 -0.01129 -0.26932 0.27422
final error was 0.69904
position: 0.49760 -0.98741 179.30096
took 0.72000 time to finish turn
decreased to 135.00000
decreased to 90.00000
target: 0.00000 0.15697
dist/lin/ang/drive_left/drive_right/tv_l/tv_r/av_l/av_r/x/y/theta/t_err: 1.57080 0.00000 1.20000 0.00000 0.00000 0.00000 0.00000 0.00000 0.00000 0 0 0.00005 1.57080
fb: 0.00000 0.00000 -0.85057 0.85546
fb: 0.00000 0.00000 -0.85057 0.85546
target: 0.00000 0.31394
dist/lin/ang/drive_left/drive_right/tv_l/tv_r/av_l/av_r/x/y/theta/t_err: 1.57080 0.00000 2.40000 0.00000 0.00000 -0.07597 0.02822 -0.07597 0.02822 0 0 0.00005 1.57080
fb: 0.00000 0.00000 -1.00000 1.00000
fb: 0.00000 0.00118 -1.00000 1.00000
target: 0.00000 0.47092
dist/lin/ang/drive_left/drive_right/tv_l/tv_r/av_l/av_r/x/y/theta/t_err: 1.57079 0.00000 3.60000 -0.00118 0.00118 -0.44814 0.42247 -0.44814 0.42247 0 0 0.00015 1.57079
fb: -0.02714 0.03337 -1.00000 1.00000
fb: -0.02714 0.09274 -1.00000 1.00000
target: 0.00000 0.62789
dist/lin/ang/drive_left/drive_right/tv_l/tv_r/av_l/av_r/x/y/theta/t_err: 1.56900 0.00000 4.80000 -0.11988 0.06560 -0.45447 0.57869 -0.45447 0.57869 0 0 0.10271 1.56900
fb: -0.00772 0.15517 -1.00000 1.00000
fb: -0.00772 0.21397 -1.00000 1.00000
target: 0.00000 0.78486
dist/lin/ang/drive_left/drive_right/tv_l/tv_r/av_l/av_r/x/y/theta/t_err: 1.55252 0.00000 6.00000 -0.22170 0.20625 -0.61683 0.61444 -0.61683 0.61444 0 0 1.04703 1.55252
fb: 0.00000 0.27201 -1.00000 1.00000
fb: 0.00000 0.32692 -1.00000 1.00000
target: 0.00000 0.78486
dist/lin/ang/drive_left/drive_right/tv_l/tv_r/av_l/av_r/x/y/theta/t_err: 1.51772 0.00000 6.00000 -0.32692 0.32692 -0.65278 0.66442 -0.65278 0.66442 0 0 3.04131 1.51772
fb: -0.01567 0.37764 -0.76849 0.77338
fb: -0.01567 0.42363 -0.74549 0.75039
target: 0.00000 0.78486
dist/lin/ang/drive_left/drive_right/tv_l/tv_r/av_l/av_r/x/y/theta/t_err: 1.46598 0.00000 6.00000 -0.43929 0.40796 -0.60675 0.65517 -0.60675 0.65517 0 0 6.00538 1.46598
fb: -0.02317 0.47184 -0.72139 0.72628
fb: -0.02317 0.51003 -0.70230 0.70719
target: 0.00000 0.78486
dist/lin/ang/drive_left/drive_right/tv_l/tv_r/av_l/av_r/x/y/theta/t_err: 1.39950 0.00000 6.00000 -0.53319 0.48686 -0.45189 0.50014 -0.45189 0.50014 0 0 9.81430 1.39950
fb: -0.01169 0.53204 -0.69129 0.69618
fb: -0.01169 0.55434 -0.68014 0.68503
target: 0.00000 0.78486
dist/lin/ang/drive_left/drive_right/tv_l/tv_r/av_l/av_r/x/y/theta/t_err: 1.32114 0.00000 6.00000 -0.56603 0.54265 -0.56108 0.53078 -0.56108 0.53078 0 0 14.30443 1.32114
fb: -0.01942 0.58068 -0.66697 0.67186
fb: -0.01942 0.61538 -0.64962 0.65451
target: 0.00000 0.78486
dist/lin/ang/drive_left/drive_right/tv_l/tv_r/av_l/av_r/x/y/theta/t_err: 1.23559 0.00000 6.00000 -0.63479 0.59596 -0.56192 0.54308 -0.56192 0.54308 0 0 19.20570 1.23559
fb: -0.04457 0.65042 -0.63210 0.63699
fb: -0.04457 0.67836 -0.61813 0.62302
target: 0.00000 0.78486
dist/lin/ang/drive_left/drive_right/tv_l/tv_r/av_l/av_r/x/y/theta/t_err: 1.14048 0.00000 6.00000 -0.72293 0.63379 -0.57508 0.53181 -0.57508 0.53181 0 0 24.65544 1.14048
fb: -0.05626 0.70101 -0.60681 0.61170
fb: -0.05626 0.72741 -0.59360 0.59850
target: 0.00000 0.78486
dist/lin/ang/drive_left/drive_right/tv_l/tv_r/av_l/av_r/x/y/theta/t_err: 1.03624 0.00000 6.00000 -0.78368 0.67115 -0.57836 0.55847 -0.57836 0.55847 0 0 30.62788 1.03624
fb: -0.06972 0.75236 -0.58113 0.58602
fb: -0.06972 0.77521 -0.56970 0.57460
target: 0.00000 0.78486
dist/lin/ang/drive_left/drive_right/tv_l/tv_r/av_l/av_r/x/y/theta/t_err: 0.92445 0.00000 6.00000 -0.84493 0.70549 -0.57425 0.56092 -0.57425 0.56092 0 0 37.03307 0.92445
fb: -0.05626 0.80071 -0.55695 0.56185
fb: -0.05626 0.81946 -0.54758 0.55247
target: 0.00000 0.78486
dist/lin/ang/drive_left/drive_right/tv_l/tv_r/av_l/av_r/x/y/theta/t_err: 0.80521 0.00000 6.00000 -0.87572 0.76320 -0.55319 0.54789 -0.55319 0.54789 0 0 43.86499 0.80521
fb: -0.07766 0.83639 -0.53912 0.54401
fb: -0.07766 0.85123 -0.53169 0.53659
target: 0.00000 0.60533
dist/lin/ang/drive_left/drive_right/tv_l/tv_r/av_l/av_r/x/y/theta/t_err: 0.67958 0.00000 4.62757 -0.92889 0.77357 -0.53097 0.53283 -0.53097 0.53283 0 0 51.06304 0.67958
fb: -0.09310 0.86307 0.57020 -0.57509
fb: -0.09310 0.87610 0.57671 -0.58161
target: 0.00000 0.40004
dist/lin/ang/drive_left/drive_right/tv_l/tv_r/av_l/av_r/x/y/theta/t_err: 0.54930 0.00000 3.05815 -0.96920 0.78300 -0.27069 0.45978 -0.27069 0.45978 0 0 58.52728 0.54930
fb: -0.08317 0.88258 0.93610 -0.94100
fb: -0.08317 0.87624 0.93293 -0.93783
target: 0.00000 0.19314
dist/lin/ang/drive_left/drive_right/tv_l/tv_r/av_l/av_r/x/y/theta/t_err: 0.41552 0.00000 1.47648 -0.95942 0.79307 0.20961 -0.22022 0.20961 -0.22022 0 0 66.19247 0.41552
fb: -0.13590 0.84684 1.00000 -1.00000
fb: -0.13590 0.78002 1.00000 -1.00000
target: 0.00000 0.00277
dist/lin/ang/drive_left/drive_right/tv_l/tv_r/av_l/av_r/x/y/theta/t_err: 0.28297 0.00000 0.02117 -0.91592 0.64412 0.41442 -0.28472 0.41442 -0.28472 0 0 73.78708 0.28297
fb: -0.15885 0.70352 1.00000 -1.00000
fb: -0.15885 0.61440 1.00000 -1.00000
target: 0.00000 -0.11513
dist/lin/ang/drive_left/drive_right/tv_l/tv_r/av_l/av_r/x/y/theta/t_err: 0.16711 0.00000 -0.88012 -0.77326 0.45555 0.43322 -0.46539 0.43322 -0.46539 0 0 80.42547 0.16711
fb: -0.11451 0.53511 0.97182 -0.97671
fb: -0.11451 0.45547 0.93200 -0.93689
target: 0.00000 -0.17190
dist/lin/ang/drive_left/drive_right/tv_l/tv_r/av_l/av_r/x/y/theta/t_err: 0.07596 0.00000 -1.31411 -0.56998 0.34096 0.43956 -0.46644 0.43956 -0.46644 0 0 85.64800 0.07596
fb: -0.06973 0.38106 0.68614 -0.69103
fb: -0.06973 0.30225 0.64673 -0.65163
target: 0.00000 -0.19432
dist/lin/ang/drive_left/drive_right/tv_l/tv_r/av_l/av_r/x/y/theta/t_err: 0.00911 0.00000 -1.48551 -0.37198 0.23253 0.34428 -0.40450 0.34428 -0.40450 0 0 89.47793 0.00911
fb: -0.08164 0.21481 0.47468 -0.47957
fb: -0.08164 0.12556 0.43005 -0.43495
target: 0.00000 -0.18224
dist/lin/ang/drive_left/drive_right/tv_l/tv_r/av_l/av_r/x/y/theta/t_err: -0.03367 0.00000 -1.39317 -0.20720 0.04391 0.37456 -0.37317 0.37456 -0.37317 0 0 91.92914 -0.03367
fb: -0.11232 0.04766 0.10677 -0.11166
fb: -0.11232 -0.01150 0.10677 -0.11166
target: 0.00000 -0.12418
dist/lin/ang/drive_left/drive_right/tv_l/tv_r/av_l/av_r/x/y/theta/t_err: -0.05004 0.00000 -0.94933 -0.10082 -0.12381 0.25956 -0.32103 0.25956 -0.32103 0 0 92.86723 -0.05004
fb: -0.06399 -0.05846 -0.21709 0.22198
fb: -0.06399 -0.08863 -0.21709 0.22198
target: 0.00000 -0.05733
dist/lin/ang/drive_left/drive_right/tv_l/tv_r/av_l/av_r/x/y/theta/t_err: -0.04655 0.00000 -0.43826 0.02464 -0.15262 0.02500 -0.10522 0.02500 -0.10522 0 0 92.66687 -0.04655
fb: -0.03310 -0.09831 -0.30145 0.30634
fb: -0.03310 -0.09887 -0.30145 0.30634
target: 0.00000 -0.00540
dist/lin/ang/drive_left/drive_right/tv_l/tv_r/av_l/av_r/x/y/theta/t_err: -0.03281 0.00000 -0.04130 0.06577 -0.13197 -0.20583 0.17931 -0.20583 0.17931 0 0 91.87996 -0.03281
fb: -0.02913 -0.09309 -0.26907 0.27396
fb: -0.02913 -0.07504 -0.26907 0.27396
target: 0.00000 0.01992
dist/lin/ang/drive_left/drive_right/tv_l/tv_r/av_l/av_r/x/y/theta/t_err: -0.01794 0.00000 0.15231 0.04591 -0.10417 -0.26592 0.26575 -0.26592 0.26575 0 0 91.02782 -0.01794
fb: -0.01545 -0.01867 -0.16634 0.17123
fb: -0.01545 0.03846 -0.16634 0.17123
target: 0.00000 0.01425
dist/lin/ang/drive_left/drive_right/tv_l/tv_r/av_l/av_r/x/y/theta/t_err: -0.00907 0.00000 0.10894 -0.05391 0.02301 -0.22553 0.24211 -0.22553 0.24211 0 0 90.51986 -0.00907
fb: -0.00375 0.06584 0.05500 -0.05990
fb: -0.00375 0.08542 0.05500 -0.05990
final error was -0.89887
position: -0.39615 -0.91039 90.89887
took 0.56000 time to finish turn
target: 0.00000 0.15697
dist/lin/ang/drive_left/drive_right/tv_l/tv_r/av_l/av_r/x/y/theta/t_err: 1.57079 0.00000 1.20000 0.00000 0.00000 0.00017 0.00000 0.00017 0.00000 0 0 0.00017 1.57079
fb: 0.00000 0.00000 -0.85057 0.85546
fb: 0.00000 0.00000 -0.85057 0.85546
target: 0.00000 0.31394
dist/lin/ang/drive_left/drive_right/tv_l/tv_r/av_l/av_r/x/y/theta/t_err: 1.57079 0.00000 2.40000 0.00000 0.00000 -0.06706 -0.00017 -0.06706 -0.00017 0 0 0.00028 1.57079
fb: 0.00000 0.00000 -1.00000 1.00000
fb: 0.00000 0.00690 -1.00000 1.00000
target: 0.00000 0.47092
dist/lin/ang/drive_left/drive_right/tv_l/tv_r/av_l/av_r/x/y/theta/t_err: 1.57079 0.00000 3.60000 -0.00690 0.00690 -0.41733 0.38072 -0.41733 0.38072 0 0 0.00032 1.57079
fb: 0.00000 0.05860 -1.00000 1.00000
fb: 0.00000 0.12082 -1.00000 1.00000
target: 0.00000 0.62789
dist/lin/ang/drive_left/drive_right/tv_l/tv_r/av_l/av_r/x/y/theta/t_err: 1.56708 0.00000 4.80000 -0.12082 0.12082 -0.34683 0.45481 -0.34683 0.45481 0 0 0.21286 1.56708
fb: 0.00000 0.16430 -1.00000 1.00000
fb: 0.00000 0.20624 -1.00000 1.00000
target: 0.00000 0.78486
dist/lin/ang/drive_left/drive_right/tv_l/tv_r/av_l/av_r/x/y/theta/t_err: 1.54743 0.00000 6.00000 -0.20624 0.20624 -0.63292 0.55983 -0.63292 0.55983 0 0 1.33875 1.54743
fb: 0.00000 0.25355 -1.00000 1.00000
fb: 0.00000 0.30267 -1.00000 1.00000
target: 0.00000 0.78486
dist/lin/ang/drive_left/drive_right/tv_l/tv_r/av_l/av_r/x/y/theta/t_err: 1.51404 0.00000 6.00000 -0.30267 0.30267 -0.56381 0.62847 -0.56381 0.62847 0 0 3.25173 1.51404
fb: -0.25993 0.35437 -0.65016 0.91498
fb: -0.25993 0.40468 -0.62501 0.88983
target: 0.00000 0.78486
dist/lin/ang/drive_left/drive_right/tv_l/tv_r/av_l/av_r/x/y/theta/t_err: 1.46591 0.00000 6.00000 -0.66461 0.14475 -0.57233 0.57389 -0.57233 0.57389 0 0 6.00959 1.46591
fb: 0.00199 0.45317 -0.73072 0.73562
fb: 0.00199 0.48648 -0.71407 0.71896
target: 0.00000 0.78486
dist/lin/ang/drive_left/drive_right/tv_l/tv_r/av_l/av_r/x/y/theta/t_err: 1.40236 0.00000 6.00000 -0.48449 0.48846 -0.48283 0.46919 -0.48283 0.46919 0 0 9.65084 1.40236
fb: 0.00000 0.50954 -0.70254 0.70743
fb: 0.00000 0.53643 -0.68909 0.69399
target: 0.00000 0.78486
dist/lin/ang/drive_left/drive_right/tv_l/tv_r/av_l/av_r/x/y/theta/t_err: 1.32741 0.00000 6.00000 -0.53643 0.53643 -0.55217 0.51692 -0.55217 0.51692 0 0 13.94511 1.32741
fb: 0.00000 0.56625 -0.67418 0.67908
fb: 0.00000 0.60137 -0.65662 0.66152
target: 0.00000 0.78486
dist/lin/ang/drive_left/drive_right/tv_l/tv_r/av_l/av_r/x/y/theta/t_err: 1.24451 0.00000 6.00000 -0.60137 0.60137 -0.43322 0.51214 -0.43322 0.51214 0 0 18.69495 1.24451
fb: -0.02912 0.62743 -0.64359 0.64849
fb: -0.02912 0.64492 -0.63485 0.63974
target: 0.00000 0.78486
dist/lin/ang/drive_left/drive_right/tv_l/tv_r/av_l/av_r/x/y/theta/t_err: 1.15203 0.00000 6.00000 -0.67404 0.61579 -0.58433 0.53864 -0.58433 0.53864 0 0 23.99351 1.15203
fb: -0.03287 0.66805 -0.62328 0.62818
fb: -0.03287 0.69989 -0.60736 0.61226
target: 0.00000 0.78486
dist/lin/ang/drive_left/drive_right/tv_l/tv_r/av_l/av_r/x/y/theta/t_err: 1.05272 0.00000 6.00000 -0.73277 0.66702 -0.60006 0.54636 -0.60006 0.54636 0 0 29.68339 1.05272
fb: -0.05825 0.73139 -0.59162 0.59651
fb: -0.05825 0.76323 -0.57570 0.58059
target: 0.00000 0.78486
dist/lin/ang/drive_left/drive_right/tv_l/tv_r/av_l/av_r/x/y/theta/t_err: 0.94487 0.00000 6.00000 -0.82147 0.70498 -0.58417 0.55492 -0.58417 0.55492 0 0 35.86278 0.94487
fb: -0.07369 0.78852 -0.56305 0.56794
fb: -0.07369 0.80831 -0.55316 0.55805
target: 0.00000 0.78486
dist/lin/ang/drive_left/drive_right/tv_l/tv_r/av_l/av_r/x/y/theta/t_err: 0.82758 0.00000 6.00000 -0.88200 0.73462 -0.56125 0.55542 -0.56125 0.55542 0 0 42.58316 0.82758
fb: -0.03089 0.82608 -0.54427 0.54917
fb: -0.03089 0.84140 -0.53661 0.54150
target: 0.00000 0.64565
dist/lin/ang/drive_left/drive_right/tv_l/tv_r/av_l/av_r/x/y/theta/t_err: 0.70360 0.00000 4.93576 -0.87229 0.81052 -0.54258 0.53661 -0.54258 0.53661 0 0 49.68676 0.70360
fb: -0.06398 0.85562 0.33789 -0.34278
fb: -0.06398 0.86670 0.34343 -0.34832
target: 0.00000 0.44153
dist/lin/ang/drive_left/drive_right/tv_l/tv_r/av_l/av_r/x/y/theta/t_err: 0.57470 0.00000 3.37533 -0.93068 0.80272 -0.34803 0.37594 -0.34803 0.37594 0 0 57.07205 0.57470
fb: -0.11053 0.87373 0.87784 -0.88273
fb: -0.11053 0.86454 0.87324 -0.87813
target: 0.00000 0.23583
dist/lin/ang/drive_left/drive_right/tv_l/tv_r/av_l/av_r/x/y/theta/t_err: 0.44212 0.00000 1.80282 -0.97507 0.75401 0.13208 -0.11942 0.13208 -0.11942 0 0 64.66858 0.44212
fb: -0.11825 0.82656 1.00000 -1.00000
fb: -0.11825 0.76211 1.00000 -1.00000
target: 0.00000 0.05192
dist/lin/ang/drive_left/drive_right/tv_l/tv_r/av_l/av_r/x/y/theta/t_err: 0.31179 0.00000 0.39694 -0.88037 0.64386 0.50033 -0.22772 0.50033 -0.22772 0 0 72.13550 0.31179
fb: -0.07369 0.69383 1.00000 -1.00000
fb: -0.07369 0.62227 1.00000 -1.00000
target: 0.00000 -0.06307
dist/lin/ang/drive_left/drive_right/tv_l/tv_r/av_l/av_r/x/y/theta/t_err: 0.19808 0.00000 -0.48215 -0.69597 0.54858 0.25769 -0.57664 0.25769 -0.57664 0 0 78.65074 0.19808
fb: -0.07767 0.55734 0.90896 -0.91385
fb: -0.07767 0.48564 0.87311 -0.87800
target: 0.00000 -0.13426
dist/lin/ang/drive_left/drive_right/tv_l/tv_r/av_l/av_r/x/y/theta/t_err: 0.10524 0.00000 -1.02640 -0.56331 0.40797 0.46508 -0.60383 0.46508 -0.60383 0 0 83.97033 0.10524
fb: -0.07943 0.40203 0.71749 -0.72239
fb: -0.07943 0.31020 0.67158 -0.67647
target: 0.00000 -0.17012
dist/lin/ang/drive_left/drive_right/tv_l/tv_r/av_l/av_r/x/y/theta/t_err: 0.03430 0.00000 -1.30051 -0.38963 0.23076 0.34667 -0.30919 0.34667 -0.30919 0 0 88.03460 0.03430
fb: -0.06223 0.22380 0.51132 -0.51621
fb: -0.06223 0.14493 0.47188 -0.47678
target: 0.00000 -0.15184
dist/lin/ang/drive_left/drive_right/tv_l/tv_r/av_l/av_r/x/y/theta/t_err: -0.00990 0.00000 -1.16075 -0.20715 0.08270 0.34478 -0.31639 0.34478 -0.31639 0 0 90.56732 -0.00990
fb: -0.07547 0.06870 0.05848 -0.06338
fb: -0.07547 0.00711 0.05848 -0.06338
target: 0.00000 -0.10255
dist/lin/ang/drive_left/drive_right/tv_l/tv_r/av_l/av_r/x/y/theta/t_err: -0.02916 0.00000 -0.78395 -0.08257 -0.06836 0.22606 -0.27358 0.22606 -0.27358 0 0 91.67071 -0.02916
fb: -0.05053 -0.04257 -0.19211 0.19701
fb: -0.05053 -0.06633 -0.19211 0.19701
target: 0.00000 -0.03952
dist/lin/ang/drive_left/drive_right/tv_l/tv_r/av_l/av_r/x/y/theta/t_err: -0.02846 0.00000 -0.30214 0.01580 -0.11686 0.00650 -0.05047 0.00650 -0.05047 0 0 91.63064 -0.02846
fb: -0.03486 -0.06968 -0.29616 0.30105
fb: -0.03486 -0.06884 -0.29616 0.30105
final error was -1.05370
position: -0.46483 -0.68318 91.05370
took 0.50000 time to finish turn
increased kd to 9.70000
increased kd to 9.90000
increased kd to 10.10000
increased kd to 10.30000
increased kd to 10.50000
increased kd to 10.70000
increased kd to 10.90000
target: 0.00000 0.15697
dist/lin/ang/drive_left/drive_right/tv_l/tv_r/av_l/av_r/x/y/theta/t_err: 1.57080 0.00000 1.20000 0.00000 0.00000 -0.00033 0.00000 -0.00033 0.00000 0 0 0.00006 1.57080
fb: 0.00000 0.00000 -0.85057 0.85546
fb: 0.00000 0.00000 -0.85057 0.85546
target: 0.00000 0.31394
dist/lin/ang/drive_left/drive_right/tv_l/tv_r/av_l/av_r/x/y/theta/t_err: 1.57079 0.00000 2.40000 0.00000 0.00000 -0.05750 0.10525 -0.05750 0.10525 0 0 0.00008 1.57079
fb: 0.00000 0.00132 -1.00000 1.00000
fb: 0.00000 0.02432 -1.00000 1.00000
target: 0.00000 0.47092
dist/lin/ang/drive_left/drive_right/tv_l/tv_r/av_l/av_r/x/y/theta/t_err: 1.57074 0.00000 3.60000 -0.02432 0.02432 -0.48542 0.34358 -0.48542 0.34358 0 0 0.00332 1.57074
fb: 0.01169 0.07058 -1.00000 1.00000
fb: 0.01169 0.11099 -1.00000 1.00000
target: 0.00000 0.62789
dist/lin/ang/drive_left/drive_right/tv_l/tv_r/av_l/av_r/x/y/theta/t_err: 1.56515 0.00000 4.80000 -0.09930 0.12269 -0.68514 0.28950 -0.68514 0.28950 0 0 0.32337 1.56515
fb: 0.00772 0.14869 -1.00000 1.00000
fb: 0.00772 0.19265 -1.00000 1.00000
target: 0.00000 0.78486
dist/lin/ang/drive_left/drive_right/tv_l/tv_r/av_l/av_r/x/y/theta/t_err: 1.54687 0.00000 6.00000 -0.18493 0.20038 -0.75753 0.58675 -0.75753 0.58675 0 0 1.37085 1.54687
fb: 0.00000 0.24512 -1.00000 1.00000
fb: 0.00000 0.30281 -1.00000 1.00000
target: 0.00000 0.78486
dist/lin/ang/drive_left/drive_right/tv_l/tv_r/av_l/av_r/x/y/theta/t_err: 1.51540 0.00000 6.00000 -0.30281 0.30281 -0.74878 0.62764 -0.74878 0.62764 0 0 3.17374 1.51540
fb: 0.00000 0.35583 -0.77939 0.78429
fb: 0.00000 0.40628 -0.75417 0.75906
target: 0.00000 0.78486
dist/lin/ang/drive_left/drive_right/tv_l/tv_r/av_l/av_r/x/y/theta/t_err: 1.46733 0.00000 6.00000 -0.40628 0.40628 -0.74775 0.51506 -0.74775 0.51506 0 0 5.92818 1.46733
fb: 0.00397 0.45136 -0.73163 0.73652
fb: 0.00397 0.48250 -0.71606 0.72095
target: 0.00000 0.78486
dist/lin/ang/drive_left/drive_right/tv_l/tv_r/av_l/av_r/x/y/theta/t_err: 1.40376 0.00000 6.00000 -0.47853 0.48648 -0.47222 0.44864 -0.47222 0.44864 0 0 9.57056 1.40376
fb: -0.03685 0.50633 -0.70414 0.70904
fb: -0.03685 0.52480 -0.69491 0.69980
target: 0.00000 0.78486
dist/lin/ang/drive_left/drive_right/tv_l/tv_r/av_l/av_r/x/y/theta/t_err: 1.32925 0.00000 6.00000 -0.56165 0.48795 -0.53728 0.49928 -0.53728 0.49928 0 0 13.83982 1.32925
fb: -0.05053 0.55594 -0.67934 0.68423
fb: -0.05053 0.58785 -0.66338 0.66828
target: 0.00000 0.78486
dist/lin/ang/drive_left/drive_right/tv_l/tv_r/av_l/av_r/x/y/theta/t_err: 1.24797 0.00000 6.00000 -0.63838 0.53733 -0.52169 0.50322 -0.52169 0.50322 0 0 18.49638 1.24797
fb: -0.03288 0.61788 -0.64837 0.65326
fb: -0.03288 0.64429 -0.63516 0.64006
target: 0.00000 0.78486
dist/lin/ang/drive_left/drive_right/tv_l/tv_r/av_l/av_r/x/y/theta/t_err: 1.15722 0.00000 6.00000 -0.67717 0.61142 -0.55711 0.50958 -0.55711 0.50958 0 0 23.69640 1.15722
fb: -0.03111 0.66847 -0.62307 0.62797
fb: -0.03111 0.69411 -0.61025 0.61515
target: 0.00000 0.78486
dist/lin/ang/drive_left/drive_right/tv_l/tv_r/av_l/av_r/x/y/theta/t_err: 1.05811 0.00000 6.00000 -0.72522 0.66300 -0.57817 0.55731 -0.57817 0.55731 0 0 29.37475 1.05811
fb: -0.06597 0.72024 -0.59719 0.60208
fb: -0.06597 0.74476 -0.58493 0.58982
target: 0.00000 0.78486
dist/lin/ang/drive_left/drive_right/tv_l/tv_r/av_l/av_r/x/y/theta/t_err: 0.95130 0.00000 6.00000 -0.81073 0.67880 -0.58039 0.57097 -0.58039 0.57097 0 0 35.49432 0.95130
fb: -0.07943 0.76929 -0.57266 0.57756
fb: -0.07943 0.79472 -0.55995 0.56484
target: 0.00000 0.78486
dist/lin/ang/drive_left/drive_right/tv_l/tv_r/av_l/av_r/x/y/theta/t_err: 0.83674 0.00000 6.00000 -0.87415 0.71530 -0.56653 0.55986 -0.56653 0.55986 0 0 42.05839 0.83674
fb: -0.06795 0.81472 -0.54995 0.55484
fb: -0.06795 0.83144 -0.54159 0.54648
target: 0.00000 0.61262
dist/lin/ang/drive_left/drive_right/tv_l/tv_r/av_l/av_r/x/y/theta/t_err: 0.71481 0.00000 4.68331 -0.89939 0.76349 -0.54122 0.54156 -0.54122 0.54156 0 0 49.04440 0.71481
fb: -0.06199 0.84691 0.52077 -0.52566
fb: -0.06199 0.85792 0.52628 -0.53117
target: 0.00000 0.40625
dist/lin/ang/drive_left/drive_right/tv_l/tv_r/av_l/av_r/x/y/theta/t_err: 0.58737 0.00000 3.10563 -0.91991 0.79592 -0.36158 0.36961 -0.36158 0.36961 0 0 56.34644 0.58737
fb: -0.05824 0.85903 0.92193 -0.92682
fb: -0.05824 0.84677 0.91579 -0.92069
target: 0.00000 0.20166
dist/lin/ang/drive_left/drive_right/tv_l/tv_r/av_l/av_r/x/y/theta/t_err: 0.45637 0.00000 1.54161 -0.90501 0.78853 0.09325 -0.23700 0.09325 -0.23700 0 0 63.85209 0.45637
fb: -0.10259 0.79479 1.00000 -1.00000
fb: -0.10259 0.72665 1.00000 -1.00000
target: 0.00000 0.03077
dist/lin/ang/drive_left/drive_right/tv_l/tv_r/av_l/av_r/x/y/theta/t_err: 0.32955 0.00000 0.23526 -0.82924 0.62406 0.23681 -0.42522 0.23681 -0.42522 0 0 71.11807 0.32955
fb: -0.11252 0.66108 1.00000 -1.00000
fb: -0.11252 0.57949 1.00000 -1.00000
target: 0.00000 -0.06407
dist/lin/ang/drive_left/drive_right/tv_l/tv_r/av_l/av_r/x/y/theta/t_err: 0.22082 0.00000 -0.48980 -0.69202 0.46697 0.50322 -0.40450 0.50322 -0.40450 0 0 77.34800 0.22082
fb: -0.08738 0.49888 0.79023 -0.79512
fb: -0.08738 0.41394 0.74776 -0.75265
target: 0.00000 -0.10668
dist/lin/ang/drive_left/drive_right/tv_l/tv_r/av_l/av_r/x/y/theta/t_err: 0.13529 0.00000 -0.81553 -0.50132 0.32657 0.44761 -0.50581 0.44761 -0.50581 0 0 82.24862 0.13529
fb: -0.06399 0.32086 0.51601 -0.52090
fb: -0.06399 0.22575 0.46846 -0.47335
target: 0.00000 -0.10171
dist/lin/ang/drive_left/drive_right/tv_l/tv_r/av_l/av_r/x/y/theta/t_err: 0.07566 0.00000 -0.77751 -0.28974 0.16176 0.32203 -0.34103 0.32203 -0.34103 0 0 85.66509 0.07566
fb: -0.09312 0.13705 0.08478 -0.08967
fb: -0.09312 0.06522 0.08478 -0.08967
target: 0.00000 -0.04612
dist/lin/ang/drive_left/drive_right/tv_l/tv_r/av_l/av_r/x/y/theta/t_err: 0.04445 0.00000 -0.35257 -0.15833 -0.02790 0.31689 -0.25497 0.31689 -0.25497 0 0 87.45318 0.04445
fb: -0.09488 0.00327 -0.25826 0.26315
fb: -0.09488 -0.02940 -0.25826 0.26315
target: 0.00000 0.02665
dist/lin/ang/drive_left/drive_right/tv_l/tv_r/av_l/av_r/x/y/theta/t_err: 0.03680 0.00000 0.20371 -0.06548 -0.12429 0.06092 -0.01625 0.06092 -0.01625 0 0 87.89147 0.03680
fb: -0.03884 -0.04257 -0.38433 0.38923
fb: -0.03884 -0.04494 -0.38433 0.38923
target: 0.00000 0.07824
dist/lin/ang/drive_left/drive_right/tv_l/tv_r/av_l/av_r/x/y/theta/t_err: 0.04164 0.00000 0.59811 0.00610 -0.08378 -0.20003 0.22722 -0.20003 0.22722 0 0 87.61440 0.04164
fb: -0.01545 -0.03574 -0.32360 0.32849
fb: -0.01545 0.00836 -0.32360 0.32849
target: 0.00000 0.09329
dist/lin/ang/drive_left/drive_right/tv_l/tv_r/av_l/av_r/x/y/theta/t_err: 0.04806 0.00000 0.71317 -0.02381 -0.00709 -0.34272 0.33881 -0.34272 0.33881 0 0 87.24657 0.04806
fb: 0.00000 0.06626 -0.16926 0.17415
fb: 0.00000 0.10646 -0.16926 0.17415
target: 0.00000 0.05206
dist/lin/ang/drive_left/drive_right/tv_l/tv_r/av_l/av_r/x/y/theta/t_err: 0.04441 0.00000 0.39800 -0.10646 0.10646 -0.30592 0.30322 -0.30592 0.30322 0 0 87.45554 0.04441
fb: -0.00199 0.12890 0.18967 -0.19456
fb: -0.00199 0.13587 0.18967 -0.19456
target: 0.00000 -0.02067
dist/lin/ang/drive_left/drive_right/tv_l/tv_r/av_l/av_r/x/y/theta/t_err: 0.02736 0.00000 -0.15801 -0.13785 0.13388 -0.17164 0.17897 -0.17164 0.17897 0 0 88.43216 0.02736
fb: -0.00397 0.13503 0.38016 -0.38506
fb: -0.00397 0.12737 0.38016 -0.38506
target: 0.00000 -0.06393
dist/lin/ang/drive_left/drive_right/tv_l/tv_r/av_l/av_r/x/y/theta/t_err: 0.00668 0.00000 -0.48872 -0.13134 0.12340 0.17775 -0.13758 0.17775 -0.13758 0 0 89.61711 0.00668
fb: -0.02317 0.11984 0.27653 -0.28142
fb: -0.02317 0.08410 0.27653 -0.28142
target: 0.00000 -0.08694
dist/lin/ang/drive_left/drive_right/tv_l/tv_r/av_l/av_r/x/y/theta/t_err: -0.01255 0.00000 -0.66465 -0.10727 0.06093 0.31911 -0.33397 0.31911 -0.33397 0 0 90.71906 -0.01255
fb: -0.04082 0.01115 0.20083 -0.20573
fb: -0.04082 -0.04815 0.20083 -0.20573
final error was -1.27245
position: -0.34321 -0.75332 91.27245
took 0.60000 time to finish turn
decreased kp to 11.10000
decreased kp to 11.00000
decreased kp to 10.90000
decreased kp to 10.80000
decreased kp to 10.70000
decreased kp to 10.60000
decreased kp to 10.50000
decreased kp to 10.40000
decreased kp to 10.30000
decreased kp to 10.20000
decreased kp to 10.10000
decreased kp to 10.00000
decreased kp to 9.90000
decreased kp to 9.80000
decreased kp to 9.70000
decreased kp to 9.60000
decreased kp to 9.50000
decreased kp to 9.40000
target: 0.00000 0.15697
dist/lin/ang/drive_left/drive_right/tv_l/tv_r/av_l/av_r/x/y/theta/t_err: 1.57080 0.00000 1.20000 0.00000 0.00000 -0.00017 0.00000 -0.00017 0.00000 0 0 0.00007 1.57080
fb: 0.00000 0.00000 -0.85057 0.85546
fb: 0.00000 0.00000 -0.85057 0.85546
target: 0.00000 0.31394
dist/lin/ang/drive_left/drive_right/tv_l/tv_r/av_l/av_r/x/y/theta/t_err: 1.57080 0.00000 2.40000 0.00000 0.00000 -0.02875 0.06556 -0.02875 0.06556 0 0 -0.00010 1.57080
fb: 0.00000 0.00000 -1.00000 1.00000
fb: 0.00000 0.00181 -1.00000 1.00000
target: 0.00000 0.47092
dist/lin/ang/drive_left/drive_right/tv_l/tv_r/av_l/av_r/x/y/theta/t_err: 1.57080 0.00000 3.60000 -0.00181 0.00181 -0.43392 0.48114 -0.43392 0.48114 0 0 0.00004 1.57080
fb: 0.00000 0.03435 -1.00000 1.00000
fb: 0.00000 0.09371 -1.00000 1.00000
target: 0.00000 0.62789
dist/lin/ang/drive_left/drive_right/tv_l/tv_r/av_l/av_r/x/y/theta/t_err: 1.56900 0.00000 4.80000 -0.09371 0.09371 -0.39953 0.43069 -0.39953 0.43069 0 0 0.10278 1.56900
fb: 0.00000 0.14151 -1.00000 1.00000
fb: 0.00000 0.18896 -1.00000 1.00000
target: 0.00000 0.78486
dist/lin/ang/drive_left/drive_right/tv_l/tv_r/av_l/av_r/x/y/theta/t_err: 1.55296 0.00000 6.00000 -0.18896 0.18896 -0.56089 0.57836 -0.56089 0.57836 0 0 1.02184 1.55296
fb: 0.00000 0.23550 -1.00000 1.00000
fb: 0.01567 0.28532 -1.00000 1.00000
target: 0.00000 0.78486
dist/lin/ang/drive_left/drive_right/tv_l/tv_r/av_l/av_r/x/y/theta/t_err: 1.52243 0.00000 6.00000 -0.26966 0.30099 -0.64233 0.66306 -0.64233 0.66306 0 0 2.77142 1.52243
fb: 0.01567 0.33925 -0.78768 0.79258
fb: 0.00375 0.38886 -0.76288 0.76777
target: 0.00000 0.78486
dist/lin/ang/drive_left/drive_right/tv_l/tv_r/av_l/av_r/x/y/theta/t_err: 1.47683 0.00000 6.00000 -0.38511 0.39261 -0.65019 0.60861 -0.65019 0.60861 0 0 5.38382 1.47683
fb: 0.00375 0.43533 -0.73964 0.74454
fb: 0.00000 0.47380 -0.72041 0.72531
target: 0.00000 0.78486
dist/lin/ang/drive_left/drive_right/tv_l/tv_r/av_l/av_r/x/y/theta/t_err: 1.41583 0.00000 6.00000 -0.47380 0.47380 -0.47808 0.42725 -0.47808 0.42725 0 0 8.87917 1.41583
fb: 0.00000 0.49498 -0.70982 0.71471
fb: 0.00000 0.51811 -0.69825 0.70315
target: 0.00000 0.78486
dist/lin/ang/drive_left/drive_right/tv_l/tv_r/av_l/av_r/x/y/theta/t_err: 1.34302 0.00000 6.00000 -0.51811 0.51811 -0.53267 0.48647 -0.53267 0.48647 0 0 13.05061 1.34302
fb: 0.00000 0.53915 -0.68773 0.69263
fb: 0.00000 0.56563 -0.67450 0.67939
target: 0.00000 0.78486
dist/lin/ang/drive_left/drive_right/tv_l/tv_r/av_l/av_r/x/y/theta/t_err: 1.26318 0.00000 6.00000 -0.56563 0.56563 -0.51214 0.51297 -0.51214 0.51297 0 0 17.62514 1.26318
fb: 0.00000 0.59517 -0.65972 0.66462
fb: 0.00000 0.62248 -0.64607 0.65096
target: 0.00000 0.78486
dist/lin/ang/drive_left/drive_right/tv_l/tv_r/av_l/av_r/x/y/theta/t_err: 1.17580 0.00000 6.00000 -0.62248 0.62248 -0.55561 0.47431 -0.55561 0.47431 0 0 22.63170 1.17580
fb: 0.00000 0.64527 -0.63468 0.63957
fb: 0.00000 0.67544 -0.61959 0.62448
target: 0.00000 0.78486
dist/lin/ang/drive_left/drive_right/tv_l/tv_r/av_l/av_r/x/y/theta/t_err: 1.08006 0.00000 6.00000 -0.67544 0.67544 -0.58792 0.51297 -0.58792 0.51297 0 0 28.11703 1.08006
fb: 0.00000 0.70045 -0.60708 0.61198
fb: -0.12024 0.72038 -0.59712 0.60201
target: 0.00000 0.78486
dist/lin/ang/drive_left/drive_right/tv_l/tv_r/av_l/av_r/x/y/theta/t_err: 0.97613 0.00000 6.00000 -0.84062 0.60013 -0.58586 0.57492 -0.58586 0.57492 0 0 34.07204 0.97613
fb: -0.12024 0.74483 -0.58489 0.58979
fb: -0.09686 0.77173 -0.57144 0.57634
target: 0.00000 0.66906
dist/lin/ang/drive_left/drive_right/tv_l/tv_r/av_l/av_r/x/y/theta/t_err: 0.86533 0.00000 5.11472 -0.86858 0.67487 -0.57664 0.57492 -0.57664 0.57492 0 0 40.42051 0.86533
fb: -0.09686 0.79542 0.17505 -0.17995
fb: -0.06200 0.81730 0.18599 -0.19089
target: 0.00000 0.49522
dist/lin/ang/drive_left/drive_right/tv_l/tv_r/av_l/av_r/x/y/theta/t_err: 0.74668 0.00000 3.78583 -0.87929 0.75530 -0.37850 0.55833 -0.37850 0.55833 0 0 47.21820 0.74668
fb: -0.06200 0.83646 0.66008 -0.66498
fb: -0.07766 0.83792 0.66082 -0.66571
target: 0.00000 0.31672
dist/lin/ang/drive_left/drive_right/tv_l/tv_r/av_l/av_r/x/y/theta/t_err: 0.62124 0.00000 2.42119 -0.91558 0.76026 0.19797 -0.08075 0.19797 -0.08075 0 0 54.40579 0.62124
fb: -0.07766 0.82329 0.88340 -0.88829
fb: -0.10656 0.76504 0.85427 -0.85917
target: 0.00000 0.15339
dist/lin/ang/drive_left/drive_right/tv_l/tv_r/av_l/av_r/x/y/theta/t_err: 0.49390 0.00000 1.17259 -0.87160 0.65848 0.37867 -0.50681 0.37867 -0.50681 0 0 61.70186 0.49390
fb: -0.10656 0.69084 0.93996 -0.94485
fb: -0.09112 0.61935 0.90421 -0.90911
target: 0.00000 0.06171
dist/lin/ang/drive_left/drive_right/tv_l/tv_r/av_l/av_r/x/y/theta/t_err: 0.38009 0.00000 0.47175 -0.71047 0.52822 0.36703 -0.35042 0.36703 -0.35042 0 0 68.22228 0.38009
fb: -0.09112 0.53615 0.64745 -0.65234
fb: -0.14364 0.45923 0.60899 -0.61388
target: 0.00000 0.03005
dist/lin/ang/drive_left/drive_right/tv_l/tv_r/av_l/av_r/x/y/theta/t_err: 0.28887 0.00000 0.22969 -0.60287 0.31559 0.33572 -0.35061 0.33572 -0.35061 0 0 73.44875 0.28887
fb: -0.14364 0.37938 0.33605 -0.34094
fb: -0.07944 0.29884 0.29577 -0.30067
target: 0.00000 0.03328
dist/lin/ang/drive_left/drive_right/tv_l/tv_r/av_l/av_r/x/y/theta/t_err: 0.22172 0.00000 0.25441 -0.37827 0.21940 0.32047 -0.36414 0.32047 -0.36414 0 0 77.29610 0.22172
fb: -0.07944 0.22728 -0.07587 0.08076
fb: -0.00397 0.15614 -0.07587 0.08076
target: 0.00000 0.06635
dist/lin/ang/drive_left/drive_right/tv_l/tv_r/av_l/av_r/x/y/theta/t_err: 0.17870 0.00000 0.50720 -0.16012 0.15217 0.20125 -0.25325 0.20125 -0.25325 0 0 79.76149 0.17870
fb: -0.00397 0.08229 -0.23228 0.23717
fb: -0.06973 0.02745 -0.23228 0.23717
target: 0.00000 0.11882
dist/lin/ang/drive_left/drive_right/tv_l/tv_r/av_l/av_r/x/y/theta/t_err: 0.15765 0.00000 0.90835 -0.09718 -0.04228 -0.08453 0.06928 -0.08453 0.06928 0 0 80.96742 0.15765
fb: -0.06973 0.00557 -0.35477 0.35967
fb: -0.06598 0.00307 -0.35477 0.35967
target: 0.00000 0.17619
dist/lin/ang/drive_left/drive_right/tv_l/tv_r/av_l/av_r/x/y/theta/t_err: 0.15396 0.00000 1.34690 -0.06904 -0.06291 -0.23681 0.21956 -0.23681 0.21956 0 0 81.17846 0.15396
fb: -0.06598 0.01212 -0.41522 0.42011
fb: -0.02140 0.03540 -0.41522 0.42011
target: 0.00000 0.18463
dist/lin/ang/drive_left/drive_right/tv_l/tv_r/av_l/av_r/x/y/theta/t_err: 0.15299 0.00000 1.41147 -0.05680 0.01399 -0.33417 0.31997 -0.33417 0.31997 0 0 81.23443 0.15299
fb: -0.02140 0.07880 -0.20073 0.20563
fb: 0.00000 0.12124 -0.20073 0.20563
target: 0.00000 0.15317
dist/lin/ang/drive_left/drive_right/tv_l/tv_r/av_l/av_r/x/y/theta/t_err: 0.14570 0.00000 1.17092 -0.12124 0.12124 -0.33692 0.35933 -0.33692 0.35933 0 0 81.65210 0.14570
fb: 0.00000 0.15837 0.07800 -0.08289
fb: -0.01147 0.18596 0.07800 -0.08289
target: 0.00000 0.08379
dist/lin/ang/drive_left/drive_right/tv_l/tv_r/av_l/av_r/x/y/theta/t_err: 0.12581 0.00000 0.64054 -0.19744 0.17449 -0.15158 0.17950 -0.15158 0.17950 0 0 82.79181 0.12581
fb: -0.01147 0.18805 0.29509 -0.29999
fb: -0.01942 0.17962 0.29509 -0.29999
target: 0.00000 0.01926
dist/lin/ang/drive_left/drive_right/tv_l/tv_r/av_l/av_r/x/y/theta/t_err: 0.09756 0.00000 0.14724 -0.19904 0.16021 0.12217 -0.07783 0.12217 -0.07783 0 0 84.41039 0.09756
fb: -0.01942 0.17133 0.31650 -0.32139
fb: -0.02339 0.16241 0.31650 -0.32139
target: 0.00000 -0.01041
dist/lin/ang/drive_left/drive_right/tv_l/tv_r/av_l/av_r/x/y/theta/t_err: 0.07036 0.00000 -0.07961 -0.18580 0.13902 0.26589 -0.25528 0.26589 -0.25528 0 0 85.96848 0.07036
fb: -0.02339 0.13238 0.17953 -0.18443
fb: -0.00971 0.07030 0.17953 -0.18443
target: 0.00000 -0.02616
dist/lin/ang/drive_left/drive_right/tv_l/tv_r/av_l/av_r/x/y/theta/t_err: 0.04686 0.00000 -0.19999 -0.08001 0.06059 0.24056 -0.28147 0.24056 -0.28147 0 0 87.31514 0.04686
fb: -0.00971 0.00523 0.12741 -0.13231
fb: 0.00000 -0.04835 0.12741 -0.13231
target: 0.00000 0.01833
dist/lin/ang/drive_left/drive_right/tv_l/tv_r/av_l/av_r/x/y/theta/t_err: 0.03866 0.00000 0.14012 0.04835 -0.04835 0.15142 -0.17744 0.15142 -0.17744 0 0 87.78470 0.03866
fb: 0.00000 -0.07664 -0.25151 0.25640
fb: -0.00772 -0.08946 -0.25151 0.25640
target: 0.00000 0.08660
dist/lin/ang/drive_left/drive_right/tv_l/tv_r/av_l/av_r/x/y/theta/t_err: 0.04681 0.00000 0.66204 0.08174 -0.09719 0.01183 -0.10303 0.01183 -0.10303 0 0 87.31791 0.04681
fb: -0.00772 -0.09253 -0.40427 0.40916
fb: -0.03486 -0.08849 -0.40427 0.40916
target: 0.00000 0.12327
dist/lin/ang/drive_left/drive_right/tv_l/tv_r/av_l/av_r/x/y/theta/t_err: 0.06052 0.00000 0.94237 0.05362 -0.12335 -0.26439 0.20875 -0.26439 0.20875 0 0 86.53258 0.06052
fb: -0.03486 -0.08473 -0.28663 0.29153
fb: -0.01942 -0.06487 -0.28663 0.29153
target: 0.00000 0.13912
dist/lin/ang/drive_left/drive_right/tv_l/tv_r/av_l/av_r/x/y/theta/t_err: 0.07401 0.00000 1.06353 0.04545 -0.08429 -0.32975 0.34511 -0.32975 0.34511 0 0 85.75927 0.07401
fb: -0.01942 -0.01442 -0.20355 0.20845
fb: -0.01169 0.04808 -0.20355 0.20845
target: 0.00000 0.12751
dist/lin/ang/drive_left/drive_right/tv_l/tv_r/av_l/av_r/x/y/theta/t_err: 0.08163 0.00000 0.97481 -0.05977 0.03638 -0.24506 0.26914 -0.24506 0.26914 0 0 85.32299 0.08163
fb: -0.01169 0.08765 -0.07223 0.07713
fb: 0.00000 0.10709 -0.07223 0.07713
target: 0.00000 0.05895
dist/lin/ang/drive_left/drive_right/tv_l/tv_r/av_l/av_r/x/y/theta/t_err: 0.07299 0.00000 0.45064 -0.10709 0.10709 -0.17264 0.18633 -0.17264 0.18633 0 0 85.81806 0.07299
fb: 0.00000 0.11754 0.30808 -0.31297
fb: 0.00000 0.12040 0.30808 -0.31297
target: 0.00000 0.00975
dist/lin/ang/drive_left/drive_right/tv_l/tv_r/av_l/av_r/x/y/theta/t_err: 0.05630 0.00000 0.07453 -0.12040 0.12040 -0.01217 0.05339 -0.01217 0.05339 0 0 86.77412 0.05630
fb: 0.00199 0.11601 0.25388 -0.25878
fb: 0.00199 0.10723 0.25388 -0.25878
target: 0.00000 -0.01795
dist/lin/ang/drive_left/drive_right/tv_l/tv_r/av_l/av_r/x/y/theta/t_err: 0.03812 0.00000 -0.13719 -0.10525 0.10922 0.24964 -0.24539 0.24964 -0.24539 0 0 87.81597 0.03812
fb: -0.00375 0.09734 0.17568 -0.18057
fb: -0.00375 0.06563 0.17568 -0.18057
target: 0.00000 -0.02995
dist/lin/ang/drive_left/drive_right/tv_l/tv_r/av_l/av_r/x/y/theta/t_err: 0.02209 0.00000 -0.22897 -0.06939 0.06188 0.21869 -0.22878 0.21869 -0.22878 0 0 88.73408 0.02209
fb: 0.00000 0.00752 0.11311 -0.11801
fb: 0.00000 -0.04229 0.11311 -0.11801
final error was 0.83365
position: -0.31763 -0.74019 89.16635
took 0.78000 time to finish turn
decreased kd to 10.70000
decreased kd to 10.50000
decreased kd to 10.30000
decreased kd to 10.10000
decreased kd to 9.90000
decreased kd to 9.70000
decreased kd to 9.50000
decreased kd to 9.30000
decreased kd to 9.10000
decreased kd to 8.90000
decreased kd to 8.70000
decreased kd to 8.50000
decreased kd to 8.30000
decreased kd to 8.10000
decreased kd to 7.90000
decreased kd to 7.70000
decreased kd to 7.50000
decreased kp to 9.30000
decreased kd to 7.30000
decreased kp to 9.20000
decreased kd to 7.10000
decreased kp to 9.10000
decreased kd to 6.90000
decreased kp to 9.00000
decreased kp to 8.90000
decreased kd to 6.70000
decreased kp to 8.80000
decreased kd to 6.50000
decreased kd to 6.30000
decreased kd to 6.10000
decreased kd to 5.90000
decreased kd to 5.70000
decreased kd to 5.50000
decreased kd to 5.30000
decreased kp to 8.70000
decreased kd to 5.10000
decreased kp to 8.60000
decreased kd to 4.90000
decreased kp to 8.50000
decreased kd to 4.70000
decreased kp to 8.40000
decreased kp to 8.30000
decreased kd to 4.50000
decreased kp to 8.20000
decreased kd to 4.30000
decreased kp to 8.10000
decreased kd to 4.10000
decreased kp to 8.00000
decreased kd to 3.90000
decreased kd to 3.70000
decreased kd to 3.50000
decreased kd to 3.30000
decreased kd to 3.10000
decreased kd to 2.90000
decreased kd to 2.70000
decreased kd to 2.50000
decreased kd to 2.30000
decreased kd to 2.10000
decreased kd to 1.90000
decreased kd to 1.70000
decreased kd to 1.50000
decreased kd to 1.30000
decreased kd to 1.10000
decreased kd to 0.90000
decreased kd to 0.70000
decreased kd to 0.50000
decreased kd to 0.30000
decreased kd to 0.10000
decreased kd to -0.10000
increased kd to 0.10000
target: 0.00000 0.15697
dist/lin/ang/drive_left/drive_right/tv_l/tv_r/av_l/av_r/x/y/theta/t_err: 1.57080 0.00000 1.20000 0.00000 0.00000 0.00000 -0.00017 0.00000 -0.00017 0 0 0.00004 1.57080
fb: 0.00000 0.00000 -0.85057 0.85546
fb: 0.00000 0.00000 -0.85057 0.85546
target: 0.00000 0.31394
dist/lin/ang/drive_left/drive_right/tv_l/tv_r/av_l/av_r/x/y/theta/t_err: 1.57080 0.00000 2.40000 0.00000 0.00000 -0.06997 0.05611 -0.06997 0.05611 0 0 -0.00003 1.57080
fb: 0.00000 0.00174 -1.00000 1.00000
fb: 0.00000 0.03121 -1.00000 1.00000
target: 0.00000 0.47092
dist/lin/ang/drive_left/drive_right/tv_l/tv_r/av_l/av_r/x/y/theta/t_err: 1.57075 0.00000 3.60000 -0.03121 0.03121 -0.42367 0.45500 -0.42367 0.45500 0 0 0.00279 1.57075
fb: 0.00772 0.09030 -1.00000 1.00000
fb: 0.00772 0.14318 -1.00000 1.00000
target: 0.00000 0.62789
dist/lin/ang/drive_left/drive_right/tv_l/tv_r/av_l/av_r/x/y/theta/t_err: 1.56335 0.00000 4.80000 -0.13546 0.15091 -0.33383 0.52531 -0.33383 0.52531 0 0 0.42667 1.56335
fb: 0.00794 0.18492 -1.00000 1.00000
fb: 0.00794 0.22610 -1.00000 1.00000
target: 0.00000 0.78486
dist/lin/ang/drive_left/drive_right/tv_l/tv_r/av_l/av_r/x/y/theta/t_err: 1.54002 0.00000 6.00000 -0.21815 0.23404 -0.55661 0.59528 -0.55661 0.59528 0 0 1.76349 1.54002
fb: 0.00000 0.27146 -1.00000 1.00000
fb: 0.00000 0.32023 -1.00000 1.00000
target: 0.00000 0.78486
dist/lin/ang/drive_left/drive_right/tv_l/tv_r/av_l/av_r/x/y/theta/t_err: 1.50366 0.00000 6.00000 -0.32023 0.32023 -0.70564 0.62386 -0.70564 0.62386 0 0 3.84653 1.50366
fb: 0.04457 0.36810 -0.77326 0.77815
fb: 0.04457 0.41785 -0.74839 0.75328
target: 0.00000 0.78486
dist/lin/ang/drive_left/drive_right/tv_l/tv_r/av_l/av_r/x/y/theta/t_err: 1.45302 0.00000 6.00000 -0.37327 0.46242 -0.70547 0.59200 -0.70547 0.59200 0 0 6.74815 1.45302
fb: 0.01545 0.46829 -0.72316 0.72806
fb: 0.01545 0.49609 -0.70926 0.71416
target: 0.00000 0.78486
dist/lin/ang/drive_left/drive_right/tv_l/tv_r/av_l/av_r/x/y/theta/t_err: 1.38736 0.00000 6.00000 -0.48065 0.51154 -0.42417 0.53164 -0.42417 0.53164 0 0 10.50993 1.38736
fb: 0.03288 0.52020 -0.69721 0.70210
fb: 0.03288 0.54974 -0.68244 0.68733
target: 0.00000 0.78486
dist/lin/ang/drive_left/drive_right/tv_l/tv_r/av_l/av_r/x/y/theta/t_err: 1.31080 0.00000 6.00000 -0.51687 0.58262 -0.47053 0.47519 -0.47053 0.47519 0 0 14.89651 1.31080
fb: 0.03111 0.57636 -0.66913 0.67402
fb: 0.03111 0.59413 -0.66025 0.66514
target: 0.00000 0.78486
dist/lin/ang/drive_left/drive_right/tv_l/tv_r/av_l/av_r/x/y/theta/t_err: 1.22602 0.00000 6.00000 -0.56301 0.62524 -0.51622 0.54686 -0.51622 0.54686 0 0 19.75415 1.22602
fb: 0.00772 0.61670 -0.64896 0.65385
fb: 0.00772 0.64778 -0.63342 0.63832
target: 0.00000 0.78486
dist/lin/ang/drive_left/drive_right/tv_l/tv_r/av_l/av_r/x/y/theta/t_err: 1.13451 0.00000 6.00000 -0.64005 0.65550 -0.57425 0.57272 -0.57425 0.57272 0 0 24.99752 1.13451
fb: 0.00000 0.67969 -0.61747 0.62236
fb: 0.00000 0.71104 -0.60179 0.60668
target: 0.00000 0.78486
dist/lin/ang/drive_left/drive_right/tv_l/tv_r/av_l/av_r/x/y/theta/t_err: 1.03443 0.00000 6.00000 -0.71104 0.71104 -0.56569 0.58194 -0.56569 0.58194 0 0 30.73134 1.03443
fb: 0.00199 0.73947 -0.58757 0.59247
fb: 0.00199 0.76372 -0.57545 0.58034
target: 0.00000 0.78486
dist/lin/ang/drive_left/drive_right/tv_l/tv_r/av_l/av_r/x/y/theta/t_err: 0.92497 0.00000 6.00000 -0.76173 0.76570 -0.57167 0.57186 -0.57167 0.57186 0 0 37.00298 0.92497
fb: 0.00000 0.78936 -0.56263 0.56752
fb: 0.00000 0.81082 -0.55190 0.55679
target: 0.00000 0.78486
dist/lin/ang/drive_left/drive_right/tv_l/tv_r/av_l/av_r/x/y/theta/t_err: 0.80747 0.00000 6.00000 -0.81082 0.81082 -0.55900 0.55956 -0.55900 0.55956 0 0 43.73560 0.80747
fb: -0.00772 0.82970 -0.54246 0.54735
fb: -0.00772 0.84670 -0.53396 0.53885
target: 0.00000 0.71073
dist/lin/ang/drive_left/drive_right/tv_l/tv_r/av_l/av_r/x/y/theta/t_err: 0.68305 0.00000 5.43327 -0.85442 0.83898 -0.53694 0.53403 -0.53694 0.53403 0 0 50.86426 0.68305
fb: -0.02515 0.85847 -0.10774 0.11263
fb: -0.02515 0.86837 -0.10279 0.10768
target: 0.00000 0.57489
dist/lin/ang/drive_left/drive_right/tv_l/tv_r/av_l/av_r/x/y/theta/t_err: 0.55340 0.00000 4.39481 -0.89352 0.84322 -0.48919 0.44692 -0.48919 0.44692 0 0 58.29234 0.55340
fb: -0.07192 0.86851 0.41195 -0.41684
fb: -0.07192 0.85931 0.40735 -0.41224
target: 0.00000 0.43616
dist/lin/ang/drive_left/drive_right/tv_l/tv_r/av_l/av_r/x/y/theta/t_err: 0.42093 0.00000 3.33430 -0.93123 0.78739 -0.13825 0.10386 -0.13825 0.10386 0 0 65.88265 0.42093
fb: -0.13943 0.84781 0.57689 -0.58178
fb: -0.13943 0.78789 0.54693 -0.55182
target: 0.00000 0.29932
dist/lin/ang/drive_left/drive_right/tv_l/tv_r/av_l/av_r/x/y/theta/t_err: 0.29011 0.00000 2.28819 -0.92733 0.64846 0.28250 -0.30628 0.28250 -0.30628 0 0 73.37780 0.29011
fb: -0.13194 0.70554 0.65737 -0.66227
fb: -0.13194 0.62534 0.61727 -0.62217
target: 0.00000 0.17721
dist/lin/ang/drive_left/drive_right/tv_l/tv_r/av_l/av_r/x/y/theta/t_err: 0.17300 0.00000 1.35473 -0.75728 0.49340 0.35217 -0.38311 0.35217 -0.38311 0 0 80.08779 0.17300
fb: 0.00000 0.54459 0.65346 -0.65835
fb: 0.00000 0.47498 0.61865 -0.62355
target: 0.00000 0.08133
dist/lin/ang/drive_left/drive_right/tv_l/tv_r/av_l/av_r/x/y/theta/t_err: 0.08060 0.00000 0.62171 -0.47498 0.47498 0.31106 -0.33297 0.31106 -0.33297 0 0 85.38191 0.08060
fb: -0.16681 0.40314 0.57693 -0.58183
fb: -0.16681 0.32065 0.41602 -0.42092
target: 0.00000 0.00888
dist/lin/ang/drive_left/drive_right/tv_l/tv_r/av_l/av_r/x/y/theta/t_err: 0.01067 0.00000 0.06792 -0.48746 0.15384 0.26847 -0.36533 0.26847 -0.36533 0 0 89.38838 0.01067
fb: -0.03486 0.22958 0.35906 -0.36395
fb: -0.03486 0.13949 0.35906 -0.36395
target: 0.00000 -0.03792
dist/lin/ang/drive_left/drive_right/tv_l/tv_r/av_l/av_r/x/y/theta/t_err: -0.03482 0.00000 -0.28990 -0.17435 0.10463 0.35247 -0.33264 0.35247 -0.33264 0 0 91.99484 -0.03482
fb: -0.05825 0.06243 0.27506 -0.27995
fb: -0.05825 0.00578 0.27506 -0.27995
target: 0.00000 -0.05642
dist/lin/ang/drive_left/drive_right/tv_l/tv_r/av_l/av_r/x/y/theta/t_err: -0.05334 0.00000 -0.43132 -0.06404 -0.05247 0.32392 -0.31364 0.32392 -0.31364 0 0 93.05593 -0.05334
fb: -0.07569 -0.03609 0.16007 -0.16496
fb: -0.07569 -0.07177 0.16007 -0.16496
target: 0.00000 -0.05521
dist/lin/ang/drive_left/drive_right/tv_l/tv_r/av_l/av_r/x/y/theta/t_err: -0.05278 0.00000 -0.42209 -0.00392 -0.14745 0.25272 -0.24158 0.25272 -0.24158 0 0 93.02400 -0.05278
fb: -0.00772 -0.09483 0.07058 -0.07548
fb: -0.00772 -0.10667 0.07058 -0.07548
target: 0.00000 -0.04259
dist/lin/ang/drive_left/drive_right/tv_l/tv_r/av_l/av_r/x/y/theta/t_err: -0.04107 0.00000 -0.32561 0.09895 -0.11440 0.15825 -0.14494 0.15825 -0.14494 0 0 92.35295 -0.04107
fb: -0.00375 -0.11176 -0.06728 0.07217
fb: -0.00375 -0.10793 -0.06728 0.07217
target: 0.00000 -0.02517
dist/lin/ang/drive_left/drive_right/tv_l/tv_r/av_l/av_r/x/y/theta/t_err: -0.02457 0.00000 -0.19243 0.10418 -0.11168 0.06294 -0.04433 0.06294 -0.04433 0 0 91.40774 -0.02457
fb: -0.01942 -0.10054 -0.10055 0.10544
fb: -0.01942 -0.09086 -0.10055 0.10544
target: 0.00000 -0.00823
dist/lin/ang/drive_left/drive_right/tv_l/tv_r/av_l/av_r/x/y/theta/t_err: -0.00837 0.00000 -0.06293 0.07144 -0.11028 -0.05581 0.06197 -0.05581 0.06197 0 0 90.47969 -0.00837
fb: -0.02714 -0.08264 -0.10974 0.11463
fb: -0.02714 -0.06940 -0.10974 0.11463
final error was 0.30015
position: 0.02232 -0.56454 89.69985
took 0.56000 time to finish turn
target: 0.00000 0.15697
dist/lin/ang/drive_left/drive_right/tv_l/tv_r/av_l/av_r/x/y/theta/t_err: 1.57080 0.00000 1.20000 0.00000 0.00000 0.00000 0.00000 0.00000 0.00000 0 0 0.00006 1.57080
fb: 0.00000 0.00000 -0.85057 0.85546
fb: 0.00000 0.00000 -0.85057 0.85546
target: 0.00000 0.31394
dist/lin/ang/drive_left/drive_right/tv_l/tv_r/av_l/av_r/x/y/theta/t_err: 1.57080 0.00000 2.40000 0.00000 0.00000 -0.02978 0.06639 -0.02978 0.06639 0 0 0.00004 1.57080
fb: 0.00000 0.00000 -1.00000 1.00000
fb: 0.00000 0.00063 -1.00000 1.00000
target: 0.00000 0.47092
dist/lin/ang/drive_left/drive_right/tv_l/tv_r/av_l/av_r/x/y/theta/t_err: 1.57080 0.00000 3.60000 -0.00063 0.00063 -0.45019 0.37883 -0.45019 0.37883 0 0 -0.00011 1.57080
fb: 0.00397 0.01951 -1.00000 1.00000
fb: 0.00397 0.07400 -1.00000 1.00000
target: 0.00000 0.62789
dist/lin/ang/drive_left/drive_right/tv_l/tv_r/av_l/av_r/x/y/theta/t_err: 1.56978 0.00000 4.80000 -0.07002 0.07797 -0.66475 0.32819 -0.66475 0.32819 0 0 0.05817 1.56978
fb: 0.02317 0.12221 -1.00000 1.00000
fb: 0.02317 0.16506 -1.00000 1.00000
target: 0.00000 0.78486
dist/lin/ang/drive_left/drive_right/tv_l/tv_r/av_l/av_r/x/y/theta/t_err: 1.55704 0.00000 6.00000 -0.14189 0.18823 -0.70856 0.54703 -0.70856 0.54703 0 0 0.78827 1.55704
fb: 0.00000 0.21495 -1.00000 1.00000
fb: 0.00000 0.26923 -1.00000 1.00000
target: 0.00000 0.78486
dist/lin/ang/drive_left/drive_right/tv_l/tv_r/av_l/av_r/x/y/theta/t_err: 1.52987 0.00000 6.00000 -0.26923 0.26923 -0.71644 0.64114 -0.71644 0.64114 0 0 2.34516 1.52987
fb: 0.00000 0.32546 -0.79458 0.79948
fb: 0.00000 0.38510 -0.76476 0.76965
target: 0.00000 0.78486
dist/lin/ang/drive_left/drive_right/tv_l/tv_r/av_l/av_r/x/y/theta/t_err: 1.48671 0.00000 6.00000 -0.38510 0.38510 -0.67689 0.55986 -0.67689 0.55986 0 0 4.81807 1.48671
fb: 0.00000 0.44390 -0.73536 0.74025
fb: 0.00000 0.48738 -0.71362 0.71851
target: 0.00000 0.78486
dist/lin/ang/drive_left/drive_right/tv_l/tv_r/av_l/av_r/x/y/theta/t_err: 1.42576 0.00000 6.00000 -0.48738 0.48738 -0.51861 0.46781 -0.51861 0.46781 0 0 8.31021 1.42576
fb: 0.00000 0.50557 -0.70453 0.70942
fb: 0.00000 0.52891 -0.69285 0.69775
target: 0.00000 0.78486
dist/lin/ang/drive_left/drive_right/tv_l/tv_r/av_l/av_r/x/y/theta/t_err: 1.35106 0.00000 6.00000 -0.52891 0.52891 -0.54944 0.50908 -0.54944 0.50908 0 0 12.58986 1.35106
fb: 0.00000 0.55183 -0.68139 0.68629
fb: 0.00000 0.57552 -0.66955 0.67444
target: 0.00000 0.78486
dist/lin/ang/drive_left/drive_right/tv_l/tv_r/av_l/av_r/x/y/theta/t_err: 1.26961 0.00000 6.00000 -0.57552 0.57552 -0.57425 0.54414 -0.57425 0.54414 0 0 17.25690 1.26961
fb: 0.00000 0.60848 -0.65307 0.65796
fb: 0.00000 0.64192 -0.63635 0.64124
target: 0.00000 0.78486
dist/lin/ang/drive_left/drive_right/tv_l/tv_r/av_l/av_r/x/y/theta/t_err: 1.18048 0.00000 6.00000 -0.64192 0.64192 -0.57442 0.54294 -0.57442 0.54294 0 0 22.36327 1.18048
fb: 0.00000 0.66624 -0.62419 0.62908
fb: 0.00000 0.69174 -0.61144 0.61633
target: 0.00000 0.78486
dist/lin/ang/drive_left/drive_right/tv_l/tv_r/av_l/av_r/x/y/theta/t_err: 1.08177 0.00000 6.00000 -0.69174 0.69174 -0.57681 0.56006 -0.57681 0.56006 0 0 28.01892 1.08177
fb: 0.00000 0.72233 -0.59614 0.60104
fb: 0.00000 0.74602 -0.58430 0.58919
target: 0.00000 0.78486
dist/lin/ang/drive_left/drive_right/tv_l/tv_r/av_l/av_r/x/y/theta/t_err: 0.97504 0.00000 6.00000 -0.74602 0.74602 -0.58606 0.57269 -0.58606 0.57269 0 0 34.13428 0.97504
fb: 0.00000 0.77173 -0.57144 0.57634
fb: 0.00000 0.79528 -0.55967 0.56456
target: 0.00000 0.78486
dist/lin/ang/drive_left/drive_right/tv_l/tv_r/av_l/av_r/x/y/theta/t_err: 0.86026 0.00000 6.00000 -0.79528 0.79528 -0.56792 0.55681 -0.56792 0.55681 0 0 40.71059 0.86026
fb: 0.00000 0.81402 -0.55030 0.55519
fb: 0.00000 0.82879 -0.54291 0.54781
target: 0.00000 0.76862
dist/lin/ang/drive_left/drive_right/tv_l/tv_r/av_l/av_r/x/y/theta/t_err: 0.73829 0.00000 5.87583 -0.82879 0.82879 -0.54328 0.54378 -0.54328 0.54378 0 0 47.69908 0.73829
fb: 0.00000 0.84391 -0.44326 0.44815
fb: 0.00000 0.85861 -0.43591 0.44080
target: 0.00000 0.63549
dist/lin/ang/drive_left/drive_right/tv_l/tv_r/av_l/av_r/x/y/theta/t_err: 0.61124 0.00000 4.85813 -0.85861 0.85861 -0.51214 0.50494 -0.51214 0.50494 0 0 54.97875 0.61124
fb: 0.00000 0.87025 0.32969 -0.33458
fb: -0.90740 0.87652 0.78653 0.20382
target: 0.00000 0.49778
dist/lin/ang/drive_left/drive_right/tv_l/tv_r/av_l/av_r/x/y/theta/t_err: 0.47977 0.00000 3.80533 -1.78392 -0.03088 -0.22447 0.31039 -0.22447 0.31039 0 0 62.51094 0.47977
fb: -0.90740 0.86983 0.96497 -0.06246
fb: -0.12024 0.86098 0.50684 -0.51173
target: 0.00000 0.35807
dist/lin/ang/drive_left/drive_right/tv_l/tv_r/av_l/av_r/x/y/theta/t_err: 0.34634 0.00000 2.73733 -0.98122 0.74075 0.29156 0.11119 0.29156 0.11119 0 0 70.15638 0.34634
fb: -0.12024 0.83506 0.66628 -0.67118
fb: -0.07965 0.78608 0.64179 -0.64669
target: 0.00000 0.22169
dist/lin/ang/drive_left/drive_right/tv_l/tv_r/av_l/av_r/x/y/theta/t_err: 0.21592 0.00000 1.69472 -0.86573 0.70644 0.34378 -0.23356 0.34378 -0.23356 0 0 77.62895 0.21592
fb: -0.07965 0.71557 0.75116 -0.75606
fb: -0.03486 0.64499 0.71587 -0.72077
target: 0.00000 0.09945
dist/lin/ang/drive_left/drive_right/tv_l/tv_r/av_l/av_r/x/y/theta/t_err: 0.09870 0.00000 0.76029 -0.67985 0.61013 0.37781 -0.31231 0.37781 -0.31231 0 0 84.34495 0.09870
fb: -0.03486 0.56277 0.75410 -0.75899
fb: -0.05428 0.48223 0.71382 -0.71872
target: 0.00000 0.00045
dist/lin/ang/drive_left/drive_right/tv_l/tv_r/av_l/av_r/x/y/theta/t_err: 0.00341 0.00000 0.00346 -0.53650 0.42795 0.32939 -0.32494 0.32939 -0.32494 0 0 89.80459 0.00341
fb: -0.05428 0.39994 0.68396 -0.68886
fb: -0.07568 0.31856 0.64327 -0.64817
target: 0.00000 -0.07259
dist/lin/ang/drive_left/drive_right/tv_l/tv_r/av_l/av_r/x/y/theta/t_err: -0.06716 0.00000 -0.55492 -0.39424 0.24287 0.35367 -0.33367 0.35367 -0.33367 0 0 93.84797 -0.06716
fb: -0.07568 0.24108 0.57318 -0.57807
fb: -0.03288 0.16743 0.41635 -0.42124
target: 0.00000 -0.11979
dist/lin/ang/drive_left/drive_right/tv_l/tv_r/av_l/av_r/x/y/theta/t_err: -0.11303 0.00000 -0.91575 -0.20031 0.13455 0.35439 -0.32614 0.35439 -0.32614 0 0 96.47641 -0.11303
fb: -0.03288 0.09859 0.33168 -0.33657
fb: -0.00772 0.03358 0.33168 -0.33657
target: 0.00000 -0.14313
dist/lin/ang/drive_left/drive_right/tv_l/tv_r/av_l/av_r/x/y/theta/t_err: -0.13605 0.00000 -1.09416 -0.04131 0.02586 0.33436 -0.33708 0.33436 -0.33708 0 0 97.79512 -0.13605
fb: -0.00772 -0.02899 0.23994 -0.24483
fb: -0.01545 -0.07901 0.23994 -0.24483
target: 0.00000 -0.14535
dist/lin/ang/drive_left/drive_right/tv_l/tv_r/av_l/av_r/x/y/theta/t_err: -0.13881 0.00000 -1.11118 0.06357 -0.09446 0.29242 -0.30286 0.29242 -0.30286 0 0 97.95331 -0.13881
fb: -0.01545 -0.11274 0.14643 -0.15132
fb: -0.02736 -0.13677 0.14643 -0.15132
target: 0.00000 -0.13100
dist/lin/ang/drive_left/drive_right/tv_l/tv_r/av_l/av_r/x/y/theta/t_err: -0.12559 0.00000 -1.00144 0.10941 -0.16414 0.21081 -0.22928 0.21081 -0.22928 0 0 97.19594 -0.12559
fb: -0.02736 -0.15154 0.06219 -0.06709
fb: -0.03685 -0.16123 0.06219 -0.06709
target: 0.00000 -0.10833
dist/lin/ang/drive_left/drive_right/tv_l/tv_r/av_l/av_r/x/y/theta/t_err: -0.10419 0.00000 -0.82818 0.12438 -0.19808 0.12883 -0.14303 0.12883 -0.14303 0 0 95.96974 -0.10419
fb: -0.03685 -0.16527 -0.06843 0.07332
fb: -0.01147 -0.16443 -0.06843 0.07332
target: 0.00000 -0.08231
dist/lin/ang/drive_left/drive_right/tv_l/tv_r/av_l/av_r/x/y/theta/t_err: -0.07943 0.00000 -0.62924 0.15296 -0.17591 0.04175 -0.05872 0.04175 -0.05872 0 0 94.55097 -0.07943
fb: -0.01147 -0.16011 -0.10098 0.10587
fb: -0.00772 -0.15182 -0.10098 0.10587
target: 0.00000 -0.05621
dist/lin/ang/drive_left/drive_right/tv_l/tv_r/av_l/av_r/x/y/theta/t_err: -0.05449 0.00000 -0.42972 0.14410 -0.15955 -0.06708 0.06281 -0.06708 0.06281 0 0 93.12229 -0.05449
fb: -0.00772 -0.14709 -0.11881 0.12370
fb: -0.01169 -0.13322 -0.11881 0.12370
target: 0.00000 -0.03196
dist/lin/ang/drive_left/drive_right/tv_l/tv_r/av_l/av_r/x/y/theta/t_err: -0.03126 0.00000 -0.24431 0.12153 -0.14491 -0.10267 0.09889 -0.10267 0.09889 0 0 91.79132 -0.03126
fb: -0.01169 -0.10967 -0.12675 0.13165
fb: -0.00772 -0.07093 -0.12675 0.13165
target: 0.00000 -0.01177
dist/lin/ang/drive_left/drive_right/tv_l/tv_r/av_l/av_r/x/y/theta/t_err: -0.01186 0.00000 -0.09000 0.06321 -0.07865 -0.10969 0.11497 -0.10969 0.11497 0 0 90.67932 -0.01186
fb: -0.00772 -0.03003 -0.12197 0.12686
fb: 0.00000 0.00474 -0.12197 0.12686
target: 0.00000 -0.00238
dist/lin/ang/drive_left/drive_right/tv_l/tv_r/av_l/av_r/x/y/theta/t_err: -0.00257 0.00000 -0.01822 -0.00474 0.00474 -0.11467 0.11875 -0.11467 0.11875 0 0 90.14711 -0.00257
fb: 0.00000 0.03177 -0.07968 0.08457
fb: -0.00397 0.04835 -0.07968 0.08457
final error was -0.24458
position: -0.31209 -1.04994 90.24458
took 0.66000 time to finish turn
increased kd to 0.30000
increased kd to 0.50000
decreased kd to 0.30000
decreased kd to 0.10000
decreased kp to 7.90000
decreased kp to 7.80000
decreased kp to 7.70000
decreased kp to 7.60000
decreased kp to 7.50000
decreased kp to 7.40000
decreased kp to 7.30000
decreased kp to 7.20000
decreased kp to 7.10000
decreased kp to 7.00000
decreased kp to 6.90000
decreased kp to 6.80000
decreased kp to 6.70000
decreased kp to 6.60000
decreased kp to 6.50000
decreased kp to 6.40000
decreased kp to 6.30000
decreased kp to 6.20000
decreased kp to 6.10000
decreased kp to 6.00000
decreased kp to 5.90000
decreased kp to 5.80000
decreased kp to 5.70000
decreased kp to 5.60000
decreased kp to 5.50000
decreased kp to 5.40000
decreased kp to 5.30000
decreased kp to 5.20000
decreased kp to 5.10000
decreased kp to 5.00000
target: 0.00000 0.15697
dist/lin/ang/drive_left/drive_right/tv_l/tv_r/av_l/av_r/x/y/theta/t_err: 1.57080 0.00000 1.20000 0.00000 0.00000 0.00000 -0.00017 0.00000 -0.00017 0 0 0.00006 1.57080
fb: 0.00000 0.00000 -0.85057 0.85546
fb: 0.00000 0.00000 -0.85057 0.85546
target: 0.00000 0.31394
dist/lin/ang/drive_left/drive_right/tv_l/tv_r/av_l/av_r/x/y/theta/t_err: 1.57080 0.00000 2.40000 0.00000 0.00000 -0.04056 0.12081 -0.04056 0.12081 0 0 0.00004 1.57080
fb: 0.00000 0.00000 -1.00000 1.00000
fb: 0.00000 0.01742 -1.00000 1.00000
target: 0.00000 0.47092
dist/lin/ang/drive_left/drive_right/tv_l/tv_r/av_l/av_r/x/y/theta/t_err: 1.57079 0.00000 3.60000 -0.01742 0.01742 -0.49175 0.38019 -0.49175 0.38019 0 0 0.00058 1.57079
fb: 0.00397 0.07657 -1.00000 1.00000
fb: 0.00397 0.13001 -1.00000 1.00000
target: 0.00000 0.62789
dist/lin/ang/drive_left/drive_right/tv_l/tv_r/av_l/av_r/x/y/theta/t_err: 1.56540 0.00000 4.80000 -0.12604 0.13399 -0.44353 0.35419 -0.44353 0.35419 0 0 0.30904 1.56540
fb: 0.01169 0.17516 -1.00000 1.00000
fb: 0.01169 0.21711 -1.00000 1.00000
target: 0.00000 0.78486
dist/lin/ang/drive_left/drive_right/tv_l/tv_r/av_l/av_r/x/y/theta/t_err: 1.54393 0.00000 6.00000 -0.20541 0.22880 -0.56381 0.59100 -0.56381 0.59100 0 0 1.53914 1.54393
fb: 0.00000 0.26344 -1.00000 1.00000
fb: 0.00000 0.31765 -1.00000 1.00000
target: 0.00000 0.78486
dist/lin/ang/drive_left/drive_right/tv_l/tv_r/av_l/av_r/x/y/theta/t_err: 1.50904 0.00000 6.00000 -0.31765 0.31765 -0.66628 0.60417 -0.66628 0.60417 0 0 3.53814 1.50904
fb: -0.00397 0.37430 -0.77016 0.77505
fb: -0.00397 0.42565 -0.74448 0.74938
target: 0.00000 0.78486
dist/lin/ang/drive_left/drive_right/tv_l/tv_r/av_l/av_r/x/y/theta/t_err: 1.45849 0.00000 6.00000 -0.42962 0.42168 -0.56125 0.58400 -0.56125 0.58400 0 0 6.43476 1.45849
fb: 0.00000 0.47073 -0.72194 0.72684
fb: 0.00000 0.48871 -0.71296 0.71785
target: 0.00000 0.78486
dist/lin/ang/drive_left/drive_right/tv_l/tv_r/av_l/av_r/x/y/theta/t_err: 1.39190 0.00000 6.00000 -0.48871 0.48871 -0.44519 0.45842 -0.44519 0.45842 0 0 10.24977 1.39190
fb: 0.00000 0.49268 -0.71097 0.71586
fb: 0.00000 0.51908 -0.69777 0.70266
target: 0.00000 0.78486
dist/lin/ang/drive_left/drive_right/tv_l/tv_r/av_l/av_r/x/y/theta/t_err: 1.31740 0.00000 6.00000 -0.51908 0.51908 -0.56722 0.60725 -0.56722 0.60725 0 0 14.51874 1.31740
fb: -0.03685 0.55762 -0.67850 0.68340
fb: -0.03685 0.59712 -0.65875 0.66364
target: 0.00000 0.78486
dist/lin/ang/drive_left/drive_right/tv_l/tv_r/av_l/av_r/x/y/theta/t_err: 1.23656 0.00000 6.00000 -0.63397 0.56027 -0.55867 0.50597 -0.55867 0.50597 0 0 19.15017 1.23656
fb: -0.05229 0.62785 -0.64339 0.64828
fb: -0.05229 0.65314 -0.63074 0.63563
target: 0.00000 0.74554
dist/lin/ang/drive_left/drive_right/tv_l/tv_r/av_l/av_r/x/y/theta/t_err: 1.14449 0.00000 5.69941 -0.70543 0.60085 -0.59444 0.56669 -0.59444 0.56669 0 0 24.42575 1.14449
fb: -0.03883 0.68240 -0.39316 0.39806
fb: -0.03883 0.71327 -0.37773 0.38262
target: 0.00000 0.67939
dist/lin/ang/drive_left/drive_right/tv_l/tv_r/av_l/av_r/x/y/theta/t_err: 1.04377 0.00000 5.19368 -0.75210 0.67444 -0.53814 0.54261 -0.53814 0.54261 0 0 30.19628 1.04377
fb: -0.04457 0.74128 -0.16557 0.17046
fb: -0.04457 0.75354 -0.15943 0.16433
target: 0.00000 0.60725
dist/lin/ang/drive_left/drive_right/tv_l/tv_r/av_l/av_r/x/y/theta/t_err: 0.93394 0.00000 4.64223 -0.79811 0.70898 -0.35422 0.35489 -0.35422 0.35489 0 0 36.48928 0.93394
fb: -0.04280 0.74964 -0.05008 0.05497
fb: -0.04280 0.73801 -0.05590 0.06079
target: 0.00000 0.53213
dist/lin/ang/drive_left/drive_right/tv_l/tv_r/av_l/av_r/x/y/theta/t_err: 0.81932 0.00000 4.06793 -0.78081 0.69520 -0.17606 0.17881 -0.17606 0.17881 0 0 43.05659 0.81932
fb: -0.06773 0.72525 0.11712 -0.12202
fb: -0.06773 0.70735 0.10817 -0.11306
target: 0.00000 0.45889
dist/lin/ang/drive_left/drive_right/tv_l/tv_r/av_l/av_r/x/y/theta/t_err: 0.70721 0.00000 3.50803 -0.77508 0.63961 -0.04381 0.04722 -0.04381 0.04722 0 0 49.47975 0.70721
fb: -0.10480 0.66380 0.16361 -0.16850
fb: -0.10480 0.59496 0.12919 -0.13408
target: 0.00000 0.38976
dist/lin/ang/drive_left/drive_right/tv_l/tv_r/av_l/av_r/x/y/theta/t_err: 0.60122 0.00000 2.97962 -0.69976 0.49016 0.09206 -0.10231 0.09206 -0.10231 0 0 55.55245 0.60122
fb: -0.10282 0.52849 0.15829 -0.16319
fb: -0.10282 0.45247 0.12028 -0.12518
target: 0.00000 0.33250
dist/lin/ang/drive_left/drive_right/tv_l/tv_r/av_l/av_r/x/y/theta/t_err: 0.51280 0.00000 2.54187 -0.55529 0.34965 0.12300 -0.12936 0.12300 -0.12936 0 0 60.61896 0.51280
fb: -0.10260 0.37883 0.09709 -0.10198
fb: -0.21315 0.30379 0.16614 0.12995
target: 0.00000 0.28981
dist/lin/ang/drive_left/drive_right/tv_l/tv_r/av_l/av_r/x/y/theta/t_err: 0.44643 0.00000 2.21554 -0.51694 0.09064 0.11019 -0.11775 0.11019 -0.11775 0 0 64.42167 0.44643
fb: -0.11055 0.22882 -0.07160 0.07650
fb: -0.06995 0.16485 -0.10358 0.10848
target: 0.00000 0.26208
dist/lin/ang/drive_left/drive_right/tv_l/tv_r/av_l/av_r/x/y/theta/t_err: 0.40289 0.00000 2.00355 -0.23480 0.09490 0.04619 0.05886 0.04619 0.05886 0 0 66.91632 0.40289
fb: -0.06995 0.12270 -0.15952 0.16442
fb: -0.02913 0.10340 -0.16917 0.17407
target: 0.00000 0.24717
dist/lin/ang/drive_left/drive_right/tv_l/tv_r/av_l/av_r/x/y/theta/t_err: 0.37909 0.00000 1.88951 -0.13253 0.07427 -0.11122 0.10436 -0.11122 0.10436 0 0 68.27965 0.37909
fb: -0.02913 0.09086 -0.13750 0.14239
fb: -0.04060 0.08347 -0.13750 0.14239
target: 0.00000 0.23739
dist/lin/ang/drive_left/drive_right/tv_l/tv_r/av_l/av_r/x/y/theta/t_err: 0.36372 0.00000 1.81474 -0.12407 0.04287 -0.14439 0.15108 -0.14439 0.15108 0 0 69.16053 0.36372
fb: -0.04060 0.07657 -0.15406 0.15896
fb: -0.02516 0.07839 -0.15406 0.15896
target: 0.00000 0.22932
dist/lin/ang/drive_left/drive_right/tv_l/tv_r/av_l/av_r/x/y/theta/t_err: 0.35123 0.00000 1.75304 -0.10354 0.05323 -0.13844 0.13261 -0.13844 0.13261 0 0 69.87586 0.35123
fb: -0.02516 0.08354 -0.15634 0.16124
fb: -0.01567 0.09030 -0.15634 0.16124
target: 0.00000 0.22132
dist/lin/ang/drive_left/drive_right/tv_l/tv_r/av_l/av_r/x/y/theta/t_err: 0.33899 0.00000 1.69190 -0.10597 0.07463 -0.13892 0.13808 -0.13892 0.13808 0 0 70.57723 0.33899
fb: -0.01567 0.09350 -0.15131 0.15621
fb: -0.01743 0.09643 -0.15131 0.15621
target: 0.00000 0.21219
dist/lin/ang/drive_left/drive_right/tv_l/tv_r/av_l/av_r/x/y/theta/t_err: 0.32511 0.00000 1.62210 -0.11386 0.07900 -0.13875 0.14458 -0.13875 0.14458 0 0 71.37237 0.32511
fb: -0.01743 0.10340 -0.14010 0.14500
fb: -0.00375 0.10793 -0.14010 0.14500
target: 0.00000 0.20230
dist/lin/ang/drive_left/drive_right/tv_l/tv_r/av_l/av_r/x/y/theta/t_err: 0.31005 0.00000 1.54651 -0.11168 0.10418 -0.13772 0.13928 -0.13772 0.13928 0 0 72.23520 0.31005
fb: -0.00375 0.11260 -0.13007 0.13496
fb: -0.00397 0.11552 -0.13007 0.13496
target: 0.00000 0.19133
dist/lin/ang/drive_left/drive_right/tv_l/tv_r/av_l/av_r/x/y/theta/t_err: 0.29337 0.00000 1.46269 -0.11949 0.11155 -0.13158 0.13158 -0.13158 0.13158 0 0 73.19107 0.29337
fb: -0.00397 0.11664 -0.11788 0.12277
fb: -0.00397 0.11754 -0.11788 0.12277
target: 0.00000 0.17977
dist/lin/ang/drive_left/drive_right/tv_l/tv_r/av_l/av_r/x/y/theta/t_err: 0.27574 0.00000 1.37428 -0.12151 0.11357 -0.11925 0.12131 -0.11925 0.12131 0 0 74.20144 0.27574
fb: -0.00397 0.11922 -0.10743 0.11232
fb: 0.00000 0.11908 -0.10743 0.11232
target: 0.00000 0.16796
dist/lin/ang/drive_left/drive_right/tv_l/tv_r/av_l/av_r/x/y/theta/t_err: 0.25770 0.00000 1.28400 -0.11908 0.11908 -0.10661 0.11553 -0.10661 0.11553 0 0 75.23475 0.25770
fb: 0.00000 0.11845 -0.09842 0.10331
fb: 0.00000 0.11719 -0.09842 0.10331
target: 0.00000 0.15610
dist/lin/ang/drive_left/drive_right/tv_l/tv_r/av_l/av_r/x/y/theta/t_err: 0.23957 0.00000 1.19332 -0.11719 0.11719 -0.09772 0.10744 -0.09772 0.10744 0 0 76.27357 0.23957
fb: 0.00000 0.11545 -0.09023 0.09513
fb: -0.00177 0.11232 -0.09023 0.09513
target: 0.00000 0.14444
dist/lin/ang/drive_left/drive_right/tv_l/tv_r/av_l/av_r/x/y/theta/t_err: 0.22173 0.00000 1.10420 -0.11408 0.11055 -0.08950 0.09925 -0.08950 0.09925 0 0 77.29566 0.22173
fb: -0.00177 0.10849 -0.08334 0.08823
fb: 0.00000 0.10430 -0.08334 0.08823
target: 0.00000 0.13335
dist/lin/ang/drive_left/drive_right/tv_l/tv_r/av_l/av_r/x/y/theta/t_err: 0.20474 0.00000 1.01944 -0.10430 0.10430 -0.08608 0.08778 -0.08608 0.08778 0 0 78.26934 0.20474
fb: 0.00000 0.10005 -0.07848 0.08337
fb: -0.00199 0.09615 -0.07848 0.08337
target: 0.00000 0.12306
dist/lin/ang/drive_left/drive_right/tv_l/tv_r/av_l/av_r/x/y/theta/t_err: 0.18895 0.00000 0.94079 -0.09814 0.09417 -0.07783 0.08142 -0.07783 0.08142 0 0 79.17408 0.18895
fb: -0.00199 0.09141 -0.07518 0.08007
fb: 0.00000 0.08661 -0.07518 0.08007
target: 0.00000 0.11363
dist/lin/ang/drive_left/drive_right/tv_l/tv_r/av_l/av_r/x/y/theta/t_err: 0.17445 0.00000 0.86865 -0.08661 0.08661 -0.07150 0.08092 -0.07150 0.08092 0 0 80.00450 0.17445
fb: 0.00000 0.08215 -0.07269 0.07758
fb: 0.00000 0.07720 -0.07269 0.07758
target: 0.00000 0.10512
dist/lin/ang/drive_left/drive_right/tv_l/tv_r/av_l/av_r/x/y/theta/t_err: 0.16138 0.00000 0.80361 -0.07720 0.07720 -0.07117 0.07853 -0.07117 0.07853 0 0 80.75387 0.16138
fb: 0.00000 0.07239 -0.07117 0.07606
fb: 0.00000 0.06731 -0.07117 0.07606
target: 0.00000 0.09758
dist/lin/ang/drive_left/drive_right/tv_l/tv_r/av_l/av_r/x/y/theta/t_err: 0.14977 0.00000 0.74597 -0.06731 0.06731 -0.07083 0.07222 -0.07083 0.07222 0 0 81.41862 0.14977
fb: 0.00000 0.06299 -0.07047 0.07536
fb: 0.00000 0.05915 -0.07047 0.07536
target: 0.00000 0.09101
dist/lin/ang/drive_left/drive_right/tv_l/tv_r/av_l/av_r/x/y/theta/t_err: 0.13966 0.00000 0.69575 -0.05915 0.05915 -0.07031 0.07100 -0.07031 0.07100 0 0 81.99829 0.13966
fb: 0.00000 0.05567 -0.07044 0.07534
fb: 0.00000 0.05191 -0.07044 0.07534
target: 0.00000 0.08523
dist/lin/ang/drive_left/drive_right/tv_l/tv_r/av_l/av_r/x/y/theta/t_err: 0.13076 0.00000 0.65158 -0.05191 0.05191 -0.06983 0.07117 -0.06983 0.07117 0 0 82.50800 0.13076
fb: 0.00000 0.04870 -0.07013 0.07502
fb: 0.00000 0.04543 -0.07013 0.07502
target: 0.00000 0.08018
dist/lin/ang/drive_left/drive_right/tv_l/tv_r/av_l/av_r/x/y/theta/t_err: 0.12298 0.00000 0.61295 -0.04543 0.04543 -0.06983 0.07033 -0.06983 0.07033 0 0 82.95383 0.12298
fb: 0.00000 0.04181 -0.07001 0.07490
fb: 0.00375 0.03937 -0.07001 0.07490
target: 0.00000 0.07581
dist/lin/ang/drive_left/drive_right/tv_l/tv_r/av_l/av_r/x/y/theta/t_err: 0.11625 0.00000 0.57954 -0.03562 0.04312 -0.06950 0.06933 -0.06950 0.06933 0 0 83.33963 0.11625
fb: 0.00375 0.03672 -0.07015 0.07505
fb: 0.00794 0.03442 -0.07015 0.07505
target: 0.00000 0.07203
dist/lin/ang/drive_left/drive_right/tv_l/tv_r/av_l/av_r/x/y/theta/t_err: 0.11041 0.00000 0.55062 -0.02648 0.04236 -0.06981 0.07033 -0.06981 0.07033 0 0 83.67369 0.11041
fb: 0.00794 0.03282 -0.07025 0.07515
fb: 0.00772 0.02996 -0.07025 0.07515
target: 0.00000 0.06866
dist/lin/ang/drive_left/drive_right/tv_l/tv_r/av_l/av_r/x/y/theta/t_err: 0.10524 0.00000 0.52489 -0.02224 0.03768 -0.06931 0.06964 -0.06931 0.06964 0 0 83.97037 0.10524
fb: 0.00772 0.02683 -0.06988 0.07478
fb: 0.00772 0.02487 -0.06988 0.07478
target: 0.00000 0.06581
dist/lin/ang/drive_left/drive_right/tv_l/tv_r/av_l/av_r/x/y/theta/t_err: 0.10084 0.00000 0.50311 -0.01715 0.03260 -0.06894 0.06947 -0.06894 0.06947 0 0 84.22221 0.10084
fb: 0.00772 0.02362 -0.07030 0.07519
fb: 0.00375 0.02264 -0.07030 0.07519
target: 0.00000 0.06338
dist/lin/ang/drive_left/drive_right/tv_l/tv_r/av_l/av_r/x/y/theta/t_err: 0.09710 0.00000 0.48455 -0.01889 0.02640 -0.06022 0.06878 -0.06022 0.06878 0 0 84.43670 0.09710
fb: 0.00375 0.02104 -0.07057 0.07546
fb: 0.00000 0.01944 -0.07057 0.07546
target: 0.00000 0.06121
dist/lin/ang/drive_left/drive_right/tv_l/tv_r/av_l/av_r/x/y/theta/t_err: 0.09375 0.00000 0.46792 -0.01944 0.01944 -0.06844 0.06878 -0.06844 0.06878 0 0 84.62839 0.09375
fb: 0.00000 0.01791 -0.07024 0.07514
fb: 0.00199 0.01616 -0.07024 0.07514
target: 0.00000 0.05931
dist/lin/ang/drive_left/drive_right/tv_l/tv_r/av_l/av_r/x/y/theta/t_err: 0.09082 0.00000 0.45338 -0.01418 0.01815 -0.06861 0.06858 -0.06861 0.06858 0 0 84.79630 0.09082
fb: 0.00199 0.01470 -0.07019 0.07509
fb: 0.00397 0.01324 -0.07019 0.07509
target: 0.00000 0.05773
dist/lin/ang/drive_left/drive_right/tv_l/tv_r/av_l/av_r/x/y/theta/t_err: 0.08838 0.00000 0.44131 -0.00927 0.01721 -0.06878 0.06897 -0.06878 0.06897 0 0 84.93602 0.08838
fb: 0.00397 0.01205 -0.07060 0.07549
fb: 0.00375 0.01108 -0.07060 0.07549
target: 0.00000 0.05647
dist/lin/ang/drive_left/drive_right/tv_l/tv_r/av_l/av_r/x/y/theta/t_err: 0.08644 0.00000 0.43172 -0.00733 0.01483 -0.06878 0.06844 -0.06878 0.06844 0 0 85.04730 0.08644
fb: 0.00375 0.01045 -0.07122 0.07611
fb: 0.00000 0.01024 -0.07122 0.07611
target: 0.00000 0.05540
dist/lin/ang/drive_left/drive_right/tv_l/tv_r/av_l/av_r/x/y/theta/t_err: 0.08479 0.00000 0.42353 -0.01024 0.01024 -0.06858 0.06808 -0.06858 0.06808 0 0 85.14201 0.08479
fb: 0.00000 0.00996 -0.07132 0.07621
fb: 0.00000 0.00975 -0.07132 0.07621
target: 0.00000 0.05441
dist/lin/ang/drive_left/drive_right/tv_l/tv_r/av_l/av_r/x/y/theta/t_err: 0.08327 0.00000 0.41595 -0.00975 0.00975 -0.06878 0.06792 -0.06878 0.06792 0 0 85.22922 0.08327
fb: 0.00000 0.00913 -0.07102 0.07591
fb: 0.00000 0.00822 -0.07102 0.07591
target: 0.00000 0.05345
dist/lin/ang/drive_left/drive_right/tv_l/tv_r/av_l/av_r/x/y/theta/t_err: 0.08179 0.00000 0.40860 -0.00822 0.00822 -0.06878 0.06792 -0.06878 0.06792 0 0 85.31360 0.08179
fb: 0.00000 0.00759 -0.07051 0.07540
fb: 0.00000 0.00662 -0.07051 0.07540
target: 0.00000 0.05263
dist/lin/ang/drive_left/drive_right/tv_l/tv_r/av_l/av_r/x/y/theta/t_err: 0.08053 0.00000 0.40233 -0.00662 0.00662 -0.06861 0.06842 -0.06861 0.06842 0 0 85.38598 0.08053
fb: 0.00000 0.00537 -0.07060 0.07549
fb: 0.00000 0.00488 -0.07060 0.07549
target: 0.00000 0.05200
dist/lin/ang/drive_left/drive_right/tv_l/tv_r/av_l/av_r/x/y/theta/t_err: 0.07956 0.00000 0.39753 -0.00488 0.00488 -0.06844 0.06825 -0.06844 0.06825 0 0 85.44182 0.07956
fb: 0.00000 0.00453 -0.07104 0.07593
fb: 0.00397 0.00439 -0.07104 0.07593
target: 0.00000 0.05151
dist/lin/ang/drive_left/drive_right/tv_l/tv_r/av_l/av_r/x/y/theta/t_err: 0.07880 0.00000 0.39380 -0.00042 0.00836 -0.06861 0.06808 -0.06861 0.06808 0 0 85.48516 0.07880
fb: 0.00397 0.00418 -0.07134 0.07624
fb: 0.00397 0.00425 -0.07134 0.07624
target: 0.00000 0.05109
dist/lin/ang/drive_left/drive_right/tv_l/tv_r/av_l/av_r/x/y/theta/t_err: 0.07815 0.00000 0.39058 -0.00028 0.00822 -0.06808 0.06808 -0.06808 0.06808 0 0 85.52241 0.07815
fb: 0.00397 0.00439 -0.07136 0.07625
fb: 0.00375 0.00453 -0.07136 0.07625
target: 0.00000 0.05067
dist/lin/ang/drive_left/drive_right/tv_l/tv_r/av_l/av_r/x/y/theta/t_err: 0.07750 0.00000 0.38735 -0.00078 0.00828 -0.06844 0.06808 -0.06844 0.06808 0 0 85.55941 0.07750
fb: 0.00375 0.00446 -0.07107 0.07597
fb: 0.00000 0.00383 -0.07107 0.07597
target: 0.00000 0.05022
dist/lin/ang/drive_left/drive_right/tv_l/tv_r/av_l/av_r/x/y/theta/t_err: 0.07682 0.00000 0.38392 -0.00383 0.00383 -0.06861 0.06808 -0.06861 0.06808 0 0 85.59865 0.07682
fb: 0.00000 0.00321 -0.07065 0.07554
fb: 0.00000 0.00251 -0.07065 0.07554
target: 0.00000 0.04986
dist/lin/ang/drive_left/drive_right/tv_l/tv_r/av_l/av_r/x/y/theta/t_err: 0.07626 0.00000 0.38115 -0.00251 0.00251 -0.06825 0.06808 -0.06825 0.06808 0 0 85.63074 0.07626
fb: 0.00000 0.00181 -0.07080 0.07569
fb: 0.00199 0.00118 -0.07080 0.07569
target: 0.00000 0.04964
dist/lin/ang/drive_left/drive_right/tv_l/tv_r/av_l/av_r/x/y/theta/t_err: 0.07591 0.00000 0.37945 0.00080 0.00317 -0.06914 0.06808 -0.06914 0.06808 0 0 85.65083 0.07591
fb: 0.00199 0.00077 -0.07128 0.07617
fb: 0.00000 0.00000 -0.07128 0.07617
final error was 4.33964
position: -0.39033 -0.52418 85.66036
took 1.18000 time to finish turn
increased kp to 5.10000
increased kp to 5.20000
increased kp to 5.30000
target: 0.00000 0.15697
dist/lin/ang/drive_left/drive_right/tv_l/tv_r/av_l/av_r/x/y/theta/t_err: 1.57080 0.00000 1.20000 0.00000 0.00000 -0.00017 -0.00017 -0.00017 -0.00017 0 0 -0.00010 1.57080
fb: 0.00000 0.00000 -0.85057 0.85546
fb: 0.00000 0.00000 -0.85057 0.85546
target: 0.00000 0.31394
dist/lin/ang/drive_left/drive_right/tv_l/tv_r/av_l/av_r/x/y/theta/t_err: 1.57080 0.00000 2.40000 0.00000 0.00000 -0.05919 0.02756 -0.05919 0.02756 0 0 -0.00017 1.57080
fb: 0.00000 0.00000 -1.00000 1.00000
fb: 0.00000 0.00982 -1.00000 1.00000
target: 0.00000 0.47092
dist/lin/ang/drive_left/drive_right/tv_l/tv_r/av_l/av_r/x/y/theta/t_err: 1.57081 0.00000 3.60000 -0.00982 0.00982 -0.43836 0.40517 -0.43836 0.40517 0 0 -0.00050 1.57081
fb: 0.00000 0.05706 -1.00000 1.00000
fb: 0.03288 0.12103 -1.00000 1.00000
target: 0.00000 0.62789
dist/lin/ang/drive_left/drive_right/tv_l/tv_r/av_l/av_r/x/y/theta/t_err: 1.56726 0.00000 4.80000 -0.08815 0.15390 -0.69744 0.51625 -0.69744 0.51625 0 0 0.20281 1.56726
fb: 0.03288 0.17691 -1.00000 1.00000
fb: 0.01169 0.23725 -1.00000 1.00000
target: 0.00000 0.78486
dist/lin/ang/drive_left/drive_right/tv_l/tv_r/av_l/av_r/x/y/theta/t_err: 1.54679 0.00000 6.00000 -0.22555 0.24894 -0.71611 0.57717 -0.71611 0.57717 0 0 1.37559 1.54679
fb: 0.01169 0.29417 -1.00000 1.00000
fb: 0.00000 0.34768 -1.00000 1.00000
target: 0.00000 0.78486
dist/lin/ang/drive_left/drive_right/tv_l/tv_r/av_l/av_r/x/y/theta/t_err: 1.50849 0.00000 6.00000 -0.34768 0.34768 -0.75442 0.67161 -0.75442 0.67161 0 0 3.56969 1.50849
fb: 0.00000 0.40475 -0.75494 0.75983
fb: 0.00000 0.46035 -0.72714 0.73203
target: 0.00000 0.78486
dist/lin/ang/drive_left/drive_right/tv_l/tv_r/av_l/av_r/x/y/theta/t_err: 1.45326 0.00000 6.00000 -0.46035 0.46035 -0.64319 0.67158 -0.64319 0.67158 0 0 6.73454 1.45326
fb: 0.00000 0.50710 -0.70376 0.70865
fb: 0.00000 0.53170 -0.69146 0.69636
target: 0.00000 0.78486
dist/lin/ang/drive_left/drive_right/tv_l/tv_r/av_l/av_r/x/y/theta/t_err: 1.38142 0.00000 6.00000 -0.53170 0.53170 -0.47672 0.53436 -0.47672 0.53436 0 0 10.85034 1.38142
fb: 0.00000 0.55406 -0.68028 0.68517
fb: 0.00199 0.58089 -0.66687 0.67176
target: 0.00000 0.78486
dist/lin/ang/drive_left/drive_right/tv_l/tv_r/av_l/av_r/x/y/theta/t_err: 1.29950 0.00000 6.00000 -0.57890 0.58287 -0.55986 0.55850 -0.55986 0.55850 0 0 15.54441 1.29950
fb: 0.00199 0.61238 -0.65112 0.65601
fb: 0.00000 0.64199 -0.63631 0.64121
target: 0.00000 0.78486
dist/lin/ang/drive_left/drive_right/tv_l/tv_r/av_l/av_r/x/y/theta/t_err: 1.20972 0.00000 6.00000 -0.64199 0.64199 -0.56672 0.55697 -0.56672 0.55697 0 0 20.68837 1.20972
fb: 0.00000 0.66986 -0.62238 0.62727
fb: 0.00000 0.69502 -0.60980 0.61470
target: 0.00000 0.76685
dist/lin/ang/drive_left/drive_right/tv_l/tv_r/av_l/av_r/x/y/theta/t_err: 1.11077 0.00000 5.86235 -0.69502 0.69502 -0.58586 0.54633 -0.58586 0.54633 0 0 26.35746 1.11077
fb: 0.00000 0.72247 -0.49398 0.49888
fb: -0.02912 0.74553 -0.48245 0.48735
target: 0.00000 0.69241
dist/lin/ang/drive_left/drive_right/tv_l/tv_r/av_l/av_r/x/y/theta/t_err: 1.00377 0.00000 5.29322 -0.77465 0.71641 -0.56192 0.54431 -0.56192 0.54431 0 0 32.48836 1.00377
fb: -0.02912 0.76581 -0.13121 0.13611
fb: -0.04854 0.78058 -0.12383 0.12872
target: 0.00000 0.61283
dist/lin/ang/drive_left/drive_right/tv_l/tv_r/av_l/av_r/x/y/theta/t_err: 0.88934 0.00000 4.68489 -0.82912 0.73204 -0.45478 0.47925 -0.45478 0.47925 0 0 39.04463 0.88934
fb: -0.04854 0.78650 0.07335 -0.07824
fb: -0.06200 0.77730 0.06875 -0.07364
target: 0.00000 0.52999
dist/lin/ang/drive_left/drive_right/tv_l/tv_r/av_l/av_r/x/y/theta/t_err: 0.77007 0.00000 4.05158 -0.83930 0.71531 -0.16067 0.18669 -0.16067 0.18669 0 0 45.87799 0.77007
fb: -0.06200 0.76678 0.17512 -0.18002
fb: -0.10678 0.72951 0.15649 -0.16138
target: 0.00000 0.44810
dist/lin/ang/drive_left/drive_right/tv_l/tv_r/av_l/av_r/x/y/theta/t_err: 0.65191 0.00000 3.42556 -0.83629 0.62272 0.04483 -0.03694 0.04483 -0.03694 0 0 52.64852 0.65191
fb: -0.10678 0.66241 0.21445 -0.21935
fb: -0.12599 0.58820 0.17735 -0.18225
target: 0.00000 0.37309
dist/lin/ang/drive_left/drive_right/tv_l/tv_r/av_l/av_r/x/y/theta/t_err: 0.54326 0.00000 2.85212 -0.71419 0.46222 0.14256 -0.14972 0.14256 -0.14972 0 0 58.87347 0.54326
fb: -0.12599 0.50808 0.19410 -0.19900
fb: -0.11054 0.43331 0.15672 -0.16162
target: 0.00000 0.31370
dist/lin/ang/drive_left/drive_right/tv_l/tv_r/av_l/av_r/x/y/theta/t_err: 0.45656 0.00000 2.39810 -0.54386 0.32277 0.16803 -0.17353 0.16803 -0.17353 0 0 63.84091 0.45656
fb: -0.11054 0.35785 0.11818 -0.12307
fb: -0.12798 0.28769 0.08310 -0.08799
target: 0.00000 0.27064
dist/lin/ang/drive_left/drive_right/tv_l/tv_r/av_l/av_r/x/y/theta/t_err: 0.39335 0.00000 2.06893 -0.41567 0.15971 0.14714 -0.16206 0.14714 -0.16206 0 0 67.46298 0.39335
fb: -0.12798 0.21606 -0.05386 0.05876
fb: -0.06598 0.14841 -0.08769 0.09259
target: 0.00000 0.24279
dist/lin/ang/drive_left/drive_right/tv_l/tv_r/av_l/av_r/x/y/theta/t_err: 0.35214 0.00000 1.85601 -0.21439 0.08243 0.04311 -0.07700 0.04311 -0.07700 0 0 69.82415 0.35214
fb: -0.06598 0.09873 -0.07636 0.08125
fb: -0.06002 0.07434 -0.07636 0.08125
target: 0.00000 0.22892
dist/lin/ang/drive_left/drive_right/tv_l/tv_r/av_l/av_r/x/y/theta/t_err: 0.33117 0.00000 1.74998 -0.13436 0.01432 -0.07769 0.07597 -0.07769 0.07597 0 0 71.02512 0.33117
fb: -0.06002 0.06208 -0.12998 0.13488
fb: -0.08341 0.05595 -0.12998 0.13488
target: 0.00000 0.22161
dist/lin/ang/drive_left/drive_right/tv_l/tv_r/av_l/av_r/x/y/theta/t_err: 0.32016 0.00000 1.69412 -0.13936 -0.02746 -0.08931 0.09103 -0.08931 0.09103 0 0 71.65596 0.32016
fb: -0.08341 0.05212 -0.15461 0.15951
fb: -0.07966 0.05470 -0.15461 0.15951
target: 0.00000 0.21583
dist/lin/ang/drive_left/drive_right/tv_l/tv_r/av_l/av_r/x/y/theta/t_err: 0.31171 0.00000 1.64997 -0.13435 -0.02496 -0.12714 0.12114 -0.12714 0.12114 0 0 72.14010 0.31171
fb: -0.07966 0.05518 -0.15765 0.16254
fb: -0.02714 0.05832 -0.15765 0.16254
target: 0.00000 0.21008
dist/lin/ang/drive_left/drive_right/tv_l/tv_r/av_l/av_r/x/y/theta/t_err: 0.30341 0.00000 1.60600 -0.08546 0.03118 -0.14339 0.13756 -0.14339 0.13756 0 0 72.61590 0.30341
fb: -0.02714 0.06452 -0.15389 0.15878
fb: -0.01545 0.07427 -0.15389 0.15878
target: 0.00000 0.20367
dist/lin/ang/drive_left/drive_right/tv_l/tv_r/av_l/av_r/x/y/theta/t_err: 0.29421 0.00000 1.55703 -0.08972 0.05883 -0.14014 0.14375 -0.14014 0.14375 0 0 73.14286 0.29421
fb: -0.01545 0.08048 -0.14666 0.15155
fb: -0.02516 0.08347 -0.14666 0.15155
target: 0.00000 0.19563
dist/lin/ang/drive_left/drive_right/tv_l/tv_r/av_l/av_r/x/y/theta/t_err: 0.28272 0.00000 1.49554 -0.10863 0.05832 -0.14369 0.14014 -0.14369 0.14014 0 0 73.80141 0.28272
fb: -0.02516 0.08884 -0.13390 0.13879
fb: -0.00772 0.09497 -0.13390 0.13879
target: 0.00000 0.18653
dist/lin/ang/drive_left/drive_right/tv_l/tv_r/av_l/av_r/x/y/theta/t_err: 0.26967 0.00000 1.42599 -0.10269 0.08724 -0.13583 0.13792 -0.13583 0.13792 0 0 74.54899 0.26967
fb: -0.00772 0.10005 -0.12307 0.12796
fb: 0.00000 0.10326 -0.12307 0.12796
target: 0.00000 0.17633
dist/lin/ang/drive_left/drive_right/tv_l/tv_r/av_l/av_r/x/y/theta/t_err: 0.25502 0.00000 1.34797 -0.10326 0.10326 -0.12933 0.12525 -0.12933 0.12525 0 0 75.38818 0.25502
fb: 0.00000 0.10528 -0.11123 0.11613
fb: 0.00000 0.10584 -0.11123 0.11613
target: 0.00000 0.16530
dist/lin/ang/drive_left/drive_right/tv_l/tv_r/av_l/av_r/x/y/theta/t_err: 0.23918 0.00000 1.26367 -0.10584 0.10584 -0.11703 0.11517 -0.11703 0.11517 0 0 76.29621 0.23918
fb: 0.00000 0.10472 -0.10015 0.10505
fb: -0.00199 0.10312 -0.10015 0.10505
target: 0.00000 0.15415
dist/lin/ang/drive_left/drive_right/tv_l/tv_r/av_l/av_r/x/y/theta/t_err: 0.22310 0.00000 1.17839 -0.10511 0.10113 -0.10864 0.10644 -0.10864 0.10644 0 0 77.21749 0.22310
fb: -0.00199 0.10152 -0.09210 0.09700
fb: 0.00000 0.09971 -0.09210 0.09700
target: 0.00000 0.14328
dist/lin/ang/drive_left/drive_right/tv_l/tv_r/av_l/av_r/x/y/theta/t_err: 0.20740 0.00000 1.09529 -0.09971 0.09971 -0.09994 0.09836 -0.09994 0.09836 0 0 78.11687 0.20740
fb: 0.00000 0.09678 -0.08610 0.09100
fb: 0.00000 0.09323 -0.08610 0.09100
target: 0.00000 0.13281
dist/lin/ang/drive_left/drive_right/tv_l/tv_r/av_l/av_r/x/y/theta/t_err: 0.19228 0.00000 1.01531 -0.09323 0.09323 -0.08692 0.08900 -0.08692 0.08900 0 0 78.98307 0.19228
fb: 0.00000 0.08905 -0.08093 0.08582
fb: 0.00000 0.08528 -0.08093 0.08582
target: 0.00000 0.12308
dist/lin/ang/drive_left/drive_right/tv_l/tv_r/av_l/av_r/x/y/theta/t_err: 0.17820 0.00000 0.94094 -0.08528 0.08528 -0.08094 0.08658 -0.08094 0.08658 0 0 79.78987 0.17820
fb: 0.00000 0.08131 -0.07771 0.08260
fb: 0.00000 0.07671 -0.07771 0.08260
target: 0.00000 0.11420
dist/lin/ang/drive_left/drive_right/tv_l/tv_r/av_l/av_r/x/y/theta/t_err: 0.16533 0.00000 0.87301 -0.07671 0.07671 -0.07803 0.08042 -0.07803 0.08042 0 0 80.52748 0.16533
fb: 0.00000 0.07170 -0.07555 0.08044
fb: 0.00000 0.06786 -0.07555 0.08044
target: 0.00000 0.10626
dist/lin/ang/drive_left/drive_right/tv_l/tv_r/av_l/av_r/x/y/theta/t_err: 0.15381 0.00000 0.81233 -0.06786 0.06786 -0.07222 0.07975 -0.07222 0.07975 0 0 81.18715 0.15381
fb: 0.00000 0.06459 -0.07450 0.07939
fb: 0.00000 0.06138 -0.07450 0.07939
target: 0.00000 0.09917
dist/lin/ang/drive_left/drive_right/tv_l/tv_r/av_l/av_r/x/y/theta/t_err: 0.14353 0.00000 0.75812 -0.06138 0.06138 -0.07083 0.07633 -0.07083 0.07633 0 0 81.77649 0.14353
fb: 0.00000 0.05915 -0.07356 0.07845
fb: 0.00000 0.05679 -0.07356 0.07845
target: 0.00000 0.09277
dist/lin/ang/drive_left/drive_right/tv_l/tv_r/av_l/av_r/x/y/theta/t_err: 0.13424 0.00000 0.70917 -0.05679 0.05679 -0.06947 0.07133 -0.06947 0.07133 0 0 82.30837 0.13424
fb: 0.00000 0.05309 -0.07236 0.07726
fb: 0.00000 0.05107 -0.07236 0.07726
target: 0.00000 0.08690
dist/lin/ang/drive_left/drive_right/tv_l/tv_r/av_l/av_r/x/y/theta/t_err: 0.12574 0.00000 0.66431 -0.05107 0.05107 -0.07067 0.07067 -0.07067 0.07067 0 0 82.79553 0.12574
fb: 0.00000 0.05010 -0.07083 0.07573
fb: 0.00000 0.04801 -0.07083 0.07573
target: 0.00000 0.08157
dist/lin/ang/drive_left/drive_right/tv_l/tv_r/av_l/av_r/x/y/theta/t_err: 0.11802 0.00000 0.62358 -0.04801 0.04801 -0.06931 0.07067 -0.06931 0.07067 0 0 83.23787 0.11802
fb: 0.00000 0.04564 -0.06970 0.07460
fb: -0.00199 0.04250 -0.06970 0.07460
target: 0.00000 0.07655
dist/lin/ang/drive_left/drive_right/tv_l/tv_r/av_l/av_r/x/y/theta/t_err: 0.11076 0.00000 0.58519 -0.04449 0.04052 -0.06622 0.07100 -0.06622 0.07100 0 0 83.65416 0.11076
fb: -0.00199 0.04153 -0.06771 0.07260
fb: 0.00000 0.04048 -0.06771 0.07260
target: 0.00000 0.07212
dist/lin/ang/drive_left/drive_right/tv_l/tv_r/av_l/av_r/x/y/theta/t_err: 0.10432 0.00000 0.55131 -0.04048 0.04048 -0.05867 0.06931 -0.05867 0.06931 0 0 84.02265 0.10432
fb: 0.00000 0.03728 -0.06740 0.07229
fb: 0.00000 0.03428 -0.06740 0.07229
target: 0.00000 0.06796
dist/lin/ang/drive_left/drive_right/tv_l/tv_r/av_l/av_r/x/y/theta/t_err: 0.09830 0.00000 0.51951 -0.03428 0.03428 -0.05817 0.06950 -0.05817 0.06950 0 0 84.36755 0.09830
fb: 0.00397 0.03115 -0.06583 0.07073
fb: 0.00397 0.02787 -0.06583 0.07073
target: 0.00000 0.06443
dist/lin/ang/drive_left/drive_right/tv_l/tv_r/av_l/av_r/x/y/theta/t_err: 0.09318 0.00000 0.49255 -0.02390 0.03184 -0.05903 0.06931 -0.05903 0.06931 0 0 84.66146 0.09318
fb: 0.00000 0.02627 -0.06632 0.07121
fb: 0.00000 0.02508 -0.06632 0.07121
target: 0.00000 0.06159
dist/lin/ang/drive_left/drive_right/tv_l/tv_r/av_l/av_r/x/y/theta/t_err: 0.08903 0.00000 0.47082 -0.02508 0.02508 -0.05767 0.06875 -0.05767 0.06875 0 0 84.89902 0.08903
fb: 0.00375 0.02244 -0.06750 0.07239
fb: 0.00375 0.01902 -0.06750 0.07239
target: 0.00000 0.05901
dist/lin/ang/drive_left/drive_right/tv_l/tv_r/av_l/av_r/x/y/theta/t_err: 0.08529 0.00000 0.45111 -0.01527 0.02277 -0.05800 0.06894 -0.05800 0.06894 0 0 85.11315 0.08529
fb: 0.00397 0.01554 -0.06696 0.07185
fb: 0.00397 0.01289 -0.06696 0.07185
target: 0.00000 0.05715
dist/lin/ang/drive_left/drive_right/tv_l/tv_r/av_l/av_r/x/y/theta/t_err: 0.08256 0.00000 0.43690 -0.00892 0.01686 -0.05733 0.06842 -0.05733 0.06842 0 0 85.26956 0.08256
fb: 0.00375 0.01150 -0.06895 0.07384
fb: 0.00375 0.00989 -0.06895 0.07384
target: 0.00000 0.05584
dist/lin/ang/drive_left/drive_right/tv_l/tv_r/av_l/av_r/x/y/theta/t_err: 0.08064 0.00000 0.42689 -0.00614 0.01365 -0.05750 0.06858 -0.05750 0.06858 0 0 85.37985 0.08064
fb: 0.00000 0.00871 -0.07055 0.07544
fb: 0.00000 0.00780 -0.07055 0.07544
target: 0.00000 0.05487
dist/lin/ang/drive_left/drive_right/tv_l/tv_r/av_l/av_r/x/y/theta/t_err: 0.07921 0.00000 0.41945 -0.00780 0.00780 -0.06161 0.06825 -0.06161 0.06825 0 0 85.46169 0.07921
fb: 0.00199 0.00669 -0.07140 0.07629
fb: 0.00199 0.00634 -0.07140 0.07629
target: 0.00000 0.05412
dist/lin/ang/drive_left/drive_right/tv_l/tv_r/av_l/av_r/x/y/theta/t_err: 0.07811 0.00000 0.41372 -0.00435 0.00833 -0.06842 0.06842 -0.06842 0.06842 0 0 85.52451 0.07811
fb: 0.00000 0.00655 -0.07191 0.07680
fb: 0.00000 0.00676 -0.07191 0.07680
target: 0.00000 0.05348
dist/lin/ang/drive_left/drive_right/tv_l/tv_r/av_l/av_r/x/y/theta/t_err: 0.07718 0.00000 0.40884 -0.00676 0.00676 -0.06897 0.06825 -0.06897 0.06825 0 0 85.57775 0.07718
fb: 0.00000 0.00634 -0.07198 0.07687
fb: 0.00000 0.00557 -0.07198 0.07687
target: 0.00000 0.05279
dist/lin/ang/drive_left/drive_right/tv_l/tv_r/av_l/av_r/x/y/theta/t_err: 0.07619 0.00000 0.40358 -0.00557 0.00557 -0.06894 0.06825 -0.06894 0.06825 0 0 85.63443 0.07619
fb: 0.00000 0.00439 -0.07130 0.07619
fb: 0.00000 0.00286 -0.07130 0.07619
target: 0.00000 0.05222
dist/lin/ang/drive_left/drive_right/tv_l/tv_r/av_l/av_r/x/y/theta/t_err: 0.07537 0.00000 0.39923 -0.00286 0.00286 -0.06897 0.06828 -0.06897 0.06828 0 0 85.68188 0.07537
fb: 0.00000 0.00153 -0.07145 0.07635
fb: 0.00000 0.00000 -0.07145 0.07635
target: 0.00000 0.05194
dist/lin/ang/drive_left/drive_right/tv_l/tv_r/av_l/av_r/x/y/theta/t_err: 0.07494 0.00000 0.39707 0.00000 0.00000 -0.06881 0.06808 -0.06881 0.06808 0 0 85.70635 0.07494
fb: 0.00000 0.00000 -0.07255 0.07744
fb: 0.00000 0.00000 -0.07255 0.07744
target: 0.00000 0.05192
dist/lin/ang/drive_left/drive_right/tv_l/tv_r/av_l/av_r/x/y/theta/t_err: 0.07489 0.00000 0.39689 0.00000 0.00000 -0.06878 0.06844 -0.06878 0.06844 0 0 85.70930 0.07489
fb: 0.00000 0.00000 -0.07370 0.07860
fb: 0.00000 0.00091 -0.07370 0.07860
target: 0.00000 0.05193
dist/lin/ang/drive_left/drive_right/tv_l/tv_r/av_l/av_r/x/y/theta/t_err: 0.07490 0.00000 0.39699 -0.00091 0.00091 -0.06808 0.06811 -0.06808 0.06811 0 0 85.70840 0.07490
fb: 0.00000 0.00105 -0.07387 0.07877
fb: 0.00000 0.00091 -0.07387 0.07877
target: 0.00000 0.05184
dist/lin/ang/drive_left/drive_right/tv_l/tv_r/av_l/av_r/x/y/theta/t_err: 0.07478 0.00000 0.39628 -0.00091 0.00091 -0.06842 0.06808 -0.06842 0.06808 0 0 85.71567 0.07478
fb: 0.00000 0.00070 -0.07334 0.07823
fb: 0.00000 0.00000 -0.07334 0.07823
target: 0.00000 0.05175
dist/lin/ang/drive_left/drive_right/tv_l/tv_r/av_l/av_r/x/y/theta/t_err: 0.07465 0.00000 0.39563 0.00000 0.00000 -0.06844 0.06844 -0.06844 0.06844 0 0 85.72271 0.07465
fb: 0.00000 0.00000 -0.07331 0.07821
fb: 0.00000 0.00000 -0.07331 0.07821
target: 0.00000 0.05174
dist/lin/ang/drive_left/drive_right/tv_l/tv_r/av_l/av_r/x/y/theta/t_err: 0.07463 0.00000 0.39553 0.00000 0.00000 -0.06842 0.06828 -0.06842 0.06828 0 0 85.72409 0.07463
fb: 0.00000 0.00000 -0.07363 0.07852
fb: 0.00000 0.00000 -0.07363 0.07852
final error was 4.27596
position: -0.30597 -0.66164 85.72404
took 1.16000 time to finish turn
increased kp to 5.40000
increased kp to 5.50000
increased kp to 5.60000
increased kp to 5.70000
increased kp to 5.80000
increased kp to 5.90000
increased kp to 6.00000
increased kp to 6.10000
target: 0.00000 0.15697
dist/lin/ang/drive_left/drive_right/tv_l/tv_r/av_l/av_r/x/y/theta/t_err: 1.57079 0.00000 1.20000 0.00000 0.00000 -0.00017 -0.00000 -0.00017 -0.00000 0 0 0.00009 1.57079
fb: 0.00000 0.00000 -0.85057 0.85546
fb: 0.00000 0.00000 -0.85057 0.85546
target: 0.00000 0.31394
dist/lin/ang/drive_left/drive_right/tv_l/tv_r/av_l/av_r/x/y/theta/t_err: 1.57080 0.00000 2.40000 0.00000 0.00000 -0.05700 0.04328 -0.05700 0.04328 0 0 0.00005 1.57080
fb: 0.00000 0.00000 -1.00000 1.00000
fb: 0.00000 0.00000 -1.00000 1.00000
target: 0.00000 0.47092
dist/lin/ang/drive_left/drive_right/tv_l/tv_r/av_l/av_r/x/y/theta/t_err: 1.57079 0.00000 3.60000 0.00000 0.00000 -0.41803 0.44678 -0.41803 0.44678 0 0 0.00017 1.57079
fb: 0.00000 0.03324 -1.00000 1.00000
fb: 0.00000 0.09608 -1.00000 1.00000
target: 0.00000 0.62789
dist/lin/ang/drive_left/drive_right/tv_l/tv_r/av_l/av_r/x/y/theta/t_err: 1.56922 0.00000 4.80000 -0.09608 0.09608 -0.57339 0.35986 -0.57339 0.35986 0 0 0.09005 1.56922
fb: 0.00000 0.14576 -1.00000 1.00000
fb: 0.00397 0.19851 -1.00000 1.00000
target: 0.00000 0.78486
dist/lin/ang/drive_left/drive_right/tv_l/tv_r/av_l/av_r/x/y/theta/t_err: 1.55289 0.00000 6.00000 -0.19453 0.20248 -0.61242 0.57475 -0.61242 0.57475 0 0 1.02615 1.55289
fb: 0.00397 0.25627 -1.00000 1.00000
fb: 0.00000 0.30866 -1.00000 1.00000
target: 0.00000 0.78486
dist/lin/ang/drive_left/drive_right/tv_l/tv_r/av_l/av_r/x/y/theta/t_err: 1.52037 0.00000 6.00000 -0.30866 0.30866 -0.69692 0.64711 -0.69692 0.64711 0 0 2.88916 1.52037
fb: 0.00000 0.36489 -0.77486 0.77976
fb: 0.00000 0.42049 -0.74706 0.75196
target: 0.00000 0.78486
dist/lin/ang/drive_left/drive_right/tv_l/tv_r/av_l/av_r/x/y/theta/t_err: 1.47109 0.00000 6.00000 -0.42049 0.42049 -0.61789 0.63500 -0.61789 0.63500 0 0 5.71259 1.47109
fb: 0.00000 0.46982 -0.72240 0.72729
fb: -0.01368 0.51163 -0.70149 0.70639
target: 0.00000 0.78486
dist/lin/ang/drive_left/drive_right/tv_l/tv_r/av_l/av_r/x/y/theta/t_err: 1.40516 0.00000 6.00000 -0.52531 0.49795 -0.43256 0.45036 -0.43256 0.45036 0 0 9.49040 1.40516
fb: -0.01368 0.52285 -0.69589 0.70078
fb: -0.05428 0.53253 -0.69104 0.69594
target: 0.00000 0.78486
dist/lin/ang/drive_left/drive_right/tv_l/tv_r/av_l/av_r/x/y/theta/t_err: 1.32717 0.00000 6.00000 -0.58681 0.47825 -0.52292 0.49639 -0.52292 0.49639 0 0 13.95885 1.32717
fb: -0.05428 0.56291 -0.67585 0.68075
fb: -0.06575 0.59552 -0.65955 0.66444
target: 0.00000 0.78486
dist/lin/ang/drive_left/drive_right/tv_l/tv_r/av_l/av_r/x/y/theta/t_err: 1.24453 0.00000 6.00000 -0.66127 0.52977 -0.53933 0.52497 -0.53933 0.52497 0 0 18.69377 1.24453
fb: -0.06575 0.62673 -0.64394 0.64884
fb: -0.06222 0.65426 -0.63018 0.63508
target: 0.00000 0.78486
dist/lin/ang/drive_left/drive_right/tv_l/tv_r/av_l/av_r/x/y/theta/t_err: 1.15258 0.00000 6.00000 -0.71647 0.59204 -0.57919 0.52325 -0.57919 0.52325 0 0 23.96225 1.15258
fb: -0.06222 0.67265 -0.62098 0.62588
fb: -0.07369 0.69989 -0.60736 0.61226
target: 0.00000 0.78486
dist/lin/ang/drive_left/drive_right/tv_l/tv_r/av_l/av_r/x/y/theta/t_err: 1.05221 0.00000 6.00000 -0.77358 0.62620 -0.58897 0.56925 -0.58897 0.56925 0 0 29.71293 1.05221
fb: -0.07369 0.73257 -0.59102 0.59592
fb: -0.09487 0.75542 -0.57960 0.58449
target: 0.00000 0.74992
dist/lin/ang/drive_left/drive_right/tv_l/tv_r/av_l/av_r/x/y/theta/t_err: 0.94424 0.00000 5.73287 -0.85030 0.66055 -0.58878 0.57478 -0.58878 0.57478 0 0 35.89907 0.94424
fb: -0.09487 0.77918 -0.36959 0.37448
fb: -0.11450 0.80176 -0.35830 0.36319
target: 0.00000 0.65696
dist/lin/ang/drive_left/drive_right/tv_l/tv_r/av_l/av_r/x/y/theta/t_err: 0.82808 0.00000 5.02223 -0.91626 0.68725 -0.54481 0.53728 -0.54481 0.53728 0 0 42.55471 0.82808
fb: -0.11450 0.81946 0.09843 -0.10332
fb: -0.08913 0.83235 0.10487 -0.10977
target: 0.00000 0.55865
dist/lin/ang/drive_left/drive_right/tv_l/tv_r/av_l/av_r/x/y/theta/t_err: 0.70515 0.00000 4.27066 -0.92148 0.74321 -0.32717 0.32869 -0.32717 0.32869 0 0 49.59806 0.70515
fb: -0.08913 0.83158 0.24360 -0.24850
fb: -0.09112 0.82301 0.23932 -0.24421
target: 0.00000 0.45732
dist/lin/ang/drive_left/drive_right/tv_l/tv_r/av_l/av_r/x/y/theta/t_err: 0.57832 0.00000 3.49604 -0.91413 0.73189 0.05903 -0.06142 0.05903 -0.06142 0 0 56.86479 0.57832
fb: -0.09112 0.80531 0.36260 -0.36749
fb: -0.13591 0.74302 0.33145 -0.33635
target: 0.00000 0.35769
dist/lin/ang/drive_left/drive_right/tv_l/tv_r/av_l/av_r/x/y/theta/t_err: 0.45339 0.00000 2.73446 -0.87893 0.60712 0.21456 -0.21989 0.21456 -0.21989 0 0 64.02253 0.45339
fb: -0.13591 0.66269 0.40016 -0.40505
fb: -0.12797 0.59587 0.36675 -0.37164
target: 0.00000 0.27040
dist/lin/ang/drive_left/drive_right/tv_l/tv_r/av_l/av_r/x/y/theta/t_err: 0.34338 0.00000 2.06709 -0.72384 0.46790 0.31347 -0.31861 0.31347 -0.31861 0 0 70.32599 0.34338
fb: -0.12797 0.51546 0.37323 -0.37813
fb: -0.09113 0.44293 0.33697 -0.34186
target: 0.00000 0.20112
dist/lin/ang/drive_left/drive_right/tv_l/tv_r/av_l/av_r/x/y/theta/t_err: 0.25564 0.00000 1.53749 -0.53406 0.35180 0.34394 -0.32272 0.34394 -0.32272 0 0 75.35272 0.25564
fb: -0.09113 0.37172 0.21602 -0.22091
fb: -0.06002 0.30295 0.21602 -0.22091
target: 0.00000 0.14999
dist/lin/ang/drive_left/drive_right/tv_l/tv_r/av_l/av_r/x/y/theta/t_err: 0.19064 0.00000 1.14665 -0.36297 0.24293 0.31075 -0.30078 0.31075 -0.30078 0 0 79.07713 0.19064
fb: -0.06002 0.22944 0.16859 -0.17349
fb: -0.05230 0.14590 0.16859 -0.17349
target: 0.00000 0.11603
dist/lin/ang/drive_left/drive_right/tv_l/tv_r/av_l/av_r/x/y/theta/t_err: 0.14719 0.00000 0.88699 -0.19820 0.09361 0.20550 -0.20603 0.20550 -0.20603 0 0 81.56674 0.14719
fb: -0.05230 0.06543 0.11414 -0.11903
fb: -0.08164 0.00599 0.11414 -0.11903
target: 0.00000 0.10142
dist/lin/ang/drive_left/drive_right/tv_l/tv_r/av_l/av_r/x/y/theta/t_err: 0.12790 0.00000 0.77534 -0.08764 -0.07565 0.15503 -0.15536 0.15503 -0.15536 0 0 82.67209 0.12790
fb: -0.08164 -0.03449 -0.04126 0.04615
fb: -0.02891 -0.05853 -0.04126 0.04615
target: 0.00000 0.10244
dist/lin/ang/drive_left/drive_right/tv_l/tv_r/av_l/av_r/x/y/theta/t_err: 0.12836 0.00000 0.78310 0.02962 -0.08743 0.07375 -0.07717 0.07375 -0.07717 0 0 82.64558 0.12836
fb: -0.02891 -0.06821 -0.11222 0.11712
fb: -0.03508 -0.07051 -0.11222 0.11712
target: 0.00000 0.11002
dist/lin/ang/drive_left/drive_right/tv_l/tv_r/av_l/av_r/x/y/theta/t_err: 0.13751 0.00000 0.84110 0.03543 -0.10560 -0.05167 0.05886 -0.05167 0.05886 0 0 82.12127 0.13751
fb: -0.03508 -0.06877 -0.14688 0.15177
fb: -0.01147 -0.06208 -0.14688 0.15177
target: 0.00000 0.11862
dist/lin/ang/drive_left/drive_right/tv_l/tv_r/av_l/av_r/x/y/theta/t_err: 0.14822 0.00000 0.90680 0.05061 -0.07356 -0.11036 0.11719 -0.11036 0.11719 0 0 81.50782 0.14822
fb: -0.01147 -0.05755 -0.15717 0.16206
fb: -0.00397 -0.04431 -0.15717 0.16206
target: 0.00000 0.12611
dist/lin/ang/drive_left/drive_right/tv_l/tv_r/av_l/av_r/x/y/theta/t_err: 0.15765 0.00000 0.96403 0.04034 -0.04829 -0.13464 0.13894 -0.13464 0.13894 0 0 80.96722 0.15765
fb: -0.00397 -0.02083 -0.15721 0.16210
fb: -0.00397 0.01345 -0.15721 0.16210
target: 0.00000 0.13064
dist/lin/ang/drive_left/drive_right/tv_l/tv_r/av_l/av_r/x/y/theta/t_err: 0.16348 0.00000 0.99868 -0.01742 0.00948 -0.14047 0.14597 -0.14047 0.14597 0 0 80.63335 0.16348
fb: -0.00397 0.03937 -0.14694 0.15184
fb: 0.00000 0.05567 -0.14694 0.15184
target: 0.00000 0.12801
dist/lin/ang/drive_left/drive_right/tv_l/tv_r/av_l/av_r/x/y/theta/t_err: 0.16054 0.00000 0.97856 -0.05567 0.05567 -0.14217 0.14594 -0.14217 0.14594 0 0 80.80169 0.16054
fb: 0.00000 0.06919 -0.11295 0.11784
fb: 0.00000 0.07845 -0.11295 0.11784
target: 0.00000 0.12063
dist/lin/ang/drive_left/drive_right/tv_l/tv_r/av_l/av_r/x/y/theta/t_err: 0.15154 0.00000 0.92216 -0.07845 0.07845 -0.13019 0.13175 -0.13019 0.13175 0 0 81.31723 0.15154
fb: 0.00000 0.08598 -0.08664 0.09154
fb: -0.00375 0.09002 -0.08664 0.09154
target: 0.00000 0.11071
dist/lin/ang/drive_left/drive_right/tv_l/tv_r/av_l/av_r/x/y/theta/t_err: 0.13925 0.00000 0.84636 -0.09377 0.08627 -0.10231 0.10317 -0.10231 0.10317 0 0 82.02153 0.13925
fb: -0.00375 0.08925 -0.06858 0.07347
fb: 0.00375 0.08730 -0.06858 0.07347
target: 0.00000 0.09972
dist/lin/ang/drive_left/drive_right/tv_l/tv_r/av_l/av_r/x/y/theta/t_err: 0.12553 0.00000 0.76232 -0.08355 0.09105 -0.07922 0.08522 -0.07922 0.08522 0 0 82.80751 0.12553
fb: 0.00375 0.08375 -0.05637 0.06126
fb: 0.00794 0.07804 -0.05637 0.06126
target: 0.00000 0.08920
dist/lin/ang/drive_left/drive_right/tv_l/tv_r/av_l/av_r/x/y/theta/t_err: 0.11233 0.00000 0.68189 -0.07009 0.08598 -0.06128 0.07119 -0.06128 0.07119 0 0 83.56420 0.11233
fb: 0.00794 0.07253 -0.05144 0.05633
fb: 0.01147 0.06668 -0.05144 0.05633
target: 0.00000 0.07988
dist/lin/ang/drive_left/drive_right/tv_l/tv_r/av_l/av_r/x/y/theta/t_err: 0.10059 0.00000 0.61067 -0.05521 0.07815 -0.05217 0.06089 -0.05217 0.06089 0 0 84.23661 0.10059
fb: 0.01147 0.06124 -0.05062 0.05551
fb: 0.01942 0.05539 -0.05062 0.05551
target: 0.00000 0.07200
dist/lin/ang/drive_left/drive_right/tv_l/tv_r/av_l/av_r/x/y/theta/t_err: 0.09063 0.00000 0.55038 -0.03597 0.07481 -0.04997 0.05236 -0.04997 0.05236 0 0 84.80700 0.09063
fb: 0.01942 0.04787 -0.05178 0.05667
fb: 0.00397 0.04097 -0.05178 0.05667
target: 0.00000 0.06554
dist/lin/ang/drive_left/drive_right/tv_l/tv_r/av_l/av_r/x/y/theta/t_err: 0.08247 0.00000 0.50101 -0.03700 0.04494 -0.05083 0.05150 -0.05083 0.05150 0 0 85.27496 0.08247
fb: 0.00397 0.03519 -0.05387 0.05876
fb: 0.00375 0.03205 -0.05387 0.05876
target: 0.00000 0.06082
dist/lin/ang/drive_left/drive_right/tv_l/tv_r/av_l/av_r/x/y/theta/t_err: 0.07646 0.00000 0.46493 -0.02830 0.03580 -0.04947 0.05014 -0.04947 0.05014 0 0 85.61892 0.07646
fb: 0.00375 0.02696 -0.05853 0.06343
fb: 0.00397 0.02083 -0.05853 0.06343
target: 0.00000 0.05713
dist/lin/ang/drive_left/drive_right/tv_l/tv_r/av_l/av_r/x/y/theta/t_err: 0.07179 0.00000 0.43677 -0.01686 0.02480 -0.04944 0.05219 -0.04944 0.05219 0 0 85.88657 0.07179
fb: 0.00397 0.01512 -0.06072 0.06562
fb: 0.00397 0.01094 -0.06072 0.06562
target: 0.00000 0.05483
dist/lin/ang/drive_left/drive_right/tv_l/tv_r/av_l/av_r/x/y/theta/t_err: 0.06884 0.00000 0.41919 -0.00697 0.01491 -0.05167 0.05717 -0.05167 0.05717 0 0 86.05569 0.06884
fb: 0.00397 0.00815 -0.06542 0.07031
fb: 0.00177 0.00543 -0.06542 0.07031
target: 0.00000 0.05364
dist/lin/ang/drive_left/drive_right/tv_l/tv_r/av_l/av_r/x/y/theta/t_err: 0.06729 0.00000 0.41009 -0.00367 0.00720 -0.05733 0.06108 -0.05733 0.06108 0 0 86.14452 0.06729
fb: 0.00177 0.00439 -0.06960 0.07450
fb: 0.00000 0.00453 -0.06960 0.07450
target: 0.00000 0.05308
dist/lin/ang/drive_left/drive_right/tv_l/tv_r/av_l/av_r/x/y/theta/t_err: 0.06655 0.00000 0.40577 -0.00453 0.00453 -0.05800 0.06792 -0.05800 0.06792 0 0 86.18700 0.06655
fb: 0.00000 0.00474 -0.07204 0.07694
fb: 0.00000 0.00502 -0.07204 0.07694
target: 0.00000 0.05251
dist/lin/ang/drive_left/drive_right/tv_l/tv_r/av_l/av_r/x/y/theta/t_err: 0.06583 0.00000 0.40141 -0.00502 0.00502 -0.06144 0.06792 -0.06144 0.06792 0 0 86.22797 0.06583
fb: 0.00000 0.00523 -0.07164 0.07653
fb: 0.00000 0.00550 -0.07164 0.07653
target: 0.00000 0.05187
dist/lin/ang/drive_left/drive_right/tv_l/tv_r/av_l/av_r/x/y/theta/t_err: 0.06504 0.00000 0.39654 -0.00550 0.00550 -0.06844 0.06775 -0.06844 0.06775 0 0 86.27358 0.06504
fb: 0.00000 0.00564 -0.07091 0.07580
fb: 0.00000 0.00537 -0.07091 0.07580
target: 0.00000 0.05120
dist/lin/ang/drive_left/drive_right/tv_l/tv_r/av_l/av_r/x/y/theta/t_err: 0.06420 0.00000 0.39143 -0.00537 0.00537 -0.06861 0.06808 -0.06861 0.06808 0 0 86.32147 0.06420
fb: 0.00000 0.00481 -0.07032 0.07522
fb: 0.00000 0.00418 -0.07032 0.07522
target: 0.00000 0.05056
dist/lin/ang/drive_left/drive_right/tv_l/tv_r/av_l/av_r/x/y/theta/t_err: 0.06339 0.00000 0.38650 -0.00418 0.00418 -0.06825 0.06808 -0.06825 0.06808 0 0 86.36784 0.06339
fb: 0.00000 0.00390 -0.06999 0.07489
fb: 0.00000 0.00369 -0.06999 0.07489
target: 0.00000 0.05007
dist/lin/ang/drive_left/drive_right/tv_l/tv_r/av_l/av_r/x/y/theta/t_err: 0.06277 0.00000 0.38275 -0.00369 0.00369 -0.06622 0.06858 -0.06622 0.06858 0 0 86.40350 0.06277
fb: 0.00000 0.00341 -0.07036 0.07525
fb: 0.00397 0.00314 -0.07036 0.07525
target: 0.00000 0.04964
dist/lin/ang/drive_left/drive_right/tv_l/tv_r/av_l/av_r/x/y/theta/t_err: 0.06224 0.00000 0.37950 0.00084 0.00711 -0.06178 0.06792 -0.06178 0.06792 0 0 86.43419 0.06224
fb: 0.00397 0.00321 -0.07037 0.07527
fb: 0.00000 0.00362 -0.07037 0.07527
target: 0.00000 0.04926
dist/lin/ang/drive_left/drive_right/tv_l/tv_r/av_l/av_r/x/y/theta/t_err: 0.06175 0.00000 0.37657 -0.00362 0.00362 -0.06808 0.06825 -0.06808 0.06825 0 0 86.46184 0.06175
fb: 0.00000 0.00425 -0.07030 0.07520
fb: 0.00375 0.00502 -0.07030 0.07520
target: 0.00000 0.04880
dist/lin/ang/drive_left/drive_right/tv_l/tv_r/av_l/av_r/x/y/theta/t_err: 0.06118 0.00000 0.37303 -0.00127 0.00877 -0.06842 0.06758 -0.06842 0.06758 0 0 86.49484 0.06118
fb: 0.00375 0.00557 -0.06963 0.07453
fb: 0.00000 0.00613 -0.06963 0.07453
target: 0.00000 0.04817
dist/lin/ang/drive_left/drive_right/tv_l/tv_r/av_l/av_r/x/y/theta/t_err: 0.06039 0.00000 0.36821 -0.00613 0.00613 -0.06500 0.06858 -0.06500 0.06858 0 0 86.53964 0.06039
fb: 0.00000 0.00683 -0.06846 0.07335
fb: 0.00397 0.00704 -0.06846 0.07335
target: 0.00000 0.04738
dist/lin/ang/drive_left/drive_right/tv_l/tv_r/av_l/av_r/x/y/theta/t_err: 0.05942 0.00000 0.36224 -0.00307 0.01101 -0.05767 0.06825 -0.05767 0.06825 0 0 86.59533 0.05942
fb: 0.00397 0.00634 -0.06725 0.07215
fb: 0.00397 0.00550 -0.06725 0.07215
target: 0.00000 0.04655
dist/lin/ang/drive_left/drive_right/tv_l/tv_r/av_l/av_r/x/y/theta/t_err: 0.05839 0.00000 0.35589 -0.00153 0.00948 -0.05733 0.06861 -0.05733 0.06861 0 0 86.65476 0.05839
fb: 0.00397 0.00446 -0.06648 0.07137
fb: 0.00000 0.00362 -0.06648 0.07137
final error was 3.29961
position: -0.51567 -0.72896 86.70039
took 1.04000 time to finish turn
increased kp to 6.20000
increased kp to 6.30000
increased kp to 6.40000
increased kp to 6.50000
increased kp to 6.60000
target: 0.00000 0.15697
dist/lin/ang/drive_left/drive_right/tv_l/tv_r/av_l/av_r/x/y/theta/t_err: 1.57079 0.00000 1.20000 0.00000 0.00000 0.00033 0.00000 0.00033 0.00000 0 0 0.00008 1.57079
fb: 0.00000 0.00000 -0.85057 0.85546
fb: 0.00000 0.00000 -0.85057 0.85546
target: 0.00000 0.31394
dist/lin/ang/drive_left/drive_right/tv_l/tv_r/av_l/av_r/x/y/theta/t_err: 1.57080 0.00000 2.40000 0.00000 0.00000 -0.08811 0.02944 -0.08811 0.02944 0 0 0.00000 1.57080
fb: 0.00000 0.00000 -1.00000 1.00000
fb: 0.00397 0.00411 -1.00000 1.00000
target: 0.00000 0.47092
dist/lin/ang/drive_left/drive_right/tv_l/tv_r/av_l/av_r/x/y/theta/t_err: 1.57079 0.00000 3.60000 -0.00014 0.00808 -0.48508 0.44506 -0.48508 0.44506 0 0 0.00026 1.57079
fb: 0.00397 0.04682 -1.00000 1.00000
fb: 0.02118 0.09998 -1.00000 1.00000
target: 0.00000 0.62789
dist/lin/ang/drive_left/drive_right/tv_l/tv_r/av_l/av_r/x/y/theta/t_err: 1.56808 0.00000 4.80000 -0.07880 0.12117 -0.68511 0.21306 -0.68511 0.21306 0 0 0.15545 1.56808
fb: 0.02118 0.13524 -1.00000 1.00000
fb: 0.00000 0.17628 -1.00000 1.00000
target: 0.00000 0.78486
dist/lin/ang/drive_left/drive_right/tv_l/tv_r/av_l/av_r/x/y/theta/t_err: 1.55168 0.00000 6.00000 -0.17628 0.17628 -0.68511 0.56944 -0.68511 0.56944 0 0 1.09538 1.55168
fb: 0.00000 0.22951 -1.00000 1.00000
fb: -0.01942 0.28644 -1.00000 1.00000
target: 0.00000 0.78486
dist/lin/ang/drive_left/drive_right/tv_l/tv_r/av_l/av_r/x/y/theta/t_err: 1.52261 0.00000 6.00000 -0.30585 0.26702 -0.73681 0.64833 -0.73681 0.64833 0 0 2.76100 1.52261
fb: -0.01942 0.34699 -0.78382 0.78871
fb: -0.02714 0.40217 -0.75622 0.76112
target: 0.00000 0.78486
dist/lin/ang/drive_left/drive_right/tv_l/tv_r/av_l/av_r/x/y/theta/t_err: 1.47657 0.00000 6.00000 -0.42931 0.37503 -0.59819 0.68597 -0.59819 0.68597 0 0 5.39854 1.47657
fb: -0.02714 0.44906 -0.73278 0.73767
fb: -0.01743 0.48648 -0.71407 0.71896
target: 0.00000 0.78486
dist/lin/ang/drive_left/drive_right/tv_l/tv_r/av_l/av_r/x/y/theta/t_err: 1.41362 0.00000 6.00000 -0.50391 0.46904 -0.54378 0.39167 -0.54378 0.39167 0 0 9.00568 1.41362
fb: -0.01743 0.50362 -0.70550 0.71039
fb: -0.03089 0.52577 -0.69442 0.69932
target: 0.00000 0.78486
dist/lin/ang/drive_left/drive_right/tv_l/tv_r/av_l/av_r/x/y/theta/t_err: 1.33899 0.00000 6.00000 -0.55666 0.49488 -0.58503 0.49636 -0.58503 0.49636 0 0 13.28157 1.33899
fb: -0.03089 0.55134 -0.68164 0.68653
fb: -0.11451 0.57712 -0.66875 0.67364
target: 0.00000 0.78486
dist/lin/ang/drive_left/drive_right/tv_l/tv_r/av_l/av_r/x/y/theta/t_err: 1.25773 0.00000 6.00000 -0.69164 0.46261 -0.59169 0.54756 -0.59169 0.54756 0 0 17.93744 1.25773
fb: -0.11451 0.60715 -0.65373 0.65863
fb: -0.10083 0.64081 -0.63691 0.64180
target: 0.00000 0.78486
dist/lin/ang/drive_left/drive_right/tv_l/tv_r/av_l/av_r/x/y/theta/t_err: 1.16853 0.00000 6.00000 -0.74164 0.53998 -0.58639 0.47739 -0.58639 0.47739 0 0 23.04815 1.16853
fb: -0.10083 0.66958 -0.62252 0.62741
fb: -0.01942 0.69411 -0.61025 0.61515
target: 0.00000 0.78486
dist/lin/ang/drive_left/drive_right/tv_l/tv_r/av_l/av_r/x/y/theta/t_err: 1.06976 0.00000 6.00000 -0.71353 0.67469 -0.58606 0.52103 -0.58606 0.52103 0 0 28.70740 1.06976
fb: -0.01942 0.71271 -0.60095 0.60585
fb: -0.10458 0.73048 -0.59207 0.59696
target: 0.00000 0.78486
dist/lin/ang/drive_left/drive_right/tv_l/tv_r/av_l/av_r/x/y/theta/t_err: 0.96325 0.00000 6.00000 -0.83506 0.62590 -0.59236 0.56894 -0.59236 0.56894 0 0 34.80972 0.96325
fb: -0.10458 0.75542 -0.57960 0.58449
fb: -0.09310 0.78190 -0.56636 0.57125
target: 0.00000 0.73083
dist/lin/ang/drive_left/drive_right/tv_l/tv_r/av_l/av_r/x/y/theta/t_err: 0.85077 0.00000 5.58693 -0.87501 0.68880 -0.57628 0.55336 -0.57628 0.55336 0 0 41.25472 0.85077
fb: -0.09310 0.80218 -0.24985 0.25474
fb: -0.10281 0.82203 -0.23992 0.24482
target: 0.00000 0.62695
dist/lin/ang/drive_left/drive_right/tv_l/tv_r/av_l/av_r/x/y/theta/t_err: 0.73073 0.00000 4.79279 -0.92485 0.71922 -0.49672 0.45822 -0.49672 0.45822 0 0 48.13240 0.73073
fb: -0.10281 0.83688 0.19140 -0.19630
fb: -0.09884 0.83736 0.19165 -0.19654
target: 0.00000 0.51797
dist/lin/ang/drive_left/drive_right/tv_l/tv_r/av_l/av_r/x/y/theta/t_err: 0.60473 0.00000 3.95974 -0.93620 0.73852 -0.22006 0.16889 -0.22006 0.16889 0 0 55.35136 0.60473
fb: -0.09884 0.82851 0.33762 -0.34252
fb: -0.11053 0.80880 0.32777 -0.33266
target: 0.00000 0.40787
dist/lin/ang/drive_left/drive_right/tv_l/tv_r/av_l/av_r/x/y/theta/t_err: 0.47726 0.00000 3.11806 -0.91933 0.69826 0.15400 -0.18736 0.15400 -0.18736 0 0 62.65490 0.47726
fb: -0.11053 0.75347 0.43400 -0.43889
fb: -0.13767 0.68749 0.40101 -0.40590
target: 0.00000 0.30372
dist/lin/ang/drive_left/drive_right/tv_l/tv_r/av_l/av_r/x/y/theta/t_err: 0.35637 0.00000 2.32181 -0.82517 0.54982 0.30833 -0.32322 0.30833 -0.32322 0 0 69.58157 0.35637
fb: -0.13767 0.62701 0.46589 -0.47078
fb: -0.17651 0.55051 0.42764 -0.43253
target: 0.00000 0.21537
dist/lin/ang/drive_left/drive_right/tv_l/tv_r/av_l/av_r/x/y/theta/t_err: 0.25336 0.00000 1.64642 -0.72702 0.37399 0.35897 -0.37114 0.35897 -0.37114 0 0 75.48354 0.25336
fb: -0.17651 0.46571 0.29229 -0.29718
fb: -0.10679 0.38217 0.29229 -0.29718
target: 0.00000 0.14633
dist/lin/ang/drive_left/drive_right/tv_l/tv_r/av_l/av_r/x/y/theta/t_err: 0.17256 0.00000 1.11867 -0.48897 0.27538 0.33689 -0.23939 0.33689 -0.23939 0 0 80.11330 0.17256
fb: -0.10679 0.30476 0.25164 -0.25654
fb: -0.04832 0.22240 0.25164 -0.25654
target: 0.00000 0.09920
dist/lin/ang/drive_left/drive_right/tv_l/tv_r/av_l/av_r/x/y/theta/t_err: 0.11701 0.00000 0.75835 -0.27073 0.17408 0.27172 -0.25978 0.27172 -0.25978 0 0 83.29606 0.11701
fb: -0.04832 0.13552 0.18466 -0.18955
fb: -0.06223 0.04947 0.18466 -0.18955
target: 0.00000 0.07353
dist/lin/ang/drive_left/drive_right/tv_l/tv_r/av_l/av_r/x/y/theta/t_err: 0.08633 0.00000 0.56211 -0.11170 -0.01276 0.22553 -0.22347 0.22553 -0.22347 0 0 85.05363 0.08633
fb: -0.06223 -0.01923 0.10527 -0.11017
fb: -0.05230 -0.05971 0.10527 -0.11017
target: 0.00000 0.06994
dist/lin/ang/drive_left/drive_right/tv_l/tv_r/av_l/av_r/x/y/theta/t_err: 0.08120 0.00000 0.53467 0.00742 -0.11201 0.16136 -0.16222 0.16136 -0.16222 0 0 85.34735 0.08120
fb: -0.05230 -0.07936 -0.06973 0.07462
fb: -0.00375 -0.08682 -0.06973 0.07462
target: 0.00000 0.07879
dist/lin/ang/drive_left/drive_right/tv_l/tv_r/av_l/av_r/x/y/theta/t_err: 0.09089 0.00000 0.60233 0.08306 -0.09057 0.06778 -0.06589 0.06778 -0.06589 0 0 84.79210 0.09089
fb: -0.00375 -0.08835 -0.13164 0.13654
fb: -0.00397 -0.08507 -0.13164 0.13654
target: 0.00000 0.09039
dist/lin/ang/drive_left/drive_right/tv_l/tv_r/av_l/av_r/x/y/theta/t_err: 0.10420 0.00000 0.69102 0.08110 -0.08905 -0.06572 0.07239 -0.06572 0.07239 0 0 84.03000 0.10420
fb: -0.00397 -0.07873 -0.15179 0.15669
fb: -0.01942 -0.07546 -0.15179 0.15669
target: 0.00000 0.10142
dist/lin/ang/drive_left/drive_right/tv_l/tv_r/av_l/av_r/x/y/theta/t_err: 0.11699 0.00000 0.77531 0.05604 -0.09488 -0.12764 0.12611 -0.12764 0.12611 0 0 83.29718 0.11699
fb: -0.01942 -0.05950 -0.15659 0.16148
fb: -0.00772 -0.03344 -0.15659 0.16148
target: 0.00000 0.11063
dist/lin/ang/drive_left/drive_right/tv_l/tv_r/av_l/av_r/x/y/theta/t_err: 0.12773 0.00000 0.84572 0.02572 -0.04117 -0.13861 0.13961 -0.13861 0.13961 0 0 82.68143 0.12773
fb: -0.00772 0.00091 -0.15460 0.15949
fb: 0.00000 0.03142 -0.15460 0.15949
target: 0.00000 0.11362
dist/lin/ang/drive_left/drive_right/tv_l/tv_r/av_l/av_r/x/y/theta/t_err: 0.13147 0.00000 0.86862 -0.03142 0.03142 -0.14375 0.14733 -0.14375 0.14733 0 0 82.46746 0.13147
fb: 0.00000 0.04703 -0.12863 0.13352
fb: 0.00000 0.06250 -0.12863 0.13352
target: 0.00000 0.10876
dist/lin/ang/drive_left/drive_right/tv_l/tv_r/av_l/av_r/x/y/theta/t_err: 0.12618 0.00000 0.83144 -0.06250 0.06250 -0.13467 0.13739 -0.13467 0.13739 0 0 82.77066 0.12618
fb: 0.00000 0.07253 -0.09000 0.09490
fb: 0.00000 0.07957 -0.09000 0.09490
target: 0.00000 0.10011
dist/lin/ang/drive_left/drive_right/tv_l/tv_r/av_l/av_r/x/y/theta/t_err: 0.11633 0.00000 0.76533 -0.07957 0.07957 -0.10644 0.11258 -0.10644 0.11258 0 0 83.33469 0.11633
fb: 0.00000 0.08535 -0.06718 0.07208
fb: 0.00000 0.08807 -0.06718 0.07208
target: 0.00000 0.08933
dist/lin/ang/drive_left/drive_right/tv_l/tv_r/av_l/av_r/x/y/theta/t_err: 0.10394 0.00000 0.68292 -0.08807 0.08807 -0.07956 0.08350 -0.07956 0.08350 0 0 84.04457 0.10394
fb: 0.00000 0.08396 -0.05037 0.05526
fb: 0.00000 0.08096 -0.05037 0.05526
target: 0.00000 0.07790
dist/lin/ang/drive_left/drive_right/tv_l/tv_r/av_l/av_r/x/y/theta/t_err: 0.09073 0.00000 0.59552 -0.08096 0.08096 -0.05989 0.06658 -0.05989 0.06658 0 0 84.80148 0.09073
fb: 0.00000 0.07448 -0.03977 0.04466
fb: 0.00000 0.06800 -0.03977 0.04466
target: 0.00000 0.06750
dist/lin/ang/drive_left/drive_right/tv_l/tv_r/av_l/av_r/x/y/theta/t_err: 0.07864 0.00000 0.51601 -0.06800 0.06800 -0.04772 0.05067 -0.04772 0.05067 0 0 85.49417 0.07864
fb: 0.00000 0.06194 0.04060 -0.04550
fb: 0.00000 0.05372 0.04060 -0.04550
target: 0.00000 0.05878
dist/lin/ang/drive_left/drive_right/tv_l/tv_r/av_l/av_r/x/y/theta/t_err: 0.06847 0.00000 0.44938 -0.05372 0.05372 -0.01489 0.01267 -0.01489 0.01267 0 0 86.07675 0.06847
fb: 0.00000 0.04613 -0.03919 0.04408
fb: 0.00000 0.03776 -0.03919 0.04408
target: 0.00000 0.05198
dist/lin/ang/drive_left/drive_right/tv_l/tv_r/av_l/av_r/x/y/theta/t_err: 0.06051 0.00000 0.39739 -0.03776 0.03776 0.01900 -0.00733 0.01900 -0.00733 0 0 86.53288 0.06051
fb: 0.00000 0.02808 -0.04325 0.04814
fb: 0.00397 0.01986 -0.04325 0.04814
target: 0.00000 0.04742
dist/lin/ang/drive_left/drive_right/tv_l/tv_r/av_l/av_r/x/y/theta/t_err: 0.05513 0.00000 0.36252 -0.01589 0.02383 -0.03339 0.04039 -0.03339 0.04039 0 0 86.84126 0.05513
fb: 0.01169 0.01150 -0.05026 0.05516
fb: 0.00772 0.00411 -0.05026 0.05516
target: 0.00000 0.04517
dist/lin/ang/drive_left/drive_right/tv_l/tv_r/av_l/av_r/x/y/theta/t_err: 0.05243 0.00000 0.34533 0.00361 0.01183 -0.04483 0.04758 -0.04483 0.04758 0 0 86.99627 0.05243
fb: 0.00000 -0.00111 -0.05917 0.06407
fb: 0.00000 -0.00223 -0.05917 0.06407
target: 0.00000 0.04488
dist/lin/ang/drive_left/drive_right/tv_l/tv_r/av_l/av_r/x/y/theta/t_err: 0.05200 0.00000 0.34308 0.00223 -0.00223 -0.04861 0.05372 -0.04861 0.05372 0 0 87.02073 0.05200
fb: 0.00177 0.00125 -0.06777 0.07266
fb: 0.00177 0.00537 -0.06777 0.07266
target: 0.00000 0.04505
dist/lin/ang/drive_left/drive_right/tv_l/tv_r/av_l/av_r/x/y/theta/t_err: 0.05217 0.00000 0.34437 -0.00360 0.00713 -0.05081 0.06025 -0.05081 0.06025 0 0 87.01085 0.05217
fb: 0.00000 0.00662 -0.06996 0.07486
fb: 0.00000 0.00613 -0.06996 0.07486
target: 0.00000 0.04430
dist/lin/ang/drive_left/drive_right/tv_l/tv_r/av_l/av_r/x/y/theta/t_err: 0.05134 0.00000 0.33862 -0.00613 0.00613 -0.05683 0.06775 -0.05683 0.06775 0 0 87.05853 0.05134
fb: 0.00000 0.00537 -0.06532 0.07021
fb: 0.00000 0.00432 -0.06532 0.07021
target: 0.00000 0.04351
dist/lin/ang/drive_left/drive_right/tv_l/tv_r/av_l/av_r/x/y/theta/t_err: 0.05043 0.00000 0.33260 -0.00432 0.00432 -0.05717 0.06808 -0.05717 0.06808 0 0 87.11069 0.05043
fb: 0.00000 0.00369 -0.06462 0.06952
fb: 0.00000 0.00341 -0.06462 0.06952
target: 0.00000 0.04296
dist/lin/ang/drive_left/drive_right/tv_l/tv_r/av_l/av_r/x/y/theta/t_err: 0.04978 0.00000 0.32840 -0.00341 0.00341 -0.05700 0.06619 -0.05700 0.06619 0 0 87.14771 0.04978
fb: 0.00199 0.00300 -0.06533 0.07023
fb: 0.00199 0.00216 -0.06533 0.07023
target: 0.00000 0.04254
dist/lin/ang/drive_left/drive_right/tv_l/tv_r/av_l/av_r/x/y/theta/t_err: 0.04929 0.00000 0.32522 -0.00017 0.00415 -0.05700 0.06350 -0.05700 0.06350 0 0 87.17562 0.04929
fb: 0.00000 0.00105 -0.06566 0.07055
fb: 0.00000 0.00063 -0.06566 0.07055
target: 0.00000 0.04232
dist/lin/ang/drive_left/drive_right/tv_l/tv_r/av_l/av_r/x/y/theta/t_err: 0.04903 0.00000 0.32353 -0.00063 0.00063 -0.05750 0.06825 -0.05750 0.06825 0 0 87.19080 0.04903
fb: 0.00000 0.00070 -0.06638 0.07128
fb: 0.00000 0.00084 -0.06638 0.07128
target: 0.00000 0.04224
dist/lin/ang/drive_left/drive_right/tv_l/tv_r/av_l/av_r/x/y/theta/t_err: 0.04893 0.00000 0.32291 -0.00084 0.00084 -0.05717 0.06808 -0.05717 0.06808 0 0 87.19653 0.04893
fb: 0.00000 0.00125 -0.06696 0.07185
fb: 0.00000 0.00146 -0.06696 0.07185
target: 0.00000 0.04211
dist/lin/ang/drive_left/drive_right/tv_l/tv_r/av_l/av_r/x/y/theta/t_err: 0.04878 0.00000 0.32193 -0.00146 0.00146 -0.05717 0.06808 -0.05717 0.06808 0 0 87.20492 0.04878
fb: 0.00000 0.00146 -0.06666 0.07156
fb: 0.00000 0.00146 -0.06666 0.07156
target: 0.00000 0.04192
dist/lin/ang/drive_left/drive_right/tv_l/tv_r/av_l/av_r/x/y/theta/t_err: 0.04856 0.00000 0.32045 -0.00146 0.00146 -0.05700 0.06825 -0.05700 0.06825 0 0 87.21766 0.04856
fb: 0.00000 0.00153 -0.06623 0.07113
fb: 0.00000 0.00188 -0.06623 0.07113
target: 0.00000 0.04172
dist/lin/ang/drive_left/drive_right/tv_l/tv_r/av_l/av_r/x/y/theta/t_err: 0.04833 0.00000 0.31893 -0.00188 0.00188 -0.05717 0.06828 -0.05717 0.06828 0 0 87.23079 0.04833
fb: 0.00000 0.00216 -0.06608 0.07098
fb: 0.00000 0.00209 -0.06608 0.07098
target: 0.00000 0.04146
dist/lin/ang/drive_left/drive_right/tv_l/tv_r/av_l/av_r/x/y/theta/t_err: 0.04803 0.00000 0.31693 -0.00209 0.00209 -0.05750 0.06825 -0.05750 0.06825 0 0 87.24803 0.04803
fb: 0.00000 0.00209 -0.06562 0.07051
fb: 0.00000 0.00202 -0.06562 0.07051
target: 0.00000 0.04118
dist/lin/ang/drive_left/drive_right/tv_l/tv_r/av_l/av_r/x/y/theta/t_err: 0.04771 0.00000 0.31480 -0.00202 0.00202 -0.05750 0.06792 -0.05750 0.06792 0 0 87.26649 0.04771
fb: 0.00199 0.00216 -0.06536 0.07025
fb: 0.00199 0.00265 -0.06536 0.07025
final error was 2.71535
position: -0.57048 -0.84855 87.28465
took 1.02000 time to finish turn
increased kp to 6.70000
increased kp to 6.80000
increased kp to 6.90000
increased kp to 7.00000
increased kp to 7.10000
target: 0.00000 0.15697
dist/lin/ang/drive_left/drive_right/tv_l/tv_r/av_l/av_r/x/y/theta/t_err: 1.57080 0.00000 1.20000 0.00000 0.00000 0.00000 -0.00033 0.00000 -0.00033 0 0 0.00001 1.57080
fb: 0.00000 0.00000 -0.85057 0.85546
fb: 0.00000 0.00000 -0.85057 0.85546
target: 0.00000 0.31394
dist/lin/ang/drive_left/drive_right/tv_l/tv_r/av_l/av_r/x/y/theta/t_err: 1.57080 0.00000 2.40000 0.00000 0.00000 -0.09803 0.11122 -0.09803 0.11122 0 0 -0.00008 1.57080
fb: 0.00000 0.00000 -1.00000 1.00000
fb: 0.00000 0.01853 -1.00000 1.00000
target: 0.00000 0.47092
dist/lin/ang/drive_left/drive_right/tv_l/tv_r/av_l/av_r/x/y/theta/t_err: 1.57080 0.00000 3.60000 -0.01853 0.01853 -0.42467 0.39681 -0.42467 0.39681 0 0 0.00002 1.57080
fb: 0.00000 0.07288 -1.00000 1.00000
fb: 0.00000 0.13022 -1.00000 1.00000
target: 0.00000 0.62789
dist/lin/ang/drive_left/drive_right/tv_l/tv_r/av_l/av_r/x/y/theta/t_err: 1.56552 0.00000 4.80000 -0.13022 0.13022 -0.46714 0.47261 -0.46714 0.47261 0 0 0.30227 1.56552
fb: 0.00375 0.17865 -1.00000 1.00000
fb: 0.00375 0.23146 -1.00000 1.00000
target: 0.00000 0.78486
dist/lin/ang/drive_left/drive_right/tv_l/tv_r/av_l/av_r/x/y/theta/t_err: 1.54386 0.00000 6.00000 -0.22771 0.23521 -0.58194 0.59597 -0.58194 0.59597 0 0 1.54351 1.54386
fb: 0.00000 0.28386 -1.00000 1.00000
fb: 0.00000 0.33695 -1.00000 1.00000
target: 0.00000 0.78486
dist/lin/ang/drive_left/drive_right/tv_l/tv_r/av_l/av_r/x/y/theta/t_err: 1.50663 0.00000 6.00000 -0.33695 0.33695 -0.67008 0.66939 -0.67008 0.66939 0 0 3.67618 1.50663
fb: 0.00397 0.38754 -0.76354 0.76843
fb: 0.00397 0.43276 -0.74093 0.74582
target: 0.00000 0.78486
dist/lin/ang/drive_left/drive_right/tv_l/tv_r/av_l/av_r/x/y/theta/t_err: 1.45338 0.00000 6.00000 -0.42878 0.43673 -0.61683 0.54875 -0.61683 0.54875 0 0 6.72726 1.45338
fb: 0.00000 0.47818 -0.71822 0.72311
fb: 0.00000 0.50968 -0.70247 0.70736
target: 0.00000 0.78486
dist/lin/ang/drive_left/drive_right/tv_l/tv_r/av_l/av_r/x/y/theta/t_err: 1.38561 0.00000 6.00000 -0.50968 0.50968 -0.51708 0.51706 -0.51708 0.51706 0 0 10.61015 1.38561
fb: 0.00000 0.53518 -0.68972 0.69461
fb: 0.00000 0.55859 -0.67801 0.68291
target: 0.00000 0.78486
dist/lin/ang/drive_left/drive_right/tv_l/tv_r/av_l/av_r/x/y/theta/t_err: 1.30696 0.00000 6.00000 -0.55859 0.55859 -0.49778 0.56278 -0.49778 0.56278 0 0 15.11671 1.30696
fb: 0.00000 0.58353 -0.66554 0.67044
fb: 0.00000 0.61203 -0.65129 0.65619
target: 0.00000 0.78486
dist/lin/ang/drive_left/drive_right/tv_l/tv_r/av_l/av_r/x/y/theta/t_err: 1.22089 0.00000 6.00000 -0.61203 0.61203 -0.55608 0.55353 -0.55608 0.55353 0 0 20.04812 1.22089
fb: -0.01169 0.64067 -0.63697 0.64187
fb: -0.01169 0.66986 -0.62238 0.62727
target: 0.00000 0.78486
dist/lin/ang/drive_left/drive_right/tv_l/tv_r/av_l/av_r/x/y/theta/t_err: 1.12650 0.00000 6.00000 -0.68156 0.65817 -0.58042 0.55269 -0.58042 0.55269 0 0 25.45608 1.12650
fb: -0.02515 0.70024 -0.60719 0.61208
fb: -0.02515 0.72867 -0.59297 0.59787
target: 0.00000 0.78486
dist/lin/ang/drive_left/drive_right/tv_l/tv_r/av_l/av_r/x/y/theta/t_err: 1.02323 0.00000 6.00000 -0.75382 0.70352 -0.58522 0.56106 -0.58522 0.56106 0 0 31.37331 1.02323
fb: -0.07369 0.75285 -0.58089 0.58578
fb: -0.07369 0.77821 -0.56820 0.57310
target: 0.00000 0.78486
dist/lin/ang/drive_left/drive_right/tv_l/tv_r/av_l/av_r/x/y/theta/t_err: 0.91124 0.00000 6.00000 -0.85190 0.70452 -0.57614 0.56606 -0.57614 0.56606 0 0 37.79000 0.91124
fb: -0.06222 0.80197 -0.55633 0.56122
fb: -0.06222 0.82064 -0.54699 0.55188
target: 0.00000 0.73133
dist/lin/ang/drive_left/drive_right/tv_l/tv_r/av_l/av_r/x/y/theta/t_err: 0.79165 0.00000 5.59080 -0.88286 0.75842 -0.54872 0.54603 -0.54872 0.54603 0 0 44.64197 0.79165
fb: -0.05427 0.83869 -0.23446 0.23936
fb: -0.05427 0.85409 -0.22676 0.23166
target: 0.00000 0.61413
dist/lin/ang/drive_left/drive_right/tv_l/tv_r/av_l/av_r/x/y/theta/t_err: 0.66568 0.00000 4.69482 -0.90836 0.79981 -0.45311 0.50458 -0.45311 0.50458 0 0 51.85948 0.66568
fb: -0.06398 0.86628 0.28104 -0.28594
fb: -0.06398 0.86029 0.27805 -0.28294
target: 0.00000 0.49247
dist/lin/ang/drive_left/drive_right/tv_l/tv_r/av_l/av_r/x/y/theta/t_err: 0.53486 0.00000 3.76479 -0.92427 0.79631 -0.13294 0.21814 -0.13294 0.21814 0 0 59.35484 0.53486
fb: -0.08715 0.84266 0.43161 -0.43651
fb: -0.08715 0.81500 0.41778 -0.42268
target: 0.00000 0.37129
dist/lin/ang/drive_left/drive_right/tv_l/tv_r/av_l/av_r/x/y/theta/t_err: 0.40437 0.00000 2.83837 -0.90214 0.72785 0.26025 -0.21303 0.26025 -0.21303 0 0 66.83156 0.40437
fb: -0.10855 0.75835 0.52913 -0.53402
fb: -0.10855 0.69320 0.49655 -0.50145
target: 0.00000 0.25815
dist/lin/ang/drive_left/drive_right/tv_l/tv_r/av_l/av_r/x/y/theta/t_err: 0.28226 0.00000 1.97351 -0.80175 0.58466 0.37969 -0.34272 0.37969 -0.34272 0 0 73.82776 0.28226
fb: -0.05251 0.62429 0.55823 -0.56312
fb: -0.05251 0.55044 0.52130 -0.52619
target: 0.00000 0.16293
dist/lin/ang/drive_left/drive_right/tv_l/tv_r/av_l/av_r/x/y/theta/t_err: 0.17906 0.00000 1.24551 -0.60295 0.49793 0.33108 -0.38275 0.33108 -0.38275 0 0 79.74075 0.17906
fb: -0.05031 0.47143 0.51265 -0.51754
fb: -0.05031 0.38893 0.35840 -0.36329
target: 0.00000 0.08844
dist/lin/ang/drive_left/drive_right/tv_l/tv_r/av_l/av_r/x/y/theta/t_err: 0.09807 0.00000 0.67606 -0.43924 0.33862 0.30339 -0.35522 0.30339 -0.35522 0 0 84.38094 0.09807
fb: -0.05053 0.30344 0.31498 -0.31987
fb: -0.05053 0.21732 0.31498 -0.31987
target: 0.00000 0.03701
dist/lin/ang/drive_left/drive_right/tv_l/tv_r/av_l/av_r/x/y/theta/t_err: 0.04183 0.00000 0.28295 -0.26785 0.16679 0.28469 -0.29517 0.28469 -0.29517 0 0 87.60318 0.04183
fb: -0.05428 0.13684 0.24563 -0.25052
fb: -0.05428 0.06194 0.24563 -0.25052
target: 0.00000 0.00976
dist/lin/ang/drive_left/drive_right/tv_l/tv_r/av_l/av_r/x/y/theta/t_err: 0.01158 0.00000 0.07463 -0.11622 0.00766 0.27514 -0.27017 0.27514 -0.27017 0 0 89.33672 0.01158
fb: -0.06598 0.00321 0.15511 -0.16000
fb: -0.06598 -0.04076 0.15511 -0.16000
target: 0.00000 0.00364
dist/lin/ang/drive_left/drive_right/tv_l/tv_r/av_l/av_r/x/y/theta/t_err: 0.00418 0.00000 0.02785 -0.02522 -0.10674 0.21442 -0.21272 0.21442 -0.21272 0 0 89.76036 0.00418
fb: -0.02317 -0.07121 0.06412 -0.06901
fb: -0.02317 -0.08849 0.06412 -0.06901
target: 0.00000 0.01087
dist/lin/ang/drive_left/drive_right/tv_l/tv_r/av_l/av_r/x/y/theta/t_err: 0.01145 0.00000 0.08311 0.06532 -0.11166 0.13228 -0.14269 0.13228 -0.14269 0 0 89.34395 0.01145
fb: -0.01545 -0.09755 -0.07884 0.08373
fb: -0.01545 -0.09845 -0.07884 0.08373
final error was 1.44683
position: -0.22860 -0.54422 88.55317
took 0.50000 time to finish turn
increased kp to 7.20000
increased kp to 7.30000
increased kp to 7.40000
increased kp to 7.50000
increased kp to 7.60000
increased kp to 7.70000
target: 0.00000 0.15697
dist/lin/ang/drive_left/drive_right/tv_l/tv_r/av_l/av_r/x/y/theta/t_err: 1.57080 0.00000 1.20000 0.00000 0.00000 0.00017 0.00000 0.00017 0.00000 0 0 0.00005 1.57080
fb: 0.00000 0.00000 -0.85057 0.85546
fb: 0.00000 0.00000 -0.85057 0.85546
target: 0.00000 0.31394
dist/lin/ang/drive_left/drive_right/tv_l/tv_r/av_l/av_r/x/y/theta/t_err: 1.57080 0.00000 2.40000 0.00000 0.00000 -0.05442 0.05511 -0.05442 0.05511 0 0 -0.00008 1.57080
fb: 0.00000 0.00000 -1.00000 1.00000
fb: 0.00000 0.02919 -1.00000 1.00000
target: 0.00000 0.47092
dist/lin/ang/drive_left/drive_right/tv_l/tv_r/av_l/av_r/x/y/theta/t_err: 1.57080 0.00000 3.60000 -0.02919 0.02919 -0.39714 0.45103 -0.39714 0.45103 0 0 -0.00035 1.57080
fb: 0.00000 0.09330 -1.00000 1.00000
fb: 0.00000 0.14729 -1.00000 1.00000
target: 0.00000 0.62789
dist/lin/ang/drive_left/drive_right/tv_l/tv_r/av_l/av_r/x/y/theta/t_err: 1.56350 0.00000 4.80000 -0.14729 0.14729 -0.43633 0.45653 -0.43633 0.45653 0 0 0.41805 1.56350
fb: 0.00000 0.19920 -1.00000 1.00000
fb: 0.00000 0.25348 -1.00000 1.00000
target: 0.00000 0.78486
dist/lin/ang/drive_left/drive_right/tv_l/tv_r/av_l/av_r/x/y/theta/t_err: 1.53898 0.00000 6.00000 -0.25348 0.25348 -0.62589 0.59478 -0.62589 0.59478 0 0 1.82266 1.53898
fb: 0.00000 0.30783 -1.00000 1.00000
fb: 0.00000 0.36378 -1.00000 1.00000
target: 0.00000 0.78486
dist/lin/ang/drive_left/drive_right/tv_l/tv_r/av_l/av_r/x/y/theta/t_err: 1.49833 0.00000 6.00000 -0.36378 0.36378 -0.71025 0.63069 -0.71025 0.63069 0 0 4.15204 1.49833
fb: 0.00000 0.41722 -0.74870 0.75359
fb: 0.00000 0.46460 -0.72501 0.72990
target: 0.00000 0.78486
dist/lin/ang/drive_left/drive_right/tv_l/tv_r/av_l/av_r/x/y/theta/t_err: 1.44084 0.00000 6.00000 -0.46460 0.46460 -0.66972 0.63189 -0.66972 0.63189 0 0 7.44604 1.44084
fb: 0.00000 0.51024 -0.70219 0.70709
fb: 0.00000 0.54284 -0.68589 0.69078
target: 0.00000 0.78486
dist/lin/ang/drive_left/drive_right/tv_l/tv_r/av_l/av_r/x/y/theta/t_err: 1.36826 0.00000 6.00000 -0.54284 0.54284 -0.51572 0.40656 -0.51572 0.40656 0 0 11.60475 1.36826
fb: 0.00000 0.56145 -0.67659 0.68148
fb: 0.00000 0.58137 -0.66662 0.67152
target: 0.00000 0.78486
dist/lin/ang/drive_left/drive_right/tv_l/tv_r/av_l/av_r/x/y/theta/t_err: 1.28495 0.00000 6.00000 -0.58137 0.58137 -0.57494 0.54892 -0.57494 0.54892 0 0 16.37786 1.28495
fb: 0.00000 0.61586 -0.64938 0.65427
fb: 0.00000 0.64959 -0.63252 0.63741
target: 0.00000 0.78486
dist/lin/ang/drive_left/drive_right/tv_l/tv_r/av_l/av_r/x/y/theta/t_err: 1.19488 0.00000 6.00000 -0.64959 0.64959 -0.58861 0.54789 -0.58861 0.54789 0 0 21.53856 1.19488
fb: 0.00000 0.68470 -0.61496 0.61985
fb: 0.00000 0.71320 -0.60071 0.60560
target: 0.00000 0.78486
dist/lin/ang/drive_left/drive_right/tv_l/tv_r/av_l/av_r/x/y/theta/t_err: 1.09446 0.00000 6.00000 -0.71320 0.71320 -0.59206 0.55353 -0.59206 0.55353 0 0 27.29223 1.09446
fb: 0.00000 0.73856 -0.58803 0.59292
fb: 0.00000 0.76441 -0.57510 0.58000
target: 0.00000 0.78486
dist/lin/ang/drive_left/drive_right/tv_l/tv_r/av_l/av_r/x/y/theta/t_err: 0.98478 0.00000 6.00000 -0.76441 0.76441 -0.58708 0.56414 -0.58708 0.56414 0 0 33.57617 0.98478
fb: 0.00000 0.78699 -0.56382 0.56871
fb: 0.00000 0.80685 -0.55389 0.55878
target: 0.00000 0.78486
dist/lin/ang/drive_left/drive_right/tv_l/tv_r/av_l/av_r/x/y/theta/t_err: 0.86739 0.00000 6.00000 -0.80685 0.80685 -0.56242 0.55319 -0.56242 0.55319 0 0 40.30241 0.86739
fb: 0.00000 0.82217 -0.54622 0.55112
fb: 0.00000 0.83695 -0.53884 0.54373
target: 0.00000 0.74514
dist/lin/ang/drive_left/drive_right/tv_l/tv_r/av_l/av_r/x/y/theta/t_err: 0.74380 0.00000 5.69636 -0.83695 0.83695 -0.54411 0.53539 -0.54411 0.53539 0 0 47.38343 0.74380
fb: 0.00000 0.85144 -0.30638 0.31128
fb: 0.00000 0.86328 -0.30046 0.30535
target: 0.00000 0.61578
dist/lin/ang/drive_left/drive_right/tv_l/tv_r/av_l/av_r/x/y/theta/t_err: 0.61552 0.00000 4.70743 -0.86328 0.86328 -0.50494 0.45942 -0.50494 0.45942 0 0 54.73331 0.61552
fb: 0.00000 0.87088 0.33613 -0.34102
fb: 0.00000 0.86279 0.33209 -0.33698
target: 0.00000 0.48263
dist/lin/ang/drive_left/drive_right/tv_l/tv_r/av_l/av_r/x/y/theta/t_err: 0.48345 0.00000 3.68959 -0.86279 0.86279 -0.30014 0.20514 -0.30014 0.20514 0 0 62.30008 0.48345
fb: 0.00000 0.84621 0.49660 -0.50149
fb: 0.00000 0.82183 0.48440 -0.48930
target: 0.00000 0.35073
dist/lin/ang/drive_left/drive_right/tv_l/tv_r/av_l/av_r/x/y/theta/t_err: 0.35246 0.00000 2.68120 -0.82183 0.82183 0.17436 -0.28386 0.17436 -0.28386 0 0 69.80551 0.35246
fb: 0.00000 0.76065 0.60258 -0.60747
fb: 0.00000 0.69320 0.56886 -0.57375
target: 0.00000 0.22748
dist/lin/ang/drive_left/drive_right/tv_l/tv_r/av_l/av_r/x/y/theta/t_err: 0.22983 0.00000 1.73904 -0.69320 0.69320 0.34583 -0.31758 0.34583 -0.31758 0 0 76.83163 0.22983
fb: 0.00000 0.62074 0.63783 -0.64272
fb: 0.00000 0.54291 0.59892 -0.60381
target: 0.00000 0.12417
dist/lin/ang/drive_left/drive_right/tv_l/tv_r/av_l/av_r/x/y/theta/t_err: 0.12663 0.00000 0.94922 -0.54291 0.54291 0.29928 -0.26089 0.29928 -0.26089 0 0 82.74483 0.12663
fb: 0.00000 0.45881 0.58808 -0.59297
fb: 0.00000 0.38168 0.54951 -0.55441
target: 0.00000 0.04467
dist/lin/ang/drive_left/drive_right/tv_l/tv_r/av_l/av_r/x/y/theta/t_err: 0.04694 0.00000 0.34151 -0.38168 0.38168 0.33981 -0.28969 0.33981 -0.28969 0 0 87.31061 0.04694
fb: 0.00000 0.30699 0.49798 -0.50287
fb: 0.00000 0.22505 0.36682 -0.37172
target: 0.00000 -0.01053
dist/lin/ang/drive_left/drive_right/tv_l/tv_r/av_l/av_r/x/y/theta/t_err: -0.00865 0.00000 -0.08051 -0.22505 0.22505 0.35264 -0.38225 0.35264 -0.38225 0 0 90.49566 -0.00865
fb: 0.00000 0.13838 0.29450 -0.29939
fb: 0.00000 0.05902 0.29450 -0.29939
target: 0.00000 -0.04105
dist/lin/ang/drive_left/drive_right/tv_l/tv_r/av_l/av_r/x/y/theta/t_err: -0.03974 0.00000 -0.31378 -0.05902 0.05902 0.31586 -0.25564 0.31586 -0.25564 0 0 92.27703 -0.03974
fb: -1.36147 -0.00327 0.88457 0.55983
fb: -1.36147 -0.04835 0.88457 0.55983
target: 0.00000 -0.04708
dist/lin/ang/drive_left/drive_right/tv_l/tv_r/av_l/av_r/x/y/theta/t_err: -0.04652 0.00000 -0.35988 -1.31311 -1.40982 0.32667 -0.19436 0.32667 -0.19436 0 0 92.66528 -0.04652
fb: -0.06995 -0.07985 0.09770 -0.10259
fb: -0.06995 -0.10911 0.09770 -0.10259
target: 0.00000 -0.03809
dist/lin/ang/drive_left/drive_right/tv_l/tv_r/av_l/av_r/x/y/theta/t_err: -0.03809 0.00000 -0.29117 0.03916 -0.17906 0.46883 0.16169 0.46883 0.16169 0 0 92.18228 -0.03809
fb: 0.00000 -0.13134 -0.05395 0.05884
fb: 0.00000 -0.12563 -0.05395 0.05884
target: 0.00000 -0.02012
dist/lin/ang/drive_left/drive_right/tv_l/tv_r/av_l/av_r/x/y/theta/t_err: -0.02054 0.00000 -0.15380 0.12563 -0.12563 0.08453 -0.03883 0.08453 -0.03883 0 0 91.17709 -0.02054
fb: 0.05825 -0.11859 -0.10640 0.11130
fb: 0.05825 -0.10967 -0.10640 0.11130
target: 0.00000 -0.00099
dist/lin/ang/drive_left/drive_right/tv_l/tv_r/av_l/av_r/x/y/theta/t_err: -0.00160 0.00000 -0.00758 0.16792 -0.05142 -0.05236 0.04928 -0.05236 0.04928 0 0 90.09164 -0.00160
fb: 0.06201 -0.09950 -0.12443 0.12933
fb: 0.06201 -0.07734 -0.12443 0.12933
final error was 0.84636
position: 0.05189 -1.03123 89.15364
took 0.54000 time to finish turn
increased to 135.00000
target: 0.00000 0.15697
dist/lin/ang/drive_left/drive_right/tv_l/tv_r/av_l/av_r/x/y/theta/t_err: 2.35619 0.00000 1.20000 0.00000 0.00000 -0.00017 -0.00017 -0.00017 -0.00017 0 0 0.00009 2.35619
fb: 0.00000 0.00000 -0.85057 0.85546
fb: 0.00000 0.00000 -0.85057 0.85546
target: 0.00000 0.31394
dist/lin/ang/drive_left/drive_right/tv_l/tv_r/av_l/av_r/x/y/theta/t_err: 2.35619 0.00000 2.40000 0.00000 0.00000 -0.00033 0.02842 -0.00033 0.02842 0 0 0.00011 2.35619
fb: 0.00000 0.00000 -1.00000 1.00000
fb: 0.00000 0.01763 -1.00000 1.00000
target: 0.00000 0.47092
dist/lin/ang/drive_left/drive_right/tv_l/tv_r/av_l/av_r/x/y/theta/t_err: 2.35618 0.00000 3.60000 -0.01763 0.01763 -0.49314 0.47925 -0.49314 0.47925 0 0 0.00058 2.35618
fb: 0.00000 0.06849 -1.00000 1.00000
fb: 0.00000 0.12639 -1.00000 1.00000
target: 0.00000 0.62789
dist/lin/ang/drive_left/drive_right/tv_l/tv_r/av_l/av_r/x/y/theta/t_err: 2.35125 0.00000 4.80000 -0.12639 0.12639 -0.29669 0.56122 -0.29669 0.56122 0 0 0.28322 2.35125
fb: 0.00000 0.17914 -1.00000 1.00000
fb: 0.00199 0.22909 -1.00000 1.00000
target: 0.00000 0.78486
dist/lin/ang/drive_left/drive_right/tv_l/tv_r/av_l/av_r/x/y/theta/t_err: 2.32995 0.00000 6.00000 -0.22711 0.23108 -0.54958 0.60778 -0.54958 0.60778 0 0 1.50386 2.32995
fb: 0.00199 0.27989 -1.00000 1.00000
fb: 0.02913 0.33291 -1.00000 1.00000
target: 0.00000 0.78486
dist/lin/ang/drive_left/drive_right/tv_l/tv_r/av_l/av_r/x/y/theta/t_err: 2.29308 0.00000 6.00000 -0.30378 0.36204 -0.68789 0.60622 -0.68789 0.60622 0 0 3.61608 2.29308
fb: 0.02913 0.38266 -0.76598 0.77087
fb: 0.02714 0.43701 -0.73881 0.74370
target: 0.00000 0.78486
dist/lin/ang/drive_left/drive_right/tv_l/tv_r/av_l/av_r/x/y/theta/t_err: 2.24051 0.00000 6.00000 -0.40987 0.46415 -0.77686 0.61033 -0.77686 0.61033 0 0 6.62813 2.24051
fb: 0.02714 0.48585 -0.71438 0.71928
fb: 0.02118 0.49714 -0.70874 0.71363
target: 0.00000 0.78486
dist/lin/ang/drive_left/drive_right/tv_l/tv_r/av_l/av_r/x/y/theta/t_err: 2.17204 0.00000 6.00000 -0.47595 0.51832 -0.35556 0.47567 -0.35556 0.47567 0 0 10.55105 2.17204
fb: 0.02118 0.50661 -0.70400 0.70890
fb: 0.02714 0.53323 -0.69069 0.69559
target: 0.00000 0.78486
dist/lin/ang/drive_left/drive_right/tv_l/tv_r/av_l/av_r/x/y/theta/t_err: 2.09586 0.00000 6.00000 -0.50609 0.56037 -0.58039 0.57253 -0.58039 0.57253 0 0 14.91591 2.09586
fb: 0.05053 0.56988 -0.67237 0.67726
fb: 0.02339 0.60806 -0.65328 0.65817
target: 0.00000 0.78486
dist/lin/ang/drive_left/drive_right/tv_l/tv_r/av_l/av_r/x/y/theta/t_err: 2.01301 0.00000 6.00000 -0.58467 0.63145 -0.58947 0.49400 -0.58947 0.49400 0 0 19.66297 2.01301
fb: 0.00772 0.63934 -0.63764 0.64253
fb: 0.00772 0.66415 -0.62523 0.63013
target: 0.00000 0.78486
dist/lin/ang/drive_left/drive_right/tv_l/tv_r/av_l/av_r/x/y/theta/t_err: 1.91924 0.00000 6.00000 -0.65643 0.67187 -0.58947 0.55011 -0.58947 0.55011 0 0 25.03564 1.91924
fb: 0.00000 0.68895 -0.61283 0.61773
fb: 0.00000 0.71787 -0.59837 0.60327
target: 0.00000 0.78486
dist/lin/ang/drive_left/drive_right/tv_l/tv_r/av_l/av_r/x/y/theta/t_err: 1.81709 0.00000 6.00000 -0.71787 0.71787 -0.58553 0.56039 -0.58553 0.56039 0 0 30.88857 1.81709
fb: -0.02515 0.74922 -0.58270 0.58759
fb: -0.02515 0.74922 -0.58270 0.58759
target: 0.00000 0.78486
dist/lin/ang/drive_left/drive_right/tv_l/tv_r/av_l/av_r/x/y/theta/t_err: 1.70640 0.00000 6.00000 -0.77438 0.72407 -0.57219 0.56533 -0.57219 0.56533 0 0 37.23049 1.70640
fb: -0.04852 0.79451 -0.56005 0.56495
fb: -0.04852 0.79451 -0.56005 0.56495
target: 0.00000 0.78486
dist/lin/ang/drive_left/drive_right/tv_l/tv_r/av_l/av_r/x/y/theta/t_err: 1.58765 0.00000 6.00000 -0.84303 0.74600 -0.56536 0.55869 -0.56536 0.55869 0 0 44.03438 1.58765
fb: -0.08913 0.81423 -0.55019 0.55509
fb: -0.08913 0.83346 -0.54058 0.54547
target: 0.00000 0.78486
dist/lin/ang/drive_left/drive_right/tv_l/tv_r/av_l/av_r/x/y/theta/t_err: 1.52592 0.00000 6.00000 -0.92259 0.74433 -0.54739 0.54603 -0.54739 0.54603 0 0 47.57113 1.52592
fb: -0.11047 0.86419 -0.52522 0.53011
fb: -0.11047 0.87415 -0.52023 0.52513
target: 0.00000 0.78486
dist/lin/ang/drive_left/drive_right/tv_l/tv_r/av_l/av_r/x/y/theta/t_err: 1.33250 0.00000 6.00000 -0.98462 0.76368 -0.53164 0.52736 -0.53164 0.52736 0 0 58.65333 1.33250
fb: -0.09510 0.87415 -0.52023 0.52513
fb: -0.09510 0.87973 -0.51745 0.52234
target: 0.00000 0.78486
dist/lin/ang/drive_left/drive_right/tv_l/tv_r/av_l/av_r/x/y/theta/t_err: 1.26599 0.00000 6.00000 -0.97483 0.78462 -0.51369 0.50906 -0.51369 0.50906 0 0 62.46431 1.26599
fb: -0.08538 0.88565 -0.51448 0.51938
fb: -0.08538 0.88920 -0.51271 0.51760
target: 0.00000 0.78486
dist/lin/ang/drive_left/drive_right/tv_l/tv_r/av_l/av_r/x/y/theta/t_err: 1.13144 0.00000 6.00000 -0.97458 0.80382 -0.50633 0.50544 -0.50633 0.50544 0 0 70.17317 1.13144
fb: -0.11229 0.89505 -0.50978 0.51468
fb: -0.11229 0.90000 -0.50731 0.51220
target: 0.00000 0.78486
dist/lin/ang/drive_left/drive_right/tv_l/tv_r/av_l/av_r/x/y/theta/t_err: 0.99540 0.00000 6.00000 -1.01230 0.78771 -0.49911 0.49897 -0.49911 0.49897 0 0 77.96802 0.99540
fb: -0.10082 0.90244 -0.50609 0.51098
fb: -0.10082 0.90592 -0.50435 0.50924
target: 0.00000 0.78486
dist/lin/ang/drive_left/drive_right/tv_l/tv_r/av_l/av_r/x/y/theta/t_err: 0.85777 0.00000 6.00000 -1.00675 0.80510 -0.49161 0.49433 -0.49161 0.49433 0 0 85.85314 0.85777
fb: -0.10876 0.90572 -0.50445 0.50935
fb: -0.10876 0.90502 -0.50480 0.50969
target: 0.00000 0.72003
dist/lin/ang/drive_left/drive_right/tv_l/tv_r/av_l/av_r/x/y/theta/t_err: 0.71935 0.00000 5.50439 -1.01378 0.79625 -0.49128 0.48647 -0.49128 0.48647 0 0 93.78427 0.71935
fb: -0.10082 0.90627 -0.13658 0.14148
fb: -0.10082 0.90558 -0.13693 0.14182
target: 0.00000 0.58056
dist/lin/ang/drive_left/drive_right/tv_l/tv_r/av_l/av_r/x/y/theta/t_err: 0.58088 0.00000 4.43816 -1.00640 0.80475 -0.43958 0.45258 -0.43958 0.45258 0 0 101.71799 0.58088
fb: -0.11626 0.90683 0.44082 -0.44571
fb: -0.11626 0.89917 0.43698 -0.44188
target: 0.00000 0.44088
dist/lin/ang/drive_left/drive_right/tv_l/tv_r/av_l/av_r/x/y/theta/t_err: 0.44221 0.00000 3.37035 -1.01543 0.78290 -0.17197 0.16153 -0.17197 0.16153 0 0 109.66319 0.44221
fb: -0.12597 0.88425 0.59389 -0.59878
fb: -0.12597 0.86502 0.58427 -0.58916
target: 0.00000 0.30293
dist/lin/ang/drive_left/drive_right/tv_l/tv_r/av_l/av_r/x/y/theta/t_err: 0.30521 0.00000 2.31583 -0.99100 0.73905 0.30358 -0.28867 0.30358 -0.28867 0 0 117.51299 0.30521
fb: -0.14164 0.81242 0.71154 -0.71643
fb: -0.14164 0.74253 0.67660 -0.68149
target: 0.00000 0.17221
dist/lin/ang/drive_left/drive_right/tv_l/tv_r/av_l/av_r/x/y/theta/t_err: 0.17520 0.00000 1.31651 -0.88417 0.60089 0.28592 -0.34511 0.28592 -0.34511 0 0 124.96199 0.17520
fb: -0.10657 0.67523 0.76340 -0.76829
fb: -0.10657 0.60060 0.72608 -0.73098
target: 0.00000 0.06069
dist/lin/ang/drive_left/drive_right/tv_l/tv_r/av_l/av_r/x/y/theta/t_err: 0.06387 0.00000 0.46399 -0.70717 0.49404 0.22622 -0.39903 0.22622 -0.39903 0 0 131.34035 0.06387
fb: -0.05825 0.52633 0.73301 -0.73790
fb: -0.05825 0.44314 0.69141 -0.69630
target: 0.00000 -0.02846
dist/lin/ang/drive_left/drive_right/tv_l/tv_r/av_l/av_r/x/y/theta/t_err: -0.02536 0.00000 -0.21759 -0.50139 0.38489 0.30197 -0.33075 0.30197 -0.33075 0 0 136.45309 -0.02536
fb: -0.03288 0.34692 0.64699 -0.65189
fb: -0.03288 0.25028 0.59867 -0.60356
target: 0.00000 -0.09221
dist/lin/ang/drive_left/drive_right/tv_l/tv_r/av_l/av_r/x/y/theta/t_err: -0.08947 0.00000 -0.70491 -0.28315 0.21740 0.25697 -0.36839 0.25697 -0.36839 0 0 140.12602 -0.08947
fb: -0.08738 0.15907 0.38766 -0.39256
fb: -0.08738 0.08814 0.38766 -0.39256
target: 0.00000 -0.12649
dist/lin/ang/drive_left/drive_right/tv_l/tv_r/av_l/av_r/x/y/theta/t_err: -0.12445 0.00000 -0.96701 -0.17552 0.00076 0.32478 -0.35900 0.32478 -0.35900 0 0 142.13043 -0.12445
fb: -0.09488 0.03958 0.27805 -0.28295
fb: -0.09488 -0.00885 0.27805 -0.28295
target: 0.00000 -0.13769
dist/lin/ang/drive_left/drive_right/tv_l/tv_r/av_l/av_r/x/y/theta/t_err: -0.13632 0.00000 -1.05261 -0.08603 -0.10373 0.29944 -0.34869 0.29944 -0.34869 0 0 142.81043 -0.13632
fb: -0.02339 -0.06229 0.18167 -0.18656
fb: -0.02339 -0.10932 0.18167 -0.18656
target: 0.00000 -0.13372
dist/lin/ang/drive_left/drive_right/tv_l/tv_r/av_l/av_r/x/y/theta/t_err: -0.13287 0.00000 -1.02221 0.08593 -0.13271 0.24231 -0.26558 0.24231 -0.26558 0 0 142.61270 -0.13287
fb: -0.03288 -0.14095 0.11072 -0.11561
fb: -0.03288 -0.15865 0.11072 -0.11561
target: 0.00000 -0.11530
dist/lin/ang/drive_left/drive_right/tv_l/tv_r/av_l/av_r/x/y/theta/t_err: -0.11505 0.00000 -0.88144 0.12577 -0.19153 0.16339 -0.17642 0.16339 -0.17642 0 0 141.59192 -0.11505
fb: -0.02714 -0.16520 -0.04464 0.04953
fb: -0.02714 -0.16729 -0.04464 0.04953
target: 0.00000 -0.09039
dist/lin/ang/drive_left/drive_right/tv_l/tv_r/av_l/av_r/x/y/theta/t_err: -0.09054 0.00000 -0.69101 0.14015 -0.19443 0.06056 -0.09719 0.06056 -0.09719 0 0 140.18742 -0.09054
fb: -0.04479 -0.16541 -0.09055 0.09545
fb: -0.04479 -0.16053 -0.09055 0.09545
target: 0.00000 -0.06467
dist/lin/ang/drive_left/drive_right/tv_l/tv_r/av_l/av_r/x/y/theta/t_err: -0.06503 0.00000 -0.49439 0.11574 -0.20533 -0.04431 0.03933 -0.04431 0.03933 0 0 138.72618 -0.06503
fb: -0.02714 -0.15433 -0.11144 0.11633
fb: -0.02714 -0.14681 -0.11144 0.11633
target: 0.00000 -0.04018
dist/lin/ang/drive_left/drive_right/tv_l/tv_r/av_l/av_r/x/y/theta/t_err: -0.04069 0.00000 -0.30720 0.11967 -0.17395 -0.09208 0.08658 -0.09208 0.08658 0 0 137.33116 -0.04069
fb: -0.00772 -0.13224 -0.12229 0.12718
fb: -0.00772 -0.10605 -0.12229 0.12718
target: 0.00000 -0.01826
dist/lin/ang/drive_left/drive_right/tv_l/tv_r/av_l/av_r/x/y/theta/t_err: -0.01884 0.00000 -0.13961 0.09832 -0.11377 -0.10781 0.10572 -0.10781 0.10572 0 0 136.07948 -0.01884
fb: -0.00772 -0.06800 -0.12544 0.13033
fb: -0.00772 -0.02313 -0.12544 0.13033
target: 0.00000 -0.00372
dist/lin/ang/drive_left/drive_right/tv_l/tv_r/av_l/av_r/x/y/theta/t_err: -0.00417 0.00000 -0.02841 0.01541 -0.03086 -0.11397 0.11531 -0.11397 0.11531 0 0 135.23869 -0.00417
fb: -0.00375 0.01303 -0.10199 0.10689
fb: -0.00375 0.03407 -0.10199 0.10689
target: 0.00000 -0.00186
dist/lin/ang/drive_left/drive_right/tv_l/tv_r/av_l/av_r/x/y/theta/t_err: -0.00192 0.00000 -0.01419 -0.03782 0.03032 -0.11039 0.11603 -0.11039 0.11603 0 0 135.10975 -0.00192
fb: 0.00375 0.04829 -0.04615 0.05105
fb: 0.00375 0.05679 -0.04615 0.05105
final error was -0.43609
position: 0.34194 -1.15145 135.43609
took 0.78000 time to finish turn
target: 0.00000 0.15697
dist/lin/ang/drive_left/drive_right/tv_l/tv_r/av_l/av_r/x/y/theta/t_err: 2.35619 0.00000 1.20000 0.00000 0.00000 -0.00017 -0.00017 -0.00017 -0.00017 0 0 0.00011 2.35619
fb: 0.00000 0.00000 -0.85057 0.85546
fb: 0.00000 0.00000 -0.85057 0.85546
target: 0.00000 0.31394
dist/lin/ang/drive_left/drive_right/tv_l/tv_r/av_l/av_r/x/y/theta/t_err: 2.35619 0.00000 2.40000 0.00000 0.00000 -0.05750 -0.00017 -0.05750 -0.00017 0 0 0.00011 2.35619
fb: 0.00000 0.00000 -1.00000 1.00000
fb: 0.00000 0.00000 -1.00000 1.00000
target: 0.00000 0.47092
dist/lin/ang/drive_left/drive_right/tv_l/tv_r/av_l/av_r/x/y/theta/t_err: 2.35619 0.00000 3.60000 0.00000 0.00000 -0.48372 0.44094 -0.48372 0.44094 0 0 0.00009 2.35619
fb: 0.00177 0.03742 -1.00000 1.00000
fb: 0.00177 0.09636 -1.00000 1.00000
target: 0.00000 0.62789
dist/lin/ang/drive_left/drive_right/tv_l/tv_r/av_l/av_r/x/y/theta/t_err: 2.35440 0.00000 4.80000 -0.09460 0.09813 -0.50697 0.41017 -0.50697 0.41017 0 0 0.10267 2.35440
fb: 0.00000 0.14625 -1.00000 1.00000
fb: 0.00000 0.19621 -1.00000 1.00000
target: 0.00000 0.78486
dist/lin/ang/drive_left/drive_right/tv_l/tv_r/av_l/av_r/x/y/theta/t_err: 2.33803 0.00000 6.00000 -0.19621 0.19621 -0.59150 0.59322 -0.59150 0.59322 0 0 1.04073 2.33803
fb: 0.00199 0.24916 -1.00000 1.00000
fb: 0.00199 0.29807 -1.00000 1.00000
target: 0.00000 0.78486
dist/lin/ang/drive_left/drive_right/tv_l/tv_r/av_l/av_r/x/y/theta/t_err: 2.30601 0.00000 6.00000 -0.29609 0.30006 -0.69847 0.64611 -0.69847 0.64611 0 0 2.87549 2.30601
fb: 0.00000 0.35124 -0.78169 0.78659
fb: 0.00000 0.40558 -0.75452 0.75941
target: 0.00000 0.78486
dist/lin/ang/drive_left/drive_right/tv_l/tv_r/av_l/av_r/x/y/theta/t_err: 2.25852 0.00000 6.00000 -0.40558 0.40558 -0.60794 0.69450 -0.60794 0.69450 0 0 5.59651 2.25852
fb: 0.00000 0.45930 -0.72766 0.73255
fb: 0.00000 0.50390 -0.70536 0.71026
target: 0.00000 0.78486
dist/lin/ang/drive_left/drive_right/tv_l/tv_r/av_l/av_r/x/y/theta/t_err: 2.19464 0.00000 6.00000 -0.50390 0.50390 -0.53369 0.48939 -0.53369 0.48939 0 0 9.25655 2.19464
fb: 0.00000 0.52710 -0.69376 0.69865
fb: 0.00000 0.55058 -0.68202 0.68691
target: 0.00000 0.78486
dist/lin/ang/drive_left/drive_right/tv_l/tv_r/av_l/av_r/x/y/theta/t_err: 2.11720 0.00000 6.00000 -0.55058 0.55058 -0.53678 0.54378 -0.53678 0.54378 0 0 13.69313 2.11720
fb: 0.00000 0.58089 -0.66687 0.67176
fb: 0.00000 0.60952 -0.65255 0.65744
target: 0.00000 0.78486
dist/lin/ang/drive_left/drive_right/tv_l/tv_r/av_l/av_r/x/y/theta/t_err: 2.03199 0.00000 6.00000 -0.60952 0.60952 -0.57150 0.54394 -0.57150 0.54394 0 0 18.57568 2.03199
fb: 0.00000 0.64018 -0.63722 0.64211
fb: -0.05803 0.67112 -0.62175 0.62664
target: 0.00000 0.78486
dist/lin/ang/drive_left/drive_right/tv_l/tv_r/av_l/av_r/x/y/theta/t_err: 1.93779 0.00000 6.00000 -0.72914 0.61309 -0.56928 0.54361 -0.56928 0.54361 0 0 23.97256 1.93779
fb: -0.05803 0.69627 -0.60917 0.61407
fb: -0.07369 0.72128 -0.59667 0.60156
target: 0.00000 0.78486
dist/lin/ang/drive_left/drive_right/tv_l/tv_r/av_l/av_r/x/y/theta/t_err: 1.83456 0.00000 6.00000 -0.79497 0.64759 -0.58775 0.55011 -0.58775 0.55011 0 0 29.88749 1.83456
fb: -0.07369 0.74755 -0.58353 0.58843
fb: 0.00000 0.77180 -0.57141 0.57630
target: 0.00000 0.78486
dist/lin/ang/drive_left/drive_right/tv_l/tv_r/av_l/av_r/x/y/theta/t_err: 1.72347 0.00000 6.00000 -0.77180 0.77180 -0.57442 0.56039 -0.57442 0.56039 0 0 36.25225 1.72347
fb: 0.00000 0.79277 -0.56092 0.56582
fb: 0.00000 0.81277 -0.55093 0.55582
target: 0.00000 0.78486
dist/lin/ang/drive_left/drive_right/tv_l/tv_r/av_l/av_r/x/y/theta/t_err: 1.60498 0.00000 6.00000 -0.81277 0.81277 -0.56142 0.55014 -0.56142 0.55014 0 0 43.04141 1.60498
fb: 0.00000 0.83158 -0.54152 0.54641
fb: 0.00000 0.84447 -0.53507 0.53997
target: 0.00000 0.78486
dist/lin/ang/drive_left/drive_right/tv_l/tv_r/av_l/av_r/x/y/theta/t_err: 1.48023 0.00000 6.00000 -0.84447 0.84447 -0.54003 0.53319 -0.54003 0.53319 0 0 50.18898 1.48023
fb: 0.00000 0.85680 -0.52891 0.53380
fb: 0.00000 0.86711 -0.52375 0.52865
target: 0.00000 0.78486
dist/lin/ang/drive_left/drive_right/tv_l/tv_r/av_l/av_r/x/y/theta/t_err: 1.35084 0.00000 6.00000 -0.86711 0.86711 -0.52461 0.51878 -0.52461 0.51878 0 0 57.60285 1.35084
fb: 0.00000 0.87582 -0.51940 0.52429
fb: 0.00000 0.88328 -0.51567 0.52056
target: 0.00000 0.78486
dist/lin/ang/drive_left/drive_right/tv_l/tv_r/av_l/av_r/x/y/theta/t_err: 1.21812 0.00000 6.00000 -0.88328 0.88328 -0.51317 0.50783 -0.51317 0.50783 0 0 65.20688 1.21812
fb: 0.00000 0.88774 -0.51344 0.51833
fb: 0.00000 0.89505 -0.50978 0.51468
target: 0.00000 0.78486
dist/lin/ang/drive_left/drive_right/tv_l/tv_r/av_l/av_r/x/y/theta/t_err: 1.08301 0.00000 6.00000 -0.89505 0.89505 -0.50325 0.50322 -0.50325 0.50322 0 0 72.94792 1.08301
fb: 0.00000 0.89749 -0.50856 0.51346
fb: 0.00000 0.89854 -0.50804 0.51293
target: 0.00000 0.78486
dist/lin/ang/drive_left/drive_right/tv_l/tv_r/av_l/av_r/x/y/theta/t_err: 0.94617 0.00000 6.00000 -0.89854 0.89854 -0.49675 0.49761 -0.49675 0.49761 0 0 80.78842 0.94617
fb: 0.00000 0.90230 -0.50616 0.51105
fb: 0.00000 0.90209 -0.50626 0.51116
target: 0.00000 0.78486
dist/lin/ang/drive_left/drive_right/tv_l/tv_r/av_l/av_r/x/y/theta/t_err: 0.80849 0.00000 6.00000 -0.90209 0.90209 -0.49128 0.49450 -0.49128 0.49450 0 0 88.67699 0.80849
fb: 0.00000 0.90300 -0.50581 0.51070
fb: 0.00000 0.90404 -0.50529 0.51018
target: 0.00000 0.67080
dist/lin/ang/drive_left/drive_right/tv_l/tv_r/av_l/av_r/x/y/theta/t_err: 0.67046 0.00000 5.12802 -0.90404 0.90404 -0.49144 0.49539 -0.49144 0.49539 0 0 96.58561 0.67046
fb: 0.00000 0.90202 0.21849 -0.22339
fb: -1.09558 0.90181 0.76618 0.41234
target: 0.00000 0.53150
dist/lin/ang/drive_left/drive_right/tv_l/tv_r/av_l/av_r/x/y/theta/t_err: 0.53217 0.00000 4.06311 -1.99739 -0.19376 -0.49178 0.31106 -0.49178 0.31106 0 0 104.50909 0.53217
fb: -1.09558 0.90153 1.00000 0.13594
fb: -0.12024 0.89164 0.48984 -0.49474
target: 0.00000 0.39242
dist/lin/ang/drive_left/drive_right/tv_l/tv_r/av_l/av_r/x/y/theta/t_err: 0.39409 0.00000 2.99995 -1.01188 0.77140 0.21953 0.13892 0.21953 0.13892 0 0 112.42046 0.39409
fb: -0.12024 0.87004 0.64073 -0.64562
fb: -0.11649 0.81848 0.61495 -0.61984
target: 0.00000 0.25572
dist/lin/ang/drive_left/drive_right/tv_l/tv_r/av_l/av_r/x/y/theta/t_err: 0.25829 0.00000 1.95489 -0.93497 0.70199 0.31708 -0.14458 0.31708 -0.14458 0 0 120.20102 0.25829
fb: -0.11649 0.75041 0.73021 -0.73510
fb: -0.04457 0.67195 0.69098 -0.69587
target: 0.00000 0.13265
dist/lin/ang/drive_left/drive_right/tv_l/tv_r/av_l/av_r/x/y/theta/t_err: 0.13568 0.00000 1.01410 -0.71652 0.62738 0.23083 -0.31586 0.23083 -0.31586 0 0 127.22602 0.13568
fb: -0.04457 0.57852 0.72687 -0.73177
fb: -0.08340 0.48996 0.68259 -0.68749
target: 0.00000 0.03335
dist/lin/ang/drive_left/drive_right/tv_l/tv_r/av_l/av_r/x/y/theta/t_err: 0.03633 0.00000 0.25494 -0.57336 0.40656 0.27772 -0.31656 0.27772 -0.31656 0 0 132.91820 0.03633
fb: -0.08340 0.40712 0.65044 -0.65533
fb: -0.14740 0.33103 0.61240 -0.61729
target: 0.00000 -0.03835
dist/lin/ang/drive_left/drive_right/tv_l/tv_r/av_l/av_r/x/y/theta/t_err: -0.03573 0.00000 -0.29316 -0.47843 0.18363 0.29414 -0.31894 0.29414 -0.31894 0 0 137.04731 -0.03573
fb: -0.14740 0.25599 0.53452 -0.53941
fb: -0.12202 0.18032 0.38735 -0.39224
target: 0.00000 -0.08584
dist/lin/ang/drive_left/drive_right/tv_l/tv_r/av_l/av_r/x/y/theta/t_err: -0.08367 0.00000 -0.65621 -0.30234 0.05830 0.30097 -0.32114 0.30097 -0.32114 0 0 139.79370 -0.08367
fb: -0.12202 0.10291 0.31024 -0.31514
fb: -0.06399 0.03365 0.31024 -0.31514
target: 0.00000 -0.10987
dist/lin/ang/drive_left/drive_right/tv_l/tv_r/av_l/av_r/x/y/theta/t_err: -0.10828 0.00000 -0.83993 -0.09764 -0.03034 0.25925 -0.31978 0.25925 -0.31978 0 0 141.20415 -0.10828
fb: -0.06399 -0.02341 0.22078 -0.22568
fb: -0.02913 -0.07218 0.22078 -0.22568
target: 0.00000 -0.11234
dist/lin/ang/drive_left/drive_right/tv_l/tv_r/av_l/av_r/x/y/theta/t_err: -0.11143 0.00000 -0.85879 0.04306 -0.10131 0.26642 -0.27736 0.26642 -0.27736 0 0 141.38440 -0.11143
fb: -0.02913 -0.10939 0.12539 -0.13028
fb: -0.02339 -0.13162 0.12539 -0.13028
target: 0.00000 -0.09935
dist/lin/ang/drive_left/drive_right/tv_l/tv_r/av_l/av_r/x/y/theta/t_err: -0.09904 0.00000 -0.75951 0.10823 -0.15501 0.19489 -0.19986 0.19489 -0.19986 0 0 140.67455 -0.09904
fb: -0.02339 -0.14116 0.04715 -0.05204
fb: -0.06002 -0.14757 0.04715 -0.05204
target: 0.00000 -0.07851
dist/lin/ang/drive_left/drive_right/tv_l/tv_r/av_l/av_r/x/y/theta/t_err: -0.07861 0.00000 -0.60017 0.08755 -0.20759 0.10983 -0.12200 0.10983 -0.12200 0 0 139.50391 -0.07861
fb: -0.06002 -0.14883 -0.08021 0.08511
fb: -0.05230 -0.14569 -0.08021 0.08511
target: 0.00000 -0.05564
dist/lin/ang/drive_left/drive_right/tv_l/tv_r/av_l/av_r/x/y/theta/t_err: -0.05598 0.00000 -0.42536 0.09340 -0.19799 0.01950 -0.03183 0.01950 -0.03183 0 0 138.20723 -0.05598
fb: -0.05230 -0.14088 -0.10464 0.10954
fb: -0.00397 -0.13510 -0.10464 0.10954
target: 0.00000 -0.03343
dist/lin/ang/drive_left/drive_right/tv_l/tv_r/av_l/av_r/x/y/theta/t_err: -0.03391 0.00000 -0.25556 0.13113 -0.13907 -0.07717 0.07581 -0.07717 0.07581 0 0 136.94269 -0.03391
fb: -0.00397 -0.12960 -0.11658 0.12147
fb: -0.00397 -0.11747 -0.11658 0.12147
target: 0.00000 -0.01282
dist/lin/ang/drive_left/drive_right/tv_l/tv_r/av_l/av_r/x/y/theta/t_err: -0.01339 0.00000 -0.09798 0.11350 -0.12145 -0.10081 0.09858 -0.10081 0.09858 0 0 135.76726 -0.01339
fb: -0.00397 -0.09232 -0.12319 0.12809
fb: 0.00000 -0.05302 -0.12319 0.12809
target: 0.00000 0.00415
dist/lin/ang/drive_left/drive_right/tv_l/tv_r/av_l/av_r/x/y/theta/t_err: 0.00357 0.00000 0.03172 0.05302 -0.05302 -0.10747 0.11258 -0.10747 0.11258 0 0 134.79555 0.00357
fb: 0.00000 -0.01178 -0.11815 0.12304
fb: 0.00000 0.01763 -0.11815 0.12304
final error was 0.57866
position: 0.61442 -1.37541 134.42134
took 0.74000 time to finish turn
decreased to 90.00000
target: 0.00000 0.15697
dist/lin/ang/drive_left/drive_right/tv_l/tv_r/av_l/av_r/x/y/theta/t_err: 1.57080 0.00000 1.20000 0.00000 0.00000 0.00017 -0.00017 0.00017 -0.00017 0 0 0.00000 1.57080
fb: 0.00000 0.00000 -0.85057 0.85546
fb: 0.00000 0.00000 -0.85057 0.85546
target: 0.00000 0.31394
dist/lin/ang/drive_left/drive_right/tv_l/tv_r/av_l/av_r/x/y/theta/t_err: 1.57080 0.00000 2.40000 0.00000 0.00000 -0.02825 0.02756 -0.02825 0.02756 0 0 0.00007 1.57080
fb: 0.00000 0.00000 -1.00000 1.00000
fb: 0.00000 0.00321 -1.00000 1.00000
target: 0.00000 0.47092
dist/lin/ang/drive_left/drive_right/tv_l/tv_r/av_l/av_r/x/y/theta/t_err: 1.57079 0.00000 3.60000 -0.00321 0.00321 -0.50750 0.39594 -0.50750 0.39594 0 0 0.00033 1.57079
fb: 0.00000 0.05602 -1.00000 1.00000
fb: 0.00000 0.11935 -1.00000 1.00000
target: 0.00000 0.62789
dist/lin/ang/drive_left/drive_right/tv_l/tv_r/av_l/av_r/x/y/theta/t_err: 1.56758 0.00000 4.80000 -0.11935 0.11935 -0.45361 0.50733 -0.45361 0.50733 0 0 0.18433 1.56758
fb: 0.00000 0.16499 -1.00000 1.00000
fb: 0.00199 0.21843 -1.00000 1.00000
target: 0.00000 0.78486
dist/lin/ang/drive_left/drive_right/tv_l/tv_r/av_l/av_r/x/y/theta/t_err: 1.54809 0.00000 6.00000 -0.21645 0.22042 -0.64097 0.57836 -0.64097 0.57836 0 0 1.30107 1.54809
fb: 0.00199 0.26853 -1.00000 1.00000
fb: 0.00000 0.32302 -1.00000 1.00000
target: 0.00000 0.78486
dist/lin/ang/drive_left/drive_right/tv_l/tv_r/av_l/av_r/x/y/theta/t_err: 1.51292 0.00000 6.00000 -0.32302 0.32302 -0.69522 0.63839 -0.69522 0.63839 0 0 3.31599 1.51292
fb: 0.00000 0.37702 -0.76880 0.77370
fb: 0.00000 0.42892 -0.74285 0.74774
target: 0.00000 0.78486
dist/lin/ang/drive_left/drive_right/tv_l/tv_r/av_l/av_r/x/y/theta/t_err: 1.46163 0.00000 6.00000 -0.42892 0.42892 -0.61411 0.63156 -0.61411 0.63156 0 0 6.25469 1.46163
fb: 0.00000 0.48167 -0.71647 0.72137
fb: -0.00397 0.51839 -0.69812 0.70301
target: 0.00000 0.78486
dist/lin/ang/drive_left/drive_right/tv_l/tv_r/av_l/av_r/x/y/theta/t_err: 1.39421 0.00000 6.00000 -0.52236 0.51442 -0.43186 0.54278 -0.43186 0.54278 0 0 10.11773 1.39421
fb: -0.00397 0.53629 -0.68916 0.69406
fb: 0.00000 0.56458 -0.67502 0.67991
target: 0.00000 0.78486
dist/lin/ang/drive_left/drive_right/tv_l/tv_r/av_l/av_r/x/y/theta/t_err: 1.31464 0.00000 6.00000 -0.56458 0.56458 -0.52717 0.54822 -0.52717 0.54822 0 0 14.67650 1.31464
fb: 0.00000 0.59566 -0.65948 0.66437
fb: 0.00000 0.62638 -0.64412 0.64901
target: 0.00000 0.78486
dist/lin/ang/drive_left/drive_right/tv_l/tv_r/av_l/av_r/x/y/theta/t_err: 1.22737 0.00000 6.00000 -0.62638 0.62638 -0.46456 0.55253 -0.46456 0.55253 0 0 19.67666 1.22737
fb: 0.00000 0.65544 -0.62959 0.63448
fb: 0.00199 0.67920 -0.61771 0.62260
target: 0.00000 0.78486
dist/lin/ang/drive_left/drive_right/tv_l/tv_r/av_l/av_r/x/y/theta/t_err: 1.13082 0.00000 6.00000 -0.67721 0.68118 -0.54875 0.54394 -0.54875 0.54394 0 0 25.20857 1.13082
fb: 0.00199 0.69704 -0.60879 0.61368
fb: 0.00000 0.72247 -0.59608 0.60097
target: 0.00000 0.78486
dist/lin/ang/drive_left/drive_right/tv_l/tv_r/av_l/av_r/x/y/theta/t_err: 1.02667 0.00000 6.00000 -0.72247 0.72247 -0.57972 0.56092 -0.57972 0.56092 0 0 31.17620 1.02667
fb: 0.00000 0.75117 -0.58172 0.58662
fb: 0.00000 0.77382 -0.57040 0.57529
target: 0.00000 0.78486
dist/lin/ang/drive_left/drive_right/tv_l/tv_r/av_l/av_r/x/y/theta/t_err: 0.91535 0.00000 6.00000 -0.77382 0.77382 -0.57339 0.57303 -0.57339 0.57303 0 0 37.55453 0.91535
fb: 0.00000 0.79688 -0.55887 0.56376
fb: -0.01743 0.81771 -0.54845 0.55335
target: 0.00000 0.78486
dist/lin/ang/drive_left/drive_right/tv_l/tv_r/av_l/av_r/x/y/theta/t_err: 0.79645 0.00000 6.00000 -0.83514 0.80029 -0.56006 0.55389 -0.56006 0.55389 0 0 44.36680 0.79645
fb: -0.01743 0.83276 -0.54093 0.54582
fb: -0.06023 0.84761 -0.53351 0.53840
target: 0.00000 0.67195
dist/lin/ang/drive_left/drive_right/tv_l/tv_r/av_l/av_r/x/y/theta/t_err: 0.67119 0.00000 5.13687 -0.90784 0.78738 -0.53386 0.53917 -0.53386 0.53917 0 0 51.54351 0.67119
fb: -0.06023 0.86036 0.19109 -0.19599
fb: -0.07942 0.87185 0.19684 -0.20174
target: 0.00000 0.54105
dist/lin/ang/drive_left/drive_right/tv_l/tv_r/av_l/av_r/x/y/theta/t_err: 0.54138 0.00000 4.13617 -0.95128 0.79243 -0.25736 0.43425 -0.25736 0.43425 0 0 58.98122 0.54138
fb: -0.07942 0.88035 0.43522 -0.44012
fb: -0.10854 0.87325 0.43167 -0.43656
target: 0.00000 0.40655
dist/lin/ang/drive_left/drive_right/tv_l/tv_r/av_l/av_r/x/y/theta/t_err: 0.40796 0.00000 3.10794 -0.98179 0.76470 0.16750 -0.10419 0.16750 -0.10419 0 0 66.62557 0.40796
fb: -0.10854 0.84022 0.58873 -0.59362
fb: -0.13193 0.76957 0.55340 -0.55830
target: 0.00000 0.27371
dist/lin/ang/drive_left/drive_right/tv_l/tv_r/av_l/av_r/x/y/theta/t_err: 0.27602 0.00000 2.09240 -0.90150 0.63763 0.34767 -0.33983 0.34767 -0.33983 0 0 74.18501 0.27602
fb: -0.13193 0.68672 0.65994 -0.66484
fb: -0.12598 0.61127 0.62221 -0.62711
target: 0.00000 0.15930
dist/lin/ang/drive_left/drive_right/tv_l/tv_r/av_l/av_r/x/y/theta/t_err: 0.16187 0.00000 1.21783 -0.73725 0.48528 0.27533 -0.29550 0.27533 -0.29550 0 0 80.72572 0.16187
fb: -0.12598 0.53845 0.63667 -0.64156
fb: -0.12798 0.46300 0.59894 -0.60383
target: 0.00000 0.06862
dist/lin/ang/drive_left/drive_right/tv_l/tv_r/av_l/av_r/x/y/theta/t_err: 0.07107 0.00000 0.52457 -0.59097 0.33502 0.32217 -0.31978 0.32217 -0.31978 0 0 85.92778 0.07107
fb: -0.12798 0.38726 0.56046 -0.56535
fb: -0.07370 0.31034 0.40114 -0.40603
target: 0.00000 0.00093
dist/lin/ang/drive_left/drive_right/tv_l/tv_r/av_l/av_r/x/y/theta/t_err: 0.00313 0.00000 0.00708 -0.38403 0.23664 0.21286 -0.29722 0.21286 -0.29722 0 0 89.82089 0.00313
fb: -0.07370 0.23488 0.34302 -0.34791
fb: -0.05053 0.16116 0.34302 -0.34791
target: 0.00000 -0.04324
dist/lin/ang/drive_left/drive_right/tv_l/tv_r/av_l/av_r/x/y/theta/t_err: -0.04148 0.00000 -0.33052 -0.21169 0.11063 0.26436 -0.30714 0.26436 -0.30714 0 0 92.37647 -0.04148
fb: -0.05053 0.08389 0.26672 -0.27162
fb: -0.06774 0.01407 0.26672 -0.27162
target: 0.00000 -0.06429
dist/lin/ang/drive_left/drive_right/tv_l/tv_r/av_l/av_r/x/y/theta/t_err: -0.06313 0.00000 -0.49149 -0.08182 -0.05367 0.30408 -0.30061 0.30408 -0.30061 0 0 93.61690 -0.06313
fb: -0.06774 -0.03776 0.17685 -0.18174
fb: -0.01942 -0.07567 0.17685 -0.18174
target: 0.00000 -0.06399
dist/lin/ang/drive_left/drive_right/tv_l/tv_r/av_l/av_r/x/y/theta/t_err: -0.06352 0.00000 -0.48920 0.05625 -0.09509 0.23358 -0.24400 0.23358 -0.24400 0 0 93.63940 -0.06352
fb: -0.01942 -0.09936 0.08055 -0.08544
fb: -0.01942 -0.11455 0.08055 -0.08544
target: 0.00000 -0.05114
dist/lin/ang/drive_left/drive_right/tv_l/tv_r/av_l/av_r/x/y/theta/t_err: -0.05117 0.00000 -0.39092 0.09513 -0.13396 0.15317 -0.16153 0.15317 -0.16153 0 0 92.93182 -0.05117
fb: -0.01942 -0.12381 -0.06261 0.06751
fb: -0.01942 -0.12855 -0.06261 0.06751
target: 0.00000 -0.03302
dist/lin/ang/drive_left/drive_right/tv_l/tv_r/av_l/av_r/x/y/theta/t_err: -0.03336 0.00000 -0.25245 0.10913 -0.14797 0.03506 -0.07358 0.03506 -0.07358 0 0 91.91163 -0.03336
fb: -0.01942 -0.12583 -0.09841 0.10330
fb: -0.01942 -0.12068 -0.09841 0.10330
target: 0.00000 -0.01334
dist/lin/ang/drive_left/drive_right/tv_l/tv_r/av_l/av_r/x/y/theta/t_err: -0.01388 0.00000 -0.10198 0.10126 -0.14010 -0.06467 0.05356 -0.06467 0.05356 0 0 90.79510 -0.01388
fb: -0.01942 -0.11413 -0.11866 0.12355
fb: -0.01942 -0.10660 -0.11866 0.12355
target: 0.00000 0.00494
dist/lin/ang/drive_left/drive_right/tv_l/tv_r/av_l/av_r/x/y/theta/t_err: 0.00431 0.00000 0.03774 0.08719 -0.12602 -0.09772 0.09875 -0.09772 0.09875 0 0 89.75299 0.00431
fb: -0.01942 -0.09225 -0.12458 0.12947
fb: 0.00000 -0.06159 -0.12458 0.12947
final error was 1.14408
position: -0.13581 -0.70904 88.85592
took 0.58000 time to finish turn
increased to 135.00000
increased to 180.00000
target: 0.00000 0.15697
dist/lin/ang/drive_left/drive_right/tv_l/tv_r/av_l/av_r/x/y/theta/t_err: 3.14159 0.00000 1.20000 0.00000 0.00000 0.00000 -0.00017 0.00000 -0.00017 0 0 0.00022 3.14159
fb: 0.00000 0.00000 -0.85057 0.85546
fb: 0.00000 0.00000 -0.85057 0.85546
target: 0.00000 0.31394
dist/lin/ang/drive_left/drive_right/tv_l/tv_r/av_l/av_r/x/y/theta/t_err: 3.14159 0.00000 2.40000 0.00000 0.00000 -0.07050 0.00000 -0.07050 0.00000 0 0 0.00022 3.14159
fb: 0.00000 0.00000 -1.00000 1.00000
fb: 0.00397 0.01400 -1.00000 1.00000
target: 0.00000 0.47092
dist/lin/ang/drive_left/drive_right/tv_l/tv_r/av_l/av_r/x/y/theta/t_err: 3.14160 0.00000 3.60000 -0.01003 0.01798 -0.36636 0.47600 -0.36636 0.47600 0 0 -0.00041 3.14160
fb: 0.00397 0.06292 -1.00000 1.00000
fb: 0.00375 0.12367 -1.00000 1.00000
target: 0.00000 0.62789
dist/lin/ang/drive_left/drive_right/tv_l/tv_r/av_l/av_r/x/y/theta/t_err: 3.13729 0.00000 4.80000 -0.11992 0.12743 -0.45822 0.38344 -0.45822 0.38344 0 0 0.24661 3.13729
fb: 0.00375 0.17071 -1.00000 1.00000
fb: 0.00199 0.20798 -1.00000 1.00000
target: 0.00000 0.78486
dist/lin/ang/drive_left/drive_right/tv_l/tv_r/av_l/av_r/x/y/theta/t_err: 3.11693 0.00000 6.00000 -0.20600 0.20997 -0.55267 0.55800 -0.55267 0.55800 0 0 1.41292 3.11693
fb: 0.00199 0.25822 -1.00000 1.00000
fb: 0.00000 0.31793 -1.00000 1.00000
target: 0.00000 0.78486
dist/lin/ang/drive_left/drive_right/tv_l/tv_r/av_l/av_r/x/y/theta/t_err: 3.08308 0.00000 6.00000 -0.31793 0.31793 -0.65172 0.60350 -0.65172 0.60350 0 0 3.35234 3.08308
fb: 0.00000 0.37569 -0.76946 0.77436
fb: 0.00000 0.42426 -0.74518 0.75008
target: 0.00000 0.78486
dist/lin/ang/drive_left/drive_right/tv_l/tv_r/av_l/av_r/x/y/theta/t_err: 3.03246 0.00000 6.00000 -0.42426 0.42426 -0.53933 0.63894 -0.53933 0.63894 0 0 6.25260 3.03246
fb: 0.00000 0.47150 -0.72156 0.72646
fb: 0.00000 0.49553 -0.70954 0.71444
target: 0.00000 0.78486
dist/lin/ang/drive_left/drive_right/tv_l/tv_r/av_l/av_r/x/y/theta/t_err: 2.96593 0.00000 6.00000 -0.49553 0.49553 -0.48233 0.36258 -0.48233 0.36258 0 0 10.06447 2.96593
fb: 0.00000 0.50891 -0.70285 0.70775
fb: -0.02913 0.52793 -0.69334 0.69824
target: 0.00000 0.78486
dist/lin/ang/drive_left/drive_right/tv_l/tv_r/av_l/av_r/x/y/theta/t_err: 2.88991 0.00000 6.00000 -0.55706 0.49881 -0.60144 0.54103 -0.60144 0.54103 0 0 14.42008 2.88991
fb: -0.02913 0.56549 -0.67457 0.67946
fb: -0.06200 0.60945 -0.65258 0.65748
target: 0.00000 0.78486
dist/lin/ang/drive_left/drive_right/tv_l/tv_r/av_l/av_r/x/y/theta/t_err: 2.80780 0.00000 6.00000 -0.67145 0.54745 -0.48797 0.50717 -0.48797 0.50717 0 0 19.12500 2.80780
fb: -0.06200 0.64359 -0.63551 0.64041
fb: -0.05626 0.66464 -0.62499 0.62988
target: 0.00000 0.78486
dist/lin/ang/drive_left/drive_right/tv_l/tv_r/av_l/av_r/x/y/theta/t_err: 2.71374 0.00000 6.00000 -0.72090 0.60837 -0.55164 0.55628 -0.55164 0.55628 0 0 24.51388 2.71374
fb: -0.05626 0.69028 -0.61217 0.61706
fb: -0.07369 0.71675 -0.59893 0.60383
target: 0.00000 0.78486
dist/lin/ang/drive_left/drive_right/tv_l/tv_r/av_l/av_r/x/y/theta/t_err: 2.61139 0.00000 6.00000 -0.79045 0.64306 -0.58847 0.56347 -0.58847 0.56347 0 0 30.37853 2.61139
fb: -0.07369 0.74288 -0.58587 0.59076
fb: -0.08340 0.76553 -0.57455 0.57944
target: 0.00000 0.78486
dist/lin/ang/drive_left/drive_right/tv_l/tv_r/av_l/av_r/x/y/theta/t_err: 2.50112 0.00000 6.00000 -0.84893 0.68213 -0.57919 0.57236 -0.57919 0.57236 0 0 36.69648 2.50112
fb: -0.08340 0.78761 -0.56350 0.56840
fb: -0.07369 0.80796 -0.55333 0.55822
target: 0.00000 0.78486
dist/lin/ang/drive_left/drive_right/tv_l/tv_r/av_l/av_r/x/y/theta/t_err: 2.38355 0.00000 6.00000 -0.88165 0.73427 -0.56278 0.55456 -0.56278 0.55456 0 0 43.43261 2.38355
fb: -0.07369 0.82747 -0.54357 0.54847
fb: -0.08715 0.84294 -0.53584 0.54073
target: 0.00000 0.78486
dist/lin/ang/drive_left/drive_right/tv_l/tv_r/av_l/av_r/x/y/theta/t_err: 2.25959 0.00000 6.00000 -0.93008 0.75579 -0.54139 0.53350 -0.54139 0.53350 0 0 50.53511 2.25959
fb: -0.08715 0.85666 -0.52898 0.53387
fb: -0.07942 0.86767 -0.52347 0.52837
target: 0.00000 0.78486
dist/lin/ang/drive_left/drive_right/tv_l/tv_r/av_l/av_r/x/y/theta/t_err: 2.13047 0.00000 6.00000 -0.94710 0.78825 -0.52514 0.52411 -0.52514 0.52411 0 0 57.93317 2.13047
fb: -0.07942 0.87485 -0.51988 0.52478
fb: -0.10104 0.88279 -0.51591 0.52081
target: 0.00000 0.78486
dist/lin/ang/drive_left/drive_right/tv_l/tv_r/av_l/av_r/x/y/theta/t_err: 1.99785 0.00000 6.00000 -0.98383 0.78175 -0.51078 0.50819 -0.51078 0.50819 0 0 65.53137 1.99785
fb: -0.10104 0.88746 -0.51358 0.51847
fb: -0.11031 0.89296 -0.51083 0.51572
target: 0.00000 0.78486
dist/lin/ang/drive_left/drive_right/tv_l/tv_r/av_l/av_r/x/y/theta/t_err: 1.86292 0.00000 6.00000 -1.00327 0.78266 -0.50306 0.50392 -0.50306 0.50392 0 0 73.26253 1.86292
fb: -0.11031 0.89798 -0.50832 0.51321
fb: -0.09133 0.90153 -0.50654 0.51144
target: 0.00000 0.78486
dist/lin/ang/drive_left/drive_right/tv_l/tv_r/av_l/av_r/x/y/theta/t_err: 1.72634 0.00000 6.00000 -0.99287 0.81020 -0.49742 0.49844 -0.49742 0.49844 0 0 81.08813 1.72634
fb: -0.09133 0.90439 -0.50511 0.51001
fb: -0.08913 0.90467 -0.50497 0.50987
target: 0.00000 0.78486
dist/lin/ang/drive_left/drive_right/tv_l/tv_r/av_l/av_r/x/y/theta/t_err: 1.58847 0.00000 6.00000 -0.99380 0.81554 -0.49178 0.49572 -0.49178 0.49572 0 0 88.98736 1.58847
fb: -0.08913 0.90244 -0.50609 0.51098
fb: -0.13568 0.90349 -0.50557 0.51046
target: 0.00000 0.78486
dist/lin/ang/drive_left/drive_right/tv_l/tv_r/av_l/av_r/x/y/theta/t_err: 1.45034 0.00000 6.00000 -1.03916 0.76781 -0.49211 0.48594 -0.49211 0.48594 0 0 96.90147 1.45034
fb: -0.13568 0.90167 -0.50647 0.51137
fb: -0.14936 0.90119 -0.50672 0.51161
target: 0.00000 0.78486
dist/lin/ang/drive_left/drive_right/tv_l/tv_r/av_l/av_r/x/y/theta/t_err: 1.31230 0.00000 6.00000 -1.05054 0.75183 -0.49161 0.49347 -0.49161 0.49347 0 0 104.81064 1.31230
fb: -0.14936 0.90188 -0.50637 0.51126
fb: -0.16679 0.90119 -0.50672 0.51161
target: 0.00000 0.78486
dist/lin/ang/drive_left/drive_right/tv_l/tv_r/av_l/av_r/x/y/theta/t_err: 1.17440 0.00000 6.00000 -1.06797 0.73440 -0.49281 0.49450 -0.49281 0.49450 0 0 112.71193 1.17440
fb: -0.16679 0.90258 -0.50602 0.51091
fb: -0.16480 0.90070 -0.50696 0.51185
target: 0.00000 0.78486
dist/lin/ang/drive_left/drive_right/tv_l/tv_r/av_l/av_r/x/y/theta/t_err: 1.03633 0.00000 6.00000 -1.06550 0.73590 -0.49125 0.49589 -0.49125 0.49589 0 0 120.62247 1.03633
fb: -0.16480 0.90000 -0.50731 0.51220
fb: -0.14141 0.89993 -0.50734 0.51224
target: 0.00000 0.78486
dist/lin/ang/drive_left/drive_right/tv_l/tv_r/av_l/av_r/x/y/theta/t_err: 0.89837 0.00000 6.00000 -1.04135 0.75852 -0.49178 0.49417 -0.49178 0.49417 0 0 128.52732 0.89837
fb: -0.14141 0.89833 -0.50814 0.51304
fb: -0.14362 0.89910 -0.50776 0.51265
target: 0.00000 0.76158
dist/lin/ang/drive_left/drive_right/tv_l/tv_r/av_l/av_r/x/y/theta/t_err: 0.76058 0.00000 5.82200 -1.04272 0.75547 -0.49161 0.49433 -0.49161 0.49433 0 0 136.42212 0.76058
fb: -0.14362 0.90028 -0.37515 0.38004
fb: -0.14539 0.90258 -0.37400 0.37889
target: 0.00000 0.62278
dist/lin/ang/drive_left/drive_right/tv_l/tv_r/av_l/av_r/x/y/theta/t_err: 0.62278 0.00000 4.76099 -1.04797 0.75719 -0.46611 0.46644 -0.46611 0.46644 0 0 144.31710 0.62278
fb: -0.14539 0.90349 0.38667 -0.39156
fb: -0.12399 0.90314 0.38649 -0.39139
target: 0.00000 0.48340
dist/lin/ang/drive_left/drive_right/tv_l/tv_r/av_l/av_r/x/y/theta/t_err: 0.48441 0.00000 3.69540 -1.02712 0.77915 -0.27856 0.21578 -0.27856 0.21578 0 0 152.24508 0.48441
fb: -0.12399 0.89533 0.54837 -0.55326
fb: -0.12818 0.88133 0.54137 -0.54626
target: 0.00000 0.34425
dist/lin/ang/drive_left/drive_right/tv_l/tv_r/av_l/av_r/x/y/theta/t_err: 0.34626 0.00000 2.63169 -1.00951 0.75315 0.21817 -0.25853 0.21817 -0.25853 0 0 160.16055 0.34626
fb: -0.12818 0.82196 0.67338 -0.67827
fb: -0.11428 0.74929 0.63704 -0.64194
target: 0.00000 0.21112
dist/lin/ang/drive_left/drive_right/tv_l/tv_r/av_l/av_r/x/y/theta/t_err: 0.21390 0.00000 1.61392 -0.86358 0.63501 0.37728 -0.31861 0.37728 -0.31861 0 0 167.74460 0.21390
fb: -0.11428 0.68233 0.73229 -0.73719
fb: -0.16107 0.61419 0.69822 -0.70312
target: 0.00000 0.09847
dist/lin/ang/drive_left/drive_right/tv_l/tv_r/av_l/av_r/x/y/theta/t_err: 0.10142 0.00000 0.75279 -0.77526 0.45313 0.38103 -0.35847 0.38103 -0.35847 0 0 174.18922 0.10142
fb: -0.16107 0.55162 0.70652 -0.71141
fb: -0.20167 0.48257 0.77283 -0.57605
target: 0.00000 0.00643
dist/lin/ang/drive_left/drive_right/tv_l/tv_r/av_l/av_r/x/y/theta/t_err: 0.00937 0.00000 0.04912 -0.68424 0.28090 0.37303 -0.33367 0.37303 -0.33367 0 0 179.46323 0.00937
fb: -0.20167 0.40788 0.75049 -0.55372
fb: -0.08914 0.33396 0.61269 -0.61759
target: 0.00000 -0.06451
dist/lin/ang/drive_left/drive_right/tv_l/tv_r/av_l/av_r/x/y/theta/t_err: -0.06173 0.00000 -0.49313 -0.42310 0.24481 0.39269 -0.37419 0.39269 -0.37419 0 0 183.53715 -0.06173
fb: -0.08914 0.26358 0.56549 -0.57038
fb: -0.07171 0.19161 0.52950 -0.53439
target: 0.00000 -0.11275
dist/lin/ang/drive_left/drive_right/tv_l/tv_r/av_l/av_r/x/y/theta/t_err: -0.11036 0.00000 -0.86197 -0.26332 0.11989 0.29686 -0.30972 0.29686 -0.30972 0 0 186.32343 -0.11036
fb: -0.07171 0.11092 0.33168 -0.33657
fb: -0.11254 0.03749 0.33168 -0.33657
target: 0.00000 -0.13847
dist/lin/ang/drive_left/drive_right/tv_l/tv_r/av_l/av_r/x/y/theta/t_err: -0.13662 0.00000 -1.05856 -0.15002 -0.07505 0.37867 -0.27928 0.37867 -0.27928 0 0 187.82788 -0.13662
fb: -0.11254 -0.01171 0.24752 -0.25241
fb: -0.10658 -0.05142 0.24752 -0.25241
target: 0.00000 -0.14197
dist/lin/ang/drive_left/drive_right/tv_l/tv_r/av_l/av_r/x/y/theta/t_err: -0.14082 0.00000 -1.08534 -0.05516 -0.15800 0.30133 -0.28694 0.30133 -0.28694 0 0 188.06823 -0.14082
fb: -0.10658 -0.09155 0.14991 -0.15481
fb: -0.07569 -0.12242 0.14991 -0.15481
target: 0.00000 -0.13198
dist/lin/ang/drive_left/drive_right/tv_l/tv_r/av_l/av_r/x/y/theta/t_err: -0.13134 0.00000 -1.00896 0.04673 -0.19811 0.23803 -0.21339 0.23803 -0.21339 0 0 187.52528 -0.13134
fb: -0.07569 -0.14325 0.08249 -0.08738
fb: -0.03288 -0.15579 0.08249 -0.08738
target: 0.00000 -0.11205
dist/lin/ang/drive_left/drive_right/tv_l/tv_r/av_l/av_r/x/y/theta/t_err: -0.11187 0.00000 -0.85656 0.12292 -0.18867 0.13981 -0.14356 0.13981 -0.14356 0 0 186.40991 -0.11187
fb: -0.03288 -0.15879 -0.05366 0.05855
fb: -0.02339 -0.15698 -0.05366 0.05855
target: 0.00000 -0.08778
dist/lin/ang/drive_left/drive_right/tv_l/tv_r/av_l/av_r/x/y/theta/t_err: -0.08793 0.00000 -0.67109 0.13359 -0.18037 0.07153 -0.05817 0.07153 -0.05817 0 0 185.03811 -0.08793
fb: -0.02339 -0.15231 -0.08939 0.09428
fb: -0.01942 -0.14562 -0.08939 0.09428
target: 0.00000 -0.06375
dist/lin/ang/drive_left/drive_right/tv_l/tv_r/av_l/av_r/x/y/theta/t_err: -0.06406 0.00000 -0.48732 0.12620 -0.16504 -0.04347 0.05064 -0.04347 0.05064 0 0 183.67059 -0.06406
fb: -0.01942 -0.13879 -0.10448 0.10938
fb: -0.01545 -0.12674 -0.10448 0.10938
target: 0.00000 -0.04157
dist/lin/ang/drive_left/drive_right/tv_l/tv_r/av_l/av_r/x/y/theta/t_err: -0.04199 0.00000 -0.31778 0.11129 -0.14219 -0.08131 0.08606 -0.08131 0.08606 0 0 182.40569 -0.04199
fb: -0.01545 -0.10577 -0.11097 0.11587
fb: -0.00772 -0.07351 -0.11097 0.11587
target: 0.00000 -0.02299
dist/lin/ang/drive_left/drive_right/tv_l/tv_r/av_l/av_r/x/y/theta/t_err: -0.02343 0.00000 -0.17577 0.06578 -0.08123 -0.09839 0.09806 -0.09839 0.09806 0 0 181.34243 -0.02343
fb: -0.00772 -0.03505 -0.10721 0.11211
fb: 0.00000 0.00209 -0.10721 0.11211
target: 0.00000 -0.01347
dist/lin/ang/drive_left/drive_right/tv_l/tv_r/av_l/av_r/x/y/theta/t_err: -0.01369 0.00000 -0.10299 -0.00209 0.00209 -0.10336 0.10492 -0.10336 0.10492 0 0 180.78447 -0.01369
fb: 0.00000 0.02508 -0.07284 0.07773
fb: 0.00000 0.04083 -0.07284 0.07773
final error was -0.84426
position: 1.04347 -1.28168 180.84426
took 0.88000 time to finish turn
increased kd to 0.30000
increased kd to 0.50000
increased kd to 0.70000
increased kd to 0.90000
increased kd to 1.10000
increased kd to 1.30000
increased kd to 1.50000
increased kd to 1.70000
increased kd to 1.90000
target: 0.00000 0.15697
dist/lin/ang/drive_left/drive_right/tv_l/tv_r/av_l/av_r/x/y/theta/t_err: 3.14159 0.00000 1.20000 0.00000 0.00000 -0.00000 0.00000 -0.00000 0.00000 0 0 -0.00004 3.14159
fb: 0.00000 0.00000 -0.85057 0.85546
fb: 0.00000 0.00000 -0.85057 0.85546
target: 0.00000 0.31394
dist/lin/ang/drive_left/drive_right/tv_l/tv_r/av_l/av_r/x/y/theta/t_err: 3.14159 0.00000 2.40000 0.00000 0.00000 -0.06025 0.11669 -0.06025 0.11669 0 0 -0.00011 3.14159
fb: 0.00000 0.00355 -1.00000 1.00000
fb: 0.00375 0.03470 -1.00000 1.00000
target: 0.00000 0.47092
dist/lin/ang/drive_left/drive_right/tv_l/tv_r/av_l/av_r/x/y/theta/t_err: 3.14145 0.00000 3.60000 -0.03095 0.03845 -0.44267 0.39953 -0.44267 0.39953 0 0 0.00840 3.14145
fb: 0.00375 0.09434 -1.00000 1.00000
fb: 0.01567 0.13315 -1.00000 1.00000
target: 0.00000 0.62789
dist/lin/ang/drive_left/drive_right/tv_l/tv_r/av_l/av_r/x/y/theta/t_err: 3.13346 0.00000 4.80000 -0.11748 0.14882 -0.58486 0.36514 -0.58486 0.36514 0 0 0.46604 3.13346
fb: 0.01567 0.17642 -1.00000 1.00000
fb: 0.00375 0.22805 -1.00000 1.00000
target: 0.00000 0.78486
dist/lin/ang/drive_left/drive_right/tv_l/tv_r/av_l/av_r/x/y/theta/t_err: 3.11147 0.00000 6.00000 -0.22430 0.23180 -0.62933 0.63169 -0.62933 0.63169 0 0 1.72597 3.11147
fb: 0.00375 0.28079 -1.00000 1.00000
fb: 0.00397 0.33605 -1.00000 1.00000
target: 0.00000 0.78486
dist/lin/ang/drive_left/drive_right/tv_l/tv_r/av_l/av_r/x/y/theta/t_err: 3.07472 0.00000 6.00000 -0.33207 0.34002 -0.73269 0.58297 -0.73269 0.58297 0 0 3.83169 3.07472
fb: 0.00397 0.39158 -0.76152 0.76641
fb: 0.00375 0.44314 -0.73574 0.74063
target: 0.00000 0.78486
dist/lin/ang/drive_left/drive_right/tv_l/tv_r/av_l/av_r/x/y/theta/t_err: 3.02142 0.00000 6.00000 -0.43939 0.44689 -0.56858 0.64011 -0.56858 0.64011 0 0 6.88547 3.02142
fb: 0.00375 0.49045 -0.71209 0.71698
fb: 0.00000 0.51393 -0.70035 0.70524
target: 0.00000 0.78486
dist/lin/ang/drive_left/drive_right/tv_l/tv_r/av_l/av_r/x/y/theta/t_err: 2.95202 0.00000 6.00000 -0.51393 0.51393 -0.44711 0.40792 -0.44711 0.40792 0 0 10.86160 2.95202
fb: 0.00000 0.52570 -0.69446 0.69935
fb: 0.00199 0.54452 -0.68505 0.68994
target: 0.00000 0.78486
dist/lin/ang/drive_left/drive_right/tv_l/tv_r/av_l/av_r/x/y/theta/t_err: 2.87333 0.00000 6.00000 -0.54253 0.54650 -0.52994 0.54653 -0.52994 0.54653 0 0 15.37031 2.87333
fb: 0.00199 0.57538 -0.66962 0.67451
fb: -0.06399 0.60548 -0.65457 0.65946
target: 0.00000 0.78486
dist/lin/ang/drive_left/drive_right/tv_l/tv_r/av_l/av_r/x/y/theta/t_err: 2.78896 0.00000 6.00000 -0.66947 0.54150 -0.54342 0.52033 -0.54342 0.52033 0 0 20.20411 2.78896
fb: -0.06399 0.64004 -0.63729 0.64218
fb: -0.05825 0.67063 -0.62199 0.62689
target: 0.00000 0.78486
dist/lin/ang/drive_left/drive_right/tv_l/tv_r/av_l/av_r/x/y/theta/t_err: 2.69527 0.00000 6.00000 -0.72888 0.61238 -0.57903 0.48408 -0.57903 0.48408 0 0 25.57266 2.69527
fb: -0.05825 0.68979 -0.61241 0.61731
fb: -0.07171 0.71132 -0.60165 0.60654
target: 0.00000 0.78486
dist/lin/ang/drive_left/drive_right/tv_l/tv_r/av_l/av_r/x/y/theta/t_err: 2.59242 0.00000 6.00000 -0.78303 0.63961 -0.58656 0.53964 -0.58656 0.53964 0 0 31.46516 2.59242
fb: -0.07171 0.74037 -0.58712 0.59202
fb: -0.08141 0.76615 -0.57423 0.57913
target: 0.00000 0.78486
dist/lin/ang/drive_left/drive_right/tv_l/tv_r/av_l/av_r/x/y/theta/t_err: 2.48276 0.00000 6.00000 -0.84757 0.68474 -0.58042 0.56878 -0.58042 0.56878 0 0 37.74858 2.48276
fb: -0.08141 0.79242 -0.56110 0.56599
fb: -0.06773 0.81507 -0.54978 0.55467
target: 0.00000 0.78486
dist/lin/ang/drive_left/drive_right/tv_l/tv_r/av_l/av_r/x/y/theta/t_err: 2.36496 0.00000 6.00000 -0.88280 0.74734 -0.55936 0.55061 -0.55936 0.55061 0 0 44.49774 2.36496
fb: -0.06773 0.83151 -0.54155 0.54645
fb: -0.08339 0.84461 -0.53500 0.53990
target: 0.00000 0.78486
dist/lin/ang/drive_left/drive_right/tv_l/tv_r/av_l/av_r/x/y/theta/t_err: 2.23998 0.00000 6.00000 -0.92800 0.76121 -0.53403 0.53439 -0.53403 0.53439 0 0 51.65878 2.23998
fb: -0.08339 0.85255 -0.53103 0.53593
fb: -0.12222 0.85861 -0.52800 0.53290
target: 0.00000 0.78486
dist/lin/ang/drive_left/drive_right/tv_l/tv_r/av_l/av_r/x/y/theta/t_err: 2.11090 0.00000 6.00000 -0.98084 0.73639 -0.52669 0.51742 -0.52669 0.51742 0 0 59.05419 2.11090
fb: -0.12222 0.86760 -0.52351 0.52840
fb: 0.00000 0.87415 -0.52023 0.52513
target: 0.00000 0.78486
dist/lin/ang/drive_left/drive_right/tv_l/tv_r/av_l/av_r/x/y/theta/t_err: 1.97947 0.00000 6.00000 -0.87415 0.87415 -0.51503 0.51161 -0.51503 0.51161 0 0 66.58489 1.97947
fb: 0.00000 0.88161 -0.51651 0.52140
fb: -0.19789 0.88809 -0.41432 0.61711
target: 0.00000 0.78486
dist/lin/ang/drive_left/drive_right/tv_l/tv_r/av_l/av_r/x/y/theta/t_err: 1.84567 0.00000 6.00000 -1.08598 0.69019 -0.50958 0.50408 -0.50958 0.50408 0 0 74.25072 1.84567
fb: -0.19789 0.89262 -0.41205 0.61484
fb: -0.09111 0.89471 -0.50996 0.51485
target: 0.00000 0.78486
dist/lin/ang/drive_left/drive_right/tv_l/tv_r/av_l/av_r/x/y/theta/t_err: 1.70984 0.00000 6.00000 -0.98582 0.80359 -0.43769 0.56961 -0.43769 0.56961 0 0 82.03360 1.70984
fb: -0.09111 0.89519 -0.50971 0.51461
fb: -0.09685 0.89471 -0.50996 0.51485
target: 0.00000 0.78486
dist/lin/ang/drive_left/drive_right/tv_l/tv_r/av_l/av_r/x/y/theta/t_err: 1.57311 0.00000 6.00000 -0.99156 0.79786 -0.47039 0.51642 -0.47039 0.51642 0 0 89.86746 1.57311
fb: -0.09685 0.89505 -0.50978 0.51468
fb: -0.14362 0.89415 -0.51023 0.51513
target: 0.00000 0.78486
dist/lin/ang/drive_left/drive_right/tv_l/tv_r/av_l/av_r/x/y/theta/t_err: 1.43627 0.00000 6.00000 -1.03777 0.75053 -0.49211 0.49569 -0.49211 0.49569 0 0 97.70803 1.43627
fb: -0.14362 0.89505 -0.50978 0.51468
fb: -0.16083 0.89854 -0.50804 0.51293
target: 0.00000 0.78486
dist/lin/ang/drive_left/drive_right/tv_l/tv_r/av_l/av_r/x/y/theta/t_err: 1.29946 0.00000 6.00000 -1.05937 0.73771 -0.49619 0.49431 -0.49619 0.49431 0 0 105.54647 1.29946
fb: -0.16083 0.89882 -0.50790 0.51279
fb: -0.13766 0.90216 -0.50623 0.51112
target: 0.00000 0.78486
dist/lin/ang/drive_left/drive_right/tv_l/tv_r/av_l/av_r/x/y/theta/t_err: 1.16201 0.00000 6.00000 -1.03983 0.76450 -0.49075 0.49589 -0.49075 0.49589 0 0 113.42149 1.16201
fb: -0.13766 0.90376 -0.50543 0.51032
fb: -0.12222 0.90286 -0.50588 0.51077
target: 0.00000 0.78486
dist/lin/ang/drive_left/drive_right/tv_l/tv_r/av_l/av_r/x/y/theta/t_err: 1.02380 0.00000 6.00000 -1.02508 0.78064 -0.49072 0.49364 -0.49072 0.49364 0 0 121.34074 1.02380
fb: -0.12222 0.89910 -0.50776 0.51265
fb: -0.15509 0.89701 -0.50881 0.51370
target: 0.00000 0.78486
dist/lin/ang/drive_left/drive_right/tv_l/tv_r/av_l/av_r/x/y/theta/t_err: 0.88570 0.00000 6.00000 -1.05210 0.74191 -0.49175 0.49158 -0.49175 0.49158 0 0 129.25324 0.88570
fb: -0.15509 0.89666 -0.50898 0.51387
fb: -0.14340 0.89951 -0.50755 0.51245
target: 0.00000 0.66825
dist/lin/ang/drive_left/drive_right/tv_l/tv_r/av_l/av_r/x/y/theta/t_err: 0.74825 0.00000 5.10859 -1.04291 0.75611 -0.49211 0.49297 -0.49211 0.49297 0 0 137.12871 0.74825
fb: -0.14340 0.90244 0.23311 -0.23801
fb: -0.12222 0.90300 0.23339 -0.23829
target: 0.00000 0.52892
dist/lin/ang/drive_left/drive_right/tv_l/tv_r/av_l/av_r/x/y/theta/t_err: 0.61025 0.00000 4.04340 -1.02522 0.78078 -0.41222 0.27447 -0.41222 0.27447 0 0 145.03545 0.61025
fb: -0.12222 0.90056 0.49748 -0.50238
fb: -0.09685 0.88941 0.49191 -0.49680
target: 0.00000 0.38929
dist/lin/ang/drive_left/drive_right/tv_l/tv_r/av_l/av_r/x/y/theta/t_err: 0.47186 0.00000 2.97602 -0.98626 0.79256 0.09342 -0.19817 0.09342 -0.19817 0 0 152.96428 0.47186
fb: -0.09685 0.83945 0.63159 -0.63648
fb: -0.07965 0.76615 0.59494 -0.59983
target: 0.00000 0.25700
dist/lin/ang/drive_left/drive_right/tv_l/tv_r/av_l/av_r/x/y/theta/t_err: 0.33783 0.00000 1.96468 -0.84580 0.68651 0.38189 -0.36789 0.38189 -0.36789 0 0 160.64356 0.33783
fb: -0.07965 0.68171 0.67450 -0.67940
fb: -0.08517 0.60040 0.63385 -0.63874
target: 0.00000 0.15426
dist/lin/ang/drive_left/drive_right/tv_l/tv_r/av_l/av_r/x/y/theta/t_err: 0.22361 0.00000 1.17927 -0.68556 0.51523 0.38583 -0.29075 0.38583 -0.29075 0 0 167.18795 0.22361
fb: -0.08517 0.52968 0.58571 -0.59060
fb: -0.19593 0.46557 0.65162 -0.46058
target: 0.00000 0.07930
dist/lin/ang/drive_left/drive_right/tv_l/tv_r/av_l/av_r/x/y/theta/t_err: 0.13401 0.00000 0.60622 -0.66151 0.26964 0.41753 -0.31944 0.41753 -0.31944 0 0 172.32198 0.13401
fb: -0.19593 0.39018 0.57662 -0.38558
fb: -0.16681 0.30316 0.32321 -0.32810
target: 0.00000 0.02352
dist/lin/ang/drive_left/drive_right/tv_l/tv_r/av_l/av_r/x/y/theta/t_err: 0.06557 0.00000 0.17980 -0.46997 0.13635 0.37714 -0.21236 0.37714 -0.21236 0 0 176.24318 0.06557
fb: -0.16681 0.22436 0.27428 -0.27917
fb: -0.02913 0.16485 0.27428 -0.27917
target: 0.00000 -0.00492
dist/lin/ang/drive_left/drive_right/tv_l/tv_r/av_l/av_r/x/y/theta/t_err: 0.02200 0.00000 -0.03760 -0.19398 0.13573 0.29858 -0.29278 0.29858 -0.29278 0 0 178.73970 0.02200
fb: -0.02913 0.10368 0.17029 -0.17518
fb: -0.00772 0.03003 0.17029 -0.17518
target: 0.00000 -0.01529
dist/lin/ang/drive_left/drive_right/tv_l/tv_r/av_l/av_r/x/y/theta/t_err: -0.00100 0.00000 -0.11692 -0.03775 0.02231 0.23889 -0.23528 0.23889 -0.23528 0 0 180.05722 -0.00100
fb: -0.00772 -0.02947 0.09596 -0.10086
fb: -0.05053 -0.06173 0.09596 -0.10086
target: 0.00000 -0.00503
dist/lin/ang/drive_left/drive_right/tv_l/tv_r/av_l/av_r/x/y/theta/t_err: -0.00347 0.00000 -0.03844 0.01120 -0.11226 0.14511 -0.15692 0.14511 -0.15692 0 0 180.19873 -0.00347
fb: -0.05053 -0.07887 -0.08185 0.08674
fb: -0.04832 -0.08570 -0.08185 0.08674
final error was 0.37156
position: 0.62701 -1.30211 179.62844
took 0.72000 time to finish turn
target: 0.00000 0.15697
dist/lin/ang/drive_left/drive_right/tv_l/tv_r/av_l/av_r/x/y/theta/t_err: 3.14160 0.00000 1.20000 0.00000 0.00000 -0.00033 -0.00017 -0.00033 -0.00017 0 0 -0.00025 3.14160
fb: 0.00000 0.00000 -0.85057 0.85546
fb: 0.00000 0.00000 -0.85057 0.85546
target: 0.00000 0.31394
dist/lin/ang/drive_left/drive_right/tv_l/tv_r/av_l/av_r/x/y/theta/t_err: 3.14158 0.00000 2.40000 0.00000 0.00000 -0.03303 0.05306 -0.03303 0.05306 0 0 0.00051 3.14158
fb: 0.00000 0.00000 -1.00000 1.00000
fb: 0.00000 0.00098 -1.00000 1.00000
target: 0.00000 0.47092
dist/lin/ang/drive_left/drive_right/tv_l/tv_r/av_l/av_r/x/y/theta/t_err: 3.14156 0.00000 3.60000 -0.00098 0.00098 -0.45053 0.45003 -0.45053 0.45003 0 0 0.00168 3.14156
fb: 0.02714 0.02578 -1.00000 1.00000
fb: 0.02714 0.08326 -1.00000 1.00000
target: 0.00000 0.62789
dist/lin/ang/drive_left/drive_right/tv_l/tv_r/av_l/av_r/x/y/theta/t_err: 3.14018 0.00000 4.80000 -0.05612 0.11040 -0.62986 0.26678 -0.62986 0.26678 0 0 0.08091 3.14018
fb: 0.03089 0.12660 -1.00000 1.00000
fb: 0.03089 0.16520 -1.00000 1.00000
target: 0.00000 0.78486
dist/lin/ang/drive_left/drive_right/tv_l/tv_r/av_l/av_r/x/y/theta/t_err: 3.12622 0.00000 6.00000 -0.13431 0.19609 -0.65669 0.59050 -0.65669 0.59050 0 0 0.88093 3.12622
fb: 0.00397 0.22477 -1.00000 1.00000
fb: 0.00397 0.28100 -1.00000 1.00000
target: 0.00000 0.78486
dist/lin/ang/drive_left/drive_right/tv_l/tv_r/av_l/av_r/x/y/theta/t_err: 3.09849 0.00000 6.00000 -0.27703 0.28497 -0.67244 0.61342 -0.67244 0.61342 0 0 2.46945 3.09849
fb: 0.00000 0.34162 -0.78650 0.79139
fb: 0.00000 0.39555 -0.75953 0.76443
target: 0.00000 0.78486
dist/lin/ang/drive_left/drive_right/tv_l/tv_r/av_l/av_r/x/y/theta/t_err: 3.05328 0.00000 6.00000 -0.39555 0.39555 -0.61514 0.61464 -0.61514 0.61464 0 0 5.05996 3.05328
fb: 0.00397 0.44613 -0.73424 0.73914
fb: 0.00397 0.48397 -0.71533 0.72022
target: 0.00000 0.78486
dist/lin/ang/drive_left/drive_right/tv_l/tv_r/av_l/av_r/x/y/theta/t_err: 2.99111 0.00000 6.00000 -0.48000 0.48794 -0.57272 0.39269 -0.57272 0.39269 0 0 8.62222 2.99111
fb: 0.00375 0.49978 -0.70742 0.71231
fb: 0.00375 0.51567 -0.69947 0.70437
target: 0.00000 0.78486
dist/lin/ang/drive_left/drive_right/tv_l/tv_r/av_l/av_r/x/y/theta/t_err: 2.91697 0.00000 6.00000 -0.51192 0.51942 -0.53419 0.51400 -0.53419 0.51400 0 0 12.86994 2.91697
fb: -0.05626 0.54695 -0.68383 0.68873
fb: -0.05626 0.57908 -0.66777 0.67267
target: 0.00000 0.78486
dist/lin/ang/drive_left/drive_right/tv_l/tv_r/av_l/av_r/x/y/theta/t_err: 2.83696 0.00000 6.00000 -0.63534 0.52281 -0.52753 0.47722 -0.52753 0.47722 0 0 17.45429 2.83696
fb: -0.04655 0.61712 -0.64875 0.65364
fb: -0.04655 0.64304 -0.63579 0.64068
target: 0.00000 0.78486
dist/lin/ang/drive_left/drive_right/tv_l/tv_r/av_l/av_r/x/y/theta/t_err: 2.74718 0.00000 6.00000 -0.68959 0.59648 -0.59358 0.53642 -0.59358 0.53642 0 0 22.59793 2.74718
fb: -0.04060 0.65976 -0.62743 0.63232
fb: -0.04060 0.69160 -0.61151 0.61640
target: 0.00000 0.78486
dist/lin/ang/drive_left/drive_right/tv_l/tv_r/av_l/av_r/x/y/theta/t_err: 2.64860 0.00000 6.00000 -0.73220 0.65100 -0.58533 0.58811 -0.58533 0.58811 0 0 28.24641 2.64860
fb: -0.07369 0.72700 -0.59381 0.59870
fb: -0.07369 0.75410 -0.58026 0.58515
target: 0.00000 0.78486
dist/lin/ang/drive_left/drive_right/tv_l/tv_r/av_l/av_r/x/y/theta/t_err: 2.54182 0.00000 6.00000 -0.82779 0.68041 -0.58997 0.58092 -0.58997 0.58092 0 0 34.36461 2.54182
fb: -0.07170 0.77626 -0.56918 0.57407
fb: -0.07170 0.79800 -0.55831 0.56320
target: 0.00000 0.78486
dist/lin/ang/drive_left/drive_right/tv_l/tv_r/av_l/av_r/x/y/theta/t_err: 2.42594 0.00000 6.00000 -0.86970 0.72629 -0.56603 0.56225 -0.56603 0.56225 0 0 41.00414 2.42594
fb: -0.09707 0.81458 -0.55002 0.55491
fb: -0.09707 0.83249 -0.54107 0.54596
target: 0.00000 0.78486
dist/lin/ang/drive_left/drive_right/tv_l/tv_r/av_l/av_r/x/y/theta/t_err: 2.30362 0.00000 6.00000 -0.92956 0.73541 -0.54019 0.54172 -0.54019 0.54172 0 0 48.01238 2.30362
fb: -0.09685 0.84844 -0.53309 0.53798
fb: -0.09685 0.86098 -0.52682 0.53171
target: 0.00000 0.78486
dist/lin/ang/drive_left/drive_right/tv_l/tv_r/av_l/av_r/x/y/theta/t_err: 2.17597 0.00000 6.00000 -0.95784 0.76413 -0.53350 0.52378 -0.53350 0.52378 0 0 55.32616 2.17597
fb: 0.00000 0.87318 -0.52072 0.52561
fb: 0.00000 0.88091 -0.51685 0.52175
target: 0.00000 0.78486
dist/lin/ang/drive_left/drive_right/tv_l/tv_r/av_l/av_r/x/y/theta/t_err: 2.04405 0.00000 6.00000 -0.88091 0.88091 -0.51675 0.51125 -0.51675 0.51125 0 0 62.88455 2.04405
fb: 0.00000 0.88635 -0.51414 0.51903
fb: 0.00000 0.88732 -0.51365 0.51854
target: 0.00000 0.78486
dist/lin/ang/drive_left/drive_right/tv_l/tv_r/av_l/av_r/x/y/theta/t_err: 1.90929 0.00000 6.00000 -0.88732 0.88732 -0.50800 0.50358 -0.50800 0.50358 0 0 70.60586 1.90929
fb: -0.28129 0.88851 -0.37241 0.65859
fb: -0.28129 0.89234 -0.37050 0.65668
target: 0.00000 0.78486
dist/lin/ang/drive_left/drive_right/tv_l/tv_r/av_l/av_r/x/y/theta/t_err: 1.77365 0.00000 6.00000 -1.17362 0.61105 -0.47603 0.53900 -0.47603 0.53900 0 0 78.37711 1.77365
fb: -0.13171 0.89770 -0.50846 0.51335
fb: -0.13171 0.90070 -0.50696 0.51185
target: 0.00000 0.78486
dist/lin/ang/drive_left/drive_right/tv_l/tv_r/av_l/av_r/x/y/theta/t_err: 1.63698 0.00000 6.00000 -1.03241 0.76899 -0.41803 0.57644 -0.41803 0.57644 0 0 86.20817 1.63698
fb: -0.08339 0.90892 -0.50285 0.50774
fb: -0.08339 0.91164 -0.50149 0.50638
target: 0.00000 0.78486
dist/lin/ang/drive_left/drive_right/tv_l/tv_r/av_l/av_r/x/y/theta/t_err: 1.49881 0.00000 6.00000 -0.99503 0.82824 -0.48339 0.49708 -0.48339 0.49708 0 0 94.12429 1.49881
fb: -0.02339 0.90808 -0.50327 0.50816
fb: -0.02339 0.90732 -0.50365 0.50854
target: 0.00000 0.78486
dist/lin/ang/drive_left/drive_right/tv_l/tv_r/av_l/av_r/x/y/theta/t_err: 1.35951 0.00000 6.00000 -0.93070 0.88393 -0.49058 0.48303 -0.49058 0.48303 0 0 102.10594 1.35951
fb: 0.00000 0.90578 -0.50442 0.50931
fb: 0.00000 0.90272 -0.50595 0.51084
target: 0.00000 0.78486
dist/lin/ang/drive_left/drive_right/tv_l/tv_r/av_l/av_r/x/y/theta/t_err: 1.22070 0.00000 6.00000 -0.90272 0.90272 -0.49142 0.48203 -0.49142 0.48203 0 0 110.05911 1.22070
fb: 0.00000 0.90098 -0.50682 0.51171
fb: 0.00000 0.90077 -0.50693 0.51182
target: 0.00000 0.78486
dist/lin/ang/drive_left/drive_right/tv_l/tv_r/av_l/av_r/x/y/theta/t_err: 1.08249 0.00000 6.00000 -0.90077 0.90077 -0.49214 0.49244 -0.49214 0.49244 0 0 117.97770 1.08249
fb: 0.00000 0.89986 -0.50738 0.51227
fb: 0.00000 0.90307 -0.50578 0.51067
target: 0.00000 0.78486
dist/lin/ang/drive_left/drive_right/tv_l/tv_r/av_l/av_r/x/y/theta/t_err: 0.94452 0.00000 6.00000 -0.90307 0.90307 -0.48956 0.49367 -0.48956 0.49367 0 0 125.88289 0.94452
fb: 0.00000 0.90362 -0.50550 0.51039
fb: 0.00000 0.90627 -0.50417 0.50907
target: 0.00000 0.72604
dist/lin/ang/drive_left/drive_right/tv_l/tv_r/av_l/av_r/x/y/theta/t_err: 0.80617 0.00000 5.55033 -0.90627 0.90627 -0.49039 0.49433 -0.49039 0.49433 0 0 133.80992 0.80617
fb: 0.00000 0.90885 -0.16936 0.17426
fb: 0.00000 0.90906 -0.16926 0.17415
target: 0.00000 0.58557
dist/lin/ang/drive_left/drive_right/tv_l/tv_r/av_l/av_r/x/y/theta/t_err: 0.66713 0.00000 4.47650 -0.90906 0.90906 -0.44317 0.40400 -0.44317 0.40400 0 0 141.77612 0.66713
fb: 0.00000 0.90669 0.43935 -0.44425
fb: 0.00000 0.89589 0.43395 -0.43885
target: 0.00000 0.44510
dist/lin/ang/drive_left/drive_right/tv_l/tv_r/av_l/av_r/x/y/theta/t_err: 0.52783 0.00000 3.40263 -0.89589 0.89589 -0.17267 0.12233 -0.17267 0.12233 0 0 149.75743 0.52783
fb: 0.00000 0.88384 0.59230 -0.59720
fb: 0.00000 0.86893 0.58485 -0.58974
target: 0.00000 0.30847
dist/lin/ang/drive_left/drive_right/tv_l/tv_r/av_l/av_r/x/y/theta/t_err: 0.39079 0.00000 2.35816 -0.86893 0.86893 0.23853 -0.29533 0.23853 -0.29533 0 0 157.60925 0.39079
fb: 0.00000 0.80894 0.69740 -0.70230
fb: 0.00000 0.73438 0.66013 -0.66502
target: 0.00000 0.18132
dist/lin/ang/drive_left/drive_right/tv_l/tv_r/av_l/av_r/x/y/theta/t_err: 0.26043 0.00000 1.38611 -0.73438 0.73438 0.29156 -0.38500 0.29156 -0.38500 0 0 165.07837 0.26043
fb: -1.05882 0.66324 1.00000 -0.20618
fb: -1.05882 0.59858 1.00000 -0.17385
target: 0.00000 0.08308
dist/lin/ang/drive_left/drive_right/tv_l/tv_r/av_l/av_r/x/y/theta/t_err: 0.15038 0.00000 0.63515 -1.65741 -0.46024 0.33864 -0.37522 0.33864 -0.37522 0 0 171.38400 0.15038
fb: -0.00971 0.51839 0.64306 -0.64795
fb: -0.00971 0.41722 0.59247 -0.59737
target: 0.00000 0.00711
dist/lin/ang/drive_left/drive_right/tv_l/tv_r/av_l/av_r/x/y/theta/t_err: 0.06174 0.00000 0.05434 -0.42693 0.40751 0.34975 -0.21681 0.34975 -0.21681 0 0 176.46270 0.06174
fb: -0.02317 0.32121 0.53320 -0.53810
fb: -0.02317 0.24400 0.37615 -0.38105
target: 0.00000 -0.03619
dist/lin/ang/drive_left/drive_right/tv_l/tv_r/av_l/av_r/x/y/theta/t_err: 0.00133 0.00000 -0.27670 -0.26717 0.22084 0.34189 -0.31125 0.34189 -0.31125 0 0 179.92381 0.00133
fb: -0.12026 0.17830 0.25814 -0.26303
fb: -0.12026 0.11148 0.25814 -0.26303
target: 0.00000 -0.05578
dist/lin/ang/drive_left/drive_right/tv_l/tv_r/av_l/av_r/x/y/theta/t_err: -0.03375 0.00000 -0.42645 -0.23174 -0.00878 0.31089 -0.32939 0.31089 -0.32939 0 0 181.93348 -0.03375
fb: -0.03288 0.04536 0.16455 -0.16944
fb: -0.03288 -0.00822 0.16455 -0.16944
target: 0.00000 -0.05759
dist/lin/ang/drive_left/drive_right/tv_l/tv_r/av_l/av_r/x/y/theta/t_err: -0.04823 0.00000 -0.44022 -0.02466 -0.04110 0.23558 -0.23408 0.23558 -0.23408 0 0 182.76360 -0.04823
fb: -0.01942 -0.05790 0.08571 -0.09060
fb: -0.01942 -0.09009 0.08571 -0.09060
target: 0.00000 -0.04350
dist/lin/ang/drive_left/drive_right/tv_l/tv_r/av_l/av_r/x/y/theta/t_err: -0.04511 0.00000 -0.33255 0.07067 -0.10951 0.15569 -0.14953 0.15569 -0.14953 0 0 182.58482 -0.04511
fb: -0.00397 -0.09943 -0.07325 0.07815
fb: -0.00397 -0.09817 -0.07325 0.07815
target: 0.00000 -0.02271
dist/lin/ang/drive_left/drive_right/tv_l/tv_r/av_l/av_r/x/y/theta/t_err: -0.03116 0.00000 -0.17360 0.09420 -0.10214 0.04911 -0.05886 0.04911 -0.05886 0 0 181.78509 -0.03116
fb: 0.00000 -0.09643 -0.11737 0.12227
fb: 0.00000 -0.09246 -0.11737 0.12227
target: 0.00000 -0.00694
dist/lin/ang/drive_left/drive_right/tv_l/tv_r/av_l/av_r/x/y/theta/t_err: -0.01615 0.00000 -0.05307 0.09246 -0.09246 -0.07119 0.07031 -0.07119 0.07031 0 0 180.92531 -0.01615
fb: -0.03089 -0.08689 -0.10532 0.11021
fb: -0.03089 -0.08103 -0.10532 0.11021
target: 0.00000 0.00649
dist/lin/ang/drive_left/drive_right/tv_l/tv_r/av_l/av_r/x/y/theta/t_err: -0.00217 0.00000 0.04964 0.05014 -0.11193 -0.10608 0.11156 -0.10608 0.11156 0 0 180.12457 -0.00217
fb: 0.00000 -0.06898 -0.10384 0.10873
fb: 0.00000 -0.04626 -0.10384 0.10873
final error was 0.55667
position: 0.71209 -0.76728 179.44333
took 0.80000 time to finish turn
decreased to 135.00000
decreased to 90.00000
target: 0.00000 0.15697
dist/lin/ang/drive_left/drive_right/tv_l/tv_r/av_l/av_r/x/y/theta/t_err: 1.57079 0.00000 1.20000 0.00000 0.00000 -0.00050 -0.00033 -0.00050 -0.00033 0 0 0.00019 1.57079
fb: 0.00000 0.00000 -0.85057 0.85546
fb: 0.00000 0.00000 -0.85057 0.85546
target: 0.00000 0.31394
dist/lin/ang/drive_left/drive_right/tv_l/tv_r/av_l/av_r/x/y/theta/t_err: 1.57079 0.00000 2.40000 0.00000 0.00000 -0.05594 0.09378 -0.05594 0.09378 0 0 0.00026 1.57079
fb: 0.00000 0.00000 -1.00000 1.00000
fb: 0.00000 0.00418 -1.00000 1.00000
target: 0.00000 0.47092
dist/lin/ang/drive_left/drive_right/tv_l/tv_r/av_l/av_r/x/y/theta/t_err: 1.57079 0.00000 3.60000 -0.00418 0.00418 -0.48867 0.39661 -0.48867 0.39661 0 0 0.00031 1.57079
fb: 0.00000 0.03972 -1.00000 1.00000
fb: 0.00000 0.09671 -1.00000 1.00000
target: 0.00000 0.62789
dist/lin/ang/drive_left/drive_right/tv_l/tv_r/av_l/av_r/x/y/theta/t_err: 1.56843 0.00000 4.80000 -0.09671 0.09671 -0.68547 0.42008 -0.68547 0.42008 0 0 0.13580 1.56843
fb: 0.01169 0.14806 -1.00000 1.00000
fb: 0.01169 0.19746 -1.00000 1.00000
target: 0.00000 0.78486
dist/lin/ang/drive_left/drive_right/tv_l/tv_r/av_l/av_r/x/y/theta/t_err: 1.55169 0.00000 6.00000 -0.18577 0.20916 -0.73989 0.56414 -0.73989 0.56414 0 0 1.09462 1.55169
fb: 0.00199 0.25111 -1.00000 1.00000
fb: 0.00199 0.30706 -1.00000 1.00000
target: 0.00000 0.78486
dist/lin/ang/drive_left/drive_right/tv_l/tv_r/av_l/av_r/x/y/theta/t_err: 1.51944 0.00000 6.00000 -0.30508 0.30905 -0.74692 0.58144 -0.74692 0.58144 0 0 2.94254 1.51944
fb: 0.00000 0.35981 -0.77741 0.78230
fb: 0.00000 0.41220 -0.75121 0.75610
target: 0.00000 0.78486
dist/lin/ang/drive_left/drive_right/tv_l/tv_r/av_l/av_r/x/y/theta/t_err: 1.47072 0.00000 6.00000 -0.41220 0.41220 -0.64150 0.53403 -0.64150 0.53403 0 0 5.73368 1.47072
fb: 0.00000 0.46209 -0.72626 0.73116
fb: 0.00000 0.50076 -0.70693 0.71182
target: 0.00000 0.78486
dist/lin/ang/drive_left/drive_right/tv_l/tv_r/av_l/av_r/x/y/theta/t_err: 1.40598 0.00000 6.00000 -0.50076 0.50076 -0.52156 0.47092 -0.52156 0.47092 0 0 9.44306 1.40598
fb: 0.00000 0.53135 -0.69164 0.69653
fb: 0.00000 0.55385 -0.68038 0.68528
target: 0.00000 0.78486
dist/lin/ang/drive_left/drive_right/tv_l/tv_r/av_l/av_r/x/y/theta/t_err: 1.32854 0.00000 6.00000 -0.55385 0.55385 -0.55886 0.51881 -0.55886 0.51881 0 0 13.88040 1.32854
fb: -0.00772 0.58103 -0.66680 0.67169
fb: -0.00772 0.61579 -0.64941 0.65431
target: 0.00000 0.78486
dist/lin/ang/drive_left/drive_right/tv_l/tv_r/av_l/av_r/x/y/theta/t_err: 1.24301 0.00000 6.00000 -0.62352 0.60807 -0.54736 0.51536 -0.54736 0.51536 0 0 18.78085 1.24301
fb: -0.05626 0.64457 -0.63502 0.63992
fb: -0.05626 0.66680 -0.62391 0.62880
target: 0.00000 0.78486
dist/lin/ang/drive_left/drive_right/tv_l/tv_r/av_l/av_r/x/y/theta/t_err: 1.14805 0.00000 6.00000 -0.72306 0.61053 -0.56364 0.53267 -0.56364 0.53267 0 0 24.22151 1.14805
fb: -0.07965 0.69306 -0.61078 0.61567
fb: -0.07965 0.71968 -0.59747 0.60236
target: 0.00000 0.78486
dist/lin/ang/drive_left/drive_right/tv_l/tv_r/av_l/av_r/x/y/theta/t_err: 1.04532 0.00000 6.00000 -0.79933 0.64003 -0.57336 0.54961 -0.57336 0.54961 0 0 30.10786 1.04532
fb: -0.07170 0.74170 -0.58646 0.59135
fb: -0.07170 0.76748 -0.57357 0.57846
target: 0.00000 0.78486
dist/lin/ang/drive_left/drive_right/tv_l/tv_r/av_l/av_r/x/y/theta/t_err: 0.93481 0.00000 6.00000 -0.83918 0.69577 -0.57269 0.56653 -0.57269 0.56653 0 0 36.43924 0.93481
fb: -0.09112 0.79145 -0.56159 0.56648
fb: -0.09112 0.81165 -0.55148 0.55638
target: 0.00000 0.74944
dist/lin/ang/drive_left/drive_right/tv_l/tv_r/av_l/av_r/x/y/theta/t_err: 0.81683 0.00000 5.72923 -0.90277 0.72053 -0.55936 0.55525 -0.55936 0.55525 0 0 43.19884 0.81683
fb: -0.12598 0.83095 -0.34101 0.34590
fb: -0.12598 0.84468 -0.33414 0.33904
target: 0.00000 0.61989
dist/lin/ang/drive_left/drive_right/tv_l/tv_r/av_l/av_r/x/y/theta/t_err: 0.69227 0.00000 4.73885 -0.97065 0.71870 -0.50103 0.49447 -0.50103 0.49447 0 0 50.33561 0.69227
fb: -0.11649 0.85541 0.32444 -0.32933
fb: -0.11649 0.85631 0.32489 -0.32979
target: 0.00000 0.48679
dist/lin/ang/drive_left/drive_right/tv_l/tv_r/av_l/av_r/x/y/theta/t_err: 0.56303 0.00000 3.72136 -0.97280 0.73983 -0.27153 0.25992 -0.27153 0.25992 0 0 57.74103 0.56303
fb: -0.09685 0.84921 0.49302 -0.49792
fb: -0.09685 0.84120 0.48902 -0.49391
target: 0.00000 0.35469
dist/lin/ang/drive_left/drive_right/tv_l/tv_r/av_l/av_r/x/y/theta/t_err: 0.43260 0.00000 2.71147 -0.93805 0.74434 0.20122 -0.22367 0.20122 -0.22367 0 0 65.21397 0.43260
fb: -0.10083 0.80050 0.61876 -0.62365
fb: -0.10083 0.72539 0.58120 -0.58609
target: 0.00000 0.22943
dist/lin/ang/drive_left/drive_right/tv_l/tv_r/av_l/av_r/x/y/theta/t_err: 0.30593 0.00000 1.75394 -0.82622 0.62457 0.36839 -0.35439 0.36839 -0.35439 0 0 72.47174 0.30593
fb: -0.09686 0.63718 0.65283 -0.65772
fb: -0.09686 0.54326 0.60587 -0.61076
target: 0.00000 0.13345
dist/lin/ang/drive_left/drive_right/tv_l/tv_r/av_l/av_r/x/y/theta/t_err: 0.19866 0.00000 1.02015 -0.64012 0.44640 0.38808 -0.29294 0.38808 -0.29294 0 0 78.61773 0.19866
fb: -0.13195 0.46662 0.54814 -0.55304
fb: -0.13195 0.39687 0.51327 -0.51816
target: 0.00000 0.06915
dist/lin/ang/drive_left/drive_right/tv_l/tv_r/av_l/av_r/x/y/theta/t_err: 0.11826 0.00000 0.52867 -0.52882 0.26493 0.40175 -0.31006 0.40175 -0.31006 0 0 83.22441 0.11826
fb: -0.15512 0.32950 0.41217 -0.41706
fb: -0.15512 0.25954 0.28200 -0.28689
target: 0.00000 0.02444
dist/lin/ang/drive_left/drive_right/tv_l/tv_r/av_l/av_r/x/y/theta/t_err: 0.06013 0.00000 0.18687 -0.41466 0.10442 0.36275 -0.27242 0.36275 -0.27242 0 0 86.55496 0.06013
fb: -0.07569 0.18778 0.22384 -0.22874
fb: -0.07569 0.11706 0.22384 -0.22874
target: 0.00000 0.00038
dist/lin/ang/drive_left/drive_right/tv_l/tv_r/av_l/av_r/x/y/theta/t_err: 0.02317 0.00000 0.00290 -0.19274 0.04137 0.26847 -0.28131 0.26847 -0.28131 0 0 88.67227 0.02317
fb: -0.04259 0.04020 0.14706 -0.15195
fb: -0.04259 -0.02313 0.14706 -0.15195
target: 0.00000 -0.00089
dist/lin/ang/drive_left/drive_right/tv_l/tv_r/av_l/av_r/x/y/theta/t_err: 0.00829 0.00000 -0.00683 -0.01945 -0.06572 0.20019 -0.20994 0.20019 -0.20994 0 0 89.52485 0.00829
fb: -0.03884 -0.06076 0.04535 -0.05024
fb: -0.03884 -0.07978 0.04535 -0.05024
target: 0.00000 0.01597
dist/lin/ang/drive_left/drive_right/tv_l/tv_r/av_l/av_r/x/y/theta/t_err: 0.01297 0.00000 0.12210 0.04094 -0.11861 0.12133 -0.12953 0.12133 -0.12953 0 0 89.25681 0.01297
fb: -0.03111 -0.08730 -0.12562 0.13051
fb: -0.03111 -0.08953 -0.12562 0.13051
final error was 1.45159
position: -0.41174 -0.86924 88.54841
took 0.50000 time to finish turn
target: 0.00000 0.15697
dist/lin/ang/drive_left/drive_right/tv_l/tv_r/av_l/av_r/x/y/theta/t_err: 1.57080 0.00000 1.20000 0.00000 0.00000 0.00017 -0.00033 0.00017 -0.00033 0 0 -0.00003 1.57080
fb: 0.00000 0.00000 -0.85057 0.85546
fb: 0.00000 0.00000 -0.85057 0.85546
target: 0.00000 0.31394
dist/lin/ang/drive_left/drive_right/tv_l/tv_r/av_l/av_r/x/y/theta/t_err: 1.57080 0.00000 2.40000 0.00000 0.00000 -0.08367 0.00000 -0.08367 0.00000 0 0 -0.00007 1.57080
fb: 0.00000 0.00000 -1.00000 1.00000
fb: 0.00000 0.00599 -1.00000 1.00000
target: 0.00000 0.47092
dist/lin/ang/drive_left/drive_right/tv_l/tv_r/av_l/av_r/x/y/theta/t_err: 1.57080 0.00000 3.60000 -0.00599 0.00599 -0.47533 0.47719 -0.47533 0.47719 0 0 0.00004 1.57080
fb: 0.00000 0.05825 -1.00000 1.00000
fb: 0.00397 0.11392 -1.00000 1.00000
target: 0.00000 0.62789
dist/lin/ang/drive_left/drive_right/tv_l/tv_r/av_l/av_r/x/y/theta/t_err: 1.56733 0.00000 4.80000 -0.10995 0.11789 -0.61325 0.29517 -0.61325 0.29517 0 0 0.19833 1.56733
fb: 0.00397 0.15273 -1.00000 1.00000
fb: -0.01368 0.20394 -1.00000 1.00000
target: 0.00000 0.78486
dist/lin/ang/drive_left/drive_right/tv_l/tv_r/av_l/av_r/x/y/theta/t_err: 1.54886 0.00000 6.00000 -0.21762 0.19026 -0.66989 0.52822 -0.66989 0.52822 0 0 1.25660 1.54886
fb: -0.01368 0.26470 -1.00000 1.00000
fb: -0.03884 0.32232 -1.00000 1.00000
target: 0.00000 0.78486
dist/lin/ang/drive_left/drive_right/tv_l/tv_r/av_l/av_r/x/y/theta/t_err: 1.51530 0.00000 6.00000 -0.36116 0.28348 -0.69486 0.58844 -0.69486 0.58844 0 0 3.17977 1.51530
fb: -0.03884 0.37750 -0.76856 0.77345
fb: -0.03861 0.42851 -0.74306 0.74795
target: 0.00000 0.78486
dist/lin/ang/drive_left/drive_right/tv_l/tv_r/av_l/av_r/x/y/theta/t_err: 1.46404 0.00000 6.00000 -0.46712 0.38989 -0.55919 0.62900 -0.55919 0.62900 0 0 6.11684 1.46404
fb: -0.03861 0.47805 -0.71829 0.72318
fb: -0.03508 0.50369 -0.70547 0.71036
target: 0.00000 0.78486
dist/lin/ang/drive_left/drive_right/tv_l/tv_r/av_l/av_r/x/y/theta/t_err: 1.39685 0.00000 6.00000 -0.53877 0.46860 -0.51983 0.39869 -0.51983 0.39869 0 0 9.96633 1.39685
fb: -0.03508 0.51874 -0.69794 0.70283
fb: -0.06774 0.54152 -0.68655 0.69144
target: 0.00000 0.78486
dist/lin/ang/drive_left/drive_right/tv_l/tv_r/av_l/av_r/x/y/theta/t_err: 1.31955 0.00000 6.00000 -0.60926 0.47378 -0.53353 0.53844 -0.53353 0.53844 0 0 14.39553 1.31955
fb: -0.06774 0.56953 -0.67254 0.67744
fb: -0.09885 0.59803 -0.65830 0.66319
target: 0.00000 0.78486
dist/lin/ang/drive_left/drive_right/tv_l/tv_r/av_l/av_r/x/y/theta/t_err: 1.23598 0.00000 6.00000 -0.69687 0.49918 -0.58381 0.57339 -0.58381 0.57339 0 0 19.18367 1.23598
fb: -0.09885 0.63509 -0.63976 0.64466
fb: -0.09134 0.66352 -0.62555 0.63044
target: 0.00000 0.78486
dist/lin/ang/drive_left/drive_right/tv_l/tv_r/av_l/av_r/x/y/theta/t_err: 1.14322 0.00000 6.00000 -0.75487 0.57218 -0.58947 0.52378 -0.58947 0.52378 0 0 24.49807 1.14322
fb: -0.09134 0.68582 -0.61440 0.61929
fb: -0.05428 0.71188 -0.60137 0.60626
target: 0.00000 0.78486
dist/lin/ang/drive_left/drive_right/tv_l/tv_r/av_l/av_r/x/y/theta/t_err: 1.04127 0.00000 6.00000 -0.76615 0.65760 -0.57442 0.57594 -0.57442 0.57594 0 0 30.33950 1.04127
fb: -0.05428 0.73592 -0.58935 0.59425
fb: -0.08340 0.76072 -0.57695 0.58184
target: 0.00000 0.78486
dist/lin/ang/drive_left/drive_right/tv_l/tv_r/av_l/av_r/x/y/theta/t_err: 0.93184 0.00000 6.00000 -0.84412 0.67732 -0.57800 0.57014 -0.57800 0.57014 0 0 36.60932 0.93184
fb: -0.08340 0.78462 -0.56500 0.56989
fb: -0.09487 0.80615 -0.55424 0.55913
target: 0.00000 0.74820
dist/lin/ang/drive_left/drive_right/tv_l/tv_r/av_l/av_r/x/y/theta/t_err: 0.81494 0.00000 5.71976 -0.90102 0.71128 -0.56039 0.56347 -0.56039 0.56347 0 0 43.30730 0.81494
fb: -0.09487 0.82552 -0.33670 0.34159
fb: -0.09707 0.83904 -0.32994 0.33484
target: 0.00000 0.61938
dist/lin/ang/drive_left/drive_right/tv_l/tv_r/av_l/av_r/x/y/theta/t_err: 0.69124 0.00000 4.73493 -0.93611 0.74196 -0.50033 0.53814 -0.50033 0.53814 0 0 50.39503 0.69124
fb: -0.09707 0.84942 0.31878 -0.32367
fb: -0.14142 0.85081 0.31947 -0.32437
target: 0.00000 0.48715
dist/lin/ang/drive_left/drive_right/tv_l/tv_r/av_l/av_r/x/y/theta/t_err: 0.56285 0.00000 3.72409 -0.99223 0.70939 -0.26725 0.29756 -0.26725 0.29756 0 0 57.75114 0.56285
fb: -0.14142 0.84001 0.48409 -0.48899
fb: -0.15135 0.82865 0.47841 -0.48331
target: 0.00000 0.35639
dist/lin/ang/drive_left/drive_right/tv_l/tv_r/av_l/av_r/x/y/theta/t_err: 0.43357 0.00000 2.72447 -0.98000 0.67731 0.18789 -0.18172 0.18789 -0.18172 0 0 65.15800 0.43357
fb: -0.15135 0.78357 0.60225 -0.60715
fb: -0.15709 0.71731 0.56912 -0.57402
target: 0.00000 0.23404
dist/lin/ang/drive_left/drive_right/tv_l/tv_r/av_l/av_r/x/y/theta/t_err: 0.30913 0.00000 1.78919 -0.87440 0.56022 0.34494 -0.38892 0.34494 -0.38892 0 0 72.28814 0.30913
fb: -0.15709 0.64297 0.63722 -0.64212
fb: -0.12996 0.55037 0.59092 -0.59582
target: 0.00000 0.13750
dist/lin/ang/drive_left/drive_right/tv_l/tv_r/av_l/av_r/x/y/theta/t_err: 0.20237 0.00000 1.05112 -0.68033 0.42041 0.35864 -0.37181 0.35864 -0.37181 0 0 78.40515 0.20237
fb: -0.12996 0.46251 0.54387 -0.54876
fb: -0.16085 0.38412 0.38136 -0.38626
target: 0.00000 0.07202
dist/lin/ang/drive_left/drive_right/tv_l/tv_r/av_l/av_r/x/y/theta/t_err: 0.12143 0.00000 0.55059 -0.54498 0.22327 0.33231 -0.31861 0.33231 -0.31861 0 0 83.04239 0.12143
fb: -0.16085 0.31549 0.28540 -0.29029
fb: -0.13769 0.24352 0.28540 -0.29029
target: 0.00000 0.03082
dist/lin/ang/drive_left/drive_right/tv_l/tv_r/av_l/av_r/x/y/theta/t_err: 0.06526 0.00000 0.23563 -0.38121 0.10583 0.30028 -0.30203 0.30028 -0.30203 0 0 86.26113 0.06526
fb: -0.13769 0.16973 0.20378 -0.20867
fb: -0.08738 0.09671 0.20378 -0.20867
target: 0.00000 0.00970
dist/lin/ang/drive_left/drive_right/tv_l/tv_r/av_l/av_r/x/y/theta/t_err: 0.03085 0.00000 0.07413 -0.18409 0.00933 0.24194 -0.26622 0.24194 -0.26622 0 0 88.23236 0.03085
fb: -0.08738 0.02787 0.12759 -0.13248
fb: -0.04832 -0.02487 0.12759 -0.13248
target: 0.00000 0.01122
dist/lin/ang/drive_left/drive_right/tv_l/tv_r/av_l/av_r/x/y/theta/t_err: 0.01866 0.00000 0.08574 -0.02345 -0.07320 0.17231 -0.19061 0.17231 -0.19061 0 0 88.93100 0.01866
fb: -0.04832 -0.05909 -0.05337 0.05827
fb: -0.04479 -0.07497 -0.05337 0.05827
target: 0.00000 0.02680
dist/lin/ang/drive_left/drive_right/tv_l/tv_r/av_l/av_r/x/y/theta/t_err: 0.02358 0.00000 0.20489 0.03018 -0.11976 0.06178 -0.07033 0.06178 -0.07033 0 0 88.64925 0.02358
fb: -0.04479 -0.08159 -0.12711 0.13200
fb: -0.03486 -0.07915 -0.12711 0.13200
final error was 2.01693
position: -0.65034 -1.06239 87.98307
took 0.50000 time to finish turn
decreased kd to 1.70000
decreased kd to 1.50000
target: 0.00000 0.15697
dist/lin/ang/drive_left/drive_right/tv_l/tv_r/av_l/av_r/x/y/theta/t_err: 1.57080 0.00000 1.20000 0.00000 0.00000 -0.00017 -0.00017 -0.00017 -0.00017 0 0 -0.00013 1.57080
fb: 0.00000 0.00000 -0.85057 0.85546
fb: 0.00000 0.00000 -0.85057 0.85546
target: 0.00000 0.31394
dist/lin/ang/drive_left/drive_right/tv_l/tv_r/av_l/av_r/x/y/theta/t_err: 1.57080 0.00000 2.40000 0.00000 0.00000 -0.05339 0.09206 -0.05339 0.09206 0 0 0.00004 1.57080
fb: 0.00000 0.00000 -1.00000 1.00000
fb: 0.00000 0.02662 -1.00000 1.00000
target: 0.00000 0.47092
dist/lin/ang/drive_left/drive_right/tv_l/tv_r/av_l/av_r/x/y/theta/t_err: 1.57079 0.00000 3.60000 -0.02662 0.02662 -0.44419 0.41014 -0.44419 0.41014 0 0 0.00038 1.57079
fb: 0.00177 0.08271 -1.00000 1.00000
fb: 0.00177 0.12646 -1.00000 1.00000
target: 0.00000 0.62789
dist/lin/ang/drive_left/drive_right/tv_l/tv_r/av_l/av_r/x/y/theta/t_err: 1.56432 0.00000 4.80000 -0.12470 0.12823 -0.43853 0.36431 -0.43853 0.36431 0 0 0.37096 1.56432
fb: 0.00397 0.17335 -1.00000 1.00000
fb: 0.00397 0.22575 -1.00000 1.00000
target: 0.00000 0.78486
dist/lin/ang/drive_left/drive_right/tv_l/tv_r/av_l/av_r/x/y/theta/t_err: 1.54318 0.00000 6.00000 -0.22178 0.22972 -0.56758 0.61958 -0.56758 0.61958 0 0 1.58202 1.54318
fb: 0.00199 0.27849 -1.00000 1.00000
fb: 0.00199 0.33458 -1.00000 1.00000
target: 0.00000 0.78486
dist/lin/ang/drive_left/drive_right/tv_l/tv_r/av_l/av_r/x/y/theta/t_err: 1.50680 0.00000 6.00000 -0.33260 0.33657 -0.68700 0.63875 -0.68700 0.63875 0 0 3.66655 1.50680
fb: 0.00000 0.39339 -0.76061 0.76551
fb: 0.00000 0.44467 -0.73497 0.73987
target: 0.00000 0.78486
dist/lin/ang/drive_left/drive_right/tv_l/tv_r/av_l/av_r/x/y/theta/t_err: 1.45350 0.00000 6.00000 -0.44467 0.44467 -0.62661 0.57167 -0.62661 0.57167 0 0 6.72032 1.45350
fb: 0.00000 0.48773 -0.71344 0.71834
fb: 0.00000 0.50362 -0.70550 0.71039
target: 0.00000 0.78486
dist/lin/ang/drive_left/drive_right/tv_l/tv_r/av_l/av_r/x/y/theta/t_err: 1.38412 0.00000 6.00000 -0.50362 0.50362 -0.45517 0.47431 -0.45517 0.47431 0 0 10.69599 1.38412
fb: 0.00000 0.51525 -0.69968 0.70458
fb: 0.00000 0.54688 -0.68387 0.68876
target: 0.00000 0.78486
dist/lin/ang/drive_left/drive_right/tv_l/tv_r/av_l/av_r/x/y/theta/t_err: 1.30684 0.00000 6.00000 -0.54688 0.54688 -0.57886 0.57233 -0.57886 0.57233 0 0 15.12342 1.30684
fb: -0.01567 0.58346 -0.66558 0.67047
fb: -0.01567 0.61572 -0.64945 0.65434
target: 0.00000 0.78486
dist/lin/ang/drive_left/drive_right/tv_l/tv_r/av_l/av_r/x/y/theta/t_err: 1.22201 0.00000 6.00000 -0.63139 0.60006 -0.57353 0.52461 -0.57353 0.52461 0 0 19.98409 1.22201
fb: -0.04060 0.64408 -0.63527 0.64016
fb: -0.04060 0.66986 -0.62238 0.62727
target: 0.00000 0.78486
dist/lin/ang/drive_left/drive_right/tv_l/tv_r/av_l/av_r/x/y/theta/t_err: 1.12711 0.00000 6.00000 -0.71046 0.62927 -0.55919 0.56825 -0.55919 0.56825 0 0 25.42133 1.12711
fb: -0.05053 0.69697 -0.60883 0.61372
fb: -0.05053 0.72769 -0.59346 0.59836
target: 0.00000 0.78486
dist/lin/ang/drive_left/drive_right/tv_l/tv_r/av_l/av_r/x/y/theta/t_err: 1.02392 0.00000 6.00000 -0.77822 0.67717 -0.56397 0.56208 -0.56397 0.56208 0 0 31.33368 1.02392
fb: -0.05229 0.75466 -0.57998 0.58487
fb: -0.05229 0.77500 -0.56981 0.57470
target: 0.00000 0.78486
dist/lin/ang/drive_left/drive_right/tv_l/tv_r/av_l/av_r/x/y/theta/t_err: 0.91200 0.00000 6.00000 -0.82729 0.72271 -0.57064 0.55303 -0.57064 0.55303 0 0 37.74650 0.91200
fb: -0.05427 0.79437 -0.56012 0.56502
fb: -0.05427 0.81263 -0.55100 0.55589
target: 0.00000 0.74041
dist/lin/ang/drive_left/drive_right/tv_l/tv_r/av_l/av_r/x/y/theta/t_err: 0.79303 0.00000 5.66022 -0.86690 0.75835 -0.54894 0.55425 -0.54894 0.55425 0 0 44.56267 0.79303
fb: -0.08340 0.82942 -0.29059 0.29548
fb: -0.08340 0.84558 -0.28251 0.28740
target: 0.00000 0.61210
dist/lin/ang/drive_left/drive_right/tv_l/tv_r/av_l/av_r/x/y/theta/t_err: 0.66840 0.00000 4.67931 -0.92898 0.76219 -0.46883 0.48697 -0.46883 0.48697 0 0 51.70351 0.66840
fb: -0.09884 0.85541 0.32798 -0.33287
fb: -0.09884 0.85046 0.32550 -0.33040
target: 0.00000 0.47947
dist/lin/ang/drive_left/drive_right/tv_l/tv_r/av_l/av_r/x/y/theta/t_err: 0.53903 0.00000 3.66540 -0.94930 0.75162 -0.19881 0.27650 -0.19881 0.27650 0 0 59.11583 0.53903
fb: -0.07766 0.83938 0.49457 -0.49946
fb: -0.07766 0.80907 0.47942 -0.48431
target: 0.00000 0.34912
dist/lin/ang/drive_left/drive_right/tv_l/tv_r/av_l/av_r/x/y/theta/t_err: 0.40963 0.00000 2.66894 -0.88673 0.73142 0.25750 -0.19694 0.25750 -0.19694 0 0 66.52973 0.40963
fb: -0.08538 0.74316 0.58869 -0.59358
fb: -0.08538 0.67216 0.55319 -0.55808
target: 0.00000 0.23196
dist/lin/ang/drive_left/drive_right/tv_l/tv_r/av_l/av_r/x/y/theta/t_err: 0.28903 0.00000 1.77325 -0.75755 0.58678 0.30886 -0.30408 0.30886 -0.30408 0 0 73.43988 0.28903
fb: -0.09487 0.60311 0.59643 -0.60132
fb: -0.09487 0.52689 0.55832 -0.56321
target: 0.00000 0.14103
dist/lin/ang/drive_left/drive_right/tv_l/tv_r/av_l/av_r/x/y/theta/t_err: 0.18882 0.00000 1.07816 -0.62176 0.43201 0.32308 -0.34856 0.32308 -0.34856 0 0 79.18125 0.18882
fb: 0.00000 0.44237 0.50436 -0.50925
fb: 0.00000 0.36190 0.35369 -0.35858
target: 0.00000 0.07465
dist/lin/ang/drive_left/drive_right/tv_l/tv_r/av_l/av_r/x/y/theta/t_err: 0.11168 0.00000 0.57071 -0.36190 0.36190 0.23494 -0.34942 0.23494 -0.34942 0 0 83.60092 0.11168
fb: 0.00000 0.28790 0.28772 -0.29261
fb: 0.00000 0.21237 0.28772 -0.29261
target: 0.00000 0.03369
dist/lin/ang/drive_left/drive_right/tv_l/tv_r/av_l/av_r/x/y/theta/t_err: 0.05907 0.00000 0.25752 -0.21237 0.21237 0.28642 -0.31689 0.28642 -0.31689 0 0 86.61562 0.05907
fb: 0.00000 0.13301 0.20081 -0.20570
fb: 0.00000 0.05588 0.20081 -0.20570
target: 0.00000 0.01544
dist/lin/ang/drive_left/drive_right/tv_l/tv_r/av_l/av_r/x/y/theta/t_err: 0.02966 0.00000 0.11807 -0.05588 0.05588 0.24861 -0.26572 0.24861 -0.26572 0 0 88.30076 0.02966
fb: 0.00000 -0.00272 0.11076 -0.11565
fb: 0.00000 -0.04438 0.11076 -0.11565
target: 0.00000 0.02015
dist/lin/ang/drive_left/drive_right/tv_l/tv_r/av_l/av_r/x/y/theta/t_err: 0.02317 0.00000 0.15406 0.04438 -0.04438 0.19008 -0.19197 0.19008 -0.19197 0 0 88.67254 0.02317
fb: 0.00000 -0.07114 -0.07371 0.07861
fb: 0.00000 -0.08257 -0.07371 0.07861
target: 0.00000 0.03481
dist/lin/ang/drive_left/drive_right/tv_l/tv_r/av_l/av_r/x/y/theta/t_err: 0.03083 0.00000 0.26609 0.08257 -0.08257 0.08831 -0.09531 0.08831 -0.09531 0 0 88.23371 0.03083
fb: 0.00000 -0.08682 -0.12829 0.13318
fb: 0.00000 -0.08493 -0.12829 0.13318
target: 0.00000 0.05009
dist/lin/ang/drive_left/drive_right/tv_l/tv_r/av_l/av_r/x/y/theta/t_err: 0.04354 0.00000 0.38292 0.08493 -0.08493 -0.06400 0.06944 -0.06400 0.06944 0 0 87.50538 0.04354
fb: 0.00000 -0.08089 -0.14135 0.14625
fb: 0.00000 -0.07198 -0.14135 0.14625
target: 0.00000 0.06304
dist/lin/ang/drive_left/drive_right/tv_l/tv_r/av_l/av_r/x/y/theta/t_err: 0.05635 0.00000 0.48189 0.07198 -0.07198 -0.11639 0.12369 -0.11639 0.12369 0 0 86.77162 0.05635
fb: 0.00000 -0.05497 -0.13951 0.14441
fb: 0.00000 -0.02536 -0.13951 0.14441
target: 0.00000 0.07220
dist/lin/ang/drive_left/drive_right/tv_l/tv_r/av_l/av_r/x/y/theta/t_err: 0.06666 0.00000 0.55195 0.02536 -0.02536 -0.13278 0.12919 -0.13278 0.12919 0 0 86.18073 0.06666
fb: 0.00000 0.01129 -0.12864 0.13353
fb: 0.00000 0.03546 -0.12864 0.13353
target: 0.00000 0.07056
dist/lin/ang/drive_left/drive_right/tv_l/tv_r/av_l/av_r/x/y/theta/t_err: 0.06894 0.00000 0.53940 -0.03546 0.03546 -0.12561 0.13261 -0.12561 0.13261 0 0 86.04997 0.06894
fb: -0.47331 0.04647 0.23579 0.32047
fb: -0.47331 0.05247 0.23579 0.32047
target: 0.00000 0.06080
dist/lin/ang/drive_left/drive_right/tv_l/tv_r/av_l/av_r/x/y/theta/t_err: 0.06317 0.00000 0.46480 -0.52578 -0.42085 -0.08656 0.16511 -0.08656 0.16511 0 0 86.38046 0.06317
fb: 0.00000 0.06104 0.04220 -0.04709
fb: 0.00000 0.07281 0.04220 -0.04709
target: 0.00000 0.05114
dist/lin/ang/drive_left/drive_right/tv_l/tv_r/av_l/av_r/x/y/theta/t_err: 0.05484 0.00000 0.39098 -0.07281 0.07281 0.17231 0.19233 0.17231 0.19233 0 0 86.85811 0.05484
fb: -0.00199 0.08061 0.04821 -0.05311
fb: -0.00199 0.07664 0.04821 -0.05311
target: 0.00000 0.03817
dist/lin/ang/drive_left/drive_right/tv_l/tv_r/av_l/av_r/x/y/theta/t_err: 0.04344 0.00000 0.29179 -0.07863 0.07466 0.06553 -0.02944 0.06553 -0.02944 0 0 87.51090 0.04344
fb: 0.00000 0.06536 0.07184 -0.07673
fb: 0.00000 0.04870 0.07184 -0.07673
target: 0.00000 0.02700
dist/lin/ang/drive_left/drive_right/tv_l/tv_r/av_l/av_r/x/y/theta/t_err: 0.03225 0.00000 0.20638 -0.04870 0.04870 0.05081 -0.05542 0.05081 -0.05542 0 0 88.15207 0.03225
fb: 0.04479 0.03205 0.07121 -0.07610
fb: 0.04479 0.01561 0.07121 -0.07610
target: 0.00000 0.02221
dist/lin/ang/drive_left/drive_right/tv_l/tv_r/av_l/av_r/x/y/theta/t_err: 0.02539 0.00000 0.16975 0.02919 0.06040 0.06808 -0.06878 0.06808 -0.06878 0 0 88.54534 0.02539
fb: 0.04060 -0.00585 0.04571 -0.05060
fb: 0.04060 -0.02111 0.04571 -0.05060
target: 0.00000 0.02333
dist/lin/ang/drive_left/drive_right/tv_l/tv_r/av_l/av_r/x/y/theta/t_err: 0.02389 0.00000 0.17833 0.06171 0.01949 0.06161 -0.06331 0.06161 -0.06331 0 0 88.63121 0.02389
fb: 0.01169 -0.03128 -0.05970 0.06460
fb: 0.01169 -0.03707 -0.05970 0.06460
final error was 1.56930
position: -0.30353 -0.69481 88.43070
took 0.70000 time to finish turn
target: 0.00000 0.15697
dist/lin/ang/drive_left/drive_right/tv_l/tv_r/av_l/av_r/x/y/theta/t_err: 1.57080 0.00000 1.20000 0.00000 0.00000 0.00000 -0.00017 0.00000 -0.00017 0 0 -0.00001 1.57080
fb: 0.00000 0.00000 -0.85057 0.85546
fb: 0.00000 0.00000 -0.85057 0.85546
target: 0.00000 0.31394
dist/lin/ang/drive_left/drive_right/tv_l/tv_r/av_l/av_r/x/y/theta/t_err: 1.57080 0.00000 2.40000 0.00000 0.00000 -0.08453 0.07219 -0.08453 0.07219 0 0 -0.00014 1.57080
fb: 0.00000 0.00077 -1.00000 1.00000
fb: 0.00000 0.03874 -1.00000 1.00000
target: 0.00000 0.47092
dist/lin/ang/drive_left/drive_right/tv_l/tv_r/av_l/av_r/x/y/theta/t_err: 1.57078 0.00000 3.60000 -0.03874 0.03874 -0.40139 0.36836 -0.40139 0.36836 0 0 0.00091 1.57078
fb: 0.00000 0.09100 -1.00000 1.00000
fb: 0.00375 0.13538 -1.00000 1.00000
target: 0.00000 0.62789
dist/lin/ang/drive_left/drive_right/tv_l/tv_r/av_l/av_r/x/y/theta/t_err: 1.56288 0.00000 4.80000 -0.13163 0.13913 -0.32581 0.46303 -0.32581 0.46303 0 0 0.45346 1.56288
fb: 0.00375 0.17670 -1.00000 1.00000
fb: 0.01743 0.22575 -1.00000 1.00000
target: 0.00000 0.78486
dist/lin/ang/drive_left/drive_right/tv_l/tv_r/av_l/av_r/x/y/theta/t_err: 1.54068 0.00000 6.00000 -0.20832 0.24318 -0.61136 0.54411 -0.61136 0.54411 0 0 1.72569 1.54068
fb: 0.01743 0.27376 -1.00000 1.00000
fb: 0.01567 0.32079 -1.00000 1.00000
target: 0.00000 0.78486
dist/lin/ang/drive_left/drive_right/tv_l/tv_r/av_l/av_r/x/y/theta/t_err: 1.50451 0.00000 6.00000 -0.30512 0.33645 -0.62847 0.65347 -0.62847 0.65347 0 0 3.79819 1.50451
fb: 0.01567 0.36629 -0.77417 0.77906
fb: 0.01147 0.41541 -0.74961 0.75450
target: 0.00000 0.78486
dist/lin/ang/drive_left/drive_right/tv_l/tv_r/av_l/av_r/x/y/theta/t_err: 1.45389 0.00000 6.00000 -0.40393 0.42688 -0.65944 0.56792 -0.65944 0.56792 0 0 6.69828 1.45389
fb: 0.01147 0.46460 -0.72501 0.72990
fb: 0.00397 0.49163 -0.71149 0.71639
target: 0.00000 0.78486
dist/lin/ang/drive_left/drive_right/tv_l/tv_r/av_l/av_r/x/y/theta/t_err: 1.38865 0.00000 6.00000 -0.48766 0.49560 -0.42469 0.50000 -0.42469 0.50000 0 0 10.43643 1.38865
fb: 0.00397 0.51226 -0.70118 0.70607
fb: 0.00397 0.54257 -0.68603 0.69092
target: 0.00000 0.78486
dist/lin/ang/drive_left/drive_right/tv_l/tv_r/av_l/av_r/x/y/theta/t_err: 1.31295 0.00000 6.00000 -0.53859 0.54654 -0.56464 0.52719 -0.56464 0.52719 0 0 14.77363 1.31295
fb: 0.00397 0.57176 -0.67143 0.67632
fb: 0.00000 0.60520 -0.65471 0.65960
target: 0.00000 0.78486
dist/lin/ang/drive_left/drive_right/tv_l/tv_r/av_l/av_r/x/y/theta/t_err: 1.22918 0.00000 6.00000 -0.60520 0.60520 -0.55031 0.53642 -0.55031 0.53642 0 0 19.57308 1.22918
fb: 0.00000 0.63921 -0.63771 0.64260
fb: 0.00000 0.66464 -0.62499 0.62988
target: 0.00000 0.78486
dist/lin/ang/drive_left/drive_right/tv_l/tv_r/av_l/av_r/x/y/theta/t_err: 1.13566 0.00000 6.00000 -0.66464 0.66464 -0.54242 0.52206 -0.54242 0.52206 0 0 24.93145 1.13566
fb: 0.00000 0.68408 -0.61527 0.62016
fb: -0.03508 0.71439 -0.60012 0.60501
target: 0.00000 0.78486
dist/lin/ang/drive_left/drive_right/tv_l/tv_r/av_l/av_r/x/y/theta/t_err: 1.03362 0.00000 6.00000 -0.74947 0.67930 -0.56961 0.55336 -0.56961 0.55336 0 0 30.77818 1.03362
fb: -0.03508 0.74044 -0.58709 0.59198
fb: -0.05030 0.76211 -0.57625 0.58115
target: 0.00000 0.78486
dist/lin/ang/drive_left/drive_right/tv_l/tv_r/av_l/av_r/x/y/theta/t_err: 0.92373 0.00000 6.00000 -0.81242 0.71181 -0.57167 0.54872 -0.57167 0.54872 0 0 37.07412 0.92373
fb: -0.05030 0.78629 -0.56416 0.56906
fb: -0.05626 0.80594 -0.55434 0.55923
target: 0.00000 0.75486
dist/lin/ang/drive_left/drive_right/tv_l/tv_r/av_l/av_r/x/y/theta/t_err: 0.80652 0.00000 5.77067 -0.86220 0.74968 -0.56108 0.55542 -0.56108 0.55542 0 0 43.78976 0.80652
fb: -0.05626 0.82440 -0.37502 0.37991
fb: -0.06972 0.84342 -0.36551 0.37040
target: 0.00000 0.62715
dist/lin/ang/drive_left/drive_right/tv_l/tv_r/av_l/av_r/x/y/theta/t_err: 0.68287 0.00000 4.79438 -0.91314 0.77371 -0.50408 0.50000 -0.50408 0.50000 0 0 50.87458 0.68287
fb: -0.06972 0.85011 0.30500 -0.30990
fb: -0.06023 0.84461 0.30225 -0.30714
target: 0.00000 0.49478
dist/lin/ang/drive_left/drive_right/tv_l/tv_r/av_l/av_r/x/y/theta/t_err: 0.55399 0.00000 3.78246 -0.90484 0.78438 -0.27428 0.27342 -0.27428 0.27342 0 0 58.25860 0.55399
fb: -0.06023 0.83130 0.47144 -0.47633
fb: -0.12399 0.80399 0.45778 -0.46268
target: 0.00000 0.36572
dist/lin/ang/drive_left/drive_right/tv_l/tv_r/av_l/av_r/x/y/theta/t_err: 0.42561 0.00000 2.79582 -0.92798 0.68000 0.18431 -0.20894 0.18431 -0.20894 0 0 65.61406 0.42561
fb: -0.12399 0.74490 0.56436 -0.56925
fb: -0.12223 0.67683 0.53032 -0.53522
target: 0.00000 0.24869
dist/lin/ang/drive_left/drive_right/tv_l/tv_r/av_l/av_r/x/y/theta/t_err: 0.30543 0.00000 1.90116 -0.79906 0.55460 0.30233 -0.28850 0.30233 -0.28850 0 0 72.49995 0.30543
fb: -0.12223 0.60632 0.57785 -0.58275
fb: -0.09708 0.53239 0.54089 -0.54578
target: 0.00000 0.15671
dist/lin/ang/drive_left/drive_right/tv_l/tv_r/av_l/av_r/x/y/theta/t_err: 0.20466 0.00000 1.19800 -0.62948 0.43531 0.33742 -0.37644 0.33742 -0.37644 0 0 78.27376 0.20466
fb: -0.09708 0.44739 0.49328 -0.49817
fb: -0.07546 0.35660 0.34794 -0.35283
target: 0.00000 0.08935
dist/lin/ang/drive_left/drive_right/tv_l/tv_r/av_l/av_r/x/y/theta/t_err: 0.12669 0.00000 0.68307 -0.43206 0.28114 0.32492 -0.38036 0.32492 -0.38036 0 0 82.74145 0.12669
fb: -0.07546 0.26498 0.28227 -0.28716
fb: -0.07966 0.17962 0.28227 -0.28716
target: 0.00000 0.05104
dist/lin/ang/drive_left/drive_right/tv_l/tv_r/av_l/av_r/x/y/theta/t_err: 0.07557 0.00000 0.39017 -0.25928 0.09997 0.28539 -0.29839 0.28539 -0.29839 0 0 85.67035 0.07557
fb: -0.07966 0.10361 0.17724 -0.18214
fb: -0.10084 0.03895 0.17724 -0.18214
target: 0.00000 0.03917
dist/lin/ang/drive_left/drive_right/tv_l/tv_r/av_l/av_r/x/y/theta/t_err: 0.05090 0.00000 0.29941 -0.13979 -0.06189 0.24486 -0.24606 0.24486 -0.24606 0 0 87.08375 0.05090
fb: -0.10084 -0.01205 0.06621 -0.07110
fb: -0.04832 -0.04731 0.06621 -0.07110
target: 0.00000 0.04506
dist/lin/ang/drive_left/drive_right/tv_l/tv_r/av_l/av_r/x/y/theta/t_err: 0.04675 0.00000 0.34444 -0.00101 -0.09563 0.14989 -0.15761 0.14989 -0.15761 0 0 87.32132 0.04675
fb: -0.04832 -0.06828 -0.09572 0.10061
fb: -0.00794 -0.07671 -0.09572 0.10061
target: 0.00000 0.05894
dist/lin/ang/drive_left/drive_right/tv_l/tv_r/av_l/av_r/x/y/theta/t_err: 0.05466 0.00000 0.45058 0.06877 -0.08466 0.03081 -0.03678 0.03081 -0.03678 0 0 86.86800 0.05466
fb: -0.00794 -0.07692 -0.14099 0.14589
fb: -0.00772 -0.07260 -0.14099 0.14589
target: 0.00000 0.07260
dist/lin/ang/drive_left/drive_right/tv_l/tv_r/av_l/av_r/x/y/theta/t_err: 0.06637 0.00000 0.55498 0.06488 -0.08033 -0.09069 0.09547 -0.09069 0.09547 0 0 86.19713 0.06637
fb: -0.00772 -0.06710 -0.14911 0.15401
fb: -0.01545 -0.05358 -0.14911 0.15401
target: 0.00000 0.08316
dist/lin/ang/drive_left/drive_right/tv_l/tv_r/av_l/av_r/x/y/theta/t_err: 0.07726 0.00000 0.63573 0.03813 -0.06903 -0.13569 0.13244 -0.13569 0.13244 0 0 85.57332 0.07726
fb: -0.01545 -0.03024 -0.14228 0.14717
fb: 0.00000 0.00132 -0.14228 0.14717
target: 0.00000 0.08858
dist/lin/ang/drive_left/drive_right/tv_l/tv_r/av_l/av_r/x/y/theta/t_err: 0.08444 0.00000 0.67717 -0.00132 0.00132 -0.13653 0.13739 -0.13653 0.13739 0 0 85.16167 0.08444
fb: 0.00000 0.03156 -0.12276 0.12766
fb: 0.00000 0.04752 -0.12276 0.12766
target: 0.00000 0.08316
dist/lin/ang/drive_left/drive_right/tv_l/tv_r/av_l/av_r/x/y/theta/t_err: 0.08318 0.00000 0.63574 -0.04752 0.04752 -0.13483 0.13381 -0.13483 0.13381 0 0 85.23416 0.08318
fb: 0.00000 0.05595 -0.07035 0.07525
fb: 0.00000 0.05978 -0.07035 0.07525
target: 0.00000 0.07253
dist/lin/ang/drive_left/drive_right/tv_l/tv_r/av_l/av_r/x/y/theta/t_err: 0.07566 0.00000 0.55444 -0.05978 0.05978 -0.10542 0.11103 -0.10542 0.11103 0 0 85.66472 0.07566
fb: 0.00000 0.06375 -0.03976 0.04465
fb: 0.00000 0.06347 -0.03976 0.04465
target: 0.00000 0.06233
dist/lin/ang/drive_left/drive_right/tv_l/tv_r/av_l/av_r/x/y/theta/t_err: 0.06640 0.00000 0.47650 -0.06347 0.06347 -0.05631 0.07000 -0.05631 0.07000 0 0 86.19574 0.06640
fb: 0.00000 0.05922 0.04314 -0.04803
fb: 0.00000 0.05330 0.04314 -0.04803
target: 0.00000 0.05266
dist/lin/ang/drive_left/drive_right/tv_l/tv_r/av_l/av_r/x/y/theta/t_err: 0.05690 0.00000 0.40257 -0.05330 0.05330 -0.00547 0.03644 -0.00547 0.03644 0 0 86.73962 0.05690
fb: 0.00000 0.04592 0.04726 -0.05216
fb: 0.00000 0.03749 0.04726 -0.05216
target: 0.00000 0.04555
dist/lin/ang/drive_left/drive_right/tv_l/tv_r/av_l/av_r/x/y/theta/t_err: 0.04905 0.00000 0.34822 -0.03749 0.03749 0.04022 -0.03731 0.04022 -0.03731 0 0 87.18968 0.04905
fb: 0.00000 0.02892 0.04049 -0.04539
fb: 0.00000 0.02035 0.04049 -0.04539
target: 0.00000 0.04125
dist/lin/ang/drive_left/drive_right/tv_l/tv_r/av_l/av_r/x/y/theta/t_err: 0.04360 0.00000 0.31532 -0.02035 0.02035 0.04467 -0.04981 0.04467 -0.04981 0 0 87.50175 0.04360
fb: 0.00000 0.01205 -0.04729 0.05218
fb: 0.00000 0.00223 -0.04729 0.05218
target: 0.00000 0.03974
dist/lin/ang/drive_left/drive_right/tv_l/tv_r/av_l/av_r/x/y/theta/t_err: 0.04081 0.00000 0.30381 -0.00223 0.00223 0.01114 -0.03419 0.01114 -0.03419 0 0 87.66151 0.04081
fb: 0.00000 -0.00578 -0.05888 0.06377
fb: 0.00000 -0.01122 -0.05888 0.06377
target: 0.00000 0.04100
dist/lin/ang/drive_left/drive_right/tv_l/tv_r/av_l/av_r/x/y/theta/t_err: 0.04074 0.00000 0.31342 0.01122 -0.01122 -0.04347 0.04894 -0.04347 0.04894 0 0 87.66574 0.04074
fb: 0.00000 -0.01394 -0.07215 0.07704
fb: 0.00000 -0.01568 -0.07215 0.07704
target: 0.00000 0.04376
dist/lin/ang/drive_left/drive_right/tv_l/tv_r/av_l/av_r/x/y/theta/t_err: 0.04256 0.00000 0.33452 0.01568 -0.01568 -0.05903 0.06672 -0.05903 0.06672 0 0 87.56159 0.04256
fb: 0.00000 -0.01651 -0.08076 0.08565
fb: 0.00000 -0.01317 -0.08076 0.08565
target: 0.00000 0.04653
dist/lin/ang/drive_left/drive_right/tv_l/tv_r/av_l/av_r/x/y/theta/t_err: 0.04501 0.00000 0.35573 0.01317 -0.01317 -0.07567 0.07375 -0.07567 0.07375 0 0 87.42134 0.04501
fb: 0.00000 0.00188 -0.08269 0.08758
fb: 0.00000 0.01679 -0.08269 0.08758
target: 0.00000 0.04728
dist/lin/ang/drive_left/drive_right/tv_l/tv_r/av_l/av_r/x/y/theta/t_err: 0.04631 0.00000 0.36146 -0.01679 0.01679 -0.07733 0.07650 -0.07733 0.07650 0 0 87.34672 0.04631
fb: 0.00000 0.02362 -0.07408 0.07897
fb: 0.00000 0.02494 -0.07408 0.07897
target: 0.00000 0.04252
dist/lin/ang/drive_left/drive_right/tv_l/tv_r/av_l/av_r/x/y/theta/t_err: 0.04356 0.00000 0.32505 -0.02494 0.02494 -0.07544 0.07614 -0.07544 0.07614 0 0 87.50446 0.04356
fb: 0.00000 0.02292 -0.04608 0.05097
fb: 0.00199 0.02014 -0.04608 0.05097
target: 0.00000 0.03832
dist/lin/ang/drive_left/drive_right/tv_l/tv_r/av_l/av_r/x/y/theta/t_err: 0.03985 0.00000 0.29293 -0.01815 0.02212 -0.06128 0.06436 -0.06128 0.06436 0 0 87.71685 0.03985
fb: 0.00199 0.01721 -0.04579 0.05068
fb: 0.00000 0.01310 -0.04579 0.05068
target: 0.00000 0.03570
dist/lin/ang/drive_left/drive_right/tv_l/tv_r/av_l/av_r/x/y/theta/t_err: 0.03689 0.00000 0.27290 -0.01310 0.01310 -0.04192 0.05017 -0.04192 0.05017 0 0 87.88664 0.03689
fb: 0.00000 0.00941 -0.05115 0.05604
fb: 0.00000 0.00648 -0.05115 0.05604
final error was 2.00671
position: -0.19446 -0.67138 87.99329
took 0.84000 time to finish turn
increased kp to 7.80000
increased kp to 7.90000
increased kp to 8.00000
increased kp to 8.10000
increased kp to 8.20000
target: 0.00000 0.15697
dist/lin/ang/drive_left/drive_right/tv_l/tv_r/av_l/av_r/x/y/theta/t_err: 1.57080 0.00000 1.20000 0.00000 0.00000 0.00017 0.00000 0.00017 0.00000 0 0 0.00006 1.57080
fb: 0.00000 0.00000 -0.85057 0.85546
fb: 0.00000 0.00000 -0.85057 0.85546
target: 0.00000 0.31394
dist/lin/ang/drive_left/drive_right/tv_l/tv_r/av_l/av_r/x/y/theta/t_err: 1.57080 0.00000 2.40000 0.00000 0.00000 -0.03131 0.06758 -0.03131 0.06758 0 0 0.00002 1.57080
fb: 0.00000 0.00000 -1.00000 1.00000
fb: 0.00000 0.00000 -1.00000 1.00000
target: 0.00000 0.47092
dist/lin/ang/drive_left/drive_right/tv_l/tv_r/av_l/av_r/x/y/theta/t_err: 1.57079 0.00000 3.60000 0.00000 0.00000 -0.44008 0.44831 -0.44008 0.44831 0 0 0.00009 1.57079
fb: 0.00000 0.02299 -1.00000 1.00000
fb: 0.02538 0.07992 -1.00000 1.00000
target: 0.00000 0.62789
dist/lin/ang/drive_left/drive_right/tv_l/tv_r/av_l/av_r/x/y/theta/t_err: 1.56964 0.00000 4.80000 -0.05454 0.10529 -0.65553 0.34239 -0.65553 0.34239 0 0 0.06650 1.56964
fb: 0.02538 0.13190 -1.00000 1.00000
fb: 0.00375 0.17607 -1.00000 1.00000
target: 0.00000 0.78486
dist/lin/ang/drive_left/drive_right/tv_l/tv_r/av_l/av_r/x/y/theta/t_err: 1.55572 0.00000 6.00000 -0.17232 0.17982 -0.71369 0.56261 -0.71369 0.56261 0 0 0.86387 1.55572
fb: 0.00375 0.22289 -1.00000 1.00000
fb: 0.00000 0.27947 -1.00000 1.00000
target: 0.00000 0.78486
dist/lin/ang/drive_left/drive_right/tv_l/tv_r/av_l/av_r/x/y/theta/t_err: 1.52709 0.00000 6.00000 -0.27947 0.27947 -0.71150 0.64181 -0.71150 0.64181 0 0 2.50438 1.52709
fb: 0.00000 0.33709 -0.78876 0.79366
fb: -0.00375 0.38747 -0.76358 0.76847
target: 0.00000 0.78486
dist/lin/ang/drive_left/drive_right/tv_l/tv_r/av_l/av_r/x/y/theta/t_err: 1.48232 0.00000 6.00000 -0.39122 0.38372 -0.73578 0.61119 -0.73578 0.61119 0 0 5.06944 1.48232
fb: -0.00375 0.43297 -0.74083 0.74572
fb: 0.00000 0.47052 -0.72205 0.72694
target: 0.00000 0.78486
dist/lin/ang/drive_left/drive_right/tv_l/tv_r/av_l/av_r/x/y/theta/t_err: 1.42154 0.00000 6.00000 -0.47052 0.47052 -0.44575 0.43922 -0.44575 0.43922 0 0 8.55175 1.42154
fb: 0.00000 0.48871 -0.71296 0.71785
fb: -0.03685 0.51024 -0.70219 0.70709
target: 0.00000 0.78486
dist/lin/ang/drive_left/drive_right/tv_l/tv_r/av_l/av_r/x/y/theta/t_err: 1.34943 0.00000 6.00000 -0.54708 0.47339 -0.53506 0.50117 -0.53506 0.50117 0 0 12.68356 1.34943
fb: -0.03685 0.53692 -0.68885 0.69374
fb: 0.00000 0.56256 -0.67603 0.68092
target: 0.00000 0.78486
dist/lin/ang/drive_left/drive_right/tv_l/tv_r/av_l/av_r/x/y/theta/t_err: 1.27051 0.00000 6.00000 -0.56256 0.56256 -0.56842 0.37011 -0.56842 0.37011 0 0 17.20521 1.27051
fb: 0.00000 0.59419 -0.66021 0.66511
fb: 0.00000 0.61621 -0.64920 0.65410
target: 0.00000 0.78486
dist/lin/ang/drive_left/drive_right/tv_l/tv_r/av_l/av_r/x/y/theta/t_err: 1.18345 0.00000 6.00000 -0.61621 0.61621 -0.59236 0.49911 -0.59236 0.49911 0 0 22.19345 1.18345
fb: 0.00000 0.63489 -0.63987 0.64476
fb: 0.00000 0.66352 -0.62555 0.63044
target: 0.00000 0.78486
dist/lin/ang/drive_left/drive_right/tv_l/tv_r/av_l/av_r/x/y/theta/t_err: 1.08878 0.00000 6.00000 -0.66352 0.66352 -0.58828 0.55128 -0.58828 0.55128 0 0 27.61747 1.08878
fb: 0.00000 0.69752 -0.60855 0.61344
fb: 0.00000 0.72804 -0.59329 0.59818
target: 0.00000 0.78486
dist/lin/ang/drive_left/drive_right/tv_l/tv_r/av_l/av_r/x/y/theta/t_err: 0.98625 0.00000 6.00000 -0.72804 0.72804 -0.59392 0.55661 -0.59392 0.55661 0 0 33.49232 0.98625
fb: 0.00000 0.75758 -0.57852 0.58341
fb: 0.00000 0.78051 -0.56706 0.57195
target: 0.00000 0.78486
dist/lin/ang/drive_left/drive_right/tv_l/tv_r/av_l/av_r/x/y/theta/t_err: 0.87405 0.00000 6.00000 -0.78051 0.78051 -0.57544 0.55953 -0.57544 0.55953 0 0 39.92055 0.87405
fb: 0.00000 0.79897 -0.55782 0.56272
fb: 0.00000 0.81542 -0.54960 0.55450
target: 0.00000 0.75045
dist/lin/ang/drive_left/drive_right/tv_l/tv_r/av_l/av_r/x/y/theta/t_err: 0.75436 0.00000 5.73695 -0.81542 0.81542 -0.55336 0.55286 -0.55336 0.55286 0 0 46.77815 0.75436
fb: 0.00000 0.83088 -0.34677 0.35166
fb: 0.00000 0.84510 -0.33966 0.34455
target: 0.00000 0.61381
dist/lin/ang/drive_left/drive_right/tv_l/tv_r/av_l/av_r/x/y/theta/t_err: 0.62939 0.00000 4.69235 -0.84510 0.84510 -0.49517 0.48867 -0.49517 0.48867 0 0 53.93857 0.62939
fb: 0.00000 0.85687 0.36420 -0.36910
fb: 0.00000 0.86161 0.36657 -0.37147
target: 0.00000 0.47275
dist/lin/ang/drive_left/drive_right/tv_l/tv_r/av_l/av_r/x/y/theta/t_err: 0.49994 0.00000 3.61402 -0.86161 0.86161 -0.26556 0.21083 -0.26556 0.21083 0 0 61.35577 0.49994
fb: 0.00000 0.85165 0.54648 -0.55138
fb: 0.00000 0.83688 0.53910 -0.54399
target: 0.00000 0.33143
dist/lin/ang/drive_left/drive_right/tv_l/tv_r/av_l/av_r/x/y/theta/t_err: 0.36891 0.00000 2.53370 -0.83688 0.83688 0.26300 -0.28989 0.26300 -0.28989 0 0 68.86306 0.36891
fb: 0.00000 0.79988 0.68711 -0.69200
fb: -1.00849 0.74065 1.00000 -0.15814
target: 0.00000 0.19830
dist/lin/ang/drive_left/drive_right/tv_l/tv_r/av_l/av_r/x/y/theta/t_err: 0.24262 0.00000 1.51591 -1.74915 -0.26784 0.30047 -0.32119 0.30047 -0.32119 0 0 76.09886 0.24262
fb: -1.00849 0.67237 1.00000 -0.24297
fb: -0.16085 0.59524 0.70376 -0.70865
target: 0.00000 0.08759
dist/lin/ang/drive_left/drive_right/tv_l/tv_r/av_l/av_r/x/y/theta/t_err: 0.13217 0.00000 0.66958 -0.75609 0.43439 0.41650 -0.21269 0.41650 -0.21269 0 0 82.42731 0.13217
fb: -0.16085 0.51595 0.69270 -0.69760
fb: -0.13768 0.43791 0.65369 -0.65858
target: 0.00000 0.00420
dist/lin/ang/drive_left/drive_right/tv_l/tv_r/av_l/av_r/x/y/theta/t_err: 0.04416 0.00000 0.03211 -0.57560 0.30023 0.32922 -0.32889 0.32922 -0.32889 0 0 87.46965 0.04416
fb: -0.13768 0.36217 0.59044 -0.59533
fb: -0.10282 0.28247 0.55058 -0.55548
target: 0.00000 -0.05284
dist/lin/ang/drive_left/drive_right/tv_l/tv_r/av_l/av_r/x/y/theta/t_err: -0.01995 0.00000 -0.40398 -0.38529 0.17964 0.27567 -0.34614 0.27567 -0.34614 0 0 91.14289 -0.01995
fb: -0.10282 0.19851 0.33113 -0.33603
fb: -0.06002 0.11559 0.33113 -0.33603
target: 0.00000 -0.08386
dist/lin/ang/drive_left/drive_right/tv_l/tv_r/av_l/av_r/x/y/theta/t_err: -0.05990 0.00000 -0.64106 -0.17561 0.05557 0.23114 -0.34750 0.23114 -0.34750 0 0 93.43227 -0.05990
fb: -0.06002 0.03867 0.23476 -0.23965
fb: -0.07966 -0.01658 0.23476 -0.23965
target: 0.00000 -0.08735
dist/lin/ang/drive_left/drive_right/tv_l/tv_r/av_l/av_r/x/y/theta/t_err: -0.07468 0.00000 -0.66777 -0.06308 -0.09624 0.28097 -0.26197 0.28097 -0.26197 0 0 94.27878 -0.07468
fb: -0.07966 -0.05881 0.11327 -0.11817
fb: -0.03884 -0.08751 0.11327 -0.11817
target: 0.00000 -0.07376
dist/lin/ang/drive_left/drive_right/tv_l/tv_r/av_l/av_r/x/y/theta/t_err: -0.07062 0.00000 -0.56388 0.04868 -0.12635 0.21575 -0.19764 0.21575 -0.19764 0 0 94.04630 -0.07062
fb: -0.03884 -0.10660 -0.05076 0.05565
fb: -0.02891 -0.11963 -0.05076 0.05565
target: 0.00000 -0.05382
dist/lin/ang/drive_left/drive_right/tv_l/tv_r/av_l/av_r/x/y/theta/t_err: -0.05659 0.00000 -0.41144 0.09073 -0.14854 0.08058 -0.07719 0.08058 -0.07719 0 0 93.24244 -0.05659
fb: -0.02891 -0.12249 -0.09270 0.09759
fb: -0.02538 -0.11901 -0.09270 0.09759
target: 0.00000 -0.03208
dist/lin/ang/drive_left/drive_right/tv_l/tv_r/av_l/av_r/x/y/theta/t_err: -0.03828 0.00000 -0.24522 0.09363 -0.14438 -0.05136 0.04981 -0.05136 0.04981 0 0 92.19324 -0.03828
fb: -0.02538 -0.11315 -0.11537 0.12027
fb: -0.01545 -0.10605 -0.11537 0.12027
target: 0.00000 -0.01297
dist/lin/ang/drive_left/drive_right/tv_l/tv_r/av_l/av_r/x/y/theta/t_err: -0.02031 0.00000 -0.09919 0.09060 -0.12149 -0.09325 0.09325 -0.09325 0.09325 0 0 91.16382 -0.02031
fb: -0.01545 -0.09511 -0.11629 0.12119
fb: -0.01169 -0.07323 -0.11629 0.12119
target: 0.00000 0.00282
dist/lin/ang/drive_left/drive_right/tv_l/tv_r/av_l/av_r/x/y/theta/t_err: -0.00457 0.00000 0.02154 0.06153 -0.08492 -0.10661 0.11294 -0.10661 0.11294 0 0 90.26195 -0.00457
fb: -0.01169 -0.03985 -0.11198 0.11687
fb: -0.00772 0.00300 -0.11198 0.11687
final error was 0.30402
position: -0.17878 -1.30260 89.69598
took 0.60000 time to finish turn
increased kd to 1.70000
increased kd to 1.90000
increased kd to 2.10000
increased kd to 2.30000
increased kd to 2.50000
increased kd to 2.70000
increased kd to 2.90000
increased kd to 3.10000
increased kd to 3.30000
increased kd to 3.50000
target: 0.00000 0.15697
dist/lin/ang/drive_left/drive_right/tv_l/tv_r/av_l/av_r/x/y/theta/t_err: 1.57080 0.00000 1.20000 0.00000 0.00000 0.00017 -0.00017 0.00017 -0.00017 0 0 0.00002 1.57080
fb: 0.00000 0.00000 -0.85057 0.85546
fb: 0.00000 0.00000 -0.85057 0.85546
target: 0.00000 0.31394
dist/lin/ang/drive_left/drive_right/tv_l/tv_r/av_l/av_r/x/y/theta/t_err: 1.57080 0.00000 2.40000 0.00000 0.00000 -0.07922 0.07100 -0.07922 0.07100 0 0 -0.00010 1.57080
fb: 0.00000 0.00000 -1.00000 1.00000
fb: 0.00000 0.01178 -1.00000 1.00000
target: 0.00000 0.47092
dist/lin/ang/drive_left/drive_right/tv_l/tv_r/av_l/av_r/x/y/theta/t_err: 1.57079 0.00000 3.60000 -0.01178 0.01178 -0.49331 0.40125 -0.49331 0.40125 0 0 0.00035 1.57079
fb: -0.00375 0.06821 -1.00000 1.00000
fb: -0.00375 0.12395 -1.00000 1.00000
target: 0.00000 0.62789
dist/lin/ang/drive_left/drive_right/tv_l/tv_r/av_l/av_r/x/y/theta/t_err: 1.56629 0.00000 4.80000 -0.12770 0.12020 -0.56653 0.32989 -0.56653 0.32989 0 0 0.25818 1.56629
fb: 0.00971 0.16262 -1.00000 1.00000
fb: 0.00971 0.20317 -1.00000 1.00000
target: 0.00000 0.78486
dist/lin/ang/drive_left/drive_right/tv_l/tv_r/av_l/av_r/x/y/theta/t_err: 1.54624 0.00000 6.00000 -0.19347 0.21288 -0.65519 0.54567 -0.65519 0.54567 0 0 1.40675 1.54624
fb: -0.01942 0.25362 -1.00000 1.00000
fb: -0.01942 0.30859 -1.00000 1.00000
target: 0.00000 0.78486
dist/lin/ang/drive_left/drive_right/tv_l/tv_r/av_l/av_r/x/y/theta/t_err: 1.51319 0.00000 6.00000 -0.32801 0.28918 -0.68425 0.65431 -0.68425 0.65431 0 0 3.30085 1.51319
fb: -0.03111 0.36364 -0.77549 0.78038
fb: -0.03111 0.41311 -0.75076 0.75565
target: 0.00000 0.78486
dist/lin/ang/drive_left/drive_right/tv_l/tv_r/av_l/av_r/x/y/theta/t_err: 1.46407 0.00000 6.00000 -0.44422 0.38200 -0.61156 0.66644 -0.61156 0.66644 0 0 6.11474 1.46407
fb: 0.00000 0.45791 -0.72835 0.73325
fb: 0.00000 0.48682 -0.71390 0.71879
target: 0.00000 0.78486
dist/lin/ang/drive_left/drive_right/tv_l/tv_r/av_l/av_r/x/y/theta/t_err: 1.39946 0.00000 6.00000 -0.48682 0.48682 -0.44453 0.44486 -0.44453 0.44486 0 0 9.81674 1.39946
fb: -0.05626 0.50689 -0.70386 0.70876
fb: -0.05626 0.52570 -0.69446 0.69935
target: 0.00000 0.78486
dist/lin/ang/drive_left/drive_right/tv_l/tv_r/av_l/av_r/x/y/theta/t_err: 1.32453 0.00000 6.00000 -0.58197 0.46944 -0.53214 0.54242 -0.53214 0.54242 0 0 14.11026 1.32453
fb: 0.00000 0.55532 -0.67965 0.68455
fb: 0.00000 0.58458 -0.66502 0.66991
target: 0.00000 0.78486
dist/lin/ang/drive_left/drive_right/tv_l/tv_r/av_l/av_r/x/y/theta/t_err: 1.24304 0.00000 6.00000 -0.58458 0.58458 -0.55422 0.52597 -0.55422 0.52597 0 0 18.77922 1.24304
fb: 0.00000 0.61517 -0.64973 0.65462
fb: 0.00000 0.63934 -0.63764 0.64253
target: 0.00000 0.78486
dist/lin/ang/drive_left/drive_right/tv_l/tv_r/av_l/av_r/x/y/theta/t_err: 1.15273 0.00000 6.00000 -0.63934 0.63934 -0.57117 0.51758 -0.57117 0.51758 0 0 23.95367 1.15273
fb: 0.00000 0.66303 -0.62579 0.63069
fb: 0.00000 0.69125 -0.61168 0.61658
target: 0.00000 0.78486
dist/lin/ang/drive_left/drive_right/tv_l/tv_r/av_l/av_r/x/y/theta/t_err: 1.05431 0.00000 6.00000 -0.69125 0.69125 -0.58467 0.57458 -0.58467 0.57458 0 0 29.59234 1.05431
fb: 0.00000 0.72233 -0.59614 0.60104
fb: 0.00000 0.74762 -0.58350 0.58839
target: 0.00000 0.78486
dist/lin/ang/drive_left/drive_right/tv_l/tv_r/av_l/av_r/x/y/theta/t_err: 0.94769 0.00000 6.00000 -0.74762 0.74762 -0.58261 0.56228 -0.58261 0.56228 0 0 35.70152 0.94769
fb: 0.00000 0.77061 -0.57200 0.57690
fb: 0.00000 0.79277 -0.56092 0.56582
target: 0.00000 0.76178
dist/lin/ang/drive_left/drive_right/tv_l/tv_r/av_l/av_r/x/y/theta/t_err: 0.83279 0.00000 5.82354 -0.79277 0.79277 -0.56981 0.56089 -0.56981 0.56089 0 0 42.28462 0.83279
fb: 0.00000 0.80921 -0.42182 0.42671
fb: -0.60870 0.82691 -0.10862 0.72221
target: 0.00000 0.62396
dist/lin/ang/drive_left/drive_right/tv_l/tv_r/av_l/av_r/x/y/theta/t_err: 0.71132 0.00000 4.76998 -1.43561 0.21821 -0.55544 0.51861 -0.55544 0.51861 0 0 49.24430 0.71132
fb: -0.60870 0.84224 0.65463 -0.05083
fb: -0.11450 0.84823 0.35328 -0.35817
target: 0.00000 0.48183
dist/lin/ang/drive_left/drive_right/tv_l/tv_r/av_l/av_r/x/y/theta/t_err: 0.58451 0.00000 3.68343 -0.96273 0.73373 -0.29361 0.36564 -0.29361 0.36564 0 0 56.50989 0.58451
fb: -0.11450 0.85179 0.54077 -0.54566
fb: -0.10082 0.84050 0.53512 -0.54002
target: 0.00000 0.33951
dist/lin/ang/drive_left/drive_right/tv_l/tv_r/av_l/av_r/x/y/theta/t_err: 0.45486 0.00000 2.59545 -0.94132 0.73967 0.25033 -0.13656 0.25033 -0.13656 0 0 63.93824 0.45486
fb: -0.10082 0.78566 0.67506 -0.67995
fb: -0.09311 0.71292 0.63869 -0.64358
target: 0.00000 0.20934
dist/lin/ang/drive_left/drive_right/tv_l/tv_r/av_l/av_r/x/y/theta/t_err: 0.32923 0.00000 1.60035 -0.80603 0.61982 0.32322 -0.39269 0.32322 -0.39269 0 0 71.13667 0.32923
fb: -0.09311 0.65258 0.70615 -0.71104
fb: -0.11429 0.57859 0.66915 -0.67404
target: 0.00000 0.11594
dist/lin/ang/drive_left/drive_right/tv_l/tv_r/av_l/av_r/x/y/theta/t_err: 0.22225 0.00000 0.88633 -0.69288 0.46430 0.37850 -0.39339 0.37850 -0.39339 0 0 77.26624 0.22225
fb: -0.11429 0.50877 0.57806 -0.58295
fb: -0.10084 0.43011 0.53873 -0.54362
target: 0.00000 0.04769
dist/lin/ang/drive_left/drive_right/tv_l/tv_r/av_l/av_r/x/y/theta/t_err: 0.13624 0.00000 0.36461 -0.53094 0.32927 0.38911 -0.38517 0.38911 -0.38517 0 0 82.19404 0.13624
fb: -0.10084 0.35228 0.46647 -0.47136
fb: -0.02913 0.28038 0.31418 -0.31907
target: 0.00000 0.00696
dist/lin/ang/drive_left/drive_right/tv_l/tv_r/av_l/av_r/x/y/theta/t_err: 0.07347 0.00000 0.05318 -0.30950 0.25125 0.34889 -0.33317 0.34889 -0.33317 0 0 85.79061 0.07347
fb: -0.02913 0.21258 0.21769 -0.22258
fb: -0.03310 0.13573 0.21769 -0.22258
target: 0.00000 -0.01070
dist/lin/ang/drive_left/drive_right/tv_l/tv_r/av_l/av_r/x/y/theta/t_err: 0.03310 0.00000 -0.08176 -0.16883 0.10263 0.27567 -0.26469 0.27567 -0.26469 0 0 88.10339 0.03310
fb: -0.03310 0.05811 0.12562 -0.13052
fb: -0.05803 -0.00397 0.12562 -0.13052
target: 0.00000 -0.00396
dist/lin/ang/drive_left/drive_right/tv_l/tv_r/av_l/av_r/x/y/theta/t_err: 0.01530 0.00000 -0.03025 -0.05406 -0.06200 0.21064 -0.18839 0.21064 -0.18839 0 0 89.12319 0.01530
fb: -0.05803 -0.04313 -0.06669 0.07159
fb: -0.02913 -0.06118 -0.06669 0.07159
target: 0.00000 0.02060
dist/lin/ang/drive_left/drive_right/tv_l/tv_r/av_l/av_r/x/y/theta/t_err: 0.01719 0.00000 0.15745 0.03205 -0.09030 0.10611 -0.08847 0.10611 -0.08847 0 0 89.01514 0.01719
fb: -0.02913 -0.06905 -0.16331 0.16821
fb: -0.00772 -0.06821 -0.16331 0.16821
final error was 1.53181
position: -0.51161 -0.88935 88.46819
took 0.50000 time to finish turn
decreased kp to 8.10000
decreased kp to 8.00000
decreased kp to 7.90000
decreased kp to 7.80000
target: 0.00000 0.15697
dist/lin/ang/drive_left/drive_right/tv_l/tv_r/av_l/av_r/x/y/theta/t_err: 1.57080 0.00000 1.20000 0.00000 0.00000 -0.00017 0.00017 -0.00017 0.00017 0 0 0.00002 1.57080
fb: 0.00000 0.00000 -0.85057 0.85546
fb: 0.00000 0.00000 -0.85057 0.85546
target: 0.00000 0.31394
dist/lin/ang/drive_left/drive_right/tv_l/tv_r/av_l/av_r/x/y/theta/t_err: 1.57080 0.00000 2.40000 0.00000 0.00000 -0.05200 0.05356 -0.05200 0.05356 0 0 0.00005 1.57080
fb: 0.00000 0.00000 -1.00000 1.00000
fb: 0.00772 0.01860 -1.00000 1.00000
target: 0.00000 0.47092
dist/lin/ang/drive_left/drive_right/tv_l/tv_r/av_l/av_r/x/y/theta/t_err: 1.57079 0.00000 3.60000 -0.01088 0.02633 -0.51692 0.45106 -0.51692 0.45106 0 0 0.00041 1.57079
fb: 0.00772 0.07462 -1.00000 1.00000
fb: 0.01942 0.12388 -1.00000 1.00000
target: 0.00000 0.62789
dist/lin/ang/drive_left/drive_right/tv_l/tv_r/av_l/av_r/x/y/theta/t_err: 1.56530 0.00000 4.80000 -0.10447 0.14330 -0.63156 0.39422 -0.63156 0.39422 0 0 0.31484 1.56530
fb: 0.01942 0.17203 -1.00000 1.00000
fb: 0.00772 0.22958 -1.00000 1.00000
target: 0.00000 0.78486
dist/lin/ang/drive_left/drive_right/tv_l/tv_r/av_l/av_r/x/y/theta/t_err: 1.54461 0.00000 6.00000 -0.22186 0.23730 -0.68067 0.63089 -0.68067 0.63089 0 0 1.50020 1.54461
fb: 0.00772 0.28358 -1.00000 1.00000
fb: 0.00000 0.33709 -1.00000 1.00000
target: 0.00000 0.78486
dist/lin/ang/drive_left/drive_right/tv_l/tv_r/av_l/av_r/x/y/theta/t_err: 1.50760 0.00000 6.00000 -0.33709 0.33709 -0.70872 0.65808 -0.70872 0.65808 0 0 3.62111 1.50760
fb: 0.00000 0.38921 -0.76270 0.76760
fb: 0.00199 0.43540 -0.73961 0.74450
target: 0.00000 0.78486
dist/lin/ang/drive_left/drive_right/tv_l/tv_r/av_l/av_r/x/y/theta/t_err: 1.45425 0.00000 6.00000 -0.43342 0.43739 -0.64081 0.65481 -0.64081 0.65481 0 0 6.67789 1.45425
fb: 0.00199 0.47777 -0.71843 0.72332
fb: 0.00199 0.50557 -0.70453 0.70942
target: 0.00000 0.78486
dist/lin/ang/drive_left/drive_right/tv_l/tv_r/av_l/av_r/x/y/theta/t_err: 1.38627 0.00000 6.00000 -0.50358 0.50755 -0.50153 0.42261 -0.50153 0.42261 0 0 10.57236 1.38627
fb: 0.00199 0.52891 -0.69285 0.69775
fb: 0.00000 0.55706 -0.67878 0.68367
target: 0.00000 0.78486
dist/lin/ang/drive_left/drive_right/tv_l/tv_r/av_l/av_r/x/y/theta/t_err: 1.30827 0.00000 6.00000 -0.55706 0.55706 -0.50803 0.48714 -0.50803 0.48714 0 0 15.04177 1.30827
fb: 0.00000 0.58590 -0.66436 0.66925
fb: -0.03486 0.61322 -0.65070 0.65559
target: 0.00000 0.78486
dist/lin/ang/drive_left/drive_right/tv_l/tv_r/av_l/av_r/x/y/theta/t_err: 1.22220 0.00000 6.00000 -0.64808 0.57836 -0.53214 0.48319 -0.53214 0.48319 0 0 19.97328 1.22220
fb: -0.03486 0.63698 -0.63882 0.64372
fb: -0.04457 0.65871 -0.62795 0.63285
target: 0.00000 0.78486
dist/lin/ang/drive_left/drive_right/tv_l/tv_r/av_l/av_r/x/y/theta/t_err: 1.12787 0.00000 6.00000 -0.70328 0.61415 -0.54653 0.53061 -0.54653 0.53061 0 0 25.37767 1.12787
fb: -0.04457 0.68066 -0.61698 0.62187
fb: -0.07568 0.71055 -0.60203 0.60693
target: 0.00000 0.78486
dist/lin/ang/drive_left/drive_right/tv_l/tv_r/av_l/av_r/x/y/theta/t_err: 1.02659 0.00000 6.00000 -0.78623 0.63488 -0.56894 0.54189 -0.56894 0.54189 0 0 31.18076 1.02659
fb: -0.07568 0.73891 -0.58785 0.59275
fb: -0.08141 0.76009 -0.57726 0.58216
target: 0.00000 0.78486
dist/lin/ang/drive_left/drive_right/tv_l/tv_r/av_l/av_r/x/y/theta/t_err: 0.91718 0.00000 6.00000 -0.84150 0.67868 -0.57508 0.55303 -0.57508 0.55303 0 0 37.44941 0.91718
fb: -0.08141 0.78239 -0.56611 0.57101
fb: -0.09112 0.80315 -0.55573 0.56063
target: 0.00000 0.68277
dist/lin/ang/drive_left/drive_right/tv_l/tv_r/av_l/av_r/x/y/theta/t_err: 0.80030 0.00000 5.21955 -0.89427 0.71203 -0.56056 0.55406 -0.56056 0.55406 0 0 44.14647 0.80030
fb: -0.09112 0.81980 0.10949 -0.11439
fb: -0.10855 0.83674 0.11796 -0.12285
target: 0.00000 0.54998
dist/lin/ang/drive_left/drive_right/tv_l/tv_r/av_l/av_r/x/y/theta/t_err: 0.67716 0.00000 4.20444 -0.94528 0.72819 -0.35950 0.35317 -0.35950 0.35317 0 0 51.20152 0.67716
fb: -0.10855 0.84043 0.41330 -0.41819
fb: -0.09134 0.82949 0.40783 -0.41272
target: 0.00000 0.41429
dist/lin/ang/drive_left/drive_right/tv_l/tv_r/av_l/av_r/x/y/theta/t_err: 0.54938 0.00000 3.16708 -0.92083 0.73815 0.09017 -0.08931 0.09017 -0.08931 0 0 58.52282 0.54938
fb: -0.09134 0.77688 0.55338 -0.55828
fb: -0.11054 0.69606 0.51297 -0.51786
target: 0.00000 0.29193
dist/lin/ang/drive_left/drive_right/tv_l/tv_r/av_l/av_r/x/y/theta/t_err: 0.42531 0.00000 2.23173 -0.80660 0.58552 0.32425 -0.34000 0.32425 -0.34000 0 0 65.63177 0.42531
fb: -0.11054 0.62590 0.56100 -0.56589
fb: -0.11231 0.54389 0.52000 -0.52489
target: 0.00000 0.20870
dist/lin/ang/drive_left/drive_right/tv_l/tv_r/av_l/av_r/x/y/theta/t_err: 0.32126 0.00000 1.59541 -0.65620 0.43158 0.31311 -0.37064 0.31311 -0.37064 0 0 71.59322 0.32126
fb: -0.11231 0.46502 0.40192 -0.40682
fb: -0.11253 0.38280 0.27376 -0.27866
target: 0.00000 0.15428
dist/lin/ang/drive_left/drive_right/tv_l/tv_r/av_l/av_r/x/y/theta/t_err: 0.24111 0.00000 1.17941 -0.49533 0.27027 0.36753 -0.34703 0.36753 -0.34703 0 0 76.18521 0.24111
fb: -0.11253 0.30337 0.18053 -0.18542
fb: -0.07767 0.22840 0.18053 -0.18542
target: 0.00000 0.12587
dist/lin/ang/drive_left/drive_right/tv_l/tv_r/av_l/av_r/x/y/theta/t_err: 0.18562 0.00000 0.96223 -0.30607 0.15073 0.26658 -0.26350 0.26658 -0.26350 0 0 79.36488 0.18562
fb: -0.07767 0.15677 0.08253 -0.08743
fb: -0.05428 0.08556 0.08253 -0.08743
target: 0.00000 0.11960
dist/lin/ang/drive_left/drive_right/tv_l/tv_r/av_l/av_r/x/y/theta/t_err: 0.15338 0.00000 0.91433 -0.13984 0.03128 0.16086 -0.16103 0.16086 -0.16103 0 0 81.21180 0.15338
fb: -0.05428 0.02355 -0.09096 0.09585
fb: -0.05031 -0.01282 -0.09096 0.09585
target: 0.00000 0.13310
dist/lin/ang/drive_left/drive_right/tv_l/tv_r/av_l/av_r/x/y/theta/t_err: 0.14258 0.00000 1.01752 -0.03749 -0.06313 0.03731 -0.04414 0.03731 -0.04414 0 0 81.83102 0.14258
fb: -0.05031 -0.02794 -0.18895 0.19384
fb: -0.04082 -0.02696 -0.18895 0.19384
target: 0.00000 0.15057
dist/lin/ang/drive_left/drive_right/tv_l/tv_r/av_l/av_r/x/y/theta/t_err: 0.14493 0.00000 1.15107 -0.01386 -0.06779 -0.10097 0.09958 -0.10097 0.09958 0 0 81.69608 0.14493
fb: -0.04082 -0.02313 -0.21852 0.22341
fb: -0.03685 -0.01763 -0.21852 0.22341
target: 0.00000 0.15638
dist/lin/ang/drive_left/drive_right/tv_l/tv_r/av_l/av_r/x/y/theta/t_err: 0.14886 0.00000 1.19546 -0.01922 -0.05448 -0.17181 0.17761 -0.17181 0.17761 0 0 81.47106 0.14886
fb: -0.03685 0.00293 -0.16993 0.17482
fb: -0.00375 0.03226 -0.16993 0.17482
target: 0.00000 0.15572
dist/lin/ang/drive_left/drive_right/tv_l/tv_r/av_l/av_r/x/y/theta/t_err: 0.15063 0.00000 1.19043 -0.03601 0.02851 -0.18497 0.19061 -0.18497 0.19061 0 0 81.36950 0.15063
fb: -0.00375 0.06131 -0.14040 0.14529
fb: -0.00397 0.07595 -0.14040 0.14529
target: 0.00000 0.14050
dist/lin/ang/drive_left/drive_right/tv_l/tv_r/av_l/av_r/x/y/theta/t_err: 0.14454 0.00000 1.07405 -0.07992 0.07197 -0.15281 0.16183 -0.15281 0.16183 0 0 81.71869 0.14454
fb: -0.00397 0.07845 -0.06465 0.06955
fb: -0.00772 0.08277 -0.06465 0.06955
target: 0.00000 0.12251
dist/lin/ang/drive_left/drive_right/tv_l/tv_r/av_l/av_r/x/y/theta/t_err: 0.13301 0.00000 0.93657 -0.09050 0.07505 -0.12061 0.12797 -0.12061 0.12797 0 0 82.37927 0.13301
fb: -0.00772 0.08709 -0.04018 0.04507
fb: 0.00000 0.08716 -0.04018 0.04507
target: 0.00000 0.10789
dist/lin/ang/drive_left/drive_right/tv_l/tv_r/av_l/av_r/x/y/theta/t_err: 0.12016 0.00000 0.82480 -0.08716 0.08716 -0.06075 0.06483 -0.06075 0.06483 0 0 83.11547 0.12016
fb: 0.00000 0.08180 -0.04552 0.05041
fb: -0.00199 0.07469 -0.04552 0.05041
target: 0.00000 0.09430
dist/lin/ang/drive_left/drive_right/tv_l/tv_r/av_l/av_r/x/y/theta/t_err: 0.10709 0.00000 0.72090 -0.07668 0.07271 -0.04586 0.04775 -0.04586 0.04775 0 0 83.86439 0.10709
fb: -0.00199 0.06877 -0.04105 0.04594
fb: 0.00000 0.05964 -0.04105 0.04594
target: 0.00000 0.08495
dist/lin/ang/drive_left/drive_right/tv_l/tv_r/av_l/av_r/x/y/theta/t_err: 0.09586 0.00000 0.64943 -0.05964 0.05964 -0.04467 0.05256 -0.04467 0.05256 0 0 84.50778 0.09586
fb: 0.00000 0.05205 -0.05387 0.05876
fb: 0.00000 0.04473 -0.05387 0.05876
target: 0.00000 0.07873
dist/lin/ang/drive_left/drive_right/tv_l/tv_r/av_l/av_r/x/y/theta/t_err: 0.08705 0.00000 0.60187 -0.04473 0.04473 -0.04636 0.04656 -0.04636 0.04656 0 0 85.01259 0.08705
fb: 0.00000 0.03825 -0.06378 0.06867
fb: -0.00199 0.03268 -0.06378 0.06867
target: 0.00000 0.07447
dist/lin/ang/drive_left/drive_right/tv_l/tv_r/av_l/av_r/x/y/theta/t_err: 0.08042 0.00000 0.56927 -0.03466 0.03069 -0.05425 0.05186 -0.05425 0.05186 0 0 85.39236 0.08042
fb: -0.00199 0.02885 -0.06972 0.07462
fb: 0.00000 0.02529 -0.06972 0.07462
target: 0.00000 0.07150
dist/lin/ang/drive_left/drive_right/tv_l/tv_r/av_l/av_r/x/y/theta/t_err: 0.07555 0.00000 0.54661 -0.02529 0.02529 -0.05750 0.06089 -0.05750 0.06089 0 0 85.67158 0.07555
fb: 0.00000 0.02320 -0.07359 0.07849
fb: 0.00000 0.02146 -0.07359 0.07849
target: 0.00000 0.06887
dist/lin/ang/drive_left/drive_right/tv_l/tv_r/av_l/av_r/x/y/theta/t_err: 0.07175 0.00000 0.52652 -0.02146 0.02146 -0.06383 0.06894 -0.06383 0.06894 0 0 85.88877 0.07175
fb: 0.00000 0.02069 -0.07334 0.07823
fb: 0.00000 0.02076 -0.07334 0.07823
target: 0.00000 0.06629
dist/lin/ang/drive_left/drive_right/tv_l/tv_r/av_l/av_r/x/y/theta/t_err: 0.06856 0.00000 0.50674 -0.02076 0.02076 -0.06897 0.06894 -0.06897 0.06894 0 0 86.07205 0.06856
fb: 0.00000 0.02132 -0.07180 0.07669
fb: 0.00000 0.02118 -0.07180 0.07669
target: 0.00000 0.06310
dist/lin/ang/drive_left/drive_right/tv_l/tv_r/av_l/av_r/x/y/theta/t_err: 0.06539 0.00000 0.48240 -0.02118 0.02118 -0.06858 0.06878 -0.06858 0.06878 0 0 86.25323 0.06539
fb: 0.00000 0.01972 -0.06697 0.07186
fb: 0.00000 0.01735 -0.06697 0.07186
target: 0.00000 0.05989
dist/lin/ang/drive_left/drive_right/tv_l/tv_r/av_l/av_r/x/y/theta/t_err: 0.06224 0.00000 0.45782 -0.01735 0.01735 -0.06572 0.06842 -0.06572 0.06842 0 0 86.43413 0.06224
fb: 0.00000 0.01449 -0.06468 0.06957
fb: 0.00000 0.01157 -0.06468 0.06957
target: 0.00000 0.05807
dist/lin/ang/drive_left/drive_right/tv_l/tv_r/av_l/av_r/x/y/theta/t_err: 0.05973 0.00000 0.44395 -0.01157 0.01157 -0.05783 0.06861 -0.05783 0.06861 0 0 86.57778 0.05973
fb: 0.00000 0.00927 -0.06977 0.07466
fb: 0.00397 0.00704 -0.06977 0.07466
target: 0.00000 0.05731
dist/lin/ang/drive_left/drive_right/tv_l/tv_r/av_l/av_r/x/y/theta/t_err: 0.05805 0.00000 0.43812 -0.00307 0.01101 -0.05783 0.05783 -0.05783 0.05783 0 0 86.67392 0.05805
fb: 0.00397 0.00585 -0.07399 0.07888
fb: 0.00000 0.00606 -0.07399 0.07888
target: 0.00000 0.05704
dist/lin/ang/drive_left/drive_right/tv_l/tv_r/av_l/av_r/x/y/theta/t_err: 0.05704 0.00000 0.43602 -0.00606 0.00606 -0.06317 0.06775 -0.06317 0.06775 0 0 86.73202 0.05704
fb: 0.00000 0.00676 -0.07600 0.08089
fb: 0.00375 0.00752 -0.07600 0.08089
target: 0.00000 0.05614
dist/lin/ang/drive_left/drive_right/tv_l/tv_r/av_l/av_r/x/y/theta/t_err: 0.05609 0.00000 0.42920 -0.00377 0.01128 -0.06808 0.06844 -0.06808 0.06844 0 0 86.78634 0.05609
fb: 0.00375 0.00808 -0.07263 0.07752
fb: 0.00000 0.00878 -0.07263 0.07752
target: 0.00000 0.05474
dist/lin/ang/drive_left/drive_right/tv_l/tv_r/av_l/av_r/x/y/theta/t_err: 0.05494 0.00000 0.41851 -0.00878 0.00878 -0.06861 0.07650 -0.06861 0.07650 0 0 86.85207 0.05494
fb: 0.00000 0.00948 -0.06941 0.07430
fb: 0.00000 0.00927 -0.06941 0.07430
target: 0.00000 0.05310
dist/lin/ang/drive_left/drive_right/tv_l/tv_r/av_l/av_r/x/y/theta/t_err: 0.05357 0.00000 0.40592 -0.00927 0.00927 -0.06550 0.06894 -0.06550 0.06894 0 0 86.93040 0.05357
fb: 0.00000 0.00892 -0.06719 0.07208
fb: 0.00000 0.00780 -0.06719 0.07208
target: 0.00000 0.05165
dist/lin/ang/drive_left/drive_right/tv_l/tv_r/av_l/av_r/x/y/theta/t_err: 0.05218 0.00000 0.39487 -0.00780 0.00780 -0.05783 0.06808 -0.05783 0.06808 0 0 87.01005 0.05218
fb: 0.00000 0.00627 -0.06713 0.07202
fb: 0.00000 0.00460 -0.06713 0.07202
target: 0.00000 0.05076
dist/lin/ang/drive_left/drive_right/tv_l/tv_r/av_l/av_r/x/y/theta/t_err: 0.05103 0.00000 0.38801 -0.00460 0.00460 -0.05750 0.06808 -0.05750 0.06808 0 0 87.07593 0.05103
fb: 0.00000 0.00321 -0.06899 0.07388
fb: 0.00000 0.00209 -0.06899 0.07388
target: 0.00000 0.05062
dist/lin/ang/drive_left/drive_right/tv_l/tv_r/av_l/av_r/x/y/theta/t_err: 0.05036 0.00000 0.38697 -0.00209 0.00209 -0.05767 0.06825 -0.05767 0.06825 0 0 87.11435 0.05036
fb: 0.00000 0.00139 -0.07233 0.07722
fb: 0.00000 0.00105 -0.07233 0.07722
target: 0.00000 0.05074
dist/lin/ang/drive_left/drive_right/tv_l/tv_r/av_l/av_r/x/y/theta/t_err: 0.05006 0.00000 0.38788 -0.00105 0.00105 -0.06317 0.06861 -0.06317 0.06861 0 0 87.13152 0.05006
fb: 0.00000 0.00125 -0.07355 0.07845
fb: 0.00000 0.00181 -0.07355 0.07845
final error was 2.85899
position: -0.37618 -0.74220 87.14101
took 0.96000 time to finish turn
decreased kd to 3.30000
decreased kd to 3.10000
decreased kd to 2.90000
decreased kd to 2.70000
decreased kd to 2.50000
decreased kd to 2.30000
decreased kd to 2.10000
decreased kd to 1.90000
decreased kd to 1.70000
decreased kd to 1.50000
decreased kd to 1.30000
decreased kd to 1.10000
decreased kd to 0.90000
decreased kd to 0.70000
decreased kd to 0.50000
decreased kd to 0.30000
target: 0.00000 0.15697
dist/lin/ang/drive_left/drive_right/tv_l/tv_r/av_l/av_r/x/y/theta/t_err: 1.57080 0.00000 1.20000 0.00000 0.00000 -0.00017 0.00000 -0.00017 0.00000 0 0 0.00007 1.57080
fb: 0.00000 0.00000 -0.85057 0.85546
fb: 0.00000 0.00000 -0.85057 0.85546
target: 0.00000 0.31394
dist/lin/ang/drive_left/drive_right/tv_l/tv_r/av_l/av_r/x/y/theta/t_err: 1.57080 0.00000 2.40000 0.00000 0.00000 -0.07256 0.05614 -0.07256 0.05614 0 0 -0.00008 1.57080
fb: 0.00000 0.00000 -1.00000 1.00000
fb: 0.00000 0.00460 -1.00000 1.00000
target: 0.00000 0.47092
dist/lin/ang/drive_left/drive_right/tv_l/tv_r/av_l/av_r/x/y/theta/t_err: 1.57080 0.00000 3.60000 -0.00460 0.00460 -0.45189 0.40603 -0.45189 0.40603 0 0 -0.00027 1.57080
fb: 0.00000 0.04459 -1.00000 1.00000
fb: 0.00000 0.10417 -1.00000 1.00000
target: 0.00000 0.62789
dist/lin/ang/drive_left/drive_right/tv_l/tv_r/av_l/av_r/x/y/theta/t_err: 1.56825 0.00000 4.80000 -0.10417 0.10417 -0.62456 0.35419 -0.62456 0.35419 0 0 0.14604 1.56825
fb: 0.00000 0.14799 -1.00000 1.00000
fb: 0.00000 0.19802 -1.00000 1.00000
target: 0.00000 0.78486
dist/lin/ang/drive_left/drive_right/tv_l/tv_r/av_l/av_r/x/y/theta/t_err: 1.55098 0.00000 6.00000 -0.19802 0.19802 -0.66714 0.58006 -0.66714 0.58006 0 0 1.13519 1.55098
fb: -0.00971 0.25111 -1.00000 1.00000
fb: -0.00971 0.31103 -1.00000 1.00000
target: 0.00000 0.78486
dist/lin/ang/drive_left/drive_right/tv_l/tv_r/av_l/av_r/x/y/theta/t_err: 1.51873 0.00000 6.00000 -0.32074 0.30132 -0.70000 0.66800 -0.70000 0.66800 0 0 2.98308 1.51873
fb: -0.01942 0.37033 -0.77215 0.77704
fb: -0.01942 0.42224 -0.74619 0.75109
target: 0.00000 0.78486
dist/lin/ang/drive_left/drive_right/tv_l/tv_r/av_l/av_r/x/y/theta/t_err: 1.46913 0.00000 6.00000 -0.44165 0.40282 -0.63636 0.59564 -0.63636 0.59564 0 0 5.82530 1.46913
fb: 0.00000 0.47073 -0.72194 0.72684
fb: 0.00000 0.51365 -0.70048 0.70538
target: 0.00000 0.78486
dist/lin/ang/drive_left/drive_right/tv_l/tv_r/av_l/av_r/x/y/theta/t_err: 1.40290 0.00000 6.00000 -0.51365 0.51365 -0.50136 0.44131 -0.50136 0.44131 0 0 9.61968 1.40290
fb: -0.00574 0.54041 -0.68711 0.69200
fb: -0.00574 0.55810 -0.67826 0.68315
target: 0.00000 0.78486
dist/lin/ang/drive_left/drive_right/tv_l/tv_r/av_l/av_r/x/y/theta/t_err: 1.32373 0.00000 6.00000 -0.56384 0.55237 -0.55800 0.53389 -0.55800 0.53389 0 0 14.15576 1.32373
fb: -0.05626 0.58047 -0.66707 0.67197
fb: -0.05626 0.60952 -0.65255 0.65744
target: 0.00000 0.78486
dist/lin/ang/drive_left/drive_right/tv_l/tv_r/av_l/av_r/x/y/theta/t_err: 1.23768 0.00000 6.00000 -0.66579 0.55326 -0.56997 0.57836 -0.56997 0.57836 0 0 19.08637 1.23768
fb: -0.05626 0.63781 -0.63840 0.64330
fb: -0.05626 0.66805 -0.62328 0.62818
target: 0.00000 0.78486
dist/lin/ang/drive_left/drive_right/tv_l/tv_r/av_l/av_r/x/y/theta/t_err: 1.14363 0.00000 6.00000 -0.72431 0.61179 -0.58828 0.56639 -0.58828 0.56639 0 0 24.47461 1.14363
fb: -0.03685 0.69536 -0.60963 0.61452
fb: -0.03685 0.72191 -0.59635 0.60125
target: 0.00000 0.78486
dist/lin/ang/drive_left/drive_right/tv_l/tv_r/av_l/av_r/x/y/theta/t_err: 1.04073 0.00000 6.00000 -0.75876 0.68506 -0.58794 0.55664 -0.58794 0.55664 0 0 30.37076 1.04073
fb: -0.07170 0.74804 -0.58329 0.58818
fb: -0.07170 0.77277 -0.57092 0.57582
target: 0.00000 0.78486
dist/lin/ang/drive_left/drive_right/tv_l/tv_r/av_l/av_r/x/y/theta/t_err: 0.92963 0.00000 6.00000 -0.84448 0.70107 -0.57750 0.56758 -0.57750 0.56758 0 0 36.73585 0.92963
fb: -0.08141 0.79528 -0.55967 0.56456
fb: -0.08141 0.81667 -0.54897 0.55387
target: 0.00000 0.78486
dist/lin/ang/drive_left/drive_right/tv_l/tv_r/av_l/av_r/x/y/theta/t_err: 0.81092 0.00000 6.00000 -0.89808 0.73526 -0.56003 0.55594 -0.56003 0.55594 0 0 43.53797 0.81092
fb: -0.10082 0.83555 -0.53953 0.54443
fb: -0.10082 0.84921 -0.53271 0.53760
target: 0.00000 0.68721
dist/lin/ang/drive_left/drive_right/tv_l/tv_r/av_l/av_r/x/y/theta/t_err: 0.68558 0.00000 5.25349 -0.95003 0.74838 -0.53217 0.53369 -0.53217 0.53369 0 0 50.71937 0.68558
fb: -0.13767 0.86140 0.10512 -0.11001
fb: -0.13767 0.87088 0.10986 -0.11475
target: 0.00000 0.55399
dist/lin/ang/drive_left/drive_right/tv_l/tv_r/av_l/av_r/x/y/theta/t_err: 0.55547 0.00000 4.23508 -1.00854 0.73321 -0.45517 0.33606 -0.45517 0.33606 0 0 58.17397 0.55547
fb: -0.10082 0.87861 0.42964 -0.43454
fb: -0.10082 0.87304 0.42686 -0.43175
target: 0.00000 0.41772
dist/lin/ang/drive_left/drive_right/tv_l/tv_r/av_l/av_r/x/y/theta/t_err: 0.42221 0.00000 3.19332 -0.97386 0.77221 0.04381 -0.08981 0.04381 -0.08981 0 0 65.80898 0.42221
fb: -0.09707 0.85158 0.58931 -0.59420
fb: -0.09707 0.79166 0.55935 -0.56424
target: 0.00000 0.28252
dist/lin/ang/drive_left/drive_right/tv_l/tv_r/av_l/av_r/x/y/theta/t_err: 0.28964 0.00000 2.15975 -0.88873 0.69458 0.35900 -0.32067 0.35900 -0.32067 0 0 73.40492 0.28964
fb: -0.11627 0.71884 0.67630 -0.68120
fb: -0.11627 0.64987 0.64181 -0.64671
target: 0.00000 0.16351
dist/lin/ang/drive_left/drive_right/tv_l/tv_r/av_l/av_r/x/y/theta/t_err: 0.17161 0.00000 1.25002 -0.76614 0.53359 0.35247 -0.34275 0.35247 -0.34275 0 0 80.16761 0.17161
fb: -0.14937 0.56883 0.66764 -0.67253
fb: -0.14937 0.48780 0.62712 -0.63202
target: 0.00000 0.06754
dist/lin/ang/drive_left/drive_right/tv_l/tv_r/av_l/av_r/x/y/theta/t_err: 0.07545 0.00000 0.51636 -0.63717 0.33843 0.31675 -0.21392 0.31675 -0.21392 0 0 85.67727 0.07545
fb: -0.12599 0.41415 0.59894 -0.60383
fb: -0.12599 0.34085 0.56229 -0.56718
target: 0.00000 -0.00352
dist/lin/ang/drive_left/drive_right/tv_l/tv_r/av_l/av_r/x/y/theta/t_err: 0.00347 0.00000 -0.02691 -0.46684 0.21486 0.34461 -0.32494 0.34461 -0.32494 0 0 89.80113 0.00347
fb: -0.09113 0.26456 0.49521 -0.50010
fb: -0.09113 0.18353 0.36117 -0.36606
target: 0.00000 -0.05148
dist/lin/ang/drive_left/drive_right/tv_l/tv_r/av_l/av_r/x/y/theta/t_err: -0.04572 0.00000 -0.39353 -0.27466 0.09240 0.34411 -0.25239 0.34411 -0.25239 0 0 92.61971 -0.04572
fb: -0.09113 0.09866 0.28932 -0.29422
fb: -0.09113 0.03024 0.28932 -0.29422
target: 0.00000 -0.07442
dist/lin/ang/drive_left/drive_right/tv_l/tv_r/av_l/av_r/x/y/theta/t_err: -0.07055 0.00000 -0.56892 -0.12137 -0.06089 0.30528 -0.30853 0.30528 -0.30853 0 0 94.04229 -0.07055
fb: -0.06995 -0.02278 0.19213 -0.19702
fb: -0.06995 -0.06619 0.19213 -0.19702
target: 0.00000 -0.07506
dist/lin/ang/drive_left/drive_right/tv_l/tv_r/av_l/av_r/x/y/theta/t_err: -0.07330 0.00000 -0.57380 -0.00376 -0.13614 0.24911 -0.25769 0.24911 -0.25769 0 0 94.19978 -0.07330
fb: -0.07745 -0.09587 0.09218 -0.09708
fb: -0.07745 -0.11434 0.09218 -0.09708
target: 0.00000 -0.06235
dist/lin/ang/drive_left/drive_right/tv_l/tv_r/av_l/av_r/x/y/theta/t_err: -0.06218 0.00000 -0.47665 0.03689 -0.19179 0.17058 -0.17078 0.17058 -0.17078 0 0 93.56259 -0.06218
fb: -0.04082 -0.12611 -0.05443 0.05933
fb: -0.04082 -0.13183 -0.05443 0.05933
target: 0.00000 -0.04346
dist/lin/ang/drive_left/drive_right/tv_l/tv_r/av_l/av_r/x/y/theta/t_err: -0.04431 0.00000 -0.33222 0.09100 -0.17265 0.04875 -0.06725 0.04875 -0.06725 0 0 92.53882 -0.04431
fb: -0.02317 -0.13078 -0.09493 0.09982
fb: -0.02317 -0.12625 -0.09493 0.09982
target: 0.00000 -0.02278
dist/lin/ang/drive_left/drive_right/tv_l/tv_r/av_l/av_r/x/y/theta/t_err: -0.02426 0.00000 -0.17417 0.10308 -0.14942 -0.06022 0.04550 -0.06022 0.04550 0 0 91.38987 -0.02426
fb: -0.01942 -0.12047 -0.11679 0.12169
fb: -0.01942 -0.11225 -0.11679 0.12169
target: 0.00000 -0.00339
dist/lin/ang/drive_left/drive_right/tv_l/tv_r/av_l/av_r/x/y/theta/t_err: -0.00516 0.00000 -0.02590 0.09283 -0.13167 -0.09717 0.08778 -0.09717 0.08778 0 0 90.29550 -0.00516
fb: -0.01169 -0.09706 -0.12403 0.12892
fb: -0.01169 -0.07128 -0.12403 0.12892
target: 0.00000 0.01320
dist/lin/ang/drive_left/drive_right/tv_l/tv_r/av_l/av_r/x/y/theta/t_err: 0.01135 0.00000 0.10094 0.05958 -0.08297 -0.11003 0.11311 -0.11003 0.11311 0 0 89.34950 0.01135
fb: -0.00375 -0.03386 -0.12253 0.12743
fb: -0.00375 0.00787 -0.12253 0.12743
final error was 1.17431
position: -0.41530 -1.05950 88.82569
took 0.60000 time to finish turn
increased kp to 7.90000
increased kp to 8.00000
increased kp to 8.10000
increased kp to 8.20000
increased kp to 8.30000
increased kp to 8.40000
increased kp to 8.50000
increased kp to 8.60000
target: 0.00000 0.15697
dist/lin/ang/drive_left/drive_right/tv_l/tv_r/av_l/av_r/x/y/theta/t_err: 1.57080 0.00000 1.20000 0.00000 0.00000 -0.00017 0.00000 -0.00017 0.00000 0 0 -0.00011 1.57080
fb: 0.00000 0.00000 -0.85057 0.85546
fb: 0.00000 0.00000 -0.85057 0.85546
target: 0.00000 0.31394
dist/lin/ang/drive_left/drive_right/tv_l/tv_r/av_l/av_r/x/y/theta/t_err: 1.57080 0.00000 2.40000 0.00000 0.00000 -0.10489 0.05733 -0.10489 0.05733 0 0 -0.00012 1.57080
fb: 0.00000 0.00000 -1.00000 1.00000
fb: 0.00000 0.00697 -1.00000 1.00000
target: 0.00000 0.47092
dist/lin/ang/drive_left/drive_right/tv_l/tv_r/av_l/av_r/x/y/theta/t_err: 1.57080 0.00000 3.60000 -0.00697 0.00697 -0.42744 0.38858 -0.42744 0.38858 0 0 -0.00014 1.57080
fb: 0.00000 0.06194 -1.00000 1.00000
fb: 0.00000 0.12402 -1.00000 1.00000
target: 0.00000 0.62789
dist/lin/ang/drive_left/drive_right/tv_l/tv_r/av_l/av_r/x/y/theta/t_err: 1.56688 0.00000 4.80000 -0.12402 0.12402 -0.38878 0.42761 -0.38878 0.42761 0 0 0.22436 1.56688
fb: 0.00000 0.17419 -1.00000 1.00000
fb: 0.00000 0.22087 -1.00000 1.00000
target: 0.00000 0.78486
dist/lin/ang/drive_left/drive_right/tv_l/tv_r/av_l/av_r/x/y/theta/t_err: 1.54623 0.00000 6.00000 -0.22087 0.22087 -0.59356 0.55389 -0.59356 0.55389 0 0 1.40727 1.54623
fb: 0.00000 0.27125 -1.00000 1.00000
fb: 0.00000 0.32539 -1.00000 1.00000
target: 0.00000 0.78486
dist/lin/ang/drive_left/drive_right/tv_l/tv_r/av_l/av_r/x/y/theta/t_err: 1.51069 0.00000 6.00000 -0.32539 0.32539 -0.60608 0.63106 -0.60608 0.63106 0 0 3.44404 1.51069
fb: 0.00000 0.38043 -0.76709 0.77199
fb: 0.00000 0.42983 -0.74239 0.74729
target: 0.00000 0.78486
dist/lin/ang/drive_left/drive_right/tv_l/tv_r/av_l/av_r/x/y/theta/t_err: 1.45890 0.00000 6.00000 -0.42983 0.42983 -0.61358 0.59803 -0.61358 0.59803 0 0 6.41127 1.45890
fb: 0.00000 0.47505 -0.71978 0.72468
fb: 0.00000 0.51233 -0.70115 0.70604
target: 0.00000 0.78486
dist/lin/ang/drive_left/drive_right/tv_l/tv_r/av_l/av_r/x/y/theta/t_err: 1.39169 0.00000 6.00000 -0.51233 0.51233 -0.50169 0.45842 -0.50169 0.45842 0 0 10.26222 1.39169
fb: 0.00000 0.53776 -0.68843 0.69332
fb: 0.00000 0.56256 -0.67603 0.68092
target: 0.00000 0.78486
dist/lin/ang/drive_left/drive_right/tv_l/tv_r/av_l/av_r/x/y/theta/t_err: 1.31271 0.00000 6.00000 -0.56256 0.56256 -0.56414 0.52136 -0.56414 0.52136 0 0 14.78727 1.31271
fb: -0.01147 0.59454 -0.66004 0.66493
fb: -0.01147 0.62882 -0.64290 0.64779
target: 0.00000 0.78486
dist/lin/ang/drive_left/drive_right/tv_l/tv_r/av_l/av_r/x/y/theta/t_err: 1.22569 0.00000 6.00000 -0.64030 0.61735 -0.55578 0.53731 -0.55578 0.53731 0 0 19.77298 1.22569
fb: -0.01942 0.66011 -0.62726 0.63215
fb: -0.01942 0.68735 -0.61363 0.61853
target: 0.00000 0.78486
dist/lin/ang/drive_left/drive_right/tv_l/tv_r/av_l/av_r/x/y/theta/t_err: 1.12868 0.00000 6.00000 -0.70677 0.66794 -0.59531 0.53489 -0.59531 0.53489 0 0 25.33128 1.12868
fb: -0.02339 0.71174 -0.60144 0.60633
fb: -0.02339 0.73787 -0.58838 0.59327
target: 0.00000 0.78486
dist/lin/ang/drive_left/drive_right/tv_l/tv_r/av_l/av_r/x/y/theta/t_err: 1.02295 0.00000 6.00000 -0.76125 0.71448 -0.59342 0.55164 -0.59342 0.55164 0 0 31.38921 1.02295
fb: -0.05626 0.76469 -0.57496 0.57986
fb: -0.05626 0.78608 -0.56427 0.56916
target: 0.00000 0.78486
dist/lin/ang/drive_left/drive_right/tv_l/tv_r/av_l/av_r/x/y/theta/t_err: 0.90942 0.00000 6.00000 -0.84234 0.72982 -0.57133 0.56911 -0.57133 0.56911 0 0 37.89381 0.90942
fb: -0.08141 0.80796 -0.55333 0.55822
fb: -0.08141 0.82677 -0.54392 0.54882
target: 0.00000 0.78486
dist/lin/ang/drive_left/drive_right/tv_l/tv_r/av_l/av_r/x/y/theta/t_err: 0.78868 0.00000 6.00000 -0.90818 0.74536 -0.55114 0.54464 -0.55114 0.54464 0 0 44.81175 0.78868
fb: -0.07170 0.83771 -0.53845 0.54335
fb: -0.07170 0.85123 -0.53169 0.53659
target: 0.00000 0.73259
dist/lin/ang/drive_left/drive_right/tv_l/tv_r/av_l/av_r/x/y/theta/t_err: 0.66224 0.00000 5.60040 -0.92293 0.77953 -0.53028 0.52786 -0.53028 0.52786 0 0 52.05662 0.66224
fb: -0.07369 0.86203 -0.22992 0.23481
fb: -0.07369 0.87185 -0.22500 0.22990
target: 0.00000 0.58565
dist/lin/ang/drive_left/drive_right/tv_l/tv_r/av_l/av_r/x/y/theta/t_err: 0.53196 0.00000 4.47713 -0.94554 0.79817 -0.45069 0.48800 -0.45069 0.48800 0 0 59.52104 0.53196
fb: -0.09112 0.88244 0.45624 -0.46113
fb: -0.09112 0.87854 0.45429 -0.45918
target: 0.00000 0.43507
dist/lin/ang/drive_left/drive_right/tv_l/tv_r/av_l/av_r/x/y/theta/t_err: 0.39839 0.00000 3.32600 -0.96966 0.78743 -0.16325 0.23731 -0.16325 0.23731 0 0 67.17382 0.39839
fb: -0.09112 0.86600 0.64060 -0.64549
fb: -0.09112 0.83876 0.62697 -0.63187
target: 0.00000 0.28470
dist/lin/ang/drive_left/drive_right/tv_l/tv_r/av_l/av_r/x/y/theta/t_err: 0.26473 0.00000 2.17645 -0.92987 0.74764 0.27667 -0.27208 0.27667 -0.27208 0 0 74.83199 0.26473
fb: -0.09708 0.77772 0.77146 -0.77635
fb: -0.09708 0.71578 0.74049 -0.74538
target: 0.00000 0.14455
dist/lin/ang/drive_left/drive_right/tv_l/tv_r/av_l/av_r/x/y/theta/t_err: 0.13942 0.00000 1.10501 -0.81285 0.61870 0.37319 -0.37253 0.37319 -0.37253 0 0 82.01194 0.13942
fb: -0.10458 0.65628 0.82874 -0.83363
fb: -0.10458 0.58799 0.79460 -0.79949
target: 0.00000 0.02560
dist/lin/ang/drive_left/drive_right/tv_l/tv_r/av_l/av_r/x/y/theta/t_err: 0.03212 0.00000 0.19572 -0.69257 0.48341 0.36533 -0.37731 0.36533 -0.37731 0 0 88.15992 0.03212
fb: -0.09885 0.51031 0.79947 -0.80437
fb: -0.09885 0.43053 0.75958 -0.76448
target: 0.00000 -0.07010
dist/lin/ang/drive_left/drive_right/tv_l/tv_r/av_l/av_r/x/y/theta/t_err: -0.05474 0.00000 -0.53586 -0.52938 0.33168 0.42436 -0.33058 0.42436 -0.33058 0 0 93.13610 -0.05474
fb: -0.08341 0.34998 0.72666 -0.73156
fb: -0.08341 0.26553 0.68444 -0.68933
target: 0.00000 -0.13835
dist/lin/ang/drive_left/drive_right/tv_l/tv_r/av_l/av_r/x/y/theta/t_err: -0.11750 0.00000 -1.05761 -0.34894 0.18213 0.28694 -0.35453 0.28694 -0.35453 0 0 96.73249 -0.11750
fb: -0.06223 0.18311 0.59957 -0.60446
fb: -0.06223 0.09852 0.43884 -0.44373
target: 0.00000 -0.17812
dist/lin/ang/drive_left/drive_right/tv_l/tv_r/av_l/av_r/x/y/theta/t_err: -0.15506 0.00000 -1.36164 -0.16075 0.03630 0.30014 -0.28833 0.30014 -0.28833 0 0 98.88404 -0.15506
fb: -0.04060 0.02780 0.33733 -0.34222
fb: -0.04060 -0.04076 0.33733 -0.34222
target: 0.00000 -0.18984
dist/lin/ang/drive_left/drive_right/tv_l/tv_r/av_l/av_r/x/y/theta/t_err: -0.16765 0.00000 -1.45125 0.00016 -0.08136 0.33572 -0.32428 0.33572 -0.32428 0 0 99.60575 -0.16765
fb: -0.03884 -0.09114 0.21896 -0.22386
fb: -0.03884 -0.12033 0.21896 -0.22386
target: 0.00000 -0.17889
dist/lin/ang/drive_left/drive_right/tv_l/tv_r/av_l/av_r/x/y/theta/t_err: -0.15971 0.00000 -1.36759 0.08149 -0.15917 0.28900 -0.28383 0.28900 -0.28383 0 0 99.15093 -0.15971
fb: -0.02317 -0.14667 0.10963 -0.11452
fb: -0.02317 -0.16074 0.10963 -0.11452
target: 0.00000 -0.15592
dist/lin/ang/drive_left/drive_right/tv_l/tv_r/av_l/av_r/x/y/theta/t_err: -0.14030 0.00000 -1.19199 0.13757 -0.18391 0.20122 -0.18567 0.20122 -0.18567 0 0 98.03845 -0.14030
fb: -0.01169 -0.17001 0.04013 -0.04503
fb: -0.01169 -0.17328 0.04013 -0.04503
target: 0.00000 -0.12740
dist/lin/ang/drive_left/drive_right/tv_l/tv_r/av_l/av_r/x/y/theta/t_err: -0.11541 0.00000 -0.97389 0.16159 -0.18498 0.10472 -0.09619 0.10472 -0.09619 0 0 96.61271 -0.11541
fb: -0.00772 -0.17182 -0.08205 0.08695
fb: -0.00772 -0.16743 -0.08205 0.08695
target: 0.00000 -0.09754
dist/lin/ang/drive_left/drive_right/tv_l/tv_r/av_l/av_r/x/y/theta/t_err: -0.08901 0.00000 -0.74569 0.15971 -0.17515 0.03969 -0.00856 0.03969 -0.00856 0 0 95.09992 -0.08901
fb: -0.00397 -0.16005 -0.10800 0.11290
fb: -0.00397 -0.15308 -0.10800 0.11290
target: 0.00000 -0.06919
dist/lin/ang/drive_left/drive_right/tv_l/tv_r/av_l/av_r/x/y/theta/t_err: -0.06371 0.00000 -0.52892 0.14911 -0.15705 -0.07258 0.08217 -0.07258 0.08217 0 0 93.65025 -0.06371
fb: -0.00772 -0.14242 -0.12027 0.12516
fb: -0.00772 -0.12228 -0.12027 0.12516
target: 0.00000 -0.04359
dist/lin/ang/drive_left/drive_right/tv_l/tv_r/av_l/av_r/x/y/theta/t_err: -0.04075 0.00000 -0.33320 0.11456 -0.13000 -0.10164 0.10711 -0.10164 0.10711 0 0 92.33464 -0.04075
fb: -0.00397 -0.09413 -0.12503 0.12992
fb: -0.00397 -0.04633 -0.12503 0.12992
target: 0.00000 -0.02428
dist/lin/ang/drive_left/drive_right/tv_l/tv_r/av_l/av_r/x/y/theta/t_err: -0.02312 0.00000 -0.18560 0.04236 -0.05031 -0.11378 0.11344 -0.11378 0.11344 0 0 91.32462 -0.02312
fb: -0.00772 0.00293 -0.10964 0.11453
fb: -0.00772 0.02989 -0.10964 0.11453
target: 0.00000 -0.01982
dist/lin/ang/drive_left/drive_right/tv_l/tv_r/av_l/av_r/x/y/theta/t_err: -0.01806 0.00000 -0.15151 -0.03761 0.02217 -0.11278 0.11175 -0.11278 0.11175 0 0 91.03469 -0.01806
fb: -0.00375 0.04620 -0.04581 0.05071
fb: -0.00375 0.05442 -0.04581 0.05071
final error was -1.32598
position: -0.22503 -0.77975 91.32598
took 0.66000 time to finish turn
decreased kd to 0.10000
increased kd to 0.30000
increased kd to 0.50000
increased kd to 0.70000
increased kd to 0.90000
increased kd to 1.10000
increased kd to 1.30000
increased kd to 1.50000
target: 0.00000 0.15697
dist/lin/ang/drive_left/drive_right/tv_l/tv_r/av_l/av_r/x/y/theta/t_err: 1.57080 0.00000 1.20000 0.00000 0.00000 -0.00000 0.00000 -0.00000 0.00000 0 0 0.00003 1.57080
fb: 0.00000 0.00000 -0.85057 0.85546
fb: 0.00000 0.00000 -0.85057 0.85546
target: 0.00000 0.31394
dist/lin/ang/drive_left/drive_right/tv_l/tv_r/av_l/av_r/x/y/theta/t_err: 1.57080 0.00000 2.40000 0.00000 0.00000 -0.02806 0.07922 -0.02806 0.07922 0 0 -0.00001 1.57080
fb: -0.14047 0.05943 -1.00000 1.00000
fb: -0.25934 0.12604 -1.00000 1.00000
target: 0.00000 0.62789
dist/lin/ang/drive_left/drive_right/tv_l/tv_r/av_l/av_r/x/y/theta/t_err: 1.56689 0.00000 4.80000 -0.38538 -0.13329 -0.51194 0.21011 -0.51194 0.21011 0 0 0.22378 1.56689
fb: -0.15668 0.16694 -1.00000 1.00000
fb: -0.03782 0.20206 -1.00000 1.00000
target: 0.00000 0.78486
dist/lin/ang/drive_left/drive_right/tv_l/tv_r/av_l/av_r/x/y/theta/t_err: 1.54637 0.00000 6.00000 -0.23988 0.16424 -0.65569 0.48236 -0.65569 0.48236 0 0 1.39948 1.54637
fb: 0.00000 0.25237 -1.00000 1.00000
fb: 0.02701 0.30845 -1.00000 1.00000
target: 0.00000 0.78486
dist/lin/ang/drive_left/drive_right/tv_l/tv_r/av_l/av_r/x/y/theta/t_err: 1.51344 0.00000 6.00000 -0.28144 0.33547 -0.65689 0.66853 -0.65689 0.66853 0 0 3.28630 1.51344
fb: 0.02161 0.36545 -0.77458 0.77948
fb: -0.02161 0.42607 -0.74428 0.74917
target: 0.00000 0.78486
dist/lin/ang/drive_left/drive_right/tv_l/tv_r/av_l/av_r/x/y/theta/t_err: 1.46430 0.00000 6.00000 -0.44768 0.40446 -0.52189 0.46967 -0.52189 0.46967 0 0 6.10179 1.46430
fb: -0.07564 0.47421 -0.72020 0.72510
fb: -0.07564 0.49121 -0.71170 0.71660
target: 0.00000 0.78486
dist/lin/ang/drive_left/drive_right/tv_l/tv_r/av_l/av_r/x/y/theta/t_err: 1.39758 0.00000 6.00000 -0.56685 0.41558 -0.50767 0.45497 -0.50767 0.45497 0 0 9.92433 1.39758
fb: 0.01081 0.50675 -0.70393 0.70883
fb: 0.04862 0.54013 -0.68725 0.69214
target: 0.00000 0.78486
dist/lin/ang/drive_left/drive_right/tv_l/tv_r/av_l/av_r/x/y/theta/t_err: 1.32208 0.00000 6.00000 -0.49150 0.58875 -0.55853 0.54806 -0.55853 0.54806 0 0 14.25041 1.32208
fb: -0.01080 0.57260 -0.67101 0.67591
fb: -0.05943 0.60492 -0.65485 0.65974
target: 0.00000 0.78486
dist/lin/ang/drive_left/drive_right/tv_l/tv_r/av_l/av_r/x/y/theta/t_err: 1.23858 0.00000 6.00000 -0.66435 0.54550 -0.57939 0.54378 -0.57939 0.54378 0 0 19.03482 1.23858
fb: -0.09184 0.63551 -0.63955 0.64445
fb: -0.11885 0.66087 -0.62687 0.63177
target: 0.00000 0.78486
dist/lin/ang/drive_left/drive_right/tv_l/tv_r/av_l/av_r/x/y/theta/t_err: 1.14518 0.00000 6.00000 -0.77973 0.54202 -0.59786 0.54703 -0.59786 0.54703 0 0 24.38587 1.14518
fb: -0.08644 0.69042 -0.61210 0.61699
fb: -0.04862 0.71766 -0.59848 0.60337
target: 0.00000 0.78486
dist/lin/ang/drive_left/drive_right/tv_l/tv_r/av_l/av_r/x/y/theta/t_err: 1.04323 0.00000 6.00000 -0.76628 0.66904 -0.57817 0.57406 -0.57817 0.57406 0 0 30.22736 1.04323
fb: -0.03782 0.74365 -0.58548 0.59038
fb: -0.08103 0.76971 -0.57246 0.57735
target: 0.00000 0.78486
dist/lin/ang/drive_left/drive_right/tv_l/tv_r/av_l/av_r/x/y/theta/t_err: 0.93276 0.00000 6.00000 -0.85074 0.68868 -0.57611 0.57767 -0.57611 0.57767 0 0 36.55699 0.93276
fb: -0.07563 0.79284 -0.56089 0.56578
fb: -0.03241 0.81249 -0.55106 0.55596
target: 0.00000 0.78486
dist/lin/ang/drive_left/drive_right/tv_l/tv_r/av_l/av_r/x/y/theta/t_err: 0.81449 0.00000 6.00000 -0.84490 0.78008 -0.55953 0.55678 -0.55953 0.55678 0 0 43.33311 0.81449
fb: -0.05942 0.82837 -0.54312 0.54802
fb: -0.07563 0.84140 -0.53661 0.54150
target: 0.00000 0.71510
dist/lin/ang/drive_left/drive_right/tv_l/tv_r/av_l/av_r/x/y/theta/t_err: 0.68996 0.00000 5.46672 -0.91703 0.76578 -0.53847 0.53300 -0.53847 0.53300 0 0 50.46797 0.68996
fb: -0.07563 0.85213 -0.13571 0.14060
fb: -0.06482 0.85994 -0.13181 0.13670
target: 0.00000 0.56814
dist/lin/ang/drive_left/drive_right/tv_l/tv_r/av_l/av_r/x/y/theta/t_err: 0.56118 0.00000 4.34324 -0.92476 0.79511 -0.43339 0.45533 -0.43339 0.45533 0 0 57.84662 0.56118
fb: -0.05942 0.86663 0.46894 -0.47384
fb: -0.06482 0.86015 0.46570 -0.47060
target: 0.00000 0.41876
dist/lin/ang/drive_left/drive_right/tv_l/tv_r/av_l/av_r/x/y/theta/t_err: 0.42961 0.00000 3.20125 -0.92497 0.79532 -0.10594 0.10167 -0.10594 0.10167 0 0 65.38517 0.42961
fb: -0.03781 0.84558 0.64410 -0.64899
fb: -0.02161 0.80183 0.62222 -0.62711
target: 0.00000 0.27212
dist/lin/ang/drive_left/drive_right/tv_l/tv_r/av_l/av_r/x/y/theta/t_err: 0.29889 0.00000 2.08025 -0.82344 0.78022 0.27169 -0.26625 0.27169 -0.26625 0 0 72.87489 0.29889
fb: -0.04862 0.73863 0.74983 -0.75473
fb: -0.08103 0.68031 0.72067 -0.72557
target: 0.00000 0.14204
dist/lin/ang/drive_left/drive_right/tv_l/tv_r/av_l/av_r/x/y/theta/t_err: 0.17868 0.00000 1.08581 -0.76135 0.59928 0.34842 -0.39767 0.34842 -0.39767 0 0 79.76263 0.17868
fb: -0.06483 0.60283 0.75963 -0.76452
fb: -0.03782 0.52661 0.72152 -0.72641
target: 0.00000 0.03841
dist/lin/ang/drive_left/drive_right/tv_l/tv_r/av_l/av_r/x/y/theta/t_err: 0.07803 0.00000 0.29366 -0.56443 0.48879 0.37744 -0.38997 0.37744 -0.38997 0 0 85.52911 0.07803
fb: 0.00540 0.44404 0.68240 -0.68729
fb: -0.00000 0.36733 0.64404 -0.64894
target: 0.00000 -0.03701
dist/lin/ang/drive_left/drive_right/tv_l/tv_r/av_l/av_r/x/y/theta/t_err: 0.00079 0.00000 -0.28292 -0.36733 0.36733 0.35042 -0.36908 0.35042 -0.36908 0 0 89.95500 0.00079
fb: -0.04322 0.28943 0.56644 -0.57133
fb: -0.05403 0.21244 0.40322 -0.40811
target: 0.00000 -0.08508
dist/lin/ang/drive_left/drive_right/tv_l/tv_r/av_l/av_r/x/y/theta/t_err: -0.05243 0.00000 -0.65042 -0.26647 0.15841 0.36036 -0.34564 0.36036 -0.34564 0 0 93.00384 -0.05243
fb: -0.04863 0.13566 0.31235 -0.31725
fb: -0.03782 0.05964 0.31235 -0.31725
target: 0.00000 -0.10673
dist/lin/ang/drive_left/drive_right/tv_l/tv_r/av_l/av_r/x/y/theta/t_err: -0.08198 0.00000 -0.81589 -0.09746 0.02182 0.31653 -0.30592 0.31653 -0.30592 0 0 94.69728 -0.08198
fb: -0.01621 -0.00829 0.20793 -0.21283
fb: -0.01081 -0.06257 0.20793 -0.21283
target: 0.00000 -0.10296
dist/lin/ang/drive_left/drive_right/tv_l/tv_r/av_l/av_r/x/y/theta/t_err: -0.08863 0.00000 -0.78710 0.05176 -0.07337 0.28694 -0.28508 0.28694 -0.28508 0 0 95.07791 -0.08863
fb: -0.04322 -0.09755 0.09106 -0.09595
fb: -0.04322 -0.11754 0.09106 -0.09595
target: 0.00000 -0.08242
dist/lin/ang/drive_left/drive_right/tv_l/tv_r/av_l/av_r/x/y/theta/t_err: -0.07793 0.00000 -0.63009 0.07432 -0.16077 0.19250 -0.19972 0.19250 -0.19972 0 0 94.46508 -0.07793
fb: -0.03242 -0.12639 -0.07622 0.08111
fb: -0.03242 -0.12674 -0.07622 0.08111
target: 0.00000 -0.05831
dist/lin/ang/drive_left/drive_right/tv_l/tv_r/av_l/av_r/x/y/theta/t_err: -0.05976 0.00000 -0.44575 0.09432 -0.15916 0.08078 -0.08383 0.08078 -0.08383 0 0 93.42377 -0.05976
fb: -0.02161 -0.12291 -0.10847 0.11336
fb: -0.00540 -0.11775 -0.10847 0.11336
target: 0.00000 -0.03623
dist/lin/ang/drive_left/drive_right/tv_l/tv_r/av_l/av_r/x/y/theta/t_err: -0.04057 0.00000 -0.27698 0.11235 -0.12315 -0.06125 0.06881 -0.06125 0.06881 0 0 92.32460 -0.04057
fb: -0.00000 -0.11176 -0.11409 0.11899
fb: -0.02161 -0.10061 -0.11409 0.11899
target: 0.00000 -0.01695
dist/lin/ang/drive_left/drive_right/tv_l/tv_r/av_l/av_r/x/y/theta/t_err: -0.02281 0.00000 -0.12954 0.07900 -0.12222 -0.10044 0.10453 -0.10044 0.10453 0 0 91.30685 -0.02281
fb: -0.03242 -0.08166 -0.11446 0.11935
fb: -0.02701 -0.04954 -0.11446 0.11935
target: 0.00000 -0.00209
dist/lin/ang/drive_left/drive_right/tv_l/tv_r/av_l/av_r/x/y/theta/t_err: -0.00822 0.00000 -0.01601 0.02253 -0.07655 -0.10661 0.10539 -0.10661 0.10539 0 0 90.47111 -0.00822
fb: -0.01621 -0.00864 -0.10445 0.10934
fb: 0.00000 0.02508 -0.10445 0.10934
final error was -0.13303
position: -0.57844 -0.55740 90.13303
took 0.60000 time to finish turn
increased kd to 1.70000
increased kd to 1.90000
increased kd to 2.10000
target: 0.00000 0.15697
dist/lin/ang/drive_left/drive_right/tv_l/tv_r/av_l/av_r/x/y/theta/t_err: 1.57080 0.00000 1.20000 0.00000 0.00000 -0.00017 -0.00050 -0.00017 -0.00050 0 0 0.00006 1.57080
fb: 0.00000 0.00000 -0.85057 0.85546
fb: 0.00000 0.00000 -0.85057 0.85546
target: 0.00000 0.31394
dist/lin/ang/drive_left/drive_right/tv_l/tv_r/av_l/av_r/x/y/theta/t_err: 1.57079 0.00000 2.40000 0.00000 0.00000 -0.05611 0.05306 -0.05611 0.05306 0 0 0.00008 1.57079
fb: 0.00000 0.00118 -1.00000 1.00000
fb: 0.00000 0.01791 -1.00000 1.00000
target: 0.00000 0.47092
dist/lin/ang/drive_left/drive_right/tv_l/tv_r/av_l/av_r/x/y/theta/t_err: 1.57074 0.00000 3.60000 -0.01791 0.01791 -0.44933 0.40469 -0.44933 0.40469 0 0 0.00304 1.57074
fb: 0.00000 0.07518 -1.00000 1.00000
fb: 0.00000 0.12674 -1.00000 1.00000
target: 0.00000 0.62789
dist/lin/ang/drive_left/drive_right/tv_l/tv_r/av_l/av_r/x/y/theta/t_err: 1.56538 0.00000 4.80000 -0.12674 0.12674 -0.65158 0.29019 -0.65158 0.29019 0 0 0.31005 1.56538
fb: 0.00000 0.16994 -1.00000 1.00000
fb: -0.00397 0.22115 -1.00000 1.00000
target: 0.00000 0.78486
dist/lin/ang/drive_left/drive_right/tv_l/tv_r/av_l/av_r/x/y/theta/t_err: 1.54452 0.00000 6.00000 -0.22512 0.21718 -0.68614 0.56583 -0.68614 0.56583 0 0 1.50553 1.54452
fb: -0.02714 0.27668 -1.00000 1.00000
fb: -0.04259 0.33974 -1.00000 1.00000
target: 0.00000 0.78486
dist/lin/ang/drive_left/drive_right/tv_l/tv_r/av_l/av_r/x/y/theta/t_err: 1.50868 0.00000 6.00000 -0.38233 0.29715 -0.71728 0.60931 -0.71728 0.60931 0 0 3.55874 1.50868
fb: -0.03508 0.39813 -0.75825 0.76314
fb: -0.03111 0.45387 -0.73038 0.73527
target: 0.00000 0.78486
dist/lin/ang/drive_left/drive_right/tv_l/tv_r/av_l/av_r/x/y/theta/t_err: 1.45473 0.00000 6.00000 -0.48498 0.42276 -0.62781 0.61481 -0.62781 0.61481 0 0 6.65008 1.45473
fb: -0.02714 0.50250 -0.70606 0.71095
fb: -0.03288 0.52508 -0.69477 0.69966
target: 0.00000 0.78486
dist/lin/ang/drive_left/drive_right/tv_l/tv_r/av_l/av_r/x/y/theta/t_err: 1.38372 0.00000 6.00000 -0.55795 0.49220 -0.52617 0.45089 -0.52617 0.45089 0 0 10.71854 1.38372
fb: -0.06200 0.54361 -0.68550 0.69040
fb: -0.09311 0.56988 -0.67237 0.67726
target: 0.00000 0.78486
dist/lin/ang/drive_left/drive_right/tv_l/tv_r/av_l/av_r/x/y/theta/t_err: 1.30299 0.00000 6.00000 -0.66299 0.47677 -0.57953 0.57886 -0.57953 0.57886 0 0 15.34424 1.30299
fb: -0.11253 0.59984 -0.65739 0.66228
fb: -0.12223 0.63649 -0.63907 0.64396
target: 0.00000 0.78486
dist/lin/ang/drive_left/drive_right/tv_l/tv_r/av_l/av_r/x/y/theta/t_err: 1.21497 0.00000 6.00000 -0.75872 0.51425 -0.60353 0.53725 -0.60353 0.53725 0 0 20.38760 1.21497
fb: -0.12598 0.67230 -0.62116 0.62605
fb: -0.13966 0.70129 -0.60667 0.61156
target: 0.00000 0.78486
dist/lin/ang/drive_left/drive_right/tv_l/tv_r/av_l/av_r/x/y/theta/t_err: 1.11657 0.00000 6.00000 -0.84095 0.56162 -0.60336 0.54667 -0.60336 0.54667 0 0 26.02498 1.11657
fb: -0.13569 0.72923 -0.59270 0.59759
fb: -0.12399 0.75640 -0.57911 0.58400
target: 0.00000 0.78486
dist/lin/ang/drive_left/drive_right/tv_l/tv_r/av_l/av_r/x/y/theta/t_err: 1.00855 0.00000 6.00000 -0.88039 0.63241 -0.58842 0.56278 -0.58842 0.56278 0 0 32.21429 1.00855
fb: -0.11826 0.77863 -0.56800 0.57289
fb: -0.08340 0.80016 -0.55723 0.56212
target: 0.00000 0.78486
dist/lin/ang/drive_left/drive_right/tv_l/tv_r/av_l/av_r/x/y/theta/t_err: 0.89237 0.00000 6.00000 -0.88355 0.71676 -0.56172 0.55181 -0.56172 0.55181 0 0 38.87096 0.89237
fb: -0.02912 0.82050 -0.54706 0.55195
fb: 0.00000 0.83506 -0.53978 0.54467
target: 0.00000 0.78125
dist/lin/ang/drive_left/drive_right/tv_l/tv_r/av_l/av_r/x/y/theta/t_err: 0.76948 0.00000 5.97242 -0.83506 0.83506 -0.53744 0.54328 -0.53744 0.54328 0 0 45.91177 0.76948
fb: 0.00000 0.84614 -0.51378 0.51868
fb: -0.29276 0.85409 -0.36343 0.66109
target: 0.00000 0.63400
dist/lin/ang/drive_left/drive_right/tv_l/tv_r/av_l/av_r/x/y/theta/t_err: 0.64163 0.00000 4.84673 -1.14685 0.56132 -0.52106 0.52258 -0.52106 0.52258 0 0 53.23751 0.64163
fb: -0.36645 0.86001 0.57310 -0.21155
fb: -0.12796 0.86502 0.39239 -0.39728
target: 0.00000 0.48519
dist/lin/ang/drive_left/drive_right/tv_l/tv_r/av_l/av_r/x/y/theta/t_err: 0.51102 0.00000 3.70911 -0.99298 0.73707 -0.30081 0.36258 -0.30081 0.36258 0 0 60.72061 0.51102
fb: -0.11053 0.86656 0.57429 -0.57918
fb: -0.11450 0.85485 0.56843 -0.57333
target: 0.00000 0.33533
dist/lin/ang/drive_left/drive_right/tv_l/tv_r/av_l/av_r/x/y/theta/t_err: 0.37880 0.00000 2.56351 -0.96935 0.74035 0.26814 -0.15519 0.26814 -0.15519 0 0 68.29638 0.37880
fb: -0.10082 0.81291 0.72749 -0.73238
fb: -0.08340 0.74748 0.69478 -0.69967
target: 0.00000 0.19309
dist/lin/ang/drive_left/drive_right/tv_l/tv_r/av_l/av_r/x/y/theta/t_err: 0.25017 0.00000 1.47610 -0.83088 0.66409 0.31125 -0.43564 0.31125 -0.43564 0 0 75.66656 0.25017
fb: -0.07568 0.67411 0.79027 -0.79516
fb: -0.06597 0.57455 0.74048 -0.74538
target: 0.00000 0.07942
dist/lin/ang/drive_left/drive_right/tv_l/tv_r/av_l/av_r/x/y/theta/t_err: 0.13866 0.00000 0.60712 -0.64052 0.50858 0.25133 -0.40431 0.25133 -0.40431 0 0 82.05515 0.13866
fb: -0.08142 0.47777 0.69650 -0.70140
fb: -0.10459 0.39053 0.65289 -0.65778
target: 0.00000 0.00329
dist/lin/ang/drive_left/drive_right/tv_l/tv_r/av_l/av_r/x/y/theta/t_err: 0.05438 0.00000 0.02515 -0.49512 0.28595 0.27925 -0.33844 0.27925 -0.33844 0 0 86.88437 0.05438
fb: -0.10481 0.31807 0.53679 -0.54168
fb: -0.09510 0.24798 0.37940 -0.38429
target: 0.00000 -0.04243
dist/lin/ang/drive_left/drive_right/tv_l/tv_r/av_l/av_r/x/y/theta/t_err: -0.00281 0.00000 -0.32439 -0.34308 0.15287 0.31211 -0.34169 0.31211 -0.34169 0 0 90.16094 -0.00281
fb: -0.07745 0.17300 0.27321 -0.27810
fb: -0.05230 0.09769 0.27321 -0.27810
target: 0.00000 -0.06660
dist/lin/ang/drive_left/drive_right/tv_l/tv_r/av_l/av_r/x/y/theta/t_err: -0.03782 0.00000 -0.50910 -0.14998 0.04539 0.25939 -0.32889 0.25939 -0.32889 0 0 92.16709 -0.03782
fb: -0.03111 0.02954 0.19237 -0.19727
fb: -0.02714 -0.02669 0.19237 -0.19727
target: 0.00000 -0.06494
dist/lin/ang/drive_left/drive_right/tv_l/tv_r/av_l/av_r/x/y/theta/t_err: -0.05018 0.00000 -0.49643 -0.00046 -0.05383 0.23083 -0.24603 0.23083 -0.24603 0 0 92.87515 -0.05018
fb: -0.02317 -0.06605 0.07508 -0.07997
fb: -0.01942 -0.08640 0.07508 -0.07997
target: 0.00000 -0.04665
dist/lin/ang/drive_left/drive_right/tv_l/tv_r/av_l/av_r/x/y/theta/t_err: -0.04477 0.00000 -0.35660 0.06698 -0.10582 0.16375 -0.16578 0.16375 -0.16578 0 0 92.56506 -0.04477
fb: -0.02913 -0.09427 -0.09008 0.09498
fb: -0.02913 -0.09357 -0.09008 0.09498
target: 0.00000 -0.02608
dist/lin/ang/drive_left/drive_right/tv_l/tv_r/av_l/av_r/x/y/theta/t_err: -0.03136 0.00000 -0.19934 0.06445 -0.12270 0.03953 -0.03764 0.03953 -0.03764 0 0 91.79698 -0.03136
fb: -0.02339 -0.08863 -0.11412 0.11901
fb: -0.01942 -0.08396 -0.11412 0.11901
target: 0.00000 -0.00982
dist/lin/ang/drive_left/drive_right/tv_l/tv_r/av_l/av_r/x/y/theta/t_err: -0.01731 0.00000 -0.07508 0.06454 -0.10338 -0.08456 0.08178 -0.08456 0.08178 0 0 90.99175 -0.01731
fb: -0.00772 -0.07839 -0.10559 0.11049
fb: 0.00000 -0.06863 -0.10559 0.11049
final error was -0.26926
position: -0.71861 -0.95309 90.26926
took 0.54000 time to finish turn
increased kd to 2.30000
increased kd to 2.50000
increased kd to 2.70000
target: 0.00000 0.15697
dist/lin/ang/drive_left/drive_right/tv_l/tv_r/av_l/av_r/x/y/theta/t_err: 1.57080 0.00000 1.20000 0.00000 0.00000 -0.00000 -0.00017 -0.00000 -0.00017 0 0 -0.00001 1.57080
fb: 0.00000 0.00000 -0.85057 0.85546
fb: 0.00000 0.00000 -0.85057 0.85546
target: 0.00000 0.31394
dist/lin/ang/drive_left/drive_right/tv_l/tv_r/av_l/av_r/x/y/theta/t_err: 1.57080 0.00000 2.40000 0.00000 0.00000 -0.03953 0.10678 -0.03953 0.10678 0 0 -0.00001 1.57080
fb: 0.00000 0.00000 -1.00000 1.00000
fb: 0.00000 0.00334 -1.00000 1.00000
target: 0.00000 0.47092
dist/lin/ang/drive_left/drive_right/tv_l/tv_r/av_l/av_r/x/y/theta/t_err: 1.57080 0.00000 3.60000 -0.00334 0.00334 -0.48597 0.36958 -0.48597 0.36958 0 0 -0.00019 1.57080
fb: 0.00000 0.03289 -1.00000 1.00000
fb: 0.00000 0.09030 -1.00000 1.00000
target: 0.00000 0.62789
dist/lin/ang/drive_left/drive_right/tv_l/tv_r/av_l/av_r/x/y/theta/t_err: 1.56893 0.00000 4.80000 -0.09030 0.09030 -0.56653 0.39681 -0.56653 0.39681 0 0 0.10676 1.56893
fb: 0.00000 0.13705 -1.00000 1.00000
fb: 0.00000 0.18617 -1.00000 1.00000
target: 0.00000 0.78486
dist/lin/ang/drive_left/drive_right/tv_l/tv_r/av_l/av_r/x/y/theta/t_err: 1.55352 0.00000 6.00000 -0.18617 0.18617 -0.69231 0.58672 -0.69231 0.58672 0 0 0.99012 1.55352
fb: 0.00000 0.23739 -1.00000 1.00000
fb: 0.00000 0.29347 -1.00000 1.00000
target: 0.00000 0.78486
dist/lin/ang/drive_left/drive_right/tv_l/tv_r/av_l/av_r/x/y/theta/t_err: 1.52316 0.00000 6.00000 -0.29347 0.29347 -0.74142 0.64558 -0.74142 0.64558 0 0 2.72939 1.52316
fb: 0.00000 0.35723 -0.77870 0.78359
fb: 0.00000 0.41757 -0.74853 0.75342
target: 0.00000 0.78486
dist/lin/ang/drive_left/drive_right/tv_l/tv_r/av_l/av_r/x/y/theta/t_err: 1.47587 0.00000 6.00000 -0.41757 0.41757 -0.74722 0.56297 -0.74722 0.56297 0 0 5.43870 1.47587
fb: -0.00397 0.46850 -0.72306 0.72795
fb: -0.00397 0.51184 -0.70139 0.70628
target: 0.00000 0.78486
dist/lin/ang/drive_left/drive_right/tv_l/tv_r/av_l/av_r/x/y/theta/t_err: 1.41032 0.00000 6.00000 -0.51581 0.50787 -0.51314 0.43531 -0.51314 0.43531 0 0 9.19477 1.41032
fb: -0.01346 0.54110 -0.68676 0.69165
fb: -0.04457 0.56214 -0.67624 0.68113
target: 0.00000 0.78486
dist/lin/ang/drive_left/drive_right/tv_l/tv_r/av_l/av_r/x/y/theta/t_err: 1.33139 0.00000 6.00000 -0.60671 0.51757 -0.59514 0.55386 -0.59514 0.55386 0 0 13.71696 1.33139
fb: -0.06399 0.58827 -0.66317 0.66807
fb: -0.07171 0.62423 -0.64520 0.65009
target: 0.00000 0.78486
dist/lin/ang/drive_left/drive_right/tv_l/tv_r/av_l/av_r/x/y/theta/t_err: 1.24461 0.00000 6.00000 -0.69593 0.55252 -0.59664 0.53233 -0.59664 0.53233 0 0 18.68924 1.24461
fb: -0.08340 0.65495 -0.62983 0.63473
fb: -0.09311 0.68519 -0.61471 0.61961
target: 0.00000 0.78486
dist/lin/ang/drive_left/drive_right/tv_l/tv_r/av_l/av_r/x/y/theta/t_err: 1.14839 0.00000 6.00000 -0.77830 0.59208 -0.61050 0.49586 -0.61050 0.49586 0 0 24.20210 1.14839
fb: -0.10282 0.71027 -0.60217 0.60707
fb: -0.11826 0.73410 -0.59026 0.59515
target: 0.00000 0.78486
dist/lin/ang/drive_left/drive_right/tv_l/tv_r/av_l/av_r/x/y/theta/t_err: 1.04298 0.00000 6.00000 -0.85236 0.61584 -0.59133 0.53472 -0.59133 0.53472 0 0 30.24159 1.04298
fb: -0.12223 0.75919 -0.57772 0.58261
fb: -0.13569 0.78253 -0.56605 0.57094
target: 0.00000 0.78486
dist/lin/ang/drive_left/drive_right/tv_l/tv_r/av_l/av_r/x/y/theta/t_err: 0.93009 0.00000 6.00000 -0.91821 0.64684 -0.57322 0.55339 -0.57322 0.55339 0 0 36.70951 0.93009
fb: -0.15709 0.80754 -0.55354 0.55843
fb: -0.12995 0.82886 -0.54288 0.54777
target: 0.00000 0.78486
dist/lin/ang/drive_left/drive_right/tv_l/tv_r/av_l/av_r/x/y/theta/t_err: 0.80977 0.00000 6.00000 -0.95881 0.69891 -0.55267 0.54758 -0.55267 0.54758 0 0 43.60342 0.80977
fb: -0.12995 0.84126 -0.53668 0.54157
fb: -0.14539 0.85241 -0.53110 0.53600
target: 0.00000 0.65643
dist/lin/ang/drive_left/drive_right/tv_l/tv_r/av_l/av_r/x/y/theta/t_err: 0.68301 0.00000 5.01823 -0.99780 0.70702 -0.53367 0.52789 -0.53367 0.52789 0 0 50.86643 0.68301
fb: -0.13171 0.86314 0.28048 -0.28537
fb: -0.13965 0.87039 0.28410 -0.28900
target: 0.00000 0.50649
dist/lin/ang/drive_left/drive_right/tv_l/tv_r/av_l/av_r/x/y/theta/t_err: 0.55259 0.00000 3.87196 -1.01004 0.73074 -0.43033 0.43139 -0.43033 0.43139 0 0 58.33885 0.55259
fb: -0.14936 0.87847 0.56041 -0.56530
fb: -0.15708 0.87826 0.56030 -0.56520
target: 0.00000 0.35423
dist/lin/ang/drive_left/drive_right/tv_l/tv_r/av_l/av_r/x/y/theta/t_err: 0.41941 0.00000 2.70799 -1.03534 0.72118 0.07411 -0.06075 0.07411 -0.06075 0 0 65.96943 0.41941
fb: -0.14737 0.86266 0.74106 -0.74596
fb: -0.13193 0.80984 0.71466 -0.71955
target: 0.00000 0.20382
dist/lin/ang/drive_left/drive_right/tv_l/tv_r/av_l/av_r/x/y/theta/t_err: 0.28594 0.00000 1.55814 -0.94177 0.67791 0.40911 -0.43103 0.40911 -0.43103 0 0 73.61685 0.28594
fb: -0.11826 0.73654 0.84568 -0.85057
fb: -0.10855 0.66861 0.81171 -0.81660
target: 0.00000 0.07933
dist/lin/ang/drive_left/drive_right/tv_l/tv_r/av_l/av_r/x/y/theta/t_err: 0.16525 0.00000 0.60648 -0.77716 0.56006 0.40742 -0.40808 0.40742 -0.40808 0 0 80.53193 0.16525
fb: -0.11628 0.58946 0.80112 -0.80602
fb: -0.11054 0.51567 0.76423 -0.76912
target: 0.00000 -0.01261
dist/lin/ang/drive_left/drive_right/tv_l/tv_r/av_l/av_r/x/y/theta/t_err: 0.06638 0.00000 -0.09643 -0.62621 0.40513 0.37542 -0.30150 0.37542 -0.30150 0 0 86.19646 0.06638
fb: -0.10878 0.44160 0.68835 -0.69324
fb: -0.10282 0.36545 0.65027 -0.65516
target: 0.00000 -0.07795
dist/lin/ang/drive_left/drive_right/tv_l/tv_r/av_l/av_r/x/y/theta/t_err: -0.00963 0.00000 -0.59587 -0.46827 0.26263 0.37406 -0.28264 0.37406 -0.28264 0 0 90.55160 -0.00963
fb: -0.09113 0.29208 0.57025 -0.57515
fb: -0.09885 0.22059 0.53451 -0.53940
target: 0.00000 -0.11751
dist/lin/ang/drive_left/drive_right/tv_l/tv_r/av_l/av_r/x/y/theta/t_err: -0.06276 0.00000 -0.89834 -0.31945 0.12174 0.37472 -0.24144 0.37472 -0.24144 0 0 93.59574 -0.06276
fb: -0.09885 0.14911 0.42911 -0.43401
fb: -0.08716 0.08222 0.29581 -0.30070
target: 0.00000 -0.13280
dist/lin/ang/drive_left/drive_right/tv_l/tv_r/av_l/av_r/x/y/theta/t_err: -0.09374 0.00000 -1.01524 -0.16938 -0.00494 0.37439 -0.22417 0.37439 -0.22417 0 0 95.37070 -0.09374
fb: -0.06796 0.02362 0.19681 -0.20170
fb: -0.04281 -0.02641 0.19681 -0.20170
target: 0.00000 -0.12637
dist/lin/ang/drive_left/drive_right/tv_l/tv_r/av_l/av_r/x/y/theta/t_err: -0.10415 0.00000 -0.96604 -0.01640 -0.06922 0.26831 -0.29222 0.26831 -0.29222 0 0 95.96759 -0.10415
fb: -0.04259 -0.07086 0.09473 -0.09962
fb: -0.04854 -0.10054 0.09473 -0.09962
target: 0.00000 -0.10572
dist/lin/ang/drive_left/drive_right/tv_l/tv_r/av_l/av_r/x/y/theta/t_err: -0.09845 0.00000 -0.80817 0.05200 -0.14909 0.17197 -0.19197 0.17197 -0.19197 0 0 95.64078 -0.09845
fb: -0.03685 -0.11531 -0.06112 0.06602
fb: -0.03288 -0.12284 -0.06112 0.06602
target: 0.00000 -0.07908
dist/lin/ang/drive_left/drive_right/tv_l/tv_r/av_l/av_r/x/y/theta/t_err: -0.08268 0.00000 -0.60458 0.08996 -0.15572 0.08231 -0.06742 0.08231 -0.06742 0 0 94.73713 -0.08268
fb: -0.02913 -0.12347 -0.10588 0.11078
fb: -0.02317 -0.11894 -0.10588 0.11078
target: 0.00000 -0.05539
dist/lin/ang/drive_left/drive_right/tv_l/tv_r/av_l/av_r/x/y/theta/t_err: -0.06394 0.00000 -0.42344 0.09577 -0.14211 -0.05372 0.06128 -0.05372 0.06128 0 0 93.66364 -0.06394
fb: -0.01942 -0.11406 -0.10854 0.11343
fb: -0.00794 -0.10730 -0.10854 0.11343
target: 0.00000 -0.03585
dist/lin/ang/drive_left/drive_right/tv_l/tv_r/av_l/av_r/x/y/theta/t_err: -0.04597 0.00000 -0.27402 0.09936 -0.11524 -0.09908 0.10456 -0.09908 0.10456 0 0 92.63388 -0.04597
fb: 0.00000 -0.09337 -0.10296 0.10785
fb: -0.00177 -0.06982 -0.10296 0.10785
target: 0.00000 -0.02004
dist/lin/ang/drive_left/drive_right/tv_l/tv_r/av_l/av_r/x/y/theta/t_err: -0.03020 0.00000 -0.15320 0.06805 -0.07158 -0.09908 0.10472 -0.09908 0.10472 0 0 91.73006 -0.03020
fb: -0.00177 -0.03574 -0.09672 0.10161
fb: 0.00000 0.00216 -0.09672 0.10161
target: 0.00000 -0.01537
dist/lin/ang/drive_left/drive_right/tv_l/tv_r/av_l/av_r/x/y/theta/t_err: -0.02093 0.00000 -0.11751 -0.00216 0.00216 -0.09733 0.09733 -0.09733 0.09733 0 0 91.19941 -0.02093
fb: -0.00397 0.02439 -0.04973 0.05462
fb: -0.01169 0.03540 -0.04973 0.05462
target: 0.00000 -0.02544
dist/lin/ang/drive_left/drive_right/tv_l/tv_r/av_l/av_r/x/y/theta/t_err: -0.02188 0.00000 -0.19450 -0.04709 0.02370 -0.08742 0.08983 -0.08742 0.08983 0 0 91.25342 -0.02188
fb: -0.01169 0.04243 0.10139 -0.10628
fb: -0.00397 0.04640 0.10139 -0.10628
final error was -1.57692
position: -0.60437 -1.16718 91.57692
took 0.64000 time to finish turn
increased kd to 2.90000
increased kd to 3.10000
increased kd to 3.30000
increased kd to 3.50000
increased kd to 3.70000
increased kd to 3.90000
increased kd to 4.10000
increased kd to 4.30000
increased kd to 4.50000
target: 0.00000 0.15697
dist/lin/ang/drive_left/drive_right/tv_l/tv_r/av_l/av_r/x/y/theta/t_err: 1.57080 0.00000 1.20000 0.00000 0.00000 -0.00017 -0.00033 -0.00017 -0.00033 0 0 -0.00009 1.57080
fb: 0.00000 0.00000 -0.85057 0.85546
fb: 0.00000 0.00000 -0.85057 0.85546
target: 0.00000 0.31394
dist/lin/ang/drive_left/drive_right/tv_l/tv_r/av_l/av_r/x/y/theta/t_err: 1.57080 0.00000 2.40000 0.00000 0.00000 -0.05683 0.02842 -0.05683 0.02842 0 0 -0.00008 1.57080
fb: 0.00000 0.00000 -1.00000 1.00000
fb: 0.00199 0.00000 -1.00000 1.00000
target: 0.00000 0.47092
dist/lin/ang/drive_left/drive_right/tv_l/tv_r/av_l/av_r/x/y/theta/t_err: 1.57080 0.00000 3.60000 0.00199 0.00199 -0.49025 0.44725 -0.49025 0.44725 0 0 -0.00021 1.57080
fb: 0.00574 0.02836 -1.00000 1.00000
fb: 0.00375 0.08382 -1.00000 1.00000
target: 0.00000 0.62789
dist/lin/ang/drive_left/drive_right/tv_l/tv_r/av_l/av_r/x/y/theta/t_err: 1.56952 0.00000 4.80000 -0.08007 0.08757 -0.64628 0.45567 -0.64628 0.45567 0 0 0.07287 1.56952
fb: 0.00772 0.14716 -1.00000 1.00000
fb: 0.00772 0.20394 -1.00000 1.00000
target: 0.00000 0.78486
dist/lin/ang/drive_left/drive_right/tv_l/tv_r/av_l/av_r/x/y/theta/t_err: 1.55427 0.00000 6.00000 -0.19622 0.21166 -0.66442 0.54531 -0.66442 0.54531 0 0 0.94718 1.55427
fb: 0.00000 0.25641 -1.00000 1.00000
fb: 0.00000 0.30748 -1.00000 1.00000
target: 0.00000 0.78486
dist/lin/ang/drive_left/drive_right/tv_l/tv_r/av_l/av_r/x/y/theta/t_err: 1.52115 0.00000 6.00000 -0.30748 0.30748 -0.71781 0.65672 -0.71781 0.65672 0 0 2.84455 1.52115
fb: 0.00000 0.36085 -0.77688 0.78178
fb: 0.00000 0.41875 -0.74793 0.75283
target: 0.00000 0.78486
dist/lin/ang/drive_left/drive_right/tv_l/tv_r/av_l/av_r/x/y/theta/t_err: 1.47221 0.00000 6.00000 -0.41875 0.41875 -0.64731 0.54978 -0.64731 0.54978 0 0 5.64864 1.47221
fb: 0.00000 0.47324 -0.72069 0.72558
fb: 0.00000 0.51483 -0.69989 0.70479
target: 0.00000 0.78486
dist/lin/ang/drive_left/drive_right/tv_l/tv_r/av_l/av_r/x/y/theta/t_err: 1.40635 0.00000 6.00000 -0.51483 0.51483 -0.53881 0.50856 -0.53881 0.50856 0 0 9.42223 1.40635
fb: 0.00000 0.53643 -0.68909 0.69399
fb: 0.00000 0.56500 -0.67481 0.67970
target: 0.00000 0.78486
dist/lin/ang/drive_left/drive_right/tv_l/tv_r/av_l/av_r/x/y/theta/t_err: 1.32724 0.00000 6.00000 -0.56500 0.56500 -0.56603 0.56978 -0.56603 0.56978 0 0 13.95464 1.32724
fb: 0.00000 0.59545 -0.65958 0.66448
fb: -0.00375 0.63008 -0.64227 0.64716
target: 0.00000 0.78486
dist/lin/ang/drive_left/drive_right/tv_l/tv_r/av_l/av_r/x/y/theta/t_err: 1.23995 0.00000 6.00000 -0.63383 0.62633 -0.55200 0.52631 -0.55200 0.52631 0 0 18.95638 1.23995
fb: -0.03486 0.65864 -0.62799 0.63288
fb: -0.06398 0.68512 -0.61475 0.61964
target: 0.00000 0.78486
dist/lin/ang/drive_left/drive_right/tv_l/tv_r/av_l/av_r/x/y/theta/t_err: 1.14280 0.00000 6.00000 -0.74911 0.62114 -0.55953 0.54789 -0.55953 0.54789 0 0 24.52245 1.14280
fb: -0.06773 0.71271 -0.60095 0.60585
fb: -0.07568 0.73828 -0.58817 0.59306
target: 0.00000 0.78486
dist/lin/ang/drive_left/drive_right/tv_l/tv_r/av_l/av_r/x/y/theta/t_err: 1.03727 0.00000 6.00000 -0.81396 0.66261 -0.57561 0.55406 -0.57561 0.55406 0 0 30.56879 1.03727
fb: -0.09311 0.76365 -0.57549 0.58038
fb: -0.10656 0.78448 -0.56507 0.56996
target: 0.00000 0.78486
dist/lin/ang/drive_left/drive_right/tv_l/tv_r/av_l/av_r/x/y/theta/t_err: 0.92369 0.00000 6.00000 -0.89104 0.67792 -0.56811 0.56603 -0.56811 0.56603 0 0 37.07632 0.92369
fb: -0.09310 0.80343 -0.55559 0.56049
fb: -0.09112 0.82099 -0.54681 0.55171
target: 0.00000 0.72642
dist/lin/ang/drive_left/drive_right/tv_l/tv_r/av_l/av_r/x/y/theta/t_err: 0.80326 0.00000 5.55324 -0.91211 0.72987 -0.55147 0.54719 -0.55147 0.54719 0 0 43.97640 0.80326
fb: -0.10678 0.83576 -0.20807 0.21296
fb: -0.10104 0.85011 -0.20089 0.20579
target: 0.00000 0.57689
dist/lin/ang/drive_left/drive_right/tv_l/tv_r/av_l/av_r/x/y/theta/t_err: 0.67743 0.00000 4.41017 -0.95116 0.74907 -0.47722 0.43461 -0.47722 0.43461 0 0 51.18640 0.67743
fb: -0.08715 0.86161 0.46772 -0.47261
fb: -0.08317 0.86279 0.46831 -0.47321
target: 0.00000 0.42390
dist/lin/ang/drive_left/drive_right/tv_l/tv_r/av_l/av_r/x/y/theta/t_err: 0.54718 0.00000 3.24057 -0.94597 0.77962 -0.19950 0.12558 -0.19950 0.12558 0 0 58.64867 0.54718
fb: -0.08339 0.85464 0.65886 -0.66376
fb: -0.10479 0.83994 0.65151 -0.65641
target: 0.00000 0.27435
dist/lin/ang/drive_left/drive_right/tv_l/tv_r/av_l/av_r/x/y/theta/t_err: 0.41578 0.00000 2.09733 -0.94474 0.73515 0.22981 -0.29842 0.22981 -0.29842 0 0 66.17779 0.41578
fb: -0.13568 0.78483 0.78341 -0.78830
fb: -0.12421 0.69920 0.74059 -0.74548
target: 0.00000 0.14121
dist/lin/ang/drive_left/drive_right/tv_l/tv_r/av_l/av_r/x/y/theta/t_err: 0.29003 0.00000 1.07953 -0.82341 0.57498 0.42111 -0.36325 0.42111 -0.36325 0 0 73.38276 0.29003
fb: -0.12223 0.61851 0.78219 -0.78708
fb: -0.15114 0.53204 0.73895 -0.74385
target: 0.00000 0.05603
dist/lin/ang/drive_left/drive_right/tv_l/tv_r/av_l/av_r/x/y/theta/t_err: 0.18595 0.00000 0.42835 -0.68318 0.38091 0.40072 -0.32733 0.40072 -0.32733 0 0 79.34577 0.18595
fb: -0.14739 0.46118 0.58737 -0.59226
fb: -0.13768 0.39200 0.55278 -0.55767
target: 0.00000 0.00435
dist/lin/ang/drive_left/drive_right/tv_l/tv_r/av_l/av_r/x/y/theta/t_err: 0.10706 0.00000 0.03328 -0.52968 0.25431 0.36978 -0.35058 0.36978 -0.35058 0 0 83.86566 0.10706
fb: -0.11253 0.32183 0.42740 -0.43230
fb: -0.06796 0.25083 0.26866 -0.27356
target: 0.00000 -0.02818
dist/lin/ang/drive_left/drive_right/tv_l/tv_r/av_l/av_r/x/y/theta/t_err: 0.04983 0.00000 -0.21542 -0.31879 0.18287 0.33983 -0.34886 0.33983 -0.34886 0 0 87.14515 0.04983
fb: -0.05803 0.18283 0.20430 -0.20919
fb: -0.06774 0.10890 0.20430 -0.20919
target: 0.00000 -0.03704
dist/lin/ang/drive_left/drive_right/tv_l/tv_r/av_l/av_r/x/y/theta/t_err: 0.01398 0.00000 -0.28313 -0.17665 0.04116 0.26197 -0.25428 0.26197 -0.25428 0 0 89.19925 0.01398
fb: -0.07569 0.03658 0.10369 -0.10859
fb: -0.06796 -0.01951 0.10369 -0.10859
target: 0.00000 -0.02042
dist/lin/ang/drive_left/drive_right/tv_l/tv_r/av_l/av_r/x/y/theta/t_err: 0.00006 0.00000 -0.15611 -0.04845 -0.08747 0.19008 -0.17661 0.19008 -0.17661 0 0 89.99677 0.00006
fb: -0.05053 -0.05748 -0.10011 0.10501
fb: -0.04656 -0.07609 -0.10011 0.10501
target: 0.00000 0.01111
dist/lin/ang/drive_left/drive_right/tv_l/tv_r/av_l/av_r/x/y/theta/t_err: 0.00431 0.00000 0.08490 0.02953 -0.12264 0.08244 -0.05578 0.08244 -0.05578 0 0 89.75312 0.00431
fb: -0.04060 -0.08250 -0.18833 0.19322
fb: -0.02714 -0.08020 -0.18833 0.19322
final error was 0.92087
position: -0.39040 -0.87379 89.07913
took 0.50000 time to finish turn
target: 0.00000 0.15697
dist/lin/ang/drive_left/drive_right/tv_l/tv_r/av_l/av_r/x/y/theta/t_err: 1.57080 0.00000 1.20000 0.00000 0.00000 0.00033 -0.00017 0.00033 -0.00017 0 0 0.00004 1.57080
fb: 0.00000 0.00000 -0.85057 0.85546
fb: 0.00000 0.00000 -0.85057 0.85546
target: 0.00000 0.31394
dist/lin/ang/drive_left/drive_right/tv_l/tv_r/av_l/av_r/x/y/theta/t_err: 1.57079 0.00000 2.40000 0.00000 0.00000 -0.00033 0.09958 -0.00033 0.09958 0 0 0.00008 1.57079
fb: 0.00000 0.00000 -1.00000 1.00000
fb: 0.00000 0.01198 -1.00000 1.00000
target: 0.00000 0.47092
dist/lin/ang/drive_left/drive_right/tv_l/tv_r/av_l/av_r/x/y/theta/t_err: 1.57079 0.00000 3.60000 -0.01198 0.01198 -0.44881 0.37675 -0.44881 0.37675 0 0 0.00039 1.57079
fb: 0.00000 0.04919 -1.00000 1.00000
fb: 0.00596 0.10347 -1.00000 1.00000
target: 0.00000 0.62789
dist/lin/ang/drive_left/drive_right/tv_l/tv_r/av_l/av_r/x/y/theta/t_err: 1.56727 0.00000 4.80000 -0.09751 0.10943 -0.62917 0.35128 -0.62917 0.35128 0 0 0.20211 1.56727
fb: 0.00971 0.14019 -1.00000 1.00000
fb: 0.00375 0.18701 -1.00000 1.00000
target: 0.00000 0.78486
dist/lin/ang/drive_left/drive_right/tv_l/tv_r/av_l/av_r/x/y/theta/t_err: 1.55028 0.00000 6.00000 -0.18326 0.19076 -0.70514 0.61186 -0.70514 0.61186 0 0 1.17571 1.55028
fb: 0.00000 0.23585 -1.00000 1.00000
fb: 0.00000 0.29145 -1.00000 1.00000
target: 0.00000 0.78486
dist/lin/ang/drive_left/drive_right/tv_l/tv_r/av_l/av_r/x/y/theta/t_err: 1.51995 0.00000 6.00000 -0.29145 0.29145 -0.72586 0.66747 -0.72586 0.66747 0 0 2.91313 1.51995
fb: 0.00000 0.35103 -0.78180 0.78669
fb: 0.00000 0.40621 -0.75420 0.75910
target: 0.00000 0.78486
dist/lin/ang/drive_left/drive_right/tv_l/tv_r/av_l/av_r/x/y/theta/t_err: 1.47318 0.00000 6.00000 -0.40621 0.40621 -0.67022 0.60450 -0.67022 0.60450 0 0 5.59309 1.47318
fb: 0.00000 0.45784 -0.72839 0.73328
fb: 0.00000 0.49135 -0.71163 0.71653
target: 0.00000 0.78486
dist/lin/ang/drive_left/drive_right/tv_l/tv_r/av_l/av_r/x/y/theta/t_err: 1.40928 0.00000 6.00000 -0.49135 0.49135 -0.50117 0.44453 -0.50117 0.44453 0 0 9.25407 1.40928
fb: 0.00000 0.50599 -0.70432 0.70921
fb: 0.00000 0.52501 -0.69481 0.69970
target: 0.00000 0.78486
dist/lin/ang/drive_left/drive_right/tv_l/tv_r/av_l/av_r/x/y/theta/t_err: 1.33397 0.00000 6.00000 -0.52501 0.52501 -0.55800 0.49622 -0.55800 0.49622 0 0 13.56931 1.33397
fb: 0.00000 0.55260 -0.68101 0.68590
fb: 0.00000 0.58765 -0.66349 0.66838
target: 0.00000 0.78486
dist/lin/ang/drive_left/drive_right/tv_l/tv_r/av_l/av_r/x/y/theta/t_err: 1.25277 0.00000 6.00000 -0.58765 0.58765 -0.55322 0.51025 -0.55322 0.51025 0 0 18.22177 1.25277
fb: -0.01942 0.61740 -0.64861 0.65350
fb: -0.04258 0.64436 -0.63513 0.64002
target: 0.00000 0.78486
dist/lin/ang/drive_left/drive_right/tv_l/tv_r/av_l/av_r/x/y/theta/t_err: 1.16208 0.00000 6.00000 -0.68694 0.60178 -0.56656 0.56583 -0.56656 0.56583 0 0 23.41798 1.16208
fb: -0.05626 0.67314 -0.62074 0.62563
fb: -0.08141 0.70240 -0.60611 0.61100
target: 0.00000 0.78486
dist/lin/ang/drive_left/drive_right/tv_l/tv_r/av_l/av_r/x/y/theta/t_err: 1.06262 0.00000 6.00000 -0.78382 0.62099 -0.56961 0.55919 -0.56961 0.55919 0 0 29.11644 1.06262
fb: -0.07546 0.72616 -0.59423 0.59912
fb: -0.06222 0.75215 -0.58123 0.58613
target: 0.00000 0.78486
dist/lin/ang/drive_left/drive_right/tv_l/tv_r/av_l/av_r/x/y/theta/t_err: 0.95468 0.00000 6.00000 -0.81437 0.68993 -0.57306 0.57097 -0.57306 0.57097 0 0 35.30079 0.95468
fb: -0.07965 0.77842 -0.56810 0.57299
fb: -0.08340 0.80190 -0.55636 0.56125
target: 0.00000 0.77328
dist/lin/ang/drive_left/drive_right/tv_l/tv_r/av_l/av_r/x/y/theta/t_err: 0.83887 0.00000 5.91144 -0.88529 0.71850 -0.56414 0.55731 -0.56414 0.55731 0 0 41.93618 0.83887
fb: -0.09112 0.82183 -0.48071 0.48561
fb: -0.10656 0.83736 -0.47295 0.47784
target: 0.00000 0.62411
dist/lin/ang/drive_left/drive_right/tv_l/tv_r/av_l/av_r/x/y/theta/t_err: 0.71579 0.00000 4.77112 -0.94392 0.73080 -0.53456 0.53147 -0.53456 0.53147 0 0 48.98826 0.71579
fb: -0.09884 0.84990 0.40501 -0.40991
fb: -0.09685 0.85938 0.40975 -0.41464
target: 0.00000 0.47214
dist/lin/ang/drive_left/drive_right/tv_l/tv_r/av_l/av_r/x/y/theta/t_err: 0.58751 0.00000 3.60937 -0.95623 0.76253 -0.47278 0.39200 -0.47278 0.39200 0 0 56.33835 0.58751
fb: -0.10656 0.86210 0.60152 -0.60642
fb: -0.10281 0.85276 0.59686 -0.60175
target: 0.00000 0.31994
dist/lin/ang/drive_left/drive_right/tv_l/tv_r/av_l/av_r/x/y/theta/t_err: 0.45618 0.00000 2.44581 -0.95557 0.74995 0.05286 -0.16906 0.05286 -0.16906 0 0 63.86257 0.45618
fb: -0.11649 0.82824 0.76374 -0.76863
fb: -0.11252 0.76727 0.73326 -0.73815
target: 0.00000 0.17757
dist/lin/ang/drive_left/drive_right/tv_l/tv_r/av_l/av_r/x/y/theta/t_err: 0.32693 0.00000 1.35749 -0.87979 0.65475 0.33503 -0.41872 0.33503 -0.41872 0 0 71.26827 0.32693
fb: -0.09311 0.69167 0.81773 -0.82262
fb: -0.08914 0.62360 0.78369 -0.78858
target: 0.00000 0.07148
dist/lin/ang/drive_left/drive_right/tv_l/tv_r/av_l/av_r/x/y/theta/t_err: 0.21282 0.00000 0.54642 -0.71273 0.53446 0.29056 -0.39492 0.29056 -0.39492 0 0 77.80656 0.21282
fb: -0.08340 0.54257 0.70411 -0.70900
fb: -0.08738 0.46028 0.66297 -0.66786
target: 0.00000 0.00021
dist/lin/ang/drive_left/drive_right/tv_l/tv_r/av_l/av_r/x/y/theta/t_err: 0.12069 0.00000 0.00161 -0.54765 0.37290 0.35831 -0.36822 0.35831 -0.36822 0 0 83.08471 0.12069
fb: -0.08142 0.37750 0.54823 -0.55312
fb: -0.08341 0.29306 0.50601 -0.51090
target: 0.00000 -0.03881
dist/lin/ang/drive_left/drive_right/tv_l/tv_r/av_l/av_r/x/y/theta/t_err: 0.05346 0.00000 -0.29672 -0.37646 0.20965 0.34428 -0.34375 0.34428 -0.34375 0 0 86.93721 0.05346
fb: -0.10283 0.21174 0.24064 -0.24553
fb: -0.11231 0.13859 0.24064 -0.24553
target: 0.00000 -0.04843
dist/lin/ang/drive_left/drive_right/tv_l/tv_r/av_l/av_r/x/y/theta/t_err: 0.01165 0.00000 -0.37021 -0.25090 0.02627 0.33467 -0.31228 0.33467 -0.31228 0 0 89.33275 0.01165
fb: -0.10658 0.07302 0.11473 -0.11962
fb: -0.08937 0.02104 0.11473 -0.11962
target: 0.00000 -0.03560
dist/lin/ang/drive_left/drive_right/tv_l/tv_r/av_l/av_r/x/y/theta/t_err: -0.00711 0.00000 -0.27213 -0.11041 -0.06832 0.22928 -0.19658 0.22928 -0.19658 0 0 90.40732 -0.00711
fb: -0.06201 -0.02021 -0.07291 0.07780
fb: -0.03486 -0.04787 -0.07291 0.07780
final error was -0.50798
position: -0.35706 -0.77958 90.50798
took 0.48000 time to finish turn
target: 0.00000 0.15697
dist/lin/ang/drive_left/drive_right/tv_l/tv_r/av_l/av_r/x/y/theta/t_err: 1.57080 0.00000 1.20000 0.00000 0.00000 0.00000 -0.00017 0.00000 -0.00017 0 0 -0.00002 1.57080
fb: 0.00000 0.00000 -0.85057 0.85546
fb: 0.00000 0.00000 -0.85057 0.85546
target: 0.00000 0.31394
dist/lin/ang/drive_left/drive_right/tv_l/tv_r/av_l/av_r/x/y/theta/t_err: 1.57080 0.00000 2.40000 0.00000 0.00000 -0.05783 0.05525 -0.05783 0.05525 0 0 -0.00011 1.57080
fb: 0.00000 0.00000 -1.00000 1.00000
fb: 0.00000 0.00704 -1.00000 1.00000
target: 0.00000 0.47092
dist/lin/ang/drive_left/drive_right/tv_l/tv_r/av_l/av_r/x/y/theta/t_err: 1.57079 0.00000 3.60000 -0.00704 0.00704 -0.43153 0.46575 -0.43153 0.46575 0 0 0.00009 1.57079
fb: 0.00375 0.05414 -1.00000 1.00000
fb: 0.00772 0.11650 -1.00000 1.00000
target: 0.00000 0.62789
dist/lin/ang/drive_left/drive_right/tv_l/tv_r/av_l/av_r/x/y/theta/t_err: 1.56742 0.00000 4.80000 -0.10877 0.12422 -0.48953 0.59942 -0.48953 0.59942 0 0 0.19361 1.56742
fb: 0.00397 0.17593 -1.00000 1.00000
fb: 0.00000 0.24038 -1.00000 1.00000
target: 0.00000 0.78486
dist/lin/ang/drive_left/drive_right/tv_l/tv_r/av_l/av_r/x/y/theta/t_err: 1.54746 0.00000 6.00000 -0.24038 0.24038 -0.59375 0.63875 -0.59375 0.63875 0 0 1.33695 1.54746
fb: 0.00000 0.30044 -1.00000 1.00000
fb: 0.00000 0.35521 -1.00000 1.00000
target: 0.00000 0.78486
dist/lin/ang/drive_left/drive_right/tv_l/tv_r/av_l/av_r/x/y/theta/t_err: 1.50860 0.00000 6.00000 -0.35521 0.35521 -0.66836 0.64339 -0.66836 0.64339 0 0 3.56344 1.50860
fb: 0.00000 0.40837 -0.75312 0.75802
fb: 0.00000 0.46084 -0.72689 0.73179
target: 0.00000 0.78486
dist/lin/ang/drive_left/drive_right/tv_l/tv_r/av_l/av_r/x/y/theta/t_err: 1.45237 0.00000 6.00000 -0.46084 0.46084 -0.61444 0.61342 -0.61444 0.61342 0 0 6.78504 1.45237
fb: 0.00000 0.51316 -0.70073 0.70562
fb: 0.00000 0.54758 -0.68352 0.68841
target: 0.00000 0.78486
dist/lin/ang/drive_left/drive_right/tv_l/tv_r/av_l/av_r/x/y/theta/t_err: 1.38012 0.00000 6.00000 -0.54758 0.54758 -0.49758 0.49450 -0.49758 0.49450 0 0 10.92503 1.38012
fb: 0.00000 0.57246 -0.67108 0.67597
fb: -0.00397 0.59371 -0.66046 0.66535
target: 0.00000 0.78486
dist/lin/ang/drive_left/drive_right/tv_l/tv_r/av_l/av_r/x/y/theta/t_err: 1.29575 0.00000 6.00000 -0.59768 0.58974 -0.55508 0.53847 -0.55508 0.53847 0 0 15.75896 1.29575
fb: -0.00772 0.62220 -0.64621 0.65110
fb: -0.01169 0.65642 -0.62910 0.63400
target: 0.00000 0.78486
dist/lin/ang/drive_left/drive_right/tv_l/tv_r/av_l/av_r/x/y/theta/t_err: 1.20406 0.00000 6.00000 -0.66811 0.64472 -0.55369 0.52103 -0.55369 0.52103 0 0 21.01229 1.20406
fb: -0.02537 0.68868 -0.61297 0.61787
fb: -0.04258 0.71327 -0.60067 0.60557
target: 0.00000 0.78486
dist/lin/ang/drive_left/drive_right/tv_l/tv_r/av_l/av_r/x/y/theta/t_err: 1.10276 0.00000 6.00000 -0.75585 0.67069 -0.56106 0.53542 -0.56106 0.53542 0 0 26.81651 1.10276
fb: -0.05229 0.73320 -0.59071 0.59560
fb: -0.06398 0.75800 -0.57831 0.58320
target: 0.00000 0.78486
dist/lin/ang/drive_left/drive_right/tv_l/tv_r/av_l/av_r/x/y/theta/t_err: 0.99332 0.00000 6.00000 -0.82199 0.69402 -0.57783 0.54447 -0.57783 0.54447 0 0 33.08706 0.99332
fb: -0.08141 0.78141 -0.56660 0.57150
fb: -0.09509 0.80064 -0.55699 0.56188
target: 0.00000 0.78486
dist/lin/ang/drive_left/drive_right/tv_l/tv_r/av_l/av_r/x/y/theta/t_err: 0.87680 0.00000 6.00000 -0.89573 0.70555 -0.56072 0.55831 -0.56072 0.55831 0 0 39.76319 0.87680
fb: -0.08737 0.81980 -0.54741 0.55230
fb: -0.08340 0.83639 -0.53912 0.54401
target: 0.00000 0.66731
dist/lin/ang/drive_left/drive_right/tv_l/tv_r/av_l/av_r/x/y/theta/t_err: 0.75392 0.00000 5.10141 -0.91978 0.75299 -0.53933 0.54278 -0.53933 0.54278 0 0 46.80337 0.75392
fb: -0.09112 0.85081 0.21262 -0.21752
fb: -0.08317 0.86314 0.21879 -0.22368
target: 0.00000 0.51524
dist/lin/ang/drive_left/drive_right/tv_l/tv_r/av_l/av_r/x/y/theta/t_err: 0.62572 0.00000 3.93881 -0.94632 0.77997 -0.35967 0.35233 -0.35967 0.35233 0 0 54.14916 0.62572
fb: -0.07942 0.86955 0.55533 -0.56023
fb: -0.09906 0.86231 0.55171 -0.55660
target: 0.00000 0.36117
dist/lin/ang/drive_left/drive_right/tv_l/tv_r/av_l/av_r/x/y/theta/t_err: 0.49372 0.00000 2.76101 -0.96137 0.76325 0.04775 -0.16939 0.04775 -0.16939 0 0 61.71205 0.49372
fb: -0.11825 0.82190 0.72071 -0.72561
fb: -0.11230 0.75591 0.68772 -0.69261
target: 0.00000 0.21837
dist/lin/ang/drive_left/drive_right/tv_l/tv_r/av_l/av_r/x/y/theta/t_err: 0.36391 0.00000 1.66938 -0.86821 0.64361 0.45069 -0.29947 0.45069 -0.29947 0 0 69.14923 0.36391
fb: -0.11252 0.68714 0.76968 -0.77457
fb: -0.11451 0.61015 0.73118 -0.73608
target: 0.00000 0.11684
dist/lin/ang/drive_left/drive_right/tv_l/tv_r/av_l/av_r/x/y/theta/t_err: 0.25125 0.00000 0.89322 -0.72466 0.49564 0.39797 -0.33058 0.39797 -0.33058 0 0 75.60458 0.25125
fb: -0.10856 0.53560 0.62700 -0.63189
fb: -0.11451 0.45686 0.58763 -0.59252
target: 0.00000 0.04732
dist/lin/ang/drive_left/drive_right/tv_l/tv_r/av_l/av_r/x/y/theta/t_err: 0.16062 0.00000 0.36178 -0.57138 0.34235 0.34394 -0.30850 0.34394 -0.30850 0 0 80.79712 0.16062
fb: -0.09885 0.38008 0.48652 -0.49142
fb: -0.06973 0.30511 0.44904 -0.45393
target: 0.00000 0.00678
dist/lin/ang/drive_left/drive_right/tv_l/tv_r/av_l/av_r/x/y/theta/t_err: 0.09364 0.00000 0.05184 -0.37484 0.23538 0.29003 -0.31622 0.29003 -0.31622 0 0 84.63462 0.09364
fb: -0.05428 0.22742 0.21692 -0.22182
fb: -0.04082 0.15120 0.21692 -0.22182
target: 0.00000 -0.00797
dist/lin/ang/drive_left/drive_right/tv_l/tv_r/av_l/av_r/x/y/theta/t_err: 0.05000 0.00000 -0.06094 -0.19202 0.11037 0.31603 -0.28422 0.31603 -0.28422 0 0 87.13506 0.05000
fb: -0.04479 0.07629 0.11075 -0.11565
fb: -0.05428 0.01331 0.11075 -0.11565
target: 0.00000 0.00362
dist/lin/ang/drive_left/drive_right/tv_l/tv_r/av_l/av_r/x/y/theta/t_err: 0.02973 0.00000 0.02768 -0.06759 -0.04097 0.19197 -0.20842 0.19197 -0.20842 0 0 88.29640 0.02973
fb: -0.04259 -0.03449 -0.09361 0.09851
fb: -0.02317 -0.06194 -0.09361 0.09851
target: 0.00000 0.03249
dist/lin/ang/drive_left/drive_right/tv_l/tv_r/av_l/av_r/x/y/theta/t_err: 0.02936 0.00000 0.24834 0.03877 -0.08511 0.06758 -0.09342 0.06758 -0.09342 0 0 88.31766 0.02936
fb: -0.01545 -0.07225 -0.19068 0.19557
fb: -0.01169 -0.07156 -0.19068 0.19557
final error was 2.23706
position: -0.33242 -0.67759 87.76294
took 0.48000 time to finish turn
target: 0.00000 0.15697
dist/lin/ang/drive_left/drive_right/tv_l/tv_r/av_l/av_r/x/y/theta/t_err: 1.57080 0.00000 1.20000 0.00000 0.00000 0.00000 0.00017 0.00000 0.00017 0 0 -0.00001 1.57080
fb: 0.00000 0.00000 -0.85057 0.85546
fb: 0.00000 0.00000 -0.85057 0.85546
target: 0.00000 0.31394
dist/lin/ang/drive_left/drive_right/tv_l/tv_r/av_l/av_r/x/y/theta/t_err: 1.57080 0.00000 2.40000 0.00000 0.00000 -0.05767 0.02822 -0.05767 0.02822 0 0 0.00005 1.57080
fb: 0.00000 0.00000 -1.00000 1.00000
fb: 0.00000 0.02676 -1.00000 1.00000
target: 0.00000 0.47092
dist/lin/ang/drive_left/drive_right/tv_l/tv_r/av_l/av_r/x/y/theta/t_err: 1.57080 0.00000 3.60000 -0.02676 0.02676 -0.42708 0.41494 -0.42708 0.41494 0 0 -0.00042 1.57080
fb: 0.00000 0.08675 -1.00000 1.00000
fb: 0.00000 0.13796 -1.00000 1.00000
target: 0.00000 0.62789
dist/lin/ang/drive_left/drive_right/tv_l/tv_r/av_l/av_r/x/y/theta/t_err: 1.56418 0.00000 4.80000 -0.13796 0.13796 -0.54119 0.31981 -0.54119 0.31981 0 0 0.37931 1.56418
fb: -0.00772 0.18039 -1.00000 1.00000
fb: -0.03089 0.23021 -1.00000 1.00000
target: 0.00000 0.78486
dist/lin/ang/drive_left/drive_right/tv_l/tv_r/av_l/av_r/x/y/theta/t_err: 1.54152 0.00000 6.00000 -0.26110 0.19932 -0.63394 0.53883 -0.63394 0.53883 0 0 1.67723 1.54152
fb: -0.04259 0.28323 -1.00000 1.00000
fb: -0.03508 0.34016 -1.00000 1.00000
target: 0.00000 0.78486
dist/lin/ang/drive_left/drive_right/tv_l/tv_r/av_l/av_r/x/y/theta/t_err: 1.50438 0.00000 6.00000 -0.37524 0.30507 -0.72961 0.63567 -0.72961 0.63567 0 0 3.80511 1.50438
fb: -0.02339 0.39625 -0.75919 0.76408
fb: -0.01147 0.44941 -0.73260 0.73750
target: 0.00000 0.78486
dist/lin/ang/drive_left/drive_right/tv_l/tv_r/av_l/av_r/x/y/theta/t_err: 1.45043 0.00000 6.00000 -0.46088 0.43793 -0.58792 0.58108 -0.58792 0.58108 0 0 6.89634 1.45043
fb: -0.01545 0.49616 -0.70923 0.71412
fb: -0.04281 0.52278 -0.69592 0.70081
target: 0.00000 0.78486
dist/lin/ang/drive_left/drive_right/tv_l/tv_r/av_l/av_r/x/y/theta/t_err: 1.38018 0.00000 6.00000 -0.56558 0.47997 -0.50186 0.46253 -0.50186 0.46253 0 0 10.92176 1.38018
fb: -0.06796 0.54466 -0.68498 0.68988
fb: -0.07171 0.56758 -0.67352 0.67841
target: 0.00000 0.78486
dist/lin/ang/drive_left/drive_right/tv_l/tv_r/av_l/av_r/x/y/theta/t_err: 1.29964 0.00000 6.00000 -0.63929 0.49587 -0.53728 0.50067 -0.53728 0.50067 0 0 15.53608 1.29964
fb: -0.07171 0.59677 -0.65892 0.66382
fb: -0.06972 0.62666 -0.64398 0.64887
target: 0.00000 0.78486
dist/lin/ang/drive_left/drive_right/tv_l/tv_r/av_l/av_r/x/y/theta/t_err: 1.21191 0.00000 6.00000 -0.69639 0.55694 -0.58125 0.53078 -0.58125 0.53078 0 0 20.56245 1.21191
fb: -0.05428 0.65530 -0.62966 0.63455
fb: -0.04655 0.68115 -0.61673 0.62163
target: 0.00000 0.78486
dist/lin/ang/drive_left/drive_right/tv_l/tv_r/av_l/av_r/x/y/theta/t_err: 1.11535 0.00000 6.00000 -0.72770 0.63460 -0.56961 0.54719 -0.56961 0.54719 0 0 26.09487 1.11535
fb: -0.05428 0.71027 -0.60217 0.60707
fb: -0.06398 0.73975 -0.58744 0.59233
target: 0.00000 0.78486
dist/lin/ang/drive_left/drive_right/tv_l/tv_r/av_l/av_r/x/y/theta/t_err: 1.01032 0.00000 6.00000 -0.80373 0.67576 -0.57869 0.56019 -0.57869 0.56019 0 0 32.11276 1.01032
fb: -0.07568 0.76399 -0.57531 0.58021
fb: -0.08737 0.78594 -0.56434 0.56923
target: 0.00000 0.78486
dist/lin/ang/drive_left/drive_right/tv_l/tv_r/av_l/av_r/x/y/theta/t_err: 0.89660 0.00000 6.00000 -0.87331 0.69857 -0.56858 0.55817 -0.56858 0.55817 0 0 38.62841 0.89660
fb: -0.09884 0.80204 -0.55629 0.56118
fb: -0.11053 0.81402 -0.55030 0.55519
target: 0.00000 0.69594
dist/lin/ang/drive_left/drive_right/tv_l/tv_r/av_l/av_r/x/y/theta/t_err: 0.77617 0.00000 5.32020 -0.92455 0.70349 -0.54961 0.54719 -0.54961 0.54719 0 0 45.52870 0.77617
fb: -0.12024 0.82886 0.03937 -0.04426
fb: -0.11053 0.84231 0.04609 -0.05099
target: 0.00000 0.54903
dist/lin/ang/drive_left/drive_right/tv_l/tv_r/av_l/av_r/x/y/theta/t_err: 0.65134 0.00000 4.19719 -0.95284 0.73178 -0.44833 0.33983 -0.44833 0.33983 0 0 52.68094 0.65134
fb: -0.09310 0.84893 0.48217 -0.48707
fb: -0.10281 0.84140 0.47841 -0.48330
target: 0.00000 0.39815
dist/lin/ang/drive_left/drive_right/tv_l/tv_r/av_l/av_r/x/y/theta/t_err: 0.52248 0.00000 3.04375 -0.94421 0.73859 0.01900 -0.07733 0.01900 -0.07733 0 0 60.06382 0.52248
fb: -0.09884 0.79932 0.65181 -0.65671
fb: -0.06972 0.74030 0.62231 -0.62720
target: 0.00000 0.25949
dist/lin/ang/drive_left/drive_right/tv_l/tv_r/av_l/av_r/x/y/theta/t_err: 0.39605 0.00000 1.98370 -0.81002 0.67059 0.22347 -0.38278 0.22347 -0.38278 0 0 67.30783 0.39605
fb: -0.06994 0.67098 0.69490 -0.69980
fb: -0.09509 0.58716 0.65299 -0.65789
target: 0.00000 0.15889
dist/lin/ang/drive_left/drive_right/tv_l/tv_r/av_l/av_r/x/y/theta/t_err: 0.28566 0.00000 1.21470 -0.68225 0.49206 0.27342 -0.33758 0.27342 -0.33758 0 0 73.63305 0.28566
fb: -0.12202 0.50180 0.55669 -0.56158
fb: -0.14739 0.42028 0.51593 -0.52082
target: 0.00000 0.09668
dist/lin/ang/drive_left/drive_right/tv_l/tv_r/av_l/av_r/x/y/theta/t_err: 0.19913 0.00000 0.73909 -0.56768 0.27289 0.26744 -0.29225 0.26744 -0.29225 0 0 78.59069 0.19913
fb: -0.15512 0.34601 0.25421 -0.25910
fb: -0.15688 0.27132 0.25421 -0.25910
target: 0.00000 0.06426
dist/lin/ang/drive_left/drive_right/tv_l/tv_r/av_l/av_r/x/y/theta/t_err: 0.13760 0.00000 0.49122 -0.42820 0.11443 0.23956 -0.29311 0.23956 -0.29311 0 0 82.11588 0.13760
fb: -0.12997 0.19495 0.14188 -0.14677
fb: -0.09709 0.12409 0.14188 -0.14677
target: 0.00000 0.05470
dist/lin/ang/drive_left/drive_right/tv_l/tv_r/av_l/av_r/x/y/theta/t_err: 0.09905 0.00000 0.41814 -0.22118 0.02700 0.19267 -0.19986 0.19267 -0.19986 0 0 84.32473 0.09905
fb: -0.08341 0.06124 0.04540 -0.05029
fb: -0.07171 0.01017 0.04540 -0.05029
target: 0.00000 0.06806
dist/lin/ang/drive_left/drive_right/tv_l/tv_r/av_l/av_r/x/y/theta/t_err: 0.08235 0.00000 0.52029 -0.08189 -0.06154 0.10575 -0.12286 0.10575 -0.12286 0 0 85.28174 0.08235
fb: -0.06598 -0.02620 -0.14475 0.14965
fb: -0.04656 -0.04194 -0.14475 0.14965
target: 0.00000 0.09183
dist/lin/ang/drive_left/drive_right/tv_l/tv_r/av_l/av_r/x/y/theta/t_err: 0.08204 0.00000 0.70203 -0.00461 -0.08850 -0.01608 -0.03389 -0.01608 -0.03389 0 0 85.29956 0.08204
fb: -0.03685 -0.04494 -0.20753 0.21242
fb: -0.04855 -0.04132 -0.20753 0.21242
target: 0.00000 0.10889
dist/lin/ang/drive_left/drive_right/tv_l/tv_r/av_l/av_r/x/y/theta/t_err: 0.08843 0.00000 0.83240 -0.00723 -0.08986 -0.14475 0.12578 -0.14475 0.12578 0 0 84.93337 0.08843
fb: -0.04457 -0.03296 -0.18872 0.19361
fb: -0.01942 -0.01958 -0.18872 0.19361
target: 0.00000 0.11490
dist/lin/ang/drive_left/drive_right/tv_l/tv_r/av_l/av_r/x/y/theta/t_err: 0.09437 0.00000 0.87841 0.00016 -0.03900 -0.18053 0.18481 -0.18053 0.18481 0 0 84.59301 0.09437
fb: -0.00397 0.00752 -0.14310 0.14799
fb: 0.00000 0.03972 -0.14310 0.14799
target: 0.00000 0.11089
dist/lin/ang/drive_left/drive_right/tv_l/tv_r/av_l/av_r/x/y/theta/t_err: 0.09619 0.00000 0.84772 -0.03972 0.03972 -0.15483 0.17114 -0.15483 0.17114 0 0 84.48870 0.09619
fb: 0.00000 0.06166 -0.09525 0.10015
fb: -0.00375 0.06954 -0.09525 0.10015
target: 0.00000 0.09080
dist/lin/ang/drive_left/drive_right/tv_l/tv_r/av_l/av_r/x/y/theta/t_err: 0.08949 0.00000 0.69417 -0.07329 0.06579 -0.11992 0.13381 -0.11992 0.13381 0 0 84.87278 0.08949
fb: -0.00772 0.07204 0.06857 -0.07346
fb: -0.00397 0.07093 0.06857 -0.07346
target: 0.00000 0.07293
dist/lin/ang/drive_left/drive_right/tv_l/tv_r/av_l/av_r/x/y/theta/t_err: 0.07880 0.00000 0.55754 -0.07490 0.06696 -0.03561 0.08131 -0.03561 0.08131 0 0 85.48483 0.07880
fb: 0.00000 0.06759 0.07059 -0.07548
fb: -0.00199 0.06257 0.07059 -0.07548
target: 0.00000 0.06088
dist/lin/ang/drive_left/drive_right/tv_l/tv_r/av_l/av_r/x/y/theta/t_err: 0.06811 0.00000 0.46545 -0.06455 0.06058 0.06025 -0.05919 0.06025 -0.05919 0 0 86.09755 0.06811
fb: -0.00199 0.05442 0.05244 -0.05734
fb: 0.00000 0.04599 0.05244 -0.05734
target: 0.00000 0.05265
dist/lin/ang/drive_left/drive_right/tv_l/tv_r/av_l/av_r/x/y/theta/t_err: 0.05888 0.00000 0.40253 -0.04599 0.04599 0.06692 -0.06983 0.06692 -0.06983 0 0 86.62642 0.05888
fb: 0.00000 0.03456 0.04078 -0.04568
fb: 0.00000 0.02041 0.04078 -0.04568
target: 0.00000 0.04923
dist/lin/ang/drive_left/drive_right/tv_l/tv_r/av_l/av_r/x/y/theta/t_err: 0.05233 0.00000 0.37634 -0.02041 0.02041 0.05319 -0.05150 0.05319 -0.05150 0 0 87.00175 0.05233
fb: 0.00000 0.00432 -0.05659 0.06148
fb: 0.00000 -0.00885 -0.05659 0.06148
target: 0.00000 0.05250
dist/lin/ang/drive_left/drive_right/tv_l/tv_r/av_l/av_r/x/y/theta/t_err: 0.04988 0.00000 0.40135 0.00885 -0.00885 0.02258 -0.01625 0.02258 -0.01625 0 0 87.14227 0.04988
fb: 0.00000 -0.01798 -0.08892 0.09382
fb: 0.00000 -0.02174 -0.08892 0.09382
target: 0.00000 0.06036
dist/lin/ang/drive_left/drive_right/tv_l/tv_r/av_l/av_r/x/y/theta/t_err: 0.05151 0.00000 0.46142 0.02174 -0.02174 -0.05442 0.05764 -0.05442 0.05764 0 0 87.04853 0.05151
fb: 0.00000 -0.02306 -0.11482 0.11972
fb: -0.00177 -0.02264 -0.11482 0.11972
target: 0.00000 0.06674
dist/lin/ang/drive_left/drive_right/tv_l/tv_r/av_l/av_r/x/y/theta/t_err: 0.05490 0.00000 0.51023 0.02088 -0.02441 -0.08675 0.09447 -0.08675 0.09447 0 0 86.85451 0.05490
fb: -0.00177 -0.02118 -0.11247 0.11737
fb: 0.00000 -0.01407 -0.11247 0.11737
target: 0.00000 0.07076
dist/lin/ang/drive_left/drive_right/tv_l/tv_r/av_l/av_r/x/y/theta/t_err: 0.05836 0.00000 0.54092 0.01407 -0.01407 -0.11072 0.10797 -0.11072 0.10797 0 0 86.65596 0.05836
fb: 0.00000 0.00000 -0.10450 0.10939
fb: 0.00000 0.02251 -0.10450 0.10939
target: 0.00000 0.06971
dist/lin/ang/drive_left/drive_right/tv_l/tv_r/av_l/av_r/x/y/theta/t_err: 0.05993 0.00000 0.53293 -0.02251 0.02251 -0.10506 0.10439 -0.10506 0.10439 0 0 86.56649 0.05993
fb: 0.00000 0.03588 -0.08103 0.08592
fb: 0.00000 0.04160 -0.08103 0.08592
target: 0.00000 0.05748
dist/lin/ang/drive_left/drive_right/tv_l/tv_r/av_l/av_r/x/y/theta/t_err: 0.05610 0.00000 0.43943 -0.04160 0.04160 -0.09242 0.09239 -0.09242 0.09239 0 0 86.78568 0.05610
fb: 0.00000 0.04236 0.05555 -0.06045
fb: 0.00000 0.03985 0.05555 -0.06045
target: 0.00000 0.04662
dist/lin/ang/drive_left/drive_right/tv_l/tv_r/av_l/av_r/x/y/theta/t_err: 0.04975 0.00000 0.35636 -0.03985 0.03985 -0.04636 0.04397 -0.04636 0.04397 0 0 87.14967 0.04975
fb: 0.00000 0.03533 0.05669 -0.06158
fb: 0.00000 0.02717 0.05669 -0.06158
target: 0.00000 0.04067
dist/lin/ang/drive_left/drive_right/tv_l/tv_r/av_l/av_r/x/y/theta/t_err: 0.04386 0.00000 0.31092 -0.02717 0.02717 0.04467 -0.05356 0.04467 -0.05356 0 0 87.48712 0.04386
fb: 0.00000 0.01763 -0.03952 0.04442
fb: 0.00000 0.00906 -0.03952 0.04442
target: 0.00000 0.03950
dist/lin/ang/drive_left/drive_right/tv_l/tv_r/av_l/av_r/x/y/theta/t_err: 0.04007 0.00000 0.30199 -0.00906 0.00906 0.03267 -0.03833 0.03267 -0.03833 0 0 87.70415 0.04007
fb: 0.00000 0.00160 -0.06023 0.06513
fb: 0.00000 -0.00530 -0.06023 0.06513
target: 0.00000 0.04220
dist/lin/ang/drive_left/drive_right/tv_l/tv_r/av_l/av_r/x/y/theta/t_err: 0.03896 0.00000 0.32257 0.00530 -0.00530 -0.03556 0.04108 -0.03556 0.04108 0 0 87.76775 0.03896
fb: 0.00000 -0.01059 -0.07941 0.08430
fb: 0.00000 -0.01442 -0.07941 0.08430
final error was 2.29224
position: -0.58594 -0.92198 87.70776
took 0.84000 time to finish turn
target: 0.00000 0.15697
dist/lin/ang/drive_left/drive_right/tv_l/tv_r/av_l/av_r/x/y/theta/t_err: 1.57080 0.00000 1.20000 0.00000 0.00000 0.00017 0.00017 0.00017 0.00017 0 0 -0.00007 1.57080
fb: 0.00000 0.00000 -0.85057 0.85546
fb: 0.00000 0.00000 -0.85057 0.85546
target: 0.00000 0.31394
dist/lin/ang/drive_left/drive_right/tv_l/tv_r/av_l/av_r/x/y/theta/t_err: 1.57080 0.00000 2.40000 0.00000 0.00000 -0.03267 0.02808 -0.03267 0.02808 0 0 -0.00008 1.57080
fb: 0.00000 0.00105 -1.00000 1.00000
fb: 0.00000 0.04125 -1.00000 1.00000
target: 0.00000 0.47092
dist/lin/ang/drive_left/drive_right/tv_l/tv_r/av_l/av_r/x/y/theta/t_err: 1.57076 0.00000 3.60000 -0.04125 0.04125 -0.45481 0.46200 -0.45481 0.46200 0 0 0.00219 1.57076
fb: 0.00000 0.09476 -1.00000 1.00000
fb: 0.00000 0.12312 -1.00000 1.00000
target: 0.00000 0.62789
dist/lin/ang/drive_left/drive_right/tv_l/tv_r/av_l/av_r/x/y/theta/t_err: 1.56249 0.00000 4.80000 -0.12312 0.12312 -0.22981 0.27242 -0.22981 0.27242 0 0 0.47564 1.56249
fb: 0.00000 0.14722 -1.00000 1.00000
fb: 0.00000 0.19258 -1.00000 1.00000
target: 0.00000 0.78486
dist/lin/ang/drive_left/drive_right/tv_l/tv_r/av_l/av_r/x/y/theta/t_err: 1.54282 0.00000 6.00000 -0.19258 0.19258 -0.56961 0.53608 -0.56961 0.53608 0 0 1.60283 1.54282
fb: 0.00000 0.24958 -1.00000 1.00000
fb: 0.00000 0.31361 -1.00000 1.00000
target: 0.00000 0.78486
dist/lin/ang/drive_left/drive_right/tv_l/tv_r/av_l/av_r/x/y/theta/t_err: 1.51113 0.00000 6.00000 -0.31361 0.31361 -0.68239 0.60181 -0.68239 0.60181 0 0 3.41868 1.51113
fb: 0.00000 0.36796 -0.77333 0.77822
fb: 0.00000 0.41562 -0.74950 0.75439
target: 0.00000 0.78486
dist/lin/ang/drive_left/drive_right/tv_l/tv_r/av_l/av_r/x/y/theta/t_err: 1.46134 0.00000 6.00000 -0.41562 0.41562 -0.50547 0.66167 -0.50547 0.66167 0 0 6.27163 1.46134
fb: 0.00000 0.45902 -0.72780 0.73269
fb: 0.00000 0.47839 -0.71811 0.72301
target: 0.00000 0.78486
dist/lin/ang/drive_left/drive_right/tv_l/tv_r/av_l/av_r/x/y/theta/t_err: 1.39630 0.00000 6.00000 -0.47839 0.47839 -0.45975 0.41119 -0.45975 0.41119 0 0 9.99784 1.39630
fb: 0.00000 0.49567 -0.70947 0.71437
fb: 0.00000 0.52452 -0.69505 0.69994
target: 0.00000 0.78486
dist/lin/ang/drive_left/drive_right/tv_l/tv_r/av_l/av_r/x/y/theta/t_err: 1.32273 0.00000 6.00000 -0.52452 0.52452 -0.53353 0.51419 -0.53353 0.51419 0 0 14.21325 1.32273
fb: 0.00000 0.56019 -0.67721 0.68211
fb: 0.00000 0.59371 -0.66046 0.66535
target: 0.00000 0.78486
dist/lin/ang/drive_left/drive_right/tv_l/tv_r/av_l/av_r/x/y/theta/t_err: 1.24136 0.00000 6.00000 -0.59371 0.59371 -0.53164 0.41067 -0.53164 0.41067 0 0 18.87532 1.24136
fb: 0.00000 0.61670 -0.64896 0.65385
fb: 0.00000 0.63886 -0.63788 0.64277
target: 0.00000 0.78486
dist/lin/ang/drive_left/drive_right/tv_l/tv_r/av_l/av_r/x/y/theta/t_err: 1.15003 0.00000 6.00000 -0.63886 0.63886 -0.57631 0.53008 -0.57631 0.53008 0 0 24.10802 1.15003
fb: -0.01147 0.66290 -0.62586 0.63076
fb: -0.05030 0.69397 -0.61032 0.61522
target: 0.00000 0.78486
dist/lin/ang/drive_left/drive_right/tv_l/tv_r/av_l/av_r/x/y/theta/t_err: 1.05175 0.00000 6.00000 -0.74428 0.64367 -0.58844 0.55472 -0.58844 0.55472 0 0 29.73905 1.05175
fb: -0.08538 0.72867 -0.59297 0.59787
fb: -0.09708 0.75201 -0.58130 0.58620
target: 0.00000 0.78486
dist/lin/ang/drive_left/drive_right/tv_l/tv_r/av_l/av_r/x/y/theta/t_err: 0.94455 0.00000 6.00000 -0.84909 0.65493 -0.58794 0.53592 -0.58794 0.53592 0 0 35.88135 0.94455
fb: -0.10281 0.76880 -0.57291 0.57780
fb: -0.11053 0.79131 -0.56166 0.56655
target: 0.00000 0.76325
dist/lin/ang/drive_left/drive_right/tv_l/tv_r/av_l/av_r/x/y/theta/t_err: 0.82927 0.00000 5.83481 -0.90184 0.68077 -0.56861 0.53692 -0.56861 0.53692 0 0 42.48642 0.82927
fb: -0.11053 0.80942 -0.43007 0.43497
fb: -0.09112 0.82733 -0.42112 0.42601
target: 0.00000 0.61765
dist/lin/ang/drive_left/drive_right/tv_l/tv_r/av_l/av_r/x/y/theta/t_err: 0.70786 0.00000 4.72177 -0.91845 0.73621 -0.52703 0.49964 -0.52703 0.49964 0 0 49.44257 0.70786
fb: -0.09487 0.83799 0.39055 -0.39544
fb: -0.11230 0.83938 0.39125 -0.39614
target: 0.00000 0.46755
dist/lin/ang/drive_left/drive_right/tv_l/tv_r/av_l/av_r/x/y/theta/t_err: 0.58125 0.00000 3.57429 -0.95168 0.72709 -0.31778 0.29278 -0.31778 0.29278 0 0 56.69709 0.58125
fb: -0.11649 0.83485 0.58487 -0.58976
fb: -0.08737 0.81855 0.57672 -0.58161
target: 0.00000 0.32167
dist/lin/ang/drive_left/drive_right/tv_l/tv_r/av_l/av_r/x/y/theta/t_err: 0.45330 0.00000 2.45904 -0.90592 0.73118 0.23286 -0.17469 0.23286 -0.17469 0 0 64.02770 0.45330
fb: -0.02714 0.76065 0.69949 -0.70438
fb: -0.16283 0.68129 0.65980 -0.66470
target: 0.00000 0.19251
dist/lin/ang/drive_left/drive_right/tv_l/tv_r/av_l/av_r/x/y/theta/t_err: 0.33105 0.00000 1.47170 -0.84412 0.51846 0.19061 -0.39097 0.19061 -0.39097 0 0 71.03221 0.33105
fb: -0.19769 0.61768 0.80265 -0.60986
fb: -0.08340 0.54243 0.66619 -0.67108
target: 0.00000 0.10754
dist/lin/ang/drive_left/drive_right/tv_l/tv_r/av_l/av_r/x/y/theta/t_err: 0.22904 0.00000 0.82210 -0.62583 0.45902 0.23631 -0.37694 0.23631 -0.37694 0 0 76.87705 0.22904
fb: -0.09708 0.46780 0.52949 -0.53438
fb: -0.10856 0.38461 0.48789 -0.49278
target: 0.00000 0.04945
dist/lin/ang/drive_left/drive_right/tv_l/tv_r/av_l/av_r/x/y/theta/t_err: 0.14885 0.00000 0.37802 -0.49317 0.27605 0.29514 -0.35264 0.29514 -0.35264 0 0 81.47143 0.14885
fb: -0.11055 0.30009 0.26730 -0.27219
fb: -0.10084 0.22303 0.26730 -0.27219
target: 0.00000 0.02319
dist/lin/ang/drive_left/drive_right/tv_l/tv_r/av_l/av_r/x/y/theta/t_err: 0.09329 0.00000 0.17727 -0.32387 0.12219 0.28711 -0.34103 0.28711 -0.34103 0 0 84.65474 0.09329
fb: -0.10084 0.15405 0.14166 -0.14655
fb: -0.09709 0.08682 0.14166 -0.14655
target: 0.00000 0.02292
dist/lin/ang/drive_left/drive_right/tv_l/tv_r/av_l/av_r/x/y/theta/t_err: 0.06170 0.00000 0.17523 -0.18391 -0.01027 0.21269 -0.23939 0.21269 -0.23939 0 0 86.46478 0.06170
fb: -0.08142 0.02613 -0.05318 0.05807
fb: -0.06002 -0.01805 -0.05318 0.05807
target: 0.00000 0.04087
dist/lin/ang/drive_left/drive_right/tv_l/tv_r/av_l/av_r/x/y/theta/t_err: 0.05071 0.00000 0.31246 -0.04197 -0.07807 0.07497 -0.09819 0.07497 -0.09819 0 0 87.09451 0.05071
fb: -0.04457 -0.04208 -0.14719 0.15208
fb: -0.04082 -0.04626 -0.14719 0.15208
target: 0.00000 0.06618
dist/lin/ang/drive_left/drive_right/tv_l/tv_r/av_l/av_r/x/y/theta/t_err: 0.05423 0.00000 0.50593 0.00544 -0.08709 -0.07392 0.06111 -0.07392 0.06111 0 0 86.89297 0.05423
fb: -0.03685 -0.04543 -0.19725 0.20215
fb: -0.03486 -0.03930 -0.19725 0.20215
target: 0.00000 0.07920
dist/lin/ang/drive_left/drive_right/tv_l/tv_r/av_l/av_r/x/y/theta/t_err: 0.06123 0.00000 0.60545 0.00443 -0.07416 -0.14819 0.14544 -0.14819 0.14544 0 0 86.49151 0.06123
fb: -0.03685 -0.02585 -0.15066 0.15556
fb: -0.02516 -0.00341 -0.15066 0.15556
target: 0.00000 0.08300
dist/lin/ang/drive_left/drive_right/tv_l/tv_r/av_l/av_r/x/y/theta/t_err: 0.06667 0.00000 0.63451 -0.02174 -0.02857 -0.16700 0.16803 -0.16700 0.16803 0 0 86.18008 0.06667
fb: -0.01545 0.03268 -0.11174 0.11664
fb: -0.01567 0.05386 -0.11174 0.11664
target: 0.00000 0.07197
dist/lin/ang/drive_left/drive_right/tv_l/tv_r/av_l/av_r/x/y/theta/t_err: 0.06550 0.00000 0.55017 -0.06953 0.03819 -0.13364 0.13364 -0.13364 0.13364 0 0 86.24704 0.06550
fb: -0.01567 0.06187 0.04045 -0.04535
fb: -0.01147 0.06347 0.04045 -0.04535
target: 0.00000 0.05193
dist/lin/ang/drive_left/drive_right/tv_l/tv_r/av_l/av_r/x/y/theta/t_err: 0.05712 0.00000 0.39700 -0.07495 0.05200 -0.07289 0.05508 -0.07289 0.05508 0 0 86.72709 0.05712
fb: -0.01147 0.05978 0.09439 -0.09928
fb: -0.00772 0.05316 0.09439 -0.09928
target: 0.00000 0.03955
dist/lin/ang/drive_left/drive_right/tv_l/tv_r/av_l/av_r/x/y/theta/t_err: 0.04760 0.00000 0.30232 -0.06089 0.04544 0.04639 -0.05217 0.04639 -0.05217 0 0 87.27244 0.04760
fb: -0.00397 0.04654 0.06826 -0.07315
fb: 0.00000 0.03846 0.06826 -0.07315
target: 0.00000 0.03309
dist/lin/ang/drive_left/drive_right/tv_l/tv_r/av_l/av_r/x/y/theta/t_err: 0.03972 0.00000 0.25297 -0.03846 0.03846 0.08144 -0.08197 0.08144 -0.08197 0 0 87.72397 0.03972
fb: 0.00772 0.02968 0.04590 -0.05080
fb: 0.00375 0.01993 0.04590 -0.05080
target: 0.00000 0.03029
dist/lin/ang/drive_left/drive_right/tv_l/tv_r/av_l/av_r/x/y/theta/t_err: 0.03418 0.00000 0.23152 -0.01618 0.02368 0.06383 -0.06483 0.06383 -0.06483 0 0 88.04178 0.03418
fb: 0.00000 0.00334 -0.04669 0.05158
fb: -0.00375 0.00334 -0.04669 0.05158
target: 0.00000 0.03247
dist/lin/ang/drive_left/drive_right/tv_l/tv_r/av_l/av_r/x/y/theta/t_err: 0.03188 0.00000 0.24823 -0.00710 -0.00041 0.02311 -0.02703 0.02311 -0.02703 0 0 88.17367 0.03188
fb: -0.00375 -0.02069 -0.07061 0.07551
fb: 0.00000 -0.02564 -0.07061 0.07551
target: 0.00000 0.04113
dist/lin/ang/drive_left/drive_right/tv_l/tv_r/av_l/av_r/x/y/theta/t_err: 0.03390 0.00000 0.31439 0.02564 -0.02564 -0.04194 0.05100 -0.04194 0.05100 0 0 88.05745 0.03390
fb: 0.00000 -0.02689 -0.10552 0.11042
fb: 0.00000 -0.02689 -0.10552 0.11042
final error was 2.16897
position: -0.37318 -0.89353 87.83103
took 0.68000 time to finish turn
decreased kd to 4.30000
decreased kd to 4.10000
decreased kd to 3.90000
decreased kd to 3.70000
target: 0.00000 0.15697
dist/lin/ang/drive_left/drive_right/tv_l/tv_r/av_l/av_r/x/y/theta/t_err: 1.57080 0.00000 1.20000 0.00000 0.00000 -0.00017 -0.00017 -0.00017 -0.00017 0 0 -0.00018 1.57080
fb: 0.00000 0.00000 -0.85057 0.85546
fb: 0.00000 0.00000 -0.85057 0.85546
target: 0.00000 0.31394
dist/lin/ang/drive_left/drive_right/tv_l/tv_r/av_l/av_r/x/y/theta/t_err: 1.57080 0.00000 2.40000 0.00000 0.00000 -0.11531 0.11258 -0.11531 0.11258 0 0 -0.00014 1.57080
fb: 0.00000 0.00000 -1.00000 1.00000
fb: 0.00397 0.02634 -1.00000 1.00000
target: 0.00000 0.47092
dist/lin/ang/drive_left/drive_right/tv_l/tv_r/av_l/av_r/x/y/theta/t_err: 1.57079 0.00000 3.60000 -0.02237 0.03031 -0.42453 0.37644 -0.42453 0.37644 0 0 0.00039 1.57079
fb: 0.00397 0.08549 -1.00000 1.00000
fb: 0.00397 0.12590 -1.00000 1.00000
target: 0.00000 0.62789
dist/lin/ang/drive_left/drive_right/tv_l/tv_r/av_l/av_r/x/y/theta/t_err: 1.56424 0.00000 4.80000 -0.12193 0.12988 -0.33758 0.34153 -0.33758 0.34153 0 0 0.37547 1.56424
fb: 0.00397 0.15357 -1.00000 1.00000
fb: 0.00000 0.19300 -1.00000 1.00000
target: 0.00000 0.78486
dist/lin/ang/drive_left/drive_right/tv_l/tv_r/av_l/av_r/x/y/theta/t_err: 1.54395 0.00000 6.00000 -0.19300 0.19300 -0.59803 0.59700 -0.59803 0.59700 0 0 1.53807 1.54395
fb: 0.00000 0.24387 -1.00000 1.00000
fb: -0.00199 0.29772 -1.00000 1.00000
target: 0.00000 0.78486
dist/lin/ang/drive_left/drive_right/tv_l/tv_r/av_l/av_r/x/y/theta/t_err: 1.51247 0.00000 6.00000 -0.29971 0.29574 -0.72156 0.65122 -0.72156 0.65122 0 0 3.34158 1.51247
fb: 0.00177 0.35841 -0.77810 0.78300
fb: 0.00772 0.41311 -0.75076 0.75565
target: 0.00000 0.78486
dist/lin/ang/drive_left/drive_right/tv_l/tv_r/av_l/av_r/x/y/theta/t_err: 1.46478 0.00000 6.00000 -0.40538 0.42083 -0.64836 0.47961 -0.64836 0.47961 0 0 6.07434 1.46478
fb: 0.00794 0.45986 -0.72738 0.73227
fb: 0.00397 0.48494 -0.71484 0.71973
target: 0.00000 0.78486
dist/lin/ang/drive_left/drive_right/tv_l/tv_r/av_l/av_r/x/y/theta/t_err: 1.40010 0.00000 6.00000 -0.48097 0.48891 -0.43106 0.49039 -0.43106 0.49039 0 0 9.78024 1.40010
fb: 0.00000 0.49790 -0.70836 0.71325
fb: 0.00000 0.52445 -0.69508 0.69998
target: 0.00000 0.78486
dist/lin/ang/drive_left/drive_right/tv_l/tv_r/av_l/av_r/x/y/theta/t_err: 1.32577 0.00000 6.00000 -0.52445 0.52445 -0.54344 0.50442 -0.54344 0.50442 0 0 14.03900 1.32577
fb: 0.00000 0.56026 -0.67718 0.68207
fb: 0.00000 0.59768 -0.65847 0.66336
target: 0.00000 0.78486
dist/lin/ang/drive_left/drive_right/tv_l/tv_r/av_l/av_r/x/y/theta/t_err: 1.24440 0.00000 6.00000 -0.59768 0.59768 -0.49553 0.51197 -0.49553 0.51197 0 0 18.70113 1.24440
fb: 0.00000 0.62680 -0.64391 0.64880
fb: 0.00000 0.65140 -0.63161 0.63650
target: 0.00000 0.78486
dist/lin/ang/drive_left/drive_right/tv_l/tv_r/av_l/av_r/x/y/theta/t_err: 1.15228 0.00000 6.00000 -0.65140 0.65140 -0.57442 0.48733 -0.57442 0.48733 0 0 23.97933 1.15228
fb: 0.00000 0.67732 -0.61865 0.62354
fb: -0.00794 0.70191 -0.60635 0.61125
target: 0.00000 0.78486
dist/lin/ang/drive_left/drive_right/tv_l/tv_r/av_l/av_r/x/y/theta/t_err: 1.05197 0.00000 6.00000 -0.70986 0.69397 -0.58503 0.51794 -0.58503 0.51794 0 0 29.72642 1.05197
fb: -0.04479 0.72498 -0.59482 0.59971
fb: -0.07171 0.74894 -0.58284 0.58773
target: 0.00000 0.78486
dist/lin/ang/drive_left/drive_right/tv_l/tv_r/av_l/av_r/x/y/theta/t_err: 0.94408 0.00000 6.00000 -0.82065 0.67724 -0.58297 0.55369 -0.58297 0.55369 0 0 35.90801 0.94408
fb: -0.06773 0.77368 -0.57047 0.57536
fb: -0.06773 0.79695 -0.55883 0.56373
target: 0.00000 0.78486
dist/lin/ang/drive_left/drive_right/tv_l/tv_r/av_l/av_r/x/y/theta/t_err: 0.82892 0.00000 6.00000 -0.86468 0.72922 -0.57033 0.54242 -0.57033 0.54242 0 0 42.50657 0.82892
fb: -0.07369 0.81332 -0.55065 0.55554
fb: -0.07965 0.82865 -0.54298 0.54788
target: 0.00000 0.64724
dist/lin/ang/drive_left/drive_right/tv_l/tv_r/av_l/av_r/x/y/theta/t_err: 0.70675 0.00000 4.94793 -0.90830 0.74901 -0.54944 0.54017 -0.54944 0.54017 0 0 49.50646 0.70675
fb: -0.08737 0.84552 0.32381 -0.32870
fb: -0.08538 0.85973 0.33092 -0.33581
target: 0.00000 0.49828
dist/lin/ang/drive_left/drive_right/tv_l/tv_r/av_l/av_r/x/y/theta/t_err: 0.57964 0.00000 3.80915 -0.94511 0.77435 -0.43717 0.34189 -0.43717 0.34189 0 0 56.78915 0.57964
fb: -0.08913 0.87150 0.56213 -0.56702
fb: -0.09112 0.86266 0.55770 -0.56260
target: 0.00000 0.34453
dist/lin/ang/drive_left/drive_right/tv_l/tv_r/av_l/av_r/x/y/theta/t_err: 0.44792 0.00000 2.63380 -0.95377 0.77154 0.10061 -0.05644 0.10061 -0.05644 0 0 64.33579 0.44792
fb: -0.07567 0.81639 0.73598 -0.74088
fb: -0.07744 0.75445 0.70501 -0.70991
target: 0.00000 0.20134
dist/lin/ang/drive_left/drive_right/tv_l/tv_r/av_l/av_r/x/y/theta/t_err: 0.31835 0.00000 1.53919 -0.83189 0.67701 0.32219 -0.44950 0.32219 -0.44950 0 0 71.76005 0.31835
fb: -0.08715 0.68833 0.79195 -0.79685
fb: -0.09311 0.60381 0.74970 -0.75459
target: 0.00000 0.09507
dist/lin/ang/drive_left/drive_right/tv_l/tv_r/av_l/av_r/x/y/theta/t_err: 0.20569 0.00000 0.72681 -0.69692 0.51070 0.32478 -0.37675 0.32478 -0.37675 0 0 78.21499 0.20569
fb: -0.11451 0.52438 0.66818 -0.67308
fb: -0.13371 0.44530 0.62864 -0.63354
target: 0.00000 0.02238
dist/lin/ang/drive_left/drive_right/tv_l/tv_r/av_l/av_r/x/y/theta/t_err: 0.11617 0.00000 0.17110 -0.57901 0.31159 0.37817 -0.38550 0.37817 -0.38550 0 0 83.34371 0.11617
fb: -0.13371 0.37569 0.52779 -0.53269
fb: -0.13592 0.30560 0.49275 -0.49764
target: 0.00000 -0.02232
dist/lin/ang/drive_left/drive_right/tv_l/tv_r/av_l/av_r/x/y/theta/t_err: 0.05064 0.00000 -0.17061 -0.44152 0.16968 0.30081 -0.46061 0.30081 -0.46061 0 0 87.09829 0.05064
fb: -0.12224 0.23202 0.38229 -0.38719
fb: -0.08716 0.15391 0.25512 -0.26002
target: 0.00000 -0.04561
dist/lin/ang/drive_left/drive_right/tv_l/tv_r/av_l/av_r/x/y/theta/t_err: 0.00671 0.00000 -0.34871 -0.24107 0.06675 0.23067 -0.39475 0.23067 -0.39475 0 0 89.61561 0.00671
fb: -0.07569 0.07859 0.17442 -0.17932
fb: -0.07370 0.01317 0.17442 -0.17932
target: 0.00000 -0.04078
dist/lin/ang/drive_left/drive_right/tv_l/tv_r/av_l/av_r/x/y/theta/t_err: -0.01399 0.00000 -0.31178 -0.08687 -0.06053 0.26950 -0.26042 0.26950 -0.26042 0 0 90.80159 -0.01399
fb: -0.05230 -0.03881 0.04461 -0.04951
fb: -0.03685 -0.06954 0.04461 -0.04951
target: 0.00000 -0.01605
dist/lin/ang/drive_left/drive_right/tv_l/tv_r/av_l/av_r/x/y/theta/t_err: -0.01412 0.00000 -0.12270 0.03269 -0.10639 0.16222 -0.16203 0.16222 -0.16203 0 0 90.80925 -0.01412
fb: -0.01743 -0.08591 -0.13957 0.14446
fb: -0.01567 -0.08877 -0.13957 0.14446
final error was -0.17210
position: -0.23675 -0.73643 90.17210
took 0.50000 time to finish turn
target: 0.00000 0.15697
dist/lin/ang/drive_left/drive_right/tv_l/tv_r/av_l/av_r/x/y/theta/t_err: 1.57080 0.00000 1.20000 0.00000 0.00000 -0.00017 -0.00017 -0.00017 -0.00017 0 0 0.00005 1.57080
fb: 0.00000 0.00000 -0.85057 0.85546
fb: 0.00000 0.00000 -0.85057 0.85546
target: 0.00000 0.31394
dist/lin/ang/drive_left/drive_right/tv_l/tv_r/av_l/av_r/x/y/theta/t_err: 1.57080 0.00000 2.40000 0.00000 0.00000 0.00017 0.08092 0.00017 0.08092 0 0 -0.00009 1.57080
fb: 0.00000 0.00000 -1.00000 1.00000
fb: 0.00000 0.01366 -1.00000 1.00000
target: 0.00000 0.47092
dist/lin/ang/drive_left/drive_right/tv_l/tv_r/av_l/av_r/x/y/theta/t_err: 1.57080 0.00000 3.60000 -0.01366 0.01366 -0.44950 0.47311 -0.44950 0.47311 0 0 0.00004 1.57080
fb: 0.00000 0.07009 -1.00000 1.00000
fb: 0.00000 0.12207 -1.00000 1.00000
target: 0.00000 0.62789
dist/lin/ang/drive_left/drive_right/tv_l/tv_r/av_l/av_r/x/y/theta/t_err: 1.56608 0.00000 4.80000 -0.12207 0.12207 -0.57475 0.38894 -0.57475 0.38894 0 0 0.27035 1.56608
fb: 0.00000 0.17447 -1.00000 1.00000
fb: 0.01545 0.22519 -1.00000 1.00000
target: 0.00000 0.78486
dist/lin/ang/drive_left/drive_right/tv_l/tv_r/av_l/av_r/x/y/theta/t_err: 1.54545 0.00000 6.00000 -0.20975 0.24064 -0.64697 0.56261 -0.64697 0.56261 0 0 1.45235 1.54545
fb: 0.01545 0.27703 -1.00000 1.00000
fb: 0.00000 0.33207 -1.00000 1.00000
target: 0.00000 0.78486
dist/lin/ang/drive_left/drive_right/tv_l/tv_r/av_l/av_r/x/y/theta/t_err: 1.50907 0.00000 6.00000 -0.33207 0.33207 -0.70617 0.58828 -0.70617 0.58828 0 0 3.53688 1.50907
fb: 0.00000 0.38949 -0.76257 0.76746
fb: 0.00000 0.44209 -0.73626 0.74116
target: 0.00000 0.78486
dist/lin/ang/drive_left/drive_right/tv_l/tv_r/av_l/av_r/x/y/theta/t_err: 1.45619 0.00000 6.00000 -0.44209 0.44209 -0.66406 0.61172 -0.66406 0.61172 0 0 6.56629 1.45619
fb: 0.00000 0.48738 -0.71362 0.71851
fb: 0.00397 0.50557 -0.70453 0.70942
target: 0.00000 0.78486
dist/lin/ang/drive_left/drive_right/tv_l/tv_r/av_l/av_r/x/y/theta/t_err: 1.38717 0.00000 6.00000 -0.50160 0.50954 -0.48028 0.39150 -0.48028 0.39150 0 0 10.52108 1.38717
fb: 0.00397 0.51065 -0.70198 0.70688
fb: 0.00000 0.53936 -0.68763 0.69252
target: 0.00000 0.78486
dist/lin/ang/drive_left/drive_right/tv_l/tv_r/av_l/av_r/x/y/theta/t_err: 1.30998 0.00000 6.00000 -0.53936 0.53936 -0.61272 0.57131 -0.61272 0.57131 0 0 14.94364 1.30998
fb: -0.02140 0.57949 -0.66756 0.67246
fb: -0.02140 0.62248 -0.64607 0.65096
target: 0.00000 0.78486
dist/lin/ang/drive_left/drive_right/tv_l/tv_r/av_l/av_r/x/y/theta/t_err: 1.22607 0.00000 6.00000 -0.64389 0.60108 -0.59528 0.55644 -0.59528 0.55644 0 0 19.75159 1.22607
fb: -0.04082 0.66199 -0.62631 0.63121
fb: -0.04082 0.69334 -0.61064 0.61553
target: 0.00000 0.78486
dist/lin/ang/drive_left/drive_right/tv_l/tv_r/av_l/av_r/x/y/theta/t_err: 1.12971 0.00000 6.00000 -0.73416 0.65253 -0.61033 0.54769 -0.61033 0.54769 0 0 25.27223 1.12971
fb: -0.03486 0.71773 -0.59844 0.60334
fb: -0.03486 0.74609 -0.58427 0.58916
target: 0.00000 0.78486
dist/lin/ang/drive_left/drive_right/tv_l/tv_r/av_l/av_r/x/y/theta/t_err: 1.02317 0.00000 6.00000 -0.78095 0.71123 -0.59033 0.55883 -0.59033 0.55883 0 0 31.37669 1.02317
fb: -0.07369 0.77312 -0.57075 0.57564
fb: -0.07369 0.79298 -0.56082 0.56571
target: 0.00000 0.78486
dist/lin/ang/drive_left/drive_right/tv_l/tv_r/av_l/av_r/x/y/theta/t_err: 0.90833 0.00000 6.00000 -0.86667 0.71929 -0.57047 0.55336 -0.57047 0.55336 0 0 37.95666 0.90833
fb: -0.07744 0.81284 -0.55089 0.55578
fb: -0.07744 0.82566 -0.54448 0.54937
target: 0.00000 0.73762
dist/lin/ang/drive_left/drive_right/tv_l/tv_r/av_l/av_r/x/y/theta/t_err: 0.78660 0.00000 5.63885 -0.90310 0.74822 -0.55456 0.54361 -0.55456 0.54361 0 0 44.93091 0.78660
fb: -0.10281 0.83897 -0.26997 0.27486
fb: -0.10281 0.85464 -0.26213 0.26702
target: 0.00000 0.58940
dist/lin/ang/drive_left/drive_right/tv_l/tv_r/av_l/av_r/x/y/theta/t_err: 0.66005 0.00000 4.50579 -0.95745 0.75183 -0.51228 0.50186 -0.51228 0.50186 0 0 52.18196 0.66005
fb: -0.10281 0.86328 0.44803 -0.45293
fb: -0.10281 0.85889 0.44584 -0.45073
target: 0.00000 0.43729
dist/lin/ang/drive_left/drive_right/tv_l/tv_r/av_l/av_r/x/y/theta/t_err: 0.52932 0.00000 3.34293 -0.96170 0.75608 -0.28061 0.20875 -0.28061 0.20875 0 0 59.67212 0.52932
fb: -0.10479 0.85060 0.63721 -0.64210
fb: -0.10479 0.82726 0.62554 -0.63043
target: 0.00000 0.29001
dist/lin/ang/drive_left/drive_right/tv_l/tv_r/av_l/av_r/x/y/theta/t_err: 0.39850 0.00000 2.21704 -0.93205 0.72247 0.23508 -0.29294 0.23508 -0.29294 0 0 67.16752 0.39850
fb: -0.10458 0.77668 0.75080 -0.75569
fb: -0.10458 0.70651 0.71572 -0.72061
target: 0.00000 0.15839
dist/lin/ang/drive_left/drive_right/tv_l/tv_r/av_l/av_r/x/y/theta/t_err: 0.27434 0.00000 1.21081 -0.81109 0.60194 0.35969 -0.43597 0.35969 -0.43597 0 0 74.28152 0.27434
fb: -0.11826 0.63461 0.76332 -0.76822
fb: -0.11826 0.55114 0.72159 -0.72648
target: 0.00000 0.06287
dist/lin/ang/drive_left/drive_right/tv_l/tv_r/av_l/av_r/x/y/theta/t_err: 0.16909 0.00000 0.48059 -0.66940 0.43287 0.42469 -0.34222 0.42469 -0.34222 0 0 80.31194 0.16909
fb: -0.11650 0.47575 0.63318 -0.63808
fb: -0.11650 0.40948 0.60005 -0.60495
target: 0.00000 -0.00003
dist/lin/ang/drive_left/drive_right/tv_l/tv_r/av_l/av_r/x/y/theta/t_err: 0.08761 0.00000 -0.00024 -0.52599 0.29298 0.32306 -0.27392 0.32306 -0.27392 0 0 84.98034 0.08761
fb: -0.14541 0.34211 0.49315 -0.49804
fb: -0.14541 0.26839 0.45629 -0.46119
target: 0.00000 -0.04168
dist/lin/ang/drive_left/drive_right/tv_l/tv_r/av_l/av_r/x/y/theta/t_err: 0.02755 0.00000 -0.31865 -0.41380 0.12298 0.28353 -0.20825 0.28353 -0.20825 0 0 88.42161 0.02755
fb: -0.09510 0.19203 0.25439 -0.25928
fb: -0.09510 0.11908 0.25439 -0.25928
target: 0.00000 -0.05793
dist/lin/ang/drive_left/drive_right/tv_l/tv_r/av_l/av_r/x/y/theta/t_err: -0.01053 0.00000 -0.44282 -0.21418 0.02397 0.26506 -0.23256 0.26506 -0.23256 0 0 90.60346 -0.01053
fb: -0.08341 0.04961 0.15092 -0.15582
fb: -0.08341 -0.00836 0.15092 -0.15582
target: 0.00000 -0.04839
dist/lin/ang/drive_left/drive_right/tv_l/tv_r/av_l/av_r/x/y/theta/t_err: -0.02618 0.00000 -0.36992 -0.07505 -0.09177 0.20706 -0.23561 0.20706 -0.23561 0 0 91.50011 -0.02618
fb: -0.06201 -0.05065 -0.04952 0.05441
fb: -0.06201 -0.07462 -0.04952 0.05441
final error was -1.34245
position: -0.32867 -0.87769 91.34245
took 0.48000 time to finish turn
target: 0.00000 0.15697
dist/lin/ang/drive_left/drive_right/tv_l/tv_r/av_l/av_r/x/y/theta/t_err: 1.57080 0.00000 1.20000 0.00000 0.00000 -0.00017 -0.00017 -0.00017 -0.00017 0 0 -0.00008 1.57080
fb: 0.00000 0.00000 -0.85057 0.85546
fb: 0.00000 0.00000 -0.85057 0.85546
target: 0.00000 0.31394
dist/lin/ang/drive_left/drive_right/tv_l/tv_r/av_l/av_r/x/y/theta/t_err: 1.57080 0.00000 2.40000 0.00000 0.00000 -0.11411 -0.00017 -0.11411 -0.00017 0 0 -0.00020 1.57080
fb: 0.00000 0.00251 -1.00000 1.00000
fb: 0.00000 0.03769 -1.00000 1.00000
target: 0.00000 0.47092
dist/lin/ang/drive_left/drive_right/tv_l/tv_r/av_l/av_r/x/y/theta/t_err: 1.57072 0.00000 3.60000 -0.03769 0.03769 -0.39714 0.45497 -0.39714 0.45497 0 0 0.00463 1.57072
fb: 0.00000 0.09546 -1.00000 1.00000
fb: 0.00000 0.13970 -1.00000 1.00000
target: 0.00000 0.62789
dist/lin/ang/drive_left/drive_right/tv_l/tv_r/av_l/av_r/x/y/theta/t_err: 1.56260 0.00000 4.80000 -0.13970 0.13970 -0.38858 0.36992 -0.38858 0.36992 0 0 0.46964 1.56260
fb: 0.00000 0.17593 -1.00000 1.00000
fb: 0.00000 0.21634 -1.00000 1.00000
target: 0.00000 0.78486
dist/lin/ang/drive_left/drive_right/tv_l/tv_r/av_l/av_r/x/y/theta/t_err: 1.53992 0.00000 6.00000 -0.21634 0.21634 -0.59614 0.61650 -0.59614 0.61650 0 0 1.76917 1.53992
fb: 0.00000 0.26407 -1.00000 1.00000
fb: 0.00000 0.32239 -1.00000 1.00000
target: 0.00000 0.78486
dist/lin/ang/drive_left/drive_right/tv_l/tv_r/av_l/av_r/x/y/theta/t_err: 1.50499 0.00000 6.00000 -0.32239 0.32239 -0.73081 0.64611 -0.73081 0.64611 0 0 3.77035 1.50499
fb: 0.00000 0.37750 -0.76856 0.77345
fb: 0.00397 0.42795 -0.74333 0.74823
target: 0.00000 0.78486
dist/lin/ang/drive_left/drive_right/tv_l/tv_r/av_l/av_r/x/y/theta/t_err: 1.45385 0.00000 6.00000 -0.42398 0.43192 -0.59067 0.61583 -0.59067 0.61583 0 0 6.70033 1.45385
fb: 0.00397 0.47526 -0.71968 0.72457
fb: 0.01545 0.50842 -0.70310 0.70799
target: 0.00000 0.78486
dist/lin/ang/drive_left/drive_right/tv_l/tv_r/av_l/av_r/x/y/theta/t_err: 1.38680 0.00000 6.00000 -0.49298 0.52387 -0.52308 0.49556 -0.52308 0.49556 0 0 10.54238 1.38680
fb: 0.01545 0.53755 -0.68854 0.69343
fb: 0.00000 0.56340 -0.67561 0.68050
target: 0.00000 0.78486
dist/lin/ang/drive_left/drive_right/tv_l/tv_r/av_l/av_r/x/y/theta/t_err: 1.30820 0.00000 6.00000 -0.56340 0.56340 -0.52272 0.52189 -0.52272 0.52189 0 0 15.04565 1.30820
fb: 0.00000 0.59489 -0.65986 0.66476
fb: 0.00000 0.62806 -0.64328 0.64817
target: 0.00000 0.78486
dist/lin/ang/drive_left/drive_right/tv_l/tv_r/av_l/av_r/x/y/theta/t_err: 1.22110 0.00000 6.00000 -0.62806 0.62806 -0.53983 0.44422 -0.53983 0.44422 0 0 20.03602 1.22110
fb: 0.00000 0.65600 -0.62931 0.63420
fb: 0.00000 0.67279 -0.62091 0.62581
target: 0.00000 0.78486
dist/lin/ang/drive_left/drive_right/tv_l/tv_r/av_l/av_r/x/y/theta/t_err: 1.12427 0.00000 6.00000 -0.67279 0.67279 -0.55150 0.52942 -0.55150 0.52942 0 0 25.58404 1.12427
fb: 0.00000 0.69467 -0.60998 0.61487
fb: 0.00000 0.72463 -0.59500 0.59989
target: 0.00000 0.78486
dist/lin/ang/drive_left/drive_right/tv_l/tv_r/av_l/av_r/x/y/theta/t_err: 1.02083 0.00000 6.00000 -0.72463 0.72463 -0.58331 0.56758 -0.58331 0.56758 0 0 31.51092 1.02083
fb: 0.00000 0.75090 -0.58186 0.58676
fb: -0.03883 0.77166 -0.57148 0.57637
target: 0.00000 0.78486
dist/lin/ang/drive_left/drive_right/tv_l/tv_r/av_l/av_r/x/y/theta/t_err: 0.90938 0.00000 6.00000 -0.81049 0.73283 -0.57458 0.53042 -0.57458 0.53042 0 0 37.89663 0.90938
fb: -0.03883 0.78908 -0.56277 0.56766
fb: -0.10083 0.80552 -0.55455 0.55944
target: 0.00000 0.74661
dist/lin/ang/drive_left/drive_right/tv_l/tv_r/av_l/av_r/x/y/theta/t_err: 0.79100 0.00000 5.70756 -0.90635 0.70470 -0.55933 0.54428 -0.55933 0.54428 0 0 44.67925 0.79100
fb: -0.21136 0.82190 -0.22378 0.44004
fb: -0.11053 0.83597 -0.32243 0.32732
target: 0.00000 0.60136
dist/lin/ang/drive_left/drive_right/tv_l/tv_r/av_l/av_r/x/y/theta/t_err: 0.66745 0.00000 4.59719 -0.94650 0.72544 -0.48339 0.52531 -0.48339 0.52531 0 0 51.75817 0.66745
fb: -0.11053 0.84656 0.41233 -0.41722
fb: -0.11053 0.84705 0.41257 -0.41746
target: 0.00000 0.45197
dist/lin/ang/drive_left/drive_right/tv_l/tv_r/av_l/av_r/x/y/theta/t_err: 0.53944 0.00000 3.45514 -0.95758 0.73652 -0.24211 0.31742 -0.24211 0.31742 0 0 59.09234 0.53944
fb: -0.13943 0.84161 0.60329 -0.60819
fb: -0.13943 0.81444 0.58971 -0.59460
target: 0.00000 0.30547
dist/lin/ang/drive_left/drive_right/tv_l/tv_r/av_l/av_r/x/y/theta/t_err: 0.41037 0.00000 2.33520 -0.95387 0.67501 0.23939 -0.18822 0.23939 -0.18822 0 0 66.48780 0.41037
fb: -0.13767 0.75368 0.71771 -0.72261
fb: -0.13767 0.68387 0.68281 -0.68770
target: 0.00000 0.17742
dist/lin/ang/drive_left/drive_right/tv_l/tv_r/av_l/av_r/x/y/theta/t_err: 0.28864 0.00000 1.35635 -0.82154 0.54620 0.29444 -0.35575 0.29444 -0.35575 0 0 73.46213 0.28864
fb: -0.08737 0.62429 0.71978 -0.72467
fb: -0.08737 0.55441 0.68484 -0.68973
target: 0.00000 0.08560
dist/lin/ang/drive_left/drive_right/tv_l/tv_r/av_l/av_r/x/y/theta/t_err: 0.18624 0.00000 0.65442 -0.64178 0.46704 0.32681 -0.32031 0.32681 -0.32031 0 0 79.32938 0.18624
fb: -0.08914 0.48529 0.59470 -0.59959
fb: -0.08914 0.41854 0.56132 -0.56622
target: 0.00000 0.01775
dist/lin/ang/drive_left/drive_right/tv_l/tv_r/av_l/av_r/x/y/theta/t_err: 0.10411 0.00000 0.13568 -0.50768 0.32940 0.35486 -0.39031 0.35486 -0.39031 0 0 84.03490 0.10411
fb: -0.10856 0.35312 0.50017 -0.50506
fb: -0.10856 0.28288 0.46505 -0.46995
target: 0.00000 -0.02655
dist/lin/ang/drive_left/drive_right/tv_l/tv_r/av_l/av_r/x/y/theta/t_err: 0.04258 0.00000 -0.20294 -0.39144 0.17432 0.32922 -0.36736 0.32922 -0.36736 0 0 87.56026 0.04258
fb: -0.07370 0.20805 0.25614 -0.26103
fb: -0.07370 0.12772 0.25614 -0.26103
target: 0.00000 -0.04629
dist/lin/ang/drive_left/drive_right/tv_l/tv_r/av_l/av_r/x/y/theta/t_err: 0.00224 0.00000 -0.35386 -0.20141 0.05402 0.32597 -0.31997 0.32597 -0.31997 0 0 89.87155 0.00224
fb: -0.04457 0.05156 0.15887 -0.16377
fb: -0.04457 -0.01052 0.15887 -0.16377
target: 0.00000 -0.03664
dist/lin/ang/drive_left/drive_right/tv_l/tv_r/av_l/av_r/x/y/theta/t_err: -0.01453 0.00000 -0.28007 -0.03405 -0.05509 0.21456 -0.24672 0.21456 -0.24672 0 0 90.83242 -0.01453
fb: -0.04281 -0.05274 -0.05791 0.06281
fb: -0.04281 -0.07135 -0.05791 0.06281
final error was -0.65757
position: -0.27489 -0.76525 90.65757
took 0.48000 time to finish turn
target: 0.00000 0.15697
dist/lin/ang/drive_left/drive_right/tv_l/tv_r/av_l/av_r/x/y/theta/t_err: 1.57079 0.00000 1.20000 0.00000 0.00000 -0.00033 -0.00033 -0.00033 -0.00033 0 0 0.00020 1.57079
fb: 0.00000 0.00000 -0.85057 0.85546
fb: 0.00000 0.00000 -0.85057 0.85546
target: 0.00000 0.31394
dist/lin/ang/drive_left/drive_right/tv_l/tv_r/av_l/av_r/x/y/theta/t_err: 1.57079 0.00000 2.40000 0.00000 0.00000 0.00017 0.04450 0.00017 0.04450 0 0 0.00011 1.57079
fb: 0.00000 0.00000 -1.00000 1.00000
fb: 0.00000 0.00509 -1.00000 1.00000
target: 0.00000 0.47092
dist/lin/ang/drive_left/drive_right/tv_l/tv_r/av_l/av_r/x/y/theta/t_err: 1.57080 0.00000 3.60000 -0.00509 0.00509 -0.44353 0.43633 -0.44353 0.43633 0 0 -0.00009 1.57080
fb: 0.00000 0.04982 -1.00000 1.00000
fb: 0.00000 0.11155 -1.00000 1.00000
target: 0.00000 0.62789
dist/lin/ang/drive_left/drive_right/tv_l/tv_r/av_l/av_r/x/y/theta/t_err: 1.56792 0.00000 4.80000 -0.11155 0.11155 -0.44403 0.31139 -0.44403 0.31139 0 0 0.16492 1.56792
fb: 0.00000 0.14890 -1.00000 1.00000
fb: 0.00000 0.19049 -1.00000 1.00000
target: 0.00000 0.78486
dist/lin/ang/drive_left/drive_right/tv_l/tv_r/av_l/av_r/x/y/theta/t_err: 1.54986 0.00000 6.00000 -0.19049 0.19049 -0.55131 0.60897 -0.55131 0.60897 0 0 1.19963 1.54986
fb: 0.00000 0.23808 -1.00000 1.00000
fb: -0.00794 0.28922 -1.00000 1.00000
target: 0.00000 0.78486
dist/lin/ang/drive_left/drive_right/tv_l/tv_r/av_l/av_r/x/y/theta/t_err: 1.51898 0.00000 6.00000 -0.29717 0.28128 -0.68733 0.61394 -0.68733 0.61394 0 0 2.96874 1.51898
fb: -0.00794 0.35110 -0.78176 0.78665
fb: 0.00000 0.40691 -0.75386 0.75875
target: 0.00000 0.78486
dist/lin/ang/drive_left/drive_right/tv_l/tv_r/av_l/av_r/x/y/theta/t_err: 1.47241 0.00000 6.00000 -0.40691 0.40691 -0.71489 0.58603 -0.71489 0.58603 0 0 5.63733 1.47241
fb: 0.00000 0.44983 -0.73240 0.73729
fb: 0.00000 0.48933 -0.71264 0.71754
target: 0.00000 0.78486
dist/lin/ang/drive_left/drive_right/tv_l/tv_r/av_l/av_r/x/y/theta/t_err: 1.40887 0.00000 6.00000 -0.48933 0.48933 -0.55439 0.44297 -0.55439 0.44297 0 0 9.27766 1.40887
fb: 0.00000 0.51309 -0.70076 0.70566
fb: -0.02317 0.53476 -0.68993 0.69482
target: 0.00000 0.78486
dist/lin/ang/drive_left/drive_right/tv_l/tv_r/av_l/av_r/x/y/theta/t_err: 1.33355 0.00000 6.00000 -0.55793 0.51159 -0.55697 0.52086 -0.55697 0.52086 0 0 13.59304 1.33355
fb: -0.02317 0.55852 -0.67805 0.68294
fb: -0.06399 0.59231 -0.66115 0.66605
target: 0.00000 0.78486
dist/lin/ang/drive_left/drive_right/tv_l/tv_r/av_l/av_r/x/y/theta/t_err: 1.25114 0.00000 6.00000 -0.65630 0.52833 -0.56039 0.39356 -0.56039 0.39356 0 0 18.31476 1.25114
fb: -0.06399 0.62875 -0.64293 0.64783
fb: -0.04457 0.65091 -0.63185 0.63675
target: 0.00000 0.78486
dist/lin/ang/drive_left/drive_right/tv_l/tv_r/av_l/av_r/x/y/theta/t_err: 1.15940 0.00000 6.00000 -0.69548 0.60634 -0.56056 0.50239 -0.56056 0.50239 0 0 23.57135 1.15940
fb: -0.04457 0.66826 -0.62318 0.62807
fb: -0.07369 0.69404 -0.61029 0.61518
target: 0.00000 0.78486
dist/lin/ang/drive_left/drive_right/tv_l/tv_r/av_l/av_r/x/y/theta/t_err: 1.05953 0.00000 6.00000 -0.76773 0.62035 -0.59275 0.54719 -0.59275 0.54719 0 0 29.29339 1.05953
fb: -0.07369 0.72769 -0.59346 0.59836
fb: -0.08141 0.75515 -0.57974 0.58463
target: 0.00000 0.78486
dist/lin/ang/drive_left/drive_right/tv_l/tv_r/av_l/av_r/x/y/theta/t_err: 0.95236 0.00000 6.00000 -0.83656 0.67373 -0.58761 0.54892 -0.58761 0.54892 0 0 35.43382 0.95236
fb: -0.08141 0.77688 -0.56887 0.57376
fb: -0.10281 0.79646 -0.55908 0.56397
target: 0.00000 0.78486
dist/lin/ang/drive_left/drive_right/tv_l/tv_r/av_l/av_r/x/y/theta/t_err: 0.83642 0.00000 6.00000 -0.89928 0.69365 -0.56517 0.55578 -0.56517 0.55578 0 0 42.07648 0.83642
fb: -0.10281 0.81346 -0.55058 0.55547
fb: -0.11627 0.83130 -0.54166 0.54655
target: 0.00000 0.65580
dist/lin/ang/drive_left/drive_right/tv_l/tv_r/av_l/av_r/x/y/theta/t_err: 0.71430 0.00000 5.01340 -0.94757 0.71503 -0.54275 0.54053 -0.54275 0.54053 0 0 49.07345 0.71430
fb: -0.11627 0.84768 0.27633 -0.28123
fb: -0.12421 0.85896 0.28198 -0.28687
target: 0.00000 0.50596
dist/lin/ang/drive_left/drive_right/tv_l/tv_r/av_l/av_r/x/y/theta/t_err: 0.58685 0.00000 3.86794 -0.98317 0.73475 -0.35044 0.27000 -0.35044 0.27000 0 0 56.37608 0.58685
fb: -0.12421 0.86781 0.55522 -0.56011
fb: -0.10656 0.86377 0.55320 -0.55809
target: 0.00000 0.35325
dist/lin/ang/drive_left/drive_right/tv_l/tv_r/av_l/av_r/x/y/theta/t_err: 0.45540 0.00000 2.70052 -0.97033 0.75721 0.17503 -0.14097 0.17503 -0.14097 0 0 63.90759 0.45540
fb: -0.10656 0.84517 0.73549 -0.74039
fb: -0.13392 0.80106 0.71344 -0.71833
target: 0.00000 0.20605
dist/lin/ang/drive_left/drive_right/tv_l/tv_r/av_l/av_r/x/y/theta/t_err: 0.32424 0.00000 1.57517 -0.93498 0.66714 0.41647 -0.37642 0.41647 -0.37642 0 0 71.42267 0.32424
fb: -0.13392 0.73543 0.82809 -0.83299
fb: -0.12025 0.67530 0.79803 -0.80292
target: 0.00000 0.08576
dist/lin/ang/drive_left/drive_right/tv_l/tv_r/av_l/av_r/x/y/theta/t_err: 0.20475 0.00000 0.65563 -0.79554 0.55505 0.41167 -0.34103 0.41167 -0.34103 0 0 78.26861 0.20475
fb: -0.12025 0.60109 0.78051 -0.78540
fb: -0.12996 0.52556 0.74274 -0.74764
target: 0.00000 -0.00353
dist/lin/ang/drive_left/drive_right/tv_l/tv_r/av_l/av_r/x/y/theta/t_err: 0.10459 0.00000 -0.02697 -0.65552 0.39561 0.35078 -0.28917 0.35078 -0.28917 0 0 84.00728 0.10459
fb: -0.12996 0.45004 0.66998 -0.67487
fb: -0.12974 0.37402 0.63197 -0.63687
target: 0.00000 -0.06341
dist/lin/ang/drive_left/drive_right/tv_l/tv_r/av_l/av_r/x/y/theta/t_err: 0.02704 0.00000 -0.48476 -0.50376 0.24428 0.37764 -0.32458 0.37764 -0.32458 0 0 88.45053 0.02704
fb: -0.12974 0.29710 0.53124 -0.53613
fb: -0.11849 0.22045 0.49291 -0.49781
target: 0.00000 -0.09618
dist/lin/ang/drive_left/drive_right/tv_l/tv_r/av_l/av_r/x/y/theta/t_err: -0.02718 0.00000 -0.73527 -0.33895 0.10196 0.40672 -0.28847 0.40672 -0.28847 0 0 91.55715 -0.02718
fb: -0.11849 0.14952 0.25093 -0.25582
fb: -0.11827 0.07929 0.25093 -0.25582
target: 0.00000 -0.10318
dist/lin/ang/drive_left/drive_right/tv_l/tv_r/av_l/av_r/x/y/theta/t_err: -0.05827 0.00000 -0.78878 -0.19756 -0.03898 0.34992 -0.29397 0.34992 -0.29397 0 0 93.33880 -0.05827
fb: -0.11827 0.01484 0.13965 -0.14455
fb: -0.08142 -0.03756 0.13965 -0.14455
target: 0.00000 -0.08833
dist/lin/ang/drive_left/drive_right/tv_l/tv_r/av_l/av_r/x/y/theta/t_err: -0.06803 0.00000 -0.67526 -0.04387 -0.11898 0.23064 -0.22347 0.23064 -0.22347 0 0 93.89766 -0.06803
fb: -0.08142 -0.07811 -0.04667 0.05156
fb: -0.03288 -0.10068 -0.04667 0.05156
target: 0.00000 -0.05966
dist/lin/ang/drive_left/drive_right/tv_l/tv_r/av_l/av_r/x/y/theta/t_err: -0.06080 0.00000 -0.45607 0.06780 -0.13356 0.11772 -0.09925 0.11772 -0.09925 0 0 93.48372 -0.06080
fb: -0.03288 -0.11030 -0.12807 0.13297
fb: -0.03884 -0.11009 -0.12807 0.13297
target: 0.00000 -0.03195
dist/lin/ang/drive_left/drive_right/tv_l/tv_r/av_l/av_r/x/y/theta/t_err: -0.04519 0.00000 -0.24426 0.07125 -0.14892 -0.03953 0.05547 -0.03953 0.05547 0 0 92.58932 -0.04519
fb: -0.03884 -0.10570 -0.14230 0.14719
fb: -0.01942 -0.09824 -0.14230 0.14719
target: 0.00000 -0.01196
dist/lin/ang/drive_left/drive_right/tv_l/tv_r/av_l/av_r/x/y/theta/t_err: -0.02854 0.00000 -0.09144 0.07882 -0.11766 -0.11483 0.12014 -0.11483 0.12014 0 0 91.63532 -0.02854
fb: -0.01942 -0.08758 -0.12096 0.12586
fb: -0.00772 -0.06772 -0.12096 0.12586
target: 0.00000 0.00194
dist/lin/ang/drive_left/drive_right/tv_l/tv_r/av_l/av_r/x/y/theta/t_err: -0.01396 0.00000 0.01484 0.06000 -0.07545 -0.13500 0.13208 -0.13500 0.13208 0 0 90.79979 -0.01396
fb: -0.00772 -0.03749 -0.10289 0.10778
fb: 0.00000 0.00181 -0.10289 0.10778
final error was -0.27945
position: -0.44663 -1.11803 90.27945
took 0.58000 time to finish turn
-target: 0.00000 0.15697
dist/lin/ang/drive_left/drive_right/tv_l/tv_r/av_l/av_r/x/y/theta/t_err: 1.57080 0.00000 1.20000 0.00000 0.00000 0.00000 0.00000 0.00000 0.00000 0 0 -0.00003 1.57080
fb: 0.00000 0.00000 -0.85057 0.85546
fb: 0.00000 0.00000 -0.85057 0.85546
target: 0.00000 0.31394
dist/lin/ang/drive_left/drive_right/tv_l/tv_r/av_l/av_r/x/y/theta/t_err: 1.57080 0.00000 2.40000 0.00000 0.00000 -0.05661 0.05714 -0.05661 0.05714 0 0 -0.00004 1.57080
fb: 0.00000 0.00000 -1.00000 1.00000
fb: 0.00000 0.00265 -1.00000 1.00000
target: 0.00000 0.47092
dist/lin/ang/drive_left/drive_right/tv_l/tv_r/av_l/av_r/x/y/theta/t_err: 1.57079 0.00000 3.60000 -0.00265 0.00265 -0.45825 0.43975 -0.45825 0.43975 0 0 0.00017 1.57079
fb: 0.00000 0.04968 -1.00000 1.00000
fb: 0.00397 0.10988 -1.00000 1.00000
target: 0.00000 0.62789
dist/lin/ang/drive_left/drive_right/tv_l/tv_r/av_l/av_r/x/y/theta/t_err: 1.56792 0.00000 4.80000 -0.10591 0.11385 -0.48336 0.59292 -0.48336 0.59292 0 0 0.16474 1.56792
fb: 0.00397 0.16729 -1.00000 1.00000
fb: 0.00375 0.22380 -1.00000 1.00000
target: 0.00000 0.78486
dist/lin/ang/drive_left/drive_right/tv_l/tv_r/av_l/av_r/x/y/theta/t_err: 1.54913 0.00000 6.00000 -0.22005 0.22755 -0.57011 0.57458 -0.57011 0.57458 0 0 1.24124 1.54913
fb: 0.00375 0.27564 -1.00000 1.00000
fb: 0.01942 0.32427 -1.00000 1.00000
target: 0.00000 0.78486
dist/lin/ang/drive_left/drive_right/tv_l/tv_r/av_l/av_r/x/y/theta/t_err: 1.51301 0.00000 6.00000 -0.30485 0.34369 -0.65142 0.66906 -0.65142 0.66906 0 0 3.31095 1.51301
fb: 0.01942 0.37583 -0.76939 0.77429
fb: 0.02317 0.42788 -0.74337 0.74826
target: 0.00000 0.78486
dist/lin/ang/drive_left/drive_right/tv_l/tv_r/av_l/av_r/x/y/theta/t_err: 1.46161 0.00000 6.00000 -0.40471 0.45105 -0.53078 0.64339 -0.53078 0.64339 0 0 6.25616 1.46161
fb: 0.02317 0.47519 -0.71971 0.72461
fb: 0.02339 0.49992 -0.70735 0.71224
target: 0.00000 0.78486
dist/lin/ang/drive_left/drive_right/tv_l/tv_r/av_l/av_r/x/y/theta/t_err: 1.39462 0.00000 6.00000 -0.47653 0.52331 -0.47122 0.49142 -0.47122 0.49142 0 0 10.09426 1.39462
fb: 0.02339 0.52062 -0.69700 0.70189
fb: 0.01942 0.54821 -0.68320 0.68810
target: 0.00000 0.78486
dist/lin/ang/drive_left/drive_right/tv_l/tv_r/av_l/av_r/x/y/theta/t_err: 1.31752 0.00000 6.00000 -0.52879 0.56763 -0.51178 0.52856 -0.51178 0.52856 0 0 14.51170 1.31752
fb: 0.01942 0.58312 -0.66575 0.67064
fb: 0.01942 0.61454 -0.65004 0.65493
target: 0.00000 0.78486
dist/lin/ang/drive_left/drive_right/tv_l/tv_r/av_l/av_r/x/y/theta/t_err: 1.23255 0.00000 6.00000 -0.59512 0.63396 -0.52019 0.53436 -0.52019 0.53436 0 0 19.38015 1.23255
fb: 0.01942 0.64304 -0.63579 0.64068
fb: 0.01942 0.66917 -0.62273 0.62762
target: 0.00000 0.78486
dist/lin/ang/drive_left/drive_right/tv_l/tv_r/av_l/av_r/x/y/theta/t_err: 1.13782 0.00000 6.00000 -0.64975 0.68858 -0.54361 0.55750 -0.54361 0.55750 0 0 24.80791 1.13782
fb: 0.01942 0.69536 -0.60963 0.61452
fb: 0.00375 0.72233 -0.59614 0.60104
target: 0.00000 0.78486
dist/lin/ang/drive_left/drive_right/tv_l/tv_r/av_l/av_r/x/y/theta/t_err: 1.03482 0.00000 6.00000 -0.71858 0.72608 -0.55800 0.55458 -0.55800 0.55458 0 0 30.70933 1.03482
fb: 0.00375 0.74588 -0.58437 0.58926
fb: 0.00000 0.76553 -0.57455 0.57944
target: 0.00000 0.78486
dist/lin/ang/drive_left/drive_right/tv_l/tv_r/av_l/av_r/x/y/theta/t_err: 0.92378 0.00000 6.00000 -0.76553 0.76553 -0.57375 0.55853 -0.57375 0.55853 0 0 37.07128 0.92378
fb: 0.00000 0.79026 -0.56218 0.56707
fb: -0.01941 0.81047 -0.55208 0.55697
target: 0.00000 0.76412
dist/lin/ang/drive_left/drive_right/tv_l/tv_r/av_l/av_r/x/y/theta/t_err: 0.80596 0.00000 5.84141 -0.82988 0.79105 -0.55936 0.54839 -0.55936 0.54839 0 0 43.82190 0.80596
fb: -0.01941 0.82726 -0.42606 0.43095
fb: -0.03486 0.84524 -0.41707 0.42196
target: 0.00000 0.61636
dist/lin/ang/drive_left/drive_right/tv_l/tv_r/av_l/av_r/x/y/theta/t_err: 0.68162 0.00000 4.71186 -0.88009 0.81038 -0.52872 0.50800 -0.52872 0.50800 0 0 50.94583 0.68162
fb: -0.03486 0.85813 0.41186 -0.41675
fb: -0.03883 0.86349 0.41454 -0.41943
target: 0.00000 0.46445
dist/lin/ang/drive_left/drive_right/tv_l/tv_r/av_l/av_r/x/y/theta/t_err: 0.55213 0.00000 3.55058 -0.90232 0.82466 -0.36036 0.29653 -0.36036 0.29653 0 0 58.36502 0.55213
fb: -0.03883 0.85778 0.60808 -0.61298
fb: -0.09487 0.84349 0.60094 -0.60583
target: 0.00000 0.31393
dist/lin/ang/drive_left/drive_right/tv_l/tv_r/av_l/av_r/x/y/theta/t_err: 0.42057 0.00000 2.39986 -0.93836 0.74863 0.20175 -0.17572 0.20175 -0.17572 0 0 65.90334 0.42057
fb: -0.09487 0.79862 0.74841 -0.75330
fb: -0.12797 0.72811 0.71315 -0.71805
target: 0.00000 0.17677
dist/lin/ang/drive_left/drive_right/tv_l/tv_r/av_l/av_r/x/y/theta/t_err: 0.29365 0.00000 1.35139 -0.85608 0.60015 0.41256 -0.34819 0.41256 -0.34819 0 0 73.17519 0.29365
fb: -0.12797 0.65321 0.77598 -0.78087
fb: -0.08737 0.57239 0.73557 -0.74046
target: 0.00000 0.07738
dist/lin/ang/drive_left/drive_right/tv_l/tv_r/av_l/av_r/x/y/theta/t_err: 0.18531 0.00000 0.59151 -0.65976 0.48501 0.37403 -0.34686 0.37403 -0.34686 0 0 79.38260 0.18531
fb: -0.08737 0.50125 0.64641 -0.65131
fb: -0.08142 0.43018 0.61088 -0.61577
target: 0.00000 0.00974
dist/lin/ang/drive_left/drive_right/tv_l/tv_r/av_l/av_r/x/y/theta/t_err: 0.10020 0.00000 0.07447 -0.51160 0.34876 0.35008 -0.28969 0.35008 -0.28969 0 0 84.25895 0.10020
fb: -0.08142 0.35646 0.51021 -0.51510
fb: -0.06796 0.27905 0.47151 -0.47640
target: 0.00000 -0.03425
dist/lin/ang/drive_left/drive_right/tv_l/tv_r/av_l/av_r/x/y/theta/t_err: 0.03726 0.00000 -0.26183 -0.34701 0.21109 0.35747 -0.32889 0.35747 -0.32889 0 0 87.86539 0.03726
fb: -0.06796 0.19642 0.25993 -0.26483
fb: -0.07944 0.11768 0.25993 -0.26483
target: 0.00000 -0.05024
dist/lin/ang/drive_left/drive_right/tv_l/tv_r/av_l/av_r/x/y/theta/t_err: -0.00221 0.00000 -0.38405 -0.19712 0.03825 0.34478 -0.31450 0.34478 -0.31450 0 0 90.12656 -0.00221
fb: -0.07944 0.04926 0.14462 -0.14952
fb: -0.08142 -0.00481 0.14462 -0.14952
target: 0.00000 -0.03858
dist/lin/ang/drive_left/drive_right/tv_l/tv_r/av_l/av_r/x/y/theta/t_err: -0.01767 0.00000 -0.29497 -0.07662 -0.08623 0.23119 -0.23217 0.23119 -0.23217 0 0 91.01239 -0.01767
fb: -0.08142 -0.04829 -0.06561 0.07050
fb: -0.02140 -0.07504 -0.06561 0.07050
target: 0.00000 -0.01451
dist/lin/ang/drive_left/drive_right/tv_l/tv_r/av_l/av_r/x/y/theta/t_err: -0.01537 0.00000 -0.11092 0.05364 -0.09644 0.14528 -0.09992 0.14528 -0.09992 0 0 90.88067 -0.01537
fb: -0.02140 -0.08786 -0.13764 0.14253
fb: -0.00772 -0.08793 -0.13764 0.14253
final error was -0.20308
position: -0.01042 -0.52958 90.20308
took 0.50000 time to finish turn
target: 0.00000 0.15697
dist/lin/ang/drive_left/drive_right/tv_l/tv_r/av_l/av_r/x/y/theta/t_err: 1.57080 0.00000 1.20000 0.00000 0.00000 0.00017 -0.00050 0.00017 -0.00050 0 0 0.00000 1.57080
fb: 0.00000 0.00000 -0.85057 0.85546
fb: 0.00000 0.00000 -0.85057 0.85546
target: 0.00000 0.31394
dist/lin/ang/drive_left/drive_right/tv_l/tv_r/av_l/av_r/x/y/theta/t_err: 1.57080 0.00000 2.40000 0.00000 0.00000 -0.02875 0.02789 -0.02875 0.02789 0 0 -0.00014 1.57080
fb: 0.00000 0.00000 -1.00000 1.00000
fb: 0.00397 0.00425 -1.00000 1.00000
target: 0.00000 0.47092
dist/lin/ang/drive_left/drive_right/tv_l/tv_r/av_l/av_r/x/y/theta/t_err: 1.57080 0.00000 3.60000 -0.00028 0.00822 -0.47653 0.42672 -0.47653 0.42672 0 0 -0.00011 1.57080
fb: 0.00397 0.05295 -1.00000 1.00000
fb: 0.02317 0.11859 -1.00000 1.00000
target: 0.00000 0.62789
dist/lin/ang/drive_left/drive_right/tv_l/tv_r/av_l/av_r/x/y/theta/t_err: 1.56774 0.00000 4.80000 -0.09542 0.14176 -0.65022 0.44094 -0.65022 0.44094 0 0 0.17493 1.56774
fb: 0.02317 0.16332 -1.00000 1.00000
fb: 0.00794 0.20819 -1.00000 1.00000
target: 0.00000 0.78486
dist/lin/ang/drive_left/drive_right/tv_l/tv_r/av_l/av_r/x/y/theta/t_err: 1.54833 0.00000 6.00000 -0.20025 0.21613 -0.71661 0.54211 -0.71661 0.54211 0 0 1.28709 1.54833
fb: 0.00794 0.26233 -1.00000 1.00000
fb: 0.00000 0.32051 -1.00000 1.00000
target: 0.00000 0.78486
dist/lin/ang/drive_left/drive_right/tv_l/tv_r/av_l/av_r/x/y/theta/t_err: 1.51448 0.00000 6.00000 -0.32051 0.32051 -0.76761 0.64369 -0.76761 0.64369 0 0 3.22669 1.51448
fb: 0.00000 0.37520 -0.76971 0.77460
fb: 0.00000 0.43241 -0.74111 0.74600
target: 0.00000 0.78486
dist/lin/ang/drive_left/drive_right/tv_l/tv_r/av_l/av_r/x/y/theta/t_err: 1.46360 0.00000 6.00000 -0.43241 0.43241 -0.65569 0.65225 -0.65569 0.65225 0 0 6.14193 1.46360
fb: 0.00000 0.48139 -0.71661 0.72151
fb: 0.00772 0.50933 -0.70264 0.70754
target: 0.00000 0.78486
dist/lin/ang/drive_left/drive_right/tv_l/tv_r/av_l/av_r/x/y/theta/t_err: 1.39591 0.00000 6.00000 -0.50161 0.51705 -0.45736 0.42433 -0.45736 0.42433 0 0 10.02018 1.39591
fb: 0.00772 0.53281 -0.69090 0.69580
fb: 0.00375 0.55330 -0.68066 0.68556
target: 0.00000 0.78486
dist/lin/ang/drive_left/drive_right/tv_l/tv_r/av_l/av_r/x/y/theta/t_err: 1.31731 0.00000 6.00000 -0.54954 0.55705 -0.54017 0.52136 -0.54017 0.52136 0 0 14.52360 1.31731
fb: 0.00375 0.58256 -0.66603 0.67092
fb: 0.00000 0.61433 -0.65014 0.65504
target: 0.00000 0.78486
dist/lin/ang/drive_left/drive_right/tv_l/tv_r/av_l/av_r/x/y/theta/t_err: 1.23181 0.00000 6.00000 -0.61433 0.61433 -0.54533 0.52497 -0.54533 0.52497 0 0 19.42262 1.23181
fb: 0.00000 0.64624 -0.63419 0.63908
fb: -0.02515 0.67495 -0.61983 0.62473
target: 0.00000 0.78486
dist/lin/ang/drive_left/drive_right/tv_l/tv_r/av_l/av_r/x/y/theta/t_err: 1.13692 0.00000 6.00000 -0.70010 0.64980 -0.57286 0.54003 -0.57286 0.54003 0 0 24.85928 1.13692
fb: -0.02515 0.70233 -0.60614 0.61104
fb: -0.04854 0.72937 -0.59263 0.59752
target: 0.00000 0.78486
dist/lin/ang/drive_left/drive_right/tv_l/tv_r/av_l/av_r/x/y/theta/t_err: 1.03297 0.00000 6.00000 -0.77790 0.68083 -0.56653 0.57081 -0.56653 0.57081 0 0 30.81521 1.03297
fb: -0.04854 0.75605 -0.57928 0.58418
fb: -0.07369 0.77702 -0.56880 0.57369
target: 0.00000 0.78486
dist/lin/ang/drive_left/drive_right/tv_l/tv_r/av_l/av_r/x/y/theta/t_err: 0.92072 0.00000 6.00000 -0.85071 0.70333 -0.56739 0.57028 -0.56739 0.57028 0 0 37.24676 0.92072
fb: -0.07369 0.79793 -0.55835 0.56324
fb: -0.08516 0.81451 -0.55005 0.55495
target: 0.00000 0.75713
dist/lin/ang/drive_left/drive_right/tv_l/tv_r/av_l/av_r/x/y/theta/t_err: 0.80138 0.00000 5.78802 -0.89967 0.72935 -0.54703 0.55406 -0.54703 0.55406 0 0 44.08421 0.80138
fb: -0.08516 0.82851 -0.38583 0.39072
fb: -0.08935 0.84412 -0.37803 0.38292
target: 0.00000 0.61016
dist/lin/ang/drive_left/drive_right/tv_l/tv_r/av_l/av_r/x/y/theta/t_err: 0.67660 0.00000 4.66449 -0.93347 0.75477 -0.48508 0.51897 -0.48508 0.51897 0 0 51.23381 0.67660
fb: -0.08935 0.85590 0.41445 -0.41934
fb: -0.06597 0.85854 0.41577 -0.42066
target: 0.00000 0.45920
dist/lin/ang/drive_left/drive_right/tv_l/tv_r/av_l/av_r/x/y/theta/t_err: 0.54728 0.00000 3.51042 -0.92451 0.79258 -0.21183 0.27719 -0.21183 0.27719 0 0 58.64316 0.54728
fb: -0.06597 0.84649 0.60434 -0.60924
fb: -0.10259 0.82928 0.59574 -0.60063
target: 0.00000 0.31098
dist/lin/ang/drive_left/drive_right/tv_l/tv_r/av_l/av_r/x/y/theta/t_err: 0.41679 0.00000 2.37734 -0.93187 0.72669 0.24383 -0.22653 0.24383 -0.22653 0 0 66.11975 0.41679
fb: -0.10259 0.76595 0.72513 -0.73002
fb: 0.00000 0.69077 0.68754 -0.69243
target: 0.00000 0.18035
dist/lin/ang/drive_left/drive_right/tv_l/tv_r/av_l/av_r/x/y/theta/t_err: 0.29322 0.00000 1.37871 -0.69077 0.69077 0.30664 -0.48203 0.30664 -0.48203 0 0 73.19962 0.29322
fb: 0.00000 0.63426 0.73298 -0.73787
fb: 0.00000 0.56270 0.69720 -0.70210
target: 0.00000 0.08735
dist/lin/ang/drive_left/drive_right/tv_l/tv_r/av_l/av_r/x/y/theta/t_err: 0.18936 0.00000 0.66777 -0.56270 0.56270 0.32667 -0.30061 0.32667 -0.30061 0 0 79.15049 0.18936
fb: 0.00000 0.49045 0.60054 -0.60544
fb: 0.00000 0.40746 0.55905 -0.56394
target: 0.00000 0.01833
dist/lin/ang/drive_left/drive_right/tv_l/tv_r/av_l/av_r/x/y/theta/t_err: 0.10598 0.00000 0.14014 -0.40746 0.40746 0.32731 -0.31328 0.32731 -0.31328 0 0 83.92788 0.10598
fb: 0.00000 0.32803 0.49218 -0.49707
fb: 0.00000 0.24944 0.33733 -0.34222
target: 0.00000 -0.01926
dist/lin/ang/drive_left/drive_right/tv_l/tv_r/av_l/av_r/x/y/theta/t_err: 0.04667 0.00000 -0.14723 -0.24944 0.24944 0.31672 -0.28628 0.31672 -0.28628 0 0 87.32598 0.04667
fb: 0.00000 0.17008 0.22109 -0.22598
fb: 0.00000 0.08048 0.22109 -0.22598
target: 0.00000 -0.02962
dist/lin/ang/drive_left/drive_right/tv_l/tv_r/av_l/av_r/x/y/theta/t_err: 0.01150 0.00000 -0.22641 -0.08048 0.08048 0.30236 -0.30114 0.30236 -0.30114 0 0 89.34103 0.01150
fb: 0.00000 0.00341 0.10547 -0.11037
fb: 0.00000 -0.04417 0.10547 -0.11037
target: 0.00000 -0.00919
dist/lin/ang/drive_left/drive_right/tv_l/tv_r/av_l/av_r/x/y/theta/t_err: 0.00202 0.00000 -0.07026 0.04417 -0.04417 0.19233 -0.20639 0.19233 -0.20639 0 0 89.88406 0.00202
fb: 0.00000 -0.06933 -0.12478 0.12967
fb: 0.00000 -0.07629 -0.12478 0.12967
final error was 0.54539
position: -0.20359 -0.28788 89.45461
took 0.48000 time to finish turn
decreased kp to 8.50000
increased kp to 8.60000
decreased kd to 3.50000
increased kd to 3.70000
increased to 135.00000
target: 0.00000 0.15697
dist/lin/ang/drive_left/drive_right/tv_l/tv_r/av_l/av_r/x/y/theta/t_err: 2.35620 0.00000 1.20000 0.00000 0.00000 0.00000 -0.00017 0.00000 -0.00017 0 0 -0.00015 2.35620
fb: 0.00000 0.00000 -0.85057 0.85546
fb: 0.00000 0.00000 -0.85057 0.85546
target: 0.00000 0.31394
dist/lin/ang/drive_left/drive_right/tv_l/tv_r/av_l/av_r/x/y/theta/t_err: 2.35620 0.00000 2.40000 0.00000 0.00000 -0.10592 0.02722 -0.10592 0.02722 0 0 -0.00009 2.35620
fb: 0.00000 0.00000 -1.00000 1.00000
fb: 0.00000 0.00739 -1.00000 1.00000
target: 0.00000 0.47092
dist/lin/ang/drive_left/drive_right/tv_l/tv_r/av_l/av_r/x/y/theta/t_err: 2.35619 0.00000 3.60000 -0.00739 0.00739 -0.49417 0.40519 -0.49417 0.40519 0 0 0.00012 2.35619
fb: 0.00000 0.05504 -1.00000 1.00000
fb: 0.00772 0.11503 -1.00000 1.00000
target: 0.00000 0.62789
dist/lin/ang/drive_left/drive_right/tv_l/tv_r/av_l/av_r/x/y/theta/t_err: 2.35272 0.00000 4.80000 -0.10731 0.12276 -0.68100 0.47108 -0.68100 0.47108 0 0 0.19898 2.35272
fb: 0.00772 0.16848 -1.00000 1.00000
fb: 0.00000 0.22798 -1.00000 1.00000
target: 0.00000 0.78486
dist/lin/ang/drive_left/drive_right/tv_l/tv_r/av_l/av_r/x/y/theta/t_err: 2.33340 0.00000 6.00000 -0.22798 0.22798 -0.72292 0.60350 -0.72292 0.60350 0 0 1.30591 2.33340
fb: 0.00000 0.28003 -1.00000 1.00000
fb: -0.01545 0.33437 -1.00000 1.00000
target: 0.00000 0.78486
dist/lin/ang/drive_left/drive_right/tv_l/tv_r/av_l/av_r/x/y/theta/t_err: 2.29675 0.00000 6.00000 -0.34982 0.31893 -0.71353 0.62589 -0.71353 0.62589 0 0 3.40600 2.29675
fb: -0.01545 0.38795 -0.76333 0.76823
fb: -0.02714 0.44028 -0.73717 0.74206
target: 0.00000 0.78486
dist/lin/ang/drive_left/drive_right/tv_l/tv_r/av_l/av_r/x/y/theta/t_err: 2.24372 0.00000 6.00000 -0.46742 0.41314 -0.57581 0.65247 -0.57581 0.65247 0 0 6.44451 2.24372
fb: -0.02714 0.49247 -0.71108 0.71597
fb: -0.01567 0.52473 -0.69495 0.69984
target: 0.00000 0.78486
dist/lin/ang/drive_left/drive_right/tv_l/tv_r/av_l/av_r/x/y/theta/t_err: 2.17457 0.00000 6.00000 -0.54039 0.50906 -0.48014 0.50872 -0.48014 0.50872 0 0 10.40622 2.17457
fb: -0.01567 0.54716 -0.68373 0.68862
fb: -0.01169 0.57747 -0.66857 0.67347
target: 0.00000 0.78486
dist/lin/ang/drive_left/drive_right/tv_l/tv_r/av_l/av_r/x/y/theta/t_err: 2.09372 0.00000 6.00000 -0.58917 0.56578 -0.55353 0.51897 -0.55353 0.51897 0 0 15.03885 2.09372
fb: -0.01169 0.60695 -0.65384 0.65873
fb: -0.05229 0.63621 -0.63920 0.64410
target: 0.00000 0.78486
dist/lin/ang/drive_left/drive_right/tv_l/tv_r/av_l/av_r/x/y/theta/t_err: 2.00462 0.00000 6.00000 -0.68850 0.58392 -0.57614 0.53897 -0.57614 0.53897 0 0 20.14392 2.00462
fb: -0.05229 0.66575 -0.62443 0.62933
fb: -0.05825 0.69230 -0.61116 0.61605
target: 0.00000 0.78486
dist/lin/ang/drive_left/drive_right/tv_l/tv_r/av_l/av_r/x/y/theta/t_err: 1.90651 0.00000 6.00000 -0.75055 0.63405 -0.58606 0.52669 -0.58606 0.52669 0 0 25.76510 1.90651
fb: -0.05825 0.71557 -0.59952 0.60442
fb: -0.06001 0.74065 -0.58698 0.59188
target: 0.00000 0.78486
dist/lin/ang/drive_left/drive_right/tv_l/tv_r/av_l/av_r/x/y/theta/t_err: 1.80012 0.00000 6.00000 -0.80066 0.68064 -0.58364 0.54497 -0.58364 0.54497 0 0 31.86070 1.80012
fb: -0.06001 0.76260 -0.57601 0.58090
fb: -0.05626 0.78734 -0.56364 0.56853
target: 0.00000 0.78486
dist/lin/ang/drive_left/drive_right/tv_l/tv_r/av_l/av_r/x/y/theta/t_err: 1.68640 0.00000 6.00000 -0.84360 0.73108 -0.57031 0.55456 -0.57031 0.55456 0 0 38.37666 1.68640
fb: -0.05626 0.80970 -0.55246 0.55735
fb: -0.09884 0.82740 -0.54361 0.54850
target: 0.00000 0.78486
dist/lin/ang/drive_left/drive_right/tv_l/tv_r/av_l/av_r/x/y/theta/t_err: 1.56559 0.00000 6.00000 -0.92624 0.72856 -0.54839 0.54514 -0.54839 0.54514 0 0 45.29835 1.56559
fb: -0.09884 0.84259 -0.53601 0.54091
fb: -0.12421 0.85457 -0.53002 0.53492
target: 0.00000 0.78486
dist/lin/ang/drive_left/drive_right/tv_l/tv_r/av_l/av_r/x/y/theta/t_err: 1.43888 0.00000 6.00000 -0.97878 0.73036 -0.53044 0.52669 -0.53044 0.52669 0 0 52.55827 1.43888
fb: -0.12421 0.86300 -0.52581 0.53070
fb: -0.14539 0.87018 -0.52222 0.52711
target: 0.00000 0.78486
dist/lin/ang/drive_left/drive_right/tv_l/tv_r/av_l/av_r/x/y/theta/t_err: 1.30829 0.00000 6.00000 -1.01557 0.72479 -0.52325 0.51489 -0.52325 0.51489 0 0 60.04075 1.30829
fb: -0.14539 0.87764 -0.51849 0.52339
fb: -0.15509 0.88342 -0.51560 0.52049
target: 0.00000 0.78486
dist/lin/ang/drive_left/drive_right/tv_l/tv_r/av_l/av_r/x/y/theta/t_err: 1.17529 0.00000 6.00000 -1.03851 0.72832 -0.51058 0.50836 -0.51058 0.50836 0 0 67.66073 1.17529
fb: -0.15509 0.89032 -0.51215 0.51704
fb: -0.16679 0.89624 -0.50919 0.51408
target: 0.00000 0.78486
dist/lin/ang/drive_left/drive_right/tv_l/tv_r/av_l/av_r/x/y/theta/t_err: 1.04024 0.00000 6.00000 -1.06303 0.72945 -0.50392 0.50236 -0.50392 0.50236 0 0 75.39867 1.04024
fb: -0.16679 0.89896 -0.50783 0.51272
fb: -0.15884 0.90251 -0.50605 0.51095
target: 0.00000 0.78486
dist/lin/ang/drive_left/drive_right/tv_l/tv_r/av_l/av_r/x/y/theta/t_err: 0.90345 0.00000 6.00000 -1.06135 0.74367 -0.49347 0.49761 -0.49347 0.49761 0 0 83.23634 0.90345
fb: -0.15884 0.90056 -0.50703 0.51192
fb: -0.14362 0.89917 -0.50773 0.51262
target: 0.00000 0.69507
dist/lin/ang/drive_left/drive_right/tv_l/tv_r/av_l/av_r/x/y/theta/t_err: 0.76585 0.00000 5.31359 -1.04279 0.75554 -0.49281 0.49228 -0.49281 0.49228 0 0 91.11989 0.76585
fb: -0.14362 0.90105 0.08037 -0.08526
fb: -0.14737 0.90362 0.08166 -0.08655
target: 0.00000 0.54069
dist/lin/ang/drive_left/drive_right/tv_l/tv_r/av_l/av_r/x/y/theta/t_err: 0.62843 0.00000 4.13343 -1.05100 0.75625 -0.23322 0.25033 -0.23322 0.25033 0 0 98.99333 0.62843
fb: -0.14737 0.90251 0.55236 -0.55725
fb: -0.14539 0.88767 0.54494 -0.54983
target: 0.00000 0.38473
dist/lin/ang/drive_left/drive_right/tv_l/tv_r/av_l/av_r/x/y/theta/t_err: 0.49043 0.00000 2.94116 -1.03306 0.74228 0.10456 -0.10711 0.10456 -0.10711 0 0 106.90040 0.49043
fb: -0.14539 0.84120 0.71130 -0.71620
fb: -0.15709 0.77988 0.68064 -0.68554
target: 0.00000 0.23989
dist/lin/ang/drive_left/drive_right/tv_l/tv_r/av_l/av_r/x/y/theta/t_err: 0.35688 0.00000 1.83388 -0.93697 0.62280 0.29719 -0.31844 0.29719 -0.31844 0 0 114.55211 0.35688
fb: -0.15709 0.72456 0.77243 -0.77732
fb: -0.15709 0.65265 0.73648 -0.74137
target: 0.00000 0.12791
dist/lin/ang/drive_left/drive_right/tv_l/tv_r/av_l/av_r/x/y/theta/t_err: 0.23972 0.00000 0.97786 -0.80974 0.49556 0.41836 -0.35592 0.41836 -0.35592 0 0 121.26498 0.23972
fb: -0.15709 0.58179 0.68415 -0.68904
fb: -0.14342 0.50243 0.64447 -0.64936
target: 0.00000 0.04251
dist/lin/ang/drive_left/drive_right/tv_l/tv_r/av_l/av_r/x/y/theta/t_err: 0.14243 0.00000 0.32495 -0.64585 0.35901 0.38756 -0.41050 0.38756 -0.41050 0 0 126.83937 0.14243
fb: -0.14342 0.43018 0.58871 -0.59360
fb: -0.10680 0.36078 0.55401 -0.55891
target: 0.00000 -0.01289
dist/lin/ang/drive_left/drive_right/tv_l/tv_r/av_l/av_r/x/y/theta/t_err: 0.06829 0.00000 -0.09855 -0.46758 0.25399 0.37900 -0.33383 0.37900 -0.33383 0 0 131.08744 0.06829
fb: -0.10680 0.29034 0.44857 -0.45346
fb: -0.07171 0.20910 0.29695 -0.30185
target: 0.00000 -0.04588
dist/lin/ang/drive_left/drive_right/tv_l/tv_r/av_l/av_r/x/y/theta/t_err: 0.01574 0.00000 -0.35073 -0.28081 0.13738 0.36122 -0.31825 0.36122 -0.31825 0 0 134.09829 0.01574
fb: -0.07171 0.12402 0.21821 -0.22310
fb: -0.07171 0.05135 0.21821 -0.22310
target: 0.00000 -0.04945
dist/lin/ang/drive_left/drive_right/tv_l/tv_r/av_l/av_r/x/y/theta/t_err: -0.01302 0.00000 -0.37806 -0.12307 -0.02036 0.27789 -0.23017 0.27789 -0.23017 0 0 135.74623 -0.01302
fb: -0.07171 0.00000 0.08824 -0.09313
fb: -0.06598 -0.03519 0.08824 -0.09313
target: 0.00000 -0.02899
dist/lin/ang/drive_left/drive_right/tv_l/tv_r/av_l/av_r/x/y/theta/t_err: -0.01917 0.00000 -0.22165 -0.03079 -0.10116 0.19525 -0.18719 0.19525 -0.18719 0 0 136.09818 -0.01917
fb: -0.06598 -0.06278 -0.11166 0.11656
fb: -0.03288 -0.07636 -0.11166 0.11656
target: 0.00000 -0.00658
dist/lin/ang/drive_left/drive_right/tv_l/tv_r/av_l/av_r/x/y/theta/t_err: -0.01275 0.00000 -0.05033 0.04349 -0.10924 0.06758 -0.05269 0.06758 -0.05269 0 0 135.73063 -0.01275
fb: -0.03288 -0.08006 -0.13546 0.14036
fb: -0.01567 -0.07811 -0.13546 0.14036
final error was -0.05899
position: 0.00251 -1.53951 135.05899
took 0.62000 time to finish turn
target: 0.00000 0.15697
dist/lin/ang/drive_left/drive_right/tv_l/tv_r/av_l/av_r/x/y/theta/t_err: 2.35619 0.00000 1.20000 0.00000 0.00000 -0.00033 -0.00017 -0.00033 -0.00017 0 0 0.00004 2.35619
fb: 0.00000 0.00000 -0.85057 0.85546
fb: 0.00000 0.00000 -0.85057 0.85546
target: 0.00000 0.31394
dist/lin/ang/drive_left/drive_right/tv_l/tv_r/av_l/av_r/x/y/theta/t_err: 2.35620 0.00000 2.40000 0.00000 0.00000 -0.05594 0.05614 -0.05594 0.05614 0 0 -0.00016 2.35620
fb: 0.00000 0.00098 -1.00000 1.00000
fb: 0.00000 0.01777 -1.00000 1.00000
target: 0.00000 0.47092
dist/lin/ang/drive_left/drive_right/tv_l/tv_r/av_l/av_r/x/y/theta/t_err: 2.35614 0.00000 3.60000 -0.01777 0.01777 -0.45000 0.41836 -0.45000 0.41836 0 0 0.00333 2.35614
fb: 0.00000 0.06828 -1.00000 1.00000
fb: 0.00000 0.12158 -1.00000 1.00000
target: 0.00000 0.62789
dist/lin/ang/drive_left/drive_right/tv_l/tv_r/av_l/av_r/x/y/theta/t_err: 2.35103 0.00000 4.80000 -0.12158 0.12158 -0.64903 0.43686 -0.64903 0.43686 0 0 0.29597 2.35103
fb: -0.00199 0.16980 -1.00000 1.00000
fb: -0.00199 0.22387 -1.00000 1.00000
target: 0.00000 0.78486
dist/lin/ang/drive_left/drive_right/tv_l/tv_r/av_l/av_r/x/y/theta/t_err: 2.33064 0.00000 6.00000 -0.22585 0.22188 -0.68083 0.61083 -0.68083 0.61083 0 0 1.46442 2.33064
fb: 0.00000 0.27891 -1.00000 1.00000
fb: 0.00000 0.33277 -1.00000 1.00000
target: 0.00000 0.78486
dist/lin/ang/drive_left/drive_right/tv_l/tv_r/av_l/av_r/x/y/theta/t_err: 2.29435 0.00000 6.00000 -0.33277 0.33277 -0.69625 0.62217 -0.69625 0.62217 0 0 3.54338 2.29435
fb: 0.01545 0.38496 -0.76483 0.76972
fb: 0.01545 0.43150 -0.74156 0.74645
target: 0.00000 0.78486
dist/lin/ang/drive_left/drive_right/tv_l/tv_r/av_l/av_r/x/y/theta/t_err: 2.24152 0.00000 6.00000 -0.41606 0.44695 -0.56606 0.60075 -0.56606 0.60075 0 0 6.57040 2.24152
fb: 0.00000 0.47582 -0.71940 0.72430
fb: 0.00000 0.51010 -0.70226 0.70715
target: 0.00000 0.78486
dist/lin/ang/drive_left/drive_right/tv_l/tv_r/av_l/av_r/x/y/theta/t_err: 2.17397 0.00000 6.00000 -0.51010 0.51010 -0.50714 0.44217 -0.50714 0.44217 0 0 10.44062 2.17397
fb: 0.00397 0.53887 -0.68787 0.69277
fb: 0.00397 0.55532 -0.67965 0.68455
target: 0.00000 0.78486
dist/lin/ang/drive_left/drive_right/tv_l/tv_r/av_l/av_r/x/y/theta/t_err: 2.09499 0.00000 6.00000 -0.55134 0.55929 -0.52464 0.49331 -0.52464 0.49331 0 0 14.96617 2.09499
fb: 0.00000 0.57559 -0.66951 0.67441
fb: 0.00000 0.60911 -0.65276 0.65765
target: 0.00000 0.78486
dist/lin/ang/drive_left/drive_right/tv_l/tv_r/av_l/av_r/x/y/theta/t_err: 2.00951 0.00000 6.00000 -0.60911 0.60911 -0.56294 0.47603 -0.56294 0.47603 0 0 19.86348 2.00951
fb: 0.00000 0.64227 -0.63617 0.64107
fb: 0.00000 0.66317 -0.62572 0.63062
target: 0.00000 0.78486
dist/lin/ang/drive_left/drive_right/tv_l/tv_r/av_l/av_r/x/y/theta/t_err: 1.91532 0.00000 6.00000 -0.66317 0.66317 -0.58075 0.50478 -0.58075 0.50478 0 0 25.26030 1.91532
fb: -0.03883 0.68324 -0.61569 0.62058
fb: -0.03883 0.71487 -0.59987 0.60477
target: 0.00000 0.78486
dist/lin/ang/drive_left/drive_right/tv_l/tv_r/av_l/av_r/x/y/theta/t_err: 1.81344 0.00000 6.00000 -0.75370 0.67604 -0.57167 0.54394 -0.57167 0.54394 0 0 31.09774 1.81344
fb: -0.07369 0.74149 -0.58656 0.59146
fb: -0.07369 0.76588 -0.57437 0.57926
target: 0.00000 0.78486
dist/lin/ang/drive_left/drive_right/tv_l/tv_r/av_l/av_r/x/y/theta/t_err: 1.70352 0.00000 6.00000 -0.83957 0.69219 -0.57750 0.53472 -0.57750 0.53472 0 0 37.39543 1.70352
fb: -0.08538 0.78873 -0.56294 0.56784
fb: -0.08538 0.80726 -0.55368 0.55857
target: 0.00000 0.78486
dist/lin/ang/drive_left/drive_right/tv_l/tv_r/av_l/av_r/x/y/theta/t_err: 1.58595 0.00000 6.00000 -0.89265 0.72188 -0.55986 0.54431 -0.55986 0.54431 0 0 44.13167 1.58595
fb: -0.08141 0.82475 -0.54493 0.54983
fb: -0.08141 0.84182 -0.53640 0.54129
target: 0.00000 0.78486
dist/lin/ang/drive_left/drive_right/tv_l/tv_r/av_l/av_r/x/y/theta/t_err: 1.46226 0.00000 6.00000 -0.92323 0.76041 -0.53761 0.53578 -0.53761 0.53578 0 0 51.21866 1.46226
fb: -0.09884 0.85443 -0.53009 0.53499
fb: -0.09884 0.86461 -0.52501 0.52990
target: 0.00000 0.78486
dist/lin/ang/drive_left/drive_right/tv_l/tv_r/av_l/av_r/x/y/theta/t_err: 1.33347 0.00000 6.00000 -0.96344 0.76577 -0.52531 0.52342 -0.52531 0.52342 0 0 58.59773 1.33347
fb: -0.11627 0.87304 -0.52079 0.52568
fb: -0.11627 0.88028 -0.51717 0.52206
target: 0.00000 0.78486
dist/lin/ang/drive_left/drive_right/tv_l/tv_r/av_l/av_r/x/y/theta/t_err: 1.20137 0.00000 6.00000 -0.99655 0.76402 -0.51453 0.50683 -0.51453 0.50683 0 0 66.16660 1.20137
fb: -0.13391 0.88725 -0.51368 0.51858
fb: -0.13391 0.89547 -0.50957 0.51447
target: 0.00000 0.78486
dist/lin/ang/drive_left/drive_right/tv_l/tv_r/av_l/av_r/x/y/theta/t_err: 1.06696 0.00000 6.00000 -1.02939 0.76156 -0.50667 0.50425 -0.50667 0.50425 0 0 73.86774 1.06696
fb: -0.13171 0.89986 -0.50738 0.51227
fb: -0.13171 0.90084 -0.50689 0.51178
target: 0.00000 0.78486
dist/lin/ang/drive_left/drive_right/tv_l/tv_r/av_l/av_r/x/y/theta/t_err: 0.93028 0.00000 6.00000 -1.03255 0.76913 -0.49433 0.49708 -0.49433 0.49708 0 0 81.69869 0.93028
fb: -0.13391 0.89917 -0.50773 0.51262
fb: -0.13391 0.89854 -0.50804 0.51293
target: 0.00000 0.72595
dist/lin/ang/drive_left/drive_right/tv_l/tv_r/av_l/av_r/x/y/theta/t_err: 0.79298 0.00000 5.54964 -1.03245 0.76462 -0.49228 0.49569 -0.49228 0.49569 0 0 89.56539 0.79298
fb: -0.11251 0.89944 -0.17355 0.17845
fb: -0.11251 0.90195 -0.17230 0.17719
target: 0.00000 0.57194
dist/lin/ang/drive_left/drive_right/tv_l/tv_r/av_l/av_r/x/y/theta/t_err: 0.65588 0.00000 4.37233 -1.01447 0.78944 -0.42453 0.43136 -0.42453 0.43136 0 0 97.42095 0.65588
fb: -0.10082 0.90042 0.51308 -0.51797
fb: -0.10082 0.89150 0.50862 -0.51351
target: 0.00000 0.41672
dist/lin/ang/drive_left/drive_right/tv_l/tv_r/av_l/av_r/x/y/theta/t_err: 0.51835 0.00000 3.18570 -0.99232 0.79068 -0.14508 0.13483 -0.14508 0.13483 0 0 105.30067 0.51835
fb: -0.14737 0.87624 0.68808 -0.69298
fb: -0.14737 0.82649 0.66321 -0.66810
target: 0.00000 0.26703
dist/lin/ang/drive_left/drive_right/tv_l/tv_r/av_l/av_r/x/y/theta/t_err: 0.38298 0.00000 2.04139 -0.97387 0.67912 0.28936 -0.30150 0.28936 -0.30150 0 0 113.05703 0.38298
fb: -0.14539 0.75974 0.78005 -0.78495
fb: -0.14539 0.69125 0.74581 -0.75070
target: 0.00000 0.14189
dist/lin/ang/drive_left/drive_right/tv_l/tv_r/av_l/av_r/x/y/theta/t_err: 0.25923 0.00000 1.08474 -0.83665 0.54586 0.35881 -0.38703 0.35881 -0.38703 0 0 120.14715 0.25923
fb: -0.17055 0.61712 0.74469 -0.74959
fb: -0.17055 0.54152 0.70690 -0.71179
target: 0.00000 0.05187
dist/lin/ang/drive_left/drive_right/tv_l/tv_r/av_l/av_r/x/y/theta/t_err: 0.15655 0.00000 0.39653 -0.71207 0.37097 0.40653 -0.30219 0.40653 -0.30219 0 0 126.03036 0.15655
fb: -0.19969 0.46237 0.71448 -0.51968
fb: -0.19969 0.38384 0.67521 -0.48042
target: 0.00000 -0.00976
dist/lin/ang/drive_left/drive_right/tv_l/tv_r/av_l/av_r/x/y/theta/t_err: 0.07694 0.00000 -0.07462 -0.58353 0.18416 0.30714 -0.35678 0.30714 -0.35678 0 0 130.59140 0.07694
fb: -0.13791 0.30518 0.48037 -0.48527
fb: -0.13791 0.22902 0.32290 -0.32780
target: 0.00000 -0.04345
dist/lin/ang/drive_left/drive_right/tv_l/tv_r/av_l/av_r/x/y/theta/t_err: 0.02126 0.00000 -0.33217 -0.36693 0.09112 0.31039 -0.36239 0.31039 -0.36239 0 0 133.78165 0.02126
fb: -0.12798 0.15489 0.21974 -0.22463
fb: -0.12798 0.08326 0.21974 -0.22463
target: 0.00000 -0.05128
dist/lin/ang/drive_left/drive_right/tv_l/tv_r/av_l/av_r/x/y/theta/t_err: -0.01094 0.00000 -0.39200 -0.21124 -0.04472 0.24244 -0.20242 0.24244 -0.20242 0 0 135.62691 -0.01094
fb: -0.09488 0.02843 0.10860 -0.11349
fb: -0.09488 -0.01575 0.10860 -0.11349
target: 0.00000 -0.03763
dist/lin/ang/drive_left/drive_right/tv_l/tv_r/av_l/av_r/x/y/theta/t_err: -0.02179 0.00000 -0.28769 -0.07914 -0.11063 0.18000 -0.19611 0.18000 -0.19611 0 0 136.24831 -0.02179
fb: -0.04656 -0.05114 -0.07521 0.08011
fb: -0.04656 -0.06947 -0.07521 0.08011
final error was -1.03524
position: 0.23612 -1.42987 136.03524
took 0.60000 time to finish turn
target: 0.00000 0.15697
dist/lin/ang/drive_left/drive_right/tv_l/tv_r/av_l/av_r/x/y/theta/t_err: 2.35620 0.00000 1.20000 0.00000 0.00000 0.00000 0.00000 0.00000 0.00000 0 0 -0.00011 2.35620
fb: 0.00000 0.00000 -0.85057 0.85546
fb: 0.00000 0.00000 -0.85057 0.85546
target: 0.00000 0.31394
dist/lin/ang/drive_left/drive_right/tv_l/tv_r/av_l/av_r/x/y/theta/t_err: 2.35620 0.00000 2.40000 0.00000 0.00000 -0.10264 0.05544 -0.10264 0.05544 0 0 -0.00036 2.35620
fb: 0.00000 0.00000 -1.00000 1.00000
fb: 0.00000 0.03540 -1.00000 1.00000
target: 0.00000 0.47092
dist/lin/ang/drive_left/drive_right/tv_l/tv_r/av_l/av_r/x/y/theta/t_err: 2.35618 0.00000 3.60000 -0.03540 0.03540 -0.43547 0.39850 -0.43547 0.39850 0 0 0.00077 2.35618
fb: 0.00000 0.09239 -1.00000 1.00000
fb: 0.00000 0.14500 -1.00000 1.00000
target: 0.00000 0.62789
dist/lin/ang/drive_left/drive_right/tv_l/tv_r/av_l/av_r/x/y/theta/t_err: 2.34852 0.00000 4.80000 -0.14500 0.14500 -0.51539 0.41358 -0.51539 0.41358 0 0 0.43984 2.34852
fb: 0.00375 0.19669 -1.00000 1.00000
fb: 0.00375 0.23815 -1.00000 1.00000
target: 0.00000 0.78486
dist/lin/ang/drive_left/drive_right/tv_l/tv_r/av_l/av_r/x/y/theta/t_err: 2.32426 0.00000 6.00000 -0.23440 0.24190 -0.59617 0.55339 -0.59617 0.55339 0 0 1.82980 2.32426
fb: 0.00000 0.28616 -1.00000 1.00000
fb: 0.00000 0.33925 -1.00000 1.00000
target: 0.00000 0.78486
dist/lin/ang/drive_left/drive_right/tv_l/tv_r/av_l/av_r/x/y/theta/t_err: 2.28604 0.00000 6.00000 -0.33925 0.33925 -0.68769 0.54242 -0.68769 0.54242 0 0 4.01971 2.28604
fb: 0.00000 0.39443 -0.76009 0.76499
fb: 0.00000 0.44370 -0.73546 0.74036
target: 0.00000 0.78486
dist/lin/ang/drive_left/drive_right/tv_l/tv_r/av_l/av_r/x/y/theta/t_err: 2.23220 0.00000 6.00000 -0.44370 0.44370 -0.60983 0.46903 -0.60983 0.46903 0 0 7.10432 2.23220
fb: 0.00000 0.47825 -0.71818 0.72308
fb: 0.00000 0.49567 -0.70947 0.71437
target: 0.00000 0.78486
dist/lin/ang/drive_left/drive_right/tv_l/tv_r/av_l/av_r/x/y/theta/t_err: 2.16331 0.00000 6.00000 -0.49567 0.49567 -0.45139 0.46164 -0.45139 0.46164 0 0 11.05138 2.16331
fb: 0.00000 0.51651 -0.69906 0.70395
fb: 0.00000 0.54479 -0.68491 0.68981
target: 0.00000 0.78486
dist/lin/ang/drive_left/drive_right/tv_l/tv_r/av_l/av_r/x/y/theta/t_err: 2.08688 0.00000 6.00000 -0.54479 0.54479 -0.56467 0.52103 -0.56467 0.52103 0 0 15.43067 2.08688
fb: -0.02714 0.58026 -0.66718 0.67207
fb: -0.02714 0.61412 -0.65025 0.65514
target: 0.00000 0.78486
dist/lin/ang/drive_left/drive_right/tv_l/tv_r/av_l/av_r/x/y/theta/t_err: 2.00239 0.00000 6.00000 -0.64126 0.58698 -0.55200 0.50083 -0.55200 0.50083 0 0 20.27128 2.00239
fb: -0.06200 0.64206 -0.63628 0.64117
fb: -0.06200 0.66408 -0.62527 0.63016
target: 0.00000 0.78486
dist/lin/ang/drive_left/drive_right/tv_l/tv_r/av_l/av_r/x/y/theta/t_err: 1.90775 0.00000 6.00000 -0.72608 0.60208 -0.58161 0.54261 -0.58161 0.54261 0 0 25.69373 1.90775
fb: -0.09884 0.69348 -0.61057 0.61546
fb: -0.09884 0.72351 -0.59555 0.60045
target: 0.00000 0.78486
dist/lin/ang/drive_left/drive_right/tv_l/tv_r/av_l/av_r/x/y/theta/t_err: 1.80529 0.00000 6.00000 -0.82236 0.62467 -0.58400 0.56364 -0.58400 0.56364 0 0 31.56458 1.80529
fb: -0.09311 0.74790 -0.58336 0.58825
fb: -0.09311 0.77479 -0.56991 0.57481
target: 0.00000 0.78486
dist/lin/ang/drive_left/drive_right/tv_l/tv_r/av_l/av_r/x/y/theta/t_err: 1.69418 0.00000 6.00000 -0.86790 0.68169 -0.57700 0.57064 -0.57700 0.57064 0 0 37.93047 1.69418
fb: -0.10656 0.79772 -0.55845 0.56334
fb: -0.10656 0.81465 -0.54998 0.55488
target: 0.00000 0.78486
dist/lin/ang/drive_left/drive_right/tv_l/tv_r/av_l/av_r/x/y/theta/t_err: 1.57525 0.00000 6.00000 -0.92121 0.70809 -0.55322 0.54978 -0.55322 0.54978 0 0 44.74459 1.57525
fb: -0.12223 0.83228 -0.54117 0.54606
fb: -0.12223 0.84698 -0.53382 0.53871
target: 0.00000 0.78486
dist/lin/ang/drive_left/drive_right/tv_l/tv_r/av_l/av_r/x/y/theta/t_err: 1.45037 0.00000 6.00000 -0.96920 0.72475 -0.53283 0.53800 -0.53283 0.53800 0 0 51.90020 1.45037
fb: -0.10281 0.85722 -0.52870 0.53359
fb: -0.10281 0.86900 -0.52281 0.52770
target: 0.00000 0.78486
dist/lin/ang/drive_left/drive_right/tv_l/tv_r/av_l/av_r/x/y/theta/t_err: 1.32092 0.00000 6.00000 -0.97180 0.76619 -0.52289 0.51744 -0.52289 0.51744 0 0 59.31711 1.32092
fb: -0.14737 0.87680 -0.51891 0.52380
fb: -0.14737 0.88300 -0.51581 0.52070
target: 0.00000 0.78486
dist/lin/ang/drive_left/drive_right/tv_l/tv_r/av_l/av_r/x/y/theta/t_err: 1.18814 0.00000 6.00000 -1.03037 0.73563 -0.51181 0.50700 -0.51181 0.50700 0 0 66.92460 1.18814
fb: -0.12796 0.88878 -0.51292 0.51781
fb: -0.12796 0.89178 -0.51142 0.51631
target: 0.00000 0.78486
dist/lin/ang/drive_left/drive_right/tv_l/tv_r/av_l/av_r/x/y/theta/t_err: 1.05326 0.00000 6.00000 -1.01974 0.76382 -0.50614 0.50494 -0.50614 0.50494 0 0 74.65278 1.05326
fb: -0.14340 0.89659 -0.50902 0.51391
fb: -0.14340 0.90335 -0.50564 0.51053
target: 0.00000 0.78486
dist/lin/ang/drive_left/drive_right/tv_l/tv_r/av_l/av_r/x/y/theta/t_err: 0.91697 0.00000 6.00000 -1.04675 0.75995 -0.49878 0.49775 -0.49878 0.49775 0 0 82.46167 0.91697
fb: -0.13391 0.90488 -0.50487 0.50976
fb: -0.13391 0.90502 -0.50480 0.50969
target: 0.00000 0.70960
dist/lin/ang/drive_left/drive_right/tv_l/tv_r/av_l/av_r/x/y/theta/t_err: 0.77908 0.00000 5.42466 -1.03893 0.77110 -0.49211 0.49347 -0.49211 0.49347 0 0 90.36193 0.77908
fb: -0.14141 0.90202 -0.07957 0.08446
fb: -0.14141 0.90223 -0.07947 0.08436
target: 0.00000 0.55416
dist/lin/ang/drive_left/drive_right/tv_l/tv_r/av_l/av_r/x/y/theta/t_err: 0.64106 0.00000 4.23641 -1.04365 0.76082 -0.41272 0.44472 -0.41272 0.44472 0 0 98.27000 0.64106
fb: -0.11825 0.89798 0.53910 -0.54399
fb: -0.11825 0.88767 0.53394 -0.53883
target: 0.00000 0.39977
dist/lin/ang/drive_left/drive_right/tv_l/tv_r/av_l/av_r/x/y/theta/t_err: 0.50341 0.00000 3.05610 -1.00592 0.76942 -0.08522 0.11086 -0.08522 0.11086 0 0 106.15663 0.50341
fb: -0.14737 0.86468 0.69842 -0.70331
fb: -0.14737 0.80322 0.66769 -0.67258
target: 0.00000 0.25182
dist/lin/ang/drive_left/drive_right/tv_l/tv_r/av_l/av_r/x/y/theta/t_err: 0.36872 0.00000 1.92505 -0.95060 0.65585 0.30592 -0.31347 0.30592 -0.31347 0 0 113.87404 0.36872
fb: -0.14363 0.71836 0.76936 -0.77426
fb: -0.14363 0.64018 0.73028 -0.73517
target: 0.00000 0.13649
dist/lin/ang/drive_left/drive_right/tv_l/tv_r/av_l/av_r/x/y/theta/t_err: 0.24953 0.00000 1.04342 -0.78381 0.49655 0.33042 -0.43256 0.33042 -0.43256 0 0 120.70317 0.24953
fb: -0.09311 0.55887 0.67773 -0.68263
fb: -0.09311 0.48181 0.63920 -0.64410
target: 0.00000 0.05952
dist/lin/ang/drive_left/drive_right/tv_l/tv_r/av_l/av_r/x/y/theta/t_err: 0.15480 0.00000 0.45499 -0.57492 0.38870 0.32136 -0.34033 0.32136 -0.34033 0 0 126.13082 0.15480
fb: -0.15710 0.40739 0.51946 -0.52435
fb: -0.15710 0.33187 0.48169 -0.48659
target: 0.00000 0.00843
dist/lin/ang/drive_left/drive_right/tv_l/tv_r/av_l/av_r/x/y/theta/t_err: 0.08383 0.00000 0.06445 -0.48897 0.17476 0.34906 -0.32461 0.34906 -0.32461 0 0 130.19704 0.08383
fb: -0.17454 0.25494 0.26326 -0.26816
fb: -0.17454 0.18123 0.26326 -0.26816
target: 0.00000 -0.01734
dist/lin/ang/drive_left/drive_right/tv_l/tv_r/av_l/av_r/x/y/theta/t_err: 0.03601 0.00000 -0.13256 -0.35576 0.00669 0.32750 -0.31569 0.32750 -0.31569 0 0 132.93658 0.03601
fb: -0.12798 0.10723 0.16661 -0.17151
fb: -0.12798 0.04013 0.16661 -0.17151
target: 0.00000 -0.01759
dist/lin/ang/drive_left/drive_right/tv_l/tv_r/av_l/av_r/x/y/theta/t_err: 0.01113 0.00000 -0.13450 -0.16812 -0.08785 0.22106 -0.21014 0.22106 -0.21014 0 0 134.36245 0.01113
fb: -0.06973 -0.01749 0.05195 -0.05685
fb: -0.06973 -0.05358 0.05195 -0.05685
target: 0.00000 0.00311
dist/lin/ang/drive_left/drive_right/tv_l/tv_r/av_l/av_r/x/y/theta/t_err: 0.00710 0.00000 0.02377 -0.01615 -0.12331 0.12714 -0.13158 0.12714 -0.13158 0 0 134.59333 0.00710
fb: -0.02714 -0.06849 -0.13427 0.13916
fb: -0.02714 -0.07170 -0.13427 0.13916
final error was 0.89550
position: 0.01436 -1.51856 134.10450
took 0.60000 time to finish turn
increased to 180.00000
target: 0.00000 0.15697
dist/lin/ang/drive_left/drive_right/tv_l/tv_r/av_l/av_r/x/y/theta/t_err: 3.14159 0.00000 1.20000 0.00000 0.00000 0.00000 0.00000 0.00000 0.00000 0 0 -0.00007 3.14159
fb: 0.00000 0.00000 -0.85057 0.85546
fb: 0.00000 0.00000 -0.85057 0.85546
target: 0.00000 0.31394
dist/lin/ang/drive_left/drive_right/tv_l/tv_r/av_l/av_r/x/y/theta/t_err: 3.14159 0.00000 2.40000 0.00000 0.00000 -0.08094 0.05561 -0.08094 0.05561 0 0 -0.00002 3.14159
fb: 0.00000 0.00000 -1.00000 1.00000
fb: 0.00000 0.00000 -1.00000 1.00000
target: 0.00000 0.47092
dist/lin/ang/drive_left/drive_right/tv_l/tv_r/av_l/av_r/x/y/theta/t_err: 3.14159 0.00000 3.60000 0.00000 0.00000 -0.45514 0.45581 -0.45514 0.45581 0 0 0.00002 3.14159
fb: 0.00000 0.02738 -1.00000 1.00000
fb: 0.01346 0.09107 -1.00000 1.00000
target: 0.00000 0.62789
dist/lin/ang/drive_left/drive_right/tv_l/tv_r/av_l/av_r/x/y/theta/t_err: 3.14037 0.00000 4.80000 -0.07761 0.10453 -0.60453 0.55011 -0.60453 0.55011 0 0 0.06983 3.14037
fb: 0.01346 0.14409 -1.00000 1.00000
fb: 0.00000 0.20122 -1.00000 1.00000
target: 0.00000 0.78486
dist/lin/ang/drive_left/drive_right/tv_l/tv_r/av_l/av_r/x/y/theta/t_err: 3.12449 0.00000 6.00000 -0.20122 0.20122 -0.65400 0.57269 -0.65400 0.57269 0 0 0.97984 3.12449
fb: 0.00000 0.25717 -1.00000 1.00000
fb: 0.00000 0.30755 -1.00000 1.00000
target: 0.00000 0.78486
dist/lin/ang/drive_left/drive_right/tv_l/tv_r/av_l/av_r/x/y/theta/t_err: 3.09176 0.00000 6.00000 -0.30755 0.30755 -0.69353 0.66133 -0.69353 0.66133 0 0 2.85505 3.09176
fb: 0.00000 0.35834 -0.77814 0.78303
fb: 0.00397 0.41004 -0.75229 0.75718
target: 0.00000 0.78486
dist/lin/ang/drive_left/drive_right/tv_l/tv_r/av_l/av_r/x/y/theta/t_err: 3.04292 0.00000 6.00000 -0.40607 0.41401 -0.72944 0.60194 -0.72944 0.60194 0 0 5.65349 3.04292
fb: 0.00397 0.46334 -0.72564 0.73053
fb: 0.01942 0.50605 -0.70428 0.70918
target: 0.00000 0.78486
dist/lin/ang/drive_left/drive_right/tv_l/tv_r/av_l/av_r/x/y/theta/t_err: 2.97838 0.00000 6.00000 -0.48664 0.52547 -0.44522 0.44336 -0.44522 0.44336 0 0 9.35162 2.97838
fb: 0.01942 0.52570 -0.69446 0.69935
fb: 0.00000 0.54445 -0.68509 0.68998
target: 0.00000 0.78486
dist/lin/ang/drive_left/drive_right/tv_l/tv_r/av_l/av_r/x/y/theta/t_err: 2.90071 0.00000 6.00000 -0.54445 0.54445 -0.54858 0.51983 -0.54858 0.51983 0 0 13.80148 2.90071
fb: 0.00000 0.57399 -0.67031 0.67521
fb: 0.00000 0.60869 -0.65297 0.65786
target: 0.00000 0.78486
dist/lin/ang/drive_left/drive_right/tv_l/tv_r/av_l/av_r/x/y/theta/t_err: 2.81643 0.00000 6.00000 -0.60869 0.60869 -0.58161 0.52481 -0.58161 0.52481 0 0 18.63052 2.81643
fb: 0.00000 0.64269 -0.63596 0.64086
fb: -0.00794 0.67808 -0.61827 0.62316
target: 0.00000 0.78486
dist/lin/ang/drive_left/drive_right/tv_l/tv_r/av_l/av_r/x/y/theta/t_err: 2.72239 0.00000 6.00000 -0.68603 0.67014 -0.58175 0.51419 -0.58175 0.51419 0 0 24.01870 2.72239
fb: -0.00794 0.70888 -0.60287 0.60776
fb: -0.05803 0.73111 -0.59176 0.59665
target: 0.00000 0.78486
dist/lin/ang/drive_left/drive_right/tv_l/tv_r/av_l/av_r/x/y/theta/t_err: 2.61787 0.00000 6.00000 -0.78913 0.67308 -0.58383 0.52856 -0.58383 0.52856 0 0 30.00710 2.61787
fb: -0.05803 0.75236 -0.58113 0.58602
fb: -0.08737 0.77695 -0.56883 0.57373
target: 0.00000 0.78486
dist/lin/ang/drive_left/drive_right/tv_l/tv_r/av_l/av_r/x/y/theta/t_err: 2.50557 0.00000 6.00000 -0.86432 0.68959 -0.57836 0.54994 -0.57836 0.54994 0 0 36.44119 2.50557
fb: -0.08737 0.79828 -0.55817 0.56307
fb: -0.09685 0.81918 -0.54772 0.55261
target: 0.00000 0.78486
dist/lin/ang/drive_left/drive_right/tv_l/tv_r/av_l/av_r/x/y/theta/t_err: 2.38631 0.00000 6.00000 -0.91603 0.72232 -0.55217 0.55406 -0.55217 0.55406 0 0 43.27439 2.38631
fb: -0.09685 0.83799 -0.53831 0.54321
fb: -0.08538 0.85332 -0.53065 0.53554
target: 0.00000 0.78486
dist/lin/ang/drive_left/drive_right/tv_l/tv_r/av_l/av_r/x/y/theta/t_err: 2.26068 0.00000 6.00000 -0.93870 0.76794 -0.52856 0.53422 -0.52856 0.53422 0 0 50.47281 2.26068
fb: -0.08538 0.86711 -0.52375 0.52865
fb: -0.09884 0.87436 -0.52013 0.52502
target: 0.00000 0.78486
dist/lin/ang/drive_left/drive_right/tv_l/tv_r/av_l/av_r/x/y/theta/t_err: 2.12994 0.00000 6.00000 -0.97320 0.77552 -0.52119 0.51556 -0.52119 0.51556 0 0 57.96325 2.12994
fb: -0.09884 0.87798 -0.51832 0.52321
fb: -0.12421 0.88432 -0.51515 0.52004
target: 0.00000 0.78486
dist/lin/ang/drive_left/drive_right/tv_l/tv_r/av_l/av_r/x/y/theta/t_err: 1.99634 0.00000 6.00000 -1.00853 0.76012 -0.51111 0.50617 -0.51111 0.50617 0 0 65.61803 1.99634
fb: -0.12421 0.88920 -0.51271 0.51760
fb: -0.10854 0.89324 -0.51069 0.51558
target: 0.00000 0.78486
dist/lin/ang/drive_left/drive_right/tv_l/tv_r/av_l/av_r/x/y/theta/t_err: 1.86116 0.00000 6.00000 -1.00179 0.78470 -0.50511 0.50547 -0.50511 0.50547 0 0 73.36360 1.86116
fb: -0.10854 0.90112 -0.50675 0.51164
fb: -0.11428 0.90648 -0.50407 0.50896
target: 0.00000 0.78486
dist/lin/ang/drive_left/drive_right/tv_l/tv_r/av_l/av_r/x/y/theta/t_err: 1.72436 0.00000 6.00000 -1.02076 0.79220 -0.49950 0.49811 -0.49950 0.49811 0 0 81.20144 1.72436
fb: -0.11428 0.91136 -0.50163 0.50652
fb: -0.11648 0.90934 -0.50264 0.50753
target: 0.00000 0.78486
dist/lin/ang/drive_left/drive_right/tv_l/tv_r/av_l/av_r/x/y/theta/t_err: 1.58567 0.00000 6.00000 -1.02582 0.79285 -0.49192 0.48644 -0.49192 0.48644 0 0 89.14806 1.58567
fb: -0.11648 0.90523 -0.50470 0.50959
fb: -0.10854 0.90223 -0.50619 0.51109
target: 0.00000 0.78486
dist/lin/ang/drive_left/drive_right/tv_l/tv_r/av_l/av_r/x/y/theta/t_err: 1.44677 0.00000 6.00000 -1.01077 0.79369 -0.49278 0.48389 -0.49278 0.48389 0 0 97.10596 1.44677
fb: -0.10854 0.90195 -0.50633 0.51123
fb: -0.12994 0.90209 -0.50626 0.51116
target: 0.00000 0.78486
dist/lin/ang/drive_left/drive_right/tv_l/tv_r/av_l/av_r/x/y/theta/t_err: 1.30874 0.00000 6.00000 -1.03203 0.77215 -0.49228 0.48972 -0.49228 0.48972 0 0 105.01489 1.30874
fb: -0.12994 0.90418 -0.50522 0.51011
fb: -0.12024 0.90725 -0.50369 0.50858
target: 0.00000 0.78486
dist/lin/ang/drive_left/drive_right/tv_l/tv_r/av_l/av_r/x/y/theta/t_err: 1.17061 0.00000 6.00000 -1.02748 0.78701 -0.49108 0.49469 -0.49108 0.49469 0 0 112.92922 1.17061
fb: -0.12024 0.90585 -0.50438 0.50928
fb: -0.12399 0.90746 -0.50358 0.50847
target: 0.00000 0.78486
dist/lin/ang/drive_left/drive_right/tv_l/tv_r/av_l/av_r/x/y/theta/t_err: 1.03185 0.00000 6.00000 -1.03144 0.78347 -0.49178 0.48747 -0.49178 0.48747 0 0 120.87938 1.03185
fb: -0.12399 0.90551 -0.50456 0.50945
fb: -0.15134 0.90063 -0.50699 0.51189
target: 0.00000 0.78486
dist/lin/ang/drive_left/drive_right/tv_l/tv_r/av_l/av_r/x/y/theta/t_err: 0.89298 0.00000 6.00000 -1.05197 0.74929 -0.49142 0.48306 -0.49142 0.48306 0 0 128.83630 0.89298
fb: -0.15134 0.89666 -0.50898 0.51387
fb: -0.17826 0.89289 -0.42173 0.60488
target: 0.00000 0.68266
dist/lin/ang/drive_left/drive_right/tv_l/tv_r/av_l/av_r/x/y/theta/t_err: 0.75511 0.00000 5.21873 -1.07115 0.71464 -0.49211 0.48886 -0.49211 0.48886 0 0 136.73528 0.75511
fb: -0.17826 0.89032 0.23449 -0.06112
fb: -0.18046 0.89234 0.23660 -0.06103
target: 0.00000 0.53006
dist/lin/ang/drive_left/drive_right/tv_l/tv_r/av_l/av_r/x/y/theta/t_err: 0.61831 0.00000 4.05213 -1.07280 0.71187 -0.32753 0.46114 -0.32753 0.46114 0 0 144.57320 0.61831
fb: -0.18046 0.89415 0.64287 -0.46730
fb: -0.12597 0.89143 0.55128 -0.55618
target: 0.00000 0.37600
dist/lin/ang/drive_left/drive_right/tv_l/tv_r/av_l/av_r/x/y/theta/t_err: 0.48145 0.00000 2.87441 -1.01740 0.76546 0.19542 -0.06503 0.19542 -0.06503 0 0 152.41517 0.48145
fb: -0.12597 0.86823 0.72648 -0.73137
fb: -0.09707 0.79995 0.69233 -0.69723
target: 0.00000 0.22472
dist/lin/ang/drive_left/drive_right/tv_l/tv_r/av_l/av_r/x/y/theta/t_err: 0.34573 0.00000 1.71793 -0.89702 0.70287 0.19386 -0.32869 0.19386 -0.32869 0 0 160.19104 0.34573
fb: -0.09707 0.71007 0.81188 -0.81678
fb: -0.04832 0.62917 0.77144 -0.77633
target: 0.00000 0.11115
dist/lin/ang/drive_left/drive_right/tv_l/tv_r/av_l/av_r/x/y/theta/t_err: 0.22676 0.00000 0.84971 -0.67749 0.58085 0.24075 -0.31881 0.24075 -0.31881 0 0 167.00741 0.22676
fb: -0.04832 0.54668 0.69339 -0.69828
fb: -0.12422 0.47303 0.65657 -0.66146
target: 0.00000 0.03717
dist/lin/ang/drive_left/drive_right/tv_l/tv_r/av_l/av_r/x/y/theta/t_err: 0.13343 0.00000 0.28412 -0.59725 0.34880 0.41339 -0.23783 0.41339 -0.23783 0 0 172.35515 0.13343
fb: -0.12422 0.40440 0.53067 -0.53556
fb: -0.19770 0.32998 0.59231 -0.39950
target: 0.00000 -0.01357
dist/lin/ang/drive_left/drive_right/tv_l/tv_r/av_l/av_r/x/y/theta/t_err: 0.06333 0.00000 -0.10372 -0.52769 0.13228 0.35094 -0.28386 0.35094 -0.28386 0 0 176.37130 0.06333
fb: -0.19770 0.24993 0.50701 -0.31420
fb: -0.04281 0.18081 0.27641 -0.28131
target: 0.00000 -0.03969
dist/lin/ang/drive_left/drive_right/tv_l/tv_r/av_l/av_r/x/y/theta/t_err: 0.01582 0.00000 -0.30339 -0.22362 0.13800 0.37506 -0.31536 0.37506 -0.31536 0 0 179.09342 0.01582
fb: -0.04281 0.13273 0.18315 -0.18804
fb: -0.02714 0.08668 0.18315 -0.18804
target: 0.00000 -0.04345
dist/lin/ang/drive_left/drive_right/tv_l/tv_r/av_l/av_r/x/y/theta/t_err: -0.01041 0.00000 -0.33217 -0.11382 0.05954 0.26969 -0.25478 0.26969 -0.25478 0 0 180.59640 -0.01041
fb: -0.02714 0.02167 0.08507 -0.08997
fb: -0.00375 -0.03289 0.08507 -0.08997
final error was -1.20406
position: 0.67343 -1.29893 181.20406
took 0.70000 time to finish turn
target: 0.00000 0.15697
dist/lin/ang/drive_left/drive_right/tv_l/tv_r/av_l/av_r/x/y/theta/t_err: 3.14159 0.00000 1.20000 0.00000 0.00000 -0.00017 -0.00033 -0.00017 -0.00033 0 0 -0.00005 3.14159
fb: 0.00000 0.00000 -0.85057 0.85546
fb: 0.00000 0.00000 -0.85057 0.85546
target: 0.00000 0.31394
dist/lin/ang/drive_left/drive_right/tv_l/tv_r/av_l/av_r/x/y/theta/t_err: 3.14159 0.00000 2.40000 0.00000 0.00000 -0.03372 0.08708 -0.03372 0.08708 0 0 -0.00010 3.14159
fb: 0.00000 0.00000 -1.00000 1.00000
fb: 0.00000 0.00341 -1.00000 1.00000
target: 0.00000 0.47092
dist/lin/ang/drive_left/drive_right/tv_l/tv_r/av_l/av_r/x/y/theta/t_err: 3.14161 0.00000 3.60000 -0.00341 0.00341 -0.45875 0.42314 -0.45875 0.42314 0 0 -0.00091 3.14161
fb: 0.00000 0.03839 -1.00000 1.00000
fb: 0.00000 0.10187 -1.00000 1.00000
target: 0.00000 0.62789
dist/lin/ang/drive_left/drive_right/tv_l/tv_r/av_l/av_r/x/y/theta/t_err: 3.13938 0.00000 4.80000 -0.10187 0.10187 -0.63839 0.47447 -0.63839 0.47447 0 0 0.12679 3.13938
fb: 0.00000 0.15364 -1.00000 1.00000
fb: 0.00000 0.20436 -1.00000 1.00000
target: 0.00000 0.78486
dist/lin/ang/drive_left/drive_right/tv_l/tv_r/av_l/av_r/x/y/theta/t_err: 3.12197 0.00000 6.00000 -0.20436 0.20436 -0.69844 0.57372 -0.69844 0.57372 0 0 1.12430 3.12197
fb: 0.00000 0.25773 -1.00000 1.00000
fb: 0.00000 0.30950 -1.00000 1.00000
target: 0.00000 0.78486
dist/lin/ang/drive_left/drive_right/tv_l/tv_r/av_l/av_r/x/y/theta/t_err: 3.08876 0.00000 6.00000 -0.30950 0.30950 -0.74433 0.66217 -0.74433 0.66217 0 0 3.02706 3.08876
fb: 0.00000 0.36204 -0.77629 0.78119
fb: 0.00000 0.41582 -0.74940 0.75429
target: 0.00000 0.78486
dist/lin/ang/drive_left/drive_right/tv_l/tv_r/av_l/av_r/x/y/theta/t_err: 3.03959 0.00000 6.00000 -0.41582 0.41582 -0.69983 0.64800 -0.69983 0.64800 0 0 5.84439 3.03959
fb: 0.00000 0.46683 -0.72390 0.72879
fb: 0.00000 0.50180 -0.70641 0.71130
target: 0.00000 0.78486
dist/lin/ang/drive_left/drive_right/tv_l/tv_r/av_l/av_r/x/y/theta/t_err: 2.97428 0.00000 6.00000 -0.50180 0.50180 -0.50767 0.41253 -0.50767 0.41253 0 0 9.58608 2.97428
fb: 0.00000 0.52117 -0.69672 0.70162
fb: 0.00000 0.54243 -0.68610 0.69099
target: 0.00000 0.78486
dist/lin/ang/drive_left/drive_right/tv_l/tv_r/av_l/av_r/x/y/theta/t_err: 2.89715 0.00000 6.00000 -0.54243 0.54243 -0.55661 0.56500 -0.55661 0.56500 0 0 14.00535 2.89715
fb: 0.00000 0.57204 -0.67129 0.67618
fb: 0.00000 0.60472 -0.65495 0.65984
target: 0.00000 0.78486
dist/lin/ang/drive_left/drive_right/tv_l/tv_r/av_l/av_r/x/y/theta/t_err: 2.81328 0.00000 6.00000 -0.60472 0.60472 -0.56928 0.57561 -0.56928 0.57561 0 0 18.81104 2.81328
fb: -0.05229 0.63718 -0.63872 0.64361
fb: -0.05229 0.66721 -0.62370 0.62860
target: 0.00000 0.78486
dist/lin/ang/drive_left/drive_right/tv_l/tv_r/av_l/av_r/x/y/theta/t_err: 2.71988 0.00000 6.00000 -0.71951 0.61492 -0.58314 0.54089 -0.58314 0.54089 0 0 24.16223 2.71988
fb: -0.07171 0.69474 -0.60994 0.61483
fb: -0.07171 0.72121 -0.59670 0.60160
target: 0.00000 0.78486
dist/lin/ang/drive_left/drive_right/tv_l/tv_r/av_l/av_r/x/y/theta/t_err: 2.61705 0.00000 6.00000 -0.79292 0.64951 -0.58844 0.56517 -0.58844 0.56517 0 0 30.05414 2.61705
fb: -0.10678 0.74692 -0.58385 0.58874
fb: -0.10678 0.77222 -0.57120 0.57609
target: 0.00000 0.78486
dist/lin/ang/drive_left/drive_right/tv_l/tv_r/av_l/av_r/x/y/theta/t_err: 2.50614 0.00000 6.00000 -0.87900 0.66543 -0.57647 0.57286 -0.57647 0.57286 0 0 36.40897 2.50614
fb: -0.14142 0.79653 -0.55904 0.56394
fb: -0.14142 0.81695 -0.54884 0.55373
target: 0.00000 0.78486
dist/lin/ang/drive_left/drive_right/tv_l/tv_r/av_l/av_r/x/y/theta/t_err: 2.38743 0.00000 6.00000 -0.95837 0.67553 -0.55678 0.55611 -0.55678 0.55611 0 0 43.21015 2.38743
fb: -0.12222 0.83207 -0.54128 0.54617
fb: -0.12222 0.84628 -0.53417 0.53906
target: 0.00000 0.78486
dist/lin/ang/drive_left/drive_right/tv_l/tv_r/av_l/av_r/x/y/theta/t_err: 2.26225 0.00000 6.00000 -0.96851 0.72406 -0.53383 0.53611 -0.53383 0.53611 0 0 50.38236 2.26225
fb: -0.11252 0.85868 -0.52797 0.53286
fb: -0.11252 0.86635 -0.52414 0.52903
target: 0.00000 0.78486
dist/lin/ang/drive_left/drive_right/tv_l/tv_r/av_l/av_r/x/y/theta/t_err: 2.13266 0.00000 6.00000 -0.97886 0.75383 -0.52394 0.51675 -0.52394 0.51675 0 0 57.80755 2.13266
fb: -0.10082 0.87415 -0.52023 0.52513
fb: -0.10082 0.88272 -0.51595 0.52084
target: 0.00000 0.78486
dist/lin/ang/drive_left/drive_right/tv_l/tv_r/av_l/av_r/x/y/theta/t_err: 2.00008 0.00000 6.00000 -0.98354 0.78190 -0.51300 0.50786 -0.51300 0.50786 0 0 65.40408 2.00008
fb: -0.09310 0.88621 -0.51421 0.51910
fb: -0.09310 0.89234 -0.51114 0.51603
target: 0.00000 0.78486
dist/lin/ang/drive_left/drive_right/tv_l/tv_r/av_l/av_r/x/y/theta/t_err: 1.86521 0.00000 6.00000 -0.98544 0.79924 -0.50633 0.50425 -0.50633 0.50425 0 0 73.13109 1.86521
fb: -0.12200 0.89854 -0.50804 0.51293
fb: -0.12200 0.90216 -0.50623 0.51112
target: 0.00000 0.78486
dist/lin/ang/drive_left/drive_right/tv_l/tv_r/av_l/av_r/x/y/theta/t_err: 1.72865 0.00000 6.00000 -1.02416 0.78016 -0.50017 0.49778 -0.50017 0.49778 0 0 80.95547 1.72865
fb: -0.12994 0.90467 -0.50497 0.50987
fb: -0.12994 0.90362 -0.50550 0.51039
target: 0.00000 0.78486
dist/lin/ang/drive_left/drive_right/tv_l/tv_r/av_l/av_r/x/y/theta/t_err: 1.59070 0.00000 6.00000 -1.03357 0.77368 -0.49108 0.49503 -0.49108 0.49503 0 0 88.85986 1.59070
fb: -0.11825 0.90335 -0.50564 0.51053
fb: -0.11825 0.90216 -0.50623 0.51112
target: 0.00000 0.78486
dist/lin/ang/drive_left/drive_right/tv_l/tv_r/av_l/av_r/x/y/theta/t_err: 1.45240 0.00000 6.00000 -1.02041 0.78391 -0.49125 0.49278 -0.49125 0.49278 0 0 96.78352 1.45240
fb: 0.00000 0.90376 -0.50543 0.51032
fb: 0.00000 0.90307 -0.50578 0.51067
target: 0.00000 0.78486
dist/lin/ang/drive_left/drive_right/tv_l/tv_r/av_l/av_r/x/y/theta/t_err: 1.31428 0.00000 6.00000 -0.90307 0.90307 -0.49142 0.49467 -0.49142 0.49467 0 0 104.69719 1.31428
fb: 0.00000 0.90321 -0.50571 0.51060
fb: 0.00000 0.90244 -0.50609 0.51098
target: 0.00000 0.78486
dist/lin/ang/drive_left/drive_right/tv_l/tv_r/av_l/av_r/x/y/theta/t_err: 1.17602 0.00000 6.00000 -0.90244 0.90244 -0.49075 0.49297 -0.49075 0.49297 0 0 112.61896 1.17602
fb: 0.00000 0.89763 -0.50849 0.51339
fb: 0.00000 0.89659 -0.50902 0.51391
target: 0.00000 0.78486
dist/lin/ang/drive_left/drive_right/tv_l/tv_r/av_l/av_r/x/y/theta/t_err: 1.03812 0.00000 6.00000 -0.89659 0.89659 -0.49297 0.49503 -0.49297 0.49503 0 0 120.51993 1.03812
fb: -0.43638 0.89485 -0.29170 0.73297
fb: -0.43638 0.89610 -0.29107 0.73234
target: 0.00000 0.78486
dist/lin/ang/drive_left/drive_right/tv_l/tv_r/av_l/av_r/x/y/theta/t_err: 0.90085 0.00000 6.00000 -1.33248 0.45972 -0.45617 0.53317 -0.45617 0.53317 0 0 128.38493 0.90085
fb: -0.10854 0.89819 -0.50821 0.51311
fb: -0.10854 0.90126 -0.50668 0.51158
target: 0.00000 0.69246
dist/lin/ang/drive_left/drive_right/tv_l/tv_r/av_l/av_r/x/y/theta/t_err: 0.76339 0.00000 5.29363 -1.00980 0.79271 -0.36567 0.62797 -0.36567 0.62797 0 0 136.26096 0.76339
fb: -0.09310 0.90760 0.09845 -0.10334
fb: -0.09310 0.90432 0.09681 -0.10170
target: 0.00000 0.53542
dist/lin/ang/drive_left/drive_right/tv_l/tv_r/av_l/av_r/x/y/theta/t_err: 0.62490 0.00000 4.09312 -0.99742 0.81122 -0.39353 0.31742 -0.39353 0.31742 0 0 144.19582 0.62490
fb: -0.07567 0.89624 0.56737 -0.57227
fb: -0.07567 0.88154 0.56002 -0.56492
target: 0.00000 0.37999
dist/lin/ang/drive_left/drive_right/tv_l/tv_r/av_l/av_r/x/y/theta/t_err: 0.48657 0.00000 2.90487 -0.95721 0.80587 0.03078 -0.04589 0.03078 -0.04589 0 0 152.12182 0.48657
fb: -0.11825 0.83353 0.71066 -0.71555
fb: -0.11825 0.76824 0.67802 -0.68291
target: 0.00000 0.23684
dist/lin/ang/drive_left/drive_right/tv_l/tv_r/av_l/av_r/x/y/theta/t_err: 0.35357 0.00000 1.81054 -0.88650 0.64999 0.39647 -0.29550 0.39647 -0.29550 0 0 159.74178 0.35357
fb: -0.13569 0.70233 0.75727 -0.76216
fb: -0.13569 0.63077 0.72149 -0.72638
target: 0.00000 0.12871
dist/lin/ang/drive_left/drive_right/tv_l/tv_r/av_l/av_r/x/y/theta/t_err: 0.23835 0.00000 0.98392 -0.76646 0.49509 0.37731 -0.25000 0.37731 -0.25000 0 0 166.34380 0.23835
fb: -0.12025 0.56152 0.65578 -0.66067
fb: -0.12025 0.48627 0.61815 -0.62305
target: 0.00000 0.04808
dist/lin/ang/drive_left/drive_right/tv_l/tv_r/av_l/av_r/x/y/theta/t_err: 0.14410 0.00000 0.36755 -0.60652 0.36602 0.39236 -0.22636 0.39236 -0.22636 0 0 171.74349 0.14410
fb: -0.11628 0.40914 0.55017 -0.55506
fb: -0.11628 0.32984 0.51052 -0.51541
target: 0.00000 -0.00516
dist/lin/ang/drive_left/drive_right/tv_l/tv_r/av_l/av_r/x/y/theta/t_err: 0.07246 0.00000 -0.03947 -0.44613 0.21356 0.34564 -0.26711 0.34564 -0.26711 0 0 175.84810 0.07246
fb: -0.08341 0.25139 0.41034 -0.41524
fb: -0.08341 0.17858 0.28207 -0.28696
target: 0.00000 -0.02969
dist/lin/ang/drive_left/drive_right/tv_l/tv_r/av_l/av_r/x/y/theta/t_err: 0.02483 0.00000 -0.22700 -0.26199 0.09517 0.39697 -0.26350 0.39697 -0.26350 0 0 178.57708 0.02483
fb: -0.08142 0.10737 0.16931 -0.17420
fb: -0.08142 0.04104 0.16931 -0.17420
target: 0.00000 -0.02971
dist/lin/ang/drive_left/drive_right/tv_l/tv_r/av_l/av_r/x/y/theta/t_err: 0.00015 0.00000 -0.22713 -0.12246 -0.04038 0.25719 -0.25942 0.25719 -0.25942 0 0 179.99168 0.00015
fb: -0.08164 -0.01449 0.05901 -0.06390
fb: -0.08164 -0.05281 0.05901 -0.06390
target: 0.00000 -0.00987
dist/lin/ang/drive_left/drive_right/tv_l/tv_r/av_l/av_r/x/y/theta/t_err: -0.00415 0.00000 -0.07547 -0.02883 -0.13446 0.14306 -0.15128 0.14306 -0.15128 0 0 180.23793 -0.00415
fb: -0.02516 -0.07748 -0.12168 0.12658
fb: -0.02516 -0.08765 -0.12168 0.12658
final error was 0.27509
position: 0.53254 -1.24150 179.72491
took 0.72000 time to finish turn
decreased kp to 8.50000
increased kp to 8.60000
decreased kd to 3.50000
increased kd to 3.70000
WARNING - pros.serial.terminal.terminal:stop - Stopping terminal - pros-cli version:3.5.6

[tomas@nixbtw:~/projects/Robotics/current/Cognex]$

