
[tomas@nixbtw:~/projects/Robotics/current/Cognex]$ t
Not sending analytics for this command.

Established terminal connection



         _+=+_
      .-`  .  `-.          8888888b.  8888888b.   .d88888b.   .d8888b.
   _+`     "     `+_       888   Y88b 888   Y88b d88P" "Y88b d88P  Y88b
  \\\sssssssssssss///      888    888 888    888 888     888 Y88b.
     .ss\  *  /ss.         888   d88P 888   d88P 888     888  "Y888b.
 .+bm  .s  *  s.  md+.     8888888P"  8888888P"  888     888     "Y88b.
.hMMMMs .  *  . sMMMMh.    888        888 T88b   888     888       "888
 `\hMMMb \ | / dMMMh:      888        888  T88b  Y88b. .d88P Y88b  d88P
   -SNMNo  -  oNMNs-       888        888   T88b  "Y88888P"   "Y8888P"
     `+dMh\./dMd/
        `:yNy:`                      Powered by PROS for VEX V5
           "                Copyright (c) Purdue University ACM SIGBots
Version:        4.2.1     Platform:  V1.1.5 (b18)     Uptime:    0.000 s
Compiled:   Jan  1 1980 00:00:00     Directory:


bouncing done
health done
auton done
calibrated!
starting task: 2308292
initializing odom model
timed correctly: 2311162
initializing pf model
initializing smoother model
target: 0.000 0.078
dist/lin/ang/drive_left/drive_right/tv_l/tv_r/av_l/av_r/x/y/theta/t_err: 1.57080 0.00000 0.60000 0.00000 0.00000 0.00000 -0.00017 0.00000 -0.00017 0 0 -0.00014 1.57080
fb: 0.00000 0.00000 -0.43381 0.43949
fb: 0.00000 0.00000 -0.43381 0.43949
target: 0.00000 0.15697
dist/lin/ang/drive_left/drive_right/tv_l/tv_r/av_l/av_r/x/y/theta/t_err: 1.57080 0.00000 1.20000 0.00000 0.00000 -0.02978 0.05747 -0.02978 0.05747 0 0 -0.00029 1.57080
fb: 0.00000 0.00000 -0.47541 0.48187
fb: 0.00000 0.00063 -0.47541 0.48187
target: 0.00000 0.23546
dist/lin/ang/drive_left/drive_right/tv_l/tv_r/av_l/av_r/x/y/theta/t_err: 1.57081 0.00000 1.80000 -0.00063 0.00063 -0.33178 0.34683 -0.33178 0.34683 0 0 -0.00060 1.57081
fb: 0.00000 0.01735 -0.51700 0.52425
fb: 0.00000 0.05950 -0.51700 0.52425
target: 0.00000 0.31394
dist/lin/ang/drive_left/drive_right/tv_l/tv_r/av_l/av_r/x/y/theta/t_err: 1.56982 0.00000 2.40000 -0.05950 0.05950 -0.44297 0.42264 -0.44297 0.42264 0 0 0.05574 1.56982
fb: 0.00000 0.11148 -0.55860 0.56663
fb: 0.00000 0.15468 -0.55860 0.56663
target: 0.00000 0.39243
dist/lin/ang/drive_left/drive_right/tv_l/tv_r/av_l/av_r/x/y/theta/t_err: 1.55870 0.00000 3.00000 -0.15468 0.15468 -0.48886 0.48183 -0.48886 0.48183 0 0 0.69328 1.55870
fb: 0.00000 0.19224 -0.60020 0.60902
fb: 0.00000 0.22937 -0.60020 0.60902
target: 0.00000 0.47092
dist/lin/ang/drive_left/drive_right/tv_l/tv_r/av_l/av_r/x/y/theta/t_err: 1.53375 0.00000 3.60000 -0.22937 0.22937 -0.53453 0.52308 -0.53453 0.52308 0 0 2.12283 1.53375
fb: 0.00000 0.27062 -0.64180 0.65140
fb: 0.00000 0.31751 -0.64180 0.65140
target: 0.00000 0.54940
dist/lin/ang/drive_left/drive_right/tv_l/tv_r/av_l/av_r/x/y/theta/t_err: 1.49719 0.00000 4.20000 -0.31751 0.31751 -0.54242 0.57047 -0.54242 0.57047 0 0 4.21717 1.49719
fb: 0.00000 0.36406 -0.68339 0.69378
fb: 0.00000 0.40551 -0.68339 0.69378
target: 0.00000 0.62789
dist/lin/ang/drive_left/drive_right/tv_l/tv_r/av_l/av_r/x/y/theta/t_err: 1.44703 0.00000 4.80000 -0.40551 0.40551 -0.57306 0.61392 -0.57306 0.61392 0 0 7.09129 1.44703
fb: 0.00000 0.44467 -0.72499 0.73616
fb: 0.00000 0.48425 -0.72499 0.73616
target: 0.00000 0.70637
dist/lin/ang/drive_left/drive_right/tv_l/tv_r/av_l/av_r/x/y/theta/t_err: 1.38374 0.00000 5.40000 -0.48425 0.48425 -0.56994 0.65125 -0.56994 0.65125 0 0 10.71755 1.38374
fb: 0.00000 0.52271 -0.76659 0.77855
fb: 0.00000 0.55977 -0.76659 0.77855
target: 0.00000 0.78486
dist/lin/ang/drive_left/drive_right/tv_l/tv_r/av_l/av_r/x/y/theta/t_err: 1.30848 0.00000 6.00000 -0.55977 0.55977 -0.60897 0.68186 -0.60897 0.68186 0 0 15.02976 1.30848
fb: 0.00000 0.59705 -0.80819 0.82093
fb: 0.00000 0.63224 -0.80819 0.82093
target: 0.00000 0.86335
dist/lin/ang/drive_left/drive_right/tv_l/tv_r/av_l/av_r/x/y/theta/t_err: 1.22169 0.00000 6.60000 -0.63224 0.63224 -0.64406 0.69950 -0.64406 0.69950 0 0 20.00224 1.22169
fb: 0.00000 0.66701 -0.84978 0.86331
fb: 0.00000 0.70547 -0.84978 0.86331
target: 0.00000 0.94183
dist/lin/ang/drive_left/drive_right/tv_l/tv_r/av_l/av_r/x/y/theta/t_err: 1.12396 0.00000 7.20000 -0.70547 0.70547 -0.62250 0.61736 -0.62250 0.61736 0 0 25.60192 1.12396
fb: 0.00000 0.73821 -0.89138 0.90569
fb: 0.00000 0.76818 -0.89138 0.90569
target: 0.00000 1.02032
dist/lin/ang/drive_left/drive_right/tv_l/tv_r/av_l/av_r/x/y/theta/t_err: 1.01522 0.00000 7.80000 -0.76818 0.76818 -0.69436 0.62181 -0.69436 0.62181 0 0 31.83190 1.01522
fb: 0.00000 0.79354 -0.93298 0.94808
fb: 0.00000 0.81667 -0.93298 0.94808
target: 0.00000 1.04648
dist/lin/ang/drive_left/drive_right/tv_l/tv_r/av_l/av_r/x/y/theta/t_err: 0.89707 0.00000 8.00000 -0.81667 0.81667 -0.63806 0.54892 -0.63806 0.54892 0 0 38.60169 0.89707
fb: 0.00000 0.84287 -0.71139 0.72674
fb: 0.00000 0.86454 -0.71139 0.72674
target: 0.00000 0.81831
dist/lin/ang/drive_left/drive_right/tv_l/tv_r/av_l/av_r/x/y/theta/t_err: 0.77140 0.00000 6.25571 -0.86454 0.86454 -0.67211 0.55628 -0.67211 0.55628 0 0 45.80192 0.77140
fb: -0.01765 0.88035 0.63209 -0.62880
fb: -0.05626 0.90014 0.63209 -0.62880
target: 0.00000 0.72596
dist/lin/ang/drive_left/drive_right/tv_l/tv_r/av_l/av_r/x/y/theta/t_err: 0.63898 0.00000 5.54973 -0.95640 0.84388 -0.30869 0.25461 -0.30869 0.25461 0 0 53.38897 0.63898
fb: -0.08913 0.91240 0.06983 -0.06747
fb: -0.11053 0.90822 0.06983 -0.06747
target: 0.00000 0.61901
dist/lin/ang/drive_left/drive_right/tv_l/tv_r/av_l/av_r/x/y/theta/t_err: 0.50120 0.00000 4.73212 -1.01875 0.79770 0.05286 -0.07719 0.05286 -0.07719 0 0 61.28358 0.50120
fb: -0.11626 0.88189 0.19223 -0.19094
fb: -0.12024 0.83144 0.19223 -0.19094
target: 0.00000 0.49627
dist/lin/ang/drive_left/drive_right/tv_l/tv_r/av_l/av_r/x/y/theta/t_err: 0.36366 0.00000 3.79380 -0.95168 0.71120 0.09497 -0.08489 0.09497 -0.08489 0 0 69.16364 0.36366
fb: -0.13193 0.77180 0.32834 -0.32827
fb: -0.13392 0.69885 0.32834 -0.32827
target: 0.00000 0.36259
dist/lin/ang/drive_left/drive_right/tv_l/tv_r/av_l/av_r/x/y/theta/t_err: 0.23892 0.00000 2.77190 -0.83277 0.56493 0.21203 -0.19800 0.21203 -0.19800 0 0 76.31096 0.23892
fb: -0.13569 0.62011 0.44838 -0.44965
fb: -0.15511 0.55114 0.44838 -0.44965
target: 0.00000 0.22084
dist/lin/ang/drive_left/drive_right/tv_l/tv_r/av_l/av_r/x/y/theta/t_err: 0.13516 0.00000 1.68825 -0.70625 0.39603 0.31039 -0.30731 0.31039 -0.30731 0 0 82.25604 0.13516
fb: -0.17850 0.48675 0.64911 -0.47330
fb: -0.17453 0.42446 0.55986 -0.56255
target: 0.00000 0.06076
dist/lin/ang/drive_left/drive_right/tv_l/tv_r/av_l/av_r/x/y/theta/t_err: 0.05328 0.00000 0.46450 -0.59900 0.24993 0.40142 -0.39836 0.40142 -0.39836 0 0 86.94746 0.05328
fb: -0.17829 0.35813 0.81632 -0.64232
fb: -0.17652 0.28881 0.72718 -0.73146
target: 0.00000 -0.00012
dist/lin/ang/drive_left/drive_right/tv_l/tv_r/av_l/av_r/x/y/theta/t_err: -0.00906 0.00000 -0.00091 -0.46533 0.11228 0.36617 -0.43906 0.36617 -0.43906 0 0 90.51892 -0.00906
fb: -0.16306 0.21753 0.31304 -0.31794
fb: -0.15711 0.14688 0.31304 -0.31794
target: 0.00000 -0.00066
dist/lin/ang/drive_left/drive_right/tv_l/tv_r/av_l/av_r/x/y/theta/t_err: -0.05052 0.00000 -0.00505 -0.30398 -0.01023 0.25239 -0.43053 0.25239 -0.43053 0 0 92.89449 -0.05052
fb: -0.15115 0.08368 0.04181 -0.04671
fb: -0.14917 0.02292 0.04181 -0.04671
target: 0.00000 -0.07915
dist/lin/ang/drive_left/drive_right/tv_l/tv_r/av_l/av_r/x/y/theta/t_err: -0.07070 0.00000 -0.60505 -0.17209 -0.12624 0.22928 -0.30458 0.22928 -0.30458 0 0 94.05074 -0.07070
fb: -0.13571 -0.03024 0.43416 -0.43984
fb: -0.12225 -0.06508 0.43416 -0.43984
target: 0.00000 -0.10523
dist/lin/ang/drive_left/drive_right/tv_l/tv_r/av_l/av_r/x/y/theta/t_err: -0.07227 0.00000 -0.80443 -0.05717 -0.18732 0.12797 -0.07236 0.12797 -0.07236 0 0 94.14053 -0.07227
fb: -0.10481 -0.07365 0.21215 -0.21810
fb: -0.08738 -0.08061 0.21215 -0.21810
target: 0.00000 -0.08270
dist/lin/ang/drive_left/drive_right/tv_l/tv_r/av_l/av_r/x/y/theta/t_err: -0.06228 0.00000 -0.63221 -0.00677 -0.16800 0.33008 -0.33947 0.33008 -0.33947 0 0 93.56864 -0.06228
fb: -0.07569 -0.10646 -0.09657 0.10063
fb: -0.07944 -0.14451 -0.09657 0.10063
target: 0.00000 -0.00064
dist/lin/ang/drive_left/drive_right/tv_l/tv_r/av_l/av_r/x/y/theta/t_err: -0.04880 0.00000 -0.00488 0.06507 -0.22394 0.14064 -0.19131 0.14064 -0.19131 0 0 92.79590 -0.04880
fb: -0.09312 -0.16722 -0.40796 0.41285
fb: -0.08915 -0.17196 -0.40796 0.41285
target: 0.00000 -0.00034
dist/lin/ang/drive_left/drive_right/tv_l/tv_r/av_l/av_r/x/y/theta/t_err: -0.02605 0.00000 -0.00260 0.08281 -0.26111 -0.12817 0.09222 -0.12817 0.09222 0 0 91.49246 -0.02605
fb: -0.07546 -0.16701 -0.04018 0.04507
fb: -0.05053 -0.15336 -0.04018 0.04507
target: 0.00000 -0.00000
dist/lin/ang/drive_left/drive_right/tv_l/tv_r/av_l/av_r/x/y/theta/t_err: -0.00002 0.00000 -0.00000 0.10283 -0.20389 -0.27669 0.30906 -0.27669 0.30906 0 0 90.00118 -0.00002
fb: -0.03111 -0.11308 -0.04055 0.04545
fb: -0.03089 -0.05658 -0.04055 0.04545
final error was 1.23723
position: -0.11919 -1.29031 88.76277
took 0.60000 time to finish turn
target: 0.00000 0.07849
dist/lin/ang/drive_left/drive_right/tv_l/tv_r/av_l/av_r/x/y/theta/t_err: 1.57079 0.00000 0.60000 0.00000 0.00000 0.00017 0.00017 0.00017 0.00017 0 0 0.00012 1.57079
fb: 0.00000 0.00000 -0.43381 0.43949
fb: 0.00000 0.00000 -0.43381 0.43949
target: 0.00000 0.15697
dist/lin/ang/drive_left/drive_right/tv_l/tv_r/av_l/av_r/x/y/theta/t_err: 1.57080 0.00000 1.20000 0.00000 0.00000 0.00000 -0.00033 0.00000 -0.00033 0 0 -0.00020 1.57080
fb: 0.00000 0.00000 -0.47541 0.48187
fb: 0.00000 0.00000 -0.47541 0.48187
target: 0.00000 0.23546
dist/lin/ang/drive_left/drive_right/tv_l/tv_r/av_l/av_r/x/y/theta/t_err: 1.57081 0.00000 1.80000 0.00000 0.00000 -0.34906 0.35267 -0.34906 0.35267 0 0 -0.00054 1.57081
fb: 0.00000 0.01331 -0.51700 0.52425
fb: 0.00000 0.06257 -0.51700 0.52425
target: 0.00000 0.31394
dist/lin/ang/drive_left/drive_right/tv_l/tv_r/av_l/av_r/x/y/theta/t_err: 1.57010 0.00000 2.40000 -0.06257 0.06257 -0.43239 0.42294 -0.43239 0.42294 0 0 0.04013 1.57010
fb: 0.00000 0.11692 -0.55860 0.56663
fb: 0.00000 0.16618 -0.55860 0.56663
target: 0.00000 0.39243
dist/lin/ang/drive_left/drive_right/tv_l/tv_r/av_l/av_r/x/y/theta/t_err: 1.55856 0.00000 3.00000 -0.16618 0.16618 -0.47519 0.44506 -0.47519 0.44506 0 0 0.70125 1.55856
fb: 0.00000 0.20993 -0.60020 0.60902
fb: 0.00000 0.25264 -0.60020 0.60902
target: 0.00000 0.47092
dist/lin/ang/drive_left/drive_right/tv_l/tv_r/av_l/av_r/x/y/theta/t_err: 1.53165 0.00000 3.60000 -0.25264 0.25264 -0.50564 0.48031 -0.50564 0.48031 0 0 2.24280 1.53165
fb: 0.00000 0.29361 -0.64180 0.65140
fb: 0.00000 0.33375 -0.64180 0.65140
target: 0.00000 0.54940
dist/lin/ang/drive_left/drive_right/tv_l/tv_r/av_l/av_r/x/y/theta/t_err: 1.49162 0.00000 4.20000 -0.33375 0.33375 -0.53831 0.53522 -0.53831 0.53522 0 0 4.53640 1.49162
fb: 0.00000 0.37562 -0.68339 0.69378
fb: 0.00000 0.41750 -0.68339 0.69378
target: 0.00000 0.62789
dist/lin/ang/drive_left/drive_right/tv_l/tv_r/av_l/av_r/x/y/theta/t_err: 1.43913 0.00000 4.80000 -0.41750 0.41750 -0.57664 0.56175 -0.57664 0.56175 0 0 7.54394 1.43913
fb: 0.00000 0.45812 -0.72499 0.73616
fb: 0.00000 0.49651 -0.72499 0.73616
target: 0.00000 0.70637
dist/lin/ang/drive_left/drive_right/tv_l/tv_r/av_l/av_r/x/y/theta/t_err: 1.37397 0.00000 5.40000 -0.49651 0.49651 -0.57372 0.58142 -0.57372 0.58142 0 0 11.27719 1.37397
fb: 0.00000 0.53246 -0.76659 0.77855
fb: 0.00000 0.56765 -0.76659 0.77855
target: 0.00000 0.78486
dist/lin/ang/drive_left/drive_right/tv_l/tv_r/av_l/av_r/x/y/theta/t_err: 1.29690 0.00000 6.00000 -0.56765 0.56765 -0.59322 0.58364 -0.59322 0.58364 0 0 15.69329 1.29690
fb: 0.00000 0.60116 -0.80819 0.82093
fb: 0.00000 0.63259 -0.80819 0.82093
target: 0.00000 0.86335
dist/lin/ang/drive_left/drive_right/tv_l/tv_r/av_l/av_r/x/y/theta/t_err: 1.20905 0.00000 6.60000 -0.63259 0.63259 -0.61208 0.60656 -0.61208 0.60656 0 0 20.72666 1.20905
fb: 0.00000 0.66443 -0.84978 0.86331
fb: -0.00199 0.69571 -0.84978 0.86331
target: 0.00000 0.94183
dist/lin/ang/drive_left/drive_right/tv_l/tv_r/av_l/av_r/x/y/theta/t_err: 1.11132 0.00000 7.20000 -0.69770 0.69373 -0.60864 0.54583 -0.60864 0.54583 0 0 26.32630 1.11132
fb: -0.00199 0.72707 -0.89138 0.90569
fb: -0.00375 0.74616 -0.89138 0.90569
target: 0.00000 1.02032
dist/lin/ang/drive_left/drive_right/tv_l/tv_r/av_l/av_r/x/y/theta/t_err: 1.00402 0.00000 7.80000 -0.74991 0.74241 -0.62781 0.46833 -0.62781 0.46833 0 0 32.47418 1.00402
fb: -0.04633 0.76051 -0.93298 0.94808
fb: -0.09112 0.77396 -0.93298 0.94808
target: 0.00000 1.04648
dist/lin/ang/drive_left/drive_right/tv_l/tv_r/av_l/av_r/x/y/theta/t_err: 0.88963 0.00000 8.00000 -0.86508 0.68284 -0.59325 0.54086 -0.59325 0.54086 0 0 39.02789 0.88963
fb: -0.10877 0.78274 -0.71139 0.72674
fb: -0.10855 0.80441 -0.71139 0.72674
target: 0.00000 0.81821
dist/lin/ang/drive_left/drive_right/tv_l/tv_r/av_l/av_r/x/y/theta/t_err: 0.77125 0.00000 6.25495 -0.91295 0.69586 -0.60639 0.56467 -0.60639 0.56467 0 0 45.81043 0.77125
fb: -0.09487 0.82538 0.63259 -0.62930
fb: -0.10480 0.83945 0.63259 -0.62930
target: 0.00000 0.73225
dist/lin/ang/drive_left/drive_right/tv_l/tv_r/av_l/av_r/x/y/theta/t_err: 0.64761 0.00000 5.59781 -0.94425 0.73466 -0.51489 0.22056 -0.51489 0.22056 0 0 52.89491 0.64761
fb: -0.13193 0.85248 -0.04029 0.05251
fb: -0.15907 0.84259 -0.04029 0.05251
target: 0.00000 0.63354
dist/lin/ang/drive_left/drive_right/tv_l/tv_r/av_l/av_r/x/y/theta/t_err: 0.51893 0.00000 4.84319 -1.00166 0.68352 0.06639 -0.05767 0.06639 -0.05767 0 0 60.26732 0.51893
fb: -0.17848 0.80113 0.23670 -0.05677
fb: -0.17253 0.74393 0.14745 -0.14601
target: 0.00000 0.52345
dist/lin/ang/drive_left/drive_right/tv_l/tv_r/av_l/av_r/x/y/theta/t_err: 0.39223 0.00000 4.00164 -0.91646 0.57140 -0.02258 0.01419 -0.02258 0.01419 0 0 67.52689 0.39223
fb: -0.16481 0.68658 0.25696 -0.25662
fb: -0.15511 0.62701 0.25696 -0.25662
target: 0.00000 0.41054
dist/lin/ang/drive_left/drive_right/tv_l/tv_r/av_l/av_r/x/y/theta/t_err: 0.28066 0.00000 3.13848 -0.78212 0.47191 0.14253 -0.14697 0.14253 -0.14697 0 0 73.91908 0.28066
fb: -0.15511 0.56625 0.32953 -0.33032
fb: -0.16283 0.49999 0.32953 -0.33032
target: 0.00000 0.29673
dist/lin/ang/drive_left/drive_right/tv_l/tv_r/av_l/av_r/x/y/theta/t_err: 0.18706 0.00000 2.26843 -0.66283 0.33716 0.23186 -0.24981 0.23186 -0.24981 0 0 79.28228 0.18706
fb: -0.15887 0.43297 0.39390 -0.39583
fb: -0.16107 0.36566 0.39390 -0.39583
target: 0.00000 0.18423
dist/lin/ang/drive_left/drive_right/tv_l/tv_r/av_l/av_r/x/y/theta/t_err: 0.11313 0.00000 1.40834 -0.52673 0.20458 0.29789 -0.31775 0.29789 -0.31775 0 0 83.51832 0.11313
fb: -0.17454 0.29536 0.44767 -0.45072
fb: -0.18425 0.22951 0.53979 -0.35860
target: 0.00000 0.07705
dist/lin/ang/drive_left/drive_right/tv_l/tv_r/av_l/av_r/x/y/theta/t_err: 0.05990 0.00000 0.58906 -0.41376 0.04526 0.35847 -0.36533 0.35847 -0.36533 0 0 86.56800 0.05990
fb: -0.19793 0.16722 0.57942 -0.38561
fb: -0.20543 0.10688 0.58317 -0.38186
target: 0.00000 0.00035
dist/lin/ang/drive_left/drive_right/tv_l/tv_r/av_l/av_r/x/y/theta/t_err: 0.02712 0.00000 0.00271 -0.31232 -0.09855 0.41375 -0.35231 0.41375 -0.35231 0 0 88.44641 0.02712
fb: -0.17256 0.04773 0.38399 -0.38888
fb: -0.15534 -0.00878 0.38399 -0.38888
target: 0.00000 0.00017
dist/lin/ang/drive_left/drive_right/tv_l/tv_r/av_l/av_r/x/y/theta/t_err: 0.01302 0.00000 0.00130 -0.14656 -0.16412 0.39594 -0.36222 0.39594 -0.36222 0 0 89.25388 0.01302
fb: -0.15910 -0.06034 0.03976 -0.04465
fb: -0.13372 -0.10786 0.03976 -0.04465
final error was 0.93074
position: -0.37188 -1.26927 89.06926
took 0.50000 time to finish turn
target: 0.00000 0.07849
dist/lin/ang/drive_left/drive_right/tv_l/tv_r/av_l/av_r/x/y/theta/t_err: 1.57079 0.00000 0.60000 0.00000 0.00000 -0.00033 -0.00050 -0.00033 -0.00050 0 0 0.00035 1.57079
fb: 0.00000 0.00000 -0.43381 0.43949
fb: 0.00000 0.00000 -0.43381 0.43949
target: 0.00000 0.15697
dist/lin/ang/drive_left/drive_right/tv_l/tv_r/av_l/av_r/x/y/theta/t_err: 1.57079 0.00000 1.20000 0.00000 0.00000 -0.06075 0.11722 -0.06075 0.11722 0 0 0.00031 1.57079
fb: 0.00000 0.00000 -0.47541 0.48187
fb: 0.00000 0.00202 -0.47541 0.48187
target: 0.00000 0.23546
dist/lin/ang/drive_left/drive_right/tv_l/tv_r/av_l/av_r/x/y/theta/t_err: 1.57079 0.00000 1.80000 -0.00202 0.00202 -0.37044 0.38858 -0.37044 0.38858 0 0 0.00020 1.57079
fb: 0.00000 0.03797 -0.51700 0.52425
fb: 0.00000 0.09134 -0.51700 0.52425
target: 0.00000 0.31394
dist/lin/ang/drive_left/drive_right/tv_l/tv_r/av_l/av_r/x/y/theta/t_err: 1.56870 0.00000 2.40000 -0.09134 0.09134 -0.43444 0.43889 -0.43444 0.43889 0 0 0.12031 1.56870
fb: 0.00000 0.14472 -0.55860 0.56663
fb: 0.00000 0.19370 -0.55860 0.56663
target: 0.00000 0.39243
dist/lin/ang/drive_left/drive_right/tv_l/tv_r/av_l/av_r/x/y/theta/t_err: 1.55277 0.00000 3.00000 -0.19370 0.19370 -0.45822 0.47192 -0.45822 0.47192 0 0 1.03259 1.55277
fb: 0.00000 0.23460 -0.60020 0.60902
fb: 0.00000 0.27390 -0.60020 0.60902
target: 0.00000 0.47092
dist/lin/ang/drive_left/drive_right/tv_l/tv_r/av_l/av_r/x/y/theta/t_err: 1.52181 0.00000 3.60000 -0.27390 0.27390 -0.49331 0.50306 -0.49331 0.50306 0 0 2.80669 1.52181
fb: 0.00000 0.31486 -0.64180 0.65140
fb: 0.00000 0.35932 -0.64180 0.65140
target: 0.00000 0.54940
dist/lin/ang/drive_left/drive_right/tv_l/tv_r/av_l/av_r/x/y/theta/t_err: 1.47847 0.00000 4.20000 -0.35932 0.35932 -0.51694 0.51556 -0.51694 0.51556 0 0 5.28977 1.47847
fb: 0.00000 0.40217 -0.68339 0.69378
fb: 0.00000 0.43903 -0.68339 0.69378
target: 0.00000 0.62789
dist/lin/ang/drive_left/drive_right/tv_l/tv_r/av_l/av_r/x/y/theta/t_err: 1.42205 0.00000 4.80000 -0.43903 0.43903 -0.56447 0.55814 -0.56447 0.55814 0 0 8.52246 1.42205
fb: 0.00000 0.47596 -0.72499 0.73616
fb: 0.00000 0.51428 -0.72499 0.73616
target: 0.00000 0.70637
dist/lin/ang/drive_left/drive_right/tv_l/tv_r/av_l/av_r/x/y/theta/t_err: 1.35372 0.00000 5.40000 -0.51428 0.51428 -0.58128 0.59256 -0.58128 0.59256 0 0 12.43745 1.35372
fb: 0.00000 0.55148 -0.76659 0.77855
fb: 0.00000 0.58472 -0.76659 0.77855
target: 0.00000 0.78486
dist/lin/ang/drive_left/drive_right/tv_l/tv_r/av_l/av_r/x/y/theta/t_err: 1.27389 0.00000 6.00000 -0.58472 0.58472 -0.59564 0.57869 -0.59564 0.57869 0 0 17.01127 1.27389
fb: 0.00000 0.61837 -0.80819 0.82093
fb: 0.00000 0.65007 -0.80819 0.82093
target: 0.00000 0.86335
dist/lin/ang/drive_left/drive_right/tv_l/tv_r/av_l/av_r/x/y/theta/t_err: 1.18345 0.00000 6.60000 -0.65007 0.65007 -0.62678 0.58244 -0.62678 0.58244 0 0 22.19345 1.18345
fb: 0.00000 0.67983 -0.84978 0.86331
fb: -0.02317 0.70728 -0.84978 0.86331
target: 0.00000 0.94183
dist/lin/ang/drive_left/drive_right/tv_l/tv_r/av_l/av_r/x/y/theta/t_err: 1.08323 0.00000 7.20000 -0.73044 0.68411 -0.63911 0.57458 -0.63911 0.57458 0 0 27.93553 1.08323
fb: -0.04655 0.73689 -0.89138 0.90569
fb: -0.04655 0.75438 -0.89138 0.90569
target: 0.00000 1.02032
dist/lin/ang/drive_left/drive_right/tv_l/tv_r/av_l/av_r/x/y/theta/t_err: 0.97412 0.00000 7.80000 -0.80093 0.70783 -0.57886 0.58364 -0.57886 0.58364 0 0 34.18675 0.97412
fb: -0.04655 0.77326 -0.93298 0.94808
fb: -0.06222 0.79730 -0.93298 0.94808
target: 0.00000 1.04648
dist/lin/ang/drive_left/drive_right/tv_l/tv_r/av_l/av_r/x/y/theta/t_err: 0.85830 0.00000 8.00000 -0.85952 0.73508 -0.66203 0.58367 -0.66203 0.58367 0 0 40.82317 0.85830
fb: -0.07369 0.82559 -0.71139 0.72674
fb: -0.07170 0.84503 -0.71139 0.72674
target: 0.00000 0.79412
dist/lin/ang/drive_left/drive_right/tv_l/tv_r/av_l/av_r/x/y/theta/t_err: 0.73551 0.00000 6.07077 -0.91673 0.77333 -0.50000 0.56244 -0.50000 0.56244 0 0 47.85842 0.73551
fb: -0.07170 0.86036 0.75377 -0.75072
fb: -0.08141 0.86823 0.75377 -0.75072
target: 0.00000 0.70146
dist/lin/ang/drive_left/drive_right/tv_l/tv_r/av_l/av_r/x/y/theta/t_err: 0.60594 0.00000 5.36243 -0.94964 0.78682 -0.50906 0.37422 -0.50906 0.37422 0 0 55.28202 0.60594
fb: -0.08913 0.87318 0.08421 -0.08209
fb: -0.10082 0.86670 0.08421 -0.08209
target: 0.00000 0.59549
dist/lin/ang/drive_left/drive_right/tv_l/tv_r/av_l/av_r/x/y/theta/t_err: 0.47314 0.00000 4.55231 -0.96752 0.76587 0.04211 -0.10558 0.04211 -0.10558 0 0 62.89128 0.47314
fb: -0.12024 0.82106 0.20029 -0.19923
fb: -0.10855 0.76636 0.20029 -0.19923
target: 0.00000 0.47589
dist/lin/ang/drive_left/drive_right/tv_l/tv_r/av_l/av_r/x/y/theta/t_err: 0.34296 0.00000 3.63804 -0.87491 0.65782 0.09258 -0.09942 0.09258 -0.09942 0 0 70.34963 0.34296
fb: -0.10480 0.71606 0.32498 -0.32511
fb: -0.11649 0.65704 0.32498 -0.32511
target: 0.00000 0.34887
dist/lin/ang/drive_left/drive_right/tv_l/tv_r/av_l/av_r/x/y/theta/t_err: 0.22759 0.00000 2.66701 -0.77354 0.54055 0.20483 -0.19728 0.20483 -0.19728 0 0 76.95994 0.22759
fb: -0.11253 0.58479 0.42572 -0.42712
fb: -0.11826 0.51253 0.42572 -0.42712
target: 0.00000 0.21256
dist/lin/ang/drive_left/drive_right/tv_l/tv_r/av_l/av_r/x/y/theta/t_err: 0.13000 0.00000 1.62493 -0.63080 0.39427 0.30664 -0.30150 0.30664 -0.30150 0 0 82.55141 0.13000
fb: -0.12202 0.44976 0.53978 -0.54255
fb: -0.12798 0.38761 0.53978 -0.54255
target: 0.00000 0.06234
dist/lin/ang/drive_left/drive_right/tv_l/tv_r/av_l/av_r/x/y/theta/t_err: 0.05390 0.00000 0.47658 -0.51558 0.25963 0.39578 -0.38944 0.39578 -0.38944 0 0 86.91163 0.05390
fb: -0.14166 0.32079 0.68196 -0.68623
fb: -0.13372 0.24770 0.68196 -0.68623
target: 0.00000 -0.00004
dist/lin/ang/drive_left/drive_right/tv_l/tv_r/av_l/av_r/x/y/theta/t_err: -0.00283 0.00000 -0.00028 -0.38141 0.11398 0.41219 -0.43767 0.41219 -0.43767 0 0 90.16243 -0.00283
fb: -0.13570 0.17238 0.31974 -0.32464
fb: -0.14365 0.10040 0.31974 -0.32464
target: 0.00000 -0.00050
dist/lin/ang/drive_left/drive_right/tv_l/tv_r/av_l/av_r/x/y/theta/t_err: -0.03785 0.00000 -0.00378 -0.24405 -0.04325 0.37131 -0.42881 0.37131 -0.42881 0 0 92.16844 -0.03785
fb: -0.13394 0.03540 0.04135 -0.04624
fb: -0.11827 -0.02174 0.04135 -0.04624
target: 0.00000 -0.00066
dist/lin/ang/drive_left/drive_right/tv_l/tv_r/av_l/av_r/x/y/theta/t_err: -0.05079 0.00000 -0.00508 -0.09653 -0.14001 0.21631 -0.20669 0.21631 -0.20669 0 0 92.90995 -0.05079
fb: -0.08716 -0.06898 0.04014 -0.04504
fb: -0.06973 -0.08570 0.04014 -0.04504
target: 0.00000 -0.00060
dist/lin/ang/drive_left/drive_right/tv_l/tv_r/av_l/av_r/x/y/theta/t_err: -0.04574 0.00000 -0.00457 0.01597 -0.15543 0.05222 -0.05783 0.05222 -0.05783 0 0 92.62073 -0.04574
fb: -0.06796 -0.08487 0.03904 -0.04394
fb: -0.06399 -0.07518 0.03904 -0.04394
target: 0.00000 -0.00043
dist/lin/ang/drive_left/drive_right/tv_l/tv_r/av_l/av_r/x/y/theta/t_err: -0.03288 0.00000 -0.00329 0.01119 -0.13917 0.03933 -0.04517 0.03933 -0.04517 0 0 91.88372 -0.03288
fb: -0.06598 -0.06745 -0.03955 0.04444
fb: -0.06995 -0.06334 -0.03955 0.04444
target: 0.00000 -0.00028
dist/lin/ang/drive_left/drive_right/tv_l/tv_r/av_l/av_r/x/y/theta/t_err: -0.02160 0.00000 -0.00216 -0.00661 -0.13328 0.01572 -0.01267 0.01572 -0.01267 0 0 91.23760 -0.02160
fb: -0.06201 -0.06180 -0.03954 0.04443
fb: -0.04634 -0.05804 -0.03954 0.04443
final error was -0.68551
position: -0.24580 -1.08136 90.68551
took 0.56000 time to finish turn
target: 0.00000 0.07849
dist/lin/ang/drive_left/drive_right/tv_l/tv_r/av_l/av_r/x/y/theta/t_err: 1.57080 0.00000 0.60000 0.00000 0.00000 0.00000 -0.00033 0.00000 -0.00033 0 0 -0.00027 1.57080
fb: 0.00000 0.00000 -0.43381 0.43949
fb: 0.00000 0.00000 -0.43381 0.43949
target: 0.00000 0.15697
dist/lin/ang/drive_left/drive_right/tv_l/tv_r/av_l/av_r/x/y/theta/t_err: 1.57080 0.00000 1.20000 0.00000 0.00000 -0.06553 0.02756 -0.06553 0.02756 0 0 -0.00030 1.57080
fb: 0.00000 0.00000 -0.47541 0.48187
fb: 0.00000 0.00711 -0.47541 0.48187
target: 0.00000 0.23546
dist/lin/ang/drive_left/drive_right/tv_l/tv_r/av_l/av_r/x/y/theta/t_err: 1.57080 0.00000 1.80000 -0.00711 0.00711 -0.38019 0.35231 -0.38019 0.35231 0 0 -0.00001 1.57080
fb: 0.00000 0.04620 -0.51700 0.52425
fb: 0.00000 0.09399 -0.51700 0.52425
target: 0.00000 0.31394
dist/lin/ang/drive_left/drive_right/tv_l/tv_r/av_l/av_r/x/y/theta/t_err: 1.56792 0.00000 2.40000 -0.09399 0.09399 -0.44011 0.41511 -0.44011 0.41511 0 0 0.16504 1.56792
fb: 0.00000 0.14151 -0.55860 0.56663
fb: 0.00000 0.18805 -0.55860 0.56663
target: 0.00000 0.39243
dist/lin/ang/drive_left/drive_right/tv_l/tv_r/av_l/av_r/x/y/theta/t_err: 1.55180 0.00000 3.00000 -0.18805 0.18805 -0.47192 0.45875 -0.47192 0.45875 0 0 1.08861 1.55180
fb: 0.00000 0.23223 -0.60020 0.60902
fb: 0.00000 0.27334 -0.60020 0.60902
target: 0.00000 0.47092
dist/lin/ang/drive_left/drive_right/tv_l/tv_r/av_l/av_r/x/y/theta/t_err: 1.52147 0.00000 3.60000 -0.27334 0.27334 -0.50750 0.48114 -0.50750 0.48114 0 0 2.82644 1.52147
fb: 0.00000 0.31382 -0.64180 0.65140
fb: 0.00000 0.35451 -0.64180 0.65140
target: 0.00000 0.54940
dist/lin/ang/drive_left/drive_right/tv_l/tv_r/av_l/av_r/x/y/theta/t_err: 1.47827 0.00000 4.20000 -0.35451 0.35451 -0.53728 0.48853 -0.53728 0.48853 0 0 5.30154 1.47827
fb: 0.00000 0.39241 -0.68339 0.69378
fb: 0.00000 0.43046 -0.68339 0.69378
target: 0.00000 0.62789
dist/lin/ang/drive_left/drive_right/tv_l/tv_r/av_l/av_r/x/y/theta/t_err: 1.42280 0.00000 4.80000 -0.43046 0.43046 -0.57375 0.53986 -0.57375 0.53986 0 0 8.47970 1.42280
fb: -0.00794 0.46968 -0.72499 0.73616
fb: -0.02339 0.50766 -0.72499 0.73616
target: 0.00000 0.70637
dist/lin/ang/drive_left/drive_right/tv_l/tv_r/av_l/av_r/x/y/theta/t_err: 1.35567 0.00000 5.40000 -0.53105 0.48427 -0.58519 0.47619 -0.58519 0.47619 0 0 12.32582 1.35567
fb: -0.04060 0.54166 -0.76659 0.77855
fb: -0.04457 0.56918 -0.76659 0.77855
target: 0.00000 0.78486
dist/lin/ang/drive_left/drive_right/tv_l/tv_r/av_l/av_r/x/y/theta/t_err: 1.27701 0.00000 6.00000 -0.61375 0.52461 -0.61153 0.56775 -0.61153 0.56775 0 0 16.83283 1.27701
fb: -0.04656 0.60221 -0.80819 0.82093
fb: -0.06200 0.63753 -0.80819 0.82093
target: 0.00000 0.86335
dist/lin/ang/drive_left/drive_right/tv_l/tv_r/av_l/av_r/x/y/theta/t_err: 1.18885 0.00000 6.60000 -0.69953 0.57553 -0.62592 0.61172 -0.62592 0.61172 0 0 21.88410 1.18885
fb: -0.06398 0.67056 -0.84978 0.86331
fb: -0.06994 0.69989 -0.84978 0.86331
target: 0.00000 0.94183
dist/lin/ang/drive_left/drive_right/tv_l/tv_r/av_l/av_r/x/y/theta/t_err: 1.09037 0.00000 7.20000 -0.76983 0.62995 -0.62608 0.44558 -0.62608 0.44558 0 0 27.52663 1.09037
fb: -0.06597 0.72811 -0.89138 0.90569
fb: -0.06575 0.74860 -0.89138 0.90569
target: 0.00000 1.02032
dist/lin/ang/drive_left/drive_right/tv_l/tv_r/av_l/av_r/x/y/theta/t_err: 0.98249 0.00000 7.80000 -0.81434 0.68285 -0.58311 0.59408 -0.58311 0.59408 0 0 33.70750 0.98249
fb: -0.08538 0.76804 -0.93298 0.94808
fb: -0.08935 0.79465 -0.93298 0.94808
target: 0.00000 1.04648
dist/lin/ang/drive_left/drive_right/tv_l/tv_r/av_l/av_r/x/y/theta/t_err: 0.86753 0.00000 8.00000 -0.88401 0.70530 -0.53625 0.60964 -0.53625 0.60964 0 0 40.29395 0.86753
fb: -0.09487 0.81869 -0.71139 0.72674
fb: -0.09310 0.82656 -0.71139 0.72674
target: 0.00000 0.80075
dist/lin/ang/drive_left/drive_right/tv_l/tv_r/av_l/av_r/x/y/theta/t_err: 0.74526 0.00000 6.12146 -0.91967 0.73346 -0.61481 0.63003 -0.61481 0.63003 0 0 47.29968 0.74526
fb: -0.08340 0.83214 0.72042 -0.71731
fb: -0.10082 0.84370 0.72042 -0.71731
target: 0.00000 0.71111
dist/lin/ang/drive_left/drive_right/tv_l/tv_r/av_l/av_r/x/y/theta/t_err: 0.61885 0.00000 5.43620 -0.94453 0.74288 -0.32906 0.30611 -0.32906 0.30611 0 0 54.54247 0.61885
fb: -0.12024 0.85402 0.06551 -0.06329
fb: -0.13965 0.84496 0.06551 -0.06329
target: 0.00000 0.60928
dist/lin/ang/drive_left/drive_right/tv_l/tv_r/av_l/av_r/x/y/theta/t_err: 0.48950 0.00000 4.65777 -0.98461 0.70530 0.04878 -0.06317 0.04878 -0.06317 0 0 61.95396 0.48950
fb: -0.15311 0.80092 0.17432 -0.17312
fb: -0.13171 0.73759 0.17432 -0.17312
target: 0.00000 0.49513
dist/lin/ang/drive_left/drive_right/tv_l/tv_r/av_l/av_r/x/y/theta/t_err: 0.36249 0.00000 3.78508 -0.86930 0.60587 0.08931 -0.07767 0.08931 -0.07767 0 0 69.23095 0.36249
fb: -0.11649 0.68038 0.29031 -0.29025
fb: -0.12422 0.61900 0.29031 -0.29025
target: 0.00000 0.37772
dist/lin/ang/drive_left/drive_right/tv_l/tv_r/av_l/av_r/x/y/theta/t_err: 0.25172 0.00000 2.88754 -0.74322 0.49478 0.19178 -0.17572 0.19178 -0.17572 0 0 75.57724 0.25172
fb: -0.12400 0.55622 0.36717 -0.36828
fb: -0.13371 0.47972 0.36717 -0.36828
target: 0.00000 0.25790
dist/lin/ang/drive_left/drive_right/tv_l/tv_r/av_l/av_r/x/y/theta/t_err: 0.15945 0.00000 1.97153 -0.61343 0.34601 0.28114 -0.27136 0.28114 -0.27136 0 0 80.86430 0.15945
fb: -0.13967 0.40071 0.44154 -0.44385
fb: -0.13394 0.32483 0.44154 -0.44385
target: 0.00000 0.13979
dist/lin/ang/drive_left/drive_right/tv_l/tv_r/av_l/av_r/x/y/theta/t_err: 0.08902 0.00000 1.06868 -0.45876 0.19089 0.35197 -0.33589 0.35197 -0.33589 0 0 84.89935 0.08902
fb: -0.14740 0.25912 0.49639 -0.49989
fb: -0.14144 0.19293 0.49639 -0.49989
target: 0.00000 0.00055
dist/lin/ang/drive_left/drive_right/tv_l/tv_r/av_l/av_r/x/y/theta/t_err: 0.04170 0.00000 0.00417 -0.33437 0.05149 0.40519 -0.39700 0.40519 -0.39700 0 0 87.61088 0.04170
fb: -0.12026 0.12144 0.66535 -0.67024
fb: -0.09709 0.05504 0.66535 -0.67024
target: 0.00000 0.00020
dist/lin/ang/drive_left/drive_right/tv_l/tv_r/av_l/av_r/x/y/theta/t_err: 0.01499 0.00000 0.00150 -0.15213 -0.04205 0.40622 -0.42300 0.40622 -0.42300 0 0 89.14116 0.01499
fb: -0.07370 -0.00906 0.04049 -0.04538
fb: -0.06201 -0.07002 0.04049 -0.04538
target: 0.00000 0.00012
dist/lin/ang/drive_left/drive_right/tv_l/tv_r/av_l/av_r/x/y/theta/t_err: 0.00898 0.00000 0.00090 0.00802 -0.13203 0.36650 -0.43511 0.36650 -0.43511 0 0 89.48553 0.00898
fb: -0.05627 -0.12221 0.03931 -0.04421
fb: -0.06002 -0.14130 0.03931 -0.04421
target: 0.00000 0.00028
dist/lin/ang/drive_left/drive_right/tv_l/tv_r/av_l/av_r/x/y/theta/t_err: 0.02163 0.00000 0.00216 0.08128 -0.20132 0.07000 -0.08214 0.07000 -0.08214 0 0 88.76066 0.02163
fb: -0.06973 -0.13838 -0.03992 0.04481
fb: -0.06796 -0.12570 -0.03992 0.04481
target: 0.00000 0.00056
dist/lin/ang/drive_left/drive_right/tv_l/tv_r/av_l/av_r/x/y/theta/t_err: 0.04296 0.00000 0.00430 0.05773 -0.19366 0.01867 -0.03869 0.01867 -0.03869 0 0 87.53881 0.04296
fb: -0.05627 -0.11120 -0.04058 0.04548
fb: -0.05230 -0.10221 -0.04058 0.04548
target: 0.00000 0.07905
dist/lin/ang/drive_left/drive_right/tv_l/tv_r/av_l/av_r/x/y/theta/t_err: 0.06160 0.00000 0.60430 0.04992 -0.15451 -0.03031 0.03508 -0.03031 0.03508 0 0 86.47058 0.06160
fb: -0.04281 -0.09016 -0.43411 0.43979
fb: -0.03310 -0.07434 -0.43411 0.43979
target: 0.00000 0.11480
dist/lin/ang/drive_left/drive_right/tv_l/tv_r/av_l/av_r/x/y/theta/t_err: 0.07673 0.00000 0.87759 0.04125 -0.10744 -0.07889 0.06536 -0.07889 0.06536 0 0 85.60367 0.07673
fb: -0.02516 -0.05511 -0.26074 0.26678
fb: -0.01147 -0.02585 -0.26074 0.26678
target: 0.00000 0.13643
dist/lin/ang/drive_left/drive_right/tv_l/tv_r/av_l/av_r/x/y/theta/t_err: 0.08731 0.00000 1.04293 0.01438 -0.03732 -0.33400 0.33278 -0.33400 0.33278 0 0 84.99731 0.08731
fb: -0.00375 0.02167 -0.20866 0.21492
fb: 0.00000 0.06898 -0.20866 0.21492
target: 0.00000 0.14025
dist/lin/ang/drive_left/drive_right/tv_l/tv_r/av_l/av_r/x/y/theta/t_err: 0.08926 0.00000 1.07218 -0.06898 0.06898 -0.25547 0.25169 -0.25547 0.25169 0 0 84.88594 0.08926
fb: -0.00199 0.10423 -0.13058 0.13687
fb: -0.00199 0.12235 -0.13058 0.13687
target: 0.00000 0.11642
dist/lin/ang/drive_left/drive_right/tv_l/tv_r/av_l/av_r/x/y/theta/t_err: 0.07750 0.00000 0.89001 -0.12434 0.12036 -0.19164 0.19589 -0.19164 0.19589 0 0 85.55946 0.07750
fb: 0.00000 0.12827 0.08455 -0.08828
fb: 0.00000 0.12779 0.08455 -0.08828
target: 0.00000 0.07411
dist/lin/ang/drive_left/drive_right/tv_l/tv_r/av_l/av_r/x/y/theta/t_err: 0.05867 0.00000 0.56654 -0.12779 0.12779 -0.10883 0.10986 -0.10883 0.10986 0 0 86.63824 0.05867
fb: 0.00000 0.12472 0.19015 -0.19431
fb: 0.00000 0.11629 0.19015 -0.19431
target: 0.00000 0.00051
dist/lin/ang/drive_left/drive_right/tv_l/tv_r/av_l/av_r/x/y/theta/t_err: 0.03924 0.00000 0.00392 -0.11629 0.11629 0.07750 -0.07442 0.07750 -0.07442 0 0 87.75175 0.03924
fb: 0.00000 0.10612 0.36993 -0.37482
fb: 0.00000 0.09162 0.36993 -0.37482
target: 0.00000 0.00029
dist/lin/ang/drive_left/drive_right/tv_l/tv_r/av_l/av_r/x/y/theta/t_err: 0.02184 0.00000 0.00218 -0.09162 0.09162 0.18922 -0.18703 0.18922 -0.18703 0 0 88.74875 0.02184
fb: 0.00000 0.05936 0.03990 -0.04479
fb: 0.00000 0.00975 0.03990 -0.04479
final error was 0.53109
position: -0.49161 -1.16390 89.46891
took 0.70000 time to finish turn
target: 0.00000 0.07849
dist/lin/ang/drive_left/drive_right/tv_l/tv_r/av_l/av_r/x/y/theta/t_err: 1.57080 0.00000 0.60000 0.00000 0.00000 0.00000 -0.00033 0.00000 -0.00033 0 0 -0.00002 1.57080
fb: 0.00000 0.00000 -0.43381 0.43949
fb: 0.00000 0.00000 -0.43381 0.43949
target: 0.00000 0.15697
dist/lin/ang/drive_left/drive_right/tv_l/tv_r/av_l/av_r/x/y/theta/t_err: 1.57080 0.00000 1.20000 0.00000 0.00000 -0.08575 0.08161 -0.08575 0.08161 0 0 -0.00038 1.57080
fb: 0.00000 0.00000 -0.47541 0.48187
fb: 0.00000 0.00397 -0.47541 0.48187
target: 0.00000 0.23546
dist/lin/ang/drive_left/drive_right/tv_l/tv_r/av_l/av_r/x/y/theta/t_err: 1.57079 0.00000 1.80000 -0.00397 0.00397 -0.37094 0.36392 -0.37094 0.36392 0 0 0.00033 1.57079
fb: 0.00000 0.04383 -0.51700 0.52425
fb: 0.00000 0.09782 -0.51700 0.52425
target: 0.00000 0.31394
dist/lin/ang/drive_left/drive_right/tv_l/tv_r/av_l/av_r/x/y/theta/t_err: 1.56816 0.00000 2.40000 -0.09782 0.09782 -0.44214 0.42247 -0.44214 0.42247 0 0 0.15108 1.56816
fb: 0.00000 0.14702 -0.55860 0.56663
fb: 0.00000 0.19154 -0.55860 0.56663
target: 0.00000 0.39243
dist/lin/ang/drive_left/drive_right/tv_l/tv_r/av_l/av_r/x/y/theta/t_err: 1.55153 0.00000 3.00000 -0.19154 0.19154 -0.47603 0.44350 -0.47603 0.44350 0 0 1.10413 1.55153
fb: 0.00000 0.23334 -0.60020 0.60902
fb: 0.00000 0.27445 -0.60020 0.60902
target: 0.00000 0.47092
dist/lin/ang/drive_left/drive_right/tv_l/tv_r/av_l/av_r/x/y/theta/t_err: 1.52073 0.00000 3.60000 -0.27445 0.27445 -0.50611 0.47261 -0.50611 0.47261 0 0 2.86883 1.52073
fb: 0.00000 0.31877 -0.64180 0.65140
fb: 0.00000 0.36392 -0.64180 0.65140
target: 0.00000 0.54940
dist/lin/ang/drive_left/drive_right/tv_l/tv_r/av_l/av_r/x/y/theta/t_err: 1.47720 0.00000 4.20000 -0.36392 0.36392 -0.53558 0.48458 -0.53558 0.48458 0 0 5.36288 1.47720
fb: 0.00000 0.40461 -0.68339 0.69378
fb: 0.00000 0.43826 -0.68339 0.69378
target: 0.00000 0.62789
dist/lin/ang/drive_left/drive_right/tv_l/tv_r/av_l/av_r/x/y/theta/t_err: 1.42022 0.00000 4.80000 -0.43826 0.43826 -0.57047 0.51761 -0.57047 0.51761 0 0 8.62742 1.42022
fb: 0.00000 0.47589 -0.72499 0.73616
fb: 0.00000 0.51574 -0.72499 0.73616
target: 0.00000 0.70637
dist/lin/ang/drive_left/drive_right/tv_l/tv_r/av_l/av_r/x/y/theta/t_err: 1.35193 0.00000 5.40000 -0.51574 0.51574 -0.60144 0.53781 -0.60144 0.53781 0 0 12.54036 1.35193
fb: 0.00000 0.55455 -0.76659 0.77855
fb: 0.00000 0.58827 -0.76659 0.77855
target: 0.00000 0.78486
dist/lin/ang/drive_left/drive_right/tv_l/tv_r/av_l/av_r/x/y/theta/t_err: 1.27180 0.00000 6.00000 -0.58827 0.58827 -0.62283 0.55489 -0.62283 0.55489 0 0 17.13123 1.27180
fb: 0.00000 0.62172 -0.80819 0.82093
fb: 0.00000 0.65558 -0.80819 0.82093
target: 0.00000 0.86335
dist/lin/ang/drive_left/drive_right/tv_l/tv_r/av_l/av_r/x/y/theta/t_err: 1.18083 0.00000 6.60000 -0.65558 0.65558 -0.66956 0.61069 -0.66956 0.61069 0 0 22.34343 1.18083
fb: 0.00000 0.69104 -0.84978 0.86331
fb: 0.00000 0.71871 -0.84978 0.86331
target: 0.00000 0.94183
dist/lin/ang/drive_left/drive_right/tv_l/tv_r/av_l/av_r/x/y/theta/t_err: 1.07946 0.00000 7.20000 -0.71871 0.71871 -0.67586 0.52667 -0.67586 0.52667 0 0 28.15157 1.07946
fb: -0.03309 0.74623 -0.89138 0.90569
fb: -0.07369 0.77054 -0.89138 0.90569
target: 0.00000 1.02032
dist/lin/ang/drive_left/drive_right/tv_l/tv_r/av_l/av_r/x/y/theta/t_err: 0.96879 0.00000 7.80000 -0.84423 0.69685 -0.70411 0.53542 -0.70411 0.53542 0 0 34.49215 0.96879
fb: -0.08913 0.80016 -0.93298 0.94808
fb: -0.10083 0.83081 -0.93298 0.94808
target: 0.00000 1.04648
dist/lin/ang/drive_left/drive_right/tv_l/tv_r/av_l/av_r/x/y/theta/t_err: 0.85000 0.00000 8.00000 -0.93164 0.72999 -0.65467 0.52942 -0.65467 0.52942 0 0 41.29882 0.85000
fb: -0.10855 0.85402 -0.71139 0.72674
fb: -0.11252 0.86509 -0.71139 0.72674
target: 0.00000 0.78512
dist/lin/ang/drive_left/drive_right/tv_l/tv_r/av_l/av_r/x/y/theta/t_err: 0.72238 0.00000 6.00202 -0.97761 0.75258 -0.61344 0.45392 -0.61344 0.45392 0 0 48.61043 0.72238
fb: -0.13370 0.87143 0.79901 -0.79605
fb: -0.15112 0.87255 0.79901 -0.79605
target: 0.00000 0.68943
dist/lin/ang/drive_left/drive_right/tv_l/tv_r/av_l/av_r/x/y/theta/t_err: 0.59005 0.00000 5.27049 -1.02367 0.72143 -0.36003 0.48900 -0.36003 0.48900 0 0 56.19287 0.59005
fb: -0.15134 0.87652 0.10423 -0.10223
fb: -0.16502 0.85854 0.10423 -0.10223
target: 0.00000 0.58123
dist/lin/ang/drive_left/drive_right/tv_l/tv_r/av_l/av_r/x/y/theta/t_err: 0.45652 0.00000 4.44331 -1.02357 0.69352 0.06503 -0.07511 0.06503 -0.07511 0 0 63.84335 0.45652
fb: -0.17054 0.80552 0.21789 -0.21697
fb: -0.16282 0.73557 0.21789 -0.21697
target: 0.00000 0.46058
dist/lin/ang/drive_left/drive_right/tv_l/tv_r/av_l/av_r/x/y/theta/t_err: 0.32781 0.00000 3.52100 -0.89839 0.57274 0.11225 -0.10386 0.11225 -0.10386 0 0 71.21799 0.32781
fb: -0.17077 0.67383 0.33783 -0.33812
fb: -0.18997 0.60047 0.43281 -0.24313
target: 0.00000 0.33630
dist/lin/ang/drive_left/drive_right/tv_l/tv_r/av_l/av_r/x/y/theta/t_err: 0.21746 0.00000 2.57090 -0.79043 0.41050 0.19900 -0.21578 0.19900 -0.21578 0 0 77.54072 0.21746
fb: -0.21910 0.52919 0.52960 -0.31203
fb: -0.22506 0.45422 0.53258 -0.30905
target: 0.00000 0.20974
dist/lin/ang/drive_left/drive_right/tv_l/tv_r/av_l/av_r/x/y/theta/t_err: 0.12827 0.00000 1.60341 -0.67927 0.22916 0.35556 -0.24964 0.35556 -0.24964 0 0 82.65052 0.12827
fb: -0.18821 0.37938 0.59148 -0.40606
fb: -0.17630 0.30734 0.49737 -0.50017
target: 0.00000 0.08105
dist/lin/ang/drive_left/drive_right/tv_l/tv_r/av_l/av_r/x/y/theta/t_err: 0.06158 0.00000 0.61962 -0.48364 0.13104 0.40569 -0.29806 0.40569 -0.29806 0 0 86.47150 0.06158
fb: -0.18226 0.23502 0.66629 -0.48812
fb: -0.18623 0.16269 0.66828 -0.48613
target: 0.00000 0.00023
dist/lin/ang/drive_left/drive_right/tv_l/tv_r/av_l/av_r/x/y/theta/t_err: 0.01732 0.00000 0.00173 -0.34893 -0.02354 0.30408 -0.36461 0.30408 -0.36461 0 0 89.00766 0.01732
fb: -0.18999 0.09295 0.49761 -0.31252
fb: -0.16285 0.03149 0.40262 -0.40751
target: 0.00000 -0.00006
dist/lin/ang/drive_left/drive_right/tv_l/tv_r/av_l/av_r/x/y/theta/t_err: -0.00493 0.00000 -0.00049 -0.19434 -0.13135 0.49122 -0.34308 0.49122 -0.34308 0 0 90.28271 -0.00493
fb: -0.14740 -0.02383 0.04037 -0.04526
fb: -0.14564 -0.07156 0.04037 -0.04526
target: 0.00000 -0.00010
dist/lin/ang/drive_left/drive_right/tv_l/tv_r/av_l/av_r/x/y/theta/t_err: -0.00768 0.00000 -0.00077 -0.07408 -0.21719 0.24981 -0.31911 0.24981 -0.31911 0 0 90.44017 -0.00768
fb: -0.12026 -0.11106 0.03924 -0.04413
fb: -0.10459 -0.11824 0.03924 -0.04413
final error was 0.27077
position: -0.39615 -1.37949 89.72923
took 0.50000 time to finish turn
target: 0.00000 0.07849
dist/lin/ang/drive_left/drive_right/tv_l/tv_r/av_l/av_r/x/y/theta/t_err: 1.57079 0.00000 0.60000 0.00000 0.00000 -0.00017 -0.00017 -0.00017 -0.00017 0 0 0.00045 1.57079
fb: 0.00000 0.00000 -0.43381 0.43949
fb: 0.00000 0.00000 -0.43381 0.43949
target: 0.00000 0.15697
dist/lin/ang/drive_left/drive_right/tv_l/tv_r/av_l/av_r/x/y/theta/t_err: 1.57078 0.00000 1.20000 0.00000 0.00000 -0.06417 0.05661 -0.06417 0.05661 0 0 0.00080 1.57078
fb: 0.00000 0.00000 -0.47541 0.48187
fb: 0.00000 0.00000 -0.47541 0.48187
target: 0.00000 0.23546
dist/lin/ang/drive_left/drive_right/tv_l/tv_r/av_l/av_r/x/y/theta/t_err: 1.57074 0.00000 1.80000 0.00000 0.00000 -0.38003 0.37164 -0.38003 0.37164 0 0 0.00304 1.57074
fb: 0.00000 0.01902 -0.51700 0.52425
fb: 0.00000 0.06745 -0.51700 0.52425
target: 0.00000 0.31394
dist/lin/ang/drive_left/drive_right/tv_l/tv_r/av_l/av_r/x/y/theta/t_err: 1.56988 0.00000 2.40000 -0.06745 0.06745 -0.44267 0.41664 -0.44267 0.41664 0 0 0.05267 1.56988
fb: 0.00000 0.11942 -0.55860 0.56663
fb: 0.00000 0.16639 -0.55860 0.56663
target: 0.00000 0.39243
dist/lin/ang/drive_left/drive_right/tv_l/tv_r/av_l/av_r/x/y/theta/t_err: 1.55760 0.00000 3.00000 -0.16639 0.16639 -0.47397 0.45550 -0.47397 0.45550 0 0 0.75622 1.55760
fb: 0.00000 0.20882 -0.60020 0.60902
fb: 0.00000 0.25062 -0.60020 0.60902
target: 0.00000 0.47092
dist/lin/ang/drive_left/drive_right/tv_l/tv_r/av_l/av_r/x/y/theta/t_err: 1.53075 0.00000 3.60000 -0.25062 0.25062 -0.49961 0.47858 -0.49961 0.47858 0 0 2.29456 1.53075
fb: 0.00000 0.29410 -0.64180 0.65140
fb: 0.00000 0.33772 -0.64180 0.65140
target: 0.00000 0.54940
dist/lin/ang/drive_left/drive_right/tv_l/tv_r/av_l/av_r/x/y/theta/t_err: 1.49086 0.00000 4.20000 -0.33772 0.33772 -0.53353 0.51214 -0.53353 0.51214 0 0 4.57984 1.49086
fb: 0.00000 0.37771 -0.68339 0.69378
fb: 0.00000 0.41485 -0.68339 0.69378
target: 0.00000 0.62789
dist/lin/ang/drive_left/drive_right/tv_l/tv_r/av_l/av_r/x/y/theta/t_err: 1.43788 0.00000 4.80000 -0.41485 0.41485 -0.54206 0.54792 -0.54206 0.54792 0 0 7.61570 1.43788
fb: 0.00000 0.45422 -0.72499 0.73616
fb: 0.00000 0.49595 -0.72499 0.73616
target: 0.00000 0.70637
dist/lin/ang/drive_left/drive_right/tv_l/tv_r/av_l/av_r/x/y/theta/t_err: 1.37311 0.00000 5.40000 -0.49595 0.49595 -0.56072 0.56006 -0.56072 0.56006 0 0 11.32633 1.37311
fb: 0.00000 0.53490 -0.76659 0.77855
fb: 0.00000 0.57009 -0.76659 0.77855
target: 0.00000 0.78486
dist/lin/ang/drive_left/drive_right/tv_l/tv_r/av_l/av_r/x/y/theta/t_err: 1.29604 0.00000 6.00000 -0.57009 0.57009 -0.59408 0.57767 -0.59408 0.57767 0 0 15.74238 1.29604
fb: 0.00000 0.60019 -0.80819 0.82093
fb: 0.00000 0.63182 -0.80819 0.82093
target: 0.00000 0.86335
dist/lin/ang/drive_left/drive_right/tv_l/tv_r/av_l/av_r/x/y/theta/t_err: 1.20800 0.00000 6.60000 -0.63182 0.63182 -0.61975 0.61564 -0.61975 0.61564 0 0 20.78651 1.20800
fb: 0.00000 0.66589 -0.84978 0.86331
fb: 0.00000 0.69759 -0.84978 0.86331
target: 0.00000 0.94183
dist/lin/ang/drive_left/drive_right/tv_l/tv_r/av_l/av_r/x/y/theta/t_err: 1.11032 0.00000 7.20000 -0.69759 0.69759 -0.61050 0.60844 -0.61050 0.60844 0 0 26.38349 1.11032
fb: 0.00000 0.72700 -0.89138 0.90569
fb: 0.00000 0.75549 -0.89138 0.90569
target: 0.00000 1.02032
dist/lin/ang/drive_left/drive_right/tv_l/tv_r/av_l/av_r/x/y/theta/t_err: 1.00278 0.00000 7.80000 -0.75549 0.75549 -0.61019 0.56244 -0.61019 0.56244 0 0 32.54469 1.00278
fb: -0.03287 0.78288 -0.93298 0.94808
fb: -0.06773 0.81005 -0.93298 0.94808
target: 0.00000 1.04648
dist/lin/ang/drive_left/drive_right/tv_l/tv_r/av_l/av_r/x/y/theta/t_err: 0.88647 0.00000 8.00000 -0.87778 0.74232 -0.59153 0.50064 -0.59153 0.50064 0 0 39.20883 0.88647
fb: -0.08538 0.83074 -0.71139 0.72674
fb: -0.10877 0.85032 -0.71139 0.72674
target: 0.00000 0.81212
dist/lin/ang/drive_left/drive_right/tv_l/tv_r/av_l/av_r/x/y/theta/t_err: 0.76214 0.00000 6.20841 -0.95909 0.74156 -0.59219 0.58928 -0.59219 0.58928 0 0 46.33249 0.76214
fb: -0.11053 0.86196 0.66321 -0.65998
fb: -0.11230 0.87220 0.66321 -0.65998
target: 0.00000 0.72079
dist/lin/ang/drive_left/drive_right/tv_l/tv_r/av_l/av_r/x/y/theta/t_err: 0.63194 0.00000 5.51021 -0.98450 0.75991 -0.36156 0.27992 -0.36156 0.27992 0 0 53.79259 0.63194
fb: -0.11053 0.88363 0.06800 -0.06568
fb: -0.10678 0.88572 0.06800 -0.06568
target: 0.00000 0.61660
dist/lin/ang/drive_left/drive_right/tv_l/tv_r/av_l/av_r/x/y/theta/t_err: 0.49828 0.00000 4.71367 -0.99250 0.77894 0.05389 -0.07478 0.05389 -0.07478 0 0 61.45061 0.49828
fb: -0.12796 0.86321 0.18110 -0.17983
fb: -0.13965 0.80030 0.18110 -0.17983
target: 0.00000 0.49648
dist/lin/ang/drive_left/drive_right/tv_l/tv_r/av_l/av_r/x/y/theta/t_err: 0.36389 0.00000 3.79545 -0.93995 0.66064 0.07992 -0.06589 0.07992 -0.06589 0 0 69.15090 0.36389
fb: -0.15113 0.72888 0.31640 -0.31633
fb: -0.16658 0.67014 0.31640 -0.31633
target: 0.00000 0.36936
dist/lin/ang/drive_left/drive_right/tv_l/tv_r/av_l/av_r/x/y/theta/t_err: 0.24461 0.00000 2.82367 -0.83672 0.50356 0.18806 -0.14836 0.18806 -0.14836 0 0 75.98486 0.24461
fb: -0.16504 0.60221 0.41529 -0.41649
fb: -0.16107 0.53532 0.41529 -0.41649
target: 0.00000 0.23586
dist/lin/ang/drive_left/drive_right/tv_l/tv_r/av_l/av_r/x/y/theta/t_err: 0.14476 0.00000 1.80305 -0.69639 0.37425 0.29653 -0.27206 0.29653 -0.27206 0 0 81.70590 0.14476
fb: -0.14916 0.47157 0.51480 -0.51734
fb: -0.12599 0.41415 0.51480 -0.51734
target: 0.00000 0.08965
dist/lin/ang/drive_left/drive_right/tv_l/tv_r/av_l/av_r/x/y/theta/t_err: 0.06529 0.00000 0.68536 -0.54014 0.28816 0.37764 -0.37064 0.37764 -0.37064 0 0 86.25938 0.06529
fb: -0.11650 0.34928 0.64943 -0.65342
fb: -0.11055 0.27647 0.64943 -0.65342
target: 0.00000 0.00006
dist/lin/ang/drive_left/drive_right/tv_l/tv_r/av_l/av_r/x/y/theta/t_err: 0.00444 0.00000 0.00044 -0.38702 0.16593 0.41736 -0.44850 0.41736 -0.44850 0 0 89.74580 0.00444
fb: -0.11430 0.19231 0.44217 -0.44706
fb: -0.13968 0.10514 0.44217 -0.44706
target: 0.00000 -0.00045
dist/lin/ang/drive_left/drive_right/tv_l/tv_r/av_l/av_r/x/y/theta/t_err: -0.03460 0.00000 -0.00346 -0.24482 -0.03454 0.41581 -0.51008 0.41581 -0.51008 0 0 91.98231 -0.03460
fb: -0.14939 0.02843 0.04156 -0.04646
fb: -0.14166 -0.03289 0.04156 -0.04646
target: 0.00000 -0.00063
dist/lin/ang/drive_left/drive_right/tv_l/tv_r/av_l/av_r/x/y/theta/t_err: -0.04788 0.00000 -0.00479 -0.10878 -0.17455 0.27206 -0.27908 0.27206 -0.27908 0 0 92.74346 -0.04788
fb: -0.11430 -0.07727 0.04014 -0.04504
fb: -0.07745 -0.10535 0.04014 -0.04504
target: 0.00000 -0.00054
dist/lin/ang/drive_left/drive_right/tv_l/tv_r/av_l/av_r/x/y/theta/t_err: -0.04130 0.00000 -0.00413 0.02790 -0.18280 0.06161 -0.07322 0.06161 -0.07322 0 0 92.36606 -0.04130
fb: -0.06995 -0.10758 -0.03912 0.04401
fb: -0.07569 -0.10117 -0.03912 0.04401
target: 0.00000 -0.00033
dist/lin/ang/drive_left/drive_right/tv_l/tv_r/av_l/av_r/x/y/theta/t_err: -0.02541 0.00000 -0.00254 0.02548 -0.17686 0.01403 -0.03850 0.01403 -0.03850 0 0 91.45590 -0.02541
fb: -0.08341 -0.09274 -0.03978 0.04467
fb: -0.09312 -0.08361 -0.03978 0.04467
target: 0.00000 -0.00013
dist/lin/ang/drive_left/drive_right/tv_l/tv_r/av_l/av_r/x/y/theta/t_err: -0.01025 0.00000 -0.00102 -0.00951 -0.17673 -0.03081 0.03456 -0.03081 0.03456 0 0 90.58700 -0.01025
fb: -0.07944 -0.07044 -0.03984 0.04474
fb: -0.06598 -0.05442 -0.03984 0.04474
target: 0.00000 0.00003
dist/lin/ang/drive_left/drive_right/tv_l/tv_r/av_l/av_r/x/y/theta/t_err: 0.00203 0.00000 0.00020 -0.01156 -0.12039 -0.03458 0.03886 -0.03458 0.03886 0 0 89.88351 0.00203
fb: -0.05230 -0.03644 -0.03976 0.04465
fb: -0.02714 -0.02021 -0.03976 0.04465
final error was 0.55230
position: -0.27583 -1.26464 89.44770
took 0.58000 time to finish turn
increased to 135.00000
target: 0.00000 0.07849
dist/lin/ang/drive_left/drive_right/tv_l/tv_r/av_l/av_r/x/y/theta/t_err: 2.35620 0.00000 0.60000 0.00000 0.00000 -0.00017 -0.00033 -0.00017 -0.00033 0 0 -0.00015 2.35620
fb: 0.00000 0.00000 -0.43381 0.43949
fb: 0.00000 0.00000 -0.43381 0.43949
target: 0.00000 0.15697
dist/lin/ang/drive_left/drive_right/tv_l/tv_r/av_l/av_r/x/y/theta/t_err: 2.35620 0.00000 1.20000 0.00000 0.00000 -0.02944 0.08178 -0.02944 0.08178 0 0 -0.00012 2.35620
fb: 0.00000 0.00000 -0.47541 0.48187
fb: 0.00000 0.00132 -0.47541 0.48187
target: 0.00000 0.23546
dist/lin/ang/drive_left/drive_right/tv_l/tv_r/av_l/av_r/x/y/theta/t_err: 2.35618 0.00000 1.80000 -0.00132 0.00132 -0.34667 0.37764 -0.34667 0.37764 0 0 0.00089 2.35618
fb: 0.00000 0.02292 -0.51700 0.52425
fb: 0.00000 0.06696 -0.51700 0.52425
target: 0.00000 0.31394
dist/lin/ang/drive_left/drive_right/tv_l/tv_r/av_l/av_r/x/y/theta/t_err: 2.35506 0.00000 2.40000 -0.06696 0.06696 -0.43172 0.43236 -0.43172 0.43236 0 0 0.06522 2.35506
fb: 0.00000 0.12047 -0.55860 0.56663
fb: 0.00000 0.17078 -0.55860 0.56663
target: 0.00000 0.39243
dist/lin/ang/drive_left/drive_right/tv_l/tv_r/av_l/av_r/x/y/theta/t_err: 2.34269 0.00000 3.00000 -0.17078 0.17078 -0.47275 0.43036 -0.47275 0.43036 0 0 0.77378 2.34269
fb: 0.00000 0.21697 -0.60020 0.60902
fb: 0.00000 0.25878 -0.60020 0.60902
target: 0.00000 0.47092
dist/lin/ang/drive_left/drive_right/tv_l/tv_r/av_l/av_r/x/y/theta/t_err: 2.31495 0.00000 3.60000 -0.25878 0.25878 -0.48614 0.45908 -0.48614 0.45908 0 0 2.36334 2.31495
fb: 0.00000 0.29724 -0.64180 0.65140
fb: 0.00000 0.33333 -0.64180 0.65140
target: 0.00000 0.54940
dist/lin/ang/drive_left/drive_right/tv_l/tv_r/av_l/av_r/x/y/theta/t_err: 2.27408 0.00000 4.20000 -0.33333 0.33333 -0.51111 0.50922 -0.51111 0.50922 0 0 4.70507 2.27408
fb: 0.00000 0.36879 -0.68339 0.69378
fb: 0.00000 0.40677 -0.68339 0.69378
target: 0.00000 0.62789
dist/lin/ang/drive_left/drive_right/tv_l/tv_r/av_l/av_r/x/y/theta/t_err: 2.22195 0.00000 4.80000 -0.40677 0.40677 -0.53814 0.55625 -0.53814 0.55625 0 0 7.69180 2.22195
fb: 0.00000 0.44648 -0.72499 0.73616
fb: 0.00000 0.48313 -0.72499 0.73616
target: 0.00000 0.70637
dist/lin/ang/drive_left/drive_right/tv_l/tv_r/av_l/av_r/x/y/theta/t_err: 2.15843 0.00000 5.40000 -0.48313 0.48313 -0.57100 0.57597 -0.57100 0.57597 0 0 11.33115 2.15843
fb: 0.00000 0.51553 -0.76659 0.77855
fb: 0.00000 0.54918 -0.76659 0.77855
target: 0.00000 0.78486
dist/lin/ang/drive_left/drive_right/tv_l/tv_r/av_l/av_r/x/y/theta/t_err: 2.08362 0.00000 6.00000 -0.54918 0.54918 -0.59289 0.57286 -0.59289 0.57286 0 0 15.61732 2.08362
fb: 0.00000 0.58019 -0.80819 0.82093
fb: 0.00000 0.61092 -0.80819 0.82093
target: 0.00000 0.86335
dist/lin/ang/drive_left/drive_right/tv_l/tv_r/av_l/av_r/x/y/theta/t_err: 1.99877 0.00000 6.60000 -0.61092 0.61092 -0.60347 0.58539 -0.60347 0.58539 0 0 20.47894 1.99877
fb: 0.00000 0.64527 -0.84978 0.86331
fb: 0.00000 0.67655 -0.84978 0.86331
target: 0.00000 0.94183
dist/lin/ang/drive_left/drive_right/tv_l/tv_r/av_l/av_r/x/y/theta/t_err: 1.90429 0.00000 7.20000 -0.67655 0.67655 -0.59700 0.63397 -0.59700 0.63397 0 0 25.89211 1.90429
fb: 0.00000 0.70233 -0.89138 0.90569
fb: 0.00000 0.73006 -0.89138 0.90569
target: 0.00000 1.02032
dist/lin/ang/drive_left/drive_right/tv_l/tv_r/av_l/av_r/x/y/theta/t_err: 1.80021 0.00000 7.80000 -0.73006 0.73006 -0.64283 0.60128 -0.64283 0.60128 0 0 31.85537 1.80021
fb: 0.00000 0.75278 -0.93298 0.94808
fb: -0.03287 0.77744 -0.93298 0.94808
target: 0.00000 1.04648
dist/lin/ang/drive_left/drive_right/tv_l/tv_r/av_l/av_r/x/y/theta/t_err: 1.68815 0.00000 8.00000 -0.81032 0.74457 -0.60214 0.61942 -0.60214 0.61942 0 0 38.27629 1.68815
fb: -0.06398 0.79409 -0.71139 0.72674
fb: -0.06994 0.81646 -0.71139 0.72674
target: 0.00000 1.04648
dist/lin/ang/drive_left/drive_right/tv_l/tv_r/av_l/av_r/x/y/theta/t_err: 1.56907 0.00000 8.00000 -0.88640 0.74652 -0.66492 0.56225 -0.66492 0.56225 0 0 45.09884 1.56907
fb: -0.07369 0.84301 -0.59366 0.60902
fb: -0.07369 0.86196 -0.59366 0.60902
target: 0.00000 1.04648
dist/lin/ang/drive_left/drive_right/tv_l/tv_r/av_l/av_r/x/y/theta/t_err: 1.44349 0.00000 8.00000 -0.93565 0.78827 -0.53350 0.48406 -0.53350 0.48406 0 0 52.29399 1.44349
fb: -0.09112 0.86516 -0.59366 0.60902
fb: -0.10656 0.86816 -0.59366 0.60902
target: 0.00000 1.04648
dist/lin/ang/drive_left/drive_right/tv_l/tv_r/av_l/av_r/x/y/theta/t_err: 1.31205 0.00000 8.00000 -0.97472 0.76160 -0.57750 0.57614 -0.57750 0.57614 0 0 59.82481 1.31205
fb: -0.09884 0.88223 -0.59366 0.60902
fb: -0.10479 0.89903 -0.59366 0.60902
target: 0.00000 1.04648
dist/lin/ang/drive_left/drive_right/tv_l/tv_r/av_l/av_r/x/y/theta/t_err: 1.17892 0.00000 8.00000 -1.00382 0.79423 -0.57647 0.58039 -0.57647 0.58039 0 0 67.45291 1.17892
fb: -0.11626 0.91150 -0.59366 0.60902
fb: -0.10854 0.92683 -0.59366 0.60902
target: 0.00000 1.04648
dist/lin/ang/drive_left/drive_right/tv_l/tv_r/av_l/av_r/x/y/theta/t_err: 1.04128 0.00000 8.00000 -1.03537 0.81828 -0.57783 0.58469 -0.57783 0.58469 0 0 75.33906 1.04128
fb: -0.12796 0.93658 -0.59366 0.60902
fb: -0.13369 0.94655 -0.59366 0.60902
target: 0.00000 1.04648
dist/lin/ang/drive_left/drive_right/tv_l/tv_r/av_l/av_r/x/y/theta/t_err: 0.89943 0.00000 8.00000 -1.08024 0.81285 -0.58072 0.58108 -0.58072 0.58108 0 0 83.46671 0.89943
fb: -0.13965 0.95728 -0.59366 0.60902
fb: -0.14362 0.96891 -0.59366 0.60902
target: 0.00000 0.80691
dist/lin/ang/drive_left/drive_right/tv_l/tv_r/av_l/av_r/x/y/theta/t_err: 0.75439 0.00000 6.16860 -1.11253 0.82529 -0.58211 0.57975 -0.58211 0.57975 0 0 91.77668 0.75439
fb: -0.14163 0.97790 0.68940 -0.68623
fb: -0.15310 0.98361 0.68940 -0.68623
target: 0.00000 0.70144
dist/lin/ang/drive_left/drive_right/tv_l/tv_r/av_l/av_r/x/y/theta/t_err: 0.60592 0.00000 5.36232 -1.13671 0.83051 -0.48306 0.45669 -0.48306 0.45669 0 0 100.28314 0.60592
fb: -0.15310 0.98940 0.14187 -0.13975
fb: -0.16281 0.98577 0.14187 -0.13975
target: 0.00000 0.58009
dist/lin/ang/drive_left/drive_right/tv_l/tv_r/av_l/av_r/x/y/theta/t_err: 0.45521 0.00000 4.43463 -1.14858 0.82296 0.06383 -0.06606 0.06383 -0.06606 0 0 108.91845 0.45521
fb: -0.18222 0.96097 0.36877 -0.18564
fb: -0.18995 0.90787 0.37263 -0.18177
target: 0.00000 0.43732
dist/lin/ang/drive_left/drive_right/tv_l/tv_r/av_l/av_r/x/y/theta/t_err: 0.30544 0.00000 3.34319 -1.09782 0.71793 0.14833 -0.12850 0.14833 -0.12850 0 0 117.49960 0.30544
fb: -0.18819 0.83485 0.54380 -0.35614
fb: -0.19018 0.76295 0.54480 -0.35514
target: 0.00000 0.27246
dist/lin/ang/drive_left/drive_right/tv_l/tv_r/av_l/av_r/x/y/theta/t_err: 0.16954 0.00000 2.08284 -0.95313 0.57277 0.31294 -0.19714 0.31294 -0.19714 0 0 125.28598 0.16954
fb: -0.16680 0.68192 0.63652 -0.63869
fb: -0.16084 0.60869 0.63652 -0.63869
target: 0.00000 0.06755
dist/lin/ang/drive_left/drive_right/tv_l/tv_r/av_l/av_r/x/y/theta/t_err: 0.05599 0.00000 0.51641 -0.76953 0.44784 0.43100 -0.33144 0.43100 -0.33144 0 0 131.79202 0.05599
fb: -0.16283 0.53128 0.92529 -0.92951
fb: -0.13768 0.45192 0.92529 -0.92951
target: 0.00000 -0.00045
dist/lin/ang/drive_left/drive_right/tv_l/tv_r/av_l/av_r/x/y/theta/t_err: -0.03421 0.00000 -0.00342 -0.58960 0.31423 0.43650 -0.48683 0.43650 -0.48683 0 0 136.96000 -0.03421
fb: -0.13967 0.37318 0.34525 -0.35015
fb: -0.14938 0.29508 0.34525 -0.35015
target: 0.00000 -0.07893
dist/lin/ang/drive_left/drive_right/tv_l/tv_r/av_l/av_r/x/y/theta/t_err: -0.10053 0.00000 -0.60342 -0.44446 0.14570 0.37133 -0.32425 0.37133 -0.32425 0 0 140.75973 -0.10053
fb: -0.12401 0.21460 0.43404 -0.43973
fb: -0.10283 0.13963 0.43404 -0.43973
target: 0.00000 -0.15742
dist/lin/ang/drive_left/drive_right/tv_l/tv_r/av_l/av_r/x/y/theta/t_err: -0.14260 0.00000 -1.20342 -0.24246 0.03680 0.33894 -0.33125 0.33894 -0.33125 0 0 143.17064 -0.14260
fb: -0.08539 0.07386 0.47564 -0.48211
fb: -0.06598 0.01164 0.47564 -0.48211
target: 0.00000 -0.23591
dist/lin/ang/drive_left/drive_right/tv_l/tv_r/av_l/av_r/x/y/theta/t_err: -0.16155 0.00000 -1.80342 -0.07761 -0.05434 0.39969 -0.39356 0.39969 -0.39356 0 0 144.25607 -0.16155
fb: -0.06399 -0.04912 0.51724 -0.52449
fb: -0.06399 -0.10333 0.51724 -0.52449
target: 0.00000 -0.26021
dist/lin/ang/drive_left/drive_right/tv_l/tv_r/av_l/av_r/x/y/theta/t_err: -0.16103 0.00000 -1.98919 0.03934 -0.16732 0.38428 -0.44456 0.38428 -0.44456 0 0 144.22627 -0.16103
fb: -0.06024 -0.14764 0.28629 -0.29378
fb: -0.06399 -0.18701 0.28629 -0.29378
target: 0.00000 -0.23411
dist/lin/ang/drive_left/drive_right/tv_l/tv_r/av_l/av_r/x/y/theta/t_err: -0.14362 0.00000 -1.78968 0.12302 -0.25100 0.39081 -0.46250 0.39081 -0.46250 0 0 143.22904 -0.14362
fb: -0.06399 -0.22415 0.04566 -0.05289
fb: -0.05627 -0.25857 0.04566 -0.05289
target: 0.00000 -0.18498
dist/lin/ang/drive_left/drive_right/tv_l/tv_r/av_l/av_r/x/y/theta/t_err: -0.11356 0.00000 -1.41409 0.20230 -0.31483 0.23647 -0.27856 0.23647 -0.27856 0 0 141.50648 -0.11356
fb: -0.04832 -0.27445 -0.16207 0.16511
fb: -0.04259 -0.27863 -0.16207 0.16511
target: 0.00000 -0.10796
dist/lin/ang/drive_left/drive_right/tv_l/tv_r/av_l/av_r/x/y/theta/t_err: -0.07353 0.00000 -0.82529 0.23605 -0.32122 0.01897 -0.06058 0.01897 -0.06058 0 0 139.21269 -0.07353
fb: -0.04082 -0.27034 -0.32840 0.33222
fb: -0.03685 -0.25787 -0.32840 0.33222
target: 0.00000 -0.00041
dist/lin/ang/drive_left/drive_right/tv_l/tv_r/av_l/av_r/x/y/theta/t_err: -0.03137 0.00000 -0.00314 0.22102 -0.29472 -0.17419 0.15075 -0.17419 0.15075 0 0 136.79737 -0.03137
fb: -0.02913 -0.23627 -0.52276 0.52765
fb: -0.02913 -0.19412 -0.52276 0.52765
target: 0.00000 0.00009
dist/lin/ang/drive_left/drive_right/tv_l/tv_r/av_l/av_r/x/y/theta/t_err: 0.00726 0.00000 0.00073 0.16499 -0.22324 -0.32356 0.30422 -0.32356 0.30422 0 0 134.58417 0.00726
fb: -0.03884 -0.13963 -0.04135 0.04624
fb: -0.04854 -0.07859 -0.04135 0.04624
final error was 1.98753
position: 0.57076 -1.52529 133.01247
took 0.74000 time to finish turn
target: 0.00000 0.07849
dist/lin/ang/drive_left/drive_right/tv_l/tv_r/av_l/av_r/x/y/theta/t_err: 2.35620 0.00000 0.60000 0.00000 0.00000 -0.00033 -0.00033 -0.00033 -0.00033 0 0 -0.00010 2.35620
fb: 0.00000 0.00000 -0.43381 0.43949
fb: 0.00000 0.00000 -0.43381 0.43949
target: 0.00000 0.15697
dist/lin/ang/drive_left/drive_right/tv_l/tv_r/av_l/av_r/x/y/theta/t_err: 2.35620 0.00000 1.20000 0.00000 0.00000 -0.04175 0.10233 -0.04175 0.10233 0 0 -0.00031 2.35620
fb: 0.00000 0.00000 -0.47541 0.48187
fb: 0.00000 0.01122 -0.47541 0.48187
target: 0.00000 0.23546
dist/lin/ang/drive_left/drive_right/tv_l/tv_r/av_l/av_r/x/y/theta/t_err: 2.35621 0.00000 1.80000 -0.01122 0.01122 -0.35097 0.36019 -0.35097 0.36019 0 0 -0.00099 2.35621
fb: 0.00000 0.05713 -0.51700 0.52425
fb: 0.00000 0.10410 -0.51700 0.52425
target: 0.00000 0.31394
dist/lin/ang/drive_left/drive_right/tv_l/tv_r/av_l/av_r/x/y/theta/t_err: 2.35227 0.00000 2.40000 -0.10410 0.10410 -0.43481 0.44097 -0.43481 0.44097 0 0 0.22488 2.35227
fb: 0.00000 0.15315 -0.55860 0.56663
fb: 0.00000 0.19516 -0.55860 0.56663
target: 0.00000 0.39243
dist/lin/ang/drive_left/drive_right/tv_l/tv_r/av_l/av_r/x/y/theta/t_err: 2.33445 0.00000 3.00000 -0.19516 0.19516 -0.47278 0.47158 -0.47278 0.47158 0 0 1.24614 2.33445
fb: 0.00000 0.23439 -0.60020 0.60902
fb: 0.00000 0.27355 -0.60020 0.60902
target: 0.00000 0.47092
dist/lin/ang/drive_left/drive_right/tv_l/tv_r/av_l/av_r/x/y/theta/t_err: 2.30322 0.00000 3.60000 -0.27355 0.27355 -0.50561 0.50494 -0.50561 0.50494 0 0 3.03497 2.30322
fb: 0.00000 0.31675 -0.64180 0.65140
fb: 0.00000 0.35737 -0.64180 0.65140
target: 0.00000 0.54940
dist/lin/ang/drive_left/drive_right/tv_l/tv_r/av_l/av_r/x/y/theta/t_err: 2.25983 0.00000 4.20000 -0.35737 0.35737 -0.54275 0.52325 -0.54275 0.52325 0 0 5.52119 2.25983
fb: 0.00000 0.39590 -0.68339 0.69378
fb: -0.00177 0.43290 -0.68339 0.69378
target: 0.00000 0.62789
dist/lin/ang/drive_left/drive_right/tv_l/tv_r/av_l/av_r/x/y/theta/t_err: 2.20387 0.00000 4.80000 -0.43466 0.43113 -0.57200 0.56414 -0.57200 0.56414 0 0 8.72767 2.20387
fb: -0.00177 0.47143 -0.72499 0.73616
fb: 0.00000 0.50821 -0.72499 0.73616
target: 0.00000 0.70637
dist/lin/ang/drive_left/drive_right/tv_l/tv_r/av_l/av_r/x/y/theta/t_err: 2.13636 0.00000 5.40000 -0.50821 0.50821 -0.60831 0.59050 -0.60831 0.59050 0 0 12.59542 2.13636
fb: 0.00000 0.54410 -0.76659 0.77855
fb: 0.00000 0.57977 -0.76659 0.77855
target: 0.00000 0.78486
dist/lin/ang/drive_left/drive_right/tv_l/tv_r/av_l/av_r/x/y/theta/t_err: 2.05750 0.00000 6.00000 -0.57977 0.57977 -0.63517 0.59819 -0.63517 0.59819 0 0 17.11403 2.05750
fb: 0.00000 0.61336 -0.80819 0.82093
fb: 0.00000 0.64945 -0.80819 0.82093
target: 0.00000 0.86335
dist/lin/ang/drive_left/drive_right/tv_l/tv_r/av_l/av_r/x/y/theta/t_err: 1.96783 0.00000 6.60000 -0.64945 0.64945 -0.64628 0.59014 -0.64628 0.59014 0 0 22.25177 1.96783
fb: -0.01169 0.68686 -0.84978 0.86331
fb: -0.02714 0.72107 -0.84978 0.86331
target: 0.00000 0.94183
dist/lin/ang/drive_left/drive_right/tv_l/tv_r/av_l/av_r/x/y/theta/t_err: 1.86735 0.00000 7.20000 -0.74821 0.69394 -0.63275 0.60967 -0.63275 0.60967 0 0 28.00900 1.86735
fb: -0.02912 0.74985 -0.89138 0.90569
fb: -0.03508 0.77786 -0.89138 0.90569
target: 0.00000 1.02032
dist/lin/ang/drive_left/drive_right/tv_l/tv_r/av_l/av_r/x/y/theta/t_err: 1.75636 0.00000 7.80000 -0.81294 0.74278 -0.66494 0.63414 -0.66494 0.63414 0 0 34.36776 1.75636
fb: -0.04258 0.80273 -0.93298 0.94808
fb: -0.05626 0.82196 -0.93298 0.94808
target: 0.00000 1.04648
dist/lin/ang/drive_left/drive_right/tv_l/tv_r/av_l/av_r/x/y/theta/t_err: 1.63679 0.00000 8.00000 -0.87822 0.76571 -0.65961 0.58742 -0.65961 0.58742 0 0 41.21871 1.63679
fb: -0.07192 0.84510 -0.71139 0.72674
fb: -0.07369 0.86412 -0.71139 0.72674
target: 0.00000 1.04648
dist/lin/ang/drive_left/drive_right/tv_l/tv_r/av_l/av_r/x/y/theta/t_err: 1.51037 0.00000 8.00000 -0.93781 0.79043 -0.62881 0.56450 -0.62881 0.56450 0 0 48.46212 1.51037
fb: -0.09112 0.88864 -0.59366 0.60902
fb: -0.10457 0.89708 -0.59366 0.60902
target: 0.00000 1.04648
dist/lin/ang/drive_left/drive_right/tv_l/tv_r/av_l/av_r/x/y/theta/t_err: 1.37740 0.00000 8.00000 -1.00165 0.79250 -0.62386 0.55081 -0.62386 0.55081 0 0 56.08051 1.37740
fb: -0.11229 0.90188 -0.59366 0.60902
fb: -0.12597 0.91470 -0.59366 0.60902
target: 0.00000 1.04648
dist/lin/ang/drive_left/drive_right/tv_l/tv_r/av_l/av_r/x/y/theta/t_err: 1.24020 0.00000 8.00000 -1.04067 0.78873 -0.58503 0.56583 -0.58503 0.56583 0 0 63.94200 1.24020
fb: -0.12796 0.92613 -0.59366 0.60902
fb: -0.13391 0.93958 -0.59366 0.60902
target: 0.00000 1.04648
dist/lin/ang/drive_left/drive_right/tv_l/tv_r/av_l/av_r/x/y/theta/t_err: 1.10001 0.00000 8.00000 -1.07349 0.80567 -0.57972 0.57836 -0.57972 0.57836 0 0 71.97404 1.10001
fb: -0.14560 0.94919 -0.59366 0.60902
fb: -0.14935 0.95818 -0.59366 0.60902
target: 0.00000 1.04648
dist/lin/ang/drive_left/drive_right/tv_l/tv_r/av_l/av_r/x/y/theta/t_err: 0.95607 0.00000 8.00000 -1.10753 0.80883 -0.58075 0.57992 -0.58075 0.57992 0 0 80.22116 0.95607
fb: -0.15707 0.96438 -0.59366 0.60902
fb: -0.16855 0.97212 -0.59366 0.60902
target: 0.00000 1.04648
dist/lin/ang/drive_left/drive_right/tv_l/tv_r/av_l/av_r/x/y/theta/t_err: 0.80935 0.00000 8.00000 -1.14066 0.80357 -0.58264 0.58089 -0.58264 0.58089 0 0 88.62775 0.80935
fb: -0.16082 0.97776 -0.59366 0.60902
fb: -0.15332 0.98717 -0.59366 0.60902
target: 0.00000 0.74146
dist/lin/ang/drive_left/drive_right/tv_l/tv_r/av_l/av_r/x/y/theta/t_err: 0.66034 0.00000 5.66823 -1.14049 0.83384 -0.57853 0.57939 -0.57853 0.57939 0 0 97.16528 0.66034
fb: -0.14737 0.99622 1.00000 -1.00000
fb: -0.15310 1.00403 1.00000 -1.00000
target: 0.00000 0.62536
dist/lin/ang/drive_left/drive_right/tv_l/tv_r/av_l/av_r/x/y/theta/t_err: 0.50891 0.00000 4.78065 -1.15713 0.85093 -0.28267 0.58042 -0.28267 0.58042 0 0 105.84166 0.50891
fb: -0.17648 1.00911 0.23005 -0.22869
fb: -0.17847 1.00040 0.31929 -0.13946
target: 0.00000 0.48778
dist/lin/ang/drive_left/drive_right/tv_l/tv_r/av_l/av_r/x/y/theta/t_err: 0.35497 0.00000 3.72894 -1.17887 0.82194 0.11225 -0.05800 0.11225 -0.05800 0 0 114.66175 0.35497
fb: -0.18024 0.95491 0.48970 -0.30948
fb: -0.17825 0.88300 0.48871 -0.31048
target: 0.00000 0.31887
dist/lin/ang/drive_left/drive_right/tv_l/tv_r/av_l/av_r/x/y/theta/t_err: 0.20378 0.00000 2.43766 -1.06126 0.70475 0.28883 -0.13639 0.28883 -0.13639 0 0 123.32406 0.20378
fb: -0.16679 0.81876 0.63013 -0.63183
fb: -0.17253 0.74671 0.63013 -0.63183
target: 0.00000 0.10173
dist/lin/ang/drive_left/drive_right/tv_l/tv_r/av_l/av_r/x/y/theta/t_err: 0.07067 0.00000 0.77769 -0.91924 0.57419 0.38517 -0.26711 0.38517 -0.26711 0 0 130.95105 0.07067
fb: -0.17253 0.67049 0.96224 -0.96612
fb: -0.16680 0.59266 0.96224 -0.96612
target: 0.00000 0.02324
dist/lin/ang/drive_left/drive_right/tv_l/tv_r/av_l/av_r/x/y/theta/t_err: -0.04095 0.00000 0.17769 -0.75946 0.42586 0.40881 -0.50272 0.40881 -0.50272 0 0 137.34636 -0.04095
fb: -0.16107 0.51344 0.37989 -0.38455
fb: -0.14739 0.43115 0.37989 -0.38455
target: 0.00000 -0.05524
dist/lin/ang/drive_left/drive_right/tv_l/tv_r/av_l/av_r/x/y/theta/t_err: -0.12880 0.00000 -0.42231 -0.57855 0.28376 0.31500 -0.38397 0.31500 -0.38397 0 0 142.37990 -0.12880
fb: -0.14342 0.34211 0.42149 -0.42693
fb: -0.16483 0.25982 0.42149 -0.42693
target: 0.00000 -0.13373
dist/lin/ang/drive_left/drive_right/tv_l/tv_r/av_l/av_r/x/y/theta/t_err: -0.19146 0.00000 -1.02231 -0.42465 0.09499 0.34183 -0.35572 0.34183 -0.35572 0 0 145.96968 -0.19146
fb: -0.15711 0.18701 0.46309 -0.46932
fb: -0.14365 0.11928 0.46309 -0.46932
target: 0.00000 -0.21221
dist/lin/ang/drive_left/drive_right/tv_l/tv_r/av_l/av_r/x/y/theta/t_err: -0.22865 0.00000 -1.62231 -0.26293 -0.02436 0.37611 -0.39306 0.37611 -0.39306 0 0 148.10080 -0.22865
fb: -0.12224 0.05240 0.50468 -0.51170
fb: -0.07944 -0.01289 0.50468 -0.51170
target: 0.00000 -0.29070
dist/lin/ang/drive_left/drive_right/tv_l/tv_r/av_l/av_r/x/y/theta/t_err: -0.24437 0.00000 -2.22231 -0.06655 -0.09233 0.39031 -0.43139 0.39031 -0.43139 0 0 149.00129 -0.24437
fb: -0.07171 -0.07393 0.54628 -0.55408
fb: -0.07944 -0.12911 0.54628 -0.55408
target: 0.00000 -0.36403
dist/lin/ang/drive_left/drive_right/tv_l/tv_r/av_l/av_r/x/y/theta/t_err: -0.24012 0.00000 -2.78287 0.04967 -0.20855 0.37047 -0.46919 0.37047 -0.46919 0 0 148.75782 -0.24012
fb: -0.09687 -0.17712 0.56193 -0.57046
fb: -0.10481 -0.21704 0.56193 -0.57046
target: 0.00000 -0.33764
dist/lin/ang/drive_left/drive_right/tv_l/tv_r/av_l/av_r/x/y/theta/t_err: -0.21852 0.00000 -2.58113 0.11223 -0.32185 0.48044 -0.48425 0.48044 -0.48425 0 0 147.52046 -0.21852
fb: -0.08937 -0.25209 0.09922 -0.10749
fb: -0.07171 -0.28832 0.09922 -0.10749
target: 0.00000 -0.29249
dist/lin/ang/drive_left/drive_right/tv_l/tv_r/av_l/av_r/x/y/theta/t_err: -0.18394 0.00000 -2.23599 0.21661 -0.36003 0.45961 -0.47417 0.45961 -0.47417 0 0 145.53872 -0.18394
fb: -0.06200 -0.32553 -0.08717 0.08914
fb: -0.05825 -0.34984 -0.08717 0.08914
target: 0.00000 -0.22581
dist/lin/ang/drive_left/drive_right/tv_l/tv_r/av_l/av_r/x/y/theta/t_err: -0.13830 0.00000 -1.72623 0.29159 -0.40809 0.12936 -0.13208 0.12936 -0.13208 0 0 142.92387 -0.13830
fb: -0.05825 -0.34489 -0.21941 0.22205
fb: -0.06002 -0.33207 -0.21941 0.22205
target: 0.00000 -0.13210
dist/lin/ang/drive_left/drive_right/tv_l/tv_r/av_l/av_r/x/y/theta/t_err: -0.08514 0.00000 -1.00990 0.27206 -0.39209 -0.06022 0.07117 -0.06022 0.07117 0 0 139.87842 -0.08514
fb: -0.05627 -0.31354 -0.39067 0.39425
fb: -0.04457 -0.27111 -0.39067 0.39425
target: 0.00000 -0.00046
dist/lin/ang/drive_left/drive_right/tv_l/tv_r/av_l/av_r/x/y/theta/t_err: -0.03496 0.00000 -0.00350 0.22654 -0.31568 -0.18342 0.20858 -0.18342 0.20858 0 0 137.00335 -0.03496
fb: -0.04259 -0.21537 -0.63119 0.63608
fb: -0.05053 -0.15294 -0.63119 0.63608
target: 0.00000 0.00006
dist/lin/ang/drive_left/drive_right/tv_l/tv_r/av_l/av_r/x/y/theta/t_err: 0.00435 0.00000 0.00043 0.10241 -0.20347 -0.34172 0.35950 -0.34172 0.35950 0 0 134.75086 0.00435
fb: -0.06200 -0.09197 -0.04137 0.04626
fb: -0.07569 -0.02655 -0.04137 0.04626
target: 0.00000 0.00033
dist/lin/ang/drive_left/drive_right/tv_l/tv_r/av_l/av_r/x/y/theta/t_err: 0.02556 0.00000 0.00256 -0.04914 -0.10223 -0.54019 0.41664 -0.54019 0.41664 0 0 133.53524 0.02556
fb: -0.08142 0.03644 -0.04045 0.04535
fb: -0.06774 0.08250 -0.04045 0.04535
target: 0.00000 0.00036
dist/lin/ang/drive_left/drive_right/tv_l/tv_r/av_l/av_r/x/y/theta/t_err: 0.02727 0.00000 0.00273 -0.15024 0.01475 -0.08214 0.07817 -0.08214 0.07817 0 0 133.43769 0.02727
fb: -0.04854 0.09455 -0.03931 0.04421
fb: -0.04854 0.08703 -0.03931 0.04421
final error was 0.83557
position: 0.84380 -1.82620 134.16443
took 0.80000 time to finish turn
target: 0.00000 0.07849
dist/lin/ang/drive_left/drive_right/tv_l/tv_r/av_l/av_r/x/y/theta/t_err: 2.35620 0.00000 0.60000 0.00000 0.00000 -0.00017 0.00000 -0.00017 0.00000 0 0 -0.00005 2.35620
fb: 0.00000 0.00000 -0.43381 0.43949
fb: 0.00000 0.00000 -0.43381 0.43949
target: 0.00000 0.15697
dist/lin/ang/drive_left/drive_right/tv_l/tv_r/av_l/av_r/x/y/theta/t_err: 2.35620 0.00000 1.20000 0.00000 0.00000 -0.04072 0.03900 -0.04072 0.03900 0 0 -0.00004 2.35620
fb: 0.00000 0.00000 -0.47541 0.48187
fb: 0.00000 0.00766 -0.47541 0.48187
target: 0.00000 0.23546
dist/lin/ang/drive_left/drive_right/tv_l/tv_r/av_l/av_r/x/y/theta/t_err: 2.35620 0.00000 1.80000 -0.00766 0.00766 -0.37728 0.35042 -0.37728 0.35042 0 0 -0.00022 2.35620
fb: 0.00000 0.04362 -0.51700 0.52425
fb: 0.00000 0.09323 -0.51700 0.52425
target: 0.00000 0.31394
dist/lin/ang/drive_left/drive_right/tv_l/tv_r/av_l/av_r/x/y/theta/t_err: 2.35347 0.00000 2.40000 -0.09323 0.09323 -0.44111 0.43550 -0.44111 0.43550 0 0 0.15612 2.35347
fb: 0.00000 0.13615 -0.55860 0.56663
fb: 0.00000 0.18046 -0.55860 0.56663
target: 0.00000 0.39243
dist/lin/ang/drive_left/drive_right/tv_l/tv_r/av_l/av_r/x/y/theta/t_err: 2.33771 0.00000 3.00000 -0.18046 0.18046 -0.48306 0.47447 -0.48306 0.47447 0 0 1.05895 2.33771
fb: 0.00000 0.21969 -0.60020 0.60902
fb: 0.00000 0.25724 -0.60020 0.60902
target: 0.00000 0.47092
dist/lin/ang/drive_left/drive_right/tv_l/tv_r/av_l/av_r/x/y/theta/t_err: 2.30874 0.00000 3.60000 -0.25724 0.25724 -0.52481 0.51539 -0.52481 0.51539 0 0 2.71902 2.30874
fb: 0.00000 0.30246 -0.64180 0.65140
fb: 0.00000 0.34991 -0.64180 0.65140
target: 0.00000 0.54940
dist/lin/ang/drive_left/drive_right/tv_l/tv_r/av_l/av_r/x/y/theta/t_err: 2.26768 0.00000 4.20000 -0.34991 0.34991 -0.54839 0.55561 -0.54839 0.55561 0 0 5.07164 2.26768
fb: 0.00000 0.39060 -0.68339 0.69378
fb: 0.00000 0.42934 -0.68339 0.69378
target: 0.00000 0.62789
dist/lin/ang/drive_left/drive_right/tv_l/tv_r/av_l/av_r/x/y/theta/t_err: 2.21285 0.00000 4.80000 -0.42934 0.42934 -0.58400 0.58158 -0.58400 0.58158 0 0 8.21301 2.21285
fb: 0.00000 0.47136 -0.72499 0.73616
fb: 0.00000 0.51267 -0.72499 0.73616
target: 0.00000 0.70637
dist/lin/ang/drive_left/drive_right/tv_l/tv_r/av_l/av_r/x/y/theta/t_err: 2.14574 0.00000 5.40000 -0.51267 0.51267 -0.60606 0.60178 -0.60606 0.60178 0 0 12.05805 2.14574
fb: 0.00000 0.54995 -0.76659 0.77855
fb: 0.00375 0.58646 -0.76659 0.77855
target: 0.00000 0.78486
dist/lin/ang/drive_left/drive_right/tv_l/tv_r/av_l/av_r/x/y/theta/t_err: 2.06614 0.00000 6.00000 -0.58271 0.59021 -0.63444 0.59408 -0.63444 0.59408 0 0 16.61874 2.06614
fb: 0.00000 0.62304 -0.80819 0.82093
fb: -0.00375 0.65558 -0.80819 0.82093
target: 0.00000 0.86335
dist/lin/ang/drive_left/drive_right/tv_l/tv_r/av_l/av_r/x/y/theta/t_err: 1.97525 0.00000 6.60000 -0.65933 0.65183 -0.62011 0.62797 -0.62011 0.62797 0 0 21.82637 1.97525
fb: 0.00000 0.68874 -0.84978 0.86331
fb: 0.00000 0.71940 -0.84978 0.86331
target: 0.00000 0.94183
dist/lin/ang/drive_left/drive_right/tv_l/tv_r/av_l/av_r/x/y/theta/t_err: 1.87398 0.00000 7.20000 -0.71940 0.71940 -0.65175 0.58281 -0.65175 0.58281 0 0 27.62874 1.87398
fb: 0.00000 0.75048 -0.89138 0.90569
fb: -0.00199 0.77765 -0.89138 0.90569
target: 0.00000 1.02032
dist/lin/ang/drive_left/drive_right/tv_l/tv_r/av_l/av_r/x/y/theta/t_err: 1.76297 0.00000 7.80000 -0.77964 0.77567 -0.61719 0.67247 -0.61719 0.67247 0 0 33.98932 1.76297
fb: -0.00199 0.80364 -0.93298 0.94808
fb: 0.00000 0.82803 -0.93298 0.94808
target: 0.00000 1.04648
dist/lin/ang/drive_left/drive_right/tv_l/tv_r/av_l/av_r/x/y/theta/t_err: 1.64327 0.00000 8.00000 -0.82803 0.82803 -0.64150 0.41356 -0.64150 0.41356 0 0 40.84730 1.64327
fb: 0.00000 0.84754 -0.71139 0.72674
fb: 0.00000 0.85966 -0.71139 0.72674
target: 0.00000 1.04648
dist/lin/ang/drive_left/drive_right/tv_l/tv_r/av_l/av_r/x/y/theta/t_err: 1.51610 0.00000 8.00000 -0.85966 0.85966 -0.46697 0.67894 -0.46697 0.67894 0 0 48.13397 1.51610
fb: -0.02714 0.86656 -0.59366 0.60902
fb: -0.06398 0.87422 -0.59366 0.60902
target: 0.00000 1.04648
dist/lin/ang/drive_left/drive_right/tv_l/tv_r/av_l/av_r/x/y/theta/t_err: 1.38453 0.00000 8.00000 -0.93820 0.81024 -0.60453 0.51744 -0.60453 0.51744 0 0 55.67246 1.38453
fb: -0.08141 0.87931 -0.59366 0.60902
fb: -0.09112 0.89025 -0.59366 0.60902
target: 0.00000 1.04648
dist/lin/ang/drive_left/drive_right/tv_l/tv_r/av_l/av_r/x/y/theta/t_err: 1.25070 0.00000 8.00000 -0.98136 0.79913 -0.58503 0.57444 -0.58503 0.57444 0 0 63.34028 1.25070
fb: -0.11649 0.89979 -0.59366 0.60902
fb: -0.13965 0.91268 -0.59366 0.60902
target: 0.00000 1.04648
dist/lin/ang/drive_left/drive_right/tv_l/tv_r/av_l/av_r/x/y/theta/t_err: 1.11416 0.00000 8.00000 -1.05233 0.77303 -0.57833 0.57836 -0.57833 0.57836 0 0 71.16319 1.11416
fb: -0.13369 0.92745 -0.59366 0.60902
fb: -0.12222 0.93965 -0.59366 0.60902
target: 0.00000 1.04648
dist/lin/ang/drive_left/drive_right/tv_l/tv_r/av_l/av_r/x/y/theta/t_err: 0.97396 0.00000 8.00000 -1.06187 0.81743 -0.57906 0.58075 -0.57906 0.58075 0 0 79.19606 0.97396
fb: -0.12222 0.95121 -0.59366 0.60902
fb: -0.12200 0.96055 -0.59366 0.60902
target: 0.00000 1.04648
dist/lin/ang/drive_left/drive_right/tv_l/tv_r/av_l/av_r/x/y/theta/t_err: 0.82968 0.00000 8.00000 -1.08255 0.83855 -0.58003 0.58294 -0.58003 0.58294 0 0 87.46285 0.82968
fb: -0.12597 0.97058 -0.59366 0.60902
fb: -0.13589 0.98062 -0.59366 0.60902
target: 0.00000 0.75704
dist/lin/ang/drive_left/drive_right/tv_l/tv_r/av_l/av_r/x/y/theta/t_err: 0.68215 0.00000 5.78731 -1.11651 0.84472 -0.58158 0.58025 -0.58158 0.58025 0 0 95.91547 0.68215
fb: -0.13567 0.98926 0.94028 -0.93761
fb: -0.15707 0.99532 0.94028 -0.93761
target: 0.00000 0.64376
dist/lin/ang/drive_left/drive_right/tv_l/tv_r/av_l/av_r/x/y/theta/t_err: 0.53160 0.00000 4.92135 -1.15239 0.83825 -0.27717 0.47994 -0.27717 0.47994 0 0 104.54152 0.53160
fb: -0.17648 1.00013 0.20757 -0.20602
fb: -0.17450 0.99079 0.20757 -0.20602
target: 0.00000 0.51079
dist/lin/ang/drive_left/drive_right/tv_l/tv_r/av_l/av_r/x/y/theta/t_err: 0.37879 0.00000 3.90482 -1.16529 0.81629 0.10539 -0.06983 0.10539 -0.06983 0 0 113.29704 0.37879
fb: -0.17252 0.94195 0.36668 -0.36647
fb: -0.16083 0.87610 0.36668 -0.36647
target: 0.00000 0.35080
dist/lin/ang/drive_left/drive_right/tv_l/tv_r/av_l/av_r/x/y/theta/t_err: 0.22917 0.00000 2.68177 -1.03693 0.71528 0.22500 -0.20772 0.22500 -0.20772 0 0 121.86959 0.22917
fb: -0.14936 0.81799 0.57304 -0.57443
fb: -0.14936 0.75466 0.57304 -0.57443
target: 0.00000 0.15472
dist/lin/ang/drive_left/drive_right/tv_l/tv_r/av_l/av_r/x/y/theta/t_err: 0.09680 0.00000 1.18275 -0.90402 0.60530 0.34069 -0.33247 0.34069 -0.33247 0 0 129.45397 0.09680
fb: -0.15135 0.68770 0.83941 -0.84276
fb: -0.15908 0.61022 0.83941 -0.84276
target: 0.00000 0.07623
dist/lin/ang/drive_left/drive_right/tv_l/tv_r/av_l/av_r/x/y/theta/t_err: -0.01643 0.00000 0.58275 -0.76930 0.45114 0.37283 -0.43514 0.37283 -0.43514 0 0 135.94132 -0.01643
fb: -0.17056 0.52772 0.35181 -0.35594
fb: -0.16659 0.44948 0.35181 -0.35594
target: 0.00000 -0.00226
dist/lin/ang/drive_left/drive_right/tv_l/tv_r/av_l/av_r/x/y/theta/t_err: -0.10682 0.00000 -0.01725 -0.61607 0.28289 0.31536 -0.40244 0.31536 -0.40244 0 0 141.12012 -0.10682
fb: -0.16107 0.37534 0.39341 -0.39832
fb: -0.15909 0.30511 0.39341 -0.39832
target: 0.00000 -0.08074
dist/lin/ang/drive_left/drive_right/tv_l/tv_r/av_l/av_r/x/y/theta/t_err: -0.17298 0.00000 -0.61725 -0.46420 0.14602 0.32717 -0.34819 0.32717 -0.34819 0 0 144.91106 -0.17298
fb: -0.15887 0.23718 0.43500 -0.44070
fb: -0.15137 0.17050 0.43500 -0.44070
target: 0.00000 -0.15923
dist/lin/ang/drive_left/drive_right/tv_l/tv_r/av_l/av_r/x/y/theta/t_err: -0.21728 0.00000 -1.21725 -0.32187 0.01913 0.36975 -0.37764 0.36975 -0.37764 0 0 147.44904 -0.21728
fb: -0.14740 0.10633 0.47660 -0.48309
fb: -0.16682 0.04731 0.47660 -0.48309
target: 0.00000 -0.23771
dist/lin/ang/drive_left/drive_right/tv_l/tv_r/av_l/av_r/x/y/theta/t_err: -0.24099 0.00000 -1.81725 -0.21413 -0.11951 0.39936 -0.40692 0.39936 -0.40692 0 0 148.80796 -0.24099
fb: -0.16108 -0.01191 0.51820 -0.52547
fb: -0.12798 -0.06933 0.51820 -0.52547
target: 0.00000 -0.31620
dist/lin/ang/drive_left/drive_right/tv_l/tv_r/av_l/av_r/x/y/theta/t_err: -0.24596 0.00000 -2.41725 -0.05866 -0.19731 0.42175 -0.44797 0.42175 -0.44797 0 0 149.09238 -0.24596
fb: -0.11232 -0.12674 0.55980 -0.56785
fb: -0.10658 -0.17893 0.55980 -0.56785
target: 0.00000 -0.35561
dist/lin/ang/drive_left/drive_right/tv_l/tv_r/av_l/av_r/x/y/theta/t_err: -0.23312 0.00000 -2.71850 0.07235 -0.28551 0.44506 -0.45308 0.44506 -0.45308 0 0 148.35670 -0.23312
fb: -0.10283 -0.22338 0.40483 -0.41328
fb: -0.09510 -0.26052 0.40483 -0.41328
target: 0.00000 -0.31916
dist/lin/ang/drive_left/drive_right/tv_l/tv_r/av_l/av_r/x/y/theta/t_err: -0.20401 0.00000 -2.43991 0.16541 -0.35562 0.47244 -0.48392 0.47244 -0.48392 0 0 146.68895 -0.20401
fb: -0.10084 -0.29703 0.04419 -0.05227
fb: -0.10856 -0.33479 0.04419 -0.05227
target: 0.00000 -0.26250
dist/lin/ang/drive_left/drive_right/tv_l/tv_r/av_l/av_r/x/y/theta/t_err: -0.16261 0.00000 -2.00673 0.22623 -0.44335 0.32767 -0.29736 0.32767 -0.29736 0 0 144.31665 -0.16261
fb: -0.09113 -0.36587 -0.15489 0.15715
fb: -0.07370 -0.36761 -0.15489 0.15715
target: 0.00000 -0.17894
dist/lin/ang/drive_left/drive_right/tv_l/tv_r/av_l/av_r/x/y/theta/t_err: -0.11011 0.00000 -1.36794 0.29391 -0.44131 0.02872 -0.01764 0.02872 -0.01764 0 0 141.30876 -0.11011
fb: -0.07193 -0.35528 -0.32020 0.32331
fb: -0.06973 -0.33772 -0.32020 0.32331
target: 0.00000 -0.06334
dist/lin/ang/drive_left/drive_right/tv_l/tv_r/av_l/av_r/x/y/theta/t_err: -0.05430 0.00000 -0.48423 0.26799 -0.40744 -0.16408 0.17761 -0.16408 0.17761 0 0 138.11116 -0.05430
fb: -0.05428 -0.29870 -0.52565 0.52991
fb: -0.04457 -0.23780 -0.52565 0.52991
target: 0.00000 -0.00006
dist/lin/ang/drive_left/drive_right/tv_l/tv_r/av_l/av_r/x/y/theta/t_err: -0.00422 0.00000 -0.00042 0.19323 -0.28238 -0.32236 0.30750 -0.32236 0.30750 0 0 135.24198 -0.00422
fb: -0.04457 -0.16938 -0.32378 0.32868
fb: -0.06598 -0.10347 -0.32378 0.32868
target: 0.00000 0.00039
dist/lin/ang/drive_left/drive_right/tv_l/tv_r/av_l/av_r/x/y/theta/t_err: 0.02964 0.00000 0.00296 0.03749 -0.16945 -0.40706 0.41939 -0.40706 0.41939 0 0 133.30202 0.02964
fb: -0.08915 -0.03700 -0.04122 0.04612
fb: -0.08142 0.02000 -0.04122 0.04612
target: 0.00000 0.00056
dist/lin/ang/drive_left/drive_right/tv_l/tv_r/av_l/av_r/x/y/theta/t_err: 0.04299 0.00000 0.00430 -0.10142 -0.06143 -0.22533 0.26436 -0.22533 0.26436 0 0 132.53711 0.04299
fb: -0.06024 0.06034 -0.04011 0.04501
fb: -0.04457 0.07546 -0.04011 0.04501
target: 0.00000 0.00050
dist/lin/ang/drive_left/drive_right/tv_l/tv_r/av_l/av_r/x/y/theta/t_err: 0.03854 0.00000 0.00385 -0.12003 0.03089 -0.05783 0.06211 -0.05783 0.06211 0 0 132.79204 0.03854
fb: -0.03862 0.07427 -0.03903 0.04393
fb: -0.04479 0.06689 -0.03903 0.04393
target: 0.00000 0.00036
dist/lin/ang/drive_left/drive_right/tv_l/tv_r/av_l/av_r/x/y/theta/t_err: 0.02716 0.00000 0.00272 -0.11168 0.02209 -0.04194 0.04275 -0.04194 0.04275 0 0 133.44377 0.02716
fb: -0.04479 0.05818 0.03950 -0.04439
fb: -0.03862 0.05163 0.03950 -0.04439
target: 0.00000 0.00023
dist/lin/ang/drive_left/drive_right/tv_l/tv_r/av_l/av_r/x/y/theta/t_err: 0.01725 0.00000 0.00172 -0.09025 0.01301 -0.01064 0.01917 -0.01064 0.01917 0 0 134.01181 0.01725
fb: -0.03486 0.04647 0.03949 -0.04438
fb: -0.03111 0.04167 0.03949 -0.04438
final error was 0.54306
position: 1.18337 -1.77739 134.45694
took 0.86000 time to finish turn
target: 0.00000 0.07849
dist/lin/ang/drive_left/drive_right/tv_l/tv_r/av_l/av_r/x/y/theta/t_err: 2.35619 0.00000 0.60000 0.00000 0.00000 0.00000 -0.00017 0.00000 -0.00017 0 0 -0.00002 2.35619
fb: 0.00000 0.00000 -0.43381 0.43949
fb: 0.00000 0.00000 -0.43381 0.43949
target: 0.00000 0.15697
dist/lin/ang/drive_left/drive_right/tv_l/tv_r/av_l/av_r/x/y/theta/t_err: 2.35619 0.00000 1.20000 0.00000 0.00000 0.00017 0.02756 0.00017 0.02756 0 0 0.00001 2.35619
fb: 0.00000 0.00000 -0.47541 0.48187
fb: 0.00000 0.00516 -0.47541 0.48187
target: 0.00000 0.23546
dist/lin/ang/drive_left/drive_right/tv_l/tv_r/av_l/av_r/x/y/theta/t_err: 2.35619 0.00000 1.80000 -0.00516 0.00516 -0.34992 0.34769 -0.34992 0.34769 0 0 0.00009 2.35619
fb: 0.00000 0.03846 -0.51700 0.52425
fb: 0.00000 0.09176 -0.51700 0.52425
target: 0.00000 0.31394
dist/lin/ang/drive_left/drive_right/tv_l/tv_r/av_l/av_r/x/y/theta/t_err: 2.35384 0.00000 2.40000 -0.09176 0.09176 -0.43275 0.41767 -0.43275 0.41767 0 0 0.13510 2.35384
fb: -0.00199 0.13559 -0.55860 0.56663
fb: -0.00199 0.18095 -0.55860 0.56663
target: 0.00000 0.39243
dist/lin/ang/drive_left/drive_right/tv_l/tv_r/av_l/av_r/x/y/theta/t_err: 2.33833 0.00000 3.00000 -0.18293 0.17896 -0.47583 0.45669 -0.47583 0.45669 0 0 1.02349 2.33833
fb: 0.00000 0.22073 -0.60020 0.60902
fb: 0.00000 0.26156 -0.60020 0.60902
target: 0.00000 0.47092
dist/lin/ang/drive_left/drive_right/tv_l/tv_r/av_l/av_r/x/y/theta/t_err: 2.30927 0.00000 3.60000 -0.26156 0.26156 -0.50922 0.49861 -0.50922 0.49861 0 0 2.68883 2.30927
fb: -0.00397 0.30622 -0.64180 0.65140
fb: -0.00772 0.35179 -0.64180 0.65140
target: 0.00000 0.54940
dist/lin/ang/drive_left/drive_right/tv_l/tv_r/av_l/av_r/x/y/theta/t_err: 2.26763 0.00000 4.20000 -0.35952 0.34407 -0.53592 0.54636 -0.53592 0.54636 0 0 5.07448 2.26763
fb: -0.00375 0.39450 -0.68339 0.69378
fb: 0.00000 0.43185 -0.68339 0.69378
target: 0.00000 0.62789
dist/lin/ang/drive_left/drive_right/tv_l/tv_r/av_l/av_r/x/y/theta/t_err: 2.21243 0.00000 4.80000 -0.43185 0.43185 -0.54892 0.58483 -0.54892 0.58483 0 0 8.23693 2.21243
fb: -0.00199 0.47031 -0.72499 0.73616
fb: -0.00199 0.50982 -0.72499 0.73616
target: 0.00000 0.70637
dist/lin/ang/drive_left/drive_right/tv_l/tv_r/av_l/av_r/x/y/theta/t_err: 2.14510 0.00000 5.40000 -0.51180 0.50783 -0.55492 0.62883 -0.55492 0.62883 0 0 12.09498 2.14510
fb: 0.00000 0.54723 -0.76659 0.77855
fb: 0.00000 0.58270 -0.76659 0.77855
target: 0.00000 0.78486
dist/lin/ang/drive_left/drive_right/tv_l/tv_r/av_l/av_r/x/y/theta/t_err: 2.06596 0.00000 6.00000 -0.58270 0.58270 -0.61186 0.63600 -0.61186 0.63600 0 0 16.62894 2.06596
fb: 0.00000 0.61858 -0.80819 0.82093
fb: 0.00000 0.64833 -0.80819 0.82093
target: 0.00000 0.86335
dist/lin/ang/drive_left/drive_right/tv_l/tv_r/av_l/av_r/x/y/theta/t_err: 1.97577 0.00000 6.60000 -0.64833 0.64833 -0.57131 0.65533 -0.57131 0.65533 0 0 21.79676 1.97577
fb: 0.00000 0.67822 -0.84978 0.86331
fb: 0.00000 0.70867 -0.84978 0.86331
target: 0.00000 0.94183
dist/lin/ang/drive_left/drive_right/tv_l/tv_r/av_l/av_r/x/y/theta/t_err: 1.87579 0.00000 7.20000 -0.70867 0.70867 -0.63942 0.61239 -0.63942 0.61239 0 0 27.52523 1.87579
fb: 0.00000 0.74093 -0.89138 0.90569
fb: 0.00000 0.76908 -0.89138 0.90569
target: 0.00000 1.02032
dist/lin/ang/drive_left/drive_right/tv_l/tv_r/av_l/av_r/x/y/theta/t_err: 1.76644 0.00000 7.80000 -0.76908 0.76908 -0.58161 0.54944 -0.58161 0.54944 0 0 33.79055 1.76644
fb: 0.00000 0.79382 -0.93298 0.94808
fb: 0.00000 0.80559 -0.93298 0.94808
target: 0.00000 1.04648
dist/lin/ang/drive_left/drive_right/tv_l/tv_r/av_l/av_r/x/y/theta/t_err: 1.64820 0.00000 8.00000 -0.80559 0.80559 -0.67536 0.53008 -0.67536 0.53008 0 0 40.56484 1.64820
fb: -0.04655 0.81604 -0.71139 0.72674
fb: -0.08913 0.83834 -0.71139 0.72674
target: 0.00000 1.04648
dist/lin/ang/drive_left/drive_right/tv_l/tv_r/av_l/av_r/x/y/theta/t_err: 1.52490 0.00000 8.00000 -0.92747 0.74921 -0.56467 0.62864 -0.56467 0.62864 0 0 47.62991 1.52490
fb: -0.07942 0.86516 -0.59366 0.60902
fb: -0.07369 0.87910 -0.59366 0.60902
target: 0.00000 1.04648
dist/lin/ang/drive_left/drive_right/tv_l/tv_r/av_l/av_r/x/y/theta/t_err: 1.39581 0.00000 8.00000 -0.95279 0.80541 -0.52633 0.53456 -0.52633 0.53456 0 0 55.02605 1.39581
fb: -0.08538 0.88648 -0.59366 0.60902
fb: -0.10479 0.89575 -0.59366 0.60902
target: 0.00000 1.04648
dist/lin/ang/drive_left/drive_right/tv_l/tv_r/av_l/av_r/x/y/theta/t_err: 1.26144 0.00000 8.00000 -1.00054 0.79096 -0.57442 0.57358 -0.57442 0.57358 0 0 62.72494 1.26144
fb: -0.11825 0.90349 -0.59366 0.60902
fb: -0.12994 0.90906 -0.59366 0.60902
target: 0.00000 1.04648
dist/lin/ang/drive_left/drive_right/tv_l/tv_r/av_l/av_r/x/y/theta/t_err: 1.12436 0.00000 8.00000 -1.03900 0.77912 -0.58058 0.58261 -0.58058 0.58261 0 0 70.57899 1.12436
fb: -0.12994 0.92097 -0.59366 0.60902
fb: -0.13171 0.93136 -0.59366 0.60902
target: 0.00000 1.04648
dist/lin/ang/drive_left/drive_right/tv_l/tv_r/av_l/av_r/x/y/theta/t_err: 0.98493 0.00000 8.00000 -1.06306 0.79965 -0.58144 0.58025 -0.58144 0.58025 0 0 78.56764 0.98493
fb: -0.14538 0.94090 -0.59366 0.60902
fb: -0.15134 0.95351 -0.59366 0.60902
target: 0.00000 1.04648
dist/lin/ang/drive_left/drive_right/tv_l/tv_r/av_l/av_r/x/y/theta/t_err: 0.84227 0.00000 8.00000 -1.10485 0.80217 -0.58108 0.58247 -0.58108 0.58247 0 0 86.74166 0.84227
fb: -0.15707 0.96591 -0.59366 0.60902
fb: -0.16479 0.97748 -0.59366 0.60902
target: 0.00000 0.76681
dist/lin/ang/drive_left/drive_right/tv_l/tv_r/av_l/av_r/x/y/theta/t_err: 0.69602 0.00000 5.86201 -1.14228 0.81269 -0.58228 0.58058 -0.58228 0.58058 0 0 95.12104 0.69602
fb: -0.16104 0.98542 0.89113 -0.88836
fb: -0.16082 0.99149 0.89113 -0.88836
target: 0.00000 0.65545
dist/lin/ang/drive_left/drive_right/tv_l/tv_r/av_l/av_r/x/y/theta/t_err: 0.54627 0.00000 5.01071 -1.15231 0.83066 -0.58211 0.48236 -0.58211 0.48236 0 0 103.70110 0.54627
fb: -0.16854 0.99776 0.19274 -0.19108
fb: -0.18421 0.98717 0.28485 -0.09898
target: 0.00000 0.52537
dist/lin/ang/drive_left/drive_right/tv_l/tv_r/av_l/av_r/x/y/theta/t_err: 0.39428 0.00000 4.01630 -1.17137 0.80296 0.05253 -0.06519 0.05253 -0.06519 0 0 112.40914 0.39428
fb: -0.19590 0.94362 0.44388 -0.24762
fb: -0.17450 0.87861 0.34593 -0.34557
target: 0.00000 0.37003
dist/lin/ang/drive_left/drive_right/tv_l/tv_r/av_l/av_r/x/y/theta/t_err: 0.24517 0.00000 2.82877 -1.05312 0.70411 0.23972 -0.11669 0.23972 -0.11669 0 0 120.95253 0.24517
fb: -0.16083 0.82064 0.54194 -0.54313
fb: -0.20165 0.75745 0.64277 -0.44231
target: 0.00000 0.18324
dist/lin/ang/drive_left/drive_right/tv_l/tv_r/av_l/av_r/x/y/theta/t_err: 0.11256 0.00000 1.40081 -0.95910 0.55579 0.32989 -0.27361 0.32989 -0.27361 0 0 128.55075 0.11256
fb: -0.22107 0.68533 0.89300 -0.67499
fb: -0.20563 0.60506 0.88528 -0.68271
target: 0.00000 0.10475
dist/lin/ang/drive_left/drive_right/tv_l/tv_r/av_l/av_r/x/y/theta/t_err: -0.00071 0.00000 0.80081 -0.81070 0.39943 0.39508 -0.30525 0.39508 -0.30525 0 0 135.04084 -0.00071
fb: -0.19394 0.53009 0.43366 -0.24357
fb: -0.18049 0.45742 0.42693 -0.25029
target: 0.00000 0.02627
dist/lin/ang/drive_left/drive_right/tv_l/tv_r/av_l/av_r/x/y/theta/t_err: -0.09065 0.00000 0.20081 -0.63791 0.27693 0.29225 -0.35247 0.29225 -0.35247 0 0 140.19374 -0.09065
fb: -0.16681 0.39060 0.37829 -0.38292
fb: -0.14541 0.32274 0.37829 -0.38292
target: 0.00000 -0.05222
dist/lin/ang/drive_left/drive_right/tv_l/tv_r/av_l/av_r/x/y/theta/t_err: -0.15830 0.00000 -0.39919 -0.46815 0.17733 0.33792 -0.26111 0.33792 -0.26111 0 0 144.06974 -0.15830
fb: -0.14541 0.24860 0.41989 -0.42530
fb: -0.15887 0.17356 0.41989 -0.42530
target: 0.00000 -0.13070
dist/lin/ang/drive_left/drive_right/tv_l/tv_r/av_l/av_r/x/y/theta/t_err: -0.20488 0.00000 -0.99919 -0.33243 0.01469 0.34664 -0.34786 0.34664 -0.34786 0 0 146.73868 -0.20488
fb: -0.15512 0.09985 0.46148 -0.46768
fb: -0.15534 0.03658 0.46148 -0.46768
target: 0.00000 -0.20919
dist/lin/ang/drive_left/drive_right/tv_l/tv_r/av_l/av_r/x/y/theta/t_err: -0.22869 0.00000 -1.59919 -0.19192 -0.11876 0.37492 -0.38892 0.37492 -0.38892 0 0 148.10324 -0.22869
fb: -0.14740 -0.02209 0.50308 -0.51007
fb: -0.12600 -0.07609 0.50308 -0.51007
target: 0.00000 -0.28768
dist/lin/ang/drive_left/drive_right/tv_l/tv_r/av_l/av_r/x/y/theta/t_err: -0.23209 0.00000 -2.19919 -0.04991 -0.20208 0.39836 -0.43375 0.39836 -0.43375 0 0 148.29803 -0.23209
fb: -0.11254 -0.12876 0.54468 -0.55245
fb: -0.09885 -0.17398 0.54468 -0.55245
target: 0.00000 -0.33749
dist/lin/ang/drive_left/drive_right/tv_l/tv_r/av_l/av_r/x/y/theta/t_err: -0.21840 0.00000 -2.57999 0.07513 -0.27284 0.43117 -0.47294 0.43117 -0.47294 0 0 147.51361 -0.21840
fb: -0.09885 -0.21565 0.44205 -0.45031
fb: -0.10283 -0.25404 0.44205 -0.45031
target: 0.00000 -0.30092
dist/lin/ang/drive_left/drive_right/tv_l/tv_r/av_l/av_r/x/y/theta/t_err: -0.19016 0.00000 -2.30040 0.15121 -0.35686 0.45856 -0.49433 0.45856 -0.49433 0 0 145.89561 -0.19016
fb: -0.08738 -0.29417 -0.04411 0.04600
fb: -0.09113 -0.33005 -0.04411 0.04600
target: 0.00000 -0.24334
dist/lin/ang/drive_left/drive_right/tv_l/tv_r/av_l/av_r/x/y/theta/t_err: -0.14967 0.00000 -1.86025 0.23892 -0.42118 0.28883 -0.31742 0.28883 -0.31742 0 0 143.57528 -0.14967
fb: -0.10658 -0.35235 -0.16914 0.17160
fb: -0.08341 -0.34733 -0.16914 0.17160
target: 0.00000 -0.15759
dist/lin/ang/drive_left/drive_right/tv_l/tv_r/av_l/av_r/x/y/theta/t_err: -0.09833 0.00000 -1.20471 0.26393 -0.43074 -0.06436 0.02603 -0.06436 0.02603 0 0 140.63389 -0.09833
fb: -0.05053 -0.32915 -0.34138 0.34470
fb: -0.03111 -0.29187 -0.34138 0.34470
target: 0.00000 -0.00060
dist/lin/ang/drive_left/drive_right/tv_l/tv_r/av_l/av_r/x/y/theta/t_err: -0.04605 0.00000 -0.00460 0.26076 -0.32298 -0.20158 0.16478 -0.20158 0.16478 0 0 137.63820 -0.04605
fb: -0.02913 -0.24442 -0.74514 0.75003
fb: -0.05230 -0.17858 -0.74514 0.75003
target: 0.00000 -0.00004
dist/lin/ang/drive_left/drive_right/tv_l/tv_r/av_l/av_r/x/y/theta/t_err: -0.00312 0.00000 -0.00031 0.12628 -0.23087 -0.37147 0.31533 -0.37147 0.31533 0 0 135.17895 -0.00312
fb: -0.07547 -0.11218 -0.04153 0.04642
fb: -0.08341 -0.04787 -0.04153 0.04642
target: 0.00000 0.00028
dist/lin/ang/drive_left/drive_right/tv_l/tv_r/av_l/av_r/x/y/theta/t_err: 0.02177 0.00000 0.00218 -0.03554 -0.13128 -0.39219 0.42606 -0.39219 0.42606 0 0 133.75242 0.02177
fb: -0.08738 0.01394 -0.04064 0.04554
fb: -0.07171 0.05149 -0.04064 0.04554
target: 0.00000 0.00035
dist/lin/ang/drive_left/drive_right/tv_l/tv_r/av_l/av_r/x/y/theta/t_err: 0.02681 0.00000 0.00268 -0.12320 -0.02022 -0.07494 0.08058 -0.07494 0.08058 0 0 133.46388 0.02681
fb: -0.04457 0.06194 -0.03951 0.04440
fb: -0.02913 0.05902 -0.03951 0.04440
final error was 1.07521
position: 1.06957 -1.89238 133.92479
took 0.80000 time to finish turn
increased to 180.00000
target: 0.00000 0.07849
dist/lin/ang/drive_left/drive_right/tv_l/tv_r/av_l/av_r/x/y/theta/t_err: 3.14158 0.00000 0.60000 0.00000 0.00000 -0.00017 -0.00017 -0.00017 -0.00017 0 0 0.00046 3.14158
fb: 0.00000 0.00000 -0.43381 0.43949
fb: 0.00000 0.00000 -0.43381 0.43949
target: 0.00000 0.15697
dist/lin/ang/drive_left/drive_right/tv_l/tv_r/av_l/av_r/x/y/theta/t_err: 3.14158 0.00000 1.20000 0.00000 0.00000 -0.08589 0.03389 -0.08589 0.03389 0 0 0.00067 3.14158
fb: 0.00000 0.00000 -0.47541 0.48187
fb: 0.00000 0.00975 -0.47541 0.48187
target: 0.00000 0.23546
dist/lin/ang/drive_left/drive_right/tv_l/tv_r/av_l/av_r/x/y/theta/t_err: 3.14156 0.00000 1.80000 -0.00975 0.00975 -0.37197 0.35847 -0.37197 0.35847 0 0 0.00199 3.14156
fb: 0.00000 0.05254 -0.51700 0.52425
fb: 0.00000 0.10598 -0.51700 0.52425
target: 0.00000 0.31394
dist/lin/ang/drive_left/drive_right/tv_l/tv_r/av_l/av_r/x/y/theta/t_err: 3.13796 0.00000 2.40000 -0.10598 0.10598 -0.43717 0.43617 -0.43717 0.43617 0 0 0.20791 3.13796
fb: 0.00000 0.15454 -0.55860 0.56663
fb: 0.00000 0.19739 -0.55860 0.56663
target: 0.00000 0.39243
dist/lin/ang/drive_left/drive_right/tv_l/tv_r/av_l/av_r/x/y/theta/t_err: 3.12007 0.00000 3.00000 -0.19739 0.19739 -0.48081 0.43547 -0.48081 0.43547 0 0 1.23329 3.12007
fb: 0.00000 0.23739 -0.60020 0.60902
fb: 0.00000 0.27369 -0.60020 0.60902
target: 0.00000 0.47092
dist/lin/ang/drive_left/drive_right/tv_l/tv_r/av_l/av_r/x/y/theta/t_err: 3.08846 0.00000 3.60000 -0.27369 0.27369 -0.51503 0.48803 -0.51503 0.48803 0 0 3.04434 3.08846
fb: 0.00000 0.31493 -0.64180 0.65140
fb: 0.00000 0.35785 -0.64180 0.65140
target: 0.00000 0.54940
dist/lin/ang/drive_left/drive_right/tv_l/tv_r/av_l/av_r/x/y/theta/t_err: 3.04512 0.00000 4.20000 -0.35785 0.35785 -0.52906 0.54397 -0.52906 0.54397 0 0 5.52741 3.04512
fb: 0.00000 0.39903 -0.68339 0.69378
fb: 0.00000 0.43694 -0.68339 0.69378
target: 0.00000 0.62789
dist/lin/ang/drive_left/drive_right/tv_l/tv_r/av_l/av_r/x/y/theta/t_err: 2.98903 0.00000 4.80000 -0.43694 0.43694 -0.53625 0.56725 -0.53625 0.56725 0 0 8.74109 2.98903
fb: 0.00000 0.47582 -0.72499 0.73616
fb: 0.00000 0.51295 -0.72499 0.73616
target: 0.00000 0.70637
dist/lin/ang/drive_left/drive_right/tv_l/tv_r/av_l/av_r/x/y/theta/t_err: 2.92092 0.00000 5.40000 -0.51295 0.51295 -0.58486 0.57664 -0.58486 0.57664 0 0 12.64359 2.92092
fb: 0.00000 0.54479 -0.76659 0.77855
fb: 0.00000 0.57761 -0.76659 0.77855
target: 0.00000 0.78486
dist/lin/ang/drive_left/drive_right/tv_l/tv_r/av_l/av_r/x/y/theta/t_err: 2.84157 0.00000 6.00000 -0.57761 0.57761 -0.62283 0.53386 -0.62283 0.53386 0 0 17.18993 2.84157
fb: 0.00000 0.61294 -0.80819 0.82093
fb: 0.00000 0.63830 -0.80819 0.82093
target: 0.00000 0.86335
dist/lin/ang/drive_left/drive_right/tv_l/tv_r/av_l/av_r/x/y/theta/t_err: 2.75206 0.00000 6.60000 -0.63830 0.63830 -0.64114 0.56533 -0.64114 0.56533 0 0 22.31837 2.75206
fb: 0.00000 0.66937 -0.84978 0.86331
fb: 0.00000 0.69920 -0.84978 0.86331
target: 0.00000 0.94183
dist/lin/ang/drive_left/drive_right/tv_l/tv_r/av_l/av_r/x/y/theta/t_err: 2.65347 0.00000 7.20000 -0.69920 0.69920 -0.60469 0.56758 -0.60469 0.56758 0 0 27.96734 2.65347
fb: 0.00000 0.72888 -0.89138 0.90569
fb: 0.00000 0.74853 -0.89138 0.90569
target: 0.00000 1.02032
dist/lin/ang/drive_left/drive_right/tv_l/tv_r/av_l/av_r/x/y/theta/t_err: 2.54566 0.00000 7.80000 -0.74853 0.74853 -0.60453 0.56467 -0.60453 0.56467 0 0 34.14449 2.54566
fb: -0.03486 0.76441 -0.93298 0.94808
fb: -0.07369 0.78803 -0.93298 0.94808
target: 0.00000 1.04648
dist/lin/ang/drive_left/drive_right/tv_l/tv_r/av_l/av_r/x/y/theta/t_err: 2.43094 0.00000 8.00000 -0.86172 0.71434 -0.63464 0.61853 -0.63464 0.61853 0 0 40.71715 2.43094
fb: -0.08538 0.81151 -0.71139 0.72674
fb: -0.09685 0.82733 -0.71139 0.72674
target: 0.00000 1.04648
dist/lin/ang/drive_left/drive_right/tv_l/tv_r/av_l/av_r/x/y/theta/t_err: 2.30977 0.00000 8.00000 -0.92418 0.73048 -0.63364 0.43786 -0.63364 0.43786 0 0 47.66006 2.30977
fb: -0.11428 0.83555 -0.59366 0.60902
fb: -0.12222 0.84280 -0.59366 0.60902
target: 0.00000 1.04648
dist/lin/ang/drive_left/drive_right/tv_l/tv_r/av_l/av_r/x/y/theta/t_err: 2.18330 0.00000 8.00000 -0.96502 0.72057 -0.64800 0.59169 -0.64800 0.59169 0 0 54.90615 2.18330
fb: -0.11649 0.86266 -0.59366 0.60902
fb: -0.11825 0.88328 -0.59366 0.60902
target: 0.00000 1.04648
dist/lin/ang/drive_left/drive_right/tv_l/tv_r/av_l/av_r/x/y/theta/t_err: 2.05381 0.00000 8.00000 -1.00153 0.76503 -0.58792 0.57889 -0.58792 0.57889 0 0 62.32545 2.05381
fb: -0.12399 0.89854 -0.59366 0.60902
fb: -0.12597 0.91045 -0.59366 0.60902
target: 0.00000 1.04648
dist/lin/ang/drive_left/drive_right/tv_l/tv_r/av_l/av_r/x/y/theta/t_err: 1.91838 0.00000 8.00000 -1.03642 0.78448 -0.58039 0.58556 -0.58039 0.58556 0 0 70.08508 1.91838
fb: -0.13391 0.92063 -0.59366 0.60902
fb: -0.13965 0.93435 -0.59366 0.60902
target: 0.00000 1.04648
dist/lin/ang/drive_left/drive_right/tv_l/tv_r/av_l/av_r/x/y/theta/t_err: 1.77896 0.00000 8.00000 -1.07400 0.79470 -0.57886 0.58158 -0.57886 0.58158 0 0 78.07302 1.77896
fb: -0.14737 0.94397 -0.59366 0.60902
fb: -0.14737 0.95595 -0.59366 0.60902
target: 0.00000 1.04648
dist/lin/ang/drive_left/drive_right/tv_l/tv_r/av_l/av_r/x/y/theta/t_err: 1.63585 0.00000 8.00000 -1.10332 0.80858 -0.58128 0.57992 -0.58128 0.57992 0 0 86.27256 1.63585
fb: -0.15310 0.96696 -0.59366 0.60902
fb: -0.17075 0.97755 -0.59366 0.60902
target: 0.00000 1.04648
dist/lin/ang/drive_left/drive_right/tv_l/tv_r/av_l/av_r/x/y/theta/t_err: 1.48931 0.00000 8.00000 -1.14830 0.80680 -0.58211 0.57992 -0.58211 0.57992 0 0 94.66870 1.48931
fb: -0.17053 0.98570 -0.59366 0.60902
fb: -0.17450 0.99079 -0.59366 0.60902
target: 0.00000 1.04648
dist/lin/ang/drive_left/drive_right/tv_l/tv_r/av_l/av_r/x/y/theta/t_err: 1.33944 0.00000 8.00000 -1.16529 0.81629 -0.58464 0.58142 -0.58464 0.58142 0 0 103.25591 1.33944
fb: -0.18421 0.99769 -0.50155 0.70112
fb: -0.18796 1.00417 -0.49968 0.70299
target: 0.00000 1.04648
dist/lin/ang/drive_left/drive_right/tv_l/tv_r/av_l/av_r/x/y/theta/t_err: 1.18748 0.00000 8.00000 -1.19212 0.81621 -0.57389 0.58656 -0.57389 0.58656 0 0 111.96218 1.18748
fb: -0.19193 1.01343 -0.49769 0.70498
fb: -0.21729 1.01789 -0.48501 0.71766
target: 0.00000 1.04648
dist/lin/ang/drive_left/drive_right/tv_l/tv_r/av_l/av_r/x/y/theta/t_err: 1.03328 0.00000 8.00000 -1.23519 0.80060 -0.50014 0.66592 -0.50014 0.66592 0 0 120.79717 1.03328
fb: -0.21332 1.02472 -0.48700 0.71568
fb: -0.18994 1.03016 -0.49869 0.70399
target: 0.00000 1.04648
dist/lin/ang/drive_left/drive_right/tv_l/tv_r/av_l/av_r/x/y/theta/t_err: 0.87705 0.00000 8.00000 -1.22009 0.84022 -0.48200 0.66764 -0.48200 0.66764 0 0 129.74863 0.87705
fb: -0.18222 1.03510 -0.50255 0.70012
fb: -0.16280 1.03873 -0.59366 0.60902
target: 0.00000 0.78276
dist/lin/ang/drive_left/drive_right/tv_l/tv_r/av_l/av_r/x/y/theta/t_err: 0.71896 0.00000 5.98398 -1.20153 0.87592 -0.48661 0.66969 -0.48661 0.66969 0 0 138.80664 0.71896
fb: -0.15332 1.04228 0.81088 -0.80794
fb: -0.14935 1.04625 0.81088 -0.80794
target: 0.00000 0.66590
dist/lin/ang/drive_left/drive_right/tv_l/tv_r/av_l/av_r/x/y/theta/t_err: 0.55955 0.00000 5.09059 -1.19560 0.89690 -0.28644 0.49314 -0.28644 0.49314 0 0 147.94018 0.55955
fb: -0.15111 1.04423 0.21199 -0.21022
fb: -0.15905 1.01741 0.21199 -0.21022
target: 0.00000 0.52993
dist/lin/ang/drive_left/drive_right/tv_l/tv_r/av_l/av_r/x/y/theta/t_err: 0.39919 0.00000 4.05112 -1.17646 0.85835 0.11719 -0.03969 0.11719 -0.03969 0 0 157.12816 0.39919
fb: -0.13964 0.95686 0.37004 -0.36964
fb: -0.11229 0.88119 0.37004 -0.36964
target: 0.00000 0.37065
dist/lin/ang/drive_left/drive_right/tv_l/tv_r/av_l/av_r/x/y/theta/t_err: 0.24570 0.00000 2.83348 -0.99348 0.76890 0.23286 -0.19625 0.23286 -0.19625 0 0 165.92261 0.24570
fb: -0.10479 0.81437 0.55934 -0.56052
fb: -0.11252 0.74421 0.55934 -0.56052
target: 0.00000 0.18397
dist/lin/ang/drive_left/drive_right/tv_l/tv_r/av_l/av_r/x/y/theta/t_err: 0.11298 0.00000 1.40639 -0.85673 0.63169 0.37131 -0.33281 0.37131 -0.33281 0 0 173.52676 0.11298
fb: -0.12201 0.66986 0.78157 -0.78463
fb: -0.10480 0.58402 0.78157 -0.78463
target: 0.00000 0.00002
dist/lin/ang/drive_left/drive_right/tv_l/tv_r/av_l/av_r/x/y/theta/t_err: 0.00165 0.00000 0.00017 -0.68882 0.47922 0.41050 -0.42314 0.41050 -0.42314 0 0 179.90539 0.00165
fb: -0.07568 0.50090 0.86678 -0.87167
fb: -0.06972 0.42363 0.86678 -0.87167
target: 0.00000 -0.07846
dist/lin/ang/drive_left/drive_right/tv_l/tv_r/av_l/av_r/x/y/theta/t_err: -0.08477 0.00000 -0.59983 -0.49335 0.35390 0.37986 -0.39853 0.37986 -0.39853 0 0 184.85722 -0.08477
fb: -0.07767 0.34935 0.43380 -0.43947
fb: -0.08738 0.27564 0.43380 -0.43947
target: 0.00000 -0.15695
dist/lin/ang/drive_left/drive_right/tv_l/tv_r/av_l/av_r/x/y/theta/t_err: -0.14700 0.00000 -1.19983 -0.36302 0.18826 0.42500 -0.45239 0.42500 -0.45239 0 0 188.42269 -0.14700
fb: -0.09312 0.20310 0.47539 -0.48186
fb: -0.07546 0.13364 0.47539 -0.48186
target: 0.00000 -0.23544
dist/lin/ang/drive_left/drive_right/tv_l/tv_r/av_l/av_r/x/y/theta/t_err: -0.18653 0.00000 -1.79983 -0.20910 0.05817 0.40261 -0.27086 0.40261 -0.27086 0 0 190.68722 -0.18653
fb: -0.05230 0.06786 0.51699 -0.52424
fb: -0.03508 0.00300 0.51699 -0.52424
target: 0.00000 -0.31392
dist/lin/ang/drive_left/drive_right/tv_l/tv_r/av_l/av_r/x/y/theta/t_err: -0.20453 0.00000 -2.39983 -0.03808 -0.03209 0.40639 -0.40536 0.40639 -0.40536 0 0 191.71880 -0.20453
fb: -0.02714 -0.05888 0.55859 -0.56662
fb: -0.03862 -0.11246 0.55859 -0.56662
target: 0.00000 -0.31741
dist/lin/ang/drive_left/drive_right/tv_l/tv_r/av_l/av_r/x/y/theta/t_err: -0.20266 0.00000 -2.42647 0.07384 -0.15107 0.43461 -0.44183 0.43461 -0.44183 0 0 191.61129 -0.20266
fb: -0.04082 -0.16200 0.22292 -0.23099
fb: -0.03685 -0.20338 0.22292 -0.23099
target: 0.00000 -0.29189
dist/lin/ang/drive_left/drive_right/tv_l/tv_r/av_l/av_r/x/y/theta/t_err: -0.18349 0.00000 -2.23139 0.16653 -0.24023 0.43325 -0.35181 0.43325 -0.35181 0 0 190.51345 -0.18349
fb: -0.02714 -0.23523 0.07889 -0.08671
fb: -0.01169 -0.24867 0.07889 -0.08671
target: 0.00000 -0.24551
dist/lin/ang/drive_left/drive_right/tv_l/tv_r/av_l/av_r/x/y/theta/t_err: -0.15111 0.00000 -1.87686 0.23698 -0.26037 0.20878 -0.20206 0.20878 -0.20206 0 0 188.65778 -0.15111
fb: -0.00772 -0.25111 -0.11759 0.12003
fb: -0.00772 -0.24428 -0.11759 0.12003
target: 0.00000 -0.18396
dist/lin/ang/drive_left/drive_right/tv_l/tv_r/av_l/av_r/x/y/theta/t_err: -0.11297 0.00000 -1.40630 0.23656 -0.25201 0.04603 -0.05339 0.04603 -0.05339 0 0 186.47286 -0.11297
fb: -0.01147 -0.23314 -0.21852 0.22157
fb: -0.01567 -0.22066 -0.21852 0.22157
target: 0.00000 -0.11314
dist/lin/ang/drive_left/drive_right/tv_l/tv_r/av_l/av_r/x/y/theta/t_err: -0.07595 0.00000 -0.86493 0.20500 -0.23633 -0.11517 0.12100 -0.11517 0.12100 0 0 184.35154 -0.07595
fb: -0.01169 -0.20004 -0.29773 0.30149
fb: -0.00375 -0.16186 -0.29773 0.30149
target: 0.00000 -0.00056
dist/lin/ang/drive_left/drive_right/tv_l/tv_r/av_l/av_r/x/y/theta/t_err: -0.04294 0.00000 -0.00429 0.15811 -0.16561 -0.20908 0.21458 -0.20908 0.21458 0 0 182.46033 -0.04294
fb: -0.00199 -0.11051 -0.54534 0.55022
fb: -0.00199 -0.06027 -0.54534 0.55022
target: 0.00000 -0.00026
dist/lin/ang/drive_left/drive_right/tv_l/tv_r/av_l/av_r/x/y/theta/t_err: -0.02022 0.00000 -0.00202 0.05828 -0.06226 -0.30817 0.33436 -0.30817 0.33436 0 0 181.15858 -0.02022
fb: 0.00000 -0.00537 -0.04022 0.04511
fb: -0.00397 0.05184 -0.04022 0.04511
target: 0.00000 -0.00017
dist/lin/ang/drive_left/drive_right/tv_l/tv_r/av_l/av_r/x/y/theta/t_err: -0.01315 0.00000 -0.00131 -0.05581 0.04787 -0.36344 0.33572 -0.36344 0.33572 0 0 180.75330 -0.01315
fb: -0.00772 0.10040 -0.03935 0.04424
fb: -0.00772 0.11148 -0.03935 0.04424
target: 0.00000 -0.00030
dist/lin/ang/drive_left/drive_right/tv_l/tv_r/av_l/av_r/x/y/theta/t_err: -0.02294 0.00000 -0.00229 -0.11920 0.10376 -0.07272 0.06844 -0.07272 0.06844 0 0 181.31415 -0.02294
fb: -0.00772 0.09978 0.03976 -0.04465
fb: -0.00375 0.08584 0.03976 -0.04465
target: 0.00000 -0.00051
dist/lin/ang/drive_left/drive_right/tv_l/tv_r/av_l/av_r/x/y/theta/t_err: -0.03937 0.00000 -0.00394 -0.08959 0.08209 -0.01164 0.01608 -0.01164 0.01608 0 0 182.25569 -0.03937
fb: -0.00397 0.07511 0.04026 -0.04516
fb: -0.00772 0.06605 0.04026 -0.04516
target: 0.00000 -0.00068
dist/lin/ang/drive_left/drive_right/tv_l/tv_r/av_l/av_r/x/y/theta/t_err: -0.05215 0.00000 -0.00521 -0.07378 0.05833 0.03406 -0.03867 0.03406 -0.03867 0 0 182.98782 -0.05215
fb: -0.00375 0.05881 0.04014 -0.04504
fb: -0.00397 0.05107 0.04014 -0.04504
target: 0.00000 -0.07917
dist/lin/ang/drive_left/drive_right/tv_l/tv_r/av_l/av_r/x/y/theta/t_err: -0.06206 0.00000 -0.60521 -0.05504 0.04710 0.04294 -0.04417 0.04294 -0.04417 0 0 183.55595 -0.06206
fb: -0.00397 0.04194 0.43417 -0.43985
fb: -0.00397 0.03017 0.43417 -0.43985
target: 0.00000 -0.09929
dist/lin/ang/drive_left/drive_right/tv_l/tv_r/av_l/av_r/x/y/theta/t_err: -0.06956 0.00000 -0.75903 -0.03414 0.02620 0.13431 -0.12831 0.13431 -0.12831 0 0 183.98565 -0.06956
fb: -0.00772 0.01115 0.18219 -0.18807
fb: -0.00375 -0.03031 0.18219 -0.18807
target: 0.00000 -0.10767
dist/lin/ang/drive_left/drive_right/tv_l/tv_r/av_l/av_r/x/y/theta/t_err: -0.07339 0.00000 -0.82307 0.02656 -0.03406 0.29225 -0.29858 0.29225 -0.29858 0 0 184.20499 -0.07339
fb: -0.00397 -0.08027 0.13378 -0.13976
fb: -0.00397 -0.11113 0.13378 -0.13976
target: 0.00000 -0.09302
dist/lin/ang/drive_left/drive_right/tv_l/tv_r/av_l/av_r/x/y/theta/t_err: -0.06676 0.00000 -0.71110 0.10716 -0.11510 0.16869 -0.16664 0.16869 -0.16664 0 0 183.82534 -0.06676
fb: 0.00000 -0.12465 -0.05563 0.05960
fb: -0.00375 -0.12785 -0.05563 0.05960
target: 0.00000 -0.00065
dist/lin/ang/drive_left/drive_right/tv_l/tv_r/av_l/av_r/x/y/theta/t_err: -0.04931 0.00000 -0.00493 0.12410 -0.13161 0.06350 -0.09000 0.06350 -0.09000 0 0 182.82515 -0.04931
fb: -0.00375 -0.12430 -0.45436 0.45925
fb: 0.00000 -0.11692 -0.45436 0.45925
target: 0.00000 -0.00039
dist/lin/ang/drive_left/drive_right/tv_l/tv_r/av_l/av_r/x/y/theta/t_err: -0.02988 0.00000 -0.00299 0.11692 -0.11692 -0.13311 0.10711 -0.13311 0.10711 0 0 181.71196 -0.02988
fb: 0.00000 -0.10974 -0.03996 0.04485
fb: -0.00397 -0.08849 -0.03996 0.04485
target: 0.00000 -0.00016
dist/lin/ang/drive_left/drive_right/tv_l/tv_r/av_l/av_r/x/y/theta/t_err: -0.01221 0.00000 -0.00122 0.08452 -0.09246 -0.26847 0.30681 -0.26847 0.30681 0 0 180.69974 -0.01221
fb: -0.00794 -0.03324 -0.03998 0.04487
fb: -0.00397 0.01296 -0.03998 0.04487
target: 0.00000 -0.00002
dist/lin/ang/drive_left/drive_right/tv_l/tv_r/av_l/av_r/x/y/theta/t_err: -0.00120 0.00000 -0.00012 -0.01693 0.00899 -0.05050 0.06367 -0.05050 0.06367 0 0 180.06858 -0.00120
fb: -0.00177 0.02028 -0.03966 0.04456
fb: -0.00177 0.02536 -0.03966 0.04456
final error was -0.17227
position: 0.93007 -1.41889 180.17227
took 1.10000 time to finish turn
target: 0.00000 0.07849
dist/lin/ang/drive_left/drive_right/tv_l/tv_r/av_l/av_r/x/y/theta/t_err: 3.14159 0.00000 0.60000 0.00000 0.00000 -0.00017 -0.00017 -0.00017 -0.00017 0 0 0.00005 3.14159
fb: 0.00000 0.00000 -0.43381 0.43949
fb: 0.00000 0.00000 -0.43381 0.43949
target: 0.00000 0.15697
dist/lin/ang/drive_left/drive_right/tv_l/tv_r/av_l/av_r/x/y/theta/t_err: 3.14159 0.00000 1.20000 0.00000 0.00000 -0.07597 0.07339 -0.07597 0.07339 0 0 0.00005 3.14159
fb: 0.00000 0.00000 -0.47541 0.48187
fb: 0.00000 0.00216 -0.47541 0.48187
target: 0.00000 0.23546
dist/lin/ang/drive_left/drive_right/tv_l/tv_r/av_l/av_r/x/y/theta/t_err: 3.14159 0.00000 1.80000 -0.00216 0.00216 -0.36633 0.36653 -0.36633 0.36653 0 0 0.00042 3.14159
fb: 0.00000 0.02613 -0.51700 0.52425
fb: 0.00000 0.07427 -0.51700 0.52425
target: 0.00000 0.31394
dist/lin/ang/drive_left/drive_right/tv_l/tv_r/av_l/av_r/x/y/theta/t_err: 3.14001 0.00000 2.40000 -0.07427 0.07427 -0.43839 0.42536 -0.43839 0.42536 0 0 0.09057 3.14001
fb: 0.00000 0.12319 -0.55860 0.56663
fb: 0.00000 0.16673 -0.55860 0.56663
target: 0.00000 0.39243
dist/lin/ang/drive_left/drive_right/tv_l/tv_r/av_l/av_r/x/y/theta/t_err: 3.12694 0.00000 3.00000 -0.16673 0.16673 -0.47569 0.47431 -0.47569 0.47431 0 0 0.83932 3.12694
fb: 0.00000 0.20889 -0.60020 0.60902
fb: 0.00000 0.24916 -0.60020 0.60902
target: 0.00000 0.47092
dist/lin/ang/drive_left/drive_right/tv_l/tv_r/av_l/av_r/x/y/theta/t_err: 3.09992 0.00000 3.60000 -0.24916 0.24916 -0.50872 0.51589 -0.50872 0.51589 0 0 2.38768 3.09992
fb: 0.00000 0.28790 -0.64180 0.65140
fb: 0.00000 0.32643 -0.64180 0.65140
target: 0.00000 0.54940
dist/lin/ang/drive_left/drive_right/tv_l/tv_r/av_l/av_r/x/y/theta/t_err: 3.06047 0.00000 4.20000 -0.32643 0.32643 -0.55542 0.56331 -0.55542 0.56331 0 0 4.64781 3.06047
fb: 0.00000 0.36308 -0.68339 0.69378
fb: 0.00000 0.40516 -0.68339 0.69378
target: 0.00000 0.62789
dist/lin/ang/drive_left/drive_right/tv_l/tv_r/av_l/av_r/x/y/theta/t_err: 3.00937 0.00000 4.80000 -0.40516 0.40516 -0.58811 0.59631 -0.58811 0.59631 0 0 7.57579 3.00937
fb: 0.00000 0.44774 -0.72499 0.73616
fb: 0.00000 0.48480 -0.72499 0.73616
target: 0.00000 0.70637
dist/lin/ang/drive_left/drive_right/tv_l/tv_r/av_l/av_r/x/y/theta/t_err: 2.94600 0.00000 5.40000 -0.48480 0.48480 -0.61514 0.61856 -0.61514 0.61856 0 0 11.20665 2.94600
fb: 0.00000 0.52083 -0.76659 0.77855
fb: 0.00000 0.55364 -0.76659 0.77855
target: 0.00000 0.78486
dist/lin/ang/drive_left/drive_right/tv_l/tv_r/av_l/av_r/x/y/theta/t_err: 2.87069 0.00000 6.00000 -0.55364 0.55364 -0.64200 0.64594 -0.64200 0.64594 0 0 15.52134 2.87069
fb: 0.00000 0.58792 -0.80819 0.82093
fb: 0.00000 0.62374 -0.80819 0.82093
target: 0.00000 0.86335
dist/lin/ang/drive_left/drive_right/tv_l/tv_r/av_l/av_r/x/y/theta/t_err: 2.78496 0.00000 6.60000 -0.62374 0.62374 -0.62094 0.65928 -0.62094 0.65928 0 0 20.43352 2.78496
fb: 0.00000 0.66108 -0.84978 0.86331
fb: 0.00000 0.69432 -0.84978 0.86331
target: 0.00000 0.94183
dist/lin/ang/drive_left/drive_right/tv_l/tv_r/av_l/av_r/x/y/theta/t_err: 2.68838 0.00000 7.20000 -0.69432 0.69432 -0.63344 0.59067 -0.63344 0.59067 0 0 25.96724 2.68838
fb: 0.00000 0.72268 -0.89138 0.90569
fb: 0.00000 0.75117 -0.89138 0.90569
target: 0.00000 1.02032
dist/lin/ang/drive_left/drive_right/tv_l/tv_r/av_l/av_r/x/y/theta/t_err: 2.58147 0.00000 7.80000 -0.75117 0.75117 -0.65192 0.51522 -0.65192 0.51522 0 0 32.09255 2.58147
fb: 0.00000 0.77675 -0.93298 0.94808
fb: 0.00000 0.79793 -0.93298 0.94808
target: 0.00000 1.04648
dist/lin/ang/drive_left/drive_right/tv_l/tv_r/av_l/av_r/x/y/theta/t_err: 2.46596 0.00000 8.00000 -0.79793 0.79793 -0.63994 0.54328 -0.63994 0.54328 0 0 38.71075 2.46596
fb: -0.05824 0.80545 -0.71139 0.72674
fb: -0.10656 0.81778 -0.71139 0.72674
target: 0.00000 1.04648
dist/lin/ang/drive_left/drive_right/tv_l/tv_r/av_l/av_r/x/y/theta/t_err: 2.34411 0.00000 8.00000 -0.92435 0.71122 -0.67606 0.72411 -0.67606 0.72411 0 0 45.69256 2.34411
fb: -0.09685 0.84001 -0.59366 0.60902
fb: -0.10281 0.86670 -0.59366 0.60902
target: 0.00000 1.04648
dist/lin/ang/drive_left/drive_right/tv_l/tv_r/av_l/av_r/x/y/theta/t_err: 2.21829 0.00000 8.00000 -0.96951 0.76389 -0.64492 0.44178 -0.64492 0.44178 0 0 52.90110 2.21829
fb: -0.11053 0.88307 -0.59366 0.60902
fb: -0.12796 0.89485 -0.59366 0.60902
target: 0.00000 1.04648
dist/lin/ang/drive_left/drive_right/tv_l/tv_r/av_l/av_r/x/y/theta/t_err: 2.08546 0.00000 8.00000 -1.02280 0.76689 -0.59203 0.56672 -0.59203 0.56672 0 0 60.51217 2.08546
fb: -0.13766 0.90488 -0.59366 0.60902
fb: -0.15906 0.91324 -0.59366 0.60902
target: 0.00000 1.04648
dist/lin/ang/drive_left/drive_right/tv_l/tv_r/av_l/av_r/x/y/theta/t_err: 1.94840 0.00000 8.00000 -1.07230 0.75418 -0.58125 0.58039 -0.58125 0.58039 0 0 68.36493 1.94840
fb: -0.17848 0.92745 -0.50442 0.69825
fb: -0.16105 0.93923 -0.59366 0.60902
target: 0.00000 1.04648
dist/lin/ang/drive_left/drive_right/tv_l/tv_r/av_l/av_r/x/y/theta/t_err: 1.80821 0.00000 8.00000 -1.10028 0.77818 -0.56978 0.58433 -0.56978 0.58433 0 0 76.39742 1.80821
fb: -0.15708 0.95080 -0.59366 0.60902
fb: -0.16480 0.95944 -0.59366 0.60902
target: 0.00000 1.04648
dist/lin/ang/drive_left/drive_right/tv_l/tv_r/av_l/av_r/x/y/theta/t_err: 1.66420 0.00000 8.00000 -1.12423 0.79464 -0.56656 0.59564 -0.56656 0.59564 0 0 84.64829 1.66420
fb: -0.16678 0.96362 -0.59366 0.60902
fb: -0.18024 0.96877 -0.50354 0.69913
target: 0.00000 1.04648
dist/lin/ang/drive_left/drive_right/tv_l/tv_r/av_l/av_r/x/y/theta/t_err: 1.51735 0.00000 8.00000 -1.14901 0.78853 -0.57989 0.58314 -0.57989 0.58314 0 0 93.06197 1.51735
fb: -0.19193 0.97664 -0.49769 0.70498
fb: -0.18024 0.98319 -0.50354 0.69913
target: 0.00000 1.04648
dist/lin/ang/drive_left/drive_right/tv_l/tv_r/av_l/av_r/x/y/theta/t_err: 1.36873 0.00000 8.00000 -1.16343 0.80296 -0.51556 0.61925 -0.51556 0.61925 0 0 101.57764 1.36873
fb: -0.16854 0.98877 -0.59366 0.60902
fb: -0.14935 0.99734 -0.59366 0.60902
target: 0.00000 1.04648
dist/lin/ang/drive_left/drive_right/tv_l/tv_r/av_l/av_r/x/y/theta/t_err: 1.21801 0.00000 8.00000 -1.14669 0.84799 -0.53111 0.62011 -0.53111 0.62011 0 0 110.21332 1.21801
fb: -0.14538 1.00152 -0.59366 0.60902
fb: -0.15707 1.00514 -0.59366 0.60902
target: 0.00000 1.04648
dist/lin/ang/drive_left/drive_right/tv_l/tv_r/av_l/av_r/x/y/theta/t_err: 1.06513 0.00000 8.00000 -1.16221 0.84807 -0.57886 0.58758 -0.57886 0.58758 0 0 118.97228 1.06513
fb: -0.15133 1.00688 -0.59366 0.60902
fb: -0.15707 1.01336 -0.59366 0.60902
target: 0.00000 1.04648
dist/lin/ang/drive_left/drive_right/tv_l/tv_r/av_l/av_r/x/y/theta/t_err: 0.91110 0.00000 8.00000 -1.17043 0.85629 -0.57697 0.58108 -0.57697 0.58108 0 0 127.79772 0.91110
fb: -0.14538 1.02033 -0.59366 0.60902
fb: -0.15310 1.02625 -0.59366 0.60902
target: 0.00000 0.80762
dist/lin/ang/drive_left/drive_right/tv_l/tv_r/av_l/av_r/x/y/theta/t_err: 0.75543 0.00000 6.17398 -1.17935 0.87316 -0.57783 0.58242 -0.57783 0.58242 0 0 136.71684 0.75543
fb: -0.16280 1.03057 0.68587 -0.68268
fb: -0.14538 1.03503 0.68587 -0.68268
target: 0.00000 0.69538
dist/lin/ang/drive_left/drive_right/tv_l/tv_r/av_l/av_r/x/y/theta/t_err: 0.59788 0.00000 5.31598 -1.18041 0.88966 -0.38225 0.48594 -0.38225 0.48594 0 0 145.74372 0.59788
fb: -0.17472 1.03803 0.17552 -0.17346
fb: -0.20361 1.03273 0.27733 -0.07166
target: 0.00000 0.56595
dist/lin/ang/drive_left/drive_right/tv_l/tv_r/av_l/av_r/x/y/theta/t_err: 0.43904 0.00000 4.32647 -1.23635 0.82912 0.08094 -0.06025 0.08094 -0.06025 0 0 154.84498 0.43904
fb: -0.18994 1.00640 0.41651 -0.22581
fb: -0.17847 0.94557 0.41078 -0.23154
target: 0.00000 0.41166
dist/lin/ang/drive_left/drive_right/tv_l/tv_r/av_l/av_r/x/y/theta/t_err: 0.28168 0.00000 3.14702 -1.12404 0.76710 0.24486 -0.11119 0.24486 -0.11119 0 0 163.86109 0.28168
fb: -0.17826 0.87736 0.60425 -0.42677
fb: -0.18025 0.81876 0.60524 -0.42578
target: 0.00000 0.22737
dist/lin/ang/drive_left/drive_right/tv_l/tv_r/av_l/av_r/x/y/theta/t_err: 0.13929 0.00000 1.73819 -0.99901 0.63851 0.36481 -0.21819 0.36481 -0.21819 0 0 172.01906 0.13929
fb: -0.17849 0.74804 0.83706 -0.66119
fb: -0.14363 0.67293 0.74782 -0.75044
target: 0.00000 0.00022
dist/lin/ang/drive_left/drive_right/tv_l/tv_r/av_l/av_r/x/y/theta/t_err: 0.01658 0.00000 0.00166 -0.81656 0.52930 0.40519 -0.35817 0.40519 -0.35817 0 0 179.05002 0.01658
fb: -0.11628 0.58535 1.00000 -1.00000
fb: -0.12400 0.49275 1.00000 -1.00000
target: 0.00000 -0.07827
dist/lin/ang/drive_left/drive_right/tv_l/tv_r/av_l/av_r/x/y/theta/t_err: -0.08315 0.00000 -0.59834 -0.61675 0.36875 0.33244 -0.25975 0.33244 -0.25975 0 0 184.76399 -0.08315
fb: -0.13967 0.40447 0.43369 -0.43937
fb: -0.15909 0.33249 0.43369 -0.43937
target: 0.00000 -0.15676
dist/lin/ang/drive_left/drive_right/tv_l/tv_r/av_l/av_r/x/y/theta/t_err: -0.15548 0.00000 -1.19834 -0.49158 0.17340 0.40792 -0.49022 0.40792 -0.49022 0 0 188.90847 -0.15548
fb: -0.15512 0.26505 0.47529 -0.48175
fb: -0.12224 0.19621 0.47529 -0.48175
target: 0.00000 -0.23524
dist/lin/ang/drive_left/drive_right/tv_l/tv_r/av_l/av_r/x/y/theta/t_err: -0.20395 0.00000 -1.79834 -0.31845 0.07396 0.27772 -0.29519 0.27772 -0.29519 0 0 191.68549 -0.20395
fb: -0.07171 0.12806 0.51689 -0.52413
fb: -0.02714 0.05936 0.51689 -0.52413
target: 0.00000 -0.31373
dist/lin/ang/drive_left/drive_right/tv_l/tv_r/av_l/av_r/x/y/theta/t_err: -0.23146 0.00000 -2.39834 -0.08650 0.03222 0.37558 -0.42706 0.37558 -0.42706 0 0 193.26170 -0.23146
fb: -0.03111 -0.00934 0.55849 -0.56652
fb: -0.06576 -0.07246 0.55849 -0.56652
target: 0.00000 -0.36146
dist/lin/ang/drive_left/drive_right/tv_l/tv_r/av_l/av_r/x/y/theta/t_err: -0.23797 0.00000 -2.76325 0.00671 -0.13822 0.42797 -0.44283 0.42797 -0.44283 0 0 193.63492 -0.23797
fb: -0.08341 -0.12542 0.44540 -0.45391
fb: -0.07767 -0.16834 0.44540 -0.45391
target: 0.00000 -0.34558
dist/lin/ang/drive_left/drive_right/tv_l/tv_r/av_l/av_r/x/y/theta/t_err: -0.22491 0.00000 -2.64182 0.09066 -0.24601 0.46028 -0.45344 0.46028 -0.45344 0 0 192.88657 -0.22491
fb: -0.06598 -0.20687 0.15070 -0.15905
fb: -0.04656 -0.24414 0.15070 -0.15905
target: 0.00000 -0.31083
dist/lin/ang/drive_left/drive_right/tv_l/tv_r/av_l/av_r/x/y/theta/t_err: -0.19763 0.00000 -2.37623 0.19759 -0.29070 0.33758 -0.34478 0.33758 -0.34478 0 0 191.32335 -0.19763
fb: -0.03111 -0.28003 0.04742 -0.05543
fb: -0.02515 -0.30114 0.04742 -0.05543
target: 0.00000 -0.25692
dist/lin/ang/drive_left/drive_right/tv_l/tv_r/av_l/av_r/x/y/theta/t_err: -0.15878 0.00000 -1.96408 0.27598 -0.32629 0.13758 -0.14339 0.13758 -0.14339 0 0 189.09762 -0.15878
fb: -0.02714 -0.29814 -0.14546 0.14779
fb: -0.03111 -0.28769 -0.14546 0.14779
target: 0.00000 -0.18389
dist/lin/ang/drive_left/drive_right/tv_l/tv_r/av_l/av_r/x/y/theta/t_err: -0.11294 0.00000 -1.40580 0.25658 -0.31880 -0.00683 -0.00083 -0.00683 -0.00083 0 0 186.47070 -0.11294
fb: -0.03486 -0.27494 -0.27019 0.27325
fb: -0.03089 -0.26310 -0.27019 0.27325
target: 0.00000 -0.09870
dist/lin/ang/drive_left/drive_right/tv_l/tv_r/av_l/av_r/x/y/theta/t_err: -0.06930 0.00000 -0.75451 0.23220 -0.29399 -0.16531 0.16053 -0.16531 0.16053 0 0 183.97041 -0.06930
fb: -0.01545 -0.23655 -0.37009 0.37399
fb: -0.00794 -0.18478 -0.37009 0.37399
target: 0.00000 -0.00039
dist/lin/ang/drive_left/drive_right/tv_l/tv_r/av_l/av_r/x/y/theta/t_err: -0.03008 0.00000 -0.00301 0.17684 -0.19272 -0.27428 0.27036 -0.27428 0.27036 0 0 181.72346 -0.03008
fb: -0.01545 -0.12221 -0.48118 0.48607
fb: -0.01942 -0.06292 -0.48118 0.48607
target: 0.00000 -0.00006
dist/lin/ang/drive_left/drive_right/tv_l/tv_r/av_l/av_r/x/y/theta/t_err: -0.00424 0.00000 -0.00042 0.04350 -0.08234 -0.34683 0.35744 -0.34683 0.35744 0 0 180.24302 -0.00424
fb: -0.01942 -0.00237 -0.04051 0.04541
fb: -0.02317 0.05240 -0.04051 0.04541
target: 0.00000 0.00004
dist/lin/ang/drive_left/drive_right/tv_l/tv_r/av_l/av_r/x/y/theta/t_err: 0.00308 0.00000 0.00031 -0.07557 0.02923 -0.33469 0.30561 -0.33469 0.30561 0 0 179.82335 0.00308
fb: -0.02538 0.10235 -0.03948 0.04437
fb: -0.01743 0.13301 -0.03948 0.04437
final error was -0.38962
position: 1.28509 -1.36116 180.38962
took 0.90000 time to finish turn
WARNING - pros.serial.terminal.terminal:stop - Stopping terminal - pros-cli version:3.5.6

[tomas@nixbtw:~/projects/Robotics/current/Cognex]$

