
[tomas@nixbtw:~/projects/Robotics/current/Cognex]$ t
Not sending analytics for this command.

Established terminal connection



         _+=+_
      .-`  .  `-.          8888888b.  8888888b.   .d88888b.   .d8888b.
   _+`     "     `+_       888   Y88b 888   Y88b d88P" "Y88b d88P  Y88b
  \\\sssssssssssss///      888    888 888    888 888     888 Y88b.
     .ss\  *  /ss.         888   d88P 888   d88P 888     888  "Y888b.
 .+bm  .s  *  s.  md+.     8888888P"  8888888P"  888     888     "Y88b.
.hMMMMs .  *  . sMMMMh.    888        888 T88b   888     888       "888
 `\hMMMb \ | / dMMMh:      888        888  T88b  Y88b. .d88P Y88b  d88P
   -SNMNo  -  oNMNs-       888        888   T88b  "Y88888P"   "Y8888P"
     `+dMh\./dMd/
        `:yNy:`                      Powered by PROS for VEX V5
           "                Copyright (c) Purdue University ACM SIGBots
Version:        4.2.1     Platform:  V1.1.5 (b18)     Uptime:    0.000 s
Compiled:   Jan  1 1980 00:00:00     Directory:


bouncing done
health done
auton done
calibrated!
starting task: 2318282
initializing odom model
timed correctly: 2321155
initializing pf model
initializing smoother model
target: 0.000 0.157
dist/lin/ang/drive_left/drive_right/tv_l/tv_r/av_l/av_r/x/y/theta/t_err: 1.57080 0.00000 1.20000 0.00000 0.00000 -0.00017 0.00000 -0.00017 0.00000 0 0 -0.00030 1.57080
fb: 0.00000 0.00000 -0.82859 0.83506
fb: 0.00000 0.00000 -0.82859 0.83506
target: 0.00000 0.31394
dist/lin/ang/drive_left/drive_right/tv_l/tv_r/av_l/av_r/x/y/theta/t_err: 1.57080 0.00000 2.40000 0.00000 0.00000 -0.02858 0.05700 -0.02858 0.05700 0 0 -0.00034 1.57080
fb: 0.00000 0.00000 -0.91179 0.91982
fb: 0.00000 0.00523 -0.91179 0.91982
target: 0.00000 0.47092
dist/lin/ang/drive_left/drive_right/tv_l/tv_r/av_l/av_r/x/y/theta/t_err: 1.57081 0.00000 3.60000 -0.00523 0.00523 -0.44436 0.46303 -0.44436 0.46303 0 0 -0.00060 1.57081
fb: 0.00000 0.05024 -0.99498 1.00000
fb: 0.00000 0.10368 -0.99498 1.00000
target: 0.00000 0.62789
dist/lin/ang/drive_left/drive_right/tv_l/tv_r/av_l/av_r/x/y/theta/t_err: 1.56775 0.00000 4.80000 -0.10368 0.10368 -0.45547 0.37489 -0.45547 0.37489 0 0 0.17426 1.56775
fb: 0.00000 0.15175 -1.00000 1.00000
fb: 0.00000 0.19015 -1.00000 1.00000
target: 0.00000 0.78486
dist/lin/ang/drive_left/drive_right/tv_l/tv_r/av_l/av_r/x/y/theta/t_err: 1.55016 0.00000 6.00000 -0.19015 0.19015 -0.45069 0.49775 -0.45069 0.49775 0 0 1.18234 1.55016
fb: 0.00000 0.22575 -1.00000 1.00000
fb: 0.00000 0.26393 -1.00000 1.00000
target: 0.00000 0.78486
dist/lin/ang/drive_left/drive_right/tv_l/tv_r/av_l/av_r/x/y/theta/t_err: 1.51990 0.00000 6.00000 -0.26393 0.26393 -0.58519 0.68069 -0.58519 0.68069 0 0 2.91621 1.51990
fb: 0.00000 0.30866 -0.45500 0.46774
fb: 0.00000 0.35563 -0.45500 0.46774
target: 0.00000 0.78486
dist/lin/ang/drive_left/drive_right/tv_l/tv_r/av_l/av_r/x/y/theta/t_err: 1.47798 0.00000 6.00000 -0.35563 0.35563 -0.61361 0.63753 -0.61361 0.63753 0 0 5.31817 1.47798
fb: 0.00375 0.39966 -0.45500 0.46774
fb: 0.00375 0.43763 -0.45500 0.46774
target: 0.00000 0.78486
dist/lin/ang/drive_left/drive_right/tv_l/tv_r/av_l/av_r/x/y/theta/t_err: 1.42212 0.00000 6.00000 -0.43388 0.44138 -0.33161 0.40056 -0.33161 0.40056 0 0 8.51857 1.42212
fb: 0.00000 0.46125 -0.45500 0.46774
fb: 0.00000 0.47122 -0.45500 0.46774
target: 0.00000 0.78486
dist/lin/ang/drive_left/drive_right/tv_l/tv_r/av_l/av_r/x/y/theta/t_err: 1.35472 0.00000 6.00000 -0.47122 0.47122 -0.41836 0.43733 -0.41836 0.43733 0 0 12.38019 1.35472
fb: 0.00000 0.48446 -0.45500 0.46774
fb: 0.00000 0.50383 -0.45500 0.46774
target: 0.00000 0.78486
dist/lin/ang/drive_left/drive_right/tv_l/tv_r/av_l/av_r/x/y/theta/t_err: 1.28232 0.00000 6.00000 -0.50383 0.50383 -0.43172 0.44197 -0.43172 0.44197 0 0 16.52828 1.28232
fb: 0.00000 0.52647 -0.45500 0.46774
fb: 0.00000 0.54688 -0.45500 0.46774
target: 0.00000 0.78486
dist/lin/ang/drive_left/drive_right/tv_l/tv_r/av_l/av_r/x/y/theta/t_err: 1.20458 0.00000 6.00000 -0.54688 0.54688 -0.43428 0.43858 -0.43428 0.43858 0 0 20.98238 1.20458
fb: 0.00000 0.56981 -0.45500 0.46774
fb: 0.00000 0.59050 -0.45500 0.46774
target: 0.00000 0.78486
dist/lin/ang/drive_left/drive_right/tv_l/tv_r/av_l/av_r/x/y/theta/t_err: 1.12025 0.00000 6.00000 -0.59050 0.59050 -0.43444 0.44008 -0.43444 0.44008 0 0 25.81450 1.12025
fb: 0.00000 0.60513 -0.45500 0.46774
fb: 0.00000 0.61628 -0.45500 0.46774
target: 0.00000 0.78486
dist/lin/ang/drive_left/drive_right/tv_l/tv_r/av_l/av_r/x/y/theta/t_err: 1.02971 0.00000 6.00000 -0.61628 0.61628 -0.43719 0.44147 -0.43719 0.44147 0 0 31.00174 1.02971
fb: 0.00000 0.63154 -0.45500 0.46774
fb: 0.00000 0.64562 -0.45500 0.46774
target: 0.00000 0.78486
dist/lin/ang/drive_left/drive_right/tv_l/tv_r/av_l/av_r/x/y/theta/t_err: 0.93506 0.00000 6.00000 -0.64562 0.64562 -0.43839 0.44231 -0.43839 0.44231 0 0 36.42515 0.93506
fb: 0.00000 0.65432 -0.45500 0.46774
fb: 0.00000 0.66443 -0.45500 0.46774
target: 0.00000 0.78486
dist/lin/ang/drive_left/drive_right/tv_l/tv_r/av_l/av_r/x/y/theta/t_err: 0.83629 0.00000 6.00000 -0.66443 0.66443 -0.43992 0.44417 -0.43992 0.44417 0 0 42.08404 0.83629
fb: 0.00000 0.67857 -0.45500 0.46774
fb: -0.01544 0.68930 -0.45500 0.46774
target: 0.00000 0.78486
dist/lin/ang/drive_left/drive_right/tv_l/tv_r/av_l/av_r/x/y/theta/t_err: 0.73430 0.00000 6.00000 -0.70475 0.67386 -0.44094 0.44436 -0.44094 0.44436 0 0 47.92795 0.73430
fb: -0.04060 0.70024 -0.45500 0.46774
fb: -0.04060 0.71257 -0.45500 0.46774
target: 0.00000 0.63530
dist/lin/ang/drive_left/drive_right/tv_l/tv_r/av_l/av_r/x/y/theta/t_err: 0.62869 0.00000 4.85665 -0.75317 0.67198 -0.44181 0.44575 -0.44181 0.44575 0 0 53.97875 0.62869
fb: -0.03883 0.72100 0.37535 -0.37389
fb: -0.04655 0.72790 0.37535 -0.37389
target: 0.00000 0.56865
dist/lin/ang/drive_left/drive_right/tv_l/tv_r/av_l/av_r/x/y/theta/t_err: 0.51963 0.00000 4.34718 -0.77446 0.68135 -0.24058 0.30150 -0.24058 0.30150 0 0 60.22766 0.51963
fb: -0.05626 0.73132 -0.04052 0.05110
fb: -0.06795 0.72407 -0.04052 0.05110
target: 0.00000 0.49298
dist/lin/ang/drive_left/drive_right/tv_l/tv_r/av_l/av_r/x/y/theta/t_err: 0.40836 0.00000 3.76864 -0.79202 0.65612 0.06483 -0.06861 0.06483 -0.06861 0 0 66.60257 0.40836
fb: -0.06597 0.69669 0.11830 -0.11827
fb: -0.06001 0.64373 0.11830 -0.11827
target: 0.00000 0.40765
dist/lin/ang/drive_left/drive_right/tv_l/tv_r/av_l/av_r/x/y/theta/t_err: 0.29897 0.00000 3.11636 -0.70375 0.58372 0.00703 0.01489 0.00703 0.01489 0 0 72.87000 0.29897
fb: -0.06200 0.58402 0.20693 -0.20775
fb: -0.06222 0.52278 0.20693 -0.20775
target: 0.00000 0.31866
dist/lin/ang/drive_left/drive_right/tv_l/tv_r/av_l/av_r/x/y/theta/t_err: 0.20302 0.00000 2.43603 -0.58500 0.46056 0.12647 -0.11158 0.12647 -0.11158 0 0 78.36807 0.20302
fb: -0.06200 0.45624 0.27061 -0.27232
fb: -0.06002 0.39137 0.27061 -0.27232
target: 0.00000 0.22986
dist/lin/ang/drive_left/drive_right/tv_l/tv_r/av_l/av_r/x/y/theta/t_err: 0.12573 0.00000 1.75724 -0.45139 0.33135 0.19522 -0.19419 0.19522 -0.19419 0 0 82.79647 0.12573
fb: -0.06597 0.32901 0.31676 -0.31935
fb: -0.07767 0.26526 0.31676 -0.31935
target: 0.00000 0.14349
dist/lin/ang/drive_left/drive_right/tv_l/tv_r/av_l/av_r/x/y/theta/t_err: 0.06822 0.00000 1.09690 -0.34293 0.18759 0.25700 -0.25561 0.25700 -0.25561 0 0 86.09123 0.06822
fb: -0.07171 0.19990 0.35168 -0.35514
fb: -0.07171 0.13468 0.35168 -0.35514
target: 0.00000 0.06251
dist/lin/ang/drive_left/drive_right/tv_l/tv_r/av_l/av_r/x/y/theta/t_err: 0.03015 0.00000 0.47788 -0.20640 0.06297 0.29311 -0.29139 0.29311 -0.29139 0 0 88.27231 0.03015
fb: -0.07767 0.07288 0.37027 -0.37454
fb: -0.06796 0.01826 0.37027 -0.37454
target: 0.00000 0.00267
dist/lin/ang/drive_left/drive_right/tv_l/tv_r/av_l/av_r/x/y/theta/t_err: 0.01187 0.00000 0.02041 -0.08622 -0.04971 0.32936 -0.32442 0.32936 -0.32442 0 0 89.31987 0.01187
fb: -0.06774 -0.03275 0.30690 -0.31177
fb: -0.06973 -0.07873 0.30690 -0.31177
final error was 0.63064
position: -0.10039 -0.45677 89.36936
took 0.52000 time to finish turn
target: 0.00000 0.15697
dist/lin/ang/drive_left/drive_right/tv_l/tv_r/av_l/av_r/x/y/theta/t_err: 1.57079 0.00000 1.20000 0.00000 0.00000 0.00017 0.00000 0.00017 0.00000 0 0 0.00041 1.57079
fb: 0.00000 0.00000 -0.82859 0.83506
fb: 0.00000 0.00000 -0.82859 0.83506
target: 0.00000 0.31394
dist/lin/ang/drive_left/drive_right/tv_l/tv_r/av_l/av_r/x/y/theta/t_err: 1.57079 0.00000 2.40000 0.00000 0.00000 -0.03406 0.07136 -0.03406 0.07136 0 0 0.00012 1.57079
fb: 0.00000 0.00000 -0.91179 0.91982
fb: 0.00000 0.01268 -0.91179 0.91982
target: 0.00000 0.47092
dist/lin/ang/drive_left/drive_right/tv_l/tv_r/av_l/av_r/x/y/theta/t_err: 1.57078 0.00000 3.60000 -0.01268 0.01268 -0.42214 0.39150 -0.42214 0.39150 0 0 0.00096 1.57078
fb: 0.00000 0.06382 -0.99498 1.00000
fb: 0.00000 0.11051 -0.99498 1.00000
target: 0.00000 0.62789
dist/lin/ang/drive_left/drive_right/tv_l/tv_r/av_l/av_r/x/y/theta/t_err: 1.56641 0.00000 4.80000 -0.11051 0.11051 -0.56156 0.41697 -0.56156 0.41697 0 0 0.25155 1.56641
fb: 0.00000 0.15322 -1.00000 1.00000
fb: 0.00000 0.19816 -1.00000 1.00000
target: 0.00000 0.78486
dist/lin/ang/drive_left/drive_right/tv_l/tv_r/av_l/av_r/x/y/theta/t_err: 1.54797 0.00000 6.00000 -0.19816 0.19816 -0.40311 0.51194 -0.40311 0.51194 0 0 1.30799 1.54797
fb: -0.00375 0.23968 -1.00000 1.00000
fb: -0.00000 0.28003 -1.00000 1.00000
target: 0.00000 0.78486
dist/lin/ang/drive_left/drive_right/tv_l/tv_r/av_l/av_r/x/y/theta/t_err: 1.51619 0.00000 6.00000 -0.28003 0.28003 -0.58142 0.65258 -0.58142 0.65258 0 0 3.12884 1.51619
fb: 0.00375 0.32385 -0.45500 0.46774
fb: 0.00000 0.37005 -0.45500 0.46774
target: 0.00000 0.78486
dist/lin/ang/drive_left/drive_right/tv_l/tv_r/av_l/av_r/x/y/theta/t_err: 1.47189 0.00000 6.00000 -0.37005 0.37005 -0.59547 0.63106 -0.59547 0.63106 0 0 5.66690 1.47189
fb: 0.00000 0.41589 -0.45500 0.46774
fb: -0.00375 0.43979 -0.45500 0.46774
target: 0.00000 0.78486
dist/lin/ang/drive_left/drive_right/tv_l/tv_r/av_l/av_r/x/y/theta/t_err: 1.41368 0.00000 6.00000 -0.44354 0.43604 -0.34958 0.25975 -0.34958 0.25975 0 0 9.00183 1.41368
fb: -0.00000 0.44105 -0.45500 0.46774
fb: 0.00000 0.44955 -0.45500 0.46774
target: 0.00000 0.78486
dist/lin/ang/drive_left/drive_right/tv_l/tv_r/av_l/av_r/x/y/theta/t_err: 1.34672 0.00000 6.00000 -0.44955 0.44955 -0.42947 0.42592 -0.42947 0.42592 0 0 12.83838 1.34672
fb: -0.00375 0.46899 -0.45500 0.46774
fb: 0.00375 0.49672 -0.45500 0.46774
target: 0.00000 0.78486
dist/lin/ang/drive_left/drive_right/tv_l/tv_r/av_l/av_r/x/y/theta/t_err: 1.27738 0.00000 6.00000 -0.49297 0.50047 -0.43156 0.43753 -0.43156 0.43753 0 0 16.81137 1.27738
fb: 0.00000 0.52187 -0.45500 0.46774
fb: -0.00375 0.54570 -0.45500 0.46774
target: 0.00000 0.78486
dist/lin/ang/drive_left/drive_right/tv_l/tv_r/av_l/av_r/x/y/theta/t_err: 1.20071 0.00000 6.00000 -0.54945 0.54195 -0.43600 0.44350 -0.43600 0.44350 0 0 21.20430 1.20071
fb: 0.00000 0.56277 -0.45500 0.46774
fb: -0.01368 0.57434 -0.45500 0.46774
target: 0.00000 0.78486
dist/lin/ang/drive_left/drive_right/tv_l/tv_r/av_l/av_r/x/y/theta/t_err: 1.11694 0.00000 6.00000 -0.58802 0.56066 -0.43444 0.44147 -0.43444 0.44147 0 0 26.00397 1.11694
fb: -0.02912 0.58967 -0.45500 0.46774
fb: -0.03111 0.60736 -0.45500 0.46774
target: 0.00000 0.78486
dist/lin/ang/drive_left/drive_right/tv_l/tv_r/av_l/av_r/x/y/theta/t_err: 1.02870 0.00000 6.00000 -0.63847 0.57625 -0.43614 0.44094 -0.43614 0.44094 0 0 31.05970 1.02870
fb: -0.03310 0.62165 -0.45500 0.46774
fb: -0.02515 0.63391 -0.45500 0.46774
target: 0.00000 0.78486
dist/lin/ang/drive_left/drive_right/tv_l/tv_r/av_l/av_r/x/y/theta/t_err: 0.93554 0.00000 6.00000 -0.65906 0.60876 -0.43822 0.44164 -0.43822 0.44164 0 0 36.39773 0.93554
fb: -0.02515 0.65147 -0.45500 0.46774
fb: -0.02912 0.66164 -0.45500 0.46774
target: 0.00000 0.78486
dist/lin/ang/drive_left/drive_right/tv_l/tv_r/av_l/av_r/x/y/theta/t_err: 0.83806 0.00000 6.00000 -0.69076 0.63252 -0.43822 0.44250 -0.43822 0.44250 0 0 41.98280 0.83806
fb: -0.03486 0.66798 -0.45500 0.46774
fb: -0.05030 0.67955 -0.45500 0.46774
target: 0.00000 0.78486
dist/lin/ang/drive_left/drive_right/tv_l/tv_r/av_l/av_r/x/y/theta/t_err: 0.73691 0.00000 6.00000 -0.72985 0.62924 -0.44078 0.44542 -0.44078 0.44542 0 0 47.77814 0.73691
fb: -0.05229 0.69286 -0.45500 0.46774
fb: -0.05251 0.70512 -0.45500 0.46774
target: 0.00000 0.63760
dist/lin/ang/drive_left/drive_right/tv_l/tv_r/av_l/av_r/x/y/theta/t_err: 0.63264 0.00000 4.87423 -0.75763 0.65261 -0.44164 0.44489 -0.44164 0.44489 0 0 53.75248 0.63264
fb: -0.05251 0.71369 0.36378 -0.36229
fb: -0.04258 0.72296 0.36378 -0.36229
target: 0.00000 0.57190
dist/lin/ang/drive_left/drive_right/tv_l/tv_r/av_l/av_r/x/y/theta/t_err: 0.52469 0.00000 4.37196 -0.76554 0.68037 -0.30217 0.30011 -0.30217 0.30011 0 0 59.93752 0.52469
fb: -0.04060 0.72581 -0.04647 0.05708
fb: -0.05825 0.71794 -0.04647 0.05708
target: 0.00000 0.49720
dist/lin/ang/drive_left/drive_right/tv_l/tv_r/av_l/av_r/x/y/theta/t_err: 0.41421 0.00000 3.80090 -0.77619 0.65969 0.07872 -0.05269 0.07872 -0.05269 0 0 66.26729 0.41421
fb: -0.07766 0.68456 0.11166 -0.11158
fb: -0.09487 0.63273 0.11166 -0.11158
target: 0.00000 0.41361
dist/lin/ang/drive_left/drive_right/tv_l/tv_r/av_l/av_r/x/y/theta/t_err: 0.30606 0.00000 3.16190 -0.72760 0.53785 -0.00822 0.01283 -0.00822 0.01283 0 0 72.46414 0.30606
fb: -0.09311 0.57671 0.19596 -0.19672
fb: -0.08936 0.52152 0.19596 -0.19672
target: 0.00000 0.32725
dist/lin/ang/drive_left/drive_right/tv_l/tv_r/av_l/av_r/x/y/theta/t_err: 0.21148 0.00000 2.50175 -0.61088 0.43216 0.09958 -0.11258 0.09958 -0.11258 0 0 77.88321 0.21148
fb: -0.08715 0.45777 0.25417 -0.25579
fb: -0.09488 0.39457 0.25417 -0.25579
target: 0.00000 0.24076
dist/lin/ang/drive_left/drive_right/tv_l/tv_r/av_l/av_r/x/y/theta/t_err: 0.13422 0.00000 1.84057 -0.48945 0.29969 0.17778 -0.18650 0.17778 -0.18650 0 0 82.30970 0.13422
fb: -0.10680 0.33598 0.30062 -0.30311
fb: -0.10481 0.27835 0.30062 -0.30311
target: 0.00000 0.15702
dist/lin/ang/drive_left/drive_right/tv_l/tv_r/av_l/av_r/x/y/theta/t_err: 0.07608 0.00000 1.20037 -0.38317 0.17354 0.23322 -0.23731 0.23322 -0.23731 0 0 85.64100 0.07608
fb: -0.10856 0.22129 0.33265 -0.33598
fb: -0.09885 0.16297 0.33265 -0.33598
target: 0.00000 0.07655
dist/lin/ang/drive_left/drive_right/tv_l/tv_r/av_l/av_r/x/y/theta/t_err: 0.03566 0.00000 0.58522 -0.26183 0.06412 0.27686 -0.27922 0.27686 -0.27922 0 0 87.95706 0.03566
fb: -0.10084 0.10465 0.36056 -0.36469
fb: -0.10856 0.04863 0.36056 -0.36469
target: 0.00000 0.00714
dist/lin/ang/drive_left/drive_right/tv_l/tv_r/av_l/av_r/x/y/theta/t_err: 0.01295 0.00000 0.05459 -0.15720 -0.05993 0.30783 -0.31311 0.30783 -0.31311 0 0 89.25818 0.01295
fb: -0.10481 -0.00118 0.34759 -0.35241
fb: -0.09886 -0.04327 0.34759 -0.35241
target: 0.00000 0.00000
dist/lin/ang/drive_left/drive_right/tv_l/tv_r/av_l/av_r/x/y/theta/t_err: 0.00733 0.00000 0.00000 -0.05559 -0.14212 0.33642 -0.33658 0.33642 -0.33658 0 0 89.57999 0.00733
fb: -0.10261 -0.08480 0.07116 -0.07605
fb: -0.09510 -0.12806 0.07116 -0.07605
final error was 0.89058
position: -0.21124 -0.76060 89.10942
took 0.54000 time to finish turn
target: 0.00000 0.15697
dist/lin/ang/drive_left/drive_right/tv_l/tv_r/av_l/av_r/x/y/theta/t_err: 1.57079 0.00000 1.20000 0.00000 0.00000 -0.00017 0.00033 -0.00017 0.00033 0 0 0.00017 1.57079
fb: 0.00000 0.00000 -0.82859 0.83506
fb: 0.00000 0.00000 -0.82859 0.83506
target: 0.00000 0.31394
dist/lin/ang/drive_left/drive_right/tv_l/tv_r/av_l/av_r/x/y/theta/t_err: 1.57079 0.00000 2.40000 0.00000 0.00000 -0.02908 0.05631 -0.02908 0.05631 0 0 0.00035 1.57079
fb: 0.00000 0.00202 -0.91179 0.91982
fb: 0.00000 0.02348 -0.91179 0.91982
target: 0.00000 0.47092
dist/lin/ang/drive_left/drive_right/tv_l/tv_r/av_l/av_r/x/y/theta/t_err: 1.57068 0.00000 3.60000 -0.02348 0.02348 -0.49433 0.42178 -0.49433 0.42178 0 0 0.00690 1.57068
fb: 0.00000 0.07358 -0.99498 1.00000
fb: 0.00000 0.11935 -0.99498 1.00000
target: 0.00000 0.62789
dist/lin/ang/drive_left/drive_right/tv_l/tv_r/av_l/av_r/x/y/theta/t_err: 1.56478 0.00000 4.80000 -0.11935 0.11935 -0.55817 0.29772 -0.55817 0.29772 0 0 0.34474 1.56478
fb: 0.00000 0.16025 -1.00000 1.00000
fb: 0.00000 0.19593 -1.00000 1.00000
target: 0.00000 0.78486
dist/lin/ang/drive_left/drive_right/tv_l/tv_r/av_l/av_r/x/y/theta/t_err: 1.54505 0.00000 6.00000 -0.19593 0.19593 -0.53094 0.52000 -0.53094 0.52000 0 0 1.47532 1.54505
fb: 0.00000 0.23836 -1.00000 1.00000
fb: 0.00000 0.28309 -1.00000 1.00000
target: 0.00000 0.78486
dist/lin/ang/drive_left/drive_right/tv_l/tv_r/av_l/av_r/x/y/theta/t_err: 1.51351 0.00000 6.00000 -0.28309 0.28309 -0.55764 0.68664 -0.55764 0.68664 0 0 3.28251 1.51351
fb: 0.00000 0.33507 -0.45500 0.46774
fb: 0.00000 0.38356 -0.45500 0.46774
target: 0.00000 0.78486
dist/lin/ang/drive_left/drive_right/tv_l/tv_r/av_l/av_r/x/y/theta/t_err: 1.46826 0.00000 6.00000 -0.38356 0.38356 -0.61942 0.57153 -0.61942 0.57153 0 0 5.87501 1.46826
fb: 0.00000 0.42286 -0.45500 0.46774
fb: 0.00000 0.45052 -0.45500 0.46774
target: 0.00000 0.78486
dist/lin/ang/drive_left/drive_right/tv_l/tv_r/av_l/av_r/x/y/theta/t_err: 1.40841 0.00000 6.00000 -0.45052 0.45052 -0.36633 0.38894 -0.36633 0.38894 0 0 9.30433 1.40841
fb: 0.00000 0.47143 -0.45500 0.46774
fb: 0.00000 0.48195 -0.45500 0.46774
target: 0.00000 0.78486
dist/lin/ang/drive_left/drive_right/tv_l/tv_r/av_l/av_r/x/y/theta/t_err: 1.33901 0.00000 6.00000 -0.48195 0.48195 -0.42469 0.43789 -0.42469 0.43789 0 0 13.28027 1.33901
fb: 0.00000 0.49588 -0.45500 0.46774
fb: 0.00000 0.51546 -0.45500 0.46774
target: 0.00000 0.78486
dist/lin/ang/drive_left/drive_right/tv_l/tv_r/av_l/av_r/x/y/theta/t_err: 1.26500 0.00000 6.00000 -0.51546 0.51546 -0.43583 0.44028 -0.43583 0.44028 0 0 17.52059 1.26500
fb: 0.00000 0.53978 -0.45500 0.46774
fb: 0.00000 0.56068 -0.45500 0.46774
target: 0.00000 0.78486
dist/lin/ang/drive_left/drive_right/tv_l/tv_r/av_l/av_r/x/y/theta/t_err: 1.18539 0.00000 6.00000 -0.56068 0.56068 -0.43511 0.44283 -0.43511 0.44283 0 0 22.08208 1.18539
fb: 0.00000 0.57963 -0.45500 0.46774
fb: 0.00000 0.59789 -0.45500 0.46774
target: 0.00000 0.78486
dist/lin/ang/drive_left/drive_right/tv_l/tv_r/av_l/av_r/x/y/theta/t_err: 1.09922 0.00000 6.00000 -0.59789 0.59789 -0.43514 0.44247 -0.43514 0.44247 0 0 27.01961 1.09922
fb: 0.00000 0.61161 -0.45500 0.46774
fb: 0.00000 0.62297 -0.45500 0.46774
target: 0.00000 0.78486
dist/lin/ang/drive_left/drive_right/tv_l/tv_r/av_l/av_r/x/y/theta/t_err: 1.00758 0.00000 6.00000 -0.62297 0.62297 -0.43631 0.44144 -0.43631 0.44144 0 0 32.26964 1.00758
fb: 0.00000 0.63809 -0.45500 0.46774
fb: 0.00000 0.65126 -0.45500 0.46774
target: 0.00000 0.78486
dist/lin/ang/drive_left/drive_right/tv_l/tv_r/av_l/av_r/x/y/theta/t_err: 0.91192 0.00000 6.00000 -0.65126 0.65126 -0.43819 0.44200 -0.43819 0.44200 0 0 37.75068 0.91192
fb: 0.00000 0.66164 -0.45500 0.46774
fb: 0.00000 0.67467 -0.45500 0.46774
target: 0.00000 0.78486
dist/lin/ang/drive_left/drive_right/tv_l/tv_r/av_l/av_r/x/y/theta/t_err: 0.81221 0.00000 6.00000 -0.67467 0.67467 -0.43942 0.44367 -0.43942 0.44367 0 0 43.46370 0.81221
fb: 0.00000 0.68693 -0.45500 0.46774
fb: 0.00000 0.69362 -0.45500 0.46774
target: 0.00000 0.68065
dist/lin/ang/drive_left/drive_right/tv_l/tv_r/av_l/av_r/x/y/theta/t_err: 0.70885 0.00000 5.20337 -0.69362 0.69362 -0.43992 0.44539 -0.43992 0.44539 0 0 49.38576 0.70885
fb: 0.00000 0.70212 0.14721 -0.14530
fb: -0.02317 0.71181 0.14721 -0.14530
target: 0.00000 0.61994
dist/lin/ang/drive_left/drive_right/tv_l/tv_r/av_l/av_r/x/y/theta/t_err: 0.60264 0.00000 4.73927 -0.73497 0.68864 -0.36908 0.24725 -0.36908 0.24725 0 0 55.47117 0.60264
fb: -0.05626 0.71167 -0.09440 0.10550
fb: -0.06994 0.70017 -0.09440 0.10550
target: 0.00000 0.55208
dist/lin/ang/drive_left/drive_right/tv_l/tv_r/av_l/av_r/x/y/theta/t_err: 0.49411 0.00000 4.22049 -0.77011 0.63023 0.02156 0.01144 0.02156 0.01144 0 0 61.68930 0.49411
fb: -0.07943 0.65941 0.05180 -0.05117
fb: -0.08340 0.59733 0.05180 -0.05117
target: 0.00000 0.47884
dist/lin/ang/drive_left/drive_right/tv_l/tv_r/av_l/av_r/x/y/theta/t_err: 0.38906 0.00000 3.66058 -0.68073 0.51393 -0.07992 0.04997 -0.07992 0.04997 0 0 67.70822 0.38906
fb: -0.06796 0.54445 0.11482 -0.11493
fb: -0.05428 0.49073 0.11482 -0.11493
target: 0.00000 0.40830
dist/lin/ang/drive_left/drive_right/tv_l/tv_r/av_l/av_r/x/y/theta/t_err: 0.29974 0.00000 3.12132 -0.54500 0.43645 0.03986 -0.06056 0.03986 -0.06056 0 0 72.82599 0.29974
fb: -0.06200 0.43805 0.14006 -0.14087
fb: -0.07370 0.37757 0.14006 -0.14087
target: 0.00000 0.34225
dist/lin/ang/drive_left/drive_right/tv_l/tv_r/av_l/av_r/x/y/theta/t_err: 0.22666 0.00000 2.61642 -0.45127 0.30388 0.10131 -0.11069 0.10131 -0.11069 0 0 77.01358 0.22666
fb: -0.08142 0.30992 0.15484 -0.15631
fb: -0.08914 0.23934 0.15484 -0.15631
target: 0.00000 0.28507
dist/lin/ang/drive_left/drive_right/tv_l/tv_r/av_l/av_r/x/y/theta/t_err: 0.17161 0.00000 2.17925 -0.32848 0.15019 0.13311 -0.13517 0.13311 -0.13517 0 0 80.16749 0.17161
fb: -0.09885 0.17273 0.14528 -0.14732
fb: -0.10481 0.11483 0.14528 -0.14732
target: 0.00000 0.24492
dist/lin/ang/drive_left/drive_right/tv_l/tv_r/av_l/av_r/x/y/theta/t_err: 0.13754 0.00000 1.87236 -0.21964 0.01001 0.14064 -0.13928 0.14064 -0.13928 0 0 82.11982 0.13754
fb: -0.09908 0.06612 0.08986 -0.09231
fb: -0.08915 0.02857 0.08986 -0.09231
target: 0.00000 0.22464
dist/lin/ang/drive_left/drive_right/tv_l/tv_r/av_l/av_r/x/y/theta/t_err: 0.12175 0.00000 1.71733 -0.11771 -0.06058 0.12867 -0.11650 0.12867 -0.11650 0 0 83.02401 0.12175
fb: -0.06576 -0.00286 -0.06683 0.07397
fb: -0.03884 -0.02564 -0.06683 0.07397
target: 0.00000 0.22033
dist/lin/ang/drive_left/drive_right/tv_l/tv_r/av_l/av_r/x/y/theta/t_err: 0.11852 0.00000 1.68437 -0.01320 -0.06448 0.08108 -0.02994 0.08108 -0.02994 0 0 83.20914 0.11852
fb: -0.02714 -0.03790 -0.13640 0.14349
fb: -0.02516 -0.03749 -0.13640 0.14349
target: 0.00000 0.22604
dist/lin/ang/drive_left/drive_right/tv_l/tv_r/av_l/av_r/x/y/theta/t_err: 0.12281 0.00000 1.72797 0.01233 -0.06264 -0.05236 0.08486 -0.05236 0.08486 0 0 82.96370 0.12281
fb: -0.03310 -0.03553 -0.18449 0.19164
fb: -0.04259 -0.03066 -0.18449 0.19164
target: 0.00000 0.23344
dist/lin/ang/drive_left/drive_right/tv_l/tv_r/av_l/av_r/x/y/theta/t_err: 0.12848 0.00000 1.78456 -0.01193 -0.07324 -0.12267 0.14272 -0.12267 0.14272 0 0 82.63865 0.12848
fb: -0.02714 -0.01721 -0.19606 0.20328
fb: -0.00794 0.00369 -0.19606 0.20328
target: 0.00000 0.23864
dist/lin/ang/drive_left/drive_right/tv_l/tv_r/av_l/av_r/x/y/theta/t_err: 0.13254 0.00000 1.82433 -0.01164 -0.00425 -0.16836 0.17317 -0.16836 0.17317 0 0 82.40584 0.13254
fb: -0.00000 0.03477 -0.18891 0.19619
fb: 0.00000 0.06591 -0.18891 0.19619
target: 0.00000 0.23627
dist/lin/ang/drive_left/drive_right/tv_l/tv_r/av_l/av_r/x/y/theta/t_err: 0.13068 0.00000 1.80621 -0.06591 0.06591 -0.17794 0.18222 -0.17794 0.18222 0 0 82.51232 0.13068
fb: -0.00000 0.08166 -0.15358 0.16084
fb: 0.00397 0.09079 -0.15358 0.16084
target: 0.00000 0.22250
dist/lin/ang/drive_left/drive_right/tv_l/tv_r/av_l/av_r/x/y/theta/t_err: 0.12015 0.00000 1.70097 -0.08682 0.09476 -0.17233 0.17592 -0.17233 0.17592 0 0 83.11619 0.12015
fb: 0.00000 0.09998 -0.09500 0.10212
fb: -0.00397 0.10472 -0.09500 0.10212
target: 0.00000 0.20292
dist/lin/ang/drive_left/drive_right/tv_l/tv_r/av_l/av_r/x/y/theta/t_err: 0.10592 0.00000 1.55125 -0.10869 0.10075 -0.14203 0.14375 -0.14203 0.14375 0 0 83.93150 0.10592
fb: -0.00000 0.10772 -0.05844 0.06536
fb: -0.00000 0.10584 -0.05844 0.06536
target: 0.00000 0.17904
dist/lin/ang/drive_left/drive_right/tv_l/tv_r/av_l/av_r/x/y/theta/t_err: 0.08978 0.00000 1.36868 -0.10584 0.10584 -0.09292 0.09381 -0.09292 0.09381 0 0 84.85621 0.08978
fb: -0.00397 0.10103 0.05160 -0.05471
fb: 0.00000 0.09518 0.05160 -0.05471
target: 0.00000 0.15317
dist/lin/ang/drive_left/drive_right/tv_l/tv_r/av_l/av_r/x/y/theta/t_err: 0.07380 0.00000 1.17091 -0.09518 0.09518 -0.05578 0.03969 -0.05578 0.03969 0 0 85.77168 0.07380
fb: 0.00000 0.08849 0.07426 -0.07762
fb: 0.00000 0.07999 0.07426 -0.07762
target: 0.00000 0.12756
dist/lin/ang/drive_left/drive_right/tv_l/tv_r/av_l/av_r/x/y/theta/t_err: 0.05952 0.00000 0.97516 -0.07999 0.07999 0.04292 -0.04378 0.04292 -0.04378 0 0 86.58957 0.05952
fb: 0.00000 0.07156 0.08665 -0.09027
fb: 0.00397 0.06292 0.08665 -0.09027
target: 0.00000 0.10370
dist/lin/ang/drive_left/drive_right/tv_l/tv_r/av_l/av_r/x/y/theta/t_err: 0.04760 0.00000 0.79277 -0.05895 0.06689 0.07100 -0.07494 0.07100 -0.07494 0 0 87.27255 0.04760
fb: -0.00000 0.05198 0.09142 -0.09528
fb: -0.00397 0.03860 0.09142 -0.09528
target: 0.00000 0.08325
dist/lin/ang/drive_left/drive_right/tv_l/tv_r/av_l/av_r/x/y/theta/t_err: 0.03844 0.00000 0.63641 -0.04257 0.03463 0.08267 -0.08692 0.08267 -0.08692 0 0 87.79739 0.03844
fb: 0.00000 0.01839 0.08694 -0.09100
fb: 0.00199 -0.00550 0.08694 -0.09100
target: 0.00000 0.07096
dist/lin/ang/drive_left/drive_right/tv_l/tv_r/av_l/av_r/x/y/theta/t_err: 0.03341 0.00000 0.54245 0.00749 -0.00352 0.08506 -0.08642 0.08506 -0.08642 0 0 88.08582 0.03341
fb: 0.00199 -0.02327 0.05672 -0.06091
fb: 0.00000 -0.03344 0.05672 -0.06091
target: 0.00000 0.07451
dist/lin/ang/drive_left/drive_right/tv_l/tv_r/av_l/av_r/x/y/theta/t_err: 0.03483 0.00000 0.56959 0.03344 -0.03344 0.07458 -0.08283 0.07458 -0.08283 0 0 88.00460 0.03483
fb: 0.00000 -0.03818 -0.09448 0.10012
fb: 0.00000 -0.03958 -0.09448 0.10012
target: 0.00000 0.08709
dist/lin/ang/drive_left/drive_right/tv_l/tv_r/av_l/av_r/x/y/theta/t_err: 0.04009 0.00000 0.66577 0.03958 -0.03958 0.03319 -0.04158 0.03319 -0.04158 0 0 87.70313 0.04009
fb: 0.00000 -0.03853 -0.14180 0.14756
fb: 0.00000 -0.03588 -0.14180 0.14756
target: 0.00000 0.10052
dist/lin/ang/drive_left/drive_right/tv_l/tv_r/av_l/av_r/x/y/theta/t_err: 0.04611 0.00000 0.76843 0.03588 -0.03588 -0.08039 0.09186 -0.08039 0.09186 0 0 87.35793 0.04611
fb: 0.00000 -0.03170 -0.15273 0.15863
fb: 0.00000 -0.02285 -0.15273 0.15863
target: 0.00000 0.11169
dist/lin/ang/drive_left/drive_right/tv_l/tv_r/av_l/av_r/x/y/theta/t_err: 0.05145 0.00000 0.85384 0.02285 -0.02285 -0.13381 0.13225 -0.13381 0.13225 0 0 87.05234 0.05145
fb: 0.00000 -0.00982 -0.14849 0.15451
fb: 0.00000 0.01164 -0.14849 0.15451
target: 0.00000 0.11763
dist/lin/ang/drive_left/drive_right/tv_l/tv_r/av_l/av_r/x/y/theta/t_err: 0.05440 0.00000 0.89926 -0.01164 0.01164 -0.14286 0.13911 -0.14286 0.13911 0 0 86.88303 0.05440
fb: 0.00000 0.03846 -0.12811 0.13418
fb: 0.00000 0.05699 -0.12811 0.13418
target: 0.00000 0.11181
dist/lin/ang/drive_left/drive_right/tv_l/tv_r/av_l/av_r/x/y/theta/t_err: 0.05150 0.00000 0.85474 -0.05699 0.05699 -0.13536 0.14100 -0.13536 0.14100 0 0 87.04907 0.05150
fb: 0.00000 0.06598 -0.07207 0.07808
fb: 0.00000 0.07051 -0.07207 0.07808
target: 0.00000 0.09272
dist/lin/ang/drive_left/drive_right/tv_l/tv_r/av_l/av_r/x/y/theta/t_err: 0.04256 0.00000 0.70885 -0.07051 0.07051 -0.10694 0.12147 -0.10694 0.12147 0 0 87.56122 0.04256
fb: 0.00000 0.07344 0.07576 -0.07972
fb: 0.00000 0.07170 0.07576 -0.07972
target: 0.00000 0.06649
dist/lin/ang/drive_left/drive_right/tv_l/tv_r/av_l/av_r/x/y/theta/t_err: 0.03167 0.00000 0.50828 -0.07170 0.07170 -0.03783 0.05286 -0.03783 0.05286 0 0 88.18572 0.03167
fb: 0.00000 0.06703 0.12185 -0.12608
fb: 0.00000 0.05992 0.12185 -0.12608
target: 0.00000 0.03564
dist/lin/ang/drive_left/drive_right/tv_l/tv_r/av_l/av_r/x/y/theta/t_err: 0.02091 0.00000 0.27247 -0.05992 0.05992 0.07544 -0.06692 0.07544 -0.06692 0 0 88.80200 0.02091
fb: 0.00000 0.05274 0.15894 -0.16347
fb: 0.00000 0.04508 0.15894 -0.16347
final error was 0.68793
position: -0.12974 -0.79992 89.31207
took 0.94000 time to finish turn
increased to 135.00000
target: 0.00000 0.15697
dist/lin/ang/drive_left/drive_right/tv_l/tv_r/av_l/av_r/x/y/theta/t_err: 2.35620 0.00000 1.20000 0.00000 0.00000 0.00000 0.00017 0.00000 0.00017 0 0 -0.00010 2.35620
fb: 0.00000 0.00000 -0.82859 0.83506
fb: 0.00000 0.00000 -0.82859 0.83506
target: 0.00000 0.31394
dist/lin/ang/drive_left/drive_right/tv_l/tv_r/av_l/av_r/x/y/theta/t_err: 2.35619 0.00000 2.40000 0.00000 0.00000 -0.02978 0.07975 -0.02978 0.07975 0 0 0.00030 2.35619
fb: 0.00000 0.00000 -0.91179 0.91982
fb: 0.00000 0.00000 -0.91179 0.91982
target: 0.00000 0.47092
dist/lin/ang/drive_left/drive_right/tv_l/tv_r/av_l/av_r/x/y/theta/t_err: 2.35619 0.00000 3.60000 0.00000 0.00000 -0.39525 0.45497 -0.39525 0.45497 0 0 0.00033 2.35619
fb: 0.00000 0.02543 -0.99498 1.00000
fb: 0.00397 0.07783 -0.99498 1.00000
target: 0.00000 0.62789
dist/lin/ang/drive_left/drive_right/tv_l/tv_r/av_l/av_r/x/y/theta/t_err: 2.35512 0.00000 4.80000 -0.07386 0.08180 -0.55144 0.46386 -0.55144 0.46386 0 0 0.06160 2.35512
fb: 0.00397 0.12848 -1.00000 1.00000
fb: 0.00000 0.17586 -1.00000 1.00000
target: 0.00000 0.78486
dist/lin/ang/drive_left/drive_right/tv_l/tv_r/av_l/av_r/x/y/theta/t_err: 2.34133 0.00000 6.00000 -0.17586 0.17586 -0.37250 0.55372 -0.37250 0.55372 0 0 0.85148 2.34133
fb: 0.00000 0.21460 -1.00000 1.00000
fb: 0.00000 0.25209 -1.00000 1.00000
target: 0.00000 0.78486
dist/lin/ang/drive_left/drive_right/tv_l/tv_r/av_l/av_r/x/y/theta/t_err: 2.31308 0.00000 6.00000 -0.25209 0.25209 -0.63514 0.69283 -0.63514 0.69283 0 0 2.47055 2.31308
fb: 0.00000 0.29522 -0.45500 0.46774
fb: 0.00375 0.34587 -0.45500 0.46774
target: 0.00000 0.78486
dist/lin/ang/drive_left/drive_right/tv_l/tv_r/av_l/av_r/x/y/theta/t_err: 2.27297 0.00000 6.00000 -0.34212 0.34962 -0.69264 0.61583 -0.69264 0.61583 0 0 4.76851 2.27297
fb: 0.00375 0.39116 -0.45500 0.46774
fb: 0.00000 0.43422 -0.45500 0.46774
target: 0.00000 0.78486
dist/lin/ang/drive_left/drive_right/tv_l/tv_r/av_l/av_r/x/y/theta/t_err: 2.21864 0.00000 6.00000 -0.43422 0.43422 -0.43153 0.36686 -0.43153 0.36686 0 0 7.88138 2.21864
fb: 0.00000 0.46488 -0.45500 0.46774
fb: 0.00000 0.48731 -0.45500 0.46774
target: 0.00000 0.78486
dist/lin/ang/drive_left/drive_right/tv_l/tv_r/av_l/av_r/x/y/theta/t_err: 2.15146 0.00000 6.00000 -0.48731 0.48731 -0.43461 0.43478 -0.43461 0.43478 0 0 11.73015 2.15146
fb: 0.00000 0.50745 -0.45500 0.46774
fb: 0.00000 0.52529 -0.45500 0.46774
target: 0.00000 0.78486
dist/lin/ang/drive_left/drive_right/tv_l/tv_r/av_l/av_r/x/y/theta/t_err: 2.07638 0.00000 6.00000 -0.52529 0.52529 -0.43753 0.44369 -0.43753 0.44369 0 0 16.03210 2.07638
fb: 0.00397 0.54291 -0.45500 0.46774
fb: 0.00000 0.56173 -0.45500 0.46774
target: 0.00000 0.78486
dist/lin/ang/drive_left/drive_right/tv_l/tv_r/av_l/av_r/x/y/theta/t_err: 1.99566 0.00000 6.00000 -0.56173 0.56173 -0.43444 0.44094 -0.43444 0.44094 0 0 20.65734 1.99566
fb: -0.00397 0.58437 -0.45500 0.46774
fb: 0.00397 0.60158 -0.45500 0.46774
target: 0.00000 0.78486
dist/lin/ang/drive_left/drive_right/tv_l/tv_r/av_l/av_r/x/y/theta/t_err: 1.90913 0.00000 6.00000 -0.59761 0.60555 -0.43547 0.43992 -0.43547 0.43992 0 0 25.61505 1.90913
fb: 0.00397 0.61461 -0.45500 0.46774
fb: 0.00000 0.62924 -0.45500 0.46774
target: 0.00000 0.78486
dist/lin/ang/drive_left/drive_right/tv_l/tv_r/av_l/av_r/x/y/theta/t_err: 1.81696 0.00000 6.00000 -0.62924 0.62924 -0.43736 0.44094 -0.43736 0.44094 0 0 30.89566 1.81696
fb: 0.00000 0.64450 -0.45500 0.46774
fb: 0.00000 0.65746 -0.45500 0.46774
target: 0.00000 0.78486
dist/lin/ang/drive_left/drive_right/tv_l/tv_r/av_l/av_r/x/y/theta/t_err: 1.72042 0.00000 6.00000 -0.65746 0.65746 -0.43906 0.44317 -0.43906 0.44317 0 0 36.42695 1.72042
fb: 0.00000 0.67021 -0.45500 0.46774
fb: -0.00397 0.68261 -0.45500 0.46774
target: 0.00000 0.78486
dist/lin/ang/drive_left/drive_right/tv_l/tv_r/av_l/av_r/x/y/theta/t_err: 1.61971 0.00000 6.00000 -0.68658 0.67864 -0.44025 0.44417 -0.44025 0.44417 0 0 42.19762 1.61971
fb: -0.02339 0.69244 -0.45500 0.46774
fb: -0.04258 0.70296 -0.45500 0.46774
target: 0.00000 0.78486
dist/lin/ang/drive_left/drive_right/tv_l/tv_r/av_l/av_r/x/y/theta/t_err: 1.51527 0.00000 6.00000 -0.74554 0.66038 -0.44147 0.44472 -0.44147 0.44472 0 0 48.18157 1.51527
fb: -0.04854 0.71188 -0.45500 0.46774
fb: -0.06023 0.71919 -0.45500 0.46774
target: 0.00000 0.78486
dist/lin/ang/drive_left/drive_right/tv_l/tv_r/av_l/av_r/x/y/theta/t_err: 1.40770 0.00000 6.00000 -0.77943 0.65896 -0.44283 0.44575 -0.44283 0.44575 0 0 54.34500 1.40770
fb: -0.06200 0.72602 -0.45500 0.46774
fb: -0.06200 0.73146 -0.45500 0.46774
target: 0.00000 0.78486
dist/lin/ang/drive_left/drive_right/tv_l/tv_r/av_l/av_r/x/y/theta/t_err: 1.29771 0.00000 6.00000 -0.79345 0.66946 -0.44353 0.44608 -0.44353 0.44608 0 0 60.64655 1.29771
fb: -0.06773 0.73564 -0.45500 0.46774
fb: -0.06597 0.74121 -0.45500 0.46774
target: 0.00000 0.78486
dist/lin/ang/drive_left/drive_right/tv_l/tv_r/av_l/av_r/x/y/theta/t_err: 1.18597 0.00000 6.00000 -0.80718 0.67524 -0.44436 0.44742 -0.44436 0.44742 0 0 67.04875 1.18597
fb: -0.06795 0.74929 -0.45500 0.46774
fb: -0.07369 0.75626 -0.45500 0.46774
target: 0.00000 0.78486
dist/lin/ang/drive_left/drive_right/tv_l/tv_r/av_l/av_r/x/y/theta/t_err: 1.07248 0.00000 6.00000 -0.82995 0.68257 -0.44231 0.44831 -0.44231 0.44831 0 0 73.55118 1.07248
fb: -0.07766 0.76114 -0.45500 0.46774
fb: -0.07170 0.76720 -0.45500 0.46774
target: 0.00000 0.78486
dist/lin/ang/drive_left/drive_right/tv_l/tv_r/av_l/av_r/x/y/theta/t_err: 0.95686 0.00000 6.00000 -0.83890 0.69550 -0.44283 0.44744 -0.44283 0.44744 0 0 80.17571 0.95686
fb: -0.08141 0.77159 -0.45500 0.46774
fb: -0.08913 0.77535 -0.45500 0.46774
target: 0.00000 0.78486
dist/lin/ang/drive_left/drive_right/tv_l/tv_r/av_l/av_r/x/y/theta/t_err: 0.83955 0.00000 6.00000 -0.86449 0.68622 -0.44419 0.44611 -0.44419 0.44611 0 0 86.89746 0.83955
fb: -0.08516 0.78204 -0.45500 0.46774
fb: -0.08935 0.78539 -0.45500 0.46774
target: 0.00000 0.78486
dist/lin/ang/drive_left/drive_right/tv_l/tv_r/av_l/av_r/x/y/theta/t_err: 0.72081 0.00000 6.00000 -0.87474 0.69603 -0.44283 0.44656 -0.44283 0.44656 0 0 93.70059 0.72081
fb: -0.09134 0.78650 -0.45500 0.46774
fb: -0.09288 0.79082 -0.45500 0.46774
target: 0.00000 0.61886
dist/lin/ang/drive_left/drive_right/tv_l/tv_r/av_l/av_r/x/y/theta/t_err: 0.60082 0.00000 4.73096 -0.88370 0.69794 -0.44386 0.44489 -0.44386 0.44489 0 0 100.57566 0.60082
fb: -0.10259 0.79535 0.45804 -0.45675
fb: -0.10678 0.79876 0.45804 -0.45675
target: 0.00000 0.54256
dist/lin/ang/drive_left/drive_right/tv_l/tv_r/av_l/av_r/x/y/theta/t_err: 0.47975 0.00000 4.14769 -0.90555 0.69198 -0.30044 0.30061 -0.30044 0.30061 0 0 107.51245 0.47975
fb: -0.11252 0.80336 0.09480 -0.09427
fb: -0.12024 0.79465 0.09480 -0.09427
target: 0.00000 0.45487
dist/lin/ang/drive_left/drive_right/tv_l/tv_r/av_l/av_r/x/y/theta/t_err: 0.35740 0.00000 3.47730 -0.91489 0.67441 0.07272 -0.06689 0.07272 -0.06689 0 0 114.52238 0.35740
fb: -0.14363 0.76734 0.19257 -0.19291
fb: -0.15312 0.71048 0.19257 -0.19291
target: 0.00000 0.35215
dist/lin/ang/drive_left/drive_right/tv_l/tv_r/av_l/av_r/x/y/theta/t_err: 0.23696 0.00000 2.69206 -0.86360 0.55737 0.11122 -0.10575 0.11122 -0.10575 0 0 121.42342 0.23696
fb: -0.13569 0.64297 0.31461 -0.31598
fb: -0.15709 0.58381 0.31461 -0.31598
target: 0.00000 0.23672
dist/lin/ang/drive_left/drive_right/tv_l/tv_r/av_l/av_r/x/y/theta/t_err: 0.13104 0.00000 1.80966 -0.74091 0.42672 0.20858 -0.19489 0.20858 -0.19489 0 0 127.49213 0.13104
fb: -0.17056 0.52131 0.43298 -0.43551
fb: -0.17056 0.45638 0.43298 -0.43551
target: 0.00000 0.09592
dist/lin/ang/drive_left/drive_right/tv_l/tv_r/av_l/av_r/x/y/theta/t_err: 0.04400 0.00000 0.73331 -0.62694 0.28582 0.31706 -0.29669 0.31706 -0.29669 0 0 132.47875 0.04400
fb: -0.15909 0.38461 0.62177 -0.62571
fb: -0.12224 0.31486 0.62177 -0.62571
target: 0.00000 -0.04220
dist/lin/ang/drive_left/drive_right/tv_l/tv_r/av_l/av_r/x/y/theta/t_err: -0.02301 0.00000 -0.32262 -0.43711 0.19262 0.36567 -0.36444 0.36567 -0.36444 0 0 136.31839 -0.02301
fb: -0.12026 0.24268 0.68296 -0.68827
fb: -0.12798 0.17036 0.68296 -0.68827
target: 0.00000 -0.14386
dist/lin/ang/drive_left/drive_right/tv_l/tv_r/av_l/av_r/x/y/theta/t_err: -0.06843 0.00000 -1.09976 -0.29834 0.04238 0.40311 -0.44747 0.40311 -0.44747 0 0 138.92090 -0.06843
fb: -0.12224 0.09615 0.57273 -0.57906
fb: -0.12798 0.02355 0.57273 -0.57906
target: 0.00000 -0.18194
dist/lin/ang/drive_left/drive_right/tv_l/tv_r/av_l/av_r/x/y/theta/t_err: -0.09167 0.00000 -1.39086 -0.15153 -0.10443 0.40039 -0.41786 0.40039 -0.41786 0 0 140.25207 -0.09167
fb: -0.12600 -0.04313 0.30680 -0.31352
fb: -0.10680 -0.10194 0.30680 -0.31352
target: 0.00000 -0.18364
dist/lin/ang/drive_left/drive_right/tv_l/tv_r/av_l/av_r/x/y/theta/t_err: -0.09279 0.00000 -1.40390 -0.00486 -0.20873 0.38553 -0.43428 0.38553 -0.43428 0 0 140.31623 -0.09279
fb: -0.08716 -0.15106 0.14403 -0.15076
fb: -0.09113 -0.19049 0.14403 -0.15076
target: 0.00000 -0.15580
dist/lin/ang/drive_left/drive_right/tv_l/tv_r/av_l/av_r/x/y/theta/t_err: -0.07535 0.00000 -1.19106 0.09936 -0.28163 0.24586 -0.28267 0.24586 -0.28267 0 0 139.31749 -0.07535
fb: -0.08937 -0.21453 -0.08173 0.08507
fb: -0.08716 -0.22540 -0.08173 0.08507
target: 0.00000 -0.09894
dist/lin/ang/drive_left/drive_right/tv_l/tv_r/av_l/av_r/x/y/theta/t_err: -0.04538 0.00000 -0.75635 0.13824 -0.31256 0.07069 -0.11242 0.07069 -0.11242 0 0 137.60020 -0.04538
fb: -0.08517 -0.22157 -0.24247 0.24638
fb: -0.07966 -0.21300 -0.24247 0.24638
target: 0.00000 0.00000
dist/lin/ang/drive_left/drive_right/tv_l/tv_r/av_l/av_r/x/y/theta/t_err: -0.01117 0.00000 0.00000 0.13334 -0.29266 -0.12117 0.09597 -0.12117 0.09597 0 0 135.63973 -0.01117
fb: -0.08142 -0.20317 -0.48425 0.48914
fb: -0.06002 -0.18367 -0.48425 0.48914
target: 0.00000 0.03623
dist/lin/ang/drive_left/drive_right/tv_l/tv_r/av_l/av_r/x/y/theta/t_err: 0.02109 0.00000 0.27694 0.12365 -0.24368 -0.28797 0.25544 -0.28797 0.25544 0 0 133.79150 0.02109
fb: -0.05252 -0.14479 -0.22124 0.22650
fb: -0.06598 -0.08939 -0.22124 0.22650
target: 0.00000 0.10360
dist/lin/ang/drive_left/drive_right/tv_l/tv_r/av_l/av_r/x/y/theta/t_err: 0.04755 0.00000 0.79198 0.02342 -0.15537 -0.37747 0.36856 -0.37747 0.36856 0 0 132.27536 0.04755
fb: -0.06399 -0.03247 -0.39710 0.40303
fb: -0.04855 0.03024 -0.39710 0.40303
target: 0.00000 0.12655
dist/lin/ang/drive_left/drive_right/tv_l/tv_r/av_l/av_r/x/y/theta/t_err: 0.05899 0.00000 0.96746 -0.07878 -0.01831 -0.26217 0.26161 -0.26217 0.26161 0 0 131.61993 0.05899
fb: -0.04060 0.07037 -0.20939 0.21555
fb: -0.04656 0.09992 -0.20939 0.21555
target: 0.00000 0.11514
dist/lin/ang/drive_left/drive_right/tv_l/tv_r/av_l/av_r/x/y/theta/t_err: 0.05315 0.00000 0.88024 -0.14647 0.05336 -0.33625 0.32425 -0.33625 0.32425 0 0 131.95452 0.05315
fb: -0.04854 0.13594 -0.04871 0.05475
fb: -0.03089 0.16443 -0.04871 0.05475
target: 0.00000 0.07832
dist/lin/ang/drive_left/drive_right/tv_l/tv_r/av_l/av_r/x/y/theta/t_err: 0.03638 0.00000 0.59875 -0.19533 0.13354 -0.19336 0.17708 -0.19336 0.17708 0 0 132.91542 0.03638
fb: -0.01942 0.17516 0.16321 -0.16732
fb: -0.02339 0.17447 0.16321 -0.16732
target: 0.00000 0.00000
dist/lin/ang/drive_left/drive_right/tv_l/tv_r/av_l/av_r/x/y/theta/t_err: 0.01103 0.00000 0.00000 -0.19786 0.15108 -0.04072 0.01694 -0.04072 0.01694 0 0 134.36828 0.01103
fb: -0.02317 0.16597 0.39148 -0.39637
fb: -0.02317 0.15531 0.39148 -0.39637
target: 0.00000 -0.01643
dist/lin/ang/drive_left/drive_right/tv_l/tv_r/av_l/av_r/x/y/theta/t_err: -0.01533 0.00000 -0.12561 -0.17848 0.13214 0.16153 -0.19075 0.16153 -0.19075 0 0 135.87857 -0.01533
fb: -0.02339 0.14444 0.12167 -0.12673
fb: -0.02140 0.11058 0.12167 -0.12673
final error was -2.21908
position: 0.79765 -1.51112 137.21908
took 0.88000 time to finish turn
target: 0.00000 0.15697
dist/lin/ang/drive_left/drive_right/tv_l/tv_r/av_l/av_r/x/y/theta/t_err: 2.35620 0.00000 1.20000 0.00000 0.00000 -0.00033 -0.00017 -0.00033 -0.00017 0 0 -0.00005 2.35620
fb: 0.00000 0.00000 -0.82859 0.83506
fb: 0.00000 0.00000 -0.82859 0.83506
target: 0.00000 0.31394
dist/lin/ang/drive_left/drive_right/tv_l/tv_r/av_l/av_r/x/y/theta/t_err: 2.35620 0.00000 2.40000 0.00000 0.00000 -0.06297 0.02703 -0.06297 0.02703 0 0 -0.00044 2.35620
fb: 0.00000 0.00000 -0.91179 0.91982
fb: 0.00000 0.00230 -0.91179 0.91982
target: 0.00000 0.47092
dist/lin/ang/drive_left/drive_right/tv_l/tv_r/av_l/av_r/x/y/theta/t_err: 2.35621 0.00000 3.60000 -0.00230 0.00230 -0.45103 0.37131 -0.45103 0.37131 0 0 -0.00105 2.35621
fb: 0.00000 0.03958 -0.99498 1.00000
fb: 0.00000 0.09288 -0.99498 1.00000
target: 0.00000 0.62789
dist/lin/ang/drive_left/drive_right/tv_l/tv_r/av_l/av_r/x/y/theta/t_err: 2.35397 0.00000 4.80000 -0.09288 0.09288 -0.52169 0.52050 -0.52169 0.52050 0 0 0.12755 2.35397
fb: 0.00000 0.14451 -1.00000 1.00000
fb: 0.00000 0.18854 -1.00000 1.00000
target: 0.00000 0.78486
dist/lin/ang/drive_left/drive_right/tv_l/tv_r/av_l/av_r/x/y/theta/t_err: 2.33791 0.00000 6.00000 -0.18854 0.18854 -0.41956 0.41836 -0.41956 0.41836 0 0 1.04784 2.33791
fb: 0.00000 0.22526 -1.00000 1.00000
fb: 0.00000 0.26714 -1.00000 1.00000
target: 0.00000 0.78486
dist/lin/ang/drive_left/drive_right/tv_l/tv_r/av_l/av_r/x/y/theta/t_err: 2.30788 0.00000 6.00000 -0.26714 0.26714 -0.66869 0.63069 -0.66869 0.63069 0 0 2.76846 2.30788
fb: 0.00000 0.31702 -0.45500 0.46774
fb: -0.00397 0.36615 -0.45500 0.46774
target: 0.00000 0.78486
dist/lin/ang/drive_left/drive_right/tv_l/tv_r/av_l/av_r/x/y/theta/t_err: 2.26520 0.00000 6.00000 -0.37012 0.36217 -0.63600 0.66869 -0.63600 0.66869 0 0 5.21354 2.26520
fb: -0.00397 0.40851 -0.45500 0.46774
fb: 0.00000 0.44920 -0.45500 0.46774
target: 0.00000 0.78486
dist/lin/ang/drive_left/drive_right/tv_l/tv_r/av_l/av_r/x/y/theta/t_err: 2.20784 0.00000 6.00000 -0.44920 0.44920 -0.39081 0.45872 -0.39081 0.45872 0 0 8.49988 2.20784
fb: 0.00000 0.48083 -0.45500 0.46774
fb: 0.00000 0.50013 -0.45500 0.46774
target: 0.00000 0.78486
dist/lin/ang/drive_left/drive_right/tv_l/tv_r/av_l/av_r/x/y/theta/t_err: 2.13823 0.00000 6.00000 -0.50013 0.50013 -0.42897 0.44506 -0.42897 0.44506 0 0 12.48843 2.13823
fb: 0.00000 0.52006 -0.45500 0.46774
fb: 0.00000 0.54173 -0.45500 0.46774
target: 0.00000 0.78486
dist/lin/ang/drive_left/drive_right/tv_l/tv_r/av_l/av_r/x/y/theta/t_err: 2.06120 0.00000 6.00000 -0.54173 0.54173 -0.43753 0.44403 -0.43753 0.44403 0 0 16.90211 2.06120
fb: 0.00000 0.55943 -0.45500 0.46774
fb: 0.00000 0.57782 -0.45500 0.46774
target: 0.00000 0.78486
dist/lin/ang/drive_left/drive_right/tv_l/tv_r/av_l/av_r/x/y/theta/t_err: 1.97802 0.00000 6.00000 -0.57782 0.57782 -0.43494 0.44094 -0.43494 0.44094 0 0 21.66775 1.97802
fb: 0.00000 0.59998 -0.45500 0.46774
fb: -0.00375 0.61844 -0.45500 0.46774
target: 0.00000 0.78486
dist/lin/ang/drive_left/drive_right/tv_l/tv_r/av_l/av_r/x/y/theta/t_err: 1.88905 0.00000 6.00000 -0.62219 0.61469 -0.43494 0.44044 -0.43494 0.44044 0 0 26.76547 1.88905
fb: -0.00375 0.62945 -0.45500 0.46774
fb: 0.00199 0.64304 -0.45500 0.46774
target: 0.00000 0.78486
dist/lin/ang/drive_left/drive_right/tv_l/tv_r/av_l/av_r/x/y/theta/t_err: 1.79442 0.00000 6.00000 -0.64105 0.64502 -0.43786 0.44300 -0.43786 0.44300 0 0 32.18744 1.79442
fb: 0.00199 0.65983 -0.45500 0.46774
fb: 0.00000 0.67021 -0.45500 0.46774
target: 0.00000 0.78486
dist/lin/ang/drive_left/drive_right/tv_l/tv_r/av_l/av_r/x/y/theta/t_err: 1.69569 0.00000 6.00000 -0.67021 0.67021 -0.43922 0.44333 -0.43922 0.44333 0 0 37.84430 1.69569
fb: 0.00000 0.68150 -0.45500 0.46774
fb: 0.00000 0.69725 -0.45500 0.46774
target: 0.00000 0.78486
dist/lin/ang/drive_left/drive_right/tv_l/tv_r/av_l/av_r/x/y/theta/t_err: 1.59306 0.00000 6.00000 -0.69725 0.69725 -0.44008 0.44417 -0.44008 0.44417 0 0 43.72411 1.59306
fb: -0.00397 0.70582 -0.45500 0.46774
fb: -0.00397 0.71146 -0.45500 0.46774
target: 0.00000 0.78486
dist/lin/ang/drive_left/drive_right/tv_l/tv_r/av_l/av_r/x/y/theta/t_err: 1.48652 0.00000 6.00000 -0.71543 0.70749 -0.44197 0.44558 -0.44197 0.44558 0 0 49.82889 1.48652
fb: 0.00000 0.72428 -0.45500 0.46774
fb: 0.00000 0.73215 -0.45500 0.46774
target: 0.00000 0.78486
dist/lin/ang/drive_left/drive_right/tv_l/tv_r/av_l/av_r/x/y/theta/t_err: 1.37741 0.00000 6.00000 -0.73215 0.73215 -0.44231 0.44542 -0.44231 0.44542 0 0 56.08037 1.37741
fb: -0.02140 0.73598 -0.45500 0.46774
fb: -0.05428 0.74365 -0.45500 0.46774
target: 0.00000 0.78486
dist/lin/ang/drive_left/drive_right/tv_l/tv_r/av_l/av_r/x/y/theta/t_err: 1.26560 0.00000 6.00000 -0.79792 0.68937 -0.44367 0.44658 -0.44367 0.44658 0 0 62.48651 1.26560
fb: -0.05803 0.75138 -0.45500 0.46774
fb: -0.05427 0.75828 -0.45500 0.46774
target: 0.00000 0.78486
dist/lin/ang/drive_left/drive_right/tv_l/tv_r/av_l/av_r/x/y/theta/t_err: 1.15190 0.00000 6.00000 -0.81256 0.70401 -0.44317 0.44725 -0.44317 0.44725 0 0 69.00115 1.15190
fb: -0.05427 0.76504 -0.45500 0.46774
fb: -0.05825 0.76769 -0.45500 0.46774
target: 0.00000 0.78486
dist/lin/ang/drive_left/drive_right/tv_l/tv_r/av_l/av_r/x/y/theta/t_err: 1.03588 0.00000 6.00000 -0.82593 0.70944 -0.44283 0.44778 -0.44283 0.44778 0 0 75.64832 1.03588
fb: -0.07766 0.76922 -0.45500 0.46774
fb: -0.08340 0.77521 -0.45500 0.46774
target: 0.00000 0.78486
dist/lin/ang/drive_left/drive_right/tv_l/tv_r/av_l/av_r/x/y/theta/t_err: 0.91870 0.00000 6.00000 -0.85861 0.69182 -0.44181 0.44850 -0.44181 0.44850 0 0 82.36260 0.91870
fb: -0.07943 0.77946 -0.45500 0.46774
fb: -0.09310 0.78253 -0.45500 0.46774
target: 0.00000 0.78486
dist/lin/ang/drive_left/drive_right/tv_l/tv_r/av_l/av_r/x/y/theta/t_err: 0.80015 0.00000 6.00000 -0.87563 0.68942 -0.44319 0.44883 -0.44319 0.44883 0 0 89.15471 0.80015
fb: -0.09310 0.78608 -0.45500 0.46774
fb: -0.08715 0.79110 -0.45500 0.46774
target: 0.00000 0.66492
dist/lin/ang/drive_left/drive_right/tv_l/tv_r/av_l/av_r/x/y/theta/t_err: 0.68049 0.00000 5.08307 -0.87825 0.70395 -0.44231 0.44608 -0.44231 0.44608 0 0 96.01062 0.68049
fb: -0.08737 0.79695 0.22637 -0.22461
fb: -0.08737 0.80078 0.22637 -0.22461
target: 0.00000 0.59367
dist/lin/ang/drive_left/drive_right/tv_l/tv_r/av_l/av_r/x/y/theta/t_err: 0.55935 0.00000 4.53843 -0.88815 0.71342 -0.37678 0.30475 -0.37678 0.30475 0 0 102.95156 0.55935
fb: -0.11252 0.80343 0.04497 -0.04393
fb: -0.12995 0.79479 0.04497 -0.04393
target: 0.00000 0.51328
dist/lin/ang/drive_left/drive_right/tv_l/tv_r/av_l/av_r/x/y/theta/t_err: 0.43690 0.00000 3.92386 -0.92474 0.66484 0.04603 -0.05511 0.04603 -0.05511 0 0 109.96750 0.43690
fb: -0.13944 0.76176 0.12875 -0.12851
fb: -0.15312 0.70693 0.12875 -0.12851
target: 0.00000 0.42260
dist/lin/ang/drive_left/drive_right/tv_l/tv_r/av_l/av_r/x/y/theta/t_err: 0.31691 0.00000 3.23063 -0.86005 0.55381 0.03492 -0.05611 0.03492 -0.05611 0 0 116.84250 0.31691
fb: -0.15511 0.65356 0.22311 -0.22378
fb: -0.16084 0.60172 0.22311 -0.22378
target: 0.00000 0.32669
dist/lin/ang/drive_left/drive_right/tv_l/tv_r/av_l/av_r/x/y/theta/t_err: 0.21092 0.00000 2.49748 -0.76256 0.44088 0.10592 -0.12867 0.10592 -0.12867 0 0 122.91505 0.21092
fb: -0.16879 0.54138 0.29744 -0.29907
fb: -0.17850 0.47679 0.38669 -0.20982
target: 0.00000 0.22390
dist/lin/ang/drive_left/drive_right/tv_l/tv_r/av_l/av_r/x/y/theta/t_err: 0.12119 0.00000 1.71165 -0.65529 0.29829 0.19847 -0.21114 0.19847 -0.21114 0 0 128.05609 0.12119
fb: -0.17078 0.40928 0.38293 -0.38559
fb: -0.13769 0.33793 0.38293 -0.38559
target: 0.00000 0.11050
dist/lin/ang/drive_left/drive_right/tv_l/tv_r/av_l/av_r/x/y/theta/t_err: 0.05086 0.00000 0.84473 -0.47561 0.20024 0.31294 -0.22144 0.31294 -0.22144 0 0 132.08574 0.05086
fb: -0.11231 0.26533 0.49076 -0.49455
fb: -0.10481 0.19447 0.49076 -0.49455
target: 0.00000 0.00000
dist/lin/ang/drive_left/drive_right/tv_l/tv_r/av_l/av_r/x/y/theta/t_err: 0.00188 0.00000 0.00000 -0.29928 0.08965 0.34836 -0.34014 0.34836 -0.34014 0 0 134.89237 0.00188
fb: -0.11452 0.12479 0.53627 -0.54116
fb: -0.12997 0.05915 0.53627 -0.54116
target: 0.00000 -0.04891
dist/lin/ang/drive_left/drive_right/tv_l/tv_r/av_l/av_r/x/y/theta/t_err: -0.02526 0.00000 -0.37388 -0.18912 -0.07081 0.42008 -0.40931 0.42008 -0.40931 0 0 136.44741 -0.02526
fb: -0.12798 -0.00578 0.28503 -0.29041
fb: -0.11827 -0.06222 0.28503 -0.29041
target: 0.00000 -0.06690
dist/lin/ang/drive_left/drive_right/tv_l/tv_r/av_l/av_r/x/y/theta/t_err: -0.03182 0.00000 -0.51143 -0.05605 -0.18049 0.41631 -0.44403 0.41631 -0.44403 0 0 136.82339 -0.03182
fb: -0.10283 -0.11378 0.15545 -0.16101
fb: -0.07745 -0.15628 0.15545 -0.16101
final error was -1.16613
position: 0.50334 -1.11756 136.16613
took 0.66000 time to finish turn
increased to 180.00000
target: 0.00000 0.15697
dist/lin/ang/drive_left/drive_right/tv_l/tv_r/av_l/av_r/x/y/theta/t_err: 3.14159 0.00000 1.20000 0.00000 0.00000 -0.00017 0.00017 -0.00017 0.00017 0 0 0.00006 3.14159
fb: 0.00000 0.00000 -0.82859 0.83506
fb: 0.00000 0.00000 -0.82859 0.83506
target: 0.00000 0.31394
dist/lin/ang/drive_left/drive_right/tv_l/tv_r/av_l/av_r/x/y/theta/t_err: 3.14160 0.00000 2.40000 0.00000 0.00000 -0.10953 0.03286 -0.10953 0.03286 0 0 -0.00030 3.14160
fb: 0.00000 0.00000 -0.91179 0.91982
fb: 0.00000 0.01540 -0.91179 0.91982
target: 0.00000 0.47092
dist/lin/ang/drive_left/drive_right/tv_l/tv_r/av_l/av_r/x/y/theta/t_err: 3.14158 0.00000 3.60000 -0.01540 0.01540 -0.48031 0.39200 -0.48031 0.39200 0 0 0.00070 3.14158
fb: 0.00000 0.06424 -0.99498 1.00000
fb: 0.00000 0.11225 -0.99498 1.00000
target: 0.00000 0.62789
dist/lin/ang/drive_left/drive_right/tv_l/tv_r/av_l/av_r/x/y/theta/t_err: 3.13686 0.00000 4.80000 -0.11225 0.11225 -0.52686 0.36958 -0.52686 0.36958 0 0 0.27136 3.13686
fb: 0.00000 0.15928 -1.00000 1.00000
fb: 0.00000 0.19878 -1.00000 1.00000
target: 0.00000 0.78486
dist/lin/ang/drive_left/drive_right/tv_l/tv_r/av_l/av_r/x/y/theta/t_err: 3.11799 0.00000 6.00000 -0.19878 0.19878 -0.47242 0.53953 -0.47242 0.53953 0 0 1.35245 3.11799
fb: 0.00000 0.24073 -1.00000 1.00000
fb: 0.00000 0.28588 -1.00000 1.00000
target: 0.00000 0.78486
dist/lin/ang/drive_left/drive_right/tv_l/tv_r/av_l/av_r/x/y/theta/t_err: 3.08608 0.00000 6.00000 -0.28588 0.28588 -0.56586 0.65464 -0.56586 0.65464 0 0 3.18055 3.08608
fb: 0.00000 0.33702 -0.45500 0.46774
fb: 0.00000 0.38663 -0.45500 0.46774
target: 0.00000 0.78486
dist/lin/ang/drive_left/drive_right/tv_l/tv_r/av_l/av_r/x/y/theta/t_err: 3.04050 0.00000 6.00000 -0.38663 0.38663 -0.54825 0.66750 -0.54825 0.66750 0 0 5.79205 3.04050
fb: 0.00000 0.43101 -0.45500 0.46774
fb: 0.00000 0.46418 -0.45500 0.46774
target: 0.00000 0.78486
dist/lin/ang/drive_left/drive_right/tv_l/tv_r/av_l/av_r/x/y/theta/t_err: 2.97983 0.00000 6.00000 -0.46418 0.46418 -0.42589 0.36547 -0.42589 0.36547 0 0 9.26807 2.97983
fb: 0.00000 0.48209 -0.45500 0.46774
fb: 0.00000 0.49128 -0.45500 0.46774
target: 0.00000 0.78486
dist/lin/ang/drive_left/drive_right/tv_l/tv_r/av_l/av_r/x/y/theta/t_err: 2.90860 0.00000 6.00000 -0.49128 0.49128 -0.43769 0.43700 -0.43769 0.43700 0 0 13.34975 2.90860
fb: 0.00000 0.50835 -0.45500 0.46774
fb: 0.00000 0.53260 -0.45500 0.46774
target: 0.00000 0.78486
dist/lin/ang/drive_left/drive_right/tv_l/tv_r/av_l/av_r/x/y/theta/t_err: 2.83296 0.00000 6.00000 -0.53260 0.53260 -0.43481 0.44111 -0.43481 0.44111 0 0 17.68318 2.83296
fb: -0.01169 0.55580 -0.45500 0.46774
fb: -0.02912 0.57441 -0.45500 0.46774
target: 0.00000 0.78486
dist/lin/ang/drive_left/drive_right/tv_l/tv_r/av_l/av_r/x/y/theta/t_err: 2.75090 0.00000 6.00000 -0.60353 0.54528 -0.43514 0.44094 -0.43514 0.44094 0 0 22.38503 2.75090
fb: -0.03089 0.59043 -0.45500 0.46774
fb: -0.03883 0.60472 -0.45500 0.46774
target: 0.00000 0.78486
dist/lin/ang/drive_left/drive_right/tv_l/tv_r/av_l/av_r/x/y/theta/t_err: 2.66272 0.00000 6.00000 -0.64355 0.56588 -0.43547 0.44197 -0.43547 0.44197 0 0 27.43739 2.66272
fb: -0.04854 0.61607 -0.45500 0.46774
fb: -0.05031 0.62604 -0.45500 0.46774
target: 0.00000 0.78486
dist/lin/ang/drive_left/drive_right/tv_l/tv_r/av_l/av_r/x/y/theta/t_err: 2.57010 0.00000 6.00000 -0.67634 0.57573 -0.43753 0.44042 -0.43753 0.44042 0 0 32.74409 2.57010
fb: -0.05626 0.63663 -0.45500 0.46774
fb: -0.06200 0.64854 -0.45500 0.46774
target: 0.00000 0.78486
dist/lin/ang/drive_left/drive_right/tv_l/tv_r/av_l/av_r/x/y/theta/t_err: 2.47422 0.00000 6.00000 -0.71054 0.58654 -0.43839 0.44250 -0.43839 0.44250 0 0 38.23750 2.47422
fb: -0.05825 0.65969 -0.45500 0.46774
fb: -0.06023 0.67112 -0.45500 0.46774
target: 0.00000 0.78486
dist/lin/ang/drive_left/drive_right/tv_l/tv_r/av_l/av_r/x/y/theta/t_err: 2.37482 0.00000 6.00000 -0.73135 0.61088 -0.43856 0.44200 -0.43856 0.44200 0 0 43.93263 2.37482
fb: -0.07171 0.68366 -0.45500 0.46774
fb: -0.06972 0.69160 -0.45500 0.46774
target: 0.00000 0.78486
dist/lin/ang/drive_left/drive_right/tv_l/tv_r/av_l/av_r/x/y/theta/t_err: 2.27196 0.00000 6.00000 -0.76132 0.62188 -0.44028 0.44367 -0.44028 0.44367 0 0 49.82624 2.27196
fb: -0.06200 0.70024 -0.45500 0.46774
fb: -0.06795 0.71041 -0.45500 0.46774
target: 0.00000 0.78486
dist/lin/ang/drive_left/drive_right/tv_l/tv_r/av_l/av_r/x/y/theta/t_err: 2.16606 0.00000 6.00000 -0.77837 0.64246 -0.44078 0.44436 -0.44078 0.44436 0 0 55.89379 2.16606
fb: -0.07171 0.71752 -0.45500 0.46774
fb: -0.07171 0.72344 -0.45500 0.46774
target: 0.00000 0.78486
dist/lin/ang/drive_left/drive_right/tv_l/tv_r/av_l/av_r/x/y/theta/t_err: 2.05737 0.00000 6.00000 -0.79515 0.65174 -0.44281 0.44469 -0.44281 0.44469 0 0 62.12138 2.05737
fb: -0.07766 0.73285 -0.45500 0.46774
fb: -0.08141 0.73912 -0.45500 0.46774
target: 0.00000 0.78486
dist/lin/ang/drive_left/drive_right/tv_l/tv_r/av_l/av_r/x/y/theta/t_err: 1.94645 0.00000 6.00000 -0.82053 0.65771 -0.44267 0.44542 -0.44267 0.44542 0 0 68.47649 1.94645
fb: -0.07943 0.74532 -0.45500 0.46774
fb: -0.07170 0.75501 -0.45500 0.46774
target: 0.00000 0.78486
dist/lin/ang/drive_left/drive_right/tv_l/tv_r/av_l/av_r/x/y/theta/t_err: 1.83334 0.00000 6.00000 -0.82671 0.68330 -0.44419 0.44658 -0.44419 0.44658 0 0 74.95713 1.83334
fb: -0.08141 0.76107 -0.45500 0.46774
fb: -0.09509 0.76804 -0.45500 0.46774
target: 0.00000 0.78486
dist/lin/ang/drive_left/drive_right/tv_l/tv_r/av_l/av_r/x/y/theta/t_err: 1.71776 0.00000 6.00000 -0.86313 0.67295 -0.44522 0.44708 -0.44522 0.44708 0 0 81.57980 1.71776
fb: -0.09509 0.77542 -0.45500 0.46774
fb: -0.09884 0.77723 -0.45500 0.46774
target: 0.00000 0.78486
dist/lin/ang/drive_left/drive_right/tv_l/tv_r/av_l/av_r/x/y/theta/t_err: 1.60001 0.00000 6.00000 -0.87607 0.67839 -0.44419 0.44744 -0.44419 0.44744 0 0 88.32624 1.60001
fb: -0.10656 0.78316 -0.45500 0.46774
fb: -0.11053 0.78977 -0.45500 0.46774
target: 0.00000 0.78486
dist/lin/ang/drive_left/drive_right/tv_l/tv_r/av_l/av_r/x/y/theta/t_err: 1.48083 0.00000 6.00000 -0.90031 0.67924 -0.44472 0.44758 -0.44472 0.44758 0 0 95.15467 1.48083
fb: -0.11848 0.79159 -0.45500 0.46774
fb: -0.10678 0.79779 -0.45500 0.46774
target: 0.00000 0.78486
dist/lin/ang/drive_left/drive_right/tv_l/tv_r/av_l/av_r/x/y/theta/t_err: 1.36002 0.00000 6.00000 -0.90457 0.69100 -0.44472 0.44833 -0.44472 0.44833 0 0 102.07640 1.36002
fb: -0.09685 0.80343 -0.45500 0.46774
fb: -0.09487 0.80643 -0.45500 0.46774
target: 0.00000 0.78486
dist/lin/ang/drive_left/drive_right/tv_l/tv_r/av_l/av_r/x/y/theta/t_err: 1.23778 0.00000 6.00000 -0.90130 0.71156 -0.44078 0.44797 -0.44078 0.44797 0 0 109.08016 1.23778
fb: -0.09884 0.80956 -0.45500 0.46774
fb: -0.11252 0.81151 -0.45500 0.46774
target: 0.00000 0.78486
dist/lin/ang/drive_left/drive_right/tv_l/tv_r/av_l/av_r/x/y/theta/t_err: 1.11413 0.00000 6.00000 -0.92403 0.69900 -0.44081 0.44711 -0.44081 0.44711 0 0 116.16493 1.11413
fb: -0.11252 0.81186 -0.45500 0.46774
fb: -0.11627 0.81326 -0.45500 0.46774
target: 0.00000 0.78486
dist/lin/ang/drive_left/drive_right/tv_l/tv_r/av_l/av_r/x/y/theta/t_err: 0.98977 0.00000 6.00000 -0.92952 0.69699 -0.44164 0.44661 -0.44164 0.44661 0 0 123.29015 0.98977
fb: -0.11825 0.81785 -0.45500 0.46774
fb: -0.11053 0.81639 -0.45500 0.46774
target: 0.00000 0.78486
dist/lin/ang/drive_left/drive_right/tv_l/tv_r/av_l/av_r/x/y/theta/t_err: 0.86497 0.00000 6.00000 -0.92692 0.70586 -0.44183 0.44833 -0.44183 0.44833 0 0 130.44108 0.86497
fb: -0.11053 0.81827 -0.45500 0.46774
fb: -0.11252 0.82183 -0.45500 0.46774
target: 0.00000 0.78486
dist/lin/ang/drive_left/drive_right/tv_l/tv_r/av_l/av_r/x/y/theta/t_err: 0.73974 0.00000 6.00000 -0.93434 0.70931 -0.44200 0.44472 -0.44200 0.44472 0 0 137.61604 0.73974
fb: -0.11627 0.82538 -0.45500 0.46774
fb: -0.12796 0.82656 -0.45500 0.46774
target: 0.00000 0.62645
dist/lin/ang/drive_left/drive_right/tv_l/tv_r/av_l/av_r/x/y/theta/t_err: 0.61361 0.00000 4.78901 -0.95452 0.69860 -0.44214 0.44642 -0.44214 0.44642 0 0 144.84253 0.61361
fb: -0.12421 0.82475 0.41984 -0.41847
fb: -0.11825 0.82475 0.41984 -0.41847
target: 0.00000 0.54731
dist/lin/ang/drive_left/drive_right/tv_l/tv_r/av_l/av_r/x/y/theta/t_err: 0.48688 0.00000 4.18398 -0.94301 0.70650 -0.28883 0.36481 -0.28883 0.36481 0 0 152.10365 0.48688
fb: -0.11627 0.82545 0.10510 -0.10452
fb: -0.12024 0.81395 0.10510 -0.10452
target: 0.00000 0.45712
dist/lin/ang/drive_left/drive_right/tv_l/tv_r/av_l/av_r/x/y/theta/t_err: 0.36032 0.00000 3.49454 -0.93419 0.69371 0.10933 -0.07836 0.10933 -0.07836 0 0 159.35505 0.36032
fb: -0.12421 0.75570 0.20258 -0.20291
fb: -0.10855 0.53943 0.20258 -0.20291
target: 0.00000 0.35319
dist/lin/ang/drive_left/drive_right/tv_l/tv_r/av_l/av_r/x/y/theta/t_err: 0.23805 0.00000 2.69999 -0.64798 0.43088 0.11617 -0.10575 0.11617 -0.10575 0 0 166.36081 0.23805
fb: -0.11253 0.29299 0.31954 -0.32090
fb: -0.14166 0.13845 0.31954 -0.32090
target: 0.00000 0.27747
dist/lin/ang/drive_left/drive_right/tv_l/tv_r/av_l/av_r/x/y/theta/t_err: 0.16487 0.00000 2.12116 -0.28011 -0.00322 0.20397 -0.19181 0.20397 -0.19181 0 0 170.55360 0.16487
fb: -0.16285 0.07811 0.23269 -0.23481
fb: -0.16682 0.03282 0.23269 -0.23481
target: 0.00000 0.25384
dist/lin/ang/drive_left/drive_right/tv_l/tv_r/av_l/av_r/x/y/theta/t_err: 0.14478 0.00000 1.94050 -0.19964 -0.13400 0.27069 -0.28147 0.27069 -0.28147 0 0 171.70493 0.14478
fb: -0.11629 -0.02230 -0.06722 0.07465
fb: -0.03884 -0.06905 -0.06722 0.07465
target: 0.00000 0.25051
dist/lin/ang/drive_left/drive_right/tv_l/tv_r/av_l/av_r/x/y/theta/t_err: 0.14205 0.00000 1.91510 0.03021 -0.10788 0.16222 -0.19406 0.16222 -0.19406 0 0 171.86085 0.14205
fb: -0.01169 -0.10054 -0.15684 0.16424
fb: -0.02317 -0.10563 -0.15684 0.16424
target: 0.00000 0.26455
dist/lin/ang/drive_left/drive_right/tv_l/tv_r/av_l/av_r/x/y/theta/t_err: 0.15373 0.00000 2.02243 0.08246 -0.12880 -0.06347 0.05458 -0.06347 0.05458 0 0 171.19207 0.15373
fb: -0.03685 -0.09776 -0.24242 0.24996
fb: -0.03884 -0.07859 -0.24242 0.24996
target: 0.00000 0.28269
dist/lin/ang/drive_left/drive_right/tv_l/tv_r/av_l/av_r/x/y/theta/t_err: 0.16949 0.00000 2.16110 0.03976 -0.11743 -0.16119 0.14936 -0.16119 0.14936 0 0 170.28894 0.16949
fb: -0.02140 -0.04863 -0.27048 0.27820
fb: 0.00000 -0.00474 -0.27048 0.27820
target: 0.00000 0.29475
dist/lin/ang/drive_left/drive_right/tv_l/tv_r/av_l/av_r/x/y/theta/t_err: 0.18039 0.00000 2.25327 0.00474 -0.00474 -0.22606 0.22603 -0.22606 0.22603 0 0 169.66425 0.18039
fb: 0.00397 0.04118 -0.24950 0.25734
fb: 0.00000 0.07128 -0.24950 0.25734
target: 0.00000 0.29367
dist/lin/ang/drive_left/drive_right/tv_l/tv_r/av_l/av_r/x/y/theta/t_err: 0.17940 0.00000 2.24500 -0.07128 0.07128 -0.24758 0.24433 -0.24758 0.24433 0 0 169.72113 0.17940
fb: 0.00000 0.09295 -0.18980 0.19763
fb: 0.00000 0.09943 -0.18980 0.19763
target: 0.00000 0.28059
dist/lin/ang/drive_left/drive_right/tv_l/tv_r/av_l/av_r/x/y/theta/t_err: 0.16762 0.00000 2.14499 -0.09943 0.09943 -0.23169 0.21783 -0.23169 0.21783 0 0 170.39614 0.16762
fb: -0.00397 0.09566 -0.12886 0.13656
fb: 0.00000 0.07372 -0.12886 0.13656
target: 0.00000 0.26315
dist/lin/ang/drive_left/drive_right/tv_l/tv_r/av_l/av_r/x/y/theta/t_err: 0.15254 0.00000 2.01172 -0.07372 0.07372 -0.17864 0.16717 -0.17864 0.16717 0 0 171.26001 0.15254
fb: 0.00397 0.04689 -0.10005 0.10757
fb: 0.00000 0.02076 -0.10005 0.10757
target: 0.00000 0.25080
dist/lin/ang/drive_left/drive_right/tv_l/tv_r/av_l/av_r/x/y/theta/t_err: 0.14229 0.00000 1.91732 -0.02076 0.02076 -0.12064 0.11703 -0.12064 0.11703 0 0 171.84727 0.14229
fb: -0.00397 0.00780 -0.11638 0.12378
fb: -0.00397 0.00146 -0.11638 0.12378
target: 0.00000 0.24721
dist/lin/ang/drive_left/drive_right/tv_l/tv_r/av_l/av_r/x/y/theta/t_err: 0.13937 0.00000 1.88983 -0.00544 -0.00251 -0.09942 0.10525 -0.09942 0.10525 0 0 172.01443 0.13937
fb: 0.00397 0.00000 -0.15386 0.16123
fb: 0.00397 0.00411 -0.15386 0.16123
target: 0.00000 0.24680
dist/lin/ang/drive_left/drive_right/tv_l/tv_r/av_l/av_r/x/y/theta/t_err: 0.13905 0.00000 1.88674 -0.00014 0.00808 -0.10489 0.12919 -0.10489 0.12919 0 0 172.03312 0.13905
fb: 0.00000 0.00697 -0.16801 0.17537
fb: 0.00000 0.00864 -0.16801 0.17537
target: 0.00000 0.24576
dist/lin/ang/drive_left/drive_right/tv_l/tv_r/av_l/av_r/x/y/theta/t_err: 0.13821 0.00000 1.87876 -0.00864 0.00864 -0.14083 0.15181 -0.14083 0.15181 0 0 172.08128 0.13821
fb: 0.00000 0.00676 -0.16458 0.17193
fb: 0.00000 0.00592 -0.16458 0.17193
target: 0.00000 0.24431
dist/lin/ang/drive_left/drive_right/tv_l/tv_r/av_l/av_r/x/y/theta/t_err: 0.13704 0.00000 1.86765 -0.00592 0.00592 -0.15175 0.16167 -0.15175 0.16167 0 0 172.14810 0.13704
fb: 0.00000 0.00307 -0.16196 0.16930
fb: 0.00000 0.00265 -0.16196 0.16930
target: 0.00000 0.24334
dist/lin/ang/drive_left/drive_right/tv_l/tv_r/av_l/av_r/x/y/theta/t_err: 0.13627 0.00000 1.86025 -0.00265 0.00265 -0.15278 0.16086 -0.15278 0.16086 0 0 172.19240 0.13627
fb: 0.00000 0.00202 -0.16364 0.17097
fb: 0.00000 0.00258 -0.16364 0.17097
target: 0.00000 0.24274
dist/lin/ang/drive_left/drive_right/tv_l/tv_r/av_l/av_r/x/y/theta/t_err: 0.13579 0.00000 1.85566 -0.00258 0.00258 -0.15278 0.15450 -0.15278 0.15450 0 0 172.21986 0.13579
fb: 0.00000 0.00293 -0.16497 0.17229
fb: 0.00000 0.00230 -0.16497 0.17229
target: 0.00000 0.24212
dist/lin/ang/drive_left/drive_right/tv_l/tv_r/av_l/av_r/x/y/theta/t_err: 0.13530 0.00000 1.85096 -0.00230 0.00230 -0.15261 0.16222 -0.15261 0.16222 0 0 172.24791 0.13530
fb: 0.00000 0.00265 -0.16458 0.17190
fb: 0.00000 0.00223 -0.16458 0.17190
target: 0.00000 0.24162
dist/lin/ang/drive_left/drive_right/tv_l/tv_r/av_l/av_r/x/y/theta/t_err: 0.13490 0.00000 1.84713 -0.00223 0.00223 -0.15208 0.16225 -0.15208 0.16225 0 0 172.27068 0.13490
fb: 0.00000 0.00321 -0.16483 0.17214
fb: 0.00000 0.00300 -0.16483 0.17214
target: 0.00000 0.24110
dist/lin/ang/drive_left/drive_right/tv_l/tv_r/av_l/av_r/x/y/theta/t_err: 0.13449 0.00000 1.84316 -0.00300 0.00300 -0.15278 0.16256 -0.15278 0.16256 0 0 172.29429 0.13449
fb: 0.00397 0.00383 -0.16447 0.17178
fb: 0.00397 0.00481 -0.16447 0.17178
target: 0.00000 0.24042
dist/lin/ang/drive_left/drive_right/tv_l/tv_r/av_l/av_r/x/y/theta/t_err: 0.13395 0.00000 1.83796 -0.00084 0.00878 -0.15297 0.16308 -0.15297 0.16308 0 0 172.32520 0.13395
fb: 0.00375 0.00627 -0.16338 0.17068
fb: 0.00772 0.00794 -0.16338 0.17068
target: 0.00000 0.23938
dist/lin/ang/drive_left/drive_right/tv_l/tv_r/av_l/av_r/x/y/theta/t_err: 0.13313 0.00000 1.83001 -0.00022 0.01567 -0.15278 0.16342 -0.15278 0.16342 0 0 172.37226 0.13313
fb: 0.00397 0.00927 -0.16122 0.16851
fb: 0.00772 0.01010 -0.16122 0.16851
target: 0.00000 0.23778
dist/lin/ang/drive_left/drive_right/tv_l/tv_r/av_l/av_r/x/y/theta/t_err: 0.13186 0.00000 1.81773 -0.00238 0.01783 -0.15314 0.16169 -0.15314 0.16169 0 0 172.44470 0.13186
fb: 0.01147 0.01066 -0.15782 0.16509
fb: 0.00772 0.01017 -0.15782 0.16509
target: 0.00000 0.23578
dist/lin/ang/drive_left/drive_right/tv_l/tv_r/av_l/av_r/x/y/theta/t_err: 0.13030 0.00000 1.80245 -0.00245 0.01790 -0.15058 0.15297 -0.15058 0.15297 0 0 172.53436 0.13030
fb: 0.00794 0.00850 -0.15499 0.16224
fb: 0.00772 0.00836 -0.15499 0.16224
target: 0.00000 0.23381
dist/lin/ang/drive_left/drive_right/tv_l/tv_r/av_l/av_r/x/y/theta/t_err: 0.12877 0.00000 1.78742 -0.00064 0.01608 -0.14425 0.15208 -0.14425 0.15208 0 0 172.62200 0.12877
fb: 0.00772 0.00857 -0.15410 0.16133
fb: 0.00772 0.00989 -0.15410 0.16133
target: 0.00000 0.23212
dist/lin/ang/drive_left/drive_right/tv_l/tv_r/av_l/av_r/x/y/theta/t_err: 0.12746 0.00000 1.77448 -0.00217 0.01762 -0.14375 0.15208 -0.14375 0.15208 0 0 172.69708 0.12746
fb: 0.00772 0.01136 -0.15443 0.16164
fb: 0.00794 0.01359 -0.15443 0.16164
target: 0.00000 0.23008
dist/lin/ang/drive_left/drive_right/tv_l/tv_r/av_l/av_r/x/y/theta/t_err: 0.12589 0.00000 1.75887 -0.00564 0.02153 -0.14408 0.15261 -0.14408 0.15261 0 0 172.78714 0.12589
fb: 0.00772 0.01477 -0.15177 0.15897
fb: 0.00772 0.01449 -0.15177 0.15897
target: 0.00000 0.22732
dist/lin/ang/drive_left/drive_right/tv_l/tv_r/av_l/av_r/x/y/theta/t_err: 0.12378 0.00000 1.73777 -0.00677 0.02222 -0.14408 0.15058 -0.14408 0.15058 0 0 172.90793 0.12378
fb: 0.01169 0.01449 -0.14708 0.15425
fb: 0.01147 0.01596 -0.14708 0.15425
target: 0.00000 0.22434
dist/lin/ang/drive_left/drive_right/tv_l/tv_r/av_l/av_r/x/y/theta/t_err: 0.12152 0.00000 1.71499 -0.00448 0.02743 -0.14133 0.14442 -0.14133 0.14442 0 0 173.03721 0.12152
fb: 0.01545 0.01930 -0.14451 0.15165
fb: 0.01942 0.02230 -0.14451 0.15165
target: 0.00000 0.22093
dist/lin/ang/drive_left/drive_right/tv_l/tv_r/av_l/av_r/x/y/theta/t_err: 0.11897 0.00000 1.68891 -0.00288 0.04171 -0.13672 0.14392 -0.13672 0.14392 0 0 173.18378 0.11897
fb: 0.01545 0.02473 -0.14076 0.14786
fb: 0.01567 0.02557 -0.14076 0.14786
target: 0.00000 0.21608
dist/lin/ang/drive_left/drive_right/tv_l/tv_r/av_l/av_r/x/y/theta/t_err: 0.11538 0.00000 1.65187 -0.00990 0.04124 -0.13622 0.14272 -0.13622 0.14272 0 0 173.38923 0.11538
fb: 0.01567 0.02961 -0.13174 0.13880
fb: 0.01545 0.03324 -0.13174 0.13880
target: 0.00000 0.21041
dist/lin/ang/drive_left/drive_right/tv_l/tv_r/av_l/av_r/x/y/theta/t_err: 0.11125 0.00000 1.60854 -0.01779 0.04868 -0.13314 0.13553 -0.13314 0.13553 0 0 173.62561 0.11125
fb: 0.01942 0.03526 -0.12503 0.13203
fb: 0.01545 0.03853 -0.12503 0.13203
target: 0.00000 0.20305
dist/lin/ang/drive_left/drive_right/tv_l/tv_r/av_l/av_r/x/y/theta/t_err: 0.10600 0.00000 1.55222 -0.02308 0.05398 -0.12133 0.12681 -0.12133 0.12681 0 0 173.92640 0.10600
fb: 0.01147 0.04264 -0.11348 0.12041
fb: 0.01567 0.04480 -0.11348 0.12041
target: 0.00000 0.19419
dist/lin/ang/drive_left/drive_right/tv_l/tv_r/av_l/av_r/x/y/theta/t_err: 0.09986 0.00000 1.48453 -0.02913 0.06047 -0.11242 0.12217 -0.11242 0.12217 0 0 174.27831 0.09986
fb: 0.01567 0.04794 -0.10210 0.10893
fb: 0.01920 0.05003 -0.10210 0.10893
target: 0.00000 0.18380
dist/lin/ang/drive_left/drive_right/tv_l/tv_r/av_l/av_r/x/y/theta/t_err: 0.09289 0.00000 1.40508 -0.03083 0.06922 -0.10367 0.11378 -0.10367 0.11378 0 0 174.67794 0.09289
fb: 0.01942 0.05142 -0.08967 0.09640
fb: 0.01169 0.05337 -0.08967 0.09640
target: 0.00000 0.17177
dist/lin/ang/drive_left/drive_right/tv_l/tv_r/av_l/av_r/x/y/theta/t_err: 0.08513 0.00000 1.31313 -0.04168 0.06507 -0.09000 0.09856 -0.09000 0.09856 0 0 175.12240 0.08513
fb: 0.01147 0.05191 -0.07593 0.08255
fb: 0.01169 0.05003 -0.07593 0.08255
target: 0.00000 0.15854
dist/lin/ang/drive_left/drive_right/tv_l/tv_r/av_l/av_r/x/y/theta/t_err: 0.07699 0.00000 1.21198 -0.03833 0.06172 -0.07633 0.08639 -0.07633 0.08639 0 0 175.58897 0.07699
fb: 0.01169 0.04689 -0.06350 0.06998
fb: 0.01545 0.04327 -0.06350 0.06998
target: 0.00000 0.14573
dist/lin/ang/drive_left/drive_right/tv_l/tv_r/av_l/av_r/x/y/theta/t_err: 0.06949 0.00000 1.11403 -0.02782 0.05871 -0.06742 0.07719 -0.06742 0.07719 0 0 176.01838 0.06949
fb: 0.01169 0.04104 -0.05860 0.06496
fb: 0.00772 0.03623 -0.05860 0.06496
target: 0.00000 0.13392
dist/lin/ang/drive_left/drive_right/tv_l/tv_r/av_l/av_r/x/y/theta/t_err: 0.06293 0.00000 1.02381 -0.02851 0.04395 -0.05528 0.06094 -0.05528 0.06094 0 0 176.39449 0.06293
fb: 0.00772 0.02989 -0.05689 0.06313
fb: 0.00794 0.02480 -0.05689 0.06313
target: 0.00000 0.12395
dist/lin/ang/drive_left/drive_right/tv_l/tv_r/av_l/av_r/x/y/theta/t_err: 0.05763 0.00000 0.94757 -0.01686 0.03275 -0.04978 0.05817 -0.04978 0.05817 0 0 176.69776 0.05763
fb: 0.01545 0.01986 -0.05984 0.06597
fb: 0.01545 0.01414 -0.05984 0.06597
target: 0.00000 0.11693
dist/lin/ang/drive_left/drive_right/tv_l/tv_r/av_l/av_r/x/y/theta/t_err: 0.05405 0.00000 0.89386 0.00130 0.02959 -0.04875 0.05767 -0.04875 0.05767 0 0 176.90341 0.05405
fb: 0.00772 0.00962 -0.06938 0.07544
fb: 0.00772 0.00641 -0.06938 0.07544
target: 0.00000 0.11289
dist/lin/ang/drive_left/drive_right/tv_l/tv_r/av_l/av_r/x/y/theta/t_err: 0.05203 0.00000 0.86298 0.00131 0.01413 -0.05183 0.05972 -0.05183 0.05972 0 0 177.01866 0.05203
fb: 0.00794 0.00516 -0.08067 0.08670
fb: 0.00772 0.00557 -0.08067 0.08670
target: 0.00000 0.11093
dist/lin/ang/drive_left/drive_right/tv_l/tv_r/av_l/av_r/x/y/theta/t_err: 0.05108 0.00000 0.84805 0.00215 0.01330 -0.06689 0.06894 -0.06689 0.06894 0 0 177.07360 0.05108
fb: 0.00772 0.00655 -0.08903 0.09503
fb: 0.00772 0.00759 -0.08903 0.09503
target: 0.00000 0.10904
dist/lin/ang/drive_left/drive_right/tv_l/tv_r/av_l/av_r/x/y/theta/t_err: 0.05016 0.00000 0.83360 0.00013 0.01532 -0.07633 0.07753 -0.07633 0.07753 0 0 177.12630 0.05016
fb: 0.00772 0.00801 -0.08831 0.09429
fb: 0.00397 0.00815 -0.08831 0.09429
target: 0.00000 0.10656
dist/lin/ang/drive_left/drive_right/tv_l/tv_r/av_l/av_r/x/y/theta/t_err: 0.04896 0.00000 0.81464 -0.00418 0.01212 -0.07750 0.08469 -0.07750 0.08469 0 0 177.19469 0.04896
fb: 0.00375 0.00850 -0.08434 0.09030
fb: 0.00772 0.00913 -0.08434 0.09030
target: 0.00000 0.10396
dist/lin/ang/drive_left/drive_right/tv_l/tv_r/av_l/av_r/x/y/theta/t_err: 0.04772 0.00000 0.79471 -0.00140 0.01685 -0.07767 0.08469 -0.07767 0.08469 0 0 177.26568 0.04772
fb: 0.00794 0.01038 -0.08239 0.08833
fb: 0.00772 0.01150 -0.08239 0.08833
target: 0.00000 0.10091
dist/lin/ang/drive_left/drive_right/tv_l/tv_r/av_l/av_r/x/y/theta/t_err: 0.04630 0.00000 0.77145 -0.00377 0.01922 -0.07733 0.08456 -0.07733 0.08456 0 0 177.34743 0.04630
fb: 0.00772 0.01282 -0.07881 0.08471
fb: 0.00772 0.01380 -0.07881 0.08471
target: 0.00000 0.09701
dist/lin/ang/drive_left/drive_right/tv_l/tv_r/av_l/av_r/x/y/theta/t_err: 0.04450 0.00000 0.74164 -0.00607 0.02152 -0.07478 0.07733 -0.07478 0.07733 0 0 177.45035 0.04450
fb: 0.00772 0.01310 -0.07289 0.07876
fb: 0.00794 0.01143 -0.07289 0.07876
final error was 2.43049
position: 0.38737 -1.21552 177.56951
took 1.62000 time to finish turn
target: 0.00000 0.15697
dist/lin/ang/drive_left/drive_right/tv_l/tv_r/av_l/av_r/x/y/theta/t_err: 3.14160 0.00000 1.20000 0.00000 0.00000 0.00000 0.00000 0.00000 0.00000 0 0 -0.00028 3.14160
fb: 0.00000 0.00000 -0.82859 0.83506
fb: 0.00000 0.00000 -0.82859 0.83506
target: 0.00000 0.31394
dist/lin/ang/drive_left/drive_right/tv_l/tv_r/av_l/av_r/x/y/theta/t_err: 3.14159 0.00000 2.40000 0.00000 0.00000 -0.10267 0.05733 -0.10267 0.05733 0 0 -0.00002 3.14159
fb: 0.00000 0.00000 -0.91179 0.91982
fb: 0.00000 0.00418 -0.91179 0.91982
target: 0.00000 0.47092
dist/lin/ang/drive_left/drive_right/tv_l/tv_r/av_l/av_r/x/y/theta/t_err: 3.14158 0.00000 3.60000 -0.00418 0.00418 -0.49108 0.42642 -0.49108 0.42642 0 0 0.00096 3.14158
fb: 0.00000 0.04724 -0.99498 1.00000
fb: 0.00000 0.10354 -0.99498 1.00000
target: 0.00000 0.62789
dist/lin/ang/drive_left/drive_right/tv_l/tv_r/av_l/av_r/x/y/theta/t_err: 3.13871 0.00000 4.80000 -0.10354 0.10354 -0.49808 0.48200 -0.49808 0.48200 0 0 0.16493 3.13871
fb: 0.00000 0.15538 -1.00000 1.00000
fb: 0.00000 0.20129 -1.00000 1.00000
target: 0.00000 0.78486
dist/lin/ang/drive_left/drive_right/tv_l/tv_r/av_l/av_r/x/y/theta/t_err: 3.12110 0.00000 6.00000 -0.20129 0.20129 -0.44639 0.47672 -0.44639 0.47672 0 0 1.17435 3.12110
fb: 0.00000 0.24366 -1.00000 1.00000
fb: 0.00000 0.28483 -1.00000 1.00000
target: 0.00000 0.78486
dist/lin/ang/drive_left/drive_right/tv_l/tv_r/av_l/av_r/x/y/theta/t_err: 3.08884 0.00000 6.00000 -0.28483 0.28483 -0.64575 0.72397 -0.64575 0.72397 0 0 3.02250 3.08884
fb: 0.00000 0.33312 -0.45500 0.46774
fb: 0.00000 0.38447 -0.45500 0.46774
target: 0.00000 0.78486
dist/lin/ang/drive_left/drive_right/tv_l/tv_r/av_l/av_r/x/y/theta/t_err: 3.04352 0.00000 6.00000 -0.38447 0.38447 -0.54481 0.61411 -0.54481 0.61411 0 0 5.61888 3.04352
fb: 0.00000 0.43199 -0.45500 0.46774
fb: 0.00000 0.46522 -0.45500 0.46774
target: 0.00000 0.78486
dist/lin/ang/drive_left/drive_right/tv_l/tv_r/av_l/av_r/x/y/theta/t_err: 2.98308 0.00000 6.00000 -0.46522 0.46522 -0.37953 0.44831 -0.37953 0.44831 0 0 9.08187 2.98308
fb: 0.00000 0.48662 -0.45500 0.46774
fb: 0.00000 0.49923 -0.45500 0.46774
target: 0.00000 0.78486
dist/lin/ang/drive_left/drive_right/tv_l/tv_r/av_l/av_r/x/y/theta/t_err: 2.91142 0.00000 6.00000 -0.49923 0.49923 -0.43325 0.44506 -0.43325 0.44506 0 0 13.18818 2.91142
fb: 0.00000 0.51177 -0.45500 0.46774
fb: 0.00000 0.53413 -0.45500 0.46774
target: 0.00000 0.78486
dist/lin/ang/drive_left/drive_right/tv_l/tv_r/av_l/av_r/x/y/theta/t_err: 2.83484 0.00000 6.00000 -0.53413 0.53413 -0.43306 0.44128 -0.43306 0.44128 0 0 17.57570 2.83484
fb: 0.00000 0.55455 -0.45500 0.46774
fb: 0.00000 0.57085 -0.45500 0.46774
target: 0.00000 0.78486
dist/lin/ang/drive_left/drive_right/tv_l/tv_r/av_l/av_r/x/y/theta/t_err: 2.75267 0.00000 6.00000 -0.57085 0.57085 -0.43544 0.44058 -0.43544 0.44058 0 0 22.28354 2.75267
fb: 0.00000 0.58897 -0.45500 0.46774
fb: 0.00000 0.61078 -0.45500 0.46774
target: 0.00000 0.78486
dist/lin/ang/drive_left/drive_right/tv_l/tv_r/av_l/av_r/x/y/theta/t_err: 2.66487 0.00000 6.00000 -0.61078 0.61078 -0.43497 0.44233 -0.43497 0.44233 0 0 27.31405 2.66487
fb: 0.00000 0.62750 -0.45500 0.46774
fb: 0.00000 0.63865 -0.45500 0.46774
target: 0.00000 0.78486
dist/lin/ang/drive_left/drive_right/tv_l/tv_r/av_l/av_r/x/y/theta/t_err: 2.57116 0.00000 6.00000 -0.63865 0.63865 -0.43753 0.44283 -0.43753 0.44283 0 0 32.68333 2.57116
fb: 0.00000 0.65453 -0.45500 0.46774
fb: 0.00000 0.66763 -0.45500 0.46774
target: 0.00000 0.78486
dist/lin/ang/drive_left/drive_right/tv_l/tv_r/av_l/av_r/x/y/theta/t_err: 2.47308 0.00000 6.00000 -0.66763 0.66763 -0.43856 0.44350 -0.43856 0.44350 0 0 38.30288 2.47308
fb: 0.00000 0.67606 -0.45500 0.46774
fb: 0.00000 0.68624 -0.45500 0.46774
target: 0.00000 0.78486
dist/lin/ang/drive_left/drive_right/tv_l/tv_r/av_l/av_r/x/y/theta/t_err: 2.37092 0.00000 6.00000 -0.68624 0.68624 -0.44061 0.44506 -0.44061 0.44506 0 0 44.15645 2.37092
fb: 0.00000 0.70017 -0.45500 0.46774
fb: 0.00000 0.70846 -0.45500 0.46774
target: 0.00000 0.78486
dist/lin/ang/drive_left/drive_right/tv_l/tv_r/av_l/av_r/x/y/theta/t_err: 2.26559 0.00000 6.00000 -0.70846 0.70846 -0.44164 0.44625 -0.44164 0.44625 0 0 50.19115 2.26559
fb: 0.00000 0.71494 -0.45500 0.46774
fb: 0.00000 0.72665 -0.45500 0.46774
target: 0.00000 0.78486
dist/lin/ang/drive_left/drive_right/tv_l/tv_r/av_l/av_r/x/y/theta/t_err: 2.15723 0.00000 6.00000 -0.72665 0.72665 -0.44231 0.44675 -0.44231 0.44675 0 0 56.39979 2.15723
fb: -0.00596 0.73013 -0.45500 0.46774
fb: -0.04082 0.73529 -0.45500 0.46774
target: 0.00000 0.78486
dist/lin/ang/drive_left/drive_right/tv_l/tv_r/av_l/av_r/x/y/theta/t_err: 2.04633 0.00000 6.00000 -0.77610 0.69447 -0.44350 0.44725 -0.44350 0.44725 0 0 62.75387 2.04633
fb: -0.06972 0.74274 -0.45500 0.46774
fb: -0.07170 0.74692 -0.45500 0.46774
target: 0.00000 0.78486
dist/lin/ang/drive_left/drive_right/tv_l/tv_r/av_l/av_r/x/y/theta/t_err: 1.93367 0.00000 6.00000 -0.81863 0.67522 -0.44353 0.44742 -0.44353 0.44742 0 0 69.20914 1.93367
fb: -0.06597 0.75285 -0.45500 0.46774
fb: -0.05825 0.76100 -0.45500 0.46774
target: 0.00000 0.78486
dist/lin/ang/drive_left/drive_right/tv_l/tv_r/av_l/av_r/x/y/theta/t_err: 1.81931 0.00000 6.00000 -0.81924 0.70275 -0.44469 0.44797 -0.44469 0.44797 0 0 75.76120 1.81931
fb: -0.05825 0.76964 -0.45500 0.46774
fb: -0.06597 0.77403 -0.45500 0.46774
target: 0.00000 0.78486
dist/lin/ang/drive_left/drive_right/tv_l/tv_r/av_l/av_r/x/y/theta/t_err: 1.70271 0.00000 6.00000 -0.84000 0.70806 -0.44350 0.44864 -0.44350 0.44864 0 0 82.44182 1.70271
fb: -0.07744 0.77695 -0.45500 0.46774
fb: -0.07568 0.78023 -0.45500 0.46774
target: 0.00000 0.78486
dist/lin/ang/drive_left/drive_right/tv_l/tv_r/av_l/av_r/x/y/theta/t_err: 1.58432 0.00000 6.00000 -0.85590 0.70455 -0.44197 0.44678 -0.44197 0.44678 0 0 89.22497 1.58432
fb: -0.08737 0.78093 -0.45500 0.46774
fb: -0.10656 0.77779 -0.45500 0.46774
target: 0.00000 0.78486
dist/lin/ang/drive_left/drive_right/tv_l/tv_r/av_l/av_r/x/y/theta/t_err: 1.46488 0.00000 6.00000 -0.88435 0.67123 -0.44042 0.44300 -0.44042 0.44300 0 0 96.06834 1.46488
fb: -0.10083 0.77939 -0.45500 0.46774
fb: -0.09310 0.78086 -0.45500 0.46774
target: 0.00000 0.78486
dist/lin/ang/drive_left/drive_right/tv_l/tv_r/av_l/av_r/x/y/theta/t_err: 1.34578 0.00000 6.00000 -0.87396 0.68775 -0.44336 0.44658 -0.44336 0.44658 0 0 102.89253 1.34578
fb: -0.09884 0.78295 -0.45500 0.46774
fb: -0.10281 0.78734 -0.45500 0.46774
target: 0.00000 0.78486
dist/lin/ang/drive_left/drive_right/tv_l/tv_r/av_l/av_r/x/y/theta/t_err: 1.22618 0.00000 6.00000 -0.89015 0.68452 -0.44283 0.44814 -0.44283 0.44814 0 0 109.74489 1.22618
fb: -0.11053 0.79047 -0.45500 0.46774
fb: -0.11826 0.79444 -0.45500 0.46774
target: 0.00000 0.78486
dist/lin/ang/drive_left/drive_right/tv_l/tv_r/av_l/av_r/x/y/theta/t_err: 1.10554 0.00000 6.00000 -0.91270 0.67619 -0.44214 0.44778 -0.44214 0.44778 0 0 116.65709 1.10554
fb: -0.12598 0.79667 -0.45500 0.46774
fb: -0.12796 0.79632 -0.45500 0.46774
target: 0.00000 0.78486
dist/lin/ang/drive_left/drive_right/tv_l/tv_r/av_l/av_r/x/y/theta/t_err: 0.98377 0.00000 6.00000 -0.92429 0.66836 -0.44114 0.44608 -0.44114 0.44608 0 0 123.63434 0.98377
fb: -0.13591 0.79709 -0.45500 0.46774
fb: -0.14936 0.80023 -0.45500 0.46774
target: 0.00000 0.78486
dist/lin/ang/drive_left/drive_right/tv_l/tv_r/av_l/av_r/x/y/theta/t_err: 0.86169 0.00000 6.00000 -0.94959 0.65086 -0.44075 0.44506 -0.44075 0.44506 0 0 130.62854 0.86169
fb: -0.14539 0.79953 -0.45500 0.46774
fb: -0.13943 0.80043 -0.45500 0.46774
target: 0.00000 0.78486
dist/lin/ang/drive_left/drive_right/tv_l/tv_r/av_l/av_r/x/y/theta/t_err: 0.73912 0.00000 6.00000 -0.93987 0.66100 -0.44147 0.44781 -0.44147 0.44781 0 0 137.65155 0.73912
fb: -0.13370 0.80475 -0.45500 0.46774
fb: -0.12620 0.80740 -0.45500 0.46774
target: 0.00000 0.62797
dist/lin/ang/drive_left/drive_right/tv_l/tv_r/av_l/av_r/x/y/theta/t_err: 0.61620 0.00000 4.80066 -0.93360 0.68121 -0.44114 0.44575 -0.44114 0.44575 0 0 144.69448 0.61620
fb: -0.12024 0.81096 0.41218 -0.41079
fb: -0.12200 0.81514 0.41218 -0.41079
target: 0.00000 0.55083
dist/lin/ang/drive_left/drive_right/tv_l/tv_r/av_l/av_r/x/y/theta/t_err: 0.49221 0.00000 4.21091 -0.93714 0.69313 -0.29586 0.28986 -0.29586 0.28986 0 0 151.79826 0.49221
fb: -0.12421 0.81061 0.09424 -0.09362
fb: -0.13966 0.79402 0.09424 -0.09362
target: 0.00000 0.46257
dist/lin/ang/drive_left/drive_right/tv_l/tv_r/av_l/av_r/x/y/theta/t_err: 0.36743 0.00000 3.53618 -0.93368 0.65437 0.10522 -0.06808 0.10522 -0.06808 0 0 158.94796 0.36743
fb: -0.16084 0.74713 0.19104 -0.19131
fb: -0.15334 0.67955 0.19104 -0.19131
target: 0.00000 0.36232
dist/lin/ang/drive_left/drive_right/tv_l/tv_r/av_l/av_r/x/y/theta/t_err: 0.24778 0.00000 2.76981 -0.83289 0.52621 0.10611 -0.11361 0.10611 -0.11361 0 0 165.80319 0.24778
fb: -0.14540 0.62095 0.29812 -0.29939
fb: -0.14342 0.55302 0.29812 -0.29939
target: 0.00000 0.25477
dist/lin/ang/drive_left/drive_right/tv_l/tv_r/av_l/av_r/x/y/theta/t_err: 0.14554 0.00000 1.94762 -0.69643 0.40960 0.19489 -0.20242 0.19489 -0.20242 0 0 171.66097 0.14554
fb: -0.13592 0.48689 0.38797 -0.39032
fb: -0.13195 0.42217 0.38797 -0.39032
target: 0.00000 0.13434
dist/lin/ang/drive_left/drive_right/tv_l/tv_r/av_l/av_r/x/y/theta/t_err: 0.06315 0.00000 1.02697 -0.55411 0.29022 0.27992 -0.29294 0.27992 -0.29294 0 0 176.38162 0.06315
fb: -0.12202 0.35674 0.50976 -0.51331
fb: -0.11827 0.28170 0.50976 -0.51331
target: 0.00000 0.00000
dist/lin/ang/drive_left/drive_right/tv_l/tv_r/av_l/av_r/x/y/theta/t_err: 0.00085 0.00000 0.00000 -0.39997 0.16343 0.32322 -0.36275 0.32322 -0.36275 0 0 179.95118 0.00085
fb: -0.10856 0.20094 0.64355 -0.64844
fb: -0.12026 0.12409 0.64355 -0.64844
target: 0.00000 -0.08511
dist/lin/ang/drive_left/drive_right/tv_l/tv_r/av_l/av_r/x/y/theta/t_err: -0.03924 0.00000 -0.65064 -0.24435 0.00383 0.38294 -0.44247 0.38294 -0.44247 0 0 182.24806 -0.03924
fb: -0.14563 0.05518 0.46713 -0.47287
fb: -0.14144 -0.00181 0.46713 -0.47287
target: 0.00000 -0.12017
dist/lin/ang/drive_left/drive_right/tv_l/tv_r/av_l/av_r/x/y/theta/t_err: -0.05569 0.00000 -0.91870 -0.13963 -0.14325 0.38514 -0.41444 0.38514 -0.41444 0 0 183.19086 -0.05569
fb: -0.13173 -0.05581 0.26051 -0.26660
fb: -0.12026 -0.09762 0.26051 -0.26660
target: 0.00000 -0.11535
dist/lin/ang/drive_left/drive_right/tv_l/tv_r/av_l/av_r/x/y/theta/t_err: -0.05326 0.00000 -0.88180 -0.02264 -0.21787 0.35161 -0.28628 0.35161 -0.28628 0 0 183.05132 -0.05326
fb: -0.09312 -0.13399 0.07844 -0.08449
fb: -0.07767 -0.15573 0.07844 -0.08449
target: 0.00000 -0.07936
dist/lin/ang/drive_left/drive_right/tv_l/tv_r/av_l/av_r/x/y/theta/t_err: -0.03681 0.00000 -0.60672 0.07805 -0.23340 0.20464 -0.21494 0.20464 -0.21494 0 0 182.10926 -0.03681
fb: -0.07944 -0.16799 -0.15889 0.16299
fb: -0.07944 -0.16562 -0.15889 0.16299
target: 0.00000 -0.00513
dist/lin/ang/drive_left/drive_right/tv_l/tv_r/av_l/av_r/x/y/theta/t_err: -0.01246 0.00000 -0.03919 0.08618 -0.24506 0.06228 -0.04653 0.06228 -0.04653 0 0 180.71371 -0.01246
fb: -0.08738 -0.15649 -0.37037 0.37522
fb: -0.09113 -0.14813 -0.37037 0.37522
target: 0.00000 0.00537
dist/lin/ang/drive_left/drive_right/tv_l/tv_r/av_l/av_r/x/y/theta/t_err: 0.01252 0.00000 0.04108 0.05700 -0.23926 -0.15178 0.17742 -0.15178 0.17742 0 0 179.28288 0.01252
fb: -0.07569 -0.12779 -0.08912 0.09407
fb: -0.04281 -0.08584 -0.08912 0.09407
final error was 1.97116
position: 1.46845 -0.97799 178.02884
took 0.86000 time to finish turn
increased to 225.00000
decreased to 180.00000
ki - to -0.01000
ki + to 0.00000
increased to 225.00000
decreased to 180.00000
decreased to 135.00000
decreased to 90.00000
decreased to 45.00000
target: 0.00000 0.15697
dist/lin/ang/drive_left/drive_right/tv_l/tv_r/av_l/av_r/x/y/theta/t_err: 0.78540 0.00000 1.20000 0.00000 0.00000 -0.00017 -0.00050 -0.00017 -0.00050 0 0 -0.00024 0.78540
fb: 0.00000 0.00000 -0.82859 0.83506
fb: 0.00000 0.00000 -0.82859 0.83506
target: 0.00000 0.31394
dist/lin/ang/drive_left/drive_right/tv_l/tv_r/av_l/av_r/x/y/theta/t_err: 0.78540 0.00000 2.40000 0.00000 0.00000 -0.05647 0.03903 -0.05647 0.03903 0 0 0.00005 0.78540
fb: 0.00000 0.00000 -0.91179 0.91982
fb: 0.00000 0.00557 -0.91179 0.91982
target: 0.00000 0.47092
dist/lin/ang/drive_left/drive_right/tv_l/tv_r/av_l/av_r/x/y/theta/t_err: 0.78539 0.00000 3.60000 -0.00557 0.00557 -0.46044 0.37456 -0.46044 0.37456 0 0 0.00051 0.78539
fb: 0.00000 0.05358 -0.99498 1.00000
fb: 0.00000 0.10368 -0.99498 1.00000
target: 0.00000 0.62789
dist/lin/ang/drive_left/drive_right/tv_l/tv_r/av_l/av_r/x/y/theta/t_err: 0.78208 0.00000 4.80000 -0.10368 0.10368 -0.38619 0.47072 -0.38619 0.47072 0 0 0.19031 0.78208
fb: 0.00000 0.14932 -1.00000 1.00000
fb: 0.00000 0.18576 -1.00000 1.00000
target: 0.00000 0.78486
dist/lin/ang/drive_left/drive_right/tv_l/tv_r/av_l/av_r/x/y/theta/t_err: 0.76462 0.00000 6.00000 -0.18576 0.18576 -0.46850 0.44678 -0.46850 0.44678 0 0 1.19025 0.76462
fb: 0.00000 0.22728 -1.00000 1.00000
fb: 0.00000 0.26351 -1.00000 1.00000
target: 0.00000 0.78486
dist/lin/ang/drive_left/drive_right/tv_l/tv_r/av_l/av_r/x/y/theta/t_err: 0.73454 0.00000 6.00000 -0.26351 0.26351 -0.46831 0.63325 -0.46831 0.63325 0 0 2.91383 0.73454
fb: 0.00000 0.29598 -0.45500 0.46774
fb: 0.00000 0.33869 -0.45500 0.46774
target: 0.00000 0.67193
dist/lin/ang/drive_left/drive_right/tv_l/tv_r/av_l/av_r/x/y/theta/t_err: 0.69306 0.00000 5.13666 -0.33869 0.33869 -0.67008 0.70206 -0.67008 0.70206 0 0 5.29083 0.69306
fb: 0.00000 0.38175 0.19110 -0.18928
fb: 0.00000 0.42154 0.19110 -0.18928
target: 0.00000 0.64180
dist/lin/ang/drive_left/drive_right/tv_l/tv_r/av_l/av_r/x/y/theta/t_err: 0.63988 0.00000 4.90633 -0.42154 0.42154 -0.37406 0.22808 -0.37406 0.22808 0 0 8.33744 0.63988
fb: 0.00000 0.43115 -0.24359 0.25491
fb: 0.00000 0.42335 -0.24359 0.25491
target: 0.00000 0.60366
dist/lin/ang/drive_left/drive_right/tv_l/tv_r/av_l/av_r/x/y/theta/t_err: 0.57561 0.00000 4.61476 -0.42335 0.42335 0.08831 -0.03181 0.08831 -0.03181 0 0 12.01981 0.57561
fb: 0.00000 0.40266 -0.18733 0.19826
fb: 0.00000 0.37040 -0.18733 0.19826
target: 0.00000 0.56372
dist/lin/ang/drive_left/drive_right/tv_l/tv_r/av_l/av_r/x/y/theta/t_err: 0.51196 0.00000 4.30944 -0.37040 0.37040 -0.19336 0.18392 -0.19336 0.18392 0 0 15.66690 0.51196
fb: 0.00000 0.34448 -0.15807 0.16860
fb: 0.00000 0.33033 -0.15807 0.16860
target: 0.00000 0.52676
dist/lin/ang/drive_left/drive_right/tv_l/tv_r/av_l/av_r/x/y/theta/t_err: 0.45637 0.00000 4.02689 -0.33033 0.33033 -0.18378 0.18378 -0.18378 0.18378 0 0 18.85168 0.45637
fb: 0.00000 0.32134 -0.15188 0.16204
fb: 0.00000 0.31264 -0.15188 0.16204
target: 0.00000 0.49141
dist/lin/ang/drive_left/drive_right/tv_l/tv_r/av_l/av_r/x/y/theta/t_err: 0.40621 0.00000 3.75670 -0.31264 0.31264 -0.15689 0.16117 -0.15689 0.16117 0 0 21.72609 0.40621
fb: -0.00397 0.30386 -0.14042 0.15023
fb: -0.02140 0.29522 -0.14042 0.15023
target: 0.00000 0.45600
dist/lin/ang/drive_left/drive_right/tv_l/tv_r/av_l/av_r/x/y/theta/t_err: 0.35887 0.00000 3.48598 -0.31662 0.27381 -0.15125 0.15317 -0.15125 0.15317 0 0 24.43826 0.35887
fb: -0.03288 0.28783 -0.12135 0.13080
fb: -0.02714 0.27954 -0.12135 0.13080
target: 0.00000 0.42023
dist/lin/ang/drive_left/drive_right/tv_l/tv_r/av_l/av_r/x/y/theta/t_err: 0.31403 0.00000 3.21249 -0.30668 0.25240 -0.14167 0.14256 -0.14167 0.14256 0 0 27.00764 0.31403
fb: -0.01942 0.27194 -0.10075 0.10985
fb: -0.01545 0.26365 -0.10075 0.10985
target: 0.00000 0.38394
dist/lin/ang/drive_left/drive_right/tv_l/tv_r/av_l/av_r/x/y/theta/t_err: 0.27160 0.00000 2.93508 -0.27910 0.24821 -0.12953 0.12522 -0.12953 0.12522 0 0 29.43872 0.27160
fb: -0.00772 0.25508 -0.07921 0.08795
fb: -0.00772 0.24428 -0.07921 0.08795
target: 0.00000 0.34708
dist/lin/ang/drive_left/drive_right/tv_l/tv_r/av_l/av_r/x/y/theta/t_err: 0.23165 0.00000 2.65329 -0.25201 0.23656 -0.10592 0.10319 -0.10592 0.10319 0 0 31.72759 0.23165
fb: -0.01545 0.23181 -0.05710 0.06547
fb: -0.02339 0.22018 -0.05710 0.06547
target: 0.00000 0.31015
dist/lin/ang/drive_left/drive_right/tv_l/tv_r/av_l/av_r/x/y/theta/t_err: 0.19482 0.00000 2.37103 -0.24356 0.19679 -0.07839 0.08450 -0.07839 0.08450 0 0 33.83782 0.19482
fb: -0.03111 0.20951 0.04079 0.04525
fb: -0.03288 0.20088 0.04079 0.04525
target: 0.00000 0.27373
dist/lin/ang/drive_left/drive_right/tv_l/tv_r/av_l/av_r/x/y/theta/t_err: 0.16161 0.00000 2.09260 -0.23375 0.16800 -0.03850 0.06400 -0.03850 0.06400 0 0 35.74055 0.16161
fb: -0.03486 0.19196 0.05784 -0.06000
fb: -0.02515 0.17865 0.05784 -0.06000
target: 0.00000 0.23708
dist/lin/ang/drive_left/drive_right/tv_l/tv_r/av_l/av_r/x/y/theta/t_err: 0.13132 0.00000 1.81241 -0.20380 0.15349 0.03489 0.01525 0.03489 0.01525 0 0 37.47598 0.13132
fb: -0.01169 0.15496 0.07830 -0.08083
fb: -0.00397 0.12995 0.07830 -0.08083
target: 0.00000 0.20161
dist/lin/ang/drive_left/drive_right/tv_l/tv_r/av_l/av_r/x/y/theta/t_err: 0.10499 0.00000 1.54123 -0.13392 0.12597 0.04981 -0.05508 0.04981 -0.05508 0 0 38.98425 0.10499
fb: 0.00000 0.10479 0.09180 -0.09468
fb: 0.00000 0.07553 0.09180 -0.09468
target: 0.00000 0.17315
dist/lin/ang/drive_left/drive_right/tv_l/tv_r/av_l/av_r/x/y/theta/t_err: 0.08601 0.00000 1.32371 -0.07553 0.07553 0.07067 -0.08092 0.07067 -0.08092 0 0 40.07227 0.08601
fb: 0.00000 0.04076 0.07529 -0.07846
fb: 0.00000 0.00530 0.07529 -0.07846
target: 0.00000 0.15660
dist/lin/ang/drive_left/drive_right/tv_l/tv_r/av_l/av_r/x/y/theta/t_err: 0.07583 0.00000 1.19715 -0.00530 0.00530 0.07922 -0.07939 0.07922 -0.07939 0 0 40.65537 0.07583
fb: 0.00000 -0.02076 -0.04753 0.05399
fb: 0.00000 -0.03463 -0.04753 0.05399
target: 0.00000 0.15676
dist/lin/ang/drive_left/drive_right/tv_l/tv_r/av_l/av_r/x/y/theta/t_err: 0.07592 0.00000 1.19838 0.03463 -0.03463 0.04006 -0.02464 0.04006 -0.02464 0 0 40.64991 0.07592
fb: 0.00000 -0.04055 -0.12283 0.12929
fb: 0.00000 -0.04104 -0.12283 0.12929
target: 0.00000 0.16590
dist/lin/ang/drive_left/drive_right/tv_l/tv_r/av_l/av_r/x/y/theta/t_err: 0.08147 0.00000 1.26825 0.04104 -0.04104 -0.05664 0.07150 -0.05664 0.07150 0 0 40.33232 0.08147
fb: 0.00000 -0.03797 -0.16808 0.17463
fb: 0.00000 -0.03442 -0.16808 0.17463
target: 0.00000 0.17577
dist/lin/ang/drive_left/drive_right/tv_l/tv_r/av_l/av_r/x/y/theta/t_err: 0.08768 0.00000 1.34374 0.03442 -0.03442 -0.12369 0.13192 -0.12369 0.13192 0 0 39.97658 0.08768
fb: 0.00000 -0.02892 -0.17662 0.18328
fb: 0.00000 -0.01435 -0.17662 0.18328
target: 0.00000 0.18361
dist/lin/ang/drive_left/drive_right/tv_l/tv_r/av_l/av_r/x/y/theta/t_err: 0.09276 0.00000 1.40362 0.01435 -0.01435 -0.15072 0.15861 -0.15072 0.15861 0 0 39.68517 0.09276
fb: 0.00000 0.01059 -0.17158 0.17831
fb: 0.00000 0.03937 -0.17158 0.17831
target: 0.00000 0.18536
dist/lin/ang/drive_left/drive_right/tv_l/tv_r/av_l/av_r/x/y/theta/t_err: 0.09392 0.00000 1.41699 -0.03937 0.03937 -0.15639 0.16564 -0.15639 0.16564 0 0 39.61897 0.09392
fb: 0.00000 0.06166 -0.14513 0.15188
fb: 0.00000 0.07636 -0.14513 0.15188
target: 0.00000 0.17499
dist/lin/ang/drive_left/drive_right/tv_l/tv_r/av_l/av_r/x/y/theta/t_err: 0.08718 0.00000 1.33778 -0.07636 0.07636 -0.15178 0.15758 -0.15178 0.15758 0 0 40.00516 0.08718
fb: 0.00000 0.08333 -0.08515 0.09179
fb: 0.00000 0.08835 -0.08515 0.09179
target: 0.00000 0.15590
dist/lin/ang/drive_left/drive_right/tv_l/tv_r/av_l/av_r/x/y/theta/t_err: 0.07541 0.00000 1.19179 -0.08835 0.08835 -0.11617 0.13861 -0.11617 0.13861 0 0 40.67926 0.07541
fb: 0.00000 0.09128 0.04233 -0.04567
fb: 0.00000 0.09023 0.04233 -0.04567
target: 0.00000 0.13196
dist/lin/ang/drive_left/drive_right/tv_l/tv_r/av_l/av_r/x/y/theta/t_err: 0.06186 0.00000 1.00876 -0.09023 0.09023 -0.03575 0.07514 -0.03575 0.07514 0 0 41.45543 0.06186
fb: 0.00000 0.08438 0.07683 -0.08040
fb: 0.00000 0.07574 0.07683 -0.08040
target: 0.00000 0.10537
dist/lin/ang/drive_left/drive_right/tv_l/tv_r/av_l/av_r/x/y/theta/t_err: 0.04839 0.00000 0.80551 -0.07574 0.07574 0.04775 -0.03797 0.04775 -0.03797 0 0 42.22735 0.04839
fb: 0.00000 0.06473 0.10282 -0.10666
fb: 0.00000 0.05323 0.10282 -0.10666
target: 0.00000 0.08053
dist/lin/ang/drive_left/drive_right/tv_l/tv_r/av_l/av_r/x/y/theta/t_err: 0.03730 0.00000 0.61564 -0.05323 0.05323 0.08161 -0.08317 0.08161 -0.08317 0 0 42.86289 0.03730
fb: 0.00000 0.04222 0.10810 -0.11219
fb: 0.00000 0.02905 0.10810 -0.11219
target: 0.00000 0.06103
dist/lin/ang/drive_left/drive_right/tv_l/tv_r/av_l/av_r/x/y/theta/t_err: 0.02960 0.00000 0.46654 -0.02905 0.02905 0.10147 -0.10183 0.10147 -0.10183 0 0 43.30409 0.02960
fb: 0.00000 0.00822 0.09445 -0.09873
fb: 0.00000 -0.01582 0.09445 -0.09873
target: 0.00000 0.05122
dist/lin/ang/drive_left/drive_right/tv_l/tv_r/av_l/av_r/x/y/theta/t_err: 0.02606 0.00000 0.39159 0.01582 -0.01582 0.09531 -0.10336 0.09531 -0.10336 0 0 43.50660 0.02606
fb: 0.00000 -0.03651 0.05599 -0.06037
fb: 0.00000 -0.05051 0.05599 -0.06037
final error was 1.67163
position: -0.10456 -0.06536 43.32837
took 0.70000 time to finish turn
target: 0.00000 0.15697
dist/lin/ang/drive_left/drive_right/tv_l/tv_r/av_l/av_r/x/y/theta/t_err: 0.78540 0.00000 1.20000 0.00000 0.00000 -0.00017 -0.00050 -0.00017 -0.00050 0 0 -0.00024 0.78540
fb: 0.00000 0.00000 -0.82859 0.83506
fb: 0.00000 0.00000 -0.82859 0.83506
target: 0.00000 0.31394
dist/lin/ang/drive_left/drive_right/tv_l/tv_r/av_l/av_r/x/y/theta/t_err: 0.78539 0.00000 2.40000 0.00000 0.00000 -0.02806 0.03850 -0.02806 0.03850 0 0 0.00036 0.78539
fb: 0.00000 0.00000 -0.91179 0.91982
fb: 0.00000 0.01017 -0.91179 0.91982
target: 0.00000 0.47092
dist/lin/ang/drive_left/drive_right/tv_l/tv_r/av_l/av_r/x/y/theta/t_err: 0.78537 0.00000 3.60000 -0.01017 0.01017 -0.46953 0.45258 -0.46953 0.45258 0 0 0.00143 0.78537
fb: 0.00000 0.05964 -0.99498 1.00000
fb: 0.00000 0.11267 -0.99498 1.00000
target: 0.00000 0.62789
dist/lin/ang/drive_left/drive_right/tv_l/tv_r/av_l/av_r/x/y/theta/t_err: 0.78146 0.00000 4.80000 -0.11267 0.11267 -0.47672 0.25736 -0.47672 0.25736 0 0 0.22584 0.78146
fb: 0.00000 0.14806 -1.00000 1.00000
fb: 0.00000 0.19112 -1.00000 1.00000
target: 0.00000 0.78486
dist/lin/ang/drive_left/drive_right/tv_l/tv_r/av_l/av_r/x/y/theta/t_err: 0.76328 0.00000 6.00000 -0.19112 0.19112 -0.48611 0.67622 -0.48611 0.67622 0 0 1.26700 0.76328
fb: 0.00000 0.23892 -1.00000 1.00000
fb: 0.00000 0.28260 -1.00000 1.00000
target: 0.00000 0.78486
dist/lin/ang/drive_left/drive_right/tv_l/tv_r/av_l/av_r/x/y/theta/t_err: 0.73237 0.00000 6.00000 -0.28260 0.28260 -0.41047 0.73286 -0.41047 0.73286 0 0 3.03856 0.73237
fb: 0.00000 0.32232 -0.45500 0.46774
fb: 0.00000 0.36106 -0.45500 0.46774
target: 0.00000 0.66897
dist/lin/ang/drive_left/drive_right/tv_l/tv_r/av_l/av_r/x/y/theta/t_err: 0.68774 0.00000 5.11405 -0.36106 0.36106 -0.52769 0.73303 -0.52769 0.73303 0 0 5.59524 0.68774
fb: 0.00000 0.40489 0.20598 -0.20418
fb: 0.00000 0.44007 0.20598 -0.20418
target: 0.00000 0.63664
dist/lin/ang/drive_left/drive_right/tv_l/tv_r/av_l/av_r/x/y/theta/t_err: 0.63099 0.00000 4.86688 -0.44007 0.44007 -0.30114 0.20842 -0.30114 0.20842 0 0 8.84706 0.63099
fb: 0.00000 0.44683 -0.23094 0.24221
fb: 0.00000 0.43652 -0.23094 0.24221
target: 0.00000 0.59652
dist/lin/ang/drive_left/drive_right/tv_l/tv_r/av_l/av_r/x/y/theta/t_err: 0.56396 0.00000 4.56019 -0.43652 0.43652 0.02872 -0.10778 0.02872 -0.10778 0 0 12.68734 0.56396
fb: 0.00000 0.41206 -0.17464 0.18550
fb: 0.00000 0.37040 -0.17464 0.18550
target: 0.00000 0.55498
dist/lin/ang/drive_left/drive_right/tv_l/tv_r/av_l/av_r/x/y/theta/t_err: 0.49854 0.00000 4.24267 -0.37040 0.37040 -0.18275 0.19183 -0.18275 0.19183 0 0 16.43602 0.49854
fb: 0.00000 0.34510 -0.14626 0.15670
fb: 0.00000 0.33312 -0.14626 0.15670
target: 0.00000 0.51733
dist/lin/ang/drive_left/drive_right/tv_l/tv_r/av_l/av_r/x/y/theta/t_err: 0.44271 0.00000 3.95483 -0.33312 0.33312 -0.17194 0.17694 -0.17194 0.17694 0 0 19.63469 0.44271
fb: 0.00000 0.32330 -0.14377 0.15384
fb: 0.00000 0.31145 -0.14377 0.15384
target: 0.00000 0.48114
dist/lin/ang/drive_left/drive_right/tv_l/tv_r/av_l/av_r/x/y/theta/t_err: 0.39218 0.00000 3.67819 -0.31145 0.31145 -0.14594 0.15433 -0.14594 0.15433 0 0 22.52991 0.39218
fb: 0.00000 0.30016 -0.13119 0.14089
fb: 0.00000 0.29138 -0.13119 0.14089
target: 0.00000 0.44530
dist/lin/ang/drive_left/drive_right/tv_l/tv_r/av_l/av_r/x/y/theta/t_err: 0.34514 0.00000 3.40418 -0.29138 0.29138 -0.14064 0.14528 -0.14064 0.14528 0 0 25.22473 0.34514
fb: -0.01942 0.28567 -0.11374 0.12308
fb: -0.03111 0.27794 -0.11374 0.12308
target: 0.00000 0.40919
dist/lin/ang/drive_left/drive_right/tv_l/tv_r/av_l/av_r/x/y/theta/t_err: 0.30080 0.00000 3.12815 -0.30905 0.24682 -0.13228 0.13672 -0.13228 0.13672 0 0 27.76534 0.30080
fb: -0.01942 0.27104 -0.09342 0.10240
fb: -0.01169 0.26296 -0.09342 0.10240
target: 0.00000 0.37222
dist/lin/ang/drive_left/drive_right/tv_l/tv_r/av_l/av_r/x/y/theta/t_err: 0.25855 0.00000 2.84546 -0.27465 0.25126 -0.11583 0.12319 -0.11583 0.12319 0 0 30.18633 0.25855
fb: -0.01567 0.25397 -0.06989 0.07851
fb: -0.02118 0.24359 -0.06989 0.07851
target: 0.00000 0.33445
dist/lin/ang/drive_left/drive_right/tv_l/tv_r/av_l/av_r/x/y/theta/t_err: 0.21870 0.00000 2.55679 -0.26477 0.22240 -0.09428 0.10131 -0.09428 0.10131 0 0 32.46960 0.21870
fb: -0.03089 0.23258 -0.04635 0.05459
fb: -0.03685 0.22220 -0.04635 0.05459
target: 0.00000 0.29639
dist/lin/ang/drive_left/drive_right/tv_l/tv_r/av_l/av_r/x/y/theta/t_err: 0.18191 0.00000 2.26584 -0.25905 0.18535 -0.07033 0.07461 -0.07033 0.07461 0 0 34.57758 0.18191
fb: -0.02913 0.20882 0.05320 -0.05513
fb: -0.02140 0.19419 0.05320 -0.05513
target: 0.00000 0.25833
dist/lin/ang/drive_left/drive_right/tv_l/tv_r/av_l/av_r/x/y/theta/t_err: 0.14850 0.00000 1.97485 -0.21559 0.17278 -0.03164 0.03372 -0.03164 0.03372 0 0 36.49178 0.14850
fb: -0.01169 0.17802 0.07339 -0.07571
fb: -0.00397 0.15698 0.07339 -0.07571
target: 0.00000 0.22153
dist/lin/ang/drive_left/drive_right/tv_l/tv_r/av_l/av_r/x/y/theta/t_err: 0.11941 0.00000 1.69349 -0.16095 0.15301 0.04039 -0.04742 0.04039 -0.04742 0 0 38.15815 0.11941
fb: 0.00000 0.13043 0.08724 -0.08992
fb: 0.00000 0.09859 0.08724 -0.08992
target: 0.00000 0.18907
dist/lin/ang/drive_left/drive_right/tv_l/tv_r/av_l/av_r/x/y/theta/t_err: 0.09639 0.00000 1.44535 -0.09859 0.09859 0.06792 -0.06981 0.06792 -0.06981 0 0 39.47721 0.09639
fb: 0.00000 0.05999 0.08489 -0.08789
fb: 0.00000 0.02104 0.08489 -0.08789
target: 0.00000 0.16815
dist/lin/ang/drive_left/drive_right/tv_l/tv_r/av_l/av_r/x/y/theta/t_err: 0.08286 0.00000 1.28546 -0.02104 0.02104 0.07583 -0.07564 0.07583 -0.07564 0 0 40.25234 0.08286
fb: 0.00000 -0.01038 0.04402 -0.04723
fb: 0.00000 -0.03038 0.04402 -0.04723
target: 0.00000 0.16475
dist/lin/ang/drive_left/drive_right/tv_l/tv_r/av_l/av_r/x/y/theta/t_err: 0.08076 0.00000 1.25948 0.03038 -0.03038 0.06894 -0.06794 0.06894 -0.06794 0 0 40.37280 0.08076
fb: 0.00000 -0.04139 -0.11104 0.11758
fb: 0.00000 -0.04550 -0.11104 0.11758
target: 0.00000 0.17279
dist/lin/ang/drive_left/drive_right/tv_l/tv_r/av_l/av_r/x/y/theta/t_err: 0.08577 0.00000 1.32093 0.04550 -0.04550 0.00478 -0.00531 0.00478 -0.00531 0 0 40.08546 0.08577
fb: 0.00000 -0.04494 -0.16678 0.17340
fb: 0.00000 -0.04181 -0.16678 0.17340
target: 0.00000 0.18373
dist/lin/ang/drive_left/drive_right/tv_l/tv_r/av_l/av_r/x/y/theta/t_err: 0.09284 0.00000 1.40456 0.04181 -0.04181 -0.11019 0.11106 -0.11019 0.11106 0 0 39.68052 0.09284
fb: 0.00000 -0.03749 -0.18563 0.19236
fb: 0.00000 -0.02808 -0.18563 0.19236
target: 0.00000 0.19313
dist/lin/ang/drive_left/drive_right/tv_l/tv_r/av_l/av_r/x/y/theta/t_err: 0.09914 0.00000 1.47641 0.02808 -0.02808 -0.15228 0.16014 -0.15228 0.16014 0 0 39.31979 0.09914
fb: 0.00000 -0.00948 -0.18368 0.19050
fb: 0.00000 0.02271 -0.18368 0.19050
target: 0.00000 0.19818
dist/lin/ang/drive_left/drive_right/tv_l/tv_r/av_l/av_r/x/y/theta/t_err: 0.10261 0.00000 1.51501 -0.02271 0.02271 -0.16597 0.17264 -0.16597 0.17264 0 0 39.12113 0.10261
fb: 0.00000 0.05435 -0.16678 0.17365
fb: 0.00000 0.07142 -0.16678 0.17365
target: 0.00000 0.19148
dist/lin/ang/drive_left/drive_right/tv_l/tv_r/av_l/av_r/x/y/theta/t_err: 0.09802 0.00000 1.46378 -0.07142 0.07142 -0.16956 0.17350 -0.16956 0.17350 0 0 39.38408 0.09802
fb: 0.00000 0.08138 -0.11035 0.11716
fb: 0.00000 0.09044 -0.11035 0.11716
target: 0.00000 0.17443
dist/lin/ang/drive_left/drive_right/tv_l/tv_r/av_l/av_r/x/y/theta/t_err: 0.08682 0.00000 1.33349 -0.09044 0.09044 -0.14561 0.15039 -0.14561 0.15039 0 0 40.02565 0.08682
fb: 0.00000 0.09573 -0.05478 0.06142
fb: 0.00000 0.09629 -0.05478 0.06142
target: 0.00000 0.15164
dist/lin/ang/drive_left/drive_right/tv_l/tv_r/av_l/av_r/x/y/theta/t_err: 0.07291 0.00000 1.15927 -0.09629 0.09629 -0.09686 0.09875 -0.09686 0.09875 0 0 40.82278 0.07291
fb: 0.00000 0.09344 0.06121 -0.06458
fb: 0.00000 0.08800 0.06121 -0.06458
target: 0.00000 0.12547
dist/lin/ang/drive_left/drive_right/tv_l/tv_r/av_l/av_r/x/y/theta/t_err: 0.05842 0.00000 0.95916 -0.08800 0.08800 -0.02925 0.03647 -0.02925 0.03647 0 0 41.65252 0.05842
fb: 0.00000 0.08048 0.09032 -0.09396
fb: 0.00000 0.07295 0.09032 -0.09396
target: 0.00000 0.09883
dist/lin/ang/drive_left/drive_right/tv_l/tv_r/av_l/av_r/x/y/theta/t_err: 0.04533 0.00000 0.75554 -0.07295 0.07295 0.06178 -0.06161 0.06178 -0.06161 0 0 42.40260 0.04533
fb: 0.00000 0.06347 0.10650 -0.11041
fb: 0.00000 0.05330 0.10650 -0.11041
target: 0.00000 0.07396
dist/lin/ang/drive_left/drive_right/tv_l/tv_r/av_l/av_r/x/y/theta/t_err: 0.03460 0.00000 0.56537 -0.05330 0.05330 0.09153 -0.09806 0.09153 -0.09806 0 0 43.01735 0.03460
fb: 0.00000 0.03985 0.11177 -0.11593
fb: 0.00000 0.02007 0.11177 -0.11593
target: 0.00000 0.05407
dist/lin/ang/drive_left/drive_right/tv_l/tv_r/av_l/av_r/x/y/theta/t_err: 0.02707 0.00000 0.41338 -0.02007 0.02007 0.10250 -0.10747 0.10250 -0.10747 0 0 43.44906 0.02707
fb: 0.00000 -0.00404 0.09983 -0.10418
fb: 0.00000 -0.02745 0.09983 -0.10418
target: 0.00000 0.04795
dist/lin/ang/drive_left/drive_right/tv_l/tv_r/av_l/av_r/x/y/theta/t_err: 0.02493 0.00000 0.36656 0.02745 -0.02745 0.09958 -0.10403 0.09958 -0.10403 0 0 43.57139 0.02493
fb: 0.00000 -0.04466 0.04117 -0.04559
fb: 0.00000 -0.05470 0.04117 -0.04559
final error was 1.70133
position: -0.08373 -0.05322 43.29867
took 0.70000 time to finish turn
increased to 90.00000
target: 0.00000 0.15697
dist/lin/ang/drive_left/drive_right/tv_l/tv_r/av_l/av_r/x/y/theta/t_err: 1.57080 0.00000 1.20000 0.00000 0.00000 -0.00017 -0.00033 -0.00017 -0.00033 0 0 -0.00023 1.57080
fb: 0.00000 0.00000 -0.82859 0.83506
fb: 0.00000 0.00000 -0.82859 0.83506
target: 0.00000 0.31394
dist/lin/ang/drive_left/drive_right/tv_l/tv_r/av_l/av_r/x/y/theta/t_err: 1.57080 0.00000 2.40000 0.00000 0.00000 -0.07478 0.10506 -0.07478 0.10506 0 0 -0.00008 1.57080
fb: 0.00000 0.00063 -0.91179 0.91982
fb: 0.00000 0.02578 -0.91179 0.91982
target: 0.00000 0.47092
dist/lin/ang/drive_left/drive_right/tv_l/tv_r/av_l/av_r/x/y/theta/t_err: 1.57080 0.00000 3.60000 -0.02578 0.02578 -0.44422 0.48969 -0.44422 0.48969 0 0 -0.00040 1.57080
fb: 0.00000 0.07776 -0.99498 1.00000
fb: 0.00000 0.13092 -0.99498 1.00000
target: 0.00000 0.62789
dist/lin/ang/drive_left/drive_right/tv_l/tv_r/av_l/av_r/x/y/theta/t_err: 1.56461 0.00000 4.80000 -0.13092 0.13092 -0.31689 0.46133 -0.31689 0.46133 0 0 0.35466 1.56461
fb: 0.00000 0.17363 -1.00000 1.00000
fb: 0.00000 0.21133 -1.00000 1.00000
target: 0.00000 0.78486
dist/lin/ang/drive_left/drive_right/tv_l/tv_r/av_l/av_r/x/y/theta/t_err: 1.54302 0.00000 6.00000 -0.21133 0.21133 -0.52394 0.58042 -0.52394 0.58042 0 0 1.59140 1.54302
fb: 0.00000 0.25230 -1.00000 1.00000
fb: 0.00000 0.28414 -1.00000 1.00000
target: 0.00000 0.78486
dist/lin/ang/drive_left/drive_right/tv_l/tv_r/av_l/av_r/x/y/theta/t_err: 1.50930 0.00000 6.00000 -0.28414 0.28414 -0.49383 0.62489 -0.49383 0.62489 0 0 3.52368 1.50930
fb: 0.00000 0.32281 -0.45500 0.46774
fb: 0.00000 0.36642 -0.45500 0.46774
target: 0.00000 0.78486
dist/lin/ang/drive_left/drive_right/tv_l/tv_r/av_l/av_r/x/y/theta/t_err: 1.46424 0.00000 6.00000 -0.36642 0.36642 -0.60589 0.55269 -0.60589 0.55269 0 0 6.10533 1.46424
fb: 0.00000 0.40941 -0.45500 0.46774
fb: 0.00000 0.43833 -0.45500 0.46774
target: 0.00000 0.78486
dist/lin/ang/drive_left/drive_right/tv_l/tv_r/av_l/av_r/x/y/theta/t_err: 1.40677 0.00000 6.00000 -0.43833 0.43833 -0.42881 0.34853 -0.42881 0.34853 0 0 9.39812 1.40677
fb: 0.00000 0.45631 -0.45500 0.46774
fb: 0.00000 0.47735 -0.45500 0.46774
target: 0.00000 0.78486
dist/lin/ang/drive_left/drive_right/tv_l/tv_r/av_l/av_r/x/y/theta/t_err: 1.33934 0.00000 6.00000 -0.47735 0.47735 -0.43511 0.43306 -0.43511 0.43306 0 0 13.26138 1.33934
fb: 0.00000 0.49818 -0.45500 0.46774
fb: 0.00000 0.52104 -0.45500 0.46774
target: 0.00000 0.78486
dist/lin/ang/drive_left/drive_right/tv_l/tv_r/av_l/av_r/x/y/theta/t_err: 1.26577 0.00000 6.00000 -0.52104 0.52104 -0.43667 0.44181 -0.43667 0.44181 0 0 17.47697 1.26577
fb: 0.00000 0.54438 -0.45500 0.46774
fb: 0.00000 0.56779 -0.45500 0.46774
target: 0.00000 0.78486
dist/lin/ang/drive_left/drive_right/tv_l/tv_r/av_l/av_r/x/y/theta/t_err: 1.18543 0.00000 6.00000 -0.56779 0.56779 -0.43597 0.43944 -0.43597 0.43944 0 0 22.08002 1.18543
fb: 0.00000 0.58528 -0.45500 0.46774
fb: 0.00000 0.59810 -0.45500 0.46774
target: 0.00000 0.78486
dist/lin/ang/drive_left/drive_right/tv_l/tv_r/av_l/av_r/x/y/theta/t_err: 1.09823 0.00000 6.00000 -0.59810 0.59810 -0.43650 0.44078 -0.43650 0.44078 0 0 27.07593 1.09823
fb: 0.00000 0.61175 -0.45500 0.46774
fb: 0.00000 0.62917 -0.45500 0.46774
target: 0.00000 0.78486
dist/lin/ang/drive_left/drive_right/tv_l/tv_r/av_l/av_r/x/y/theta/t_err: 1.00650 0.00000 6.00000 -0.62917 0.62917 -0.43700 0.44094 -0.43700 0.44094 0 0 32.33185 1.00650
fb: 0.00000 0.64123 -0.45500 0.46774
fb: 0.00000 0.64959 -0.45500 0.46774
target: 0.00000 0.78486
dist/lin/ang/drive_left/drive_right/tv_l/tv_r/av_l/av_r/x/y/theta/t_err: 0.91012 0.00000 6.00000 -0.64959 0.64959 -0.43872 0.44283 -0.43872 0.44283 0 0 37.85384 0.91012
fb: 0.00000 0.66220 -0.45500 0.46774
fb: 0.00000 0.67279 -0.45500 0.46774
target: 0.00000 0.78486
dist/lin/ang/drive_left/drive_right/tv_l/tv_r/av_l/av_r/x/y/theta/t_err: 0.81046 0.00000 6.00000 -0.67279 0.67279 -0.44011 0.44317 -0.44011 0.44317 0 0 43.56410 0.81046
fb: -0.01942 0.67983 -0.45500 0.46774
fb: -0.04457 0.69306 -0.45500 0.46774
target: 0.00000 0.67993
dist/lin/ang/drive_left/drive_right/tv_l/tv_r/av_l/av_r/x/y/theta/t_err: 0.70753 0.00000 5.19783 -0.73763 0.64850 -0.44097 0.44436 -0.44097 0.44436 0 0 49.46125 0.70753
fb: -0.05428 0.70651 0.15085 -0.14895
fb: -0.06597 0.71271 0.15085 -0.14895
target: 0.00000 0.61911
dist/lin/ang/drive_left/drive_right/tv_l/tv_r/av_l/av_r/x/y/theta/t_err: 0.60124 0.00000 4.73288 -0.77868 0.64674 -0.23133 0.30100 -0.23133 0.30100 0 0 55.55148 0.60124
fb: -0.07744 0.71536 -0.09346 0.10454
fb: -0.08516 0.70902 -0.09346 0.10454
target: 0.00000 0.55089
dist/lin/ang/drive_left/drive_right/tv_l/tv_r/av_l/av_r/x/y/theta/t_err: 0.49231 0.00000 4.21139 -0.79418 0.62386 -0.00683 0.00017 -0.00683 0.00017 0 0 61.79282 0.49231
fb: -0.10282 0.67363 0.05402 -0.05341
fb: -0.10877 0.61440 0.05402 -0.05341
target: 0.00000 0.47628
dist/lin/ang/drive_left/drive_right/tv_l/tv_r/av_l/av_r/x/y/theta/t_err: 0.38561 0.00000 3.64097 -0.72317 0.50563 -0.04739 0.06761 -0.04739 0.06761 0 0 67.90601 0.38561
fb: -0.08914 0.56089 0.12237 -0.12250
fb: -0.09113 0.50285 0.12237 -0.12250
target: 0.00000 0.40315
dist/lin/ang/drive_left/drive_right/tv_l/tv_r/av_l/av_r/x/y/theta/t_err: 0.29368 0.00000 3.08198 -0.59398 0.41172 0.06500 -0.05047 0.06500 -0.05047 0 0 73.17332 0.29368
fb: -0.09510 0.44216 0.15440 -0.15526
fb: -0.08716 0.37792 0.15440 -0.15526
target: 0.00000 0.33486
dist/lin/ang/drive_left/drive_right/tv_l/tv_r/av_l/av_r/x/y/theta/t_err: 0.21910 0.00000 2.55986 -0.46508 0.29076 0.11958 -0.11361 0.11958 -0.11361 0 0 77.44628 0.21910
fb: -0.08142 0.31577 0.16889 -0.17044
fb: -0.07966 0.25278 0.16889 -0.17044
target: 0.00000 0.27607
dist/lin/ang/drive_left/drive_right/tv_l/tv_r/av_l/av_r/x/y/theta/t_err: 0.16365 0.00000 2.11048 -0.33244 0.17313 0.14458 -0.14458 0.14458 -0.14458 0 0 80.62370 0.16365
fb: -0.08738 0.18938 0.15723 -0.15936
fb: -0.09290 0.12772 0.15723 -0.15936
target: 0.00000 0.23204
dist/lin/ang/drive_left/drive_right/tv_l/tv_r/av_l/av_r/x/y/theta/t_err: 0.12740 0.00000 1.77387 -0.22061 0.03482 0.14869 -0.15586 0.14869 -0.15586 0 0 82.70062 0.12740
fb: -0.08517 0.06975 0.11419 -0.11676
fb: -0.07767 0.02313 0.11419 -0.11676
target: 0.00000 0.20873
dist/lin/ang/drive_left/drive_right/tv_l/tv_r/av_l/av_r/x/y/theta/t_err: 0.11004 0.00000 1.59567 -0.10080 -0.05454 0.13142 -0.13586 0.13142 -0.13586 0 0 83.69496 0.11004
fb: -0.06399 -0.01380 -0.04476 0.05174
fb: -0.03486 -0.03930 -0.04476 0.05174
target: 0.00000 0.20559
dist/lin/ang/drive_left/drive_right/tv_l/tv_r/av_l/av_r/x/y/theta/t_err: 0.10781 0.00000 1.57170 0.00443 -0.07416 0.05186 -0.07117 0.05186 -0.07117 0 0 83.82316 0.10781
fb: -0.02140 -0.05247 -0.13388 0.14083
fb: -0.02516 -0.05100 -0.13388 0.14083
target: 0.00000 0.21449
dist/lin/ang/drive_left/drive_right/tv_l/tv_r/av_l/av_r/x/y/theta/t_err: 0.11421 0.00000 1.63970 0.02585 -0.07616 -0.07050 0.06197 -0.07050 0.06197 0 0 83.45605 0.11421
fb: -0.03310 -0.04842 -0.19273 0.19977
fb: -0.03508 -0.04334 -0.19273 0.19977
target: 0.00000 0.22492
dist/lin/ang/drive_left/drive_right/tv_l/tv_r/av_l/av_r/x/y/theta/t_err: 0.12196 0.00000 1.71943 0.00825 -0.07842 -0.13589 0.14183 -0.13589 0.14183 0 0 83.01214 0.12196
fb: -0.02118 -0.03115 -0.20516 0.21230
fb: -0.00375 -0.00885 -0.20516 0.21230
target: 0.00000 0.23292
dist/lin/ang/drive_left/drive_right/tv_l/tv_r/av_l/av_r/x/y/theta/t_err: 0.12808 0.00000 1.78057 0.00510 -0.01260 -0.17778 0.17658 -0.17778 0.17658 0 0 82.66182 0.12808
fb: 0.00000 0.02285 -0.19846 0.20568
fb: 0.00000 0.05790 -0.19846 0.20568
target: 0.00000 0.23291
dist/lin/ang/drive_left/drive_right/tv_l/tv_r/av_l/av_r/x/y/theta/t_err: 0.12807 0.00000 1.78056 -0.05790 0.05790 -0.18531 0.19233 -0.18531 0.19233 0 0 82.66188 0.12807
fb: 0.00000 0.08180 -0.16246 0.16968
fb: 0.00000 0.09678 -0.16246 0.16968
target: 0.00000 0.22017
dist/lin/ang/drive_left/drive_right/tv_l/tv_r/av_l/av_r/x/y/theta/t_err: 0.11840 0.00000 1.68312 -0.09678 0.09678 -0.18017 0.18225 -0.18017 0.18225 0 0 83.21611 0.11840
fb: 0.00000 0.10911 -0.09835 0.10545
fb: 0.00000 0.11671 -0.09835 0.10545
target: 0.00000 0.19894
dist/lin/ang/drive_left/drive_right/tv_l/tv_r/av_l/av_r/x/y/theta/t_err: 0.10314 0.00000 1.52086 -0.11671 0.11671 -0.15008 0.14372 -0.15008 0.14372 0 0 84.09075 0.10314
fb: 0.00000 0.12075 -0.04895 0.05583
fb: -0.00199 0.11928 -0.04895 0.05583
target: 0.00000 0.17184
dist/lin/ang/drive_left/drive_right/tv_l/tv_r/av_l/av_r/x/y/theta/t_err: 0.08517 0.00000 1.31365 -0.12127 0.11730 -0.09000 0.09156 -0.09000 0.09156 0 0 85.11992 0.08517
fb: -0.00199 0.11503 0.06992 -0.07309
fb: 0.00000 0.10904 0.06992 -0.07309
target: 0.00000 0.14152
dist/lin/ang/drive_left/drive_right/tv_l/tv_r/av_l/av_r/x/y/theta/t_err: 0.06711 0.00000 1.08184 -0.10904 0.10904 -0.03747 0.02825 -0.03747 0.02825 0 0 86.15473 0.06711
fb: 0.00000 0.10096 0.10048 -0.10396
fb: 0.00000 0.09148 0.10048 -0.10396
target: 0.00000 0.11032
dist/lin/ang/drive_left/drive_right/tv_l/tv_r/av_l/av_r/x/y/theta/t_err: 0.05078 0.00000 0.84338 -0.09148 0.09148 0.06433 -0.06964 0.06433 -0.06964 0 0 87.09068 0.05078
fb: 0.00000 0.08138 0.12092 -0.12471
fb: 0.00000 0.06940 0.12092 -0.12471
target: 0.00000 0.08023
dist/lin/ang/drive_left/drive_right/tv_l/tv_r/av_l/av_r/x/y/theta/t_err: 0.03717 0.00000 0.61335 -0.06940 0.06940 0.10147 -0.10114 0.10147 -0.10114 0 0 87.87007 0.03717
fb: 0.00000 0.05058 0.13191 -0.13600
fb: -0.00971 0.02696 0.13191 -0.13600
target: 0.00000 0.05487
dist/lin/ang/drive_left/drive_right/tv_l/tv_r/av_l/av_r/x/y/theta/t_err: 0.02735 0.00000 0.41947 -0.03667 0.01726 0.11736 -0.11567 0.11736 -0.11567 0 0 88.43277 0.02735
fb: -0.01368 -0.00216 0.12406 -0.12841
fb: -0.00397 -0.02766 0.12406 -0.12841
target: 0.00000 0.04640
dist/lin/ang/drive_left/drive_right/tv_l/tv_r/av_l/av_r/x/y/theta/t_err: 0.02441 0.00000 0.35474 0.02369 -0.03163 0.11978 -0.12319 0.11978 -0.12319 0 0 88.60146 0.02441
fb: -0.00574 -0.04620 0.05253 -0.05696
fb: -0.01346 -0.05909 0.05253 -0.05696
final error was 1.67698
position: -0.18742 -0.63305 88.32302
took 0.76000 time to finish turn
increased to 135.00000
target: 0.00000 0.15697
dist/lin/ang/drive_left/drive_right/tv_l/tv_r/av_l/av_r/x/y/theta/t_err: 2.35619 0.00000 1.20000 0.00000 0.00000 -0.00050 -0.00033 -0.00050 -0.00033 0 0 0.00011 2.35619
fb: 0.00000 0.00000 -0.82859 0.83506
fb: 0.00000 0.00000 -0.82859 0.83506
target: 0.00000 0.31394
dist/lin/ang/drive_left/drive_right/tv_l/tv_r/av_l/av_r/x/y/theta/t_err: 2.35619 0.00000 2.40000 0.00000 0.00000 -0.12403 0.09000 -0.12403 0.09000 0 0 0.00008 2.35619
fb: 0.00000 0.00000 -0.91179 0.91982
fb: 0.00000 0.00355 -0.91179 0.91982
target: 0.00000 0.47092
dist/lin/ang/drive_left/drive_right/tv_l/tv_r/av_l/av_r/x/y/theta/t_err: 2.35620 0.00000 3.60000 -0.00355 0.00355 -0.42692 0.37694 -0.42692 0.37694 0 0 -0.00028 2.35620
fb: 0.00000 0.04863 -0.99498 1.00000
fb: 0.00397 0.09880 -0.99498 1.00000
target: 0.00000 0.62789
dist/lin/ang/drive_left/drive_right/tv_l/tv_r/av_l/av_r/x/y/theta/t_err: 2.35338 0.00000 4.80000 -0.09483 0.10277 -0.47122 0.46642 -0.47122 0.46642 0 0 0.16137 2.35338
fb: 0.00397 0.14952 -1.00000 1.00000
fb: 0.00375 0.18652 -1.00000 1.00000
target: 0.00000 0.78486
dist/lin/ang/drive_left/drive_right/tv_l/tv_r/av_l/av_r/x/y/theta/t_err: 2.33637 0.00000 6.00000 -0.18277 0.19027 -0.42536 0.53283 -0.42536 0.53283 0 0 1.13598 2.33637
fb: 0.00772 0.22394 -1.00000 1.00000
fb: 0.01169 0.26574 -1.00000 1.00000
target: 0.00000 0.78486
dist/lin/ang/drive_left/drive_right/tv_l/tv_r/av_l/av_r/x/y/theta/t_err: 2.30641 0.00000 6.00000 -0.25405 0.27744 -0.48150 0.64953 -0.48150 0.64953 0 0 2.85269 2.30641
fb: 0.01169 0.30539 -0.45500 0.46774
fb: 0.00772 0.34908 -0.45500 0.46774
target: 0.00000 0.78486
dist/lin/ang/drive_left/drive_right/tv_l/tv_r/av_l/av_r/x/y/theta/t_err: 2.26444 0.00000 6.00000 -0.34135 0.35680 -0.67092 0.55781 -0.67092 0.55781 0 0 5.25739 2.26444
fb: 0.00375 0.39193 -0.45500 0.46774
fb: 0.00397 0.43589 -0.45500 0.46774
target: 0.00000 0.78486
dist/lin/ang/drive_left/drive_right/tv_l/tv_r/av_l/av_r/x/y/theta/t_err: 2.20959 0.00000 6.00000 -0.43192 0.43986 -0.43481 0.35164 -0.43481 0.35164 0 0 8.39981 2.20959
fb: 0.00397 0.46327 -0.45500 0.46774
fb: 0.00000 0.48021 -0.45500 0.46774
target: 0.00000 0.78486
dist/lin/ang/drive_left/drive_right/tv_l/tv_r/av_l/av_r/x/y/theta/t_err: 2.14236 0.00000 6.00000 -0.48021 0.48021 -0.43528 0.43328 -0.43528 0.43328 0 0 12.25171 2.14236
fb: 0.00000 0.49930 -0.45500 0.46774
fb: 0.00000 0.52278 -0.45500 0.46774
target: 0.00000 0.78486
dist/lin/ang/drive_left/drive_right/tv_l/tv_r/av_l/av_r/x/y/theta/t_err: 2.06837 0.00000 6.00000 -0.52278 0.52278 -0.43428 0.43908 -0.43428 0.43908 0 0 16.49118 2.06837
fb: 0.00000 0.54472 -0.45500 0.46774
fb: 0.00000 0.56270 -0.45500 0.46774
target: 0.00000 0.78486
dist/lin/ang/drive_left/drive_right/tv_l/tv_r/av_l/av_r/x/y/theta/t_err: 1.98782 0.00000 6.00000 -0.56270 0.56270 -0.43581 0.44008 -0.43581 0.44008 0 0 21.10643 1.98782
fb: 0.00000 0.57949 -0.45500 0.46774
fb: -0.00199 0.59413 -0.45500 0.46774
target: 0.00000 0.78486
dist/lin/ang/drive_left/drive_right/tv_l/tv_r/av_l/av_r/x/y/theta/t_err: 1.90138 0.00000 6.00000 -0.59611 0.59214 -0.43581 0.44044 -0.43581 0.44044 0 0 26.05913 1.90138
fb: -0.00199 0.60757 -0.45500 0.46774
fb: 0.00000 0.62025 -0.45500 0.46774
target: 0.00000 0.78486
dist/lin/ang/drive_left/drive_right/tv_l/tv_r/av_l/av_r/x/y/theta/t_err: 1.81026 0.00000 6.00000 -0.62025 0.62025 -0.43806 0.44217 -0.43806 0.44217 0 0 31.27977 1.81026
fb: 0.00000 0.63489 -0.45500 0.46774
fb: -0.02912 0.64596 -0.45500 0.46774
target: 0.00000 0.78486
dist/lin/ang/drive_left/drive_right/tv_l/tv_r/av_l/av_r/x/y/theta/t_err: 1.71508 0.00000 6.00000 -0.67509 0.61684 -0.43925 0.44400 -0.43925 0.44400 0 0 36.73319 1.71508
fb: -0.05825 0.65530 -0.45500 0.46774
fb: -0.05626 0.66979 -0.45500 0.46774
target: 0.00000 0.78486
dist/lin/ang/drive_left/drive_right/tv_l/tv_r/av_l/av_r/x/y/theta/t_err: 1.61620 0.00000 6.00000 -0.72606 0.61353 -0.43992 0.44419 -0.43992 0.44419 0 0 42.39841 1.61620
fb: -0.05626 0.68268 -0.45500 0.46774
fb: -0.06001 0.68923 -0.45500 0.46774
target: 0.00000 0.78486
dist/lin/ang/drive_left/drive_right/tv_l/tv_r/av_l/av_r/x/y/theta/t_err: 1.51354 0.00000 6.00000 -0.74925 0.62922 -0.44114 0.44558 -0.44114 0.44558 0 0 48.28038 1.51354
fb: -0.06001 0.69808 -0.45500 0.46774
fb: -0.06994 0.70665 -0.45500 0.46774
target: 0.00000 0.78486
dist/lin/ang/drive_left/drive_right/tv_l/tv_r/av_l/av_r/x/y/theta/t_err: 1.40799 0.00000 6.00000 -0.77659 0.63671 -0.44147 0.44542 -0.44147 0.44542 0 0 54.32801 1.40799
fb: -0.07369 0.71139 -0.45500 0.46774
fb: -0.07171 0.71947 -0.45500 0.46774
target: 0.00000 0.78486
dist/lin/ang/drive_left/drive_right/tv_l/tv_r/av_l/av_r/x/y/theta/t_err: 1.29996 0.00000 6.00000 -0.79118 0.64777 -0.44300 0.44658 -0.44300 0.44658 0 0 60.51776 1.29996
fb: -0.07943 0.73069 -0.45500 0.46774
fb: -0.06972 0.73842 -0.45500 0.46774
target: 0.00000 0.78486
dist/lin/ang/drive_left/drive_right/tv_l/tv_r/av_l/av_r/x/y/theta/t_err: 1.18965 0.00000 6.00000 -0.80814 0.66870 -0.44419 0.44708 -0.44419 0.44708 0 0 66.83791 1.18965
fb: -0.06398 0.74490 -0.45500 0.46774
fb: -0.07568 0.75612 -0.45500 0.46774
target: 0.00000 0.78486
dist/lin/ang/drive_left/drive_right/tv_l/tv_r/av_l/av_r/x/y/theta/t_err: 1.07666 0.00000 6.00000 -0.83180 0.68045 -0.44383 0.44833 -0.44383 0.44833 0 0 73.31202 1.07666
fb: -0.07766 0.76560 -0.45500 0.46774
fb: -0.07568 0.77047 -0.45500 0.46774
target: 0.00000 0.78486
dist/lin/ang/drive_left/drive_right/tv_l/tv_r/av_l/av_r/x/y/theta/t_err: 0.96079 0.00000 6.00000 -0.84615 0.69480 -0.44111 0.44694 -0.44111 0.44694 0 0 79.95064 0.96079
fb: -0.08141 0.77479 -0.45500 0.46774
fb: -0.09310 0.77486 -0.45500 0.46774
target: 0.00000 0.78486
dist/lin/ang/drive_left/drive_right/tv_l/tv_r/av_l/av_r/x/y/theta/t_err: 0.84282 0.00000 6.00000 -0.86797 0.68176 -0.44164 0.44661 -0.44164 0.44661 0 0 86.71002 0.84282
fb: -0.09884 0.78113 -0.45500 0.46774
fb: -0.09487 0.78789 -0.45500 0.46774
target: 0.00000 0.78486
dist/lin/ang/drive_left/drive_right/tv_l/tv_r/av_l/av_r/x/y/theta/t_err: 0.72401 0.00000 6.00000 -0.88276 0.69302 -0.44061 0.44453 -0.44061 0.44453 0 0 93.51745 0.72401
fb: -0.09906 0.78970 -0.45500 0.46774
fb: -0.10678 0.79298 -0.45500 0.46774
target: 0.00000 0.62043
dist/lin/ang/drive_left/drive_right/tv_l/tv_r/av_l/av_r/x/y/theta/t_err: 0.60346 0.00000 4.74299 -0.89976 0.68620 -0.43942 0.44731 -0.43942 0.44731 0 0 100.42431 0.60346
fb: -0.10259 0.79779 0.45012 -0.44881
fb: -0.10259 0.80064 0.45012 -0.44881
target: 0.00000 0.54401
dist/lin/ang/drive_left/drive_right/tv_l/tv_r/av_l/av_r/x/y/theta/t_err: 0.48193 0.00000 4.15881 -0.90323 0.69805 -0.22708 0.30797 -0.22708 0.30797 0 0 107.38755 0.48193
fb: -0.10678 0.79897 0.09457 -0.09403
fb: -0.12024 0.79291 0.09457 -0.09403
target: 0.00000 0.45646
dist/lin/ang/drive_left/drive_right/tv_l/tv_r/av_l/av_r/x/y/theta/t_err: 0.35946 0.00000 3.48948 -0.91315 0.67267 0.09272 -0.06861 0.09272 -0.06861 0 0 114.40428 0.35946
fb: -0.13171 0.77326 0.19110 -0.19143
fb: -0.12421 0.72017 0.19110 -0.19143
target: 0.00000 0.35398
dist/lin/ang/drive_left/drive_right/tv_l/tv_r/av_l/av_r/x/y/theta/t_err: 0.23889 0.00000 2.70605 -0.84438 0.59595 0.11244 -0.10542 0.11244 -0.10542 0 0 121.31288 0.23889
fb: -0.11451 0.65175 0.31258 -0.31393
fb: -0.11054 0.58709 0.31258 -0.31393
target: 0.00000 0.23722
dist/lin/ang/drive_left/drive_right/tv_l/tv_r/av_l/av_r/x/y/theta/t_err: 0.13143 0.00000 1.81351 -0.69763 0.47655 0.20872 -0.19781 0.20872 -0.19781 0 0 127.46955 0.13143
fb: -0.11054 0.51839 0.43868 -0.44121
fb: -0.11628 0.45038 0.43868 -0.44121
target: 0.00000 0.09617
dist/lin/ang/drive_left/drive_right/tv_l/tv_r/av_l/av_r/x/y/theta/t_err: 0.04411 0.00000 0.73515 -0.56666 0.33410 0.31450 -0.29878 0.31450 -0.29878 0 0 132.47249 0.04411
fb: -0.12599 0.38224 0.62282 -0.62676
fb: -0.11827 0.31305 0.62282 -0.62676
target: 0.00000 -0.04001
dist/lin/ang/drive_left/drive_right/tv_l/tv_r/av_l/av_r/x/y/theta/t_err: -0.02230 0.00000 -0.30588 -0.43132 0.19478 0.36275 -0.38103 0.36275 -0.38103 0 0 136.27757 -0.02230
fb: -0.11253 0.24087 0.67303 -0.67832
fb: -0.10878 0.16862 0.67303 -0.67832
target: 0.00000 -0.14221
dist/lin/ang/drive_left/drive_right/tv_l/tv_r/av_l/av_r/x/y/theta/t_err: -0.06750 0.00000 -1.08715 -0.27740 0.05983 0.41819 -0.38911 0.41819 -0.38911 0 0 138.86762 -0.06750
fb: -0.09687 0.09789 0.57429 -0.58060
fb: -0.09687 0.03135 0.57429 -0.58060
target: 0.00000 -0.18037
dist/lin/ang/drive_left/drive_right/tv_l/tv_r/av_l/av_r/x/y/theta/t_err: -0.09064 0.00000 -1.37887 -0.12822 -0.06552 0.43753 -0.40639 0.43753 -0.40639 0 0 140.19340 -0.09064
fb: -0.08540 -0.03059 0.30634 -0.31303
fb: -0.07767 -0.08709 0.30634 -0.31303
target: 0.00000 -0.18414
dist/lin/ang/drive_left/drive_right/tv_l/tv_r/av_l/av_r/x/y/theta/t_err: -0.09311 0.00000 -1.40768 0.00942 -0.16477 0.42111 -0.41683 0.42111 -0.41683 0 0 140.33492 -0.09311
fb: -0.08341 -0.13942 0.15358 -0.16031
fb: -0.07547 -0.18450 0.15358 -0.16031
target: 0.00000 -0.15989
dist/lin/ang/drive_left/drive_right/tv_l/tv_r/av_l/av_r/x/y/theta/t_err: -0.07780 0.00000 -1.22229 0.10904 -0.25997 0.27497 -0.27411 0.27497 -0.27411 0 0 139.45751 -0.07780
fb: -0.06796 -0.20840 -0.06342 0.06671
fb: -0.06598 -0.21850 -0.06342 0.06671
target: 0.00000 -0.10621
dist/lin/ang/drive_left/drive_right/tv_l/tv_r/av_l/av_r/x/y/theta/t_err: -0.04879 0.00000 -0.81195 0.15253 -0.28448 0.08675 -0.15022 0.08675 -0.15022 0 0 137.79567 -0.04879
fb: -0.06774 -0.21676 -0.22427 0.22811
fb: -0.06995 -0.20945 -0.22427 0.22811
target: 0.00000 -0.01709
dist/lin/ang/drive_left/drive_right/tv_l/tv_r/av_l/av_r/x/y/theta/t_err: -0.01551 0.00000 -0.13062 0.13950 -0.27939 -0.06006 0.05611 -0.06006 0.05611 0 0 135.88864 -0.01551
fb: -0.06598 -0.19892 -0.43103 0.43575
fb: -0.06002 -0.18436 -0.43103 0.43575
target: 0.00000 0.01970
dist/lin/ang/drive_left/drive_right/tv_l/tv_r/av_l/av_r/x/y/theta/t_err: 0.01622 0.00000 0.15060 0.12434 -0.24438 -0.24539 0.21181 -0.24539 0.21181 0 0 134.07058 0.01622
fb: -0.04281 -0.15057 -0.21500 0.22009
fb: -0.03884 -0.09776 -0.21500 0.22009
target: 0.00000 0.09370
dist/lin/ang/drive_left/drive_right/tv_l/tv_r/av_l/av_r/x/y/theta/t_err: 0.04300 0.00000 0.71628 0.05892 -0.13659 -0.33931 0.35522 -0.33931 0.35522 0 0 132.53630 0.04300
fb: -0.04832 -0.03365 -0.42167 0.42750
fb: -0.03685 0.02439 -0.42167 0.42750
target: 0.00000 0.11969
dist/lin/ang/drive_left/drive_right/tv_l/tv_r/av_l/av_r/x/y/theta/t_err: 0.05545 0.00000 0.91501 -0.06124 -0.01246 -0.25700 0.24400 -0.25700 0.24400 0 0 131.82323 0.05545
fb: -0.02538 0.07267 -0.21944 0.22553
fb: -0.02714 0.10361 -0.21944 0.22553
target: 0.00000 0.10849
dist/lin/ang/drive_left/drive_right/tv_l/tv_r/av_l/av_r/x/y/theta/t_err: 0.04989 0.00000 0.82937 -0.13075 0.07647 -0.33947 0.37267 -0.33947 0.37267 0 0 132.14161 0.04989
fb: -0.03685 0.14137 -0.04611 0.05209
fb: -0.02913 0.17530 -0.04611 0.05209
target: 0.00000 0.06859
dist/lin/ang/drive_left/drive_right/tv_l/tv_r/av_l/av_r/x/y/theta/t_err: 0.03248 0.00000 0.52435 -0.20443 0.14618 -0.18361 0.20994 -0.18361 0.20994 0 0 133.13906 0.03248
fb: -0.01147 0.19133 0.18222 -0.18643
fb: -0.00772 0.19370 0.18222 -0.18643
target: 0.00000 0.00000
dist/lin/ang/drive_left/drive_right/tv_l/tv_r/av_l/av_r/x/y/theta/t_err: 0.00521 0.00000 0.00000 -0.20142 0.18598 -0.01061 0.04517 -0.01061 0.04517 0 0 134.70141 0.00521
fb: -0.00772 0.18617 0.34768 -0.35257
fb: -0.00375 0.17503 0.34768 -0.35257
final error was -1.37709
position: 0.54661 -1.39008 136.37709
took 0.86000 time to finish turn
target: 0.00000 0.15697
dist/lin/ang/drive_left/drive_right/tv_l/tv_r/av_l/av_r/x/y/theta/t_err: 2.35620 0.00000 1.20000 0.00000 0.00000 -0.00017 0.00017 -0.00017 0.00017 0 0 -0.00043 2.35620
fb: 0.00000 0.00000 -0.82859 0.83506
fb: 0.00000 0.00000 -0.82859 0.83506
target: 0.00000 0.31394
dist/lin/ang/drive_left/drive_right/tv_l/tv_r/av_l/av_r/x/y/theta/t_err: 2.35620 0.00000 2.40000 0.00000 0.00000 -0.05322 0.08025 -0.05322 0.08025 0 0 -0.00056 2.35620
fb: 0.00000 0.00000 -0.91179 0.91982
fb: 0.00000 0.00543 -0.91179 0.91982
target: 0.00000 0.47092
dist/lin/ang/drive_left/drive_right/tv_l/tv_r/av_l/av_r/x/y/theta/t_err: 2.35621 0.00000 3.60000 -0.00543 0.00543 -0.45344 0.43083 -0.45344 0.43083 0 0 -0.00096 2.35621
fb: 0.00000 0.05121 -0.99498 1.00000
fb: 0.00000 0.09964 -0.99498 1.00000
target: 0.00000 0.62789
dist/lin/ang/drive_left/drive_right/tv_l/tv_r/av_l/av_r/x/y/theta/t_err: 2.35307 0.00000 4.80000 -0.09964 0.09964 -0.36994 0.43803 -0.36994 0.43803 0 0 0.17897 2.35307
fb: 0.00000 0.14660 -1.00000 1.00000
fb: 0.00000 0.19217 -1.00000 1.00000
target: 0.00000 0.78486
dist/lin/ang/drive_left/drive_right/tv_l/tv_r/av_l/av_r/x/y/theta/t_err: 2.33612 0.00000 6.00000 -0.19217 0.19217 -0.51722 0.50650 -0.51722 0.50650 0 0 1.15043 2.33612
fb: 0.00000 0.23766 -1.00000 1.00000
fb: 0.00000 0.27808 -1.00000 1.00000
target: 0.00000 0.78486
dist/lin/ang/drive_left/drive_right/tv_l/tv_r/av_l/av_r/x/y/theta/t_err: 2.30514 0.00000 6.00000 -0.27808 0.27808 -0.43481 0.66272 -0.43481 0.66272 0 0 2.92501 2.30514
fb: 0.00000 0.31507 -0.45500 0.46774
fb: 0.00000 0.35785 -0.45500 0.46774
target: 0.00000 0.78486
dist/lin/ang/drive_left/drive_right/tv_l/tv_r/av_l/av_r/x/y/theta/t_err: 2.26134 0.00000 6.00000 -0.35785 0.35785 -0.64117 0.60572 -0.64117 0.60572 0 0 5.43451 2.26134
fb: 0.00000 0.40370 -0.45500 0.46774
fb: 0.00000 0.44328 -0.45500 0.46774
target: 0.00000 0.78486
dist/lin/ang/drive_left/drive_right/tv_l/tv_r/av_l/av_r/x/y/theta/t_err: 2.20505 0.00000 6.00000 -0.44328 0.44328 -0.43992 0.38139 -0.43992 0.38139 0 0 8.65974 2.20505
fb: 0.00000 0.46738 -0.45500 0.46774
fb: 0.00000 0.48843 -0.45500 0.46774
target: 0.00000 0.78486
dist/lin/ang/drive_left/drive_right/tv_l/tv_r/av_l/av_r/x/y/theta/t_err: 2.13673 0.00000 6.00000 -0.48843 0.48843 -0.43892 0.43719 -0.43892 0.43719 0 0 12.57442 2.13673
fb: 0.00000 0.51058 -0.45500 0.46774
fb: 0.00000 0.53302 -0.45500 0.46774
target: 0.00000 0.78486
dist/lin/ang/drive_left/drive_right/tv_l/tv_r/av_l/av_r/x/y/theta/t_err: 2.06142 0.00000 6.00000 -0.53302 0.53302 -0.43700 0.44314 -0.43700 0.44314 0 0 16.88930 2.06142
fb: 0.00000 0.55211 -0.45500 0.46774
fb: 0.00000 0.57218 -0.45500 0.46774
target: 0.00000 0.78486
dist/lin/ang/drive_left/drive_right/tv_l/tv_r/av_l/av_r/x/y/theta/t_err: 1.97946 0.00000 6.00000 -0.57218 0.57218 -0.43528 0.44078 -0.43528 0.44078 0 0 21.58523 1.97946
fb: 0.00000 0.59301 -0.45500 0.46774
fb: 0.00000 0.60681 -0.45500 0.46774
target: 0.00000 0.78486
dist/lin/ang/drive_left/drive_right/tv_l/tv_r/av_l/av_r/x/y/theta/t_err: 1.89139 0.00000 6.00000 -0.60681 0.60681 -0.43561 0.44128 -0.43561 0.44128 0 0 26.63115 1.89139
fb: -0.00971 0.61621 -0.45500 0.46774
fb: -0.03111 0.63036 -0.45500 0.46774
target: 0.00000 0.78486
dist/lin/ang/drive_left/drive_right/tv_l/tv_r/av_l/av_r/x/y/theta/t_err: 1.79857 0.00000 6.00000 -0.66147 0.59925 -0.43756 0.44217 -0.43756 0.44217 0 0 31.94947 1.79857
fb: -0.04655 0.64429 -0.45500 0.46774
fb: -0.05626 0.65405 -0.45500 0.46774
target: 0.00000 0.78486
dist/lin/ang/drive_left/drive_right/tv_l/tv_r/av_l/av_r/x/y/theta/t_err: 1.70189 0.00000 6.00000 -0.71031 0.59778 -0.43922 0.44403 -0.43922 0.44403 0 0 37.48892 1.70189
fb: -0.05626 0.66889 -0.45500 0.46774
fb: -0.04633 0.68491 -0.45500 0.46774
target: 0.00000 0.78486
dist/lin/ang/drive_left/drive_right/tv_l/tv_r/av_l/av_r/x/y/theta/t_err: 1.60148 0.00000 6.00000 -0.73125 0.63858 -0.43922 0.44417 -0.43922 0.44417 0 0 43.24186 1.60148
fb: -0.05428 0.69404 -0.45500 0.46774
fb: -0.06398 0.70129 -0.45500 0.46774
target: 0.00000 0.78486
dist/lin/ang/drive_left/drive_right/tv_l/tv_r/av_l/av_r/x/y/theta/t_err: 1.49671 0.00000 6.00000 -0.76527 0.63730 -0.44114 0.44575 -0.44114 0.44575 0 0 49.24465 1.49671
fb: -0.06200 0.71278 -0.45500 0.46774
fb: -0.07568 0.72073 -0.45500 0.46774
target: 0.00000 0.78486
dist/lin/ang/drive_left/drive_right/tv_l/tv_r/av_l/av_r/x/y/theta/t_err: 1.38920 0.00000 6.00000 -0.79640 0.64505 -0.44283 0.44625 -0.44283 0.44625 0 0 55.40481 1.38920
fb: -0.08538 0.72560 -0.45500 0.46774
fb: -0.07568 0.73501 -0.45500 0.46774
target: 0.00000 0.78486
dist/lin/ang/drive_left/drive_right/tv_l/tv_r/av_l/av_r/x/y/theta/t_err: 1.27906 0.00000 6.00000 -0.81069 0.65933 -0.44281 0.44642 -0.44281 0.44642 0 0 61.71513 1.27906
fb: -0.07568 0.74205 -0.45500 0.46774
fb: -0.07766 0.74567 -0.45500 0.46774
target: 0.00000 0.78486
dist/lin/ang/drive_left/drive_right/tv_l/tv_r/av_l/av_r/x/y/theta/t_err: 1.16660 0.00000 6.00000 -0.82333 0.66801 -0.44403 0.44692 -0.44403 0.44692 0 0 68.15856 1.16660
fb: -0.07744 0.75459 -0.45500 0.46774
fb: -0.08340 0.76302 -0.45500 0.46774
target: 0.00000 0.78486
dist/lin/ang/drive_left/drive_right/tv_l/tv_r/av_l/av_r/x/y/theta/t_err: 1.05230 0.00000 6.00000 -0.84642 0.67962 -0.44419 0.44728 -0.44419 0.44728 0 0 74.70793 1.05230
fb: -0.08340 0.76755 -0.45500 0.46774
fb: -0.08913 0.77507 -0.45500 0.46774
target: 0.00000 0.78486
dist/lin/ang/drive_left/drive_right/tv_l/tv_r/av_l/av_r/x/y/theta/t_err: 0.93560 0.00000 6.00000 -0.86421 0.68594 -0.44044 0.44575 -0.44044 0.44575 0 0 81.39411 0.93560
fb: -0.08538 0.77960 -0.45500 0.46774
fb: -0.08913 0.78176 -0.45500 0.46774
target: 0.00000 0.78486
dist/lin/ang/drive_left/drive_right/tv_l/tv_r/av_l/av_r/x/y/theta/t_err: 0.81700 0.00000 6.00000 -0.87090 0.69263 -0.44097 0.44608 -0.44097 0.44608 0 0 88.18956 0.81700
fb: -0.10656 0.78782 -0.45500 0.46774
fb: -0.10480 0.78984 -0.45500 0.46774
target: 0.00000 0.67422
dist/lin/ang/drive_left/drive_right/tv_l/tv_r/av_l/av_r/x/y/theta/t_err: 0.69719 0.00000 5.15420 -0.89464 0.68505 -0.44028 0.44489 -0.44028 0.44489 0 0 95.05389 0.69719
fb: -0.10083 0.79033 0.17956 -0.17771
fb: -0.09310 0.79465 0.17956 -0.17771
target: 0.00000 0.60411
dist/lin/ang/drive_left/drive_right/tv_l/tv_r/av_l/av_r/x/y/theta/t_err: 0.57636 0.00000 4.61825 -0.88776 0.70155 -0.28386 0.26761 -0.28386 0.26761 0 0 101.97683 0.57636
fb: -0.09509 0.79834 -0.04372 0.05466
fb: -0.11627 0.78706 -0.04372 0.05466
target: 0.00000 0.52555
dist/lin/ang/drive_left/drive_right/tv_l/tv_r/av_l/av_r/x/y/theta/t_err: 0.45461 0.00000 4.01767 -0.90333 0.67079 0.03047 -0.01847 0.03047 -0.01847 0 0 108.95259 0.45461
fb: -0.11826 0.76497 0.11401 -0.11365
fb: -0.11451 0.70700 0.11401 -0.11365
target: 0.00000 0.43729
dist/lin/ang/drive_left/drive_right/tv_l/tv_r/av_l/av_r/x/y/theta/t_err: 0.33504 0.00000 3.34291 -0.82151 0.59249 -0.03731 0.01917 -0.03731 0.01917 0 0 115.80372 0.33504
fb: -0.11826 0.63879 0.20445 -0.20497
fb: -0.12003 0.57991 0.20445 -0.20497
target: 0.00000 0.34512
dist/lin/ang/drive_left/drive_right/tv_l/tv_r/av_l/av_r/x/y/theta/t_err: 0.22961 0.00000 2.63830 -0.69994 0.45988 0.11258 -0.11019 0.11258 -0.11019 0 0 121.84421 0.22961
fb: -0.13570 0.51163 0.27088 -0.27232
fb: -0.14563 0.44439 0.27088 -0.27232
target: 0.00000 0.25231
dist/lin/ang/drive_left/drive_right/tv_l/tv_r/av_l/av_r/x/y/theta/t_err: 0.14352 0.00000 1.92883 -0.59002 0.29877 0.18756 -0.19436 0.18756 -0.19436 0 0 126.77678 0.14352
fb: -0.12798 0.37472 0.32293 -0.32530
fb: -0.11231 0.30734 0.32293 -0.32530
target: 0.00000 0.16053
dist/lin/ang/drive_left/drive_right/tv_l/tv_r/av_l/av_r/x/y/theta/t_err: 0.07819 0.00000 1.22719 -0.41965 0.19503 0.25086 -0.26214 0.25086 -0.26214 0 0 130.52029 0.07819
fb: -0.10283 0.23892 0.36696 -0.37025
fb: -0.09709 0.17050 0.36696 -0.37025
target: 0.00000 0.07175
dist/lin/ang/drive_left/drive_right/tv_l/tv_r/av_l/av_r/x/y/theta/t_err: 0.03372 0.00000 0.54854 -0.26759 0.07341 0.29789 -0.30253 0.29789 -0.30253 0 0 133.06775 0.03372
fb: -0.10481 0.10291 0.40048 -0.40465
fb: -0.10084 0.04348 0.40048 -0.40465
target: 0.00000 0.00000
dist/lin/ang/drive_left/drive_right/tv_l/tv_r/av_l/av_r/x/y/theta/t_err: 0.01015 0.00000 0.00000 -0.14432 -0.05736 0.33794 -0.34767 0.33794 -0.34767 0 0 134.41821 0.01015
fb: -0.09312 -0.00968 0.36192 -0.36681
fb: -0.10084 -0.05929 0.36192 -0.36681
target: 0.00000 0.00000
dist/lin/ang/drive_left/drive_right/tv_l/tv_r/av_l/av_r/x/y/theta/t_err: 0.00546 0.00000 0.00000 -0.04155 -0.16014 0.36908 -0.36275 0.36908 -0.36275 0 0 134.68714 0.00546
fb: -0.09312 -0.10751 0.00000 0.00000
fb: -0.07569 -0.14890 0.00000 0.00000
final error was 0.93993
position: 0.22254 -1.21648 134.06007
took 0.66000 time to finish turn
WARNING - pros.serial.terminal.terminal:stop - Stopping terminal - pros-cli version:3.5.6

[tomas@nixbtw:~/projects/Robotics/current/Cognex]$

