
[tomas@nixbtw:~/projects/Robotics/current/Cognex]$ t
Not sending analytics for this command.

Established terminal connection



         _+=+_
      .-`  .  `-.          8888888b.  8888888b.   .d88888b.   .d8888b.
   _+`     "     `+_       888   Y88b 888   Y88b d88P" "Y88b d88P  Y88b
  \\\sssssssssssss///      888    888 888    888 888     888 Y88b.
     .ss\  *  /ss.         888   d88P 888   d88P 888     888  "Y888b.
 .+bm  .s  *  s.  md+.     8888888P"  8888888P"  888     888     "Y88b.
.hMMMMs .  *  . sMMMMh.    888        888 T88b   888     888       "888
 `\hMMMb \ | / dMMMh:      888        888  T88b  Y88b. .d88P Y88b  d88P
   -SNMNo  -  oNMNs-       888        888   T88b  "Y88888P"   "Y8888P"
     `+dMh\./dMd/
        `:yNy:`                      Powered by PROS for VEX V5
           "                Copyright (c) Purdue University ACM SIGBots
Version:        4.2.1     Platform:  V1.1.5 (b18)     Uptime:    0.000 s
Compiled:   Jan  1 1980 00:00:00     Directory:


bouncing done
health done
auton done
calibrated!
starting task: 2318299
initializing odom model
timed correctly: 2321171
initializing pf model
initializing smoother model
start is 0.000 0.000
dist/lin/ang/drive_left/drive_right/tv_l/tv_r/av_l/av_r/x/y/theta/t_err: 0.86210 0.09144 1.20000 0.00000 0.00000 -0.00033 -0.00033 -0.00033 -0.00033 0.00000 0.00000 -0.00000 0.78540
target: 0.09144 0.15697
target: 0.09144 0.15697
fb: 0.00000 0.00000 -0.63386 1.00000
fb: 0.00000 0.00000 -0.63386 1.00000
dist/lin/ang/drive_left/drive_right/tv_l/tv_r/av_l/av_r/x/y/theta/t_err: 0.86210 0.18288 2.40000 0.00000 0.00000 -0.13278 0.05167 -0.13278 0.05167 0.00000 0.00000 -0.00000 0.78540
target: 0.18288 0.31394
target: 0.18288 0.31394
fb: 0.00000 0.00167 -0.76989 1.00000
fb: 0.00000 0.02515 -0.75815 1.00000
dist/lin/ang/drive_left/drive_right/tv_l/tv_r/av_l/av_r/x/y/theta/t_err: 0.86210 0.27432 3.60000 -0.02515 0.02515 -0.42967 0.51606 -0.42967 0.51606 0.00000 0.00000 0.00363 0.78533
target: 0.27432 0.47092
target: 0.27432 0.47092
fb: 0.00000 0.07128 -0.83919 1.00000
fb: 0.00000 0.11197 -0.81885 1.00000
dist/lin/ang/drive_left/drive_right/tv_l/tv_r/av_l/av_r/x/y/theta/t_err: 0.86210 0.36576 4.80000 -0.11197 0.11197 -0.43528 0.71456 -0.43528 0.71456 0.00000 0.00000 0.33865 0.77949
target: 0.36576 0.62789
target: 0.36576 0.62789
fb: 0.00000 0.15029 -0.90379 1.00000
fb: 0.00000 0.18373 -0.88707 1.00000
dist/lin/ang/drive_left/drive_right/tv_l/tv_r/av_l/av_r/x/y/theta/t_err: 0.86210 0.45172 6.00000 -0.18373 0.18373 -0.46831 0.77269 -0.46831 0.77269 0.00000 0.00000 1.40068 0.76095
target: 0.45172 0.78486
target: 0.45172 0.78486
fb: 0.00000 0.21411 -0.99171 1.00000
fb: 0.00000 0.23913 -0.97920 1.00000
dist/lin/ang/drive_left/drive_right/tv_l/tv_r/av_l/av_r/x/y/theta/t_err: 0.86210 0.48084 6.00000 -0.23913 0.23913 -0.53592 0.81344 -0.53592 0.81344 0.00000 0.00000 3.07064 0.73181
target: 0.48084 0.78486
target: 0.48084 0.78486
fb: 0.00000 0.27069 -0.34540 1.00000
fb: 0.00000 0.30135 -0.33008 1.00000
dist/lin/ang/drive_left/drive_right/tv_l/tv_r/av_l/av_r/x/y/theta/t_err: 0.86210 0.52041 5.59161 -0.30135 0.30135 -0.40450 0.85572 -0.40450 0.85572 0.00000 0.00000 5.23282 0.69407
target: 0.52041 0.73144
target: 0.52041 0.73144
fb: 0.00000 0.33382 0.24290 1.00000
fb: 0.00000 0.36510 0.25855 1.00000
dist/lin/ang/drive_left/drive_right/tv_l/tv_r/av_l/av_r/x/y/theta/t_err: 0.86210 0.57303 5.09115 -0.36510 0.36510 -0.28267 0.89233 -0.28267 0.89233 0.00000 0.00000 7.93691 0.64687
target: 0.57303 0.66597
target: 0.57303 0.66597
fb: 0.03883 0.38851 0.48175 1.00000
fb: 0.09311 0.40328 0.46199 1.00000
dist/lin/ang/drive_left/drive_right/tv_l/tv_r/av_l/av_r/x/y/theta/t_err: 0.86147 0.64018 4.52262 -0.31017 0.49640 0.23203 0.90911 0.23203 0.90911 0.03008 0.00549 11.17143 0.59093
target: 0.64018 0.59160
target: 0.64018 0.59160
fb: 0.11650 0.41206 0.70105 1.00000
fb: 0.15137 0.39896 0.67707 0.99853
dist/lin/ang/drive_left/drive_right/tv_l/tv_r/av_l/av_r/x/y/theta/t_err: 0.85949 0.71863 3.96250 -0.24760 0.55033 0.43683 0.90447 0.43683 0.90447 0.11946 0.02610 14.70242 0.53074
target: 0.71863 0.51833
target: 0.71863 0.51833
fb: 0.22882 0.36991 0.82123 1.00000
fb: 0.30251 0.35165 0.77525 0.98255
dist/lin/ang/drive_left/drive_right/tv_l/tv_r/av_l/av_r/x/y/theta/t_err: 0.85547 0.79956 3.50066 -0.04914 0.65417 0.38739 0.66561 0.38739 0.66561 0.29207 0.07766 18.12531 0.47355
target: 0.79956 0.45792
target: 0.79956 0.45792
fb: 0.33539 0.33786 0.84841 1.00000
fb: 0.37423 0.32838 0.82426 1.00000
dist/lin/ang/drive_left/drive_right/tv_l/tv_r/av_l/av_r/x/y/theta/t_err: 0.84943 0.87515 3.15002 0.04585 0.70261 0.47036 0.52139 0.47036 0.52139 0.54071 0.16659 21.16243 0.42395
target: 0.87515 0.41205
target: 0.87515 0.41205
fb: 0.39563 0.31270 0.84144 1.00000
fb: 0.40159 0.30128 0.83274 1.00000
dist/lin/ang/drive_left/drive_right/tv_l/tv_r/av_l/av_r/x/y/theta/t_err: 0.84214 0.94955 2.79576 0.10031 0.70287 0.52394 0.70394 0.52394 0.70394 0.82834 0.28619 23.99079 0.37824
target: 0.94955 0.36571
target: 0.94955 0.36571
fb: 0.42873 0.29424 0.93502 1.00000
fb: 0.45168 0.28769 0.92027 1.00000
dist/lin/ang/drive_left/drive_right/tv_l/tv_r/av_l/av_r/x/y/theta/t_err: 0.83411 1.02234 2.46971 0.16399 0.73937 0.47450 0.81125 0.47450 0.81125 1.13345 0.43060 26.60797 0.33614
target: 1.02234 0.32306
target: 1.02234 0.32306
fb: 0.49449 0.28107 0.98870 1.00000
fb: 0.57613 0.27278 0.94373 1.00000
dist/lin/ang/drive_left/drive_right/tv_l/tv_r/av_l/av_r/x/y/theta/t_err: 0.82471 1.09532 2.14819 0.30335 0.84891 0.50133 0.84717 0.50133 0.84717 1.47751 0.61283 29.10728 0.29621
target: 1.09532 0.28100
target: 1.09532 0.28100
fb: 0.64961 0.26539 1.00000 1.00000
fb: 0.71956 0.25989 0.97936 1.00000
dist/lin/ang/drive_left/drive_right/tv_l/tv_r/av_l/av_r/x/y/theta/t_err: 0.81221 1.16655 1.85951 0.45967 0.97945 0.48492 0.86478 0.48492 0.86478 1.91902 0.87105 31.47522 0.25923
target: 1.16655 0.24324
target: 1.16655 0.24324
fb: 0.74869 0.25543 1.00000 1.00000
fb: 0.78730 0.25557 1.00000 1.00000
dist/lin/ang/drive_left/drive_right/tv_l/tv_r/av_l/av_r/x/y/theta/t_err: 0.79767 1.23740 1.57749 0.53173 1.04287 0.50667 0.88514 0.50667 0.88514 2.41563 1.18865 33.73850 0.22418
target: 1.23740 0.20635
target: 1.23740 0.20635
fb: 0.82812 0.25244 1.00000 1.00000
fb: 0.79127 0.25125 1.00000 1.00000
dist/lin/ang/drive_left/drive_right/tv_l/tv_r/av_l/av_r/x/y/theta/t_err: 0.78147 1.31042 1.28683 0.54002 1.04252 0.66200 0.86769 0.66200 0.86769 2.95077 1.56117 35.96052 0.18971
target: 1.31042 0.16833
target: 1.31042 0.16833
fb: 0.84555 0.24735 1.00000 1.00000
fb: 0.85901 0.23780 1.00000 1.00000
dist/lin/ang/drive_left/drive_right/tv_l/tv_r/av_l/av_r/x/y/theta/t_err: 0.76480 1.38676 0.99130 0.62121 1.09682 0.80850 0.85794 0.80850 0.85794 3.48171 1.96284 38.14659 0.15529
target: 1.38676 0.12967
target: 1.38676 0.12967
fb: 0.94441 0.22296 1.00000 1.00000
fb: 1.04150 0.20715 1.00000 1.00000
dist/lin/ang/drive_left/drive_right/tv_l/tv_r/av_l/av_r/x/y/theta/t_err: 0.74610 1.46143 0.73658 0.83435 1.24865 0.84747 0.86581 0.84747 0.86581 4.05746 2.43344 40.18794 0.12309
target: 1.46143 0.09635
target: 1.46143 0.09635
fb: 0.99296 0.19481 1.00000 1.00000
fb: 1.05893 0.18701 1.00000 1.00000
dist/lin/ang/drive_left/drive_right/tv_l/tv_r/av_l/av_r/x/y/theta/t_err: 0.72635 1.52965 0.53279 0.87192 1.24594 0.86647 0.87197 0.86647 0.87197 4.64663 2.94738 41.97520 0.09482
target: 1.52965 0.06969
target: 1.52965 0.06969
fb: 1.04525 0.18067 1.00000 1.00000
fb: 1.11322 0.16959 1.00000 1.00000
dist/lin/ang/drive_left/drive_right/tv_l/tv_r/av_l/av_r/x/y/theta/t_err: 0.70552 1.59473 0.33157 0.94363 1.28281 0.87297 0.87453 0.87297 0.87453 5.25083 3.50621 43.60321 0.06881
target: 1.59473 0.04337
target: 1.59473 0.04337
fb: 1.24120 0.15858 1.00000 1.00000
fb: 1.25290 0.15489 1.00000 1.00000
dist/lin/ang/drive_left/drive_right/tv_l/tv_r/av_l/av_r/x/y/theta/t_err: 0.68074 1.65542 0.15500 1.09801 1.40779 0.88703 0.88394 0.88703 0.88394 5.94979 4.18927 45.06533 0.04533
target: 1.65542 0.02028
target: 1.65542 0.02028
fb: 1.19266 0.15008 1.00000 1.00000
fb: 1.20038 0.14402 1.00000 1.00000
dist/lin/ang/drive_left/drive_right/tv_l/tv_r/av_l/av_r/x/y/theta/t_err: 0.65690 1.71449 -0.02272 1.05636 1.34440 0.89608 0.89303 0.89608 0.89303 6.60546 4.86157 46.40670 0.02315
target: 1.71449 -0.00297
target: 1.71449 -0.00297
fb: 1.33631 0.13761 1.00000 1.00000
fb: 1.31292 0.13420 1.00000 1.00000
dist/lin/ang/drive_left/drive_right/tv_l/tv_r/av_l/av_r/x/y/theta/t_err: 0.63017 1.77289 -0.19731 1.17872 1.44711 0.89831 0.89678 0.89831 0.89678 7.32242 5.63169 47.65678 0.00184
target: 1.77289 -0.02581
target: 1.77289 -0.02581
fb: 1.33234 0.12953 1.00000 1.00000
fb: 1.40802 0.12360 1.00000 1.00000
dist/lin/ang/drive_left/drive_right/tv_l/tv_r/av_l/av_r/x/y/theta/t_err: 0.60353 1.72627 -0.36807 1.28442 1.53163 0.90208 0.89983 0.90208 0.89983 8.02083 6.41448 48.81724 -0.01880
target: 1.72627 -0.04815
target: 1.72627 -0.04815
fb: 1.43913 0.12221 0.85826 0.59898
fb: 1.49518 0.11608 0.83023 0.57096
dist/lin/ang/drive_left/drive_right/tv_l/tv_r/av_l/av_r/x/y/theta/t_err: 0.57476 1.67128 -0.54315 1.37910 1.61126 0.81961 0.87250 0.81961 0.87250 8.75866 7.27452 49.91048 -0.03931
target: 1.67128 -0.07105
target: 1.67128 -0.07105
fb: 1.46407 0.10667 0.78010 0.48500
fb: 1.45657 0.09908 0.78385 0.48875
dist/lin/ang/drive_left/drive_right/tv_l/tv_r/av_l/av_r/x/y/theta/t_err: 0.54551 1.61960 -0.70609 1.35749 1.55565 0.77481 0.63036 0.77481 0.63036 9.49340 8.16284 50.89674 -0.05910
target: 1.61960 -0.09236
target: 1.61960 -0.09236
fb: 1.53226 0.09037 0.71936 0.40995
fb: 1.47599 0.08103 0.74750 0.43809
dist/lin/ang/drive_left/drive_right/tv_l/tv_r/av_l/av_r/x/y/theta/t_err: 0.51494 1.57158 -0.85911 1.39495 1.55702 0.74792 0.52786 0.74792 0.52786 10.24714 9.10491 51.75006 -0.07796
target: 1.57158 -0.11238
target: 1.57158 -0.11238
fb: 1.39236 0.07093 0.76771 0.44312
fb: 1.51659 0.05985 0.70560 0.38101
dist/lin/ang/drive_left/drive_right/tv_l/tv_r/av_l/av_r/x/y/theta/t_err: 0.48720 1.52995 -0.98183 1.45674 1.57644 0.73319 0.45961 0.73319 0.45961 10.92054 9.97006 52.43398 -0.09470
target: 1.52995 -0.12843
target: 1.52995 -0.12843
fb: 1.56712 0.04369 0.66092 0.35046
fb: 1.52233 0.02453 0.68332 0.37286
dist/lin/ang/drive_left/drive_right/tv_l/tv_r/av_l/av_r/x/y/theta/t_err: 0.45602 1.49286 -1.09779 1.49780 1.54685 0.70653 0.47636 0.70653 0.47636 11.66852 10.95147 52.91715 -0.10994
target: 1.49286 -0.14360
target: 1.49286 -0.14360
fb: 1.48371 0.01052 0.69317 0.37031
fb: 1.47003 -0.00244 0.70001 0.37715
dist/lin/ang/drive_left/drive_right/tv_l/tv_r/av_l/av_r/x/y/theta/t_err: 0.42654 1.43687 -1.14796 1.47247 1.46759 0.67519 0.44333 0.67519 0.44333 12.37126 11.88476 53.09644 -0.12082
target: 1.43687 -0.15016
target: 1.43687 -0.15016
fb: 1.51262 -0.02076 0.51781 0.26355
fb: 1.42745 -0.04320 0.56039 0.30614
dist/lin/ang/drive_left/drive_right/tv_l/tv_r/av_l/av_r/x/y/theta/t_err: 0.39653 1.36757 -1.18758 1.47064 1.38425 0.65758 0.45514 0.65758 0.45514 13.08670 12.83698 53.02818 -0.12881
target: 1.36757 -0.15535
target: 1.36757 -0.15535
fb: 1.41575 -0.05999 0.44712 0.19830
fb: 1.39435 -0.07330 0.45783 0.20900
dist/lin/ang/drive_left/drive_right/tv_l/tv_r/av_l/av_r/x/y/theta/t_err: 0.36845 1.31323 -1.15157 1.46764 1.32105 0.54825 0.39939 0.54825 0.39939 13.76014 13.72534 52.61231 -0.13116
target: 1.31323 -0.15064
target: 1.31323 -0.15064
fb: 1.38464 -0.08521 0.42535 0.27184
fb: 1.31292 -0.09650 0.46121 0.30769
dist/lin/ang/drive_left/drive_right/tv_l/tv_r/av_l/av_r/x/y/theta/t_err: 0.34099 1.26688 -1.09607 1.40942 1.21642 0.46592 0.32219 0.46592 0.32219 14.42723 14.58769 51.93247 -0.12945
target: 1.26688 -0.14338
target: 1.26688 -0.14338
fb: 1.32859 -0.11315 0.42676 0.30588
fb: 1.38860 -0.13036 0.39675 0.27587
dist/lin/ang/drive_left/drive_right/tv_l/tv_r/av_l/av_r/x/y/theta/t_err: 0.31463 1.22753 -1.01386 1.51897 1.25824 0.44728 0.34222 0.44728 0.34222 15.07881 15.40611 51.04003 -0.12410
target: 1.22753 -0.13262
target: 1.22753 -0.13262
fb: 1.28004 -0.13698 0.42025 0.34519
fb: 1.18494 -0.13461 0.46780 0.39274
dist/lin/ang/drive_left/drive_right/tv_l/tv_r/av_l/av_r/x/y/theta/t_err: 0.28922 1.19641 -0.87838 1.31955 1.05032 0.46575 0.32683 0.46575 0.32683 15.72031 16.18350 49.88034 -0.11395
target: 1.19641 -0.11490
target: 1.19641 -0.11490
fb: 1.20634 -0.13524 0.41846 0.42983
fb: 1.21803 -0.13928 0.41261 0.42399
dist/lin/ang/drive_left/drive_right/tv_l/tv_r/av_l/av_r/x/y/theta/t_err: 0.26523 1.16701 -0.76769 1.35732 1.07875 0.46764 0.33297 0.46764 0.33297 16.34026 16.90315 48.69036 -0.10254
target: 1.16701 -0.10042
target: 1.16701 -0.10042
fb: 1.15956 -0.14005 0.42687 0.42844
fb: 1.17920 -0.14221 0.41705 0.41862
dist/lin/ang/drive_left/drive_right/tv_l/tv_r/av_l/av_r/x/y/theta/t_err: 0.24214 1.13789 -0.64749 1.32141 1.03699 0.44128 0.35864 0.44128 0.35864 16.95038 17.58239 47.46621 -0.08994
target: 1.13789 -0.08470
target: 1.13789 -0.08470
fb: 1.05519 -0.13956 0.43749 0.47130
fb: 1.10153 -0.13503 0.41432 0.44813
dist/lin/ang/drive_left/drive_right/tv_l/tv_r/av_l/av_r/x/y/theta/t_err: 0.22111 1.11202 -0.51307 1.23656 0.96649 0.43564 0.41406 0.43564 0.41406 17.51834 18.18879 46.22913 -0.07594
target: 1.11202 -0.06711
target: 1.11202 -0.06711
fb: 1.19840 -0.13050 0.33516 0.40926
fb: 1.08807 -0.12576 0.39032 0.46443
dist/lin/ang/drive_left/drive_right/tv_l/tv_r/av_l/av_r/x/y/theta/t_err: 0.19720 1.07134 -0.42056 1.21383 0.96230 0.41750 0.43958 0.41750 0.43958 18.17799 18.86352 45.05509 -0.06344
target: 1.07134 -0.05501
target: 1.07134 -0.05501
fb: 1.05695 -0.12019 0.32617 0.36710
fb: 1.07240 -0.11239 0.31844 0.35938
dist/lin/ang/drive_left/drive_right/tv_l/tv_r/av_l/av_r/x/y/theta/t_err: 0.17610 1.11912 -0.31145 1.18479 0.96001 0.38878 0.43856 0.38878 0.43856 18.77163 19.44680 43.96497 -0.05085
target: 1.11912 -0.04074
target: 1.11912 -0.04074
fb: 0.97355 -0.10451 0.74586 0.82550
fb: 0.98127 -0.09378 0.74199 0.82164
dist/lin/ang/drive_left/drive_right/tv_l/tv_r/av_l/av_r/x/y/theta/t_err: 0.15653 1.05510 -0.12180 1.07505 0.88749 0.37031 0.37217 0.37031 0.37217 19.32776 19.97438 42.99302 -0.03389
target: 1.05510 -0.01593
target: 1.05510 -0.01593
fb: 0.95435 -0.08333 0.18593 0.39360
fb: 0.95236 -0.07413 0.18693 0.39460
dist/lin/ang/drive_left/drive_right/tv_l/tv_r/av_l/av_r/x/y/theta/t_err: 0.13751 0.98894 -0.03160 1.02650 0.87823 0.53967 0.69967 0.53967 0.69967 19.88086 20.48307 42.19263 -0.01992
target: 0.98894 -0.00413
target: 0.98894 -0.00413
fb: 1.06468 -0.05713 0.11256 0.21889
fb: 1.01238 -0.04257 0.13871 0.24503
dist/lin/ang/drive_left/drive_right/tv_l/tv_r/av_l/av_r/x/y/theta/t_err: 0.11626 0.90929 0.02410 1.05496 0.96981 0.29789 0.42689 0.29789 0.42689 20.50507 21.04266 41.59071 -0.00941
target: 0.90929 0.00315
target: 0.90929 0.00315
fb: 1.01040 -0.03679 -0.08941 0.10406
fb: 0.99473 -0.02759 -0.08157 0.11190
dist/lin/ang/drive_left/drive_right/tv_l/tv_r/av_l/av_r/x/y/theta/t_err: 0.09606 0.82656 0.03728 1.02232 0.96714 0.12422 0.25428 0.12422 0.25428 21.10189 21.56875 41.22650 -0.00306
target: 0.82656 0.00488
target: 0.82656 0.00488
fb: 1.00841 -0.01331 -0.15225 -0.13443
fb: 1.00268 -0.00732 -0.14938 -0.13156
dist/lin/ang/drive_left/drive_right/tv_l/tv_r/av_l/av_r/x/y/theta/t_err: 0.07590 0.73472 0.04145 1.00999 0.99536 -0.05408 0.13003 -0.05408 0.13003 21.70020 22.09076 41.01785 0.00059
target: 0.73472 0.00542
target: 0.73472 0.00542
fb: 0.84182 -0.00195 -0.18410 -0.17623
fb: 0.79526 0.00237 -0.16082 -0.15295
dist/lin/ang/drive_left/drive_right/tv_l/tv_r/av_l/av_r/x/y/theta/t_err: 0.05907 0.64814 0.02311 0.79289 0.79763 -0.13072 -0.08725 -0.13072 -0.08725 22.20057 22.52550 40.96217 0.00156
target: 0.64814 0.00302
target: 0.64814 0.00302
fb: 0.70589 0.00125 -0.15911 -0.18103
fb: 0.64587 -0.00390 -0.12910 -0.15102
dist/lin/ang/drive_left/drive_right/tv_l/tv_r/av_l/av_r/x/y/theta/t_err: 0.04495 0.56540 0.00995 0.64977 0.64197 -0.15006 -0.14100 -0.15006 -0.14100 22.62027 22.88991 40.97277 0.00137
target: 0.56540 0.00130
target: 0.56540 0.00130
fb: 0.59931 -0.00530 -0.16773 -0.18592
fb: 0.46537 -0.00223 -0.10076 -0.11895
dist/lin/ang/drive_left/drive_right/tv_l/tv_r/av_l/av_r/x/y/theta/t_err: 0.03296 0.48418 0.02183 0.46760 0.46314 -0.12561 -0.15006 -0.12561 -0.15006 22.97662 23.19926 40.94190 0.00191
target: 0.48418 0.00285
target: 0.48418 0.00285
fb: 0.39366 0.00314 0.09210 0.11480
fb: 0.34335 0.00585 0.11726 0.13996
dist/lin/ang/drive_left/drive_right/tv_l/tv_r/av_l/av_r/x/y/theta/t_err: 0.02509 0.42242 0.01943 0.33749 0.34920 -0.08436 -0.09275 -0.08436 -0.09275 23.21080 23.40234 40.93266 0.00207
target: 0.42242 0.00254
target: 0.42242 0.00254
fb: 0.29083 0.00474 0.13730 0.14279
fb: 0.23257 0.00000 0.16643 0.17191
dist/lin/ang/drive_left/drive_right/tv_l/tv_r/av_l/av_r/x/y/theta/t_err: 0.01927 0.37022 0.00502 0.23257 0.23257 0.10661 0.11206 0.10661 0.11206 23.38376 23.55242 40.97211 0.00138
target: 0.37022 0.00066
target: 0.37022 0.00066
fb: 0.22110 -0.00425 0.15422 0.14301
fb: 0.21735 -0.00474 0.15609 0.14489
dist/lin/ang/drive_left/drive_right/tv_l/tv_r/av_l/av_r/x/y/theta/t_err: 0.01485 0.32499 0.01629 0.22209 0.21261 0.14889 0.15572 0.14889 0.15572 23.51521 23.66657 40.95858 0.00162
target: 0.32499 0.00213
target: 0.32499 0.00213
fb: 0.22507 -0.00341 0.11069 0.13172
fb: 0.26766 -0.00070 0.08940 0.11043
dist/lin/ang/drive_left/drive_right/tv_l/tv_r/av_l/av_r/x/y/theta/t_err: 0.01035 0.27131 0.02571 0.26836 0.26696 0.14836 0.14922 0.14836 0.14922 23.64908 23.78270 40.92229 0.00225
target: 0.27131 0.00336
target: 0.27131 0.00336
fb: 0.29281 0.00195 -0.06453 -0.05383
fb: 0.30628 0.00348 -0.07126 -0.06056
dist/lin/ang/drive_left/drive_right/tv_l/tv_r/av_l/av_r/x/y/theta/t_err: 0.00449 0.00112 0.01813 0.30279 0.30976 0.04944 0.11039 0.04944 0.11039 23.82330 23.93372 40.92614 0.00219
target: 0.00112 0.00237
target: 0.00112 0.00237
fb: 0.32768 0.00369 -0.73939 -0.75003
fb: 0.33739 0.01254 -0.74425 -0.75489
dist/lin/ang/drive_left/drive_right/tv_l/tv_r/av_l/av_r/x/y/theta/t_err: -0.00206 -0.00052 0.00708 0.32485 0.34993 -0.16136 -0.03747 -0.16136 -0.03747 24.01819 24.10280 40.96225 0.00156
target: -0.00052 0.00093
target: -0.00052 0.00093
fb: 0.28708 0.02104 -0.18040 -0.19707
fb: 0.17278 0.01338 0.04144 -0.05327
dist/lin/ang/drive_left/drive_right/tv_l/tv_r/av_l/av_r/x/y/theta/t_err: -0.00781 -0.23562 -0.02629 0.15940 0.18615 -0.21903 -0.46611 -0.21903 -0.46611 24.18877 24.25112 41.08445 -0.00058
target: -0.23562 -0.00344
target: -0.23562 -0.00344
fb: 0.05825 -0.00355 -0.72139 -0.77018
fb: 0.00000 -0.01498 -0.69226 -0.74105
final error: 0.35916, x: -0.22332, y: -0.28129
final local error: 0.35916, forwards: -0.35327, sideways: -0.06481
position: 24.22332 24.28129 41.15729
took 1.16000 time to finish turn
dist/lin/ang/drive_left/drive_right/tv_l/tv_r/av_l/av_r/x/y/theta/t_err: -0.86158 -0.09144 0.62564 0.00000 0.00000 0.00000 0.00000 0.00000 0.00000 23.93582 24.03470 220.94990 0.07275
target: -0.09144 0.08184
target: -0.09144 0.08184
fb: 0.00000 0.00000 -0.67885 0.25032
fb: 0.00000 0.00000 -0.67885 0.25032
dist/lin/ang/drive_left/drive_right/tv_l/tv_r/av_l/av_r/x/y/theta/t_err: -0.86158 -0.18288 0.62565 0.00000 0.00000 -0.03817 0.02772 -0.03817 0.02772 23.93582 24.03470 220.94987 0.07275
target: -0.18288 0.08184
target: -0.18288 0.08184
fb: 0.00000 0.00000 -0.43585 -0.33106
fb: 0.00000 0.00383 -0.43585 -0.33106
dist/lin/ang/drive_left/drive_right/tv_l/tv_r/av_l/av_r/x/y/theta/t_err: -0.86158 -0.27432 0.62270 -0.00383 0.00383 -0.45686 0.17436 -0.45686 0.17436 23.93582 24.03470 220.95895 0.07259
target: -0.27432 0.08146
target: -0.27432 0.08146
fb: 0.00000 0.02662 -0.51340 -0.41262
fb: 0.00000 0.04996 -0.51340 -0.41262
dist/lin/ang/drive_left/drive_right/tv_l/tv_r/av_l/av_r/x/y/theta/t_err: -0.86158 -0.36576 0.53194 -0.04996 0.04996 -0.42778 -0.20311 -0.42778 -0.20311 23.93582 24.03470 221.24339 0.06763
target: -0.36576 0.06958
target: -0.36576 0.06958
fb: 0.00000 0.06988 -0.53331 -0.55181
fb: 0.00000 0.07866 -0.53331 -0.55181
dist/lin/ang/drive_left/drive_right/tv_l/tv_r/av_l/av_r/x/y/theta/t_err: -0.86158 -0.45720 0.37988 -0.07866 0.07866 -0.47500 -0.36444 -0.47500 -0.36444 23.93582 24.03470 221.86475 0.05678
target: -0.45720 0.04969
target: -0.45720 0.04969
fb: 0.00000 0.07699 -0.56345 -0.68078
fb: -0.10084 0.07434 -0.51303 -0.63036
dist/lin/ang/drive_left/drive_right/tv_l/tv_r/av_l/av_r/x/y/theta/t_err: -0.85956 -0.54864 0.27566 -0.17519 -0.02650 -0.49467 -0.45086 -0.49467 -0.45086 23.87715 23.98120 222.52630 0.04535
target: -0.54864 0.03606
target: -0.54864 0.03606
fb: -0.26170 0.07030 -0.75652 -0.83622
fb: -0.31797 0.06724 -0.72839 -0.80809
dist/lin/ang/drive_left/drive_right/tv_l/tv_r/av_l/av_r/x/y/theta/t_err: -0.85321 -0.64008 0.19900 -0.38521 -0.25073 -0.49042 -0.39458 -0.49042 -0.39458 23.69354 23.81099 223.13174 0.03508
target: -0.64008 0.02603
target: -0.64008 0.02603
fb: -0.30650 0.06710 -0.82692 -0.88770
fb: -0.33165 0.06417 -0.81434 -0.87512
dist/lin/ang/drive_left/drive_right/tv_l/tv_r/av_l/av_r/x/y/theta/t_err: -0.84658 -0.73152 0.11961 -0.39582 -0.26748 -0.50339 -0.35864 -0.50339 -0.35864 23.50391 23.63144 223.70597 0.02529
target: -0.73152 0.01565
target: -0.73152 0.01565
fb: -0.39189 0.06689 -0.85896 -0.93693
fb: -0.40336 0.07497 -0.85322 -0.93119
dist/lin/ang/drive_left/drive_right/tv_l/tv_r/av_l/av_r/x/y/theta/t_err: -0.83851 -0.82296 0.02314 -0.47834 -0.32839 -0.42214 -0.45294 -0.42214 -0.45294 23.27543 23.41083 224.31583 0.01484
target: -0.82296 0.00303
target: -0.82296 0.00303
fb: -0.41307 0.07574 -0.91315 -1.00000
fb: -0.42874 0.07678 -0.90532 -1.00000
dist/lin/ang/drive_left/drive_right/tv_l/tv_r/av_l/av_r/x/y/theta/t_err: -0.82994 -0.91440 -0.08486 -0.50552 -0.35196 -0.56944 -0.47806 -0.56944 -0.47806 23.03522 23.17362 224.97583 0.00342
target: -0.91440 -0.01110
target: -0.91440 -0.01110
fb: -0.46934 0.07832 -0.95206 -1.00000
fb: -0.54304 0.07323 -0.91521 -1.00000
dist/lin/ang/drive_left/drive_right/tv_l/tv_r/av_l/av_r/x/y/theta/t_err: -0.81908 -1.00584 -0.18692 -0.61627 -0.46981 -0.41989 -0.62761 -0.41989 -0.62761 22.73455 22.86959 225.64019 -0.00821
target: -1.00584 -0.02445
target: -1.00584 -0.02445
fb: -0.56820 0.05741 -0.98048 -1.00000
fb: -0.53907 0.04919 -0.99505 -1.00000
dist/lin/ang/drive_left/drive_right/tv_l/tv_r/av_l/av_r/x/y/theta/t_err: -0.80830 -1.09728 -0.23324 -0.58826 -0.48988 -0.48919 -0.74208 -0.48919 -0.74208 22.43912 22.56482 226.13147 -0.01695
target: -1.09728 -0.03051
target: -1.09728 -0.03051
fb: -0.54304 0.04417 -1.00000 -1.00000
fb: -0.64190 0.03567 -1.00000 -1.00000
dist/lin/ang/drive_left/drive_right/tv_l/tv_r/av_l/av_r/x/y/theta/t_err: -0.79546 -1.18872 -0.26763 -0.67757 -0.60622 -0.54275 -0.84478 -0.54275 -0.84478 22.09009 22.19925 226.48793 -0.02350
target: -1.18872 -0.03501
target: -1.18872 -0.03501
fb: -0.71361 0.02383 -1.00000 -1.00000
fb: -0.73127 0.01428 -1.00000 -1.00000
dist/lin/ang/drive_left/drive_right/tv_l/tv_r/av_l/av_r/x/y/theta/t_err: -0.78084 -1.28016 -0.27301 -0.74555 -0.71698 -0.73100 -0.85042 -0.73100 -0.85042 21.69443 21.78093 226.67901 -0.02731
target: -1.28016 -0.03571
target: -1.28016 -0.03571
fb: -0.79702 0.01157 -1.00000 -1.00000
fb: -0.85130 0.00815 -1.00000 -1.00000
dist/lin/ang/drive_left/drive_right/tv_l/tv_r/av_l/av_r/x/y/theta/t_err: -0.76382 -1.37160 -0.27497 -0.85946 -0.84315 -0.84389 -0.85917 -0.84389 -0.85917 21.23492 21.29289 226.76650 -0.02947
target: -1.37160 -0.03597
target: -1.37160 -0.03597
fb: -0.84557 0.00920 -1.00000 -1.00000
fb: -0.88242 0.01191 -1.00000 -1.00000
dist/lin/ang/drive_left/drive_right/tv_l/tv_r/av_l/av_r/x/y/theta/t_err: -0.74618 -1.46304 -0.29524 -0.89433 -0.87050 -0.86975 -0.87194 -0.86975 -0.87194 20.75938 20.78630 226.85435 -0.03172
target: -1.46304 -0.03862
target: -1.46304 -0.03862
fb: -0.92522 0.01087 -1.00000 -1.00000
fb: -0.99495 0.01087 -1.00000 -1.00000
dist/lin/ang/drive_left/drive_right/tv_l/tv_r/av_l/av_r/x/y/theta/t_err: -0.72629 -1.55448 -0.31937 -1.00582 -0.98408 -0.86103 -0.85981 -0.86103 -0.85981 20.22410 20.21426 226.94688 -0.03422
target: -1.55448 -0.04178
target: -1.55448 -0.04178
fb: -0.96781 0.01184 -1.00000 -1.00000
fb: -1.03180 0.00725 -1.00000 -1.00000
dist/lin/ang/drive_left/drive_right/tv_l/tv_r/av_l/av_r/x/y/theta/t_err: -0.70567 -1.64592 -0.34116 -1.03905 -1.02456 -0.86942 -0.86683 -0.86942 -0.86683 19.66996 19.62012 227.03244 -0.03674
target: -1.64592 -0.04463
target: -1.64592 -0.04463
fb: -1.17126 0.00537 -1.00000 -1.00000
fb: -1.19068 0.00230 -1.00000 -1.00000
dist/lin/ang/drive_left/drive_right/tv_l/tv_r/av_l/av_r/x/y/theta/t_err: -0.68187 -1.67268 -0.35387 -1.19298 -1.18838 -0.87675 -0.87092 -0.87675 -0.87092 19.03124 18.93382 227.07483 -0.03878
target: -1.67268 -0.04629
target: -1.67268 -0.04629
fb: -1.13838 0.00244 -1.00000 -1.00000
fb: -1.10550 0.00759 -1.00000 -1.00000
dist/lin/ang/drive_left/drive_right/tv_l/tv_r/av_l/av_r/x/y/theta/t_err: -0.65978 -1.66749 -0.37001 -1.11310 -1.09791 -0.87078 -0.86872 -0.87078 -0.86872 18.43859 18.29625 227.11233 -0.04074
target: -1.66749 -0.04840
target: -1.66749 -0.04840
fb: -1.26063 0.01212 -0.88499 -0.97507
fb: -1.32462 0.01087 -0.85300 -0.94308
dist/lin/ang/drive_left/drive_right/tv_l/tv_r/av_l/av_r/x/y/theta/t_err: -0.63331 -1.65870 -0.41241 -1.33549 -1.31375 -0.87694 -0.83914 -0.87694 -0.83914 17.72935 17.53150 227.20391 -0.04408
target: -1.65870 -0.05395
target: -1.65870 -0.05395
fb: -1.34404 0.00787 -0.80173 -0.93015
fb: -1.30719 0.00251 -0.82016 -0.94857
dist/lin/ang/drive_left/drive_right/tv_l/tv_r/av_l/av_r/x/y/theta/t_err: -0.60720 -1.65114 -0.43268 -1.30969 -1.30468 -0.72258 -0.75697 -0.72258 -0.75697 17.03048 16.77585 227.25903 -0.04696
target: -1.65114 -0.05660
target: -1.65114 -0.05660
fb: -1.27607 0.00000 -0.84496 -0.95087
fb: -1.26063 0.00439 -0.85268 -0.95860
dist/lin/ang/drive_left/drive_right/tv_l/tv_r/av_l/av_r/x/y/theta/t_err: -0.58201 -1.64531 -0.44529 -1.26502 -1.25624 -0.76469 -0.74208 -0.76469 -0.74208 16.35686 16.04679 227.26998 -0.04919
target: -1.64531 -0.05825
target: -1.64531 -0.05825
fb: -1.35176 0.00634 -0.81216 -0.91127
fb: -1.46407 0.00815 -0.75600 -0.85511
dist/lin/ang/drive_left/drive_right/tv_l/tv_r/av_l/av_r/x/y/theta/t_err: -0.55277 -1.63602 -0.48932 -1.47223 -1.45592 -0.73186 -0.72736 -0.73186 -0.72736 15.57496 15.19967 227.32381 -0.05275
target: -1.63602 -0.06401
target: -1.63602 -0.06401
fb: -1.38861 0.00516 -0.74907 -0.89288
fb: -1.48945 0.00202 -0.69865 -0.84246
dist/lin/ang/drive_left/drive_right/tv_l/tv_r/av_l/av_r/x/y/theta/t_err: -0.52302 -1.62696 -0.51871 -1.49147 -1.48743 -0.73647 -0.79033 -0.73647 -0.79033 14.78025 14.33718 227.35104 -0.05625
target: -1.62696 -0.06785
target: -1.62696 -0.06785
fb: -1.55344 -0.00334 -0.66533 -0.79703
fb: -1.46628 -0.00223 -0.70891 -0.84061
dist/lin/ang/drive_left/drive_right/tv_l/tv_r/av_l/av_r/x/y/theta/t_err: -0.49375 -1.61893 -0.54156 -1.46405 -1.46851 -0.68992 -0.77186 -0.68992 -0.77186 13.99796 13.48806 227.33817 -0.05936
target: -1.61893 -0.07084
target: -1.61893 -0.07084
fb: -1.48945 -0.00209 -0.69601 -0.82403
fb: -1.47003 -0.00404 -0.70572 -0.83374
dist/lin/ang/drive_left/drive_right/tv_l/tv_r/av_l/av_r/x/y/theta/t_err: -0.46440 -1.61021 -0.57359 -1.46599 -1.47407 -0.68186 -0.78008 -0.68186 -0.78008 13.21344 12.63697 227.31784 -0.06275
target: -1.61021 -0.07503
target: -1.61021 -0.07503
fb: -1.45260 -0.00968 -0.69550 -0.83992
fb: -1.39258 -0.01693 -0.72551 -0.86993
dist/lin/ang/drive_left/drive_right/tv_l/tv_r/av_l/av_r/x/y/theta/t_err: -0.43661 -1.59039 -0.57967 -1.37565 -1.40951 -0.68372 -0.79481 -0.68372 -0.79481 12.46948 11.83144 227.21464 -0.06490
target: -1.59039 -0.07583
target: -1.59039 -0.07583
fb: -1.48945 -0.02209 -0.62936 -0.74430
fb: -1.62317 -0.02487 -0.56250 -0.67744
dist/lin/ang/drive_left/drive_right/tv_l/tv_r/av_l/av_r/x/y/theta/t_err: -0.40421 -1.52593 -0.59117 -1.59830 -1.64804 -0.69486 -0.75236 -0.69486 -0.75236 11.59988 10.89480 227.02500 -0.06668
target: -1.52593 -0.07733
target: -1.52593 -0.07733
fb: -1.47202 -0.02676 -0.39662 -0.51989
fb: -1.50688 -0.02829 -0.37918 -0.50246
dist/lin/ang/drive_left/drive_right/tv_l/tv_r/av_l/av_r/x/y/theta/t_err: -0.37414 -1.46544 -0.59432 -1.47859 -1.53517 -0.59186 -0.68683 -0.59186 -0.68683 10.78924 10.02837 226.79148 -0.06780
target: -1.46544 -0.07774
target: -1.46544 -0.07774
fb: -1.60772 -0.03031 -0.29422 -0.40816
fb: -1.52431 -0.02912 -0.33593 -0.44986
dist/lin/ang/drive_left/drive_right/tv_l/tv_r/av_l/av_r/x/y/theta/t_err: -0.34373 -1.40173 -0.60705 -1.49519 -1.55344 -0.47603 -0.54411 -0.47603 -0.54411 9.96557 9.15536 226.53217 -0.06909
target: -1.40173 -0.07941
target: -1.40173 -0.07941
fb: -1.48371 -0.02808 -0.27850 -0.40592
fb: -1.38684 -0.02599 -0.32694 -0.45435
dist/lin/ang/drive_left/drive_right/tv_l/tv_r/av_l/av_r/x/y/theta/t_err: -0.31606 -1.34011 -0.62907 -1.36085 -1.41283 -0.36328 -0.46578 -0.36328 -0.46578 9.21277 8.36430 226.30246 -0.07097
target: -1.34011 -0.08229
target: -1.34011 -0.08229
fb: -1.44863 -0.02794 -0.24088 -0.38303
fb: -1.47974 -0.03094 -0.22533 -0.36748
dist/lin/ang/drive_left/drive_right/tv_l/tv_r/av_l/av_r/x/y/theta/t_err: -0.28654 -1.27011 -0.66422 -1.44881 -1.51068 -0.34850 -0.45206 -0.34850 -0.45206 8.40619 7.52347 226.06038 -0.07386
target: -1.27011 -0.08689
target: -1.27011 -0.08689
fb: -1.33631 -0.02989 -0.18893 -0.35264
fb: -1.39037 -0.03045 -0.16190 -0.32561
dist/lin/ang/drive_left/drive_right/tv_l/tv_r/av_l/av_r/x/y/theta/t_err: -0.25882 -1.20090 -0.69509 -1.35993 -1.42082 -0.30097 -0.44694 -0.30097 -0.44694 7.64474 6.73687 225.80437 -0.07708
target: -1.20090 -0.09092
target: -1.20090 -0.09092
fb: -1.40604 -0.03916 -0.09401 -0.25804
fb: -1.23944 -0.05128 -0.17730 -0.34134
dist/lin/ang/drive_left/drive_right/tv_l/tv_r/av_l/av_r/x/y/theta/t_err: -0.23410 -1.13965 -0.68812 -1.18816 -1.29072 -0.26592 -0.39525 -0.26592 -0.39525 6.96242 6.03908 225.43196 -0.07844
target: -1.13965 -0.09001
target: -1.13965 -0.09001
fb: -1.22951 -0.05957 -0.18122 -0.29943
fb: -1.30123 -0.06027 -0.14536 -0.26358
dist/lin/ang/drive_left/drive_right/tv_l/tv_r/av_l/av_r/x/y/theta/t_err: -0.20816 -1.07425 -0.67881 -1.24096 -1.36150 -0.21781 -0.36700 -0.21781 -0.36700 6.24023 5.31230 224.91497 -0.07867
target: -1.07425 -0.08880
target: -1.07425 -0.08880
fb: -1.14235 -0.05686 -0.15082 -0.26460
fb: -1.12095 -0.05818 -0.16152 -0.27530
dist/lin/ang/drive_left/drive_right/tv_l/tv_r/av_l/av_r/x/y/theta/t_err: -0.18581 -1.01462 -0.68025 -1.06277 -1.17913 -0.19061 -0.33397 -0.19061 -0.33397 5.61238 4.69194 224.41429 -0.07887
target: -1.01462 -0.08898
target: -1.01462 -0.08898
fb: -1.08410 -0.06006 -0.14223 -0.26886
fb: -1.01238 -0.06215 -0.17809 -0.30472
dist/lin/ang/drive_left/drive_right/tv_l/tv_r/av_l/av_r/x/y/theta/t_err: -0.16562 -1.08532 -0.67749 -0.95023 -1.07454 -0.18872 -0.30561 -0.18872 -0.30561 5.04043 4.13668 223.89207 -0.07883
target: -1.08532 -0.08862
target: -1.08532 -0.08862
fb: -0.96207 -0.06354 -0.79167 -0.91293
fb: -0.88639 -0.06445 -0.82951 -0.95078
dist/lin/ang/drive_left/drive_right/tv_l/tv_r/av_l/av_r/x/y/theta/t_err: -0.14750 -1.02421 -0.49814 -0.82194 -0.95084 -0.22192 -0.32428 -0.22192 -0.32428 4.53511 3.65524 223.33835 -0.06916
target: -1.02421 -0.06516
target: -1.02421 -0.06516
fb: -0.89389 -0.06431 -0.36258 -0.24447
fb: -0.86300 -0.06243 -0.37802 -0.25991
dist/lin/ang/drive_left/drive_right/tv_l/tv_r/av_l/av_r/x/y/theta/t_err: -0.13034 -0.96281 -0.41564 -0.80057 -0.92543 -0.56053 -0.63394 -0.56053 -0.63394 4.03867 3.19124 222.78650 -0.05953
target: -0.96281 -0.05437
target: -0.96281 -0.05437
fb: -0.81842 -0.06201 -0.29340 -0.27478
fb: -0.89786 -0.06222 -0.25368 -0.23506
dist/lin/ang/drive_left/drive_right/tv_l/tv_r/av_l/av_r/x/y/theta/t_err: -0.11248 -0.89439 -0.33534 -0.83564 -0.96008 -0.40656 -0.36361 -0.40656 -0.36361 3.51744 2.71361 222.24246 -0.05003
target: -0.89439 -0.04387
target: -0.89439 -0.04387
fb: -0.93670 -0.05853 -0.14962 -0.11947
fb: -0.93096 -0.05051 -0.15249 -0.12234
dist/lin/ang/drive_left/drive_right/tv_l/tv_r/av_l/av_r/x/y/theta/t_err: -0.09393 -0.81734 -0.27298 -0.88045 -0.98148 -0.26436 -0.23853 -0.26436 -0.23853 2.97254 2.22327 221.75786 -0.04158
target: -0.81734 -0.03571
target: -0.81734 -0.03571
fb: -0.91154 -0.03679 0.06570 0.09552
fb: -0.77959 -0.02334 -0.11832 -0.09829
dist/lin/ang/drive_left/drive_right/tv_l/tv_r/av_l/av_r/x/y/theta/t_err: -0.07838 -0.74661 -0.26450 -0.75625 -0.80293 -0.12406 -0.11875 -0.12406 -0.11875 2.51355 1.81567 221.47122 -0.03657
target: -0.74661 -0.03460
target: -0.74661 -0.03460
fb: -0.77010 -0.00815 0.06504 -0.09488
fb: -0.73700 -0.00718 -0.06955 -0.11143
dist/lin/ang/drive_left/drive_right/tv_l/tv_r/av_l/av_r/x/y/theta/t_err: -0.06365 -0.67281 -0.28894 -0.72983 -0.74418 -0.05972 -0.08606 -0.05972 -0.08606 2.07843 1.43169 221.39240 -0.03520
target: -0.67281 -0.03780
target: -0.67281 -0.03780
fb: -0.67478 -0.01477 0.11844 -0.08446
fb: -0.63417 -0.02007 0.09814 -0.10476
dist/lin/ang/drive_left/drive_right/tv_l/tv_r/av_l/av_r/x/y/theta/t_err: -0.05098 -0.60216 -0.25692 -0.61411 -0.65424 -0.02053 -0.11825 -0.02053 -0.11825 1.70348 1.10190 221.25138 -0.03274
target: -0.60216 -0.03361
target: -0.60216 -0.03361
fb: -0.52958 -0.02641 0.06153 -0.06922
fb: -0.49251 -0.03985 -0.07505 -0.08775
dist/lin/ang/drive_left/drive_right/tv_l/tv_r/av_l/av_r/x/y/theta/t_err: -0.04117 -0.54110 -0.19417 -0.45266 -0.53237 0.06878 -0.11189 0.06878 -0.11189 1.41137 0.84682 220.98226 -0.02804
target: -0.54110 -0.02540
target: -0.54110 -0.02540
fb: -0.49251 -0.05142 -0.08136 0.08099
fb: -0.47331 -0.05776 -0.09095 0.07139
dist/lin/ang/drive_left/drive_right/tv_l/tv_r/av_l/av_r/x/y/theta/t_err: -0.03176 -0.47527 -0.09162 -0.41555 -0.53108 -0.05644 -0.08058 -0.05644 -0.08058 1.12909 0.60348 220.52169 -0.02000
target: -0.47527 -0.01199
target: -0.47527 -0.01199
fb: -0.47133 -0.05679 -0.13750 0.05011
fb: -0.44794 -0.04947 -0.14919 -0.04942
dist/lin/ang/drive_left/drive_right/tv_l/tv_r/av_l/av_r/x/y/theta/t_err: -0.02286 -0.40319 -0.01926 -0.39847 -0.49741 -0.11122 0.04689 -0.11122 0.04689 0.86005 0.37541 220.05116 -0.01179
target: -0.40319 -0.00252
target: -0.40319 -0.00252
fb: -0.38792 -0.03282 -0.09260 0.07216
fb: -0.36850 -0.01275 -0.10231 0.06245
dist/lin/ang/drive_left/drive_right/tv_l/tv_r/av_l/av_r/x/y/theta/t_err: -0.01551 -0.33218 -0.02609 -0.35575 -0.38125 -0.13825 -0.01694 -0.13825 -0.01694 0.63749 0.18924 219.81922 -0.00774
target: -0.33218 -0.00341
target: -0.33218 -0.00341
fb: -0.32768 0.00167 0.06221 0.05449
fb: -0.26766 0.01735 -0.04585 -0.06336
dist/lin/ang/drive_left/drive_right/tv_l/tv_r/av_l/av_r/x/y/theta/t_err: -0.01015 -0.26874 -0.08534 -0.28501 -0.25031 -0.07256 0.04794 -0.07256 0.04794 0.47564 0.05424 219.87703 -0.00875
target: -0.26874 -0.01116
target: -0.26874 -0.01116
fb: -0.22110 0.03191 0.08500 -0.08265
fb: -0.16682 0.04069 0.05786 -0.10979
dist/lin/ang/drive_left/drive_right/tv_l/tv_r/av_l/av_r/x/y/theta/t_err: -0.00678 -0.00170 -0.17265 -0.20751 -0.12613 -0.00342 -0.04861 -0.00342 -0.04861 0.37503 -0.03020 220.17706 -0.01399
target: -0.00170 -0.02258
target: -0.00170 -0.02258
fb: -0.13769 0.03721 0.63901 0.51085
fb: -0.11055 0.01846 0.63901 0.51085
dist/lin/ang/drive_left/drive_right/tv_l/tv_r/av_l/av_r/x/y/theta/t_err: -0.00454 -0.00113 -0.21067 -0.12901 -0.09209 0.10917 -0.05133 0.10917 -0.05133 0.30866 -0.08653 220.45551 -0.01885
target: -0.00113 -0.02756
target: -0.00113 -0.02756
fb: -0.08540 -0.00718 0.08057 -0.08406
fb: -0.05803 -0.02529 0.08057 -0.08406
dist/lin/ang/drive_left/drive_right/tv_l/tv_r/av_l/av_r/x/y/theta/t_err: -0.00339 -0.00085 -0.13060 -0.03274 -0.08333 0.37747 0.27328 0.37747 0.27328 0.27388 -0.11617 220.35856 -0.01715
target: -0.00085 -0.01708
target: -0.00085 -0.01708
fb: -0.01920 -0.03184 -0.07445 0.07987
fb: 0.00000 -0.03470 -0.07445 0.07987
start is 0.00000 0.00000
dist/lin/ang/drive_left/drive_right/tv_l/tv_r/av_l/av_r/x/y/theta/t_err: 0.86210 0.09144 1.20000 0.00000 0.00000 -0.00000 -0.00017 -0.00000 -0.00017 0.00000 0.00000 0.00001 0.78540
target: 0.09144 0.15697
target: 0.09144 0.15697
fb: 0.00000 0.00000 -0.63386 1.00000
fb: 0.00000 0.00000 -0.63386 1.00000
dist/lin/ang/drive_left/drive_right/tv_l/tv_r/av_l/av_r/x/y/theta/t_err: 0.86210 0.18288 2.40000 0.00000 0.00000 -0.02808 0.03217 -0.02808 0.03217 0.00000 0.00000 0.00000 0.78540
target: 0.18288 0.31394
target: 0.18288 0.31394
fb: 0.00000 0.00000 -0.77073 1.00000
fb: 0.00000 0.00181 -0.76982 1.00000
dist/lin/ang/drive_left/drive_right/tv_l/tv_r/av_l/av_r/x/y/theta/t_err: 0.86210 0.27432 3.60000 -0.00181 0.00181 -0.39611 0.50494 -0.39611 0.50494 0.00000 0.00000 0.00001 0.78540
target: 0.27432 0.47092
target: 0.27432 0.47092
fb: 0.00000 0.03609 -0.85678 1.00000
fb: 0.00000 0.08187 -0.83390 1.00000
dist/lin/ang/drive_left/drive_right/tv_l/tv_r/av_l/av_r/x/y/theta/t_err: 0.86210 0.36576 4.80000 -0.08187 0.08187 -0.47569 0.63036 -0.47569 0.63036 0.00000 0.00000 0.11910 0.78332
target: 0.36576 0.62789
target: 0.36576 0.62789
fb: 0.00000 0.12096 -0.91846 1.00000
fb: 0.00000 0.16248 -0.89769 1.00000
dist/lin/ang/drive_left/drive_right/tv_l/tv_r/av_l/av_r/x/y/theta/t_err: 0.86210 0.44332 6.00000 -0.16248 0.16248 -0.52992 0.76414 -0.52992 0.76414 0.00000 0.00000 0.90560 0.76959
target: 0.44332 0.78486
target: 0.44332 0.78486
fb: 0.00000 0.19865 -1.00000 1.00000
fb: 0.00000 0.23307 -1.00000 1.00000
dist/lin/ang/drive_left/drive_right/tv_l/tv_r/av_l/av_r/x/y/theta/t_err: 0.86210 0.46895 6.00000 -0.23307 0.23307 -0.39133 0.81431 -0.39133 0.81431 0.00000 0.00000 2.39719 0.74356
target: 0.46895 0.78486
target: 0.46895 0.78486
fb: 0.00000 0.26456 -0.36580 1.00000
fb: 0.00000 0.29591 -0.35013 1.00000
dist/lin/ang/drive_left/drive_right/tv_l/tv_r/av_l/av_r/x/y/theta/t_err: 0.86210 0.50677 5.71165 -0.29591 0.29591 -0.63481 0.84461 -0.63481 0.84461 0.00000 0.00000 4.50100 0.70684
target: 0.50677 0.74714
target: 0.50677 0.74714
fb: 0.00000 0.33145 -0.06117 1.00000
fb: 0.00000 0.36726 -0.04326 1.00000
dist/lin/ang/drive_left/drive_right/tv_l/tv_r/av_l/av_r/x/y/theta/t_err: 0.86210 0.55763 5.21430 -0.36726 0.36726 -0.30425 0.89406 -0.30425 0.89406 0.00000 0.00000 7.16412 0.66036
target: 0.55763 0.68208
target: 0.55763 0.68208
fb: 0.00772 0.39513 0.45884 1.00000
fb: 0.04259 0.41582 0.45175 1.00000
dist/lin/ang/drive_left/drive_right/tv_l/tv_r/av_l/av_r/x/y/theta/t_err: 0.86198 0.62465 4.62119 -0.37324 0.45841 -0.05631 0.91817 -0.05631 0.91817 0.00600 0.00101 10.42887 0.60348
target: 0.62465 0.60450
target: 0.62465 0.60450
fb: 0.08539 0.42725 0.70891 1.00000
fb: 0.11827 0.43986 0.69877 0.98057
dist/lin/ang/drive_left/drive_right/tv_l/tv_r/av_l/av_r/x/y/theta/t_err: 0.86054 0.70481 4.02737 -0.32159 0.55813 0.37489 0.90583 0.37489 0.90583 0.07166 0.01545 14.07139 0.54098
target: 0.70481 0.52682
target: 0.70481 0.52682
fb: 0.16284 0.44641 0.89668 0.98938
fb: 0.21933 0.43965 0.86506 0.96452
dist/lin/ang/drive_left/drive_right/tv_l/tv_r/av_l/av_r/x/y/theta/t_err: 0.85769 0.79625 3.43591 -0.22033 0.65898 0.40278 0.72467 0.40278 0.72467 0.19480 0.05111 17.92395 0.47558
target: 0.79625 0.44945
target: 0.79625 0.44945
fb: 0.26566 0.42460 1.00000 0.98821
fb: 0.31796 0.41081 1.00000 0.96896
dist/lin/ang/drive_left/drive_right/tv_l/tv_r/av_l/av_r/x/y/theta/t_err: 0.85289 0.88769 2.90683 -0.09285 0.72876 0.44969 0.49842 0.44969 0.49842 0.39147 0.12229 21.72082 0.41197
target: 0.88769 0.38024
target: 0.88769 0.38024
fb: 0.35679 0.39388 1.00000 0.99713
fb: 0.35106 0.37834 1.00000 1.00000
dist/lin/ang/drive_left/drive_right/tv_l/tv_r/av_l/av_r/x/y/theta/t_err: 0.84627 0.97913 2.44851 -0.02728 0.72940 0.40828 0.41047 0.40828 0.41047 0.64903 0.23441 25.27144 0.35313
target: 0.97913 0.32029
target: 0.97913 0.32029
fb: 0.34333 0.36677 1.00000 1.00000
fb: 0.32965 0.34685 1.00000 1.00000
dist/lin/ang/drive_left/drive_right/tv_l/tv_r/av_l/av_r/x/y/theta/t_err: 0.83976 1.07057 2.01831 -0.01719 0.67650 0.63806 0.67897 0.63806 0.67897 0.89002 0.35684 28.55833 0.29836
target: 1.07057 0.26401
target: 1.07057 0.26401
fb: 0.38019 0.31695 1.00000 1.00000
fb: 0.51192 0.29772 1.00000 1.00000
dist/lin/ang/drive_left/drive_right/tv_l/tv_r/av_l/av_r/x/y/theta/t_err: 0.83244 1.16201 1.65154 0.21419 0.80964 0.69881 0.81378 0.69881 0.81378 1.14874 0.50739 31.51455 0.24920
target: 1.16201 0.21604
target: 1.16201 0.21604
fb: 0.57988 0.28490 1.00000 1.00000
fb: 0.63416 0.27194 1.00000 1.00000
dist/lin/ang/drive_left/drive_right/tv_l/tv_r/av_l/av_r/x/y/theta/t_err: 0.82114 1.25345 1.36531 0.36222 0.90611 0.74944 0.83825 0.74944 0.83825 1.53243 0.75486 34.09228 0.20738
target: 1.25345 0.17860
target: 1.25345 0.17860
fb: 0.71757 0.25871 1.00000 1.00000
fb: 0.70985 0.24477 1.00000 1.00000
dist/lin/ang/drive_left/drive_right/tv_l/tv_r/av_l/av_r/x/y/theta/t_err: 0.80704 1.34489 1.08188 0.46508 0.95462 0.80131 0.84392 0.80131 0.84392 1.99350 1.08139 36.44218 0.16966
target: 1.34489 0.14152
target: 1.34489 0.14152
fb: 0.72133 0.22735 1.00000 1.00000
fb: 0.80496 0.21544 1.00000 1.00000
dist/lin/ang/drive_left/drive_right/tv_l/tv_r/av_l/av_r/x/y/theta/t_err: 0.79278 1.43177 0.82767 0.58952 1.02039 0.83672 0.84561 0.83672 0.84561 2.44380 1.42751 38.54343 0.13571
target: 1.43177 0.10827
target: 1.43177 0.10827
fb: 0.80871 0.20450 1.00000 1.00000
fb: 0.81445 0.19732 1.00000 1.00000
dist/lin/ang/drive_left/drive_right/tv_l/tv_r/av_l/av_r/x/y/theta/t_err: 0.77673 1.50299 0.60966 0.61712 1.01177 0.86033 0.85947 0.86033 0.85947 2.93536 1.83227 40.40302 0.10574
target: 1.50299 0.07975
target: 1.50299 0.07975
fb: 0.83011 0.19140 1.00000 1.00000
fb: 0.85527 0.18457 1.00000 1.00000
dist/lin/ang/drive_left/drive_right/tv_l/tv_r/av_l/av_r/x/y/theta/t_err: 0.76020 1.57205 0.38915 0.67070 1.03984 0.86514 0.86000 0.86514 0.86000 3.42671 2.26330 42.11901 0.07777
target: 1.57205 0.05091
target: 1.57205 0.05091
fb: 0.98325 0.17656 1.00000 1.00000
fb: 1.02782 0.16764 1.00000 1.00000
dist/lin/ang/drive_left/drive_right/tv_l/tv_r/av_l/av_r/x/y/theta/t_err: 0.74057 1.63922 0.18065 0.86018 1.19546 0.85828 0.85622 0.85828 0.85622 3.99327 2.79092 43.71876 0.05153
target: 1.63922 0.02363
target: 1.63922 0.02363
fb: 1.06092 0.15802 1.00000 1.00000
fb: 1.10152 0.15148 1.00000 1.00000
dist/lin/ang/drive_left/drive_right/tv_l/tv_r/av_l/av_r/x/y/theta/t_err: 0.71937 1.70296 -0.00510 0.95005 1.25300 0.87417 0.87708 0.87417 0.87708 4.58934 3.37617 45.16421 0.02743
target: 1.70296 -0.00067
target: 1.70296 -0.00067
fb: 1.11300 0.14555 1.00000 1.00000
fb: 1.18118 0.13928 1.00000 1.00000
dist/lin/ang/drive_left/drive_right/tv_l/tv_r/av_l/av_r/x/y/theta/t_err: 0.69711 1.76411 -0.18120 1.04190 1.32047 0.88636 0.88550 0.88636 0.88550 5.19988 4.00487 46.47759 0.00500
target: 1.76411 -0.02370
target: 1.76411 -0.02370
fb: 1.21230 0.13169 1.00000 1.00000
fb: 1.24893 0.12075 1.00000 1.00000
dist/lin/ang/drive_left/drive_right/tv_l/tv_r/av_l/av_r/x/y/theta/t_err: 0.67287 1.73318 -0.35252 1.12818 1.36968 0.87675 0.87403 0.87675 0.87403 5.84977 4.70402 47.68431 -0.01626
target: 1.73318 -0.04611
target: 1.73318 -0.04611
fb: 1.31292 0.11406 0.98942 0.73220
fb: 1.28379 0.10918 1.00000 0.74677
dist/lin/ang/drive_left/drive_right/tv_l/tv_r/av_l/av_r/x/y/theta/t_err: 0.64662 1.68109 -0.49969 1.17461 1.39297 0.85331 0.86617 0.85331 0.86617 6.53852 5.47495 48.73307 -0.03561
target: 1.68109 -0.06536
target: 1.68109 -0.06536
fb: 1.28379 0.10319 0.87056 0.61595
fb: 1.36919 0.09831 0.82786 0.57325
dist/lin/ang/drive_left/drive_right/tv_l/tv_r/av_l/av_r/x/y/theta/t_err: 0.62097 1.63312 -0.64592 1.27088 1.46750 0.79872 0.71867 0.79872 0.71867 7.19874 6.24041 49.67492 -0.05387
target: 1.63312 -0.08449
target: 1.63312 -0.08449
fb: 1.35948 0.09246 0.81774 0.53857
fb: 1.37316 0.08507 0.81090 0.53173
dist/lin/ang/drive_left/drive_right/tv_l/tv_r/av_l/av_r/x/y/theta/t_err: 0.59383 1.58799 -0.79047 1.28809 1.45823 0.69247 0.60039 0.69247 0.60039 7.88540 7.06161 50.52212 -0.07146
target: 1.58799 -0.10340
target: 1.58799 -0.10340
fb: 1.37117 0.07978 0.79384 0.49126
fb: 1.39258 0.07100 0.78314 0.48056
dist/lin/ang/drive_left/drive_right/tv_l/tv_r/av_l/av_r/x/y/theta/t_err: 0.56650 1.54645 -0.92255 1.32158 1.46358 0.76967 0.54106 0.76967 0.54106 8.56650 7.89932 51.25519 -0.08802
target: 1.54645 -0.12068
target: 1.54645 -0.12068
fb: 1.44289 0.05818 0.73876 0.42768
fb: 1.38861 0.04835 0.76590 0.45482
dist/lin/ang/drive_left/drive_right/tv_l/tv_r/av_l/av_r/x/y/theta/t_err: 0.53777 1.50882 -1.04193 1.34025 1.43696 0.75014 0.50067 0.75014 0.50067 9.27280 8.78922 51.84634 -0.10334
target: 1.50882 -0.13629
target: 1.50882 -0.13629
fb: 1.45061 0.03742 0.71923 0.40214
fb: 1.47202 0.02244 0.70852 0.39144
dist/lin/ang/drive_left/drive_right/tv_l/tv_r/av_l/av_r/x/y/theta/t_err: 0.50894 1.47745 -1.13077 1.44958 1.49445 0.73489 0.47739 0.73489 0.47739 9.97503 9.69007 52.24276 -0.11635
target: 1.47745 -0.14792
target: 1.47745 -0.14792
fb: 1.36941 0.00237 0.74610 0.44938
fb: 1.40406 -0.01714 0.72878 0.43205
dist/lin/ang/drive_left/drive_right/tv_l/tv_r/av_l/av_r/x/y/theta/t_err: 0.48175 1.45537 -1.17359 1.42120 1.38692 0.70481 0.47414 0.70481 0.47414 10.63387 10.54366 52.39204 -0.12565
target: 1.45537 -0.15352
target: 1.45537 -0.15352
fb: 1.38067 -0.03337 0.73416 0.48408
fb: 1.37118 -0.04571 0.73890 0.48883
dist/lin/ang/drive_left/drive_right/tv_l/tv_r/av_l/av_r/x/y/theta/t_err: 0.45436 1.44540 -1.15937 1.41688 1.32547 0.71678 0.45653 0.71678 0.45653 11.29840 11.40405 52.20269 -0.12989
target: 1.44540 -0.15166
target: 1.44540 -0.15166
fb: 1.33631 -0.05950 0.76090 0.58046
fb: 1.37493 -0.07344 0.74159 0.56115
dist/lin/ang/drive_left/drive_right/tv_l/tv_r/av_l/av_r/x/y/theta/t_err: 0.42786 1.41746 -1.12210 1.44837 1.30149 0.72703 0.45772 0.72703 0.45772 11.94608 12.23330 51.76678 -0.13016
target: 1.41746 -0.14678
target: 1.41746 -0.14678
fb: 1.48945 -0.08598 0.57017 0.42338
fb: 1.43119 -0.09998 0.59929 0.45251
dist/lin/ang/drive_left/drive_right/tv_l/tv_r/av_l/av_r/x/y/theta/t_err: 0.39832 1.37317 -1.07323 1.53118 1.33121 0.68100 0.50358 0.68100 0.50358 12.67700 13.15047 51.09216 -0.12768
target: 1.37317 -0.14039
target: 1.37317 -0.14039
fb: 1.30321 -0.11287 0.54643 0.42183
fb: 1.38088 -0.12005 0.50759 0.38300
dist/lin/ang/drive_left/drive_right/tv_l/tv_r/av_l/av_r/x/y/theta/t_err: 0.37246 1.34405 -0.95886 1.50093 1.26083 0.58775 0.46714 0.58775 0.46714 13.32736 13.94419 50.18224 -0.12020
target: 1.34405 -0.12543
target: 1.34405 -0.12543
fb: 1.42545 -0.12242 0.47087 0.44340
fb: 1.33829 -0.12416 0.51445 0.48698
dist/lin/ang/drive_left/drive_right/tv_l/tv_r/av_l/av_r/x/y/theta/t_err: 0.34414 1.31142 -0.86168 1.46246 1.21413 0.52631 0.42553 0.52631 0.42553 14.05356 14.79999 49.12433 -0.11095
target: 1.31142 -0.11272
target: 1.31142 -0.11272
fb: 1.37316 -0.12632 0.45483 0.42414
fb: 1.28379 -0.13127 0.49951 0.46882
dist/lin/ang/drive_left/drive_right/tv_l/tv_r/av_l/av_r/x/y/theta/t_err: 0.31683 1.27964 -0.76023 1.41506 1.15252 0.49844 0.44572 0.49844 0.44572 14.76888 15.61076 48.02408 -0.10052
target: 1.27964 -0.09945
target: 1.27964 -0.09945
fb: 1.26437 -0.13796 0.47232 0.46441
fb: 1.32660 -0.14235 0.44121 0.43329
dist/lin/ang/drive_left/drive_right/tv_l/tv_r/av_l/av_r/x/y/theta/t_err: 0.29166 1.25288 -0.62999 1.46895 1.18425 0.49008 0.44967 0.49008 0.44967 15.44232 16.34398 46.85415 -0.08791
target: 1.25288 -0.08241
target: 1.25288 -0.08241
fb: 1.26459 -0.14033 0.43953 0.48833
fb: 1.23723 -0.12876 0.45321 0.50201
dist/lin/ang/drive_left/drive_right/tv_l/tv_r/av_l/av_r/x/y/theta/t_err: 0.26645 1.22540 -0.48864 1.36599 1.10847 0.49825 0.44678 0.49825 0.44678 16.13089 17.06324 45.61012 -0.07354
target: 1.22540 -0.06392
target: 1.22540 -0.06392
fb: 1.29747 -0.11984 0.37624 0.46287
fb: 1.22951 -0.11392 0.41022 0.49685
dist/lin/ang/drive_left/drive_right/tv_l/tv_r/av_l/av_r/x/y/theta/t_err: 0.24056 1.18798 -0.39804 1.34343 1.11559 0.47433 0.48303 0.47433 0.48303 16.85281 17.78612 44.49560 -0.06094
target: 1.18798 -0.05207
target: 1.18798 -0.05207
fb: 1.13639 -0.11009 0.40488 0.44761
fb: 1.19487 -0.10528 0.37564 0.41837
dist/lin/ang/drive_left/drive_right/tv_l/tv_r/av_l/av_r/x/y/theta/t_err: 0.21786 1.15211 -0.30307 1.30015 1.08959 0.44608 0.47894 0.44608 0.47894 17.49651 18.40764 43.50290 -0.04906
target: 1.15211 -0.03964
target: 1.15211 -0.03964
fb: 1.25665 -0.09880 0.30738 0.37189
fb: 1.20237 -0.08981 0.33452 0.39903
dist/lin/ang/drive_left/drive_right/tv_l/tv_r/av_l/av_r/x/y/theta/t_err: 0.19275 1.10188 -0.22656 1.29218 1.11256 0.41358 0.43581 0.41358 0.43581 18.21966 19.08301 42.59482 -0.03855
target: 1.10188 -0.02964
target: 1.10188 -0.02964
fb: 1.11720 -0.08257 0.27804 0.33417
fb: 1.09182 -0.07567 0.29073 0.34685
dist/lin/ang/drive_left/drive_right/tv_l/tv_r/av_l/av_r/x/y/theta/t_err: 0.17042 1.10093 -0.15819 1.16749 1.01615 0.37094 0.39800 0.37094 0.39800 18.87127 19.67398 41.82214 -0.02923
target: 1.10093 -0.02069
target: 1.10093 -0.02069
fb: 1.14809 -0.06745 0.45769 0.51623
fb: 1.09954 -0.05490 0.48196 0.54050
dist/lin/ang/drive_left/drive_right/tv_l/tv_r/av_l/av_r/x/y/theta/t_err: 0.14743 1.02399 -0.04155 1.15445 1.04464 0.34497 0.35572 0.34497 0.35572 19.54849 20.27280 41.17571 -0.01795
target: 1.02399 -0.00544
target: 1.02399 -0.00544
fb: 1.01040 -0.04473 0.11383 0.24957
fb: 1.06865 -0.03442 0.08470 0.22044
dist/lin/ang/drive_left/drive_right/tv_l/tv_r/av_l/av_r/x/y/theta/t_err: 0.12725 0.95131 -0.00458 1.10307 1.03423 0.34922 0.48047 0.34922 0.48047 20.14954 20.79405 40.71426 -0.00990
target: 0.95131 -0.00060
target: 0.95131 -0.00060
fb: 1.09182 -0.02585 0.06759 0.11598
fb: 0.97553 -0.01610 0.12574 0.17412
dist/lin/ang/drive_left/drive_right/tv_l/tv_r/av_l/av_r/x/y/theta/t_err: 0.10542 0.86588 0.00751 0.99163 0.95944 0.16972 0.31381 0.16972 0.31381 20.80263 21.35312 40.42896 -0.00492
target: 0.86588 0.00098
target: 0.86588 0.00098
fb: 1.00665 -0.00376 -0.12307 -0.11173
fb: 1.04350 0.00655 -0.14149 -0.13016
dist/lin/ang/drive_left/drive_right/tv_l/tv_r/av_l/av_r/x/y/theta/t_err: 0.08529 0.77883 -0.00469 1.03695 1.05005 0.12456 0.17400 0.12456 0.17400 21.40666 21.86637 40.31313 -0.00290
target: 0.77883 -0.00061
target: 0.77883 -0.00061
fb: 0.93670 0.00606 -0.15850 -0.17795
fb: 0.81445 0.00592 -0.09738 -0.11683
dist/lin/ang/drive_left/drive_right/tv_l/tv_r/av_l/av_r/x/y/theta/t_err: 0.06655 0.68799 -0.03956 0.80853 0.82038 -0.09311 -0.07922 -0.09311 -0.07922 21.96889 22.34374 40.35826 -0.00368
target: 0.68799 -0.00517
target: 0.68799 -0.00517
fb: 0.79327 0.00871 -0.16830 -0.22063
fb: 0.75841 0.01024 -0.15087 -0.20320
dist/lin/ang/drive_left/drive_right/tv_l/tv_r/av_l/av_r/x/y/theta/t_err: 0.05069 0.60041 -0.05118 0.74816 0.76865 -0.10575 -0.12114 -0.10575 -0.12114 22.44465 22.74848 40.41832 -0.00473
target: 0.60041 -0.00669
target: 0.60041 -0.00669
fb: 0.64962 0.00913 -0.17591 -0.20298
fb: 0.60880 0.00327 -0.15550 -0.18257
dist/lin/ang/drive_left/drive_right/tv_l/tv_r/av_l/av_r/x/y/theta/t_err: 0.03769 0.51776 -0.06785 0.60552 0.61207 -0.14475 -0.18308 -0.14475 -0.18308 22.83383 23.08041 40.50196 -0.00619
target: 0.51776 -0.00888
target: 0.51776 -0.00888
fb: 0.51590 -0.00460 -0.16017 -0.19617
fb: 0.45963 -0.01136 -0.13204 -0.16804
dist/lin/ang/drive_left/drive_right/tv_l/tv_r/av_l/av_r/x/y/theta/t_err: 0.02737 0.44124 -0.05617 0.47099 0.44828 -0.14747 -0.17675 -0.14747 -0.17675 23.14266 23.34431 40.51095 -0.00635
target: 0.44124 -0.00735
target: 0.44124 -0.00735
fb: 0.43051 -0.01296 0.05265 0.06145
fb: 0.36475 -0.00920 0.08553 0.09433
dist/lin/ang/drive_left/drive_right/tv_l/tv_r/av_l/av_r/x/y/theta/t_err: 0.01877 0.36534 -0.02280 0.37395 0.35555 -0.08350 -0.10900 -0.08350 -0.10900 23.40055 23.56431 40.41301 -0.00464
target: 0.36534 -0.00298
target: 0.36534 -0.00298
fb: 0.29480 -0.00390 0.04003 0.08021
fb: 0.24228 -0.00098 0.06629 0.10647
dist/lin/ang/drive_left/drive_right/tv_l/tv_r/av_l/av_r/x/y/theta/t_err: 0.01287 0.30258 -0.01644 0.24326 0.24131 0.06706 0.07650 0.06706 0.07650 23.57740 23.71467 40.34076 -0.00338
target: 0.30258 -0.00215
target: 0.30258 -0.00215
fb: 0.21536 0.00000 0.06676 0.07626
fb: 0.21735 0.00070 0.06576 0.07526
dist/lin/ang/drive_left/drive_right/tv_l/tv_r/av_l/av_r/x/y/theta/t_err: 0.00857 0.24682 -0.02505 0.21665 0.21805 0.07408 0.10131 0.07408 0.10131 23.70666 23.82443 40.32842 -0.00316
target: 0.24682 -0.00328
target: 0.24682 -0.00328
fb: 0.25398 0.00348 -0.05552 -0.07493
fb: 0.27538 0.00669 -0.06623 -0.08564
dist/lin/ang/drive_left/drive_right/tv_l/tv_r/av_l/av_r/x/y/theta/t_err: 0.00349 0.00087 -0.03158 0.26869 0.28207 0.04639 0.04944 0.04639 0.04944 23.85911 23.95386 40.34192 -0.00340
target: 0.00087 -0.00413
target: 0.00087 -0.00413
fb: 0.26567 0.01164 -0.65639 -0.67452
fb: 0.23456 0.01387 -0.64084 -0.65896
dist/lin/ang/drive_left/drive_right/tv_l/tv_r/av_l/av_r/x/y/theta/t_err: -0.00183 -0.00046 -0.05393 0.22070 0.24843 -0.19625 -0.15347 -0.19625 -0.15347 24.01848 24.08937 40.41801 -0.00473
target: -0.00046 -0.00705
target: -0.00046 -0.00705
fb: 0.15137 0.01275 0.05408 -0.06462
fb: 0.05428 0.00286 0.05408 -0.06462
dist/lin/ang/drive_left/drive_right/tv_l/tv_r/av_l/av_r/x/y/theta/t_err: -0.00486 -0.00121 -0.07737 0.05143 0.05714 -0.14458 -0.21047 -0.14458 -0.21047 24.10916 24.16673 40.53114 -0.00670
target: -0.00121 -0.01012
target: -0.00121 -0.01012
fb: 0.00375 -0.00808 0.05764 -0.06646
fb: 0.00000 -0.01414 0.05764 -0.06646
dist/lin/ang/drive_left/drive_right/tv_l/tv_r/av_l/av_r/x/y/theta/t_err: -0.00493 -0.00123 -0.05630 0.01414 -0.01414 0.05203 -0.07425 0.05203 -0.07425 24.11140 24.16865 40.52704 -0.00663
target: -0.00123 -0.00736
target: -0.00123 -0.00736
fb: 0.00000 -0.01505 -0.04699 0.05089
fb: 0.00000 -0.01296 -0.04699 0.05089
final error: 0.20212, x: -0.11140, y: -0.16865
final local error: 0.20212, forwards: -0.19415, sideways: -0.05620
position: 24.11140 24.16865 40.40875
took 1.18000 time to finish turn
dist/lin/ang/drive_left/drive_right/tv_l/tv_r/av_l/av_r/x/y/theta/t_err: -0.86714 -0.09144 0.71438 0.00000 0.00000 0.00000 0.00017 0.00000 0.00017 24.11140 24.16865 220.30850 0.08307
target: -0.09144 0.09345
target: -0.09144 0.09345
fb: 0.00000 0.00000 -0.73886 0.31033
fb: 0.00000 0.00000 -0.73886 0.31033
dist/lin/ang/drive_left/drive_right/tv_l/tv_r/av_l/av_r/x/y/theta/t_err: -0.86714 -0.18288 0.71438 0.00000 0.00000 -0.04500 0.08761 -0.04500 0.08761 24.11140 24.16865 220.30851 0.08307
target: -0.18288 0.09345
target: -0.18288 0.09345
fb: 0.00000 0.00000 -0.44362 -0.32330
fb: 0.00000 0.00056 -0.44362 -0.32330
dist/lin/ang/drive_left/drive_right/tv_l/tv_r/av_l/av_r/x/y/theta/t_err: -0.86714 -0.27432 0.71392 -0.00056 0.00056 -0.44181 0.17606 -0.44181 0.17606 24.11140 24.16865 220.30994 0.08304
target: -0.27432 0.09339
target: -0.27432 0.09339
fb: 0.00000 0.01331 -0.52286 -0.40316
fb: 0.00000 0.03637 -0.52286 -0.40316
dist/lin/ang/drive_left/drive_right/tv_l/tv_r/av_l/av_r/x/y/theta/t_err: -0.86714 -0.36576 0.66047 -0.03637 0.03637 -0.38314 -0.24178 -0.38314 -0.24178 24.11140 24.16865 220.47535 0.08016
target: -0.36576 0.08640
target: -0.36576 0.08640
fb: 0.00000 0.05748 -0.56654 -0.51858
fb: 0.00000 0.07309 -0.56654 -0.51858
dist/lin/ang/drive_left/drive_right/tv_l/tv_r/av_l/av_r/x/y/theta/t_err: -0.86714 -0.45720 0.51728 -0.07309 0.07309 -0.47808 -0.38586 -0.47808 -0.38586 24.11140 24.16865 221.00537 0.07091
target: -0.45720 0.06766
target: -0.45720 0.06766
fb: -0.02913 0.07142 -0.56615 -0.64895
fb: -0.13968 0.05943 -0.51087 -0.59368
dist/lin/ang/drive_left/drive_right/tv_l/tv_r/av_l/av_r/x/y/theta/t_err: -0.86435 -0.54864 0.42177 -0.19911 -0.08024 -0.52050 -0.44300 -0.52050 -0.44300 24.02890 24.09592 221.59639 0.06080
target: -0.54864 0.05517
target: -0.54864 0.05517
fb: -0.23456 0.05086 -0.78802 -0.83186
fb: -0.28311 0.04661 -0.76375 -0.80759
dist/lin/ang/drive_left/drive_right/tv_l/tv_r/av_l/av_r/x/y/theta/t_err: -0.85869 -0.64008 0.38704 -0.32972 -0.23649 -0.50561 -0.44503 -0.50561 -0.44503 23.86282 23.94723 222.03611 0.05350
target: -0.64008 0.05063
target: -0.64008 0.05063
fb: -0.34136 0.04571 -0.85066 -0.82910
fb: -0.34511 0.04466 -0.84878 -0.82722
dist/lin/ang/drive_left/drive_right/tv_l/tv_r/av_l/av_r/x/y/theta/t_err: -0.85180 -0.73152 0.33974 -0.38977 -0.30045 -0.53061 -0.44864 -0.53061 -0.44864 23.66160 23.76460 222.43000 0.04703
target: -0.73152 0.04444
target: -0.73152 0.04444
fb: -0.38395 0.04125 -0.90111 -0.90272
fb: -0.41705 0.03916 -0.88456 -0.88617
dist/lin/ang/drive_left/drive_right/tv_l/tv_r/av_l/av_r/x/y/theta/t_err: -0.84347 -0.82296 0.29667 -0.45620 -0.37789 -0.52958 -0.41547 -0.52958 -0.41547 23.41990 23.54230 222.78683 0.04123
target: -0.82296 0.03881
target: -0.82296 0.03881
fb: -0.42477 0.04048 -0.96271 -0.96696
fb: -0.46537 0.04724 -0.94241 -0.94666
dist/lin/ang/drive_left/drive_right/tv_l/tv_r/av_l/av_r/x/y/theta/t_err: -0.83417 -0.91440 0.24170 -0.51261 -0.41813 -0.56553 -0.40844 -0.56553 -0.40844 23.15178 23.29253 223.15894 0.03516
target: -0.91440 0.03162
target: -0.91440 0.03162
fb: -0.46934 0.05741 -1.00000 -1.00000
fb: -0.52186 0.06055 -0.98564 -1.00000
dist/lin/ang/drive_left/drive_right/tv_l/tv_r/av_l/av_r/x/y/theta/t_err: -0.82374 -1.00584 0.14650 -0.58241 -0.46131 -0.46867 -0.51350 -0.46867 -0.51350 22.85331 23.01010 223.66143 0.02678
target: -1.00584 0.01916
target: -1.00584 0.01916
fb: -0.57018 0.05679 -1.00000 -1.00000
fb: -0.61652 0.05470 -0.98957 -1.00000
dist/lin/ang/drive_left/drive_right/tv_l/tv_r/av_l/av_r/x/y/theta/t_err: -0.81141 -1.09728 0.07689 -0.67122 -0.56183 -0.52100 -0.64203 -0.52100 -0.64203 22.50365 22.67336 224.15341 0.01853
target: -1.09728 0.01006
target: -1.09728 0.01006
fb: -0.63815 0.04675 -1.00000 -1.00000
fb: -0.61299 0.04027 -1.00000 -1.00000
dist/lin/ang/drive_left/drive_right/tv_l/tv_r/av_l/av_r/x/y/theta/t_err: -0.79915 -1.18872 0.03456 -0.65326 -0.57272 -0.56383 -0.77511 -0.56383 -0.77511 22.15856 22.33589 224.55100 0.01182
target: -1.18872 0.00452
target: -1.18872 0.00452
fb: -0.68449 0.03184 -1.00000 -1.00000
fb: -0.77760 0.01916 -1.00000 -1.00000
dist/lin/ang/drive_left/drive_right/tv_l/tv_r/av_l/av_r/x/y/theta/t_err: -0.78360 -1.28016 0.02490 -0.79676 -0.75844 -0.78386 -0.82303 -0.78386 -0.82303 21.72327 21.90529 224.79817 0.00769
target: -1.28016 0.00326
target: -1.28016 0.00326
fb: -0.80673 0.01073 -1.00000 -1.00000
fb: -0.85726 0.00975 -1.00000 -1.00000
dist/lin/ang/drive_left/drive_right/tv_l/tv_r/av_l/av_r/x/y/theta/t_err: -0.76645 -1.37160 0.03935 -0.86702 -0.84751 -0.85228 -0.85333 -0.85228 -0.85333 21.24470 21.42925 224.88955 0.00625
target: -1.37160 0.00515
target: -1.37160 0.00515
fb: -0.88065 0.01031 -1.00000 -1.00000
fb: -0.88815 0.00683 -1.00000 -1.00000
dist/lin/ang/drive_left/drive_right/tv_l/tv_r/av_l/av_r/x/y/theta/t_err: -0.74869 -1.46304 0.03399 -0.89498 -0.88133 -0.87214 -0.86875 -0.87214 -0.86875 20.74957 20.93539 224.95810 0.00519
target: -1.46304 0.00445
target: -1.46304 0.00445
fb: -0.97730 0.00146 -1.00000 -1.00000
fb: -1.00268 -0.00474 -1.00000 -1.00000
dist/lin/ang/drive_left/drive_right/tv_l/tv_r/av_l/av_r/x/y/theta/t_err: -0.72864 -1.55448 0.04894 -0.99794 -1.00741 -0.87864 -0.87181 -0.87864 -0.87181 20.19093 20.37749 224.95290 0.00542
target: -1.55448 0.00640
target: -1.55448 0.00640
fb: -0.97752 -0.00627 -1.00000 -1.00000
fb: -1.06292 -0.00272 -1.00000 -1.00000
dist/lin/ang/drive_left/drive_right/tv_l/tv_r/av_l/av_r/x/y/theta/t_err: -0.70738 -1.64592 0.06255 -1.06020 -1.06563 -0.87147 -0.86822 -0.87147 -0.86822 19.59841 19.78640 224.91382 0.00628
target: -1.64592 0.00818
target: -1.64592 0.00818
fb: -1.10925 -0.00188 -1.00000 -1.00000
fb: -1.15184 -0.00070 -1.00000 -1.00000
dist/lin/ang/drive_left/drive_right/tv_l/tv_r/av_l/av_r/x/y/theta/t_err: -0.68434 -1.73736 0.05991 -1.15115 -1.15254 -0.87608 -0.87233 -0.87608 -0.87233 18.95607 19.14609 224.90784 0.00660
target: -1.73736 0.00784
target: -1.73736 0.00784
fb: -1.14434 0.00077 -1.00000 -1.00000
fb: -1.17722 0.00105 -1.00000 -1.00000
dist/lin/ang/drive_left/drive_right/tv_l/tv_r/av_l/av_r/x/y/theta/t_err: -0.66080 -1.75901 0.06139 -1.17826 -1.17617 -0.87831 -0.87572 -0.87831 -0.87572 18.29957 18.49170 224.90693 0.00685
target: -1.75901 0.00803
target: -1.75901 0.00803
fb: -1.26636 -0.00230 -1.00000 -1.00000
fb: -1.17920 -0.00474 -1.00000 -1.00000
dist/lin/ang/drive_left/drive_right/tv_l/tv_r/av_l/av_r/x/y/theta/t_err: -0.63722 -1.75708 0.07193 -1.17447 -1.18394 -0.88447 -0.87897 -0.88447 -0.87897 17.64184 17.83633 224.88162 0.00755
target: -1.75708 0.00941
target: -1.75708 0.00941
fb: -1.29174 -0.00495 -1.00000 -0.99978
fb: -1.40229 -0.00376 -0.96323 -0.94451
dist/lin/ang/drive_left/drive_right/tv_l/tv_r/av_l/av_r/x/y/theta/t_err: -0.60917 -1.75419 0.08443 -1.39853 -1.40605 -0.88942 -0.84219 -0.88942 -0.84219 16.85918 17.05747 224.84238 0.00860
target: -1.75419 0.01104
target: -1.75419 0.01104
fb: -1.31094 -0.00167 -1.00000 -0.98146
fb: -1.36721 0.00111 -0.97656 -0.95333
dist/lin/ang/drive_left/drive_right/tv_l/tv_r/av_l/av_r/x/y/theta/t_err: -0.58183 -1.75281 0.08321 -1.36832 -1.36609 -0.68425 -0.77889 -0.68425 -0.77889 16.09579 16.29841 224.83721 0.00910
target: -1.75281 0.01088
target: -1.75281 0.01088
fb: -1.37890 0.00348 -0.96736 -0.96050
fb: -1.31292 0.00376 -1.00000 -0.99349
dist/lin/ang/drive_left/drive_right/tv_l/tv_r/av_l/av_r/x/y/theta/t_err: -0.55557 -1.75273 0.07878 -1.31669 -1.30916 -0.70769 -0.72736 -0.70769 -0.72736 15.36288 15.56931 224.85951 0.00913
target: -1.75273 0.01030
target: -1.75273 0.01030
fb: -1.48548 0.00077 -0.91688 -0.91458
fb: -1.53402 -0.00056 -0.89261 -0.89031
dist/lin/ang/drive_left/drive_right/tv_l/tv_r/av_l/av_r/x/y/theta/t_err: -0.52489 -1.75128 0.08833 -1.53347 -1.53458 -0.72706 -0.73747 -0.72706 -0.73747 14.50669 14.71728 224.85967 0.00966
target: -1.75128 0.01155
target: -1.75128 0.01155
fb: -1.40030 0.00056 -0.96171 -0.94126
fb: -1.54969 -0.00376 -0.88701 -0.86657
dist/lin/ang/drive_left/drive_right/tv_l/tv_r/av_l/av_r/x/y/theta/t_err: -0.49390 -1.74864 0.10090 -1.54593 -1.55345 -0.74175 -0.73422 -0.74175 -0.73422 13.64163 13.85669 224.83988 0.01062
target: -1.74864 0.01320
target: -1.74864 0.01320
fb: -1.58257 -0.00251 -0.86631 -0.84012
fb: -1.47776 0.00167 -0.91872 -0.89253
dist/lin/ang/drive_left/drive_right/tv_l/tv_r/av_l/av_r/x/y/theta/t_err: -0.46435 -1.74672 0.10429 -1.47943 -1.47608 -0.70858 -0.76742 -0.70858 -0.76742 12.81650 13.03627 224.83879 0.01131
target: -1.74672 0.01364
target: -1.74672 0.01364
fb: -1.45657 0.00223 -0.92535 -0.90936
fb: -1.46231 0.00160 -0.92248 -0.90649
dist/lin/ang/drive_left/drive_right/tv_l/tv_r/av_l/av_r/x/y/theta/t_err: -0.43510 -1.72706 0.10475 -1.46391 -1.46071 -0.74792 -0.75989 -0.74792 -0.75989 12.00017 12.22424 224.85875 0.01171
target: -1.72706 0.01370
target: -1.72706 0.01370
fb: -1.57286 0.00111 -0.77668 -0.76405
fb: -1.54175 0.00321 -0.79224 -0.77960
dist/lin/ang/drive_left/drive_right/tv_l/tv_r/av_l/av_r/x/y/theta/t_err: -0.40427 -1.66364 0.10859 -1.54495 -1.53854 -0.82900 -0.79842 -0.82900 -0.79842 11.13982 11.36778 224.88489 0.01214
target: -1.66364 0.01421
target: -1.66364 0.01421
fb: -1.52807 0.00718 -0.56856 -0.55122
fb: -1.54373 0.00759 -0.56073 -0.54339
dist/lin/ang/drive_left/drive_right/tv_l/tv_r/av_l/av_r/x/y/theta/t_err: -0.37340 -1.59928 0.10127 -1.55133 -1.53614 -0.72019 -0.72944 -0.72019 -0.72944 10.27902 10.50955 224.94952 0.01197
target: -1.59928 0.01325
target: -1.59928 0.01325
fb: -1.55940 0.00641 -0.48327 -0.48030
fb: -1.63111 0.00495 -0.44741 -0.44445
dist/lin/ang/drive_left/drive_right/tv_l/tv_r/av_l/av_r/x/y/theta/t_err: -0.34078 -1.52707 0.10882 -1.63606 -1.62617 -0.58211 -0.57511 -0.58211 -0.57511 9.37045 9.60179 224.99467 0.01229
target: -1.52707 0.01423
target: -1.52707 0.01423
fb: -1.52630 0.00132 -0.41207 -0.39022
fb: -1.48173 0.00258 -0.43435 -0.41250
dist/lin/ang/drive_left/drive_right/tv_l/tv_r/av_l/av_r/x/y/theta/t_err: -0.31114 -1.45761 0.11829 -1.48431 -1.47915 -0.49314 -0.49758 -0.49314 -0.49758 8.54556 8.77669 225.02159 0.01297
target: -1.45761 0.01547
target: -1.45761 0.01547
fb: -1.55719 0.00495 -0.34632 -0.32049
fb: -1.49320 0.00550 -0.37831 -0.35248
dist/lin/ang/drive_left/drive_right/tv_l/tv_r/av_l/av_r/x/y/theta/t_err: -0.28128 -1.38448 0.12366 -1.49871 -1.48770 -0.42844 -0.44881 -0.42844 -0.44881 7.71476 7.94473 225.06104 0.01362
target: -1.38448 0.01618
target: -1.38448 0.01618
fb: -1.46827 0.00899 -0.30752 -0.28552
fb: -1.42943 0.01115 -0.32694 -0.30494
dist/lin/ang/drive_left/drive_right/tv_l/tv_r/av_l/av_r/x/y/theta/t_err: -0.25270 -1.31221 0.11736 -1.44058 -1.41828 -0.42522 -0.44283 -0.42522 -0.44283 6.92026 7.14748 225.14431 0.01363
target: -1.31221 0.01535
target: -1.31221 0.01535
fb: -1.35948 0.01038 -0.29216 -0.28494
fb: -1.40406 0.00467 -0.26987 -0.26266
dist/lin/ang/drive_left/drive_right/tv_l/tv_r/av_l/av_r/x/y/theta/t_err: -0.22462 -1.23650 0.12363 -1.40872 -1.39939 -0.41392 -0.40261 -0.41392 -0.40261 6.14105 6.36321 225.21711 0.01398
target: -1.23650 0.01617
target: -1.23650 0.01617
fb: -1.33234 0.00272 -0.23087 -0.20770
fb: -1.26835 0.00369 -0.26287 -0.23969
dist/lin/ang/drive_left/drive_right/tv_l/tv_r/av_l/av_r/x/y/theta/t_err: -0.19925 -1.16211 0.14546 -1.27204 -1.26466 -0.35814 -0.36294 -0.35814 -0.36294 5.43768 5.65422 225.23983 0.01533
target: -1.16211 0.01903
target: -1.16211 0.01903
fb: -1.31866 0.00746 -0.18633 -0.14096
fb: -1.22378 0.00920 -0.23378 -0.18840
dist/lin/ang/drive_left/drive_right/tv_l/tv_r/av_l/av_r/x/y/theta/t_err: -0.17478 -1.11492 0.14731 -1.23297 -1.21458 -0.32336 -0.31247 -0.32336 -0.31247 4.75954 4.96963 225.31086 0.01616
target: -1.11492 0.01927
target: -1.11492 0.01927
fb: -1.11521 0.00752 -0.34230 -0.32007
fb: -1.09182 0.00732 -0.35399 -0.33177
dist/lin/ang/drive_left/drive_right/tv_l/tv_r/av_l/av_r/x/y/theta/t_err: -0.15293 -1.04288 0.11640 -1.09914 -1.08451 -0.30611 -0.27308 -0.30611 -0.27308 4.15533 4.35806 225.38053 0.01495
target: -1.04288 0.01523
target: -1.04288 0.01523
fb: -1.07240 0.01157 -0.17668 -0.19840
fb: -1.06292 0.01749 -0.18142 -0.20314
dist/lin/ang/drive_left/drive_right/tv_l/tv_r/av_l/av_r/x/y/theta/t_err: -0.13167 -0.96771 0.09007 -1.08040 -1.04543 -0.32750 -0.31125 -0.32750 -0.31125 3.56801 3.76180 225.49908 0.01288
target: -0.96771 0.01178
target: -0.96771 0.01178
fb: -0.97752 0.01756 -0.14346 -0.16433
fb: -0.92302 0.01512 -0.17072 -0.19158
dist/lin/ang/drive_left/drive_right/tv_l/tv_r/av_l/av_r/x/y/theta/t_err: -0.11322 -0.89733 0.06204 -0.93814 -0.90790 -0.23581 -0.23717 -0.23581 -0.23717 3.05929 3.24274 225.64917 0.01026
target: -0.89733 0.00812
target: -0.89733 0.00812
fb: -0.93295 0.01303 -0.11740 -0.14514
fb: -0.93295 0.01157 -0.11740 -0.14514
dist/lin/ang/drive_left/drive_right/tv_l/tv_r/av_l/av_r/x/y/theta/t_err: -0.09456 -0.82008 0.05114 -0.94451 -0.92138 -0.19439 -0.20925 -0.19439 -0.20925 2.54631 2.71691 225.76342 0.00827
target: -0.82008 0.00669
target: -0.82008 0.00669
fb: -0.86101 0.00982 -0.06461 -0.07402
fb: -0.73303 0.00669 -0.12860 -0.13801
dist/lin/ang/drive_left/drive_right/tv_l/tv_r/av_l/av_r/x/y/theta/t_err: -0.07990 -0.75384 0.04500 -0.73972 -0.72634 -0.13825 -0.16836 -0.13825 -0.16836 2.14395 2.30308 225.84377 0.00686
target: -0.75384 0.00589
target: -0.75384 0.00589
fb: -0.73502 0.00188 -0.11360 -0.11844
fb: -0.72729 -0.00341 -0.11747 -0.12231
dist/lin/ang/drive_left/drive_right/tv_l/tv_r/av_l/av_r/x/y/theta/t_err: -0.06536 -0.68179 0.05720 -0.72388 -0.73071 -0.13978 -0.14767 -0.13978 -0.14767 1.74508 1.89216 225.84938 0.00677
target: -0.68179 0.00748
target: -0.68179 0.00748
fb: -0.65558 -0.00815 -0.07626 0.07053
fb: -0.62248 -0.01164 -0.09281 -0.07385
dist/lin/ang/drive_left/drive_right/tv_l/tv_r/av_l/av_r/x/y/theta/t_err: -0.05291 -0.61341 0.08402 -0.61084 -0.63412 -0.12681 -0.11619 -0.12681 -0.11619 1.40346 1.54069 225.76977 0.00815
target: -0.61341 0.01099
target: -0.61341 0.01099
fb: -0.55650 -0.01338 -0.08920 0.07955
fb: -0.51590 -0.00996 -0.10950 -0.06858
dist/lin/ang/drive_left/drive_right/tv_l/tv_r/av_l/av_r/x/y/theta/t_err: -0.04259 -0.55033 0.10481 -0.50594 -0.52587 -0.11036 -0.06556 -0.11036 -0.06556 1.11982 1.24989 225.66295 0.01002
target: -0.55033 0.01371
target: -0.55033 0.01371
fb: -0.48104 -0.00258 -0.08893 0.07641
fb: -0.41705 0.00592 -0.12093 -0.08342
dist/lin/ang/drive_left/drive_right/tv_l/tv_r/av_l/av_r/x/y/theta/t_err: -0.03424 -0.49350 0.08741 -0.42297 -0.41112 -0.11531 -0.05236 -0.11531 -0.05236 0.89027 1.01506 225.65910 0.01009
target: -0.49350 0.01143
target: -0.49350 0.01143
fb: -0.39763 0.01282 -0.15332 -0.16337
fb: -0.39167 0.01763 -0.15630 -0.16635
dist/lin/ang/drive_left/drive_right/tv_l/tv_r/av_l/av_r/x/y/theta/t_err: -0.02641 -0.43343 0.04739 -0.40930 -0.37404 -0.13022 -0.05631 -0.13022 -0.05631 0.67493 0.79429 225.78032 0.00797
target: -0.43343 0.00620
target: -0.43343 0.00620
fb: -0.35283 0.02230 -0.10014 -0.14384
fb: -0.34136 0.02271 -0.10587 -0.14958
dist/lin/ang/drive_left/drive_right/tv_l/tv_r/av_l/av_r/x/y/theta/t_err: -0.01959 -0.37329 0.00476 -0.36407 -0.31865 -0.15231 -0.15400 -0.15231 -0.15400 0.48780 0.60134 225.97682 0.00454
target: -0.37329 0.00062
target: -0.37329 0.00062
fb: -0.33761 0.01937 -0.05004 -0.10429
fb: -0.32591 0.01484 -0.05588 -0.11014
dist/lin/ang/drive_left/drive_right/tv_l/tv_r/av_l/av_r/x/y/theta/t_err: -0.01308 -0.30500 -0.01425 -0.34075 -0.31107 -0.11244 -0.14989 -0.11244 -0.14989 0.30974 0.41654 226.14102 0.00168
target: -0.30500 -0.00186
target: -0.30500 -0.00186
fb: -0.29855 0.01108 0.07197 0.05199
fb: -0.29480 0.00718 0.07010 0.05012
dist/lin/ang/drive_left/drive_right/tv_l/tv_r/av_l/av_r/x/y/theta/t_err: -0.00719 -0.00180 -0.01612 -0.30198 -0.28762 -0.05767 -0.12047 -0.05767 -0.12047 0.14906 0.24902 226.23506 0.00003
target: -0.00180 -0.00211
target: -0.00180 -0.00211
fb: -0.28509 0.00139 0.78893 0.78879
fb: -0.22882 -0.00982 0.76079 0.76066
dist/lin/ang/drive_left/drive_right/tv_l/tv_r/av_l/av_r/x/y/theta/t_err: -0.00261 -0.00065 0.00389 -0.21900 -0.23865 0.07686 0.03097 0.07686 0.03097 0.02444 0.11889 226.22398 0.00023
target: -0.00065 0.00051
target: -0.00065 0.00051
fb: -0.17851 -0.02536 0.11788 0.14701
fb: -0.11827 -0.03442 -0.04910 0.05808
dist/lin/ang/drive_left/drive_right/tv_l/tv_r/av_l/av_r/x/y/theta/t_err: -0.00024 -0.00006 0.07828 -0.08385 -0.15269 0.38003 0.28986 0.38003 0.28986 -0.04009 0.05175 225.98888 0.00433
target: -0.00006 0.01024
target: -0.00006 0.01024
fb: -0.06598 -0.03762 -0.08851 0.09573
fb: -0.02140 -0.03602 -0.08851 0.09573
dist/lin/ang/drive_left/drive_right/tv_l/tv_r/av_l/av_r/x/y/theta/t_err: 0.00020 0.00005 0.14200 0.01462 -0.05743 0.02667 0.10011 0.02667 0.10011 -0.05182 0.03964 225.66618 0.00996
target: 0.00005 0.01857
target: 0.00005 0.01857
fb: 0.00000 -0.02829 -0.08874 0.09411
fb: -0.00177 -0.01721 -0.08874 0.09411
dist/lin/ang/drive_left/drive_right/tv_l/tv_r/av_l/av_r/x/y/theta/t_err: 0.00024 0.00006 0.15720 0.01544 -0.01898 -0.07736 0.08606 -0.07736 0.08606 -0.05279 0.03865 225.44586 0.01381
target: 0.00006 0.02056
target: 0.00006 0.02056
fb: -0.00177 -0.00474 -0.06171 0.06669
fb: 0.00000 0.00620 -0.06171 0.06669
start is 0.00000 0.00000
dist/lin/ang/drive_left/drive_right/tv_l/tv_r/av_l/av_r/x/y/theta/t_err: 0.86210 0.09144 1.20000 0.00000 0.00000 -0.00017 -0.00000 -0.00017 -0.00000 0.00000 0.00000 -0.00002 0.78540
target: 0.09144 0.15697
target: 0.09144 0.15697
fb: 0.00000 0.00000 -0.63386 1.00000
fb: 0.00000 0.00000 -0.63386 1.00000
dist/lin/ang/drive_left/drive_right/tv_l/tv_r/av_l/av_r/x/y/theta/t_err: 0.86210 0.18288 2.40000 0.00000 0.00000 -0.06656 0.02669 -0.06656 0.02669 0.00000 0.00000 -0.00000 0.78540
target: 0.18288 0.31394
target: 0.18288 0.31394
fb: 0.00000 0.00000 -0.77073 1.00000
fb: 0.00000 0.00599 -0.76773 1.00000
dist/lin/ang/drive_left/drive_right/tv_l/tv_r/av_l/av_r/x/y/theta/t_err: 0.86210 0.27432 3.60000 -0.00599 0.00599 -0.40586 0.49414 -0.40586 0.49414 0.00000 0.00000 0.00005 0.78540
target: 0.27432 0.47092
target: 0.27432 0.47092
fb: 0.00000 0.03686 -0.85640 1.00000
fb: 0.00199 0.07866 -0.83649 1.00000
dist/lin/ang/drive_left/drive_right/tv_l/tv_r/av_l/av_r/x/y/theta/t_err: 0.86210 0.36576 4.80000 -0.07668 0.08065 -0.48133 0.71283 -0.48133 0.71283 0.00000 0.00000 0.13966 0.78296
target: 0.36576 0.62789
target: 0.36576 0.62789
fb: 0.00971 0.11984 -0.92387 1.00000
fb: 0.02140 0.15726 -0.91101 1.00000
dist/lin/ang/drive_left/drive_right/tv_l/tv_r/av_l/av_r/x/y/theta/t_err: 0.86197 0.44330 6.00000 -0.13585 0.17866 -0.50664 0.77633 -0.50664 0.77633 0.00764 0.00008 0.91341 0.76961
target: 0.44330 0.78486
target: 0.44330 0.78486
fb: 0.02714 0.19147 -1.00000 1.00000
fb: 0.02913 0.22254 -1.00000 1.00000
dist/lin/ang/drive_left/drive_right/tv_l/tv_r/av_l/av_r/x/y/theta/t_err: 0.86157 0.46769 6.00000 -0.19342 0.25167 -0.54667 0.82200 -0.54667 0.82200 0.02901 0.00067 2.35899 0.74482
target: 0.46769 0.78486
target: 0.46769 0.78486
fb: 0.03508 0.25578 -0.39131 1.00000
fb: 0.03288 0.28853 -0.37383 1.00000
dist/lin/ang/drive_left/drive_right/tv_l/tv_r/av_l/av_r/x/y/theta/t_err: 0.86105 0.50327 5.76088 -0.25565 0.32140 -0.52906 0.85842 -0.52906 0.85842 0.05658 0.00231 4.37549 0.71016
target: 0.50327 0.75358
target: 0.50327 0.75358
fb: 0.03685 0.32504 -0.12685 1.00000
fb: 0.05053 0.35333 -0.11955 1.00000
dist/lin/ang/drive_left/drive_right/tv_l/tv_r/av_l/av_r/x/y/theta/t_err: 0.86048 0.55211 5.27216 -0.30280 0.40386 -0.30200 0.89797 -0.30200 0.89797 0.08545 0.00525 6.97944 0.66526
target: 0.55211 0.68965
target: 0.55211 0.68965
fb: 0.06575 0.38182 0.39615 1.00000
fb: 0.08716 0.40523 0.39715 1.00000
dist/lin/ang/drive_left/drive_right/tv_l/tv_r/av_l/av_r/x/y/theta/t_err: 0.85942 0.61518 4.71651 -0.31808 0.49239 -0.05869 0.91644 -0.05869 0.91644 0.13663 0.01304 10.12642 0.61124
target: 0.61518 0.61697
target: 0.61518 0.61697
fb: 0.10481 0.42008 0.63457 1.00000
fb: 0.12025 0.43554 0.63458 0.99397
dist/lin/ang/drive_left/drive_right/tv_l/tv_r/av_l/av_r/x/y/theta/t_err: 0.85767 0.69225 4.12540 -0.31529 0.55580 0.36242 0.89917 0.36242 0.89917 0.21735 0.03013 13.68789 0.55042
target: 0.69225 0.53964
target: 0.69225 0.53964
fb: 0.14342 0.44042 0.86294 0.99482
fb: 0.18226 0.43443 0.84053 0.97840
dist/lin/ang/drive_left/drive_right/tv_l/tv_r/av_l/av_r/x/y/theta/t_err: 0.85517 0.78200 3.52762 -0.25217 0.61668 0.52992 0.58878 0.52992 0.58878 0.32606 0.06066 17.49760 0.48558
target: 0.78200 0.46145
target: 0.78200 0.46145
fb: 0.22308 0.41854 1.00000 1.00000
fb: 0.24249 0.40224 1.00000 1.00000
dist/lin/ang/drive_left/drive_right/tv_l/tv_r/av_l/av_r/x/y/theta/t_err: 0.85116 0.87344 3.00161 -0.15974 0.64473 0.52636 0.46283 0.52636 0.46283 0.49166 0.11917 21.24619 0.42244
target: 0.87344 0.39264
target: 0.87344 0.39264
fb: 0.26765 0.38496 1.00000 1.00000
fb: 0.30053 0.36183 1.00000 1.00000
dist/lin/ang/drive_left/drive_right/tv_l/tv_r/av_l/av_r/x/y/theta/t_err: 0.84621 0.96488 2.54953 -0.06130 0.66235 0.49178 0.71592 0.49178 0.71592 0.68552 0.20177 24.72170 0.36419
target: 0.96488 0.33350
target: 0.96488 0.33350
fb: 0.33561 0.34420 1.00000 1.00000
fb: 0.40159 0.33382 1.00000 1.00000
dist/lin/ang/drive_left/drive_right/tv_l/tv_r/av_l/av_r/x/y/theta/t_err: 0.83988 1.05632 2.16620 0.06777 0.73541 0.64647 0.80353 0.64647 0.80353 0.92227 0.31911 27.84764 0.31226
target: 1.05632 0.28336
target: 1.05632 0.28336
fb: 0.44991 0.32483 1.00000 1.00000
fb: 0.50419 0.31110 1.00000 1.00000
dist/lin/ang/drive_left/drive_right/tv_l/tv_r/av_l/av_r/x/y/theta/t_err: 0.83125 1.14776 1.80180 0.19309 0.81530 0.72994 0.82644 0.72994 0.82644 1.23113 0.49257 30.74501 0.26476
target: 1.14776 0.23569
target: 1.14776 0.23569
fb: 0.59334 0.29828 1.00000 1.00000
fb: 0.61276 0.28233 1.00000 1.00000
dist/lin/ang/drive_left/drive_right/tv_l/tv_r/av_l/av_r/x/y/theta/t_err: 0.81973 1.23920 1.46546 0.33043 0.89508 0.79856 0.83789 0.79856 0.83789 1.62663 0.74121 33.44180 0.22113
target: 1.23920 0.19170
target: 1.23920 0.19170
fb: 0.64012 0.26853 1.00000 1.00000
fb: 0.71559 0.25250 1.00000 1.00000
dist/lin/ang/drive_left/drive_right/tv_l/tv_r/av_l/av_r/x/y/theta/t_err: 0.80719 1.32793 1.16785 0.46308 0.96809 0.83261 0.85042 0.83261 0.85042 2.04087 1.02832 35.88181 0.18167
target: 1.32793 0.15277
target: 1.32793 0.15277
fb: 0.73103 0.23892 1.00000 1.00000
fb: 0.77781 0.22589 1.00000 1.00000
dist/lin/ang/drive_left/drive_right/tv_l/tv_r/av_l/av_r/x/y/theta/t_err: 0.79276 1.40676 0.90873 0.55192 1.00370 0.84989 0.85264 0.84989 0.85264 2.50067 1.37456 38.06633 0.14653
target: 1.40676 0.11887
target: 1.40676 0.11887
fb: 0.82812 0.21167 1.00000 1.00000
fb: 0.86100 0.19335 1.00000 1.00000
dist/lin/ang/drive_left/drive_right/tv_l/tv_r/av_l/av_r/x/y/theta/t_err: 0.77634 1.47990 0.67987 0.66765 1.05435 0.84783 0.84872 0.84783 0.84872 3.00704 1.78535 40.01156 0.11533
target: 1.47990 0.08893
target: 1.47990 0.08893
fb: 0.94640 0.17398 1.00000 1.00000
fb: 0.97553 0.15858 1.00000 1.00000
dist/lin/ang/drive_left/drive_right/tv_l/tv_r/av_l/av_r/x/y/theta/t_err: 0.75751 1.54396 0.50253 0.81695 1.13411 0.85331 0.85606 0.85331 0.85606 3.57046 2.27305 41.66208 0.08902
target: 1.54396 0.06574
target: 1.54396 0.06574
fb: 0.98524 0.14890 1.00000 1.00000
fb: 1.10726 0.14012 1.00000 1.00000
dist/lin/ang/drive_left/drive_right/tv_l/tv_r/av_l/av_r/x/y/theta/t_err: 0.73787 1.59906 0.35799 0.96714 1.24738 0.86222 0.86153 0.86222 0.86153 4.14360 2.79585 43.03488 0.06711
target: 1.59906 0.04683
target: 1.59906 0.04683
fb: 1.13838 0.13427 1.00000 1.00000
fb: 1.13065 0.12883 1.00000 1.00000
dist/lin/ang/drive_left/drive_right/tv_l/tv_r/av_l/av_r/x/y/theta/t_err: 0.71514 1.64932 0.21526 1.00182 1.25948 0.87114 0.86839 0.87114 0.86839 4.79235 3.41437 44.25294 0.04765
target: 1.64932 0.02816
target: 1.64932 0.02816
fb: 1.10351 0.12347 1.00000 1.00000
fb: 1.19089 0.11775 1.00000 1.00000
dist/lin/ang/drive_left/drive_right/tv_l/tv_r/av_l/av_r/x/y/theta/t_err: 0.69308 1.69758 0.07087 1.07314 1.30865 0.88086 0.87489 0.88086 0.87489 5.40895 4.02657 45.36670 0.02943
target: 1.69758 0.00927
target: 1.69758 0.00927
fb: 1.34006 0.11127 1.00000 1.00000
fb: 1.27408 0.10194 1.00000 1.00000
dist/lin/ang/drive_left/drive_right/tv_l/tv_r/av_l/av_r/x/y/theta/t_err: 0.66629 1.74339 -0.06129 1.17215 1.37602 0.88361 0.88397 0.88361 0.88397 6.14353 4.78402 46.38242 0.01253
target: 1.74339 -0.00802
target: 1.74339 -0.00802
fb: 1.28004 0.09239 1.00000 1.00000
fb: 1.36919 0.08591 1.00000 1.00000
dist/lin/ang/drive_left/drive_right/tv_l/tv_r/av_l/av_r/x/y/theta/t_err: 0.64069 1.77070 -0.17410 1.28328 1.45510 0.88892 0.88925 0.88892 0.88925 6.83297 5.51923 47.26098 -0.00263
target: 1.77070 -0.02277
target: 1.77070 -0.02277
fb: 1.37691 0.08347 1.00000 1.00000
fb: 1.39655 0.08194 1.00000 1.00000
dist/lin/ang/drive_left/drive_right/tv_l/tv_r/av_l/av_r/x/y/theta/t_err: 0.61315 1.73347 -0.27428 1.31461 1.47849 0.89714 0.89367 0.89714 0.89367 7.56353 6.32031 48.01272 -0.01616
target: 1.73347 -0.03588
target: 1.73347 -0.03588
fb: 1.43517 0.07811 0.85459 0.69485
fb: 1.47775 0.07191 0.83329 0.67356
dist/lin/ang/drive_left/drive_right/tv_l/tv_r/av_l/av_r/x/y/theta/t_err: 0.58445 1.69687 -0.39077 1.40585 1.54966 0.86481 0.83261 0.86481 0.83261 8.31420 7.16499 48.72530 -0.02970
target: 1.69687 -0.05112
target: 1.69687 -0.05112
fb: 1.55145 0.06508 0.78547 0.58607
fb: 1.52233 0.06173 0.80004 0.60064
dist/lin/ang/drive_left/drive_right/tv_l/tv_r/av_l/av_r/x/y/theta/t_err: 0.55345 1.66339 -0.48978 1.46059 1.58406 0.76247 0.65978 0.76247 0.65978 9.11504 8.08749 49.33445 -0.04230
target: 1.66339 -0.06407
target: 1.66339 -0.06407
fb: 1.50313 0.05734 0.78996 0.59376
fb: 1.55543 0.04661 0.76381 0.56761
dist/lin/ang/drive_left/drive_right/tv_l/tv_r/av_l/av_r/x/y/theta/t_err: 0.52342 1.63214 -0.58602 1.50881 1.60204 0.76914 0.60300 0.76914 0.60300 9.88203 8.98890 49.86435 -0.05425
target: 1.63214 -0.07666
target: 1.63214 -0.07666
fb: 1.51262 0.03742 0.77253 0.56270
fb: 1.51284 0.03121 0.77242 0.56259
dist/lin/ang/drive_left/drive_right/tv_l/tv_r/av_l/av_r/x/y/theta/t_err: 0.49322 1.60571 -0.65733 1.48163 1.54405 0.75578 0.57494 0.75578 0.57494 10.64660 9.90214 50.24934 -0.06451
target: 1.60571 -0.08599
target: 1.60571 -0.08599
fb: 1.53998 0.02655 0.74559 0.55259
fb: 1.54748 0.02083 0.74184 0.54884
dist/lin/ang/drive_left/drive_right/tv_l/tv_r/av_l/av_r/x/y/theta/t_err: 0.46249 1.58271 -0.72291 1.52665 1.56832 0.75936 0.56431 0.75936 0.56431 11.41979 10.83623 50.51245 -0.07355
target: 1.58271 -0.09456
target: 1.58271 -0.09456
fb: 1.60574 0.01484 0.70785 0.51009
fb: 1.57683 0.00272 0.72231 0.52455
dist/lin/ang/drive_left/drive_right/tv_l/tv_r/av_l/av_r/x/y/theta/t_err: 0.43048 1.53638 -0.79158 1.57411 1.57955 0.73764 0.56344 0.73764 0.56344 12.22227 11.81329 50.68167 -0.08210
target: 1.53638 -0.10355
target: 1.53638 -0.10355
fb: 1.55940 -0.01164 0.60333 0.38984
fb: 1.59029 -0.02494 0.58788 0.37440
dist/lin/ang/drive_left/drive_right/tv_l/tv_r/av_l/av_r/x/y/theta/t_err: 0.39940 1.46516 -0.82210 1.61524 1.56535 0.69794 0.55767 0.69794 0.55767 13.00012 12.76335 50.67145 -0.08834
target: 1.46516 -0.10754
target: 1.46516 -0.10754
fb: 1.51063 -0.03463 0.44351 0.26955
fb: 1.47577 -0.04062 0.46094 0.28698
dist/lin/ang/drive_left/drive_right/tv_l/tv_r/av_l/av_r/x/y/theta/t_err: 0.36931 1.40254 -0.81200 1.51639 1.43515 0.59700 0.47858 0.59700 0.47858 13.75569 13.68203 50.42770 -0.09115
target: 1.40254 -0.10622
target: 1.40254 -0.10622
fb: 1.50313 -0.04696 0.39984 0.27541
fb: 1.47974 -0.05888 0.41154 0.28711
dist/lin/ang/drive_left/drive_right/tv_l/tv_r/av_l/av_r/x/y/theta/t_err: 0.33938 1.34199 -0.80546 1.53862 1.42086 0.50203 0.40211 0.50203 0.40211 14.51257 14.59195 50.04824 -0.09231
target: 1.34199 -0.10536
target: 1.34199 -0.10536
fb: 1.51262 -0.07191 0.34974 0.22220
fb: 1.45458 -0.08493 0.37875 0.25122
dist/lin/ang/drive_left/drive_right/tv_l/tv_r/av_l/av_r/x/y/theta/t_err: 0.30925 1.28333 -0.77330 1.53952 1.36965 0.43358 0.36803 0.43358 0.36803 15.28160 15.50143 49.49409 -0.09120
target: 1.28333 -0.10116
target: 1.28333 -0.10116
fb: 1.40030 -0.09218 0.34207 0.25030
fb: 1.43914 -0.08974 0.32265 0.23088
dist/lin/ang/drive_left/drive_right/tv_l/tv_r/av_l/av_r/x/y/theta/t_err: 0.28135 1.23392 -0.69155 1.52888 1.34940 0.42469 0.31417 0.42469 0.31417 16.00330 16.33502 48.72635 -0.08621
target: 1.23392 -0.09046
target: 1.23392 -0.09046
fb: 1.34006 -0.08946 0.32786 0.30877
fb: 1.25467 -0.10103 0.37056 0.35147
dist/lin/ang/drive_left/drive_right/tv_l/tv_r/av_l/av_r/x/y/theta/t_err: 0.25465 1.18417 -0.64025 1.35570 1.15364 0.41611 0.32033 0.41611 0.32033 16.70460 17.12340 47.93536 -0.08077
target: 1.18417 -0.08375
target: 1.18417 -0.08375
fb: 1.23922 -0.10897 0.34505 0.29905
fb: 1.20634 -0.10800 0.36149 0.31549
dist/lin/ang/drive_left/drive_right/tv_l/tv_r/av_l/av_r/x/y/theta/t_err: 0.22994 1.13970 -0.54622 1.31434 1.09834 0.41339 0.33931 0.41339 0.33931 17.36385 17.84277 47.02691 -0.07279
target: 1.13970 -0.07145
target: 1.13970 -0.07145
fb: 1.19487 -0.10430 0.31444 0.33519
fb: 1.13066 -0.10047 0.34654 0.36730
dist/lin/ang/drive_left/drive_right/tv_l/tv_r/av_l/av_r/x/y/theta/t_err: 0.20610 1.09464 -0.45822 1.23113 1.03018 0.39183 0.31039 0.39183 0.31039 18.01085 18.52582 46.08167 -0.06377
target: 1.09464 -0.05994
target: 1.09464 -0.05994
fb: 1.13242 -0.09992 0.29808 0.32714
fb: 1.12095 -0.10221 0.30382 0.33287
dist/lin/ang/drive_left/drive_right/tv_l/tv_r/av_l/av_r/x/y/theta/t_err: 0.18349 1.04710 -0.38838 1.22316 1.01873 0.36019 0.32169 0.36019 0.32169 18.63443 19.16317 45.19411 -0.05517
target: 1.04710 -0.05080
target: 1.04710 -0.05080
fb: 1.02981 -0.10340 0.30072 0.32060
fb: 1.03180 -0.10033 0.29973 0.31960
dist/lin/ang/drive_left/drive_right/tv_l/tv_r/av_l/av_r/x/y/theta/t_err: 0.16292 1.07641 -0.29328 1.13213 0.93147 0.33983 0.32786 0.33983 0.32786 19.21028 19.73404 44.29259 -0.04543
target: 1.07641 -0.03836
target: 1.07641 -0.03836
fb: 1.01437 -0.09427 0.61933 0.68564
fb: 0.97156 -0.08744 0.64073 0.70704
dist/lin/ang/drive_left/drive_right/tv_l/tv_r/av_l/av_r/x/y/theta/t_err: 0.14256 1.00690 -0.10863 1.05900 0.88412 0.33931 0.34786 0.33931 0.34786 19.78616 20.28749 43.42378 -0.03026
target: 1.00690 -0.01421
target: 1.00690 -0.01421
fb: 0.96582 -0.08096 0.11613 0.32016
fb: 0.92324 -0.07671 0.13742 0.34146
dist/lin/ang/drive_left/drive_right/tv_l/tv_r/av_l/av_r/x/y/theta/t_err: 0.12329 0.93641 -0.01446 0.99995 0.84652 0.44831 0.60144 0.44831 0.60144 20.34198 20.80653 42.66659 -0.01705
target: 0.93641 -0.00189
target: 0.93641 -0.00189
fb: 0.93295 -0.07413 0.10943 0.22340
fb: 0.96958 -0.06410 0.09111 0.20509
dist/lin/ang/drive_left/drive_right/tv_l/tv_r/av_l/av_r/x/y/theta/t_err: 0.10467 0.86278 0.07108 1.03368 0.90547 0.20908 0.37611 0.20908 0.37611 20.88514 21.30112 41.99600 -0.00534
target: 0.86278 0.00930
target: 0.86278 0.00930
fb: 0.89014 -0.04682 -0.06928 0.16751
fb: 0.89985 -0.02689 -0.07414 0.16266
dist/lin/ang/drive_left/drive_right/tv_l/tv_r/av_l/av_r/x/y/theta/t_err: 0.08688 0.78605 0.12343 0.92674 0.87295 0.09564 0.23461 0.09564 0.23461 21.40821 21.76764 41.47421 0.00376
target: 0.78605 0.01615
target: 0.78605 0.01615
fb: 0.85704 -0.00592 -0.12006 0.08677
fb: 0.82813 0.01254 -0.10560 0.10123
dist/lin/ang/drive_left/drive_right/tv_l/tv_r/av_l/av_r/x/y/theta/t_err: 0.06974 0.70426 0.09496 0.81559 0.84068 -0.05714 0.17592 -0.05714 0.17592 21.91471 22.21358 41.28139 0.00713
target: 0.70426 0.01242
target: 0.70426 0.01242
fb: 0.83211 0.01986 -0.15223 -0.17344
fb: 0.70788 0.03108 -0.09011 -0.11133
dist/lin/ang/drive_left/drive_right/tv_l/tv_r/av_l/av_r/x/y/theta/t_err: 0.05310 0.61450 0.02399 0.67680 0.73895 -0.10319 0.11344 -0.10319 0.11344 22.40675 22.64623 41.39633 0.00512
target: 0.61450 0.00314
target: 0.61450 0.00314
fb: 0.68272 0.04571 -0.15998 -0.24372
fb: 0.66727 0.05323 -0.15225 -0.23600
dist/lin/ang/drive_left/drive_right/tv_l/tv_r/av_l/av_r/x/y/theta/t_err: 0.03944 0.52959 -0.05387 0.61404 0.72051 -0.10181 -0.10744 -0.10181 -0.10744 22.80917 23.00267 41.69796 -0.00014
target: 0.52959 -0.00705
target: 0.52959 -0.00705
fb: 0.58762 0.05247 -0.15952 -0.26509
fb: 0.50421 0.05135 -0.11781 -0.22339
dist/lin/ang/drive_left/drive_right/tv_l/tv_r/av_l/av_r/x/y/theta/t_err: 0.02767 0.44363 -0.14873 0.45286 0.55556 -0.13775 -0.21097 -0.13775 -0.21097 23.15348 23.31175 42.15233 -0.00807
target: 0.44363 -0.01945
target: 0.44363 -0.01945
fb: 0.45191 0.05156 0.09598 -0.12471
fb: 0.38968 0.04940 0.12709 -0.09360
dist/lin/ang/drive_left/drive_right/tv_l/tv_r/av_l/av_r/x/y/theta/t_err: 0.01862 0.36392 -0.21516 0.34028 0.43908 -0.08967 -0.19233 -0.08967 -0.19233 23.41637 23.55155 42.60128 -0.01591
target: 0.36392 -0.02815
target: 0.36392 -0.02815
fb: 0.31996 0.04522 0.09421 -0.10466
fb: 0.25619 0.03344 0.12610 -0.07278
dist/lin/ang/drive_left/drive_right/tv_l/tv_r/av_l/av_r/x/y/theta/t_err: 0.01221 0.29469 -0.27274 0.22274 0.28963 0.10267 -0.10369 0.10267 -0.10369 23.60121 23.72274 43.02000 -0.02322
target: 0.29469 -0.03568
target: 0.29469 -0.03568
fb: 0.21911 0.01010 0.10517 -0.09336
fb: 0.19771 -0.01310 0.11587 -0.08266
dist/lin/ang/drive_left/drive_right/tv_l/tv_r/av_l/av_r/x/y/theta/t_err: 0.00782 0.23584 -0.27515 0.21081 0.18461 0.11822 -0.07717 0.11822 -0.07717 23.72707 23.84075 43.25254 -0.02727
target: 0.23584 -0.03599
target: 0.23584 -0.03599
fb: 0.16880 -0.03191 0.06765 -0.06636
fb: 0.14939 -0.04982 0.07736 -0.05665
dist/lin/ang/drive_left/drive_right/tv_l/tv_r/av_l/av_r/x/y/theta/t_err: 0.00445 0.00111 -0.18382 0.19920 0.09957 0.11072 -0.07272 0.11072 -0.07272 23.82396 23.93174 43.09625 -0.02455
target: 0.00111 -0.02405
target: 0.00111 -0.02405
fb: 0.12997 -0.06661 -0.54572 -0.47532
fb: 0.10856 -0.08103 -0.54572 -0.47532
dist/lin/ang/drive_left/drive_right/tv_l/tv_r/av_l/av_r/x/y/theta/t_err: 0.00187 0.00047 -0.05552 0.18960 0.02753 0.05319 -0.10542 0.05319 -0.10542 23.89894 24.00139 42.61700 -0.01618
target: 0.00047 -0.00726
target: 0.00047 -0.00726
fb: 0.10856 -0.09148 -0.11080 0.11345
fb: 0.08539 -0.10249 -0.11080 0.11345
dist/lin/ang/drive_left/drive_right/tv_l/tv_r/av_l/av_r/x/y/theta/t_err: -0.00028 -0.00007 0.09926 0.18789 -0.01710 -0.33111 -0.19131 -0.33111 -0.19131 23.96222 24.05886 41.88256 -0.00336
target: -0.00007 0.01298
target: -0.00007 0.01298
fb: 0.02714 -0.09267 -0.13993 0.14263
fb: 0.00000 -0.06835 -0.13993 0.14263
final error: 0.07625, x: 0.02181, y: -0.07307
final local error: 0.07625, forwards: -0.03149, sideways: -0.06945
position: 23.97819 24.07307 41.01787
took 1.14000 time to finish turn
dist/lin/ang/drive_left/drive_right/tv_l/tv_r/av_l/av_r/x/y/theta/t_err: -0.86144 -0.09144 0.69299 0.00000 0.00000 0.00000 0.00000 0.00000 0.00000 23.93027 24.03259 220.50534 0.08058
target: -0.09144 0.09065
target: -0.09144 0.09065
fb: 0.00000 0.00000 -0.72439 0.29586
fb: 0.00000 0.00000 -0.72439 0.29586
dist/lin/ang/drive_left/drive_right/tv_l/tv_r/av_l/av_r/x/y/theta/t_err: -0.86144 -0.18288 0.69297 0.00000 0.00000 -0.05475 0.08042 -0.05475 0.08042 23.93027 24.03259 220.50541 0.08058
target: -0.18288 0.09065
target: -0.18288 0.09065
fb: 0.00000 0.00000 -0.44173 -0.32518
fb: 0.00000 0.01268 -0.44173 -0.32518
dist/lin/ang/drive_left/drive_right/tv_l/tv_r/av_l/av_r/x/y/theta/t_err: -0.86144 -0.27432 0.68371 -0.01268 0.01268 -0.44075 0.13447 -0.44075 0.13447 23.93027 24.03259 220.53396 0.08008
target: -0.27432 0.08944
target: -0.27432 0.08944
fb: 0.00000 0.04564 -0.51503 -0.41098
fb: 0.00000 0.06975 -0.51503 -0.41098
dist/lin/ang/drive_left/drive_right/tv_l/tv_r/av_l/av_r/x/y/theta/t_err: -0.86144 -0.36576 0.54306 -0.06975 0.06975 -0.34633 -0.25392 -0.34633 -0.25392 23.93027 24.03259 220.98257 0.07225
target: -0.36576 0.07104
target: -0.36576 0.07104
fb: 0.00000 0.08709 -0.50492 -0.58021
fb: 0.00000 0.09121 -0.50492 -0.58021
dist/lin/ang/drive_left/drive_right/tv_l/tv_r/av_l/av_r/x/y/theta/t_err: -0.86144 -0.45720 0.37437 -0.09121 0.09121 -0.44900 -0.40811 -0.44900 -0.40811 23.93027 24.03259 221.74340 0.05897
target: -0.45720 0.04897
target: -0.45720 0.04897
fb: -0.08142 0.08689 -0.51247 -0.65034
fb: -0.20543 0.08006 -0.45046 -0.58833
dist/lin/ang/drive_left/drive_right/tv_l/tv_r/av_l/av_r/x/y/theta/t_err: -0.85734 -0.54864 0.27055 -0.28549 -0.12538 -0.45772 -0.44642 -0.45772 -0.44642 23.81036 23.92402 222.48644 0.04625
target: -0.54864 0.03539
target: -0.54864 0.03539
fb: -0.24626 0.07288 -0.76403 -0.84416
fb: -0.27340 0.06556 -0.75046 -0.83059
dist/lin/ang/drive_left/drive_right/tv_l/tv_r/av_l/av_r/x/y/theta/t_err: -0.85187 -0.64008 0.20221 -0.33896 -0.20783 -0.47314 -0.42708 -0.47314 -0.42708 23.65246 23.77770 223.10367 0.03574
target: -0.64008 0.02645
target: -0.64008 0.02645
fb: -0.30451 0.06034 -0.83310 -0.88351
fb: -0.33761 0.05560 -0.81655 -0.86696
dist/lin/ang/drive_left/drive_right/tv_l/tv_r/av_l/av_r/x/y/theta/t_err: -0.84512 -0.73152 0.14456 -0.39321 -0.28201 -0.51367 -0.43753 -0.51367 -0.43753 23.45925 23.59512 223.61929 0.02699
target: -0.73152 0.01891
target: -0.73152 0.01891
fb: -0.38968 0.04870 -0.87504 -0.92306
fb: -0.42080 0.04626 -0.85948 -0.90750
dist/lin/ang/drive_left/drive_right/tv_l/tv_r/av_l/av_r/x/y/theta/t_err: -0.83671 -0.82296 0.09915 -0.46706 -0.37453 -0.52461 -0.44283 -0.52461 -0.44283 23.22025 23.36564 224.04211 0.01984
target: -0.82296 0.01297
target: -0.82296 0.01297
fb: -0.46758 0.04201 -0.92262 -0.96424
fb: -0.51965 0.04146 -0.89658 -0.93821
dist/lin/ang/drive_left/drive_right/tv_l/tv_r/av_l/av_r/x/y/theta/t_err: -0.82632 -0.91440 0.05462 -0.56111 -0.47820 -0.50117 -0.49944 -0.50117 -0.49944 22.92706 23.08021 224.41136 0.01360
target: -0.91440 0.00714
target: -0.91440 0.00714
fb: -0.51193 0.03477 -0.98035 -1.00000
fb: -0.52958 0.03393 -0.97152 -1.00000
dist/lin/ang/drive_left/drive_right/tv_l/tv_r/av_l/av_r/x/y/theta/t_err: -0.81573 -1.00584 0.01896 -0.56351 -0.49565 -0.47019 -0.46525 -0.47019 -0.46525 22.63002 22.78755 224.72132 0.00833
target: -1.00584 0.00248
target: -1.00584 0.00248
fb: -0.55474 0.03115 -1.00000 -1.00000
fb: -0.58364 0.03289 -1.00000 -1.00000
dist/lin/ang/drive_left/drive_right/tv_l/tv_r/av_l/av_r/x/y/theta/t_err: -0.80406 -1.09728 -0.01806 -0.61653 -0.55076 -0.49194 -0.59939 -0.49194 -0.59939 22.30431 22.46335 225.00252 0.00351
target: -1.09728 -0.00236
target: -1.09728 -0.00236
fb: -0.64764 0.02620 -1.00000 -1.00000
fb: -0.68272 0.01679 -1.00000 -1.00000
dist/lin/ang/drive_left/drive_right/tv_l/tv_r/av_l/av_r/x/y/theta/t_err: -0.79040 -1.18872 -0.03486 -0.69951 -0.66593 -0.76367 -0.77272 -0.76367 -0.77272 21.92495 22.08247 225.20439 0.00001
target: -1.18872 -0.00456
target: -1.18872 -0.00456
fb: -0.75642 0.01129 -1.00000 -1.00000
fb: -0.81467 0.00502 -1.00000 -1.00000
dist/lin/ang/drive_left/drive_right/tv_l/tv_r/av_l/av_r/x/y/theta/t_err: -0.77411 -1.28016 -0.02608 -0.81969 -0.80966 -0.84511 -0.83536 -0.84511 -0.83536 21.47334 21.62690 225.28410 -0.00140
target: -1.28016 -0.00341
target: -1.28016 -0.00341
fb: -0.80099 -0.00272 -1.00000 -1.00000
fb: -0.84733 -0.00307 -1.00000 -1.00000
dist/lin/ang/drive_left/drive_right/tv_l/tv_r/av_l/av_r/x/y/theta/t_err: -0.75716 -1.37160 -0.00851 -0.84427 -0.85040 -0.86342 -0.85761 -0.86342 -0.85761 21.00388 21.15282 225.27164 -0.00121
target: -1.37160 -0.00111
target: -1.37160 -0.00111
fb: -0.89588 0.00000 -1.00000 -1.00000
fb: -0.95038 0.00543 -1.00000 -1.00000
dist/lin/ang/drive_left/drive_right/tv_l/tv_r/av_l/av_r/x/y/theta/t_err: -0.73815 -1.46304 -0.01441 -0.95581 -0.94495 -0.86614 -0.86492 -0.86614 -0.86492 20.47724 20.62117 225.28225 -0.00142
target: -1.46304 -0.00188
target: -1.46304 -0.00188
fb: -0.91552 0.00725 -1.00000 -1.00000
fb: -0.96384 0.00258 -1.00000 -1.00000
dist/lin/ang/drive_left/drive_right/tv_l/tv_r/av_l/av_r/x/y/theta/t_err: -0.71888 -1.55448 -0.02857 -0.96642 -0.96126 -0.87761 -0.87403 -0.87761 -0.87403 19.94351 20.08164 225.32961 -0.00230
target: -1.55448 -0.00374
target: -1.55448 -0.00374
fb: -1.09756 -0.00056 -1.00000 -1.00000
fb: -1.11896 -0.00411 -1.00000 -1.00000
dist/lin/ang/drive_left/drive_right/tv_l/tv_r/av_l/av_r/x/y/theta/t_err: -0.69650 -1.64592 -0.01681 -1.11485 -1.12307 -0.87536 -0.86942 -0.87536 -0.86942 19.32406 19.45507 225.31626 -0.00214
target: -1.64592 -0.00220
target: -1.64592 -0.00220
fb: -1.08609 -0.00383 -1.00000 -1.00000
fb: -1.10749 0.00000 -1.00000 -1.00000
dist/lin/ang/drive_left/drive_right/tv_l/tv_r/av_l/av_r/x/y/theta/t_err: -0.67435 -1.73736 -0.01110 -1.10749 -1.10749 -0.87250 -0.86925 -0.87250 -0.86925 18.71068 18.83523 225.29024 -0.00175
target: -1.73736 -0.00145
target: -1.73736 -0.00145
fb: -1.14037 -0.00327 -1.00000 -1.00000
fb: -1.18693 -0.00550 -1.00000 -1.00000
dist/lin/ang/drive_left/drive_right/tv_l/tv_r/av_l/av_r/x/y/theta/t_err: -0.65061 -1.77479 -0.00399 -1.18142 -1.19243 -0.88036 -0.87642 -0.88036 -0.87642 18.05298 18.17124 225.25320 -0.00115
target: -1.77479 -0.00052
target: -1.77479 -0.00052
fb: -1.26460 -0.00453 -1.00000 -1.00000
fb: -1.23150 -0.00599 -1.00000 -1.00000
dist/lin/ang/drive_left/drive_right/tv_l/tv_r/av_l/av_r/x/y/theta/t_err: -0.62598 -1.77710 0.00556 -1.22551 -1.23749 -0.88411 -0.87914 -0.88411 -0.87914 17.37005 17.48283 225.20385 -0.00032
target: -1.77710 0.00073
target: -1.77710 0.00073
fb: -1.28380 -0.00829 -1.00000 -1.00000
fb: -1.27409 -0.00836 -1.00000 -1.00000
dist/lin/ang/drive_left/drive_right/tv_l/tv_r/av_l/av_r/x/y/theta/t_err: -0.60050 -1.77568 0.01875 -1.26573 -1.28245 -0.89044 -0.88533 -0.89044 -0.88533 16.66282 16.77130 225.13807 0.00083
target: -1.77568 0.00245
target: -1.77568 0.00245
fb: -1.35176 -0.00746 -1.00000 -0.99186
fb: -1.49342 -0.00808 -0.93354 -0.92102
dist/lin/ang/drive_left/drive_right/tv_l/tv_r/av_l/av_r/x/y/theta/t_err: -0.57063 -1.77184 0.03287 -1.48534 -1.50150 -0.89783 -0.80867 -0.89783 -0.80867 15.83277 15.93835 225.06343 0.00222
target: -1.77184 0.00430
target: -1.77184 0.00430
fb: -1.43318 -0.00801 -0.95229 -0.93621
fb: -1.45657 -0.00390 -0.94060 -0.92452
dist/lin/ang/drive_left/drive_right/tv_l/tv_r/av_l/av_r/x/y/theta/t_err: -0.54150 -1.76868 0.04019 -1.45267 -1.46047 -0.78164 -0.76625 -0.78164 -0.76625 15.02222 15.12693 225.00691 0.00335
target: -1.76868 0.00526
target: -1.76868 0.00526
fb: -1.52630 0.00000 -0.90225 -0.89289
fb: -1.45260 0.00460 -0.93910 -0.92974
dist/lin/ang/drive_left/drive_right/tv_l/tv_r/av_l/av_r/x/y/theta/t_err: -0.51245 -1.76833 0.03123 -1.45720 -1.44800 -0.75528 -0.76947 -0.75528 -0.76947 14.21354 14.31806 225.01044 0.00348
target: -1.76833 0.00409
target: -1.76833 0.00409
fb: -1.51659 0.00564 -0.90759 -0.91897
fb: -1.53778 0.00467 -0.89700 -0.90837
dist/lin/ang/drive_left/drive_right/tv_l/tv_r/av_l/av_r/x/y/theta/t_err: -0.48169 -1.76972 0.02061 -1.54244 -1.53311 -0.75869 -0.76333 -0.75869 -0.76333 13.35778 13.46143 225.05071 0.00298
target: -1.76972 0.00270
target: -1.76972 0.00270
fb: -1.51085 0.00077 -0.91681 -0.93201
fb: -1.57286 0.00195 -0.88581 -0.90100
dist/lin/ang/drive_left/drive_right/tv_l/tv_r/av_l/av_r/x/y/theta/t_err: -0.45023 -1.76981 0.02498 -1.57481 -1.57091 -0.76933 -0.76708 -0.76933 -0.76708 12.48292 12.58482 225.06418 0.00294
target: -1.76981 0.00327
target: -1.76981 0.00327
fb: -1.52431 0.00279 -0.91420 -0.91098
fb: -1.56514 0.00550 -0.89379 -0.89057
dist/lin/ang/drive_left/drive_right/tv_l/tv_r/av_l/av_r/x/y/theta/t_err: -0.41893 -1.71957 0.01559 -1.57064 -1.55963 -0.77478 -0.76467 -0.77478 -0.76467 11.61273 11.71215 225.10548 0.00242
target: -1.71957 0.00204
target: -1.71957 0.00204
fb: -1.55741 0.00620 -0.64158 -0.65616
fb: -1.58455 0.00655 -0.62801 -0.64259
dist/lin/ang/drive_left/drive_right/tv_l/tv_r/av_l/av_r/x/y/theta/t_err: -0.38724 -1.65522 0.00669 -1.59110 -1.57801 -0.78028 -0.75528 -0.78028 -0.75528 10.73255 10.82785 225.15805 0.00166
target: -1.65522 0.00088
target: -1.65522 0.00088
fb: -1.55344 0.00537 -0.52805 -0.54357
fb: -1.60375 0.00272 -0.50289 -0.51841
dist/lin/ang/drive_left/drive_right/tv_l/tv_r/av_l/av_r/x/y/theta/t_err: -0.35516 -1.58669 0.00300 -1.60647 -1.60103 -0.65311 -0.63258 -0.65311 -0.63258 9.84242 9.93212 225.19946 0.00105
target: -1.58669 0.00039
target: -1.58669 0.00039
fb: -1.68716 0.00334 -0.38481 -0.39479
fb: -1.57286 0.00599 -0.44196 -0.45194
dist/lin/ang/drive_left/drive_right/tv_l/tv_r/av_l/av_r/x/y/theta/t_err: -0.32371 -1.51668 -0.00569 -1.57885 -1.56687 -0.55028 -0.53950 -0.55028 -0.53950 8.97010 9.05298 225.24854 0.00026
target: -1.51668 -0.00074
target: -1.51668 -0.00074
fb: -1.53402 0.00648 -0.38795 -0.40528
fb: -1.54175 0.00530 -0.38409 -0.40142
dist/lin/ang/drive_left/drive_right/tv_l/tv_r/av_l/av_r/x/y/theta/t_err: -0.29287 -1.44152 -0.01666 -1.54704 -1.53645 -0.47006 -0.46164 -0.47006 -0.46164 8.11587 8.19042 225.30522 -0.00076
target: -1.44152 -0.00218
target: -1.44152 -0.00218
fb: -1.51659 0.00537 -0.30530 -0.32717
fb: -1.50115 0.00146 -0.31302 -0.33489
dist/lin/ang/drive_left/drive_right/tv_l/tv_r/av_l/av_r/x/y/theta/t_err: -0.26285 -1.36446 -0.01673 -1.50261 -1.49968 -0.45364 -0.44231 -0.45364 -0.44231 7.28476 7.34994 225.33000 -0.00131
target: -1.36446 -0.00219
target: -1.36446 -0.00219
fb: -1.38486 0.00000 -0.29977 -0.30878
fb: -1.40406 0.00000 -0.29018 -0.29918
dist/lin/ang/drive_left/drive_right/tv_l/tv_r/av_l/av_r/x/y/theta/t_err: -0.23477 -1.28940 -0.01227 -1.40406 -1.40406 -0.43922 -0.43325 -0.43922 -0.43325 6.50750 6.56374 225.32450 -0.00136
target: -1.28940 -0.00160
target: -1.28940 -0.00160
fb: -1.48746 0.00125 -0.19119 -0.19400
fb: -1.29373 0.00098 -0.28806 -0.29087
dist/lin/ang/drive_left/drive_right/tv_l/tv_r/av_l/av_r/x/y/theta/t_err: -0.20889 -1.21564 -0.01789 -1.29470 -1.29275 -0.40075 -0.37419 -0.40075 -0.37419 5.79132 5.83932 225.33352 -0.00169
target: -1.21564 -0.00234
target: -1.21564 -0.00234
fb: -1.25467 0.00118 -0.23913 -0.25476
fb: -1.34580 0.00091 -0.19357 -0.20919
dist/lin/ang/drive_left/drive_right/tv_l/tv_r/av_l/av_r/x/y/theta/t_err: -0.18198 -1.13384 -0.02277 -1.34671 -1.34490 -0.34461 -0.35042 -0.34461 -0.35042 5.04645 5.08558 225.34362 -0.00214
target: -1.13384 -0.00298
target: -1.13384 -0.00298
fb: -1.25688 0.00258 -0.13137 -0.14690
fb: -1.13662 0.00118 -0.19150 -0.20703
dist/lin/ang/drive_left/drive_right/tv_l/tv_r/av_l/av_r/x/y/theta/t_err: -0.15925 -1.06422 -0.03090 -1.13780 -1.13543 -0.29156 -0.29858 -0.29156 -0.29858 4.41753 4.44884 225.36328 -0.00281
target: -1.06422 -0.00404
target: -1.06422 -0.00404
fb: -1.17523 -0.00460 -0.15484 -0.17557
fb: -1.10352 -0.00801 -0.19070 -0.21143
dist/lin/ang/drive_left/drive_right/tv_l/tv_r/av_l/av_r/x/y/theta/t_err: -0.13717 -0.98772 -0.01095 -1.09550 -1.11153 -0.24933 -0.25942 -0.24933 -0.25942 3.80687 3.83070 225.32258 -0.00210
target: -0.98772 -0.00143
target: -0.98772 -0.00143
fb: -0.97554 -0.01184 -0.17580 -0.15991
fb: -0.95810 -0.01672 -0.18452 -0.16862
dist/lin/ang/drive_left/drive_right/tv_l/tv_r/av_l/av_r/x/y/theta/t_err: -0.11801 -0.91614 0.01955 -0.94138 -0.97483 -0.22808 -0.21781 -0.22808 -0.21781 3.27594 3.29474 225.20674 -0.00008
target: -0.91614 0.00256
target: -0.91614 0.00256
fb: -0.97156 -0.01937 -0.14113 -0.10742
fb: -0.97355 -0.01630 -0.14014 -0.10643
dist/lin/ang/drive_left/drive_right/tv_l/tv_r/av_l/av_r/x/y/theta/t_err: -0.09854 -0.83716 0.05206 -0.95724 -0.98985 -0.20428 -0.18053 -0.20428 -0.18053 2.73507 2.75152 225.04433 0.00276
target: -0.83716 0.00681
target: -0.83716 0.00681
fb: -0.83387 -0.01024 -0.11245 -0.07062
fb: -0.77187 -0.00432 -0.14345 -0.10162
dist/lin/ang/drive_left/drive_right/tv_l/tv_r/av_l/av_r/x/y/theta/t_err: -0.08310 -0.76879 0.04701 -0.76755 -0.77619 -0.17197 -0.13242 -0.17197 -0.13242 2.30531 2.32177 224.97257 0.00401
target: -0.76879 0.00615
target: -0.76879 0.00615
fb: -0.76414 -0.00125 -0.10495 -0.10816
fb: -0.71935 0.00000 -0.12735 -0.13056
dist/lin/ang/drive_left/drive_right/tv_l/tv_r/av_l/av_r/x/y/theta/t_err: -0.06872 -0.69908 0.03675 -0.71935 -0.71935 -0.15214 -0.12117 -0.15214 -0.12117 1.90456 1.92148 224.96558 0.00413
target: -0.69908 0.00481
target: -0.69908 0.00481
fb: -0.69817 0.00000 -0.06512 -0.07620
fb: -0.61299 -0.00118 -0.10771 -0.11879
dist/lin/ang/drive_left/drive_right/tv_l/tv_r/av_l/av_r/x/y/theta/t_err: -0.05646 -0.63366 0.03649 -0.61181 -0.61418 -0.12631 -0.12236 -0.12631 -0.12236 1.56305 1.58039 224.96263 0.00418
target: -0.63366 0.00477
target: -0.63366 0.00477
fb: -0.57217 0.00000 -0.09151 -0.09083
fb: -0.53708 0.00000 -0.10906 -0.10837
dist/lin/ang/drive_left/drive_right/tv_l/tv_r/av_l/av_r/x/y/theta/t_err: -0.04572 -0.57020 0.03588 -0.53708 -0.53708 -0.11567 -0.11975 -0.11567 -0.11975 1.26382 1.28155 224.96292 0.00418
target: -0.57020 0.00469
target: -0.57020 0.00469
fb: -0.49075 -0.00146 -0.08202 -0.08180
fb: -0.47530 -0.00188 -0.08974 -0.08952
dist/lin/ang/drive_left/drive_right/tv_l/tv_r/av_l/av_r/x/y/theta/t_err: -0.03621 -0.50747 0.03904 -0.47342 -0.47718 -0.11467 -0.11414 -0.11467 -0.11414 0.99899 1.01710 224.95336 0.00435
target: -0.50747 0.00511
target: -0.50747 0.00511
fb: -0.45566 -0.00223 -0.13250 -0.12683
fb: -0.41109 -0.00091 -0.15479 -0.14912
dist/lin/ang/drive_left/drive_right/tv_l/tv_r/av_l/av_r/x/y/theta/t_err: -0.02799 -0.44615 0.04074 -0.41018 -0.41199 -0.11792 -0.11467 -0.11792 -0.11467 0.76990 0.78843 224.94297 0.00453
target: -0.44615 0.00533
target: -0.44615 0.00533
fb: -0.39366 0.00000 -0.11228 -0.10803
fb: -0.37049 0.00000 -0.12387 -0.11962
dist/lin/ang/drive_left/drive_right/tv_l/tv_r/av_l/av_r/x/y/theta/t_err: -0.02058 -0.38256 0.03697 -0.37049 -0.37049 -0.14406 -0.13742 -0.14406 -0.13742 0.56342 0.58235 224.94899 0.00442
target: -0.38256 0.00484
target: -0.38256 0.00484
fb: -0.34732 0.00056 -0.07204 -0.07488
fb: -0.34136 0.00000 -0.07501 -0.07786
dist/lin/ang/drive_left/drive_right/tv_l/tv_r/av_l/av_r/x/y/theta/t_err: -0.01375 -0.31273 0.03576 -0.34136 -0.34136 -0.11636 -0.11072 -0.11636 -0.11072 0.37320 0.39244 224.95597 0.00430
target: -0.31273 0.00468
target: -0.31273 0.00468
fb: -0.30826 0.00000 0.05833 0.06806
fb: -0.28686 0.00084 0.04763 0.05736
dist/lin/ang/drive_left/drive_right/tv_l/tv_r/av_l/av_r/x/y/theta/t_err: -0.00801 -0.23874 0.03470 -0.28769 -0.28602 -0.03883 -0.04058 -0.03883 -0.04058 0.21337 0.23284 224.96299 0.00418
target: -0.23874 0.00454
target: -0.23874 0.00454
fb: -0.26965 0.00153 0.11170 0.12143
fb: -0.22706 0.00000 0.09041 0.10014
dist/lin/ang/drive_left/drive_right/tv_l/tv_r/av_l/av_r/x/y/theta/t_err: -0.00347 -0.00087 0.03226 -0.22706 -0.22706 0.05183 0.06158 0.05183 0.06158 0.08689 0.10649 224.97428 0.00398
target: -0.00087 0.00422
target: -0.00087 0.00422
fb: -0.18028 -0.00293 0.60276 0.61043
fb: -0.11827 -0.00397 0.51305 0.52073
dist/lin/ang/drive_left/drive_right/tv_l/tv_r/av_l/av_r/x/y/theta/t_err: -0.00111 -0.00028 0.04297 -0.11430 -0.12224 0.15436 0.17744 0.15436 0.17744 0.02099 0.04068 224.94736 0.00445
target: -0.00028 0.00562
target: -0.00028 0.00562
fb: -0.06598 0.00000 -0.04801 0.05507
fb: -0.03288 0.00000 -0.04801 0.05507
dist/lin/ang/drive_left/drive_right/tv_l/tv_r/av_l/av_r/x/y/theta/t_err: -0.00045 -0.00011 0.03907 -0.03288 -0.03288 0.20344 0.23644 0.20344 0.23644 0.00267 0.02239 224.94488 0.00449
target: -0.00011 0.00511
target: -0.00011 0.00511
fb: -0.00772 -0.00300 -0.03987 0.04533
fb: 0.00000 -0.00585 -0.03987 0.04533
decreased target to 16.00000
decreased target to 8.00000
decreased target to -0.00000
start is 0.00000 0.00000
dist/lin/ang/drive_left/drive_right/tv_l/tv_r/av_l/av_r/x/y/theta/t_err: 0.60960 0.00000 1.20000 0.00000 0.00000 -0.00000 0.00000 -0.00000 0.00000 0.00000 0.00000 0.00003 1.57080
target: 0.00000 0.15697
target: 0.00000 0.15697
fb: 0.00000 0.00000 -0.85057 0.85546
fb: 0.00000 0.00000 -0.85057 0.85546
dist/lin/ang/drive_left/drive_right/tv_l/tv_r/av_l/av_r/x/y/theta/t_err: 0.60960 0.00000 2.40000 0.00000 0.00000 -0.08264 0.05681 -0.08264 0.05681 0.00000 0.00000 0.00003 1.57080
target: 0.00000 0.31394
target: 0.00000 0.31394
fb: 0.00000 0.00000 -1.00000 1.00000
fb: 0.00000 0.01888 -1.00000 1.00000
dist/lin/ang/drive_left/drive_right/tv_l/tv_r/av_l/av_r/x/y/theta/t_err: 0.60960 0.00000 3.60000 -0.01888 0.01888 -0.39833 0.41544 -0.39833 0.41544 0.00000 0.00000 0.00001 1.57080
target: 0.00000 0.47092
target: 0.00000 0.47092
fb: 0.00000 0.05602 -1.00000 1.00000
fb: 0.00000 0.09518 -1.00000 1.00000
dist/lin/ang/drive_left/drive_right/tv_l/tv_r/av_l/av_r/x/y/theta/t_err: 0.60960 0.00115 4.80000 -0.09518 0.09518 -0.38447 0.45447 -0.38447 0.45447 0.00000 0.00000 0.24906 1.56645
target: 0.00115 0.62789
target: 0.00115 0.62789
fb: 0.00000 0.13336 -1.00000 1.00000
fb: 0.00000 0.17147 -1.00000 1.00000
dist/lin/ang/drive_left/drive_right/tv_l/tv_r/av_l/av_r/x/y/theta/t_err: 0.60960 0.00546 6.00000 -0.17147 0.17147 -0.65364 0.62078 -0.65364 0.62078 0.00000 0.00000 1.16770 1.55042
target: 0.00546 0.78486
target: 0.00546 0.78486
fb: 0.00000 0.21035 -1.00000 1.00000
fb: 0.00000 0.24414 -1.00000 1.00000
dist/lin/ang/drive_left/drive_right/tv_l/tv_r/av_l/av_r/x/y/theta/t_err: 0.60960 0.01318 6.00000 -0.24414 0.24414 -0.73558 0.74722 -0.73558 0.74722 0.00000 0.00000 2.75042 1.52279
target: 0.01318 0.78486
target: 0.01318 0.78486
fb: 0.00000 0.27766 -0.79815 0.84371
fb: 0.00000 0.31187 -0.78104 0.82660
dist/lin/ang/drive_left/drive_right/tv_l/tv_r/av_l/av_r/x/y/theta/t_err: 0.60960 0.02462 6.00000 -0.31187 0.31187 -0.74775 0.74311 -0.74775 0.74311 0.00000 0.00000 4.95486 1.48432
target: 0.02462 0.78486
target: 0.02462 0.78486
fb: 0.00199 0.34747 -0.75160 0.82044
fb: 0.00199 0.38350 -0.73359 0.80243
dist/lin/ang/drive_left/drive_right/tv_l/tv_r/av_l/av_r/x/y/theta/t_err: 0.60960 0.04030 6.00000 -0.38151 0.38548 -0.56739 0.58333 -0.56739 0.58333 0.00155 0.00019 7.75516 1.43551
target: 0.04030 0.78486
target: 0.04030 0.78486
fb: 0.00000 0.41785 -0.70211 0.79955
fb: 0.00000 0.45136 -0.68536 0.78280
dist/lin/ang/drive_left/drive_right/tv_l/tv_r/av_l/av_r/x/y/theta/t_err: 0.60960 0.06140 6.00000 -0.45136 0.45136 -0.61358 0.39681 -0.61358 0.39681 0.00155 0.00019 11.17560 1.37581
target: 0.06140 0.78486
target: 0.06140 0.78486
fb: 0.00000 0.48230 -0.65125 0.78597
fb: 0.00000 0.50828 -0.63826 0.77297
dist/lin/ang/drive_left/drive_right/tv_l/tv_r/av_l/av_r/x/y/theta/t_err: 0.60960 0.08903 6.00000 -0.50828 0.50828 -0.61308 0.50906 -0.61308 0.50906 0.00155 0.00019 15.18433 1.30584
target: 0.08903 0.78486
target: 0.08903 0.78486
fb: 0.00000 0.53636 -0.60091 0.78224
fb: 0.00000 0.56535 -0.58641 0.76775
dist/lin/ang/drive_left/drive_right/tv_l/tv_r/av_l/av_r/x/y/theta/t_err: 0.60960 0.12414 6.00000 -0.56535 0.56535 -0.61325 0.46286 -0.61325 0.46286 0.00155 0.00019 19.68009 1.22738
target: 0.12414 0.78486
target: 0.12414 0.78486
fb: 0.00000 0.59085 -0.54575 0.78292
fb: 0.00000 0.61795 -0.53219 0.76936
dist/lin/ang/drive_left/drive_right/tv_l/tv_r/av_l/av_r/x/y/theta/t_err: 0.60960 0.16871 6.00000 -0.61795 0.61795 -0.56228 0.54294 -0.56228 0.54294 0.00155 0.00019 24.66642 1.14035
target: 0.16871 0.78486
target: 0.16871 0.78486
fb: 0.00000 0.64199 -0.48474 0.79278
fb: 0.00000 0.66415 -0.47366 0.78170
dist/lin/ang/drive_left/drive_right/tv_l/tv_r/av_l/av_r/x/y/theta/t_err: 0.60960 0.22500 6.00000 -0.66415 0.66415 -0.52222 0.57269 -0.52222 0.57269 0.00155 0.00019 30.11182 1.04531
target: 0.22500 0.78486
target: 0.22500 0.78486
fb: 0.00000 0.68442 -0.30678 0.92831
fb: 0.00000 0.70101 -0.29849 0.92002
dist/lin/ang/drive_left/drive_right/tv_l/tv_r/av_l/av_r/x/y/theta/t_err: 0.60960 0.29540 6.00000 -0.70101 0.70101 -0.43683 0.60658 -0.43683 0.60658 0.00155 0.00019 35.95536 0.94332
target: 0.29540 0.78486
target: 0.29540 0.78486
fb: 0.00000 0.71480 -0.20211 1.00000
fb: 0.00000 0.72142 -0.19880 0.99929
dist/lin/ang/drive_left/drive_right/tv_l/tv_r/av_l/av_r/x/y/theta/t_err: 0.60960 0.38221 6.00000 -0.72142 0.72142 -0.29172 0.71011 -0.29172 0.71011 0.00155 0.00019 42.10343 0.83602
target: 0.38221 0.78486
target: 0.38221 0.78486
fb: 0.00000 0.72442 -0.08894 1.00000
fb: 0.00000 0.72964 -0.08633 1.00000
dist/lin/ang/drive_left/drive_right/tv_l/tv_r/av_l/av_r/x/y/theta/t_err: 0.60960 0.47365 5.14304 -0.72964 0.72964 -0.19542 0.52650 -0.19542 0.52650 0.00155 0.00019 48.40817 0.72598
target: 0.47365 0.67276
target: 0.47365 0.67276
fb: 0.00000 0.73264 0.71762 0.55524
fb: 0.00000 0.73571 0.71915 0.55370
dist/lin/ang/drive_left/drive_right/tv_l/tv_r/av_l/av_r/x/y/theta/t_err: 0.60960 0.56509 4.17174 -0.73571 0.73571 -0.00531 0.72481 -0.00531 0.72481 0.00155 0.00019 54.78979 0.61460
target: 0.56509 0.54571
target: 0.56509 0.54571
fb: 0.00000 0.73278 1.00000 0.64523
fb: 0.01544 0.71557 1.00000 0.64611
dist/lin/ang/drive_left/drive_right/tv_l/tv_r/av_l/av_r/x/y/theta/t_err: 0.60960 0.65653 3.19818 -0.70013 0.73101 0.31364 0.45703 0.31364 0.45703 0.00155 0.00019 61.21977 0.50237
target: 0.65653 0.41835
target: 0.65653 0.41835
fb: 0.09112 0.67488 1.00000 0.56165
fb: 0.18026 0.62931 1.00000 0.53986
dist/lin/ang/drive_left/drive_right/tv_l/tv_r/av_l/av_r/x/y/theta/t_err: 0.60794 0.74797 2.34540 -0.44905 0.80957 0.34325 0.59136 0.34325 0.59136 0.03147 0.06539 67.37529 0.39619
target: 0.74797 0.30680
target: 0.74797 0.30680
fb: 0.23851 0.60283 1.00000 0.54793
fb: 0.25793 0.59280 1.00000 0.54323
dist/lin/ang/drive_left/drive_right/tv_l/tv_r/av_l/av_r/x/y/theta/t_err: 0.60345 0.83941 1.68332 -0.33487 0.85073 0.59272 0.53011 0.59272 0.53011 0.09472 0.24216 72.83879 0.30351
target: 0.83941 0.22020
target: 0.83941 0.22020
fb: 0.26367 0.57378 1.00000 0.64417
fb: 0.28904 0.54591 1.00000 0.64542
dist/lin/ang/drive_left/drive_right/tv_l/tv_r/av_l/av_r/x/y/theta/t_err: 0.59836 0.93085 0.98235 -0.25687 0.83495 0.73011 0.53642 0.73011 0.53642 0.14668 0.44311 77.98144 0.21599
target: 0.93085 0.12850
target: 0.93085 0.12850
fb: 0.30449 0.51079 1.00000 0.60845
fb: 0.32391 0.48292 1.00000 0.61267
dist/lin/ang/drive_left/drive_right/tv_l/tv_r/av_l/av_r/x/y/theta/t_err: 0.59236 1.02229 0.36212 -0.15901 0.80683 0.78606 0.60231 0.78606 0.60231 0.18667 0.67946 82.68976 0.13559
target: 1.02229 0.04737
target: 1.02229 0.04737
fb: 0.37223 0.46293 1.00000 0.63448
fb: 0.41305 0.45289 1.00000 0.61909
dist/lin/ang/drive_left/drive_right/tv_l/tv_r/av_l/av_r/x/y/theta/t_err: 0.58495 1.11373 -0.17192 -0.03984 0.86595 0.85844 0.59528 0.85844 0.59528 0.21269 0.97135 86.88193 0.06366
target: 1.11373 -0.02249
target: 1.11373 -0.02249
fb: 0.41901 0.44328 1.00000 0.67329
fb: 0.44593 0.42983 1.00000 0.66655
dist/lin/ang/drive_left/drive_right/tv_l/tv_r/av_l/av_r/x/y/theta/t_err: 0.57658 1.20517 -0.72741 0.01610 0.87576 0.88533 0.59783 0.88533 0.59783 0.21921 1.30117 90.83314 -0.00488
target: 1.20517 -0.09515
target: 1.20517 -0.09515
fb: 0.51389 0.41067 1.00000 0.62788
fb: 0.57987 0.39025 1.00000 0.60510
dist/lin/ang/drive_left/drive_right/tv_l/tv_r/av_l/av_r/x/y/theta/t_err: 0.56631 1.29661 -1.26518 0.18962 0.97012 0.88342 0.61719 0.88342 0.61719 0.19952 1.70527 94.56048 -0.07065
target: 1.29661 -0.16550
target: 1.29661 -0.16550
fb: 0.58561 0.37715 1.00000 0.62026
fb: 0.60503 0.36245 1.00000 0.61791
dist/lin/ang/drive_left/drive_right/tv_l/tv_r/av_l/av_r/x/y/theta/t_err: 0.55466 1.38805 -1.75227 0.24257 0.96748 0.89900 0.59494 0.89900 0.59494 0.14931 2.16359 97.96572 -0.13219
target: 1.38805 -0.22921
target: 1.38805 -0.22921
fb: 0.64210 0.34483 1.00000 0.64684
fb: 0.63041 0.33033 1.00000 0.65994
dist/lin/ang/drive_left/drive_right/tv_l/tv_r/av_l/av_r/x/y/theta/t_err: 0.54198 1.30808 -2.22675 0.30007 0.96074 0.90808 0.60469 0.90808 0.60469 0.06543 2.66212 101.10700 -0.19079
target: 1.30808 -0.29128
target: 1.30808 -0.29128
fb: 0.71558 0.31396 1.00000 -0.32603
fb: 0.74846 0.29466 1.00000 -0.33282
dist/lin/ang/drive_left/drive_right/tv_l/tv_r/av_l/av_r/x/y/theta/t_err: 0.52802 1.19164 -2.67934 0.45380 1.04312 0.89967 0.27189 0.89967 0.27189 -0.05798 3.21185 103.97072 -0.24662
target: 1.19164 -0.35048
target: 1.19164 -0.35048
fb: 0.70786 0.27522 1.00000 -0.61124
fb: 0.75442 0.24881 1.00000 -0.62132
dist/lin/ang/drive_left/drive_right/tv_l/tv_r/av_l/av_r/x/y/theta/t_err: 0.51439 1.09105 -3.08569 0.50561 1.00323 0.90036 -0.20550 0.90036 -0.20550 -0.20491 3.74947 106.52253 -0.29849
target: 1.09105 -0.40364
target: 1.09105 -0.40364
fb: 0.73699 0.19809 1.00000 -0.65055
fb: 0.72927 0.14088 1.00000 -0.61809
dist/lin/ang/drive_left/drive_right/tv_l/tv_r/av_l/av_r/x/y/theta/t_err: 0.50040 1.00932 -3.40402 0.58839 0.87016 0.89575 -0.32544 0.89575 -0.32544 -0.38008 4.30268 108.57516 -0.34349
target: 1.00932 -0.44528
target: 1.00932 -0.44528
fb: 0.70787 0.08584 1.00000 -0.57580
fb: 0.71758 0.03707 1.00000 -0.55627
dist/lin/ang/drive_left/drive_right/tv_l/tv_r/av_l/av_r/x/y/theta/t_err: 0.48715 0.95835 -3.50338 0.68052 0.75465 0.89283 -0.37747 0.89283 -0.37747 -0.56312 4.82914 109.69033 -0.37303
target: 0.95835 -0.45828
target: 0.95835 -0.45828
fb: 0.75046 -0.00780 0.94364 -0.36008
fb: 0.70788 -0.05254 0.94257 -0.31642
dist/lin/ang/drive_left/drive_right/tv_l/tv_r/av_l/av_r/x/y/theta/t_err: 0.47322 0.93215 -3.49921 0.76041 0.65534 0.80131 -0.28883 0.80131 -0.28883 -0.76380 5.38494 109.92020 -0.38868
target: 0.93215 -0.45773
target: 0.93215 -0.45773
fb: 0.70589 -0.09741 0.93481 -0.15616
fb: 0.71184 -0.14597 0.90755 -0.13486
dist/lin/ang/drive_left/drive_right/tv_l/tv_r/av_l/av_r/x/y/theta/t_err: 0.46016 0.92935 -3.37416 0.85782 0.56587 0.74158 -0.24861 0.74158 -0.24861 -0.95103 5.90827 109.35771 -0.39037
target: 0.92935 -0.44137
target: 0.92935 -0.44137
fb: 0.67698 -0.19760 0.89990 0.21755
fb: 0.64366 -0.24331 0.89371 0.25707
dist/lin/ang/drive_left/drive_right/tv_l/tv_r/av_l/av_r/x/y/theta/t_err: 0.44762 0.95138 -3.11133 0.88696 0.40035 0.70942 -0.11550 0.70942 -0.11550 -1.12222 6.41308 107.95828 -0.37715
target: 0.95138 -0.40699
target: 0.95138 -0.40699
fb: 0.62622 -0.28198 0.88118 0.52587
fb: 0.62467 -0.30832 0.86878 0.53981
dist/lin/ang/drive_left/drive_right/tv_l/tv_r/av_l/av_r/x/y/theta/t_err: 0.43591 0.99087 -2.70998 0.93299 0.31636 0.72703 0.21781 0.72703 0.21781 -1.26561 6.88483 105.73668 -0.34847
target: 0.99087 -0.35449
target: 0.99087 -0.35449
fb: 0.62445 -0.32016 0.82581 0.79464
fb: 0.64387 -0.32525 0.81356 0.78747
dist/lin/ang/drive_left/drive_right/tv_l/tv_r/av_l/av_r/x/y/theta/t_err: 0.42410 1.04401 -2.28985 0.96911 0.31862 0.71078 0.48853 0.71078 0.48853 -1.38798 7.36102 103.01959 -0.31046
target: 1.04401 -0.29954
target: 1.04401 -0.29954
fb: 0.71757 -0.31800 0.80794 0.92537
fb: 0.76015 -0.30239 0.79445 0.89627
dist/lin/ang/drive_left/drive_right/tv_l/tv_r/av_l/av_r/x/y/theta/t_err: 0.41035 1.09855 -1.93734 1.06255 0.45776 0.71114 0.47208 0.71114 0.47208 -1.50124 7.91452 100.19934 -0.27107
target: 1.09855 -0.25342
target: 1.09855 -0.25342
fb: 0.74294 -0.28497 0.86871 0.94990
fb: 0.76987 -0.27327 0.85525 0.93644
dist/lin/ang/drive_left/drive_right/tv_l/tv_r/av_l/av_r/x/y/theta/t_err: 0.39596 1.14741 -1.65537 1.04313 0.49660 0.70975 0.48064 0.70975 0.48064 -1.59168 8.49244 97.58910 -0.23474
target: 1.14741 -0.21654
target: 1.14741 -0.21654
fb: 0.77185 -0.27083 0.89289 0.94049
fb: 0.78355 -0.26999 0.88704 0.93464
dist/lin/ang/drive_left/drive_right/tv_l/tv_r/av_l/av_r/x/y/theta/t_err: 0.38089 1.18943 -1.40190 1.05354 0.51355 0.69164 0.42725 0.69164 0.42725 -1.65966 9.09635 95.19503 -0.20157
target: 1.18943 -0.18338
target: 1.18943 -0.18338
fb: 0.82415 -0.26755 0.87215 0.93067
fb: 0.80098 -0.26337 0.88373 0.94226
dist/lin/ang/drive_left/drive_right/tv_l/tv_r/av_l/av_r/x/y/theta/t_err: 0.36469 1.22917 -1.11862 1.06435 0.53761 0.67483 0.43853 0.67483 0.43853 -1.70519 9.74366 92.83440 -0.16851
target: 1.22917 -0.14633
target: 1.22917 -0.14633
fb: 0.85725 -0.25996 0.84038 0.98367
fb: 0.93867 -0.25648 0.79967 0.94295
dist/lin/ang/drive_left/drive_right/tv_l/tv_r/av_l/av_r/x/y/theta/t_err: 0.34774 1.26671 -0.83630 1.19515 0.68219 0.68236 0.49175 0.68236 0.49175 -1.72448 10.41834 90.53090 -0.13556
target: 1.26671 -0.10940
target: 1.26671 -0.10940
fb: 0.95213 -0.25237 0.79409 0.98578
fb: 0.94639 -0.24986 0.79696 0.98864
dist/lin/ang/drive_left/drive_right/tv_l/tv_r/av_l/av_r/x/y/theta/t_err: 0.32884 1.29786 -0.56558 1.19625 0.69654 0.74878 0.59681 0.74878 0.59681 -1.71680 11.16798 88.29771 -0.10329
target: 1.29786 -0.07398
target: 1.29786 -0.07398
fb: 1.01237 -0.24380 0.74993 0.97544
fb: 1.02009 -0.23432 0.74607 0.97158
dist/lin/ang/drive_left/drive_right/tv_l/tv_r/av_l/av_r/x/y/theta/t_err: 0.30867 1.32445 -0.28614 1.25441 0.78577 0.73147 0.74656 0.73147 0.74656 -1.67749 11.96411 86.12876 -0.07092
target: 1.32445 -0.03743
target: 1.32445 -0.03743
fb: 1.03951 -0.22052 0.71268 0.99746
fb: 1.04724 -0.21021 0.70882 0.99360
dist/lin/ang/drive_left/drive_right/tv_l/tv_r/av_l/av_r/x/y/theta/t_err: 0.28791 1.34455 -0.02636 1.25745 0.83703 0.72825 0.45822 0.72825 0.45822 -1.60714 12.77957 84.11450 -0.03954
target: 1.34455 -0.00345
target: 1.34455 -0.00345
fb: 1.02981 -0.20770 0.69873 1.00000
fb: 1.08607 -0.20164 0.67060 0.97778
dist/lin/ang/drive_left/drive_right/tv_l/tv_r/av_l/av_r/x/y/theta/t_err: 0.26732 1.35929 0.22620 1.28772 0.88443 0.68681 0.69536 0.68681 0.69536 -1.51062 13.58465 82.26883 -0.00910
target: 1.35929 0.02959
target: 1.35929 0.02959
fb: 1.04923 -0.19391 0.66309 1.00000
fb: 1.05695 -0.19837 0.65923 1.00000
dist/lin/ang/drive_left/drive_right/tv_l/tv_r/av_l/av_r/x/y/theta/t_err: 0.24633 1.27900 0.49684 1.25532 0.85858 0.66717 0.52961 0.66717 0.52961 -1.38717 14.40151 80.52640 0.02182
target: 1.27900 0.06499
target: 1.27900 0.06499
fb: 1.13462 -0.20359 -0.11955 0.67870
fb: 1.13065 -0.20067 -0.11610 0.67922
dist/lin/ang/drive_left/drive_right/tv_l/tv_r/av_l/av_r/x/y/theta/t_err: 0.22366 1.15441 0.82469 1.33131 0.92998 0.53608 0.74758 0.53608 0.74758 -1.22664 15.28034 78.77994 0.05607
target: 1.15441 0.10788
target: 1.15441 0.10788
fb: 1.13837 -0.18603 -0.48722 0.46109
fb: 1.16353 -0.16855 -0.49105 0.43976
dist/lin/ang/drive_left/drive_right/tv_l/tv_r/av_l/av_r/x/y/theta/t_err: 0.20096 1.02974 1.18922 1.33207 0.99498 -0.06675 0.58606 -0.06675 0.58606 -1.03865 16.15674 77.06602 0.09408
target: 1.02974 0.15556
target: 1.02974 0.15556
fb: 1.12469 -0.13155 -0.64438 0.40410
fb: 1.15780 -0.09204 -0.51738 0.24400
dist/lin/ang/drive_left/drive_right/tv_l/tv_r/av_l/av_r/x/y/theta/t_err: 0.17861 0.91383 1.50505 1.24984 1.06575 -0.27667 0.44658 -0.27667 0.44658 -0.82965 17.01729 75.68986 0.13150
target: 0.91383 0.19688
target: 0.91383 0.19688
fb: 1.08035 -0.06640 -0.67983 0.34275
fb: 1.00665 -0.04215 -0.51135 0.24796
dist/lin/ang/drive_left/drive_right/tv_l/tv_r/av_l/av_r/x/y/theta/t_err: 0.15724 1.05748 1.73228 1.04880 0.96449 -0.26144 0.33192 -0.26144 0.33192 -0.61377 17.84010 74.92305 0.16383
target: 1.05748 0.22660
target: 1.05748 0.22660
fb: 1.03555 -0.00801 0.79356 1.00000
fb: 0.92699 0.03003 0.84784 1.00000
dist/lin/ang/drive_left/drive_right/tv_l/tv_r/av_l/av_r/x/y/theta/t_err: 0.13429 0.97726 1.50432 0.89696 0.95702 -0.20467 0.32375 -0.20467 0.32375 -0.39922 18.62677 74.62928 0.16896
target: 0.97726 0.19678
target: 0.97726 0.19678
fb: 0.87867 0.06438 0.19139 0.19237
fb: 0.87271 0.09218 0.19437 0.19535
dist/lin/ang/drive_left/drive_right/tv_l/tv_r/av_l/av_r/x/y/theta/t_err: 0.11686 0.91167 1.34430 0.78053 0.96489 0.27733 0.62797 0.27733 0.62797 -0.21736 19.29430 74.96425 0.16311
target: 0.91167 0.17585
target: 0.91167 0.17585
fb: 0.84932 0.11058 0.17884 0.23172
fb: 0.87271 0.12423 0.16715 0.22002
dist/lin/ang/drive_left/drive_right/tv_l/tv_r/av_l/av_r/x/y/theta/t_err: 0.10024 0.84435 1.13119 0.74847 0.99694 0.22994 0.33297 0.22994 0.33297 -0.04837 19.94135 75.80082 0.14851
target: 0.84435 0.14797
target: 0.84435 0.14797
fb: 0.82615 0.13336 0.17210 0.12505
fb: 0.78753 0.14144 0.19141 0.14436
dist/lin/ang/drive_left/drive_right/tv_l/tv_r/av_l/av_r/x/y/theta/t_err: 0.08417 0.77369 0.91812 0.64609 0.92897 0.18806 0.22161 0.18806 0.22161 0.10544 20.57340 76.90694 0.12921
target: 0.77369 0.12010
target: 0.77369 0.12010
fb: 0.85152 0.14395 0.10036 -0.11187
fb: 0.81842 0.13001 0.11691 -0.09533
dist/lin/ang/drive_left/drive_right/tv_l/tv_r/av_l/av_r/x/y/theta/t_err: 0.06760 0.69338 0.70783 0.68841 0.94844 0.18119 0.15981 0.18119 0.15981 0.25011 21.22808 78.14939 0.10752
target: 0.69338 0.09259
target: 0.69338 0.09259
fb: 0.72729 0.10591 0.06754 -0.17834
fb: 0.63991 0.08466 0.11123 -0.13465
dist/lin/ang/drive_left/drive_right/tv_l/tv_r/av_l/av_r/x/y/theta/t_err: 0.05343 0.61645 0.57600 0.55525 0.72457 0.12356 -0.07067 0.12356 -0.07067 0.36226 21.78966 79.22346 0.08877
target: 0.61645 0.07535
target: 0.61645 0.07535
fb: 0.57791 0.06354 -0.06706 -0.12569
fb: 0.56621 0.04801 -0.06121 -0.11985
dist/lin/ang/drive_left/drive_right/tv_l/tv_r/av_l/av_r/x/y/theta/t_err: 0.04211 0.54723 0.53874 0.51820 0.61422 0.07922 -0.11686 0.07922 -0.11686 0.44444 22.23722 79.91571 0.07669
target: 0.54723 0.07047
target: 0.54723 0.07047
fb: 0.49648 0.03895 -0.11093 -0.06483
fb: 0.45390 0.03498 -0.08964 0.08430
dist/lin/ang/drive_left/drive_right/tv_l/tv_r/av_l/av_r/x/y/theta/t_err: 0.03231 0.47936 0.52838 0.41892 0.48887 -0.05253 -0.08725 -0.05253 -0.08725 0.51152 22.62235 80.31980 0.06964
target: 0.47936 0.06912
target: 0.47936 0.06912
fb: 0.43249 0.03052 0.06387 0.14918
fb: 0.35681 0.02766 0.10171 0.18702
dist/lin/ang/drive_left/drive_right/tv_l/tv_r/av_l/av_r/x/y/theta/t_err: 0.02375 0.41102 0.50440 0.32914 0.38447 -0.04122 0.07717 -0.04122 0.07717 0.56792 22.95819 80.61090 0.06456
target: 0.41102 0.06598
target: 0.41102 0.06598
fb: 0.31598 0.02696 0.07185 0.13694
fb: 0.30054 0.03156 0.07957 0.14466
dist/lin/ang/drive_left/drive_right/tv_l/tv_r/av_l/av_r/x/y/theta/t_err: 0.01751 0.35290 0.47811 0.26897 0.33210 0.08556 0.15503 0.08556 0.15503 0.60799 23.20375 80.84842 0.06041
target: 0.35290 0.06254
target: 0.35290 0.06254
fb: 0.28134 0.03616 0.06271 0.12045
fb: 0.29105 0.03860 0.05786 0.11559
dist/lin/ang/drive_left/drive_right/tv_l/tv_r/av_l/av_r/x/y/theta/t_err: 0.01197 0.29183 0.42799 0.25245 0.32965 0.08281 0.14439 0.08281 0.14439 0.64270 23.42255 81.13050 0.05549
target: 0.29183 0.05599
target: 0.29183 0.05599
fb: 0.27340 0.04278 -0.05197 0.04698
fb: 0.29083 0.04926 -0.06069 -0.04956
dist/lin/ang/drive_left/drive_right/tv_l/tv_r/av_l/av_r/x/y/theta/t_err: 0.00662 0.00165 0.36463 0.24157 0.34009 0.04178 0.10386 0.04178 0.10386 0.67528 23.63534 81.47732 0.04944
target: 0.00165 0.04770
target: 0.00165 0.04770
fb: 0.31996 0.05783 -0.77258 -0.78815
fb: 0.28134 0.06131 -0.75327 -0.76884
dist/lin/ang/drive_left/drive_right/tv_l/tv_r/av_l/av_r/x/y/theta/t_err: 0.00036 0.00009 0.28035 0.22003 0.34266 -0.10403 -0.11722 -0.10403 -0.11722 0.71170 23.88462 81.92342 0.04165
target: 0.00009 0.03667
target: 0.00009 0.03667
fb: 0.20963 0.04759 -0.12184 -0.17682
fb: 0.11827 0.03240 0.06097 -0.07206
dist/lin/ang/drive_left/drive_right/tv_l/tv_r/av_l/av_r/x/y/theta/t_err: -0.00367 -0.00092 0.19837 0.08587 0.15067 -0.29361 -0.25031 -0.29361 -0.25031 0.73423 24.04814 82.41578 0.03306
target: -0.00092 0.02595
target: -0.00092 0.02595
fb: 0.04259 0.01958 0.06754 -0.07714
fb: 0.00772 0.01526 0.06754 -0.07714
final error: 0.74307, x: -0.73860, y: -0.08139
final local error: 0.74307, forwards: -0.17497, sideways: 0.72218
position: 0.73860 24.08139 82.66922
took 1.30000 time to finish turn
dist/lin/ang/drive_left/drive_right/tv_l/tv_r/av_l/av_r/x/y/theta/t_err: -0.61250 -0.09144 0.84840 0.00000 0.00000 0.00000 -0.00017 0.00000 -0.00017 0.74131 24.10259 262.58606 0.09865
target: -0.09144 0.11098
target: -0.09144 0.11098
fb: 0.00000 -0.00056 -0.82950 0.40097
fb: 0.00000 -0.00063 -0.82950 0.40097
dist/lin/ang/drive_left/drive_right/tv_l/tv_r/av_l/av_r/x/y/theta/t_err: -0.61250 -0.18288 0.84980 0.00063 -0.00063 -0.00033 0.09772 -0.00033 0.09772 0.74131 24.10259 262.58175 0.09873
target: -0.18288 0.11116
target: -0.18288 0.11116
fb: 0.00000 -0.00070 -0.45631 -0.31060
fb: 0.00000 0.00662 -0.45631 -0.31060
dist/lin/ang/drive_left/drive_right/tv_l/tv_r/av_l/av_r/x/y/theta/t_err: -0.61250 -0.27432 0.84433 -0.00662 0.00662 -0.42844 0.15931 -0.42844 0.15931 0.74131 24.10259 262.59629 0.09847
target: -0.27432 0.11045
target: -0.27432 0.11045
fb: 0.00000 0.04041 -0.53134 -0.39468
fb: 0.00000 0.06619 -0.53134 -0.39468
dist/lin/ang/drive_left/drive_right/tv_l/tv_r/av_l/av_r/x/y/theta/t_err: -0.61250 -0.36576 0.71592 -0.06619 0.06619 -0.42794 -0.23697 -0.42794 -0.23697 0.74131 24.10259 262.99966 0.09143
target: -0.36576 0.09365
target: -0.36576 0.09365
fb: 0.00000 0.08201 -0.52727 -0.55785
fb: -0.00397 0.08277 -0.52529 -0.55586
dist/lin/ang/drive_left/drive_right/tv_l/tv_r/av_l/av_r/x/y/theta/t_err: -0.61242 -0.45720 0.55843 -0.08675 0.07880 -0.49653 -0.39183 -0.49653 -0.39183 0.74095 24.09948 263.70228 0.07918
target: -0.45720 0.07305
target: -0.45720 0.07305
fb: -0.06598 0.07643 -0.54291 -0.63534
fb: -0.16086 0.06877 -0.49547 -0.58789
dist/lin/ang/drive_left/drive_right/tv_l/tv_r/av_l/av_r/x/y/theta/t_err: -0.60921 -0.54864 0.47718 -0.22963 -0.09209 -0.49144 -0.45361 -0.49144 -0.45361 0.72787 23.97349 264.35194 0.06822
target: -0.54864 0.06242
target: -0.54864 0.06242
fb: -0.23280 0.06556 -0.80216 -0.81949
fb: -0.27935 0.06661 -0.77888 -0.79621
dist/lin/ang/drive_left/drive_right/tv_l/tv_r/av_l/av_r/x/y/theta/t_err: -0.60363 -0.64008 0.41047 -0.34596 -0.21274 -0.47244 -0.45497 -0.47244 -0.45497 0.70735 23.75449 264.92835 0.05875
target: -0.64008 0.05369
target: -0.64008 0.05369
fb: -0.29855 0.06320 -0.85528 -0.86728
fb: -0.31025 0.05811 -0.84944 -0.86143
dist/lin/ang/drive_left/drive_right/tv_l/tv_r/av_l/av_r/x/y/theta/t_err: -0.59744 -0.73152 0.34163 -0.36836 -0.25214 -0.50136 -0.43567 -0.50136 -0.43567 0.68692 23.51106 265.46442 0.04995
target: -0.73152 0.04469
target: -0.73152 0.04469
fb: -0.34908 0.05435 -0.90603 -0.93267
fb: -0.42278 0.05198 -0.86918 -0.89582
dist/lin/ang/drive_left/drive_right/tv_l/tv_r/av_l/av_r/x/y/theta/t_err: -0.58899 -0.82296 0.28935 -0.47476 -0.37080 -0.51897 -0.51967 -0.51897 -0.51967 0.66203 23.17909 265.93392 0.04241
target: -0.82296 0.03785
target: -0.82296 0.03785
fb: -0.47133 0.05428 -0.93337 -0.94974
fb: -0.47707 0.05567 -0.93050 -0.94688
dist/lin/ang/drive_left/drive_right/tv_l/tv_r/av_l/av_r/x/y/theta/t_err: -0.57945 -0.91440 0.22329 -0.53274 -0.42139 -0.40997 -0.48339 -0.40997 -0.48339 0.63692 22.80429 266.40585 0.03481
target: -0.91440 0.02921
target: -0.91440 0.02921
fb: -0.50421 0.05086 -0.98632 -1.00000
fb: -0.53532 0.05191 -0.97077 -1.00000
dist/lin/ang/drive_left/drive_right/tv_l/tv_r/av_l/av_r/x/y/theta/t_err: -0.56875 -1.00584 0.16352 -0.58723 -0.48341 -0.56211 -0.37028 -0.56211 -0.37028 0.61217 22.38351 266.85748 0.02750
target: -1.00584 0.02139
target: -1.00584 0.02139
fb: -0.53135 0.05560 -1.00000 -1.00000
fb: -0.56820 0.05247 -1.00000 -1.00000
dist/lin/ang/drive_left/drive_right/tv_l/tv_r/av_l/av_r/x/y/theta/t_err: -0.55739 -1.09728 0.09347 -0.62066 -0.51573 -0.52408 -0.65794 -0.52408 -0.65794 0.58952 21.93668 267.32541 0.01981
target: -1.09728 0.01223
target: -1.09728 0.01223
fb: -0.58386 0.03839 -1.00000 -1.00000
fb: -0.65756 0.02271 -1.00000 -1.00000
dist/lin/ang/drive_left/drive_right/tv_l/tv_r/av_l/av_r/x/y/theta/t_err: -0.54424 -1.18872 0.08296 -0.68028 -0.63485 -0.73817 -0.74517 -0.73817 -0.74517 0.56695 21.41941 267.61792 0.01511
target: -1.18872 0.01085
target: -1.18872 0.01085
fb: -0.78356 0.01191 -1.00000 -1.00000
fb: -0.80099 0.00648 -1.00000 -1.00000
dist/lin/ang/drive_left/drive_right/tv_l/tv_r/av_l/av_r/x/y/theta/t_err: -0.52823 -1.28016 0.10622 -0.80747 -0.79451 -0.83125 -0.80983 -0.83125 -0.80983 0.54134 20.78922 267.71566 0.01384
target: -1.28016 0.01389
target: -1.28016 0.01389
fb: -0.81644 0.00683 -1.00000 -1.00000
fb: -0.90360 0.01505 -1.00000 -1.00000
dist/lin/ang/drive_left/drive_right/tv_l/tv_r/av_l/av_r/x/y/theta/t_err: -0.51015 -1.37160 0.10096 -0.91865 -0.88855 -0.84667 -0.84067 -0.84667 -0.84067 0.51343 20.07827 267.79801 0.01287
target: -1.37160 0.01321
target: -1.37160 0.01321
fb: -0.92302 0.02125 -1.00000 -1.00000
fb: -0.94641 0.02083 -1.00000 -1.00000
dist/lin/ang/drive_left/drive_right/tv_l/tv_r/av_l/av_r/x/y/theta/t_err: -0.49123 -1.46304 0.06222 -0.96724 -0.92557 -0.84936 -0.84767 -0.84936 -0.84767 0.48594 19.33358 267.97221 0.01026
target: -1.46304 0.00814
target: -1.46304 0.00814
fb: -0.96781 0.02048 -1.00000 -1.00000
fb: -1.00069 0.02278 -1.00000 -1.00000
dist/lin/ang/drive_left/drive_right/tv_l/tv_r/av_l/av_r/x/y/theta/t_err: -0.47121 -1.55448 0.03758 -1.02347 -0.97791 -0.86122 -0.86083 -0.86122 -0.86083 0.45932 18.54608 268.14939 0.00754
target: -1.55448 0.00492
target: -1.55448 0.00492
fb: -1.11124 0.02411 -1.00000 -1.00000
fb: -1.12294 0.01728 -1.00000 -1.00000
dist/lin/ang/drive_left/drive_right/tv_l/tv_r/av_l/av_r/x/y/theta/t_err: -0.44876 -1.64592 0.01084 -1.14021 -1.10566 -0.85692 -0.85503 -0.85692 -0.85503 0.43224 17.66230 268.33251 0.00464
target: -1.64592 0.00142
target: -1.64592 0.00142
fb: -1.11521 0.01373 -1.00000 -1.00000
fb: -1.19465 0.01275 -1.00000 -1.00000
dist/lin/ang/drive_left/drive_right/tv_l/tv_r/av_l/av_r/x/y/theta/t_err: -0.42486 -1.73059 0.00631 -1.20740 -1.18190 -0.86103 -0.85658 -0.86103 -0.85658 0.40589 16.72200 268.44731 0.00283
target: -1.73059 0.00083
target: -1.73059 0.00083
fb: -1.18295 0.01122 -1.00000 -1.00000
fb: -1.18494 0.00843 -1.00000 -1.00000
dist/lin/ang/drive_left/drive_right/tv_l/tv_r/av_l/av_r/x/y/theta/t_err: -0.40117 -1.68526 -0.00125 -1.19337 -1.17651 -0.87506 -0.86942 -0.87506 -0.86942 0.38136 15.78930 268.53304 0.00146
target: -1.68526 -0.00016
target: -1.68526 -0.00016
fb: -1.17722 0.00850 -0.81971 -0.83507
fb: -1.28777 0.01212 -0.76444 -0.77979
dist/lin/ang/drive_left/drive_right/tv_l/tv_r/av_l/av_r/x/y/theta/t_err: -0.37541 -1.63357 -0.01153 -1.29989 -1.27564 -0.83994 -0.79581 -0.83994 -0.79581 0.35609 14.77562 268.61014 0.00016
target: -1.63357 -0.00151
target: -1.63357 -0.00151
fb: -1.44289 0.00982 -0.61183 -0.63216
fb: -1.37316 0.00725 -0.64670 -0.66702
dist/lin/ang/drive_left/drive_right/tv_l/tv_r/av_l/av_r/x/y/theta/t_err: -0.34795 -1.57026 -0.02296 -1.38041 -1.36592 -0.68767 -0.70258 -0.68767 -0.70258 0.33057 13.69469 268.68296 -0.00115
target: -1.57026 -0.00300
target: -1.57026 -0.00300
fb: -1.33830 0.00244 -0.55830 -0.58192
fb: -1.39633 0.00000 -0.52928 -0.55290
dist/lin/ang/drive_left/drive_right/tv_l/tv_r/av_l/av_r/x/y/theta/t_err: -0.32002 -1.50481 -0.01867 -1.39633 -1.39633 -0.62217 -0.64747 -0.62217 -0.64747 0.30556 12.59550 268.70314 -0.00162
target: -1.50481 -0.00244
target: -1.50481 -0.00244
fb: -1.49320 0.00000 -0.42229 -0.42661
fb: -1.48173 -0.00160 -0.42803 -0.43235
dist/lin/ang/drive_left/drive_right/tv_l/tv_r/av_l/av_r/x/y/theta/t_err: -0.29039 -1.43289 -0.01855 -1.48013 -1.48333 -0.54756 -0.56364 -0.54756 -0.56364 0.27918 11.42909 268.70777 -0.00187
target: -1.43289 -0.00243
target: -1.43289 -0.00243
fb: -1.36544 0.00209 -0.39232 -0.40146
fb: -1.38287 0.00167 -0.38360 -0.39275
dist/lin/ang/drive_left/drive_right/tv_l/tv_r/av_l/av_r/x/y/theta/t_err: -0.26273 -1.36188 -0.02536 -1.38454 -1.38120 -0.46319 -0.46814 -0.46319 -0.46814 0.25478 10.34048 268.72423 -0.00237
target: -1.36188 -0.00332
target: -1.36188 -0.00332
fb: -1.44664 0.00174 -0.28601 -0.30445
fb: -1.32065 0.00132 -0.34901 -0.36745
dist/lin/ang/drive_left/drive_right/tv_l/tv_r/av_l/av_r/x/y/theta/t_err: -0.23632 -1.29043 -0.03120 -1.32197 -1.31932 -0.40294 -0.40486 -0.40294 -0.40486 0.23179 9.30086 268.74143 -0.00295
target: -1.29043 -0.00408
target: -1.29043 -0.00408
fb: -1.33256 0.00174 -0.27627 -0.29454
fb: -1.28975 0.00341 -0.29768 -0.31594
dist/lin/ang/drive_left/drive_right/tv_l/tv_r/av_l/av_r/x/y/theta/t_err: -0.21052 -1.21643 -0.04029 -1.29317 -1.28634 -0.38978 -0.39286 -0.38978 -0.39286 0.20967 8.28554 268.76539 -0.00375
target: -1.21643 -0.00527
target: -1.21643 -0.00527
fb: -1.22179 0.00209 -0.25136 -0.27499
fb: -1.31866 0.00070 -0.20293 -0.22656
dist/lin/ang/drive_left/drive_right/tv_l/tv_r/av_l/av_r/x/y/theta/t_err: -0.18415 -1.13581 -0.05187 -1.31936 -1.31796 -0.36394 -0.38808 -0.36394 -0.38808 0.18758 7.24746 268.79280 -0.00481
target: -1.13581 -0.00679
target: -1.13581 -0.00679
fb: -1.24297 -0.00369 -0.13834 -0.16686
fb: -1.15780 -0.00662 -0.18093 -0.20945
dist/lin/ang/drive_left/drive_right/tv_l/tv_r/av_l/av_r/x/y/theta/t_err: -0.16099 -1.07003 -0.04308 -1.15118 -1.16442 -0.30203 -0.31811 -0.30203 -0.31811 0.16817 6.33602 268.76041 -0.00490
target: -1.07003 -0.00564
target: -1.07003 -0.00564
fb: -1.19465 -0.00669 -0.17471 -0.17766
fb: -1.11521 -0.00850 -0.21443 -0.21738
dist/lin/ang/drive_left/drive_right/tv_l/tv_r/av_l/av_r/x/y/theta/t_err: -0.13869 -0.99314 -0.02240 -1.10671 -1.12371 -0.25239 -0.27756 -0.25239 -0.27756 0.14874 5.45811 268.69958 -0.00384
target: -0.99314 -0.00293
target: -0.99314 -0.00293
fb: -1.05122 -0.00934 -0.14076 -0.12602
fb: -0.97752 -0.01066 -0.17761 -0.16287
dist/lin/ang/drive_left/drive_right/tv_l/tv_r/av_l/av_r/x/y/theta/t_err: -0.11914 -0.92049 -0.00807 -0.96686 -0.98818 -0.24367 -0.24708 -0.24367 -0.24708 0.13081 4.68862 268.62276 -0.00250
target: -0.92049 -0.00106
target: -0.92049 -0.00106
fb: -0.92898 -0.00808 -0.15014 -0.14032
fb: -0.95810 -0.00439 -0.13557 -0.12576
dist/lin/ang/drive_left/drive_right/tv_l/tv_r/av_l/av_r/x/y/theta/t_err: -0.09997 -0.84322 -0.00383 -0.95371 -0.96249 -0.19592 -0.19542 -0.19592 -0.19542 0.11228 3.93444 268.56838 -0.00155
target: -0.84322 -0.00050
target: -0.84322 -0.00050
fb: -0.85152 -0.00307 -0.09447 -0.09571
fb: -0.78158 -0.00146 -0.12945 -0.13068
dist/lin/ang/drive_left/drive_right/tv_l/tv_r/av_l/av_r/x/y/theta/t_err: -0.08434 -0.77450 -0.00755 -0.78011 -0.78304 -0.16700 -0.16083 -0.16700 -0.16083 0.09679 3.31922 268.55061 -0.00124
target: -0.77450 -0.00099
target: -0.77450 -0.00099
fb: -0.74274 0.00000 -0.11544 -0.12666
fb: -0.72332 0.00146 -0.12514 -0.13636
dist/lin/ang/drive_left/drive_right/tv_l/tv_r/av_l/av_r/x/y/theta/t_err: -0.06988 -0.70496 -0.01350 -0.72478 -0.72186 -0.13775 -0.14389 -0.13775 -0.14389 0.08242 2.74985 268.55937 -0.00139
target: -0.70496 -0.00177
target: -0.70496 -0.00177
fb: -0.72729 0.00125 0.06335 -0.06951
fb: -0.67103 0.00000 -0.08283 -0.09765
dist/lin/ang/drive_left/drive_right/tv_l/tv_r/av_l/av_r/x/y/theta/t_err: -0.05646 -0.63365 -0.01563 -0.67103 -0.67103 -0.11772 -0.14186 -0.11772 -0.14186 0.06919 2.22165 268.57067 -0.00159
target: -0.63365 -0.00205
target: -0.63365 -0.00205
fb: -0.62623 -0.00327 0.08276 0.08189
fb: -0.55474 -0.00718 -0.07103 -0.08169
dist/lin/ang/drive_left/drive_right/tv_l/tv_r/av_l/av_r/x/y/theta/t_err: -0.04536 -0.56799 -0.00380 -0.54756 -0.56191 -0.05628 -0.09103 -0.05628 -0.09103 0.05822 1.78499 268.54028 -0.00106
target: -0.56799 -0.00050
target: -0.56799 -0.00050
fb: -0.52186 -0.01108 -0.05947 0.07628
fb: -0.52362 -0.01045 0.05945 0.07716
dist/lin/ang/drive_left/drive_right/tv_l/tv_r/av_l/av_r/x/y/theta/t_err: -0.03489 -0.49813 0.01906 -0.51317 -0.53408 -0.05836 -0.05031 -0.05836 -0.05031 0.04742 1.37283 268.45352 0.00046
target: -0.49813 0.00249
target: -0.49813 0.00249
fb: -0.41307 -0.00502 -0.14127 -0.11591
fb: -0.37027 0.00355 -0.16268 -0.13731
dist/lin/ang/drive_left/drive_right/tv_l/tv_r/av_l/av_r/x/y/theta/t_err: -0.02748 -0.44212 0.00893 -0.37382 -0.36671 -0.02875 0.02739 -0.02875 0.02739 0.03946 1.08139 268.43810 0.00073
target: -0.44212 0.00117
target: -0.44212 0.00117
fb: -0.35482 0.00955 -0.12904 -0.14431
fb: -0.28509 0.01080 -0.16391 -0.17917
dist/lin/ang/drive_left/drive_right/tv_l/tv_r/av_l/av_r/x/y/theta/t_err: -0.02178 -0.39359 -0.02204 -0.29589 -0.27429 -0.14389 -0.12253 -0.14389 -0.12253 0.03350 0.85699 268.52521 -0.00080
target: -0.39359 -0.00288
target: -0.39359 -0.00288
fb: -0.26965 0.00941 -0.12941 -0.17463
fb: -0.30076 0.00704 -0.11385 -0.15907
dist/lin/ang/drive_left/drive_right/tv_l/tv_r/av_l/av_r/x/y/theta/t_err: -0.01577 -0.33486 -0.03315 -0.30780 -0.29372 -0.14956 -0.16306 -0.14956 -0.16306 0.02758 0.62024 268.60628 -0.00221
target: -0.33486 -0.00434
target: -0.33486 -0.00434
fb: -0.29480 0.00474 -0.05604 -0.07983
fb: -0.27913 0.00453 -0.06388 -0.08766
dist/lin/ang/drive_left/drive_right/tv_l/tv_r/av_l/av_r/x/y/theta/t_err: -0.01018 -0.26912 -0.03476 -0.28366 -0.27461 -0.10658 -0.15553 -0.10658 -0.15553 0.02234 0.40051 268.65479 -0.00306
target: -0.26912 -0.00455
target: -0.26912 -0.00455
fb: -0.25795 0.00550 0.06933 0.06625
fb: -0.23853 0.00662 0.05962 0.05654
dist/lin/ang/drive_left/drive_right/tv_l/tv_r/av_l/av_r/x/y/theta/t_err: -0.00541 -0.00135 -0.04500 -0.24515 -0.23191 -0.04431 -0.08250 -0.04431 -0.08250 0.01802 0.21274 268.71244 -0.00406
target: -0.00135 -0.00589
target: -0.00135 -0.00589
fb: -0.23456 0.00697 0.70064 0.68558
fb: -0.20565 0.00376 0.68618 0.67112
dist/lin/ang/drive_left/drive_right/tv_l/tv_r/av_l/av_r/x/y/theta/t_err: -0.00130 -0.00032 -0.05404 -0.20942 -0.20189 0.11928 0.08128 0.11928 0.08128 0.01447 0.05085 268.77126 -0.00509
target: -0.00032 -0.00707
target: -0.00032 -0.00707
fb: -0.19021 -0.01010 0.14595 0.13074
fb: -0.15314 -0.01610 0.05101 -0.05203
dist/lin/ang/drive_left/drive_right/tv_l/tv_r/av_l/av_r/x/y/theta/t_err: 0.00176 0.00044 -0.01459 -0.13704 -0.16923 0.28167 0.38261 0.28167 0.38261 0.01182 -0.06970 268.68137 -0.00352
target: 0.00044 -0.00191
target: 0.00044 -0.00191
fb: -0.07171 -0.01066 -0.05927 0.06755
fb: -0.01743 -0.00355 -0.05927 0.06755
dist/lin/ang/drive_left/drive_right/tv_l/tv_r/av_l/av_r/x/y/theta/t_err: 0.00211 0.00053 -0.00688 -0.01388 -0.02099 0.04311 0.03850 0.04311 0.03850 0.01149 -0.08342 268.60928 -0.00226
target: 0.00053 -0.00090
target: 0.00053 -0.00090
fb: -0.00375 -0.00509 -0.04259 0.04822
fb: -0.00397 -0.00613 -0.04259 0.04822
start is 0.00000 0.00000
dist/lin/ang/drive_left/drive_right/tv_l/tv_r/av_l/av_r/x/y/theta/t_err: 0.60960 0.00000 1.20000 0.00000 0.00000 0.00000 -0.00017 0.00000 -0.00017 0.00000 0.00000 0.00001 1.57080
target: 0.00000 0.15697
target: 0.00000 0.15697
fb: 0.00000 0.00000 -0.85057 0.85546
fb: 0.00000 0.00000 -0.85057 0.85546
dist/lin/ang/drive_left/drive_right/tv_l/tv_r/av_l/av_r/x/y/theta/t_err: -0.60960 0.00000 2.40000 0.00000 0.00000 -0.05800 0.11497 -0.05800 0.11497 0.00000 0.00000 -0.00001 1.57080
target: 0.00000 0.31394
target: 0.00000 0.31394
fb: 0.00000 0.00000 -1.00000 1.00000
fb: 0.00000 0.00537 -1.00000 1.00000
dist/lin/ang/drive_left/drive_right/tv_l/tv_r/av_l/av_r/x/y/theta/t_err: -0.60960 0.00000 3.60000 -0.00537 0.00537 -0.44217 0.40056 -0.44217 0.40056 0.00000 0.00000 -0.00001 1.57080
target: 0.00000 0.47092
target: 0.00000 0.47092
fb: 0.00000 0.04306 -1.00000 1.00000
fb: 0.00000 0.08598 -1.00000 1.00000
dist/lin/ang/drive_left/drive_right/tv_l/tv_r/av_l/av_r/x/y/theta/t_err: 0.60960 0.00071 4.80000 -0.08598 0.08598 -0.31656 0.37714 -0.31656 0.37714 0.00000 0.00000 0.15388 1.56811
target: 0.00071 0.62789
target: 0.00071 0.62789
fb: 0.00000 0.12263 -1.00000 1.00000
fb: 0.00000 0.15210 -1.00000 1.00000
dist/lin/ang/drive_left/drive_right/tv_l/tv_r/av_l/av_r/x/y/theta/t_err: 0.60960 0.00457 6.00000 -0.15210 0.15210 -0.59339 0.61531 -0.59339 0.61531 0.00000 0.00000 0.98219 1.55365
target: 0.00457 0.78486
target: 0.00457 0.78486
fb: 0.00000 0.18945 -1.00000 1.00000
fb: 0.00000 0.23181 -1.00000 1.00000
dist/lin/ang/drive_left/drive_right/tv_l/tv_r/av_l/av_r/x/y/theta/t_err: 0.60960 0.01143 6.00000 -0.23181 0.23181 -0.70425 0.73147 -0.70425 0.73147 0.00000 0.00000 2.39749 1.52895
target: 0.01143 0.78486
target: 0.01143 0.78486
fb: 0.00000 0.27125 -0.80375 0.84451
fb: 0.00000 0.30609 -0.78634 0.82709
dist/lin/ang/drive_left/drive_right/tv_l/tv_r/av_l/av_r/x/y/theta/t_err: 0.60960 0.02222 6.00000 -0.30609 0.30609 -0.71319 0.56619 -0.71319 0.56619 0.00000 0.00000 4.50478 1.49217
target: 0.02222 0.78486
target: 0.02222 0.78486
fb: 0.00000 0.34120 -0.75691 0.82140
fb: 0.00000 0.37499 -0.74001 0.80451
dist/lin/ang/drive_left/drive_right/tv_l/tv_r/av_l/av_r/x/y/theta/t_err: 0.60960 0.03739 6.00000 -0.37499 0.37499 -0.50511 0.52875 -0.50511 0.52875 0.00000 0.00000 7.25055 1.44425
target: 0.03739 0.78486
target: 0.03739 0.78486
fb: 0.00000 0.40126 -0.71250 0.80575
fb: 0.00000 0.40489 -0.71069 0.80394
dist/lin/ang/drive_left/drive_right/tv_l/tv_r/av_l/av_r/x/y/theta/t_err: 0.60960 0.05756 6.00000 -0.40489 0.40489 -0.50325 0.40447 -0.50325 0.40447 0.00000 0.00000 10.57645 1.38620
target: 0.05756 0.78486
target: 0.05756 0.78486
fb: 0.11055 0.30908 -0.74112 0.86931
fb: 0.25971 0.20840 -0.89253 0.81858
dist/lin/ang/drive_left/drive_right/tv_l/tv_r/av_l/av_r/x/y/theta/t_err: 0.60910 0.07806 6.00000 0.05131 0.46811 -0.63431 0.61786 -0.63431 0.61786 0.08478 0.01974 13.84822 1.33263
target: 0.07806 0.78486
target: 0.07806 0.78486
fb: 0.26369 0.19175 -0.88437 0.84340
fb: 0.22882 0.20506 -0.78490 0.92955
dist/lin/ang/drive_left/drive_right/tv_l/tv_r/av_l/av_r/x/y/theta/t_err: 0.60780 0.08769 6.00000 0.02377 0.43388 -0.58417 0.51572 -0.58417 0.51572 0.28556 0.07257 15.68002 1.30906
target: 0.08769 0.78486
target: 0.08769 0.78486
fb: 0.22110 0.21809 -0.79657 0.90486
fb: 0.19991 0.23571 -0.78775 0.89605
dist/lin/ang/drive_left/drive_right/tv_l/tv_r/av_l/av_r/x/y/theta/t_err: 0.60661 0.09822 6.00000 -0.03580 0.43563 -0.55097 0.50750 -0.55097 0.50750 0.45243 0.12218 17.50002 1.28431
target: 0.09822 0.78486
target: 0.09822 0.78486
fb: 0.19594 0.26268 -0.76857 0.88826
fb: 0.20168 0.30727 -0.74628 0.86597
dist/lin/ang/drive_left/drive_right/tv_l/tv_r/av_l/av_r/x/y/theta/t_err: 0.60544 0.11200 6.00000 -0.10559 0.50895 -0.35350 0.49778 -0.35350 0.49778 0.59868 0.17130 19.62562 1.25338
target: 0.11200 0.78486
target: 0.11200 0.78486
fb: 0.21712 0.35200 -0.71231 0.85520
fb: 0.23654 0.38656 -0.69504 0.83792
dist/lin/ang/drive_left/drive_right/tv_l/tv_r/av_l/av_r/x/y/theta/t_err: 0.60400 0.13175 6.00000 -0.15002 0.62310 -0.46217 0.52411 -0.46217 0.52411 0.75825 0.23264 22.40632 1.21162
target: 0.13175 0.78486
target: 0.13175 0.78486
fb: 0.22484 0.41144 -0.66334 0.84474
fb: 0.21535 0.43331 -0.65240 0.83380
dist/lin/ang/drive_left/drive_right/tv_l/tv_r/av_l/av_r/x/y/theta/t_err: 0.60231 0.15876 6.00000 -0.21796 0.64867 -0.52003 0.55936 -0.52003 0.55936 0.91991 0.30477 25.83211 1.15874
target: 0.15876 0.78486
target: 0.15876 0.78486
fb: 0.19395 0.46000 -0.61453 0.84498
fb: 0.18799 0.49337 -0.59785 0.82829
dist/lin/ang/drive_left/drive_right/tv_l/tv_r/av_l/av_r/x/y/theta/t_err: 0.60066 0.19305 6.00000 -0.30538 0.68137 -0.55986 0.57439 -0.55986 0.57439 1.05522 0.37553 29.67538 1.09750
target: 0.19305 0.78486
target: 0.19305 0.78486
fb: 0.19395 0.52807 -0.55372 0.83772
fb: 0.16681 0.56075 -0.52381 0.83495
dist/lin/ang/drive_left/drive_right/tv_l/tv_r/av_l/av_r/x/y/theta/t_err: 0.59878 0.23703 6.00000 -0.39394 0.72756 -0.55133 0.47328 -0.55133 0.47328 1.18504 0.45591 34.05568 1.02670
target: 0.23703 0.78486
target: 0.23703 0.78486
fb: 0.14937 0.58681 -0.44441 0.88829
fb: 0.12797 0.60757 -0.42333 0.88861
dist/lin/ang/drive_left/drive_right/tv_l/tv_r/av_l/av_r/x/y/theta/t_err: 0.59713 0.29451 6.00000 -0.47960 0.73554 -0.50100 0.63019 -0.50100 0.63019 1.27959 0.52582 39.00341 0.94451
target: 0.29451 0.78486
target: 0.29451 0.78486
fb: 0.09885 0.62527 -0.32292 0.97132
fb: 0.08737 0.64589 -0.30687 0.96675
dist/lin/ang/drive_left/drive_right/tv_l/tv_r/av_l/av_r/x/y/theta/t_err: 0.59590 0.36680 6.00000 -0.55852 0.73327 -0.40144 0.50683 -0.40144 0.50683 1.33784 0.57741 44.34671 0.85386
target: 0.36680 0.78486
target: 0.36680 0.78486
fb: 0.08936 0.66979 -0.20340 1.00000
fb: 0.09487 0.68394 -0.19908 1.00000
dist/lin/ang/drive_left/drive_right/tv_l/tv_r/av_l/av_r/x/y/theta/t_err: 0.59466 0.45601 5.53379 -0.58906 0.77881 -0.28147 0.55508 -0.28147 0.55508 1.38561 0.62904 50.04424 0.75658
target: 0.45601 0.72387
target: 0.45601 0.72387
fb: 0.11826 0.69028 0.32769 0.78730
fb: 0.14562 0.69815 0.31794 0.76969
dist/lin/ang/drive_left/drive_right/tv_l/tv_r/av_l/av_r/x/y/theta/t_err: 0.59286 0.54745 4.61058 -0.55253 0.84377 -0.09875 0.65194 -0.09875 0.65194 1.44123 0.70368 56.03182 0.65464
target: 0.54745 0.60311
target: 0.54745 0.60311
fb: 0.16084 0.70916 1.00000 0.65600
fb: 0.17253 0.71655 1.00000 0.64647
dist/lin/ang/drive_left/drive_right/tv_l/tv_r/av_l/av_r/x/y/theta/t_err: 0.59021 0.63889 3.69862 -0.54401 0.88908 0.33897 0.60708 0.33897 0.60708 1.50611 0.81240 62.15727 0.55081
target: 0.63889 0.48382
target: 0.63889 0.48382
fb: 0.18224 0.71655 1.00000 0.59203
fb: 0.20364 0.70512 1.00000 0.58704
dist/lin/ang/drive_left/drive_right/tv_l/tv_r/av_l/av_r/x/y/theta/t_err: 0.58700 0.73033 2.75709 -0.50148 0.90876 0.67122 0.60161 0.67122 0.60161 1.56593 0.94277 68.42504 0.44436
target: 0.73033 0.36066
target: 0.73033 0.36066
fb: 0.23850 0.68247 1.00000 0.50279
fb: 0.27138 0.65223 1.00000 0.50148
dist/lin/ang/drive_left/drive_right/tv_l/tv_r/av_l/av_r/x/y/theta/t_err: 0.58259 0.82177 1.89718 -0.38085 0.92362 0.67278 0.55406 0.67278 0.55406 1.62508 1.12094 74.53047 0.34090
target: 0.82177 0.24817
target: 0.82177 0.24817
fb: 0.32588 0.61259 1.00000 0.49385
fb: 0.35302 0.57051 1.00000 0.50132
dist/lin/ang/drive_left/drive_right/tv_l/tv_r/av_l/av_r/x/y/theta/t_err: 0.57635 0.91321 1.16819 -0.21748 0.92353 0.70719 0.49125 0.70719 0.49125 1.68033 1.37145 80.14703 0.24609
target: 0.91321 0.15281
target: 0.91321 0.15281
fb: 0.34707 0.54668 1.00000 0.56508
fb: 0.33736 0.53225 1.00000 0.57715
dist/lin/ang/drive_left/drive_right/tv_l/tv_r/av_l/av_r/x/y/theta/t_err: 0.56955 1.00465 0.55088 -0.19489 0.86962 0.85022 0.49775 0.85022 0.49775 1.71508 1.64245 85.10916 0.16192
target: 1.00465 0.07206
target: 1.00465 0.07206
fb: 0.29875 0.52480 1.00000 0.65481
fb: 0.31618 0.51442 1.00000 0.65128
dist/lin/ang/drive_left/drive_right/tv_l/tv_r/av_l/av_r/x/y/theta/t_err: 0.56362 1.09609 -0.09503 -0.19823 0.83060 0.89403 0.54464 0.89403 0.54464 1.72586 1.87739 89.76565 0.08195
target: 1.09609 -0.01243
target: 1.09609 -0.01243
fb: 0.39937 0.49498 1.00000 0.58709
fb: 0.46932 0.47094 1.00000 0.56413
dist/lin/ang/drive_left/drive_right/tv_l/tv_r/av_l/av_r/x/y/theta/t_err: 0.55564 1.18753 -0.73373 -0.00162 0.94025 0.87403 0.61633 0.87403 0.61633 1.71409 2.19157 94.23000 0.00461
target: 1.18753 -0.09598
target: 1.18753 -0.09598
fb: 0.53728 0.44676 1.00000 0.53211
fb: 0.56221 0.42676 1.00000 0.52964
dist/lin/ang/drive_left/drive_right/tv_l/tv_r/av_l/av_r/x/y/theta/t_err: 0.54490 1.27897 -1.29581 0.13545 0.98898 0.89217 0.55628 0.89217 0.55628 1.66709 2.61194 98.30655 -0.06719
target: 1.27897 -0.16950
target: 1.27897 -0.16950
fb: 0.58362 0.41102 1.00000 0.56926
fb: 0.56840 0.39318 1.00000 0.58579
dist/lin/ang/drive_left/drive_right/tv_l/tv_r/av_l/av_r/x/y/theta/t_err: 0.53329 1.37041 -1.82435 0.17522 0.96158 0.91183 0.51811 0.91183 0.51811 1.58536 3.06410 102.01989 -0.13421
target: 1.37041 -0.23864
target: 1.37041 -0.23864
fb: 0.57016 0.37702 1.00000 0.61520
fb: 0.61650 0.35806 1.00000 0.60151
dist/lin/ang/drive_left/drive_right/tv_l/tv_r/av_l/av_r/x/y/theta/t_err: 0.52205 1.29356 -2.33198 0.25844 0.97457 0.90978 0.55953 0.90978 0.55953 1.47801 3.49997 105.44137 -0.19753
target: 1.29356 -0.30505
target: 1.29356 -0.30505
fb: 0.63239 0.33946 1.00000 -0.33359
fb: 0.63614 0.32525 1.00000 -0.32836
dist/lin/ang/drive_left/drive_right/tv_l/tv_r/av_l/av_r/x/y/theta/t_err: 0.50973 1.17044 -2.80977 0.31090 0.96139 0.91064 0.48492 0.91064 0.48492 1.33205 3.97599 108.54585 -0.25726
target: 1.17044 -0.36755
target: 1.17044 -0.36755
fb: 0.68248 0.31145 1.00000 -0.69753
fb: 0.73500 0.28908 1.00000 -0.71261
dist/lin/ang/drive_left/drive_right/tv_l/tv_r/av_l/av_r/x/y/theta/t_err: 0.49664 1.06166 -3.27447 0.44591 1.02408 0.89953 -0.11706 0.89953 -0.11706 1.14783 4.48077 111.37684 -0.31436
target: 1.06166 -0.42833
target: 1.06166 -0.42833
fb: 0.72529 0.25250 1.00000 -0.79466
fb: 0.73699 0.19823 1.00000 -0.77337
dist/lin/ang/drive_left/drive_right/tv_l/tv_r/av_l/av_r/x/y/theta/t_err: 0.48298 0.96819 -3.68689 0.53876 0.93522 0.88239 -0.39458 0.88239 -0.39458 0.92792 5.00780 113.83787 -0.36723
target: 0.96819 -0.48228
target: 0.96819 -0.48228
fb: 0.70213 0.14576 1.00000 -0.78606
fb: 0.68073 0.09908 1.00000 -0.75202
dist/lin/ang/drive_left/drive_right/tv_l/tv_r/av_l/av_r/x/y/theta/t_err: 0.46998 0.90267 -3.89257 0.58165 0.77981 0.89714 -0.40022 0.89714 -0.40022 0.69702 5.51012 115.46186 -0.40671
target: 0.90267 -0.50919
target: 0.90267 -0.50919
fb: 0.69618 0.05247 1.00000 -0.59416
fb: 0.64013 -0.00077 1.00000 -0.53952
dist/lin/ang/drive_left/drive_right/tv_l/tv_r/av_l/av_r/x/y/theta/t_err: 0.45727 0.86195 -3.97500 0.64090 0.63937 0.88961 -0.35981 0.88961 -0.35981 0.45761 6.00324 116.22969 -0.43237
target: 0.86195 -0.51997
target: 0.86195 -0.51997
fb: 0.66132 -0.05435 0.98041 -0.40127
fb: 0.68846 -0.10563 0.94120 -0.38920
dist/lin/ang/drive_left/drive_right/tv_l/tv_r/av_l/av_r/x/y/theta/t_err: 0.44529 0.84607 -3.90925 0.79408 0.58283 0.79344 -0.36497 0.79344 -0.36497 0.22752 6.47037 116.10464 -0.44263
target: 0.84607 -0.51137
target: 0.84607 -0.51137
fb: 0.66330 -0.15461 0.91686 -0.16999
fb: 0.67102 -0.19802 0.89130 -0.15215
dist/lin/ang/drive_left/drive_right/tv_l/tv_r/av_l/av_r/x/y/theta/t_err: 0.43329 0.84327 -3.70978 0.86904 0.47300 0.71042 -0.31075 0.71042 -0.31075 0.00160 6.94126 115.06799 -0.43743
target: 0.84327 -0.48528
target: 0.84327 -0.48528
fb: 0.63042 -0.23996 0.83113 0.17595
fb: 0.62446 -0.27780 0.81520 0.19785
dist/lin/ang/drive_left/drive_right/tv_l/tv_r/av_l/av_r/x/y/theta/t_err: 0.42182 0.86222 -3.39455 0.90225 0.34666 0.66033 -0.10492 0.66033 -0.10492 -0.20201 7.39395 113.23421 -0.41768
target: 0.86222 -0.44404
target: 0.86222 -0.44404
fb: 0.57392 -0.30741 0.81357 0.45862
fb: 0.57789 -0.33974 0.79542 0.47281
dist/lin/ang/drive_left/drive_right/tv_l/tv_r/av_l/av_r/x/y/theta/t_err: 0.41127 0.90277 -2.98108 0.91763 0.23815 0.69522 0.19525 0.69522 0.19525 -0.37197 7.81265 110.73282 -0.38483
target: 0.90277 -0.38996
target: 0.90277 -0.38996
fb: 0.63614 -0.36280 0.75699 0.69968
fb: 0.59157 -0.37506 0.77315 0.72810
dist/lin/ang/drive_left/drive_right/tv_l/tv_r/av_l/av_r/x/y/theta/t_err: 0.39938 0.95720 -2.53541 0.96663 0.21650 0.69247 0.46114 0.69247 0.46114 -0.53723 8.28546 107.70651 -0.34321
target: 0.95720 -0.33166
target: 0.95720 -0.33166
fb: 0.65158 -0.38168 0.75772 0.89368
fb: 0.68248 -0.37423 0.74600 0.87450
dist/lin/ang/drive_left/drive_right/tv_l/tv_r/av_l/av_r/x/y/theta/t_err: 0.38700 1.02241 -2.07345 1.05670 0.30825 0.68617 0.51386 0.68617 0.51386 -0.67825 8.77870 104.40805 -0.29600
target: 1.02241 -0.27123
target: 1.02241 -0.27123
fb: 0.70587 -0.35625 0.76556 1.00000
fb: 0.72153 -0.34016 0.76577 1.00000
dist/lin/ang/drive_left/drive_right/tv_l/tv_r/av_l/av_r/x/y/theta/t_err: 0.37340 1.08690 -1.68080 1.06169 0.38138 0.68614 0.52444 0.68614 0.52444 -0.80024 9.32089 101.17510 -0.24950
target: 1.08690 -0.21987
target: 1.08690 -0.21987
fb: 0.73897 -0.32678 0.85379 1.00000
fb: 0.76412 -0.31730 0.84121 1.00000
dist/lin/ang/drive_left/drive_right/tv_l/tv_r/av_l/av_r/x/y/theta/t_err: 0.35900 1.14443 -1.35460 1.08143 0.44682 0.69900 0.78369 0.69900 0.78369 -0.89725 9.89456 98.21881 -0.20697
target: 1.14443 -0.17720
target: 1.14443 -0.17720
fb: 0.74471 -0.30901 0.88599 1.00000
fb: 0.80473 -0.29828 0.85598 1.00000
dist/lin/ang/drive_left/drive_right/tv_l/tv_r/av_l/av_r/x/y/theta/t_err: 0.34437 1.19817 -1.02919 1.10301 0.50644 0.66989 0.84750 0.66989 0.84750 -0.96661 10.47679 95.45746 -0.16661
target: 1.19817 -0.13463
target: 1.19817 -0.13463
fb: 0.84753 -0.28804 0.84034 1.00000
fb: 0.90380 -0.27654 0.81220 1.00000
dist/lin/ang/drive_left/drive_right/tv_l/tv_r/av_l/av_r/x/y/theta/t_err: 0.32760 1.24290 -0.73105 1.18035 0.62726 0.68169 0.88103 0.68169 0.88103 -1.01474 11.14236 92.87163 -0.12888
target: 1.24290 -0.09563
target: 1.24290 -0.09563
fb: 0.92124 -0.26379 0.79807 1.00000
fb: 0.97155 -0.25285 0.77292 1.00000
dist/lin/ang/drive_left/drive_right/tv_l/tv_r/av_l/av_r/x/y/theta/t_err: 0.30929 1.27871 -0.45008 1.22440 0.71869 0.68992 0.89128 0.68992 0.89128 -1.03590 11.86739 90.47623 -0.09349
target: 1.27871 -0.05888
target: 1.27871 -0.05888
fb: 1.00266 -0.24073 0.73980 0.99760
fb: 0.94838 -0.22693 0.76694 1.00000
dist/lin/ang/drive_left/drive_right/tv_l/tv_r/av_l/av_r/x/y/theta/t_err: 0.28930 1.30374 -0.19001 1.17531 0.72145 0.72753 0.75681 0.72753 0.75681 -1.02750 12.65681 88.28918 -0.06048
target: 1.30374 -0.02486
target: 1.30374 -0.02486
fb: 1.03157 -0.20819 0.69454 0.97335
fb: 1.11719 -0.19460 0.65173 0.93054
dist/lin/ang/drive_left/drive_right/tv_l/tv_r/av_l/av_r/x/y/theta/t_err: 0.26869 1.31894 0.04941 1.31179 0.92258 0.70736 0.63875 0.70736 0.63875 -0.98857 13.46811 86.34841 -0.02986
target: 1.31894 0.00646
target: 1.31894 0.00646
fb: 1.05121 -0.18241 0.65042 0.94689
fb: 1.04724 -0.17523 0.65241 0.94888
dist/lin/ang/drive_left/drive_right/tv_l/tv_r/av_l/av_r/x/y/theta/t_err: 0.24766 1.32313 0.26233 1.22248 0.87201 0.64797 0.62811 0.64797 0.62811 -0.92389 14.29328 84.67460 -0.00195
target: 1.32313 0.03432
target: 1.32313 0.03432
fb: 1.07240 -0.17112 0.59654 0.89915
fb: 1.07041 -0.16562 0.59754 0.90014
dist/lin/ang/drive_left/drive_right/tv_l/tv_r/av_l/av_r/x/y/theta/t_err: 0.22622 1.21803 0.49907 1.23603 0.90479 0.63003 0.55508 0.63003 0.55508 -0.83436 15.13291 83.14718 0.02578
target: 1.21803 0.06528
target: 1.21803 0.06528
fb: 1.11719 -0.16632 -0.11155 0.37855
fb: 1.13264 -0.16339 -0.11927 0.37083
dist/lin/ang/drive_left/drive_right/tv_l/tv_r/av_l/av_r/x/y/theta/t_err: 0.20389 1.10329 0.77365 1.29603 0.96925 0.49519 0.58022 0.49519 0.58022 -0.71816 16.00486 81.68980 0.05546
target: 1.10329 0.10120
target: 1.10329 0.10120
fb: 1.15978 -0.15475 -0.45027 0.38838
fb: 1.18118 -0.14451 -0.33299 0.24970
dist/lin/ang/drive_left/drive_right/tv_l/tv_r/av_l/av_r/x/y/theta/t_err: 0.18076 0.98508 1.09540 1.32569 1.03668 -0.05575 0.40294 -0.05575 0.40294 -0.57479 16.90673 80.28471 0.08871
target: 0.98508 0.14329
target: 0.98508 0.14329
fb: 1.09954 -0.13008 -0.60637 0.36153
fb: 1.04901 -0.10549 -0.44442 0.25011
dist/lin/ang/drive_left/drive_right/tv_l/tv_r/av_l/av_r/x/y/theta/t_err: 0.15889 1.06304 1.41942 1.15450 0.94352 -0.32389 0.31500 -0.32389 0.31500 -0.41956 17.75847 79.04931 0.12401
target: 1.06304 0.18567
target: 1.06304 0.18567
fb: 0.97355 -0.07985 0.40453 1.00000
fb: 0.95038 -0.04905 0.54887 1.00000
dist/lin/ang/drive_left/drive_right/tv_l/tv_r/av_l/av_r/x/y/theta/t_err: 0.13789 0.99029 1.34599 0.99943 0.90133 -0.23047 0.32594 -0.23047 0.32594 -0.26819 18.50994 78.18821 0.13903
target: 0.99029 0.17607
target: 0.99029 0.17607
fb: 1.00466 -0.01108 0.09304 0.24820
fb: 0.91728 0.02174 0.13673 0.29189
dist/lin/ang/drive_left/drive_right/tv_l/tv_r/av_l/av_r/x/y/theta/t_err: 0.11766 0.91478 1.30721 0.89554 0.93902 0.22808 0.63958 0.22808 0.63958 -0.10341 19.28366 77.84471 0.14503
target: 0.91478 0.17100
target: 0.91478 0.17100
fb: 0.87469 0.05205 0.06120 0.25030
fb: 0.88065 0.07602 -0.05983 0.24732
dist/lin/ang/drive_left/drive_right/tv_l/tv_r/av_l/av_r/x/y/theta/t_err: 0.10027 0.84446 1.16461 0.80463 0.95667 0.15006 0.36394 0.15006 0.36394 0.04050 19.95719 78.09930 0.14059
target: 0.84446 0.15234
target: 0.84446 0.15234
fb: 0.82416 0.09852 0.11678 0.15861
fb: 0.82615 0.11719 0.11579 0.15761
dist/lin/ang/drive_left/drive_right/tv_l/tv_r/av_l/av_r/x/y/theta/t_err: 0.08405 0.77317 0.97805 0.70895 0.94334 0.02567 0.23664 0.02567 0.23664 0.17073 20.59293 78.81086 0.12817
target: 0.77317 0.12794
target: 0.77317 0.12794
fb: 0.82615 0.13615 0.08919 -0.08133
fb: 0.78157 0.15001 0.11148 0.06879
dist/lin/ang/drive_left/drive_right/tv_l/tv_r/av_l/av_r/x/y/theta/t_err: 0.06791 0.69496 0.75585 0.63156 0.93158 0.11889 0.14256 0.11889 0.14256 0.29135 21.23215 79.87788 0.10954
target: 0.69496 0.09887
target: 0.69496 0.09887
fb: 0.70213 0.14876 0.09273 -0.15876
fb: 0.59335 0.13482 0.14712 -0.10436
dist/lin/ang/drive_left/drive_right/tv_l/tv_r/av_l/av_r/x/y/theta/t_err: 0.05430 0.62141 0.51977 0.45853 0.72817 0.12028 0.03114 0.12028 0.03114 0.38266 21.77741 81.17876 0.08684
target: 0.62141 0.06799
target: 0.62141 0.06799
fb: 0.55474 0.11225 0.14694 -0.16233
fb: 0.52760 0.09350 0.16051 -0.14876
dist/lin/ang/drive_left/drive_right/tv_l/tv_r/av_l/av_r/x/y/theta/t_err: 0.04355 0.55653 0.38209 0.43409 0.62110 0.14422 -0.09464 0.14422 -0.09464 0.44521 22.20970 82.30229 0.06723
target: 0.55653 0.04998
target: 0.55653 0.04998
fb: 0.47905 0.07211 0.11448 -0.10314
fb: 0.46934 0.04933 0.11934 -0.09828
dist/lin/ang/drive_left/drive_right/tv_l/tv_r/av_l/av_r/x/y/theta/t_err: 0.03420 0.49315 0.33003 0.42001 0.51867 0.15536 -0.12097 0.15536 -0.12097 0.49315 22.58385 83.06671 0.05389
target: 0.49315 0.04317
target: 0.49315 0.04317
fb: 0.43426 0.02648 0.12590 0.12735
fb: 0.38593 0.00711 0.15007 0.15151
dist/lin/ang/drive_left/drive_right/tv_l/tv_r/av_l/av_r/x/y/theta/t_err: 0.02562 0.42686 0.34027 0.37883 0.39304 0.13108 -0.04039 0.13108 -0.04039 0.53320 22.92343 83.44615 0.04727
target: 0.42686 0.04451
target: 0.42686 0.04451
fb: 0.36674 -0.01226 0.05861 0.13520
fb: 0.32768 -0.02905 0.07813 0.15473
dist/lin/ang/drive_left/drive_right/tv_l/tv_r/av_l/av_r/x/y/theta/t_err: 0.01829 0.36066 0.40171 0.35673 0.29862 0.13106 0.12969 0.13106 0.12969 0.56602 23.21033 83.46086 0.04701
target: 0.36066 0.05255
target: 0.36066 0.05255
fb: 0.30252 -0.04027 -0.08029 0.14541
fb: 0.33364 -0.03965 -0.09584 0.12985
dist/lin/ang/drive_left/drive_right/tv_l/tv_r/av_l/av_r/x/y/theta/t_err: 0.01216 0.29406 0.49502 0.37328 0.29399 0.04997 0.15022 0.04997 0.15022 0.59366 23.44693 83.18134 0.05189
target: 0.29406 0.06475
target: 0.29406 0.06475
fb: 0.32768 -0.03261 -0.17855 0.10101
fb: 0.27737 -0.01749 -0.15340 0.12617
dist/lin/ang/drive_left/drive_right/tv_l/tv_r/av_l/av_r/x/y/theta/t_err: 0.00551 0.00138 0.55451 0.29486 0.25988 -0.09000 0.13258 -0.09000 0.13258 0.62503 23.70303 82.84782 0.05771
target: 0.00138 0.07254
target: 0.00138 0.07254
fb: 0.22684 0.00537 -0.82022 -0.65789
fb: 0.16858 0.03017 -0.70749 -0.54516
dist/lin/ang/drive_left/drive_right/tv_l/tv_r/av_l/av_r/x/y/theta/t_err: 0.00094 0.00024 0.52982 0.13841 0.19875 -0.20517 0.06553 -0.20517 0.06553 0.64749 23.88022 82.74455 0.05951
target: 0.00024 0.06931
target: 0.00024 0.06931
fb: 0.11827 0.04647 -0.07312 0.07362
fb: 0.08142 0.06243 -0.07312 0.07362
dist/lin/ang/drive_left/drive_right/tv_l/tv_r/av_l/av_r/x/y/theta/t_err: -0.00134 -0.00033 0.41768 0.01899 0.14385 -0.24281 -0.22467 -0.24281 -0.22467 0.65908 23.97263 83.03448 0.05445
target: -0.00033 0.05464
target: -0.00033 0.05464
fb: 0.04855 0.07804 0.06716 -0.07459
fb: 0.01567 0.07734 0.06716 -0.07459
dist/lin/ang/drive_left/drive_right/tv_l/tv_r/av_l/av_r/x/y/theta/t_err: -0.00214 -0.00054 0.27959 -0.06167 0.09301 -0.05614 0.01181 -0.05614 0.01181 0.66358 24.01058 83.61572 0.04431
target: -0.00054 0.03657
target: -0.00054 0.03657
fb: 0.00772 0.07372 0.09521 -0.10130
fb: 0.01942 0.06828 0.09521 -0.10130
final error: 0.66443, x: -0.66422, y: -0.01663
final local error: 0.66443, forwards: -0.08278, sideways: 0.65926
position: 0.66422 24.01663 84.27737
took 1.40000 time to finish turn
dist/lin/ang/drive_left/drive_right/tv_l/tv_r/av_l/av_r/x/y/theta/t_err: -0.60991 -0.09144 0.54279 -0.00467 0.00467 0.00017 0.00017 0.00017 0.00017 0.66312 24.00295 264.80130 0.06311
target: -0.09144 0.07100
target: -0.09144 0.07100
fb: 0.00000 0.00432 -0.62282 0.19428
fb: 0.00000 0.00369 -0.62282 0.19428
dist/lin/ang/drive_left/drive_right/tv_l/tv_r/av_l/av_r/x/y/theta/t_err: -0.60991 -0.18288 0.53164 -0.00369 0.00369 -0.02722 0.05817 -0.02722 0.05817 0.66312 24.00295 264.83564 0.06252
target: -0.18288 0.06954
target: -0.18288 0.06954
fb: 0.00000 0.00251 -0.42104 -0.34587
fb: 0.00000 0.00188 -0.42104 -0.34587
dist/lin/ang/drive_left/drive_right/tv_l/tv_r/av_l/av_r/x/y/theta/t_err: -0.60991 -0.27432 0.53038 -0.00188 0.00188 -0.46883 0.08281 -0.46883 0.08281 0.66312 24.00295 264.85799 0.06213
target: -0.27432 0.06938
target: -0.27432 0.06938
fb: 0.00000 0.00857 -0.50630 -0.41971
fb: 0.00000 0.03135 -0.50630 -0.41971
dist/lin/ang/drive_left/drive_right/tv_l/tv_r/av_l/av_r/x/y/theta/t_err: -0.60991 -0.36576 0.48785 -0.03135 0.03135 -0.42861 -0.24881 -0.42861 -0.24881 0.66312 24.00295 265.00101 0.05963
target: -0.36576 0.06382
target: -0.36576 0.06382
fb: -0.02516 0.05274 -0.54526 -0.51471
fb: -0.10459 0.06494 -0.50554 -0.47499
dist/lin/ang/drive_left/drive_right/tv_l/tv_r/av_l/av_r/x/y/theta/t_err: -0.60782 -0.45720 0.36024 -0.16953 -0.03965 -0.45942 -0.38142 -0.45942 -0.38142 0.65636 23.92087 265.48175 0.05143
target: -0.45720 0.04712
target: -0.45720 0.04712
fb: -0.17057 0.07051 -0.49084 -0.58282
fb: -0.20963 0.06870 -0.47131 -0.56329
dist/lin/ang/drive_left/drive_right/tv_l/tv_r/av_l/av_r/x/y/theta/t_err: -0.60363 -0.54864 0.25172 -0.27833 -0.14093 -0.46506 -0.43153 -0.46506 -0.43153 0.64428 23.75625 266.08695 0.04118
target: -0.54864 0.03293
target: -0.54864 0.03293
fb: -0.23478 0.06334 -0.76535 -0.85432
fb: -0.29083 0.05999 -0.73732 -0.82630
dist/lin/ang/drive_left/drive_right/tv_l/tv_r/av_l/av_r/x/y/theta/t_err: -0.59782 -0.64008 0.18281 -0.35082 -0.23084 -0.46833 -0.38961 -0.46833 -0.38961 0.62987 23.52771 266.63478 0.03197
target: -0.64008 0.02391
target: -0.64008 0.02391
fb: -0.34710 0.05888 -0.80976 -0.86425
fb: -0.34511 0.05811 -0.81076 -0.86525
dist/lin/ang/drive_left/drive_right/tv_l/tv_r/av_l/av_r/x/y/theta/t_err: -0.59092 -0.73152 0.11550 -0.40322 -0.28700 -0.48683 -0.42247 -0.48683 -0.42247 0.61513 23.25637 267.14431 0.02340
target: -0.73152 0.01511
target: -0.73152 0.01511
fb: -0.37424 0.05449 -0.87453 -0.93900
fb: -0.42477 0.04863 -0.84927 -0.91374
dist/lin/ang/drive_left/drive_right/tv_l/tv_r/av_l/av_r/x/y/theta/t_err: -0.58242 -0.82296 0.05691 -0.47340 -0.37614 -0.40467 -0.61478 -0.40467 -0.61478 0.59988 22.92225 267.60486 0.01564
target: -0.82296 0.00744
target: -0.82296 0.00744
fb: -0.46162 0.03916 -0.91414 -0.97869
fb: -0.50046 0.03358 -0.89472 -0.95927
dist/lin/ang/drive_left/drive_right/tv_l/tv_r/av_l/av_r/x/y/theta/t_err: -0.57242 -0.91440 0.03122 -0.53404 -0.46687 -0.40158 -0.51589 -0.40158 -0.51589 0.58463 22.52849 267.93553 0.01009
target: -0.91440 0.00408
target: -0.91440 0.00408
fb: -0.52958 0.02864 -0.98057 -1.00000
fb: -0.53532 0.02515 -0.97770 -1.00000
dist/lin/ang/drive_left/drive_right/tv_l/tv_r/av_l/av_r/x/y/theta/t_err: -0.56171 -1.00584 0.01028 -0.56047 -0.51017 -0.51606 -0.50236 -0.51606 -0.50236 0.57038 22.10722 268.17966 0.00598
target: -1.00584 0.00135
target: -1.00584 0.00135
fb: -0.57592 0.01874 -1.00000 -1.00000
fb: -0.57393 0.01212 -1.00000 -1.00000
dist/lin/ang/drive_left/drive_right/tv_l/tv_r/av_l/av_r/x/y/theta/t_err: -0.55023 -1.09728 0.00768 -0.58606 -0.56181 -0.54139 -0.68839 -0.54139 -0.68839 0.55661 21.65551 268.31993 0.00363
target: -1.09728 0.00100
target: -1.09728 0.00100
fb: -0.68647 0.00300 -1.00000 -1.00000
fb: -0.73502 -0.00153 -1.00000 -1.00000
dist/lin/ang/drive_left/drive_right/tv_l/tv_r/av_l/av_r/x/y/theta/t_err: -0.53553 -1.18872 0.02693 -0.73348 -0.73655 -0.77597 -0.80147 -0.77597 -0.80147 0.53978 21.07700 268.33833 0.00340
target: -1.18872 0.00352
target: -1.18872 0.00352
fb: -0.78356 0.00070 -1.00000 -1.00000
fb: -0.88837 0.00467 -1.00000 -1.00000
dist/lin/ang/drive_left/drive_right/tv_l/tv_r/av_l/av_r/x/y/theta/t_err: -0.51776 -1.28016 0.02656 -0.89304 -0.88371 -0.82475 -0.82956 -0.82475 -0.82956 0.51954 20.37779 268.35309 0.00325
target: -1.28016 0.00347
target: -1.28016 0.00347
fb: -0.86101 0.00766 -1.00000 -1.00000
fb: -0.91927 0.01387 -1.00000 -1.00000
dist/lin/ang/drive_left/drive_right/tv_l/tv_r/av_l/av_r/x/y/theta/t_err: -0.49938 -1.37160 0.00193 -0.93313 -0.90540 -0.84253 -0.84578 -0.84253 -0.84578 0.49922 19.65424 268.43879 0.00185
target: -1.37160 0.00025
target: -1.37160 0.00025
fb: -0.96207 0.01310 -1.00000 -1.00000
fb: -0.97730 0.01122 -1.00000 -1.00000
dist/lin/ang/drive_left/drive_right/tv_l/tv_r/av_l/av_r/x/y/theta/t_err: -0.47983 -1.46304 -0.01754 -0.98852 -0.96608 -0.86222 -0.86100 -0.86222 -0.86100 0.47899 18.88498 268.54404 0.00005
target: -1.46304 -0.00229
target: -1.46304 -0.00229
fb: -0.99870 0.00759 -1.00000 -1.00000
fb: -0.99098 0.01115 -1.00000 -1.00000
dist/lin/ang/drive_left/drive_right/tv_l/tv_r/av_l/av_r/x/y/theta/t_err: -0.46001 -1.55448 -0.02583 -1.00213 -0.97983 -0.86547 -0.86342 -0.86547 -0.86342 0.45966 18.10492 268.62357 -0.00136
target: -1.55448 -0.00338
target: -1.55448 -0.00338
fb: -1.09381 0.00899 -1.00000 -1.00000
fb: -1.20259 0.00258 -1.00000 -1.00000
dist/lin/ang/drive_left/drive_right/tv_l/tv_r/av_l/av_r/x/y/theta/t_err: -0.43596 -1.64592 -0.03196 -1.20517 -1.20002 -0.86189 -0.85792 -0.86189 -0.85792 0.43745 17.15826 268.67991 -0.00245
target: -1.64592 -0.00418
target: -1.64592 -0.00418
fb: -1.10749 0.00404 -1.00000 -1.00000
fb: -1.15581 0.00327 -1.00000 -1.00000
dist/lin/ang/drive_left/drive_right/tv_l/tv_r/av_l/av_r/x/y/theta/t_err: -0.41285 -1.70553 -0.03095 -1.15909 -1.15254 -0.86806 -0.86633 -0.86806 -0.86633 0.41667 16.24840 268.70182 -0.00298
target: -1.70553 -0.00405
target: -1.70553 -0.00405
fb: -1.29924 0.00369 -1.00000 -1.00000
fb: -1.21804 0.00648 -1.00000 -1.00000
dist/lin/ang/drive_left/drive_right/tv_l/tv_r/av_l/av_r/x/y/theta/t_err: -0.38848 -1.65231 -0.04098 -1.22452 -1.21156 -0.87231 -0.87247 -0.87231 -0.87247 0.39521 15.28956 268.73739 -0.00381
target: -1.65231 -0.00536
target: -1.65231 -0.00536
fb: -1.29748 0.00794 -0.69304 -0.71825
fb: -1.43318 0.00516 -0.62519 -0.65039
dist/lin/ang/drive_left/drive_right/tv_l/tv_r/av_l/av_r/x/y/theta/t_err: -0.35982 -1.58728 -0.05446 -1.43834 -1.42803 -0.88858 -0.76297 -0.88858 -0.76297 0.37084 14.16133 268.78492 -0.00497
target: -1.58728 -0.00712
target: -1.58728 -0.00712
fb: -1.27034 -0.00070 -0.59692 -0.62849
fb: -1.38464 -0.00181 -0.53977 -0.57134
dist/lin/ang/drive_left/drive_right/tv_l/tv_r/av_l/av_r/x/y/theta/t_err: -0.33213 -1.52415 -0.04923 -1.38283 -1.38645 -0.63414 -0.64269 -0.63414 -0.64269 0.34772 13.07131 268.78107 -0.00532
target: -1.52415 -0.00644
target: -1.52415 -0.00644
fb: -1.43318 0.00000 -0.47706 -0.48565
fb: -1.38464 0.00000 -0.50134 -0.50992
dist/lin/ang/drive_left/drive_right/tv_l/tv_r/av_l/av_r/x/y/theta/t_err: -0.30444 -1.45799 -0.05576 -1.38464 -1.38464 -0.56689 -0.56622 -0.56689 -0.56622 0.32454 11.98129 268.78406 -0.00586
target: -1.45799 -0.00729
target: -1.45799 -0.00729
fb: -1.48173 -0.00160 -0.37295 -0.39647
fb: -1.37316 -0.00105 -0.42723 -0.45075
dist/lin/ang/drive_left/drive_right/tv_l/tv_r/av_l/av_r/x/y/theta/t_err: -0.27697 -1.38941 -0.06116 -1.37212 -1.37421 -0.50750 -0.49519 -0.50750 -0.49519 0.30161 10.90030 268.78392 -0.00644
target: -1.38941 -0.00800
target: -1.38941 -0.00800
fb: -1.33234 0.00000 -0.37566 -0.39874
fb: -1.41001 -0.00167 -0.33683 -0.35990
dist/lin/ang/drive_left/drive_right/tv_l/tv_r/av_l/av_r/x/y/theta/t_err: -0.24877 -1.31541 -0.06778 -1.40834 -1.41169 -0.43325 -0.43836 -0.43325 -0.43836 0.27803 9.79031 268.78042 -0.00711
target: -1.31541 -0.00887
target: -1.31541 -0.00887
fb: -1.39633 -0.00125 -0.25324 -0.27886
fb: -1.34779 0.00111 -0.27751 -0.30313
dist/lin/ang/drive_left/drive_right/tv_l/tv_r/av_l/av_r/x/y/theta/t_err: -0.22182 -1.24031 -0.07820 -1.34890 -1.34667 -0.38706 -0.40278 -0.38706 -0.40278 0.25545 8.72930 268.78359 -0.00802
target: -1.24031 -0.01023
target: -1.24031 -0.01023
fb: -1.29549 0.00077 -0.22775 -0.25960
fb: -1.22576 0.00000 -0.26261 -0.29447
dist/lin/ang/drive_left/drive_right/tv_l/tv_r/av_l/av_r/x/y/theta/t_err: -0.19730 -1.16755 -0.09151 -1.22576 -1.22576 -0.36772 -0.36908 -0.36772 -0.36908 0.23508 7.76434 268.79487 -0.00923
target: -1.16755 -0.01197
target: -1.16755 -0.01197
fb: -1.26063 -0.00390 -0.18537 -0.22290
fb: -1.21605 -0.00293 -0.20765 -0.24519
dist/lin/ang/drive_left/drive_right/tv_l/tv_r/av_l/av_r/x/y/theta/t_err: -0.17298 -1.10917 -0.09408 -1.21313 -1.21898 -0.32717 -0.33636 -0.32717 -0.33636 0.21470 6.80704 268.76767 -0.01002
target: -1.10917 -0.01231
target: -1.10917 -0.01231
fb: -1.16949 0.00160 -0.24141 -0.26671
fb: -1.08785 0.00000 -0.28223 -0.30753
dist/lin/ang/drive_left/drive_right/tv_l/tv_r/av_l/av_r/x/y/theta/t_err: -0.15122 -1.03705 -0.09007 -1.08785 -1.08785 -0.28472 -0.30767 -0.28472 -0.30767 0.19635 5.95066 268.77960 -0.01023
target: -1.03705 -0.01178
target: -1.03705 -0.01178
fb: -1.06292 -0.00537 -0.17821 -0.19499
fb: -1.00466 -0.00836 -0.20734 -0.22412
dist/lin/ang/drive_left/drive_right/tv_l/tv_r/av_l/av_r/x/y/theta/t_err: -0.13113 -0.96570 -0.07209 -0.99630 -1.01302 -0.29069 -0.28508 -0.29069 -0.28508 0.17926 5.15977 268.73062 -0.00938
target: -0.96570 -0.00943
target: -0.96570 -0.00943
fb: -0.99098 -0.00864 -0.16209 -0.15923
fb: -1.03180 -0.00453 -0.14168 -0.13881
dist/lin/ang/drive_left/drive_right/tv_l/tv_r/av_l/av_r/x/y/theta/t_err: -0.11049 -0.88647 -0.06073 -1.02727 -1.03633 -0.22758 -0.23650 -0.22758 -0.23650 0.16079 4.34754 268.66930 -0.00831
target: -0.88647 -0.00794
target: -0.88647 -0.00794
fb: -0.97355 -0.00362 -0.06420 -0.06707
fb: -0.89014 -0.00460 -0.10590 -0.10877
dist/lin/ang/drive_left/drive_right/tv_l/tv_r/av_l/av_r/x/y/theta/t_err: -0.09269 -0.81192 -0.06137 -0.88554 -0.89474 -0.18189 -0.15450 -0.18189 -0.15450 0.14435 3.64683 268.63830 -0.00776
target: -0.81192 -0.00803
target: -0.81192 -0.00803
fb: -0.79327 -0.00634 -0.09806 -0.11510
fb: -0.72332 -0.00286 -0.13303 -0.15008
dist/lin/ang/drive_left/drive_right/tv_l/tv_r/av_l/av_r/x/y/theta/t_err: -0.07823 -0.74588 -0.05382 -0.72046 -0.72618 -0.12969 -0.13622 -0.12969 -0.13622 0.13060 3.07746 268.59837 -0.00707
target: -0.74588 -0.00704
target: -0.74588 -0.00704
fb: -0.65933 -0.00132 -0.14437 -0.15040
fb: -0.68073 0.00000 -0.13367 -0.13970
dist/lin/ang/drive_left/drive_right/tv_l/tv_r/av_l/av_r/x/y/theta/t_err: -0.06461 -0.67787 -0.05735 -0.68073 -0.68073 -0.14631 -0.15569 -0.14631 -0.15569 0.11742 2.54161 268.58780 -0.00688
target: -0.67787 -0.00750
target: -0.67787 -0.00750
fb: -0.65359 0.00174 -0.07058 -0.09024
fb: -0.63815 0.00000 -0.07831 -0.09796
dist/lin/ang/drive_left/drive_right/tv_l/tv_r/av_l/av_r/x/y/theta/t_err: -0.05185 -0.60724 -0.06289 -0.63815 -0.63815 -0.13878 -0.13825 -0.13878 -0.13825 0.10510 2.03928 268.59917 -0.00708
target: -0.60724 -0.00823
target: -0.60724 -0.00823
fb: -0.62447 -0.00258 0.10940 0.09628
fb: -0.53708 -0.00334 0.06571 -0.07525
dist/lin/ang/drive_left/drive_right/tv_l/tv_r/av_l/av_r/x/y/theta/t_err: -0.04111 -0.54069 -0.05546 -0.53374 -0.54043 -0.07922 -0.04997 -0.07922 -0.04997 0.09471 1.61651 268.58239 -0.00679
target: -0.54069 -0.00725
target: -0.54069 -0.00725
fb: -0.52164 -0.00467 0.09398 0.09747
fb: -0.48876 -0.00641 0.07755 0.08104
dist/lin/ang/drive_left/drive_right/tv_l/tv_r/av_l/av_r/x/y/theta/t_err: -0.03133 -0.47205 -0.04685 -0.48235 -0.49517 0.04981 -0.01231 0.04981 -0.01231 0.08509 1.23178 268.54685 -0.00617
target: -0.47205 -0.00613
target: -0.47205 -0.00613
fb: -0.38020 -0.01261 -0.12329 -0.12626
fb: -0.31819 -0.02041 -0.15429 -0.15726
dist/lin/ang/drive_left/drive_right/tv_l/tv_r/av_l/av_r/x/y/theta/t_err: -0.02497 -0.42142 -0.01276 -0.29778 -0.33861 0.04242 -0.00392 0.04242 -0.00392 0.07852 0.98132 268.42274 -0.00400
target: -0.42142 -0.00167
target: -0.42142 -0.00167
fb: -0.24228 -0.02007 -0.20220 -0.16920
fb: -0.20543 -0.01623 -0.22062 -0.18762
dist/lin/ang/drive_left/drive_right/tv_l/tv_r/av_l/av_r/x/y/theta/t_err: -0.02087 -0.38522 0.01868 -0.18920 -0.22167 -0.13844 -0.14339 -0.13844 -0.14339 0.07383 0.81963 268.25915 -0.00115
target: -0.38522 0.00244
target: -0.38522 0.00244
fb: -0.20764 -0.01233 -0.21811 -0.18271
fb: -0.23677 -0.01066 -0.20355 -0.16814
dist/lin/ang/drive_left/drive_right/tv_l/tv_r/av_l/av_r/x/y/theta/t_err: -0.01613 -0.33873 0.02547 -0.22611 -0.24743 -0.20481 -0.17758 -0.20481 -0.17758 0.06797 0.63329 268.15030 0.00075
target: -0.33873 0.00333
target: -0.33873 0.00333
fb: -0.27538 -0.00808 -0.10926 -0.10170
fb: -0.26567 -0.00537 -0.11411 -0.10656
dist/lin/ang/drive_left/drive_right/tv_l/tv_r/av_l/av_r/x/y/theta/t_err: -0.01082 -0.27741 0.02754 -0.26031 -0.27104 -0.19403 -0.15261 -0.19403 -0.15261 0.06109 0.42421 268.08540 0.00189
target: -0.27741 0.00360
target: -0.27741 0.00360
fb: -0.24824 0.00070 0.04080 0.05296
fb: -0.23257 0.00732 -0.04508 0.04512
dist/lin/ang/drive_left/drive_right/tv_l/tv_r/av_l/av_r/x/y/theta/t_err: -0.00617 -0.00154 0.00859 -0.23989 -0.22526 -0.10386 -0.05803 -0.10386 -0.05803 0.05499 0.24118 268.10888 0.00148
target: -0.00154 0.00112
target: -0.00154 0.00112
fb: -0.21911 0.01219 0.70938 0.69347
fb: -0.21735 0.01505 0.70850 0.69259
dist/lin/ang/drive_left/drive_right/tv_l/tv_r/av_l/av_r/x/y/theta/t_err: -0.00182 -0.00045 -0.02662 -0.23240 -0.20230 -0.00703 0.11636 -0.00703 0.11636 0.04951 0.07013 268.22997 -0.00064
target: -0.00045 -0.00348
target: -0.00045 -0.00348
fb: -0.18226 0.01540 0.15500 0.11377
fb: -0.15887 0.01791 0.06409 -0.06497
dist/lin/ang/drive_left/drive_right/tv_l/tv_r/av_l/av_r/x/y/theta/t_err: 0.00136 0.00034 -0.05222 -0.17678 -0.14097 0.36172 0.38706 0.36172 0.38706 0.04580 -0.05492 268.37391 -0.00315
target: 0.00034 -0.00683
target: 0.00034 -0.00683
fb: -0.12997 0.02188 0.06038 -0.06184
fb: -0.05627 0.01867 0.06038 -0.06184
decreased kp to 8.50000
decreased kp to 8.40000
decreased kp to 8.30000
decreased kp to 8.20000
decreased kp to 8.10000
start is 0.00000 0.00000
dist/lin/ang/drive_left/drive_right/tv_l/tv_r/av_l/av_r/x/y/theta/t_err: 0.60960 0.00000 1.20000 0.00000 0.00000 0.00000 0.00017 0.00000 0.00017 0.00000 0.00000 0.00000 1.57080
target: 0.00000 0.15697
target: 0.00000 0.15697
fb: 0.00000 0.00000 -0.85057 0.85546
fb: 0.00000 0.00000 -0.85057 0.85546
dist/lin/ang/drive_left/drive_right/tv_l/tv_r/av_l/av_r/x/y/theta/t_err: 0.60960 0.00000 2.40000 0.00000 0.00000 -0.05492 0.07375 -0.05492 0.07375 0.00000 0.00000 0.00000 1.57080
target: 0.00000 0.31394
target: 0.00000 0.31394
fb: 0.00000 0.00000 -1.00000 1.00000
fb: 0.00000 0.00000 -1.00000 1.00000
dist/lin/ang/drive_left/drive_right/tv_l/tv_r/av_l/av_r/x/y/theta/t_err: 0.60960 0.00000 3.60000 0.00000 0.00000 -0.47842 0.46644 -0.47842 0.46644 0.00000 0.00000 0.00000 1.57080
target: 0.00000 0.47092
target: 0.00000 0.47092
fb: 0.00000 0.02453 -1.00000 1.00000
fb: 0.00000 0.06947 -1.00000 1.00000
dist/lin/ang/drive_left/drive_right/tv_l/tv_r/av_l/av_r/x/y/theta/t_err: 0.60960 0.00029 4.80000 -0.06947 0.06947 -0.65347 0.66525 -0.65347 0.66525 0.00000 0.00000 0.06428 1.56967
target: 0.00029 0.62789
target: 0.00029 0.62789
fb: 0.00000 0.11636 -1.00000 1.00000
fb: 0.00000 0.16018 -1.00000 1.00000
dist/lin/ang/drive_left/drive_right/tv_l/tv_r/av_l/av_r/x/y/theta/t_err: 0.60960 0.00360 6.00000 -0.16018 0.16018 -0.75117 0.74981 -0.75117 0.74981 0.00000 0.00000 0.77630 1.55725
target: 0.00360 0.78486
target: 0.00360 0.78486
fb: 0.00000 0.19899 -1.00000 1.00000
fb: 0.00000 0.23697 -1.00000 1.00000
dist/lin/ang/drive_left/drive_right/tv_l/tv_r/av_l/av_r/x/y/theta/t_err: 0.60960 0.01073 6.00000 -0.23697 0.23697 -0.81961 0.80731 -0.81961 0.80731 0.00000 0.00000 2.25636 1.53142
target: 0.01073 0.78486
target: 0.01073 0.78486
fb: 0.00397 0.27822 -0.79998 0.84132
fb: 0.01169 0.31925 -0.77946 0.82080
dist/lin/ang/drive_left/drive_right/tv_l/tv_r/av_l/av_r/x/y/theta/t_err: 0.60959 0.02173 6.00000 -0.30756 0.33095 -0.74383 0.71575 -0.74383 0.71575 0.00312 0.00021 4.41917 1.49380
target: 0.02173 0.78486
target: 0.02173 0.78486
fb: 0.01545 0.36085 -0.74685 0.81181
fb: 0.02913 0.39680 -0.72888 0.79383
dist/lin/ang/drive_left/drive_right/tv_l/tv_r/av_l/av_r/x/y/theta/t_err: 0.60956 0.03744 6.00000 -0.36768 0.42593 -0.54892 0.55250 -0.54892 0.55250 0.01522 0.00144 7.29500 1.44411
target: 0.03744 0.78486
target: 0.03744 0.78486
fb: 0.04082 0.43199 -0.69604 0.79148
fb: 0.03111 0.46732 -0.67838 0.77382
dist/lin/ang/drive_left/drive_right/tv_l/tv_r/av_l/av_r/x/y/theta/t_err: 0.60944 0.05852 6.00000 -0.43620 0.49843 -0.59031 0.67708 -0.59031 0.67708 0.04696 0.00646 10.83862 1.38358
target: 0.05852 0.78486
target: 0.05852 0.78486
fb: 0.01545 0.50146 -0.64275 0.77530
fb: 0.00375 0.53323 -0.62687 0.75942
dist/lin/ang/drive_left/drive_right/tv_l/tv_r/av_l/av_r/x/y/theta/t_err: 0.60937 0.08666 6.00000 -0.52948 0.53698 -0.53094 0.32253 -0.53094 0.32253 0.05884 0.00906 14.99486 1.31154
target: 0.08666 0.78486
target: 0.08666 0.78486
fb: 0.00000 0.55573 -0.59110 0.77268
fb: 0.00199 0.57009 -0.58393 0.76550
dist/lin/ang/drive_left/drive_right/tv_l/tv_r/av_l/av_r/x/y/theta/t_err: 0.60937 0.12312 6.00000 -0.56810 0.57207 -0.57150 0.52956 -0.57150 0.52956 0.05884 0.00906 19.69396 1.22952
target: 0.12312 0.78486
target: 0.12312 0.78486
fb: 0.00199 0.59155 -0.54307 0.78489
fb: 0.00000 0.61858 -0.52955 0.77138
dist/lin/ang/drive_left/drive_right/tv_l/tv_r/av_l/av_r/x/y/theta/t_err: 0.60936 0.16792 6.00000 -0.61858 0.61858 -0.56500 0.59186 -0.56500 0.59186 0.06030 0.00962 24.72383 1.14180
target: 0.16792 0.78486
target: 0.16792 0.78486
fb: 0.00000 0.64464 -0.48325 0.79162
fb: 0.00000 0.67042 -0.47036 0.77873
dist/lin/ang/drive_left/drive_right/tv_l/tv_r/av_l/av_r/x/y/theta/t_err: 0.60936 0.22418 6.00000 -0.67042 0.67042 -0.50958 0.63394 -0.50958 0.63394 0.06030 0.00962 30.17880 1.04659
target: 0.22418 0.78486
target: 0.22418 0.78486
fb: 0.00000 0.69348 -0.30300 0.92303
fb: 0.00000 0.71334 -0.29307 0.91310
dist/lin/ang/drive_left/drive_right/tv_l/tv_r/av_l/av_r/x/y/theta/t_err: 0.60936 0.29521 6.00000 -0.71334 0.71334 -0.44883 0.65228 -0.44883 0.65228 0.06030 0.00962 36.08098 0.94358
target: 0.29521 0.78486
target: 0.29521 0.78486
fb: 0.00000 0.72839 -0.19424 0.99688
fb: 0.00375 0.73759 -0.19151 0.99041
dist/lin/ang/drive_left/drive_right/tv_l/tv_r/av_l/av_r/x/y/theta/t_err: 0.60936 0.38367 5.66612 -0.73384 0.74134 -0.29122 0.68478 -0.29122 0.68478 0.06030 0.00962 42.33876 0.83436
target: 0.38367 0.74119
target: 0.38367 0.74119
fb: 0.01169 0.74309 0.24479 0.84789
fb: 0.01765 0.74894 0.24473 0.84198
dist/lin/ang/drive_left/drive_right/tv_l/tv_r/av_l/av_r/x/y/theta/t_err: 0.60919 0.47511 4.72419 -0.73129 0.76659 -0.15692 0.68033 -0.15692 0.68033 0.06668 0.01625 48.79307 0.72198
target: 0.47511 0.61797
target: 0.47511 0.61797
fb: 0.02317 0.75765 0.83393 0.41829
fb: 0.03287 0.75919 0.82984 0.41267
dist/lin/ang/drive_left/drive_right/tv_l/tv_r/av_l/av_r/x/y/theta/t_err: 0.60882 0.56655 3.78140 -0.72631 0.79206 0.22758 0.43069 0.22758 0.43069 0.07782 0.03069 55.36169 0.60780
target: 0.56655 0.49464
target: 0.56655 0.49464
fb: 0.04655 0.74665 1.00000 0.57338
fb: 0.05825 0.71034 1.00000 0.58569
dist/lin/ang/drive_left/drive_right/tv_l/tv_r/av_l/av_r/x/y/theta/t_err: 0.60803 0.65799 2.85061 -0.65210 0.76859 0.32664 0.43531 0.32664 0.43531 0.09672 0.06208 61.96788 0.49329
target: 0.65799 0.37289
target: 0.65799 0.37289
fb: 0.13194 0.66519 1.00000 0.51940
fb: 0.18225 0.62799 1.00000 0.51285
dist/lin/ang/drive_left/drive_right/tv_l/tv_r/av_l/av_r/x/y/theta/t_err: 0.60563 0.74943 2.09626 -0.44574 0.81023 0.57081 0.52958 0.57081 0.52958 0.13916 0.15687 68.08341 0.38835
target: 0.74943 0.27421
target: 0.74943 0.27421
fb: 0.18423 0.60764 1.00000 0.59380
fb: 0.18026 0.58549 1.00000 0.60686
dist/lin/ang/drive_left/drive_right/tv_l/tv_r/av_l/av_r/x/y/theta/t_err: 0.60215 0.84087 1.45556 -0.40522 0.76575 0.63139 0.52906 0.63139 0.52906 0.18638 0.29400 73.54949 0.29498
target: 0.84087 0.19040
target: 0.84087 0.19040
fb: 0.29081 0.56793 1.00000 0.61258
fb: 0.37421 0.54807 1.00000 0.58081
dist/lin/ang/drive_left/drive_right/tv_l/tv_r/av_l/av_r/x/y/theta/t_err: 0.59650 0.93231 0.82228 -0.17386 0.92228 0.74758 0.57631 0.74758 0.57631 0.23900 0.51680 78.64261 0.20840
target: 0.93231 0.10756
target: 0.93231 0.10756
fb: 0.31795 0.52577 1.00000 0.61091
fb: 0.37443 0.50194 1.00000 0.59458
dist/lin/ang/drive_left/drive_right/tv_l/tv_r/av_l/av_r/x/y/theta/t_err: 0.59024 1.02375 0.21840 -0.12751 0.87638 0.80300 0.57456 0.80300 0.57456 0.27802 0.76404 83.39721 0.12721
target: 1.02375 0.02857
target: 1.02375 0.02857
fb: 0.40731 0.48034 1.00000 0.59719
fb: 0.41107 0.46265 1.00000 0.60416
dist/lin/ang/drive_left/drive_right/tv_l/tv_r/av_l/av_r/x/y/theta/t_err: 0.58212 1.11519 -0.32245 -0.05158 0.87371 0.85450 0.57869 0.85450 0.57869 0.30304 1.08373 87.75164 0.05246
target: 1.11519 -0.04218
target: 1.11519 -0.04218
fb: 0.41305 0.44802 1.00000 0.64817
fb: 0.43247 0.43513 1.00000 0.64491
dist/lin/ang/drive_left/drive_right/tv_l/tv_r/av_l/av_r/x/y/theta/t_err: 0.57387 1.20663 -0.84277 -0.00265 0.86760 0.89386 0.59100 0.89386 0.59100 0.30468 1.40891 91.77971 -0.01758
target: 1.20663 -0.11024
target: 1.20663 -0.11024
fb: 0.48102 0.41798 1.00000 0.64503
fb: 0.52559 0.39848 1.00000 0.63250
dist/lin/ang/drive_left/drive_right/tv_l/tv_r/av_l/av_r/x/y/theta/t_err: 0.56426 1.29807 -1.35144 0.12711 0.92406 0.88978 0.61225 0.88978 0.61225 0.28033 1.78683 95.55740 -0.08438
target: 1.29807 -0.17678
target: 1.29807 -0.17678
fb: 0.55847 0.37813 1.00000 0.63861
fb: 0.58362 0.35939 1.00000 0.63540
dist/lin/ang/drive_left/drive_right/tv_l/tv_r/av_l/av_r/x/y/theta/t_err: 0.55317 1.38951 -1.81687 0.22424 0.94301 0.88808 0.61003 0.88808 0.61003 0.22455 2.22296 99.01302 -0.14700
target: 1.38951 -0.23767
target: 1.38951 -0.23767
fb: 0.62842 0.34894 1.00000 0.65581
fb: 0.67101 0.34204 1.00000 0.63797
dist/lin/ang/drive_left/drive_right/tv_l/tv_r/av_l/av_r/x/y/theta/t_err: 0.54079 1.27582 -2.25580 0.32897 1.01304 0.90500 0.61975 0.90500 0.61975 0.13348 2.70928 102.15315 -0.20584
target: 1.27582 -0.29508
target: 1.27582 -0.29508
fb: 0.70190 0.33166 1.00000 -0.47583
fb: 0.69638 0.31466 1.00000 -0.46458
dist/lin/ang/drive_left/drive_right/tv_l/tv_r/av_l/av_r/x/y/theta/t_err: 0.52714 1.15737 -2.71802 0.38173 1.01104 0.91542 0.34856 0.91542 0.34856 0.00310 3.24631 105.12845 -0.26389
target: 1.15737 -0.35554
target: 1.15737 -0.35554
fb: 0.72154 0.28908 1.00000 -0.67591
fb: 0.73103 0.25836 1.00000 -0.66530
dist/lin/ang/drive_left/drive_right/tv_l/tv_r/av_l/av_r/x/y/theta/t_err: 0.51333 1.05302 -3.13657 0.47267 0.98939 0.89475 -0.25169 0.89475 -0.25169 -0.15855 3.79093 107.83288 -0.31909
target: 1.05302 -0.41029
target: 1.05302 -0.41029
fb: 0.69242 0.20903 1.00000 -0.69837
fb: 0.67698 0.14764 1.00000 -0.65996
dist/lin/ang/drive_left/drive_right/tv_l/tv_r/av_l/av_r/x/y/theta/t_err: 0.50028 0.97072 -3.42910 0.52933 0.82462 0.89817 -0.29142 0.89817 -0.29142 -0.33549 4.30660 109.97966 -0.36574
target: 0.97072 -0.44856
target: 0.97072 -0.44856
fb: 0.66705 0.08786 1.00000 -0.58254
fb: 0.68846 0.03477 0.98426 -0.56669
dist/lin/ang/drive_left/drive_right/tv_l/tv_r/av_l/av_r/x/y/theta/t_err: 0.48791 0.91996 -3.51163 0.65369 0.72322 0.90397 -0.32683 0.90397 -0.32683 -0.52046 4.79819 111.14121 -0.39608
target: 0.91996 -0.45936
target: 0.91996 -0.45936
fb: 0.70986 -0.00801 0.92109 -0.36516
fb: 0.66904 -0.04153 0.92474 -0.32799
dist/lin/ang/drive_left/drive_right/tv_l/tv_r/av_l/av_r/x/y/theta/t_err: 0.47485 0.89504 -3.48640 0.71057 0.62751 0.68119 -0.20669 0.68119 -0.20669 -0.72348 5.31896 111.35643 -0.41145
target: 0.89504 -0.45606
target: 0.89504 -0.45606
fb: 0.68073 -0.07142 0.91734 -0.17094
fb: 0.70589 -0.10779 0.88658 -0.16533
dist/lin/ang/drive_left/drive_right/tv_l/tv_r/av_l/av_r/x/y/theta/t_err: 0.46239 0.88819 -3.41022 0.81368 0.59810 0.79531 -0.24281 0.79531 -0.24281 -0.91706 5.81879 110.93202 -0.41573
target: 0.88819 -0.44609
target: 0.88819 -0.44609
fb: 0.67875 -0.15419 0.90133 0.10696
fb: 0.67499 -0.20074 0.87994 0.13211
dist/lin/ang/drive_left/drive_right/tv_l/tv_r/av_l/av_r/x/y/theta/t_err: 0.44996 0.89850 -3.25093 0.87573 0.47426 0.66747 -0.07481 0.66747 -0.07481 -1.10386 6.31952 109.87828 -0.40929
target: 0.89850 -0.42525
target: 0.89850 -0.42525
fb: 0.63814 -0.24902 0.87894 0.32601
fb: 0.59533 -0.27912 0.88530 0.36247
dist/lin/ang/drive_left/drive_right/tv_l/tv_r/av_l/av_r/x/y/theta/t_err: 0.43820 0.92699 -2.92610 0.87445 0.31621 0.69128 0.16869 0.69128 0.16869 -1.26770 6.79451 108.00493 -0.38779
target: 0.92699 -0.38276
target: 0.92699 -0.38276
fb: 0.62247 -0.29424 0.81564 0.60228
fb: 0.60901 -0.30330 0.81784 0.61354
dist/lin/ang/drive_left/drive_right/tv_l/tv_r/av_l/av_r/x/y/theta/t_err: 0.42660 0.96899 -2.54869 0.91231 0.30571 0.57544 0.37319 0.57544 0.37319 -1.40907 7.26378 105.53095 -0.35506
target: 0.96899 -0.33339
target: 0.96899 -0.33339
fb: 0.63813 -0.30776 0.80470 0.78230
fb: 0.71757 -0.30009 0.76881 0.73875
dist/lin/ang/drive_left/drive_right/tv_l/tv_r/av_l/av_r/x/y/theta/t_err: 0.41455 1.01791 -2.21478 1.01766 0.41747 0.74639 0.52308 0.74639 0.52308 -1.53180 7.75100 102.86505 -0.31853
target: 1.01791 -0.28972
target: 1.01791 -0.28972
fb: 0.71360 -0.28748 0.82384 0.83220
fb: 0.74648 -0.27376 0.81426 0.80890
dist/lin/ang/drive_left/drive_right/tv_l/tv_r/av_l/av_r/x/y/theta/t_err: 0.40093 1.06292 -1.94805 1.02023 0.47272 0.68103 0.45361 0.68103 0.45361 -1.64450 8.30143 100.26947 -0.28361
target: 1.06292 -0.25482
target: 1.06292 -0.25482
fb: 0.76987 -0.26149 0.83275 0.81772
fb: 0.75641 -0.25780 0.84133 0.82260
dist/lin/ang/drive_left/drive_right/tv_l/tv_r/av_l/av_r/x/y/theta/t_err: 0.38608 1.09948 -1.73558 1.01421 0.49861 0.67042 0.54142 0.67042 0.54142 -1.74028 8.89998 97.89739 -0.25258
target: 1.09948 -0.22703
target: 1.09948 -0.22703
fb: 0.81841 -0.25487 0.82464 0.77632
fb: 0.82040 -0.25076 0.82364 0.77533
dist/lin/ang/drive_left/drive_right/tv_l/tv_r/av_l/av_r/x/y/theta/t_err: 0.37017 1.13047 -1.51988 1.07116 0.56964 0.72756 0.54431 0.72756 0.54431 -1.81589 9.53992 95.64893 -0.22352
target: 1.13047 -0.19882
target: 1.13047 -0.19882
fb: 0.82812 -0.24268 0.80493 0.79825
fb: 0.93470 -0.23529 0.75164 0.74497
dist/lin/ang/drive_left/drive_right/tv_l/tv_r/av_l/av_r/x/y/theta/t_err: 0.35397 1.15909 -1.29524 1.16999 0.69940 0.76569 0.59922 0.76569 0.59922 -1.86728 10.18992 93.47523 -0.19505
target: 1.15909 -0.16943
target: 1.15909 -0.16943
fb: 0.95809 -0.23098 0.73161 0.77486
fb: 0.98722 -0.22979 0.71704 0.76029
dist/lin/ang/drive_left/drive_right/tv_l/tv_r/av_l/av_r/x/y/theta/t_err: 0.33512 1.17667 -1.11478 1.21701 0.75743 0.70119 0.59203 0.70119 0.59203 -1.89966 10.94360 91.42497 -0.16935
target: 1.17667 -0.14582
target: 1.17667 -0.14582
fb: 0.93867 -0.22686 0.72335 0.74623
fb: 0.98126 -0.21941 0.70206 0.72493
dist/lin/ang/drive_left/drive_right/tv_l/tv_r/av_l/av_r/x/y/theta/t_err: 0.31658 1.19323 -0.90259 1.20067 0.76185 0.69606 0.65739 0.69606 0.65739 -1.90583 11.68266 89.42256 -0.14343
target: 1.19323 -0.11807
target: 1.19323 -0.11807
fb: 1.09755 -0.20965 0.61764 0.71509
fb: 1.06291 -0.19816 0.63496 0.73241
dist/lin/ang/drive_left/drive_right/tv_l/tv_r/av_l/av_r/x/y/theta/t_err: 0.29482 1.19658 -0.73394 1.26106 0.86475 0.67381 0.63292 0.67381 0.63292 -1.88289 12.54653 87.52801 -0.11979
target: 1.19658 -0.09601
target: 1.19658 -0.09601
fb: 1.06092 -0.19189 0.59702 0.67276
fb: 1.11895 -0.18339 0.56800 0.64375
dist/lin/ang/drive_left/drive_right/tv_l/tv_r/av_l/av_r/x/y/theta/t_err: 0.27373 1.19482 -0.57058 1.30234 0.93557 0.61567 0.63703 0.61567 0.63703 -1.83418 13.38046 85.79898 -0.09771
target: 1.19482 -0.07464
target: 1.19482 -0.07464
fb: 1.10152 -0.17440 0.54348 0.64163
fb: 1.07438 -0.16200 0.55705 0.65520
dist/lin/ang/drive_left/drive_right/tv_l/tv_r/av_l/av_r/x/y/theta/t_err: 0.25178 1.18387 -0.42391 1.23638 0.91239 0.56519 0.63122 0.56519 0.63122 -1.75896 14.24451 84.21400 -0.07740
target: 1.18387 -0.05545
target: 1.18387 -0.05545
fb: 1.13264 -0.15015 0.47813 0.58234
fb: 1.13838 -0.13636 0.47526 0.57947
dist/lin/ang/drive_left/drive_right/tv_l/tv_r/av_l/av_r/x/y/theta/t_err: 0.22919 1.16222 -0.30290 1.27473 1.00202 0.53197 0.61358 0.53197 0.61358 -1.65802 15.13060 82.82053 -0.05950
target: 1.16222 -0.03962
target: 1.16222 -0.03962
fb: 1.09954 -0.12611 0.43669 0.53187
fb: 1.11124 -0.11413 0.43084 0.52602
dist/lin/ang/drive_left/drive_right/tv_l/tv_r/av_l/av_r/x/y/theta/t_err: 0.20722 1.13235 -0.20474 1.22537 0.99711 0.47639 0.56211 0.47639 0.56211 -1.54097 15.98842 81.64407 -0.04418
target: 1.13235 -0.02678
target: 1.13235 -0.02678
fb: 1.15603 -0.10375 0.35317 0.43864
fb: 1.18317 -0.09511 0.33960 0.42507
dist/lin/ang/drive_left/drive_right/tv_l/tv_r/av_l/av_r/x/y/theta/t_err: 0.18412 1.08892 -0.12909 1.27828 1.08807 0.43567 0.49467 0.43567 0.49467 -1.40083 16.88782 80.66485 -0.03154
target: 1.08892 -0.01689
target: 1.08892 -0.01689
fb: 1.14412 -0.09002 0.27198 0.34418
fb: 1.12095 -0.08786 0.28357 0.35577
dist/lin/ang/drive_left/drive_right/tv_l/tv_r/av_l/av_r/x/y/theta/t_err: 0.16125 1.07088 -0.05858 1.20881 1.03309 0.36050 0.41372 0.36050 0.41372 -1.24842 17.77571 79.84249 -0.02066
target: 1.07088 -0.00766
target: 1.07088 -0.00766
fb: 1.17346 -0.08577 0.33924 0.41774
fb: 1.07042 -0.07448 0.39077 0.46926
dist/lin/ang/drive_left/drive_right/tv_l/tv_r/av_l/av_r/x/y/theta/t_err: 0.13777 0.98987 0.07345 1.14490 0.99593 0.33436 0.37386 0.33436 0.37386 -1.07938 18.68410 79.08017 -0.00736
target: 0.98987 0.00961
target: 0.98987 0.00961
fb: 1.06071 -0.05679 -0.09586 0.19617
fb: 1.10550 -0.04118 -0.11826 0.17377
dist/lin/ang/drive_left/drive_right/tv_l/tv_r/av_l/av_r/x/y/theta/t_err: 0.11657 0.91050 0.13417 1.14668 1.06432 0.27889 0.39883 0.27889 0.39883 -0.91630 19.50322 78.46679 0.00335
target: 0.91050 0.01755
target: 0.91050 0.01755
fb: 1.08608 -0.02627 -0.13763 0.08104
fb: 1.09579 -0.00739 -0.14248 0.07618
dist/lin/ang/drive_left/drive_right/tv_l/tv_r/av_l/av_r/x/y/theta/t_err: 0.09484 0.82129 0.13112 1.10318 1.08841 -0.05803 0.22497 -0.05803 0.22497 -0.74264 20.34059 78.13754 0.00909
target: 0.82129 0.01715
target: 0.82129 0.01715
fb: 0.98922 0.00516 -0.17205 -0.15688
fb: 0.93096 0.01331 -0.14292 -0.12776
dist/lin/ang/drive_left/drive_right/tv_l/tv_r/av_l/av_r/x/y/theta/t_err: 0.07506 0.73062 0.08768 0.91765 0.94427 -0.13228 0.06861 -0.13228 0.06861 -0.58202 21.10276 78.09314 0.00987
target: 0.73062 0.01147
target: 0.73062 0.01147
fb: 0.88617 0.01965 -0.18135 -0.22144
fb: 0.78533 0.02097 -0.13093 -0.17102
dist/lin/ang/drive_left/drive_right/tv_l/tv_r/av_l/av_r/x/y/theta/t_err: 0.05733 0.63856 0.03966 0.76435 0.80630 -0.14683 -0.10264 -0.14683 -0.10264 -0.43869 21.78565 78.22064 0.00764
target: 0.63856 0.00519
target: 0.63856 0.00519
fb: 0.68846 0.02195 -0.16498 -0.21896
fb: 0.61873 0.02613 -0.13012 -0.18409
dist/lin/ang/drive_left/drive_right/tv_l/tv_r/av_l/av_r/x/y/theta/t_err: 0.04357 0.55664 0.00354 0.59260 0.64486 -0.13944 -0.16700 -0.13944 -0.16700 -0.32884 22.31650 78.40541 0.00442
target: 0.55664 0.00046
target: 0.55664 0.00046
fb: 0.57217 0.02975 -0.14479 -0.19113
fb: 0.49075 0.03233 -0.10407 -0.15042
dist/lin/ang/drive_left/drive_right/tv_l/tv_r/av_l/av_r/x/y/theta/t_err: 0.03213 0.47799 -0.03868 0.45842 0.52308 -0.13075 -0.17625 -0.13075 -0.17625 -0.23913 22.75800 78.64116 0.00030
target: 0.47799 -0.00506
target: 0.47799 -0.00506
fb: 0.39961 0.03707 0.12601 0.07441
fb: 0.33739 0.04201 0.15712 0.10552
dist/lin/ang/drive_left/drive_right/tv_l/tv_r/av_l/av_r/x/y/theta/t_err: 0.02413 0.41429 -0.09021 0.29537 0.37940 -0.04997 -0.12883 -0.04997 -0.12883 -0.17787 23.06664 78.93451 -0.00482
target: 0.41429 -0.01180
target: 0.41429 -0.01180
fb: 0.29083 0.04236 0.16489 0.09331
fb: 0.24228 0.03121 0.18916 0.11758
dist/lin/ang/drive_left/drive_right/tv_l/tv_r/av_l/av_r/x/y/theta/t_err: 0.01832 0.36094 -0.15406 0.21107 0.27350 0.13775 0.07975 0.13775 0.07975 -0.13459 23.29151 79.29869 -0.01117
target: 0.36094 -0.02015
target: 0.36094 -0.02015
fb: 0.23081 0.02055 0.18200 0.08472
fb: 0.22110 0.01679 0.18685 0.08958
dist/lin/ang/drive_left/drive_right/tv_l/tv_r/av_l/av_r/x/y/theta/t_err: 0.01370 0.31216 -0.16981 0.20431 0.23789 0.17592 0.11072 0.17592 0.11072 -0.10127 23.47017 79.54976 -0.01555
target: 0.31216 -0.02221
target: 0.31216 -0.02221
fb: 0.22684 0.01763 0.12378 0.08036
fb: 0.25023 0.01888 0.11209 0.06867
dist/lin/ang/drive_left/drive_right/tv_l/tv_r/av_l/av_r/x/y/theta/t_err: 0.00916 0.25529 -0.17393 0.23135 0.26911 0.17267 0.09394 0.17267 0.09394 -0.06912 23.64586 79.70152 -0.01820
target: 0.25529 -0.02275
target: 0.25529 -0.02275
fb: 0.24250 0.01721 0.04382 -0.07446
fb: 0.26567 0.01205 -0.04581 -0.08605
dist/lin/ang/drive_left/drive_right/tv_l/tv_r/av_l/av_r/x/y/theta/t_err: 0.00431 0.00108 -0.19792 0.25362 0.27773 0.11600 0.06400 0.11600 0.06400 -0.03524 23.83378 79.86131 -0.02099
target: 0.00108 -0.02589
target: 0.00108 -0.02589
fb: 0.25972 0.00314 -0.64491 -0.71273
fb: 0.20168 -0.01024 -0.61589 -0.68372
dist/lin/ang/drive_left/drive_right/tv_l/tv_r/av_l/av_r/x/y/theta/t_err: -0.00088 -0.00022 -0.19557 0.21192 0.19144 -0.04739 -0.05972 -0.04739 -0.05972 0.00060 24.03512 79.94214 -0.02240
target: -0.00022 -0.02558
target: -0.00022 -0.02558
fb: 0.14365 -0.01923 0.05210 -0.06235
fb: 0.07966 -0.02899 0.05210 -0.06235
dist/lin/ang/drive_left/drive_right/tv_l/tv_r/av_l/av_r/x/y/theta/t_err: -0.00375 -0.00094 -0.14650 0.10864 0.05067 -0.43892 -0.38414 -0.43892 -0.38414 0.02043 24.14647 79.83147 -0.02047
target: -0.00094 -0.01916
target: -0.00094 -0.01916
fb: 0.03288 -0.02794 -0.05685 0.05818
fb: 0.00375 -0.03268 -0.05685 0.05818
final error: 0.17376, x: -0.02503, y: -0.17195
final local error: 0.17376, forwards: -0.17364, sideways: -0.00646
position: 0.02503 24.17195 79.58579
took 1.30000 time to finish turn
dist/lin/ang/drive_left/drive_right/tv_l/tv_r/av_l/av_r/x/y/theta/t_err: -0.61626 -0.09144 1.20000 0.00000 0.00000 0.00017 0.00033 0.00017 0.00033 0.04268 24.26197 258.60957 0.19704
target: -0.09144 0.15697
target: -0.09144 0.15697
fb: 0.00000 0.00000 -1.00000 0.63875
fb: 0.00000 0.00000 -1.00000 0.63875
dist/lin/ang/drive_left/drive_right/tv_l/tv_r/av_l/av_r/x/y/theta/t_err: -0.61626 -0.18288 1.69456 0.00000 0.00000 0.00000 0.04603 0.00000 0.04603 0.04268 24.26197 258.60957 0.19704
target: -0.18288 0.22166
target: -0.18288 0.22166
fb: 0.00000 0.00000 -0.82064 0.14156
fb: 0.00000 0.00000 -0.82064 0.14156
dist/lin/ang/drive_left/drive_right/tv_l/tv_r/av_l/av_r/x/y/theta/t_err: -0.61626 -0.27432 1.69427 0.00000 0.00000 -0.47981 0.38911 -0.47981 0.38911 0.04268 24.26197 258.61045 0.19703
target: -0.27432 0.22163
target: -0.27432 0.22163
fb: 0.00000 0.02522 -0.60888 -0.31713
fb: 0.00000 0.06856 -0.60888 -0.31713
dist/lin/ang/drive_left/drive_right/tv_l/tv_r/av_l/av_r/x/y/theta/t_err: -0.61626 -0.36576 1.58968 -0.06856 0.06856 -0.44389 0.08831 -0.44389 0.08831 0.04268 24.26197 258.93310 0.19139
target: -0.36576 0.20795
target: -0.36576 0.20795
fb: 0.00000 0.10033 -0.61787 -0.46725
fb: 0.00000 0.11915 -0.61787 -0.46725
dist/lin/ang/drive_left/drive_right/tv_l/tv_r/av_l/av_r/x/y/theta/t_err: -0.61626 -0.45720 1.34909 -0.11915 0.11915 -0.44233 -0.28439 -0.44233 -0.28439 0.04268 24.26197 259.84768 0.17543
target: -0.45720 0.17647
target: -0.45720 0.17647
fb: -0.00596 0.12960 -0.59330 -0.64497
fb: -0.08539 0.12730 -0.55358 -0.60525
dist/lin/ang/drive_left/drive_right/tv_l/tv_r/av_l/av_r/x/y/theta/t_err: -0.61457 -0.54864 1.15312 -0.21269 0.04190 -0.46628 -0.43156 -0.46628 -0.43156 0.03176 24.19563 260.96866 0.15631
target: -0.54864 0.15084
target: -0.54864 0.15084
fb: -0.18800 0.11873 -0.81626 -0.85018
fb: -0.22507 0.10723 -0.79773 -0.83165
dist/lin/ang/drive_left/drive_right/tv_l/tv_r/av_l/av_r/x/y/theta/t_err: -0.61012 -0.64008 1.03602 -0.33230 -0.11784 -0.48150 -0.34856 -0.48150 -0.34856 0.00555 24.02036 261.98026 0.13974
target: -0.64008 0.13552
target: -0.64008 0.13552
fb: -0.25994 0.09427 -0.89975 -0.86142
fb: -0.29855 0.08696 -0.88045 -0.84211
dist/lin/ang/drive_left/drive_right/tv_l/tv_r/av_l/av_r/x/y/theta/t_err: -0.60420 -0.73152 0.96352 -0.38551 -0.21160 -0.51233 -0.36911 -0.51233 -0.36911 -0.02553 23.78734 262.78889 0.12693
target: -0.73152 0.12604
target: -0.73152 0.12604
fb: -0.31996 0.07978 -0.97294 -0.89488
fb: -0.36078 0.07999 -0.95253 -0.87447
dist/lin/ang/drive_left/drive_right/tv_l/tv_r/av_l/av_r/x/y/theta/t_err: -0.59704 -0.82296 0.89255 -0.44077 -0.28079 -0.50253 -0.41717 -0.50253 -0.41717 -0.05939 23.50529 263.48533 0.11623
target: -0.82296 0.11675
target: -0.82296 0.11675
fb: -0.38792 0.08891 -1.00000 -0.94959
fb: -0.42080 0.08946 -1.00000 -0.93315
dist/lin/ang/drive_left/drive_right/tv_l/tv_r/av_l/av_r/x/y/theta/t_err: -0.58867 -0.91440 0.77690 -0.51026 -0.33133 -0.50308 -0.41956 -0.50308 -0.41956 -0.09467 23.17584 264.26054 0.10426
target: -0.91440 0.10163
target: -0.91440 0.10163
fb: -0.47133 0.08487 -1.00000 -1.00000
fb: -0.47133 0.08521 -1.00000 -1.00000
dist/lin/ang/drive_left/drive_right/tv_l/tv_r/av_l/av_r/x/y/theta/t_err: -0.57929 -1.00584 0.68242 -0.55654 -0.38611 -0.72467 -0.48956 -0.72467 -0.48956 -0.12939 22.80635 265.01134 0.09274
target: -1.00584 0.08927
target: -1.00584 0.08927
fb: -0.50619 0.08925 -1.00000 -1.00000
fb: -0.52561 0.09553 -1.00000 -1.00000
dist/lin/ang/drive_left/drive_right/tv_l/tv_r/av_l/av_r/x/y/theta/t_err: -0.56882 -1.09728 0.57032 -0.62114 -0.43008 -0.80644 -0.66386 -0.80644 -0.66386 -0.16266 22.39382 265.80251 0.08052
target: -1.09728 0.07460
target: -1.09728 0.07460
fb: -0.62446 0.09734 -1.00000 -1.00000
fb: -0.74274 0.09274 -1.00000 -1.00000
dist/lin/ang/drive_left/drive_right/tv_l/tv_r/av_l/av_r/x/y/theta/t_err: -0.55400 -1.18872 0.45893 -0.83548 -0.65000 -0.82611 -0.77942 -0.82611 -0.77942 -0.20122 21.81027 266.63444 0.06797
target: -1.18872 0.06003
target: -1.18872 0.06003
fb: -0.74671 0.08709 -1.00000 -1.00000
fb: -0.81269 0.07908 -1.00000 -1.00000
dist/lin/ang/drive_left/drive_right/tv_l/tv_r/av_l/av_r/x/y/theta/t_err: -0.53778 -1.28016 0.37926 -0.89177 -0.73361 -0.85675 -0.83194 -0.85675 -0.83194 -0.23446 21.17122 267.37258 0.05693
target: -1.28016 0.04961
target: -1.28016 0.04961
fb: -0.86675 0.06898 -1.00000 -1.00000
fb: -0.85903 0.06752 -1.00000 -1.00000
dist/lin/ang/drive_left/drive_right/tv_l/tv_r/av_l/av_r/x/y/theta/t_err: -0.52063 -1.37160 0.32192 -0.92654 -0.79151 -0.85144 -0.84408 -0.85144 -0.84408 -0.26181 20.49538 267.98650 0.04792
target: -1.37160 0.04211
target: -1.37160 0.04211
fb: -0.87094 0.07128 -1.00000 -1.00000
fb: -0.95236 0.07685 -1.00000 -1.00000
dist/lin/ang/drive_left/drive_right/tv_l/tv_r/av_l/av_r/x/y/theta/t_err: -0.50160 -1.46304 0.23617 -1.02922 -0.87551 -0.86358 -0.86392 -0.86358 -0.86392 -0.28394 19.74582 268.62034 0.03846
target: -1.46304 0.03089
target: -1.46304 0.03089
fb: -1.00444 0.08034 -1.00000 -1.00000
fb: -0.94243 0.07393 -1.00000 -1.00000
dist/lin/ang/drive_left/drive_right/tv_l/tv_r/av_l/av_r/x/y/theta/t_err: -0.48276 -1.55448 0.13576 -1.01636 -0.86851 -0.87469 -0.87008 -0.87469 -0.87008 -0.29752 19.00387 269.29406 0.02798
target: -1.55448 0.01776
target: -1.55448 0.01776
fb: -1.04548 0.06243 -1.00000 -1.00000
fb: -1.18693 0.05992 -1.00000 -1.00000
dist/lin/ang/drive_left/drive_right/tv_l/tv_r/av_l/av_r/x/y/theta/t_err: -0.45903 -1.64592 0.08358 -1.24685 -1.12700 -0.86547 -0.86292 -0.86547 -0.86292 -0.30448 18.06931 269.84613 0.01953
target: -1.64592 0.01093
target: -1.64592 0.01093
fb: -1.15383 0.06375 -1.00000 -1.00000
fb: -1.10550 0.06891 -1.00000 -1.00000
dist/lin/ang/drive_left/drive_right/tv_l/tv_r/av_l/av_r/x/y/theta/t_err: -0.43692 -1.73416 -0.00134 -1.17441 -1.03659 -0.87333 -0.87608 -0.87333 -0.87608 -0.30266 17.19884 270.41058 0.01043
target: -1.73416 -0.00018
target: -1.73416 -0.00018
fb: -1.16949 0.07023 -1.00000 -1.00000
fb: -1.24297 0.06605 -1.00000 -1.00000
dist/lin/ang/drive_left/drive_right/tv_l/tv_r/av_l/av_r/x/y/theta/t_err: -0.41206 -1.71079 -0.09670 -1.30903 -1.17692 -0.88069 -0.87864 -0.88069 -0.87864 -0.29057 16.22020 271.00290 0.00041
target: -1.71079 -0.01265
target: -1.71079 -0.01265
fb: -1.24319 0.05790 -0.83776 -0.97324
fb: -1.33631 0.04856 -0.79120 -0.92668
dist/lin/ang/drive_left/drive_right/tv_l/tv_r/av_l/av_r/x/y/theta/t_err: -0.38533 -1.63450 -0.15511 -1.38488 -1.28775 -0.84886 -0.76144 -0.84886 -0.76144 -0.26753 15.16824 271.47569 -0.00812
target: -1.63450 -0.02029
target: -1.63450 -0.02029
fb: -1.37118 0.04369 -0.50918 -0.61133
fb: -1.33830 0.04153 -0.52562 -0.62777
dist/lin/ang/drive_left/drive_right/tv_l/tv_r/av_l/av_r/x/y/theta/t_err: -0.35857 -1.55848 -0.20750 -1.37983 -1.29677 -0.71678 -0.70994 -0.71678 -0.70994 -0.23690 14.11491 271.85084 -0.01552
target: -1.55848 -0.02714
target: -1.55848 -0.02714
fb: -1.39810 0.03700 -0.42655 -0.53073
fb: -1.38662 0.03400 -0.43229 -0.53647
dist/lin/ang/drive_left/drive_right/tv_l/tv_r/av_l/av_r/x/y/theta/t_err: -0.33084 -1.48020 -0.26691 -1.42062 -1.35262 -0.52378 -0.59272 -0.52378 -0.59272 -0.19855 13.02375 272.17372 -0.02269
target: -1.48020 -0.03491
target: -1.48020 -0.03491
fb: -1.35176 0.02871 -0.36002 -0.48282
fb: -1.32837 0.02369 -0.37172 -0.49451
dist/lin/ang/drive_left/drive_right/tv_l/tv_r/av_l/av_r/x/y/theta/t_err: -0.30428 -1.40543 -0.31300 -1.35206 -1.30468 -0.44267 -0.52547 -0.44267 -0.52547 -0.15665 11.97863 272.41250 -0.02903
target: -1.40543 -0.04094
target: -1.40543 -0.04094
fb: -1.32087 0.02076 -0.32521 -0.44035
fb: -1.36345 0.01902 -0.30392 -0.41906
dist/lin/ang/drive_left/drive_right/tv_l/tv_r/av_l/av_r/x/y/theta/t_err: -0.27703 -1.32811 -0.36345 -1.38248 -1.34443 -0.38567 -0.48906 -0.38567 -0.48906 -0.10976 10.90607 272.59044 -0.03515
target: -1.32811 -0.04754
target: -1.32811 -0.04754
fb: -1.32837 0.01526 -0.23383 -0.36289
fb: -1.32660 -0.00105 -0.23471 -0.36377
dist/lin/ang/drive_left/drive_right/tv_l/tv_r/av_l/av_r/x/y/theta/t_err: -0.25052 -1.25217 -0.40315 -1.32556 -1.32765 -0.38122 -0.43531 -0.38122 -0.43531 -0.06147 9.86262 272.68168 -0.04057
target: -1.25217 -0.05274
target: -1.25217 -0.05274
fb: -1.28203 -0.01902 -0.19617 -0.31947
fb: -1.23922 -0.02885 -0.21758 -0.34087
dist/lin/ang/drive_left/drive_right/tv_l/tv_r/av_l/av_r/x/y/theta/t_err: -0.22575 -1.18627 -0.37266 -1.21038 -1.26807 -0.32239 -0.39694 -0.32239 -0.39694 -0.01706 8.88787 272.50768 -0.04185
target: -1.18627 -0.04875
target: -1.18627 -0.04875
fb: -1.27232 -0.03177 -0.22517 -0.26043
fb: -1.09778 -0.03205 -0.31244 -0.34770
dist/lin/ang/drive_left/drive_right/tv_l/tv_r/av_l/av_r/x/y/theta/t_err: -0.20382 -1.12803 -0.35088 -1.06573 -1.12983 -0.29328 -0.37386 -0.29328 -0.37386 0.01888 8.02422 272.23516 -0.04136
target: -1.12803 -0.04590
target: -1.12803 -0.04590
fb: -1.11301 -0.03324 -0.27918 -0.32083
fb: -1.21583 -0.03484 -0.22776 -0.26942
dist/lin/ang/drive_left/drive_right/tv_l/tv_r/av_l/av_r/x/y/theta/t_err: -0.17952 -1.05850 -0.35754 -1.18099 -1.25067 -0.31364 -0.35728 -0.31364 -0.35728 0.05386 7.06751 271.93892 -0.04146
target: -1.05850 -0.04677
target: -1.05850 -0.04677
fb: -1.04151 -0.03581 -0.18912 -0.26536
fb: -1.02783 -0.03442 -0.19596 -0.27221
dist/lin/ang/drive_left/drive_right/tv_l/tv_r/av_l/av_r/x/y/theta/t_err: -0.15898 -1.06333 -0.35172 -0.99341 -1.06225 -0.26078 -0.31586 -0.26078 -0.31586 0.07902 6.25859 271.63727 -0.04120
target: -1.06333 -0.04601
target: -1.06333 -0.04601
fb: -1.02982 -0.03303 -0.50468 -0.56522
fb: -0.98348 -0.03149 -0.52785 -0.58838
dist/lin/ang/drive_left/drive_right/tv_l/tv_r/av_l/av_r/x/y/theta/t_err: -0.13921 -0.99501 -0.26322 -0.95199 -1.01497 -0.26439 -0.31997 -0.26439 -0.31997 0.09921 5.48446 271.35662 -0.03630
target: -0.99501 -0.03443
target: -0.99501 -0.03443
fb: -0.95810 -0.03247 -0.24209 -0.18972
fb: -0.87646 -0.03303 -0.28291 -0.23054
dist/lin/ang/drive_left/drive_right/tv_l/tv_r/av_l/av_r/x/y/theta/t_err: -0.12170 -0.93036 -0.22094 -0.84343 -0.90949 -0.40811 -0.46233 -0.40811 -0.46233 0.11389 4.79449 271.07551 -0.03140
target: -0.93036 -0.02890
target: -0.93036 -0.02890
fb: -0.91728 -0.03254 -0.19479 -0.18939
fb: -0.98326 -0.03010 -0.16181 -0.15640
dist/lin/ang/drive_left/drive_right/tv_l/tv_r/av_l/av_r/x/y/theta/t_err: -0.10206 -0.85198 -0.18214 -0.95316 -1.01336 -0.29978 -0.29617 -0.29978 -0.29617 0.12657 4.02038 270.80486 -0.02667
target: -0.85198 -0.02383
target: -0.85198 -0.02383
fb: -0.88242 -0.02717 -0.08728 -0.07910
fb: -0.83211 -0.02383 -0.11243 -0.10426
dist/lin/ang/drive_left/drive_right/tv_l/tv_r/av_l/av_r/x/y/theta/t_err: -0.08544 -0.77951 -0.15698 -0.80828 -0.85594 -0.18069 -0.16631 -0.18069 -0.16631 0.13443 3.36522 270.58182 -0.02278
target: -0.77951 -0.02053
target: -0.77951 -0.02053
fb: -0.81843 -0.02230 -0.07106 -0.07447
fb: -0.75046 -0.02334 -0.10504 -0.10845
dist/lin/ang/drive_left/drive_right/tv_l/tv_r/av_l/av_r/x/y/theta/t_err: -0.07044 -0.70780 -0.13322 -0.72712 -0.77380 -0.12833 -0.11792 -0.12833 -0.11792 0.13945 2.77433 270.38872 -0.01941
target: -0.70780 -0.01743
target: -0.70780 -0.01743
fb: -0.71560 -0.02397 -0.06148 0.06552
fb: -0.63991 -0.02181 -0.09932 -0.10016
dist/lin/ang/drive_left/drive_right/tv_l/tv_r/av_l/av_r/x/y/theta/t_err: -0.05766 -0.64036 -0.10107 -0.61810 -0.66172 -0.11222 -0.08539 -0.11222 -0.08539 0.14200 2.27047 270.18587 -0.01587
target: -0.64036 -0.01322
target: -0.64036 -0.01322
fb: -0.59931 -0.01512 -0.08300 -0.06826
fb: -0.60902 -0.00732 -0.07814 0.06442
dist/lin/ang/drive_left/drive_right/tv_l/tv_r/av_l/av_r/x/y/theta/t_err: -0.04548 -0.56876 -0.10037 -0.60170 -0.61634 -0.10781 -0.08744 -0.10781 -0.08744 0.14302 1.79092 270.07465 -0.01393
target: -0.56876 -0.01313
target: -0.56876 -0.01313
fb: -0.59357 -0.00411 0.13250 0.12017
fb: -0.59732 -0.00334 0.13437 0.12205
dist/lin/ang/drive_left/drive_right/tv_l/tv_r/av_l/av_r/x/y/theta/t_err: -0.03354 -0.48840 -0.10963 -0.59398 -0.60067 -0.02397 0.03356 -0.02397 0.03356 0.14349 1.32059 270.04339 -0.01338
target: -0.48840 -0.01434
target: -0.48840 -0.01434
fb: -0.57791 -0.00181 0.07884 0.05361
fb: -0.47707 0.00000 -0.04963 -0.08464
dist/lin/ang/drive_left/drive_right/tv_l/tv_r/av_l/av_r/x/y/theta/t_err: -0.02400 -0.41314 -0.11277 -0.47707 -0.47707 0.09208 0.08725 0.09208 0.08725 0.14374 0.94495 270.03625 -0.01326
target: -0.41314 -0.01475
target: -0.41314 -0.01475
fb: -0.39167 0.00000 -0.04036 -0.06871
fb: -0.31620 -0.00286 -0.07809 -0.10645
dist/lin/ang/drive_left/drive_right/tv_l/tv_r/av_l/av_r/x/y/theta/t_err: -0.01768 -0.35455 -0.11350 -0.31335 -0.31906 -0.03200 -0.05561 -0.03200 -0.05561 0.14390 0.69597 270.03465 -0.01323
target: -0.35455 -0.01485
target: -0.35455 -0.01485
fb: -0.25221 -0.00439 -0.09383 -0.11947
fb: -0.23655 -0.00509 -0.10166 -0.12731
dist/lin/ang/drive_left/drive_right/tv_l/tv_r/av_l/av_r/x/y/theta/t_err: -0.01295 -0.30344 -0.10191 -0.23146 -0.24163 -0.08214 -0.10761 -0.08214 -0.10761 0.14396 0.50971 269.99809 -0.01259
target: -0.30344 -0.01333
target: -0.30344 -0.01333
fb: -0.24052 -0.00537 -0.07843 -0.08754
fb: -0.23853 -0.00578 -0.07942 -0.08854
dist/lin/ang/drive_left/drive_right/tv_l/tv_r/av_l/av_r/x/y/theta/t_err: -0.00818 -0.24118 -0.09318 -0.23275 -0.24432 -0.10061 -0.11292 -0.10061 -0.11292 0.14388 0.32189 269.95156 -0.01178
target: -0.24118 -0.01219
target: -0.24118 -0.01219
fb: -0.25596 -0.00599 0.08472 0.08356
fb: -0.27163 -0.00516 0.09256 0.09139
dist/lin/ang/drive_left/drive_right/tv_l/tv_r/av_l/av_r/x/y/theta/t_err: -0.00275 -0.00069 -0.08640 -0.26648 -0.27679 -0.04569 -0.03300 -0.04569 -0.03300 0.14362 0.10801 269.90565 -0.01098
target: -0.00069 -0.01130
target: -0.00069 -0.01130
fb: -0.23853 -0.00327 0.64227 0.64000
fb: -0.18624 -0.00118 0.61612 0.61385
dist/lin/ang/drive_left/drive_right/tv_l/tv_r/av_l/av_r/x/y/theta/t_err: 0.00097 0.00024 -0.08775 -0.18505 -0.18742 0.12283 0.09633 0.12283 0.09633 0.14334 -0.03864 269.88513 -0.01062
target: 0.00024 -0.01148
target: 0.00024 -0.01148
fb: -0.11430 0.00091 0.04946 -0.05045
fb: -0.04634 0.00160 0.04946 -0.05045
decreased kp to 8.00000
decreased kp to 7.90000
decreased kp to 7.80000
decreased kp to 7.70000
decreased kp to 7.60000
decreased kp to 7.50000
decreased kp to 7.40000
decreased kp to 7.30000
decreased kp to 7.20000
start is 0.00000 0.00000
dist/lin/ang/drive_left/drive_right/tv_l/tv_r/av_l/av_r/x/y/theta/t_err: -0.60960 0.00000 1.20000 0.00000 0.00000 0.00017 -0.00017 0.00017 -0.00017 0.00000 0.00000 -0.00003 1.57080
target: 0.00000 0.15697
target: 0.00000 0.15697
fb: 0.00000 0.00000 -0.85057 0.85546
fb: 0.00000 0.00000 -0.85057 0.85546
dist/lin/ang/drive_left/drive_right/tv_l/tv_r/av_l/av_r/x/y/theta/t_err: -0.60960 0.00000 2.40000 0.00000 0.00000 -0.11672 0.09275 -0.11672 0.09275 0.00000 0.00000 -0.00007 1.57080
target: 0.00000 0.31394
target: 0.00000 0.31394
fb: 0.00000 0.00279 -1.00000 1.00000
fb: 0.00000 0.02766 -1.00000 1.00000
dist/lin/ang/drive_left/drive_right/tv_l/tv_r/av_l/av_r/x/y/theta/t_err: 0.60960 0.00002 3.60000 -0.02766 0.02766 -0.43306 0.47842 -0.43306 0.47842 0.00000 0.00000 0.00507 1.57071
target: 0.00002 0.47092
target: 0.00002 0.47092
fb: 0.00000 0.06389 -1.00000 1.00000
fb: -0.00375 0.10639 -1.00000 1.00000
dist/lin/ang/drive_left/drive_right/tv_l/tv_r/av_l/av_r/x/y/theta/t_err: 0.60960 0.00146 4.80000 -0.11015 0.10264 -0.47192 0.64525 -0.47192 0.64525 0.00000 0.00000 0.31742 1.56526
target: 0.00146 0.62789
target: 0.00146 0.62789
fb: -0.00375 0.14646 -1.00000 1.00000
fb: 0.00000 0.18805 -1.00000 1.00000
dist/lin/ang/drive_left/drive_right/tv_l/tv_r/av_l/av_r/x/y/theta/t_err: 0.60960 0.00627 6.00000 -0.18805 0.18805 -0.64525 0.73067 -0.64525 0.73067 -0.00295 -0.00003 1.33124 1.54744
target: 0.00627 0.78486
target: 0.00627 0.78486
fb: 0.00000 0.23028 -1.00000 1.00000
fb: 0.00375 0.27069 -1.00000 1.00000
dist/lin/ang/drive_left/drive_right/tv_l/tv_r/av_l/av_r/x/y/theta/t_err: 0.60960 0.01481 6.00000 -0.26694 0.27444 -0.75392 0.78694 -0.75392 0.78694 -0.00295 -0.00003 3.06567 1.51717
target: 0.01481 0.78486
target: 0.01481 0.78486
fb: 0.01920 0.31612 -0.77670 0.82669
fb: 0.02913 0.35911 -0.75520 0.80520
dist/lin/ang/drive_left/drive_right/tv_l/tv_r/av_l/av_r/x/y/theta/t_err: 0.60957 0.02758 6.00000 -0.32998 0.38824 -0.63158 0.61564 -0.63158 0.61564 0.01211 0.00119 5.53153 1.47476
target: 0.02758 0.78486
target: 0.02758 0.78486
fb: 0.03111 0.40140 -0.72085 0.79726
fb: 0.03288 0.43499 -0.70406 0.78047
dist/lin/ang/drive_left/drive_right/tv_l/tv_r/av_l/av_r/x/y/theta/t_err: 0.60949 0.04575 6.00000 -0.40211 0.46786 -0.55181 0.50681 -0.55181 0.50681 0.03641 0.00426 8.75658 1.41948
target: 0.04575 0.78486
target: 0.04575 0.78486
fb: 0.02714 0.46111 -0.67349 0.78491
fb: 0.01567 0.48571 -0.66119 0.77261
dist/lin/ang/drive_left/drive_right/tv_l/tv_r/av_l/av_r/x/y/theta/t_err: 0.60939 0.07002 6.00000 -0.47004 0.50138 -0.58008 0.51808 -0.58008 0.51808 0.05742 0.00816 12.61110 1.35308
target: 0.07002 0.78486
target: 0.07002 0.78486
fb: 0.00772 0.50891 -0.62841 0.78219
fb: 0.01545 0.53615 -0.61479 0.76857
dist/lin/ang/drive_left/drive_right/tv_l/tv_r/av_l/av_r/x/y/theta/t_err: 0.60936 0.10074 6.00000 -0.52071 0.55160 -0.59650 0.48339 -0.59650 0.48339 0.06330 0.00970 16.89690 1.27853
target: 0.10074 0.78486
target: 0.10074 0.78486
fb: 0.01942 0.56068 -0.57824 0.78059
fb: 0.01942 0.58848 -0.56434 0.76669
dist/lin/ang/drive_left/drive_right/tv_l/tv_r/av_l/av_r/x/y/theta/t_err: 0.60923 0.13925 6.00000 -0.56906 0.60790 -0.57731 0.45619 -0.57731 0.45619 0.07776 0.01468 21.63240 1.19648
target: 0.13925 0.78486
target: 0.13925 0.78486
fb: 0.01942 0.61719 -0.52017 0.78215
fb: 0.01544 0.64227 -0.50763 0.76961
dist/lin/ang/drive_left/drive_right/tv_l/tv_r/av_l/av_r/x/y/theta/t_err: 0.60907 0.18793 6.00000 -0.62683 0.65772 -0.53967 0.51350 -0.53967 0.51350 0.09173 0.02088 26.83390 1.10628
target: 0.18793 0.78486
target: 0.18793 0.78486
fb: 0.00772 0.65844 -0.37110 0.88998
fb: 0.00000 0.67801 -0.35745 0.88405
dist/lin/ang/drive_left/drive_right/tv_l/tv_r/av_l/av_r/x/y/theta/t_err: 0.60900 0.24934 6.00000 -0.67801 0.67801 -0.46575 0.54089 -0.46575 0.54089 0.09708 0.02376 32.46586 1.00821
target: 0.24934 0.78486
target: 0.24934 0.78486
fb: 0.00000 0.69934 -0.26789 0.95229
fb: 0.00000 0.71118 -0.26197 0.94636
dist/lin/ang/drive_left/drive_right/tv_l/tv_r/av_l/av_r/x/y/theta/t_err: 0.60900 0.32560 5.46670 -0.71118 0.71118 -0.35419 0.67278 -0.35419 0.67278 0.09708 0.02376 38.43663 0.90400
target: 0.32560 0.71510
target: 0.32560 0.71510
fb: 0.00772 0.72114 0.30879 0.63802
fb: 0.01566 0.72400 0.30624 0.63262
dist/lin/ang/drive_left/drive_right/tv_l/tv_r/av_l/av_r/x/y/theta/t_err: 0.60890 0.41704 4.64021 -0.70834 0.73967 -0.24947 0.50853 -0.24947 0.50853 0.10152 0.02791 44.67185 0.79536
target: 0.41704 0.60699
target: 0.41704 0.60699
fb: 0.01566 0.72609 0.71628 0.44240
fb: 0.02317 0.72992 0.71445 0.43674
dist/lin/ang/drive_left/drive_right/tv_l/tv_r/av_l/av_r/x/y/theta/t_err: 0.60867 0.50848 3.83198 -0.70676 0.75309 0.20806 0.54344 0.20806 0.54344 0.10980 0.03705 51.00300 0.68521
target: 0.50848 0.50126
target: 0.50848 0.50126
fb: 0.04258 0.71996 1.00000 0.62272
fb: 0.07766 0.69411 1.00000 0.61810
dist/lin/ang/drive_left/drive_right/tv_l/tv_r/av_l/av_r/x/y/theta/t_err: 0.60797 0.59992 3.04139 -0.61645 0.77177 0.51333 0.45378 0.51333 0.45378 0.12921 0.06437 57.35264 0.57520
target: 0.59992 0.39784
target: 0.59992 0.39784
fb: 0.11627 0.66046 1.00000 0.58838
fb: 0.14341 0.63084 1.00000 0.58962
dist/lin/ang/drive_left/drive_right/tv_l/tv_r/av_l/av_r/x/y/theta/t_err: 0.60596 0.69136 2.37351 -0.48743 0.77426 0.34031 0.57031 0.34031 0.57031 0.17416 0.14410 63.35092 0.47241
target: 0.69136 0.31048
target: 0.69136 0.31048
fb: 0.17452 0.61308 1.00000 0.63633
fb: 0.20365 0.59475 1.00000 0.63093
dist/lin/ang/drive_left/drive_right/tv_l/tv_r/av_l/av_r/x/y/theta/t_err: 0.60277 0.78280 1.79340 -0.39110 0.79840 0.64919 0.55972 0.64919 0.55972 0.22945 0.26986 68.84307 0.37893
target: 0.78280 0.23459
target: 0.78280 0.23459
fb: 0.21733 0.57838 1.00000 0.67852
fb: 0.24624 0.56319 1.00000 0.67166
dist/lin/ang/drive_left/drive_right/tv_l/tv_r/av_l/av_r/x/y/theta/t_err: 0.59867 0.87424 1.21487 -0.31695 0.80943 0.77889 0.60436 0.77889 0.60436 0.28381 0.43208 74.02041 0.29094
target: 0.87424 0.15892
target: 0.87424 0.15892
fb: 0.27139 0.54758 1.00000 0.66265
fb: 0.29677 0.53490 1.00000 0.65630
dist/lin/ang/drive_left/drive_right/tv_l/tv_r/av_l/av_r/x/y/theta/t_err: 0.59341 0.96568 0.66174 -0.23814 0.83167 0.83656 0.63586 0.83656 0.63586 0.33373 0.63981 78.92254 0.20762
target: 0.96568 0.08656
target: 0.96568 0.08656
fb: 0.36274 0.51637 1.00000 0.64625
fb: 0.40709 0.49358 1.00000 0.63546
dist/lin/ang/drive_left/drive_right/tv_l/tv_r/av_l/av_r/x/y/theta/t_err: 0.58626 1.05712 0.13548 -0.08649 0.90067 0.86306 0.61942 0.86306 0.61942 0.37647 0.92216 83.56703 0.12859
target: 1.05712 0.01772
target: 1.05712 0.01772
fb: 0.42651 0.46759 1.00000 0.65739
fb: 0.49646 0.44425 1.00000 0.63409
dist/lin/ang/drive_left/drive_right/tv_l/tv_r/av_l/av_r/x/y/theta/t_err: 0.57776 1.14856 -0.33329 0.05221 0.94071 0.87044 0.61703 0.87044 0.61703 0.40123 1.25702 87.83749 0.05538
target: 1.14856 -0.04360
target: 1.14856 -0.04360
fb: 0.51985 0.42593 1.00000 0.67702
fb: 0.49845 0.41450 1.00000 0.69344
dist/lin/ang/drive_left/drive_right/tv_l/tv_r/av_l/av_r/x/y/theta/t_err: 0.56737 1.24000 -0.75333 0.08395 0.91295 0.89336 0.62489 0.89336 0.62489 0.40315 1.66629 91.69871 -0.01160
target: 1.24000 -0.09854
target: 1.24000 -0.09854
fb: 0.53331 0.40482 1.00000 0.72861
fb: 0.55273 0.39109 1.00000 0.72576
dist/lin/ang/drive_left/drive_right/tv_l/tv_r/av_l/av_r/x/y/theta/t_err: 0.55671 1.33144 -1.18440 0.16164 0.94382 0.89611 0.63328 0.89611 0.63328 0.37706 2.08535 95.31752 -0.07560
target: 1.33144 -0.15493
target: 1.33144 -0.15493
fb: 0.58362 0.37513 1.00000 0.72920
fb: 0.64585 0.36057 1.00000 0.70537
dist/lin/ang/drive_left/drive_right/tv_l/tv_r/av_l/av_r/x/y/theta/t_err: 0.54511 1.42288 -1.60275 0.28528 1.00642 0.88889 0.68836 0.88889 0.68836 0.32038 2.54134 98.71285 -0.13714
target: 1.42288 -0.20966
target: 1.42288 -0.20966
fb: 0.70410 0.34949 1.00000 0.70861
fb: 0.73499 0.34183 1.00000 0.69700
dist/lin/ang/drive_left/drive_right/tv_l/tv_r/av_l/av_r/x/y/theta/t_err: 0.53123 1.29600 -2.00654 0.39317 1.07682 0.89867 0.67742 0.89867 0.67742 0.22092 3.08670 101.85765 -0.19639
target: 1.29600 -0.26248
target: 1.29600 -0.26248
fb: 0.75044 0.33145 1.00000 -0.47556
fb: 0.74272 0.31145 1.00000 -0.46171
dist/lin/ang/drive_left/drive_right/tv_l/tv_r/av_l/av_r/x/y/theta/t_err: 0.51660 1.17541 -2.41783 0.43127 1.05417 0.89575 0.33128 0.89575 0.33128 0.08426 3.66153 104.83364 -0.25475
target: 1.17541 -0.31628
target: 1.17541 -0.31628
fb: 0.77582 0.28267 1.00000 -0.61602
fb: 0.79326 0.24533 0.98556 -0.60606
dist/lin/ang/drive_left/drive_right/tv_l/tv_r/av_l/av_r/x/y/theta/t_err: 0.50171 1.06977 -2.78354 0.54793 1.03858 0.89439 -0.18219 0.89439 -0.18219 -0.08666 4.24797 107.50722 -0.30995
target: 1.06977 -0.36412
target: 1.06977 -0.36412
fb: 0.75244 0.19725 0.97465 -0.62727
fb: 0.71559 0.15099 0.96994 -0.58571
dist/lin/ang/drive_left/drive_right/tv_l/tv_r/av_l/av_r/x/y/theta/t_err: 0.48749 0.98824 -3.01621 0.56460 0.86658 0.71147 -0.25272 0.71147 -0.25272 -0.27542 4.80955 109.54995 -0.35556
target: 0.98824 -0.39455
target: 0.98824 -0.39455
fb: 0.69816 0.10005 0.93266 -0.48671
fb: 0.70214 0.04661 0.90395 -0.46198
dist/lin/ang/drive_left/drive_right/tv_l/tv_r/av_l/av_r/x/y/theta/t_err: 0.47448 0.93463 -3.10399 0.65552 0.74875 0.61942 -0.37131 0.61942 -0.37131 -0.46539 5.32541 110.75661 -0.38719
target: 0.93463 -0.40603
target: 0.93463 -0.40603
fb: 0.66330 -0.00404 0.88901 -0.28261
fb: 0.66705 -0.04571 0.86630 -0.26365
dist/lin/ang/drive_left/drive_right/tv_l/tv_r/av_l/av_r/x/y/theta/t_err: 0.46224 0.90819 -3.06492 0.71276 0.62135 0.56636 -0.34819 0.56636 -0.34819 -0.65221 5.81313 111.05363 -0.40330
target: 0.90819 -0.40092
target: 0.90819 -0.40092
fb: 0.68448 -0.07650 0.84615 -0.09171
fb: 0.65359 -0.10444 0.84763 0.06554
dist/lin/ang/drive_left/drive_right/tv_l/tv_r/av_l/av_r/x/y/theta/t_err: 0.44967 0.90215 -2.96792 0.75804 0.54915 0.59033 -0.20672 0.59033 -0.20672 -0.84412 6.31677 110.58819 -0.40703
target: 0.90215 -0.38823
target: 0.90215 -0.38823
fb: 0.65955 -0.13315 0.85747 0.20196
fb: 0.65933 -0.16653 0.84089 0.21876
dist/lin/ang/drive_left/drive_right/tv_l/tv_r/av_l/av_r/x/y/theta/t_err: 0.43754 0.90365 -2.83878 0.82585 0.49280 0.68083 0.07239 0.68083 0.07239 -1.02277 6.80440 109.61135 -0.40169
target: 0.90365 -0.37134
target: 0.90365 -0.37134
fb: 0.66705 -0.20115 0.81250 0.30237
fb: 0.65954 -0.22742 0.80312 0.31926
dist/lin/ang/drive_left/drive_right/tv_l/tv_r/av_l/av_r/x/y/theta/t_err: 0.42522 0.91496 -2.63399 0.88697 0.43212 0.64489 0.22622 0.64489 0.22622 -1.19254 7.30143 108.07025 -0.38668
target: 0.91496 -0.34455
target: 0.91496 -0.34455
fb: 0.69441 -0.24449 0.75087 0.43583
fb: 0.72905 -0.25494 0.72833 0.42374
dist/lin/ang/drive_left/drive_right/tv_l/tv_r/av_l/av_r/x/y/theta/t_err: 0.41230 0.93860 -2.38537 0.98399 0.47410 0.66594 0.33433 0.66594 0.33433 -1.35260 7.82423 106.04701 -0.36350
target: 0.93860 -0.31203
target: 0.93860 -0.31203
fb: 0.73677 -0.25954 0.72918 0.55691
fb: 0.70786 -0.24777 0.74952 0.56547
dist/lin/ang/drive_left/drive_right/tv_l/tv_r/av_l/av_r/x/y/theta/t_err: 0.39845 0.96717 -2.15447 0.95563 0.46010 0.67692 0.40981 0.67692 0.40981 -1.50166 8.38486 103.79246 -0.33660
target: 0.96717 -0.28183
target: 0.96717 -0.28183
fb: 0.66329 -0.24164 0.79567 0.65533
fb: 0.66726 -0.24477 0.79211 0.65491
dist/lin/ang/drive_left/drive_right/tv_l/tv_r/av_l/av_r/x/y/theta/t_err: 0.38587 0.99740 -1.95835 0.91204 0.42249 0.67881 0.51592 0.67881 0.51592 -1.61623 8.89439 101.62892 -0.30955
target: 0.99740 -0.25617
target: 0.99740 -0.25617
fb: 0.66131 -0.24456 0.81987 0.70157
fb: 0.72133 -0.24275 0.79077 0.67065
dist/lin/ang/drive_left/drive_right/tv_l/tv_r/av_l/av_r/x/y/theta/t_err: 0.37322 1.02771 -1.76124 0.96408 0.47857 0.70722 0.60897 0.70722 0.60897 -1.71148 9.40630 99.48979 -0.28237
target: 1.02771 -0.23039
target: 1.02771 -0.23039
fb: 0.73125 -0.23460 0.78914 0.71819
fb: 0.77186 -0.21718 0.76883 0.69789
dist/lin/ang/drive_left/drive_right/tv_l/tv_r/av_l/av_r/x/y/theta/t_err: 0.35912 1.05381 -1.58414 0.98904 0.55468 0.64800 0.60436 0.64800 0.60436 -1.79608 9.97581 97.38500 -0.25627
target: 1.05381 -0.20722
target: 1.05381 -0.20722
fb: 0.88616 -0.20053 0.71488 0.65143
fb: 0.89807 -0.19300 0.70892 0.64547
dist/lin/ang/drive_left/drive_right/tv_l/tv_r/av_l/av_r/x/y/theta/t_err: 0.34193 1.06386 -1.49785 1.09108 0.70507 0.66733 0.57561 0.66733 0.57561 -1.87397 10.66919 95.52439 -0.23608
target: 1.06386 -0.19593
target: 1.06386 -0.19593
fb: 0.92323 -0.18875 0.68721 0.53198
fb: 0.93073 -0.18478 0.68345 0.52823
dist/lin/ang/drive_left/drive_right/tv_l/tv_r/av_l/av_r/x/y/theta/t_err: 0.32394 1.06506 -1.41056 1.11551 0.74595 0.67669 0.60469 0.67669 0.60469 -1.93292 11.39373 93.84562 -0.21926
target: 1.06506 -0.18452
target: 1.06506 -0.18452
fb: 0.94066 -0.17726 0.63596 0.49721
fb: 1.01834 -0.17008 0.59712 0.45837
dist/lin/ang/drive_left/drive_right/tv_l/tv_r/av_l/av_r/x/y/theta/t_err: 0.30555 1.06111 -1.31525 1.18841 0.84826 0.65789 0.51639 0.65789 0.51639 -1.97188 12.13337 92.25067 -0.20395
target: 1.06111 -0.17205
target: 1.06111 -0.17205
fb: 1.00267 -0.16541 0.56765 0.45506
fb: 0.98899 -0.16395 0.57449 0.46190
dist/lin/ang/drive_left/drive_right/tv_l/tv_r/av_l/av_r/x/y/theta/t_err: 0.28588 1.04797 -1.25275 1.15294 0.82504 0.58447 0.45789 0.58447 0.45789 -1.99274 12.92258 90.76886 -0.19141
target: 1.04797 -0.16387
target: 1.04797 -0.16387
fb: 1.03158 -0.16353 0.51829 0.37801
fb: 1.00664 -0.16283 0.53076 0.39048
dist/lin/ang/drive_left/drive_right/tv_l/tv_r/av_l/av_r/x/y/theta/t_err: 0.26561 1.02907 -1.18457 1.16947 0.84381 0.54586 0.44008 0.54586 0.44008 -1.99332 13.73483 89.33296 -0.18015
target: 1.02907 -0.15495
target: 1.02907 -0.15495
fb: 1.00466 -0.15907 0.48223 0.36057
fb: 1.05695 -0.15670 0.45608 0.33442
dist/lin/ang/drive_left/drive_right/tv_l/tv_r/av_l/av_r/x/y/theta/t_err: 0.24582 1.00823 -1.10644 1.21365 0.90025 0.52153 0.37969 0.52153 0.37969 -1.97405 14.52565 87.91736 -0.16907
target: 1.00823 -0.14473
target: 1.00823 -0.14473
fb: 1.02010 -0.15586 0.43500 0.33874
fb: 1.03555 -0.15782 0.42728 0.33101
dist/lin/ang/drive_left/drive_right/tv_l/tv_r/av_l/av_r/x/y/theta/t_err: 0.22569 0.98173 -1.04875 1.19336 0.87773 0.46644 0.34169 0.46644 0.34169 -1.93542 15.32793 86.54448 -0.15927
target: 0.98173 -0.13719
target: 0.98173 -0.13719
fb: 1.03753 -0.15726 0.38651 0.27629
fb: 0.98899 -0.15545 0.41078 0.30056
dist/lin/ang/drive_left/drive_right/tv_l/tv_r/av_l/av_r/x/y/theta/t_err: 0.20519 0.95037 -0.98743 1.14444 0.83354 0.42947 0.32681 0.42947 0.32681 -1.87661 16.14275 85.16204 -0.15001
target: 0.95037 -0.12917
target: 0.95037 -0.12917
fb: 1.02805 -0.15120 0.33574 0.24049
fb: 0.99296 -0.14966 0.35328 0.25804
dist/lin/ang/drive_left/drive_right/tv_l/tv_r/av_l/av_r/x/y/theta/t_err: 0.18484 0.91434 -0.93714 1.14263 0.84330 0.40247 0.29347 0.40247 0.29347 -1.79860 16.94846 83.80967 -0.14170
target: 0.91434 -0.12259
target: 0.91434 -0.12259
fb: 0.98502 -0.14883 0.30783 0.20839
fb: 1.01437 -0.14973 0.29316 0.19372
dist/lin/ang/drive_left/drive_right/tv_l/tv_r/av_l/av_r/x/y/theta/t_err: 0.16533 1.08435 -0.89224 1.16410 0.86463 0.34942 0.25461 0.34942 0.25461 -1.70585 17.71848 82.49914 -0.13426
target: 1.08435 -0.11671
target: 1.08435 -0.11671
fb: 0.95435 -0.14973 1.00000 1.00000
fb: 0.93096 -0.14555 1.00000 1.00000
dist/lin/ang/drive_left/drive_right/tv_l/tv_r/av_l/av_r/x/y/theta/t_err: 0.14522 1.01627 -0.57294 1.07651 0.78540 0.38636 0.24231 0.38636 0.24231 -1.59936 18.46234 81.18762 -0.11137
target: 1.01627 -0.07495
target: 1.01627 -0.07495
fb: 0.91154 -0.14214 0.11893 0.40012
fb: 0.88815 -0.14068 0.13062 0.41181
dist/lin/ang/drive_left/drive_right/tv_l/tv_r/av_l/av_r/x/y/theta/t_err: 0.12737 0.95175 -0.42157 1.02882 0.74747 0.57133 0.62542 0.57133 0.62542 -1.48162 19.17035 79.92088 -0.08926
target: 0.95175 -0.05515
target: 0.95175 -0.05515
fb: 0.92699 -0.13719 0.15228 0.26224
fb: 0.92323 -0.12416 0.15415 0.26411
dist/lin/ang/drive_left/drive_right/tv_l/tv_r/av_l/av_r/x/y/theta/t_err: 0.10913 0.88099 -0.27559 1.04740 0.79907 0.25633 0.41000 0.25633 0.41000 -1.34603 19.88755 78.69810 -0.06792
target: 0.88099 -0.03605
target: 0.88099 -0.03605
fb: 0.92897 -0.11162 -0.06581 0.18139
fb: 0.95016 -0.09998 -0.07640 0.17080
dist/lin/ang/drive_left/drive_right/tv_l/tv_r/av_l/av_r/x/y/theta/t_err: 0.09077 0.80349 -0.17142 1.05014 0.85017 0.09431 0.26486 0.09431 0.26486 -1.19571 20.60340 77.64020 -0.04945
target: 0.80349 -0.02242
target: 0.80349 -0.02242
fb: 0.86675 -0.07609 -0.11677 0.09939
fb: 0.82041 -0.05149 -0.09360 0.12256
dist/lin/ang/drive_left/drive_right/tv_l/tv_r/av_l/av_r/x/y/theta/t_err: 0.07359 0.72345 -0.11149 0.87190 0.76892 -0.05167 0.17986 -0.05167 0.17986 -1.04476 21.26898 76.82548 -0.03523
target: 0.72345 -0.01458
target: 0.72345 -0.01458
fb: 0.76811 -0.03574 -0.12974 -0.08303
fb: 0.72531 -0.02285 -0.10833 0.06620
dist/lin/ang/drive_left/drive_right/tv_l/tv_r/av_l/av_r/x/y/theta/t_err: 0.05830 0.64392 -0.12575 0.74816 0.70245 -0.08761 0.09908 -0.08761 0.09908 -0.90461 21.85733 76.39933 -0.02780
target: 0.64392 -0.01645
target: 0.64392 -0.01645
fb: 0.69817 -0.01003 -0.12021 -0.16343
fb: 0.59556 0.00153 -0.06891 -0.11213
dist/lin/ang/drive_left/drive_right/tv_l/tv_r/av_l/av_r/x/y/theta/t_err: 0.04437 0.56172 -0.14902 0.59403 0.59709 -0.09975 0.01453 -0.09975 0.01453 -0.77445 22.39143 76.22910 -0.02482
target: 0.56172 -0.01949
target: 0.56172 -0.01949
fb: 0.54878 0.01108 -0.12378 -0.18174
fb: 0.52539 0.01728 -0.11208 -0.17005
dist/lin/ang/drive_left/drive_right/tv_l/tv_r/av_l/av_r/x/y/theta/t_err: 0.03338 0.48727 -0.18867 0.50811 0.54267 -0.07942 -0.11206 -0.07942 -0.11206 -0.67163 22.81113 76.26220 -0.02540
target: 0.48727 -0.02468
target: 0.48727 -0.02468
fb: 0.44816 0.02104 0.12984 0.05499
fb: 0.38991 0.02209 0.15897 0.08411
dist/lin/ang/drive_left/drive_right/tv_l/tv_r/av_l/av_r/x/y/theta/t_err: 0.02440 0.41653 -0.23073 0.36782 0.41199 -0.04725 -0.10128 -0.04725 -0.10128 -0.58826 23.15402 76.42154 -0.02818
target: 0.41653 -0.03018
target: 0.41653 -0.03018
fb: 0.32371 0.02237 0.14305 0.05799
fb: 0.29083 0.01338 0.15949 0.07443
dist/lin/ang/drive_left/drive_right/tv_l/tv_r/av_l/av_r/x/y/theta/t_err: 0.01789 0.35669 -0.26116 0.27745 0.30421 0.13725 0.06672 0.13725 0.06672 -0.52880 23.40188 76.61556 -0.03157
target: 0.35669 -0.03416
target: 0.35669 -0.03416
fb: 0.28906 0.00432 0.12592 0.04921
fb: 0.25221 0.00000 0.14435 0.06763
dist/lin/ang/drive_left/drive_right/tv_l/tv_r/av_l/av_r/x/y/theta/t_err: 0.01209 0.29325 -0.25626 0.25221 0.25221 0.15111 0.07633 0.15111 0.07633 -0.47633 23.62336 76.71202 -0.03325
target: 0.29325 -0.03352
target: 0.29325 -0.03352
fb: 0.25398 -0.00202 0.05985 -0.06223
fb: 0.26766 -0.00439 0.05301 -0.06907
dist/lin/ang/drive_left/drive_right/tv_l/tv_r/av_l/av_r/x/y/theta/t_err: 0.00701 0.00175 -0.23794 0.27205 0.26327 0.13742 0.04194 0.13742 0.04194 -0.43036 23.81799 76.70710 -0.03317
target: 0.00175 -0.03113
target: 0.00175 -0.03113
fb: 0.25596 -0.01101 -0.73840 -0.76344
fb: 0.24052 -0.02613 -0.73067 -0.75571
dist/lin/ang/drive_left/drive_right/tv_l/tv_r/av_l/av_r/x/y/theta/t_err: 0.00190 0.00048 -0.22192 0.26665 0.21439 0.02550 -0.10814 0.02550 -0.10814 -0.38395 24.01412 76.65084 -0.03219
target: 0.00048 -0.02903
target: 0.00048 -0.02903
fb: 0.19197 -0.03686 -0.12714 -0.15206
fb: 0.10084 -0.04153 0.04666 -0.05631
dist/lin/ang/drive_left/drive_right/tv_l/tv_r/av_l/av_r/x/y/theta/t_err: -0.00189 -0.00047 -0.15618 0.14237 0.05931 -0.37594 -0.24483 -0.37594 -0.24483 -0.34879 24.16113 76.39915 -0.02779
target: -0.00047 -0.02043
target: -0.00047 -0.02043
fb: 0.02913 -0.04181 -0.06611 0.06685
fb: 0.00375 -0.03742 -0.06611 0.06685
dist/lin/ang/drive_left/drive_right/tv_l/tv_r/av_l/av_r/x/y/theta/t_err: -0.00242 -0.00060 -0.09190 0.04117 -0.03366 -0.03886 -0.07903 -0.03886 -0.07903 -0.34336 24.18341 76.03870 -0.02150
target: -0.00060 -0.01202
target: -0.00060 -0.01202
fb: 0.00000 -0.03254 -0.06929 0.07321
fb: 0.00000 -0.02090 -0.06929 0.07321
dist/lin/ang/drive_left/drive_right/tv_l/tv_r/av_l/av_r/x/y/theta/t_err: -0.00236 -0.00059 -0.05990 0.02090 -0.02090 -0.05697 0.04961 -0.05697 0.04961 -0.34336 24.18341 75.72255 -0.01598
target: -0.00059 -0.00784
target: -0.00059 -0.00784
fb: 0.00000 -0.01261 -0.05280 0.05731
fb: 0.00000 -0.00265 -0.05280 0.05731
final error: 0.38927, x: 0.34336, y: -0.18341
final local error: 0.38927, forwards: -0.09192, sideways: -0.37826
position: -0.34336 24.18341 75.54851
took 1.34000 time to finish turn
dist/lin/ang/drive_left/drive_right/tv_l/tv_r/av_l/av_r/x/y/theta/t_err: -0.61492 -0.09144 1.20000 0.00000 0.00000 -0.00000 0.00033 -0.00000 0.00033 -0.33726 24.20714 256.09503 0.25662
target: -0.09144 0.15697
target: -0.09144 0.15697
fb: 0.00000 0.00000 -1.00000 0.63875
fb: 0.00000 0.00000 -1.00000 0.63875
dist/lin/ang/drive_left/drive_right/tv_l/tv_r/av_l/av_r/x/y/theta/t_err: -0.61492 -0.18288 2.20689 0.00000 0.00000 -0.33725 0.30661 -0.33725 0.30661 -0.33726 24.20714 256.09512 0.25662
target: -0.18288 0.28868
target: -0.18288 0.28868
fb: 0.00000 0.00000 -1.00000 0.63239
fb: 0.00000 0.00202 -1.00000 0.63138
dist/lin/ang/drive_left/drive_right/tv_l/tv_r/av_l/av_r/x/y/theta/t_err: -0.61492 -0.27432 2.20485 -0.00202 0.00202 -0.71867 0.54414 -0.71867 0.54414 -0.33726 24.20714 256.10146 0.25651
target: -0.27432 0.28842
target: -0.27432 0.28842
fb: 0.00000 0.02843 -0.78259 -0.14342
fb: 0.00000 0.07023 -0.76169 -0.16433
dist/lin/ang/drive_left/drive_right/tv_l/tv_r/av_l/av_r/x/y/theta/t_err: -0.61492 -0.36576 2.09647 -0.07023 0.07023 -0.37339 0.03031 -0.37339 0.03031 -0.33726 24.20714 256.43874 0.25062
target: -0.36576 0.27424
target: -0.36576 0.27424
fb: 0.00000 0.11392 -0.74021 -0.34491
fb: 0.00000 0.14938 -0.72248 -0.36264
dist/lin/ang/drive_left/drive_right/tv_l/tv_r/av_l/av_r/x/y/theta/t_err: -0.61492 -0.45720 1.80638 -0.14938 0.14938 -0.46558 -0.24639 -0.46558 -0.24639 -0.33726 24.20714 257.51366 0.23186
target: -0.45720 0.23629
target: -0.45720 0.23629
fb: 0.00000 0.16813 -0.60722 -0.63700
fb: 0.00000 0.17893 -0.60722 -0.63700
dist/lin/ang/drive_left/drive_right/tv_l/tv_r/av_l/av_r/x/y/theta/t_err: -0.61492 -0.54864 1.51012 -0.17893 0.17893 -0.48989 -0.46731 -0.48989 -0.46731 -0.33726 24.20714 259.00419 0.20584
target: -0.54864 0.19754
target: -0.54864 0.19754
fb: -0.01743 0.18380 -0.87380 -0.96322
fb: -0.10856 0.17942 -0.82823 -0.91765
dist/lin/ang/drive_left/drive_right/tv_l/tv_r/av_l/av_r/x/y/theta/t_err: -0.61279 -0.64008 1.26609 -0.28798 0.07085 -0.53542 -0.36786 -0.53542 -0.36786 -0.35200 24.12294 260.59502 0.17874
target: -0.64008 0.16562
target: -0.64008 0.16562
fb: -0.19793 0.17245 -0.87621 -0.94697
fb: -0.24250 0.16005 -0.85392 -0.92468
dist/lin/ang/drive_left/drive_right/tv_l/tv_r/av_l/av_r/x/y/theta/t_err: -0.60800 -0.73152 1.08308 -0.40255 -0.08246 -0.53197 -0.28542 -0.53197 -0.28542 -0.38059 23.93415 262.06877 0.15433
target: -0.73152 0.14168
target: -0.73152 0.14168
fb: -0.29281 0.14890 -0.93194 -0.96302
fb: -0.33540 0.13963 -0.91065 -0.94173
dist/lin/ang/drive_left/drive_right/tv_l/tv_r/av_l/av_r/x/y/theta/t_err: -0.60137 -0.82296 0.93974 -0.47503 -0.19577 -0.49553 -0.41697 -0.49553 -0.41697 -0.41396 23.67217 263.35316 0.13349
target: -0.82296 0.12293
target: -0.82296 0.12293
fb: -0.36850 0.13775 -0.98818 -0.99777
fb: -0.37622 0.14040 -0.98431 -0.99391
dist/lin/ang/drive_left/drive_right/tv_l/tv_r/av_l/av_r/x/y/theta/t_err: -0.59390 -0.91440 0.78321 -0.51662 -0.23583 -0.62661 -0.44217 -0.62661 -0.44217 -0.44516 23.37759 264.56610 0.11388
target: -0.91440 0.10245
target: -0.91440 0.10245
fb: -0.40535 0.13921 -1.00000 -1.00000
fb: -0.45389 0.13580 -1.00000 -1.00000
dist/lin/ang/drive_left/drive_right/tv_l/tv_r/av_l/av_r/x/y/theta/t_err: -0.58487 -1.00584 0.61693 -0.58969 -0.31810 -0.32475 -0.51092 -0.32475 -0.51092 -0.47517 23.02146 265.77407 0.09439
target: -1.00584 0.08070
target: -1.00584 0.08070
fb: -0.47309 0.13141 -1.00000 -1.00000
fb: -0.50420 0.12758 -1.00000 -1.00000
dist/lin/ang/drive_left/drive_right/tv_l/tv_r/av_l/av_r/x/y/theta/t_err: -0.57482 -1.09728 0.46912 -0.63178 -0.37663 -0.55028 -0.57919 -0.55028 -0.57919 -0.50035 22.62525 266.91404 0.07597
target: -1.09728 0.06137
target: -1.09728 0.06137
fb: -0.51789 0.11092 -1.00000 -1.00000
fb: -0.53532 0.08918 -1.00000 -1.00000
dist/lin/ang/drive_left/drive_right/tv_l/tv_r/av_l/av_r/x/y/theta/t_err: -0.56414 -1.18872 0.38006 -0.62450 -0.44613 -0.77822 -0.72636 -0.77822 -0.72636 -0.51941 22.20417 267.82907 0.06128
target: -1.18872 0.04972
target: -1.18872 0.04972
fb: -0.70015 0.07992 -1.00000 -1.00000
fb: -0.74075 0.07560 -1.00000 -1.00000
dist/lin/ang/drive_left/drive_right/tv_l/tv_r/av_l/av_r/x/y/theta/t_err: -0.54935 -1.28016 0.33046 -0.81635 -0.66515 -0.83056 -0.80078 -0.83056 -0.80078 -0.53816 21.62121 268.52027 0.05071
target: -1.28016 0.04323
target: -1.28016 0.04323
fb: -0.72729 0.07086 -1.00000 -1.00000
fb: -0.80298 0.06703 -1.00000 -1.00000
dist/lin/ang/drive_left/drive_right/tv_l/tv_r/av_l/av_r/x/y/theta/t_err: -0.53331 -1.37160 0.26184 -0.87001 -0.73595 -0.84119 -0.82694 -0.84119 -0.82694 -0.55105 20.98908 269.13520 0.04134
target: -1.37160 0.03425
target: -1.37160 0.03425
fb: -0.79702 0.06522 -1.00000 -1.00000
fb: -0.85925 0.06647 -1.00000 -1.00000
dist/lin/ang/drive_left/drive_right/tv_l/tv_r/av_l/av_r/x/y/theta/t_err: -0.51613 -1.46304 0.19172 -0.92572 -0.79278 -0.86033 -0.85486 -0.86033 -0.85486 -0.55775 20.31254 269.70878 0.03253
target: -1.46304 0.02508
target: -1.46304 0.02508
fb: -0.90382 0.06675 -1.00000 -1.00000
fb: -0.93471 0.06138 -1.00000 -1.00000
dist/lin/ang/drive_left/drive_right/tv_l/tv_r/av_l/av_r/x/y/theta/t_err: -0.49745 -1.55448 0.11886 -0.99610 -0.87333 -0.86375 -0.86050 -0.86375 -0.86050 -0.55777 19.57655 270.26369 0.02388
target: -1.55448 0.01555
target: -1.55448 0.01555
fb: -0.99672 0.05665 -1.00000 -1.00000
fb: -1.02408 0.05281 -1.00000 -1.00000
dist/lin/ang/drive_left/drive_right/tv_l/tv_r/av_l/av_r/x/y/theta/t_err: -0.47697 -1.64592 0.06488 -1.07689 -0.97127 -0.85331 -0.84939 -0.85331 -0.84939 -0.55057 18.77022 270.74461 0.01633
target: -1.64592 0.00849
target: -1.64592 0.00849
fb: -1.07262 0.04717 -1.00000 -1.00000
fb: -1.13640 0.04445 -1.00000 -1.00000
dist/lin/ang/drive_left/drive_right/tv_l/tv_r/av_l/av_r/x/y/theta/t_err: -0.45424 -1.73736 0.01941 -1.18085 -1.09194 -0.86358 -0.86050 -0.86358 -0.86050 -0.53565 17.87555 271.15362 0.00982
target: -1.73736 0.00254
target: -1.73736 0.00254
fb: -1.09756 0.04417 -1.00000 -1.00000
fb: -1.14809 0.04292 -1.00000 -1.00000
dist/lin/ang/drive_left/drive_right/tv_l/tv_r/av_l/av_r/x/y/theta/t_err: -0.43128 -1.74163 -0.03206 -1.19101 -1.10517 -0.87319 -0.86942 -0.87319 -0.86942 -0.51431 16.97179 271.53194 0.00356
target: -1.74163 -0.00419
target: -1.74163 -0.00419
fb: -1.23150 0.04299 -1.00000 -1.00000
fb: -1.19862 0.04041 -1.00000 -1.00000
dist/lin/ang/drive_left/drive_right/tv_l/tv_r/av_l/av_r/x/y/theta/t_err: -0.40731 -1.69502 -0.08427 -1.23903 -1.15821 -0.88378 -0.87608 -0.88378 -0.87608 -0.48612 16.02842 271.88718 -0.00262
target: -1.69502 -0.01102
target: -1.69502 -0.01102
fb: -1.33035 0.03637 -0.71338 -0.79586
fb: -1.35551 0.02885 -0.70080 -0.78328
dist/lin/ang/drive_left/drive_right/tv_l/tv_r/av_l/av_r/x/y/theta/t_err: -0.38020 -1.62369 -0.12398 -1.38436 -1.32666 -0.72397 -0.65656 -0.72397 -0.65656 -0.44823 14.96176 272.17852 -0.00807
target: -1.62369 -0.01622
target: -1.62369 -0.01622
fb: -1.32462 0.02341 -0.55621 -0.63088
fb: -1.40030 0.02160 -0.51836 -0.59304
dist/lin/ang/drive_left/drive_right/tv_l/tv_r/av_l/av_r/x/y/theta/t_err: -0.35219 -1.55202 -0.15100 -1.42190 -1.37870 -0.59119 -0.63789 -0.59119 -0.63789 -0.40429 13.86004 272.38464 -0.01246
target: -1.55202 -0.01975
target: -1.55202 -0.01975
fb: -1.41575 0.02418 -0.44911 -0.51352
fb: -1.28975 0.02662 -0.51211 -0.57652
dist/lin/ang/drive_left/drive_right/tv_l/tv_r/av_l/av_r/x/y/theta/t_err: -0.32640 -1.48215 -0.20214 -1.31637 -1.26314 -0.49878 -0.55389 -0.49878 -0.55389 -0.36018 12.84544 272.61262 -0.01757
target: -1.48215 -0.02644
target: -1.48215 -0.02644
fb: -1.34801 0.02641 -0.40789 -0.50961
fb: -1.47577 0.02195 -0.34401 -0.44573
dist/lin/ang/drive_left/drive_right/tv_l/tv_r/av_l/av_r/x/y/theta/t_err: -0.29689 -1.40080 -0.25825 -1.49772 -1.45382 -0.44453 -0.50492 -0.44453 -0.50492 -0.30496 11.68473 272.83165 -0.02333
target: -1.40080 -0.03378
target: -1.40080 -0.03378
fb: -1.27210 0.02021 -0.31791 -0.43525
fb: -1.35573 0.01714 -0.27610 -0.39344
dist/lin/ang/drive_left/drive_right/tv_l/tv_r/av_l/av_r/x/y/theta/t_err: -0.26979 -1.32395 -0.30149 -1.37287 -1.33859 -0.38172 -0.44333 -0.38172 -0.44333 -0.25048 10.61862 272.99861 -0.02875
target: -1.32395 -0.03944
target: -1.32395 -0.03944
fb: -1.50313 0.01352 -0.15423 -0.26392
fb: -1.25290 0.00488 -0.27935 -0.38904
dist/lin/ang/drive_left/drive_right/tv_l/tv_r/av_l/av_r/x/y/theta/t_err: -0.24474 -1.25125 -0.33869 -1.25778 -1.24803 -0.30714 -0.38139 -0.30714 -0.38139 -0.19790 9.63348 273.10581 -0.03367
target: -1.25125 -0.04430
target: -1.25125 -0.04430
fb: -1.28004 -0.00669 -0.21641 -0.32546
fb: -1.40781 -0.01826 -0.15253 -0.26158
dist/lin/ang/drive_left/drive_right/tv_l/tv_r/av_l/av_r/x/y/theta/t_err: -0.21660 -1.17177 -0.34317 -1.38955 -1.42606 -0.27736 -0.36889 -0.27736 -0.36889 -0.13836 8.52657 273.02384 -0.03655
target: -1.17177 -0.04489
target: -1.17177 -0.04489
fb: -1.20237 -0.02271 -0.17461 -0.24586
fb: -1.14831 -0.02487 -0.20164 -0.27289
dist/lin/ang/drive_left/drive_right/tv_l/tv_r/av_l/av_r/x/y/theta/t_err: -0.19365 -1.10684 -0.32612 -1.12344 -1.17319 -0.25444 -0.33400 -0.25444 -0.33400 -0.09224 7.62357 272.82371 -0.03718
target: -1.10684 -0.04266
target: -1.10684 -0.04266
fb: -1.19266 -0.02787 -0.19270 -0.23557
fb: -1.05299 -0.02968 -0.26254 -0.30541
dist/lin/ang/drive_left/drive_right/tv_l/tv_r/av_l/av_r/x/y/theta/t_err: -0.17261 -1.10796 -0.31936 -1.02330 -1.08267 -0.24844 -0.30372 -0.24844 -0.30372 -0.05306 6.79537 272.57653 -0.03716
target: -1.10796 -0.04178
target: -1.10796 -0.04178
fb: -1.02209 -0.02843 -0.53774 -0.59155
fb: -1.03555 -0.03010 -0.53101 -0.58482
dist/lin/ang/drive_left/drive_right/tv_l/tv_r/av_l/av_r/x/y/theta/t_err: -0.15180 -1.03905 -0.23795 -1.00545 -1.06565 -0.35250 -0.43086 -0.35250 -0.43086 -0.01812 5.98072 272.32504 -0.03277
target: -1.03905 -0.03113
target: -1.03905 -0.03113
fb: -1.00665 -0.03191 -0.25363 -0.20521
fb: -1.00466 -0.03205 -0.25462 -0.20620
dist/lin/ang/drive_left/drive_right/tv_l/tv_r/av_l/av_r/x/y/theta/t_err: -0.13174 -0.96794 -0.19313 -0.97261 -1.03671 -0.36756 -0.37336 -0.36756 -0.37336 0.01214 5.19023 272.05179 -0.02800
target: -0.96794 -0.02526
target: -0.96794 -0.02526
fb: -0.95987 -0.03156 -0.18582 -0.17258
fb: -0.99297 -0.03073 -0.16927 -0.15603
dist/lin/ang/drive_left/drive_right/tv_l/tv_r/av_l/av_r/x/y/theta/t_err: -0.11190 -0.89209 -0.15355 -0.96224 -1.02369 -0.24214 -0.21936 -0.24214 -0.21936 0.03825 4.40880 271.78295 -0.02331
target: -0.89209 -0.02009
target: -0.89209 -0.02009
fb: -0.98723 -0.02871 -0.08449 -0.07041
fb: -0.89786 -0.02508 -0.12918 -0.11509
dist/lin/ang/drive_left/drive_right/tv_l/tv_r/av_l/av_r/x/y/theta/t_err: -0.09396 -0.81746 -0.12400 -0.87278 -0.92295 -0.14731 -0.13672 -0.14731 -0.13672 0.05879 3.70212 271.54737 -0.01920
target: -0.81746 -0.01622
target: -0.81746 -0.01622
fb: -0.83586 -0.01561 -0.09374 -0.08623
fb: -0.76613 -0.00920 -0.12861 -0.12110
dist/lin/ang/drive_left/drive_right/tv_l/tv_r/av_l/av_r/x/y/theta/t_err: -0.07864 -0.74788 -0.12636 -0.75693 -0.77533 -0.12886 -0.12356 -0.12886 -0.12356 0.07439 3.09907 271.42798 -0.01712
target: -0.74788 -0.01653
target: -0.74788 -0.01653
fb: -0.71560 -0.00829 -0.09171 -0.12213
fb: -0.66330 -0.00829 -0.11786 -0.14827
dist/lin/ang/drive_left/drive_right/tv_l/tv_r/av_l/av_r/x/y/theta/t_err: -0.06538 -0.68191 -0.12482 -0.65501 -0.67159 -0.13072 -0.14508 -0.13072 -0.14508 0.08710 2.57694 271.35908 -0.01591
target: -0.68191 -0.01633
target: -0.68191 -0.01633
fb: -0.66904 -0.00467 -0.07179 -0.09730
fb: -0.70214 0.00000 0.06281 -0.08075
dist/lin/ang/drive_left/drive_right/tv_l/tv_r/av_l/av_r/x/y/theta/t_err: -0.05134 -0.60427 -0.12941 -0.70214 -0.70214 -0.07050 -0.11978 -0.07050 -0.11978 0.10005 2.02423 271.33616 -0.01551
target: -0.60427 -0.01693
target: -0.60427 -0.01693
fb: -0.65558 0.00202 0.16097 0.13730
fb: -0.66705 -0.00181 0.16670 0.14303
dist/lin/ang/drive_left/drive_right/tv_l/tv_r/av_l/av_r/x/y/theta/t_err: -0.03800 -0.51987 -0.13644 -0.66524 -0.66886 0.11586 0.06433 0.11586 0.06433 0.11237 1.49914 271.34548 -0.01568
target: -0.51987 -0.01785
target: -0.51987 -0.01785
fb: -0.66705 -0.00571 0.27271 0.24500
fb: -0.53532 -0.00920 0.20684 0.17914
dist/lin/ang/drive_left/drive_right/tv_l/tv_r/av_l/av_r/x/y/theta/t_err: -0.02730 -0.44061 -0.11775 -0.52612 -0.54452 0.20739 0.17556 0.20739 0.17556 0.12212 1.07774 271.29292 -0.01476
target: -0.44061 -0.01540
target: -0.44061 -0.01540
fb: -0.44220 -0.00941 -0.04343 -0.04697
fb: -0.38196 -0.00571 -0.07355 -0.07709
dist/lin/ang/drive_left/drive_right/tv_l/tv_r/av_l/av_r/x/y/theta/t_err: -0.01966 -0.37396 -0.10382 -0.37625 -0.38767 0.00361 -0.00786 0.00361 -0.00786 0.12872 0.77705 271.22178 -0.01352
target: -0.37396 -0.01358
target: -0.37396 -0.01358
fb: -0.27737 0.00000 -0.09146 -0.09816
fb: -0.23853 0.00195 -0.11088 -0.11758
dist/lin/ang/drive_left/drive_right/tv_l/tv_r/av_l/av_r/x/y/theta/t_err: -0.01489 -0.32544 -0.11813 -0.24048 -0.23658 -0.08947 -0.09517 -0.08947 -0.09517 0.13272 0.58927 271.22758 -0.01362
target: -0.32544 -0.01545
target: -0.32544 -0.01545
fb: -0.22110 0.00000 -0.09580 -0.13824
fb: -0.23081 -0.00418 -0.09095 -0.13339
dist/lin/ang/drive_left/drive_right/tv_l/tv_r/av_l/av_r/x/y/theta/t_err: -0.01028 -0.27034 -0.11364 -0.22663 -0.23499 -0.10453 -0.13225 -0.10453 -0.13225 0.13662 0.40758 271.21688 -0.01343
target: -0.27034 -0.01487
target: -0.27034 -0.01487
fb: -0.26369 -0.00578 0.05318 -0.04440
fb: -0.25795 -0.00662 0.05031 -0.04727
dist/lin/ang/drive_left/drive_right/tv_l/tv_r/av_l/av_r/x/y/theta/t_err: -0.00512 -0.00128 -0.09863 -0.25133 -0.26457 0.00550 -0.07203 0.00550 -0.07203 0.14084 0.20451 271.16488 -0.01252
target: -0.00128 -0.01290
target: -0.00128 -0.01290
fb: -0.23081 -0.00683 0.69125 0.69653
fb: -0.21139 -0.00537 0.68154 0.68682
dist/lin/ang/drive_left/drive_right/tv_l/tv_r/av_l/av_r/x/y/theta/t_err: -0.00090 -0.00022 -0.09113 -0.20603 -0.21676 0.28269 0.26850 0.28269 0.26850 0.14415 0.03809 271.11385 -0.01163
target: -0.00022 -0.01192
target: -0.00022 -0.01192
fb: -0.16307 -0.00829 0.04463 -0.04546
fb: -0.11055 -0.01616 0.04463 -0.04546
dist/lin/ang/drive_left/drive_right/tv_l/tv_r/av_l/av_r/x/y/theta/t_err: 0.00131 0.00033 -0.07109 -0.09439 -0.12672 0.13914 0.01933 0.13914 0.01933 0.14579 -0.04894 271.02465 -0.01008
target: 0.00033 -0.00930
target: 0.00033 -0.00930
fb: -0.06774 -0.01742 -0.04337 0.05071
fb: -0.02516 -0.01428 -0.04337 0.05071
increased target to 8.00000
increased target to 16.00000
increased target to 24.00000
increased target to 32.00000
decreased target to 24.00000
increased target to 32.00000
decreased target to 24.00000
start is 0.00000 0.00000
dist/lin/ang/drive_left/drive_right/tv_l/tv_r/av_l/av_r/x/y/theta/t_err: 0.86210 0.09144 1.20000 0.00000 0.00000 0.00017 -0.00000 0.00017 -0.00000 0.00000 0.00000 0.00001 0.78540
target: 0.09144 0.15697
target: 0.09144 0.15697
fb: 0.00000 0.00000 -0.63386 1.00000
fb: 0.00000 0.00000 -0.63386 1.00000
dist/lin/ang/drive_left/drive_right/tv_l/tv_r/av_l/av_r/x/y/theta/t_err: 0.86210 0.18288 2.40000 0.00000 0.00000 -0.02719 0.03525 -0.02719 0.03525 0.00000 0.00000 0.00001 0.78540
target: 0.18288 0.31394
target: 0.18288 0.31394
fb: 0.00000 0.00000 -0.77073 1.00000
fb: 0.00000 0.00118 -0.77013 1.00000
dist/lin/ang/drive_left/drive_right/tv_l/tv_r/av_l/av_r/x/y/theta/t_err: 0.86210 0.27432 3.60000 -0.00118 0.00118 -0.46372 0.45961 -0.46372 0.45961 0.00000 0.00000 0.00015 0.78540
target: 0.27432 0.47092
target: 0.27432 0.47092
fb: 0.00000 0.02264 -0.86351 1.00000
fb: 0.00000 0.06654 -0.84156 1.00000
dist/lin/ang/drive_left/drive_right/tv_l/tv_r/av_l/av_r/x/y/theta/t_err: 0.86210 0.36576 4.80000 -0.06654 0.06654 -0.63361 0.66628 -0.63361 0.66628 0.00000 0.00000 0.06774 0.78422
target: 0.36576 0.62789
target: 0.36576 0.62789
fb: 0.00000 0.10800 -0.92494 1.00000
fb: 0.00000 0.14158 -0.90814 1.00000
dist/lin/ang/drive_left/drive_right/tv_l/tv_r/av_l/av_r/x/y/theta/t_err: 0.86210 0.44053 5.44478 -0.14158 0.14158 -0.40056 0.74244 -0.40056 0.74244 0.00000 0.00000 0.73922 0.77250
target: 0.44053 0.71223
target: 0.44053 0.71223
fb: 0.00397 0.17273 -0.63471 1.00000
fb: 0.02339 0.20833 -0.62662 1.00000
dist/lin/ang/drive_left/drive_right/tv_l/tv_r/av_l/av_r/x/y/theta/t_err: 0.86205 0.46267 5.17235 -0.18494 0.23172 -0.37197 0.84611 -0.37197 0.84611 0.00313 0.00009 2.04072 0.74984
target: 0.46267 0.67660
target: 0.46267 0.67660
fb: 0.04060 0.24289 -0.12232 0.98024
fb: 0.04060 0.27090 -0.10832 0.96624
dist/lin/ang/drive_left/drive_right/tv_l/tv_r/av_l/av_r/x/y/theta/t_err: 0.86144 0.49562 4.84194 -0.23030 0.31150 -0.45139 0.81172 -0.45139 0.81172 0.03505 0.00175 3.93211 0.71746
target: 0.49562 0.63337
target: 0.49562 0.63337
fb: 0.03884 0.30170 0.12099 0.91730
fb: 0.04854 0.32915 0.12986 0.89872
dist/lin/ang/drive_left/drive_right/tv_l/tv_r/av_l/av_r/x/y/theta/t_err: 0.86085 0.54070 4.44382 -0.28060 0.37769 -0.09650 0.61664 -0.09650 0.61664 0.06551 0.00448 6.37012 0.67549
target: 0.54070 0.58130
target: 0.54070 0.58130
fb: 0.08142 0.34657 0.41868 0.96897
fb: 0.10658 0.35974 0.41269 0.94980
dist/lin/ang/drive_left/drive_right/tv_l/tv_r/av_l/av_r/x/y/theta/t_err: 0.85955 0.59749 4.01193 -0.25316 0.46631 0.17058 0.50392 0.17058 0.50392 0.12899 0.01340 9.27239 0.62598
target: 0.59749 0.52480
target: 0.59749 0.52480
fb: 0.12621 0.37061 0.59287 0.94721
fb: 0.15335 0.36677 0.57738 0.93555
dist/lin/ang/drive_left/drive_right/tv_l/tv_r/av_l/av_r/x/y/theta/t_err: 0.85746 0.66356 3.58646 -0.21342 0.52013 0.38072 0.61650 0.38072 0.61650 0.22655 0.03228 12.43379 0.57246
target: 0.66356 0.46914
target: 0.66356 0.46914
fb: 0.19197 0.34991 0.70828 0.96068
fb: 0.24228 0.33033 0.67333 0.94532
dist/lin/ang/drive_left/drive_right/tv_l/tv_r/av_l/av_r/x/y/theta/t_err: 0.85418 0.73388 3.21271 -0.08806 0.57261 0.42997 0.35931 0.42997 0.35931 0.37311 0.06923 15.59468 0.51961
target: 0.73388 0.42025
target: 0.73388 0.42025
fb: 0.26368 0.31159 0.76109 0.99837
fb: 0.27361 0.29013 0.74540 1.00000
dist/lin/ang/drive_left/drive_right/tv_l/tv_r/av_l/av_r/x/y/theta/t_err: 0.84954 0.80042 2.93892 -0.01652 0.56374 0.47483 0.53214 0.47483 0.53214 0.57160 0.13005 18.43591 0.47297
target: 0.80042 0.38444
target: 0.80042 0.38444
fb: 0.29877 0.27703 0.75482 1.00000
fb: 0.32370 0.26693 0.73731 1.00000
dist/lin/ang/drive_left/drive_right/tv_l/tv_r/av_l/av_r/x/y/theta/t_err: 0.84416 0.86221 2.70435 0.05677 0.59063 0.52119 0.59597 0.52119 0.59597 0.79301 0.20950 20.94752 0.43221
target: 0.86221 0.35376
target: 0.86221 0.35376
fb: 0.34511 0.25390 0.77015 1.00000
fb: 0.43072 0.24150 0.72114 1.00000
dist/lin/ang/drive_left/drive_right/tv_l/tv_r/av_l/av_r/x/y/theta/t_err: 0.83784 0.92127 2.47674 0.18922 0.67222 0.51058 0.75819 0.51058 0.75819 1.04471 0.31188 23.25218 0.39528
target: 0.92127 0.32398
target: 0.92127 0.32398
fb: 0.51391 0.23376 0.74937 1.00000
fb: 0.54480 0.23125 0.73267 0.99719
dist/lin/ang/drive_left/drive_right/tv_l/tv_r/av_l/av_r/x/y/theta/t_err: 0.82829 0.97507 2.29431 0.31355 0.77605 0.46114 0.84939 0.46114 0.84939 1.41344 0.47853 25.35151 0.36320
target: 0.97507 0.30012
target: 0.97507 0.30012
fb: 0.57591 0.23139 0.74643 1.00000
fb: 0.59732 0.22693 0.73349 0.99973
dist/lin/ang/drive_left/drive_right/tv_l/tv_r/av_l/av_r/x/y/theta/t_err: 0.81747 1.02858 2.08931 0.37038 0.82425 0.49961 0.47908 0.49961 0.47908 1.81970 0.67996 27.37622 0.33264
target: 1.02858 0.27330
target: 1.02858 0.27330
fb: 0.65182 0.21878 0.79443 0.97954
fb: 0.66329 0.20826 0.78343 0.97906
dist/lin/ang/drive_left/drive_right/tv_l/tv_r/av_l/av_r/x/y/theta/t_err: 0.80508 1.08196 1.89146 0.45503 0.87156 0.55508 0.47106 0.55508 0.47106 2.27116 0.92405 29.34080 0.30336
target: 1.08196 0.24742
target: 1.08196 0.24742
fb: 0.64763 0.19516 0.88501 0.98939
fb: 0.66131 0.17788 0.87817 0.98255
dist/lin/ang/drive_left/drive_right/tv_l/tv_r/av_l/av_r/x/y/theta/t_err: 0.79267 1.13233 1.72677 0.48343 0.83919 0.57528 0.57406 0.57528 0.57406 2.71162 1.18101 31.12992 0.27677
target: 1.13233 0.22588
target: 1.13233 0.22588
fb: 0.73302 0.16646 0.87106 0.98564
fb: 0.78929 0.15370 0.84292 0.95751
dist/lin/ang/drive_left/drive_right/tv_l/tv_r/av_l/av_r/x/y/theta/t_err: 0.77852 1.17548 1.61349 0.63559 0.94300 0.65344 0.53283 0.65344 0.53283 3.20133 1.48647 32.67302 0.25472
target: 1.17548 0.21106
target: 1.17548 0.21106
fb: 0.79900 0.13413 0.82817 0.98347
fb: 0.85152 0.11636 0.80191 0.95721
dist/lin/ang/drive_left/drive_right/tv_l/tv_r/av_l/av_r/x/y/theta/t_err: 0.76302 1.21067 1.53280 0.73516 0.96788 0.39389 0.53778 0.39389 0.53778 3.72686 1.83233 33.96491 0.23721
target: 1.21067 0.20050
target: 1.21067 0.20050
fb: 0.85924 0.10688 0.78619 0.96572
fb: 0.83012 0.10577 0.80075 0.98028
dist/lin/ang/drive_left/drive_right/tv_l/tv_r/av_l/av_r/x/y/theta/t_err: 0.74629 1.23590 1.49631 0.72435 0.93589 0.55608 0.54447 0.55608 0.54447 4.28460 2.21531 34.96835 0.22491
target: 1.23590 0.19573
target: 1.23590 0.19573
fb: 0.85925 0.10347 0.74647 0.97167
fb: 0.88418 0.08605 0.73400 0.95921
dist/lin/ang/drive_left/drive_right/tv_l/tv_r/av_l/av_r/x/y/theta/t_err: 0.72952 1.25889 1.42951 0.79813 0.97023 0.58297 0.56908 0.58297 0.56908 4.83580 2.60763 35.89075 0.21387
target: 1.25889 0.18699
target: 1.25889 0.18699
fb: 0.91132 0.07462 0.75611 0.93394
fb: 0.95810 0.06626 0.73272 0.91055
dist/lin/ang/drive_left/drive_right/tv_l/tv_r/av_l/av_r/x/y/theta/t_err: 0.71169 1.27483 1.40988 0.89184 1.02436 0.63053 0.62592 0.63053 0.62592 5.41425 3.03226 36.62543 0.20631
target: 1.27483 0.18443
target: 1.27483 0.18443
fb: 0.95236 0.05630 0.69588 0.92580
fb: 0.98127 0.05219 0.68143 0.91135
dist/lin/ang/drive_left/drive_right/tv_l/tv_r/av_l/av_r/x/y/theta/t_err: 0.69304 1.28376 1.41318 0.92908 1.03346 0.64047 0.66611 0.64047 0.66611 6.01383 3.48264 37.18104 0.20211
target: 1.28376 0.18486
target: 1.28376 0.18486
fb: 1.04526 0.04773 0.61575 0.87326
fb: 1.03577 0.04508 0.62049 0.87800
dist/lin/ang/drive_left/drive_right/tv_l/tv_r/av_l/av_r/x/y/theta/t_err: 0.67255 1.28764 1.42395 0.99069 1.08085 0.64200 0.63892 0.64200 0.63892 6.66753 3.98271 37.63553 0.20029
target: 1.28764 0.18627
target: 1.28764 0.18627
fb: 1.05497 0.03902 0.58887 0.85706
fb: 1.09381 0.03881 0.56945 0.83764
dist/lin/ang/drive_left/drive_right/tv_l/tv_r/av_l/av_r/x/y/theta/t_err: 0.65187 1.28829 1.43689 1.05500 1.13262 0.60400 0.69592 0.60400 0.69592 7.32358 4.49225 38.01556 0.19999
target: 1.28829 0.18796
target: 1.28829 0.18796
fb: 1.07638 0.04494 0.56343 0.83645
fb: 1.09579 0.04410 0.55372 0.82674
dist/lin/ang/drive_left/drive_right/tv_l/tv_r/av_l/av_r/x/y/theta/t_err: 0.63078 1.28747 1.44651 1.05169 1.13990 0.55611 0.73164 0.55611 0.73164 7.98970 5.01627 38.37623 0.20037
target: 1.28747 0.18922
target: 1.28747 0.18922
fb: 1.11521 0.04174 0.53851 0.80931
fb: 1.14213 0.05010 0.52505 0.79585
dist/lin/ang/drive_left/drive_right/tv_l/tv_r/av_l/av_r/x/y/theta/t_err: 0.60892 1.28609 1.45377 1.09204 1.19223 0.55011 0.65997 0.55011 0.65997 8.67630 5.56371 38.75019 0.20102
target: 1.28609 0.19017
target: 1.28609 0.19017
fb: 1.17523 0.05748 0.50576 0.77505
fb: 1.16177 0.06271 0.51249 0.78178
dist/lin/ang/drive_left/drive_right/tv_l/tv_r/av_l/av_r/x/y/theta/t_err: 0.58589 1.28625 1.44610 1.09906 1.22448 0.51983 0.68581 0.51983 0.68581 9.39576 6.14568 39.20461 0.20095
target: 1.28625 0.18916
target: 1.28625 0.18916
fb: 1.19266 0.06752 0.51276 0.76313
fb: 1.18693 0.07204 0.51563 0.76600
dist/lin/ang/drive_left/drive_right/tv_l/tv_r/av_l/av_r/x/y/theta/t_err: 0.56251 1.28963 1.41958 1.11488 1.25897 0.50561 0.68597 0.50561 0.68597 10.12053 6.74286 39.76852 0.19936
target: 1.28963 0.18570
target: 1.28963 0.18570
fb: 1.15008 0.07790 0.56349 0.78702
fb: 1.27232 0.08215 0.50237 0.72589
dist/lin/ang/drive_left/drive_right/tv_l/tv_r/av_l/av_r/x/y/theta/t_err: 0.53996 1.29630 1.38194 1.19017 1.35447 0.50667 0.72997 0.50667 0.72997 10.81332 7.32604 40.41662 0.19625
target: 1.29630 0.18077
target: 1.29630 0.18077
fb: 1.27033 0.09114 0.53241 0.73625
fb: 1.22753 0.09699 0.55381 0.75765
dist/lin/ang/drive_left/drive_right/tv_l/tv_r/av_l/av_r/x/y/theta/t_err: 0.51503 1.30405 1.35112 1.13054 1.32451 0.51178 0.69264 0.51178 0.69264 11.57093 7.97913 41.15724 0.19265
target: 1.30405 0.17674
target: 1.30405 0.17674
fb: 1.30321 0.10284 0.52606 0.73254
fb: 1.24319 0.10779 0.55607 0.76255
dist/lin/ang/drive_left/drive_right/tv_l/tv_r/av_l/av_r/x/y/theta/t_err: 0.48944 1.31523 1.29837 1.13540 1.35098 0.52975 0.71181 0.52975 0.71181 12.33850 8.66017 42.01485 0.18750
target: 1.31523 0.16984
target: 1.31523 0.16984
fb: 1.25091 0.11469 0.59362 0.76505
fb: 1.27033 0.11706 0.58391 0.75534
dist/lin/ang/drive_left/drive_right/tv_l/tv_r/av_l/av_r/x/y/theta/t_err: 0.46484 1.33099 1.22586 1.15328 1.38739 0.54381 0.72139 0.54381 0.72139 13.06466 9.32564 42.97724 0.18028
target: 1.33099 0.16035
target: 1.33099 0.16035
fb: 1.26062 0.11887 0.63945 0.77491
fb: 1.30895 0.12040 0.61529 0.75075
dist/lin/ang/drive_left/drive_right/tv_l/tv_r/av_l/av_r/x/y/theta/t_err: 0.44002 1.34221 1.15741 1.18855 1.42935 0.58433 0.72261 0.58433 0.72261 13.78468 10.00889 44.00483 0.17210
target: 1.34221 0.15140
target: 1.34221 0.15140
fb: 1.29372 0.12186 0.61857 0.74683
fb: 1.32859 0.12172 0.60114 0.72939
dist/lin/ang/drive_left/drive_right/tv_l/tv_r/av_l/av_r/x/y/theta/t_err: 0.41451 1.32049 1.09734 1.20686 1.45031 0.60094 0.72500 0.60094 0.72500 14.51091 10.72322 45.05762 0.16386
target: 1.32049 0.14354
target: 1.32049 0.14354
fb: 1.37294 0.12416 0.42773 0.55531
fb: 1.34403 0.12667 0.44218 0.56976
dist/lin/ang/drive_left/drive_right/tv_l/tv_r/av_l/av_r/x/y/theta/t_err: 0.38740 1.29296 1.04595 1.21736 1.47070 0.56175 0.68083 0.56175 0.68083 15.26741 11.49546 46.12871 0.15608
target: 1.29296 0.13682
target: 1.29296 0.13682
fb: 1.35374 0.12549 0.38844 0.51720
fb: 1.31667 0.12367 0.40698 0.53573
dist/lin/ang/drive_left/drive_right/tv_l/tv_r/av_l/av_r/x/y/theta/t_err: 0.36064 1.26474 0.97940 1.19299 1.44034 0.44658 0.56108 0.44658 0.56108 15.99858 12.27108 47.23663 0.14769
target: 1.26474 0.12812
target: 1.26474 0.12812
fb: 1.33035 0.12012 0.38637 0.48560
fb: 1.36742 0.11908 0.36783 0.46706
dist/lin/ang/drive_left/drive_right/tv_l/tv_r/av_l/av_r/x/y/theta/t_err: 0.33430 1.23316 0.93014 1.24835 1.48650 0.40672 0.53167 0.40672 0.53167 16.70231 13.04700 48.30749 0.13994
target: 1.23316 0.12167
target: 1.23316 0.12167
fb: 1.29946 0.12005 0.35379 0.46472
fb: 1.31292 0.12054 0.34706 0.45799
dist/lin/ang/drive_left/drive_right/tv_l/tv_r/av_l/av_r/x/y/theta/t_err: 0.30855 1.19873 0.88330 1.19238 1.43346 0.37522 0.48117 0.37522 0.48117 17.37593 13.81716 49.35140 0.13272
target: 1.19873 0.11555
target: 1.19873 0.11555
fb: 1.32859 0.12054 0.29913 0.40467
fb: 1.18891 0.12075 0.36897 0.47451
dist/lin/ang/drive_left/drive_right/tv_l/tv_r/av_l/av_r/x/y/theta/t_err: 0.28220 1.15891 0.84066 1.06816 1.30966 0.37522 0.48525 0.37522 0.48525 18.05014 14.61703 50.39937 0.12604
target: 1.15891 0.10997
target: 1.15891 0.10997
fb: 1.21980 0.12158 0.29694 0.39991
fb: 1.26636 0.12172 0.27366 0.37663
dist/lin/ang/drive_left/drive_right/tv_l/tv_r/av_l/av_r/x/y/theta/t_err: 0.25799 1.12149 0.77964 1.14464 1.38808 0.35539 0.46900 0.35539 0.46900 18.65513 15.36301 51.45376 0.11861
target: 1.12149 0.10199
target: 1.12149 0.10199
fb: 1.19067 0.12340 0.30323 0.37384
fb: 1.21781 0.12618 0.28965 0.36027
dist/lin/ang/drive_left/drive_right/tv_l/tv_r/av_l/av_r/x/y/theta/t_err: 0.23433 1.08170 0.72669 1.09163 1.34400 0.31519 0.43769 0.31519 0.43769 19.23248 16.10167 52.51270 0.11121
target: 1.08170 0.09506
target: 1.08170 0.09506
fb: 1.14434 0.13029 0.28053 0.35133
fb: 1.10175 0.13677 0.30182 0.37262
dist/lin/ang/drive_left/drive_right/tv_l/tv_r/av_l/av_r/x/y/theta/t_err: 0.21158 1.04168 0.65809 0.96497 1.23852 0.31328 0.40622 0.31328 0.40622 19.77417 16.82170 53.61825 0.10292
target: 1.04168 0.08608
target: 1.04168 0.08608
fb: 1.12668 0.13956 0.26720 0.30751
fb: 1.03930 0.13768 0.31089 0.35120
dist/lin/ang/drive_left/drive_right/tv_l/tv_r/av_l/av_r/x/y/theta/t_err: 0.18915 1.00054 0.57292 0.90162 1.17698 0.29739 0.38158 0.29739 0.38158 20.29300 17.54131 54.80934 0.09314
target: 1.00054 0.07494
target: 1.00054 0.07494
fb: 1.04724 0.13517 0.28217 0.28803
fb: 1.07836 0.13315 0.26662 0.27247
dist/lin/ang/drive_left/drive_right/tv_l/tv_r/av_l/av_r/x/y/theta/t_err: 0.16829 1.09401 0.48817 0.94521 1.21151 0.29294 0.36225 0.29294 0.36225 20.76081 18.22035 56.00272 0.08254
target: 1.09401 0.06386
target: 1.09401 0.06386
fb: 0.96781 0.12890 0.95268 0.94424
fb: 0.95413 0.12340 0.95952 0.95108
dist/lin/ang/drive_left/drive_right/tv_l/tv_r/av_l/av_r/x/y/theta/t_err: 0.14860 1.02804 0.24958 0.83073 1.07752 0.32717 0.33572 0.32717 0.33572 21.18067 18.85630 57.15089 0.06250
target: 1.02804 0.03265
target: 1.02804 0.03265
fb: 0.94067 0.12019 0.37986 0.14843
fb: 0.89212 0.11615 0.40414 0.17270
dist/lin/ang/drive_left/drive_right/tv_l/tv_r/av_l/av_r/x/y/theta/t_err: 0.12996 0.96141 0.12943 0.77597 1.00827 0.63722 0.63225 0.63722 0.63225 21.57673 19.48219 58.21865 0.04386
target: 0.96141 0.01693
target: 0.96141 0.01693
fb: 0.92500 0.11476 0.26516 0.15206
fb: 0.92721 0.10772 0.26406 0.15096
dist/lin/ang/drive_left/drive_right/tv_l/tv_r/av_l/av_r/x/y/theta/t_err: 0.11159 0.89085 0.01159 0.81949 1.03493 0.41033 0.31158 0.41033 0.31158 21.95473 20.10476 59.23202 0.02617
target: 0.89085 0.00152
target: 0.89085 0.00152
fb: 0.91926 0.09364 0.19703 0.06592
fb: 0.98899 0.08626 0.16216 -0.09678
dist/lin/ang/drive_left/drive_right/tv_l/tv_r/av_l/av_r/x/y/theta/t_err: 0.09328 0.81452 -0.08426 0.90273 1.07525 0.25683 0.15997 0.25683 0.15997 22.31985 20.72975 60.14044 0.01032
target: 0.81452 -0.01102
target: 0.81452 -0.01102
fb: 0.95038 0.07783 0.08427 -0.16562
fb: 0.87072 0.06048 0.12410 -0.12579
dist/lin/ang/drive_left/drive_right/tv_l/tv_r/av_l/av_r/x/y/theta/t_err: 0.07433 0.72705 -0.14482 0.81024 0.93120 0.17300 -0.04156 0.17300 -0.04156 22.68838 21.38104 60.87036 -0.00242
target: 0.72705 -0.01894
target: 0.72705 -0.01894
fb: 0.81644 0.03825 -0.10647 -0.20748
fb: 0.76812 0.02083 -0.08231 -0.18332
dist/lin/ang/drive_left/drive_right/tv_l/tv_r/av_l/av_r/x/y/theta/t_err: 0.05802 0.64237 -0.15765 0.74728 0.78895 0.09289 -0.12558 0.09289 -0.12558 22.99887 21.94395 61.33745 -0.01057
target: 0.64237 -0.02062
target: 0.64237 -0.02062
fb: 0.72729 0.00564 -0.15484 -0.20196
fb: 0.62248 -0.00669 -0.10244 -0.14955
dist/lin/ang/drive_left/drive_right/tv_l/tv_r/av_l/av_r/x/y/theta/t_err: 0.04348 0.55609 -0.11731 0.62917 0.61579 -0.07119 -0.17194 -0.07119 -0.17194 23.27282 22.44685 61.47463 -0.01297
target: 0.55609 -0.01534
target: 0.55609 -0.01534
fb: 0.56246 -0.01380 -0.19228 -0.16979
fb: 0.52936 -0.02076 -0.17573 -0.15325
dist/lin/ang/drive_left/drive_right/tv_l/tv_r/av_l/av_r/x/y/theta/t_err: 0.03223 0.47876 -0.06982 0.55013 0.50860 -0.11789 -0.14803 -0.11789 -0.14803 23.48452 22.83586 61.39621 -0.01160
target: 0.47876 -0.00913
target: 0.47876 -0.00913
fb: 0.45368 -0.02857 0.05221 0.10076
fb: 0.37049 -0.03609 0.09380 0.14236
dist/lin/ang/drive_left/drive_right/tv_l/tv_r/av_l/av_r/x/y/theta/t_err: 0.02315 0.40572 -0.02061 0.40658 0.33439 -0.13483 -0.08144 -0.13483 -0.08144 23.65603 23.14921 61.18667 -0.00794
target: 0.40572 -0.00270
target: 0.40572 -0.00270
fb: 0.32018 -0.04104 0.05867 0.11789
fb: 0.28708 -0.03853 0.07522 0.13444
dist/lin/ang/drive_left/drive_right/tv_l/tv_r/av_l/av_r/x/y/theta/t_err: 0.01673 0.34489 0.04295 0.32561 0.24855 0.06914 0.11944 0.06914 0.11944 23.77814 23.36978 60.85312 -0.00212
target: 0.34489 0.00562
target: 0.34489 0.00562
fb: 0.25596 -0.02822 0.04826 0.13551
fb: 0.23280 -0.01895 0.05985 0.14710
dist/lin/ang/drive_left/drive_right/tv_l/tv_r/av_l/av_r/x/y/theta/t_err: 0.01159 0.28710 0.08124 0.25175 0.21384 0.07942 0.13775 0.07942 0.13775 23.87681 23.54552 60.53166 0.00349
target: 0.28710 0.01063
target: 0.28710 0.01063
fb: 0.23456 -0.01380 -0.05177 0.09048
fb: 0.24626 -0.00746 -0.05762 0.08464
dist/lin/ang/drive_left/drive_right/tv_l/tv_r/av_l/av_r/x/y/theta/t_err: 0.00689 0.00172 0.07374 0.25371 0.23880 0.05339 0.13978 0.05339 0.13978 23.96792 23.70617 60.36975 0.00632
target: 0.00172 0.00965
target: 0.00172 0.00965
fb: 0.24052 0.00056 -0.73058 -0.73138
fb: 0.24427 0.01338 -0.73246 -0.73326
dist/lin/ang/drive_left/drive_right/tv_l/tv_r/av_l/av_r/x/y/theta/t_err: 0.00208 0.00052 0.06041 0.23089 0.25765 -0.06792 0.07100 -0.06792 0.07100 24.06165 23.87074 60.32001 0.00718
target: 0.00052 0.00790
target: 0.00052 0.00790
fb: 0.24052 0.03296 -0.15869 -0.16868
fb: 0.16483 0.04940 0.03936 -0.04868
dist/lin/ang/drive_left/drive_right/tv_l/tv_r/av_l/av_r/x/y/theta/t_err: -0.00273 -0.00068 0.00489 0.11543 0.21423 -0.36772 -0.31467 -0.36772 -0.31467 24.15526 24.03537 60.47603 0.00446
target: -0.00068 0.00064
target: -0.00068 0.00064
fb: 0.06201 0.03358 0.06862 -0.07882
fb: 0.00971 0.01087 0.06862 -0.07882
dist/lin/ang/drive_left/drive_right/tv_l/tv_r/av_l/av_r/x/y/theta/t_err: -0.00395 -0.00099 -0.07743 -0.00116 0.02058 0.00358 -0.10164 0.00358 -0.10164 24.17922 24.07791 60.84097 -0.00191
target: -0.00099 -0.01013
target: -0.00099 -0.01013
fb: 0.00199 0.00139 0.09329 -0.10014
fb: 0.00199 -0.00056 0.09329 -0.10014
final error: 0.19667, x: -0.17998, y: -0.07928
final local error: 0.19667, forwards: -0.15676, sideways: 0.11877
position: 24.17998 24.07928 60.92123
took 1.24000 time to finish turn
dist/lin/ang/drive_left/drive_right/tv_l/tv_r/av_l/av_r/x/y/theta/t_err: -0.86661 -0.09144 -1.20000 0.00000 0.00000 -0.00000 -0.00017 -0.00000 -0.00017 24.17700 24.07398 240.50706 -0.27278
target: -0.09144 -0.15697
target: -0.09144 -0.15697
fb: 0.00000 0.00000 0.63386 -1.00000
fb: 0.00000 0.00000 0.63386 -1.00000
dist/lin/ang/drive_left/drive_right/tv_l/tv_r/av_l/av_r/x/y/theta/t_err: -0.86661 -0.18288 -2.34601 0.00000 0.00000 0.27683 -0.36633 0.27683 -0.36633 24.17700 24.07398 240.50726 -0.27279
target: -0.18288 -0.30688
target: -0.18288 -0.30688
fb: 0.00000 -0.00063 0.73037 -1.00000
fb: 0.00000 -0.02083 0.72027 -1.00000
dist/lin/ang/drive_left/drive_right/tv_l/tv_r/av_l/av_r/x/y/theta/t_err: -0.86661 -0.27432 -2.32491 0.02083 -0.02083 0.46917 -0.68050 0.46917 -0.68050 24.17700 24.07398 240.44238 -0.27166
target: -0.27432 -0.30412
target: -0.27432 -0.30412
fb: 0.00000 -0.05999 -0.14715 -0.77886
fb: 0.00000 -0.10173 -0.16802 -0.75800
dist/lin/ang/drive_left/drive_right/tv_l/tv_r/av_l/av_r/x/y/theta/t_err: -0.86661 -0.36576 -2.13804 0.10173 -0.10173 -0.02036 -0.53658 -0.02036 -0.53658 24.17700 24.07398 239.83185 -0.26100
target: -0.36576 -0.27968
target: -0.36576 -0.27968
fb: 0.00000 -0.13914 -0.39246 -0.69266
fb: 0.00000 -0.16081 -0.40330 -0.68182
dist/lin/ang/drive_left/drive_right/tv_l/tv_r/av_l/av_r/x/y/theta/t_err: -0.86661 -0.45720 -1.83756 0.16081 -0.16081 -0.30303 -0.54583 -0.30303 -0.54583 24.17700 24.07398 238.57801 -0.23912
target: -0.45720 -0.24037
target: -0.45720 -0.24037
fb: 0.00000 -0.17523 -0.63549 -0.60873
fb: -0.04656 -0.18757 -0.61221 -0.58545
dist/lin/ang/drive_left/drive_right/tv_l/tv_r/av_l/av_r/x/y/theta/t_err: -0.86571 -0.54864 -1.55205 0.14101 -0.23413 -0.45600 -0.51811 -0.45600 -0.51811 24.15726 24.04309 237.01103 -0.21200
target: -0.54864 -0.20302
target: -0.54864 -0.20302
fb: -0.12997 -0.19307 -0.89161 -0.83287
fb: -0.18425 -0.18938 -0.86447 -0.80573
dist/lin/ang/drive_left/drive_right/tv_l/tv_r/av_l/av_r/x/y/theta/t_err: -0.86209 -0.64008 -1.29594 0.00513 -0.37363 -0.50272 -0.53917 -0.50272 -0.53917 24.07641 23.92263 235.33897 -0.18365
target: -0.64008 -0.16952
target: -0.64008 -0.16952
fb: -0.22110 -0.17837 -0.93448 -0.86553
fb: -0.25596 -0.16478 -0.91705 -0.84810
dist/lin/ang/drive_left/drive_right/tv_l/tv_r/av_l/av_r/x/y/theta/t_err: -0.85705 -0.73152 -1.10170 -0.09118 -0.42075 -0.50050 -0.56225 -0.50050 -0.56225 23.95948 23.75848 233.80963 -0.15797
target: -0.73152 -0.14411
target: -0.73152 -0.14411
fb: -0.29678 -0.15649 -0.96054 -0.93045
fb: -0.35107 -0.15663 -0.93340 -0.90331
dist/lin/ang/drive_left/drive_right/tv_l/tv_r/av_l/av_r/x/y/theta/t_err: -0.85010 -0.82296 -0.93291 -0.19444 -0.50770 -0.48289 -0.45550 -0.48289 -0.45550 23.79347 23.53745 232.42995 -0.13509
target: -0.82296 -0.12203
target: -0.82296 -0.12203
fb: -0.36056 -0.15921 -1.00000 -0.98212
fb: -0.40535 -0.15552 -0.98937 -0.95972
increased kp to 7.30000
dist/lin/ang/drive_left/drive_right/tv_l/tv_r/av_l/av_r/x/y/theta/t_err: -0.84205 -0.91440 -0.73489 -0.24983 -0.56087 -0.50664 -0.43428 -0.50664 -0.43428 23.59558 23.28704 231.04792 -0.11214
target: -0.91440 -0.09613
target: -0.91440 -0.09613
fb: -0.45014 -0.14750 -1.00000 -0.98614
fb: -0.44021 -0.13378 -1.00000 -0.99111
dist/lin/ang/drive_left/drive_right/tv_l/tv_r/av_l/av_r/x/y/theta/t_err: -0.83330 -1.00584 -0.57720 -0.30644 -0.57399 -0.57714 -0.50442 -0.57714 -0.50442 23.37464 23.01996 229.79431 -0.09132
target: -1.00584 -0.07550
target: -1.00584 -0.07550
fb: -0.48677 -0.12528 -1.00000 -1.00000
fb: -0.51789 -0.12054 -1.00000 -1.00000
dist/lin/ang/drive_left/drive_right/tv_l/tv_r/av_l/av_r/x/y/theta/t_err: -0.82297 -1.09728 -0.44935 -0.39735 -0.63842 -0.77000 -0.51917 -0.77000 -0.51917 23.10843 22.71106 228.70038 -0.07326
target: -1.09728 -0.05878
target: -1.09728 -0.05878
fb: -0.56224 -0.11078 -1.00000 -1.00000
fb: -0.63417 -0.10187 -1.00000 -1.00000
dist/lin/ang/drive_left/drive_right/tv_l/tv_r/av_l/av_r/x/y/theta/t_err: -0.81032 -1.18872 -0.33873 -0.53231 -0.73604 -0.83311 -0.75014 -0.83311 -0.75014 22.77563 22.33879 227.74524 -0.05760
target: -1.18872 -0.04431
target: -1.18872 -0.04431
fb: -0.65183 -0.09769 -1.00000 -1.00000
fb: -0.70390 -0.09587 -1.00000 -1.00000
dist/lin/ang/drive_left/drive_right/tv_l/tv_r/av_l/av_r/x/y/theta/t_err: -0.79626 -1.28016 -0.23470 -0.60803 -0.79978 -0.84561 -0.82969 -0.84561 -0.82969 22.39976 21.93146 226.89195 -0.04358
target: -1.28016 -0.03070
target: -1.28016 -0.03070
fb: -0.72707 -0.09608 -1.00000 -1.00000
fb: -0.72155 -0.09706 -1.00000 -1.00000
dist/lin/ang/drive_left/drive_right/tv_l/tv_r/av_l/av_r/x/y/theta/t_err: -0.78183 -1.37160 -0.11262 -0.62450 -0.81861 -0.86700 -0.85778 -0.86700 -0.85778 22.00839 21.51961 226.04612 -0.02949
target: -1.37160 -0.01473
target: -1.37160 -0.01473
fb: -0.80871 -0.09880 -1.00000 -1.00000
fb: -0.85902 -0.09922 -1.00000 -1.00000
dist/lin/ang/drive_left/drive_right/tv_l/tv_r/av_l/av_r/x/y/theta/t_err: -0.76466 -1.46304 0.01701 -0.75981 -0.95824 -0.87572 -0.86908 -0.87572 -0.86908 21.53530 21.03619 225.18423 -0.01494
target: -1.46304 0.00222
target: -1.46304 0.00222
fb: -0.88639 -0.09406 -1.00000 -1.00000
fb: -0.94265 -0.09566 -1.00000 -1.00000
dist/lin/ang/drive_left/drive_right/tv_l/tv_r/av_l/av_r/x/y/theta/t_err: -0.74581 -1.55448 0.13923 -0.84699 -1.03832 -0.86994 -0.86169 -0.86994 -0.86169 21.00827 20.51354 224.34865 -0.00055
target: -1.55448 0.01821
target: -1.55448 0.01821
fb: -0.90183 -0.09859 -1.00000 -1.00000
fb: -0.97553 -0.09992 -1.00000 -1.00000
dist/lin/ang/drive_left/drive_right/tv_l/tv_r/av_l/av_r/x/y/theta/t_err: -0.72630 -1.64592 0.27725 -0.87562 -1.07545 -0.86597 -0.86033 -0.86597 -0.86033 20.45474 19.98097 223.49150 0.01461
target: -1.64592 0.03627
target: -1.64592 0.03627
fb: -1.03180 -0.09476 -1.00000 -1.00000
fb: -1.05298 -0.08493 -1.00000 -1.00000
dist/lin/ang/drive_left/drive_right/tv_l/tv_r/av_l/av_r/x/y/theta/t_err: -0.70524 -1.69815 0.39733 -0.96805 -1.13792 -0.86528 -0.86617 -0.86528 -0.86617 19.84900 19.41483 222.69241 0.02922
target: -1.69815 0.05197
target: -1.69815 0.05197
fb: -1.10352 -0.07525 -1.00000 -1.00000
fb: -1.10749 -0.07198 -1.00000 -1.00000
increased kp to 7.40000
dist/lin/ang/drive_left/drive_right/tv_l/tv_r/av_l/av_r/x/y/theta/t_err: -0.68311 -1.66465 0.48562 -1.03551 -1.17946 -0.87025 -0.86856 -0.87025 -0.86856 19.20454 18.82737 222.03586 0.04182
target: -1.66465 0.06352
target: -1.66465 0.06352
fb: -1.16354 -0.07072 -0.95418 -0.77134
fb: -1.18097 -0.07114 -0.94547 -0.76262
dist/lin/ang/drive_left/drive_right/tv_l/tv_r/av_l/av_r/x/y/theta/t_err: -0.65951 -1.63175 0.59366 -1.10983 -1.25211 -0.70086 -0.64936 -0.70086 -0.64936 18.51048 18.20852 221.41198 0.05440
target: -1.63175 0.07766
target: -1.63175 0.07766
fb: -1.16949 -0.06898 -0.94470 -0.71964
fb: -1.19663 -0.05902 -0.93113 -0.70607
dist/lin/ang/drive_left/drive_right/tv_l/tv_r/av_l/av_r/x/y/theta/t_err: -0.63563 -1.60049 0.69378 -1.13762 -1.25565 -0.76022 -0.67450 -0.76022 -0.67450 17.80060 17.58894 220.84446 0.06655
target: -1.60049 0.09075
target: -1.60049 0.09075
fb: -1.20634 -0.04661 -0.90852 -0.67520
fb: -1.21605 -0.03261 -0.90366 -0.67035
dist/lin/ang/drive_left/drive_right/tv_l/tv_r/av_l/av_r/x/y/theta/t_err: -0.61137 -1.57711 0.74373 -1.18344 -1.24866 -0.79739 -0.66472 -0.79739 -0.66472 17.07404 16.96528 220.47601 0.07576
target: -1.57711 0.09729
target: -1.57711 0.09729
fb: -1.34006 -0.02808 -0.82669 -0.64368
fb: -1.33036 -0.02446 -0.83155 -0.64853
dist/lin/ang/drive_left/drive_right/tv_l/tv_r/av_l/av_r/x/y/theta/t_err: -0.58484 -1.55807 0.79270 -1.30590 -1.35481 -0.75494 -0.63858 -0.75494 -0.63858 16.27583 16.28693 220.24386 0.08335
target: -1.55807 0.10369
target: -1.55807 0.10369
fb: -1.34205 -0.02383 -0.82945 -0.63898
fb: -1.37691 -0.02069 -0.81202 -0.62155
dist/lin/ang/drive_left/drive_right/tv_l/tv_r/av_l/av_r/x/y/theta/t_err: -0.55741 -1.53943 0.85639 -1.35622 -1.39761 -0.73525 -0.62419 -0.73525 -0.62419 15.44707 15.58792 220.05442 0.09086
target: -1.53943 0.11202
target: -1.53943 0.11202
fb: -1.39435 -0.00648 -0.80216 -0.58318
fb: -1.43318 0.00739 -0.78274 -0.56376
dist/lin/ang/drive_left/drive_right/tv_l/tv_r/av_l/av_r/x/y/theta/t_err: -0.52887 -1.52604 0.88251 -1.44057 -1.42580 -0.71711 -0.57986 -0.71711 -0.57986 14.58292 14.86215 220.02611 0.09629
target: -1.52604 0.11544
target: -1.52604 0.11544
fb: -1.33234 0.01463 -0.82211 -0.64278
fb: -1.33433 0.02264 -0.82112 -0.64179
dist/lin/ang/drive_left/drive_right/tv_l/tv_r/av_l/av_r/x/y/theta/t_err: -0.50231 -1.52016 0.87272 -1.35697 -1.31168 -0.76897 -0.61308 -0.76897 -0.61308 13.77919 14.18548 220.17778 0.09869
target: -1.52016 0.11416
target: -1.52016 0.11416
fb: -1.39832 0.02780 -0.79186 -0.65651
fb: -1.34028 0.03386 -0.82088 -0.68553
dist/lin/ang/drive_left/drive_right/tv_l/tv_r/av_l/av_r/x/y/theta/t_err: -0.47564 -1.51766 0.86775 -1.37415 -1.30642 -0.71881 -0.63958 -0.71881 -0.63958 12.97425 13.50297 220.43085 0.09971
target: -1.51766 0.11351
target: -1.51766 0.11351
fb: -1.35970 0.04181 -0.82480 -0.68466
fb: -1.41752 0.04041 -0.79589 -0.65575
increased kp to 7.50000
dist/lin/ang/drive_left/drive_right/tv_l/tv_r/av_l/av_r/x/y/theta/t_err: -0.44743 -1.51746 0.85913 -1.45793 -1.37710 -0.78061 -0.66542 -0.78061 -0.66542 12.12682 12.77658 220.77653 0.09980
target: -1.51746 0.11238
target: -1.51746 0.11238
fb: -1.43892 0.03846 -0.79125 -0.65691
fb: -1.45856 0.04041 -0.78143 -0.64709
dist/lin/ang/drive_left/drive_right/tv_l/tv_r/av_l/av_r/x/y/theta/t_err: -0.41841 -1.47041 0.87267 -1.49897 -1.41815 -0.76778 -0.64064 -0.76778 -0.64064 11.25934 12.02394 221.11848 0.10057
target: -1.47041 0.11415
target: -1.47041 0.11415
fb: -1.40803 0.04278 -0.59071 -0.42787
fb: -1.48548 0.04766 -0.55198 -0.38914
dist/lin/ang/drive_left/drive_right/tv_l/tv_r/av_l/av_r/x/y/theta/t_err: -0.38885 -1.41626 0.87511 -1.53314 -1.43782 -0.65089 -0.53847 -0.65089 -0.53847 10.38086 11.25168 221.51143 0.10112
target: -1.41626 0.11447
target: -1.41626 0.11447
fb: -1.45260 0.05281 -0.48442 -0.33417
fb: -1.40604 0.05518 -0.50770 -0.35745
dist/lin/ang/drive_left/drive_right/tv_l/tv_r/av_l/av_r/x/y/theta/t_err: -0.36087 -1.36573 0.85808 -1.46122 -1.35086 -0.53439 -0.41203 -0.53439 -0.41203 9.55489 10.51446 221.97919 0.10050
target: -1.36573 0.11225
target: -1.36573 0.11225
fb: -1.49717 0.05414 -0.41755 -0.29318
fb: -1.40428 0.05191 -0.46400 -0.33963
dist/lin/ang/drive_left/drive_right/tv_l/tv_r/av_l/av_r/x/y/theta/t_err: -0.33292 -1.31157 0.86620 -1.45618 -1.35237 -0.47411 -0.34889 -0.47411 -0.34889 8.73583 9.77165 222.43932 0.10060
target: -1.31157 0.11331
target: -1.31157 0.11331
fb: -1.37890 0.05226 -0.42839 -0.27293
fb: -1.41751 0.06619 -0.40908 -0.25362
dist/lin/ang/drive_left/drive_right/tv_l/tv_r/av_l/av_r/x/y/theta/t_err: -0.30472 -1.25402 0.87216 -1.48371 -1.35132 -0.45397 -0.35967 -0.45397 -0.35967 7.91519 9.01512 222.93162 0.10098
target: -1.25402 0.11409
target: -1.25402 0.11409
fb: -1.32859 0.07783 -0.38682 -0.23282
fb: -1.31689 0.07636 -0.39266 -0.23867
dist/lin/ang/drive_left/drive_right/tv_l/tv_r/av_l/av_r/x/y/theta/t_err: -0.27851 -1.20365 0.82252 -1.39326 -1.24053 -0.47228 -0.32597 -0.47228 -0.32597 7.16008 8.30448 223.58803 0.09851
target: -1.20365 0.10759
target: -1.20365 0.10759
fb: -1.28953 0.07051 -0.35211 -0.27222
fb: -1.25092 0.07107 -0.37141 -0.29152
dist/lin/ang/drive_left/drive_right/tv_l/tv_r/av_l/av_r/x/y/theta/t_err: -0.25361 -1.15138 0.81916 -1.32199 -1.17985 -0.42897 -0.32203 -0.42897 -0.32203 6.45037 7.62149 224.19955 0.09700
target: -1.15138 0.10715
target: -1.15138 0.10715
fb: -1.26261 0.07657 -0.33726 -0.20344
fb: -1.20833 0.08034 -0.36440 -0.23058
dist/lin/ang/drive_left/drive_right/tv_l/tv_r/av_l/av_r/x/y/theta/t_err: -0.22956 -1.09913 0.79503 -1.28867 -1.12799 -0.38908 -0.29686 -0.38908 -0.29686 5.77204 6.95432 224.87043 0.09490
target: -1.09913 0.10400
target: -1.09913 0.10400
fb: -1.14235 0.08131 -0.33558 -0.23040
fb: -1.08211 0.07901 -0.36570 -0.26052
dist/lin/ang/drive_left/drive_right/tv_l/tv_r/av_l/av_r/x/y/theta/t_err: -0.20801 -1.05132 0.76045 -1.16112 -1.00310 -0.37217 -0.26933 -0.37217 -0.26933 5.17187 6.34952 225.57052 0.09190
target: -1.05132 0.09947
target: -1.05132 0.09947
fb: -1.07439 0.07595 -0.33454 -0.24769
fb: -1.10352 0.07358 -0.31998 -0.23313
increased kp to 7.60000
dist/lin/ang/drive_left/drive_right/tv_l/tv_r/av_l/av_r/x/y/theta/t_err: -0.18603 -0.99619 0.76751 -1.17709 -1.02994 -0.34700 -0.26761 -0.34700 -0.26761 4.56722 5.72550 226.22542 0.09067
target: -0.99619 0.10040
target: -0.99619 0.10040
fb: -0.99870 0.07448 -0.31804 -0.18089
fb: -0.97928 0.07755 -0.32775 -0.19060
dist/lin/ang/drive_left/drive_right/tv_l/tv_r/av_l/av_r/x/y/theta/t_err: -0.16652 -1.08826 0.75319 -1.05683 -0.90174 -0.32183 -0.23408 -0.32183 -0.23408 4.03709 5.16556 226.87771 0.08924
target: -1.08826 0.09852
target: -1.08826 0.09852
fb: -1.03180 0.07943 -0.96032 -0.85091
fb: -0.90779 0.07950 -1.00000 -0.91292
dist/lin/ang/drive_left/drive_right/tv_l/tv_r/av_l/av_r/x/y/theta/t_err: -0.14787 -1.02550 0.54339 -0.98729 -0.82829 -0.58125 -0.37644 -0.58125 -0.37644 3.55150 4.64103 227.56805 0.07720
target: -1.02550 0.07108
target: -1.02550 0.07108
fb: -0.84755 0.07574 -0.24252 -0.39998
fb: -0.83586 0.07051 -0.24837 -0.40583
dist/lin/ang/drive_left/drive_right/tv_l/tv_r/av_l/av_r/x/y/theta/t_err: -0.13129 -0.96630 0.45458 -0.90637 -0.76534 -0.52222 -0.51383 -0.52222 -0.51383 3.11017 4.15277 228.21277 0.06594
target: -0.96630 0.05946
target: -0.96630 0.05946
fb: -0.90558 0.06605 -0.23722 -0.26776
fb: -0.97730 0.06013 -0.20137 -0.23190
dist/lin/ang/drive_left/drive_right/tv_l/tv_r/av_l/av_r/x/y/theta/t_err: -0.11185 -0.89189 0.38535 -1.03743 -0.91717 -0.26589 -0.33519 -0.26589 -0.33519 2.60021 3.57648 228.77265 0.05617
target: -0.89189 0.05041
target: -0.89189 0.05041
fb: -0.88242 0.05999 -0.12567 -0.14523
fb: -0.91353 0.05790 -0.11011 -0.12967
dist/lin/ang/drive_left/drive_right/tv_l/tv_r/av_l/av_r/x/y/theta/t_err: -0.09367 -0.81619 0.31418 -0.97143 -0.85563 -0.15642 -0.19061 -0.15642 -0.19061 2.12876 3.03321 229.29291 0.04709
target: -0.81619 0.04110
target: -0.81619 0.04110
fb: -0.93670 0.05511 0.10107 0.07659
fb: -0.84181 0.04822 -0.06442 -0.09869
dist/lin/ang/drive_left/drive_right/tv_l/tv_r/av_l/av_r/x/y/theta/t_err: -0.07691 -0.73956 0.25066 -0.89003 -0.79360 -0.02036 -0.02669 -0.02036 -0.02669 1.69858 2.52892 229.76827 0.03879
target: -0.73956 0.03279
target: -0.73956 0.03279
fb: -0.79724 0.03937 0.10589 0.07935
fb: -0.73104 0.02696 0.07279 -0.08158
dist/lin/ang/drive_left/drive_right/tv_l/tv_r/av_l/av_r/x/y/theta/t_err: -0.06233 -0.66579 0.23557 -0.75801 -0.70408 0.04739 0.00206 0.04739 0.00206 1.32804 2.08842 230.07033 0.03352
target: -0.66579 0.03081
target: -0.66579 0.03081
fb: -0.68073 0.01352 0.07621 0.10410
fb: -0.66330 0.00272 0.06749 0.09538
dist/lin/ang/drive_left/drive_right/tv_l/tv_r/av_l/av_r/x/y/theta/t_err: -0.04907 -0.59077 0.26228 -0.66602 -0.66058 0.05697 0.04364 0.05697 0.04364 0.99318 1.68761 230.15046 0.03212
target: -0.59077 0.03431
target: -0.59077 0.03431
fb: -0.59534 0.00000 0.07991 0.16175
increased kp to 7.70000
fb: -0.47309 -0.00683 -0.09926 0.10063
dist/lin/ang/drive_left/drive_right/tv_l/tv_r/av_l/av_r/x/y/theta/t_err: -0.03961 -0.53075 0.28396 -0.46627 -0.47992 0.02019 0.11567 0.02019 0.11567 0.75445 1.40164 230.12674 0.03254
target: -0.53075 0.03715
target: -0.53075 0.03715
fb: -0.39167 -0.01345 -0.14423 -0.07424
fb: -0.36850 -0.01317 -0.15581 -0.08582
dist/lin/ang/drive_left/drive_right/tv_l/tv_r/av_l/av_r/x/y/theta/t_err: -0.03222 -0.47871 0.31708 -0.35533 -0.38167 -0.13106 -0.02497 -0.13106 -0.02497 0.56822 1.17913 230.01197 0.03454
target: -0.47871 0.04148
target: -0.47871 0.04148
fb: -0.35703 -0.00815 -0.22019 -0.13052
fb: -0.32393 0.00418 -0.23674 -0.14707
dist/lin/ang/drive_left/drive_right/tv_l/tv_r/av_l/av_r/x/y/theta/t_err: -0.02574 -0.42784 0.30938 -0.32811 -0.31975 -0.19969 -0.12167 -0.19969 -0.12167 0.40421 0.98380 229.97400 0.03520
target: -0.42784 0.04047
target: -0.42784 0.04047
fb: -0.31598 0.01554 -0.17410 -0.13383
fb: -0.31797 0.01707 -0.17310 -0.13284
dist/lin/ang/drive_left/drive_right/tv_l/tv_r/av_l/av_r/x/y/theta/t_err: -0.01940 -0.37143 0.25796 -0.33504 -0.30090 -0.18736 -0.14253 -0.18736 -0.14253 0.24340 0.79190 230.11196 0.03280
target: -0.37143 0.03374
target: -0.37143 0.03374
fb: -0.35681 0.01798 -0.06329 -0.08349
fb: -0.37446 0.01902 -0.05446 -0.07466
dist/lin/ang/drive_left/drive_right/tv_l/tv_r/av_l/av_r/x/y/theta/t_err: -0.01193 -0.29132 0.22797 -0.39348 -0.35544 -0.10369 -0.10800 -0.10369 -0.10800 0.05462 0.56540 230.27853 0.02989
target: -0.29132 0.02982
target: -0.29132 0.02982
fb: -0.30451 0.02251 0.09574 0.10528
fb: -0.24824 0.02055 0.06760 0.07714
dist/lin/ang/drive_left/drive_right/tv_l/tv_r/av_l/av_r/x/y/theta/t_err: -0.00700 -0.00175 0.19097 -0.26880 -0.22769 0.04228 0.03831 0.04228 0.03831 -0.07003 0.41484 230.48204 0.02634
target: -0.00175 0.02498
target: -0.00175 0.02498
fb: -0.21536 0.01805 0.72936 0.72417
fb: -0.18624 0.01547 0.71479 0.70961
dist/lin/ang/drive_left/drive_right/tv_l/tv_r/av_l/av_r/x/y/theta/t_err: -0.00329 -0.00082 0.17672 -0.20170 -0.17077 0.30389 0.33142 0.30389 0.33142 -0.16319 0.30159 230.63537 0.02366
target: -0.00082 0.02312
target: -0.00082 0.02312
fb: -0.18425 0.01122 0.12519 0.14427
fb: -0.15512 0.00000 -0.04457 0.05256
dist/lin/ang/drive_left/drive_right/tv_l/tv_r/av_l/av_r/x/y/theta/t_err: -0.00020 -0.00005 0.18344 -0.15512 -0.15512 0.17658 0.22828 0.17658 0.22828 -0.24060 0.20711 230.69709 0.02258
target: -0.00005 0.02400
target: -0.00005 0.02400
fb: -0.07171 -0.00850 -0.05753 0.06548
fb: -0.01545 -0.00432 -0.05753 0.06548
dist/lin/ang/drive_left/drive_right/tv_l/tv_r/av_l/av_r/x/y/theta/t_err: 0.00012 0.00003 0.21315 -0.01113 -0.01977 -0.03303 0.07428 -0.03303 0.07428 -0.24831 0.19770 230.63875 0.02360
target: 0.00003 0.02788
target: 0.00003 0.02788
fb: 0.00000 0.00209 -0.07502 0.08026
increased kp to 7.80000
fb: 0.00000 0.00634 -0.07502 0.08026
dist/lin/ang/drive_left/drive_right/tv_l/tv_r/av_l/av_r/x/y/theta/t_err: 0.00011 0.00003 0.19442 -0.00634 0.00634 -0.06792 0.07358 -0.06792 0.07358 -0.24831 0.19770 230.66508 0.02314
target: 0.00003 0.02543
target: 0.00003 0.02543
fb: 0.00000 0.00815 -0.04503 0.04994
fb: 0.00000 0.01247 -0.04503 0.04994
start is 0.00000 0.00000
dist/lin/ang/drive_left/drive_right/tv_l/tv_r/av_l/av_r/x/y/theta/t_err: 0.86210 0.09144 1.20000 0.00000 0.00000 -0.00017 0.00017 -0.00017 0.00017 0.00000 0.00000 -0.00002 0.78540
target: 0.09144 0.15697
target: 0.09144 0.15697
fb: 0.00000 0.00000 -0.63386 1.00000
fb: 0.00000 0.00000 -0.63386 1.00000
dist/lin/ang/drive_left/drive_right/tv_l/tv_r/av_l/av_r/x/y/theta/t_err: 0.86210 0.18288 2.40000 0.00000 0.00000 -0.11994 0.04997 -0.11994 0.04997 0.00000 0.00000 -0.00005 0.78540
target: 0.18288 0.31394
target: 0.18288 0.31394
fb: 0.00000 0.00070 -0.77038 1.00000
fb: 0.00000 0.03240 -0.75453 1.00000
dist/lin/ang/drive_left/drive_right/tv_l/tv_r/av_l/av_r/x/y/theta/t_err: 0.86210 0.27432 3.60000 -0.03240 0.03240 -0.43667 0.49672 -0.43667 0.49672 0.00000 0.00000 0.00147 0.78537
target: 0.27432 0.47092
target: 0.27432 0.47092
fb: 0.00000 0.07929 -0.83518 1.00000
fb: 0.00000 0.11956 -0.81505 1.00000
dist/lin/ang/drive_left/drive_right/tv_l/tv_r/av_l/av_r/x/y/theta/t_err: 0.86210 0.36576 4.80000 -0.11956 0.11956 -0.47156 0.65022 -0.47156 0.65022 0.00000 0.00000 0.38990 0.77859
target: 0.36576 0.62789
target: 0.36576 0.62789
fb: 0.00000 0.16248 -0.89769 1.00000
fb: 0.00000 0.20150 -0.87818 1.00000
dist/lin/ang/drive_left/drive_right/tv_l/tv_r/av_l/av_r/x/y/theta/t_err: 0.86210 0.45401 5.71742 -0.20150 0.20150 -0.49622 0.76364 -0.49622 0.76364 0.00000 0.00000 1.53455 0.75862
target: 0.45401 0.74790
target: 0.45401 0.74790
fb: 0.00000 0.24115 -0.76203 1.00000
fb: 0.00000 0.28065 -0.74228 1.00000
dist/lin/ang/drive_left/drive_right/tv_l/tv_r/av_l/av_r/x/y/theta/t_err: 0.86210 0.48635 5.34416 -0.28065 0.28065 -0.52908 0.82217 -0.52908 0.82217 0.00000 0.00000 3.37908 0.72642
target: 0.48635 0.69907
target: 0.48635 0.69907
fb: 0.00000 0.31981 0.08854 0.97001
fb: 0.01169 0.35319 0.09938 0.94748
dist/lin/ang/drive_left/drive_right/tv_l/tv_r/av_l/av_r/x/y/theta/t_err: 0.86210 0.53341 4.87738 -0.34149 0.36488 -0.43461 0.81722 -0.43461 0.81722 0.00000 0.00000 5.91785 0.68211
target: 0.53341 0.63801
target: 0.53341 0.63801
fb: 0.02140 0.38092 0.44120 1.00000
fb: 0.03288 0.39659 0.44330 0.99543
dist/lin/ang/drive_left/drive_right/tv_l/tv_r/av_l/av_r/x/y/theta/t_err: 0.86177 0.59565 4.34889 -0.36372 0.42947 0.08675 0.55078 0.08675 0.55078 0.01671 0.00217 9.06261 0.62753
target: 0.59565 0.56888
target: 0.59565 0.56888
fb: 0.05428 0.39785 0.66788 0.98440
fb: 0.08914 0.38245 0.64275 0.97467
dist/lin/ang/drive_left/drive_right/tv_l/tv_r/av_l/av_r/x/y/theta/t_err: 0.86087 0.66929 3.83513 -0.29331 0.47159 0.37678 0.57236 0.37678 0.57236 0.05868 0.01025 12.51381 0.56800
target: 0.66929 0.50167
target: 0.66929 0.50167
fb: 0.14541 0.36371 0.78786 0.99864
fb: 0.19991 0.34608 0.75179 0.98021
dist/lin/ang/drive_left/drive_right/tv_l/tv_r/av_l/av_r/x/y/theta/t_err: 0.85837 0.74414 3.43739 -0.14617 0.54599 0.38961 0.51572 0.38961 0.51572 0.16959 0.03862 15.80934 0.51221
target: 0.74414 0.44964
target: 0.74414 0.44964
fb: 0.21712 0.32016 0.79588 1.00000
fb: 0.25971 0.29947 0.76424 1.00000
dist/lin/ang/drive_left/drive_right/tv_l/tv_r/av_l/av_r/x/y/theta/t_err: 0.85453 0.81524 3.11888 -0.03976 0.55918 0.44094 0.54806 0.44094 0.54806 0.33282 0.08942 18.76642 0.46298
target: 0.81524 0.40798
target: 0.81524 0.40798
fb: 0.30252 0.28720 0.78854 1.00000
fb: 0.31223 0.27083 0.77550 1.00000
dist/lin/ang/drive_left/drive_right/tv_l/tv_r/av_l/av_r/x/y/theta/t_err: 0.84906 0.88027 2.85897 0.04140 0.58306 0.47792 0.60453 0.47792 0.60453 0.55655 0.17113 21.36185 0.42072
target: 0.88027 0.37398
target: 0.88027 0.37398
fb: 0.35702 0.25355 0.78469 1.00000
fb: 0.39189 0.23878 0.75987 1.00000
dist/lin/ang/drive_left/drive_right/tv_l/tv_r/av_l/av_r/x/y/theta/t_err: 0.84249 0.94091 2.61746 0.15311 0.63066 0.37781 0.79050 0.37781 0.79050 0.81609 0.27910 23.68839 0.38341
target: 0.94091 0.34239
target: 0.94091 0.34239
fb: 0.46139 0.22861 0.78390 1.00000
fb: 0.52737 0.22610 0.74966 1.00000
dist/lin/ang/drive_left/drive_right/tv_l/tv_r/av_l/av_r/x/y/theta/t_err: 0.83387 0.99568 2.41872 0.30127 0.75347 0.44814 0.82867 0.44814 0.82867 1.14586 0.43150 25.75478 0.35128
target: 0.99568 0.31639
target: 0.99568 0.31639
fb: 0.53333 0.22394 0.77720 1.00000
fb: 0.58761 0.21753 0.74685 1.00000
dist/lin/ang/drive_left/drive_right/tv_l/tv_r/av_l/av_r/x/y/theta/t_err: 0.82380 1.04943 2.20213 0.37008 0.80514 0.45978 0.86119 0.45978 0.86119 1.52086 0.62049 27.72921 0.32106
target: 1.04943 0.28806
target: 1.04943 0.28806
fb: 0.62071 0.21432 0.81726 1.00000
fb: 0.60526 0.20910 0.82237 1.00000
dist/lin/ang/drive_left/drive_right/tv_l/tv_r/av_l/av_r/x/y/theta/t_err: 0.81197 1.10244 1.99466 0.39617 0.81436 0.46969 0.87831 0.46969 0.87831 1.94967 0.85497 29.63238 0.29243
target: 1.10244 0.26092
target: 1.10244 0.26092
fb: 0.72530 0.20742 0.83322 0.99787
fb: 0.77561 0.20770 0.80820 0.97258
dist/lin/ang/drive_left/drive_right/tv_l/tv_r/av_l/av_r/x/y/theta/t_err: 0.79802 1.15430 1.80085 0.56791 0.98331 0.49517 0.83672 0.49517 0.83672 2.44111 1.14586 31.46079 0.26546
target: 1.15430 0.23557
target: 1.15430 0.23557
fb: 0.74075 0.20805 0.90382 0.99712
fb: 0.81069 0.19962 0.86884 0.96215
dist/lin/ang/drive_left/drive_right/tv_l/tv_r/av_l/av_r/x/y/theta/t_err: 0.78367 1.20840 1.58758 0.61107 1.01032 0.54225 0.56139 0.54225 0.56139 2.93362 1.45830 33.28269 0.23832
target: 1.20840 0.20767
target: 1.20840 0.20767
fb: 0.81665 0.18638 0.95431 0.98736
fb: 0.84556 0.16924 0.93986 0.97291
dist/lin/ang/drive_left/drive_right/tv_l/tv_r/av_l/av_r/x/y/theta/t_err: 0.76775 1.26054 1.40961 0.67632 1.01480 0.47178 0.55594 0.47178 0.55594 3.46585 1.81913 34.99907 0.21308
target: 1.26054 0.18439
target: 1.26054 0.18439
fb: 0.86476 0.16193 0.96470 1.00000
fb: 0.86895 0.15607 0.96260 1.00000
dist/lin/ang/drive_left/drive_right/tv_l/tv_r/av_l/av_r/x/y/theta/t_err: 0.75081 1.30549 1.28655 0.71288 1.02502 0.52856 0.64903 0.52856 0.64903 4.01860 2.21673 36.47036 0.19199
target: 1.30549 0.16829
target: 1.30549 0.16829
fb: 0.94662 0.14576 0.91439 1.00000
fb: 0.90183 0.12716 0.93679 1.00000
dist/lin/ang/drive_left/drive_right/tv_l/tv_r/av_l/av_r/x/y/theta/t_err: 0.73219 1.34653 1.16363 0.77467 1.02899 0.67778 0.46989 0.67778 0.46989 4.61262 2.66696 37.81021 0.17323
target: 1.34653 0.15221
target: 1.34653 0.15221
fb: 0.97156 0.10423 0.93440 0.99962
fb: 1.04526 0.09859 0.89755 0.96277
dist/lin/ang/drive_left/drive_right/tv_l/tv_r/av_l/av_r/x/y/theta/t_err: 0.71303 1.37805 1.10043 0.94667 1.14385 0.62453 0.68339 0.62453 0.68339 5.21209 3.14220 38.87049 0.15914
target: 1.37805 0.14395
target: 1.37805 0.14395
fb: 0.97928 0.09532 0.89148 1.00000
fb: 1.01613 0.08361 0.87306 0.99754
dist/lin/ang/drive_left/drive_right/tv_l/tv_r/av_l/av_r/x/y/theta/t_err: 0.69367 1.40272 1.04820 0.93252 1.09975 0.56500 0.61153 0.56500 0.61153 5.80873 3.63066 39.73628 0.14829
target: 1.40272 0.13711
target: 1.40272 0.13711
fb: 1.02408 0.07915 0.86234 0.99059
fb: 0.98524 0.07602 0.88176 1.00000
dist/lin/ang/drive_left/drive_right/tv_l/tv_r/av_l/av_r/x/y/theta/t_err: 0.67340 1.42181 1.00918 0.90923 1.06126 0.67864 0.58775 0.67864 0.58775 6.42553 4.15005 40.45765 0.14001
target: 1.42181 0.13201
target: 1.42181 0.13201
fb: 1.07836 0.07135 0.82589 0.96287
fb: 1.10947 0.05992 0.81033 0.94731
dist/lin/ang/drive_left/drive_right/tv_l/tv_r/av_l/av_r/x/y/theta/t_err: 0.65204 1.43807 0.96766 1.04955 1.16940 0.62181 0.54978 0.62181 0.54978 7.06823 4.70495 41.11108 0.13302
target: 1.43807 0.12658
target: 1.43807 0.12658
fb: 1.06667 0.04703 0.84035 0.96712
fb: 1.11124 0.03665 0.81806 0.94484
dist/lin/ang/drive_left/drive_right/tv_l/tv_r/av_l/av_r/x/y/theta/t_err: 0.63088 1.44843 0.95883 1.07459 1.14789 0.67758 0.71608 0.67758 0.71608 7.69845 5.26015 41.61241 0.12860
target: 1.44843 0.12542
target: 1.44843 0.12542
fb: 1.11323 0.03379 0.78448 0.94819
fb: 1.17898 0.03170 0.75160 0.91531
dist/lin/ang/drive_left/drive_right/tv_l/tv_r/av_l/av_r/x/y/theta/t_err: 0.60880 1.45088 0.98454 1.14728 1.21069 0.68925 0.66581 0.68925 0.66581 8.35212 5.84415 41.93470 0.12756
target: 1.45088 0.12879
target: 1.45088 0.12879
fb: 1.18671 0.03463 0.69569 0.90459
fb: 1.19288 0.02683 0.69260 0.90150
dist/lin/ang/drive_left/drive_right/tv_l/tv_r/av_l/av_r/x/y/theta/t_err: 0.58526 1.45097 0.99422 1.16606 1.21971 0.69197 0.55556 0.69197 0.55556 9.04570 6.47032 42.22689 0.12752
target: 1.45097 0.13005
target: 1.45097 0.13005
fb: 1.26658 0.01226 0.65501 0.84674
fb: 1.20237 0.00655 0.68712 0.87885
dist/lin/ang/drive_left/drive_right/tv_l/tv_r/av_l/av_r/x/y/theta/t_err: 0.56014 1.44574 1.03422 1.19582 1.20892 0.67758 0.77394 0.67758 0.77394 9.78285 7.14205 42.42383 0.12974
target: 1.44574 0.13529
target: 1.44574 0.13529
fb: 1.16155 0.00752 0.66012 0.89454
fb: 1.30321 0.00759 0.58929 0.82371
dist/lin/ang/drive_left/drive_right/tv_l/tv_r/av_l/av_r/x/y/theta/t_err: 0.53711 1.43534 1.09110 1.29562 1.31081 0.66031 0.69283 0.66031 0.69283 10.45765 7.75943 42.48836 0.13419
target: 1.43534 0.14273
target: 1.43534 0.14273
fb: 1.30917 0.01247 0.54120 0.80546
fb: 1.27034 0.01686 0.56062 0.82488
dist/lin/ang/drive_left/drive_right/tv_l/tv_r/av_l/av_r/x/y/theta/t_err: 0.51117 1.42306 1.14061 1.25347 1.28720 0.58553 0.74328 0.58553 0.74328 11.21734 8.45622 42.57660 0.13946
target: 1.42306 0.14920
target: 1.42306 0.14920
fb: 1.31491 0.02251 0.51967 0.78391
fb: 1.31292 0.03121 0.52066 0.78490
dist/lin/ang/drive_left/drive_right/tv_l/tv_r/av_l/av_r/x/y/theta/t_err: 0.48513 1.41233 1.17052 1.28171 1.34414 0.54703 0.72175 0.54703 0.72175 11.97886 9.15768 42.73827 0.14411
target: 1.41233 0.15312
target: 1.41233 0.15312
fb: 1.34977 0.04048 0.50754 0.75395
fb: 1.34205 0.04766 0.51141 0.75781
dist/lin/ang/drive_left/drive_right/tv_l/tv_r/av_l/av_r/x/y/theta/t_err: 0.45843 1.40496 1.18109 1.29439 1.38971 0.51931 0.73542 0.51931 0.73542 12.75773 9.88082 43.03128 0.14731
target: 1.40496 0.15450
target: 1.40496 0.15450
fb: 1.35176 0.05546 0.52378 0.74927
fb: 1.38662 0.06194 0.50635 0.73183
dist/lin/ang/drive_left/drive_right/tv_l/tv_r/av_l/av_r/x/y/theta/t_err: 0.43169 1.38157 1.17261 1.32468 1.44856 0.51194 0.72669 0.51194 0.72669 13.53306 10.61004 43.46891 0.14864
target: 1.38157 0.15339
target: 1.38157 0.15339
fb: 1.30321 0.06891 0.47461 0.67616
fb: 1.29571 0.07678 0.47836 0.67992
dist/lin/ang/drive_left/drive_right/tv_l/tv_r/av_l/av_r/x/y/theta/t_err: 0.40591 1.34066 1.15153 1.21893 1.37249 0.50289 0.71317 0.50289 0.71317 14.27458 11.31936 44.02251 0.14820
target: 1.34066 0.15063
target: 1.34066 0.15063
fb: 1.38684 0.08312 0.33466 0.51765
fb: 1.35352 0.08974 0.35132 0.53431
dist/lin/ang/drive_left/drive_right/tv_l/tv_r/av_l/av_r/x/y/theta/t_err: 0.37847 1.29750 1.13115 1.26378 1.44326 0.46694 0.65328 0.46694 0.65328 15.05539 12.08276 44.69826 0.14680
target: 1.29750 0.14797
target: 1.29750 0.14797
fb: 1.39037 0.09051 0.28602 0.46623
fb: 1.35176 0.09058 0.30533 0.48554
dist/lin/ang/drive_left/drive_right/tv_l/tv_r/av_l/av_r/x/y/theta/t_err: 0.35096 1.25461 1.10009 1.26118 1.44234 0.38172 0.54019 0.38172 0.54019 15.82822 12.85818 45.47593 0.14428
target: 1.25461 0.14390
target: 1.25461 0.14390
fb: 1.28401 0.09288 0.31020 0.47235
fb: 1.37890 0.10305 0.26276 0.42491
dist/lin/ang/drive_left/drive_right/tv_l/tv_r/av_l/av_r/x/y/theta/t_err: 0.32554 1.21439 1.07067 1.27585 1.48195 0.34547 0.48986 0.34547 0.48986 16.53207 13.58397 46.27034 0.14120
target: 1.21439 0.14005
target: 1.21439 0.14005
fb: 1.31491 0.11775 0.27040 0.42930
fb: 1.27607 0.12500 0.28982 0.44872
dist/lin/ang/drive_left/drive_right/tv_l/tv_r/av_l/av_r/x/y/theta/t_err: 0.29950 1.17365 1.01866 1.15107 1.40107 0.34819 0.46081 0.34819 0.46081 17.24208 14.33752 47.20705 0.13656
target: 1.17365 0.13325
target: 1.17365 0.13325
fb: 1.28953 0.12479 0.26177 0.38492
fb: 1.18119 0.12758 0.31594 0.43909
dist/lin/ang/drive_left/drive_right/tv_l/tv_r/av_l/av_r/x/y/theta/t_err: 0.27394 1.13526 0.94089 1.05361 1.30876 0.31261 0.46850 0.31261 0.46850 17.92496 15.08895 48.29191 0.12958
target: 1.13526 0.12308
target: 1.13526 0.12308
fb: 1.17148 0.13413 0.31717 0.39634
fb: 1.15581 0.14297 0.32500 0.40418
dist/lin/ang/drive_left/drive_right/tv_l/tv_r/av_l/av_r/x/y/theta/t_err: 0.25069 1.10114 0.85899 1.01283 1.29878 0.31006 0.44967 0.31006 0.44967 18.53181 15.78362 49.41948 0.12105
target: 1.10114 0.11236
target: 1.10114 0.11236
fb: 1.12293 0.15036 0.33707 0.39698
fb: 1.16574 0.15301 0.31567 0.37558
dist/lin/ang/drive_left/drive_right/tv_l/tv_r/av_l/av_r/x/y/theta/t_err: 0.22838 1.07022 0.74473 1.01273 1.31874 0.31567 0.43067 0.31567 0.43067 19.09959 16.46142 50.68061 0.10985
target: 1.07022 0.09742
target: 1.07022 0.09742
fb: 1.13639 0.15057 0.34406 0.34583
fb: 1.04901 0.14555 0.38775 0.38952
dist/lin/ang/drive_left/drive_right/tv_l/tv_r/av_l/av_r/x/y/theta/t_err: 0.20577 1.03620 0.63800 0.90346 1.19456 0.31297 0.41356 0.31297 0.41356 19.65865 17.16005 52.00711 0.09755
target: 1.03620 0.08346
target: 1.03620 0.08346
fb: 1.03180 0.14207 0.35787 0.34977
fb: 1.01834 0.13900 0.36460 0.35650
dist/lin/ang/drive_left/drive_right/tv_l/tv_r/av_l/av_r/x/y/theta/t_err: 0.18522 1.00285 0.54043 0.87933 1.15734 0.35936 0.39558 0.35936 0.39558 20.15154 17.80587 53.26731 0.08517
target: 1.00285 0.07069
target: 1.00285 0.07069
fb: 1.01238 0.13545 0.34304 0.32859
fb: 0.93471 0.12758 0.38187 0.36743
dist/lin/ang/drive_left/drive_right/tv_l/tv_r/av_l/av_r/x/y/theta/t_err: 0.16504 1.08341 0.45244 0.80713 1.06229 0.36139 0.36375 0.36139 0.36375 20.62141 18.44981 54.47198 0.07326
target: 1.08341 0.05918
target: 1.08341 0.05918
fb: 0.93471 0.11880 0.91293 0.89440
fb: 1.01040 0.10737 0.87508 0.85656
dist/lin/ang/drive_left/drive_right/tv_l/tv_r/av_l/av_r/x/y/theta/t_err: 0.14610 1.01936 0.23252 0.90303 1.11777 0.36872 0.38514 0.36872 0.38514 21.04294 19.05312 55.56299 0.05422
target: 1.01936 0.03042
target: 1.01936 0.03042
fb: 0.93493 0.09985 0.37302 0.16058
fb: 0.91154 0.09636 0.38472 0.17227
dist/lin/ang/drive_left/drive_right/tv_l/tv_r/av_l/av_r/x/y/theta/t_err: 0.12753 0.95238 0.13749 0.81518 1.00790 0.66425 0.63567 0.66425 0.63567 21.45437 19.66358 56.48182 0.03819
target: 0.95238 0.01798
target: 0.95238 0.01798
fb: 0.96958 0.08709 0.21775 0.13562
fb: 0.96781 0.07595 0.21863 0.13650
dist/lin/ang/drive_left/drive_right/tv_l/tv_r/av_l/av_r/x/y/theta/t_err: 0.10823 0.87734 0.04347 0.89186 1.04376 0.39697 0.31361 0.39697 0.31361 21.87120 20.30318 57.30065 0.02389
target: 0.87734 0.00569
target: 0.87734 0.00569
fb: 0.97752 0.07191 0.12084 -0.10446
fb: 0.97156 0.06480 0.12382 -0.10149
dist/lin/ang/drive_left/drive_right/tv_l/tv_r/av_l/av_r/x/y/theta/t_err: 0.08873 0.79440 -0.02062 0.90676 1.03636 0.22194 0.07972 0.22194 0.07972 22.28305 20.95343 57.96694 0.01227
target: 0.79440 -0.00270
target: 0.79440 -0.00270
fb: 0.89786 0.05100 -0.07656 -0.15988
fb: 0.88815 0.03170 -0.07170 -0.15502
dist/lin/ang/drive_left/drive_right/tv_l/tv_r/av_l/av_r/x/y/theta/t_err: 0.07081 0.70964 -0.06854 0.85645 0.91986 0.11206 -0.09000 0.11206 -0.09000 22.65514 21.55456 58.49554 0.00304
target: 0.70964 -0.00897
target: 0.70964 -0.00897
fb: 0.83012 0.01672 -0.13243 -0.20520
fb: 0.70015 0.01394 -0.06745 -0.14022
dist/lin/ang/drive_left/drive_right/tv_l/tv_r/av_l/av_r/x/y/theta/t_err: 0.05422 0.62098 -0.05054 0.68622 0.71409 -0.05492 -0.13756 -0.05492 -0.13756 22.99541 22.11265 58.73454 -0.00113
target: 0.62098 -0.00661
target: 0.62098 -0.00661
fb: 0.64962 0.01860 -0.17900 -0.17106
fb: 0.58188 0.02766 -0.14513 -0.13719
dist/lin/ang/drive_left/drive_right/tv_l/tv_r/av_l/av_r/x/y/theta/t_err: 0.04123 0.54153 -0.04864 0.55422 0.60954 -0.08914 -0.14644 -0.08914 -0.14644 23.26042 22.55015 58.86271 -0.00337
target: 0.54153 -0.00636
target: 0.54153 -0.00636
fb: 0.50244 0.02766 -0.13157 -0.14233
fb: 0.42676 0.01812 -0.09373 -0.10448
dist/lin/ang/drive_left/drive_right/tv_l/tv_r/av_l/av_r/x/y/theta/t_err: 0.03120 0.47103 -0.09681 0.40864 0.44487 -0.13242 -0.13483 -0.13242 -0.13483 23.46434 22.88918 59.08977 -0.00733
target: 0.47103 -0.01266
target: 0.47103 -0.01266
fb: 0.34511 0.00871 0.17211 0.10332
fb: 0.30252 0.00376 0.19340 0.12461
dist/lin/ang/drive_left/drive_right/tv_l/tv_r/av_l/av_r/x/y/theta/t_err: 0.02430 0.41573 -0.09714 0.29876 0.30629 -0.09908 -0.08250 -0.09908 -0.08250 23.60363 23.12250 59.21839 -0.00958
target: 0.41573 -0.01271
target: 0.41573 -0.01271
fb: 0.23280 0.00404 0.18240 0.16988
fb: 0.20543 0.00341 0.19608 0.18356
dist/lin/ang/drive_left/drive_right/tv_l/tv_r/av_l/av_r/x/y/theta/t_err: 0.01965 0.37380 -0.08495 0.20202 0.20885 0.15608 0.11072 0.15608 0.11072 23.69739 23.28001 59.25141 -0.01015
target: 0.37380 -0.01111
target: 0.37380 -0.01111
fb: 0.19771 0.00369 0.18179 0.18615
fb: 0.22309 0.00481 0.16910 0.17346
dist/lin/ang/drive_left/drive_right/tv_l/tv_r/av_l/av_r/x/y/theta/t_err: 0.01569 0.33409 -0.08970 0.21828 0.22789 0.18342 0.17042 0.18342 0.17042 23.77695 23.41383 59.28525 -0.01074
target: 0.33409 -0.01173
target: 0.33409 -0.01173
fb: 0.25596 0.00578 0.13293 0.11651
fb: 0.24250 0.00620 0.13966 0.12324
dist/lin/ang/drive_left/drive_right/tv_l/tv_r/av_l/av_r/x/y/theta/t_err: 0.01058 0.27427 -0.10037 0.23630 0.24871 0.17556 0.17025 0.17556 0.17025 23.87982 23.58715 59.33861 -0.01167
target: 0.27427 -0.01313
target: 0.27427 -0.01313
fb: 0.24648 0.00711 0.04985 -0.06325
fb: 0.25596 0.00829 0.04510 -0.06800
dist/lin/ang/drive_left/drive_right/tv_l/tv_r/av_l/av_r/x/y/theta/t_err: 0.00565 0.00141 -0.11132 0.24767 0.26426 0.14581 0.11206 0.14581 0.11206 23.97869 23.75415 59.40383 -0.01281
target: 0.00141 -0.01456
target: 0.00141 -0.01456
fb: 0.28686 0.00982 -0.71074 -0.74804
fb: 0.28112 0.00474 -0.70787 -0.74517
dist/lin/ang/drive_left/drive_right/tv_l/tv_r/av_l/av_r/x/y/theta/t_err: -0.00008 -0.00002 -0.12274 0.27638 0.28586 0.06725 -0.07172 0.06725 -0.07172 24.09352 23.94865 59.47723 -0.01409
target: -0.00002 -0.01606
target: -0.00002 -0.01606
fb: 0.19197 -0.01400 -0.12042 -0.16027
fb: 0.11254 -0.03219 0.05363 -0.06427
dist/lin/ang/drive_left/drive_right/tv_l/tv_r/av_l/av_r/x/y/theta/t_err: -0.00392 -0.00098 -0.10587 0.14473 0.08035 -0.44917 -0.45328 -0.44917 -0.45328 24.17027 24.07888 59.46417 -0.01387
target: -0.00098 -0.01385
target: -0.00098 -0.01385
fb: 0.05627 -0.03790 -0.04195 -0.04555
fb: 0.01545 -0.06013 -0.04195 -0.04555
final error: 0.22556, x: -0.19285, y: -0.11700
final local error: 0.22556, forwards: -0.19930, sideways: 0.10564
position: 24.19285 24.11700 59.17148
took 1.22000 time to finish turn
dist/lin/ang/drive_left/drive_right/tv_l/tv_r/av_l/av_r/x/y/theta/t_err: -0.87179 -0.09144 -1.20000 0.00000 0.00000 -0.00017 0.00000 -0.00017 0.00000 24.28130 24.25799 237.04725 -0.21074
target: -0.09144 -0.15697
target: -0.09144 -0.15697
fb: 0.00000 0.00000 0.63386 -1.00000
fb: 0.00000 0.00000 0.63386 -1.00000
dist/lin/ang/drive_left/drive_right/tv_l/tv_r/av_l/av_r/x/y/theta/t_err: -0.87179 -0.18288 -1.81237 0.00000 0.00000 0.02600 -0.11858 0.02600 -0.11858 24.28130 24.25799 237.04716 -0.21074
target: -0.18288 -0.23708
target: -0.18288 -0.23708
fb: 0.00000 -0.00202 0.21635 -0.90521
fb: 0.00000 -0.02090 0.21635 -0.90521
dist/lin/ang/drive_left/drive_right/tv_l/tv_r/av_l/av_r/x/y/theta/t_err: -0.87179 -0.27432 -1.81093 0.02090 -0.02090 0.39783 -0.41081 0.39783 -0.41081 24.28130 24.25799 237.04267 -0.21066
target: -0.27432 -0.23689
target: -0.27432 -0.23689
fb: 0.00000 -0.06605 -0.30270 -0.62332
fb: 0.00000 -0.10639 -0.30270 -0.62332
dist/lin/ang/drive_left/drive_right/tv_l/tv_r/av_l/av_r/x/y/theta/t_err: -0.87179 -0.36576 -1.71383 0.10639 -0.10639 0.19456 -0.36514 0.19456 -0.36514 24.28130 24.25799 236.74116 -0.20540
target: -0.36576 -0.22419
target: -0.36576 -0.22419
fb: 0.00000 -0.13064 -0.44706 -0.63806
fb: 0.00000 -0.14374 -0.44706 -0.63806
dist/lin/ang/drive_left/drive_right/tv_l/tv_r/av_l/av_r/x/y/theta/t_err: -0.87179 -0.45720 -1.45084 0.14374 -0.14374 -0.23664 -0.42247 -0.23664 -0.42247 24.28130 24.25799 235.76892 -0.18843
target: -0.45720 -0.18978
target: -0.45720 -0.18978
fb: 0.00000 -0.16005 -0.64732 -0.59691
fb: -0.05230 -0.16179 -0.62117 -0.57076
dist/lin/ang/drive_left/drive_right/tv_l/tv_r/av_l/av_r/x/y/theta/t_err: -0.87179 -0.54864 -1.19836 0.10949 -0.21408 -0.40656 -0.42897 -0.40656 -0.42897 24.28130 24.25799 234.46848 -0.16574
target: -0.54864 -0.15676
target: -0.54864 -0.15676
fb: -0.14740 -0.15071 -0.89445 -0.81260
fb: -0.19594 -0.13831 -0.87018 -0.78833
dist/lin/ang/drive_left/drive_right/tv_l/tv_r/av_l/av_r/x/y/theta/t_err: -0.86888 -0.64008 -0.98453 -0.05764 -0.33425 -0.52053 -0.47856 -0.52053 -0.47856 24.21254 24.16450 233.08125 -0.14204
target: -0.64008 -0.12879
target: -0.64008 -0.12879
fb: -0.23081 -0.12723 -0.93203 -0.85827
fb: -0.28310 -0.11608 -0.90588 -0.83212
dist/lin/ang/drive_left/drive_right/tv_l/tv_r/av_l/av_r/x/y/theta/t_err: -0.86430 -0.73152 -0.85077 -0.16703 -0.39918 -0.50889 -0.51094 -0.50889 -0.51094 24.10175 24.02043 231.89925 -0.12210
target: -0.73152 -0.11129
target: -0.73152 -0.11129
fb: -0.31797 -0.10605 -0.93634 -0.93347
fb: -0.36850 -0.09985 -0.91108 -0.90820
dist/lin/ang/drive_left/drive_right/tv_l/tv_r/av_l/av_r/x/y/theta/t_err: -0.85798 -0.82296 -0.74175 -0.26865 -0.46835 -0.49128 -0.45875 -0.49128 -0.45875 23.94549 23.82482 230.90149 -0.10553
target: -0.82296 -0.09703
target: -0.82296 -0.09703
fb: -0.39167 -0.09699 -0.97778 -0.98499
fb: -0.46338 -0.09183 -0.94192 -0.94914
dist/lin/ang/drive_left/drive_right/tv_l/tv_r/av_l/av_r/x/y/theta/t_err: -0.85019 -0.91440 -0.64071 -0.37155 -0.55522 -0.43136 -0.53711 -0.43136 -0.53711 23.74920 23.58695 230.02793 -0.09118
target: -0.91440 -0.08381
target: -0.91440 -0.08381
fb: -0.51215 -0.08891 -1.00000 -1.00000
fb: -0.46559 -0.08905 -1.00000 -1.00000
dist/lin/ang/drive_left/drive_right/tv_l/tv_r/av_l/av_r/x/y/theta/t_err: -0.83998 -1.00584 -0.54122 -0.37654 -0.55464 -0.47344 -0.54719 -0.47344 -0.54719 23.48802 23.27969 229.22071 -0.07812
target: -1.00584 -0.07080
target: -1.00584 -0.07080
fb: -0.51391 -0.09002 -1.00000 -1.00000
fb: -0.56621 -0.08974 -1.00000 -1.00000
dist/lin/ang/drive_left/drive_right/tv_l/tv_r/av_l/av_r/x/y/theta/t_err: -0.82973 -1.09728 -0.43349 -0.47647 -0.65595 -0.64353 -0.65619 -0.64353 -0.65619 23.22153 22.97518 228.43623 -0.06531
target: -1.09728 -0.05671
target: -1.09728 -0.05671
fb: -0.56047 -0.08675 -1.00000 -1.00000
fb: -0.62844 -0.08326 -1.00000 -1.00000
dist/lin/ang/drive_left/drive_right/tv_l/tv_r/av_l/av_r/x/y/theta/t_err: -0.81854 -1.18872 -0.32249 -0.54517 -0.71170 -0.79342 -0.78522 -0.79342 -0.78522 22.92648 22.64700 227.65374 -0.05245
target: -1.18872 -0.04218
target: -1.18872 -0.04218
fb: -0.73502 -0.08117 -1.00000 -1.00000
fb: -0.76414 -0.08305 -1.00000 -1.00000
dist/lin/ang/drive_left/drive_right/tv_l/tv_r/av_l/av_r/x/y/theta/t_err: -0.80385 -1.28016 -0.23029 -0.68109 -0.84720 -0.83964 -0.83331 -0.83964 -0.83331 22.53382 22.22183 226.92562 -0.04058
target: -1.28016 -0.03012
target: -1.28016 -0.03012
fb: -0.78731 -0.08584 -1.00000 -1.00000
fb: -0.81070 -0.08082 -1.00000 -1.00000
dist/lin/ang/drive_left/drive_right/tv_l/tv_r/av_l/av_r/x/y/theta/t_err: -0.78812 -1.37160 -0.12417 -0.72988 -0.89152 -0.85844 -0.85453 -0.85844 -0.85453 22.10752 21.77174 226.19407 -0.02849
target: -1.37160 -0.01624
target: -1.37160 -0.01624
fb: -0.85726 -0.07232 -1.00000 -1.00000
fb: -0.94045 -0.06410 -1.00000 -1.00000
dist/lin/ang/drive_left/drive_right/tv_l/tv_r/av_l/av_r/x/y/theta/t_err: -0.77098 -1.46304 -0.03254 -0.87635 -1.00455 -0.85297 -0.85400 -0.85297 -0.85400 21.63721 21.28755 225.51123 -0.01707
target: -1.46304 -0.00426
target: -1.46304 -0.00426
fb: -0.94244 -0.06522 -1.00000 -1.00000
fb: -0.93868 -0.06919 -1.00000 -1.00000
dist/lin/ang/drive_left/drive_right/tv_l/tv_r/av_l/av_r/x/y/theta/t_err: -0.75213 -1.55448 0.03614 -0.86950 -1.00787 -0.86617 -0.86428 -0.86617 -0.86428 21.11455 20.76077 224.93042 -0.00723
target: -1.55448 0.00473
target: -1.55448 0.00473
fb: -0.92522 -0.07309 -1.00000 -1.00000
fb: -1.03379 -0.07790 -1.00000 -1.00000
dist/lin/ang/drive_left/drive_right/tv_l/tv_r/av_l/av_r/x/y/theta/t_err: -0.73362 -1.64592 0.13830 -0.95589 -1.11169 -0.88294 -0.87506 -0.88294 -0.87506 20.59610 20.24896 224.30987 0.00355
target: -1.64592 0.01809
target: -1.64592 0.01809
fb: -1.16552 -0.08340 -1.00000 -1.00000
fb: -1.04725 -0.08661 -1.00000 -1.00000
dist/lin/ang/drive_left/drive_right/tv_l/tv_r/av_l/av_r/x/y/theta/t_err: -0.71032 -1.73403 0.26122 -0.96064 -1.13385 -0.88600 -0.87333 -0.88600 -0.87333 19.93561 19.61179 223.61694 0.01595
target: -1.73403 0.03417
target: -1.73403 0.03417
fb: -1.10153 -0.08723 -1.00000 -1.00000
fb: -1.20436 -0.08410 -1.00000 -1.00000
dist/lin/ang/drive_left/drive_right/tv_l/tv_r/av_l/av_r/x/y/theta/t_err: -0.68829 -1.69657 0.39489 -1.12026 -1.28846 -0.88756 -0.87947 -0.88756 -0.87947 19.30350 19.01789 222.86519 0.02981
target: -1.69657 0.05166
target: -1.69657 0.05166
fb: -1.13838 -0.07609 -0.99877 -0.77844
fb: -1.19840 -0.07260 -0.96876 -0.74843
dist/lin/ang/drive_left/drive_right/tv_l/tv_r/av_l/av_r/x/y/theta/t_err: -0.66554 -1.66057 0.50854 -1.12580 -1.27100 -0.76025 -0.78131 -0.76025 -0.78131 18.64272 18.41223 222.15893 0.04337
target: -1.66057 0.06652
target: -1.66057 0.06652
fb: -1.19090 -0.07044 -0.94371 -0.72699
fb: -1.21804 -0.06633 -0.93014 -0.71342
dist/lin/ang/drive_left/drive_right/tv_l/tv_r/av_l/av_r/x/y/theta/t_err: -0.64175 -1.62721 0.61079 -1.15171 -1.28437 -0.69472 -0.71469 -0.69472 -0.71469 17.94424 17.78658 221.52984 0.05615
target: -1.62721 0.07990
target: -1.62721 0.07990
fb: -1.34602 -0.06034 -0.84854 -0.62728
fb: -1.29549 -0.05400 -0.87380 -0.65255
dist/lin/ang/drive_left/drive_right/tv_l/tv_r/av_l/av_r/x/y/theta/t_err: -0.61488 -1.59494 0.71679 -1.24149 -1.34949 -0.72275 -0.67906 -0.72275 -0.67906 17.14724 17.08796 220.96301 0.06873
target: -1.59494 0.09376
target: -1.59494 0.09376
fb: -1.27806 -0.04703 -0.86902 -0.62475
fb: -1.32462 -0.03867 -0.84574 -0.60147
dist/lin/ang/drive_left/drive_right/tv_l/tv_r/av_l/av_r/x/y/theta/t_err: -0.58939 -1.56686 0.79771 -1.28595 -1.36329 -0.70772 -0.63394 -0.70772 -0.63394 16.38456 16.43142 220.50745 0.07984
target: -1.56686 0.10435
target: -1.56686 0.10435
fb: -1.32065 -0.02982 -0.83127 -0.60232
fb: -1.30123 -0.02376 -0.84098 -0.61203
dist/lin/ang/drive_left/drive_right/tv_l/tv_r/av_l/av_r/x/y/theta/t_err: -0.56307 -1.54345 0.86129 -1.27747 -1.32499 -0.75886 -0.60433 -0.75886 -0.60433 15.59194 15.75829 220.19155 0.08923
target: -1.54345 0.11267
target: -1.54345 0.11267
fb: -1.34779 -0.01672 -0.81039 -0.59069
fb: -1.38089 -0.00704 -0.79384 -0.57414
dist/lin/ang/drive_left/drive_right/tv_l/tv_r/av_l/av_r/x/y/theta/t_err: -0.53624 -1.52407 0.91365 -1.37385 -1.38792 -0.76111 -0.60058 -0.76111 -0.60058 14.78000 15.07491 220.00286 0.09709
target: -1.52407 0.11952
target: -1.52407 0.11952
fb: -1.45061 0.00188 -0.75542 -0.53973
fb: -1.41575 0.01575 -0.77285 -0.55717
dist/lin/ang/drive_left/drive_right/tv_l/tv_r/av_l/av_r/x/y/theta/t_err: -0.50737 -1.50894 0.95028 -1.43150 -1.40000 -0.74397 -0.57203 -0.74397 -0.57203 13.90468 14.34111 219.96704 0.10329
target: -1.50894 0.12431
target: -1.50894 0.12431
fb: -1.35176 0.02592 -0.80201 -0.59841
fb: -1.40229 0.03317 -0.77675 -0.57315
dist/lin/ang/drive_left/drive_right/tv_l/tv_r/av_l/av_r/x/y/theta/t_err: -0.48048 -1.50193 0.94205 -1.43546 -1.36912 -0.73867 -0.55044 -0.73867 -0.55044 13.08980 13.65636 220.12976 0.10618
target: -1.50193 0.12323
target: -1.50193 0.12323
fb: -1.34404 0.04215 -0.80483 -0.65549
fb: -1.35374 0.04794 -0.79998 -0.65063
dist/lin/ang/drive_left/drive_right/tv_l/tv_r/av_l/av_r/x/y/theta/t_err: -0.45375 -1.50049 0.92420 -1.40168 -1.30581 -0.74656 -0.56947 -0.74656 -0.56947 12.28241 12.97218 220.44678 0.10677
target: -1.50049 0.12089
target: -1.50049 0.12089
fb: -1.35573 0.05302 -0.81275 -0.67786
fb: -1.42722 0.05504 -0.77700 -0.64212
dist/lin/ang/drive_left/drive_right/tv_l/tv_r/av_l/av_r/x/y/theta/t_err: -0.42679 -1.47239 0.90192 -1.48227 -1.37218 -0.75428 -0.63583 -0.75428 -0.63583 11.47250 12.27676 220.87214 0.10590
target: -1.47239 0.11798
target: -1.47239 0.11798
fb: -1.49916 0.05267 -0.60421 -0.47840
fb: -1.39633 0.05114 -0.65562 -0.52982
dist/lin/ang/drive_left/drive_right/tv_l/tv_r/av_l/av_r/x/y/theta/t_err: -0.39698 -1.42106 0.90230 -1.44747 -1.34519 -0.73558 -0.62678 -0.73558 -0.62678 10.58301 11.50072 221.33807 0.10544
target: -1.42106 0.11803
target: -1.42106 0.11803
fb: -1.44090 0.05100 -0.50706 -0.35448
fb: -1.47202 0.05114 -0.49150 -0.33892
dist/lin/ang/drive_left/drive_right/tv_l/tv_r/av_l/av_r/x/y/theta/t_err: -0.36832 -1.36855 0.90894 -1.52316 -1.42088 -0.63378 -0.51419 -0.63378 -0.51419 9.73421 10.74787 221.78524 0.10556
target: -1.36855 0.11890
target: -1.36855 0.11890
fb: -1.38464 0.05177 -0.48691 -0.32576
fb: -1.42943 0.05163 -0.46451 -0.30336
dist/lin/ang/drive_left/drive_right/tv_l/tv_r/av_l/av_r/x/y/theta/t_err: -0.34078 -1.31573 0.91364 -1.48106 -1.37780 -0.53247 -0.41564 -0.53247 -0.41564 8.92413 10.01819 222.23956 0.10587
target: -1.31573 0.11951
target: -1.31573 0.11951
fb: -1.41200 0.05261 -0.42313 -0.26338
fb: -1.34977 0.06111 -0.45424 -0.29450
dist/lin/ang/drive_left/drive_right/tv_l/tv_r/av_l/av_r/x/y/theta/t_err: -0.31270 -1.25746 0.93708 -1.41088 -1.28867 -0.47672 -0.35131 -0.47672 -0.35131 8.10385 9.26768 222.68497 0.10730
target: -1.25746 0.12258
target: -1.25746 0.12258
fb: -1.36147 0.07636 -0.38658 -0.20062
fb: -1.30321 0.08932 -0.41571 -0.22975
dist/lin/ang/drive_left/drive_right/tv_l/tv_r/av_l/av_r/x/y/theta/t_err: -0.28563 -1.20187 0.92209 -1.39254 -1.21389 -0.45086 -0.36311 -0.45086 -0.36311 7.31919 8.53725 223.24698 0.10726
target: -1.20187 0.12062
target: -1.20187 0.12062
fb: -1.25864 0.08905 -0.37415 -0.23602
fb: -1.25687 0.08180 -0.37503 -0.23691
dist/lin/ang/drive_left/drive_right/tv_l/tv_r/av_l/av_r/x/y/theta/t_err: -0.26060 -1.15483 0.85394 -1.33867 -1.17507 -0.45328 -0.30903 -0.45328 -0.30903 6.60187 7.85342 224.01373 0.10358
target: -1.15483 0.11170
target: -1.15483 0.11170
fb: -1.26636 0.07825 -0.32440 -0.26077
fb: -1.21208 0.08082 -0.35155 -0.28791
dist/lin/ang/drive_left/drive_right/tv_l/tv_r/av_l/av_r/x/y/theta/t_err: -0.23540 -1.10095 0.85550 -1.29290 -1.13126 -0.44539 -0.27994 -0.44539 -0.27994 5.88916 7.15605 224.72093 0.10168
target: -1.10095 0.11191
target: -1.10095 0.11191
fb: -1.14434 0.08716 -0.35011 -0.20409
fb: -1.15184 0.09155 -0.34635 -0.20033
dist/lin/ang/drive_left/drive_right/tv_l/tv_r/av_l/av_r/x/y/theta/t_err: -0.21263 -1.04993 0.83491 -1.24339 -1.06029 -0.38997 -0.29311 -0.38997 -0.29311 5.25282 6.51811 225.43121 0.09956
target: -1.04993 0.10921
target: -1.04993 0.10921
fb: -1.09579 0.09190 -0.32455 -0.20817
fb: -1.01062 0.08960 -0.36714 -0.25076
dist/lin/ang/drive_left/drive_right/tv_l/tv_r/av_l/av_r/x/y/theta/t_err: -0.19082 -1.00000 0.79392 -1.10022 -0.92101 -0.36719 -0.24672 -0.36719 -0.24672 4.65153 5.89932 226.23241 0.09621
target: -1.00000 0.10385
target: -1.00000 0.10385
fb: -1.01040 0.08807 -0.31047 -0.22526
fb: -0.99473 0.08884 -0.31831 -0.23309
dist/lin/ang/drive_left/drive_right/tv_l/tv_r/av_l/av_r/x/y/theta/t_err: -0.17070 -1.10183 0.77351 -1.08357 -0.90589 -0.34908 -0.24111 -0.34908 -0.24111 4.10516 5.32101 227.00341 0.09331
target: -1.10183 0.10118
target: -1.10183 0.10118
fb: -0.93471 0.08891 -1.00000 -0.95267
fb: -0.85152 0.08751 -1.00000 -0.99427
dist/lin/ang/drive_left/drive_right/tv_l/tv_r/av_l/av_r/x/y/theta/t_err: -0.15146 -1.03788 0.55393 -0.93904 -0.76401 -0.35078 -0.27806 -0.35078 -0.27806 3.60684 4.77939 227.76905 0.07995
target: -1.03788 0.07246
target: -1.03788 0.07246
fb: -0.89212 0.08312 -0.22191 -0.38905
fb: -0.97553 0.07915 -0.18020 -0.34734
dist/lin/ang/drive_left/drive_right/tv_l/tv_r/av_l/av_r/x/y/theta/t_err: -0.13379 -0.97545 0.44359 -1.05469 -0.89638 -0.69314 -0.59394 -0.69314 -0.59394 3.13838 4.25594 228.52057 0.06683
target: -0.97545 0.05803
target: -0.97545 0.05803
fb: -0.91529 0.07532 -0.21414 -0.27195
fb: -0.87271 0.07309 -0.23543 -0.29324
dist/lin/ang/drive_left/drive_right/tv_l/tv_r/av_l/av_r/x/y/theta/t_err: -0.11561 -0.90678 0.35208 -0.94580 -0.79962 -0.36514 -0.39664 -0.36514 -0.39664 2.66426 3.71316 229.20650 0.05486
target: -0.90678 0.04606
target: -0.90678 0.04606
fb: -0.92721 0.06543 -0.12376 -0.17540
fb: -0.93273 0.06111 -0.12101 -0.17264
dist/lin/ang/drive_left/drive_right/tv_l/tv_r/av_l/av_r/x/y/theta/t_err: -0.09718 -0.83134 0.27093 -0.99383 -0.87162 -0.22981 -0.27394 -0.22981 -0.27394 2.19044 3.15771 229.82527 0.04406
target: -0.83134 0.03544
target: -0.83134 0.03544
fb: -0.91331 0.06111 0.08420 -0.08746
fb: -0.87094 0.05567 0.06301 -0.10864
dist/lin/ang/drive_left/drive_right/tv_l/tv_r/av_l/av_r/x/y/theta/t_err: -0.07895 -0.74934 0.29046 -0.92661 -0.81527 -0.12867 -0.17864 -0.12867 -0.17864 1.72851 2.60655 230.09777 0.03930
target: -0.74934 0.03800
target: -0.74934 0.03800
fb: -0.78157 0.04794 -0.05982 0.13643
fb: -0.76392 0.03985 -0.06865 0.12761
dist/lin/ang/drive_left/drive_right/tv_l/tv_r/av_l/av_r/x/y/theta/t_err: -0.06339 -0.67144 0.18789 -0.80378 -0.72407 0.02053 -0.07783 0.02053 -0.07783 1.33570 2.13281 230.56023 0.03123
target: -0.67144 0.02458
target: -0.67144 0.02458
fb: -0.71185 0.03031 0.15883 0.07537
fb: -0.61674 0.01972 0.11128 -0.10001
dist/lin/ang/drive_left/drive_right/tv_l/tv_r/av_l/av_r/x/y/theta/t_err: -0.04920 -0.59152 0.16691 -0.63646 -0.59702 -0.05339 0.07972 -0.05339 0.07972 0.98085 1.69892 230.87349 0.02577
target: -0.59152 0.02183
target: -0.59152 0.02183
fb: -0.51193 0.01603 0.09357 0.10255
fb: -0.47530 0.01895 0.07526 0.08424
dist/lin/ang/drive_left/drive_right/tv_l/tv_r/av_l/av_r/x/y/theta/t_err: -0.03898 -0.52652 0.17050 -0.49425 -0.45635 0.08811 -0.04261 0.08811 -0.04261 0.72693 1.38586 231.03087 0.02302
target: -0.52652 0.02230
target: -0.52652 0.02230
fb: -0.45588 0.01338 -0.06780 0.08883
fb: -0.43051 0.00341 -0.08048 0.07614
dist/lin/ang/drive_left/drive_right/tv_l/tv_r/av_l/av_r/x/y/theta/t_err: -0.02988 -0.46100 0.15059 -0.43392 -0.42709 0.04875 0.06569 0.04875 0.06569 0.50154 1.10648 231.17680 0.02047
target: -0.46100 0.01970
target: -0.46100 0.01970
fb: -0.39366 0.00125 -0.11370 -0.11564
fb: -0.40337 0.00418 -0.10885 -0.11078
dist/lin/ang/drive_left/drive_right/tv_l/tv_r/av_l/av_r/x/y/theta/t_err: -0.02201 -0.39567 0.16707 -0.40755 -0.39918 -0.07033 0.02514 -0.07033 0.02514 0.30729 0.86493 231.20450 0.01999
target: -0.39567 0.02185
target: -0.39567 0.02185
fb: -0.38593 0.01233 -0.08397 0.04765
fb: -0.33937 0.02188 -0.10725 -0.06346
dist/lin/ang/drive_left/drive_right/tv_l/tv_r/av_l/av_r/x/y/theta/t_err: -0.01430 -0.31893 0.15322 -0.36125 -0.31750 -0.11003 -0.08775 -0.11003 -0.08775 0.11697 0.62803 231.26204 0.01898
target: -0.31893 0.02004
target: -0.31893 0.02004
fb: -0.35107 0.02341 0.08530 0.10075
fb: -0.30252 0.01665 0.06103 0.07647
dist/lin/ang/drive_left/drive_right/tv_l/tv_r/av_l/av_r/x/y/theta/t_err: -0.00731 -0.00183 0.09888 -0.31918 -0.28587 -0.11072 -0.04931 -0.11072 -0.04931 -0.05566 0.41213 231.46038 0.01552
target: -0.00183 0.01293
target: -0.00183 0.01293
fb: -0.25398 0.01414 0.82195 0.78020
fb: -0.20764 0.01610 0.79878 0.75703
dist/lin/ang/drive_left/drive_right/tv_l/tv_r/av_l/av_r/x/y/theta/t_err: -0.00225 -0.00056 0.08302 -0.22374 -0.19155 0.07153 0.06228 0.07153 0.06228 -0.18004 0.25553 231.61587 0.01281
target: -0.00056 0.01086
target: -0.00056 0.01086
fb: -0.13372 0.01212 0.04341 0.04418
fb: -0.07944 0.00216 0.04341 0.04418
dist/lin/ang/drive_left/drive_right/tv_l/tv_r/av_l/av_r/x/y/theta/t_err: 0.00041 0.00010 0.06526 -0.08160 -0.07728 0.31228 0.42072 0.31228 0.42072 -0.24533 0.17293 231.75418 0.01040
target: 0.00010 0.00854
target: 0.00010 0.00854
fb: -0.04281 -0.00620 0.04512 -0.04729
fb: -0.01545 -0.00989 0.04512 -0.04729
dist/lin/ang/drive_left/drive_right/tv_l/tv_r/av_l/av_r/x/y/theta/t_err: 0.00126 0.00032 0.08853 -0.00555 -0.02534 0.06758 0.09036 0.06758 0.09036 -0.26619 0.14645 231.75685 0.01035
target: 0.00032 0.01158
target: 0.00032 0.01158
fb: -0.00375 -0.00732 -0.05994 0.06592
fb: 0.00000 -0.00655 -0.05994 0.06592
dist/lin/ang/drive_left/drive_right/tv_l/tv_r/av_l/av_r/x/y/theta/t_err: 0.00135 0.00034 0.11435 0.00655 -0.00655 0.02311 -0.03217 0.02311 -0.03217 -0.26802 0.14413 231.67874 0.01171
target: 0.00034 0.01496
target: 0.00034 0.01496
fb: 0.00000 -0.00808 -0.06408 0.06931
fb: 0.00000 -0.00989 -0.06408 0.06931
decreased kd to 3.90000
decreased kd to 3.80000
decreased kd to 3.70000
decreased kd to 3.60000
increased kp to 7.90000
increased kp to 8.00000
increased kp to 8.10000
increased kp to 8.20000
start is 0.00000 0.00000
dist/lin/ang/drive_left/drive_right/tv_l/tv_r/av_l/av_r/x/y/theta/t_err: 0.86210 0.09144 1.20000 0.00000 0.00000 -0.00017 0.00033 -0.00017 0.00033 0.00000 0.00000 -0.00001 0.78540
target: 0.09144 0.15697
target: 0.09144 0.15697
fb: 0.00000 0.00000 -0.63386 1.00000
fb: 0.00000 0.00000 -0.63386 1.00000
dist/lin/ang/drive_left/drive_right/tv_l/tv_r/av_l/av_r/x/y/theta/t_err: 0.86210 0.18288 2.40000 0.00000 0.00000 -0.02772 0.02653 -0.02772 0.02653 0.00000 0.00000 -0.00001 0.78540
target: 0.18288 0.31394
target: 0.18288 0.31394
fb: 0.00000 0.00000 -0.77073 1.00000
fb: 0.00000 0.00000 -0.77073 1.00000
dist/lin/ang/drive_left/drive_right/tv_l/tv_r/av_l/av_r/x/y/theta/t_err: 0.86210 0.27432 3.60000 0.00000 0.00000 -0.40447 0.46747 -0.40447 0.46747 0.00000 0.00000 -0.00001 0.78540
target: 0.27432 0.47092
target: 0.27432 0.47092
fb: 0.00000 0.00537 -0.87215 1.00000
fb: -0.00397 0.04076 -0.85246 1.00000
dist/lin/ang/drive_left/drive_right/tv_l/tv_r/av_l/av_r/x/y/theta/t_err: 0.86210 0.36576 4.80000 -0.04473 0.03679 -0.60964 0.71144 -0.60964 0.71144 0.00000 0.00000 0.01269 0.78518
target: 0.36576 0.62789
target: 0.36576 0.62789
fb: -0.00397 0.08605 -0.93392 1.00000
fb: -0.00397 0.13064 -0.91163 1.00000
dist/lin/ang/drive_left/drive_right/tv_l/tv_r/av_l/av_r/x/y/theta/t_err: 0.86216 0.43596 6.00000 -0.13461 0.12667 -0.54036 0.77086 -0.54036 0.77086 -0.00313 -0.00000 0.46251 0.77726
target: 0.43596 0.78486
target: 0.43596 0.78486
fb: -0.00397 0.17036 -1.00000 1.00000
fb: 0.00000 0.20812 -1.00000 1.00000
dist/lin/ang/drive_left/drive_right/tv_l/tv_r/av_l/av_r/x/y/theta/t_err: 0.86222 0.45677 6.00000 -0.20812 0.20812 -0.55919 0.82186 -0.55919 0.82186 -0.00625 -0.00004 1.68825 0.75580
target: 0.45677 0.78486
target: 0.45677 0.78486
fb: 0.00000 0.24526 -0.39566 1.00000
fb: -0.00177 0.28379 -0.37551 1.00000
dist/lin/ang/drive_left/drive_right/tv_l/tv_r/av_l/av_r/x/y/theta/t_err: 0.86222 0.49024 5.62741 -0.28555 0.28202 -0.44197 0.86906 -0.44197 0.86906 -0.00625 -0.00004 3.58760 0.72265
target: 0.49024 0.73612
target: 0.49024 0.73612
fb: -0.00177 0.31918 0.05099 1.00000
fb: 0.00000 0.35347 0.06725 1.00000
dist/lin/ang/drive_left/drive_right/tv_l/tv_r/av_l/av_r/x/y/theta/t_err: 0.86224 0.53788 5.15845 -0.35347 0.35347 -0.31808 0.89369 -0.31808 0.89369 -0.00764 -0.00015 6.14207 0.67804
target: 0.53788 0.67478
target: 0.53788 0.67478
fb: 0.02317 0.38280 0.40595 1.00000
fb: 0.06399 0.40677 0.39752 1.00000
dist/lin/ang/drive_left/drive_right/tv_l/tv_r/av_l/av_r/x/y/theta/t_err: 0.86187 0.60037 4.62289 -0.34278 0.47076 0.04122 0.90533 0.04122 0.90533 0.01040 0.00254 9.28189 0.62356
target: 0.60037 0.60472
target: 0.60037 0.60472
fb: 0.09510 0.42182 0.62695 0.99504
fb: 0.12202 0.42997 0.61757 0.97750
dist/lin/ang/drive_left/drive_right/tv_l/tv_r/av_l/av_r/x/y/theta/t_err: 0.86029 0.67664 4.05987 -0.30795 0.55199 0.36378 0.85914 0.36378 0.85914 0.08386 0.01706 12.86125 0.56232
target: 0.67664 0.53107
target: 0.67664 0.53107
fb: 0.16858 0.42732 0.81994 0.97792
fb: 0.20366 0.41610 0.79679 0.96599
dist/lin/ang/drive_left/drive_right/tv_l/tv_r/av_l/av_r/x/y/theta/t_err: 0.85738 0.76269 3.52260 -0.21244 0.61976 0.42383 0.77733 0.42383 0.77733 0.21210 0.05122 16.60019 0.49904
target: 0.76269 0.46079
target: 0.76269 0.46079
fb: 0.25993 0.40245 0.94637 0.99516
fb: 0.31818 0.39241 0.91223 0.97105
dist/lin/ang/drive_left/drive_right/tv_l/tv_r/av_l/av_r/x/y/theta/t_err: 0.85274 0.85187 3.05720 -0.07424 0.71059 0.47811 0.59700 0.47811 0.59700 0.40605 0.11651 20.20402 0.43887
target: 0.85187 0.39991
target: 0.85187 0.39991
fb: 0.33362 0.38099 1.00000 1.00000
fb: 0.34510 0.36782 1.00000 1.00000
dist/lin/ang/drive_left/drive_right/tv_l/tv_r/av_l/av_r/x/y/theta/t_err: 0.84662 0.94220 2.63150 -0.02272 0.71292 0.50461 0.49381 0.50461 0.49381 0.64969 0.21467 23.60536 0.38264
target: 0.94220 0.34423
target: 0.94220 0.34423
fb: 0.36849 0.34747 1.00000 1.00000
fb: 0.40335 0.32100 1.00000 1.00000
dist/lin/ang/drive_left/drive_right/tv_l/tv_r/av_l/av_r/x/y/theta/t_err: 0.83971 1.03251 2.23991 0.08236 0.72435 0.69708 0.70872 0.69708 0.70872 0.91207 0.33847 26.76994 0.33044
target: 1.03251 0.29300
target: 1.03251 0.29300
fb: 0.47308 0.30184 1.00000 1.00000
fb: 0.56046 0.28741 1.00000 1.00000
dist/lin/ang/drive_left/drive_right/tv_l/tv_r/av_l/av_r/x/y/theta/t_err: 0.83069 1.11548 1.93756 0.27305 0.84788 0.77153 0.81019 0.77153 0.81019 1.24015 0.51484 29.53745 0.28556
target: 1.11548 0.25345
target: 1.11548 0.25345
fb: 0.59731 0.27334 1.00000 1.00000
fb: 0.68072 0.25954 1.00000 1.00000
dist/lin/ang/drive_left/drive_right/tv_l/tv_r/av_l/av_r/x/y/theta/t_err: 0.81916 1.19285 1.66161 0.42118 0.94026 0.78711 0.83056 0.78711 0.83056 1.64411 0.75566 32.02004 0.24602
target: 1.19285 0.21736
target: 1.19285 0.21736
fb: 0.73324 0.24428 1.00000 1.00000
fb: 0.71184 0.22882 1.00000 1.00000
dist/lin/ang/drive_left/drive_right/tv_l/tv_r/av_l/av_r/x/y/theta/t_err: 0.80488 1.26465 1.41724 0.48302 0.94065 0.82747 0.83756 0.82747 0.83756 2.12755 1.07124 34.25373 0.21113
target: 1.26465 0.18539
target: 1.26465 0.18539
fb: 0.76987 0.20882 1.00000 1.00000
fb: 0.78730 0.19035 1.00000 1.00000
dist/lin/ang/drive_left/drive_right/tv_l/tv_r/av_l/av_r/x/y/theta/t_err: 0.78977 1.32993 1.20893 0.59695 0.97766 0.84578 0.85231 0.84578 0.85231 2.62234 1.42142 36.20809 0.18076
target: 1.32993 0.15814
target: 1.32993 0.15814
fb: 0.83982 0.17635 1.00000 1.00000
fb: 0.90580 0.16653 1.00000 1.00000
dist/lin/ang/drive_left/drive_right/tv_l/tv_r/av_l/av_r/x/y/theta/t_err: 0.77321 1.38588 1.05087 0.73927 1.07233 0.85847 0.85625 0.85847 0.85625 3.14981 1.82022 37.84993 0.15568
target: 1.38588 0.13746
target: 1.38588 0.13746
fb: 0.86101 0.16227 1.00000 1.00000
fb: 0.93074 0.15593 1.00000 1.00000
dist/lin/ang/drive_left/drive_right/tv_l/tv_r/av_l/av_r/x/y/theta/t_err: 0.75617 1.43678 0.89623 0.77480 1.08667 0.86017 0.85642 0.86017 0.85642 3.67984 2.24293 39.30297 0.13357
target: 1.43678 0.11724
target: 1.43678 0.11724
fb: 1.06468 0.14541 1.00000 1.00000
fb: 1.07461 0.13879 1.00000 1.00000
dist/lin/ang/drive_left/drive_right/tv_l/tv_r/av_l/av_r/x/y/theta/t_err: 0.73504 1.48368 0.75443 0.93581 1.21340 0.85864 0.85503 0.85864 0.85503 4.32207 2.78174 40.63947 0.11375
target: 1.48368 0.09869
target: 1.48368 0.09869
fb: 1.10925 0.13155 1.00000 1.00000
fb: 1.21208 0.12347 1.00000 0.98085
dist/lin/ang/drive_left/drive_right/tv_l/tv_r/av_l/av_r/x/y/theta/t_err: 0.71297 1.52652 0.62907 1.08861 1.33554 0.86856 0.86786 0.86856 0.86786 4.97860 3.35777 41.83421 0.09610
target: 1.52652 0.08229
target: 1.52652 0.08229
fb: 1.17920 0.11239 1.00000 1.00000
fb: 1.12867 0.10228 1.00000 1.00000
dist/lin/ang/drive_left/drive_right/tv_l/tv_r/av_l/av_r/x/y/theta/t_err: 0.68948 1.56489 0.52188 1.02639 1.23095 0.89147 0.78317 0.89147 0.78317 5.66469 3.98337 42.89077 0.08062
target: 1.56489 0.06827
target: 1.56489 0.06827
fb: 1.20634 0.09497 1.00000 1.00000
fb: 1.29747 0.08737 1.00000 0.97806
dist/lin/ang/drive_left/drive_right/tv_l/tv_r/av_l/av_r/x/y/theta/t_err: 0.66542 1.59745 0.43953 1.21010 1.38485 0.88361 0.86375 0.88361 0.86375 6.35535 4.63548 43.77941 0.06774
target: 1.59745 0.05750
target: 1.59745 0.05750
fb: 1.31689 0.08194 0.99591 0.98218
fb: 1.29152 0.07755 1.00000 0.99487
dist/lin/ang/drive_left/drive_right/tv_l/tv_r/av_l/av_r/x/y/theta/t_err: 0.63913 1.62488 0.37165 1.21397 1.36907 0.81586 0.75356 0.81586 0.75356 7.09920 5.35789 44.53585 0.05705
target: 1.62488 0.04861
target: 1.62488 0.04861
fb: 1.35352 0.07072 0.97953 0.97094
fb: 1.41575 0.06522 0.94842 0.93983
dist/lin/ang/drive_left/drive_right/tv_l/tv_r/av_l/av_r/x/y/theta/t_err: 0.61210 1.64911 0.30757 1.35053 1.48097 0.73781 0.72772 0.73781 0.72772 7.85433 6.10998 45.19883 0.04774
target: 1.64911 0.04023
target: 1.64911 0.04023
fb: 1.37912 0.06501 0.97937 0.96406
fb: 1.42943 0.06591 0.95422 0.93891
dist/lin/ang/drive_left/drive_right/tv_l/tv_r/av_l/av_r/x/y/theta/t_err: 0.58454 1.67010 0.25415 1.36352 1.49534 0.75667 0.74194 0.75667 0.74194 8.61570 6.88427 45.77179 0.03975
target: 1.67010 0.03325
target: 1.67010 0.03325
fb: 1.43693 0.06466 0.95505 0.94293
fb: 1.39059 0.06487 0.97822 0.96610
dist/lin/ang/drive_left/drive_right/tv_l/tv_r/av_l/av_r/x/y/theta/t_err: 0.55582 1.69201 0.18426 1.32573 1.45546 0.83125 0.76469 0.83125 0.76469 9.40091 7.69889 46.34711 0.03151
target: 1.69201 0.02410
target: 1.69201 0.02410
fb: 1.52056 0.06438 0.95266 0.90892
fb: 1.53402 0.05936 0.94593 0.90219
dist/lin/ang/drive_left/drive_right/tv_l/tv_r/av_l/av_r/x/y/theta/t_err: 0.52542 1.71424 0.11609 1.47466 1.59339 0.72789 0.79122 0.72789 0.79122 10.22297 8.56936 46.90886 0.02324
target: 1.71424 0.01519
target: 1.71424 0.01519
fb: 1.51858 0.05553 0.98020 0.92656
fb: 1.57286 0.05846 0.95306 0.89941
dist/lin/ang/drive_left/drive_right/tv_l/tv_r/av_l/av_r/x/y/theta/t_err: 0.49506 1.73534 0.05697 1.51440 1.63132 0.71781 0.85831 0.71781 0.85831 11.03575 9.44637 47.41913 0.01547
target: 1.73534 0.00745
target: 1.73534 0.00745
fb: 1.51262 0.06236 0.99767 0.94434
fb: 1.56315 0.06543 0.97241 0.91907
dist/lin/ang/drive_left/drive_right/tv_l/tv_r/av_l/av_r/x/y/theta/t_err: 0.46481 1.75877 -0.01994 1.49772 1.62857 0.73389 0.85214 0.73389 0.85214 11.83768 10.32698 47.94906 0.00694
target: 1.75877 -0.00261
target: 1.75877 -0.00261
fb: 1.62515 0.06807 0.98930 0.90156
fb: 1.58632 0.06779 1.00000 0.92098
dist/lin/ang/drive_left/drive_right/tv_l/tv_r/av_l/av_r/x/y/theta/t_err: 0.43231 1.74490 -0.11605 1.51852 1.65411 0.74072 0.86461 0.74072 0.86461 12.68998 11.28148 48.53329 -0.00312
target: 1.74490 -0.01518
target: 1.74490 -0.01518
fb: 1.59625 0.07009 0.86165 0.73445
fb: 1.57683 0.07204 0.87136 0.74416
dist/lin/ang/drive_left/drive_right/tv_l/tv_r/av_l/av_r/x/y/theta/t_err: 0.40038 1.65001 -0.21789 1.50479 1.64887 0.74486 0.79633 0.74486 0.79633 13.51729 12.22770 49.13562 -0.01430
target: 1.65001 -0.02850
target: 1.65001 -0.02850
fb: 1.55543 0.06982 0.48386 0.33198
fb: 1.69113 0.06703 0.41601 0.26413
dist/lin/ang/drive_left/drive_right/tv_l/tv_r/av_l/av_r/x/y/theta/t_err: 0.36928 1.55387 -0.33130 1.62410 1.75816 0.72139 0.68628 0.72139 0.68628 14.31350 13.15830 49.75316 -0.02674
target: 1.55387 -0.04334
target: 1.55387 -0.04334
fb: 1.70459 0.06159 0.33344 0.14797
fb: 1.62913 0.05755 0.37117 0.18570
dist/lin/ang/drive_left/drive_right/tv_l/tv_r/av_l/av_r/x/y/theta/t_err: 0.33521 1.44979 -0.44706 1.57157 1.68668 0.51894 0.42914 0.51894 0.42914 15.17559 14.18703 50.32723 -0.03999
target: 1.44979 -0.05848
target: 1.44979 -0.05848
fb: 1.66399 0.05609 0.23868 -0.09774
fb: 1.58235 0.04989 0.27950 0.07091
dist/lin/ang/drive_left/drive_right/tv_l/tv_r/av_l/av_r/x/y/theta/t_err: 0.30196 1.34683 -0.56037 1.53246 1.63223 0.37831 0.20533 0.37831 0.20533 16.00761 15.19917 50.82162 -0.05350
target: 1.34683 -0.07330
target: 1.34683 -0.07330
fb: 1.52056 0.03498 0.22962 -0.12388
fb: 1.44488 0.02028 0.26746 -0.08603
dist/lin/ang/drive_left/drive_right/tv_l/tv_r/av_l/av_r/x/y/theta/t_err: 0.27161 1.25068 -0.66662 1.42460 1.46515 0.32375 0.09461 0.32375 0.09461 16.76053 16.13010 51.21387 -0.06675
target: 1.25068 -0.08720
target: 1.25068 -0.08720
fb: 1.41774 0.00857 0.22581 -0.13807
fb: 1.43142 -0.00293 0.21896 -0.14491
dist/lin/ang/drive_left/drive_right/tv_l/tv_r/av_l/av_r/x/y/theta/t_err: 0.24333 1.16421 -0.72686 1.43434 1.42849 0.32219 -0.06331 0.32219 -0.06331 17.45849 17.00133 51.35629 -0.07719
target: 1.16421 -0.09508
target: 1.16421 -0.09508
fb: 1.27982 -0.01240 0.23292 -0.08742
fb: 1.19840 -0.01394 0.27363 0.08112
dist/lin/ang/drive_left/drive_right/tv_l/tv_r/av_l/av_r/x/y/theta/t_err: 0.21782 1.08752 -0.77009 1.21234 1.18447 0.30767 -0.10575 0.30767 -0.10575 18.08805 17.78821 51.29612 -0.08516
target: 1.08752 -0.10074
target: 1.08752 -0.10074
fb: 1.19090 -0.01770 0.24038 -0.06757
fb: 1.11521 -0.01770 0.27823 0.09811
dist/lin/ang/drive_left/drive_right/tv_l/tv_r/av_l/av_r/x/y/theta/t_err: 0.19409 1.01362 -0.83451 1.13291 1.09751 0.30269 0.02206 0.30269 0.02206 18.67523 18.51933 51.15967 -0.09308
target: 1.01362 -0.10916
target: 1.01362 -0.10916
fb: 1.06865 -0.04759 0.26353 -0.08073
fb: 0.97156 -0.06076 0.31207 0.09565
dist/lin/ang/drive_left/drive_right/tv_l/tv_r/av_l/av_r/x/y/theta/t_err: 0.17282 1.10864 -0.86443 1.03232 0.91080 0.29344 0.03731 0.29344 0.03731 19.20386 19.17401 50.84787 -0.09896
target: 1.10864 -0.11308
target: 1.10864 -0.11308
fb: 0.95413 -0.07002 1.00000 0.88435
fb: 0.99892 -0.07804 1.00000 0.86196
dist/lin/ang/drive_left/drive_right/tv_l/tv_r/av_l/av_r/x/y/theta/t_err: 0.15305 1.04331 -0.64388 1.07696 0.92089 0.33981 0.15403 0.33981 0.15403 19.68107 19.75426 50.28953 -0.08922
target: 1.04331 -0.08423
target: 1.04331 -0.08423
fb: 0.89212 -0.08612 0.22860 0.38112
fb: 0.81445 -0.09525 0.26744 0.41995
dist/lin/ang/drive_left/drive_right/tv_l/tv_r/av_l/av_r/x/y/theta/t_err: 0.13539 0.98126 -0.51919 0.90970 0.71921 0.63208 0.59100 0.63208 0.59100 20.13303 20.29201 49.58203 -0.07687
target: 0.98126 -0.06792
target: 0.98126 -0.06792
fb: 0.87469 -0.09769 0.23947 0.30093
fb: 0.92699 -0.09678 0.21332 0.27478
dist/lin/ang/drive_left/drive_right/tv_l/tv_r/av_l/av_r/x/y/theta/t_err: 0.11808 0.91640 -0.37870 1.02377 0.83021 0.37608 0.43444 0.37608 0.43444 20.58355 20.81295 48.74384 -0.06224
target: 0.91640 -0.04954
target: 0.91640 -0.04954
fb: 0.95016 -0.09162 0.10976 0.21440
fb: 0.98921 -0.08556 0.09024 0.19487
dist/lin/ang/drive_left/drive_right/tv_l/tv_r/av_l/av_r/x/y/theta/t_err: 0.09924 0.84010 -0.26330 1.07478 0.90365 0.21578 0.30236 0.21578 0.30236 21.08110 21.37168 47.92083 -0.04788
target: 0.84010 -0.03444
target: 0.84010 -0.03444
fb: 0.91154 -0.07929 -0.09958 0.11374
fb: 0.85130 -0.06145 -0.06946 0.14386
dist/lin/ang/drive_left/drive_right/tv_l/tv_r/av_l/av_r/x/y/theta/t_err: 0.08113 0.75960 -0.17059 0.91276 0.78985 0.06400 0.19592 0.06400 0.19592 21.56547 21.90134 47.18136 -0.03497
target: 0.75960 -0.02232
target: 0.75960 -0.02232
fb: 0.76613 -0.04020 -0.11174 0.09104
fb: 0.71185 -0.03728 -0.08460 0.11818
dist/lin/ang/drive_left/drive_right/tv_l/tv_r/av_l/av_r/x/y/theta/t_err: 0.06588 0.68452 -0.13803 0.74912 0.67457 -0.05525 0.14389 -0.05525 0.14389 21.97748 22.34197 46.68598 -0.02632
target: 0.68452 -0.01806
target: 0.68452 -0.01806
fb: 0.70214 -0.03470 -0.09396 -0.08417
fb: 0.62447 -0.03365 0.06293 0.08250
dist/lin/ang/drive_left/drive_right/tv_l/tv_r/av_l/av_r/x/y/theta/t_err: 0.05189 0.60747 -0.11913 0.65812 0.59081 -0.07806 0.06656 -0.07806 0.06656 22.35787 22.74318 46.36377 -0.02070
target: 0.60747 -0.01558
target: 0.60747 -0.01558
fb: 0.62623 -0.01700 -0.12764 -0.13067
fb: 0.63991 -0.00355 -0.13448 -0.13751
dist/lin/ang/drive_left/drive_right/tv_l/tv_r/av_l/av_r/x/y/theta/t_err: 0.03940 0.52934 -0.09419 0.64347 0.63636 -0.01522 0.03150 -0.01522 0.03150 22.69904 23.09919 46.11211 -0.01631
target: 0.52934 -0.01232
target: 0.52934 -0.01232
fb: 0.56842 0.00000 -0.18000 -0.17162
fb: 0.52760 -0.00153 -0.15959 -0.15121
dist/lin/ang/drive_left/drive_right/tv_l/tv_r/av_l/av_r/x/y/theta/t_err: 0.02803 0.44653 -0.12202 0.52913 0.52606 -0.13072 -0.11447 -0.13072 -0.11447 23.00947 23.42161 46.07313 -0.01563
target: 0.44653 -0.01596
target: 0.44653 -0.01596
fb: 0.50023 -0.00153 -0.03921 -0.09826
fb: 0.44992 0.00537 0.06399 -0.07310
dist/lin/ang/drive_left/drive_right/tv_l/tv_r/av_l/av_r/x/y/theta/t_err: 0.01803 0.35812 -0.12294 0.44456 0.45529 -0.10422 -0.12817 -0.10422 -0.12817 23.28276 23.70527 46.05579 -0.01532
target: 0.35812 -0.01608
target: 0.35812 -0.01608
fb: 0.39564 0.00752 -0.09078 -0.11831
fb: 0.32194 0.00530 -0.05393 -0.08146
dist/lin/ang/drive_left/drive_right/tv_l/tv_r/av_l/av_r/x/y/theta/t_err: 0.01011 0.26820 -0.13782 0.31665 0.32724 -0.00494 -0.08161 -0.00494 -0.08161 23.49889 23.92963 46.09630 -0.01603
target: 0.26820 -0.01803
target: 0.26820 -0.01803
fb: 0.27340 -0.00307 -0.10138 -0.14795
fb: 0.23853 -0.01317 -0.08395 -0.13052
dist/lin/ang/drive_left/drive_right/tv_l/tv_r/av_l/av_r/x/y/theta/t_err: 0.00464 0.00116 -0.13510 0.25170 0.22536 -0.06450 -0.09225 -0.06450 -0.09225 23.64813 24.08477 46.10844 -0.01624
target: 0.00116 -0.01767
target: 0.00116 -0.01767
fb: 0.18050 -0.01812 -0.65210 -0.67748
fb: 0.12401 -0.02048 -0.56243 -0.58781
dist/lin/ang/drive_left/drive_right/tv_l/tv_r/av_l/av_r/x/y/theta/t_err: 0.00105 0.00026 -0.09556 0.14450 0.10353 -0.16272 -0.18992 -0.16272 -0.18992 23.74675 24.18711 45.98306 -0.01405
target: 0.00026 -0.01250
target: 0.00026 -0.01250
fb: 0.07569 -0.02160 -0.05563 0.05712
fb: 0.03111 -0.02299 -0.05563 0.05712
dist/lin/ang/drive_left/drive_right/tv_l/tv_r/av_l/av_r/x/y/theta/t_err: -0.00044 -0.00011 -0.05885 0.05411 0.00812 -0.37903 -0.18222 -0.37903 -0.18222 23.78822 24.22991 45.79518 -0.01078
target: -0.00011 -0.00770
target: -0.00011 -0.00770
fb: 0.00574 -0.02473 -0.05626 0.05958
fb: 0.00000 -0.01770 -0.05626 0.05958
dist/lin/ang/drive_left/drive_right/tv_l/tv_r/av_l/av_r/x/y/theta/t_err: -0.00052 -0.00013 -0.02448 0.01770 -0.01770 -0.07856 0.06025 -0.07856 0.06025 23.79137 24.23315 45.58239 -0.00706
target: -0.00013 -0.00320
target: -0.00013 -0.00320
fb: 0.00000 -0.00752 -0.05720 0.06191
fb: 0.00000 0.00348 -0.05720 0.06191
dist/lin/ang/drive_left/drive_right/tv_l/tv_r/av_l/av_r/x/y/theta/t_err: -0.00050 -0.00013 -0.01663 -0.00348 0.00348 -0.05200 0.05508 -0.05200 0.05508 23.79137 24.23315 45.44488 -0.00466
target: -0.00013 -0.00217
target: -0.00013 -0.00217
fb: 0.00000 0.01150 -0.04223 0.04705
fb: 0.00000 0.01449 -0.04223 0.04705
final error: 0.31286, x: 0.20863, y: -0.23315
final local error: 0.31286, forwards: -0.02004, sideways: -0.31222
position: 23.79137 24.23315 45.49540
took 1.16000 time to finish turn
dist/lin/ang/drive_left/drive_right/tv_l/tv_r/av_l/av_r/x/y/theta/t_err: -0.86142 -0.09144 -0.08674 0.00000 0.00000 -0.00017 0.00017 -0.00017 0.00017 23.75947 24.20019 226.10437 -0.01009
target: -0.09144 -0.01135
target: -0.09144 -0.01135
fb: 0.00000 0.00000 -0.19708 -0.31929
fb: 0.00000 0.00000 -0.19708 -0.31929
dist/lin/ang/drive_left/drive_right/tv_l/tv_r/av_l/av_r/x/y/theta/t_err: -0.86142 -0.18288 -0.08674 0.00000 0.00000 -0.02172 -0.05631 -0.02172 -0.05631 23.75947 24.20019 226.10440 -0.01009
target: -0.18288 -0.01135
target: -0.18288 -0.01135
fb: 0.00000 0.00000 -0.37340 -0.39351
fb: 0.00000 0.00091 -0.37340 -0.39351
dist/lin/ang/drive_left/drive_right/tv_l/tv_r/av_l/av_r/x/y/theta/t_err: -0.86142 -0.27432 -0.08674 -0.00091 0.00091 -0.18514 -0.28319 -0.18514 -0.28319 23.75947 24.20019 226.10440 -0.01009
target: -0.27432 -0.01135
target: -0.27432 -0.01135
fb: 0.00000 0.00864 -0.45296 -0.47306
fb: 0.00000 0.00683 -0.45296 -0.47306
dist/lin/ang/drive_left/drive_right/tv_l/tv_r/av_l/av_r/x/y/theta/t_err: -0.86142 -0.36576 -0.09663 -0.00683 0.00683 -0.33744 -0.36003 -0.33744 -0.36003 23.75947 24.20019 226.13488 -0.01062
target: -0.36576 -0.01264
target: -0.36576 -0.01264
fb: -0.02516 0.00202 -0.51324 -0.54672
fb: -0.11827 -0.00160 -0.46669 -0.50016
dist/lin/ang/drive_left/drive_right/tv_l/tv_r/av_l/av_r/x/y/theta/t_err: -0.86091 -0.45720 -0.10639 -0.11667 -0.11988 -0.42592 -0.42708 -0.42592 -0.42708 23.74575 24.18590 226.18095 -0.01143
target: -0.45720 -0.01392
target: -0.45720 -0.01392
fb: -0.20168 -0.00613 -0.50376 -0.53879
fb: -0.23655 -0.00634 -0.48632 -0.52136
dist/lin/ang/drive_left/drive_right/tv_l/tv_r/av_l/av_r/x/y/theta/t_err: -0.85688 -0.54864 -0.09003 -0.23021 -0.24289 -0.46200 -0.46147 -0.46200 -0.46147 23.63578 24.07134 226.15247 -0.01098
target: -0.54864 -0.01178
target: -0.54864 -0.01178
fb: -0.25221 -0.00683 -0.80020 -0.80204
fb: -0.29877 -0.00989 -0.77692 -0.77876
dist/lin/ang/drive_left/drive_right/tv_l/tv_r/av_l/av_r/x/y/theta/t_err: -0.85184 -0.64008 -0.07654 -0.28888 -0.30867 -0.53181 -0.49244 -0.53181 -0.49244 23.49813 23.92819 226.09368 -0.01002
target: -0.64008 -0.01001
target: -0.64008 -0.01001
fb: -0.36254 -0.01115 -0.82782 -0.83075
fb: -0.39741 -0.00759 -0.81038 -0.81332
dist/lin/ang/drive_left/drive_right/tv_l/tv_r/av_l/av_r/x/y/theta/t_err: -0.84459 -0.73152 -0.05955 -0.38981 -0.40500 -0.30458 -0.47258 -0.30458 -0.47258 23.30001 23.72266 226.00707 -0.00859
target: -0.73152 -0.00779
target: -0.73152 -0.00779
fb: -0.41903 -0.00773 -0.88642 -0.88233
fb: -0.44220 -0.01212 -0.87483 -0.87074
dist/lin/ang/drive_left/drive_right/tv_l/tv_r/av_l/av_r/x/y/theta/t_err: -0.83621 -0.82296 -0.05289 -0.43008 -0.45432 -0.44336 -0.45789 -0.44336 -0.45789 23.07069 23.48543 225.93791 -0.00746
target: -0.82296 -0.00692
target: -0.82296 -0.00692
fb: -0.45368 -0.01470 -0.94689 -0.95388
fb: -0.47530 -0.01839 -0.93608 -0.94307
dist/lin/ang/drive_left/drive_right/tv_l/tv_r/av_l/av_r/x/y/theta/t_err: -0.82713 -0.91440 -0.02774 -0.45691 -0.49369 -0.47517 -0.51144 -0.47517 -0.51144 22.82202 23.22897 225.82160 -0.00550
target: -0.91440 -0.00363
target: -0.91440 -0.00363
fb: -0.54701 -0.02062 -0.99661 -0.97748
fb: -0.56820 -0.02181 -0.98602 -0.96689
dist/lin/ang/drive_left/drive_right/tv_l/tv_r/av_l/av_r/x/y/theta/t_err: -0.81619 -1.00584 0.00704 -0.54639 -0.59001 -0.54772 -0.52464 -0.54772 -0.52464 22.52139 22.92052 225.65106 -0.00258
target: -1.00584 0.00092
target: -1.00584 0.00092
fb: -0.57989 -0.02285 -1.00000 -1.00000
fb: -0.62248 -0.02453 -1.00000 -1.00000
dist/lin/ang/drive_left/drive_right/tv_l/tv_r/av_l/av_r/x/y/theta/t_err: -0.80459 -1.09728 0.04135 -0.59795 -0.64701 -0.46439 -0.48511 -0.46439 -0.48511 22.20164 22.59456 225.45464 0.00084
target: -1.09728 0.00541
target: -1.09728 0.00541
fb: -0.69044 -0.02843 -1.00000 -1.00000
fb: -0.74671 -0.02731 -1.00000 -1.00000
dist/lin/ang/drive_left/drive_right/tv_l/tv_r/av_l/av_r/x/y/theta/t_err: -0.79078 -1.18872 0.08132 -0.71940 -0.77402 -0.74381 -0.74825 -0.74381 -0.74825 21.81951 22.20786 225.22910 0.00482
target: -1.18872 0.01064
target: -1.18872 0.01064
fb: -0.74274 -0.02662 -1.00000 -1.00000
fb: -0.77959 -0.02926 -1.00000 -1.00000
dist/lin/ang/drive_left/drive_right/tv_l/tv_r/av_l/av_r/x/y/theta/t_err: -0.77593 -1.28016 0.12141 -0.75033 -0.80885 -0.83364 -0.82903 -0.83364 -0.82903 21.40677 21.79352 224.99041 0.00912
target: -1.28016 0.01588
target: -1.28016 0.01588
fb: -0.86697 -0.02954 -1.00000 -1.00000
fb: -0.89014 -0.02836 -1.00000 -1.00000
dist/lin/ang/drive_left/drive_right/tv_l/tv_r/av_l/av_r/x/y/theta/t_err: -0.75859 -1.37160 0.16652 -0.86178 -0.91850 -0.84647 -0.84356 -0.84647 -0.84356 20.92288 21.31200 224.73400 0.01386
target: -1.37160 0.02178
target: -1.37160 0.02178
fb: -0.89786 -0.02808 -1.00000 -1.00000
fb: -0.91353 -0.02738 -1.00000 -1.00000
dist/lin/ang/drive_left/drive_right/tv_l/tv_r/av_l/av_r/x/y/theta/t_err: -0.74064 -1.46304 0.20860 -0.88615 -0.94091 -0.86478 -0.86186 -0.86478 -0.86186 20.41954 20.81555 224.48086 0.01866
target: -1.46304 0.02729
target: -1.46304 0.02729
fb: -0.98524 -0.02585 -1.00000 -1.00000
fb: -1.03953 -0.02508 -1.00000 -1.00000
dist/lin/ang/drive_left/drive_right/tv_l/tv_r/av_l/av_r/x/y/theta/t_err: -0.72094 -1.55448 0.24868 -1.01444 -1.06461 -0.87111 -0.86889 -0.87111 -0.86889 19.86484 20.27320 224.24191 0.02340
target: -1.55448 0.03253
target: -1.55448 0.03253
fb: -1.03357 -0.02104 -1.00000 -1.00000
fb: -1.01437 -0.01693 -1.00000 -1.00000
dist/lin/ang/drive_left/drive_right/tv_l/tv_r/av_l/av_r/x/y/theta/t_err: -0.70027 -1.64592 0.28340 -0.99744 -1.03130 -0.86939 -0.86889 -0.86939 -0.86889 19.28072 19.70651 224.03177 0.02782
target: -1.64592 0.03707
target: -1.64592 0.03707
fb: -1.14434 -0.01826 -1.00000 -1.00000
fb: -1.18295 -0.02390 -1.00000 -1.00000
dist/lin/ang/drive_left/drive_right/tv_l/tv_r/av_l/av_r/x/y/theta/t_err: -0.67740 -1.69213 0.30710 -1.15906 -1.20685 -0.87197 -0.86667 -0.87197 -0.86667 18.63198 19.08118 223.87946 0.03147
target: -1.69213 0.04017
target: -1.69213 0.04017
fb: -1.13066 -0.02606 -1.00000 -1.00000
fb: -1.17325 -0.02327 -1.00000 -1.00000
dist/lin/ang/drive_left/drive_right/tv_l/tv_r/av_l/av_r/x/y/theta/t_err: -0.65480 -1.67958 0.35822 -1.14997 -1.19652 -0.87728 -0.87350 -0.87728 -0.87350 17.98917 18.46523 223.67539 0.03618
target: -1.67958 0.04686
target: -1.67958 0.04686
fb: -1.20811 -0.02076 -0.99625 -0.87950
fb: -1.29946 -0.01958 -0.95057 -0.83382
dist/lin/ang/drive_left/drive_right/tv_l/tv_r/av_l/av_r/x/y/theta/t_err: -0.63065 -1.66660 0.40228 -1.27988 -1.31904 -0.82011 -0.80247 -0.82011 -0.80247 17.29996 17.80957 223.47798 0.04108
target: -1.66660 0.05262
target: -1.66660 0.05262
fb: -1.26063 -0.02028 -0.95616 -0.84000
fb: -1.31491 -0.01630 -0.92902 -0.81286
dist/lin/ang/drive_left/drive_right/tv_l/tv_r/av_l/av_r/x/y/theta/t_err: -0.60546 -1.65380 0.44379 -1.29860 -1.33121 -0.79567 -0.74811 -0.79567 -0.74811 16.57866 17.12764 223.30068 0.04594
target: -1.65380 0.05805
target: -1.65380 0.05805
fb: -1.36743 -0.01191 -0.89393 -0.77348
fb: -1.33808 -0.00927 -0.90860 -0.78815
dist/lin/ang/drive_left/drive_right/tv_l/tv_r/av_l/av_r/x/y/theta/t_err: -0.57815 -1.64157 0.48215 -1.32881 -1.34735 -0.72069 -0.70514 -0.72069 -0.70514 15.79410 16.39022 223.16062 0.05062
target: -1.64157 0.06307
target: -1.64157 0.06307
fb: -1.42347 -0.00725 -0.85855 -0.73509
fb: -1.38089 -0.00502 -0.87985 -0.75638
dist/lin/ang/drive_left/drive_right/tv_l/tv_r/av_l/av_r/x/y/theta/t_err: -0.54972 -1.63141 0.50799 -1.37587 -1.38590 -0.73303 -0.72739 -0.73303 -0.72739 14.97601 15.62406 223.08899 0.05453
target: -1.63141 0.06645
target: -1.63141 0.06645
fb: -1.43318 -0.00327 -0.84767 -0.73439
fb: -1.54175 -0.00209 -0.79339 -0.68011
dist/lin/ang/drive_left/drive_right/tv_l/tv_r/av_l/av_r/x/y/theta/t_err: -0.52110 -1.62170 0.53876 -1.53966 -1.54384 -0.75131 -0.73031 -0.75131 -0.73031 14.15154 14.85350 223.04705 0.05828
target: -1.62170 0.07048
target: -1.62170 0.07048
fb: -1.43715 0.00300 -0.84420 -0.71973
fb: -1.46628 0.00272 -0.82964 -0.70516
dist/lin/ang/drive_left/drive_right/tv_l/tv_r/av_l/av_r/x/y/theta/t_err: -0.49241 -1.61239 0.56854 -1.46900 -1.46356 -0.76467 -0.69350 -0.76467 -0.69350 13.32446 14.08117 223.03496 0.06190
target: -1.61239 0.07437
target: -1.61239 0.07437
fb: -1.46407 0.00557 -0.82586 -0.69733
fb: -1.42745 0.01024 -0.84417 -0.71564
dist/lin/ang/drive_left/drive_right/tv_l/tv_r/av_l/av_r/x/y/theta/t_err: -0.46318 -1.60339 0.59769 -1.43769 -1.41720 -0.79892 -0.68992 -0.79892 -0.68992 12.48192 13.29434 223.05732 0.06541
target: -1.60339 0.07818
target: -1.60339 0.07818
fb: -1.54197 0.01421 -0.78216 -0.64924
fb: -1.52829 0.02090 -0.78900 -0.65609
dist/lin/ang/drive_left/drive_right/tv_l/tv_r/av_l/av_r/x/y/theta/t_err: -0.43241 -1.57424 0.61579 -1.54919 -1.50738 -0.77856 -0.68236 -0.77856 -0.68236 11.59543 12.46471 223.15726 0.06828
target: -1.57424 0.08055
target: -1.57424 0.08055
fb: -1.49122 0.02752 -0.69547 -0.57237
fb: -1.49320 0.03142 -0.69448 -0.57138
dist/lin/ang/drive_left/drive_right/tv_l/tv_r/av_l/av_r/x/y/theta/t_err: -0.40266 -1.51623 0.60935 -1.52463 -1.46178 -0.74431 -0.63189 -0.74431 -0.63189 10.74030 11.66006 223.37101 0.06947
target: -1.51623 0.07971
target: -1.51623 0.07971
fb: -1.45260 0.03421 -0.53147 -0.43834
fb: -1.58455 0.03700 -0.46549 -0.37236
dist/lin/ang/drive_left/drive_right/tv_l/tv_r/av_l/av_r/x/y/theta/t_err: -0.37368 -1.46012 0.60155 -1.62155 -1.54756 -0.67092 -0.56739 -0.67092 -0.56739 9.91078 10.87258 223.65668 0.06969
target: -1.46012 0.07869
target: -1.46012 0.07869
fb: -1.56911 0.03790 -0.42827 -0.33807
fb: -1.40008 0.03560 -0.51279 -0.42258
dist/lin/ang/drive_left/drive_right/tv_l/tv_r/av_l/av_r/x/y/theta/t_err: -0.34237 -1.39625 0.61079 -1.43569 -1.36448 -0.53589 -0.46386 -0.53589 -0.46386 9.01913 10.01732 223.97335 0.07031
target: -1.39625 0.07990
target: -1.39625 0.07990
fb: -1.42149 0.03651 -0.42365 -0.31172
fb: -1.54572 0.03665 -0.36154 -0.24960
dist/lin/ang/drive_left/drive_right/tv_l/tv_r/av_l/av_r/x/y/theta/t_err: -0.31401 -1.33602 0.61467 -1.58237 -1.50907 -0.46817 -0.39886 -0.46817 -0.39886 8.21582 9.23791 224.29226 0.07085
target: -1.33602 0.08040
target: -1.33602 0.08040
fb: -1.56116 0.04438 -0.31071 -0.20437
fb: -1.42171 0.05790 -0.38044 -0.27410
dist/lin/ang/drive_left/drive_right/tv_l/tv_r/av_l/av_r/x/y/theta/t_err: -0.28287 -1.26483 0.63886 -1.47961 -1.36381 -0.43017 -0.36000 -0.43017 -0.36000 7.33832 8.37705 224.63125 0.07244
target: -1.26483 0.08357
target: -1.26483 0.08357
fb: -1.37316 0.06194 -0.31005 -0.17549
fb: -1.29549 0.05825 -0.34889 -0.21433
dist/lin/ang/drive_left/drive_right/tv_l/tv_r/av_l/av_r/x/y/theta/t_err: -0.25548 -1.20500 0.59421 -1.35374 -1.23724 -0.44542 -0.33281 -0.44542 -0.33281 6.57217 7.61411 225.13893 0.07089
target: -1.20500 0.07773
target: -1.20500 0.07773
fb: -1.29748 0.05156 -0.29443 -0.24870
fb: -1.34580 0.05051 -0.27027 -0.22454
dist/lin/ang/drive_left/drive_right/tv_l/tv_r/av_l/av_r/x/y/theta/t_err: -0.22959 -1.14410 0.59148 -1.39632 -1.29529 -0.41339 -0.29089 -0.41339 -0.29089 5.85481 6.88671 225.62436 0.06991
target: -1.14410 0.07737
target: -1.14410 0.07737
fb: -1.24893 0.05428 -0.28342 -0.18876
fb: -1.21032 0.05574 -0.30273 -0.20807
dist/lin/ang/drive_left/drive_right/tv_l/tv_r/av_l/av_r/x/y/theta/t_err: -0.20468 -1.07972 0.60686 -1.26606 -1.15458 -0.36839 -0.27992 -0.36839 -0.27992 5.16970 6.18122 226.06937 0.07021
target: -1.07972 0.07938
target: -1.07972 0.07938
fb: -1.21208 0.05762 -0.24123 -0.12251
fb: -1.08608 0.05651 -0.30423 -0.18551
dist/lin/ang/drive_left/drive_right/tv_l/tv_r/av_l/av_r/x/y/theta/t_err: -0.18049 -1.01344 0.60946 -1.14259 -1.02958 -0.34614 -0.24983 -0.34614 -0.24983 4.51046 5.49109 226.55952 0.07052
target: -1.01344 0.07972
target: -1.01344 0.07972
fb: -1.04923 0.05665 -0.24743 -0.14323
fb: -1.05100 0.05825 -0.24655 -0.14235
dist/lin/ang/drive_left/drive_right/tv_l/tv_r/av_l/av_r/x/y/theta/t_err: -0.15956 -1.06527 0.60755 -1.10925 -0.99275 -0.31397 -0.21114 -0.31397 -0.21114 3.94509 4.88868 227.05330 0.07058
target: -1.06527 0.07947
target: -1.06527 0.07947
fb: -0.96781 0.06006 -0.80494 -0.70645
fb: -0.93493 0.06020 -0.82138 -0.72289
dist/lin/ang/drive_left/drive_right/tv_l/tv_r/av_l/av_r/x/y/theta/t_err: -0.13990 -0.99749 0.44002 -0.99513 -0.87473 -0.29586 -0.20942 -0.29586 -0.20942 3.42837 4.32856 227.56751 0.06160
target: -0.99749 0.05756
target: -0.99749 0.05756
fb: -0.90183 0.06124 -0.18559 -0.31138
fb: -0.90183 0.06041 -0.18559 -0.31138
dist/lin/ang/drive_left/drive_right/tv_l/tv_r/av_l/av_r/x/y/theta/t_err: -0.12195 -0.93130 0.35828 -0.96224 -0.84143 -0.59667 -0.52069 -0.59667 -0.52069 2.95166 3.80226 228.09579 0.05238
target: -0.93130 0.04687
target: -0.93130 0.04687
fb: -0.89213 0.05497 -0.17983 -0.21891
fb: -0.83189 0.04787 -0.20995 -0.24903
dist/lin/ang/drive_left/drive_right/tv_l/tv_r/av_l/av_r/x/y/theta/t_err: -0.10418 -0.86078 0.28491 -0.87975 -0.78402 -0.33656 -0.33894 -0.33656 -0.33894 2.48486 3.27733 228.60581 0.04348
target: -0.86078 0.03727
target: -0.86078 0.03727
fb: -0.88815 0.04027 -0.09876 -0.14078
fb: -0.89786 0.03616 -0.09391 -0.13592
dist/lin/ang/drive_left/drive_right/tv_l/tv_r/av_l/av_r/x/y/theta/t_err: -0.08647 -0.78421 0.24232 -0.93402 -0.86170 -0.19658 -0.22739 -0.19658 -0.22739 2.02448 2.75092 229.01120 0.03640
target: -0.78421 0.03170
target: -0.78421 0.03170
fb: -0.86101 0.03756 0.08529 0.08190
fb: -0.85726 0.03895 0.08341 0.08002
dist/lin/ang/drive_left/drive_right/tv_l/tv_r/av_l/av_r/x/y/theta/t_err: -0.06929 -0.70199 0.20478 -0.89621 -0.81831 -0.09956 -0.08642 -0.09956 -0.08642 1.58133 2.23783 229.34481 0.03058
target: -0.70199 0.02679
target: -0.70199 0.02679
fb: -0.75267 0.03212 0.12891 0.12493
fb: -0.67102 0.02132 0.08808 0.08411
dist/lin/ang/drive_left/drive_right/tv_l/tv_r/av_l/av_r/x/y/theta/t_err: -0.05427 -0.62128 0.15916 -0.69235 -0.64970 0.06194 0.06125 0.06194 0.06125 1.19648 1.78714 229.66468 0.02500
target: -0.62128 0.02082
target: -0.62128 0.02082
fb: -0.67676 0.00787 0.16722 0.14581
fb: -0.64190 -0.00362 0.14978 0.12838
dist/lin/ang/drive_left/drive_right/tv_l/tv_r/av_l/av_r/x/y/theta/t_err: -0.04075 -0.53836 0.16962 -0.63827 -0.64552 0.09394 0.09053 0.09394 0.09053 0.85219 1.38041 229.80443 0.02256
target: -0.53836 0.02219
target: -0.53836 0.02219
fb: -0.51016 -0.00989 0.13435 0.18086
fb: -0.41131 -0.01519 0.08492 0.13143
dist/lin/ang/drive_left/drive_right/tv_l/tv_r/av_l/av_r/x/y/theta/t_err: -0.03054 -0.46607 0.21139 -0.39612 -0.42650 0.12850 0.12458 0.12850 0.12458 0.59283 1.07365 229.75090 0.02349
target: -0.46607 0.02765
target: -0.46607 0.02765
fb: -0.34511 -0.01937 -0.17049 -0.08916
fb: -0.31422 -0.01637 -0.18594 -0.10460
dist/lin/ang/drive_left/drive_right/tv_l/tv_r/av_l/av_r/x/y/theta/t_err: -0.02363 -0.40991 0.24931 -0.29785 -0.33059 0.02825 0.08008 0.02825 0.08008 0.41702 0.86645 229.60530 0.02604
target: -0.40991 0.03261
target: -0.40991 0.03261
fb: -0.28112 -0.01164 -0.18693 -0.10347
fb: -0.26369 -0.00669 -0.19564 -0.11219
dist/lin/ang/drive_left/drive_right/tv_l/tv_r/av_l/av_r/x/y/theta/t_err: -0.01799 -0.35768 0.26686 -0.25700 -0.27038 -0.16253 -0.08778 -0.16253 -0.08778 0.27337 0.69804 229.47296 0.02834
target: -0.35768 0.03491
target: -0.35768 0.03491
fb: -0.30451 -0.00181 -0.12722 -0.06467
fb: -0.31797 0.00000 -0.12049 -0.05794
dist/lin/ang/drive_left/drive_right/tv_l/tv_r/av_l/av_r/x/y/theta/t_err: -0.01189 -0.29084 0.25809 -0.31797 -0.31797 -0.16975 -0.10675 -0.16975 -0.10675 0.11747 0.51587 229.42882 0.02912
target: -0.29084 0.03376
target: -0.29084 0.03376
fb: -0.30650 -0.00111 0.05546 0.09527
fb: -0.30076 -0.00146 0.05260 0.09241
dist/lin/ang/drive_left/drive_right/tv_l/tv_r/av_l/av_r/x/y/theta/t_err: -0.00576 -0.00144 0.24935 -0.29930 -0.30222 -0.11450 -0.03472 -0.11450 -0.03472 -0.03949 0.33255 229.43204 0.02906
target: -0.00144 0.03262
target: -0.00144 0.03262
fb: -0.27340 0.00418 0.73656 0.77486
fb: -0.21911 0.01268 0.70942 0.74772
dist/lin/ang/drive_left/drive_right/tv_l/tv_r/av_l/av_r/x/y/theta/t_err: -0.00030 -0.00007 0.24366 -0.23180 -0.20643 0.05836 0.14561 0.05836 0.14561 -0.17948 0.16900 229.45128 0.02872
target: -0.00007 0.03187
target: -0.00007 0.03187
fb: -0.14541 0.01380 -0.05433 0.06463
fb: -0.10459 0.00996 -0.05433 0.06463
dist/lin/ang/drive_left/drive_right/tv_l/tv_r/av_l/av_r/x/y/theta/t_err: 0.00260 0.00065 0.20774 -0.11456 -0.09463 0.21319 0.31553 0.21319 0.31553 -0.25383 0.08194 229.57227 0.02661
target: 0.00065 0.02717
target: 0.00065 0.02717
fb: -0.08738 0.00174 0.04365 -0.04517
fb: -0.06223 -0.00146 0.04365 -0.04517
dist/lin/ang/drive_left/drive_right/tv_l/tv_r/av_l/av_r/x/y/theta/t_err: 0.00434 0.00108 0.20747 -0.06076 -0.06369 -0.05664 0.07389 -0.05664 0.07389 -0.29841 0.02953 229.63815 0.02546
target: 0.00108 0.02714
target: 0.00108 0.02714
fb: -0.02913 0.00495 -0.05578 0.06321
fb: -0.01147 0.00906 -0.05578 0.06321
decreased target to 16.00000
decreased target to 8.00000
decreased target to -0.00000
start is 0.00000 0.00000
dist/lin/ang/drive_left/drive_right/tv_l/tv_r/av_l/av_r/x/y/theta/t_err: 0.60960 0.00000 1.20000 0.00000 0.00000 -0.00017 0.00017 -0.00017 0.00017 0.00000 0.00000 0.00000 1.57080
target: 0.00000 0.15697
target: 0.00000 0.15697
fb: 0.00000 0.00000 -0.85057 0.85546
fb: 0.00000 0.00000 -0.85057 0.85546
dist/lin/ang/drive_left/drive_right/tv_l/tv_r/av_l/av_r/x/y/theta/t_err: -0.60960 0.00000 2.40000 0.00000 0.00000 -0.10008 0.05442 -0.10008 0.05442 0.00000 0.00000 -0.00000 1.57080
target: 0.00000 0.31394
target: 0.00000 0.31394
fb: 0.00000 0.00000 -1.00000 1.00000
fb: 0.00000 0.00829 -1.00000 1.00000
dist/lin/ang/drive_left/drive_right/tv_l/tv_r/av_l/av_r/x/y/theta/t_err: -0.60960 0.00000 3.60000 -0.00829 0.00829 -0.41992 0.36689 -0.41992 0.36689 0.00000 0.00000 -0.00001 1.57080
target: 0.00000 0.47092
target: 0.00000 0.47092
fb: 0.00000 0.05058 -1.00000 1.00000
fb: 0.00000 0.09476 -1.00000 1.00000
dist/lin/ang/drive_left/drive_right/tv_l/tv_r/av_l/av_r/x/y/theta/t_err: 0.60960 0.00089 4.80000 -0.09476 0.09476 -0.48956 0.55611 -0.48956 0.55611 0.00000 0.00000 0.19397 1.56741
target: 0.00089 0.62789
target: 0.00089 0.62789
fb: 0.00000 0.13057 -1.00000 1.00000
fb: 0.00000 0.17182 -1.00000 1.00000
dist/lin/ang/drive_left/drive_right/tv_l/tv_r/av_l/av_r/x/y/theta/t_err: 0.60960 0.00508 6.00000 -0.17182 0.17182 -0.67500 0.64744 -0.67500 0.64744 0.00000 0.00000 1.08936 1.55178
target: 0.00508 0.78486
target: 0.00508 0.78486
fb: 0.00000 0.20680 -1.00000 1.00000
fb: 0.00000 0.23836 -1.00000 1.00000
dist/lin/ang/drive_left/drive_right/tv_l/tv_r/av_l/av_r/x/y/theta/t_err: 0.60960 0.01273 6.00000 -0.23836 0.23836 -0.74006 0.75889 -0.74006 0.75889 0.00000 0.00000 2.66032 1.52436
target: 0.01273 0.78486
target: 0.01273 0.78486
fb: 0.00000 0.27236 -0.80112 0.84603
fb: 0.00000 0.31110 -0.78175 0.82666
dist/lin/ang/drive_left/drive_right/tv_l/tv_r/av_l/av_r/x/y/theta/t_err: 0.60960 0.02389 6.00000 -0.31110 0.31110 -0.61292 0.70769 -0.61292 0.70769 0.00000 0.00000 4.81855 1.48670
target: 0.02389 0.78486
target: 0.02389 0.78486
fb: 0.00000 0.35082 -0.75076 0.81794
fb: 0.02537 0.38768 -0.73233 0.79951
dist/lin/ang/drive_left/drive_right/tv_l/tv_r/av_l/av_r/x/y/theta/t_err: 0.60960 0.03954 6.00000 -0.36230 0.41305 -0.53931 0.48989 -0.53931 0.48989 0.00000 0.00000 7.62142 1.43778
target: 0.03954 0.78486
target: 0.03954 0.78486
fb: 0.04082 0.41792 -0.70242 0.79918
fb: 0.03089 0.44565 -0.68855 0.78531
dist/lin/ang/drive_left/drive_right/tv_l/tv_r/av_l/av_r/x/y/theta/t_err: 0.60947 0.06024 6.00000 -0.41476 0.47654 -0.59992 0.64525 -0.59992 0.64525 0.03173 0.00508 11.06895 1.37893
target: 0.06024 0.78486
target: 0.06024 0.78486
fb: 0.02714 0.47233 -0.65746 0.78973
fb: 0.01942 0.50292 -0.64216 0.77443
dist/lin/ang/drive_left/drive_right/tv_l/tv_r/av_l/av_r/x/y/theta/t_err: 0.60935 0.08688 6.00000 -0.48350 0.52234 -0.61547 0.54569 -0.61547 0.54569 0.05256 0.00984 15.00997 1.31101
target: 0.08688 0.78486
target: 0.08688 0.78486
fb: 0.01545 0.53497 -0.60440 0.78014
fb: 0.01942 0.56319 -0.59029 0.76603
dist/lin/ang/drive_left/drive_right/tv_l/tv_r/av_l/av_r/x/y/theta/t_err: 0.60926 0.12117 6.00000 -0.54377 0.58261 -0.60231 0.53181 -0.60231 0.53181 0.06418 0.01344 19.47180 1.23362
target: 0.12117 0.78486
target: 0.12117 0.78486
fb: 0.01567 0.58904 -0.54936 0.78111
fb: 0.00772 0.61600 -0.53588 0.76763
dist/lin/ang/drive_left/drive_right/tv_l/tv_r/av_l/av_r/x/y/theta/t_err: 0.60915 0.16489 6.00000 -0.60828 0.62373 -0.57372 0.54192 -0.57372 0.54192 0.07567 0.01792 24.44194 1.14736
target: 0.16489 0.78486
target: 0.16489 0.78486
fb: 0.00772 0.64415 -0.48680 0.78856
fb: 0.00397 0.67077 -0.47349 0.77526
dist/lin/ang/drive_left/drive_right/tv_l/tv_r/av_l/av_r/x/y/theta/t_err: 0.60908 0.22039 6.00000 -0.66680 0.67474 -0.52256 0.55231 -0.52256 0.55231 0.08108 0.02070 29.88491 1.05259
target: 0.22039 0.78486
target: 0.22039 0.78486
fb: 0.00772 0.69244 -0.31222 0.91485
fb: 0.01544 0.71034 -0.30713 0.90204
dist/lin/ang/drive_left/drive_right/tv_l/tv_r/av_l/av_r/x/y/theta/t_err: 0.60899 0.29057 6.00000 -0.69490 0.72579 -0.45586 0.57289 -0.45586 0.57289 0.08610 0.02413 35.78485 0.94982
target: 0.29057 0.78486
target: 0.29057 0.78486
fb: 0.02317 0.72672 -0.21236 0.98044
fb: 0.03111 0.73849 -0.21044 0.97058
dist/lin/ang/drive_left/drive_right/tv_l/tv_r/av_l/av_r/x/y/theta/t_err: 0.60870 0.37736 5.92678 -0.70738 0.76960 -0.30544 0.57303 -0.30544 0.57303 0.10019 0.03570 42.02050 0.84158
target: 0.37736 0.77528
target: 0.37736 0.77528
fb: 0.02714 0.74497 -0.04220 1.00000
fb: 0.02317 0.74692 -0.03924 1.00000
dist/lin/ang/drive_left/drive_right/tv_l/tv_r/av_l/av_r/x/y/theta/t_err: 0.60832 0.46880 4.97188 -0.72376 0.77009 -0.19953 0.55097 -0.19953 0.55097 0.11530 0.05080 48.48285 0.72943
target: 0.46880 0.65037
target: 0.46880 0.65037
fb: 0.02339 0.74818 0.79332 0.44771
fb: 0.02339 0.75048 0.79446 0.44656
dist/lin/ang/drive_left/drive_right/tv_l/tv_r/av_l/av_r/x/y/theta/t_err: 0.60795 0.56024 4.02997 -0.72709 0.77386 -0.00769 0.58314 -0.00769 0.58314 0.12669 0.06526 55.01042 0.61598
target: 0.56024 0.52716
target: 0.56024 0.52716
fb: 0.03685 0.75438 1.00000 0.60718
fb: 0.06398 0.74233 1.00000 0.59964
dist/lin/ang/drive_left/drive_right/tv_l/tv_r/av_l/av_r/x/y/theta/t_err: 0.60732 0.65168 3.08895 -0.67834 0.80631 0.39319 0.38056 0.39319 0.38056 0.14168 0.09009 61.58256 0.50190
target: 0.65168 0.40407
target: 0.65168 0.40407
fb: 0.08913 0.70944 1.00000 0.54338
fb: 0.10855 0.67265 1.00000 0.55206
dist/lin/ang/drive_left/drive_right/tv_l/tv_r/av_l/av_r/x/y/theta/t_err: 0.60571 0.74312 2.21154 -0.56410 0.78120 0.28353 0.53558 0.28353 0.53558 0.17130 0.15369 67.99737 0.39120
target: 0.74312 0.28929
target: 0.74312 0.28929
fb: 0.13966 0.64666 1.00000 0.53603
fb: 0.17651 0.62910 1.00000 0.52639
dist/lin/ang/drive_left/drive_right/tv_l/tv_r/av_l/av_r/x/y/theta/t_err: 0.60308 0.83456 1.48130 -0.45259 0.80561 0.54311 0.52772 0.54311 0.52772 0.20674 0.25775 73.83610 0.29082
target: 0.83456 0.19377
target: 0.83456 0.19377
fb: 0.21711 0.60904 1.00000 0.57436
fb: 0.25793 0.59050 1.00000 0.56322
dist/lin/ang/drive_left/drive_right/tv_l/tv_r/av_l/av_r/x/y/theta/t_err: 0.59886 0.92600 0.77500 -0.33257 0.84843 0.69044 0.52289 0.69044 0.52289 0.24589 0.42411 79.29700 0.19723
target: 0.92600 0.10138
target: 0.92600 0.10138
fb: 0.26764 0.56841 1.00000 0.55877
fb: 0.29478 0.54361 1.00000 0.55760
dist/lin/ang/drive_left/drive_right/tv_l/tv_r/av_l/av_r/x/y/theta/t_err: 0.59357 1.01744 0.10327 -0.24883 0.83839 0.76400 0.53950 0.76400 0.53950 0.27573 0.63267 84.41895 0.10921
target: 1.01744 0.01351
target: 1.01744 0.01351
fb: 0.34134 0.51504 1.00000 0.54951
fb: 0.34509 0.48878 1.00000 0.56077
dist/lin/ang/drive_left/drive_right/tv_l/tv_r/av_l/av_r/x/y/theta/t_err: 0.58676 1.10888 -0.50159 -0.14369 0.83386 0.83278 0.53575 0.83278 0.53575 0.29049 0.90098 89.11731 0.02798
target: 1.10888 -0.06561
target: 1.10888 -0.06561
fb: 0.35679 0.46794 1.00000 0.59550
fb: 0.37620 0.45052 1.00000 0.59450
dist/lin/ang/drive_left/drive_right/tv_l/tv_r/av_l/av_r/x/y/theta/t_err: 0.57963 1.20032 -1.04776 -0.07432 0.82673 0.88464 0.54258 0.88464 0.54258 0.28395 1.18179 93.36430 -0.04627
target: 1.20032 -0.13706
target: 1.20032 -0.13706
fb: 0.40158 0.43310 1.00000 0.62485
fb: 0.44020 0.41701 1.00000 0.61359
dist/lin/ang/drive_left/drive_right/tv_l/tv_r/av_l/av_r/x/y/theta/t_err: 0.57162 1.29176 -1.57375 0.02319 0.85720 0.89506 0.57100 0.89506 0.57100 0.25414 1.49654 97.27677 -0.11571
target: 1.29176 -0.20586
target: 1.29176 -0.20586
fb: 0.43424 0.40050 1.00000 0.63957
fb: 0.51787 0.38426 1.00000 0.60587
dist/lin/ang/drive_left/drive_right/tv_l/tv_r/av_l/av_r/x/y/theta/t_err: 0.56304 1.32897 -2.07525 0.13361 0.90213 0.89389 0.59236 0.89389 0.59236 0.20023 1.83414 100.89957 -0.18120
target: 1.32897 -0.27146
target: 1.32897 -0.27146
fb: 0.59554 0.36977 1.00000 0.32893
fb: 0.55847 0.35813 1.00000 0.35328
dist/lin/ang/drive_left/drive_right/tv_l/tv_r/av_l/av_r/x/y/theta/t_err: 0.55139 1.19676 -2.56742 0.20034 0.91660 0.90964 0.56706 0.90964 0.56706 0.09827 2.29180 104.24429 -0.24408
target: 1.19676 -0.33584
target: 1.19676 -0.33584
fb: 0.59907 0.35019 1.00000 -0.65893
fb: 0.60503 0.33577 1.00000 -0.65470
dist/lin/ang/drive_left/drive_right/tv_l/tv_r/av_l/av_r/x/y/theta/t_err: 0.53987 1.07937 -3.04507 0.26926 0.94080 0.92978 0.32269 0.92978 0.32269 -0.03090 2.74543 107.37799 -0.30476
target: 1.07937 -0.39833
target: 1.07937 -0.39833
fb: 0.61496 0.31215 1.00000 -0.76013
fb: 0.68072 0.28449 1.00000 -0.77918
dist/lin/ang/drive_left/drive_right/tv_l/tv_r/av_l/av_r/x/y/theta/t_err: 0.52825 0.97594 -3.49555 0.39623 0.96520 0.91814 -0.17522 0.91814 -0.17522 -0.18786 3.20347 110.26338 -0.36270
target: 0.97594 -0.45725
target: 0.97594 -0.45725
fb: 0.63416 0.24122 1.00000 -0.82566
fb: 0.58761 0.18443 1.00000 -0.77399
dist/lin/ang/drive_left/drive_right/tv_l/tv_r/av_l/av_r/x/y/theta/t_err: 0.51651 0.89146 -3.85113 0.40318 0.77204 0.90825 -0.25050 0.90825 -0.25050 -0.37048 3.66819 112.65851 -0.41369
target: 0.89146 -0.50377
target: 0.89146 -0.50377
fb: 0.59732 0.12639 1.00000 -0.74965
fb: 0.59931 0.07163 1.00000 -0.72326
dist/lin/ang/drive_left/drive_right/tv_l/tv_r/av_l/av_r/x/y/theta/t_err: 0.50567 0.83554 -4.00858 0.52768 0.67094 0.89336 -0.33692 0.89336 -0.33692 -0.55780 4.09960 114.15006 -0.44952
target: 0.83554 -0.52436
target: 0.83554 -0.52436
fb: 0.61851 0.02515 1.00000 -0.55383
fb: 0.62645 -0.01073 0.98405 -0.53987
dist/lin/ang/drive_left/drive_right/tv_l/tv_r/av_l/av_r/x/y/theta/t_err: 0.49459 0.80519 -4.03381 0.63718 0.61572 0.89886 -0.34839 0.89886 -0.34839 -0.75955 4.54286 114.67847 -0.46974
target: 0.80519 -0.52766
target: 0.80519 -0.52766
fb: 0.64587 -0.04626 0.95725 -0.38321
fb: 0.65558 -0.08744 0.93181 -0.36748
dist/lin/ang/drive_left/drive_right/tv_l/tv_r/av_l/av_r/x/y/theta/t_err: 0.48310 0.79177 -4.00882 0.74302 0.56814 0.72461 -0.38603 0.72461 -0.38603 -0.97149 5.00515 114.50902 -0.47886
target: 0.79177 -0.52439
target: 0.79177 -0.52439
fb: 0.59931 -0.13420 0.95866 -0.22711
fb: 0.56819 -0.18457 0.94903 -0.18637
dist/lin/ang/drive_left/drive_right/tv_l/tv_r/av_l/av_r/x/y/theta/t_err: 0.47246 0.79725 -3.86229 0.75277 0.38362 0.50992 -0.31947 0.50992 -0.31947 -1.16443 5.43579 113.63320 -0.47512
target: 0.79725 -0.50523
target: 0.79725 -0.50523
fb: 0.57790 -0.22951 0.90837 0.13369
fb: 0.54105 -0.26776 0.90767 0.17124
dist/lin/ang/drive_left/drive_right/tv_l/tv_r/av_l/av_r/x/y/theta/t_err: 0.46213 0.82536 -3.57124 0.80881 0.27329 0.49589 -0.13878 0.49589 -0.13878 -1.34092 5.85520 111.91408 -0.45624
target: 0.82536 -0.46715
target: 0.82536 -0.46715
fb: 0.50045 -0.29389 0.90136 0.45031
fb: 0.49250 -0.30797 0.89830 0.46132
dist/lin/ang/drive_left/drive_right/tv_l/tv_r/av_l/av_r/x/y/theta/t_err: 0.45308 0.87580 -3.17881 0.80047 0.18453 0.54550 0.17436 0.54550 0.17436 -1.48044 6.22370 109.50660 -0.42354
target: 0.87580 -0.41582
target: 0.87580 -0.41582
fb: 0.47904 -0.31124 0.91895 0.72476
fb: 0.52758 -0.31431 0.89314 0.70202
dist/lin/ang/drive_left/drive_right/tv_l/tv_r/av_l/av_r/x/y/theta/t_err: 0.44427 0.93848 -2.80530 0.84189 0.21328 0.64697 0.45806 0.64697 0.45806 -1.59801 6.58208 106.80095 -0.38472
target: 0.93848 -0.36696
target: 0.93848 -0.36696
fb: 0.55450 -0.31201 0.94089 0.83959
fb: 0.59157 -0.30316 0.92678 0.81663
dist/lin/ang/drive_left/drive_right/tv_l/tv_r/av_l/av_r/x/y/theta/t_err: 0.43392 0.99305 -2.48697 0.89473 0.28841 0.63653 0.52103 0.63653 0.52103 -1.71438 7.00287 104.05899 -0.34590
target: 0.99305 -0.32532
target: 0.99305 -0.32532
fb: 0.62269 -0.29577 0.91592 0.83090
fb: 0.66903 -0.28288 0.89920 0.80129
dist/lin/ang/drive_left/drive_right/tv_l/tv_r/av_l/av_r/x/y/theta/t_err: 0.42213 1.04377 -2.20583 0.95191 0.38614 0.60061 0.53028 0.60061 0.53028 -1.82267 7.48104 101.42165 -0.30924
target: 1.04377 -0.28854
target: 1.04377 -0.28854
fb: 0.72529 -0.26484 0.88974 0.81609
fb: 0.66528 -0.24129 0.93152 0.83432
dist/lin/ang/drive_left/drive_right/tv_l/tv_r/av_l/av_r/x/y/theta/t_err: 0.40824 1.08514 -1.97743 0.90656 0.42399 0.52119 0.51486 0.52119 0.51486 -1.92382 8.04307 98.98363 -0.27678
target: 1.08514 -0.25867
target: 1.08514 -0.25867
fb: 0.64387 -0.23320 0.94265 0.84521
fb: 0.66704 -0.22833 0.93350 0.83119
dist/lin/ang/drive_left/drive_right/tv_l/tv_r/av_l/av_r/x/y/theta/t_err: 0.39580 1.12142 -1.77874 0.89537 0.43872 0.63467 0.57833 0.63467 0.57833 -1.99349 8.54523 96.87325 -0.24824
target: 1.12142 -0.23268
target: 1.12142 -0.23268
fb: 0.64564 -0.22450 0.94178 0.86970
fb: 0.72530 -0.20248 0.90195 0.82987
dist/lin/ang/drive_left/drive_right/tv_l/tv_r/av_l/av_r/x/y/theta/t_err: 0.38325 1.15466 -1.57102 0.92778 0.52282 0.69931 0.49264 0.69931 0.49264 -2.04568 9.05090 94.88353 -0.22123
target: 1.15466 -0.20551
target: 1.15466 -0.20551
fb: 0.82040 -0.18576 0.84903 0.82401
fb: 0.83409 -0.18081 0.84219 0.81717
dist/lin/ang/drive_left/drive_right/tv_l/tv_r/av_l/av_r/x/y/theta/t_err: 0.36720 1.17084 -1.44952 1.01489 0.65328 0.48936 0.58658 0.48936 0.58658 -2.09071 9.69530 93.14597 -0.20004
target: 1.17084 -0.18961
target: 1.17084 -0.18961
fb: 0.87469 -0.17649 0.80845 0.70325
fb: 0.84357 -0.16673 0.82401 0.71880
dist/lin/ang/drive_left/drive_right/tv_l/tv_r/av_l/av_r/x/y/theta/t_err: 0.35002 1.17821 -1.32608 1.01031 0.67684 0.69881 0.59581 0.69881 0.59581 -2.11890 10.38344 91.56954 -0.18177
target: 1.17821 -0.17346
target: 1.17821 -0.17346
fb: 0.86299 -0.15517 0.77384 0.69255
fb: 0.93669 -0.14667 0.73699 0.65570
dist/lin/ang/drive_left/drive_right/tv_l/tv_r/av_l/av_r/x/y/theta/t_err: 0.33302 1.18055 -1.20953 1.08336 0.79003 0.69558 0.61189 0.69558 0.61189 -2.12852 11.06288 90.13551 -0.16543
target: 1.18055 -0.15822
target: 1.18055 -0.15822
fb: 0.91154 -0.14116 0.72542 0.65646
fb: 0.93868 -0.13733 0.71185 0.64289
dist/lin/ang/drive_left/drive_right/tv_l/tv_r/av_l/av_r/x/y/theta/t_err: 0.31502 1.17349 -1.12774 1.07601 0.80135 0.65908 0.59342 0.65908 0.59342 -2.12232 11.78059 88.86330 -0.15213
target: 1.17349 -0.14752
target: 1.17349 -0.14752
fb: 1.00267 -0.13385 0.64914 0.55359
fb: 0.99098 -0.13085 0.65499 0.55944
dist/lin/ang/drive_left/drive_right/tv_l/tv_r/av_l/av_r/x/y/theta/t_err: 0.29518 1.15684 -1.05539 1.12183 0.86013 0.67964 0.60831 0.67964 0.60831 -2.09839 12.56972 87.67395 -0.14096
target: 1.15684 -0.13806
target: 1.15684 -0.13806
fb: 0.99870 -0.12646 0.59675 0.50275
fb: 1.04923 -0.11942 0.57149 0.47748
dist/lin/ang/drive_left/drive_right/tv_l/tv_r/av_l/av_r/x/y/theta/t_err: 0.27539 1.13615 -0.97976 1.16866 0.92981 0.63806 0.53983 0.63806 0.53983 -2.05857 13.35508 86.54477 -0.13072
target: 1.13615 -0.12816
target: 1.13615 -0.12816
fb: 1.09579 -0.11643 0.50471 0.42782
fb: 1.11124 -0.11580 0.49699 0.42009
dist/lin/ang/drive_left/drive_right/tv_l/tv_r/av_l/av_r/x/y/theta/t_err: 0.25365 1.10404 -0.93999 1.22704 0.99544 0.56997 0.47225 0.56997 0.47225 -1.99861 14.21581 85.50536 -0.12305
target: 1.10404 -0.12296
target: 1.10404 -0.12296
fb: 1.06666 -0.11601 0.46193 0.34976
fb: 1.07064 -0.11608 0.45994 0.34777
dist/lin/ang/drive_left/drive_right/tv_l/tv_r/av_l/av_r/x/y/theta/t_err: 0.23247 1.06950 -0.88351 1.18672 0.95456 0.49831 0.41733 0.49831 0.41733 -1.92550 15.05251 84.48739 -0.11575
target: 1.06950 -0.11557
target: 1.06950 -0.11557
fb: 1.09954 -0.11197 0.38953 0.30689
fb: 1.03754 -0.10842 0.42053 0.33789
dist/lin/ang/drive_left/drive_right/tv_l/tv_r/av_l/av_r/x/y/theta/t_err: 0.21062 1.02870 -0.83782 1.14595 0.92912 0.45583 0.34889 0.45583 0.34889 -1.83473 15.91351 83.47794 -0.10928
target: 1.02870 -0.10960
target: 1.02870 -0.10960
fb: 1.03379 -0.10667 0.36254 0.27519
fb: 1.05497 -0.10800 0.35195 0.26460
dist/lin/ang/drive_left/drive_right/tv_l/tv_r/av_l/av_r/x/y/theta/t_err: 0.19006 0.98605 -0.80001 1.16297 0.94697 0.41392 0.32444 0.41392 0.32444 -1.73541 16.72142 82.53072 -0.10369
target: 0.98605 -0.10465
target: 0.98605 -0.10465
fb: 1.06865 -0.10821 0.30017 0.21014
fb: 1.07637 -0.10639 0.29631 0.20628
dist/lin/ang/drive_left/drive_right/tv_l/tv_r/av_l/av_r/x/y/theta/t_err: 0.16879 1.09566 -0.77372 1.18277 0.96998 0.36533 0.27633 0.36533 0.27633 -1.61903 17.55479 81.58522 -0.09924
target: 1.09566 -0.10121
target: 1.09566 -0.10121
fb: 1.02386 -0.10869 1.00000 0.93704
fb: 1.01812 -0.11343 1.00000 0.93991
dist/lin/ang/drive_left/drive_right/tv_l/tv_r/av_l/av_r/x/y/theta/t_err: 0.14774 1.02505 -0.53131 1.13155 0.90469 0.34956 0.25086 0.34956 0.25086 -1.49460 18.35131 80.64427 -0.08282
target: 1.02505 -0.06950
target: 1.02505 -0.06950
fb: 1.02981 -0.11601 0.09931 0.29727
fb: 0.89985 -0.11608 0.16429 0.36225
dist/lin/ang/drive_left/drive_right/tv_l/tv_r/av_l/av_r/x/y/theta/t_err: 0.12737 0.95176 -0.37890 1.01593 0.78377 0.69111 0.65314 0.69111 0.65314 -1.35590 19.15022 79.64420 -0.06536
target: 0.95176 -0.04956
target: 0.95176 -0.04956
fb: 0.94464 -0.11538 0.10403 0.22270
fb: 1.02783 -0.10354 0.06243 0.18110
dist/lin/ang/drive_left/drive_right/tv_l/tv_r/av_l/av_r/x/y/theta/t_err: 0.10866 0.87910 -0.23267 1.13137 0.92429 0.30475 0.41047 0.30475 0.41047 -1.21516 19.88059 78.63379 -0.04773
target: 0.87910 -0.03044
target: 0.87910 -0.03044
fb: 1.00444 -0.09281 -0.11676 0.13825
fb: 1.02982 -0.08368 -0.12945 0.12556
dist/lin/ang/drive_left/drive_right/tv_l/tv_r/av_l/av_r/x/y/theta/t_err: 0.08871 0.79430 -0.12485 1.11350 0.94613 0.07017 0.21678 0.07017 0.21678 -1.05295 20.65467 77.74594 -0.03223
target: 0.79430 -0.01633
target: 0.79430 -0.01633
fb: 0.94839 -0.07852 -0.20136 -0.10058
fb: 0.89212 -0.06410 -0.17323 -0.07245
dist/lin/ang/drive_left/drive_right/tv_l/tv_r/av_l/av_r/x/y/theta/t_err: 0.06984 0.70477 -0.04781 0.95623 0.82802 -0.10456 0.10594 -0.10456 0.10594 -0.88988 21.38341 77.02472 -0.01965
target: 0.70477 -0.00625
target: 0.70477 -0.00625
fb: 0.85726 -0.05254 -0.24496 -0.16697
fb: 0.74097 -0.04877 -0.18682 -0.10883
dist/lin/ang/drive_left/drive_right/tv_l/tv_r/av_l/av_r/x/y/theta/t_err: 0.05276 0.61255 0.00000 0.78975 0.69220 -0.17231 -0.07822 -0.17231 -0.07822 -0.73514 22.04044 76.48808 -0.01028
target: 0.61255 0.00000
target: 0.61255 0.00000
fb: 0.65359 -0.04473 -0.22485 -0.17297
fb: 0.59534 -0.04383 -0.19573 -0.14385
dist/lin/ang/drive_left/drive_right/tv_l/tv_r/av_l/av_r/x/y/theta/t_err: 0.03973 0.53158 0.04097 0.63916 0.55151 -0.18586 -0.11550 -0.18586 -0.11550 -0.61302 22.54038 76.07082 -0.00300
target: 0.53158 0.00536
target: 0.53158 0.00536
fb: 0.52362 -0.04285 -0.18818 -0.13724
fb: 0.47508 -0.03512 -0.16391 -0.11297
dist/lin/ang/drive_left/drive_right/tv_l/tv_r/av_l/av_r/x/y/theta/t_err: 0.02930 0.45649 0.09019 0.51020 0.43996 -0.18206 -0.13056 -0.18206 -0.13056 -0.51244 22.94023 75.68852 0.00368
target: 0.45649 0.01180
target: 0.45649 0.01180
fb: 0.38792 -0.02766 0.05515 0.13381
fb: 0.36078 -0.02090 0.06872 0.14738
dist/lin/ang/drive_left/drive_right/tv_l/tv_r/av_l/av_r/x/y/theta/t_err: 0.02157 0.39169 0.11796 0.38168 0.33988 -0.11019 -0.02839 -0.11019 -0.02839 -0.43618 23.23600 75.39596 0.00878
target: 0.39169 0.01543
target: 0.39169 0.01543
fb: 0.32967 -0.01665 0.05867 0.11694
fb: 0.24626 -0.01157 0.10037 0.15864
dist/lin/ang/drive_left/drive_right/tv_l/tv_r/av_l/av_r/x/y/theta/t_err: 0.01500 0.32658 0.12533 0.25782 0.23469 0.05819 0.12458 0.05819 0.12458 -0.37035 23.48709 75.21834 0.01188
target: 0.32658 0.01639
target: 0.32658 0.01639
fb: 0.21338 -0.00376 0.07093 0.10646
fb: 0.20963 0.00314 0.07281 0.10834
dist/lin/ang/drive_left/drive_right/tv_l/tv_r/av_l/av_r/x/y/theta/t_err: 0.01074 0.27634 0.12208 0.20649 0.21276 0.09564 0.13586 0.09564 0.13586 -0.32735 23.64951 75.13622 0.01331
target: 0.27634 0.01597
target: 0.27634 0.01597
fb: 0.22110 0.00711 0.05962 0.08209
fb: 0.24030 0.00920 0.05002 0.07249
dist/lin/ang/drive_left/drive_right/tv_l/tv_r/av_l/av_r/x/y/theta/t_err: 0.00631 0.00158 0.09854 0.23110 0.24950 0.08058 0.10661 0.08058 0.10661 -0.28272 23.81779 75.17167 0.01270
target: 0.00158 0.01289
target: 0.00158 0.01289
fb: 0.24427 0.01143 -0.70409 -0.71943
fb: 0.26766 0.01679 -0.71579 -0.73112
dist/lin/ang/drive_left/drive_right/tv_l/tv_r/av_l/av_r/x/y/theta/t_err: 0.00142 0.00035 0.07789 0.25087 0.28445 0.02975 -0.00378 0.02975 -0.00378 -0.23364 24.00376 75.25899 0.01117
target: 0.00035 0.01019
target: 0.00035 0.01019
fb: 0.26766 0.02202 -0.16967 -0.18521
fb: 0.22507 0.01958 -0.14837 -0.16392
dist/lin/ang/drive_left/drive_right/tv_l/tv_r/av_l/av_r/x/y/theta/t_err: -0.00395 -0.00099 0.04416 0.20549 0.24465 -0.35519 -0.28781 -0.35519 -0.28781 -0.18026 24.20764 75.41704 0.00841
target: -0.00099 0.00578
target: -0.00099 0.00578
fb: 0.11629 0.01289 0.05196 -0.06295
fb: 0.01346 0.00655 0.05196 -0.06295
dist/lin/ang/drive_left/drive_right/tv_l/tv_r/av_l/av_r/x/y/theta/t_err: -0.00629 -0.00157 0.02256 0.00691 0.02001 -0.14356 -0.13569 -0.14356 -0.13569 -0.15729 24.29628 75.57171 0.00571
target: -0.00157 0.00295
target: -0.00157 0.00295
fb: 0.00000 0.00279 0.04801 -0.05641
fb: 0.00199 0.00000 0.04801 -0.05641
final error: 0.33544, x: 0.15729, y: -0.29628
final local error: 0.33544, forwards: -0.24797, sideways: -0.22590
position: -0.15729 24.29628 75.62816
took 1.38000 time to finish turn
dist/lin/ang/drive_left/drive_right/tv_l/tv_r/av_l/av_r/x/y/theta/t_err: -0.61545 -0.09144 1.20000 0.00000 0.00000 0.00017 -0.00017 0.00017 -0.00017 -0.17436 24.22981 255.57408 0.25898
target: -0.09144 0.15697
target: -0.09144 0.15697
fb: 0.00000 0.00000 -1.00000 0.63875
fb: 0.00000 0.00000 -1.00000 0.63875
dist/lin/ang/drive_left/drive_right/tv_l/tv_r/av_l/av_r/x/y/theta/t_err: -0.61545 -0.18288 2.22712 0.00000 0.00000 -0.05800 0.05492 -0.05800 0.05492 -0.17436 24.22981 255.57431 0.25897
target: -0.18288 0.29133
target: -0.18288 0.29133
fb: 0.00000 0.00000 -1.00000 0.64739
fb: 0.00000 0.00000 -1.00000 0.64739
dist/lin/ang/drive_left/drive_right/tv_l/tv_r/av_l/av_r/x/y/theta/t_err: -0.61545 -0.27432 2.22718 0.00000 0.00000 -0.54464 0.44781 -0.54464 0.44781 -0.17436 24.22981 255.57425 0.25897
target: -0.27432 0.29134
target: -0.27432 0.29134
fb: 0.00000 0.02425 -0.78934 -0.13668
fb: 0.00000 0.06452 -0.76920 -0.15682
dist/lin/ang/drive_left/drive_right/tv_l/tv_r/av_l/av_r/x/y/theta/t_err: -0.61545 -0.36576 2.20504 -0.06452 0.06452 -0.65311 0.45653 -0.65311 0.45653 -0.17436 24.22981 255.64242 0.25778
target: -0.36576 0.28844
target: -0.36576 0.28844
fb: 0.00000 0.10681 -0.81115 -0.27397
fb: 0.00000 0.13803 -0.79554 -0.28958
dist/lin/ang/drive_left/drive_right/tv_l/tv_r/av_l/av_r/x/y/theta/t_err: -0.61545 -0.45720 2.00325 -0.13803 0.13803 -0.44164 -0.09719 -0.44164 -0.09719 -0.17436 24.22981 256.30067 0.24629
target: -0.45720 0.26204
target: -0.45720 0.26204
fb: 0.00000 0.15510 -0.72993 -0.51430
fb: 0.00000 0.16492 -0.72502 -0.51921
dist/lin/ang/drive_left/drive_right/tv_l/tv_r/av_l/av_r/x/y/theta/t_err: -0.61545 -0.54864 1.71758 -0.16492 0.16492 -0.38961 -0.26761 -0.38961 -0.26761 -0.17436 24.22981 257.53452 0.22476
target: -0.54864 0.22468
target: -0.54864 0.22468
fb: -0.02913 0.16785 -0.89237 -0.93295
fb: -0.12423 0.16680 -0.84482 -0.88539
dist/lin/ang/drive_left/drive_right/tv_l/tv_r/av_l/av_r/x/y/theta/t_err: -0.61488 -0.64008 1.46658 -0.29103 0.04257 -0.48647 -0.44983 -0.48647 -0.44983 -0.17888 24.20732 258.98218 0.19969
target: -0.64008 0.19184
target: -0.64008 0.19184
fb: -0.21338 0.16179 -0.88195 -0.92579
fb: -0.24625 0.14736 -0.86551 -0.90935
dist/lin/ang/drive_left/drive_right/tv_l/tv_r/av_l/av_r/x/y/theta/t_err: -0.61069 -0.73152 1.27369 -0.39362 -0.09889 -0.47669 -0.44847 -0.47669 -0.44847 -0.20879 24.04200 260.42289 0.17584
target: -0.73152 0.16661
target: -0.73152 0.16661
fb: -0.28708 0.13629 -0.94570 -0.95500
fb: -0.32768 0.12883 -0.92540 -0.93470
dist/lin/ang/drive_left/drive_right/tv_l/tv_r/av_l/av_r/x/y/theta/t_err: -0.60503 -0.82296 1.13077 -0.45651 -0.19885 -0.47756 -0.38344 -0.47756 -0.38344 -0.24376 23.81868 261.68658 0.15533
target: -0.82296 0.14792
target: -0.82296 0.14792
fb: -0.33540 0.12256 -1.00000 -0.99732
fb: -0.40160 0.11503 -0.98862 -0.96422
dist/lin/ang/drive_left/drive_right/tv_l/tv_r/av_l/av_r/x/y/theta/t_err: -0.59839 -0.91440 1.00575 -0.51663 -0.28656 -0.47414 -0.36583 -0.47414 -0.36583 -0.27938 23.55700 262.79654 0.13758
target: -0.91440 0.13156
target: -0.91440 0.13156
fb: -0.44794 0.11190 -1.00000 -1.00000
fb: -0.45566 0.10772 -1.00000 -1.00000
dist/lin/ang/drive_left/drive_right/tv_l/tv_r/av_l/av_r/x/y/theta/t_err: -0.58951 -1.00584 0.89330 -0.56338 -0.34794 -0.51778 -0.45908 -0.51778 -0.45908 -0.32058 23.20671 263.80157 0.12200
target: -1.00584 0.11685
target: -1.00584 0.11685
fb: -0.48677 0.09769 -1.00000 -1.00000
fb: -0.48677 0.08682 -1.00000 -1.00000
dist/lin/ang/drive_left/drive_right/tv_l/tv_r/av_l/av_r/x/y/theta/t_err: -0.57984 -1.09728 0.78787 -0.57359 -0.39996 -0.57850 -0.65108 -0.57850 -0.65108 -0.35886 22.82534 264.71578 0.10795
target: -1.09728 0.10306
target: -1.09728 0.10306
fb: -0.51590 0.08124 -1.00000 -1.00000
fb: -0.51016 0.07748 -1.00000 -1.00000
dist/lin/ang/drive_left/drive_right/tv_l/tv_r/av_l/av_r/x/y/theta/t_err: -0.56957 -1.18872 0.72002 -0.58764 -0.43268 -0.69317 -0.76553 -0.69317 -0.76553 -0.39350 22.42060 265.46228 0.09675
target: -1.18872 0.09419
target: -1.18872 0.09419
fb: -0.60328 0.07114 -1.00000 -1.00000
fb: -0.73303 0.06145 -1.00000 -1.00000
dist/lin/ang/drive_left/drive_right/tv_l/tv_r/av_l/av_r/x/y/theta/t_err: -0.55756 -1.28016 0.65543 -0.79448 -0.67158 -0.78264 -0.82456 -0.78264 -0.82456 -0.42804 21.94684 266.11811 0.08725
target: -1.28016 0.08574
target: -1.28016 0.08574
fb: -0.73678 0.04982 -1.00000 -1.00000
fb: -0.81843 0.04167 -1.00000 -1.00000
dist/lin/ang/drive_left/drive_right/tv_l/tv_r/av_l/av_r/x/y/theta/t_err: -0.54287 -1.37160 0.62827 -0.86009 -0.77676 -0.84511 -0.84372 -0.84511 -0.84372 -0.46463 21.36785 266.62258 0.08069
target: -1.37160 0.08218
target: -1.37160 0.08218
fb: -0.87469 0.03944 -1.00000 -1.00000
fb: -0.88440 0.04473 -1.00000 -1.00000
dist/lin/ang/drive_left/drive_right/tv_l/tv_r/av_l/av_r/x/y/theta/t_err: -0.52543 -1.46304 0.62477 -0.92913 -0.83967 -0.85194 -0.85367 -0.85194 -0.85367 -0.50302 20.68019 266.98327 0.07697
target: -1.46304 0.08173
target: -1.46304 0.08173
fb: -0.94464 0.05121 -1.00000 -1.00000
fb: -1.02187 0.04891 -1.00000 -1.00000
dist/lin/ang/drive_left/drive_right/tv_l/tv_r/av_l/av_r/x/y/theta/t_err: -0.50659 -1.55448 0.58075 -1.07079 -0.97296 -0.85658 -0.85622 -0.85658 -0.85622 -0.53956 19.93728 267.39024 0.07261
target: -1.55448 0.07597
target: -1.55448 0.07597
fb: -1.01040 0.04522 -1.00000 -1.00000
fb: -1.02408 0.04146 -1.00000 -1.00000
dist/lin/ang/drive_left/drive_right/tv_l/tv_r/av_l/av_r/x/y/theta/t_err: -0.48643 -1.59636 0.54186 -1.06554 -0.98262 -0.86717 -0.86547 -0.86717 -0.86547 -0.57293 19.14239 267.80867 0.06817
target: -1.59636 0.07088
target: -1.59636 0.07088
fb: -1.07240 0.03985 -1.00000 -1.00000
fb: -1.11896 0.03909 -1.00000 -1.00000
dist/lin/ang/drive_left/drive_right/tv_l/tv_r/av_l/av_r/x/y/theta/t_err: -0.46503 -1.60451 0.52688 -1.15805 -1.07988 -0.87403 -0.87061 -0.87403 -0.87061 -0.60262 18.29850 268.16338 0.06498
target: -1.60451 0.06892
target: -1.60451 0.06892
fb: -1.15008 0.03505 -1.00000 -0.94698
fb: -1.15979 0.03184 -1.00000 -0.94213
dist/lin/ang/drive_left/drive_right/tv_l/tv_r/av_l/av_r/x/y/theta/t_err: -0.44208 -1.60637 0.51335 -1.19163 -1.12794 -0.88461 -0.83261 -0.88461 -0.83261 -0.62907 17.39331 268.48847 0.06253
target: -1.60637 0.06715
target: -1.60637 0.06715
fb: -1.21407 0.03421 -0.95978 -0.89191
fb: -1.17920 0.03867 -0.97722 -0.90934
dist/lin/ang/drive_left/drive_right/tv_l/tv_r/av_l/av_r/x/y/theta/t_err: -0.41784 -1.56542 0.51017 -1.21787 -1.14053 -0.80867 -0.70583 -0.80867 -0.70583 -0.65190 16.43763 268.77330 0.06105
target: -1.56542 0.06674
target: -1.56542 0.06674
fb: -1.24695 0.04703 -0.74057 -0.66102
fb: -1.31292 0.04919 -0.70758 -0.62803
dist/lin/ang/drive_left/drive_right/tv_l/tv_r/av_l/av_r/x/y/theta/t_err: -0.39295 -1.52412 0.47851 -1.36211 -1.26373 -0.75594 -0.70908 -0.75594 -0.70908 -0.66993 15.45595 269.12734 0.05855
target: -1.52412 0.06259
target: -1.52412 0.06259
fb: -1.27431 0.04431 -0.66837 -0.62788
fb: -1.29549 0.04334 -0.65778 -0.61729
dist/lin/ang/drive_left/drive_right/tv_l/tv_r/av_l/av_r/x/y/theta/t_err: -0.36750 -1.48158 0.44311 -1.33883 -1.25215 -0.68664 -0.62831 -0.68664 -0.62831 -0.68160 14.45263 269.53164 0.05530
target: -1.48158 0.05796
target: -1.48158 0.05796
fb: -1.30123 0.04069 -0.60588 -0.57595
fb: -1.34602 0.03909 -0.58348 -0.55356
dist/lin/ang/drive_left/drive_right/tv_l/tv_r/av_l/av_r/x/y/theta/t_err: -0.34152 -1.43365 0.43136 -1.38511 -1.30693 -0.63944 -0.60400 -0.63944 -0.60400 -0.68671 13.42805 269.89530 0.05292
target: -1.43365 0.05643
target: -1.43365 0.05643
fb: -1.49144 0.03783 -0.45842 -0.40268
fb: -1.41774 0.03456 -0.49527 -0.43953
dist/lin/ang/drive_left/drive_right/tv_l/tv_r/av_l/av_r/x/y/theta/t_err: -0.31173 -1.37224 0.43346 -1.45230 -1.38318 -0.57306 -0.53694 -0.57306 -0.53694 -0.68519 12.25369 270.23501 0.05176
target: -1.37224 0.05670
target: -1.37224 0.05670
fb: -1.25092 0.03337 -0.47716 -0.40470
fb: -1.38662 0.03331 -0.40931 -0.33685
dist/lin/ang/drive_left/drive_right/tv_l/tv_r/av_l/av_r/x/y/theta/t_err: -0.28674 -1.31838 0.42484 -1.41993 -1.35332 -0.48561 -0.44336 -0.48561 -0.44336 -0.67850 11.26874 270.54261 0.05067
target: -1.31838 0.05557
target: -1.31838 0.05557
fb: -1.37118 0.03191 -0.39110 -0.33273
fb: -1.25864 0.03073 -0.44737 -0.38900
dist/lin/ang/drive_left/drive_right/tv_l/tv_r/av_l/av_r/x/y/theta/t_err: -0.25936 -1.25367 0.43726 -1.28937 -1.22791 -0.43753 -0.38483 -0.43753 -0.38483 -0.66569 10.18915 270.83030 0.05075
target: -1.25367 0.05720
target: -1.25367 0.05720
fb: -1.35374 0.03247 -0.31098 -0.22561
fb: -1.30917 0.04132 -0.33327 -0.24789
dist/lin/ang/drive_left/drive_right/tv_l/tv_r/av_l/av_r/x/y/theta/t_err: -0.23232 -1.18506 0.45086 -1.35049 -1.26785 -0.42022 -0.38878 -0.42022 -0.38878 -0.64762 9.12337 271.10817 0.05152
target: -1.18506 0.05898
target: -1.18506 0.05898
fb: -1.24297 0.04362 -0.29013 -0.20093
fb: -1.24695 0.03644 -0.28815 -0.19894
dist/lin/ang/drive_left/drive_right/tv_l/tv_r/av_l/av_r/x/y/theta/t_err: -0.20749 -1.12118 0.43024 -1.28339 -1.21051 -0.40331 -0.32475 -0.40331 -0.32475 -0.62555 8.14490 271.47937 0.05083
target: -1.12118 0.05628
target: -1.12118 0.05628
fb: -1.20061 0.03386 -0.25009 -0.20475
fb: -1.20039 0.03546 -0.25021 -0.20486
dist/lin/ang/drive_left/drive_right/tv_l/tv_r/av_l/av_r/x/y/theta/t_err: -0.18351 -1.05325 0.45001 -1.23585 -1.16492 -0.36072 -0.27500 -0.36072 -0.27500 -0.59844 7.19993 271.79927 0.05152
target: -1.05325 0.05887
target: -1.05325 0.05887
fb: -1.05696 0.03951 -0.26932 -0.17289
fb: -1.02209 0.04243 -0.28675 -0.19032
dist/lin/ang/drive_left/drive_right/tv_l/tv_r/av_l/av_r/x/y/theta/t_err: -0.16240 -1.07470 0.45709 -1.06453 -0.97966 -0.31072 -0.25086 -0.31072 -0.25086 -0.57022 6.36816 272.12163 0.05228
target: -1.07470 0.05979
target: -1.07470 0.05979
fb: -1.10925 0.04424 -0.61341 -0.53071
fb: -1.02607 0.04278 -0.65500 -0.57230
dist/lin/ang/drive_left/drive_right/tv_l/tv_r/av_l/av_r/x/y/theta/t_err: -0.14004 -0.99799 0.32745 -1.06885 -0.98328 -0.31981 -0.24775 -0.31981 -0.24775 -0.53512 5.49543 272.49781 0.04571
target: -0.99799 0.04283
target: -0.99799 0.04283
fb: -0.97156 0.04264 -0.12792 -0.22883
fb: -0.93670 0.04536 -0.14535 -0.24626
dist/lin/ang/drive_left/drive_right/tv_l/tv_r/av_l/av_r/x/y/theta/t_err: -0.12066 -0.92635 0.27051 -0.98206 -0.89134 -0.46147 -0.42808 -0.46147 -0.42808 -0.49928 4.73127 272.87545 0.03912
target: -0.92635 0.03539
target: -0.92635 0.03539
fb: -0.96583 0.04494 -0.12358 -0.14883
fb: -0.96384 0.04334 -0.12457 -0.14982
dist/lin/ang/drive_left/drive_right/tv_l/tv_r/av_l/av_r/x/y/theta/t_err: -0.10139 -0.84915 0.20703 -1.00718 -0.92050 -0.22828 -0.26847 -0.22828 -0.26847 -0.45843 3.97187 273.27405 0.03216
target: -0.84915 0.02708
target: -0.84915 0.02708
fb: -0.87867 0.04090 -0.06518 -0.10920
fb: -0.84755 0.02926 -0.08074 -0.12476
dist/lin/ang/drive_left/drive_right/tv_l/tv_r/av_l/av_r/x/y/theta/t_err: -0.08385 -0.77223 0.15394 -0.87682 -0.81829 -0.13858 -0.15006 -0.13858 -0.15006 -0.41665 3.28127 273.65188 0.02557
target: -0.77223 0.02014
target: -0.77223 0.02014
fb: -0.83983 0.01414 0.10094 0.06970
fb: -0.78158 0.00495 0.07181 -0.08726
dist/lin/ang/drive_left/drive_right/tv_l/tv_r/av_l/av_r/x/y/theta/t_err: -0.06707 -0.69067 0.14787 -0.78652 -0.77663 -0.08675 -0.08181 -0.08675 -0.08181 -0.37304 2.62143 273.87372 0.02170
target: -0.69067 0.01934
target: -0.69067 0.01934
fb: -0.71361 0.00585 0.10354 0.12665
fb: -0.65161 0.00634 0.07254 0.09565
dist/lin/ang/drive_left/drive_right/tv_l/tv_r/av_l/av_r/x/y/theta/t_err: -0.05280 -0.61282 0.17067 -0.65795 -0.64527 0.05136 -0.01917 0.05136 -0.01917 -0.33484 2.06083 273.92273 0.02084
target: -0.61282 0.02233
target: -0.61282 0.02233
fb: -0.70788 0.00000 0.13773 0.19891
fb: -0.57989 -0.00808 0.07374 0.13492
dist/lin/ang/drive_left/drive_right/tv_l/tv_r/av_l/av_r/x/y/theta/t_err: -0.03865 -0.52429 0.16625 -0.57181 -0.58798 0.07289 0.10883 0.07289 0.10883 -0.29646 1.50477 273.96269 0.02014
target: -0.52429 0.02175
target: -0.52429 0.02175
fb: -0.42278 -0.01122 0.13496 0.16337
fb: -0.57217 -0.00941 0.20965 0.23806
dist/lin/ang/drive_left/drive_right/tv_l/tv_r/av_l/av_r/x/y/theta/t_err: -0.03019 -0.46336 0.19736 -0.56276 -0.58158 0.08178 0.13314 0.08178 0.13314 -0.27366 1.17265 273.88835 0.02144
target: -0.46336 0.02582
target: -0.46336 0.02582
fb: -0.44992 -0.00725 -0.13092 -0.06459
fb: -0.30429 -0.00676 -0.20374 -0.13741
dist/lin/ang/drive_left/drive_right/tv_l/tv_r/av_l/av_r/x/y/theta/t_err: -0.02118 -0.38814 0.20869 -0.29753 -0.31105 0.16067 0.13808 0.16067 0.13808 -0.24983 0.81918 273.81349 0.02275
target: -0.38814 0.02730
target: -0.38814 0.02730
fb: -0.30826 -0.00996 -0.09711 -0.05209
fb: -0.26192 -0.01331 -0.12028 -0.07526
dist/lin/ang/drive_left/drive_right/tv_l/tv_r/av_l/av_r/x/y/theta/t_err: -0.01501 -0.32675 0.21646 -0.24861 -0.27523 -0.13808 -0.08333 -0.13808 -0.08333 -0.23380 0.57699 273.74931 0.02387
target: -0.32675 0.02831
target: -0.32675 0.02831
fb: -0.24824 -0.00989 -0.09995 -0.05775
fb: -0.22110 -0.00592 -0.11352 -0.07132
dist/lin/ang/drive_left/drive_right/tv_l/tv_r/av_l/av_r/x/y/theta/t_err: -0.01004 -0.26720 0.23783 -0.21518 -0.22702 -0.12933 -0.07703 -0.12933 -0.07703 -0.22119 0.38193 273.64896 0.02562
target: -0.26720 0.03111
target: -0.26720 0.03111
fb: -0.19793 -0.00341 -0.08684 0.06295
fb: -0.19396 -0.00160 -0.08883 0.06096
dist/lin/ang/drive_left/drive_right/tv_l/tv_r/av_l/av_r/x/y/theta/t_err: -0.00608 -0.00152 0.23416 -0.19236 -0.19556 -0.11344 -0.04394 -0.11344 -0.04394 -0.21133 0.22639 273.60633 0.02636
target: -0.00152 0.03063
target: -0.00152 0.03063
fb: -0.18028 0.00000 0.64085 0.68246
fb: -0.14939 0.00279 0.55147 0.59308
dist/lin/ang/drive_left/drive_right/tv_l/tv_r/av_l/av_r/x/y/theta/t_err: -0.00247 -0.00062 0.22847 -0.15217 -0.14660 -0.09000 0.10028 -0.09000 0.10028 -0.20241 0.08472 273.60093 0.02646
target: -0.00062 0.02989
target: -0.00062 0.02989
fb: -0.12423 0.01143 -0.05412 0.06217
fb: -0.10084 0.02899 -0.05412 0.06217
dist/lin/ang/drive_left/drive_right/tv_l/tv_r/av_l/av_r/x/y/theta/t_err: 0.00001 0.00000 0.21137 -0.12983 -0.07186 0.39133 0.31911 0.39133 0.31911 -0.19624 -0.01291 273.65069 0.02559
target: 0.00000 0.02765
target: 0.00000 0.02765
fb: -0.05230 0.04550 -0.04624 0.05362
fb: -0.00375 0.04125 -0.04624 0.05362
start is 0.00000 0.00000
dist/lin/ang/drive_left/drive_right/tv_l/tv_r/av_l/av_r/x/y/theta/t_err: 0.60960 0.00000 1.20000 0.00000 0.00000 0.00050 0.00017 0.00050 0.00017 0.00000 0.00000 0.00001 1.57080
target: 0.00000 0.15697
target: 0.00000 0.15697
fb: 0.00000 0.00000 -0.85057 0.85546
fb: 0.00000 0.00000 -0.85057 0.85546
dist/lin/ang/drive_left/drive_right/tv_l/tv_r/av_l/av_r/x/y/theta/t_err: -0.60960 0.00000 2.40000 0.00000 0.00000 -0.10883 0.02600 -0.10883 0.02600 0.00000 0.00000 -0.00000 1.57080
target: 0.00000 0.31394
target: 0.00000 0.31394
fb: 0.00000 0.00000 -1.00000 1.00000
fb: 0.00000 0.00307 -1.00000 1.00000
dist/lin/ang/drive_left/drive_right/tv_l/tv_r/av_l/av_r/x/y/theta/t_err: 0.60960 0.00000 3.60000 -0.00307 0.00307 -0.41803 0.42914 -0.41803 0.42914 0.00000 0.00000 0.00003 1.57080
target: 0.00000 0.47092
target: 0.00000 0.47092
fb: 0.00000 0.02627 -1.00000 1.00000
fb: 0.00000 0.06766 -1.00000 1.00000
dist/lin/ang/drive_left/drive_right/tv_l/tv_r/av_l/av_r/x/y/theta/t_err: 0.60960 0.00043 4.80000 -0.06766 0.06766 -0.55867 0.62247 -0.55867 0.62247 0.00000 0.00000 0.09303 1.56917
target: 0.00043 0.62789
target: 0.00043 0.62789
fb: 0.00000 0.10876 -1.00000 1.00000
fb: 0.00000 0.14890 -1.00000 1.00000
dist/lin/ang/drive_left/drive_right/tv_l/tv_r/av_l/av_r/x/y/theta/t_err: 0.60960 0.00358 6.00000 -0.14890 0.14890 -0.71900 0.75375 -0.71900 0.75375 0.00000 0.00000 0.77052 1.55735
target: 0.00358 0.78486
target: 0.00358 0.78486
fb: 0.00000 0.18994 -1.00000 1.00000
fb: 0.00000 0.22749 -1.00000 1.00000
dist/lin/ang/drive_left/drive_right/tv_l/tv_r/av_l/av_r/x/y/theta/t_err: 0.60960 0.01027 6.00000 -0.22749 0.22749 -0.80233 0.79789 -0.80233 0.79789 0.00000 0.00000 2.16324 1.53304
target: 0.01027 0.78486
target: 0.01027 0.78486
fb: 0.00000 0.26421 -0.80802 0.84729
fb: 0.00000 0.30184 -0.78920 0.82847
dist/lin/ang/drive_left/drive_right/tv_l/tv_r/av_l/av_r/x/y/theta/t_err: 0.60960 0.02077 6.00000 -0.30184 0.30184 -0.68289 0.76911 -0.68289 0.76911 0.00000 0.00000 4.23007 1.49697
target: 0.02077 0.78486
target: 0.02077 0.78486
fb: 0.00000 0.34197 -0.75764 0.81990
fb: 0.00000 0.37848 -0.73939 0.80164
dist/lin/ang/drive_left/drive_right/tv_l/tv_r/av_l/av_r/x/y/theta/t_err: 0.60960 0.03570 6.00000 -0.37848 0.37848 -0.62542 0.46661 -0.62542 0.46661 0.00000 0.00000 6.95593 1.44939
target: 0.03570 0.78486
target: 0.03570 0.78486
fb: 0.00000 0.41137 -0.70856 0.79959
fb: 0.00000 0.43833 -0.69508 0.78610
dist/lin/ang/drive_left/drive_right/tv_l/tv_r/av_l/av_r/x/y/theta/t_err: 0.60960 0.05601 6.00000 -0.43833 0.43833 -0.63308 0.51469 -0.63308 0.51469 0.00000 0.00000 10.33263 1.39046
target: 0.05601 0.78486
target: 0.05601 0.78486
fb: 0.00000 0.46418 -0.66386 0.79147
fb: 0.00000 0.49212 -0.64989 0.77750
dist/lin/ang/drive_left/drive_right/tv_l/tv_r/av_l/av_r/x/y/theta/t_err: 0.60960 0.08206 6.00000 -0.49212 0.49212 -0.62589 0.46625 -0.62589 0.46625 0.00000 0.00000 14.21368 1.32272
target: 0.08206 0.78486
target: 0.08206 0.78486
fb: 0.00000 0.52117 -0.61426 0.78408
fb: 0.00000 0.54967 -0.60001 0.76983
dist/lin/ang/drive_left/drive_right/tv_l/tv_r/av_l/av_r/x/y/theta/t_err: 0.60960 0.11512 6.00000 -0.54967 0.54967 -0.58964 0.57219 -0.58964 0.57219 0.00000 0.00000 18.57610 1.24658
target: 0.11512 0.78486
target: 0.11512 0.78486
fb: 0.00000 0.57503 -0.56108 0.78339
fb: 0.00000 0.60242 -0.54739 0.76970
dist/lin/ang/drive_left/drive_right/tv_l/tv_r/av_l/av_r/x/y/theta/t_err: 0.60960 0.15709 6.00000 -0.60242 0.60242 -0.56928 0.58569 -0.56928 0.58569 0.00000 0.00000 23.42839 1.16189
target: 0.15709 0.78486
target: 0.15709 0.78486
fb: 0.00000 0.63210 -0.49920 0.78822
fb: 0.00000 0.65864 -0.48593 0.77494
dist/lin/ang/drive_left/drive_right/tv_l/tv_r/av_l/av_r/x/y/theta/t_err: 0.60960 0.21024 6.00000 -0.65864 0.65864 -0.52597 0.61411 -0.52597 0.61411 0.00000 0.00000 28.75660 1.06890
target: 0.21024 0.78486
target: 0.21024 0.78486
fb: 0.00000 0.68352 -0.32636 0.90964
fb: 0.00000 0.70386 -0.31618 0.89946
dist/lin/ang/drive_left/drive_right/tv_l/tv_r/av_l/av_r/x/y/theta/t_err: 0.60960 0.27762 6.00000 -0.70386 0.70386 -0.44678 0.63072 -0.44678 0.63072 0.00000 0.00000 34.56017 0.96761
target: 0.27762 0.78486
target: 0.27762 0.78486
fb: 0.00000 0.72059 -0.22071 0.97822
fb: 0.00000 0.73487 -0.21357 0.97107
dist/lin/ang/drive_left/drive_right/tv_l/tv_r/av_l/av_r/x/y/theta/t_err: 0.60960 0.36180 6.00000 -0.73487 0.73487 -0.30286 0.59100 -0.30286 0.59100 0.00000 0.00000 40.74020 0.85975
target: 0.36180 0.78486
target: 0.36180 0.78486
fb: 0.00000 0.74351 -0.10244 1.00000
fb: 0.00000 0.74246 -0.10296 1.00000
dist/lin/ang/drive_left/drive_right/tv_l/tv_r/av_l/av_r/x/y/theta/t_err: 0.60960 0.45324 5.11802 -0.74246 0.74246 -0.20089 0.61428 -0.20089 0.61428 0.00000 0.00000 47.17562 0.74743
target: 0.45324 0.66949
target: 0.45324 0.66949
fb: 0.00000 0.74539 0.72479 0.51255
fb: 0.00000 0.74874 0.72646 0.51088
dist/lin/ang/drive_left/drive_right/tv_l/tv_r/av_l/av_r/x/y/theta/t_err: 0.60960 0.54468 4.17866 -0.74874 0.74874 -0.02308 0.48900 -0.02308 0.48900 0.00000 0.00000 53.67215 0.63404
target: 0.54468 0.54661
target: 0.54468 0.54661
fb: 0.00000 0.74881 1.00000 0.63846
fb: 0.00000 0.74365 1.00000 0.64104
dist/lin/ang/drive_left/drive_right/tv_l/tv_r/av_l/av_r/x/y/theta/t_err: 0.60960 0.63612 3.23388 -0.74365 0.74365 0.30883 0.46044 0.30883 0.46044 0.00000 0.00000 60.21870 0.51978
target: 0.63612 0.42302
target: 0.63612 0.42302
fb: 0.01743 0.71411 1.00000 0.58267
fb: 0.09708 0.68073 1.00000 0.55954
dist/lin/ang/drive_left/drive_right/tv_l/tv_r/av_l/av_r/x/y/theta/t_err: 0.60928 0.72756 2.33617 -0.58365 0.77781 0.41769 0.57028 0.41769 0.57028 0.00579 0.01245 66.64846 0.40780
target: 0.72756 0.30559
target: 0.72756 0.30559
fb: 0.17849 0.65349 1.00000 0.50613
fb: 0.21512 0.63140 1.00000 0.49886
dist/lin/ang/drive_left/drive_right/tv_l/tv_r/av_l/av_r/x/y/theta/t_err: 0.60594 0.81900 1.60870 -0.41628 0.84652 0.63153 0.53897 0.63153 0.53897 0.05433 0.14429 72.54561 0.30691
target: 0.81900 0.21043
target: 0.81900 0.21043
fb: 0.23652 0.61405 1.00000 0.56909
fb: 0.26190 0.59197 1.00000 0.56744
dist/lin/ang/drive_left/drive_right/tv_l/tv_r/av_l/av_r/x/y/theta/t_err: 0.60137 0.91044 0.90274 -0.33007 0.85386 0.72978 0.48819 0.72978 0.48819 0.10147 0.32441 78.03700 0.21308
target: 0.91044 0.11809
target: 0.91044 0.11809
fb: 0.28904 0.56138 1.00000 0.55714
fb: 0.30052 0.52549 1.00000 0.56935
dist/lin/ang/drive_left/drive_right/tv_l/tv_r/av_l/av_r/x/y/theta/t_err: 0.59567 1.00188 0.23818 -0.22498 0.82601 0.80936 0.53558 0.80936 0.53558 0.13842 0.54892 83.15659 0.12534
target: 1.00188 0.03116
target: 1.00188 0.03116
fb: 0.32369 0.50313 1.00000 0.57497
fb: 0.33737 0.49282 1.00000 0.57329
dist/lin/ang/drive_left/drive_right/tv_l/tv_r/av_l/av_r/x/y/theta/t_err: 0.58922 1.09332 -0.32762 -0.15545 0.83018 0.88636 0.54308 0.88636 0.54308 0.15828 0.80297 87.72447 0.04654
target: 1.09332 -0.04286
target: 1.09332 -0.04286
fb: 0.35303 0.47993 1.00000 0.62682
fb: 0.39562 0.45993 1.00000 0.61552
dist/lin/ang/drive_left/drive_right/tv_l/tv_r/av_l/av_r/x/y/theta/t_err: 0.58216 1.18476 -0.90469 -0.06431 0.85555 0.88583 0.55303 0.88583 0.55303 0.15856 1.08090 92.01478 -0.02825
target: 1.18476 -0.11834
target: 1.18476 -0.11834
fb: 0.43446 0.43506 1.00000 0.59695
fb: 0.49470 0.41276 1.00000 0.57798
dist/lin/ang/drive_left/drive_right/tv_l/tv_r/av_l/av_r/x/y/theta/t_err: 0.57349 1.27620 -1.44317 0.08194 0.90746 0.88769 0.58689 0.88769 0.58689 0.13430 1.42208 95.99507 -0.09869
target: 1.27620 -0.18878
target: 1.27620 -0.18878
fb: 0.53706 0.39666 1.00000 0.58851
fb: 0.52934 0.38426 1.00000 0.59858
dist/lin/ang/drive_left/drive_right/tv_l/tv_r/av_l/av_r/x/y/theta/t_err: 0.56284 1.36743 -1.93020 0.14508 0.91360 0.90533 0.56431 0.90533 0.56431 0.07687 1.84099 99.58717 -0.16386
target: 1.36743 -0.25249
target: 1.36743 -0.25249
fb: 0.56045 0.37416 1.00000 0.62617
fb: 0.60503 0.36092 1.00000 0.61050
dist/lin/ang/drive_left/drive_right/tv_l/tv_r/av_l/av_r/x/y/theta/t_err: 0.55185 1.23297 -2.41809 0.24411 0.96595 0.91544 0.57594 0.91544 0.57594 -0.00983 2.27365 102.94165 -0.22633
target: 1.23297 -0.31631
target: 1.23297 -0.31631
fb: 0.59554 0.34594 1.00000 -0.60566
fb: 0.60702 0.32998 1.00000 -0.60342
dist/lin/ang/drive_left/drive_right/tv_l/tv_r/av_l/av_r/x/y/theta/t_err: 0.54033 1.11355 -2.89207 0.27703 0.93700 0.90925 0.49228 0.90925 0.49228 -0.12724 2.72760 106.07656 -0.28657
target: 1.11355 -0.37831
target: 1.11355 -0.37831
fb: 0.67101 0.31277 1.00000 -0.73984
fb: 0.69241 0.29138 1.00000 -0.73985
dist/lin/ang/drive_left/drive_right/tv_l/tv_r/av_l/av_r/x/y/theta/t_err: 0.52758 1.00794 -3.34242 0.40103 0.98380 0.91286 -0.11497 0.91286 -0.11497 -0.28665 3.23128 108.93483 -0.34428
target: 1.00794 -0.43722
target: 1.00794 -0.43722
fb: 0.68646 0.26693 1.00000 -0.82071
fb: 0.67477 0.21641 1.00000 -0.78961
dist/lin/ang/drive_left/drive_right/tv_l/tv_r/av_l/av_r/x/y/theta/t_err: 0.51478 0.91726 -3.74250 0.45835 0.89118 0.88053 -0.42692 0.88053 -0.42692 -0.47350 3.73844 111.44961 -0.39773
target: 0.91726 -0.48956
target: 0.91726 -0.48956
fb: 0.66705 0.15984 1.00000 -0.81208
fb: 0.69816 0.10793 1.00000 -0.80168
dist/lin/ang/drive_left/drive_right/tv_l/tv_r/av_l/av_r/x/y/theta/t_err: 0.50260 0.85128 -3.97559 0.59023 0.80609 0.88567 -0.36328 0.88567 -0.36328 -0.67366 4.22402 113.21642 -0.43925
target: 0.85128 -0.52005
target: 0.85128 -0.52005
fb: 0.67698 0.06097 1.00000 -0.66636
fb: 0.64984 0.01728 0.99993 -0.63094
dist/lin/ang/drive_left/drive_right/tv_l/tv_r/av_l/av_r/x/y/theta/t_err: 0.49043 0.81074 -4.06188 0.63256 0.66712 0.88531 -0.41083 0.88531 -0.41083 -0.88776 4.71219 114.06442 -0.46600
target: 0.81074 -0.53133
target: 0.81074 -0.53133
fb: 0.64587 -0.02432 0.97276 -0.47012
fb: 0.64763 -0.07309 0.94750 -0.44661
dist/lin/ang/drive_left/drive_right/tv_l/tv_r/av_l/av_r/x/y/theta/t_err: 0.47893 0.79112 -4.05013 0.72072 0.57455 0.71489 -0.36069 0.71489 -0.36069 -1.09577 5.17626 114.13084 -0.47931
target: 0.79112 -0.52980
target: 0.79112 -0.52980
fb: 0.65359 -0.12360 0.92554 -0.29907
fb: 0.61873 -0.17224 0.91866 -0.25732
dist/lin/ang/drive_left/drive_right/tv_l/tv_r/av_l/av_r/x/y/theta/t_err: 0.46734 0.79180 -3.92232 0.79096 0.44649 0.60058 -0.34889 0.60058 -0.34889 -1.30354 5.64710 113.37301 -0.47884
target: 0.79180 -0.51308
target: 0.79180 -0.51308
fb: 0.60879 -0.21411 0.89663 0.06614
fb: 0.55848 -0.25369 0.90200 0.11109
dist/lin/ang/drive_left/drive_right/tv_l/tv_r/av_l/av_r/x/y/theta/t_err: 0.45649 0.81534 -3.65253 0.81217 0.30479 0.59956 -0.19781 0.59956 -0.19781 -1.48787 6.08959 111.77419 -0.46291
target: 0.81534 -0.47779
target: 0.81534 -0.47779
fb: 0.55076 -0.29020 0.87563 0.37097
fb: 0.56819 -0.32309 0.85047 0.37870
dist/lin/ang/drive_left/drive_right/tv_l/tv_r/av_l/av_r/x/y/theta/t_err: 0.44656 0.86072 -3.28423 0.89127 0.24510 0.59975 0.12319 0.59975 0.12319 -1.64047 6.49550 109.46463 -0.43317
target: 0.86072 -0.42961
target: 0.86072 -0.42961
fb: 0.54700 -0.34733 0.86327 0.64450
fb: 0.60128 -0.36057 0.82951 0.62398
dist/lin/ang/drive_left/drive_right/tv_l/tv_r/av_l/av_r/x/y/theta/t_err: 0.43654 0.91716 -2.85633 0.96185 0.24071 0.63364 0.38978 0.63364 0.38978 -1.77376 6.90503 106.57756 -0.39272
target: 0.91716 -0.37364
target: 0.91716 -0.37364
fb: 0.59157 -0.36747 0.82602 0.82856
fb: 0.65357 -0.36183 0.79784 0.79474
dist/lin/ang/drive_left/drive_right/tv_l/tv_r/av_l/av_r/x/y/theta/t_err: 0.42552 0.98098 -2.43922 1.01540 0.29175 0.66803 0.49144 0.66803 0.49144 -1.89482 7.35478 103.40501 -0.34731
target: 0.98098 -0.31907
target: 0.98098 -0.31907
fb: 0.74073 -0.34580 0.79243 0.88833
fb: 0.73500 -0.32176 0.80731 0.87917
dist/lin/ang/drive_left/drive_right/tv_l/tv_r/av_l/av_r/x/y/theta/t_err: 0.41149 1.03988 -2.10288 1.05676 0.41323 0.70447 0.46317 0.70447 0.46317 -2.01458 7.92555 100.27394 -0.30399
target: 1.03988 -0.27508
target: 1.03988 -0.27508
fb: 0.71359 -0.30211 0.85789 0.91801
fb: 0.71360 -0.29898 0.85945 0.91644
dist/lin/ang/drive_left/drive_right/tv_l/tv_r/av_l/av_r/x/y/theta/t_err: 0.39779 1.09198 -1.82979 1.01258 0.41462 0.69194 0.46969 0.69194 0.46969 -2.10150 8.48063 97.49748 -0.26545
target: 1.09198 -0.23935
target: 1.09198 -0.23935
fb: 0.71757 -0.29577 0.90300 0.90954
fb: 0.70786 -0.29166 0.90785 0.91439
dist/lin/ang/drive_left/drive_right/tv_l/tv_r/av_l/av_r/x/y/theta/t_err: 0.38388 1.14081 -1.54864 0.99952 0.41620 0.70942 0.50581 0.70942 0.50581 -2.16274 9.04228 94.88960 -0.22893
target: 1.14081 -0.20258
target: 1.14081 -0.20258
fb: 0.77009 -0.28679 0.87874 0.94408
fb: 0.80870 -0.27905 0.85943 0.92477
dist/lin/ang/drive_left/drive_right/tv_l/tv_r/av_l/av_r/x/y/theta/t_err: 0.36882 1.18693 -1.26130 1.08775 0.52965 0.71628 0.46797 0.71628 0.46797 -2.20064 9.64742 92.34804 -0.19312
target: 1.18693 -0.16499
target: 1.18693 -0.16499
fb: 0.85901 -0.28149 0.83662 0.95965
fb: 0.93492 -0.28274 0.79866 0.92169
dist/lin/ang/drive_left/drive_right/tv_l/tv_r/av_l/av_r/x/y/theta/t_err: 0.35190 1.22745 -0.98783 1.21766 0.65217 0.71436 0.57406 0.71436 0.57406 -2.21342 10.32365 89.88732 -0.15848
target: 1.22745 -0.12922
target: 1.22745 -0.12922
fb: 0.91153 -0.28247 0.80907 0.96375
fb: 0.92499 -0.28058 0.80234 0.95702
dist/lin/ang/drive_left/drive_right/tv_l/tv_r/av_l/av_r/x/y/theta/t_err: 0.33385 1.26727 -0.68463 1.20557 0.64440 0.72019 0.61631 0.72019 0.61631 -2.19693 11.04115 87.41012 -0.12273
target: 1.26727 -0.08956
target: 1.26727 -0.08956
fb: 0.99869 -0.27487 0.75488 0.99773
fb: 0.98125 -0.26630 0.76360 1.00000
dist/lin/ang/drive_left/drive_right/tv_l/tv_r/av_l/av_r/x/y/theta/t_err: 0.31399 1.30271 -0.38488 1.24756 0.71495 0.74297 0.53711 0.74297 0.53711 -2.14455 11.82573 84.97122 -0.08660
target: 1.30271 -0.05035
target: 1.30271 -0.05035
fb: 0.98324 -0.25682 0.75314 1.00000
fb: 0.96978 -0.25585 0.75986 1.00000
dist/lin/ang/drive_left/drive_right/tv_l/tv_r/av_l/av_r/x/y/theta/t_err: 0.29437 1.33586 -0.09156 1.22563 0.71393 0.72242 0.54719 0.72242 0.54719 -2.06079 12.59535 82.65855 -0.05064
target: 1.33586 -0.01198
target: 1.33586 -0.01198
fb: 0.99891 -0.25794 0.74440 1.00000
fb: 1.06466 -0.25571 0.71152 1.00000
dist/lin/ang/drive_left/drive_right/tv_l/tv_r/av_l/av_r/x/y/theta/t_err: 0.27440 1.36726 0.22009 1.32037 0.80895 0.72583 0.80592 0.72583 0.80592 -1.94452 13.37321 80.41552 -0.01370
target: 1.36726 0.02879
target: 1.36726 0.02879
fb: 1.04326 -0.24965 0.56654 1.00000
fb: 1.07062 -0.24080 0.55728 1.00000
dist/lin/ang/drive_left/drive_right/tv_l/tv_r/av_l/av_r/x/y/theta/t_err: 0.25354 1.29006 0.56191 1.31142 0.82982 0.67725 0.88633 0.67725 0.88633 -1.79211 14.18038 78.19609 0.02550
target: 1.29006 0.07350
target: 1.29006 0.07350
fb: 1.07438 -0.22986 -0.13200 0.79624
fb: 1.14410 -0.21335 -0.15861 0.75312
dist/lin/ang/drive_left/drive_right/tv_l/tv_r/av_l/av_r/x/y/theta/t_err: 0.23207 1.15796 0.90109 1.35745 0.93076 0.47961 0.81364 0.47961 0.81364 -1.60421 15.00518 76.12153 0.06573
target: 1.15796 0.11787
target: 1.15796 0.11787
fb: 1.22575 -0.18903 -0.57753 0.41050
fb: 1.15602 -0.16694 -0.53163 0.43431
dist/lin/ang/drive_left/drive_right/tv_l/tv_r/av_l/av_r/x/y/theta/t_err: 0.20765 1.02530 1.24771 1.32297 0.98908 -0.11192 0.65636 -0.11192 0.65636 -1.35774 15.93830 74.31303 0.10694
target: 1.02530 0.16321
target: 1.02530 0.16321
fb: 1.12867 -0.13803 -0.68403 0.36775
fb: 1.11896 -0.10277 -0.66155 0.35497
dist/lin/ang/drive_left/drive_right/tv_l/tv_r/av_l/av_r/x/y/theta/t_err: 0.18526 0.90920 1.54616 1.22173 1.01619 -0.26692 0.46319 -0.26692 0.46319 -1.10656 16.79076 72.91719 0.14585
target: 0.90920 0.20225
target: 0.90920 0.20225
fb: 1.03776 -0.07121 -0.66202 0.35748
fb: 1.02209 -0.04174 -0.51746 0.22858
dist/lin/ang/drive_left/drive_right/tv_l/tv_r/av_l/av_r/x/y/theta/t_err: 0.16478 1.08255 1.77571 1.06383 0.98036 -0.25614 0.37489 -0.25614 0.37489 -0.86053 17.56997 72.08965 0.17955
target: 1.08255 0.23228
target: 1.08255 0.23228
fb: 1.04526 -0.01763 0.92516 1.00000
fb: 0.96958 0.01024 0.96301 1.00000
dist/lin/ang/drive_left/drive_right/tv_l/tv_r/av_l/av_r/x/y/theta/t_err: 0.14106 1.00161 1.56733 0.95933 0.97982 -0.19475 0.31672 -0.19475 0.31672 -0.60490 18.35231 71.77324 0.18508
target: 1.00161 0.20502
target: 1.00161 0.20502
fb: 0.94641 0.03087 0.15975 0.19485
fb: 0.93493 0.05254 0.16549 0.20059
dist/lin/ang/drive_left/drive_right/tv_l/tv_r/av_l/av_r/x/y/theta/t_err: 0.12220 0.93224 1.47987 0.88240 0.98747 0.29431 0.61328 0.29431 0.61328 -0.37232 19.06029 71.89902 0.18288
target: 0.93224 0.19358
target: 0.93224 0.19358
fb: 0.92125 0.07448 0.09192 0.25399
fb: 0.93670 0.09169 0.08420 0.24626
dist/lin/ang/drive_left/drive_right/tv_l/tv_r/av_l/av_r/x/y/theta/t_err: 0.10403 0.86016 1.34754 0.84500 1.02839 0.19011 0.33950 0.19011 0.33950 -0.14975 19.75069 72.40566 0.17404
target: 0.86016 0.17627
target: 0.86016 0.17627
fb: 0.89587 0.10744 0.06614 0.15213
fb: 0.88043 0.12061 0.07386 0.15985
dist/lin/ang/drive_left/drive_right/tv_l/tv_r/av_l/av_r/x/y/theta/t_err: 0.08653 0.78447 1.17553 0.75982 1.00104 0.10950 0.23800 0.10950 0.23800 0.05883 20.42456 73.24374 0.15941
target: 0.78447 0.15377
target: 0.78447 0.15377
fb: 0.81467 0.13322 0.06174 0.07082
fb: 0.77186 0.13350 0.08315 0.09222
dist/lin/ang/drive_left/drive_right/tv_l/tv_r/av_l/av_r/x/y/theta/t_err: 0.07074 0.70931 0.98246 0.63836 0.90536 0.09444 0.19781 0.09444 0.19781 0.23838 21.04038 74.32542 0.14053
target: 0.70931 0.12852
target: 0.70931 0.12852
fb: 0.72133 0.12918 0.07139 -0.10607
fb: 0.60902 0.12347 0.12755 0.07792
dist/lin/ang/drive_left/drive_right/tv_l/tv_r/av_l/av_r/x/y/theta/t_err: 0.05683 0.63574 0.80603 0.48555 0.73248 0.09769 0.09958 0.09769 0.09958 0.38659 21.58868 75.47915 0.12040
target: 0.63574 0.10544
target: 0.63574 0.10544
fb: 0.58960 0.11455 0.08228 -0.10658
fb: 0.58960 0.10842 0.08228 -0.10658
dist/lin/ang/drive_left/drive_right/tv_l/tv_r/av_l/av_r/x/y/theta/t_err: 0.04549 0.56877 0.67026 0.48118 0.69802 0.12011 0.02825 0.12011 0.02825 0.49873 22.03917 76.53510 0.10197
target: 0.56877 0.08768
target: 0.56877 0.08768
fb: 0.53907 0.09873 0.06088 -0.10395
fb: 0.51193 0.08347 0.07445 -0.09038
dist/lin/ang/drive_left/drive_right/tv_l/tv_r/av_l/av_r/x/y/theta/t_err: 0.03509 0.49953 0.55819 0.42846 0.59540 0.10111 -0.07733 0.10111 -0.07733 0.59429 22.45274 77.46096 0.08581
target: 0.49953 0.07302
target: 0.49953 0.07302
fb: 0.49075 0.06954 0.10682 0.07761
fb: 0.42080 0.05720 0.14179 0.11258
dist/lin/ang/drive_left/drive_right/tv_l/tv_r/av_l/av_r/x/y/theta/t_err: 0.02555 0.42630 0.49354 0.36359 0.47800 0.09069 -0.04722 0.09069 -0.04722 0.67585 22.83045 78.16078 0.07359
target: 0.42630 0.06456
target: 0.42630 0.06456
fb: 0.37424 0.04515 0.07112 0.08642
fb: 0.36850 0.03177 0.07399 0.08929
dist/lin/ang/drive_left/drive_right/tv_l/tv_r/av_l/av_r/x/y/theta/t_err: 0.01826 0.36032 0.46218 0.33673 0.40027 0.13158 0.09411 0.13158 0.09411 0.73507 23.11911 78.63144 0.06538
target: 0.36032 0.06046
target: 0.36032 0.06046
fb: 0.36475 0.01623 -0.06192 0.06511
fb: 0.34710 0.00272 -0.05309 0.07394
dist/lin/ang/drive_left/drive_right/tv_l/tv_r/av_l/av_r/x/y/theta/t_err: 0.01105 0.28040 0.46431 0.34438 0.34981 0.07392 0.09358 0.07392 0.09358 0.79102 23.40081 78.87061 0.06120
target: 0.28040 0.06074
target: 0.28040 0.06074
fb: 0.31996 -0.00592 -0.15685 -0.07785
fb: 0.30076 -0.00530 -0.14725 -0.06825
dist/lin/ang/drive_left/drive_right/tv_l/tv_r/av_l/av_r/x/y/theta/t_err: 0.00466 0.00116 0.50170 0.30605 0.29546 -0.05647 0.04978 -0.05647 0.04978 0.83960 23.64802 78.87120 0.06119
target: 0.00116 0.06563
target: 0.00116 0.06563
fb: 0.28112 0.00543 -0.80302 -0.67595
fb: 0.24824 0.01916 -0.78658 -0.65951
dist/lin/ang/drive_left/drive_right/tv_l/tv_r/av_l/av_r/x/y/theta/t_err: -0.00097 -0.00024 0.50832 0.22908 0.26740 -0.19094 -0.09769 -0.19094 -0.09769 0.88240 23.86519 78.84947 0.06157
target: -0.00024 0.06649
target: -0.00024 0.06649
fb: 0.13968 0.02676 -0.09037 0.08946
fb: 0.03862 0.02801 -0.09037 0.08946
dist/lin/ang/drive_left/drive_right/tv_l/tv_r/av_l/av_r/x/y/theta/t_err: -0.00370 -0.00092 0.45146 0.01061 0.06663 -0.19267 -0.23561 -0.19267 -0.23561 0.90358 23.97312 79.02751 0.05847
target: -0.00092 0.05906
target: -0.00092 0.05906
fb: 0.01545 0.02592 -0.04682 0.04831
fb: 0.00199 0.01951 -0.04682 0.04831
dist/lin/ang/drive_left/drive_right/tv_l/tv_r/av_l/av_r/x/y/theta/t_err: -0.00391 -0.00098 0.40884 -0.01752 0.02150 -0.07992 0.06792 -0.07992 0.06792 0.90588 23.98506 79.26263 0.05436
target: -0.00098 0.05348
target: -0.00098 0.05348
fb: 0.00199 0.01846 -0.05024 0.05419
fb: 0.00000 0.02062 -0.05024 0.05419
dist/lin/ang/drive_left/drive_right/tv_l/tv_r/av_l/av_r/x/y/theta/t_err: -0.00389 -0.00097 0.39404 -0.02062 0.02062 -0.04722 0.05289 -0.04722 0.05289 0.90617 23.98660 79.43497 0.05135
target: -0.00097 0.05154
target: -0.00097 0.05154
fb: 0.00000 0.02327 -0.06519 0.06939
fb: 0.01368 0.02529 -0.06519 0.06939
final error: 0.90627, x: -0.90617, y: 0.01340
final local error: 0.90627, forwards: -0.14994, sideways: 0.89378
position: 0.90617 23.98660 79.62915
took 1.38000 time to finish turn
increased target to 8.00000
WARNING - pros.serial.terminal.terminal:reader - Connection to /dev/ttyACM1 broken - pros-cli version:3.5.6
WARNING - pros.serial.terminal.terminal:stop - Stopping terminal - pros-cli version:3.5.6

[tomas@nixbtw:~/projects/Robotics/current/Cognex]$

