
[tomas@nixbtw:~/projects/Robotics/current/Cognex]$ t
Not sending analytics for this command.

Established terminal connection



         _+=+_
      .-`  .  `-.          8888888b.  8888888b.   .d88888b.   .d8888b.
   _+`     "     `+_       888   Y88b 888   Y88b d88P" "Y88b d88P  Y88b
  \\\sssssssssssss///      888    888 888    888 888     888 Y88b.
     .ss\  *  /ss.         888   d88P 888   d88P 888     888  "Y888b.
 .+bm  .s  *  s.  md+.     8888888P"  8888888P"  888     888     "Y88b.
.hMMMMs .  *  . sMMMMh.    888        888 T88b   888     888       "888
 `\hMMMb \ | / dMMMh:      888        888  T88b  Y88b. .d88P Y88b  d88P
   -SNMNo  -  oNMNs-       888        888   T88b  "Y88888P"   "Y8888P"
     `+dMh\./dMd/
        `:yNy:`                      Powered by PROS for VEX V5
           "                Copyright (c) Purdue University ACM SIGBots
Version:        4.2.1     Platform:  V1.1.5 (b18)     Uptime:    0.000 s
Compiled:   Jan  1 1980 00:00:00     Directory:


bouncing done
health done
auton done
calibrated!
starting task: 2318300
initializing odom model
timed correctly: 2321172
initializing pf model
initializing smoother model
start is 0.000 0.000
dist/lin/ang/drive_left/drive_right/tv_l/tv_r/av_l/av_r/x/y/theta/t_err: 0.86210 0.09144 1.20000 0.00000 0.00000 -0.00017 0.00000 -0.00017 0.00000 0.00000 0.00000 0.00003 0.78540
target: 0.09144 0.15697
target: 0.09144 0.15697
fb: 0.00000 0.00000 -0.71234 1.00000
fb: 0.00000 0.00000 -0.71234 1.00000
dist/lin/ang/drive_left/drive_right/tv_l/tv_r/av_l/av_r/x/y/theta/t_err: 0.86210 0.18288 2.40000 0.00000 0.00000 -0.11156 0.02703 -0.11156 0.02703 0.00000 0.00000 0.00004 0.78540
target: 0.18288 0.31394
target: 0.18288 0.31394
fb: 0.00000 0.00000 -0.77073 1.00000
fb: 0.00000 0.00077 -0.77034 1.00000
dist/lin/ang/drive_left/drive_right/tv_l/tv_r/av_l/av_r/x/y/theta/t_err: 0.86210 0.27432 3.60000 -0.00077 0.00077 -0.46917 0.47878 -0.46917 0.47878 0.00000 0.00000 0.00002 0.78540
target: 0.27432 0.47092
target: 0.27432 0.47092
fb: 0.00000 0.02808 -0.86079 1.00000
fb: 0.00000 0.07337 -0.83815 1.00000
dist/lin/ang/drive_left/drive_right/tv_l/tv_r/av_l/av_r/x/y/theta/t_err: 0.86210 0.36576 4.80000 -0.07337 0.07337 -0.46850 0.67178 -0.46850 0.67178 0.00000 0.00000 0.08117 0.78398
target: 0.36576 0.62789
target: 0.36576 0.62789
fb: 0.00000 0.11545 -0.92121 1.00000
fb: 0.00397 0.15168 -0.90508 1.00000
dist/lin/ang/drive_left/drive_right/tv_l/tv_r/av_l/av_r/x/y/theta/t_err: 0.86210 0.44170 6.00000 -0.14771 0.15566 -0.45786 0.73389 -0.45786 0.73389 0.00000 0.00000 0.80935 0.77127
target: 0.44170 0.78486
target: 0.44170 0.78486
fb: 0.01169 0.18499 -1.00000 1.00000
fb: 0.01545 0.21843 -1.00000 1.00000
dist/lin/ang/drive_left/drive_right/tv_l/tv_r/av_l/av_r/x/y/theta/t_err: 0.86193 0.46543 6.00000 -0.20299 0.23388 -0.46114 0.78744 -0.46114 0.78744 0.00920 0.00025 2.20630 0.74708
target: 0.46543 0.78486
target: 0.46543 0.78486
fb: 0.02339 0.25202 -0.39063 1.00000
fb: 0.03486 0.28337 -0.38069 1.00000
dist/lin/ang/drive_left/drive_right/tv_l/tv_r/av_l/av_r/x/y/theta/t_err: 0.86159 0.50041 5.78877 -0.24851 0.31823 -0.41647 0.83264 -0.41647 0.83264 0.02759 0.00132 4.18644 0.71288
target: 0.50041 0.75723
target: 0.50041 0.75723
fb: 0.04457 0.31284 -0.16117 1.00000
fb: 0.04479 0.34155 -0.14692 1.00000
dist/lin/ang/drive_left/drive_right/tv_l/tv_r/av_l/av_r/x/y/theta/t_err: 0.86090 0.54762 5.31958 -0.29676 0.38634 -0.30283 0.88686 -0.30283 0.88686 0.06252 0.00469 6.72296 0.66927
target: 0.54762 0.69585
target: 0.54762 0.69585
fb: 0.04832 0.36824 0.36872 1.00000
fb: 0.06399 0.39207 0.37280 1.00000
dist/lin/ang/drive_left/drive_right/tv_l/tv_r/av_l/av_r/x/y/theta/t_err: 0.86012 0.60836 4.78150 -0.32808 0.45605 -0.08639 0.91183 -0.08639 0.91183 0.10016 0.01023 9.76237 0.61689
target: 0.60836 0.62547
target: 0.60836 0.62547
fb: 0.08936 0.40893 0.60091 1.00000
fb: 0.11055 0.42286 0.59729 1.00000
dist/lin/ang/drive_left/drive_right/tv_l/tv_r/av_l/av_r/x/y/theta/t_err: 0.85863 0.68250 4.20672 -0.31232 0.53341 0.34700 0.90328 0.34700 0.90328 0.16907 0.02444 13.21207 0.55783
target: 0.68250 0.55028
target: 0.68250 0.55028
fb: 0.13570 0.43081 0.81942 1.00000
fb: 0.18601 0.42161 0.78966 1.00000
dist/lin/ang/drive_left/drive_right/tv_l/tv_r/av_l/av_r/x/y/theta/t_err: 0.85628 0.76890 3.62277 -0.23560 0.60762 0.44831 0.88719 0.44831 0.88719 0.27216 0.05247 16.92090 0.49468
target: 0.76890 0.47389
target: 0.76890 0.47389
fb: 0.21337 0.40516 0.99029 1.00000
fb: 0.26566 0.39555 0.95933 1.00000
dist/lin/ang/drive_left/drive_right/tv_l/tv_r/av_l/av_r/x/y/theta/t_err: 0.85247 0.86029 3.11514 -0.12989 0.66121 0.46625 0.86989 0.46625 0.86989 0.43123 0.10649 20.55784 0.43344
target: 0.86029 0.40749
target: 0.86029 0.40749
fb: 0.31597 0.38788 1.00000 1.00000
fb: 0.31818 0.37973 1.00000 1.00000
dist/lin/ang/drive_left/drive_right/tv_l/tv_r/av_l/av_r/x/y/theta/t_err: 0.84666 0.95173 2.66605 -0.06155 0.69791 0.42761 0.88136 0.42761 0.88136 0.66142 0.20081 23.99562 0.37637
target: 0.95173 0.34875
target: 0.95173 0.34875
fb: 0.35106 0.37402 1.00000 1.00000
fb: 0.36849 0.36538 1.00000 1.00000
dist/lin/ang/drive_left/drive_right/tv_l/tv_r/av_l/av_r/x/y/theta/t_err: 0.84006 1.04317 2.21479 0.00311 0.73387 0.71506 0.83553 0.71506 0.83553 0.91042 0.32078 27.30617 0.32142
target: 1.04317 0.28972
target: 1.04317 0.28972
fb: 0.42674 0.35124 1.00000 1.00000
fb: 0.51390 0.33667 1.00000 1.00000
dist/lin/ang/drive_left/drive_right/tv_l/tv_r/av_l/av_r/x/y/theta/t_err: 0.83189 1.13461 1.79368 0.17723 0.85057 0.75186 0.84047 0.75186 0.84047 1.20420 0.48381 30.46473 0.26924
target: 1.13461 0.23463
target: 1.13461 0.23463
fb: 0.54479 0.32141 1.00000 1.00000
fb: 0.62048 0.30790 1.00000 1.00000
dist/lin/ang/drive_left/drive_right/tv_l/tv_r/av_l/av_r/x/y/theta/t_err: 0.82132 1.22605 1.43136 0.31258 0.92838 0.81911 0.83703 0.81911 0.83703 1.56815 0.71082 33.37128 0.22171
target: 1.22605 0.18724
target: 1.22605 0.18724
fb: 0.69241 0.29626 1.00000 1.00000
fb: 0.69440 0.28093 1.00000 1.00000
dist/lin/ang/drive_left/drive_right/tv_l/tv_r/av_l/av_r/x/y/theta/t_err: 0.80775 1.31749 1.10308 0.41347 0.97533 0.83636 0.84339 0.83636 0.84339 2.01620 1.02140 36.03995 0.17850
target: 1.31749 0.14429
target: 1.31749 0.14429
fb: 0.76214 0.26672 1.00000 1.00000
fb: 0.80870 0.24965 1.00000 1.00000
dist/lin/ang/drive_left/drive_right/tv_l/tv_r/av_l/av_r/x/y/theta/t_err: 0.79269 1.40893 0.80199 0.55905 1.05835 0.84183 0.84903 0.84183 0.84903 2.49336 1.38529 38.46951 0.13909
target: 1.40893 0.10491
target: 1.40893 0.10491
fb: 0.84180 0.23125 1.00000 1.00000
fb: 0.88616 0.21606 1.00000 1.00000
dist/lin/ang/drive_left/drive_right/tv_l/tv_r/av_l/av_r/x/y/theta/t_err: 0.77598 1.50037 0.54907 0.67009 1.10222 0.84872 0.85142 0.84872 0.85142 3.00407 1.80776 40.61085 0.10430
target: 1.50037 0.07182
target: 1.50037 0.07182
fb: 0.88439 0.20171 1.00000 1.00000
fb: 0.92323 0.19063 1.00000 1.00000
dist/lin/ang/drive_left/drive_right/tv_l/tv_r/av_l/av_r/x/y/theta/t_err: 0.75836 1.58183 0.33144 0.73260 1.11386 0.85931 0.85914 0.85931 0.85914 3.52508 2.26978 42.46986 0.07389
target: 1.58183 0.04336
target: 1.58183 0.04336
fb: 0.89388 0.18457 1.00000 1.00000
fb: 0.98921 0.18011 1.00000 1.00000
dist/lin/ang/drive_left/drive_right/tv_l/tv_r/av_l/av_r/x/y/theta/t_err: 0.74052 1.65276 0.12302 0.80910 1.16932 0.85689 0.85333 0.85689 0.85333 4.03743 2.75234 44.13095 0.04634
target: 1.65276 0.01609
target: 1.65276 0.01609
fb: 1.10947 0.17537 1.00000 1.00000
fb: 1.07813 0.16792 1.00000 1.00000
dist/lin/ang/drive_left/drive_right/tv_l/tv_r/av_l/av_r/x/y/theta/t_err: 0.71834 1.72289 -0.09056 0.91022 1.24605 0.86906 0.86458 0.86906 0.86458 4.65612 3.36907 45.69553 0.02005
target: 1.72289 -0.01185
target: 1.72289 -0.01185
fb: 1.13440 0.15921 1.00000 1.00000
fb: 1.19663 0.14876 1.00000 1.00000
dist/lin/ang/drive_left/drive_right/tv_l/tv_r/av_l/av_r/x/y/theta/t_err: 0.69565 1.76397 -0.29446 1.04787 1.34539 0.87692 0.88308 0.87692 0.88308 5.27154 4.01643 47.14653 -0.00505
target: 1.76397 -0.03852
target: 1.76397 -0.03852
fb: 1.18118 0.13782 1.00000 1.00000
fb: 1.22951 0.12723 1.00000 1.00000
dist/lin/ang/drive_left/drive_right/tv_l/tv_r/av_l/av_r/x/y/theta/t_err: 0.67203 1.70151 -0.46963 1.10228 1.35674 0.87028 0.87147 0.87028 0.87147 5.89636 4.70535 48.42637 -0.02797
target: 1.70151 -0.06143
target: 1.70151 -0.06143
fb: 1.30321 0.11922 0.94226 0.48276
fb: 1.23745 0.11476 0.97290 0.51787
dist/lin/ang/drive_left/drive_right/tv_l/tv_r/av_l/av_r/x/y/theta/t_err: 0.64599 1.64645 -0.62710 1.12270 1.35221 0.81139 0.84322 0.81139 0.84322 6.56970 5.47966 49.52989 -0.04875
target: 1.64645 -0.08203
target: 1.64645 -0.08203
fb: 1.32461 0.11476 0.92246 0.44025
fb: 1.42347 0.11148 0.87139 0.39246
dist/lin/ang/drive_left/drive_right/tv_l/tv_r/av_l/av_r/x/y/theta/t_err: 0.61954 1.59446 -0.79427 1.31199 1.53495 0.76194 0.53917 0.76194 0.53917 7.23917 6.27945 50.54271 -0.06891
target: 1.59446 -0.10390
target: 1.59446 -0.10390
fb: 1.31888 0.09810 0.91320 0.38461
fb: 1.36720 0.08452 0.88224 0.36724
dist/lin/ang/drive_left/drive_right/tv_l/tv_r/av_l/av_r/x/y/theta/t_err: 0.59325 1.54512 -0.95803 1.28269 1.45172 0.76108 0.44333 0.76108 0.44333 7.89255 7.08662 51.47204 -0.08856
target: 1.54512 -0.12532
target: 1.54512 -0.12532
fb: 1.36720 0.07741 0.86738 0.31292
fb: 1.34205 0.05888 0.87069 0.33476
dist/lin/ang/drive_left/drive_right/tv_l/tv_r/av_l/av_r/x/y/theta/t_err: 0.56603 1.50265 -1.08386 1.28317 1.40092 0.74794 0.42592 0.74794 0.42592 8.55778 7.93302 52.20256 -0.10588
target: 1.50265 -0.14178
target: 1.50265 -0.14178
fb: 1.43120 0.02933 0.79708 0.29713
fb: 1.35176 0.00146 0.82286 0.35078
dist/lin/ang/drive_left/drive_right/tv_l/tv_r/av_l/av_r/x/y/theta/t_err: 0.53759 1.46988 -1.16440 1.35030 1.35322 0.75100 0.41167 0.75100 0.41167 9.24448 8.82655 52.64852 -0.11953
target: 1.46988 -0.15232
target: 1.46988 -0.15232
fb: 1.31491 -0.01895 0.82570 0.40366
fb: 1.39060 -0.04048 0.77709 0.37658
dist/lin/ang/drive_left/drive_right/tv_l/tv_r/av_l/av_r/x/y/theta/t_err: 0.51149 1.45669 -1.13140 1.43108 1.35011 0.77511 0.39200 0.77511 0.39200 9.87253 9.64967 52.61556 -0.12509
target: 1.45669 -0.14800
target: 1.45669 -0.14800
fb: 1.32065 -0.06145 0.79600 0.56314
fb: 1.31292 -0.08382 0.78868 0.57818
dist/lin/ang/drive_left/drive_right/tv_l/tv_r/av_l/av_r/x/y/theta/t_err: 0.48529 1.45769 -1.06792 1.39674 1.22910 0.73867 0.40944 0.73867 0.40944 10.50639 10.47402 52.21160 -0.12467
target: 1.45769 -0.13969
target: 1.45769 -0.13969
fb: 1.36147 -0.10563 0.78350 0.65243
fb: 1.32660 -0.12354 0.79198 0.67882
dist/lin/ang/drive_left/drive_right/tv_l/tv_r/av_l/av_r/x/y/theta/t_err: 0.45826 1.47351 -0.94823 1.45014 1.20307 0.75119 0.52067 0.75119 0.52067 11.16863 11.31703 51.42801 -0.11801
target: 1.47351 -0.12404
target: 1.47351 -0.12404
fb: 1.35573 -0.13636 0.79329 0.79843
fb: 1.28975 -0.14611 0.82140 0.83629
dist/lin/ang/drive_left/drive_right/tv_l/tv_r/av_l/av_r/x/y/theta/t_err: 0.43131 1.48111 -0.78221 1.43586 1.14364 0.76519 0.64731 0.76519 0.64731 11.84215 12.14522 50.32151 -0.10550
target: 1.48111 -0.10232
target: 1.48111 -0.10232
fb: 1.31689 -0.15217 0.72619 0.85179
fb: 1.40206 -0.15600 0.68169 0.81112
dist/lin/ang/drive_left/drive_right/tv_l/tv_r/av_l/av_r/x/y/theta/t_err: 0.40510 1.47391 -0.60114 1.55807 1.24606 0.76281 0.74639 0.76281 0.74639 12.51347 12.93547 49.02952 -0.08904
target: 1.47391 -0.07864
target: 1.47391 -0.07864
fb: 1.29350 -0.15057 0.63634 0.83166
fb: 1.37691 -0.13754 0.60115 0.78344
dist/lin/ang/drive_left/drive_right/tv_l/tv_r/av_l/av_r/x/y/theta/t_err: 0.37931 1.46812 -0.42937 1.51445 1.23937 0.68428 0.70242 0.68428 0.70242 13.19006 13.69675 47.69065 -0.07095
target: 1.46812 -0.05617
target: 1.46812 -0.05617
fb: 1.37492 -0.12590 0.62238 0.76554
fb: 1.40427 -0.11810 0.60770 0.75086
dist/lin/ang/drive_left/drive_right/tv_l/tv_r/av_l/av_r/x/y/theta/t_err: 0.35187 1.45003 -0.31658 1.52237 1.28617 0.62369 0.70036 0.62369 0.70036 13.92673 14.49006 46.51321 -0.05517
target: 1.45003 -0.04141
target: 1.45003 -0.04141
fb: 1.50511 -0.11134 0.51644 0.60822
fb: 1.40405 -0.10263 0.56697 0.65875
dist/lin/ang/drive_left/drive_right/tv_l/tv_r/av_l/av_r/x/y/theta/t_err: 0.32180 1.41654 -0.22488 1.50668 1.30142 0.59803 0.69025 0.59803 0.69025 14.74983 15.34270 45.49592 -0.04175
target: 1.41654 -0.02942
target: 1.41654 -0.02942
fb: 1.42148 -0.09114 0.47051 0.55117
fb: 1.46429 -0.08298 0.44911 0.52976
dist/lin/ang/drive_left/drive_right/tv_l/tv_r/av_l/av_r/x/y/theta/t_err: 0.29339 1.37855 -0.13523 1.54728 1.38131 0.55183 0.62575 0.55183 0.62575 15.54074 16.13468 44.61899 -0.02972
target: 1.37855 -0.01769
target: 1.37855 -0.01769
fb: 1.40604 -0.07623 0.41898 0.51214
fb: 1.38265 -0.07358 0.43068 0.52384
dist/lin/ang/drive_left/drive_right/tv_l/tv_r/av_l/av_r/x/y/theta/t_err: 0.26528 1.33151 -0.07101 1.45623 1.30907 0.48406 0.53628 0.48406 0.53628 16.33360 16.90739 43.90779 -0.01979
target: 1.33151 -0.00929
target: 1.33151 -0.00929
fb: 1.42744 -0.07316 0.33858 0.41146
fb: 1.39059 -0.06995 0.35701 0.42988
dist/lin/ang/drive_left/drive_right/tv_l/tv_r/av_l/av_r/x/y/theta/t_err: 0.23673 1.27691 0.00773 1.46055 1.32064 0.45189 0.51058 0.45189 0.51058 17.14779 17.68224 43.26210 -0.01023
target: 1.27691 0.00101
target: 1.27691 0.00101
fb: 1.37316 -0.06041 0.27025 0.37261
fb: 1.33808 -0.04675 0.28779 0.39015
dist/lin/ang/drive_left/drive_right/tv_l/tv_r/av_l/av_r/x/y/theta/t_err: 0.20927 1.21875 0.09030 1.38483 1.29132 0.43206 0.43925 0.43206 0.43925 17.93909 18.41906 42.67602 -0.00064
target: 1.21875 0.01181
target: 1.21875 0.01181
fb: 1.33035 -0.03191 0.21496 0.33546
fb: 1.35374 -0.02230 0.20327 0.32376
dist/lin/ang/drive_left/drive_right/tv_l/tv_r/av_l/av_r/x/y/theta/t_err: 0.18266 1.12849 0.12457 1.37604 1.33145 0.36875 0.40125 0.36875 0.40125 18.71180 19.12631 42.30028 0.00635
target: 1.12849 0.01629
target: 1.12849 0.01629
fb: 1.27232 -0.01805 -0.05924 0.12291
fb: 1.26460 -0.01338 0.06267 0.12677
dist/lin/ang/drive_left/drive_right/tv_l/tv_r/av_l/av_r/x/y/theta/t_err: 0.15722 1.05742 0.14114 1.27798 1.25122 0.24997 0.36739 0.24997 0.36739 19.45396 19.79926 42.10889 0.01100
target: 1.05742 0.01846
target: 1.05742 0.01846
fb: 1.16354 -0.00348 0.13417 0.18262
fb: 1.15581 0.00321 0.13803 0.18648
dist/lin/ang/drive_left/drive_right/tv_l/tv_r/av_l/av_r/x/y/theta/t_err: 0.13394 0.97599 0.12514 1.15261 1.15902 0.13639 0.24281 0.13639 0.24281 20.13422 20.41296 42.01489 0.01264
target: 0.97599 0.01637
target: 0.97599 0.01637
fb: 1.21407 0.00509 -0.10422 -0.10920
fb: 1.11323 0.00655 0.06424 0.06922
dist/lin/ang/drive_left/drive_right/tv_l/tv_r/av_l/av_r/x/y/theta/t_err: 0.10966 0.88310 0.09904 1.10668 1.11978 0.11414 0.19797 0.11414 0.19797 20.84434 21.05294 42.04475 0.01212
target: 0.88310 0.01296
target: 0.88310 0.01296
fb: 0.99870 0.00697 -0.11873 -0.14280
fb: 0.93273 0.00718 -0.08574 -0.10981
dist/lin/ang/drive_left/drive_right/tv_l/tv_r/av_l/av_r/x/y/theta/t_err: 0.08968 0.79864 0.08601 0.92555 0.93990 0.02958 0.06194 0.02958 0.06194 21.42808 21.57986 42.10095 0.01114
target: 0.79864 0.01125
target: 0.79864 0.01125
fb: 0.90382 0.01108 -0.12108 -0.13159
fb: 0.82041 0.01526 -0.07938 -0.08988
dist/lin/ang/drive_left/drive_right/tv_l/tv_r/av_l/av_r/x/y/theta/t_err: 0.07161 0.71364 0.07176 0.80515 0.83567 -0.06914 -0.08178 -0.06914 -0.08178 21.95584 22.05729 42.17505 0.00985
target: 0.71364 0.00939
target: 0.71364 0.00939
fb: 0.81269 0.01414 -0.15314 -0.16845
fb: 0.73899 0.01345 -0.11629 -0.13160
dist/lin/ang/drive_left/drive_right/tv_l/tv_r/av_l/av_r/x/y/theta/t_err: 0.05536 0.62746 0.04353 0.72554 0.75244 -0.08897 -0.09033 -0.08897 -0.09033 22.42960 22.48745 42.30186 0.00763
target: 0.62746 0.00569
target: 0.62746 0.00569
fb: 0.65536 0.01275 -0.14698 -0.18473
fb: 0.62447 0.00906 -0.13153 -0.16929
dist/lin/ang/drive_left/drive_right/tv_l/tv_r/av_l/av_r/x/y/theta/t_err: 0.04225 0.54819 0.02841 0.61541 0.63352 -0.10900 -0.13092 -0.10900 -0.13092 22.81091 22.83515 42.41660 0.00563
target: 0.54819 0.00372
target: 0.54819 0.00372
fb: 0.52186 0.00230 -0.13123 -0.15590
fb: 0.48876 -0.00564 -0.11468 -0.13935
dist/lin/ang/drive_left/drive_right/tv_l/tv_r/av_l/av_r/x/y/theta/t_err: 0.03182 0.47571 0.02865 0.49440 0.48312 -0.12250 -0.15247 -0.12250 -0.15247 23.11410 23.11251 42.47757 0.00457
target: 0.47571 0.00375
target: 0.47571 0.00375
fb: 0.44595 -0.01226 0.08229 0.09256
fb: 0.35107 -0.01603 0.12973 0.14000
dist/lin/ang/drive_left/drive_right/tv_l/tv_r/av_l/av_r/x/y/theta/t_err: 0.02290 0.40355 0.05983 0.36709 0.33504 -0.08589 -0.10369 -0.08589 -0.10369 23.37317 23.34954 42.41430 0.00567
target: 0.40355 0.00783
target: 0.40355 0.00783
fb: 0.28906 -0.01902 0.07767 0.12992
fb: 0.22287 -0.02000 0.11077 0.16302
dist/lin/ang/drive_left/drive_right/tv_l/tv_r/av_l/av_r/x/y/theta/t_err: 0.01711 0.34887 0.09644 0.24286 0.20287 0.09533 0.11242 0.09533 0.11242 23.54139 23.50286 42.26750 0.00823
target: 0.34887 0.01262
target: 0.34887 0.01262
fb: 0.19572 -0.01630 0.10531 0.17046
fb: 0.20367 -0.01226 0.10134 0.16649
dist/lin/ang/drive_left/drive_right/tv_l/tv_r/av_l/av_r/x/y/theta/t_err: 0.01319 0.30633 0.12436 0.21593 0.19141 0.11019 0.14886 0.11019 0.14886 23.65559 23.60635 42.10258 0.01111
target: 0.30633 0.01627
target: 0.30633 0.01627
fb: 0.20565 -0.00996 0.09029 0.15018
fb: 0.22882 -0.00878 0.07871 0.13859
dist/lin/ang/drive_left/drive_right/tv_l/tv_r/av_l/av_r/x/y/theta/t_err: 0.00908 0.25410 0.12897 0.23760 0.22004 0.10814 0.15689 0.10814 0.15689 23.77584 23.71480 41.99971 0.01291
target: 0.25410 0.01687
target: 0.25410 0.01687
fb: 0.24052 -0.00676 -0.05670 0.05462
fb: 0.22110 -0.00571 -0.04699 0.06432
dist/lin/ang/drive_left/drive_right/tv_l/tv_r/av_l/av_r/x/y/theta/t_err: 0.00427 0.00107 0.13471 0.22681 0.21539 0.03817 0.13294 0.03817 0.13294 23.91666 23.84143 41.92670 0.01418
target: 0.00107 0.01762
target: 0.00107 0.01762
fb: 0.20168 -0.00195 -0.66019 -0.63435
fb: 0.15336 0.00077 -0.55988 -0.53405
dist/lin/ang/drive_left/drive_right/tv_l/tv_r/av_l/av_r/x/y/theta/t_err: 0.00023 0.00006 0.13484 0.15259 0.15412 -0.12100 0.04381 -0.12100 0.04381 24.03485 23.94750 41.88705 0.01487
target: 0.00006 0.01764
target: 0.00006 0.01764
fb: 0.10856 -0.00098 -0.05291 0.05417
fb: 0.09113 0.00864 -0.05291 0.05417
final error: 0.09860, x: -0.09849, y: -0.00457
final local error: 0.09860, forwards: -0.07638, sideways: 0.06235
position: 24.09849 24.00457 41.88413
took 1.14000 time to finish turn
dist/lin/ang/drive_left/drive_right/tv_l/tv_r/av_l/av_r/x/y/theta/t_err: -0.86775 -0.09144 0.26028 0.00000 0.00000 0.00017 0.00000 0.00017 0.00000 24.20894 24.10546 223.14325 0.03026
target: -0.09144 0.03405
target: -0.09144 0.03405
fb: 0.00000 0.00000 -0.43176 -0.08393
fb: 0.00000 0.00000 -0.43176 -0.08393
dist/lin/ang/drive_left/drive_right/tv_l/tv_r/av_l/av_r/x/y/theta/t_err: -0.86775 -0.18288 0.26037 0.00000 0.00000 0.00017 -0.02822 0.00017 -0.02822 24.20894 24.10546 223.14297 0.03027
target: -0.18288 0.03406
target: -0.18288 0.03406
fb: 0.00000 0.00000 -0.40388 -0.36235
fb: 0.00000 0.00125 -0.40388 -0.36235
dist/lin/ang/drive_left/drive_right/tv_l/tv_r/av_l/av_r/x/y/theta/t_err: -0.86775 -0.27432 0.25985 -0.00125 0.00125 -0.33692 -0.12664 -0.33692 -0.12664 24.20894 24.10546 223.14442 0.03024
target: -0.27432 0.03399
target: -0.27432 0.03399
fb: 0.00000 0.01233 -0.48303 -0.44231
fb: 0.00000 0.01832 -0.48303 -0.44231
dist/lin/ang/drive_left/drive_right/tv_l/tv_r/av_l/av_r/x/y/theta/t_err: -0.86775 -0.36576 0.22201 -0.01832 0.01832 -0.37525 -0.32750 -0.37525 -0.32750 24.20894 24.10546 223.26176 0.02820
target: -0.36576 0.02904
target: -0.36576 0.02904
fb: -0.04060 0.01526 -0.51700 -0.52694
fb: -0.15887 0.01087 -0.45786 -0.46781
dist/lin/ang/drive_left/drive_right/tv_l/tv_r/av_l/av_r/x/y/theta/t_err: -0.86458 -0.45720 0.20538 -0.16974 -0.14801 -0.44678 -0.39525 -0.44678 -0.39525 24.11796 24.01961 223.38172 0.02620
target: -0.45720 0.02687
target: -0.45720 0.02687
fb: -0.24052 0.00683 -0.50762 -0.49555
fb: -0.26192 0.00467 -0.49692 -0.48485
dist/lin/ang/drive_left/drive_right/tv_l/tv_r/av_l/av_r/x/y/theta/t_err: -0.85934 -0.54864 0.21018 -0.26659 -0.25725 -0.45136 -0.40844 -0.45136 -0.40844 23.96814 23.87787 223.43734 0.02539
target: -0.54864 0.02749
target: -0.54864 0.02749
fb: -0.31797 0.00509 -0.78686 -0.76744
fb: -0.32768 0.00739 -0.78200 -0.76259
dist/lin/ang/drive_left/drive_right/tv_l/tv_r/av_l/av_r/x/y/theta/t_err: -0.85279 -0.64008 0.20632 -0.33506 -0.32029 -0.47275 -0.45119 -0.47275 -0.45119 23.78086 23.70040 223.48533 0.02474
target: -0.64008 0.02699
target: -0.64008 0.02699
fb: -0.35305 0.00836 -0.84718 -0.83947
fb: -0.41705 0.00669 -0.81518 -0.80748
dist/lin/ang/drive_left/drive_right/tv_l/tv_r/av_l/av_r/x/y/theta/t_err: -0.84445 -0.73152 0.19585 -0.42374 -0.41036 -0.56689 -0.57956 -0.56689 -0.57956 23.54273 23.47427 223.55114 0.02383
target: -0.73152 0.02562
target: -0.73152 0.02562
fb: -0.43823 0.00446 -0.88308 -0.88585
fb: -0.48479 0.00488 -0.85980 -0.86257
dist/lin/ang/drive_left/drive_right/tv_l/tv_r/av_l/av_r/x/y/theta/t_err: -0.83476 -0.82296 0.19755 -0.48967 -0.47991 -0.56672 -0.46781 -0.56672 -0.46781 23.26617 23.21116 223.58956 0.02343
target: -0.82296 0.02584
target: -0.82296 0.02584
fb: -0.51215 0.01052 -0.93674 -0.92569
fb: -0.53333 0.01233 -0.92615 -0.91510
dist/lin/ang/drive_left/drive_right/tv_l/tv_r/av_l/av_r/x/y/theta/t_err: -0.82409 -0.91440 0.17815 -0.54567 -0.52100 -0.58483 -0.41392 -0.58483 -0.41392 22.96221 22.92140 223.67841 0.02218
target: -0.91440 0.02330
target: -0.91440 0.02330
fb: -0.56621 0.01442 -0.97889 -0.99696
fb: -0.54106 0.02104 -0.99147 -1.00000
dist/lin/ang/drive_left/drive_right/tv_l/tv_r/av_l/av_r/x/y/theta/t_err: -0.81327 -1.00584 0.15042 -0.56210 -0.52001 -0.53558 -0.52000 -0.53558 -0.52000 22.65442 22.62684 223.81861 0.02001
target: -1.00584 0.01968
target: -1.00584 0.01968
fb: -0.60703 0.02118 -1.00000 -1.00000
fb: -0.63042 0.01867 -1.00000 -1.00000
dist/lin/ang/drive_left/drive_right/tv_l/tv_r/av_l/av_r/x/y/theta/t_err: -0.80067 -1.09728 0.11935 -0.64910 -0.61175 -0.61992 -0.50531 -0.61992 -0.50531 22.29677 22.28261 223.99775 0.01717
target: -1.09728 0.01561
target: -1.09728 0.01561
fb: -0.68471 0.02153 -1.00000 -1.00000
fb: -0.73877 0.01965 -1.00000 -1.00000
dist/lin/ang/drive_left/drive_right/tv_l/tv_r/av_l/av_r/x/y/theta/t_err: -0.78589 -1.18872 0.09716 -0.75842 -0.71912 -0.62044 -0.73969 -0.62044 -0.73969 21.87888 21.87794 224.17044 0.01446
target: -1.18872 0.01271
target: -1.18872 0.01271
fb: -0.76988 0.01561 -1.00000 -1.00000
fb: -0.83983 0.01317 -1.00000 -1.00000
dist/lin/ang/drive_left/drive_right/tv_l/tv_r/av_l/av_r/x/y/theta/t_err: -0.76910 -1.28016 0.08656 -0.85300 -0.82666 -0.77494 -0.82369 -0.77494 -0.82369 21.40511 21.41660 224.30339 0.01243
target: -1.28016 0.01132
target: -1.28016 0.01132
fb: -0.78158 0.00801 -1.00000 -1.00000
fb: -0.88242 0.00209 -1.00000 -1.00000
dist/lin/ang/drive_left/drive_right/tv_l/tv_r/av_l/av_r/x/y/theta/t_err: -0.75145 -1.37160 0.09365 -0.88451 -0.88033 -0.84083 -0.84461 -0.84083 -0.84461 20.90817 20.93099 224.35999 0.01172
target: -1.37160 0.01225
target: -1.37160 0.01225
fb: -0.99098 0.00223 -1.00000 -1.00000
fb: -0.91154 0.00327 -1.00000 -1.00000
dist/lin/ang/drive_left/drive_right/tv_l/tv_r/av_l/av_r/x/y/theta/t_err: -0.73322 -1.46304 0.09913 -0.91482 -0.90827 -0.85931 -0.85689 -0.85931 -0.85689 20.39509 20.42907 224.38145 0.01163
target: -1.46304 0.01297
target: -1.46304 0.01297
fb: -0.88242 0.00383 -1.00000 -1.00000
fb: -1.04526 0.00495 -1.00000 -1.00000
dist/lin/ang/drive_left/drive_right/tv_l/tv_r/av_l/av_r/x/y/theta/t_err: -0.71232 -1.55448 0.09498 -1.05021 -1.04032 -0.86322 -0.86189 -0.86322 -0.86189 19.80704 19.85323 224.41595 0.01136
target: -1.55448 0.01242
target: -1.55448 0.01242
fb: -1.06270 0.00592 -1.00000 -1.00000
fb: -1.07240 0.00523 -1.00000 -1.00000
dist/lin/ang/drive_left/drive_right/tv_l/tv_r/av_l/av_r/x/y/theta/t_err: -0.69087 -1.64592 0.08703 -1.07763 -1.06718 -0.86700 -0.86339 -0.86700 -0.86339 19.20418 19.26197 224.46809 0.01079
target: -1.64592 0.01138
target: -1.64592 0.01138
fb: -1.07836 0.00474 -1.00000 -1.00000
fb: -1.12691 0.00557 -1.00000 -1.00000
dist/lin/ang/drive_left/drive_right/tv_l/tv_r/av_l/av_r/x/y/theta/t_err: -0.66834 -1.73736 0.08618 -1.13248 -1.12133 -0.86086 -0.85742 -0.86086 -0.85742 18.57117 18.64015 224.50850 0.01043
target: -1.73736 0.01127
target: -1.73736 0.01127
fb: -1.27607 0.00411 -1.00000 -1.00000
fb: -1.17523 0.00000 -1.00000 -1.00000
dist/lin/ang/drive_left/drive_right/tv_l/tv_r/av_l/av_r/x/y/theta/t_err: -0.64483 -1.74890 0.09134 -1.17523 -1.17523 -0.87042 -0.86664 -0.87042 -0.86664 17.91139 17.99130 224.52482 0.01052
target: -1.74890 0.01195
target: -1.74890 0.01195
fb: -1.17920 -0.00139 -1.00000 -1.00000
fb: -1.34205 0.00000 -1.00000 -1.00000
dist/lin/ang/drive_left/drive_right/tv_l/tv_r/av_l/av_r/x/y/theta/t_err: -0.61799 -1.74738 0.10073 -1.34205 -1.34205 -0.87692 -0.87267 -0.87692 -0.87267 17.15795 17.25035 224.51952 0.01107
target: -1.74738 0.01318
target: -1.74738 0.01318
fb: -1.29351 0.00000 -1.00000 -1.00000
fb: -1.32065 0.00000 -0.99886 -0.99036
dist/lin/ang/drive_left/drive_right/tv_l/tv_r/av_l/av_r/x/y/theta/t_err: -0.59158 -1.74590 0.10525 -1.32065 -1.32065 -0.88444 -0.88003 -0.88444 -0.88003 16.41648 16.52125 224.51700 0.01161
target: -1.74590 0.01377
target: -1.74590 0.01377
fb: -1.32087 0.00000 -0.99507 -0.99150
fb: -1.34404 -0.00223 -0.98348 -0.97991
dist/lin/ang/drive_left/drive_right/tv_l/tv_r/av_l/av_r/x/y/theta/t_err: -0.56470 -1.74366 0.11508 -1.34181 -1.34627 -0.75167 -0.69025 -0.75167 -0.69025 15.66180 15.77933 224.50204 0.01243
target: -1.74366 0.01505
target: -1.74366 0.01505
fb: -1.52431 -0.00118 -0.89223 -0.88052
fb: -1.41200 0.00216 -0.94839 -0.93668
dist/lin/ang/drive_left/drive_right/tv_l/tv_r/av_l/av_r/x/y/theta/t_err: -0.53647 -1.74199 0.11821 -1.41416 -1.40984 -0.73150 -0.75203 -0.73150 -0.75203 14.86880 15.00006 224.50476 0.01304
target: -1.74199 0.01546
target: -1.74199 0.01546
fb: -1.46032 0.00286 -0.92135 -0.91703
fb: -1.59228 0.00327 -0.85537 -0.85106
dist/lin/ang/drive_left/drive_right/tv_l/tv_r/av_l/av_r/x/y/theta/t_err: -0.50462 -1.74066 0.12118 -1.59555 -1.58900 -0.78247 -0.78914 -0.78247 -0.78914 13.97477 14.12106 224.52342 0.01352
target: -1.74066 0.01585
target: -1.74066 0.01585
fb: -1.49342 -0.00230 -0.90509 -0.90048
fb: -1.53204 -0.00432 -0.88578 -0.88117
dist/lin/ang/drive_left/drive_right/tv_l/tv_r/av_l/av_r/x/y/theta/t_err: -0.47398 -1.73680 0.14253 -1.52772 -1.53636 -0.78519 -0.78214 -0.78519 -0.78214 13.11454 13.27535 224.49344 0.01493
target: -1.73680 0.01864
target: -1.73680 0.01864
fb: -1.53005 -0.00397 -0.88587 -0.85541
fb: -1.47202 -0.00390 -0.91489 -0.88442
dist/lin/ang/drive_left/drive_right/tv_l/tv_r/av_l/av_r/x/y/theta/t_err: -0.44455 -1.73259 0.15713 -1.46812 -1.47592 -0.80333 -0.76536 -0.80333 -0.76536 12.28749 12.46329 224.46288 0.01648
target: -1.73259 0.02055
target: -1.73259 0.02055
fb: -1.44686 -0.00188 -0.91951 -0.89431
fb: -1.56116 0.00202 -0.86236 -0.83716
dist/lin/ang/drive_left/drive_right/tv_l/tv_r/av_l/av_r/x/y/theta/t_err: -0.41333 -1.66780 0.16252 -1.56319 -1.55914 -0.82869 -0.79156 -0.82869 -0.79156 11.41017 11.60224 224.46999 0.01760
target: -1.66780 0.02126
target: -1.66780 0.02126
fb: -1.69511 0.00634 -0.48908 -0.46409
fb: -1.63288 0.01184 -0.52019 -0.49520
dist/lin/ang/drive_left/drive_right/tv_l/tv_r/av_l/av_r/x/y/theta/t_err: -0.38068 -1.59989 0.15632 -1.64472 -1.62103 -0.79292 -0.73697 -0.79292 -0.73697 10.49311 10.70108 224.53864 0.01786
target: -1.59989 0.02045
target: -1.59989 0.02045
fb: -1.56889 0.01428 -0.47050 -0.45918
fb: -1.59029 0.01310 -0.45980 -0.44848
dist/lin/ang/drive_left/drive_right/tv_l/tv_r/av_l/av_r/x/y/theta/t_err: -0.34888 -1.53250 0.14680 -1.60339 -1.57719 -0.57114 -0.54994 -0.57114 -0.54994 9.60144 9.82192 224.64786 0.01750
target: -1.53250 0.01920
target: -1.53250 0.01920
fb: -1.52056 0.00975 -0.43252 -0.42628
fb: -1.55741 0.01059 -0.41410 -0.40785
dist/lin/ang/drive_left/drive_right/tv_l/tv_r/av_l/av_r/x/y/theta/t_err: -0.31773 -1.46282 0.14788 -1.56800 -1.54682 -0.48561 -0.47672 -0.48561 -0.47672 8.72979 8.95933 224.74896 0.01736
target: -1.46282 0.01934
target: -1.46282 0.01934
fb: -1.63862 0.01456 -0.30722 -0.28733
fb: -1.46628 0.02041 -0.39339 -0.37350
dist/lin/ang/drive_left/drive_right/tv_l/tv_r/av_l/av_r/x/y/theta/t_err: -0.28841 -1.39556 0.13344 -1.48670 -1.44587 -0.45328 -0.46542 -0.45328 -0.46542 7.91073 8.14561 224.89237 0.01651
target: -1.39556 0.01746
target: -1.39556 0.01746
fb: -1.45084 0.01714 -0.33910 -0.33981
fb: -1.49122 0.01219 -0.31891 -0.31962
dist/lin/ang/drive_left/drive_right/tv_l/tv_r/av_l/av_r/x/y/theta/t_err: -0.25859 -1.32294 0.12851 -1.50341 -1.47902 -0.46319 -0.43822 -0.46319 -0.43822 7.08000 7.31579 225.03405 0.01578
target: -1.32294 0.01681
target: -1.32294 0.01681
fb: -1.36323 0.01010 -0.30052 -0.28945
fb: -1.30145 0.00885 -0.33141 -0.32035
dist/lin/ang/drive_left/drive_right/tv_l/tv_r/av_l/av_r/x/y/theta/t_err: -0.23256 -1.25397 0.14169 -1.31030 -1.29260 -0.42656 -0.41253 -0.42656 -0.41253 6.35632 6.59024 225.11244 0.01610
target: -1.25397 0.01853
target: -1.25397 0.01853
fb: -1.38861 0.01129 -0.25138 -0.21658
fb: -1.36345 0.00899 -0.26396 -0.22916
dist/lin/ang/drive_left/drive_right/tv_l/tv_r/av_l/av_r/x/y/theta/t_err: -0.20530 -1.17729 0.14739 -1.37244 -1.35447 -0.40022 -0.37386 -0.40022 -0.37386 5.59928 5.82901 225.20151 0.01658
target: -1.17729 0.01928
target: -1.17729 0.01928
fb: -1.31116 0.00732 -0.18549 -0.15663
fb: -1.23922 0.00732 -0.22146 -0.19259
dist/lin/ang/drive_left/drive_right/tv_l/tv_r/av_l/av_r/x/y/theta/t_err: -0.18052 -1.10194 0.16418 -1.24654 -1.23191 -0.34308 -0.30442 -0.34308 -0.30442 4.91211 5.13625 225.26134 0.01774
target: -1.10194 0.02148
target: -1.10194 0.02148
fb: -1.13640 0.00787 -0.21756 -0.17219
fb: -1.10727 0.01519 -0.23213 -0.18675
dist/lin/ang/drive_left/drive_right/tv_l/tv_r/av_l/av_r/x/y/theta/t_err: -0.15838 -1.06131 0.16651 -1.12246 -1.09208 -0.29908 -0.26625 -0.29908 -0.26625 4.29886 4.51651 225.35488 0.01849
target: -1.06131 0.02178
target: -1.06131 0.02178
fb: -1.06093 0.02118 -0.34885 -0.32492
fb: -1.04151 0.02418 -0.35856 -0.33463
dist/lin/ang/drive_left/drive_right/tv_l/tv_r/av_l/av_r/x/y/theta/t_err: -0.13753 -0.98899 0.09669 -1.06569 -1.01733 -0.28933 -0.25733 -0.28933 -0.25733 3.72351 3.93212 225.54689 0.01514
target: -0.98899 0.01265
target: -0.98899 0.01265
fb: -0.93471 0.02376 -0.17074 -0.23877
fb: -0.94067 0.02292 -0.16776 -0.23579
dist/lin/ang/drive_left/drive_right/tv_l/tv_r/av_l/av_r/x/y/theta/t_err: -0.11872 -0.91889 0.06355 -0.96359 -0.91775 -0.30339 -0.29311 -0.30339 -0.29311 3.20582 3.40239 225.75221 0.01156
target: -0.91889 0.00831
target: -0.91889 0.00831
fb: -1.00268 0.01993 -0.10045 -0.13089
fb: -0.89389 0.01665 -0.15484 -0.18529
dist/lin/ang/drive_left/drive_right/tv_l/tv_r/av_l/av_r/x/y/theta/t_err: -0.10085 -0.84690 0.04486 -0.91054 -0.87724 -0.20686 -0.25494 -0.20686 -0.25494 2.71545 2.89747 225.92014 0.00862
target: -0.84690 0.00587
target: -0.84690 0.00587
fb: -0.86697 0.01122 -0.10207 -0.11788
fb: -0.81070 0.00376 -0.13020 -0.14601
dist/lin/ang/drive_left/drive_right/tv_l/tv_r/av_l/av_r/x/y/theta/t_err: -0.08464 -0.77585 0.04640 -0.81446 -0.80694 -0.17231 -0.19403 -0.17231 -0.19403 2.27176 2.43852 226.00570 0.00713
target: -0.77585 0.00607
target: -0.77585 0.00607
fb: -0.79128 -0.00348 -0.09095 -0.08219
fb: -0.79128 -0.00787 -0.09095 -0.08219
dist/lin/ang/drive_left/drive_right/tv_l/tv_r/av_l/av_r/x/y/theta/t_err: -0.06881 -0.69956 0.07433 -0.78341 -0.79916 -0.14922 -0.15400 -0.14922 -0.15400 1.83889 1.99040 225.96565 0.00783
target: -0.69956 0.00972
target: -0.69956 0.00972
fb: -0.66705 -0.00871 -0.08060 0.09369
fb: -0.60130 -0.00606 -0.11348 -0.06719
dist/lin/ang/drive_left/drive_right/tv_l/tv_r/av_l/av_r/x/y/theta/t_err: -0.05678 -0.63549 0.08950 -0.59523 -0.60736 -0.11053 -0.06742 -0.11053 -0.06742 1.50957 1.65022 225.89740 0.00902
target: -0.63549 0.01171
target: -0.63549 0.01171
fb: -0.56047 -0.00362 -0.11819 -0.08550
fb: -0.55275 -0.00216 -0.12205 -0.08937
dist/lin/ang/drive_left/drive_right/tv_l/tv_r/av_l/av_r/x/y/theta/t_err: -0.04573 -0.57028 0.08742 -0.55059 -0.55491 -0.12867 -0.06606 -0.12867 -0.06606 1.20657 1.33777 225.86711 0.00955
target: -0.57028 0.01144
target: -0.57028 0.01144
fb: -0.52164 -0.00118 -0.06332 0.07745
fb: -0.47309 0.00230 -0.08759 -0.07482
dist/lin/ang/drive_left/drive_right/tv_l/tv_r/av_l/av_r/x/y/theta/t_err: -0.03627 -0.50786 0.08256 -0.47539 -0.47079 -0.11669 -0.06367 -0.11669 -0.06367 0.94717 1.07042 225.86580 0.00957
target: -0.50786 0.01080
target: -0.50786 0.01080
fb: -0.48302 0.00564 -0.11890 -0.11483
fb: -0.41131 0.01073 -0.15475 -0.15068
dist/lin/ang/drive_left/drive_right/tv_l/tv_r/av_l/av_r/x/y/theta/t_err: -0.02804 -0.44658 0.06180 -0.42204 -0.40058 -0.11158 -0.07494 -0.11158 -0.07494 0.72174 0.83789 225.92904 0.00847
target: -0.44658 0.00808
target: -0.44658 0.00808
fb: -0.37998 0.01630 -0.10819 -0.12653
fb: -0.37424 0.01784 -0.11106 -0.12940
dist/lin/ang/drive_left/drive_right/tv_l/tv_r/av_l/av_r/x/y/theta/t_err: -0.02056 -0.38240 0.02425 -0.39208 -0.35640 -0.13858 -0.14031 -0.13858 -0.14031 0.51704 0.62592 226.07872 0.00586
target: -0.38240 0.00317
target: -0.38240 0.00317
fb: -0.36276 0.01651 -0.04200 -0.08679
fb: -0.34335 0.01366 -0.05171 -0.09650
dist/lin/ang/drive_left/drive_right/tv_l/tv_r/av_l/av_r/x/y/theta/t_err: -0.01370 -0.31213 0.00334 -0.35700 -0.32969 -0.10350 -0.12578 -0.10350 -0.12578 0.32974 0.43096 226.22361 0.00333
target: -0.31213 0.00044
target: -0.31213 0.00044
fb: -0.29679 0.00934 0.06844 0.04931
fb: -0.29458 0.00341 0.06734 0.04820
dist/lin/ang/drive_left/drive_right/tv_l/tv_r/av_l/av_r/x/y/theta/t_err: -0.00781 -0.23566 0.00444 -0.29799 -0.29117 -0.02719 -0.07014 -0.02719 -0.07014 0.16939 0.26336 226.29811 0.00203
target: -0.23566 0.00058
target: -0.23566 0.00058
fb: -0.27913 -0.00397 0.12546 0.13244
fb: -0.22904 -0.01129 0.10042 0.10740
dist/lin/ang/drive_left/drive_right/tv_l/tv_r/av_l/av_r/x/y/theta/t_err: -0.00323 -0.00081 0.03239 -0.21776 -0.24033 0.06964 0.04811 0.06964 0.04811 0.04476 0.13300 226.25205 0.00283
target: -0.00081 0.00424
target: -0.00081 0.00424
fb: -0.16307 -0.01540 0.48913 0.53270
fb: -0.10261 -0.01589 0.48913 0.53270
dist/lin/ang/drive_left/drive_right/tv_l/tv_r/av_l/av_r/x/y/theta/t_err: -0.00117 -0.00029 0.06798 -0.08672 -0.11849 0.18208 0.13503 0.18208 0.13503 -0.01117 0.07469 226.11767 0.00518
target: -0.00029 0.00889
target: -0.00029 0.00889
fb: -0.06002 -0.01052 -0.06501 0.07192
fb: -0.02140 -0.00376 -0.06501 0.07192
dist/lin/ang/drive_left/drive_right/tv_l/tv_r/av_l/av_r/x/y/theta/t_err: -0.00074 -0.00019 0.06910 -0.01764 -0.02517 0.18703 0.38619 0.18703 0.38619 -0.02285 0.06255 226.04196 0.00650
target: -0.00019 0.00904
target: -0.00019 0.00904
fb: 0.00000 -0.00105 -0.04559 0.05096
fb: 0.00000 -0.00070 -0.04559 0.05096
dist/lin/ang/drive_left/drive_right/tv_l/tv_r/av_l/av_r/x/y/theta/t_err: -0.00074 -0.00019 0.05806 0.00070 -0.00070 -0.03697 0.08436 -0.03697 0.08436 -0.02285 0.06255 226.03527 0.00662
target: -0.00019 0.00760
target: -0.00019 0.00760
fb: 0.00000 0.00230 0.04036 -0.04524
fb: 0.00000 0.00327 0.04036 -0.04524
start is 0.00000 0.00000
dist/lin/ang/drive_left/drive_right/tv_l/tv_r/av_l/av_r/x/y/theta/t_err: 0.86210 0.09144 1.20000 0.00000 0.00000 0.00000 0.00017 0.00000 0.00017 0.00000 0.00000 0.00007 0.78540
target: 0.09144 0.15697
target: 0.09144 0.15697
fb: 0.00000 0.00000 -0.71234 1.00000
fb: 0.00000 0.00000 -0.71234 1.00000
dist/lin/ang/drive_left/drive_right/tv_l/tv_r/av_l/av_r/x/y/theta/t_err: 0.86210 0.18288 2.40000 0.00000 0.00000 -0.10286 0.07408 -0.10286 0.07408 0.00000 0.00000 0.00006 0.78540
target: 0.18288 0.31394
target: 0.18288 0.31394
fb: 0.00000 0.00000 -0.77073 1.00000
fb: 0.00000 0.00934 -0.76606 1.00000
dist/lin/ang/drive_left/drive_right/tv_l/tv_r/av_l/av_r/x/y/theta/t_err: 0.86210 0.27432 3.60000 -0.00934 0.00934 -0.40775 0.51247 -0.40775 0.51247 0.00000 0.00000 0.00008 0.78540
target: 0.27432 0.47092
target: 0.27432 0.47092
fb: 0.00000 0.04724 -0.85121 1.00000
fb: 0.00000 0.09295 -0.82836 1.00000
dist/lin/ang/drive_left/drive_right/tv_l/tv_r/av_l/av_r/x/y/theta/t_err: 0.86210 0.36576 4.80000 -0.09295 0.09295 -0.47636 0.67144 -0.47636 0.67144 0.00000 0.00000 0.18068 0.78224
target: 0.36576 0.62789
target: 0.36576 0.62789
fb: 0.00000 0.13211 -0.91288 1.00000
fb: 0.00000 0.17084 -0.89351 1.00000
dist/lin/ang/drive_left/drive_right/tv_l/tv_r/av_l/av_r/x/y/theta/t_err: 0.86210 0.44618 6.00000 -0.17084 0.17084 -0.51297 0.77256 -0.51297 0.77256 0.00000 0.00000 1.07489 0.76664
target: 0.44618 0.78486
target: 0.44618 0.78486
fb: 0.00000 0.20659 -1.00000 1.00000
fb: 0.00000 0.24324 -0.99304 1.00000
dist/lin/ang/drive_left/drive_right/tv_l/tv_r/av_l/av_r/x/y/theta/t_err: 0.86210 0.47324 6.00000 -0.24324 0.24324 -0.49211 0.82147 -0.49211 0.82147 0.00000 0.00000 2.64181 0.73929
target: 0.47324 0.78486
target: 0.47324 0.78486
fb: 0.00000 0.27982 -0.35156 1.00000
fb: 0.00000 0.31640 -0.33327 1.00000
dist/lin/ang/drive_left/drive_right/tv_l/tv_r/av_l/av_r/x/y/theta/t_err: 0.86210 0.51313 5.64305 -0.31640 0.31640 -0.41458 0.85742 -0.41458 0.85742 0.00000 0.00000 4.84381 0.70086
target: 0.51313 0.73817
target: 0.51313 0.73817
fb: 0.00000 0.34824 0.20662 1.00000
fb: 0.00000 0.37513 0.22007 1.00000
dist/lin/ang/drive_left/drive_right/tv_l/tv_r/av_l/av_r/x/y/theta/t_err: 0.86210 0.56772 5.10920 -0.37513 0.37513 -0.24486 0.89131 -0.24486 0.89131 0.00000 0.00000 7.67218 0.65149
target: 0.56772 0.66833
target: 0.56772 0.66833
fb: 0.00000 0.40105 0.52741 1.00000
fb: 0.02714 0.41631 0.52147 1.00000
dist/lin/ang/drive_left/drive_right/tv_l/tv_r/av_l/av_r/x/y/theta/t_err: 0.86210 0.63718 4.52124 -0.38917 0.44345 0.13244 0.90172 0.13244 0.90172 0.00000 0.00000 11.00396 0.59334
target: 0.63718 0.59142
target: 0.63718 0.59142
fb: 0.08341 0.43039 0.74493 1.00000
fb: 0.13195 0.43067 0.72080 1.00000
dist/lin/ang/drive_left/drive_right/tv_l/tv_r/av_l/av_r/x/y/theta/t_err: 0.86069 0.71913 3.93145 -0.29872 0.56261 0.43736 0.88719 0.43736 0.88719 0.06395 0.01493 14.67066 0.53037
target: 0.71913 0.51427
target: 0.71913 0.51427
fb: 0.17851 0.41924 0.90783 1.00000
fb: 0.25022 0.40433 0.86452 1.00000
dist/lin/ang/drive_left/drive_right/tv_l/tv_r/av_l/av_r/x/y/theta/t_err: 0.85755 0.80898 3.38592 -0.15411 0.65455 0.43822 0.88292 0.43822 0.88292 0.19856 0.05529 18.40426 0.46718
target: 0.80898 0.44291
target: 0.80898 0.44291
fb: 0.29479 0.39248 1.00000 1.00000
fb: 0.33164 0.38141 0.98316 1.00000
dist/lin/ang/drive_left/drive_right/tv_l/tv_r/av_l/av_r/x/y/theta/t_err: 0.85221 0.89905 2.93473 -0.04977 0.71304 0.44867 0.86544 0.44867 0.86544 0.41642 0.13531 21.90802 0.40896
target: 0.89905 0.38389
target: 0.89905 0.38389
fb: 0.35106 0.37465 1.00000 1.00000
fb: 0.36055 0.37047 1.00000 1.00000
dist/lin/ang/drive_left/drive_right/tv_l/tv_r/av_l/av_r/x/y/theta/t_err: 0.84570 0.99049 2.49592 -0.00992 0.73101 0.49844 0.86169 0.49844 0.86169 0.66982 0.24568 25.23008 0.35406
target: 0.99049 0.32649
target: 0.99049 0.32649
fb: 0.40710 0.36587 1.00000 1.00000
fb: 0.43645 0.35813 1.00000 1.00000
dist/lin/ang/drive_left/drive_right/tv_l/tv_r/av_l/av_r/x/y/theta/t_err: 0.83799 1.08193 2.05622 0.07832 0.79458 0.62383 0.84014 0.62383 0.84014 0.95570 0.39062 28.45345 0.30090
target: 1.08193 0.26897
target: 1.08193 0.26897
fb: 0.46558 0.34364 1.00000 1.00000
fb: 0.54678 0.32573 1.00000 1.00000
dist/lin/ang/drive_left/drive_right/tv_l/tv_r/av_l/av_r/x/y/theta/t_err: 0.82902 1.17337 1.63944 0.22104 0.87251 0.76092 0.83003 0.76092 0.83003 1.27300 0.57417 31.54825 0.24992
target: 1.17337 0.21445
target: 1.17337 0.21445
fb: 0.65159 0.31054 1.00000 1.00000
fb: 0.71183 0.29912 1.00000 1.00000
dist/lin/ang/drive_left/drive_right/tv_l/tv_r/av_l/av_r/x/y/theta/t_err: 0.81632 1.26481 1.30077 0.41271 1.01095 0.80183 0.83039 0.80183 0.83039 1.70316 0.85374 34.36541 0.20430
target: 1.26481 0.17015
target: 1.26481 0.17015
fb: 0.71161 0.28978 1.00000 1.00000
fb: 0.73302 0.27926 1.00000 1.00000
dist/lin/ang/drive_left/drive_right/tv_l/tv_r/av_l/av_r/x/y/theta/t_err: 0.80233 1.35625 0.97315 0.45376 1.01228 0.82989 0.83858 0.82989 0.83858 2.15839 1.18037 36.96356 0.16216
target: 1.35625 0.12730
target: 1.35625 0.12730
fb: 0.84180 0.26114 1.00000 1.00000
fb: 0.88064 0.24373 1.00000 1.00000
dist/lin/ang/drive_left/drive_right/tv_l/tv_r/av_l/av_r/x/y/theta/t_err: 0.78566 1.44769 0.67270 0.63691 1.12436 0.83811 0.84700 0.83811 0.84700 2.67906 1.59050 39.35860 0.12335
target: 1.44769 0.08800
target: 1.44769 0.08800
fb: 0.85901 0.22547 1.00000 1.00000
fb: 0.87843 0.21258 1.00000 1.00000
dist/lin/ang/drive_left/drive_right/tv_l/tv_r/av_l/av_r/x/y/theta/t_err: 0.76858 1.53913 0.42521 0.66585 1.09102 0.85006 0.85247 0.85006 0.85247 3.19390 2.02914 41.45025 0.08918
target: 1.53913 0.05562
target: 1.53913 0.05562
fb: 0.89013 0.20429 1.00000 1.00000
fb: 0.94640 0.19844 1.00000 1.00000
dist/lin/ang/drive_left/drive_right/tv_l/tv_r/av_l/av_r/x/y/theta/t_err: 0.75083 1.62074 0.19925 0.74796 1.14484 0.85811 0.85450 0.85811 0.85450 3.71158 2.50160 43.29780 0.05866
target: 1.62074 0.02606
target: 1.62074 0.02606
fb: 0.98523 0.19356 1.00000 1.00000
fb: 1.01635 0.18589 1.00000 1.00000
dist/lin/ang/drive_left/drive_right/tv_l/tv_r/av_l/av_r/x/y/theta/t_err: 0.73114 1.69681 -0.03378 0.83045 1.20224 0.85794 0.85486 0.85794 0.85486 4.26812 3.04202 45.02314 0.02972
target: 1.69681 -0.00442
target: 1.69681 -0.00442
fb: 1.12094 0.17802 1.00000 1.00000
fb: 1.14411 0.16534 1.00000 1.00000
dist/lin/ang/drive_left/drive_right/tv_l/tv_r/av_l/av_r/x/y/theta/t_err: 0.70873 1.77219 -0.25836 0.97877 1.30945 0.86700 0.86769 0.86700 0.86769 4.88279 3.67541 46.63373 0.00209
target: 1.77219 -0.03380
target: 1.77219 -0.03380
fb: 1.16375 0.15670 1.00000 1.00000
fb: 1.24120 0.14702 1.00000 1.00000
dist/lin/ang/drive_left/drive_right/tv_l/tv_r/av_l/av_r/x/y/theta/t_err: 0.68545 1.71404 -0.45456 1.09419 1.38822 0.86975 0.87217 0.86975 0.87217 5.50330 4.34966 48.06811 -0.02332
target: 1.71404 -0.05946
target: 1.71404 -0.05946
fb: 1.22576 0.13663 1.00000 0.53212
fb: 1.23922 0.12758 1.00000 0.52992
dist/lin/ang/drive_left/drive_right/tv_l/tv_r/av_l/av_r/x/y/theta/t_err: 0.66095 1.65175 -0.63594 1.11164 1.36679 0.88600 0.79686 0.88600 0.79686 6.14026 5.07477 49.33631 -0.04673
target: 1.65175 -0.08319
target: 1.65175 -0.08319
fb: 1.24297 0.12374 0.95912 0.43602
fb: 1.27805 0.11483 0.93711 0.42294
dist/lin/ang/drive_left/drive_right/tv_l/tv_r/av_l/av_r/x/y/theta/t_err: 0.63614 1.59547 -0.80714 1.16323 1.39288 0.81431 0.54308 0.81431 0.54308 6.77076 5.82333 50.45848 -0.06852
target: 1.59547 -0.10558
target: 1.59547 -0.10558
fb: 1.25864 0.10068 0.93272 0.39221
fb: 1.29372 0.08577 0.90772 0.38212
dist/lin/ang/drive_left/drive_right/tv_l/tv_r/av_l/av_r/x/y/theta/t_err: 0.61104 1.54516 -0.96175 1.20795 1.37949 0.82458 0.44439 0.82458 0.44439 7.39531 6.59281 51.42478 -0.08854
target: 1.54516 -0.12581
target: 1.54516 -0.12581
fb: 1.40229 0.06849 0.83669 0.30061
fb: 1.39236 0.04348 0.82915 0.31808
dist/lin/ang/drive_left/drive_right/tv_l/tv_r/av_l/av_r/x/y/theta/t_err: 0.58313 1.50371 -1.07589 1.34888 1.43584 0.69881 0.41989 0.69881 0.41989 8.07823 7.46045 52.13199 -0.10545
target: 1.50371 -0.14074
target: 1.50371 -0.14074
fb: 1.27607 0.01888 0.86636 0.39326
fb: 1.32462 -0.00202 0.83164 0.37944
dist/lin/ang/drive_left/drive_right/tv_l/tv_r/av_l/av_r/x/y/theta/t_err: 0.55776 1.47774 -1.10749 1.32664 1.32260 0.74089 0.40639 0.74089 0.40639 8.69244 8.25564 52.46567 -0.11623
target: 1.47774 -0.14487
target: 1.47774 -0.14487
fb: 1.32263 -0.02787 0.81421 0.47737
fb: 1.28777 -0.05240 0.81938 0.50707
dist/lin/ang/drive_left/drive_right/tv_l/tv_r/av_l/av_r/x/y/theta/t_err: 0.53150 1.46743 -1.08007 1.34016 1.23537 0.76758 0.41425 0.76758 0.41425 9.32709 9.08136 52.38336 -0.12056
target: 1.46743 -0.14128
target: 1.46743 -0.14128
fb: 1.40427 -0.07532 0.76398 0.55479
fb: 1.30917 -0.09260 0.80289 0.61098
dist/lin/ang/drive_left/drive_right/tv_l/tv_r/av_l/av_r/x/y/theta/t_err: 0.50361 1.47336 -0.99049 1.40177 1.21657 0.77717 0.46064 0.77717 0.46064 10.00548 9.95452 51.86899 -0.11807
target: 1.47336 -0.12957
target: 1.47336 -0.12957
fb: 1.24694 -0.10876 0.84598 0.77355
fb: 1.37095 -0.11928 0.77871 0.71681
dist/lin/ang/drive_left/drive_right/tv_l/tv_r/av_l/av_r/x/y/theta/t_err: 0.47884 1.49493 -0.84815 1.49024 1.25167 0.75356 0.59494 0.75356 0.59494 10.61717 10.72253 51.02328 -0.10908
target: 1.49493 -0.11095
target: 1.49493 -0.11095
fb: 1.33807 -0.12890 0.81971 0.87601
fb: 1.31888 -0.13838 0.82457 0.89035
dist/lin/ang/drive_left/drive_right/tv_l/tv_r/av_l/av_r/x/y/theta/t_err: 0.45222 1.52550 -0.70433 1.45725 1.18050 0.76231 0.72033 0.76231 0.72033 11.28684 11.53592 49.96286 -0.09651
target: 1.52550 -0.09213
target: 1.52550 -0.09213
fb: 1.42545 -0.14249 0.81023 0.92790
fb: 1.34602 -0.13608 0.85315 0.96441
dist/lin/ang/drive_left/drive_right/tv_l/tv_r/av_l/av_r/x/y/theta/t_err: 0.42382 1.52696 -0.54290 1.48209 1.20994 0.77083 0.72461 0.77083 0.72461 12.01771 12.38773 48.74685 -0.08108
target: 1.52696 -0.07102
target: 1.52696 -0.07102
fb: 1.35573 -0.12388 0.73059 0.84300
fb: 1.32461 -0.11782 0.74614 0.85855
dist/lin/ang/drive_left/drive_right/tv_l/tv_r/av_l/av_r/x/y/theta/t_err: 0.39678 1.51408 -0.41208 1.44243 1.20679 0.77667 0.72122 0.77667 0.72122 12.73000 13.18282 47.59237 -0.06574
target: 1.51408 -0.05390
target: 1.51408 -0.05390
fb: 1.39831 -0.11315 0.64680 0.74417
fb: 1.50864 -0.11113 0.59164 0.68901
dist/lin/ang/drive_left/drive_right/tv_l/tv_r/av_l/av_r/x/y/theta/t_err: 0.36886 1.49147 -0.31491 1.61978 1.39751 0.71300 0.71539 0.71300 0.71539 13.48020 13.98871 46.57647 -0.05228
target: 1.49147 -0.04119
target: 1.49147 -0.04119
fb: 1.43892 -0.10786 0.57824 0.65162
fb: 1.44487 -0.10180 0.57526 0.64864
dist/lin/ang/drive_left/drive_right/tv_l/tv_r/av_l/av_r/x/y/theta/t_err: 0.34011 1.46217 -0.20642 1.54667 1.34308 0.61272 0.67789 0.61272 0.67789 14.26588 14.80503 45.61471 -0.03920
target: 1.46217 -0.02700
target: 1.46217 -0.02700
fb: 1.48746 -0.09587 0.48436 0.58911
fb: 1.46429 -0.08891 0.49594 0.60069
dist/lin/ang/drive_left/drive_right/tv_l/tv_r/av_l/av_r/x/y/theta/t_err: 0.31038 1.42441 -0.10669 1.55320 1.37539 0.56928 0.63089 0.56928 0.63089 15.09169 15.63557 44.73274 -0.02681
target: 1.42441 -0.01396
target: 1.42441 -0.01396
fb: 1.43517 -0.08271 0.43871 0.54928
fb: 1.40604 -0.07978 0.45328 0.56384
dist/lin/ang/drive_left/drive_right/tv_l/tv_r/av_l/av_r/x/y/theta/t_err: 0.28168 1.38150 -0.01904 1.48582 1.32626 0.50219 0.58808 0.50219 0.58808 15.89990 16.42538 43.96455 -0.01544
target: 1.38150 -0.00249
target: 1.38150 -0.00249
fb: 1.41575 -0.07755 0.38812 0.49889
fb: 1.44090 -0.07358 0.37554 0.48631
dist/lin/ang/drive_left/drive_right/tv_l/tv_r/av_l/av_r/x/y/theta/t_err: 0.25337 1.33307 0.07183 1.51448 1.36733 0.47019 0.55047 0.47019 0.55047 16.70703 17.19429 43.27493 -0.00444
target: 1.33307 0.00940
target: 1.33307 0.00940
fb: 1.37118 -0.06313 0.33434 0.46381
fb: 1.35772 -0.04989 0.34107 0.47054
dist/lin/ang/drive_left/drive_right/tv_l/tv_r/av_l/av_r/x/y/theta/t_err: 0.22595 1.25501 0.16330 1.40760 1.30783 0.46628 0.49536 0.46628 0.49536 17.49711 17.93012 42.66118 0.00639
target: 1.25501 0.02136
target: 1.25501 0.02136
fb: 1.38089 -0.03944 0.13149 0.27280
fb: 1.33609 -0.02885 0.15389 0.29519
dist/lin/ang/drive_left/drive_right/tv_l/tv_r/av_l/av_r/x/y/theta/t_err: 0.19833 1.15969 0.21844 1.36494 1.30725 0.38208 0.46386 0.38208 0.46386 18.29955 18.66384 42.23965 0.01518
target: 1.15969 0.02857
target: 1.15969 0.02857
fb: 1.32859 -0.01568 -0.09971 0.12323
fb: 1.23944 -0.00258 0.06291 0.16780
dist/lin/ang/drive_left/drive_right/tv_l/tv_r/av_l/av_r/x/y/theta/t_err: 0.17176 1.10525 0.25292 1.24202 1.23687 0.20228 0.34461 0.20228 0.34461 19.07558 19.36539 42.01670 0.02176
target: 1.10525 0.03308
target: 1.10525 0.03308
fb: 1.26438 0.00948 0.17351 0.26586
fb: 1.30895 0.01665 0.15122 0.24357
dist/lin/ang/drive_left/drive_right/tv_l/tv_r/av_l/av_r/x/y/theta/t_err: 0.14644 1.02052 0.18509 1.29230 1.32560 0.13517 0.24775 0.13517 0.24775 19.81537 20.03163 42.02300 0.02165
target: 1.02052 0.02421
target: 1.02052 0.02421
fb: 1.15008 0.02237 0.09843 -0.07504
fb: 1.09182 0.02926 0.12756 0.08208
dist/lin/ang/drive_left/drive_right/tv_l/tv_r/av_l/av_r/x/y/theta/t_err: 0.12344 0.93698 0.13498 1.06256 1.12109 0.17433 0.24950 0.17433 0.24950 20.48736 20.63866 42.18076 0.01890
target: 0.93698 0.01766
target: 0.93698 0.01766
fb: 1.07240 0.03087 0.05995 -0.10216
fb: 0.93295 0.02940 0.12967 0.09557
dist/lin/ang/drive_left/drive_right/tv_l/tv_r/av_l/av_r/x/y/theta/t_err: 0.10201 0.85176 0.07974 0.90354 0.96235 0.13208 0.11225 0.13208 0.11225 21.11188 21.20700 42.43574 0.01445
target: 0.85176 0.01043
target: 0.85176 0.01043
fb: 0.88065 0.02759 0.07929 -0.09970
fb: 0.91728 0.02717 0.06098 -0.11801
dist/lin/ang/drive_left/drive_right/tv_l/tv_r/av_l/av_r/x/y/theta/t_err: 0.08441 0.77480 0.04277 0.89011 0.94445 0.13022 0.06281 0.13022 0.06281 21.62256 21.67608 42.68669 0.01007
target: 0.77480 0.00560
target: 0.77480 0.00560
fb: 0.80474 0.02822 0.07266 -0.09084
fb: 0.74870 0.02919 0.10068 0.06518
dist/lin/ang/drive_left/drive_right/tv_l/tv_r/av_l/av_r/x/y/theta/t_err: 0.06832 0.69708 0.00812 0.71950 0.77789 0.09478 -0.07803 0.09478 -0.07803 22.08749 22.10662 42.92837 0.00585
target: 0.69708 0.00106
target: 0.69708 0.00106
fb: 0.69817 0.02341 -0.06427 -0.11399
fb: 0.63020 0.01484 0.08776 -0.08001
dist/lin/ang/drive_left/drive_right/tv_l/tv_r/av_l/av_r/x/y/theta/t_err: 0.05437 0.62183 -0.02602 0.61536 0.64504 0.07975 0.01317 0.07975 0.01317 22.48926 22.48185 43.16347 0.00175
target: 0.62183 -0.00340
target: 0.62183 -0.00340
fb: 0.62248 0.00467 -0.08241 -0.13790
fb: 0.55077 -0.00634 0.07150 -0.10204
dist/lin/ang/drive_left/drive_right/tv_l/tv_r/av_l/av_r/x/y/theta/t_err: 0.04192 0.54603 -0.01929 0.55711 0.54443 0.03919 -0.08111 0.03919 -0.08111 22.84640 22.81754 43.26914 -0.00010
target: 0.54603 -0.00252
target: 0.54603 -0.00252
fb: 0.50046 -0.01693 -0.11727 -0.12421
fb: 0.44220 -0.02592 -0.08814 -0.09508
dist/lin/ang/drive_left/drive_right/tv_l/tv_r/av_l/av_r/x/y/theta/t_err: 0.03191 0.47639 0.02504 0.46812 0.41628 0.03592 -0.10231 0.03592 -0.10231 23.13347 23.08749 43.18937 0.00129
target: 0.47639 0.00328
target: 0.47639 0.00328
fb: 0.40910 -0.03163 0.08135 0.14290
fb: 0.38218 -0.03588 0.09482 0.15636
dist/lin/ang/drive_left/drive_right/tv_l/tv_r/av_l/av_r/x/y/theta/t_err: 0.02372 0.41073 0.08802 0.41806 0.34630 -0.04258 -0.03525 -0.04258 -0.03525 23.36877 23.30749 42.95250 0.00543
target: 0.41073 0.01151
target: 0.41073 0.01151
fb: 0.28906 -0.04132 0.07573 0.17042
fb: 0.24427 -0.04257 0.09813 0.19282
dist/lin/ang/drive_left/drive_right/tv_l/tv_r/av_l/av_r/x/y/theta/t_err: 0.01793 0.35707 0.15352 0.28684 0.20170 0.08847 0.14100 0.08847 0.14100 23.53576 23.46215 42.62337 0.01117
target: 0.35707 0.02008
target: 0.35707 0.02008
fb: 0.24052 -0.03735 0.07009 0.17941
fb: 0.23478 -0.03268 0.07296 0.18228
dist/lin/ang/drive_left/drive_right/tv_l/tv_r/av_l/av_r/x/y/theta/t_err: 0.01310 0.30528 0.21303 0.26746 0.20210 0.09786 0.17436 0.09786 0.17436 23.67553 23.58994 42.26310 0.01746
target: 0.30528 0.02787
target: 0.30528 0.02787
fb: 0.21514 -0.02850 0.03975 0.15261
fb: 0.21713 -0.02390 -0.03928 0.15162
dist/lin/ang/drive_left/drive_right/tv_l/tv_r/av_l/av_r/x/y/theta/t_err: 0.00879 0.25004 0.23960 0.24103 0.19323 0.07631 0.16906 0.07631 0.16906 23.80118 23.70356 41.98757 0.02227
target: 0.25004 0.03134
target: 0.25004 0.03134
fb: 0.19595 -0.01491 -0.06658 0.09026
fb: 0.16483 -0.00655 -0.05103 0.10581
dist/lin/ang/drive_left/drive_right/tv_l/tv_r/av_l/av_r/x/y/theta/t_err: 0.00486 0.00122 0.25224 0.17138 0.15828 -0.00856 0.13619 -0.00856 0.13619 23.91603 23.80659 41.80048 0.02553
target: 0.00122 0.03300
target: 0.00122 0.03300
fb: 0.15910 -0.00077 -0.56577 -0.51090
fb: 0.15314 0.01254 -0.56577 -0.51090
dist/lin/ang/drive_left/drive_right/tv_l/tv_r/av_l/av_r/x/y/theta/t_err: 0.00168 0.00042 0.23463 0.14060 0.16568 -0.07356 0.07564 -0.07356 0.07564 24.00946 23.89004 41.75416 0.02634
target: 0.00042 0.03069
target: 0.00042 0.03069
fb: 0.14541 0.03087 -0.05065 0.05329
fb: 0.12026 0.05038 -0.05065 0.05329
dist/lin/ang/drive_left/drive_right/tv_l/tv_r/av_l/av_r/x/y/theta/t_err: -0.00122 -0.00031 0.17663 0.06988 0.17063 -0.34717 -0.26625 -0.34717 -0.26625 24.09480 23.96637 41.90791 0.02366
target: -0.00031 0.02311
target: -0.00031 0.02311
fb: 0.09510 0.05971 0.05612 -0.06368
fb: 0.07569 0.06354 0.05612 -0.06368
dist/lin/ang/drive_left/drive_right/tv_l/tv_r/av_l/av_r/x/y/theta/t_err: -0.00311 -0.00078 0.05392 0.01214 0.13923 -0.04997 0.00531 -0.04997 0.00531 24.15035 24.01659 42.36858 0.01562
target: -0.00078 0.00705
target: -0.00078 0.00705
fb: 0.06399 0.06577 0.10530 -0.11251
fb: 0.06201 0.05832 0.10530 -0.11251
final error: 0.19416, x: -0.18742, y: -0.05072
final local error: 0.19416, forwards: -0.17178, sideways: 0.09051
position: 24.18742 24.05072 42.92761
took 1.18000 time to finish turn
dist/lin/ang/drive_left/drive_right/tv_l/tv_r/av_l/av_r/x/y/theta/t_err: -0.86801 -0.09144 0.23901 0.00000 0.00000 0.00017 0.00000 0.00017 0.00000 24.23415 24.09462 223.24222 0.02779
target: -0.09144 0.03127
target: -0.09144 0.03127
fb: 0.00000 0.00000 -0.41738 -0.09836
fb: 0.00000 0.00000 -0.41738 -0.09836
dist/lin/ang/drive_left/drive_right/tv_l/tv_r/av_l/av_r/x/y/theta/t_err: -0.86801 -0.18288 0.23899 0.00000 0.00000 -0.00017 0.00017 -0.00017 0.00017 24.23415 24.09462 223.24229 0.02779
target: -0.18288 0.03126
target: -0.18288 0.03126
fb: 0.00000 0.00000 -0.40194 -0.36435
fb: 0.00000 0.00000 -0.40194 -0.36435
dist/lin/ang/drive_left/drive_right/tv_l/tv_r/av_l/av_r/x/y/theta/t_err: -0.86801 -0.27432 0.23921 0.00000 0.00000 -0.31689 -0.07889 -0.31689 -0.07889 24.23415 24.09462 223.24165 0.02780
target: -0.27432 0.03129
target: -0.27432 0.03129
fb: 0.00000 -0.00070 -0.48166 -0.44373
fb: 0.00000 0.00286 -0.48166 -0.44373
dist/lin/ang/drive_left/drive_right/tv_l/tv_r/av_l/av_r/x/y/theta/t_err: -0.86801 -0.36576 0.23684 -0.00286 0.00286 -0.37094 -0.30306 -0.37094 -0.30306 24.23415 24.09462 223.24861 0.02768
target: -0.36576 0.03098
target: -0.36576 0.03098
fb: 0.00000 0.00216 -0.55948 -0.52503
fb: -0.06024 0.00139 -0.52936 -0.49491
dist/lin/ang/drive_left/drive_right/tv_l/tv_r/av_l/av_r/x/y/theta/t_err: -0.86681 -0.45720 0.23296 -0.06163 -0.05885 -0.44728 -0.39969 -0.44728 -0.39969 24.19961 24.06211 223.26648 0.02741
target: -0.45720 0.03047
target: -0.45720 0.03047
fb: -0.18624 0.00091 -0.54468 -0.51270
fb: -0.24427 0.00091 -0.51567 -0.48368
dist/lin/ang/drive_left/drive_right/tv_l/tv_r/av_l/av_r/x/y/theta/t_err: -0.86193 -0.54864 0.23624 -0.24518 -0.24336 -0.46869 -0.42314 -0.46869 -0.42314 24.05956 23.93027 223.27367 0.02744
target: -0.54864 0.03090
target: -0.54864 0.03090
fb: -0.28509 0.00000 -0.80469 -0.78242
fb: -0.31620 -0.00251 -0.78913 -0.76687
dist/lin/ang/drive_left/drive_right/tv_l/tv_r/av_l/av_r/x/y/theta/t_err: -0.85560 -0.64008 0.24276 -0.31370 -0.31871 -0.49569 -0.44025 -0.49569 -0.44025 23.87827 23.75960 223.26432 0.02780
target: -0.64008 0.03176
target: -0.64008 0.03176
fb: -0.33364 -0.00599 -0.86619 -0.83978
fb: -0.37225 -0.01101 -0.84688 -0.82047
dist/lin/ang/drive_left/drive_right/tv_l/tv_r/av_l/av_r/x/y/theta/t_err: -0.84816 -0.73152 0.26624 -0.36124 -0.38326 -0.44678 -0.37286 -0.44678 -0.37286 23.66473 23.55883 223.19494 0.02926
target: -0.73152 0.03483
target: -0.73152 0.03483
fb: -0.37998 -0.01031 -0.93837 -0.88863
fb: -0.40535 -0.00759 -0.92568 -0.87595
dist/lin/ang/drive_left/drive_right/tv_l/tv_r/av_l/av_r/x/y/theta/t_err: -0.84006 -0.82296 0.28551 -0.39776 -0.41295 -0.44369 -0.48133 -0.44369 -0.48133 23.43186 23.34055 223.10728 0.03108
target: -0.82296 0.03735
target: -0.82296 0.03735
fb: -0.47905 -0.00390 -0.97134 -0.92397
fb: -0.49075 -0.00348 -0.96549 -0.91812
dist/lin/ang/drive_left/drive_right/tv_l/tv_r/av_l/av_r/x/y/theta/t_err: -0.83025 -0.91440 0.28553 -0.48726 -0.49423 -0.44419 -0.52122 -0.44419 -0.52122 23.14966 23.07658 223.07242 0.03206
target: -0.91440 0.03735
target: -0.91440 0.03735
fb: -0.52958 -0.00564 -1.00000 -0.99415
fb: -0.57393 -0.00843 -0.99587 -0.97197
dist/lin/ang/drive_left/drive_right/tv_l/tv_r/av_l/av_r/x/y/theta/t_err: -0.81878 -1.00584 0.30345 -0.56550 -0.58237 -0.41936 -0.55867 -0.41936 -0.55867 22.81940 22.76810 223.01316 0.03355
target: -1.00584 0.03969
target: -1.00584 0.03969
fb: -0.59534 -0.01247 -1.00000 -1.00000
fb: -0.67500 -0.01714 -1.00000 -0.99341
dist/lin/ang/drive_left/drive_right/tv_l/tv_r/av_l/av_r/x/y/theta/t_err: -0.80528 -1.09728 0.34130 -0.65786 -0.69214 -0.44575 -0.53453 -0.44575 -0.53453 22.43038 22.40595 222.88391 0.03639
target: -1.09728 0.04465
target: -1.09728 0.04465
fb: -0.67301 -0.02014 -1.00000 -1.00000
fb: -0.70788 -0.02320 -1.00000 -1.00000
dist/lin/ang/drive_left/drive_right/tv_l/tv_r/av_l/av_r/x/y/theta/t_err: -0.79114 -1.18872 0.38494 -0.68467 -0.73108 -0.58725 -0.45258 -0.58725 -0.45258 22.02136 22.02730 222.70106 0.04026
target: -1.18872 0.05035
target: -1.18872 0.05035
fb: -0.78533 -0.02501 -1.00000 -1.00000
fb: -0.76216 -0.01902 -1.00000 -1.00000
dist/lin/ang/drive_left/drive_right/tv_l/tv_r/av_l/av_r/x/y/theta/t_err: -0.77591 -1.28016 0.42629 -0.74314 -0.78118 -0.75100 -0.73969 -0.75100 -0.73969 21.57960 21.62111 222.50176 0.04456
target: -1.28016 0.05576
target: -1.28016 0.05576
fb: -0.73127 -0.01791 -1.00000 -1.00000
fb: -0.79504 -0.01707 -1.00000 -1.00000
dist/lin/ang/drive_left/drive_right/tv_l/tv_r/av_l/av_r/x/y/theta/t_err: -0.76002 -1.37160 0.44969 -0.77797 -0.81211 -0.82389 -0.81633 -0.82389 -0.81633 21.11750 21.19879 222.35209 0.04814
target: -1.37160 0.05882
target: -1.37160 0.05882
fb: -0.87072 -0.01930 -1.00000 -1.00000
fb: -0.90581 -0.01839 -1.00000 -1.00000
dist/lin/ang/drive_left/drive_right/tv_l/tv_r/av_l/av_r/x/y/theta/t_err: -0.74193 -1.46304 0.49036 -0.88741 -0.92420 -0.84389 -0.84411 -0.84389 -0.84411 20.58971 20.71906 222.18612 0.05224
target: -1.46304 0.06414
target: -1.46304 0.06414
fb: -0.89786 -0.01979 -1.00000 -1.00000
fb: -0.89985 -0.02028 -1.00000 -1.00000
dist/lin/ang/drive_left/drive_right/tv_l/tv_r/av_l/av_r/x/y/theta/t_err: -0.72396 -1.55448 0.53033 -0.87957 -0.92012 -0.85933 -0.85675 -0.85933 -0.85675 20.06397 20.24405 222.01302 0.05660
target: -1.55448 0.06937
target: -1.55448 0.06937
fb: -0.98524 -0.01853 -1.00000 -1.00000
fb: -1.07240 -0.01470 -1.00000 -1.00000
dist/lin/ang/drive_left/drive_right/tv_l/tv_r/av_l/av_r/x/y/theta/t_err: -0.70255 -1.61448 0.57020 -1.05770 -1.08711 -0.85708 -0.85536 -0.85708 -0.85536 19.43577 19.67979 221.85745 0.06109
target: -1.61448 0.07459
target: -1.61448 0.07459
fb: -0.99870 -0.00920 -1.00000 -1.00000
fb: -1.05321 -0.00808 -1.00000 -1.00000
dist/lin/ang/drive_left/drive_right/tv_l/tv_r/av_l/av_r/x/y/theta/t_err: -0.68153 -1.60591 0.58752 -1.04512 -1.06129 -0.86308 -0.86239 -0.86308 -0.86239 18.81766 19.12692 221.77546 0.06443
target: -1.60591 0.07685
target: -1.60591 0.07685
fb: -1.19664 -0.00975 -0.99437 -0.80101
fb: -1.20436 -0.00864 -0.98996 -0.79770
dist/lin/ang/drive_left/drive_right/tv_l/tv_r/av_l/av_r/x/y/theta/t_err: -0.65749 -1.59625 0.62445 -1.19572 -1.21300 -0.84853 -0.83842 -0.84853 -0.83842 18.10999 18.49564 221.69534 0.06821
target: -1.59625 0.08168
target: -1.59625 0.08168
fb: -1.14434 -0.00732 -1.00000 -0.79770
fb: -1.21010 -0.00746 -0.99056 -0.76475
dist/lin/ang/drive_left/drive_right/tv_l/tv_r/av_l/av_r/x/y/theta/t_err: -0.63335 -1.58661 0.65721 -1.20264 -1.21755 -0.78486 -0.72703 -0.78486 -0.72703 17.39812 17.86230 221.62854 0.07201
target: -1.58661 0.08597
target: -1.58661 0.08597
fb: -1.26063 -0.00404 -0.95743 -0.72975
fb: -1.22179 -0.00321 -0.97643 -0.74959
dist/lin/ang/drive_left/drive_right/tv_l/tv_r/av_l/av_r/x/y/theta/t_err: -0.60898 -1.57763 0.68528 -1.21859 -1.22500 -0.78131 -0.69964 -0.78131 -0.69964 16.67880 17.22346 221.59136 0.07556
target: -1.57763 0.08964
target: -1.57763 0.08964
fb: -1.34580 -0.00167 -0.90969 -0.68125
fb: -1.29373 0.00000 -0.93489 -0.70812
dist/lin/ang/drive_left/drive_right/tv_l/tv_r/av_l/av_r/x/y/theta/t_err: -0.58318 -1.56854 0.71703 -1.29373 -1.29373 -0.78558 -0.69589 -0.78558 -0.69589 15.91682 16.54737 221.57649 0.07917
target: -1.56854 0.09380
target: -1.56854 0.09380
fb: -1.25290 0.00265 -0.95222 -0.71386
fb: -1.38662 0.00530 -0.88404 -0.64832
dist/lin/ang/drive_left/drive_right/tv_l/tv_r/av_l/av_r/x/y/theta/t_err: -0.55554 -1.56003 0.74401 -1.39192 -1.38133 -0.73969 -0.68714 -0.73969 -0.68714 15.10022 15.82263 221.60762 0.08257
target: -1.56003 0.09732
target: -1.56003 0.09732
fb: -1.34404 0.00787 -0.90000 -0.66418
fb: -1.33234 0.00920 -0.90519 -0.67069
dist/lin/ang/drive_left/drive_right/tv_l/tv_r/av_l/av_r/x/y/theta/t_err: -0.52899 -1.55272 0.76463 -1.34154 -1.32314 -0.74994 -0.65314 -0.74994 -0.65314 14.31621 15.12555 221.67588 0.08550
target: -1.55272 0.10002
target: -1.55272 0.10002
fb: -1.39060 0.01352 -0.87139 -0.64243
fb: -1.33234 0.01819 -0.89818 -0.67389
dist/lin/ang/drive_left/drive_right/tv_l/tv_r/av_l/av_r/x/y/theta/t_err: -0.50244 -1.54647 0.78203 -1.35053 -1.31416 -0.78061 -0.65553 -0.78061 -0.65553 13.53326 14.42729 221.78867 0.08801
target: -1.54647 0.10230
target: -1.54647 0.10230
fb: -1.42347 0.02271 -0.84972 -0.62848
fb: -1.49717 0.02703 -0.81071 -0.59379
dist/lin/ang/drive_left/drive_right/tv_l/tv_r/av_l/av_r/x/y/theta/t_err: -0.47262 -1.54165 0.79308 -1.52421 -1.47014 -0.78333 -0.65039 -0.78333 -0.65039 12.65558 13.64026 221.99036 0.08996
target: -1.54165 0.10374
target: -1.54165 0.10374
fb: -1.46430 0.03149 -0.82418 -0.61597
fb: -1.38861 0.03756 -0.85899 -0.65684
dist/lin/ang/drive_left/drive_right/tv_l/tv_r/av_l/av_r/x/y/theta/t_err: -0.44496 -1.54088 0.77945 -1.42616 -1.35105 -0.77256 -0.60231 -0.77256 -0.60231 11.84462 12.90687 222.28537 0.09027
target: -1.54088 0.10196
target: -1.54088 0.10196
fb: -1.40781 0.04557 -0.84425 -0.68397
fb: -1.49717 0.05386 -0.79542 -0.64343
dist/lin/ang/drive_left/drive_right/tv_l/tv_r/av_l/av_r/x/y/theta/t_err: -0.41514 -1.49188 0.75482 -1.55103 -1.44331 -0.78575 -0.62539 -0.78575 -0.62539 10.97530 12.11061 222.70957 0.08911
target: -1.49188 0.09874
target: -1.49188 0.09874
fb: -1.42744 0.05950 -0.57968 -0.44620
fb: -1.43142 0.06271 -0.57609 -0.44582
dist/lin/ang/drive_left/drive_right/tv_l/tv_r/av_l/av_r/x/y/theta/t_err: -0.38662 -1.44671 0.71027 -1.49412 -1.36871 -0.73508 -0.62300 -0.73508 -0.62300 10.15066 11.34229 223.24038 0.08610
target: -1.44671 0.09291
target: -1.44671 0.09291
fb: -1.48173 0.06494 -0.50544 -0.41477
fb: -1.40604 0.06222 -0.54464 -0.45126
dist/lin/ang/drive_left/drive_right/tv_l/tv_r/av_l/av_r/x/y/theta/t_err: -0.35860 -1.40056 0.68010 -1.46826 -1.34382 -0.58778 -0.48269 -0.58778 -0.48269 9.34771 10.58007 223.79157 0.08285
target: -1.40056 0.08896
target: -1.40056 0.08896
fb: -1.46429 0.05978 -0.47463 -0.37063
fb: -1.47202 0.05741 -0.47195 -0.36559
dist/lin/ang/drive_left/drive_right/tv_l/tv_r/av_l/av_r/x/y/theta/t_err: -0.32926 -1.34633 0.67543 -1.52943 -1.41460 -0.54053 -0.43803 -0.54053 -0.43803 8.51454 9.77431 224.30754 0.08086
target: -1.34633 0.08835
target: -1.34633 0.08835
fb: -1.44488 0.05616 -0.41873 -0.28084
fb: -1.49916 0.06313 -0.38811 -0.25718
dist/lin/ang/drive_left/drive_right/tv_l/tv_r/av_l/av_r/x/y/theta/t_err: -0.29937 -1.28632 0.67242 -1.56228 -1.43603 -0.48800 -0.42900 -0.48800 -0.42900 7.67336 8.94615 224.81729 0.07962
target: -1.28632 0.08796
target: -1.28632 0.08796
fb: -1.36147 0.07281 -0.37479 -0.25111
fb: -1.32263 0.07372 -0.39376 -0.27098
dist/lin/ang/drive_left/drive_right/tv_l/tv_r/av_l/av_r/x/y/theta/t_err: -0.27300 -1.23595 0.61304 -1.39635 -1.24891 -0.46267 -0.38583 -0.46267 -0.38583 6.93870 8.20800 225.44906 0.07577
target: -1.23595 0.08019
target: -1.23595 0.08019
fb: -1.36147 0.06856 -0.32738 -0.28514
fb: -1.23922 0.06452 -0.39052 -0.34424
dist/lin/ang/drive_left/drive_right/tv_l/tv_r/av_l/av_r/x/y/theta/t_err: -0.24828 -1.18458 0.59344 -1.30374 -1.17470 -0.46578 -0.34169 -0.46578 -0.34169 6.25763 7.50925 226.03279 0.07264
target: -1.18458 0.07763
target: -1.18458 0.07763
fb: -1.23525 0.06689 -0.36091 -0.27560
fb: -1.27033 0.06961 -0.34201 -0.25942
dist/lin/ang/drive_left/drive_right/tv_l/tv_r/av_l/av_r/x/y/theta/t_err: -0.22294 -1.12687 0.57944 -1.33994 -1.20073 -0.42025 -0.34156 -0.42025 -0.34156 5.56671 6.78596 226.61445 0.07021
target: -1.12687 0.07580
target: -1.12687 0.07580
fb: -1.17920 0.07065 -0.30770 -0.22757
fb: -1.19840 0.06654 -0.29811 -0.21797
dist/lin/ang/drive_left/drive_right/tv_l/tv_r/av_l/av_r/x/y/theta/t_err: -0.19903 -1.06915 0.55548 -1.26494 -1.13186 -0.39647 -0.31003 -0.39647 -0.31003 4.92222 6.09672 227.21040 0.06761
target: -1.06915 0.07266
target: -1.06915 0.07266
fb: -1.14412 0.06438 -0.26464 -0.19997
fb: -1.07064 0.06445 -0.30138 -0.23671
dist/lin/ang/drive_left/drive_right/tv_l/tv_r/av_l/av_r/x/y/theta/t_err: -0.17766 -1.12407 0.54039 -1.13509 -1.00619 -0.34631 -0.26247 -0.34631 -0.26247 4.35261 5.47525 227.76936 0.06540
target: -1.12407 0.07069
target: -1.12407 0.07069
fb: -1.01238 0.06320 -0.83501 -0.77998
fb: -0.98899 0.06194 -0.84671 -0.79167
dist/lin/ang/drive_left/drive_right/tv_l/tv_r/av_l/av_r/x/y/theta/t_err: -0.15760 -1.05872 0.38547 -1.05094 -0.92705 -0.33181 -0.26694 -0.33181 -0.26694 3.83205 4.89607 228.31456 0.05589
target: -1.05872 0.05042
target: -1.05872 0.05042
fb: -1.03577 0.06292 -0.18682 -0.30533
fb: -0.90779 0.06083 -0.25081 -0.36932
dist/lin/ang/drive_left/drive_right/tv_l/tv_r/av_l/av_r/x/y/theta/t_err: -0.13954 -0.99618 0.30531 -0.96862 -0.84696 -0.58519 -0.54944 -0.58519 -0.54944 3.35906 4.36015 228.85461 0.04646
target: -0.99618 0.03994
target: -0.99618 0.03994
fb: -0.90360 0.05637 -0.24418 -0.28880
fb: -1.01812 0.05058 -0.18692 -0.23154
dist/lin/ang/drive_left/drive_right/tv_l/tv_r/av_l/av_r/x/y/theta/t_err: -0.11924 -0.92089 0.24272 -1.06871 -0.96754 -0.36942 -0.38617 -0.36942 -0.38617 2.83420 3.75419 229.33778 0.03803
target: -0.92089 0.03175
target: -0.92089 0.03175
fb: -0.98149 0.04215 -0.09048 -0.12297
fb: -0.89588 0.03714 -0.13329 -0.16577
dist/lin/ang/drive_left/drive_right/tv_l/tv_r/av_l/av_r/x/y/theta/t_err: -0.10137 -0.84908 0.20879 -0.93301 -0.85874 -0.21339 -0.25153 -0.21339 -0.25153 2.37627 3.21762 229.70206 0.03167
target: -0.84908 0.02731
target: -0.84908 0.02731
fb: -0.89213 0.03616 -0.09755 -0.10220
fb: -0.94067 0.03637 -0.07328 -0.07793
dist/lin/ang/drive_left/drive_right/tv_l/tv_r/av_l/av_r/x/y/theta/t_err: -0.08259 -0.76642 0.16665 -0.97704 -0.90430 -0.14083 -0.16461 -0.14083 -0.16461 1.89883 2.65134 230.02770 0.02599
target: -0.76642 0.02180
target: -0.76642 0.02180
fb: -0.90183 0.03163 0.15256 0.14308
fb: -0.79128 0.02007 0.09729 0.08781
dist/lin/ang/drive_left/drive_right/tv_l/tv_r/av_l/av_r/x/y/theta/t_err: -0.06679 -0.68923 0.14431 -0.81135 -0.77122 -0.06042 -0.03422 -0.06042 -0.03422 1.49963 2.17297 230.27160 0.02173
target: -0.68923 0.01888
target: -0.68923 0.01888
fb: -0.69993 0.00773 0.09038 0.10010
fb: -0.66727 0.00000 0.07405 0.08377
dist/lin/ang/drive_left/drive_right/tv_l/tv_r/av_l/av_r/x/y/theta/t_err: -0.05345 -0.61657 0.17376 -0.66727 -0.66727 0.06911 0.06572 0.06911 0.06572 1.16403 1.76870 230.31202 0.02102
target: -0.61657 0.02273
target: -0.61657 0.02273
fb: -0.58188 -0.00300 -0.07169 0.12227
fb: -0.47309 -0.00585 -0.12608 0.06787
dist/lin/ang/drive_left/drive_right/tv_l/tv_r/av_l/av_r/x/y/theta/t_err: -0.04399 -0.55931 0.19443 -0.46724 -0.47895 0.04775 0.07856 0.04775 0.07856 0.92605 1.48212 230.27008 0.02176
target: -0.55931 0.02543
target: -0.55931 0.02543
fb: -0.46736 -0.01317 -0.13507 -0.07757
fb: -0.44617 -0.02111 -0.14566 -0.08816
dist/lin/ang/drive_left/drive_right/tv_l/tv_r/av_l/av_r/x/y/theta/t_err: -0.03505 -0.49927 0.23051 -0.42506 -0.46728 -0.11600 0.05319 -0.11600 0.05319 0.70124 1.21214 230.13638 0.02409
target: -0.49927 0.03015
target: -0.49927 0.03015
fb: -0.38593 -0.02167 -0.20177 -0.12318
fb: -0.35879 -0.01136 -0.21534 -0.13675
dist/lin/ang/drive_left/drive_right/tv_l/tv_r/av_l/av_r/x/y/theta/t_err: -0.02786 -0.44510 0.25884 -0.34743 -0.37015 -0.16067 -0.08317 -0.16067 -0.08317 0.51983 0.99557 229.97723 0.02687
target: -0.44510 0.03386
target: -0.44510 0.03386
fb: -0.36475 0.00132 -0.17491 -0.10040
fb: -0.36828 0.00648 -0.17314 -0.09863
dist/lin/ang/drive_left/drive_right/tv_l/tv_r/av_l/av_r/x/y/theta/t_err: -0.02049 -0.38176 0.22403 -0.37476 -0.36180 -0.18906 -0.13586 -0.18906 -0.13586 0.33335 0.77349 229.99888 0.02649
target: -0.38176 0.02931
target: -0.38176 0.02931
fb: -0.36453 0.00495 -0.06137 -0.06739
fb: -0.36276 0.00578 -0.06226 -0.06827
dist/lin/ang/drive_left/drive_right/tv_l/tv_r/av_l/av_r/x/y/theta/t_err: -0.01324 -0.30690 0.20869 -0.36855 -0.35698 -0.14356 -0.10731 -0.14356 -0.10731 0.14985 0.55460 230.05780 0.02546
target: -0.30690 0.02730
target: -0.30690 0.02730
fb: -0.31797 0.01212 0.07147 0.09542
fb: -0.27141 0.01589 0.04819 0.07214
dist/lin/ang/drive_left/drive_right/tv_l/tv_r/av_l/av_r/x/y/theta/t_err: -0.00783 -0.23597 0.17701 -0.28730 -0.25552 -0.03147 -0.05747 -0.03147 -0.05747 0.01281 0.39061 230.18704 0.02321
target: -0.23597 0.02316
target: -0.23597 0.02316
fb: -0.24648 0.01456 0.10196 0.10106
fb: -0.22309 0.01205 0.09027 0.08936
dist/lin/ang/drive_left/drive_right/tv_l/tv_r/av_l/av_r/x/y/theta/t_err: -0.00338 -0.00085 0.15837 -0.23514 -0.21103 0.05100 0.06400 0.05100 0.06400 -0.09951 0.25555 230.31395 0.02099
target: -0.00085 0.02072
target: -0.00085 0.02072
fb: -0.19970 0.00843 0.60548 0.61660
fb: -0.15711 0.00118 0.50605 0.51718
dist/lin/ang/drive_left/drive_right/tv_l/tv_r/av_l/av_r/x/y/theta/t_err: -0.00024 -0.00006 0.16465 -0.15829 -0.15592 0.13414 0.14117 0.13414 0.14117 -0.17846 0.16031 230.36284 0.02014
target: -0.00006 0.02154
target: -0.00006 0.02154
fb: -0.09113 -0.00411 -0.05560 0.06402
fb: -0.02913 -0.00599 -0.05560 0.06402
dist/lin/ang/drive_left/drive_right/tv_l/tv_r/av_l/av_r/x/y/theta/t_err: 0.00034 0.00009 0.18810 -0.02313 -0.03512 0.19353 0.25189 0.19353 0.25189 -0.19310 0.14265 230.31690 0.02094
target: 0.00009 0.02461
target: 0.00009 0.02461
fb: 0.00000 -0.00307 -0.06899 0.07502
fb: -0.00199 -0.00118 -0.06899 0.07502
dist/lin/ang/drive_left/drive_right/tv_l/tv_r/av_l/av_r/x/y/theta/t_err: 0.00039 0.00010 0.18711 -0.00080 -0.00317 -0.03250 0.08042 -0.03250 0.08042 -0.19409 0.14145 230.29524 0.02132
target: 0.00010 0.02448
target: 0.00010 0.02448
fb: -0.00199 -0.00258 -0.05478 0.06028
fb: 0.00000 -0.00111 -0.05478 0.06028
decreased target to 16.00000
start is 0.00000 0.00000
dist/lin/ang/drive_left/drive_right/tv_l/tv_r/av_l/av_r/x/y/theta/t_err: 0.73265 0.09144 1.20000 0.00000 0.00000 0.00017 0.00017 0.00017 0.00017 0.00000 0.00000 0.00000 0.98279
target: 0.09144 0.15697
target: 0.09144 0.15697
fb: 0.00000 0.00000 -0.71234 1.00000
fb: 0.00000 0.00000 -0.71234 1.00000
dist/lin/ang/drive_left/drive_right/tv_l/tv_r/av_l/av_r/x/y/theta/t_err: 0.73265 0.18288 2.40000 0.00000 0.00000 -0.06469 0.06778 -0.06469 0.06778 0.00000 0.00000 0.00006 0.98279
target: 0.18288 0.31394
target: 0.18288 0.31394
fb: 0.00000 0.00000 -0.77073 1.00000
fb: 0.00000 0.02480 -0.75832 1.00000
dist/lin/ang/drive_left/drive_right/tv_l/tv_r/av_l/av_r/x/y/theta/t_err: 0.73265 0.26684 3.60000 -0.02480 0.02480 -0.39097 0.54258 -0.39097 0.54258 0.00000 0.00000 0.00002 0.98279
target: 0.26684 0.47092
target: 0.26684 0.47092
fb: 0.00000 0.06466 -0.86398 1.00000
fb: 0.00000 0.10033 -0.84614 1.00000
dist/lin/ang/drive_left/drive_right/tv_l/tv_r/av_l/av_r/x/y/theta/t_err: 0.73265 0.27049 4.80000 -0.10033 0.10033 -0.48183 0.69231 -0.48183 0.69231 0.00000 0.00000 0.29735 0.97760
target: 0.27049 0.62789
target: 0.27049 0.62789
fb: 0.00000 0.13733 -1.00000 1.00000
fb: 0.00000 0.17489 -1.00000 1.00000
dist/lin/ang/drive_left/drive_right/tv_l/tv_r/av_l/av_r/x/y/theta/t_err: 0.73265 0.28255 6.00000 -0.17489 0.17489 -0.41611 0.77306 -0.41611 0.77306 0.00000 0.00000 1.26090 0.96079
target: 0.28255 0.78486
target: 0.28255 0.78486
fb: 0.00000 0.20896 -1.00000 1.00000
fb: 0.00000 0.24247 -1.00000 1.00000
dist/lin/ang/drive_left/drive_right/tv_l/tv_r/av_l/av_r/x/y/theta/t_err: 0.73265 0.30326 6.00000 -0.24247 0.24247 -0.53933 0.80950 -0.53933 0.80950 0.00000 0.00000 2.86148 0.93285
target: 0.30326 0.78486
target: 0.30326 0.78486
fb: 0.00000 0.27954 -0.51227 1.00000
fb: 0.00000 0.31849 -0.49279 1.00000
dist/lin/ang/drive_left/drive_right/tv_l/tv_r/av_l/av_r/x/y/theta/t_err: 0.73265 0.33317 6.00000 -0.31849 0.31849 -0.61256 0.82372 -0.61256 0.82372 0.00000 0.00000 5.05865 0.89450
target: 0.33317 0.78486
target: 0.33317 0.78486
fb: 0.00000 0.35549 -0.42991 1.00000
fb: 0.00000 0.38663 -0.41433 1.00000
dist/lin/ang/drive_left/drive_right/tv_l/tv_r/av_l/av_r/x/y/theta/t_err: 0.73265 0.37474 6.00000 -0.38663 0.38663 -0.39750 0.87453 -0.39750 0.87453 0.00000 0.00000 7.91723 0.84461
target: 0.37474 0.78486
target: 0.37474 0.78486
fb: 0.00574 0.41332 -0.34436 1.00000
fb: 0.02714 0.44321 -0.34012 1.00000
dist/lin/ang/drive_left/drive_right/tv_l/tv_r/av_l/av_r/x/y/theta/t_err: 0.73257 0.42881 6.00000 -0.41607 0.47035 -0.39356 0.89406 -0.39356 0.89406 0.00444 0.00082 11.35101 0.78479
target: 0.42881 0.78486
target: 0.42881 0.78486
fb: 0.05627 0.47352 -0.26748 1.00000
fb: 0.07370 0.49881 -0.26355 1.00000
dist/lin/ang/drive_left/drive_right/tv_l/tv_r/av_l/av_r/x/y/theta/t_err: 0.73174 0.49586 5.49267 -0.42511 0.57250 -0.32544 0.90019 -0.32544 0.90019 0.04751 0.01117 15.28157 0.71724
target: 0.49586 0.71850
target: 0.49586 0.71850
fb: 0.07767 0.52006 0.28371 0.86693
fb: 0.09311 0.53518 0.28355 0.85165
dist/lin/ang/drive_left/drive_right/tv_l/tv_r/av_l/av_r/x/y/theta/t_err: 0.73054 0.57894 4.76451 -0.44207 0.62829 -0.22417 0.82631 -0.22417 0.82631 0.10584 0.02952 19.68218 0.64177
target: 0.57894 0.62324
target: 0.57894 0.62324
fb: 0.11429 0.54744 0.83478 0.92358
fb: 0.12025 0.56082 0.83849 0.91392
dist/lin/ang/drive_left/drive_right/tv_l/tv_r/av_l/av_r/x/y/theta/t_err: 0.72865 0.67038 4.02812 -0.44057 0.68107 0.21711 0.69658 0.21711 0.69658 0.18922 0.06333 24.37681 0.56160
target: 0.67038 0.52692
target: 0.67038 0.52692
fb: 0.15136 0.56528 1.00000 0.89547
fb: 0.18997 0.55678 1.00000 0.88041
dist/lin/ang/drive_left/drive_right/tv_l/tv_r/av_l/av_r/x/y/theta/t_err: 0.72602 0.76182 3.27715 -0.36681 0.74675 0.58742 0.62317 0.58742 0.62317 0.29532 0.11755 29.27711 0.47813
target: 0.76182 0.42868
target: 0.76182 0.42868
fb: 0.22682 0.53602 1.00000 0.83101
fb: 0.26190 0.51581 1.00000 0.82358
dist/lin/ang/drive_left/drive_right/tv_l/tv_r/av_l/av_r/x/y/theta/t_err: 0.72190 0.85326 2.60030 -0.25390 0.77771 0.36053 0.49364 0.36053 0.49364 0.44699 0.21179 34.08453 0.39686
target: 0.85326 0.34015
target: 0.85326 0.34015
fb: 0.30648 0.49289 1.00000 0.83515
fb: 0.32766 0.46327 1.00000 0.83936
dist/lin/ang/drive_left/drive_right/tv_l/tv_r/av_l/av_r/x/y/theta/t_err: 0.71616 0.94470 2.02216 -0.13561 0.79093 0.66989 0.58350 0.66989 0.58350 0.64100 0.35523 38.53931 0.32208
target: 0.94470 0.26452
target: 0.94470 0.26452
fb: 0.35105 0.44098 1.00000 0.89105
fb: 0.38393 0.42084 1.00000 0.88468
dist/lin/ang/drive_left/drive_right/tv_l/tv_r/av_l/av_r/x/y/theta/t_err: 0.70943 1.03614 1.51966 -0.03691 0.80477 0.72053 0.60008 0.72053 0.60008 0.85057 0.53541 42.54981 0.25487
target: 1.03614 0.19879
target: 1.03614 0.19879
fb: 0.42475 0.39924 1.00000 0.92549
fb: 0.47131 0.37325 1.00000 0.91520
dist/lin/ang/drive_left/drive_right/tv_l/tv_r/av_l/av_r/x/y/theta/t_err: 0.70114 1.12758 1.06217 0.09806 0.84456 0.77103 0.57594 0.77103 0.57594 1.08912 0.76977 46.18181 0.19413
target: 1.12758 0.13894
target: 1.12758 0.13894
fb: 0.52934 0.34141 1.00000 0.94151
fb: 0.60900 0.31054 1.00000 0.91712
dist/lin/ang/drive_left/drive_right/tv_l/tv_r/av_l/av_r/x/y/theta/t_err: 0.69070 1.21902 0.67994 0.29846 0.91955 0.80847 0.48081 0.80847 0.48081 1.36852 1.07901 49.37361 0.14093
target: 1.21902 0.08894
target: 1.21902 0.08894
fb: 0.62842 0.28665 1.00000 0.98829
fb: 0.64586 0.25731 1.00000 0.99424
dist/lin/ang/drive_left/drive_right/tv_l/tv_r/av_l/av_r/x/y/theta/t_err: 0.67822 1.31046 0.38476 0.38855 0.90317 0.82542 0.56072 0.82542 0.56072 1.68166 1.46210 52.04582 0.09645
target: 1.31046 0.05033
target: 1.31046 0.05033
fb: 0.67477 0.23899 1.00000 1.00000
fb: 0.69220 0.21878 1.00000 1.00000
dist/lin/ang/drive_left/drive_right/tv_l/tv_r/av_l/av_r/x/y/theta/t_err: 0.66476 1.40190 0.14022 0.47342 0.91098 0.86375 0.48631 0.86375 0.48631 2.00004 1.88742 54.25812 0.05940
target: 1.40190 0.01834
target: 1.40190 0.01834
fb: 0.73699 0.19502 1.00000 1.00000
fb: 0.76414 0.17335 1.00000 1.00000
dist/lin/ang/drive_left/drive_right/tv_l/tv_r/av_l/av_r/x/y/theta/t_err: 0.65004 1.49334 -0.07608 0.59078 0.93749 0.84836 0.68717 0.84836 0.68717 2.33089 2.36416 56.12085 0.02784
target: 1.49334 -0.00995
target: 1.49334 -0.00995
fb: 0.81842 0.15837 1.00000 1.00000
fb: 0.89609 0.13754 1.00000 1.00000
dist/lin/ang/drive_left/drive_right/tv_l/tv_r/av_l/av_r/x/y/theta/t_err: 0.63367 1.58478 -0.23833 0.75855 1.03363 0.83125 0.80731 0.83125 0.80731 2.68266 2.90409 57.61326 0.00216
target: 1.58478 -0.03118
target: 1.58478 -0.03118
fb: 0.90183 0.12228 1.00000 1.00000
fb: 0.95788 0.10904 1.00000 1.00000
dist/lin/ang/drive_left/drive_right/tv_l/tv_r/av_l/av_r/x/y/theta/t_err: 0.61564 1.67622 -0.36898 0.84884 1.06692 0.84356 0.83911 0.84356 0.83911 3.05663 3.50773 58.79280 -0.01868
target: 1.67622 -0.04827
target: 1.67622 -0.04827
fb: 1.04327 0.09441 1.00000 1.00000
fb: 1.00091 0.08347 1.00000 1.00000
dist/lin/ang/drive_left/drive_right/tv_l/tv_r/av_l/av_r/x/y/theta/t_err: 0.59478 1.68094 -0.47661 0.91744 1.08438 0.85281 0.85281 0.85281 0.85281 3.47637 4.21386 59.71179 -0.03567
target: 1.68094 -0.06235
target: 1.68094 -0.06235
fb: 0.96406 0.07365 1.00000 0.97363
fb: 1.07637 0.06814 1.00000 0.92022
dist/lin/ang/drive_left/drive_right/tv_l/tv_r/av_l/av_r/x/y/theta/t_err: 0.57552 1.64422 -0.56600 1.00823 1.14452 0.86736 0.79756 0.86736 0.79756 3.85493 4.87183 60.42944 -0.04961
target: 1.64422 -0.07404
target: 1.64422 -0.07404
fb: 1.11698 0.06354 1.00000 0.69332
fb: 1.18097 0.05929 0.98845 0.66345
dist/lin/ang/drive_left/drive_right/tv_l/tv_r/av_l/av_r/x/y/theta/t_err: 0.55321 1.61201 -0.65807 1.12167 1.24026 0.88719 0.73031 0.88719 0.73031 4.28504 5.63899 61.01589 -0.06205
target: 1.61201 -0.08608
target: 1.61201 -0.08608
fb: 1.23348 0.05288 0.96331 0.61354
fb: 1.23150 0.03902 0.95737 0.62147
dist/lin/ang/drive_left/drive_right/tv_l/tv_r/av_l/av_r/x/y/theta/t_err: 0.52860 1.58152 -0.75621 1.19248 1.27052 0.72275 0.59425 0.72275 0.59425 4.75188 6.49068 61.52384 -0.07402
target: 1.58152 -0.09892
target: 1.58152 -0.09892
fb: 1.28203 0.02613 0.92341 0.56292
fb: 1.24121 0.01700 0.93925 0.58789
dist/lin/ang/drive_left/drive_right/tv_l/tv_r/av_l/av_r/x/y/theta/t_err: 0.50304 1.55796 -0.81102 1.22421 1.25821 0.68325 0.59292 0.68325 0.59292 5.23057 7.37944 61.83672 -0.08340
target: 1.55796 -0.10609
target: 1.55796 -0.10609
fb: 1.28953 0.00996 0.90068 0.59129
fb: 1.32859 0.00279 0.87756 0.57535
dist/lin/ang/drive_left/drive_right/tv_l/tv_r/av_l/av_r/x/y/theta/t_err: 0.47734 1.54048 -0.84802 1.32580 1.33138 0.71114 0.57850 0.71114 0.57850 5.70855 8.27528 61.97744 -0.09043
target: 1.54048 -0.11093
target: 1.54048 -0.11093
fb: 1.26261 -0.00725 0.90915 0.62726
fb: 1.32263 -0.01679 0.87436 0.60202
dist/lin/ang/drive_left/drive_right/tv_l/tv_r/av_l/av_r/x/y/theta/t_err: 0.45220 1.52776 -0.87369 1.33942 1.30584 0.72583 0.58569 0.72583 0.58569 6.17543 9.15302 61.98346 -0.09559
target: 1.52776 -0.11429
target: 1.52776 -0.11429
fb: 1.32263 -0.02467 0.87511 0.61665
fb: 1.31866 -0.03546 0.87170 0.62403
dist/lin/ang/drive_left/drive_right/tv_l/tv_r/av_l/av_r/x/y/theta/t_err: 0.42587 1.48793 -0.88010 1.35413 1.28320 0.75939 0.60161 0.75939 0.60161 6.66569 10.07185 61.82662 -0.09871
target: 1.48793 -0.11513
target: 1.48793 -0.11513
fb: 1.41575 -0.04020 0.66567 0.43903
fb: 1.36544 -0.04647 0.68769 0.46733
dist/lin/ang/drive_left/drive_right/tv_l/tv_r/av_l/av_r/x/y/theta/t_err: 0.39770 1.43443 -0.87655 1.41191 1.31897 0.78897 0.58997 0.78897 0.58997 7.19454 11.05318 61.52022 -0.10020
target: 1.43443 -0.11466
target: 1.43443 -0.11466
fb: 1.35750 -0.05560 0.57732 0.37635
fb: 1.43120 -0.06250 0.53702 0.34295
dist/lin/ang/drive_left/drive_right/tv_l/tv_r/av_l/av_r/x/y/theta/t_err: 0.37069 1.38557 -0.85575 1.49369 1.36870 0.66683 0.47278 0.66683 0.47278 7.70766 11.99086 61.09733 -0.09988
target: 1.38557 -0.11194
target: 1.38557 -0.11194
fb: 1.35573 -0.06703 0.53317 0.37064
fb: 1.35772 -0.06675 0.53232 0.36950
dist/lin/ang/drive_left/drive_right/tv_l/tv_r/av_l/av_r/x/y/theta/t_err: 0.34370 1.33918 -0.81582 1.42446 1.29097 0.56381 0.40125 0.56381 0.40125 8.22796 12.92298 60.53479 -0.09756
target: 1.33918 -0.10672
target: 1.33918 -0.10672
fb: 1.39633 -0.06968 0.46179 0.33669
fb: 1.33808 -0.07866 0.48643 0.37032
dist/lin/ang/drive_left/drive_right/tv_l/tv_r/av_l/av_r/x/y/theta/t_err: 0.31591 1.28863 -0.79630 1.41674 1.25941 0.52378 0.40517 0.52378 0.40517 8.77366 13.87747 59.93561 -0.09526
target: 1.28863 -0.10416
target: 1.28863 -0.10416
fb: 1.35948 -0.08793 0.41747 0.29153
fb: 1.32859 -0.09748 0.42814 0.31175
dist/lin/ang/drive_left/drive_right/tv_l/tv_r/av_l/av_r/x/y/theta/t_err: 0.28884 1.24028 -0.74344 1.42606 1.23111 0.48047 0.39592 0.48047 0.39592 9.31559 14.80060 59.22193 -0.09119
target: 1.24028 -0.09725
target: 1.24028 -0.09725
fb: 1.23922 -0.10744 0.40484 0.35389
fb: 1.33234 -0.11831 0.35284 0.31276
dist/lin/ang/drive_left/drive_right/tv_l/tv_r/av_l/av_r/x/y/theta/t_err: 0.26415 1.20050 -0.64410 1.45065 1.21403 0.44353 0.36856 0.44353 0.36856 9.82110 15.63520 58.34053 -0.08365
target: 1.20050 -0.08425
target: 1.20050 -0.08425
fb: 1.31490 -0.11998 0.31624 0.36416
fb: 1.20435 -0.11441 0.37431 0.41665
dist/lin/ang/drive_left/drive_right/tv_l/tv_r/av_l/av_r/x/y/theta/t_err: 0.23793 1.15746 -0.53635 1.31876 1.08995 0.45617 0.35967 0.45617 0.35967 10.37203 16.51180 57.30138 -0.07381
target: 1.15746 -0.07016
target: 1.15746 -0.07016
fb: 1.23547 -0.11120 0.30716 0.34752
fb: 1.17898 -0.11071 0.33540 0.37576
dist/lin/ang/drive_left/drive_right/tv_l/tv_r/av_l/av_r/x/y/theta/t_err: 0.21328 1.11352 -0.44845 1.28969 1.06826 0.40742 0.34650 0.40742 0.34650 10.90481 17.32573 56.29666 -0.06379
target: 1.11352 -0.05866
target: 1.11352 -0.05866
fb: 1.14235 -0.11127 0.31406 0.34619
fb: 1.10351 -0.10995 0.33348 0.36561
dist/lin/ang/drive_left/drive_right/tv_l/tv_r/av_l/av_r/x/y/theta/t_err: 0.19047 1.06985 -0.35524 1.21346 0.99357 0.37489 0.34647 0.37489 0.34647 11.41033 18.06972 55.32171 -0.05340
target: 1.06985 -0.04647
target: 1.06985 -0.04647
fb: 1.08211 -0.10688 0.29420 0.34879
fb: 1.09976 -0.10187 0.28538 0.33997
dist/lin/ang/drive_left/drive_right/tv_l/tv_r/av_l/av_r/x/y/theta/t_err: 0.16885 1.09585 -0.25466 1.20163 0.99790 0.35658 0.34889 0.35658 0.34889 11.90112 18.76622 54.36271 -0.04240
target: 1.09585 -0.03331
target: 1.09585 -0.03331
fb: 0.98326 -0.09476 0.63282 0.72466
fb: 1.02209 -0.08703 0.61340 0.70524
dist/lin/ang/drive_left/drive_right/tv_l/tv_r/av_l/av_r/x/y/theta/t_err: 0.14913 1.02985 -0.07863 1.10912 0.93507 0.35025 0.37439 0.35025 0.37439 12.35690 19.39205 53.48170 -0.02702
target: 1.02985 -0.01029
target: 1.02985 -0.01029
fb: 1.09778 -0.07964 0.08761 0.28521
fb: 0.99297 -0.07588 0.14002 0.33762
dist/lin/ang/drive_left/drive_right/tv_l/tv_r/av_l/av_r/x/y/theta/t_err: 0.12722 0.95121 0.01024 1.06884 0.91709 0.38331 0.60453 0.38331 0.60453 12.87579 20.08336 52.73427 -0.01398
target: 0.95121 0.00134
target: 0.95121 0.00134
fb: 0.91529 -0.07002 0.10015 0.20834
fb: 0.96759 -0.05135 0.07400 0.18219
dist/lin/ang/drive_left/drive_right/tv_l/tv_r/av_l/av_r/x/y/theta/t_err: 0.10894 0.88022 0.09200 1.01894 0.91624 0.19950 0.37678 0.19950 0.37678 13.31545 20.65443 52.08058 -0.00257
target: 0.88022 0.01203
target: 0.88022 0.01203
fb: 1.00863 -0.02585 -0.10160 0.13132
fb: 0.95810 0.00000 -0.07633 0.15658
dist/lin/ang/drive_left/drive_right/tv_l/tv_r/av_l/av_r/x/y/theta/t_err: 0.08878 0.79460 0.10393 0.95810 0.95810 0.07786 0.22656 0.07786 0.22656 13.80591 21.27909 51.69238 0.00421
target: 0.79460 0.01360
target: 0.79460 0.01360
fb: 0.86101 0.01993 -0.12429 -0.10243
fb: 0.81070 0.02724 -0.09914 -0.07727
dist/lin/ang/drive_left/drive_right/tv_l/tv_r/av_l/av_r/x/y/theta/t_err: 0.07156 0.71338 0.02413 0.78346 0.83795 -0.06603 0.11669 -0.06603 0.11669 14.22623 21.81103 51.72950 0.00356
target: 0.71338 0.00316
target: 0.71338 0.00316
fb: 0.79702 0.03226 -0.08766 -0.18805
fb: 0.72134 0.03358 0.06823 -0.15021
dist/lin/ang/drive_left/drive_right/tv_l/tv_r/av_l/av_r/x/y/theta/t_err: 0.05561 0.62889 -0.04965 0.68775 0.75492 -0.07869 -0.06950 -0.07869 -0.06950 14.61394 22.30452 51.97673 -0.00076
target: 0.62889 -0.00650
target: 0.62889 -0.00650
fb: 0.67301 0.02905 -0.11276 -0.22045
fb: 0.58386 0.02223 -0.06819 -0.17587
dist/lin/ang/drive_left/drive_right/tv_l/tv_r/av_l/av_r/x/y/theta/t_err: 0.04214 0.54748 -0.09629 0.56164 0.60609 -0.01267 -0.15947 -0.01267 -0.15947 14.93936 22.72276 52.25331 -0.00558
target: 0.54748 -0.01260
target: 0.54748 -0.01260
fb: 0.50046 0.01380 -0.10027 -0.18456
fb: 0.43051 0.01059 -0.06529 -0.14959
dist/lin/ang/drive_left/drive_right/tv_l/tv_r/av_l/av_r/x/y/theta/t_err: 0.03213 0.47803 -0.10437 0.41992 0.44110 -0.06931 -0.16922 -0.06931 -0.16922 15.18008 23.03475 52.42690 -0.00861
target: 0.47803 -0.01365
target: 0.47803 -0.01365
fb: 0.38770 0.01073 0.13608 0.11289
fb: 0.35305 0.00913 0.15340 0.13021
dist/lin/ang/drive_left/drive_right/tv_l/tv_r/av_l/av_r/x/y/theta/t_err: 0.02437 0.41635 -0.10495 0.34393 0.36218 0.01042 -0.08642 0.01042 -0.08642 15.36602 23.27686 52.52203 -0.01027
target: 0.41635 -0.01373
target: 0.41635 -0.01373
fb: 0.27538 0.00293 0.14974 0.13528
fb: 0.21911 -0.00509 0.17788 0.16341
dist/lin/ang/drive_left/drive_right/tv_l/tv_r/av_l/av_r/x/y/theta/t_err: 0.01887 0.36629 -0.10779 0.22420 0.21403 0.14322 0.11722 0.14322 0.11722 15.49785 23.44902 52.58193 -0.01132
target: 0.36629 -0.01410
target: 0.36629 -0.01410
fb: 0.21536 -0.00864 0.16100 0.14338
fb: 0.22882 -0.00864 0.15427 0.13665
dist/lin/ang/drive_left/drive_right/tv_l/tv_r/av_l/av_r/x/y/theta/t_err: 0.01456 0.32178 -0.08039 0.23746 0.22018 0.16428 0.15006 0.16428 0.15006 15.60095 23.58366 52.52971 -0.01041
target: 0.32178 -0.01052
target: 0.32178 -0.01052
fb: 0.23853 -0.00676 0.10161 0.12447
fb: 0.27935 -0.00258 0.08120 0.10406
dist/lin/ang/drive_left/drive_right/tv_l/tv_r/av_l/av_r/x/y/theta/t_err: 0.00979 0.26387 -0.06875 0.28193 0.27678 0.14475 0.13978 0.14475 0.13978 15.71530 23.73266 52.46579 -0.00929
target: 0.26387 -0.00899
target: 0.26387 -0.00899
fb: 0.28708 -0.00056 -0.06964 -0.07306
fb: 0.27913 -0.00174 -0.06567 -0.06909
dist/lin/ang/drive_left/drive_right/tv_l/tv_r/av_l/av_r/x/y/theta/t_err: 0.00405 0.00101 -0.07455 0.28088 0.27739 0.04894 0.07411 0.04894 0.07411 15.85305 23.91189 52.44928 -0.00900
target: 0.00101 -0.00975
target: 0.00101 -0.00975
fb: 0.27141 -0.00488 -0.68962 -0.71461
fb: 0.21338 -0.00948 -0.66061 -0.68559
dist/lin/ang/drive_left/drive_right/tv_l/tv_r/av_l/av_r/x/y/theta/t_err: -0.00138 -0.00034 -0.06914 0.22285 0.20390 -0.13089 -0.12217 -0.13089 -0.12217 15.98332 24.08130 52.42374 -0.00856
target: -0.00034 -0.00904
target: -0.00034 -0.00904
fb: 0.14564 -0.01442 0.03906 -0.04981
fb: 0.08738 -0.02146 0.03906 -0.04981
dist/lin/ang/drive_left/drive_right/tv_l/tv_r/av_l/av_r/x/y/theta/t_err: -0.00429 -0.00107 -0.04215 0.10884 0.06592 -0.38636 -0.29381 -0.38636 -0.29381 16.05332 24.17213 52.32686 -0.00687
target: -0.00107 -0.00551
target: -0.00107 -0.00551
fb: 0.03486 -0.01993 -0.05307 0.05415
fb: 0.00772 -0.02216 -0.05307 0.05415
dist/lin/ang/drive_left/drive_right/tv_l/tv_r/av_l/av_r/x/y/theta/t_err: -0.00498 -0.00125 -0.00008 0.02988 -0.01443 0.02772 -0.04553 0.02772 -0.04553 16.07012 24.19384 52.14519 -0.00370
target: -0.00125 -0.00001
target: -0.00125 -0.00001
fb: 0.02317 -0.02696 -0.06458 0.06786
fb: 0.05428 -0.02048 -0.06458 0.06786
final error: 0.22355, x: -0.08135, y: -0.20822
final local error: 0.22355, forwards: -0.21410, sideways: -0.06429
position: 16.08135 24.20822 51.94459
took 1.16000 time to finish turn
dist/lin/ang/drive_left/drive_right/tv_l/tv_r/av_l/av_r/x/y/theta/t_err: -0.74256 -0.09144 0.60743 -0.00160 0.00160 -0.00017 0.00017 -0.00017 0.00017 16.18796 24.34386 232.33037 0.07063
target: -0.09144 0.07946
target: -0.09144 0.07946
fb: 0.00000 0.00139 -0.70557 0.27862
fb: 0.00000 0.00070 -0.70591 0.27897
dist/lin/ang/drive_left/drive_right/tv_l/tv_r/av_l/av_r/x/y/theta/t_err: -0.74256 -0.18288 0.60459 -0.00070 0.00070 -0.08997 0.05528 -0.08997 0.05528 16.18796 24.34386 232.33912 0.07048
target: -0.18288 0.07909
target: -0.18288 0.07909
fb: 0.00000 0.00077 -0.47148 -0.29385
fb: 0.00000 0.01498 -0.46438 -0.30095
dist/lin/ang/drive_left/drive_right/tv_l/tv_r/av_l/av_r/x/y/theta/t_err: -0.74256 -0.27432 0.59077 -0.01498 0.01498 -0.42539 0.15350 -0.42539 0.15350 16.18796 24.34386 232.38639 0.06965
target: -0.27432 0.07728
target: -0.27432 0.07728
fb: 0.00000 0.03999 -0.52285 -0.40163
fb: 0.00000 0.06166 -0.51201 -0.41246
dist/lin/ang/drive_left/drive_right/tv_l/tv_r/av_l/av_r/x/y/theta/t_err: -0.74256 -0.36576 0.47276 -0.06166 0.06166 -0.40500 -0.24878 -0.40500 -0.24878 16.18796 24.34386 232.77533 0.06287
target: -0.36576 0.06184
target: -0.36576 0.06184
fb: 0.00000 0.08194 -0.51208 -0.57180
fb: 0.00000 0.08960 -0.51208 -0.57180
dist/lin/ang/drive_left/drive_right/tv_l/tv_r/av_l/av_r/x/y/theta/t_err: -0.74256 -0.45720 0.30504 -0.08960 0.08960 -0.44986 -0.41083 -0.44986 -0.41083 16.18796 24.34386 233.50109 0.05020
target: -0.45720 0.03990
target: -0.45720 0.03990
fb: -0.05031 0.08549 -0.52252 -0.67060
fb: -0.14917 0.07866 -0.47309 -0.62118
dist/lin/ang/drive_left/drive_right/tv_l/tv_r/av_l/av_r/x/y/theta/t_err: -0.73958 -0.54864 0.19795 -0.22783 -0.07050 -0.47383 -0.46078 -0.47383 -0.46078 16.11882 24.24892 234.23101 0.03763
target: -0.54864 0.02589
target: -0.54864 0.02589
fb: -0.23280 0.07344 -0.76251 -0.87700
fb: -0.26192 0.06849 -0.74795 -0.86243
dist/lin/ang/drive_left/drive_right/tv_l/tv_r/av_l/av_r/x/y/theta/t_err: -0.73435 -0.64008 0.12376 -0.33041 -0.19343 -0.48442 -0.45892 -0.48442 -0.45892 15.99919 24.08093 234.85981 0.02689
target: -0.64008 0.01619
target: -0.64008 0.01619
fb: -0.32194 0.06145 -0.81410 -0.90388
fb: -0.38593 0.05532 -0.78210 -0.87188
dist/lin/ang/drive_left/drive_right/tv_l/tv_r/av_l/av_r/x/y/theta/t_err: -0.72663 -0.73152 0.06471 -0.44126 -0.33061 -0.44386 -0.43203 -0.44386 -0.43203 15.82545 23.83161 235.38621 0.01793
target: -0.73152 0.00846
target: -0.73152 0.00846
fb: -0.43448 0.04808 -0.84487 -0.92815
fb: -0.45765 0.05093 -0.83329 -0.91657
dist/lin/ang/drive_left/drive_right/tv_l/tv_r/av_l/av_r/x/y/theta/t_err: -0.71748 -0.82296 0.01714 -0.50858 -0.40671 -0.43803 -0.42297 -0.43803 -0.42297 15.62184 23.53429 235.81892 0.01056
target: -0.82296 0.00224
target: -0.82296 0.00224
fb: -0.46338 0.05532 -0.91631 -0.99536
fb: -0.48677 0.05553 -0.90461 -0.98367
dist/lin/ang/drive_left/drive_right/tv_l/tv_r/av_l/av_r/x/y/theta/t_err: -0.70774 -0.91440 -0.06294 -0.54231 -0.43124 -0.49672 -0.46542 -0.49672 -0.46542 15.40781 23.21633 236.29773 0.00230
target: -0.91440 -0.00823
target: -0.91440 -0.00823
fb: -0.50046 0.05128 -0.95492 -1.00000
fb: -0.53333 0.05567 -0.93848 -1.00000
dist/lin/ang/drive_left/drive_right/tv_l/tv_r/av_l/av_r/x/y/theta/t_err: -0.69708 -1.00584 -0.13044 -0.58900 -0.47766 -0.45036 -0.49894 -0.45036 -0.49894 15.17620 22.86603 236.75884 -0.00578
target: -1.00584 -0.01706
target: -1.00584 -0.01706
fb: -0.52936 0.05504 -1.00000 -1.00000
fb: -0.57614 0.04996 -1.00000 -1.00000
dist/lin/ang/drive_left/drive_right/tv_l/tv_r/av_l/av_r/x/y/theta/t_err: -0.68556 -1.09728 -0.20316 -0.62610 -0.52618 -0.51436 -0.63756 -0.51436 -0.63756 14.92917 22.48554 237.22183 -0.01403
target: -1.09728 -0.02657
target: -1.09728 -0.02657
fb: -0.65359 0.04473 -1.00000 -1.00000
fb: -0.67102 0.03337 -1.00000 -1.00000
dist/lin/ang/drive_left/drive_right/tv_l/tv_r/av_l/av_r/x/y/theta/t_err: -0.67214 -1.18872 -0.24164 -0.70440 -0.63765 -0.72653 -0.75906 -0.72653 -0.75906 14.64457 22.04036 237.57472 -0.02053
target: -1.18872 -0.03161
target: -1.18872 -0.03161
fb: -0.72156 0.01916 -1.00000 -1.00000
fb: -0.75819 0.01024 -1.00000 -1.00000
dist/lin/ang/drive_left/drive_right/tv_l/tv_r/av_l/av_r/x/y/theta/t_err: -0.65698 -1.28016 -0.23325 -0.76843 -0.74794 -0.80850 -0.79806 -0.80850 -0.79806 14.32519 21.53599 237.72021 -0.02358
target: -1.28016 -0.03051
target: -1.28016 -0.03051
fb: -0.81644 0.00300 -1.00000 -1.00000
fb: -0.92324 0.00216 -1.00000 -1.00000
dist/lin/ang/drive_left/drive_right/tv_l/tv_r/av_l/av_r/x/y/theta/t_err: -0.63852 -1.37160 -0.22653 -0.92540 -0.92108 -0.83858 -0.83125 -0.83858 -0.83125 13.93716 20.92125 237.75369 -0.02486
target: -1.37160 -0.02963
target: -1.37160 -0.02963
fb: -0.94244 0.00481 -1.00000 -1.00000
fb: -0.94244 0.01212 -1.00000 -1.00000
dist/lin/ang/drive_left/drive_right/tv_l/tv_r/av_l/av_r/x/y/theta/t_err: -0.61967 -1.46304 -0.24963 -0.95456 -0.93031 -0.83689 -0.83431 -0.83689 -0.83431 13.54152 20.29344 237.82004 -0.02678
target: -1.46304 -0.03265
target: -1.46304 -0.03265
fb: -0.99892 0.01366 -1.00000 -1.00000
fb: -1.02982 0.01414 -1.00000 -1.00000
dist/lin/ang/drive_left/drive_right/tv_l/tv_r/av_l/av_r/x/y/theta/t_err: -0.59909 -1.55448 -0.28762 -1.04396 -1.01567 -0.84494 -0.84272 -0.84494 -0.84272 13.11038 19.60668 237.94165 -0.02986
target: -1.55448 -0.03762
target: -1.55448 -0.03762
fb: -1.09182 0.01289 -1.00000 -1.00000
fb: -1.09977 0.01366 -1.00000 -1.00000
dist/lin/ang/drive_left/drive_right/tv_l/tv_r/av_l/av_r/x/y/theta/t_err: -0.57710 -1.64592 -0.31396 -1.11342 -1.08611 -0.85725 -0.85572 -0.85725 -0.85572 12.65141 18.87235 238.05043 -0.03294
target: -1.64592 -0.04107
target: -1.64592 -0.04107
fb: -1.14037 0.01610 -1.00000 -1.00000
fb: -1.21208 0.01310 -1.00000 -1.00000
dist/lin/ang/drive_left/drive_right/tv_l/tv_r/av_l/av_r/x/y/theta/t_err: -0.55288 -1.67883 -0.34883 -1.22518 -1.19898 -0.85794 -0.85589 -0.85794 -0.85589 12.14721 18.06201 238.16715 -0.03646
target: -1.67883 -0.04563
target: -1.67883 -0.04563
fb: -1.18693 0.00822 -1.00000 -1.00000
fb: -1.21208 0.00585 -1.00000 -1.00000
dist/lin/ang/drive_left/drive_right/tv_l/tv_r/av_l/av_r/x/y/theta/t_err: -0.52865 -1.67136 -0.36597 -1.21793 -1.20623 -0.86494 -0.86086 -0.86494 -0.86086 11.64432 17.25086 238.23117 -0.03928
target: -1.67136 -0.04787
target: -1.67136 -0.04787
fb: -1.27806 0.00404 -0.87057 -0.97475
fb: -1.28181 0.00509 -0.86869 -0.97287
dist/lin/ang/drive_left/drive_right/tv_l/tv_r/av_l/av_r/x/y/theta/t_err: -0.50304 -1.66404 -0.38935 -1.28690 -1.27672 -0.81872 -0.76181 -0.81872 -0.76181 11.11324 16.39258 238.27426 -0.04205
target: -1.66404 -0.05093
target: -1.66404 -0.05093
fb: -1.28380 0.00871 -0.85590 -0.97155
fb: -1.34999 0.01359 -0.82281 -0.93845
dist/lin/ang/drive_left/drive_right/tv_l/tv_r/av_l/av_r/x/y/theta/t_err: -0.47606 -1.65375 -0.43440 -1.36358 -1.33641 -0.73800 -0.75528 -0.73800 -0.75528 10.55485 15.48807 238.35968 -0.04596
target: -1.65375 -0.05682
target: -1.65375 -0.05682
fb: -1.35573 0.01575 -0.78199 -0.93063
fb: -1.45061 0.01414 -0.73455 -0.88319
dist/lin/ang/drive_left/drive_right/tv_l/tv_r/av_l/av_r/x/y/theta/t_err: -0.44708 -1.63995 -0.49351 -1.46476 -1.43647 -0.77819 -0.67894 -0.77819 -0.67894 9.95681 14.51492 238.48705 -0.05124
target: -1.63995 -0.06456
target: -1.63995 -0.06456
fb: -1.46231 0.01289 -0.64988 -0.90238
fb: -1.43120 0.01122 -0.70416 -0.87922
dist/lin/ang/drive_left/drive_right/tv_l/tv_r/av_l/av_r/x/y/theta/t_err: -0.41850 -1.57762 -0.54154 -1.44241 -1.41998 -0.72158 -0.77083 -0.72158 -0.77083 9.36870 13.55363 238.59321 -0.05667
target: -1.57762 -0.07084
target: -1.57762 -0.07084
fb: -1.54175 0.01108 -0.35933 -0.60396
fb: -1.46628 0.00592 -0.39964 -0.63911
dist/lin/ang/drive_left/drive_right/tv_l/tv_r/av_l/av_r/x/y/theta/t_err: -0.38923 -1.50722 -0.59709 -1.47220 -1.46036 -0.64217 -0.73525 -0.64217 -0.73525 8.76784 12.56775 238.68341 -0.06257
target: -1.50722 -0.07811
target: -1.50722 -0.07811
fb: -1.34006 0.00056 -0.35609 -0.61437
fb: -1.42722 -0.00181 -0.31370 -0.56960
dist/lin/ang/drive_left/drive_right/tv_l/tv_r/av_l/av_r/x/y/theta/t_err: -0.36074 -1.43939 -0.63194 -1.42541 -1.42904 -0.48406 -0.63056 -0.48406 -0.63056 8.18385 11.60760 238.68850 -0.06761
target: -1.43939 -0.08266
target: -1.43939 -0.08266
fb: -1.50313 -0.00314 -0.23179 -0.47252
fb: -1.46231 -0.00188 -0.25158 -0.49356
dist/lin/ang/drive_left/drive_right/tv_l/tv_r/av_l/av_r/x/y/theta/t_err: -0.33157 -1.36770 -0.68549 -1.46043 -1.46419 -0.36958 -0.57492 -0.36958 -0.57492 7.58529 10.62399 238.66840 -0.07321
target: -1.36770 -0.08967
target: -1.36770 -0.08967
fb: -1.41950 -0.00481 -0.17442 -0.45082
fb: -1.43914 -0.02334 -0.17387 -0.43174
dist/lin/ang/drive_left/drive_right/tv_l/tv_r/av_l/av_r/x/y/theta/t_err: -0.30287 -1.29628 -0.72688 -1.41580 -1.46248 -0.30869 -0.50136 -0.30869 -0.50136 6.99548 9.65640 238.57307 -0.07844
target: -1.29628 -0.09508
target: -1.29628 -0.09508
fb: -1.44488 -0.04174 -0.11707 -0.35438
fb: -1.35948 -0.05497 -0.16639 -0.39046
dist/lin/ang/drive_left/drive_right/tv_l/tv_r/av_l/av_r/x/y/theta/t_err: -0.27577 -1.23539 -0.68891 -1.30451 -1.41446 -0.23286 -0.45258 -0.23286 -0.45258 6.43462 8.74463 238.19133 -0.07921
target: -1.23539 -0.09012
target: -1.23539 -0.09012
fb: -1.34602 -0.06933 -0.21947 -0.32508
fb: -1.29174 -0.07448 -0.24919 -0.34965
dist/lin/ang/drive_left/drive_right/tv_l/tv_r/av_l/av_r/x/y/theta/t_err: -0.25001 -1.18151 -0.62966 -1.21726 -1.36622 -0.23325 -0.43703 -0.23325 -0.43703 5.89429 7.88292 237.59305 -0.07644
target: -1.18151 -0.08237
target: -1.18151 -0.08237
fb: -1.16949 -0.07692 -0.31208 -0.36732
fb: -1.22179 -0.08041 -0.28767 -0.33943
dist/lin/ang/drive_left/drive_right/tv_l/tv_r/av_l/av_r/x/y/theta/t_err: -0.22564 -1.13005 -0.57880 -1.14138 -1.30219 -0.28867 -0.41169 -0.28867 -0.41169 5.37379 7.07385 236.91471 -0.07221
target: -1.13005 -0.07571
target: -1.13005 -0.07571
fb: -1.17324 -0.07971 -0.27528 -0.32580
fb: -1.11896 -0.07887 -0.30242 -0.35294
dist/lin/ang/drive_left/drive_right/tv_l/tv_r/av_l/av_r/x/y/theta/t_err: -0.20332 -1.08104 -0.53079 -1.04009 -1.19783 -0.30319 -0.37558 -0.30319 -0.37558 4.88821 6.33867 236.22109 -0.06736
target: -1.08104 -0.06943
target: -1.08104 -0.06943
fb: -1.17523 -0.07636 -0.24190 -0.28715
fb: -1.06093 -0.07358 -0.29905 -0.34430
dist/lin/ang/drive_left/drive_right/tv_l/tv_r/av_l/av_r/x/y/theta/t_err: -0.18214 -1.03017 -0.50006 -0.98735 -1.13451 -0.29947 -0.35453 -0.29947 -0.35453 4.41993 5.64688 235.56443 -0.06310
target: -1.03017 -0.06541
target: -1.03017 -0.06541
fb: -0.99495 -0.06884 -0.27084 -0.33025
fb: -1.00069 -0.06222 -0.26797 -0.32738
dist/lin/ang/drive_left/drive_right/tv_l/tv_r/av_l/av_r/x/y/theta/t_err: -0.16217 -1.07393 -0.48648 -0.93847 -1.06291 -0.28833 -0.33894 -0.28833 -0.33894 3.97102 4.99932 234.98177 -0.06008
target: -1.07393 -0.06364
target: -1.07393 -0.06364
fb: -0.99495 -0.05804 -0.68030 -0.77207
fb: -0.95612 -0.05553 -0.69972 -0.79148
dist/lin/ang/drive_left/drive_right/tv_l/tv_r/av_l/av_r/x/y/theta/t_err: -0.14283 -1.00788 -0.35410 -0.90058 -1.01165 -0.29978 -0.34703 -0.29978 -0.34703 3.53637 4.38462 234.48093 -0.05134
target: -1.00788 -0.04632
target: -1.00788 -0.04632
fb: -0.88617 -0.05490 -0.31678 -0.22807
fb: -0.90360 -0.05302 -0.30807 -0.21935
dist/lin/ang/drive_left/drive_right/tv_l/tv_r/av_l/av_r/x/y/theta/t_err: -0.12482 -0.94220 -0.28890 -0.85058 -0.95662 -0.56878 -0.59939 -0.56878 -0.59939 3.12058 3.80726 234.01080 -0.04313
target: -0.94220 -0.03779
target: -0.94220 -0.03779
fb: -0.95038 -0.04989 -0.19254 -0.17078
fb: -0.89213 -0.05135 -0.22167 -0.19991
dist/lin/ang/drive_left/drive_right/tv_l/tv_r/av_l/av_r/x/y/theta/t_err: -0.10703 -0.87248 -0.22797 -0.84077 -0.94348 -0.38825 -0.32239 -0.38825 -0.32239 2.70571 3.24040 233.57038 -0.03545
target: -0.87248 -0.02982
target: -0.87248 -0.02982
fb: -0.87844 -0.04801 -0.15163 -0.12283
fb: -0.89610 -0.04334 -0.14280 -0.11401
dist/lin/ang/drive_left/drive_right/tv_l/tv_r/av_l/av_r/x/y/theta/t_err: -0.08915 -0.79629 -0.17255 -0.85276 -0.93944 -0.23133 -0.18275 -0.23133 -0.18275 2.28469 2.67419 233.16286 -0.02833
target: -0.79629 -0.02257
target: -0.79629 -0.02257
fb: -0.88837 -0.03540 0.06508 0.10887
fb: -0.82240 -0.02000 -0.08596 0.07588
dist/lin/ang/drive_left/drive_right/tv_l/tv_r/av_l/av_r/x/y/theta/t_err: -0.07273 -0.71922 -0.15573 -0.80240 -0.84239 -0.14017 -0.08231 -0.14017 -0.08231 1.89517 2.15689 232.89197 -0.02361
target: -0.71922 -0.02037
target: -0.71922 -0.02037
fb: -0.76216 -0.01045 0.09690 0.09906
fb: -0.77187 -0.01164 0.10176 0.10391
dist/lin/ang/drive_left/drive_right/tv_l/tv_r/av_l/av_r/x/y/theta/t_err: -0.05730 -0.63840 -0.17126 -0.76023 -0.78350 -0.06333 0.05681 -0.06333 0.05681 1.52807 1.67251 232.79416 -0.02190
target: -0.63840 -0.02240
target: -0.63840 -0.02240
fb: -0.70192 -0.01693 0.17584 0.13845
fb: -0.62822 -0.02641 0.13899 0.10160
dist/lin/ang/drive_left/drive_right/tv_l/tv_r/av_l/av_r/x/y/theta/t_err: -0.04476 -0.56419 -0.13153 -0.60181 -0.65462 0.08025 0.09464 0.08025 0.09464 1.22845 1.27892 232.61919 -0.01885
target: -0.56419 -0.01721
target: -0.56419 -0.01721
fb: -0.58784 -0.03616 0.12395 0.15836
fb: -0.51016 -0.03930 0.08512 0.11953
dist/lin/ang/drive_left/drive_right/tv_l/tv_r/av_l/av_r/x/y/theta/t_err: -0.03458 -0.49592 -0.05794 -0.47087 -0.54946 0.12011 0.10336 0.12011 0.10336 0.98377 0.96033 232.29843 -0.01325
target: -0.49592 -0.00758
target: -0.49592 -0.00758
fb: -0.43249 -0.03463 -0.15594 -0.08450
fb: -0.39564 -0.02467 -0.17436 -0.10293
dist/lin/ang/drive_left/drive_right/tv_l/tv_r/av_l/av_r/x/y/theta/t_err: -0.02669 -0.43569 -0.02373 -0.37098 -0.42031 0.02328 0.08642 0.02328 0.08642 0.79264 0.71433 232.02060 -0.00840
target: -0.43569 -0.00310
target: -0.43569 -0.00310
fb: -0.33143 -0.01449 -0.14996 -0.11880
fb: -0.28509 -0.00766 -0.17312 -0.14196
dist/lin/ang/drive_left/drive_right/tv_l/tv_r/av_l/av_r/x/y/theta/t_err: -0.02100 -0.38644 -0.03705 -0.27743 -0.29276 -0.14661 -0.09428 -0.14661 -0.09428 0.65430 0.53753 231.91226 -0.00651
target: -0.38644 -0.00485
target: -0.38644 -0.00485
fb: -0.25795 -0.00641 -0.13667 -0.16384
fb: -0.29657 -0.00634 -0.11736 -0.14453
dist/lin/ang/drive_left/drive_right/tv_l/tv_r/av_l/av_r/x/y/theta/t_err: -0.01507 -0.32739 -0.03903 -0.29023 -0.30291 -0.15878 -0.14081 -0.15878 -0.14081 0.51016 0.35381 231.86011 -0.00560
target: -0.32739 -0.00511
target: -0.32739 -0.00511
fb: -0.33562 -0.00578 0.04470 -0.04752
fb: -0.29877 -0.00279 -0.05177 -0.06594
dist/lin/ang/drive_left/drive_right/tv_l/tv_r/av_l/av_r/x/y/theta/t_err: -0.00910 -0.25437 -0.03786 -0.29599 -0.30156 -0.09156 -0.12900 -0.09156 -0.12900 0.36482 0.16883 231.82846 -0.00504
target: -0.25437 -0.00495
target: -0.25437 -0.00495
fb: -0.27538 0.00209 0.10407 0.10362
fb: -0.24626 0.00174 0.08951 0.08905
dist/lin/ang/drive_left/drive_right/tv_l/tv_r/av_l/av_r/x/y/theta/t_err: -0.00417 -0.00104 -0.05302 -0.24800 -0.24451 -0.01094 -0.03542 -0.01094 -0.03542 0.24501 0.01636 231.85814 -0.00556
target: -0.00104 -0.00694
target: -0.00104 -0.00694
fb: -0.19595 -0.00293 0.65632 0.63393
fb: -0.16483 -0.01317 0.55887 0.53648
dist/lin/ang/drive_left/drive_right/tv_l/tv_r/av_l/av_r/x/y/theta/t_err: -0.00088 -0.00022 -0.03346 -0.15166 -0.17800 0.14289 0.15111 0.14289 0.15111 0.16484 -0.08570 231.81385 -0.00479
target: -0.00022 -0.00438
target: -0.00022 -0.00438
fb: -0.13946 -0.02432 -0.04604 0.05397
fb: -0.09312 -0.03080 -0.04604 0.05397
dist/lin/ang/drive_left/drive_right/tv_l/tv_r/av_l/av_r/x/y/theta/t_err: 0.00097 0.00024 0.03178 -0.06232 -0.12391 0.29344 0.33811 0.29344 0.33811 0.11942 -0.14326 231.58909 -0.00087
target: 0.00024 0.00416
target: 0.00024 0.00416
fb: -0.03111 -0.02696 -0.07920 0.08620
fb: -0.00397 -0.01414 -0.07920 0.08620
start is 0.00000 0.00000
dist/lin/ang/drive_left/drive_right/tv_l/tv_r/av_l/av_r/x/y/theta/t_err: 0.73265 0.09144 1.20000 0.00000 0.00000 -0.00017 0.00017 -0.00017 0.00017 0.00000 0.00000 0.00003 0.98279
target: 0.09144 0.15697
target: 0.09144 0.15697
fb: 0.00000 0.00000 -0.71234 1.00000
fb: 0.00000 0.00000 -0.71234 1.00000
dist/lin/ang/drive_left/drive_right/tv_l/tv_r/av_l/av_r/x/y/theta/t_err: 0.73265 0.18288 2.40000 0.00000 0.00000 -0.05236 0.03800 -0.05236 0.03800 0.00000 0.00000 0.00003 0.98279
target: 0.18288 0.31394
target: 0.18288 0.31394
fb: 0.00000 0.00146 -0.76999 1.00000
fb: 0.00000 0.02947 -0.75599 1.00000
dist/lin/ang/drive_left/drive_right/tv_l/tv_r/av_l/av_r/x/y/theta/t_err: 0.73265 0.26688 3.60000 -0.02947 0.02947 -0.47447 0.50461 -0.47447 0.50461 0.00000 0.00000 0.00323 0.98274
target: 0.26688 0.47092
target: 0.26688 0.47092
fb: 0.00000 0.07734 -0.85752 1.00000
fb: 0.00000 0.11671 -0.83784 1.00000
dist/lin/ang/drive_left/drive_right/tv_l/tv_r/av_l/av_r/x/y/theta/t_err: 0.73265 0.27152 4.80000 -0.11671 0.11671 -0.49639 0.65706 -0.49639 0.65706 0.00000 0.00000 0.38005 0.97616
target: 0.27152 0.62789
target: 0.27152 0.62789
fb: 0.00000 0.15175 -1.00000 1.00000
fb: 0.00000 0.18743 -1.00000 1.00000
dist/lin/ang/drive_left/drive_right/tv_l/tv_r/av_l/av_r/x/y/theta/t_err: 0.73265 0.28522 6.00000 -0.18743 0.18743 -0.53661 0.75183 -0.53661 0.75183 0.00000 0.00000 1.47101 0.95712
target: 0.28522 0.78486
target: 0.28522 0.78486
fb: 0.00000 0.22666 -1.00000 1.00000
fb: 0.00000 0.26142 -1.00000 1.00000
dist/lin/ang/drive_left/drive_right/tv_l/tv_r/av_l/av_r/x/y/theta/t_err: 0.73265 0.30773 6.00000 -0.26142 0.26142 -0.37028 0.81361 -0.37028 0.81361 0.00000 0.00000 3.19801 0.92698
target: 0.30773 0.78486
target: 0.30773 0.78486
fb: 0.00000 0.29201 -0.49854 1.00000
fb: 0.00000 0.32274 -0.48318 1.00000
dist/lin/ang/drive_left/drive_right/tv_l/tv_r/av_l/av_r/x/y/theta/t_err: 0.73265 0.33995 6.00000 -0.32274 0.32274 -0.60453 0.83467 -0.60453 0.83467 0.00000 0.00000 5.53976 0.88611
target: 0.33995 0.78486
target: 0.33995 0.78486
fb: 0.00000 0.35347 -0.42039 1.00000
fb: 0.00000 0.38391 -0.40517 1.00000
dist/lin/ang/drive_left/drive_right/tv_l/tv_r/av_l/av_r/x/y/theta/t_err: 0.73265 0.38241 6.00000 -0.38391 0.38391 -0.44983 0.88122 -0.44983 0.88122 0.00000 0.00000 8.42270 0.83579
target: 0.38241 0.78486
target: 0.38241 0.78486
fb: -0.00199 0.41645 -0.33046 1.00000
fb: -0.00199 0.44690 -0.31524 1.00000
dist/lin/ang/drive_left/drive_right/tv_l/tv_r/av_l/av_r/x/y/theta/t_err: 0.73268 0.43722 6.00000 -0.44889 0.44491 -0.39081 0.89147 -0.39081 0.89147 -0.00154 -0.00030 11.84933 0.77595
target: 0.43722 0.78486
target: 0.43722 0.78486
fb: 0.02515 0.47219 -0.24380 1.00000
fb: 0.05229 0.49609 -0.24542 1.00000
dist/lin/ang/drive_left/drive_right/tv_l/tv_r/av_l/av_r/x/y/theta/t_err: 0.73230 0.50614 5.39903 -0.44380 0.54838 -0.30781 0.90586 -0.30781 0.90586 0.01762 0.00476 15.80019 0.70745
target: 0.50614 0.70625
target: 0.50614 0.70625
fb: 0.05428 0.51553 0.37527 0.82386
fb: 0.08539 0.53295 0.36842 0.79959
dist/lin/ang/drive_left/drive_right/tv_l/tv_r/av_l/av_r/x/y/theta/t_err: 0.73145 0.59019 4.68358 -0.44756 0.61834 -0.21714 0.91542 -0.21714 0.91542 0.05826 0.01793 20.16694 0.63215
target: 0.59019 0.61266
target: 0.59019 0.61266
fb: 0.12224 0.53079 0.84151 0.93720
fb: 0.16482 0.51372 0.81168 0.92444
dist/lin/ang/drive_left/drive_right/tv_l/tv_r/av_l/av_r/x/y/theta/t_err: 0.72942 0.68163 3.96464 -0.34890 0.67854 0.25289 0.65517 0.25289 0.65517 0.14715 0.05481 24.80786 0.55302
target: 0.68163 0.51861
target: 0.68163 0.51861
fb: 0.19196 0.50689 1.00000 0.91510
fb: 0.22307 0.50006 1.00000 0.90296
dist/lin/ang/drive_left/drive_right/tv_l/tv_r/av_l/av_r/x/y/theta/t_err: 0.72608 0.77307 3.34700 -0.27699 0.72314 0.42486 0.50972 0.42486 0.50972 0.28179 0.12343 29.29718 0.47727
target: 0.77307 0.43782
target: 0.77307 0.43782
fb: 0.27162 0.48111 1.00000 0.93577
fb: 0.29280 0.46181 1.00000 0.93483
dist/lin/ang/drive_left/drive_right/tv_l/tv_r/av_l/av_r/x/y/theta/t_err: 0.72117 0.86451 2.76363 -0.16901 0.75461 0.65806 0.52378 0.65806 0.52378 0.46411 0.23517 33.61096 0.40518
target: 0.86451 0.36151
target: 0.86451 0.36151
fb: 0.30449 0.43499 1.00000 0.95588
fb: 0.32965 0.40879 1.00000 0.95640
dist/lin/ang/drive_left/drive_right/tv_l/tv_r/av_l/av_r/x/y/theta/t_err: 0.71549 0.95595 2.25245 -0.07914 0.73844 0.75922 0.60867 0.75922 0.60867 0.65898 0.37478 37.58266 0.33894
target: 0.95595 0.29464
target: 0.95595 0.29464
fb: 0.36827 0.38691 1.00000 0.99509
fb: 0.42851 0.36008 1.00000 0.97838
dist/lin/ang/drive_left/drive_right/tv_l/tv_r/av_l/av_r/x/y/theta/t_err: 0.70848 1.04739 1.82755 0.06842 0.78859 0.81447 0.50925 0.81447 0.50925 0.88303 0.55881 41.11216 0.28048
target: 1.04739 0.23906
target: 1.04739 0.23906
fb: 0.48875 0.33507 1.00000 1.00000
fb: 0.50243 0.30755 1.00000 1.00000
dist/lin/ang/drive_left/drive_right/tv_l/tv_r/av_l/av_r/x/y/theta/t_err: 0.69902 1.13883 1.47157 0.19488 0.80998 0.84306 0.36994 0.84306 0.36994 1.16579 0.81981 44.20970 0.22991
target: 1.13883 0.19250
target: 1.13883 0.19250
fb: 0.52185 0.27968 1.00000 1.00000
fb: 0.59930 0.25069 1.00000 1.00000
dist/lin/ang/drive_left/drive_right/tv_l/tv_r/av_l/av_r/x/y/theta/t_err: 0.68881 1.23027 1.18204 0.34861 0.84999 0.85008 0.53883 0.85008 0.53883 1.45340 1.11324 46.83692 0.18716
target: 1.23027 0.15462
target: 1.23027 0.15462
fb: 0.61276 0.22659 1.00000 1.00000
fb: 0.61276 0.20756 1.00000 1.00000
dist/lin/ang/drive_left/drive_right/tv_l/tv_r/av_l/av_r/x/y/theta/t_err: 0.67673 1.32171 0.97045 0.40520 0.82033 0.84236 0.79189 0.84236 0.79189 1.77687 1.47121 48.97984 0.15280
target: 1.32171 0.12694
target: 1.32171 0.12694
fb: 0.69242 0.19544 1.00000 1.00000
fb: 0.70985 0.18255 1.00000 1.00000
dist/lin/ang/drive_left/drive_right/tv_l/tv_r/av_l/av_r/x/y/theta/t_err: 0.66301 1.41315 0.78345 0.52730 0.89241 0.83772 0.82956 0.83772 0.82956 2.12795 1.88833 50.77717 0.12427
target: 1.41315 0.10248
target: 1.41315 0.10248
fb: 0.74472 0.16625 1.00000 1.00000
fb: 0.81070 0.14973 1.00000 1.00000
dist/lin/ang/drive_left/drive_right/tv_l/tv_r/av_l/av_r/x/y/theta/t_err: 0.64821 1.50459 0.61026 0.66096 0.96043 0.83861 0.83794 0.83861 0.83794 2.49218 2.34786 52.33387 0.09962
target: 1.50459 0.07983
target: 1.50459 0.07983
fb: 0.85704 0.13524 1.00000 1.00000
fb: 0.91728 0.12423 1.00000 1.00000
dist/lin/ang/drive_left/drive_right/tv_l/tv_r/av_l/av_r/x/y/theta/t_err: 0.63114 1.56740 0.48476 0.79305 1.04151 0.85092 0.85092 0.85092 0.85092 2.89827 2.88682 53.61640 0.07962
target: 1.56740 0.06341
target: 1.56740 0.06341
fb: 0.86123 0.11915 1.00000 1.00000
fb: 0.93272 0.11671 1.00000 1.00000
dist/lin/ang/drive_left/drive_right/tv_l/tv_r/av_l/av_r/x/y/theta/t_err: 0.61396 1.61042 0.36943 0.81602 1.04943 0.85264 0.84872 0.85264 0.84872 3.29554 3.43640 54.70099 0.06267
target: 1.61042 0.04832
target: 1.61042 0.04832
fb: 1.06071 0.10981 1.00000 1.00000
fb: 0.99892 0.10417 1.00000 1.00000
dist/lin/ang/drive_left/drive_right/tv_l/tv_r/av_l/av_r/x/y/theta/t_err: 0.59278 1.65076 0.24944 0.89476 1.10309 0.85814 0.85264 0.85814 0.85264 3.77218 4.12223 55.70335 0.04710
target: 1.65076 0.03263
target: 1.65076 0.03263
fb: 1.06291 0.09838 1.00000 1.00000
fb: 1.06865 0.09183 1.00000 1.00000
dist/lin/ang/drive_left/drive_right/tv_l/tv_r/av_l/av_r/x/y/theta/t_err: 0.57153 1.68836 0.14050 0.97682 1.16048 0.86547 0.86136 0.86547 0.86136 4.23799 4.81755 56.60103 0.03288
target: 1.68836 0.01838
target: 1.68836 0.01838
fb: 1.16552 0.09239 1.00000 1.00000
fb: 1.30123 0.08912 1.00000 1.00000
dist/lin/ang/drive_left/drive_right/tv_l/tv_r/av_l/av_r/x/y/theta/t_err: 0.54823 1.72377 0.03802 1.21211 1.39034 0.87214 0.86717 0.87214 0.86717 4.73725 5.58759 57.41624 0.01972
target: 1.72377 0.00497
target: 1.72377 0.00497
fb: 1.21605 0.07936 1.00000 1.00000
fb: 1.28203 0.07191 1.00000 1.00000
dist/lin/ang/drive_left/drive_right/tv_l/tv_r/av_l/av_r/x/y/theta/t_err: 0.52391 1.75822 -0.06450 1.21012 1.35393 0.87058 0.86872 0.87058 0.86872 5.24754 6.39780 58.17216 0.00713
target: 1.75822 -0.00844
target: 1.75822 -0.00844
fb: 1.37691 0.06689 1.00000 1.00000
fb: 1.26835 0.05881 1.00000 1.00000
dist/lin/ang/drive_left/drive_right/tv_l/tv_r/av_l/av_r/x/y/theta/t_err: 0.49638 1.76769 -0.14034 1.20954 1.32716 0.87933 0.87403 0.87933 0.87403 5.81413 7.32215 58.79834 -0.00371
target: 1.76769 -0.01836
target: 1.76769 -0.01836
fb: 1.35750 0.05372 1.00000 0.99354
fb: 1.47974 0.05226 1.00000 0.93242
dist/lin/ang/drive_left/drive_right/tv_l/tv_r/av_l/av_r/x/y/theta/t_err: 0.46923 1.74173 -0.20722 1.42748 1.53200 0.89781 0.85297 0.89781 0.85297 6.36341 8.23911 59.30995 -0.01313
target: 1.74173 -0.02711
target: 1.74173 -0.02711
fb: 1.39258 0.04668 0.90311 0.80426
fb: 1.45635 0.03721 0.87122 0.77238
dist/lin/ang/drive_left/drive_right/tv_l/tv_r/av_l/av_r/x/y/theta/t_err: 0.44138 1.71206 -0.27432 1.41914 1.49356 0.82867 0.77392 0.82867 0.77392 6.91941 9.18421 59.74554 -0.02181
target: 1.71206 -0.03588
target: 1.71206 -0.03588
fb: 1.46032 0.03108 0.83345 0.72158
fb: 1.46628 0.02634 0.83047 0.71860
dist/lin/ang/drive_left/drive_right/tv_l/tv_r/av_l/av_r/x/y/theta/t_err: 0.41218 1.63513 -0.32626 1.43994 1.49262 0.78847 0.73031 0.78847 0.73031 7.49586 10.17914 60.07239 -0.02927
target: 1.63513 -0.04268
target: 1.63513 -0.04268
fb: 1.58455 0.02069 0.50776 0.39673
fb: 1.52233 0.01700 0.53888 0.42784
dist/lin/ang/drive_left/drive_right/tv_l/tv_r/av_l/av_r/x/y/theta/t_err: 0.38051 1.55529 -0.37034 1.50533 1.53933 0.77342 0.66886 0.77342 0.66886 8.11616 11.26170 60.28863 -0.03565
target: 1.55529 -0.04844
target: 1.55529 -0.04844
fb: 1.50688 0.01275 0.46151 0.35073
fb: 1.57882 0.01150 0.42554 0.31476
dist/lin/ang/drive_left/drive_right/tv_l/tv_r/av_l/av_r/x/y/theta/t_err: 0.35039 1.47925 -0.41118 1.56732 1.59031 0.56261 0.50408 0.56261 0.50408 8.70285 12.29303 60.42866 -0.04127
target: 1.47925 -0.05379
target: 1.47925 -0.05379
fb: 1.50092 0.01171 0.41206 0.29772
fb: 1.53579 0.00927 0.39463 0.28029
dist/lin/ang/drive_left/drive_right/tv_l/tv_r/av_l/av_r/x/y/theta/t_err: 0.32040 1.40206 -0.45881 1.52652 1.54506 0.47261 0.39439 0.47261 0.39439 9.28528 13.32137 60.52297 -0.04686
target: 1.40206 -0.06002
target: 1.40206 -0.06002
fb: 1.51681 -0.00258 0.33740 0.20572
fb: 1.45084 -0.01930 0.37039 0.23871
dist/lin/ang/drive_left/drive_right/tv_l/tv_r/av_l/av_r/x/y/theta/t_err: 0.29010 1.32202 -0.50976 1.47014 1.43154 0.42281 0.36067 0.42281 0.36067 9.87239 14.36145 60.56791 -0.05260
target: 1.32202 -0.06668
target: 1.32202 -0.06668
fb: 1.49320 -0.02759 0.27128 0.12548
fb: 1.31866 -0.02940 0.35855 0.21275
dist/lin/ang/drive_left/drive_right/tv_l/tv_r/av_l/av_r/x/y/theta/t_err: 0.26028 1.24700 -0.50133 1.34806 1.28926 0.43686 0.31244 0.43686 0.31244 10.45162 15.38462 60.38265 -0.05523
target: 1.24700 -0.06558
target: 1.24700 -0.06558
fb: 1.32660 -0.03707 0.27064 0.19632
fb: 1.40229 -0.04292 0.23279 0.15848
dist/lin/ang/drive_left/drive_right/tv_l/tv_r/av_l/av_r/x/y/theta/t_err: 0.23379 1.18027 -0.49049 1.44521 1.35937 0.41014 0.28831 0.41014 0.28831 10.97020 16.29137 60.08830 -0.05607
target: 1.18027 -0.06416
target: 1.18027 -0.06416
fb: 1.24695 -0.04564 0.28049 0.21157
fb: 1.22753 -0.04912 0.29019 0.22128
dist/lin/ang/drive_left/drive_right/tv_l/tv_r/av_l/av_r/x/y/theta/t_err: 0.20889 1.11637 -0.47465 1.27665 1.17841 0.35111 0.24400 0.35111 0.24400 11.46254 17.14085 59.70372 -0.05566
target: 1.11637 -0.06209
target: 1.11637 -0.06209
fb: 1.24319 -0.05407 0.23109 0.17074
fb: 1.13463 -0.06083 0.28538 0.22503
dist/lin/ang/drive_left/drive_right/tv_l/tv_r/av_l/av_r/x/y/theta/t_err: 0.18407 1.04921 -0.46443 1.19546 1.07380 0.34014 0.24639 0.34014 0.24639 11.95954 17.98419 59.25831 -0.05489
target: 1.04921 -0.06075
target: 1.04921 -0.06075
fb: 1.08211 -0.06529 0.23986 0.17362
fb: 1.07042 -0.06647 0.24571 0.17947
dist/lin/ang/drive_left/drive_right/tv_l/tv_r/av_l/av_r/x/y/theta/t_err: 0.16246 1.07489 -0.41826 1.13689 1.00395 0.31158 0.23217 0.31158 0.23217 12.39856 18.71444 58.70997 -0.05200
target: 1.07489 -0.05471
target: 1.07489 -0.05471
fb: 1.02606 -0.06626 0.63740 0.63584
fb: 1.00091 -0.07023 0.64998 0.64842
dist/lin/ang/drive_left/drive_right/tv_l/tv_r/av_l/av_r/x/y/theta/t_err: 0.14179 1.00421 -0.25606 1.07114 0.93068 0.29567 0.21936 0.29567 0.21936 12.82172 19.40268 58.12117 -0.04172
target: 1.00421 -0.03350
target: 1.00421 -0.03350
fb: 0.93074 -0.07372 0.15273 0.30155
fb: 0.89985 -0.07476 0.16818 0.31700
dist/lin/ang/drive_left/drive_right/tv_l/tv_r/av_l/av_r/x/y/theta/t_err: 0.12325 0.93623 -0.15471 0.97461 0.82509 0.43067 0.50286 0.43067 0.50286 13.21204 20.02295 57.49239 -0.03075
target: 0.93623 -0.02024
target: 0.93623 -0.02024
fb: 0.93692 -0.07386 0.12545 0.22046
fb: 0.87646 -0.06877 0.15568 0.25069
dist/lin/ang/drive_left/drive_right/tv_l/tv_r/av_l/av_r/x/y/theta/t_err: 0.10456 0.86235 -0.05073 0.94523 0.80769 0.23922 0.37097 0.23922 0.37097 13.61211 20.64278 56.83406 -0.01926
target: 0.86235 -0.00664
target: 0.86235 -0.00664
fb: 0.84557 -0.05532 0.06957 0.18460
fb: 0.82813 -0.03839 0.07828 0.19332
dist/lin/ang/drive_left/drive_right/tv_l/tv_r/av_l/av_r/x/y/theta/t_err: 0.08769 0.78970 0.01997 0.86653 0.78974 0.15967 0.25597 0.15967 0.25597 13.97932 21.19815 56.26231 -0.00928
target: 0.78970 0.00261
target: 0.78970 0.00261
fb: 0.83586 -0.01616 -0.09149 0.11454
fb: 0.84954 0.00314 -0.09833 0.10770
dist/lin/ang/drive_left/drive_right/tv_l/tv_r/av_l/av_r/x/y/theta/t_err: 0.07098 0.71052 0.01423 0.84640 0.85267 0.06486 0.19317 0.06486 0.19317 14.34653 21.74435 55.97261 -0.00422
target: 0.71052 0.00186
target: 0.71052 0.00186
fb: 0.73303 0.01756 -0.09283 -0.10752
fb: 0.70192 0.01874 -0.07728 -0.09197
dist/lin/ang/drive_left/drive_right/tv_l/tv_r/av_l/av_r/x/y/theta/t_err: 0.05632 0.63290 -0.05523 0.68317 0.72066 -0.06536 0.11619 -0.06536 0.11619 14.66942 22.22277 56.03083 -0.00524
target: 0.63290 -0.00723
target: 0.63290 -0.00723
fb: 0.68449 0.02132 -0.08948 -0.19201
fb: 0.60703 0.02341 0.06730 -0.15328
dist/lin/ang/drive_left/drive_right/tv_l/tv_r/av_l/av_r/x/y/theta/t_err: 0.04262 0.55058 -0.09825 0.58362 0.63044 -0.06844 -0.05611 -0.06844 -0.05611 14.96997 22.67015 56.19465 -0.00810
target: 0.55058 -0.01285
target: 0.55058 -0.01285
fb: 0.54304 0.02320 -0.12430 -0.20479
fb: 0.51987 0.02669 -0.11271 -0.19321
dist/lin/ang/drive_left/drive_right/tv_l/tv_r/av_l/av_r/x/y/theta/t_err: 0.03175 0.47521 -0.13322 0.49319 0.54656 -0.00033 -0.14183 -0.00033 -0.14183 15.20728 23.02585 56.39044 -0.01152
target: 0.47521 -0.01743
target: 0.47521 -0.01743
fb: 0.44816 0.02738 0.10989 0.04992
fb: 0.34710 0.02432 0.16042 0.10045
dist/lin/ang/drive_left/drive_right/tv_l/tv_r/av_l/av_r/x/y/theta/t_err: 0.02278 0.40248 -0.17305 0.32278 0.37141 -0.04192 -0.17675 -0.04192 -0.17675 15.40208 23.32009 56.61839 -0.01550
target: 0.40248 -0.02264
target: 0.40248 -0.02264
fb: 0.30628 0.01993 0.12919 0.05641
fb: 0.27163 0.01115 0.14651 0.07373
dist/lin/ang/drive_left/drive_right/tv_l/tv_r/av_l/av_r/x/y/theta/t_err: 0.01664 0.34401 -0.19790 0.26048 0.28278 0.13347 0.06725 0.13347 0.06725 15.53442 23.52170 56.81750 -0.01897
target: 0.34401 -0.02589
target: 0.34401 -0.02589
fb: 0.25420 0.00258 0.12626 0.06668
fb: 0.24626 -0.00174 0.13023 0.07066
dist/lin/ang/drive_left/drive_right/tv_l/tv_r/av_l/av_r/x/y/theta/t_err: 0.01155 0.28663 -0.18806 0.24800 0.24451 0.14269 0.07972 0.14269 0.07972 15.64382 23.68931 56.89424 -0.02031
target: 0.28663 -0.02460
target: 0.28663 -0.02460
fb: 0.25972 -0.00418 0.05445 -0.05036
fb: 0.27340 -0.00676 0.04761 -0.05720
dist/lin/ang/drive_left/drive_right/tv_l/tv_r/av_l/av_r/x/y/theta/t_err: 0.00636 0.00159 -0.16807 0.28016 0.26664 0.12167 0.08092 0.12167 0.08092 15.75554 23.86060 56.87392 -0.01996
target: 0.00159 -0.02199
target: 0.00159 -0.02199
fb: 0.26192 -0.00955 -0.73572 -0.74698
fb: 0.26369 -0.01860 -0.73660 -0.74786
dist/lin/ang/drive_left/drive_right/tv_l/tv_r/av_l/av_r/x/y/theta/t_err: 0.00112 0.00028 -0.14926 0.28229 0.24508 -0.00478 -0.03425 -0.00478 -0.03425 15.86834 24.03325 56.80506 -0.01875
target: 0.00028 -0.01953
target: 0.00028 -0.01953
fb: 0.24626 -0.03651 -0.16251 -0.17182
fb: 0.19219 -0.04250 -0.13548 -0.14479
dist/lin/ang/drive_left/drive_right/tv_l/tv_r/av_l/av_r/x/y/theta/t_err: -0.00379 -0.00095 -0.09135 0.23470 0.14969 -0.36533 -0.46233 -0.36533 -0.46233 15.97474 24.19535 56.58964 -0.01499
target: -0.00095 -0.01195
target: -0.00095 -0.01195
fb: 0.08738 -0.04201 -0.06791 0.06695
fb: 0.00772 -0.03930 -0.06791 0.06695
final error: 0.25304, x: -0.01274, y: -0.25272
final local error: 0.25304, forwards: -0.21712, sideways: -0.12995
position: 16.01274 24.25272 56.21285
took 1.10000 time to finish turn
dist/lin/ang/drive_left/drive_right/tv_l/tv_r/av_l/av_r/x/y/theta/t_err: -0.73709 -0.09144 0.08557 0.00125 -0.00125 -0.00017 0.00033 -0.00017 0.00033 15.98871 24.21737 235.99648 0.00995
target: -0.09144 0.01119
target: -0.09144 0.01119
fb: 0.00000 -0.00111 -0.31360 -0.20254
fb: 0.00000 -0.00139 -0.31360 -0.20254
dist/lin/ang/drive_left/drive_right/tv_l/tv_r/av_l/av_r/x/y/theta/t_err: -0.73709 -0.18288 0.09002 0.00139 -0.00139 -0.02858 -0.02139 -0.02858 -0.02139 15.98871 24.21737 235.98275 0.01019
target: -0.18288 0.01178
target: -0.18288 0.01178
fb: 0.00000 -0.00146 -0.39152 -0.37515
fb: 0.00000 0.00084 -0.39152 -0.37515
dist/lin/ang/drive_left/drive_right/tv_l/tv_r/av_l/av_r/x/y/theta/t_err: -0.73709 -0.27432 0.09132 -0.00084 0.00084 -0.26778 -0.17075 -0.26778 -0.17075 15.98871 24.21737 235.97138 0.01039
target: -0.27432 0.01195
target: -0.27432 0.01195
fb: 0.00000 0.00941 -0.46933 -0.45645
fb: -0.02339 0.00996 -0.45763 -0.44476
dist/lin/ang/drive_left/drive_right/tv_l/tv_r/av_l/av_r/x/y/theta/t_err: -0.73662 -0.36576 0.06445 -0.03335 -0.01343 -0.36669 -0.32511 -0.36669 -0.32511 15.97842 24.20210 236.04838 0.00905
target: -0.36576 0.00843
target: -0.36576 0.00843
fb: -0.09709 0.00739 -0.48140 -0.50646
fb: -0.17454 0.00543 -0.44267 -0.46774
dist/lin/ang/drive_left/drive_right/tv_l/tv_r/av_l/av_r/x/y/theta/t_err: -0.73313 -0.45720 0.05980 -0.17998 -0.16911 -0.42708 -0.40161 -0.42708 -0.40161 15.90173 24.08805 236.10621 0.00808
target: -0.45720 0.00782
target: -0.45720 0.00782
fb: -0.22309 0.00780 -0.51063 -0.51035
fb: -0.25596 0.01017 -0.49419 -0.49391
dist/lin/ang/drive_left/drive_right/tv_l/tv_r/av_l/av_r/x/y/theta/t_err: -0.72801 -0.54864 0.04810 -0.26614 -0.24579 -0.42639 -0.43169 -0.42639 -0.43169 15.78943 23.92069 236.17515 0.00693
target: -0.54864 0.00629
target: -0.54864 0.00629
fb: -0.29480 0.00962 -0.77452 -0.80337
fb: -0.31620 0.00746 -0.76382 -0.79267
dist/lin/ang/drive_left/drive_right/tv_l/tv_r/av_l/av_r/x/y/theta/t_err: -0.72169 -0.64008 0.03690 -0.32366 -0.30875 -0.46883 -0.46608 -0.46883 -0.46608 15.65097 23.71375 236.24822 0.00571
target: -0.64008 0.00483
target: -0.64008 0.00483
fb: -0.32768 0.00571 -0.84070 -0.87177
fb: -0.37998 0.00739 -0.81455 -0.84562
dist/lin/ang/drive_left/drive_right/tv_l/tv_r/av_l/av_r/x/y/theta/t_err: -0.71409 -0.73152 0.03369 -0.38736 -0.37259 -0.50478 -0.37250 -0.50478 -0.37250 15.48485 23.46492 236.29893 0.00488
target: -0.73152 0.00441
target: -0.73152 0.00441
fb: -0.41109 0.01115 -0.88671 -0.90978
fb: -0.41307 0.01136 -0.88572 -0.90879
dist/lin/ang/drive_left/drive_right/tv_l/tv_r/av_l/av_r/x/y/theta/t_err: -0.70583 -0.82296 0.01322 -0.42443 -0.40172 -0.49467 -0.43597 -0.49467 -0.43597 15.30459 23.19418 236.39025 0.00334
target: -0.82296 0.00173
target: -0.82296 0.00173
fb: -0.47905 0.00808 -0.92409 -0.97192
fb: -0.51392 0.01226 -0.90666 -0.95449
dist/lin/ang/drive_left/drive_right/tv_l/tv_r/av_l/av_r/x/y/theta/t_err: -0.69555 -0.91440 0.00292 -0.52618 -0.50165 -0.61136 -0.50547 -0.61136 -0.50547 15.08082 22.85702 236.47188 0.00195
target: -0.91440 0.00038
target: -0.91440 0.00038
fb: -0.53135 0.01798 -0.98631 -1.00000
fb: -0.52760 0.01143 -0.98819 -1.00000
dist/lin/ang/drive_left/drive_right/tv_l/tv_r/av_l/av_r/x/y/theta/t_err: -0.68500 -1.00584 -0.02248 -0.53902 -0.51617 -0.54206 -0.48542 -0.54206 -0.48542 14.85174 22.51047 236.59355 -0.00016
target: -1.00584 -0.00294
target: -1.00584 -0.00294
fb: -0.56047 0.00941 -1.00000 -1.00000
fb: -0.64190 0.01812 -1.00000 -1.00000
dist/lin/ang/drive_left/drive_right/tv_l/tv_r/av_l/av_r/x/y/theta/t_err: -0.67216 -1.09728 -0.03634 -0.66001 -0.62378 -0.56244 -0.52892 -0.56244 -0.52892 14.57380 22.08831 236.70017 -0.00204
target: -1.09728 -0.00475
target: -1.09728 -0.00475
fb: -0.64587 0.00892 -1.00000 -1.00000
fb: -0.71758 -0.00766 -1.00000 -1.00000
dist/lin/ang/drive_left/drive_right/tv_l/tv_r/av_l/av_r/x/y/theta/t_err: -0.65781 -1.18872 -0.03013 -0.70992 -0.72525 -0.47417 -0.69881 -0.47417 -0.69881 14.26388 21.61586 236.73561 -0.00272
target: -1.18872 -0.00394
target: -1.18872 -0.00394
fb: -0.79327 -0.01763 -1.00000 -1.00000
fb: -0.75841 -0.02244 -1.00000 -1.00000
dist/lin/ang/drive_left/drive_right/tv_l/tv_r/av_l/av_r/x/y/theta/t_err: -0.64264 -1.28016 0.02985 -0.73597 -0.78084 -0.71164 -0.79806 -0.71164 -0.79806 13.93569 21.11696 236.56977 0.00014
target: -1.28016 0.00390
target: -1.28016 0.00390
fb: -0.79702 -0.02989 -1.00000 -1.00000
fb: -0.86874 -0.03045 -1.00000 -1.00000
dist/lin/ang/drive_left/drive_right/tv_l/tv_r/av_l/av_r/x/y/theta/t_err: -0.62527 -1.37160 0.08331 -0.83829 -0.89918 -0.80406 -0.82956 -0.80406 -0.82956 13.55762 20.54689 236.32060 0.00456
target: -1.37160 0.01090
target: -1.37160 0.01090
fb: -0.90757 -0.02703 -1.00000 -1.00000
fb: -0.96583 -0.02550 -1.00000 -1.00000
dist/lin/ang/drive_left/drive_right/tv_l/tv_r/av_l/av_r/x/y/theta/t_err: -0.60595 -1.46304 0.12222 -0.94032 -0.99133 -0.83553 -0.83639 -0.83553 -0.83639 13.13451 19.91497 236.07712 0.00902
target: -1.46304 0.01599
target: -1.46304 0.01599
fb: -0.94641 -0.02153 -1.00000 -1.00000
fb: -0.97951 -0.02055 -1.00000 -1.00000
dist/lin/ang/drive_left/drive_right/tv_l/tv_r/av_l/av_r/x/y/theta/t_err: -0.58636 -1.55448 0.14829 -0.95895 -1.00006 -0.85314 -0.85247 -0.85314 -0.85247 12.70294 19.27576 235.88000 0.01282
target: -1.55448 0.01940
target: -1.55448 0.01940
fb: -1.07461 -0.02564 -1.00000 -1.00000
fb: -1.08211 -0.02508 -1.00000 -1.00000
dist/lin/ang/drive_left/drive_right/tv_l/tv_r/av_l/av_r/x/y/theta/t_err: -0.56472 -1.64592 0.19200 -1.05703 -1.10720 -0.85450 -0.85075 -0.85450 -0.85075 12.22366 18.57128 235.66056 0.01722
target: -1.64592 0.02512
target: -1.64592 0.02512
fb: -1.08211 -0.02257 -1.00000 -1.00000
fb: -1.10749 -0.02118 -1.00000 -1.00000
dist/lin/ang/drive_left/drive_right/tv_l/tv_r/av_l/av_r/x/y/theta/t_err: -0.54257 -1.71909 0.22673 -1.08631 -1.12867 -0.85553 -0.85108 -0.85553 -0.85108 11.73048 17.85210 235.46263 0.02145
target: -1.71909 0.02966
target: -1.71909 0.02966
fb: -1.15383 -0.01714 -1.00000 -1.00000
fb: -1.23922 -0.01596 -1.00000 -1.00000
dist/lin/ang/drive_left/drive_right/tv_l/tv_r/av_l/av_r/x/y/theta/t_err: -0.51780 -1.70902 0.25381 -1.22327 -1.25518 -0.86478 -0.86119 -0.86478 -0.86119 11.17618 17.04906 235.31149 0.02518
target: -1.70902 0.03320
target: -1.70902 0.03320
fb: -1.14809 -0.01407 -1.00000 -0.98159
fb: -1.25864 -0.01198 -0.98449 -0.92631
dist/lin/ang/drive_left/drive_right/tv_l/tv_r/av_l/av_r/x/y/theta/t_err: -0.49263 -1.69944 0.28278 -1.24666 -1.27063 -0.87333 -0.82936 -0.87333 -0.82936 10.61113 16.23486 235.18470 0.02874
target: -1.69944 0.03699
target: -1.69944 0.03699
fb: -1.33433 -0.01094 -0.94357 -0.87798
fb: -1.32462 -0.00704 -0.94842 -0.88283
dist/lin/ang/drive_left/drive_right/tv_l/tv_r/av_l/av_r/x/y/theta/t_err: -0.46615 -1.69095 0.30609 -1.31758 -1.33166 -0.70464 -0.74725 -0.70464 -0.74725 10.01489 15.37908 235.09957 0.03191
target: -1.69095 0.04004
target: -1.69095 0.04004
fb: -1.47599 -0.00564 -0.86810 -0.80513
fb: -1.41178 -0.00355 -0.90021 -0.83724
dist/lin/ang/drive_left/drive_right/tv_l/tv_r/av_l/av_r/x/y/theta/t_err: -0.43793 -1.67062 0.32921 -1.40823 -1.41533 -0.81239 -0.74142 -0.81239 -0.74142 9.37846 14.46766 235.05025 0.03485
target: -1.67062 0.04306
target: -1.67062 0.04306
fb: -1.40406 0.00188 -0.84005 -0.77123
fb: -1.45459 0.00627 -0.81479 -0.74597
dist/lin/ang/drive_left/drive_right/tv_l/tv_r/av_l/av_r/x/y/theta/t_err: -0.40886 -1.60889 0.33861 -1.46086 -1.44832 -0.76569 -0.74519 -0.76569 -0.74519 8.72245 13.52879 235.07210 0.03694
target: -1.60889 0.04429
target: -1.60889 0.04429
fb: -1.41200 0.00606 -0.60701 -0.54590
fb: -1.44488 0.00557 -0.59057 -0.52946
dist/lin/ang/drive_left/drive_right/tv_l/tv_r/av_l/av_r/x/y/theta/t_err: -0.37998 -1.54622 0.35423 -1.45045 -1.43930 -0.73303 -0.66869 -0.73303 -0.66869 8.07143 12.59577 235.11887 0.03891
target: -1.54622 0.04634
target: -1.54622 0.04634
fb: -1.44091 0.01164 -0.53675 -0.46484
fb: -1.42347 0.01400 -0.54547 -0.47355
dist/lin/ang/drive_left/drive_right/tv_l/tv_r/av_l/av_r/x/y/theta/t_err: -0.35154 -1.48436 0.35722 -1.43748 -1.40947 -0.59286 -0.53453 -0.59286 -0.53453 7.43128 11.67572 235.22546 0.04012
target: -1.48436 0.04673
target: -1.48436 0.04673
fb: -1.51461 0.01212 -0.43958 -0.38157
fb: -1.47003 0.01282 -0.46186 -0.40385
dist/lin/ang/drive_left/drive_right/tv_l/tv_r/av_l/av_r/x/y/theta/t_err: -0.32216 -1.41779 0.37153 -1.48285 -1.45721 -0.53217 -0.46744 -0.53217 -0.46744 6.77210 10.72425 235.34818 0.04155
target: -1.41779 0.04860
target: -1.41779 0.04860
fb: -1.43715 0.01463 -0.40675 -0.33156
fb: -1.37118 0.02167 -0.43973 -0.36455
dist/lin/ang/drive_left/drive_right/tv_l/tv_r/av_l/av_r/x/y/theta/t_err: -0.29476 -1.35363 0.37917 -1.39285 -1.34951 -0.46439 -0.43547 -0.46439 -0.43547 6.15921 9.83540 235.49623 0.04272
target: -1.35363 0.04960
target: -1.35363 0.04960
fb: -1.43120 0.03128 -0.35770 -0.28878
fb: -1.49717 0.03421 -0.32471 -0.25579
dist/lin/ang/drive_left/drive_right/tv_l/tv_r/av_l/av_r/x/y/theta/t_err: -0.26485 -1.28396 0.35960 -1.53138 -1.46296 -0.44761 -0.41783 -0.44761 -0.41783 5.49368 8.86235 235.78192 0.04230
target: -1.28396 0.04704
target: -1.28396 0.04704
fb: -1.32660 0.03059 -0.30670 -0.27185
fb: -1.29174 0.02857 -0.32413 -0.28928
dist/lin/ang/drive_left/drive_right/tv_l/tv_r/av_l/av_r/x/y/theta/t_err: -0.23903 -1.22035 0.35835 -1.32031 -1.26317 -0.43119 -0.36686 -0.43119 -0.36686 4.92373 8.01993 236.04575 0.04201
target: -1.22035 0.04688
target: -1.22035 0.04688
fb: -1.21407 0.02892 -0.33998 -0.28412
fb: -1.24893 0.03073 -0.32255 -0.26669
dist/lin/ang/drive_left/drive_right/tv_l/tv_r/av_l/av_r/x/y/theta/t_err: -0.21408 -1.15478 0.36243 -1.27966 -1.21820 -0.38997 -0.33914 -0.38997 -0.33914 4.37642 7.20289 236.30699 0.04207
target: -1.15478 0.04741
target: -1.15478 0.04741
fb: -1.32660 0.02871 -0.21959 -0.15584
fb: -1.20436 0.02752 -0.28071 -0.21696
dist/lin/ang/drive_left/drive_right/tv_l/tv_r/av_l/av_r/x/y/theta/t_err: -0.19001 -1.08672 0.37489 -1.23188 -1.17684 -0.35078 -0.30558 -0.35078 -0.30558 3.85203 6.41275 236.55669 0.04277
target: -1.08672 0.04904
target: -1.08672 0.04904
fb: -1.14610 0.02996 -0.24395 -0.16714
fb: -1.09579 0.03135 -0.26911 -0.19229
dist/lin/ang/drive_left/drive_right/tv_l/tv_r/av_l/av_r/x/y/theta/t_err: -0.16812 -1.09345 0.38055 -1.12715 -1.06444 -0.31450 -0.26164 -0.31450 -0.26164 3.37812 5.69173 236.82043 0.04346
target: -1.09345 0.04978
target: -1.09345 0.04978
fb: -1.02386 0.03177 -0.60683 -0.54830
fb: -1.00444 0.03184 -0.61654 -0.55801
dist/lin/ang/drive_left/drive_right/tv_l/tv_r/av_l/av_r/x/y/theta/t_err: -0.14790 -1.02561 0.28463 -1.03628 -0.97260 -0.31058 -0.26044 -0.31058 -0.26044 2.94688 5.02874 237.09488 0.03867
target: -1.02561 0.03723
target: -1.02561 0.03723
fb: -0.99892 0.03212 -0.19100 -0.25731
fb: -0.94839 0.03205 -0.21627 -0.28258
dist/lin/ang/drive_left/drive_right/tv_l/tv_r/av_l/av_r/x/y/theta/t_err: -0.12896 -0.95770 0.24056 -0.98044 -0.91634 -0.46575 -0.40931 -0.46575 -0.40931 2.54272 4.40079 237.37820 0.03372
target: -0.95770 0.03147
target: -0.95770 0.03147
fb: -0.93096 0.03135 -0.18951 -0.20202
fb: -0.88639 0.03024 -0.21180 -0.22431
dist/lin/ang/drive_left/drive_right/tv_l/tv_r/av_l/av_r/x/y/theta/t_err: -0.11126 -0.88955 0.20164 -0.91663 -0.85615 -0.28372 -0.30786 -0.28372 -0.30786 2.16783 3.81208 237.65039 0.02897
target: -0.88955 0.02638
target: -0.88955 0.02638
fb: -0.94817 0.02703 -0.11748 -0.13018
fb: -1.01437 0.02195 -0.08438 -0.09708
dist/lin/ang/drive_left/drive_right/tv_l/tv_r/av_l/av_r/x/y/theta/t_err: -0.09100 -0.80446 0.17597 -1.03632 -0.99242 -0.20908 -0.22536 -0.20908 -0.22536 1.74179 3.13648 237.87582 0.02504
target: -0.80446 0.02302
target: -0.80446 0.02302
fb: -0.86322 0.01387 0.09782 0.10939
fb: -0.77363 0.00571 -0.06502 0.06460
dist/lin/ang/drive_left/drive_right/tv_l/tv_r/av_l/av_r/x/y/theta/t_err: -0.07553 -0.73292 0.18159 -0.77935 -0.76792 -0.11806 -0.10472 -0.11806 -0.10472 1.41843 2.62023 237.97971 0.02322
target: -0.73292 0.02375
target: -0.73292 0.02375
fb: -0.75620 0.00258 -0.08169 0.08439
fb: -0.67698 0.00000 -0.12130 -0.08322
dist/lin/ang/drive_left/drive_right/tv_l/tv_r/av_l/av_r/x/y/theta/t_err: -0.06199 -0.66400 0.19461 -0.67698 -0.67698 -0.06792 0.04450 -0.06792 0.04450 1.13587 2.16823 237.99544 0.02295
target: -0.66400 0.02546
target: -0.66400 0.02546
fb: -0.63417 0.00146 -0.09586 0.08149
fb: -0.58960 0.00446 -0.11814 -0.06880
dist/lin/ang/drive_left/drive_right/tv_l/tv_r/av_l/av_r/x/y/theta/t_err: -0.05020 -0.59753 0.19041 -0.59406 -0.58514 -0.12597 -0.00719 -0.12597 -0.00719 0.88987 1.77451 238.01684 0.02258
target: -0.59753 0.02491
target: -0.59753 0.02491
fb: -0.52561 0.00592 -0.08890 0.06764
fb: -0.51193 0.00836 -0.09574 -0.06720
dist/lin/ang/drive_left/drive_right/tv_l/tv_r/av_l/av_r/x/y/theta/t_err: -0.03997 -0.53316 0.17504 -0.52029 -0.50357 -0.12283 -0.02464 -0.12283 -0.02464 0.67652 1.43250 238.07570 0.02155
target: -0.53316 0.02290
target: -0.53316 0.02290
fb: -0.47707 0.01498 0.06304 0.08591
fb: -0.43051 0.02376 -0.07829 -0.06536
dist/lin/ang/drive_left/drive_right/tv_l/tv_r/av_l/av_r/x/y/theta/t_err: -0.03137 -0.47235 0.13529 -0.45427 -0.40675 -0.09172 -0.00683 -0.09172 -0.00683 0.49760 1.14458 238.22978 0.01886
target: -0.47235 0.01770
target: -0.47235 0.01770
fb: -0.44419 0.03205 -0.09471 -0.12232
fb: -0.42676 0.03275 -0.10342 -0.13104
dist/lin/ang/drive_left/drive_right/tv_l/tv_r/av_l/av_r/x/y/theta/t_err: -0.02286 -0.40320 0.06969 -0.45950 -0.39401 -0.06556 -0.07886 -0.06556 -0.07886 0.32132 0.85851 238.51471 0.01389
target: -0.40320 0.00912
target: -0.40320 0.00912
fb: -0.36850 0.02271 0.04330 -0.10448
fb: -0.33937 0.01094 -0.04931 -0.11904
dist/lin/ang/drive_left/drive_right/tv_l/tv_r/av_l/av_r/x/y/theta/t_err: -0.01608 -0.33822 0.06137 -0.35031 -0.32843 -0.09394 -0.12967 -0.09394 -0.12967 0.18215 0.63038 238.69351 0.01076
target: -0.33822 0.00803
target: -0.33822 0.00803
fb: -0.32393 0.00293 -0.04184 -0.04561
fb: -0.31598 -0.00808 -0.04581 -0.04958
dist/lin/ang/drive_left/drive_right/tv_l/tv_r/av_l/av_r/x/y/theta/t_err: -0.00977 -0.26354 0.08950 -0.30790 -0.32407 -0.04331 -0.10025 -0.04331 -0.10025 0.05293 0.41777 238.70299 0.01060
target: -0.26354 0.01171
target: -0.26354 0.01171
fb: -0.26170 -0.01791 0.06556 0.11949
fb: -0.20963 -0.02209 0.03952 0.09345
dist/lin/ang/drive_left/drive_right/tv_l/tv_r/av_l/av_r/x/y/theta/t_err: -0.00556 -0.00139 0.14178 -0.18754 -0.23171 -0.04311 -0.00222 -0.04311 -0.00222 -0.03299 0.27683 238.54706 0.01332
target: -0.00139 0.01855
target: -0.00139 0.01855
fb: -0.19970 -0.02251 0.61876 0.71042
fb: -0.17256 -0.02000 0.51961 0.61127
dist/lin/ang/drive_left/drive_right/tv_l/tv_r/av_l/av_r/x/y/theta/t_err: -0.00210 -0.00052 0.17550 -0.15256 -0.19255 0.05339 0.16800 0.05339 0.16800 -0.10406 0.16103 238.35934 0.01660
target: -0.00052 0.02296
target: -0.00052 0.02296
fb: -0.12225 -0.01484 -0.07272 0.08115
fb: -0.06598 -0.01477 -0.07272 0.08115
dist/lin/ang/drive_left/drive_right/tv_l/tv_r/av_l/av_r/x/y/theta/t_err: -0.00077 -0.00019 0.18621 -0.05121 -0.08075 0.29108 0.27089 0.29108 0.27089 -0.13135 0.11682 238.22544 0.01893
target: -0.00019 0.02436
target: -0.00019 0.02436
fb: -0.01368 -0.00955 -0.06105 0.06762
fb: 0.00000 -0.00523 -0.06105 0.06762
increased target to 24.00000
increased target to 32.00000
increased target to 40.00000
increased target to 48.00000
start is 0.00000 0.00000
dist/lin/ang/drive_left/drive_right/tv_l/tv_r/av_l/av_r/x/y/theta/t_err: 1.36311 0.09144 1.20000 0.00000 0.00000 -0.00017 0.00017 -0.00017 0.00017 0.00000 0.00000 -0.00000 0.46365
target: 0.09144 0.15697
target: 0.09144 0.15697
fb: 0.00000 0.00000 -0.71234 1.00000
fb: 0.00000 0.00000 -0.71234 1.00000
dist/lin/ang/drive_left/drive_right/tv_l/tv_r/av_l/av_r/x/y/theta/t_err: 1.36311 0.18288 2.40000 0.00000 0.00000 -0.08556 0.02617 -0.08556 0.02617 0.00000 0.00000 -0.00006 0.46365
target: 0.18288 0.31394
target: 0.18288 0.31394
fb: 0.00000 0.00000 -0.77073 1.00000
fb: 0.00000 0.00697 -0.76724 1.00000
dist/lin/ang/drive_left/drive_right/tv_l/tv_r/av_l/av_r/x/y/theta/t_err: 1.36311 0.27432 3.60000 -0.00697 0.00697 -0.38328 0.45378 -0.38328 0.45378 0.00000 0.00000 0.00006 0.46365
target: 0.27432 0.47092
target: 0.27432 0.47092
fb: 0.00000 0.04473 -0.85246 1.00000
fb: 0.00000 0.08974 -0.82996 1.00000
dist/lin/ang/drive_left/drive_right/tv_l/tv_r/av_l/av_r/x/y/theta/t_err: 1.36311 0.36576 3.93548 -0.08974 0.08974 -0.38261 0.68839 -0.38261 0.68839 0.00000 0.00000 0.15987 0.46086
target: 0.36576 0.51480
target: 0.36576 0.51480
fb: 0.00000 0.13754 -0.26896 1.00000
fb: 0.00000 0.17990 -0.24778 1.00000
dist/lin/ang/drive_left/drive_right/tv_l/tv_r/av_l/av_r/x/y/theta/t_err: 1.36311 0.45720 3.67412 -0.17990 0.17990 -0.41544 0.74328 -0.41544 0.74328 0.00000 0.00000 1.05090 0.44531
target: 0.45720 0.48061
target: 0.45720 0.48061
fb: 0.00000 0.21948 0.32094 0.93290
fb: -0.00375 0.25641 0.34128 0.91631
dist/lin/ang/drive_left/drive_right/tv_l/tv_r/av_l/av_r/x/y/theta/t_err: 1.36311 0.54864 3.29247 -0.26016 0.25266 -0.15861 0.69314 -0.15861 0.69314 0.00000 0.00000 2.70559 0.41643
target: 0.54864 0.43069
target: 0.54864 0.43069
fb: -0.00375 0.28818 0.79131 1.00000
fb: 0.02118 0.30657 0.78804 1.00000
dist/lin/ang/drive_left/drive_right/tv_l/tv_r/av_l/av_r/x/y/theta/t_err: 1.36318 0.64008 2.83151 -0.28539 0.32776 0.33467 0.58331 0.33467 0.58331 -0.00295 -0.00017 5.01389 0.37612
target: 0.64008 0.37039
target: 0.64008 0.37039
fb: 0.07546 0.31675 0.96652 1.00000
fb: 0.15335 0.30699 0.92270 0.97160
dist/lin/ang/drive_left/drive_right/tv_l/tv_r/av_l/av_r/x/y/theta/t_err: 1.36176 0.73152 2.36788 -0.15364 0.46035 0.41939 0.68667 0.41939 0.68667 0.05607 0.00670 7.70541 0.32952
target: 0.73152 0.30974
target: 0.73152 0.30974
fb: 0.21933 0.29278 1.00000 0.95610
fb: 0.26368 0.28421 1.00000 0.93820
dist/lin/ang/drive_left/drive_right/tv_l/tv_r/av_l/av_r/x/y/theta/t_err: 1.35757 0.82296 1.99118 -0.02052 0.54789 0.40453 0.44061 0.40453 0.44061 0.22658 0.03404 10.35682 0.28421
target: 0.82296 0.26047
target: 0.82296 0.26047
fb: 0.31024 0.27313 1.00000 0.99713
fb: 0.34709 0.25564 1.00000 0.98745
dist/lin/ang/drive_left/drive_right/tv_l/tv_r/av_l/av_r/x/y/theta/t_err: 1.35158 0.91440 1.67028 0.09145 0.60273 0.62486 0.51108 0.62486 0.51108 0.46583 0.08333 12.80900 0.24260
target: 0.91440 0.21849
target: 0.91440 0.21849
fb: 0.35680 0.23850 1.00000 1.00000
fb: 0.38019 0.22073 1.00000 1.00000
dist/lin/ang/drive_left/drive_right/tv_l/tv_r/av_l/av_r/x/y/theta/t_err: 1.34462 1.00584 1.39626 0.15946 0.60092 0.77064 0.44128 0.77064 0.44128 0.73851 0.15090 15.00219 0.20550
target: 1.00584 0.18264
target: 1.00584 0.18264
fb: 0.41506 0.19718 1.00000 1.00000
fb: 0.46537 0.17363 1.00000 1.00000
dist/lin/ang/drive_left/drive_right/tv_l/tv_r/av_l/av_r/x/y/theta/t_err: 1.33647 1.09728 1.18044 0.29173 0.63900 0.79119 0.72447 0.79119 0.72447 1.05270 0.24082 16.87667 0.17395
target: 1.09728 0.15441
target: 1.09728 0.15441
fb: 0.56246 0.15879 1.00000 1.00000
fb: 0.61475 0.14869 1.00000 1.00000
dist/lin/ang/drive_left/drive_right/tv_l/tv_r/av_l/av_r/x/y/theta/t_err: 1.32537 1.18872 1.03844 0.46607 0.76344 0.80764 0.79925 0.80764 0.79925 1.47467 0.37529 18.36348 0.14935
target: 1.18872 0.13584
target: 1.18872 0.13584
fb: 0.66506 0.14088 1.00000 1.00000
fb: 0.70213 0.13315 1.00000 1.00000
dist/lin/ang/drive_left/drive_right/tv_l/tv_r/av_l/av_r/x/y/theta/t_err: 1.31219 1.28016 0.89317 0.56898 0.83529 0.81911 0.81206 0.81911 0.81206 1.96968 0.54613 19.64830 0.12832
target: 1.28016 0.11684
target: 1.28016 0.11684
fb: 0.77010 0.12402 1.00000 1.00000
fb: 0.82041 0.11413 1.00000 1.00000
dist/lin/ang/drive_left/drive_right/tv_l/tv_r/av_l/av_r/x/y/theta/t_err: 1.29690 1.37160 0.75830 0.70628 0.93454 0.83175 0.82694 0.83175 0.82694 2.53853 0.75611 20.79157 0.10976
target: 1.37160 0.09919
target: 1.37160 0.09919
fb: 0.86101 0.10667 1.00000 1.00000
fb: 0.89786 0.09831 1.00000 1.00000
dist/lin/ang/drive_left/drive_right/tv_l/tv_r/av_l/av_r/x/y/theta/t_err: 1.27977 1.46304 0.64943 0.79955 0.99617 0.84628 0.84117 0.84628 0.84117 3.17012 1.00253 21.77613 0.09392
target: 1.46304 0.08495
target: 1.46304 0.08495
fb: 0.84556 0.09121 1.00000 1.00000
fb: 0.93670 0.08222 1.00000 1.00000
dist/lin/ang/drive_left/drive_right/tv_l/tv_r/av_l/av_r/x/y/theta/t_err: 1.26292 1.55448 0.55539 0.85448 1.01891 0.84411 0.84097 0.84411 0.84097 3.78655 1.25411 22.61976 0.08036
target: 1.55448 0.07265
target: 1.55448 0.07265
fb: 1.06865 0.07323 1.00000 1.00000
fb: 1.03180 0.06320 1.00000 1.00000
dist/lin/ang/drive_left/drive_right/tv_l/tv_r/av_l/av_r/x/y/theta/t_err: 1.24161 1.59320 0.48743 0.96861 1.09500 0.84339 0.84133 0.84339 0.84133 4.56120 1.58268 23.31995 0.06941
target: 1.59320 0.06376
target: 1.59320 0.06376
fb: 1.14412 0.05686 1.00000 1.00000
fb: 1.27431 0.05226 1.00000 1.00000
dist/lin/ang/drive_left/drive_right/tv_l/tv_r/av_l/av_r/x/y/theta/t_err: 1.21877 1.61426 0.44373 1.22205 1.32656 0.85622 0.85314 0.85622 0.85314 5.38661 1.94362 23.86080 0.06117
target: 1.61426 0.05804
target: 1.61426 0.05804
fb: 1.16376 0.04947 1.00000 1.00000
fb: 1.24496 0.04682 0.97818 1.00000
dist/lin/ang/drive_left/drive_right/tv_l/tv_r/av_l/av_r/x/y/theta/t_err: 1.19554 1.63185 0.39938 1.19814 1.29178 0.87231 0.86769 0.87231 0.86769 6.22318 2.31757 24.31496 0.05436
target: 1.63185 0.05224
target: 1.63185 0.05224
fb: 1.34779 0.04201 0.93321 0.97434
fb: 1.28578 0.03728 0.96421 1.00000
dist/lin/ang/drive_left/drive_right/tv_l/tv_r/av_l/av_r/x/y/theta/t_err: 1.16862 1.64687 0.36021 1.24851 1.32306 0.77222 0.84903 0.77222 0.84903 7.18876 2.75791 24.71265 0.04859
target: 1.64687 0.04712
target: 1.64687 0.04712
fb: 1.33433 0.03491 0.94371 0.98374
fb: 1.28777 0.03094 0.96699 1.00000
dist/lin/ang/drive_left/drive_right/tv_l/tv_r/av_l/av_r/x/y/theta/t_err: 1.14196 1.65878 0.33337 1.25683 1.31870 0.69967 0.77036 0.69967 0.77036 8.14189 3.19997 25.03413 0.04405
target: 1.65878 0.04361
target: 1.65878 0.04361
fb: 1.36147 0.02871 0.92368 0.97307
fb: 1.44289 0.02878 0.88297 0.93235
dist/lin/ang/drive_left/drive_right/tv_l/tv_r/av_l/av_r/x/y/theta/t_err: 1.11475 1.66846 0.31048 1.41412 1.47167 0.71761 0.77411 0.71761 0.77411 9.11203 3.65610 25.30265 0.04037
target: 1.66846 0.04061
target: 1.66846 0.04061
fb: 1.44686 0.02648 0.88055 0.93029
fb: 1.48371 0.02557 0.86212 0.91186
dist/lin/ang/drive_left/drive_right/tv_l/tv_r/av_l/av_r/x/y/theta/t_err: 1.08584 1.67717 0.28607 1.45814 1.50928 0.70531 0.82439 0.70531 0.82439 10.14089 4.14535 25.54918 0.03709
target: 1.67717 0.03742
target: 1.67717 0.03742
fb: 1.46407 0.02689 0.87899 0.92253
fb: 1.46805 0.02975 0.87701 0.92054
dist/lin/ang/drive_left/drive_right/tv_l/tv_r/av_l/av_r/x/y/theta/t_err: 1.05657 1.68519 0.26277 1.43829 1.49780 0.73475 0.78794 0.73475 0.78794 11.17996 4.64465 25.77788 0.03407
target: 1.68519 0.03437
target: 1.68519 0.03437
fb: 1.50313 0.03435 0.86548 0.90614
fb: 1.56315 0.03609 0.83547 0.87613
dist/lin/ang/drive_left/drive_right/tv_l/tv_r/av_l/av_r/x/y/theta/t_err: 1.02653 1.69576 0.21940 1.52706 1.59924 0.78333 0.82731 0.78333 0.82731 12.24451 5.16192 26.05763 0.03011
target: 1.69576 0.02870
target: 1.69576 0.02870
fb: 1.50490 0.03484 0.89996 0.90976
fb: 1.54572 0.03386 0.87955 0.88935
dist/lin/ang/drive_left/drive_right/tv_l/tv_r/av_l/av_r/x/y/theta/t_err: 0.99644 1.70790 0.17487 1.51186 1.57958 0.76556 0.80181 0.76556 0.80181 13.30764 5.68526 26.36419 0.02559
target: 1.70790 0.02287
target: 1.70790 0.02287
fb: 1.48570 0.03296 0.93153 0.93237
fb: 1.55344 0.03275 0.89766 0.89850
dist/lin/ang/drive_left/drive_right/tv_l/tv_r/av_l/av_r/x/y/theta/t_err: 0.96674 1.72006 0.13635 1.52069 1.58619 0.77292 0.78572 0.77292 0.78572 14.35449 6.20740 26.66273 0.02109
target: 1.72006 0.01784
target: 1.72006 0.01784
fb: 1.66973 0.03261 0.85050 0.85170
fb: 1.61368 0.03156 0.87853 0.87972
dist/lin/ang/drive_left/drive_right/tv_l/tv_r/av_l/av_r/x/y/theta/t_err: 0.93335 1.73175 0.10137 1.58212 1.64524 0.77481 0.78058 0.77481 0.78058 15.52800 6.80021 26.94743 0.01679
target: 1.73175 0.01326
target: 1.73175 0.01326
fb: 1.60971 0.03247 0.89024 0.88941
fb: 1.61147 0.03372 0.88936 0.88853
dist/lin/ang/drive_left/drive_right/tv_l/tv_r/av_l/av_r/x/y/theta/t_err: 0.90116 1.74426 0.05921 1.57775 1.64520 0.79772 0.79583 0.79772 0.79583 16.65642 7.37744 27.23901 0.01221
target: 1.74426 0.00774
target: 1.74426 0.00774
fb: 1.62317 0.03198 0.90615 0.88960
fb: 1.62140 0.02947 0.90704 0.89048
dist/lin/ang/drive_left/drive_right/tv_l/tv_r/av_l/av_r/x/y/theta/t_err: 0.86869 1.75742 0.01601 1.59193 1.65088 0.78453 0.85058 0.78453 0.85058 17.79128 7.96532 27.53378 0.00742
target: 1.75742 0.00209
target: 1.75742 0.00209
fb: 1.68164 0.03226 0.89585 0.87062
fb: 1.66399 0.03623 0.90468 0.87945
dist/lin/ang/drive_left/drive_right/tv_l/tv_r/av_l/av_r/x/y/theta/t_err: 0.83506 1.76983 -0.01961 1.62776 1.70022 0.83161 0.81994 0.83161 0.81994 18.96399 8.58018 27.80260 0.00294
target: 1.76983 -0.00257
target: 1.76983 -0.00257
fb: 1.64634 0.03337 0.92052 0.89786
fb: 1.73968 0.03017 0.87385 0.85119
dist/lin/ang/drive_left/drive_right/tv_l/tv_r/av_l/av_r/x/y/theta/t_err: 0.80213 1.77145 -0.07315 1.70951 1.76985 0.78367 0.83517 0.78367 0.83517 20.10904 9.18790 28.10635 -0.00235
target: 1.77145 -0.00957
target: 1.77145 -0.00957
fb: 1.68164 0.03324 0.87641 0.82153
fb: 1.67370 0.03602 0.88038 0.82550
dist/lin/ang/drive_left/drive_right/tv_l/tv_r/av_l/av_r/x/y/theta/t_err: 0.76850 1.75698 -0.11750 1.63768 1.70972 0.79192 0.79000 0.79192 0.79000 21.27552 9.81451 28.39402 -0.00758
target: 1.75698 -0.01537
target: 1.75698 -0.01537
fb: 1.68319 0.03386 0.79656 0.74207
fb: 1.66973 0.02836 0.80329 0.74880
dist/lin/ang/drive_left/drive_right/tv_l/tv_r/av_l/av_r/x/y/theta/t_err: 0.73484 1.74086 -0.17434 1.64137 1.69809 0.79633 0.78864 0.79633 0.78864 22.43974 10.44786 28.70332 -0.01345
target: 1.74086 -0.02281
target: 1.74086 -0.02281
fb: 1.78050 0.02655 0.73896 0.65925
fb: 1.63884 0.02571 0.80979 0.73008
dist/lin/ang/drive_left/drive_right/tv_l/tv_r/av_l/av_r/x/y/theta/t_err: 0.69924 1.72714 -0.20921 1.61313 1.66455 0.77186 0.72669 0.77186 0.72669 23.66796 11.12387 28.94586 -0.01848
target: 1.72714 -0.02737
target: 1.72714 -0.02737
fb: 1.72026 0.02285 0.75631 0.69650
fb: 1.87141 0.02299 0.68073 0.62093
dist/lin/ang/drive_left/drive_right/tv_l/tv_r/av_l/av_r/x/y/theta/t_err: 0.66484 1.71398 -0.24927 1.84842 1.89440 0.76692 0.70186 0.76692 0.70186 24.85193 11.78190 29.16324 -0.02334
target: 1.71398 -0.03261
target: 1.71398 -0.03261
fb: 1.73173 0.02132 0.74736 0.67428
fb: 1.71254 0.01526 0.75696 0.68388
dist/lin/ang/drive_left/drive_right/tv_l/tv_r/av_l/av_r/x/y/theta/t_err: 0.63021 1.70120 -0.28892 1.69728 1.72780 0.71267 0.66047 0.71267 0.66047 26.04153 12.44836 29.35627 -0.02808
target: 1.70120 -0.03779
target: 1.70120 -0.03779
fb: 1.68738 0.01024 0.76269 0.68298
fb: 1.71827 0.00725 0.74725 0.66754
dist/lin/ang/drive_left/drive_right/tv_l/tv_r/av_l/av_r/x/y/theta/t_err: 0.59648 1.69109 -0.31176 1.71103 1.72552 0.73817 0.66936 0.73817 0.66936 27.19879 13.10108 29.47790 -0.03186
target: 1.69109 -0.04078
target: 1.69109 -0.04078
fb: 1.77454 0.00606 0.71262 0.64896
fb: 1.72423 0.00509 0.73778 0.67411
dist/lin/ang/drive_left/drive_right/tv_l/tv_r/av_l/av_r/x/y/theta/t_err: 0.56101 1.68308 -0.32984 1.71915 1.72932 0.73919 0.66767 0.73919 0.66767 28.41484 13.78927 29.53273 -0.03486
target: 1.68308 -0.04315
target: 1.68308 -0.04315
fb: 1.71254 0.00195 0.74356 0.68251
fb: 1.80345 -0.00327 0.69810 0.63705
dist/lin/ang/drive_left/drive_right/tv_l/tv_r/av_l/av_r/x/y/theta/t_err: 0.52678 1.67573 -0.35127 1.80672 1.80017 0.72222 0.66219 0.72222 0.66219 29.58790 14.45431 29.56028 -0.03763
target: 1.67573 -0.04595
target: 1.67573 -0.04595
fb: 1.70857 -0.00829 0.74533 0.67657
fb: 1.58080 -0.01184 0.80921 0.74045
dist/lin/ang/drive_left/drive_right/tv_l/tv_r/av_l/av_r/x/y/theta/t_err: 0.49264 1.67124 -0.35511 1.59265 1.56896 0.71147 0.65553 0.71147 0.65553 30.75834 15.11760 29.50921 -0.03932
target: 1.67124 -0.04645
target: 1.67124 -0.04645
fb: 1.73173 -0.01575 0.73109 0.68275
fb: 1.70084 -0.01888 0.74654 0.69819
dist/lin/ang/drive_left/drive_right/tv_l/tv_r/av_l/av_r/x/y/theta/t_err: 0.45803 1.66899 -0.35402 1.71972 1.68196 0.76261 0.70514 0.76261 0.70514 31.94567 15.78810 29.39189 -0.04017
target: 1.66899 -0.04631
target: 1.66899 -0.04631
fb: 1.66024 -0.02230 0.77073 0.72868
fb: 1.68319 -0.02676 0.75925 0.71721
dist/lin/ang/drive_left/drive_right/tv_l/tv_r/av_l/av_r/x/y/theta/t_err: 0.42485 1.63206 -0.34280 1.70994 1.65643 0.74158 0.69144 0.74158 0.69144 33.08569 16.42789 29.21078 -0.04003
target: 1.63206 -0.04484
target: 1.63206 -0.04484
fb: 1.62317 -0.02724 0.60996 0.57632
fb: 1.74939 -0.02822 0.54685 0.51321
dist/lin/ang/drive_left/drive_right/tv_l/tv_r/av_l/av_r/x/y/theta/t_err: 0.39241 1.57080 -0.32718 1.77761 1.72117 0.70550 0.69883 0.70550 0.69883 34.20249 17.04938 28.97802 -0.03911
target: 1.57080 -0.04280
target: 1.57080 -0.04280
fb: 1.74542 -0.02899 0.39175 0.36185
fb: 1.67370 -0.03052 0.42761 0.39771
dist/lin/ang/drive_left/drive_right/tv_l/tv_r/av_l/av_r/x/y/theta/t_err: 0.35753 1.50138 -0.32052 1.70422 1.64318 0.59736 0.61531 0.59736 0.61531 35.40621 17.71262 28.72257 -0.03826
target: 1.50138 -0.04193
target: 1.50138 -0.04193
fb: 1.68937 -0.03275 0.32860 0.28749
fb: 1.64457 -0.03512 0.35099 0.30989
dist/lin/ang/drive_left/drive_right/tv_l/tv_r/av_l/av_r/x/y/theta/t_err: 0.32377 1.43124 -0.30845 1.67969 1.60946 0.47431 0.50442 0.47431 0.50442 36.57426 18.34911 28.44458 -0.03715
target: 1.43124 -0.04035
target: 1.43124 -0.04035
fb: 1.62714 -0.03972 0.28866 0.25533
fb: 1.57683 -0.04397 0.31381 0.28049
dist/lin/ang/drive_left/drive_right/tv_l/tv_r/av_l/av_r/x/y/theta/t_err: 0.29125 1.36141 -0.28529 1.62080 1.53287 0.40842 0.41561 0.40842 0.41561 37.70248 18.95625 28.11901 -0.03531
target: 1.36141 -0.03732
target: 1.36141 -0.03732
fb: 1.54572 -0.04111 0.25847 0.24174
fb: 1.55146 -0.02808 0.25560 0.23887
dist/lin/ang/drive_left/drive_right/tv_l/tv_r/av_l/av_r/x/y/theta/t_err: 0.26035 1.29301 -0.25045 1.57953 1.52338 0.40997 0.37200 0.40997 0.37200 38.77785 19.52626 27.73770 -0.03245
target: 1.29301 -0.03276
target: 1.29301 -0.03276
fb: 1.42347 -0.02139 0.25306 0.25588
fb: 1.43517 -0.02627 0.24722 0.25003
dist/lin/ang/drive_left/drive_right/tv_l/tv_r/av_l/av_r/x/y/theta/t_err: 0.23190 1.22135 -0.26900 1.46144 1.40890 0.37372 0.33469 0.37372 0.33469 39.77103 20.04577 27.49375 -0.03191
target: 1.22135 -0.03519
target: 1.22135 -0.03519
fb: 1.50887 -0.04090 0.16510 0.10063
fb: 1.37316 -0.05518 0.23295 0.16848
dist/lin/ang/drive_left/drive_right/tv_l/tv_r/av_l/av_r/x/y/theta/t_err: 0.20173 1.13955 -0.27040 1.42835 1.31798 0.33228 0.34886 0.33228 0.34886 40.82606 20.59208 27.22553 -0.03169
target: 1.13955 -0.03537
target: 1.13955 -0.03537
fb: 1.27409 -0.04947 0.15741 0.11061
fb: 1.30895 -0.04208 0.13997 0.09318
dist/lin/ang/drive_left/drive_right/tv_l/tv_r/av_l/av_r/x/y/theta/t_err: 0.17626 1.11963 -0.19716 1.35103 1.26687 0.30919 0.24672 0.30919 0.24672 41.71997 21.04745 26.76419 -0.02764
target: 1.11963 -0.02579
target: 1.11963 -0.02579
fb: 1.20237 -0.03672 0.37234 0.43556
fb: 1.14235 -0.03442 0.40235 0.46557
dist/lin/ang/drive_left/drive_right/tv_l/tv_r/av_l/av_r/x/y/theta/t_err: 0.15218 1.04032 -0.11997 1.17677 1.10793 0.24572 0.14339 0.24572 0.14339 42.56661 21.47118 26.40153 -0.02131
target: 1.04032 -0.01569
target: 1.04032 -0.01569
fb: 1.13264 -0.03958 0.08826 0.16024
fb: 1.07064 -0.04787 0.11927 0.19125
dist/lin/ang/drive_left/drive_right/tv_l/tv_r/av_l/av_r/x/y/theta/t_err: 0.12954 0.95984 -0.07742 1.11851 1.02277 0.30986 0.35436 0.30986 0.35436 43.36648 21.86563 26.07547 -0.01562
target: 0.95984 -0.01013
target: 0.95984 -0.01013
fb: 1.08211 -0.05128 -0.06583 0.09008
fb: 0.99473 -0.04536 0.09590 0.13377
dist/lin/ang/drive_left/drive_right/tv_l/tv_r/av_l/av_r/x/y/theta/t_err: 0.10792 0.87608 0.00440 1.04009 0.94937 0.13808 0.28094 0.13808 0.28094 44.13315 22.23741 25.64813 -0.00816
target: 0.87608 0.00058
target: 0.87608 0.00058
fb: 0.98326 -0.03121 -0.13614 0.07931
fb: 0.98326 -0.02069 -0.13614 0.07931
dist/lin/ang/drive_left/drive_right/tv_l/tv_r/av_l/av_r/x/y/theta/t_err: 0.08827 0.79230 0.04684 1.00395 0.96256 0.05939 0.15722 0.05939 0.15722 44.83223 22.57011 25.28765 -0.00187
target: 0.79230 0.00613
target: 0.79230 0.00613
fb: 0.89411 -0.01491 -0.14850 -0.10061
fb: 0.77782 -0.01310 -0.09035 0.08553
dist/lin/ang/drive_left/drive_right/tv_l/tv_r/av_l/av_r/x/y/theta/t_err: 0.07039 0.70753 0.04089 0.79092 0.76473 -0.10317 0.09939 -0.10317 0.09939 45.46928 22.86981 25.11217 0.00119
target: 0.70753 0.00535
target: 0.70753 0.00535
fb: 0.73303 -0.01491 -0.12016 -0.13122
fb: 0.72134 -0.01909 -0.11432 -0.12537
dist/lin/ang/drive_left/drive_right/tv_l/tv_r/av_l/av_r/x/y/theta/t_err: 0.05573 0.62956 0.05210 0.74043 0.70224 -0.09892 0.06706 -0.09892 0.06706 45.99219 23.11417 24.98329 0.00344
target: 0.62956 0.00682
target: 0.62956 0.00682
fb: 0.59755 -0.01986 -0.10729 -0.09583
fb: 0.57614 -0.01623 -0.09659 -0.08513
dist/lin/ang/drive_left/drive_right/tv_l/tv_r/av_l/av_r/x/y/theta/t_err: 0.04378 0.55801 0.08469 0.59238 0.55991 -0.10144 -0.09464 -0.10144 -0.09464 46.41894 23.31232 24.81363 0.00640
target: 0.55801 0.01108
target: 0.55801 0.01108
fb: 0.55650 -0.01359 -0.14173 -0.09900
fb: 0.40535 -0.01184 -0.06616 0.10458
dist/lin/ang/drive_left/drive_right/tv_l/tv_r/av_l/av_r/x/y/theta/t_err: 0.03265 0.48191 0.10054 0.41720 0.39351 -0.09922 -0.07767 -0.09922 -0.07767 46.81690 23.49574 24.67358 0.00885
target: 0.48191 0.01315
target: 0.48191 0.01315
fb: 0.35681 -0.01331 0.10953 0.15097
fb: 0.33342 -0.01881 0.12123 0.16267
dist/lin/ang/drive_left/drive_right/tv_l/tv_r/av_l/av_r/x/y/theta/t_err: 0.02552 0.42602 0.11258 0.35223 0.31460 -0.00769 0.04842 -0.00769 0.04842 47.07231 23.61277 24.56120 0.01081
target: 0.42602 0.01473
target: 0.42602 0.01473
fb: 0.26965 -0.01986 0.14612 0.18521
fb: 0.25795 -0.00948 0.15196 0.19106
dist/lin/ang/drive_left/drive_right/tv_l/tv_r/av_l/av_r/x/y/theta/t_err: 0.02013 0.37836 0.14784 0.26743 0.24847 0.12658 0.15006 0.12658 0.15006 47.26554 23.70076 24.39218 0.01376
target: 0.37836 0.01934
target: 0.37836 0.01934
fb: 0.26567 0.00000 0.10633 0.17903
fb: 0.25596 0.00314 0.11118 0.18389
dist/lin/ang/drive_left/drive_right/tv_l/tv_r/av_l/av_r/x/y/theta/t_err: 0.01482 0.32461 0.13960 0.25283 0.25910 0.14047 0.17864 0.14047 0.17864 47.45613 23.78700 24.32669 0.01490
target: 0.32461 0.01826
target: 0.32461 0.01826
fb: 0.25994 0.00397 0.07659 0.09662
fb: 0.28906 0.00543 0.06203 0.08205
dist/lin/ang/drive_left/drive_right/tv_l/tv_r/av_l/av_r/x/y/theta/t_err: 0.00962 0.26153 0.11774 0.28363 0.29450 0.10936 0.16736 0.10936 0.16736 47.64261 23.87137 24.35882 0.01434
target: 0.26153 0.01540
target: 0.26153 0.01540
fb: 0.29480 0.00829 -0.08251 -0.09220
fb: 0.27935 0.00808 -0.07479 -0.08447
dist/lin/ang/drive_left/drive_right/tv_l/tv_r/av_l/av_r/x/y/theta/t_err: 0.00372 0.00093 0.10713 0.27127 0.28744 0.02431 0.08333 0.02431 0.08333 47.85403 23.96719 24.40875 0.01347
target: 0.00093 0.01401
target: 0.00093 0.01401
fb: 0.25001 0.00362 -0.68757 -0.68588
fb: 0.21316 0.00000 -0.66914 -0.66746
dist/lin/ang/drive_left/drive_right/tv_l/tv_r/av_l/av_r/x/y/theta/t_err: -0.00128 -0.00032 0.09966 0.21316 0.21316 -0.14817 -0.09186 -0.14817 -0.09186 48.03325 24.04863 24.45860 0.01260
target: -0.00032 0.01304
target: -0.00032 0.01304
fb: 0.17278 0.00000 -0.04598 0.04590
fb: 0.10680 -0.00195 -0.04598 0.04590
dist/lin/ang/drive_left/drive_right/tv_l/tv_r/av_l/av_r/x/y/theta/t_err: -0.00474 -0.00118 0.10773 0.10875 0.10485 -0.32428 -0.26228 -0.32428 -0.26228 48.15709 24.10496 24.46057 0.01257
target: -0.00118 0.01409
target: -0.00118 0.01409
fb: 0.05031 -0.00188 -0.05538 0.05622
fb: 0.03089 0.00348 -0.05538 0.05622
final error: 0.22811, x: -0.19315, y: -0.12136
final local error: 0.22811, forwards: -0.22606, sideways: -0.03053
position: 48.19315 24.12136 24.45077
took 1.36000 time to finish turn
dist/lin/ang/drive_left/drive_right/tv_l/tv_r/av_l/av_r/x/y/theta/t_err: -1.37256 -0.09144 0.19613 0.00000 0.00000 0.00000 -0.00017 0.00000 -0.00017 48.32494 24.18201 205.27692 0.02281
target: -0.09144 0.02566
target: -0.09144 0.02566
fb: 0.00000 0.00000 -0.38837 -0.12748
fb: 0.00000 0.00000 -0.38837 -0.12748
dist/lin/ang/drive_left/drive_right/tv_l/tv_r/av_l/av_r/x/y/theta/t_err: -1.37256 -0.18288 0.19607 0.00000 0.00000 -0.02739 -0.02739 -0.02739 -0.02739 48.32494 24.18201 205.27709 0.02280
target: -0.18288 0.02565
target: -0.18288 0.02565
fb: 0.00000 0.00000 -0.39816 -0.36824
fb: 0.00000 0.00000 -0.39816 -0.36824
dist/lin/ang/drive_left/drive_right/tv_l/tv_r/av_l/av_r/x/y/theta/t_err: -1.37256 -0.27432 0.19625 0.00000 0.00000 -0.32031 -0.15675 -0.32031 -0.15675 48.32494 24.18201 205.27664 0.02281
target: -0.27432 0.02567
target: -0.27432 0.02567
fb: 0.00000 0.00913 -0.47787 -0.44764
fb: 0.00000 0.01714 -0.47787 -0.44764
dist/lin/ang/drive_left/drive_right/tv_l/tv_r/av_l/av_r/x/y/theta/t_err: -1.37256 -0.36576 0.16695 -0.01714 0.01714 -0.37181 -0.33025 -0.37181 -0.33025 48.32494 24.18201 205.36665 0.02124
target: -0.36576 0.02184
target: -0.36576 0.02184
fb: -0.01942 0.01498 -0.52779 -0.53748
fb: -0.11629 0.01240 -0.47936 -0.48904
dist/lin/ang/drive_left/drive_right/tv_l/tv_r/av_l/av_r/x/y/theta/t_err: -1.37023 -0.45720 0.14204 -0.12869 -0.10389 -0.44231 -0.40914 -0.44231 -0.40914 48.24226 24.14266 205.49368 0.01906
target: -0.45720 0.01858
target: -0.45720 0.01858
fb: -0.21514 0.00892 -0.50988 -0.51883
fb: -0.25221 0.00718 -0.49135 -0.50029
dist/lin/ang/drive_left/drive_right/tv_l/tv_r/av_l/av_r/x/y/theta/t_err: -1.36519 -0.54864 0.14088 -0.25939 -0.24504 -0.46303 -0.42214 -0.46303 -0.42214 48.06306 24.05705 205.56840 0.01782
target: -0.54864 0.01843
target: -0.54864 0.01843
fb: -0.29105 0.00752 -0.79073 -0.79067
fb: -0.34136 0.00968 -0.76558 -0.76551
dist/lin/ang/drive_left/drive_right/tv_l/tv_r/av_l/av_r/x/y/theta/t_err: -1.35836 -0.64008 0.13185 -0.35104 -0.33168 -0.46731 -0.45378 -0.46731 -0.45378 47.82067 23.94090 205.63927 0.01667
target: -0.64008 0.01725
target: -0.64008 0.01725
fb: -0.37424 0.00975 -0.82701 -0.83865
fb: -0.37622 0.00746 -0.82602 -0.83765
dist/lin/ang/drive_left/drive_right/tv_l/tv_r/av_l/av_r/x/y/theta/t_err: -1.35084 -0.73152 0.12003 -0.38368 -0.36877 -0.41717 -0.42417 -0.41717 -0.42417 47.55369 23.81253 205.71623 0.01541
target: -0.73152 0.01570
target: -0.73152 0.01570
fb: -0.40138 0.00502 -0.89407 -0.91191
fb: -0.45368 0.00509 -0.86792 -0.88576
dist/lin/ang/drive_left/drive_right/tv_l/tv_r/av_l/av_r/x/y/theta/t_err: -1.34177 -0.82296 0.11994 -0.45876 -0.44859 -0.49772 -0.57508 -0.49772 -0.57508 47.23191 23.65739 205.76093 0.01474
target: -0.82296 0.01569
target: -0.82296 0.01569
fb: -0.47331 0.00383 -0.94831 -0.95317
fb: -0.49648 0.00209 -0.93672 -0.94158
dist/lin/ang/drive_left/drive_right/tv_l/tv_r/av_l/av_r/x/y/theta/t_err: -1.33184 -0.91440 0.12114 -0.49857 -0.49439 -0.48528 -0.46386 -0.48528 -0.46386 46.87988 23.48739 205.78433 0.01444
target: -0.91440 0.01585
target: -0.91440 0.01585
fb: -0.55275 0.00397 -0.99275 -0.99671
fb: -0.57018 0.00592 -0.98403 -0.98799
dist/lin/ang/drive_left/drive_right/tv_l/tv_r/av_l/av_r/x/y/theta/t_err: -1.32043 -1.00584 0.11445 -0.57611 -0.56426 -0.51950 -0.38447 -0.51950 -0.38447 46.47567 23.29199 205.82119 0.01391
target: -1.00584 0.01497
target: -1.00584 0.01497
fb: -0.60505 0.00334 -1.00000 -1.00000
fb: -0.62447 0.00418 -1.00000 -1.00000
dist/lin/ang/drive_left/drive_right/tv_l/tv_r/av_l/av_r/x/y/theta/t_err: -1.30795 -1.09728 0.11552 -0.62865 -0.62029 -0.49861 -0.52139 -0.49861 -0.52139 46.03308 23.07776 205.84151 0.01369
target: -1.09728 0.01511
target: -1.09728 0.01511
fb: -0.63616 0.00725 -1.00000 -1.00000
fb: -0.70214 0.00307 -1.00000 -1.00000
dist/lin/ang/drive_left/drive_right/tv_l/tv_r/av_l/av_r/x/y/theta/t_err: -1.29390 -1.18872 0.10234 -0.70520 -0.69907 -0.63567 -0.69831 -0.63567 -0.69831 45.53563 22.83651 205.89715 0.01286
target: -1.18872 0.01339
target: -1.18872 0.01339
fb: -0.72531 -0.00098 -1.00000 -1.00000
fb: -0.74473 0.00000 -1.00000 -1.00000
dist/lin/ang/drive_left/drive_right/tv_l/tv_r/av_l/av_r/x/y/theta/t_err: -1.27901 -1.28016 0.11300 -0.74473 -0.74473 -0.79978 -0.81089 -0.79978 -0.81089 45.00813 22.58037 205.89840 0.01299
target: -1.28016 0.01478
target: -1.28016 0.01478
fb: -0.79702 -0.00230 -1.00000 -1.00000
fb: -0.87469 -0.00425 -1.00000 -1.00000
dist/lin/ang/drive_left/drive_right/tv_l/tv_r/av_l/av_r/x/y/theta/t_err: -1.26152 -1.37160 0.12313 -0.87044 -0.87894 -0.83261 -0.83022 -0.83261 -0.83022 44.38851 22.27966 205.87371 0.01360
target: -1.37160 0.01611
target: -1.37160 0.01611
fb: -0.91154 -0.00934 -1.00000 -1.00000
fb: -0.91927 -0.01212 -1.00000 -1.00000
dist/lin/ang/drive_left/drive_right/tv_l/tv_r/av_l/av_r/x/y/theta/t_err: -1.24314 -1.46304 0.15079 -0.90714 -0.93139 -0.84458 -0.83964 -0.84458 -0.83964 43.73700 21.96428 205.78179 0.01542
target: -1.46304 0.01972
target: -1.46304 0.01972
fb: -0.97355 -0.00878 -1.00000 -1.00000
fb: -1.03555 -0.00314 -1.00000 -1.00000
dist/lin/ang/drive_left/drive_right/tv_l/tv_r/av_l/av_r/x/y/theta/t_err: -1.22243 -1.55448 0.15819 -1.03242 -1.03869 -0.84528 -0.84611 -0.84528 -0.84611 43.00254 21.61010 205.71860 0.01680
target: -1.55448 0.02069
target: -1.55448 0.02069
fb: -0.98723 -0.00056 -1.00000 -1.00000
fb: -1.06667 -0.00188 -1.00000 -1.00000
dist/lin/ang/drive_left/drive_right/tv_l/tv_r/av_l/av_r/x/y/theta/t_err: -1.20110 -1.64592 0.15509 -1.06479 -1.06855 -0.85194 -0.84939 -0.85194 -0.84939 42.24579 21.24574 205.70307 0.01737
target: -1.64592 0.02029
target: -1.64592 0.02029
fb: -1.06468 -0.00822 -1.00000 -1.00000
fb: -1.11918 -0.01435 -1.00000 -1.00000
dist/lin/ang/drive_left/drive_right/tv_l/tv_r/av_l/av_r/x/y/theta/t_err: -1.17872 -1.72492 0.18526 -1.10483 -1.13354 -0.85692 -0.85072 -0.85692 -0.85072 41.45146 20.86412 205.61221 0.01930
target: -1.72492 0.02423
target: -1.72492 0.02423
fb: -1.26063 -0.01693 -1.00000 -1.00000
fb: -1.19465 -0.01958 -1.00000 -1.00000
dist/lin/ang/drive_left/drive_right/tv_l/tv_r/av_l/av_r/x/y/theta/t_err: -1.15483 -1.71611 0.22641 -1.17507 -1.21423 -0.86769 -0.86172 -0.86769 -0.86172 40.60266 20.45867 205.45051 0.02255
target: -1.71611 0.02962
target: -1.71611 0.02962
fb: -1.26835 -0.02041 -0.99706 -0.92744
fb: -1.28953 -0.02348 -0.98647 -0.91684
dist/lin/ang/drive_left/drive_right/tv_l/tv_r/av_l/av_r/x/y/theta/t_err: -1.12905 -1.70606 0.26324 -1.26605 -1.31301 -0.80231 -0.75133 -0.80231 -0.75133 39.68516 20.02372 205.26843 0.02628
target: -1.70606 0.03443
target: -1.70606 0.03443
fb: -1.25467 -0.01937 -0.99043 -0.91906
fb: -1.30520 -0.00941 -0.96517 -0.89380
dist/lin/ang/drive_left/drive_right/tv_l/tv_r/av_l/av_r/x/y/theta/t_err: -1.10295 -1.69764 0.28428 -1.29579 -1.31461 -0.69967 -0.79511 -0.69967 -0.79511 38.75516 19.58633 205.12631 0.02941
target: -1.69764 0.03719
target: -1.69764 0.03719
fb: -1.25688 -0.00599 -0.98075 -0.92440
fb: -1.30917 -0.01387 -0.95460 -0.89825
dist/lin/ang/drive_left/drive_right/tv_l/tv_r/av_l/av_r/x/y/theta/t_err: -1.07678 -1.69243 0.28913 -1.29531 -1.32304 -0.77769 -0.72206 -0.77769 -0.72206 37.82162 19.14913 205.05654 0.03136
target: -1.69243 0.03782
target: -1.69243 0.03782
fb: -1.42347 -0.01742 -0.89644 -0.85873
fb: -1.29748 -0.01651 -0.95944 -0.92172
dist/lin/ang/drive_left/drive_right/tv_l/tv_r/av_l/av_r/x/y/theta/t_err: -1.05085 -1.68395 0.32874 -1.28096 -1.31399 -0.80081 -0.67569 -0.80081 -0.67569 36.89564 18.71751 204.92054 0.03453
target: -1.68395 0.04300
target: -1.68395 0.04300
fb: -1.41774 -0.01414 -0.90247 -0.81622
fb: -1.46032 -0.00780 -0.88118 -0.79493
dist/lin/ang/drive_left/drive_right/tv_l/tv_r/av_l/av_r/x/y/theta/t_err: -1.02166 -1.67655 0.34877 -1.45252 -1.46813 -0.75531 -0.77342 -0.75531 -0.77342 35.85240 18.23395 204.81904 0.03732
target: -1.67655 0.04562
target: -1.67655 0.04562
fb: -1.44664 -0.00550 -0.87580 -0.80913
fb: -1.53027 -0.00864 -0.83399 -0.76732
dist/lin/ang/drive_left/drive_right/tv_l/tv_r/av_l/av_r/x/y/theta/t_err: -0.99108 -1.66998 0.36714 -1.52163 -1.53891 -0.74483 -0.76297 -0.74483 -0.76297 34.75844 17.72883 204.74377 0.03980
target: -1.66998 0.04803
target: -1.66998 0.04803
fb: -1.39655 -0.01554 -0.89877 -0.83085
fb: -1.44091 -0.02007 -0.87659 -0.80867
dist/lin/ang/drive_left/drive_right/tv_l/tv_r/av_l/av_r/x/y/theta/t_err: -0.96228 -1.65999 0.41270 -1.42084 -1.46097 -0.74294 -0.75100 -0.74294 -0.75100 33.72743 17.25526 204.59737 0.04359
target: -1.65999 0.05398
target: -1.65999 0.05398
fb: -1.50490 -0.01603 -0.84189 -0.73325
fb: -1.42745 -0.01338 -0.88061 -0.77198
dist/lin/ang/drive_left/drive_right/tv_l/tv_r/av_l/av_r/x/y/theta/t_err: -0.93376 -1.65066 0.44101 -1.41407 -1.44082 -0.74400 -0.73458 -0.74400 -0.73458 32.70494 16.78854 204.47180 0.04714
target: -1.65066 0.05769
target: -1.65066 0.05769
fb: -1.49717 -0.01108 -0.83216 -0.73880
fb: -1.54572 -0.00906 -0.80788 -0.71452
dist/lin/ang/drive_left/drive_right/tv_l/tv_r/av_l/av_r/x/y/theta/t_err: -0.90289 -1.64175 0.46883 -1.53666 -1.55478 -0.74314 -0.74414 -0.74314 -0.74414 31.59672 16.28537 204.37077 0.05055
target: -1.64175 0.06133
target: -1.64175 0.06133
fb: -1.50490 -0.00975 -0.82406 -0.72633
fb: -1.54550 -0.00892 -0.80376 -0.70603
dist/lin/ang/drive_left/drive_right/tv_l/tv_r/av_l/av_r/x/y/theta/t_err: -0.87202 -1.63334 0.49490 -1.53658 -1.55442 -0.75614 -0.71183 -0.75614 -0.71183 30.48787 15.78402 204.28956 0.05379
target: -1.63334 0.06474
target: -1.63334 0.06474
fb: -1.49144 -0.00794 -0.82635 -0.72602
fb: -1.53998 -0.00502 -0.80208 -0.70175
dist/lin/ang/drive_left/drive_right/tv_l/tv_r/av_l/av_r/x/y/theta/t_err: -0.84127 -1.62563 0.51793 -1.53496 -1.54500 -0.75886 -0.70308 -0.75886 -0.70308 29.38233 15.28588 204.23300 0.05676
target: -1.62563 0.06775
target: -1.62563 0.06775
fb: -1.60772 -0.00077 -0.76421 -0.66341
fb: -1.42943 0.00578 -0.85335 -0.75255
dist/lin/ang/drive_left/drive_right/tv_l/tv_r/av_l/av_r/x/y/theta/t_err: -0.81272 -1.62104 0.52123 -1.43521 -1.42365 -0.76486 -0.68939 -0.76486 -0.68939 28.35598 14.82387 204.24540 0.05854
target: -1.62104 0.06818
target: -1.62104 0.06818
fb: -1.51461 0.00801 -0.80774 -0.73000
fb: -1.59603 0.01031 -0.76703 -0.68929
dist/lin/ang/drive_left/drive_right/tv_l/tv_r/av_l/av_r/x/y/theta/t_err: -0.78086 -1.61785 0.52645 -1.60634 -1.58572 -0.77219 -0.70772 -0.77219 -0.70772 27.21037 14.30724 204.31044 0.05978
target: -1.61785 0.06887
target: -1.61785 0.06887
fb: -1.55366 0.01394 -0.79252 -0.71178
fb: -1.49717 0.01247 -0.82076 -0.74002
dist/lin/ang/drive_left/drive_right/tv_l/tv_r/av_l/av_r/x/y/theta/t_err: -0.75097 -1.61669 0.52248 -1.50965 -1.48470 -0.76264 -0.69300 -0.76264 -0.69300 26.13645 13.82098 204.41908 0.06023
target: -1.61669 0.06835
target: -1.61669 0.06835
fb: -1.52034 0.01331 -0.81046 -0.74154
fb: -1.68142 0.01735 -0.72992 -0.66100
dist/lin/ang/drive_left/drive_right/tv_l/tv_r/av_l/av_r/x/y/theta/t_err: -0.71740 -1.61530 0.52798 -1.69877 -1.66407 -0.77511 -0.72036 -0.77511 -0.72036 24.93152 13.27234 204.54700 0.06077
target: -1.61530 0.06906
target: -1.61530 0.06906
fb: -1.53601 0.01923 -0.80653 -0.72544
fb: -1.59801 0.02007 -0.77553 -0.69443
dist/lin/ang/drive_left/drive_right/tv_l/tv_r/av_l/av_r/x/y/theta/t_err: -0.68550 -1.61610 0.51681 -1.61808 -1.57795 -0.74911 -0.68906 -0.74911 -0.68906 23.78780 12.74778 204.72281 0.06046
target: -1.61610 0.06760
target: -1.61610 0.06760
fb: -1.57286 0.02223 -0.78678 -0.72763
fb: -1.54572 0.02536 -0.80036 -0.74121
dist/lin/ang/drive_left/drive_right/tv_l/tv_r/av_l/av_r/x/y/theta/t_err: -0.65464 -1.61819 0.50485 -1.57108 -1.52036 -0.76761 -0.69522 -0.76761 -0.69522 22.68320 12.23671 204.92770 0.05965
target: -1.61819 0.06604
target: -1.61819 0.06604
fb: -1.69113 0.02724 -0.73318 -0.67730
fb: -1.50887 0.02864 -0.82431 -0.76843
dist/lin/ang/drive_left/drive_right/tv_l/tv_r/av_l/av_r/x/y/theta/t_err: -0.62452 -1.62192 0.48601 -1.53751 -1.48023 -0.76725 -0.70600 -0.76725 -0.70600 21.60679 11.73383 205.17025 0.05820
target: -1.62192 0.06358
target: -1.62192 0.06358
fb: -1.58455 0.02885 -0.79076 -0.74661
fb: -1.70857 0.02857 -0.72876 -0.68461
dist/lin/ang/drive_left/drive_right/tv_l/tv_r/av_l/av_r/x/y/theta/t_err: -0.59040 -1.62454 0.48167 -1.73713 -1.68000 -0.77308 -0.72397 -0.77308 -0.72397 20.39041 11.15909 205.41415 0.05719
target: -1.62454 0.06301
target: -1.62454 0.06301
fb: -1.54373 0.02787 -0.81722 -0.75663
fb: -1.57683 0.02669 -0.80067 -0.74008
dist/lin/ang/drive_left/drive_right/tv_l/tv_r/av_l/av_r/x/y/theta/t_err: -0.55892 -1.62728 0.47208 -1.60352 -1.55015 -0.75647 -0.70033 -0.75647 -0.70033 19.27011 10.62384 205.65274 0.05613
target: -1.62728 0.06175
target: -1.62728 0.06175
fb: -1.66002 0.02585 -0.75815 -0.70550
fb: -1.60574 0.02634 -0.78529 -0.73264
dist/lin/ang/drive_left/drive_right/tv_l/tv_r/av_l/av_r/x/y/theta/t_err: -0.52685 -1.62919 0.46893 -1.63208 -1.57940 -0.77050 -0.72636 -0.77050 -0.72636 18.13147 10.07419 205.88400 0.05539
target: -1.62919 0.06134
target: -1.62919 0.06134
fb: -1.52056 0.02703 -0.82983 -0.77005
fb: -1.61170 0.02857 -0.78427 -0.72448
dist/lin/ang/drive_left/drive_right/tv_l/tv_r/av_l/av_r/x/y/theta/t_err: -0.49467 -1.63172 0.45820 -1.64026 -1.58313 -0.77186 -0.71728 -0.77186 -0.71728 16.99100 9.51759 206.13802 0.05441
target: -1.63172 0.05994
target: -1.63172 0.05994
fb: -1.66598 0.03101 -0.75647 -0.70763
fb: -1.59426 0.03296 -0.79233 -0.74348
dist/lin/ang/drive_left/drive_right/tv_l/tv_r/av_l/av_r/x/y/theta/t_err: -0.46283 -1.63469 0.44662 -1.62722 -1.56131 -0.77206 -0.72361 -0.77206 -0.72361 15.86537 8.96189 206.40895 0.05327
target: -1.63469 0.05842
target: -1.63469 0.05842
fb: -1.61147 0.02989 -0.78672 -0.74103
fb: -1.62891 0.02857 -0.77800 -0.73231
dist/lin/ang/drive_left/drive_right/tv_l/tv_r/av_l/av_r/x/y/theta/t_err: -0.43030 -1.61005 0.44580 -1.65747 -1.60034 -0.76861 -0.71989 -0.76861 -0.71989 14.71792 8.38880 206.66785 0.05261
target: -1.61005 0.05832
target: -1.61005 0.05832
fb: -1.66024 0.02989 -0.63567 -0.57310
fb: -1.61170 0.02864 -0.65994 -0.59737
dist/lin/ang/drive_left/drive_right/tv_l/tv_r/av_l/av_r/x/y/theta/t_err: -0.39811 -1.54945 0.44637 -1.64033 -1.58306 -0.75425 -0.69347 -0.75425 -0.69347 13.58512 7.81674 206.92021 0.05228
target: -1.54945 0.05839
target: -1.54945 0.05839
fb: -1.60199 0.02745 -0.46666 -0.39641
fb: -1.64259 0.02550 -0.44636 -0.37611
dist/lin/ang/drive_left/drive_right/tv_l/tv_r/av_l/av_r/x/y/theta/t_err: -0.36530 -1.48329 0.45713 -1.66809 -1.61709 -0.65208 -0.58244 -0.65208 -0.58244 12.43311 7.22878 207.15568 0.05269
target: -1.48329 0.05980
target: -1.48329 0.05980
fb: -1.62714 0.02543 -0.37845 -0.29286
fb: -1.65053 0.02376 -0.36676 -0.28117
dist/lin/ang/drive_left/drive_right/tv_l/tv_r/av_l/av_r/x/y/theta/t_err: -0.33234 -1.41174 0.47827 -1.67429 -1.62677 -0.55131 -0.47281 -0.55131 -0.47281 11.27787 6.63343 207.36705 0.05404
target: -1.41174 0.06256
target: -1.41174 0.06256
fb: -1.60375 0.02257 -0.31142 -0.20840
fb: -1.57087 0.02926 -0.32785 -0.22484
dist/lin/ang/drive_left/drive_right/tv_l/tv_r/av_l/av_r/x/y/theta/t_err: -0.30096 -1.33987 0.49599 -1.60014 -1.54161 -0.44694 -0.38331 -0.44694 -0.38331 10.18043 6.06283 207.58289 0.05572
target: -1.33987 0.06488
target: -1.33987 0.06488
fb: -1.60772 0.04013 -0.24223 -0.13938
fb: -1.48548 0.04229 -0.30335 -0.20050
dist/lin/ang/drive_left/drive_right/tv_l/tv_r/av_l/av_r/x/y/theta/t_err: -0.27130 -1.27268 0.47412 -1.52777 -1.44319 -0.42161 -0.32458 -0.42161 -0.32458 9.14525 5.51829 207.93012 0.05545
target: -1.27268 0.06202
target: -1.27268 0.06202
fb: -1.38861 0.03874 -0.28405 -0.23180
fb: -1.33830 0.03776 -0.30920 -0.25695
dist/lin/ang/drive_left/drive_right/tv_l/tv_r/av_l/av_r/x/y/theta/t_err: -0.24458 -1.20869 0.47376 -1.37606 -1.30053 -0.40894 -0.30883 -0.40894 -0.30883 8.21567 5.02199 208.26879 0.05528
target: -1.20869 0.06197
target: -1.20869 0.06197
fb: -1.35176 0.03776 -0.26961 -0.19201
fb: -1.34977 0.03992 -0.27060 -0.19300
dist/lin/ang/drive_left/drive_right/tv_l/tv_r/av_l/av_r/x/y/theta/t_err: -0.21762 -1.13901 0.48707 -1.38970 -1.30985 -0.38311 -0.30681 -0.38311 -0.30681 7.28103 4.51601 208.60570 0.05591
target: -1.13901 0.06371
target: -1.13901 0.06371
fb: -1.27806 0.04055 -0.22943 -0.13189
fb: -1.29350 0.04020 -0.22171 -0.12416
dist/lin/ang/drive_left/drive_right/tv_l/tv_r/av_l/av_r/x/y/theta/t_err: -0.19179 -1.06774 0.49766 -1.33371 -1.25330 -0.35369 -0.25033 -0.35369 -0.25033 6.38837 4.02557 208.96151 0.05681
target: -1.06774 0.06510
target: -1.06774 0.06510
fb: -1.22576 0.03930 -0.18364 -0.08653
fb: -1.10947 0.04626 -0.24178 -0.14468
dist/lin/ang/drive_left/drive_right/tv_l/tv_r/av_l/av_r/x/y/theta/t_err: -0.16964 -1.09840 0.50215 -1.15574 -1.06321 -0.30269 -0.19167 -0.30269 -0.19167 5.62530 3.60025 209.32273 0.05754
target: -1.09840 0.06569
target: -1.09840 0.06569
fb: -1.07836 0.05177 -0.68977 -0.61460
fb: -0.99297 0.05720 -0.73246 -0.65730
dist/lin/ang/drive_left/drive_right/tv_l/tv_r/av_l/av_r/x/y/theta/t_err: -0.14957 -1.03139 0.34498 -1.05017 -0.93576 -0.29519 -0.21647 -0.29519 -0.21647 4.94504 3.21482 209.78443 0.04948
target: -1.03139 0.04513
target: -1.03139 0.04513
fb: -0.90360 0.05797 -0.21650 -0.34438
fb: -0.96958 0.05574 -0.18351 -0.31139
dist/lin/ang/drive_left/drive_right/tv_l/tv_r/av_l/av_r/x/y/theta/t_err: -0.13025 -0.96247 0.26391 -1.02532 -0.91384 -0.52872 -0.45944 -0.52872 -0.45944 4.28416 2.83261 210.28242 0.04079
target: -0.96247 0.03452
target: -0.96247 0.03452
fb: -0.97178 0.05351 -0.14964 -0.20144
fb: -0.94266 0.04863 -0.16420 -0.21601
dist/lin/ang/drive_left/drive_right/tv_l/tv_r/av_l/av_r/x/y/theta/t_err: -0.11145 -0.89030 0.20374 -0.99129 -0.89402 -0.31108 -0.35744 -0.31108 -0.35744 3.64474 2.45569 210.73549 0.03289
target: -0.89030 0.02665
target: -0.89030 0.02665
fb: -0.95788 0.04229 -0.08493 -0.12169
fb: -0.95214 0.03756 -0.08780 -0.12455
dist/lin/ang/drive_left/drive_right/tv_l/tv_r/av_l/av_r/x/y/theta/t_err: -0.09245 -0.81084 0.16712 -0.98970 -0.91459 -0.16375 -0.22636 -0.16375 -0.22636 3.00156 2.07046 211.09189 0.02666
target: -0.81084 0.02186
target: -0.81084 0.02186
fb: -0.91750 0.03177 0.10383 0.10005
fb: -0.82240 0.01359 -0.06176 -0.07550
dist/lin/ang/drive_left/drive_right/tv_l/tv_r/av_l/av_r/x/y/theta/t_err: -0.07602 -0.73528 0.15724 -0.83598 -0.80881 -0.08214 -0.06142 -0.08214 -0.06142 2.44776 1.73484 211.31392 0.02279
target: -0.73528 0.02057
target: -0.73528 0.02057
fb: -0.75819 0.00453 0.06255 0.08859
fb: -0.72906 0.00794 -0.07006 0.07402
dist/lin/ang/drive_left/drive_right/tv_l/tv_r/av_l/av_r/x/y/theta/t_err: -0.06144 -0.66104 0.17882 -0.73700 -0.72112 -0.03439 -0.01694 -0.03439 -0.01694 1.95746 1.43627 211.36681 0.02187
target: -0.66104 0.02339
target: -0.66104 0.02339
fb: -0.62071 0.01303 -0.08228 0.10315
fb: -0.60328 0.01826 -0.09100 0.09443
dist/lin/ang/drive_left/drive_right/tv_l/tv_r/av_l/av_r/x/y/theta/t_err: -0.04939 -0.59266 0.14627 -0.62154 -0.58503 -0.07322 0.06039 -0.07322 0.06039 1.55212 1.18857 211.49553 0.01962
target: -0.59266 0.01913
target: -0.59266 0.01913
fb: -0.60505 0.02097 0.10149 0.09909
fb: -0.49847 0.01895 -0.06984 -0.08220
dist/lin/ang/drive_left/drive_right/tv_l/tv_r/av_l/av_r/x/y/theta/t_err: -0.03943 -0.52958 0.11291 -0.51742 -0.47952 -0.04019 0.07975 -0.04019 0.07975 1.21775 0.98303 211.66750 0.01662
target: -0.52958 0.01477
target: -0.52958 0.01477
fb: -0.46537 0.01777 0.07134 -0.06618
fb: -0.43249 0.01623 -0.06315 -0.08262
dist/lin/ang/drive_left/drive_right/tv_l/tv_r/av_l/av_r/x/y/theta/t_err: -0.03080 -0.46801 0.09345 -0.44873 -0.41626 -0.01044 -0.04944 -0.01044 -0.04944 0.92814 0.80388 211.81990 0.01396
target: -0.46801 0.01222
target: -0.46801 0.01222
fb: -0.39564 0.01435 -0.12196 -0.13314
fb: -0.39564 0.01157 -0.12196 -0.13314
dist/lin/ang/drive_left/drive_right/tv_l/tv_r/av_l/av_r/x/y/theta/t_err: -0.02289 -0.40352 0.08246 -0.40721 -0.38408 -0.08144 -0.10147 -0.08144 -0.10147 0.66361 0.63934 211.93567 0.01194
target: -0.40352 0.01079
target: -0.40352 0.01079
fb: -0.35681 0.00578 -0.08346 -0.08661
fb: -0.30628 0.00369 -0.10872 -0.11188
dist/lin/ang/drive_left/drive_right/tv_l/tv_r/av_l/av_r/x/y/theta/t_err: -0.01677 -0.34538 0.08703 -0.30997 -0.30258 -0.11739 -0.12800 -0.11739 -0.12800 0.45901 0.51168 211.98383 0.01110
target: -0.34538 0.01138
target: -0.34538 0.01138
fb: -0.27538 0.00209 -0.09587 -0.07990
fb: -0.24449 0.00111 -0.11131 -0.09534
dist/lin/ang/drive_left/drive_right/tv_l/tv_r/av_l/av_r/x/y/theta/t_err: -0.01188 -0.29073 0.09091 -0.24561 -0.24338 -0.10692 -0.10900 -0.10692 -0.10900 0.29573 0.40969 211.99779 0.01085
target: -0.29073 0.01189
target: -0.29073 0.01189
fb: -0.22904 0.00244 -0.07837 -0.06252
fb: -0.20543 0.00564 -0.09017 -0.07433
dist/lin/ang/drive_left/drive_right/tv_l/tv_r/av_l/av_r/x/y/theta/t_err: -0.00778 -0.23520 0.08428 -0.21108 -0.19979 -0.10283 -0.09139 -0.10283 -0.09139 0.15856 0.32395 212.02572 0.01037
target: -0.23520 0.01102
target: -0.23520 0.01102
fb: -0.19572 0.00857 0.03984 0.05192
fb: -0.20168 0.01010 0.04282 0.05490
dist/lin/ang/drive_left/drive_right/tv_l/tv_r/av_l/av_r/x/y/theta/t_err: -0.00375 -0.00094 0.06435 -0.21179 -0.19158 -0.04844 -0.04811 -0.04844 -0.04811 0.02398 0.23965 212.10212 0.00903
target: -0.00094 0.00842
target: -0.00094 0.00842
fb: -0.18822 0.01010 0.60693 0.59981
fb: -0.17851 0.00948 0.51329 0.50616
dist/lin/ang/drive_left/drive_right/tv_l/tv_r/av_l/av_r/x/y/theta/t_err: -0.00019 -0.00005 0.04980 -0.18799 -0.16904 0.14492 0.08931 0.14492 0.08931 -0.09503 0.16486 212.18802 0.00753
target: -0.00005 0.00651
target: -0.00005 0.00651
fb: -0.16483 0.00948 0.04499 -0.04622
fb: -0.12401 0.00530 0.04499 -0.04622
decreased target to 40.00000
decreased target to 32.00000
start is 0.00000 0.00000
dist/lin/ang/drive_left/drive_right/tv_l/tv_r/av_l/av_r/x/y/theta/t_err: 1.01600 0.09144 1.20000 0.00000 0.00000 -0.00017 0.00017 -0.00017 0.00017 0.00000 0.00000 -0.00000 0.64350
target: 0.09144 0.15697
target: 0.09144 0.15697
fb: 0.00000 0.00000 -0.71234 1.00000
fb: 0.00000 0.00000 -0.71234 1.00000
dist/lin/ang/drive_left/drive_right/tv_l/tv_r/av_l/av_r/x/y/theta/t_err: 1.01600 0.18288 2.40000 0.00000 0.00000 -0.02756 0.07444 -0.02756 0.07444 0.00000 0.00000 -0.00001 0.64350
target: 0.18288 0.31394
target: 0.18288 0.31394
fb: 0.00000 0.00000 -0.77073 1.00000
fb: 0.00000 0.02041 -0.76052 1.00000
dist/lin/ang/drive_left/drive_right/tv_l/tv_r/av_l/av_r/x/y/theta/t_err: 1.01600 0.27432 3.60000 -0.02041 0.02041 -0.43750 0.48097 -0.43750 0.48097 0.00000 0.00000 -0.00002 0.64350
target: 0.27432 0.47092
target: 0.27432 0.47092
fb: 0.00000 0.06368 -0.84299 1.00000
fb: 0.00000 0.10688 -0.82139 1.00000
dist/lin/ang/drive_left/drive_right/tv_l/tv_r/av_l/av_r/x/y/theta/t_err: 1.01600 0.36576 4.80000 -0.10688 0.10688 -0.53283 0.60058 -0.53283 0.60058 0.00000 0.00000 0.28912 0.63845
target: 0.36576 0.62789
target: 0.36576 0.62789
fb: 0.00000 0.14938 -0.90424 1.00000
fb: 0.00000 0.18917 -0.88435 1.00000
dist/lin/ang/drive_left/drive_right/tv_l/tv_r/av_l/av_r/x/y/theta/t_err: 1.01600 0.45720 5.15735 -0.18917 0.18917 -0.45122 0.71950 -0.45122 0.71950 0.00000 0.00000 1.31603 0.62053
target: 0.45720 0.67463
target: 0.45720 0.67463
fb: 0.00000 0.22645 -0.34483 1.00000
fb: 0.00000 0.26414 -0.32598 1.00000
dist/lin/ang/drive_left/drive_right/tv_l/tv_r/av_l/av_r/x/y/theta/t_err: 1.01600 0.54864 4.77435 -0.26414 0.26414 -0.47961 0.82286 -0.47961 0.82286 0.00000 0.00000 3.04791 0.59031
target: 0.54864 0.62453
target: 0.54864 0.62453
fb: 0.00000 0.30253 0.57060 1.00000
fb: 0.00000 0.33612 0.58740 1.00000
dist/lin/ang/drive_left/drive_right/tv_l/tv_r/av_l/av_r/x/y/theta/t_err: 1.01600 0.64008 4.30119 -0.33612 0.33612 -0.20894 0.87197 -0.20894 0.87197 0.00000 0.00000 5.43657 0.54862
target: 0.64008 0.56264
target: 0.64008 0.56264
fb: 0.02515 0.36357 0.79734 1.00000
fb: 0.07171 0.38154 0.78305 1.00000
dist/lin/ang/drive_left/drive_right/tv_l/tv_r/av_l/av_r/x/y/theta/t_err: 1.01556 0.73152 3.75204 -0.30983 0.45326 0.38703 0.86650 0.38703 0.86650 0.01963 0.00264 8.42628 0.49668
target: 0.73152 0.49080
target: 0.73152 0.49080
fb: 0.10282 0.38802 0.98282 1.00000
fb: 0.13592 0.37848 0.96149 1.00000
dist/lin/ang/drive_left/drive_right/tv_l/tv_r/av_l/av_r/x/y/theta/t_err: 1.01372 0.82296 3.20426 -0.24256 0.51440 0.51625 0.85981 0.51625 0.85981 0.09932 0.01692 11.76583 0.43930
target: 0.82296 0.41915
target: 0.82296 0.41915
fb: 0.19395 0.35625 1.00000 1.00000
fb: 0.24426 0.34058 1.00000 1.00000
dist/lin/ang/drive_left/drive_right/tv_l/tv_r/av_l/av_r/x/y/theta/t_err: 1.01017 0.91440 2.75487 -0.09631 0.58484 0.44589 0.85828 0.44589 0.85828 0.24777 0.05270 15.00481 0.38430
target: 0.91440 0.36036
target: 0.91440 0.36036
fb: 0.27736 0.33040 1.00000 1.00000
fb: 0.31620 0.32086 1.00000 1.00000
dist/lin/ang/drive_left/drive_right/tv_l/tv_r/av_l/av_r/x/y/theta/t_err: 1.00497 1.00584 2.38021 -0.00466 0.63705 0.65619 0.81858 0.65619 0.81858 0.45710 0.11488 17.96400 0.33458
target: 1.00584 0.31136
target: 1.00584 0.31136
fb: 0.33738 0.31305 1.00000 1.00000
fb: 0.37224 0.29877 1.00000 1.00000
dist/lin/ang/drive_left/drive_right/tv_l/tv_r/av_l/av_r/x/y/theta/t_err: 0.99855 1.09728 2.00965 0.07347 0.67101 0.74689 0.82389 0.74689 0.82389 0.70770 0.20298 20.75509 0.28793
target: 1.09728 0.26288
target: 1.09728 0.26288
fb: 0.45190 0.28156 1.00000 1.00000
fb: 0.51391 0.26484 1.00000 1.00000
dist/lin/ang/drive_left/drive_right/tv_l/tv_r/av_l/av_r/x/y/theta/t_err: 0.98983 1.18872 1.68593 0.24907 0.77874 0.79856 0.81858 0.79856 0.81858 1.03732 0.33697 23.32591 0.24544
target: 1.18872 0.22054
target: 1.18872 0.22054
fb: 0.58187 0.24993 1.00000 1.00000
fb: 0.66131 0.23766 1.00000 1.00000
dist/lin/ang/drive_left/drive_right/tv_l/tv_r/av_l/av_r/x/y/theta/t_err: 0.97849 1.27069 1.41940 0.42364 0.89897 0.81806 0.83089 0.81806 0.83089 1.45410 0.52720 25.60730 0.20827
target: 1.27069 0.18567
target: 1.27069 0.18567
fb: 0.68845 0.22491 1.00000 1.00000
fb: 0.72353 0.21523 1.00000 1.00000
dist/lin/ang/drive_left/drive_right/tv_l/tv_r/av_l/av_r/x/y/theta/t_err: 0.96497 1.34215 1.17629 0.50830 0.93876 0.83383 0.83517 0.83383 0.83517 1.93860 0.77028 27.65577 0.17521
target: 1.34215 0.15387
target: 1.34215 0.15387
fb: 0.76789 0.20568 1.00000 1.00000
fb: 0.79701 0.19349 1.00000 1.00000
dist/lin/ang/drive_left/drive_right/tv_l/tv_r/av_l/av_r/x/y/theta/t_err: 0.94981 1.40955 0.95072 0.60352 0.99050 0.83789 0.83861 0.83789 0.83861 2.46944 1.05971 29.51529 0.14531
target: 1.40955 0.12436
target: 1.40955 0.12436
fb: 0.84181 0.18060 1.00000 1.00000
fb: 0.83784 0.16450 1.00000 1.00000
dist/lin/ang/drive_left/drive_right/tv_l/tv_r/av_l/av_r/x/y/theta/t_err: 0.93312 1.47215 0.75234 0.67333 1.00234 0.84289 0.84564 0.84289 0.84564 3.04129 1.39486 31.18173 0.11857
target: 1.47215 0.09841
target: 1.47215 0.09841
fb: 0.88815 0.15154 1.00000 1.00000
fb: 0.98899 0.14137 1.00000 1.00000
dist/lin/ang/drive_left/drive_right/tv_l/tv_r/av_l/av_r/x/y/theta/t_err: 0.91546 1.52692 0.59864 0.84762 1.13036 0.84408 0.84083 0.84408 0.84083 3.63476 1.76477 32.59589 0.09593
target: 1.52692 0.07831
target: 1.52692 0.07831
fb: 0.97354 0.13482 1.00000 1.00000
fb: 1.03952 0.13022 1.00000 1.00000
dist/lin/ang/drive_left/drive_right/tv_l/tv_r/av_l/av_r/x/y/theta/t_err: 0.89606 1.57560 0.46100 0.90930 1.16975 0.85125 0.84989 0.85125 0.84989 4.27615 2.18457 33.82336 0.07636
target: 1.57560 0.06030
target: 1.57560 0.06030
fb: 1.11521 0.12486 1.00000 1.00000
fb: 1.07439 0.11789 1.00000 1.00000
dist/lin/ang/drive_left/drive_right/tv_l/tv_r/av_l/av_r/x/y/theta/t_err: 0.87380 1.62128 0.32351 0.95650 1.19228 0.86444 0.86494 0.86444 0.86494 5.00083 2.68046 34.94710 0.05845
target: 1.62128 0.04232
target: 1.62128 0.04232
fb: 1.15780 0.10876 1.00000 1.00000
fb: 1.20436 0.09873 1.00000 1.00000
dist/lin/ang/drive_left/drive_right/tv_l/tv_r/av_l/av_r/x/y/theta/t_err: 0.85068 1.66376 0.19962 1.10562 1.30309 0.87058 0.87400 0.87058 0.87400 5.74319 3.20961 35.95715 0.04216
target: 1.66376 0.02611
target: 1.66376 0.02611
fb: 1.15206 0.08737 1.00000 1.00000
fb: 1.28777 0.08375 1.00000 1.00000
dist/lin/ang/drive_left/drive_right/tv_l/tv_r/av_l/av_r/x/y/theta/t_err: 0.82765 1.70030 0.10696 1.20402 1.37152 0.86922 0.86650 0.86922 0.86650 6.47343 3.74778 36.79964 0.02842
target: 1.70030 0.01399
target: 1.70030 0.01399
fb: 1.28975 0.07964 1.00000 1.00000
fb: 1.29748 0.07462 1.00000 1.00000
dist/lin/ang/drive_left/drive_right/tv_l/tv_r/av_l/av_r/x/y/theta/t_err: 0.80186 1.73269 0.02165 1.22285 1.37210 0.87572 0.87164 0.87572 0.87164 7.28288 4.36107 37.52683 0.01644
target: 1.73269 0.00283
target: 1.73269 0.00283
fb: 1.43517 0.06877 1.00000 1.00000
fb: 1.38088 0.06480 1.00000 1.00000
dist/lin/ang/drive_left/drive_right/tv_l/tv_r/av_l/av_r/x/y/theta/t_err: 0.77316 1.76217 -0.05834 1.31609 1.44568 0.88617 0.88378 0.88617 0.88378 8.17519 5.05446 38.16505 0.00570
target: 1.76217 -0.00763
target: 1.76217 -0.00763
fb: 1.40979 0.05985 1.00000 1.00000
fb: 1.49519 0.05581 1.00000 1.00000
dist/lin/ang/drive_left/drive_right/tv_l/tv_r/av_l/av_r/x/y/theta/t_err: 0.74496 1.76726 -0.12893 1.43938 1.55100 0.88547 0.88394 0.88547 0.88394 9.04451 5.74478 38.71477 -0.00387
target: 1.76726 -0.01687
target: 1.76726 -0.01687
fb: 1.45657 0.05233 1.00000 0.92950
fb: 1.48945 0.05100 0.99746 0.91306
dist/lin/ang/drive_left/drive_right/tv_l/tv_r/av_l/av_r/x/y/theta/t_err: 0.71583 1.74290 -0.19768 1.43845 1.54045 0.90019 0.80594 0.90019 0.80594 9.93634 6.46590 39.20235 -0.01271
target: 1.74290 -0.02586
target: 1.74290 -0.02586
fb: 1.53005 0.04829 0.84214 0.74304
fb: 1.53998 0.03972 0.83717 0.73808
dist/lin/ang/drive_left/drive_right/tv_l/tv_r/av_l/av_r/x/y/theta/t_err: 0.68524 1.72000 -0.26560 1.50027 1.57970 0.72875 0.77275 0.72875 0.77275 10.86703 7.23094 39.64165 -0.02111
target: 1.72000 -0.03474
target: 1.72000 -0.03474
fb: 1.60971 0.03560 0.79276 0.68256
fb: 1.51659 0.03560 0.83932 0.72912
dist/lin/ang/drive_left/drive_right/tv_l/tv_r/av_l/av_r/x/y/theta/t_err: 0.65305 1.70039 -0.31684 1.48099 1.55220 0.76181 0.71353 0.76181 0.71353 11.84049 8.04266 39.98980 -0.02838
target: 1.70039 -0.04145
target: 1.70039 -0.04145
fb: 1.57485 0.03191 0.80013 0.70078
fb: 1.73968 0.02731 0.71771 0.61836
dist/lin/ang/drive_left/drive_right/tv_l/tv_r/av_l/av_r/x/y/theta/t_err: 0.62157 1.68226 -0.37029 1.71237 1.76699 0.77853 0.70189 0.77853 0.70189 12.78832 8.84223 40.28801 -0.03517
target: 1.68226 -0.04844
target: 1.68226 -0.04844
fb: 1.60772 0.02278 0.77911 0.66771
fb: 1.58433 0.01644 0.79081 0.67940
dist/lin/ang/drive_left/drive_right/tv_l/tv_r/av_l/av_r/x/y/theta/t_err: 0.58944 1.66594 -0.41702 1.56789 1.60078 0.74072 0.65003 0.74072 0.65003 13.75227 9.66281 40.52458 -0.04133
target: 1.66594 -0.05455
target: 1.66594 -0.05455
fb: 1.60971 0.01101 0.77062 0.65894
fb: 1.51858 0.00634 0.81619 0.70450
dist/lin/ang/drive_left/drive_right/tv_l/tv_r/av_l/av_r/x/y/theta/t_err: 0.55728 1.65385 -0.44091 1.51224 1.52492 0.76675 0.66117 0.76675 0.66117 14.71476 10.48752 40.64726 -0.04592
target: 1.65385 -0.05768
target: 1.65385 -0.05768
fb: 1.67172 -0.00146 0.73417 0.64566
fb: 1.66796 -0.00829 0.73604 0.64753
dist/lin/ang/drive_left/drive_right/tv_l/tv_r/av_l/av_r/x/y/theta/t_err: 0.52388 1.64457 -0.46094 1.67626 1.65967 0.76436 0.67364 0.76436 0.67364 15.71310 11.34541 40.68102 -0.04947
target: 1.64457 -0.06030
target: 1.64457 -0.06030
fb: 1.59228 -0.01345 0.77614 0.68895
fb: 1.67172 -0.01826 0.73642 0.64923
dist/lin/ang/drive_left/drive_right/tv_l/tv_r/av_l/av_r/x/y/theta/t_err: 0.49208 1.64056 -0.45405 1.68997 1.65346 0.73936 0.64731 0.73936 0.64731 16.66450 12.16197 40.58844 -0.05101
target: 1.64056 -0.05939
target: 1.64056 -0.05939
fb: 1.58632 -0.02041 0.78012 0.72660
fb: 1.59426 -0.02264 0.77615 0.72263
dist/lin/ang/drive_left/drive_right/tv_l/tv_r/av_l/av_r/x/y/theta/t_err: 0.46039 1.63907 -0.44936 1.61691 1.57162 0.73508 0.65450 0.73508 0.65450 17.61412 12.97338 40.42529 -0.05158
target: 1.63907 -0.05878
target: 1.63907 -0.05878
fb: 1.65825 -0.02738 0.75373 0.69880
fb: 1.58235 -0.03184 0.79168 0.73676
dist/lin/ang/drive_left/drive_right/tv_l/tv_r/av_l/av_r/x/y/theta/t_err: 0.42727 1.60679 -0.44504 1.61419 1.55051 0.75906 0.69864 0.75906 0.69864 18.60963 13.81828 40.20839 -0.05166
target: 1.60679 -0.05822
target: 1.60679 -0.05822
fb: 1.57683 -0.03337 0.64176 0.58227
fb: 1.59029 -0.03449 0.63503 0.57554
dist/lin/ang/drive_left/drive_right/tv_l/tv_r/av_l/av_r/x/y/theta/t_err: 0.39578 1.54873 -0.42691 1.62478 1.55580 0.75561 0.68461 0.75561 0.68461 19.55978 14.61752 39.93023 -0.05073
target: 1.54873 -0.05584
target: 1.54873 -0.05584
fb: 1.62714 -0.03693 0.45085 0.40645
fb: 1.68341 -0.03860 0.42272 0.37832
dist/lin/ang/drive_left/drive_right/tv_l/tv_r/av_l/av_r/x/y/theta/t_err: 0.36327 1.48675 -0.41275 1.72201 1.64481 0.64661 0.58158 0.64661 0.58158 20.54454 15.43712 39.61191 -0.04946
target: 1.48675 -0.05399
target: 1.48675 -0.05399
fb: 1.52034 -0.03644 0.43322 0.38552
fb: 1.50115 -0.03407 0.44282 0.39512
dist/lin/ang/drive_left/drive_right/tv_l/tv_r/av_l/av_r/x/y/theta/t_err: 0.33290 1.42693 -0.39510 1.53522 1.46707 0.53419 0.47586 0.53419 0.47586 21.46895 16.19776 39.27474 -0.04783
target: 1.42693 -0.05168
target: 1.42693 -0.05168
fb: 1.68142 -0.03261 0.30319 0.26254
fb: 1.63486 -0.03686 0.32647 0.28581
dist/lin/ang/drive_left/drive_right/tv_l/tv_r/av_l/av_r/x/y/theta/t_err: 0.29931 1.35345 -0.40770 1.67172 1.59801 0.45225 0.40828 0.45225 0.40828 22.49612 17.03309 38.97306 -0.04764
target: 1.35345 -0.05333
target: 1.35345 -0.05333
fb: 1.55344 -0.04801 0.26453 0.18330
fb: 1.55741 -0.05477 0.26255 0.18131
dist/lin/ang/drive_left/drive_right/tv_l/tv_r/av_l/av_r/x/y/theta/t_err: 0.26828 1.28333 -0.39178 1.61218 1.50265 0.38550 0.35558 0.38550 0.35558 23.44930 17.79965 38.62121 -0.04667
target: 1.28333 -0.05125
target: 1.28333 -0.05125
fb: 1.43715 -0.05699 0.25401 0.20906
fb: 1.37118 -0.05811 0.28700 0.24205
dist/lin/ang/drive_left/drive_right/tv_l/tv_r/av_l/av_r/x/y/theta/t_err: 0.23956 1.21943 -0.33656 1.42929 1.31307 0.36411 0.31331 0.36411 0.31331 24.33629 18.50235 38.12872 -0.04319
target: 1.21943 -0.04403
target: 1.21943 -0.04403
fb: 1.34205 -0.05588 0.24029 0.25180
fb: 1.28578 -0.05449 0.26842 0.27993
dist/lin/ang/drive_left/drive_right/tv_l/tv_r/av_l/av_r/x/y/theta/t_err: 0.21275 1.15628 -0.29874 1.34027 1.23129 0.37061 0.33158 0.37061 0.33158 25.17036 19.15121 37.62395 -0.03928
target: 1.15628 -0.03908
target: 1.15628 -0.03908
fb: 1.28004 -0.05483 0.22371 0.22100
fb: 1.21208 -0.05337 0.25769 0.25498
dist/lin/ang/drive_left/drive_right/tv_l/tv_r/av_l/av_r/x/y/theta/t_err: 0.18716 1.09086 -0.26942 1.26545 1.15871 0.34239 0.31175 0.34239 0.31175 25.97124 19.76314 37.13853 -0.03560
target: 1.09086 -0.03524
target: 1.09086 -0.03524
fb: 1.17722 -0.05261 0.20886 0.20043
fb: 1.08211 -0.05532 0.25642 0.24798
dist/lin/ang/drive_left/drive_right/tv_l/tv_r/av_l/av_r/x/y/theta/t_err: 0.16363 1.07877 -0.23861 1.13744 1.02679 0.31483 0.28933 0.31483 0.28933 26.71248 20.31972 36.67091 -0.03197
target: 1.07877 -0.03121
target: 1.07877 -0.03121
fb: 1.11521 -0.05769 0.43861 0.44531
fb: 1.20061 -0.05825 0.39591 0.40261
dist/lin/ang/drive_left/drive_right/tv_l/tv_r/av_l/av_r/x/y/theta/t_err: 0.14128 1.00240 -0.11477 1.25886 1.14236 0.32117 0.29331 0.32117 0.29331 27.41918 20.84094 36.17751 -0.02336
target: 1.00240 -0.01501
target: 1.00240 -0.01501
fb: 1.03754 -0.06027 0.08512 0.21304
fb: 1.00268 -0.06236 0.10255 0.23047
dist/lin/ang/drive_left/drive_right/tv_l/tv_r/av_l/av_r/x/y/theta/t_err: 0.12056 0.92598 -0.03178 1.06504 0.94032 0.32561 0.34308 0.32561 0.34308 28.08069 21.32034 35.65660 -0.01427
target: 0.92598 -0.00416
target: 0.92598 -0.00416
fb: 1.02783 -0.05811 -0.08111 0.13083
fb: 0.97355 -0.04933 0.06408 0.15797
dist/lin/ang/drive_left/drive_right/tv_l/tv_r/av_l/av_r/x/y/theta/t_err: 0.10003 0.84344 0.05086 1.02288 0.92422 0.13689 0.25531 0.13689 0.25531 28.74045 21.78907 35.12197 -0.00494
target: 0.84344 0.00665
target: 0.84344 0.00665
fb: 0.93868 -0.04278 -0.14327 0.08131
fb: 0.86300 -0.03121 -0.10542 0.11915
dist/lin/ang/drive_left/drive_right/tv_l/tv_r/av_l/av_r/x/y/theta/t_err: 0.08126 0.76023 0.09567 0.89421 0.83178 0.03764 0.17764 0.03764 0.17764 29.34661 22.21199 34.69651 0.00249
target: 0.76023 0.01251
target: 0.76023 0.01251
fb: 0.76216 -0.02188 -0.11515 0.07200
fb: 0.70589 -0.02160 -0.08702 0.10014
dist/lin/ang/drive_left/drive_right/tv_l/tv_r/av_l/av_r/x/y/theta/t_err: 0.06602 0.68525 0.10521 0.72749 0.68429 -0.08692 0.12283 -0.08692 0.12283 29.84084 22.55242 34.43838 0.00699
target: 0.68525 0.01376
target: 0.68525 0.01376
fb: 0.64587 -0.01707 -0.07245 0.07544
fb: 0.62248 -0.00105 -0.06076 0.08713
dist/lin/ang/drive_left/drive_right/tv_l/tv_r/av_l/av_r/x/y/theta/t_err: 0.05311 0.61458 0.11729 0.62353 0.62143 -0.07375 0.11261 -0.07375 0.11261 30.26070 22.83937 34.26238 0.01007
target: 0.61458 0.01534
target: 0.61458 0.01534
fb: 0.59335 0.01491 -0.09588 -0.07084
fb: 0.50046 0.02676 0.06862 0.10361
dist/lin/ang/drive_left/drive_right/tv_l/tv_r/av_l/av_r/x/y/theta/t_err: 0.04124 0.54158 0.07971 0.47370 0.52721 -0.06692 0.06758 -0.06692 0.06758 30.64687 23.10235 34.28352 0.00970
target: 0.54158 0.01043
target: 0.54158 0.01043
fb: 0.46162 0.03972 -0.07332 -0.11443
fb: 0.42676 0.04863 0.06216 -0.09700
dist/lin/ang/drive_left/drive_right/tv_l/tv_r/av_l/av_r/x/y/theta/t_err: 0.03201 0.47710 -0.00205 0.37812 0.47539 0.00117 0.03711 0.00117 0.03711 30.94678 23.30771 34.54674 0.00510
target: 0.47710 -0.00027
target: 0.47710 -0.00027
fb: 0.36276 0.04898 0.19208 0.10035
fb: 0.33165 0.04424 0.20763 0.11590
dist/lin/ang/drive_left/drive_right/tv_l/tv_r/av_l/av_r/x/y/theta/t_err: 0.02475 0.41951 -0.09079 0.28741 0.37589 0.09700 -0.02669 0.09700 -0.02669 31.18150 23.47049 34.96161 -0.00214
target: 0.41951 -0.01188
target: 0.41951 -0.01188
fb: 0.31025 0.03414 0.19387 0.07815
fb: 0.27538 0.02320 0.21130 0.09558
dist/lin/ang/drive_left/drive_right/tv_l/tv_r/av_l/av_r/x/y/theta/t_err: 0.01853 0.36306 -0.13533 0.25218 0.29858 0.18242 0.10078 0.18242 0.10078 31.38125 23.61112 35.32185 -0.00842
target: 0.36306 -0.01770
target: 0.36306 -0.01770
fb: 0.27538 0.01554 0.14238 0.07077
fb: 0.27715 0.01157 0.14150 0.06988
dist/lin/ang/drive_left/drive_right/tv_l/tv_r/av_l/av_r/x/y/theta/t_err: 0.01302 0.30433 -0.13266 0.26558 0.28871 0.18906 0.09772 0.18906 0.09772 31.55794 23.73681 35.50732 -0.01166
target: 0.30433 -0.01735
target: 0.30433 -0.01735
fb: 0.27538 0.00871 0.05871 -0.04470
fb: 0.26589 0.00314 0.06345 0.04788
dist/lin/ang/drive_left/drive_right/tv_l/tv_r/av_l/av_r/x/y/theta/t_err: 0.00751 0.00188 -0.13102 0.26276 0.26903 0.13981 0.05319 0.13981 0.05319 31.73434 23.86291 35.60197 -0.01331
target: 0.00188 -0.01714
target: 0.00188 -0.01714
fb: 0.26170 -0.00314 -0.76264 -0.78890
fb: 0.24824 -0.01665 -0.75591 -0.78217
dist/lin/ang/drive_left/drive_right/tv_l/tv_r/av_l/av_r/x/y/theta/t_err: 0.00228 0.00057 -0.11658 0.26489 0.23159 0.02242 -0.01422 0.02242 -0.01422 31.90186 23.98290 35.60839 -0.01343
target: 0.00057 -0.01525
target: 0.00057 -0.01525
fb: 0.17851 -0.02662 -0.12868 -0.13732
fb: 0.11055 -0.03630 -0.03971 -0.04835
dist/lin/ang/drive_left/drive_right/tv_l/tv_r/av_l/av_r/x/y/theta/t_err: -0.00129 -0.00032 -0.06046 0.14685 0.07425 -0.38756 -0.35933 -0.38756 -0.35933 32.01623 24.06462 35.43895 -0.01047
target: -0.00032 -0.00791
target: -0.00032 -0.00791
fb: 0.06201 -0.04424 -0.06867 0.06960
fb: 0.02516 -0.04194 -0.06867 0.06960
dist/lin/ang/drive_left/drive_right/tv_l/tv_r/av_l/av_r/x/y/theta/t_err: -0.00252 -0.00063 0.01966 0.06710 -0.01679 -0.09581 -0.05817 -0.09581 -0.05817 32.05608 24.09284 35.10108 -0.00457
target: -0.00063 0.00257
target: -0.00063 0.00257
fb: 0.00397 -0.03721 -0.08875 0.09200
fb: 0.00375 -0.02425 -0.08875 0.09200
final error: 0.11133, x: -0.05864, y: -0.09463
final local error: 0.11133, forwards: -0.10211, sideways: -0.04435
position: 32.05864 24.09463 34.73735
took 1.20000 time to finish turn
dist/lin/ang/drive_left/drive_right/tv_l/tv_r/av_l/av_r/x/y/theta/t_err: -1.02069 -0.09144 0.32029 0.00070 -0.00070 -0.00017 -0.00017 -0.00017 -0.00017 32.12531 24.14057 214.78920 0.03724
target: -0.09144 0.04190
target: -0.09144 0.04190
fb: 0.00000 -0.00063 -0.47234 0.04465
fb: 0.00000 0.00000 -0.47234 0.04465
dist/lin/ang/drive_left/drive_right/tv_l/tv_r/av_l/av_r/x/y/theta/t_err: -1.02069 -0.18288 0.32149 0.00000 0.00000 -0.05525 0.00478 -0.05525 0.00478 32.12531 24.14057 214.78549 0.03731
target: -0.18288 0.04205
target: -0.18288 0.04205
fb: 0.00000 0.00000 -0.40989 -0.35618
fb: 0.00000 0.00725 -0.40989 -0.35618
dist/lin/ang/drive_left/drive_right/tv_l/tv_r/av_l/av_r/x/y/theta/t_err: -1.02069 -0.27432 0.31549 -0.00725 0.00725 -0.38208 0.01078 -0.38208 0.01078 32.12531 24.14057 214.80197 0.03702
target: -0.27432 0.04127
target: -0.27432 0.04127
fb: 0.00000 0.02494 -0.48468 -0.44051
fb: 0.00000 0.04466 -0.48468 -0.44051
dist/lin/ang/drive_left/drive_right/tv_l/tv_r/av_l/av_r/x/y/theta/t_err: -1.02069 -0.36576 0.23490 -0.04466 0.04466 -0.39611 -0.30117 -0.39611 -0.30117 32.12531 24.14057 215.05908 0.03253
target: -0.36576 0.03073
target: -0.36576 0.03073
fb: -0.00397 0.05755 -0.51128 -0.56926
fb: -0.05825 0.05811 -0.48414 -0.54212
dist/lin/ang/drive_left/drive_right/tv_l/tv_r/av_l/av_r/x/y/theta/t_err: -1.01952 -0.45720 0.11853 -0.11636 -0.00014 -0.44933 -0.40997 -0.44933 -0.40997 32.08793 24.11399 215.55751 0.02386
target: -0.45720 0.01551
target: -0.45720 0.01551
fb: -0.15711 0.05163 -0.48300 -0.60381
fb: -0.23081 0.04829 -0.44615 -0.56696
dist/lin/ang/drive_left/drive_right/tv_l/tv_r/av_l/av_r/x/y/theta/t_err: -1.01491 -0.54864 0.06239 -0.27909 -0.18252 -0.46575 -0.40911 -0.46575 -0.40911 31.94052 24.00769 216.00262 0.01618
target: -0.54864 0.00816
target: -0.54864 0.00816
fb: -0.25199 0.04856 -0.77102 -0.84964
fb: -0.29083 0.04717 -0.75160 -0.83023
dist/lin/ang/drive_left/drive_right/tv_l/tv_r/av_l/av_r/x/y/theta/t_err: -1.00909 -0.64008 0.00534 -0.33800 -0.24366 -0.44983 -0.45053 -0.44983 -0.45053 31.75579 23.87235 216.41895 0.00899
target: -0.64008 0.00070
target: -0.64008 0.00070
fb: -0.32989 0.04327 -0.80984 -0.90050
fb: -0.38792 0.03846 -0.78082 -0.87149
dist/lin/ang/drive_left/drive_right/tv_l/tv_r/av_l/av_r/x/y/theta/t_err: -1.00133 -0.73152 -0.04071 -0.42638 -0.34946 -0.42244 -0.37731 -0.42244 -0.37731 31.51064 23.69015 216.78489 0.00264
target: -0.73152 -0.00533
target: -0.73152 -0.00533
fb: -0.45368 0.03052 -0.83368 -0.92042
fb: -0.47331 0.03163 -0.82386 -0.91060
dist/lin/ang/drive_left/drive_right/tv_l/tv_r/av_l/av_r/x/y/theta/t_err: -0.99187 -0.82296 -0.06802 -0.50495 -0.44168 -0.43000 -0.48386 -0.43000 -0.48386 31.21272 23.46623 217.06455 -0.00224
target: -0.82296 -0.00890
target: -0.82296 -0.00890
fb: -0.47133 0.03484 -0.91680 -0.98715
fb: -0.49251 0.03512 -0.90620 -0.97656
dist/lin/ang/drive_left/drive_right/tv_l/tv_r/av_l/av_r/x/y/theta/t_err: -0.98202 -0.91440 -0.11866 -0.52763 -0.45739 -0.46764 -0.43292 -0.46764 -0.43292 30.90391 23.23164 217.36798 -0.00758
target: -0.91440 -0.01552
target: -0.91440 -0.01552
fb: -0.52362 0.03226 -0.95578 -1.00000
fb: -0.55077 0.03115 -0.94221 -1.00000
dist/lin/ang/drive_left/drive_right/tv_l/tv_r/av_l/av_r/x/y/theta/t_err: -0.97100 -1.00584 -0.15693 -0.58191 -0.51962 -0.36547 -0.45086 -0.36547 -0.45086 30.55990 22.96757 217.64398 -0.01251
target: -1.00584 -0.02053
target: -1.00584 -0.02053
fb: -0.57989 0.03121 -1.00000 -1.00000
fb: -0.57989 0.02334 -1.00000 -1.00000
dist/lin/ang/drive_left/drive_right/tv_l/tv_r/av_l/av_r/x/y/theta/t_err: -0.95941 -1.09728 -0.19088 -0.60323 -0.55655 -0.53489 -0.70942 -0.53489 -0.70942 30.19899 22.68788 217.89024 -0.01699
target: -1.09728 -0.02497
target: -1.09728 -0.02497
fb: -0.62645 0.01449 -1.00000 -1.00000
fb: -0.70214 0.00683 -1.00000 -1.00000
dist/lin/ang/drive_left/drive_right/tv_l/tv_r/av_l/av_r/x/y/theta/t_err: -0.94537 -1.18872 -0.18327 -0.70897 -0.69531 -0.73714 -0.78847 -0.73714 -0.78847 29.76303 22.34787 217.98934 -0.01899
target: -1.18872 -0.02397
target: -1.18872 -0.02397
fb: -0.72531 0.00202 -1.00000 -1.00000
fb: -0.74075 -0.00160 -1.00000 -1.00000
dist/lin/ang/drive_left/drive_right/tv_l/tv_r/av_l/av_r/x/y/theta/t_err: -0.93055 -1.28016 -0.17197 -0.73915 -0.74236 -0.81739 -0.82269 -0.81739 -0.82269 29.30339 21.98880 217.99861 -0.01945
target: -1.28016 -0.02249
target: -1.28016 -0.02249
fb: -0.83784 -0.00927 -1.00000 -1.00000
fb: -0.93670 -0.01777 -1.00000 -1.00000
dist/lin/ang/drive_left/drive_right/tv_l/tv_r/av_l/av_r/x/y/theta/t_err: -0.91182 -1.37160 -0.14441 -0.91893 -0.95447 -0.83708 -0.82883 -0.83708 -0.82883 28.72187 21.53513 217.90599 -0.01822
target: -1.37160 -0.01889
target: -1.37160 -0.01889
fb: -0.96583 -0.01832 -1.00000 -1.00000
fb: -0.93868 -0.01749 -1.00000 -1.00000
dist/lin/ang/drive_left/drive_right/tv_l/tv_r/av_l/av_r/x/y/theta/t_err: -0.89305 -1.46304 -0.11313 -0.92120 -0.95617 -0.83433 -0.82850 -0.83433 -0.82850 28.13808 21.08181 217.75138 -0.01588
target: -1.46304 -0.01480
target: -1.46304 -0.01480
fb: -1.01614 -0.01150 -1.00000 -1.00000
fb: -1.09579 -0.00683 -1.00000 -1.00000
dist/lin/ang/drive_left/drive_right/tv_l/tv_r/av_l/av_r/x/y/theta/t_err: -0.87114 -1.55448 -0.11256 -1.08897 -1.10262 -0.84767 -0.84442 -0.84767 -0.84442 27.45539 20.55417 217.65583 -0.01459
target: -1.55448 -0.01472
target: -1.55448 -0.01472
fb: -1.03379 -0.00557 -1.00000 -1.00000
fb: -1.09955 -0.00962 -1.00000 -1.00000
dist/lin/ang/drive_left/drive_right/tv_l/tv_r/av_l/av_r/x/y/theta/t_err: -0.84915 -1.64592 -0.10806 -1.08993 -1.10916 -0.84939 -0.84339 -0.84939 -0.84339 26.76962 20.02568 217.58151 -0.01365
target: -1.64592 -0.01414
target: -1.64592 -0.01414
fb: -1.17126 -0.01470 -1.00000 -1.00000
fb: -1.16751 -0.01470 -1.00000 -1.00000
dist/lin/ang/drive_left/drive_right/tv_l/tv_r/av_l/av_r/x/y/theta/t_err: -0.82580 -1.73736 -0.08444 -1.15281 -1.18221 -0.85861 -0.85314 -0.85861 -0.85314 26.04050 19.46577 217.45950 -0.01188
target: -1.73736 -0.01105
target: -1.73736 -0.01105
fb: -1.18891 -0.01400 -1.00000 -1.00000
fb: -1.17920 -0.01407 -1.00000 -1.00000
dist/lin/ang/drive_left/drive_right/tv_l/tv_r/av_l/av_r/x/y/theta/t_err: -0.80222 -1.75059 -0.06540 -1.16513 -1.19328 -0.86994 -0.86531 -0.86994 -0.86531 25.30282 18.90189 217.32815 -0.00990
target: -1.75059 -0.00856
target: -1.75059 -0.00856
fb: -1.23349 -0.01603 -1.00000 -1.00000
fb: -1.26063 -0.01644 -1.00000 -1.00000
dist/lin/ang/drive_left/drive_right/tv_l/tv_r/av_l/av_r/x/y/theta/t_err: -0.77701 -1.75702 -0.04176 -1.24418 -1.27707 -0.86736 -0.86239 -0.86736 -0.86239 24.51276 18.30099 217.17836 -0.00757
target: -1.75702 -0.00546
target: -1.75702 -0.00546
fb: -1.31866 -0.01777 -1.00000 -1.00000
fb: -1.40803 -0.01874 -0.99162 -0.99297
dist/lin/ang/drive_left/drive_right/tv_l/tv_r/av_l/av_r/x/y/theta/t_err: -0.74885 -1.76472 -0.01324 -1.38928 -1.42677 -0.87539 -0.87231 -0.87539 -0.87231 23.62839 17.63236 217.00557 -0.00478
target: -1.76472 -0.00173
target: -1.76472 -0.00173
fb: -1.38287 -0.01916 -1.00000 -1.00000
fb: -1.45459 -0.01867 -0.98584 -0.97663
dist/lin/ang/drive_left/drive_right/tv_l/tv_r/av_l/av_r/x/y/theta/t_err: -0.71976 -1.77221 0.00912 -1.43591 -1.47326 -0.76844 -0.73081 -0.76844 -0.73081 22.71274 16.94431 216.84310 -0.00208
target: -1.77221 0.00119
target: -1.77221 0.00119
fb: -1.51659 -0.01164 -0.95913 -0.95324
fb: -1.41950 -0.00523 -1.00000 -1.00000
dist/lin/ang/drive_left/drive_right/tv_l/tv_r/av_l/av_r/x/y/theta/t_err: -0.69137 -1.77623 0.00898 -1.41428 -1.42473 -0.70578 -0.71114 -0.70578 -0.71114 21.81767 16.27488 216.75749 -0.00064
target: -1.77623 0.00118
target: -1.77623 0.00118
fb: -1.45459 -0.00146 -0.96665 -0.98678
fb: -1.47599 -0.00111 -0.95595 -0.97608
dist/lin/ang/drive_left/drive_right/tv_l/tv_r/av_l/av_r/x/y/theta/t_err: -0.66185 -1.77605 -0.00667 -1.47488 -1.47711 -0.71200 -0.71111 -0.71200 -0.71111 20.88654 15.57940 216.75959 -0.00070
target: -1.77605 -0.00087
target: -1.77605 -0.00087
fb: -1.42149 0.00000 -0.95575 -0.99629
fb: -1.49320 0.00327 -0.91989 -0.96043
dist/lin/ang/drive_left/drive_right/tv_l/tv_r/av_l/av_r/x/y/theta/t_err: -0.63198 -1.77494 -0.01343 -1.49648 -1.48993 -0.74911 -0.71233 -0.74911 -0.71233 19.94469 14.87562 216.78012 -0.00110
target: -1.77494 -0.00176
target: -1.77494 -0.00176
fb: -1.47003 0.00683 -0.93139 -0.96252
fb: -1.44488 0.00676 -0.94396 -0.97510
dist/lin/ang/drive_left/drive_right/tv_l/tv_r/av_l/av_r/x/y/theta/t_err: -0.60309 -1.77200 -0.02911 -1.45164 -1.43812 -0.73900 -0.60931 -0.73900 -0.60931 19.03379 14.19398 216.83632 -0.00216
target: -1.77200 -0.00381
target: -1.77200 -0.00381
fb: -1.49916 0.00892 -0.90021 -0.94433
fb: -1.45260 0.01115 -0.92349 -0.96761
dist/lin/ang/drive_left/drive_right/tv_l/tv_r/av_l/av_r/x/y/theta/t_err: -0.57403 -1.76848 -0.04213 -1.46375 -1.44145 -0.76758 -0.70722 -0.76758 -0.70722 18.11873 13.50776 216.90121 -0.00342
target: -1.76848 -0.00551
target: -1.76848 -0.00551
fb: -1.52255 0.01345 -0.88339 -0.92659
fb: -1.56315 0.01352 -0.86309 -0.90629
dist/lin/ang/drive_left/drive_right/tv_l/tv_r/av_l/av_r/x/y/theta/t_err: -0.54277 -1.76179 -0.07438 -1.57667 -1.54963 -0.79361 -0.73269 -0.79361 -0.73269 17.13523 12.76772 217.02495 -0.00584
target: -1.76179 -0.00973
target: -1.76179 -0.00973
fb: -1.56690 0.01484 -0.82831 -0.89934
fb: -1.63685 0.01651 -0.79333 -0.86436
dist/lin/ang/drive_left/drive_right/tv_l/tv_r/av_l/av_r/x/y/theta/t_err: -0.51003 -1.75361 -0.10539 -1.65336 -1.62034 -0.79447 -0.74586 -0.79447 -0.74586 16.10718 11.99037 217.16897 -0.00881
target: -1.75361 -0.01379
target: -1.75361 -0.01379
fb: -1.53601 0.01672 -0.82834 -0.90313
fb: -1.56514 0.01930 -0.81378 -0.88856
dist/lin/ang/drive_left/drive_right/tv_l/tv_r/av_l/av_r/x/y/theta/t_err: -0.47873 -1.74399 -0.14091 -1.58444 -1.54584 -0.79000 -0.74964 -0.79000 -0.74964 15.12623 11.24437 217.33129 -0.01231
target: -1.74399 -0.01843
target: -1.74399 -0.01843
fb: -1.62913 0.02097 -0.76146 -0.84758
fb: -1.53204 0.02090 -0.81001 -0.89612
dist/lin/ang/drive_left/drive_right/tv_l/tv_r/av_l/av_r/x/y/theta/t_err: -0.44810 -1.73365 -0.17619 -1.55294 -1.51114 -0.78317 -0.75494 -0.78317 -0.75494 14.16803 10.51150 217.49430 -0.01609
target: -1.73365 -0.02305
target: -1.73365 -0.02305
fb: -1.54969 0.01582 -0.78597 -0.87788
fb: -1.57683 0.01400 -0.77240 -0.86431
dist/lin/ang/drive_left/drive_right/tv_l/tv_r/av_l/av_r/x/y/theta/t_err: -0.41656 -1.66835 -0.20855 -1.59084 -1.56283 -0.78419 -0.75939 -0.78419 -0.75939 13.18388 9.75453 217.63521 -0.01986
target: -1.66835 -0.02728
target: -1.66835 -0.02728
fb: -1.62118 0.01387 -0.46978 -0.55518
fb: -1.54748 0.01219 -0.50663 -0.59203
dist/lin/ang/drive_left/drive_right/tv_l/tv_r/av_l/av_r/x/y/theta/t_err: -0.38562 -1.59556 -0.24189 -1.55968 -1.53529 -0.72772 -0.75286 -0.72772 -0.75286 12.21971 9.00948 217.75799 -0.02368
target: -1.59556 -0.03164
target: -1.59556 -0.03164
fb: -1.60772 0.00899 -0.37673 -0.46742
fb: -1.75336 0.00739 -0.30391 -0.39461
dist/lin/ang/drive_left/drive_right/tv_l/tv_r/av_l/av_r/x/y/theta/t_err: -0.35057 -1.51167 -0.27866 -1.76074 -1.74597 -0.56808 -0.59767 -0.56808 -0.59767 11.12891 8.16320 217.84848 -0.02771
target: -1.51167 -0.03645
target: -1.51167 -0.03645
fb: -1.60772 0.00669 -0.25065 -0.34951
fb: -1.61346 0.00550 -0.24779 -0.34665
dist/lin/ang/drive_left/drive_right/tv_l/tv_r/av_l/av_r/x/y/theta/t_err: -0.31831 -1.43193 -0.30818 -1.61897 -1.60796 -0.43703 -0.50222 -0.43703 -0.50222 10.12609 7.38321 217.89985 -0.03147
target: -1.43193 -0.04031
target: -1.43193 -0.04031
fb: -1.66995 0.00258 -0.16521 -0.26070
fb: -1.53998 -0.00174 -0.23020 -0.32569
dist/lin/ang/drive_left/drive_right/tv_l/tv_r/av_l/av_r/x/y/theta/t_err: -0.28753 -1.35288 -0.34049 -1.53824 -1.54172 -0.34408 -0.43856 -0.34408 -0.43856 9.16945 6.63809 217.92036 -0.03522
target: -1.35288 -0.04454
target: -1.35288 -0.04454
fb: -1.46032 -0.00759 -0.19627 -0.30017
fb: -1.46430 -0.01247 -0.19429 -0.29819
dist/lin/ang/drive_left/drive_right/tv_l/tv_r/av_l/av_r/x/y/theta/t_err: -0.25826 -1.27713 -0.34936 -1.45182 -1.47677 -0.32342 -0.41425 -0.32342 -0.41425 8.25946 5.93006 217.83852 -0.03772
target: -1.27713 -0.04570
target: -1.27713 -0.04570
fb: -1.39435 -0.01129 -0.18647 -0.26417
fb: -1.34382 -0.01519 -0.21173 -0.28944
dist/lin/ang/drive_left/drive_right/tv_l/tv_r/av_l/av_r/x/y/theta/t_err: -0.23141 -1.20489 -0.36353 -1.32863 -1.35900 -0.30356 -0.40125 -0.30356 -0.40125 7.42315 5.28183 217.71496 -0.03982
target: -1.20489 -0.04755
target: -1.20489 -0.04755
fb: -1.29748 -0.02264 -0.17875 -0.26510
fb: -1.32660 -0.02508 -0.16419 -0.25053
dist/lin/ang/drive_left/drive_right/tv_l/tv_r/av_l/av_r/x/y/theta/t_err: -0.20490 -1.13124 -0.36870 -1.30152 -1.35169 -0.26333 -0.35897 -0.26333 -0.35897 6.59573 4.64425 217.51305 -0.04123
target: -1.13124 -0.04823
target: -1.13124 -0.04823
fb: -1.34404 -0.02174 -0.08764 -0.16343
fb: -1.21804 -0.02132 -0.15064 -0.22643
dist/lin/ang/drive_left/drive_right/tv_l/tv_r/av_l/av_r/x/y/theta/t_err: -0.18056 -1.05840 -0.39370 -1.19672 -1.23936 -0.19369 -0.32133 -0.19369 -0.32133 5.83403 4.06145 217.32724 -0.04334
target: -1.05840 -0.05150
target: -1.05840 -0.05150
fb: -1.14809 -0.02620 -0.10859 -0.21164
fb: -1.04924 -0.03052 -0.15802 -0.26107
dist/lin/ang/drive_left/drive_right/tv_l/tv_r/av_l/av_r/x/y/theta/t_err: -0.15959 -1.06537 -0.39883 -1.01872 -1.07975 -0.18169 -0.29172 -0.18169 -0.29172 5.17615 3.56170 217.09525 -0.04474
target: -1.06537 -0.05217
target: -1.06537 -0.05217
fb: -1.03379 -0.03289 -0.50261 -0.59521
fb: -0.99473 -0.03526 -0.52214 -0.61474
dist/lin/ang/drive_left/drive_right/tv_l/tv_r/av_l/av_r/x/y/theta/t_err: -0.13957 -0.99631 -0.28979 -0.95948 -1.02999 -0.21764 -0.29039 -0.21764 -0.29039 4.55029 3.09076 216.80265 -0.03963
target: -0.99631 -0.03791
target: -0.99631 -0.03791
fb: -0.84358 -0.03498 -0.30742 -0.23419
fb: -0.89808 -0.03484 -0.28017 -0.20693
dist/lin/ang/drive_left/drive_right/tv_l/tv_r/av_l/av_r/x/y/theta/t_err: -0.12164 -0.93012 -0.24288 -0.86325 -0.93292 -0.38928 -0.45772 -0.38928 -0.45772 3.98290 2.66870 216.50085 -0.03437
target: -0.93012 -0.03177
target: -0.93012 -0.03177
fb: -0.96583 -0.03470 -0.16500 -0.15640
fb: -0.90360 -0.03310 -0.19611 -0.18752
dist/lin/ang/drive_left/drive_right/tv_l/tv_r/av_l/av_r/x/y/theta/t_err: -0.10360 -0.85837 -0.19938 -0.87050 -0.93670 -0.30031 -0.29464 -0.30031 -0.29464 3.40990 2.24693 216.20459 -0.02920
target: -0.85837 -0.02608
target: -0.85837 -0.02608
fb: -0.89786 -0.03324 -0.11318 -0.09938
fb: -0.94464 -0.03679 -0.08979 -0.07599
dist/lin/ang/drive_left/drive_right/tv_l/tv_r/av_l/av_r/x/y/theta/t_err: -0.08473 -0.77628 -0.15420 -0.90785 -0.98143 -0.20653 -0.17367 -0.20653 -0.17367 2.80858 1.80913 215.90613 -0.02399
target: -0.77628 -0.02017
target: -0.77628 -0.02017
fb: -0.88440 -0.03407 0.10931 0.14537
fb: -0.76216 -0.02251 -0.06986 0.08425
dist/lin/ang/drive_left/drive_right/tv_l/tv_r/av_l/av_r/x/y/theta/t_err: -0.06951 -0.70310 -0.11969 -0.73965 -0.78466 -0.08297 -0.06947 -0.08297 -0.06947 2.32164 1.45835 215.63938 -0.01933
target: -0.70310 -0.01566
target: -0.70310 -0.01566
fb: -0.64962 -0.01380 -0.09183 -0.07283
fb: -0.60505 -0.01338 -0.11412 -0.09511
dist/lin/ang/drive_left/drive_right/tv_l/tv_r/av_l/av_r/x/y/theta/t_err: -0.05742 -0.63902 -0.12626 -0.59167 -0.61843 -0.07478 0.02156 -0.07478 0.02156 1.93415 1.18119 215.51619 -0.01718
target: -0.63902 -0.01652
target: -0.63902 -0.01652
fb: -0.58784 -0.00968 -0.07601 -0.10733
fb: -0.53907 -0.00230 -0.10040 -0.13171
dist/lin/ang/drive_left/drive_right/tv_l/tv_r/av_l/av_r/x/y/theta/t_err: -0.04664 -0.57594 -0.12568 -0.53677 -0.54137 -0.11739 -0.09583 -0.11739 -0.09583 1.58848 0.93485 215.44818 -0.01599
target: -0.57594 -0.01644
target: -0.57594 -0.01644
fb: -0.50597 0.00300 -0.06771 -0.09009
fb: -0.51590 0.00293 -0.06275 -0.08512
dist/lin/ang/drive_left/drive_right/tv_l/tv_r/av_l/av_r/x/y/theta/t_err: -0.03632 -0.50824 -0.14448 -0.51883 -0.51298 -0.11311 -0.13172 -0.11311 -0.13172 1.25759 0.69920 215.46952 -0.01637
target: -0.50824 -0.01890
target: -0.50824 -0.01890
fb: -0.49273 -0.00195 0.13688 0.09961
fb: -0.46361 -0.00843 0.12232 0.08505
dist/lin/ang/drive_left/drive_right/tv_l/tv_r/av_l/av_r/x/y/theta/t_err: -0.02705 -0.43862 -0.13090 -0.45517 -0.47204 -0.06264 -0.08572 -0.06264 -0.08572 0.96026 0.48743 215.43915 -0.01584
target: -0.43862 -0.01712
target: -0.43862 -0.01712
fb: -0.44794 -0.01324 -0.05392 -0.06611
fb: -0.39366 -0.01582 -0.08106 -0.09325
dist/lin/ang/drive_left/drive_right/tv_l/tv_r/av_l/av_r/x/y/theta/t_err: -0.01919 -0.36939 -0.09922 -0.37784 -0.40947 0.07511 0.04244 0.07511 0.04244 0.70756 0.30793 215.32525 -0.01385
target: -0.36939 -0.01298
target: -0.36939 -0.01298
fb: -0.30054 -0.01902 -0.08161 -0.06687
fb: -0.20742 -0.01603 -0.12817 -0.11343
dist/lin/ang/drive_left/drive_right/tv_l/tv_r/av_l/av_r/x/y/theta/t_err: -0.01505 -0.32713 -0.07072 -0.19139 -0.22345 -0.08300 -0.08144 -0.08300 -0.08144 0.57419 0.21366 215.17622 -0.01125
target: -0.32713 -0.00925
target: -0.32713 -0.00925
fb: -0.18822 -0.01254 -0.15559 -0.13952
fb: -0.18249 -0.01247 -0.15846 -0.14238
dist/lin/ang/drive_left/drive_right/tv_l/tv_r/av_l/av_r/x/y/theta/t_err: -0.01141 -0.28481 -0.06025 -0.17001 -0.19496 -0.12306 -0.10711 -0.12306 -0.10711 0.45666 0.13099 215.06384 -0.00929
target: -0.28481 -0.00788
target: -0.28481 -0.00788
fb: -0.19970 -0.01387 -0.10319 -0.10647
fb: -0.21514 -0.01505 -0.09546 -0.09875
dist/lin/ang/drive_left/drive_right/tv_l/tv_r/av_l/av_r/x/y/theta/t_err: -0.00711 -0.00178 -0.03926 -0.20009 -0.23019 -0.13858 -0.13586 -0.13858 -0.13586 0.31790 0.03382 214.93876 -0.00710
target: -0.00178 -0.00514
target: -0.00178 -0.00514
fb: -0.19197 -0.01428 0.69061 0.71323
fb: -0.18425 -0.01219 0.68675 0.70937
dist/lin/ang/drive_left/drive_right/tv_l/tv_r/av_l/av_r/x/y/theta/t_err: -0.00343 -0.00086 -0.02320 -0.17206 -0.19644 -0.01744 -0.06861 -0.01744 -0.06861 0.19888 -0.04914 214.82206 -0.00507
target: -0.00086 -0.00304
target: -0.00086 -0.00304
fb: -0.18050 -0.00885 0.12295 0.14261
fb: -0.15711 -0.00620 -0.04492 0.05279
dist/lin/ang/drive_left/drive_right/tv_l/tv_r/av_l/av_r/x/y/theta/t_err: -0.00030 -0.00007 -0.02016 -0.15091 -0.16331 0.34839 0.39919 0.34839 0.39919 0.09727 -0.11972 214.74994 -0.00381
target: -0.00007 -0.00264
target: -0.00007 -0.00264
fb: -0.11055 0.00000 0.04054 0.04543
fb: -0.04656 0.00272 0.04054 0.04543
decreased target to 24.00000
decreased target to 16.00000
decreased target to 8.00000
start is 0.00000 0.00000
dist/lin/ang/drive_left/drive_right/tv_l/tv_r/av_l/av_r/x/y/theta/t_err: 0.64257 0.09144 1.20000 0.00000 0.00000 0.00017 0.00000 0.00017 0.00000 0.00000 0.00000 -0.00002 1.24905
target: 0.09144 0.15697
target: 0.09144 0.15697
fb: 0.00000 0.00000 -0.71234 1.00000
fb: 0.00000 0.00000 -0.71234 1.00000
dist/lin/ang/drive_left/drive_right/tv_l/tv_r/av_l/av_r/x/y/theta/t_err: 0.64257 0.11399 2.40000 0.00000 0.00000 -0.07939 0.06367 -0.07939 0.06367 0.00000 0.00000 0.00002 1.24905
target: 0.11399 0.31394
target: 0.11399 0.31394
fb: 0.00000 0.00000 -1.00000 1.00000
fb: 0.00000 0.02676 -1.00000 1.00000
dist/lin/ang/drive_left/drive_right/tv_l/tv_r/av_l/av_r/x/y/theta/t_err: 0.64257 0.11399 3.60000 -0.02676 0.02676 -0.40139 0.49656 -0.40139 0.49656 0.00000 0.00000 -0.00000 1.24905
target: 0.11399 0.47092
target: 0.11399 0.47092
fb: 0.00000 0.06814 -1.00000 1.00000
fb: 0.00000 0.10612 -1.00000 1.00000
dist/lin/ang/drive_left/drive_right/tv_l/tv_r/av_l/av_r/x/y/theta/t_err: 0.64257 0.11657 4.80000 -0.10612 0.10612 -0.58058 0.65928 -0.58058 0.65928 0.00000 0.00000 0.32059 1.24345
target: 0.11657 0.62789
target: 0.11657 0.62789
fb: 0.00000 0.14973 -1.00000 1.00000
fb: 0.00000 0.19098 -1.00000 1.00000
dist/lin/ang/drive_left/drive_right/tv_l/tv_r/av_l/av_r/x/y/theta/t_err: 0.64257 0.12507 6.00000 -0.19098 0.19098 -0.67725 0.74656 -0.67725 0.74656 0.00000 0.00000 1.35371 1.22542
target: 0.12507 0.78486
target: 0.12507 0.78486
fb: 0.00000 0.22666 -1.00000 1.00000
fb: 0.00000 0.26365 -1.00000 1.00000
dist/lin/ang/drive_left/drive_right/tv_l/tv_r/av_l/av_r/x/y/theta/t_err: 0.64257 0.13997 6.00000 -0.26365 0.26365 -0.79414 0.78297 -0.79414 0.78297 0.00000 0.00000 3.09409 1.19504
target: 0.13997 0.78486
target: 0.13997 0.78486
fb: 0.00000 0.30434 -0.72355 0.90732
fb: 0.00000 0.34427 -0.70359 0.88735
dist/lin/ang/drive_left/drive_right/tv_l/tv_r/av_l/av_r/x/y/theta/t_err: 0.64257 0.16173 6.00000 -0.34427 0.34427 -0.73525 0.67639 -0.73525 0.67639 0.00000 0.00000 5.49162 1.15320
target: 0.16173 0.78486
target: 0.16173 0.78486
fb: 0.00000 0.38405 -0.66192 0.88924
fb: 0.00000 0.42091 -0.64349 0.87081
dist/lin/ang/drive_left/drive_right/tv_l/tv_r/av_l/av_r/x/y/theta/t_err: 0.64257 0.19203 6.00000 -0.42091 0.42091 -0.61203 0.58397 -0.61203 0.58397 0.00000 0.00000 8.58341 1.09924
target: 0.19203 0.78486
target: 0.19203 0.78486
fb: 0.00000 0.45394 -0.50268 0.97860
fb: 0.00000 0.48418 -0.48756 0.96348
dist/lin/ang/drive_left/drive_right/tv_l/tv_r/av_l/av_r/x/y/theta/t_err: 0.64257 0.23240 6.00000 -0.48418 0.48418 -0.60592 0.48078 -0.60592 0.48078 0.00000 0.00000 12.33277 1.03380
target: 0.23240 0.78486
target: 0.23240 0.78486
fb: 0.00000 0.51483 -0.41696 1.00000
fb: 0.00000 0.54124 -0.40376 0.99021
dist/lin/ang/drive_left/drive_right/tv_l/tv_r/av_l/av_r/x/y/theta/t_err: 0.64257 0.28394 6.00000 -0.54124 0.54124 -0.49144 0.41253 -0.49144 0.41253 0.00000 0.00000 16.62583 0.95887
target: 0.28394 0.78486
target: 0.28394 0.78486
fb: 0.00000 0.56437 -0.32501 1.00000
fb: 0.00000 0.58521 -0.31460 1.00000
dist/lin/ang/drive_left/drive_right/tv_l/tv_r/av_l/av_r/x/y/theta/t_err: 0.64257 0.34861 6.00000 -0.58521 0.58521 -0.40228 0.41219 -0.40228 0.41219 0.00000 0.00000 21.40079 0.87553
target: 0.34861 0.78486
target: 0.34861 0.78486
fb: 0.00000 0.59413 -0.22762 1.00000
fb: 0.00000 0.59810 -0.22563 1.00000
dist/lin/ang/drive_left/drive_right/tv_l/tv_r/av_l/av_r/x/y/theta/t_err: 0.64257 0.42748 5.86805 -0.59810 0.59810 -0.30611 0.68667 -0.30611 0.68667 0.00000 0.00000 26.51897 0.78620
target: 0.42748 0.76760
target: 0.42748 0.76760
fb: 0.00772 0.60869 0.04873 1.00000
fb: 0.03861 0.61942 -0.03940 1.00000
dist/lin/ang/drive_left/drive_right/tv_l/tv_r/av_l/av_r/x/y/theta/t_err: 0.64246 0.51892 5.06010 -0.58081 0.65803 -0.15486 0.85742 -0.15486 0.85742 0.00524 0.00308 31.76856 0.69474
target: 0.51892 0.66191
target: 0.51892 0.66191
fb: 0.06399 0.63196 0.88267 0.88499
fb: 0.07171 0.64415 0.88490 0.87503
dist/lin/ang/drive_left/drive_right/tv_l/tv_r/av_l/av_r/x/y/theta/t_err: 0.64144 0.61036 4.23258 -0.57244 0.71586 0.08058 0.81311 0.08058 0.81311 0.04674 0.03162 37.20403 0.60107
target: 0.61036 0.55366
target: 0.61036 0.55366
fb: 0.10083 0.65342 1.00000 0.79962
fb: 0.12422 0.64095 1.00000 0.79417
dist/lin/ang/drive_left/drive_right/tv_l/tv_r/av_l/av_r/x/y/theta/t_err: 0.63972 0.70180 3.36600 -0.51673 0.76517 0.40639 0.58672 0.40639 0.58672 0.10723 0.08301 42.85252 0.50413
target: 0.70180 0.44031
target: 0.70180 0.44031
fb: 0.13371 0.61642 1.00000 0.72792
fb: 0.16283 0.58751 1.00000 0.72782
dist/lin/ang/drive_left/drive_right/tv_l/tv_r/av_l/av_r/x/y/theta/t_err: 0.63731 0.79324 2.57041 -0.42467 0.75034 0.43033 0.62300 0.43033 0.62300 0.18068 0.15840 48.39497 0.40923
target: 0.79324 0.33624
target: 0.79324 0.33624
fb: 0.20762 0.56883 1.00000 0.71683
fb: 0.24249 0.55490 1.00000 0.70637
dist/lin/ang/drive_left/drive_right/tv_l/tv_r/av_l/av_r/x/y/theta/t_err: 0.63343 0.88468 1.90644 -0.31241 0.79738 0.61633 0.66836 0.61633 0.66836 0.28326 0.28564 53.49631 0.32251
target: 0.88468 0.24938
target: 0.88468 0.24938
fb: 0.27338 0.54312 1.00000 0.75505
fb: 0.31795 0.52584 1.00000 0.74141
dist/lin/ang/drive_left/drive_right/tv_l/tv_r/av_l/av_r/x/y/theta/t_err: 0.62818 0.97612 1.24840 -0.20790 0.84379 0.76283 0.59869 0.76283 0.59869 0.40354 0.46410 58.33162 0.24051
target: 0.97612 0.16330
target: 0.97612 0.16330
fb: 0.35877 0.50243 1.00000 0.71789
fb: 0.38988 0.47909 1.00000 0.71400
dist/lin/ang/drive_left/drive_right/tv_l/tv_r/av_l/av_r/x/y/theta/t_err: 0.62115 1.06756 0.63585 -0.08921 0.86897 0.77869 0.61806 0.77869 0.61806 0.54183 0.71037 62.87559 0.16349
target: 1.06756 0.08318
target: 1.06756 0.08318
fb: 0.44218 0.45881 1.00000 0.71354
fb: 0.49072 0.43882 1.00000 0.69927
dist/lin/ang/drive_left/drive_right/tv_l/tv_r/av_l/av_r/x/y/theta/t_err: 0.61238 1.15900 0.09057 0.05190 0.92954 0.81414 0.67367 0.81414 0.67367 0.68857 1.02605 67.03114 0.09277
target: 1.15900 0.01185
target: 1.15900 0.01185
fb: 0.53530 0.41987 1.00000 0.72529
fb: 0.59907 0.39973 1.00000 0.70347
dist/lin/ang/drive_left/drive_right/tv_l/tv_r/av_l/av_r/x/y/theta/t_err: 0.60169 1.25044 -0.41676 0.19934 0.99879 0.83944 0.65039 0.83944 0.65039 0.83951 1.41953 70.83179 0.02747
target: 1.25044 -0.05452
target: 1.25044 -0.05452
fb: 0.61275 0.37771 1.00000 0.73514
fb: 0.62444 0.35960 1.00000 0.73835
dist/lin/ang/drive_left/drive_right/tv_l/tv_r/av_l/av_r/x/y/theta/t_err: 0.58944 1.34188 -0.88710 0.26485 0.98404 0.85881 0.66425 0.85881 0.66425 0.98407 1.87978 74.28885 -0.03293
target: 1.34188 -0.11604
target: 1.34188 -0.11604
fb: 0.64386 0.34434 1.00000 0.76895
fb: 0.64011 0.32971 1.00000 0.77814
dist/lin/ang/drive_left/drive_right/tv_l/tv_r/av_l/av_r/x/y/theta/t_err: 0.57659 1.43332 -1.32007 0.31041 0.96982 0.87233 0.67414 0.87233 0.67414 1.10795 2.37134 77.40592 -0.08867
target: 1.43332 -0.17268
target: 1.43332 -0.17268
fb: 0.67299 0.31298 1.00000 0.80879
fb: 0.74272 0.29605 1.00000 0.78239
dist/lin/ang/drive_left/drive_right/tv_l/tv_r/av_l/av_r/x/y/theta/t_err: 0.56322 1.41902 -1.73974 0.44667 1.03877 0.86942 0.66200 0.86942 0.66200 1.21013 2.89127 80.25962 -0.14121
target: 1.41902 -0.22758
target: 1.41902 -0.22758
fb: 0.82812 0.28142 1.00000 0.23756
fb: 0.85327 0.26895 1.00000 0.23122
dist/lin/ang/drive_left/drive_right/tv_l/tv_r/av_l/av_r/x/y/theta/t_err: 0.54689 1.30772 -2.13971 0.58433 1.12222 0.88411 0.59819 0.88411 0.59819 1.30544 3.53629 82.82587 -0.19096
target: 1.30772 -0.27990
target: 1.30772 -0.27990
fb: 0.84930 0.25522 1.00000 -0.44360
fb: 0.88042 0.23327 1.00000 -0.44818
dist/lin/ang/drive_left/drive_right/tv_l/tv_r/av_l/av_r/x/y/theta/t_err: 0.53029 1.20832 -2.52406 0.64714 1.11369 0.91458 0.26950 0.91458 0.26950 1.37515 4.20135 85.15658 -0.23837
target: 1.20832 -0.33017
target: 1.20832 -0.33017
fb: 0.84754 0.20979 1.00000 -0.51267
fb: 0.89410 0.17259 1.00000 -0.51735
dist/lin/ang/drive_left/drive_right/tv_l/tv_r/av_l/av_r/x/y/theta/t_err: 0.51391 1.12305 -2.85398 0.72152 1.06669 0.89658 -0.20839 0.89658 -0.20839 1.41993 4.86718 87.15526 -0.28159
target: 1.12305 -0.37333
target: 1.12305 -0.37333
fb: 0.90558 0.11796 0.97824 -0.53490
fb: 0.86123 0.06947 0.97617 -0.48847
dist/lin/ang/drive_left/drive_right/tv_l/tv_r/av_l/av_r/x/y/theta/t_err: 0.49660 1.05819 -3.06641 0.79176 0.93070 0.79275 -0.39033 0.79275 -0.39033 1.44643 5.57973 88.53554 -0.31626
target: 1.05819 -0.40112
target: 1.05819 -0.40112
fb: 0.84755 0.01923 0.94378 -0.39541
fb: 0.85704 -0.03177 0.91354 -0.37465
dist/lin/ang/drive_left/drive_right/tv_l/tv_r/av_l/av_r/x/y/theta/t_err: 0.48055 1.02244 -3.08854 0.88881 0.82527 0.67981 -0.37250 0.67981 -0.37250 1.46002 6.24695 89.03289 -0.33608
target: 1.02244 -0.40401
target: 1.02244 -0.40401
fb: 0.86300 -0.07100 0.86620 -0.16151
fb: 0.80695 -0.10542 0.87701 -0.11628
dist/lin/ang/drive_left/drive_right/tv_l/tv_r/av_l/av_r/x/y/theta/t_err: 0.46428 1.01189 -3.00105 0.91237 0.70153 0.61292 -0.27136 0.61292 -0.27136 1.47298 6.92636 88.67599 -0.34204
target: 1.01189 -0.39257
target: 1.01189 -0.39257
fb: 0.87469 -0.13817 0.84003 0.16724
fb: 0.85527 -0.16875 0.83444 0.19224
dist/lin/ang/drive_left/drive_right/tv_l/tv_r/av_l/av_r/x/y/theta/t_err: 0.44779 1.02013 -2.85495 1.02403 0.68652 0.59906 -0.03664 0.59906 -0.03664 1.49470 7.61474 87.67640 -0.33738
target: 1.02013 -0.37346
target: 1.02013 -0.37346
fb: 0.81070 -0.20213 0.86584 0.37401
fb: 0.81643 -0.23885 0.84461 0.38951
dist/lin/ang/drive_left/drive_right/tv_l/tv_r/av_l/av_r/x/y/theta/t_err: 0.43245 1.03321 -2.61766 1.05528 0.57758 0.68906 0.20361 0.68906 0.20361 1.52909 8.25214 86.11815 -0.32212
target: 1.03321 -0.34242
target: 1.03321 -0.34242
fb: 0.75442 -0.26728 0.80271 0.55747
fb: 0.77958 -0.27947 0.78403 0.55099
dist/lin/ang/drive_left/drive_right/tv_l/tv_r/av_l/av_r/x/y/theta/t_err: 0.41808 1.06381 -2.27257 1.05905 0.50011 0.69503 0.38261 0.69503 0.38261 1.57989 8.84397 83.96561 -0.29537
target: 1.06381 -0.29727
target: 1.06381 -0.29727
fb: 0.75243 -0.28553 0.77626 0.78564
fb: 0.78156 -0.28205 0.76344 0.76934
dist/lin/ang/drive_left/drive_right/tv_l/tv_r/av_l/av_r/x/y/theta/t_err: 0.40362 1.10510 -1.93243 1.06361 0.49951 0.72192 0.52669 0.72192 0.52669 1.65403 9.43175 81.51310 -0.26269
target: 1.10510 -0.25278
target: 1.10510 -0.25278
fb: 0.84356 -0.27459 0.76739 0.86697
fb: 0.81069 -0.26762 0.78731 0.87992
dist/lin/ang/drive_left/drive_right/tv_l/tv_r/av_l/av_r/x/y/theta/t_err: 0.38726 1.14308 -1.65786 1.07831 0.54306 0.73203 0.57803 0.73203 0.57803 1.76578 10.08647 79.06329 -0.23037
target: 1.14308 -0.21687
target: 1.14308 -0.21687
fb: 0.81466 -0.25989 0.80712 0.89942
fb: 0.91925 -0.25244 0.75856 0.84340
dist/lin/ang/drive_left/drive_right/tv_l/tv_r/av_l/av_r/x/y/theta/t_err: 0.37134 1.17930 -1.39906 1.17169 0.66682 0.73989 0.45308 0.73989 0.45308 1.90021 10.71365 76.74597 -0.19907
target: 1.17930 -0.18301
target: 1.17930 -0.18301
fb: 0.96780 -0.24791 0.73218 0.87388
fb: 0.92300 -0.24435 0.75635 0.89450
dist/lin/ang/drive_left/drive_right/tv_l/tv_r/av_l/av_r/x/y/theta/t_err: 0.35232 1.20428 -1.17983 1.16736 0.67865 0.72500 0.41325 0.72500 0.41325 2.08875 11.45197 74.54192 -0.17046
target: 1.20428 -0.15433
target: 1.20428 -0.15433
fb: 0.93867 -0.24289 0.71676 0.87310
fb: 0.96405 -0.24547 0.70279 0.86170
dist/lin/ang/drive_left/drive_right/tv_l/tv_r/av_l/av_r/x/y/theta/t_err: 0.33377 1.22871 -0.93055 1.20951 0.71858 0.71353 0.51058 0.71353 0.51058 2.29899 12.16052 72.40534 -0.14167
target: 1.22871 -0.12172
target: 1.22871 -0.12172
fb: 1.02980 -0.24812 0.63281 0.90683
fb: 1.01414 -0.24393 0.64273 0.91257
dist/lin/ang/drive_left/drive_right/tv_l/tv_r/av_l/av_r/x/y/theta/t_err: 0.31334 1.24906 -0.66806 1.25807 0.77020 0.68394 0.51692 0.68394 0.51692 2.55880 12.92860 70.24960 -0.11209
target: 1.24906 -0.08739
target: 1.24906 -0.08739
fb: 1.03753 -0.23745 0.58856 0.94806
fb: 1.11321 -0.23028 0.55431 0.90663
dist/lin/ang/drive_left/drive_right/tv_l/tv_r/av_l/av_r/x/y/theta/t_err: 0.29269 1.26754 -0.39985 1.34349 0.88293 0.62267 0.58383 0.62267 0.58383 2.84960 13.69200 68.13537 -0.08176
target: 1.26754 -0.05230
target: 1.26754 -0.05230
fb: 1.08011 -0.22038 0.54074 0.97261
fb: 1.06092 -0.20847 0.55629 0.97625
dist/lin/ang/drive_left/drive_right/tv_l/tv_r/av_l/av_r/x/y/theta/t_err: 0.27113 1.27913 -0.15099 1.26939 0.85245 0.56006 0.60831 0.56006 0.60831 3.17995 14.47567 66.14067 -0.05207
target: 1.27913 -0.01975
target: 1.27913 -0.01975
fb: 1.07261 -0.19530 0.51332 0.97321
fb: 1.11697 -0.18220 0.49769 0.94449
dist/lin/ang/drive_left/drive_right/tv_l/tv_r/av_l/av_r/x/y/theta/t_err: 0.24970 1.28355 0.07678 1.29917 0.93477 0.53492 0.67878 0.53492 0.67878 3.53379 15.24252 64.34655 -0.02387
target: 1.28355 0.01004
target: 1.28355 0.01004
fb: 1.12668 -0.16806 0.45282 0.92994
fb: 1.08034 -0.15015 0.48495 0.94415
dist/lin/ang/drive_left/drive_right/tv_l/tv_r/av_l/av_r/x/y/theta/t_err: 0.22717 1.26640 0.28234 1.23049 0.93019 0.49725 0.57167 0.49725 0.57167 3.92873 16.03689 62.78642 0.00235
target: 1.26640 0.03693
target: 1.26640 0.03693
fb: 1.13639 -0.13608 0.34366 0.82270
fb: 1.10153 -0.12214 0.36806 0.83316
dist/lin/ang/drive_left/drive_right/tv_l/tv_r/av_l/av_r/x/y/theta/t_err: 0.20444 1.15680 0.46752 1.22367 0.97939 0.45258 0.60758 0.45258 0.60758 4.34732 16.82772 61.49886 0.02640
target: 1.15680 0.06116
target: 1.15680 0.06116
fb: 1.11918 -0.10988 -0.23866 0.35055
fb: 1.22752 -0.09587 -0.28583 0.28937
dist/lin/ang/drive_left/drive_right/tv_l/tv_r/av_l/av_r/x/y/theta/t_err: 0.18207 1.05325 0.64836 1.32340 1.13165 0.23511 0.64783 0.23511 0.64783 4.77542 17.59798 60.45610 0.04905
target: 1.05325 0.08481
target: 1.05325 0.08481
fb: 1.21583 -0.07699 -0.36581 0.24122
fb: 1.13662 -0.04571 -0.31056 0.26518
dist/lin/ang/drive_left/drive_right/tv_l/tv_r/av_l/av_r/x/y/theta/t_err: 0.15780 1.05938 0.84095 1.18232 1.09091 -0.21081 0.36617 -0.21081 0.36617 5.25351 18.42740 59.66189 0.07158
target: 1.05938 0.11001
target: 1.05938 0.11001
fb: 1.08608 -0.01853 0.25426 0.77457
fb: 1.04725 0.01240 0.28914 0.77852
dist/lin/ang/drive_left/drive_right/tv_l/tv_r/av_l/av_r/x/y/theta/t_err: 0.13561 0.98205 0.72664 1.03485 1.05965 -0.14647 0.32375 -0.14647 0.32375 5.68807 19.16395 59.31991 0.07755
target: 0.98205 0.09505
target: 0.98205 0.09505
fb: 1.00069 0.04257 0.12139 0.17077
fb: 0.98326 0.07302 0.14533 0.16426
dist/lin/ang/drive_left/drive_right/tv_l/tv_r/av_l/av_r/x/y/theta/t_err: 0.11563 0.90683 0.61228 0.91024 1.05628 0.19011 0.64436 0.19011 0.64436 6.08951 19.84196 59.48831 0.07461
target: 0.90683 0.08009
target: 0.90683 0.08009
fb: 0.91927 0.09922 0.14783 0.10486
fb: 0.91353 0.12138 0.16178 0.09665
dist/lin/ang/drive_left/drive_right/tv_l/tv_r/av_l/av_r/x/y/theta/t_err: 0.09738 0.83219 0.41654 0.79215 1.03490 0.18086 0.30817 0.18086 0.30817 6.45361 20.46755 60.18183 0.06251
target: 0.83219 0.05449
target: 0.83219 0.05449
fb: 0.94265 0.13636 0.16693 -0.19802
fb: 0.85527 0.14813 0.21650 -0.16022
dist/lin/ang/drive_left/drive_right/tv_l/tv_r/av_l/av_r/x/y/theta/t_err: 0.07871 0.74817 0.18430 0.70714 1.00340 0.16992 0.07017 0.16992 0.07017 6.81673 21.11490 61.27006 0.04352
target: 0.74817 0.02411
target: 0.74817 0.02411
fb: 0.84755 0.14834 0.16344 -0.33030
fb: 0.85704 0.13343 0.15124 -0.32759
dist/lin/ang/drive_left/drive_right/tv_l/tv_r/av_l/av_r/x/y/theta/t_err: 0.06194 0.66370 -0.04375 0.72361 0.99047 0.20192 -0.16153 0.20192 -0.16153 7.13062 21.70382 62.55762 0.02104
target: 0.66370 -0.00572
target: 0.66370 -0.00572
fb: 0.76591 0.11336 0.14041 -0.38466
fb: 0.74870 0.08905 0.13686 -0.36390
dist/lin/ang/drive_left/drive_right/tv_l/tv_r/av_l/av_r/x/y/theta/t_err: 0.04675 0.57662 -0.18433 0.65965 0.83774 0.16836 -0.29003 0.16836 -0.29003 7.40313 22.24181 63.68289 0.00140
target: 0.57662 -0.02411
target: 0.57662 -0.02411
fb: 0.65558 0.06041 -0.06866 -0.36432
fb: 0.57018 0.03184 -0.06822 -0.27936
dist/lin/ang/drive_left/drive_right/tv_l/tv_r/av_l/av_r/x/y/theta/t_err: 0.03371 0.48966 -0.21973 0.53834 0.60203 0.10542 -0.31792 0.10542 -0.31792 7.62904 22.70595 64.39693 -0.01106
target: 0.48966 -0.02874
target: 0.48966 -0.02874
fb: 0.54106 0.00725 0.06068 -0.10303
fb: 0.45963 -0.00927 0.10139 -0.06232
dist/lin/ang/drive_left/drive_right/tv_l/tv_r/av_l/av_r/x/y/theta/t_err: 0.02291 0.40369 -0.16852 0.46890 0.45037 -0.00767 -0.21628 -0.00767 -0.21628 7.81222 23.09058 64.62308 -0.01501
target: 0.40369 -0.02204
target: 0.40369 -0.02204
fb: 0.39763 -0.01916 -0.07394 -0.04852
fb: 0.34710 -0.02773 -0.04868 0.06458
dist/lin/ang/drive_left/drive_right/tv_l/tv_r/av_l/av_r/x/y/theta/t_err: 0.01495 0.32610 -0.09667 0.37483 0.31937 0.06075 -0.06914 0.06075 -0.06914 7.94658 23.37338 64.52334 -0.01326
target: 0.32610 -0.01265
target: 0.32610 -0.01265
fb: 0.29877 -0.04083 -0.09371 0.05661
fb: 0.26567 -0.04675 -0.07716 0.07316
dist/lin/ang/drive_left/drive_right/tv_l/tv_r/av_l/av_r/x/y/theta/t_err: 0.00895 0.25229 -0.02482 0.31243 0.21892 -0.04228 0.04875 -0.04228 0.04875 8.04823 23.58554 64.24839 -0.00847
target: 0.25229 -0.00325
target: 0.25229 -0.00325
fb: 0.22882 -0.04020 -0.12169 -0.04640
fb: 0.19992 -0.02543 -0.10723 0.05588
dist/lin/ang/drive_left/drive_right/tv_l/tv_r/av_l/av_r/x/y/theta/t_err: 0.00433 0.00108 0.05388 0.22535 0.17449 -0.07650 0.03114 -0.07650 0.03114 8.12705 23.74756 63.85814 -0.00165
target: 0.00108 0.00705
target: 0.00108 0.00705
fb: 0.19197 -0.00523 -0.68752 -0.59018
fb: 0.15887 0.01073 -0.59208 -0.49474
dist/lin/ang/drive_left/drive_right/tv_l/tv_r/av_l/av_r/x/y/theta/t_err: 0.00048 0.00012 0.04216 0.14814 0.16960 -0.16803 -0.06022 -0.16803 -0.06022 8.19391 23.88313 63.68445 0.00138
target: 0.00012 0.00551
target: 0.00012 0.00551
fb: 0.11827 0.02132 0.04035 -0.04890
fb: 0.07569 0.02292 0.04035 -0.04890
dist/lin/ang/drive_left/drive_right/tv_l/tv_r/av_l/av_r/x/y/theta/t_err: -0.00188 -0.00047 -0.02569 0.05276 0.09861 -0.18958 -0.27806 -0.18958 -0.27806 8.23513 23.96664 63.80006 -0.00064
target: -0.00047 -0.00336
target: -0.00047 -0.00336
fb: 0.02140 0.01623 0.07986 -0.08752
fb: 0.00397 0.00495 0.07986 -0.08752
final error: 0.24324, x: -0.24256, y: 0.01823
final local error: 0.24324, forwards: -0.09002, sideways: 0.22597
position: 8.24256 23.98177 63.98055
took 1.20000 time to finish turn
dist/lin/ang/drive_left/drive_right/tv_l/tv_r/av_l/av_r/x/y/theta/t_err: -0.64319 -0.09144 1.13978 0.00000 0.00000 -0.00000 0.00000 -0.00000 0.00000 8.22624 23.94894 243.44931 0.13253
target: -0.09144 0.14909
target: -0.09144 0.14909
fb: 0.00000 0.00000 -1.00000 0.67555
fb: 0.00000 0.00000 -1.00000 0.67555
dist/lin/ang/drive_left/drive_right/tv_l/tv_r/av_l/av_r/x/y/theta/t_err: -0.64319 -0.18288 1.14003 0.00000 0.00000 -0.28575 0.27906 -0.28575 0.27906 8.22624 23.94894 243.44854 0.13255
target: -0.18288 0.14913
target: -0.18288 0.14913
fb: 0.00000 0.00000 -0.55563 -0.20829
fb: 0.00000 0.00913 -0.55107 -0.21286
dist/lin/ang/drive_left/drive_right/tv_l/tv_r/av_l/av_r/x/y/theta/t_err: -0.64319 -0.27432 1.13385 -0.00913 0.00913 -0.50769 -0.05969 -0.50769 -0.05969 8.22624 23.94894 243.46717 0.13222
target: -0.27432 0.14832
target: -0.27432 0.14832
fb: 0.00000 0.04243 -0.60924 -0.31381
fb: -0.00397 0.07002 -0.59346 -0.32562
dist/lin/ang/drive_left/drive_right/tv_l/tv_r/av_l/av_r/x/y/theta/t_err: -0.64311 -0.36576 0.99864 -0.07400 0.06605 -0.51128 -0.25531 -0.51128 -0.25531 8.22486 23.94613 243.89459 0.12478
target: -0.36576 0.13063
target: -0.36576 0.13063
fb: -0.00397 0.08682 -0.56797 -0.51057
fb: 0.00000 0.08912 -0.56880 -0.51371
dist/lin/ang/drive_left/drive_right/tv_l/tv_r/av_l/av_r/x/y/theta/t_err: -0.64311 -0.45720 0.82763 -0.08912 0.08912 -0.52667 -0.41922 -0.52667 -0.41922 8.22486 23.94613 244.65067 0.11158
target: -0.45720 0.10826
target: -0.45720 0.10826
fb: -0.07171 0.08598 -0.56683 -0.60352
fb: -0.18226 0.08487 -0.51211 -0.54769
dist/lin/ang/drive_left/drive_right/tv_l/tv_r/av_l/av_r/x/y/theta/t_err: -0.63948 -0.54864 0.72870 -0.26713 -0.09740 -0.51042 -0.42742 -0.51042 -0.42742 8.16436 23.81600 245.39594 0.09917
target: -0.54864 0.09532
target: -0.54864 0.09532
fb: -0.25398 0.08291 -0.80944 -0.80750
fb: -0.31025 0.07880 -0.78336 -0.77731
dist/lin/ang/drive_left/drive_right/tv_l/tv_r/av_l/av_r/x/y/theta/t_err: -0.63331 -0.64008 0.63808 -0.38905 -0.23144 -0.50783 -0.42828 -0.50783 -0.42828 8.06410 23.59323 246.10940 0.08762
target: -0.64008 0.08347
target: -0.64008 0.08347
fb: -0.32790 0.07427 -0.85112 -0.85955
fb: -0.36276 0.07344 -0.83411 -0.84170
dist/lin/ang/drive_left/drive_right/tv_l/tv_r/av_l/av_r/x/y/theta/t_err: -0.62608 -0.73152 0.56050 -0.43620 -0.28933 -0.49450 -0.40417 -0.49450 -0.40417 7.94999 23.33137 246.75816 0.07724
target: -0.73152 0.07332
target: -0.73152 0.07332
fb: -0.38395 0.06982 -0.90268 -0.91957
fb: -0.42653 0.06800 -0.88139 -0.89828
dist/lin/ang/drive_left/drive_right/tv_l/tv_r/av_l/av_r/x/y/theta/t_err: -0.61757 -0.82296 0.48363 -0.49454 -0.35853 -0.52156 -0.49194 -0.52156 -0.49194 7.81925 23.02202 247.37116 0.06753
target: -0.82296 0.06326
target: -0.82296 0.06326
fb: -0.47508 0.06515 -0.93410 -0.96466
fb: -0.44816 0.05867 -0.94756 -0.97812
dist/lin/ang/drive_left/drive_right/tv_l/tv_r/av_l/av_r/x/y/theta/t_err: -0.60862 -0.91440 0.41973 -0.50683 -0.38949 -0.49144 -0.50647 -0.49144 -0.50647 7.68505 22.69565 247.92004 0.05887
target: -0.91440 0.05491
target: -0.91440 0.05491
fb: -0.48501 0.05309 -1.00000 -1.00000
fb: -0.58960 0.05114 -0.96217 -0.98965
dist/lin/ang/drive_left/drive_right/tv_l/tv_r/av_l/av_r/x/y/theta/t_err: -0.59685 -1.00584 0.37635 -0.64074 -0.53846 -0.55403 -0.53472 -0.55403 -0.53472 7.51238 22.26470 248.38215 0.05189
target: -1.00584 0.04923
target: -1.00584 0.04923
fb: -0.58364 0.04640 -1.00000 -1.00000
fb: -0.59534 0.03951 -1.00000 -1.00000
dist/lin/ang/drive_left/drive_right/tv_l/tv_r/av_l/av_r/x/y/theta/t_err: -0.58495 -1.09728 0.33967 -0.63484 -0.55583 -0.62197 -0.59378 -0.62197 -0.59378 7.34129 21.82827 248.76653 0.04616
target: -1.09728 0.04443
target: -1.09728 0.04443
fb: -0.63042 0.03317 -1.00000 -1.00000
fb: -0.69044 0.02940 -1.00000 -1.00000
dist/lin/ang/drive_left/drive_right/tv_l/tv_r/av_l/av_r/x/y/theta/t_err: -0.57116 -1.18872 0.32539 -0.71985 -0.66104 -0.77869 -0.77819 -0.77869 -0.77819 7.14576 21.32099 249.04716 0.04231
target: -1.18872 0.04256
target: -1.18872 0.04256
fb: -0.81247 0.02522 -1.00000 -1.00000
fb: -0.80872 0.02090 -1.00000 -1.00000
dist/lin/ang/drive_left/drive_right/tv_l/tv_r/av_l/av_r/x/y/theta/t_err: -0.55500 -1.28016 0.31773 -0.82962 -0.78781 -0.82011 -0.81483 -0.82011 -0.81483 6.91916 20.72589 249.25677 0.03983
target: -1.28016 0.04156
target: -1.28016 0.04156
fb: -0.86896 0.01867 -1.00000 -1.00000
fb: -0.88617 0.01860 -1.00000 -1.00000
dist/lin/ang/drive_left/drive_right/tv_l/tv_r/av_l/av_r/x/y/theta/t_err: -0.53729 -1.37160 0.31202 -0.90477 -0.86756 -0.83261 -0.82883 -0.83261 -0.82883 6.67294 20.07301 249.42342 0.03819
target: -1.37160 0.04081
target: -1.37160 0.04081
fb: -0.85329 0.01902 -1.00000 -1.00000
fb: -0.91552 0.02369 -1.00000 -1.00000
dist/lin/ang/drive_left/drive_right/tv_l/tv_r/av_l/av_r/x/y/theta/t_err: -0.51899 -1.46304 0.29367 -0.93921 -0.89183 -0.83894 -0.84031 -0.83894 -0.84031 6.42062 19.39773 249.60453 0.03632
target: -1.46304 0.03842
target: -1.46304 0.03842
fb: -1.03555 0.02989 -1.00000 -1.00000
fb: -1.09756 0.03024 -1.00000 -1.00000
dist/lin/ang/drive_left/drive_right/tv_l/tv_r/av_l/av_r/x/y/theta/t_err: -0.49705 -1.55448 0.25880 -1.12780 -1.06732 -0.84236 -0.84322 -0.84236 -0.84322 6.12116 18.58705 249.85601 0.03344
target: -1.55448 0.03385
target: -1.55448 0.03385
fb: -1.05894 0.02864 -1.00000 -1.00000
fb: -1.09204 0.02543 -1.00000 -1.00000
dist/lin/ang/drive_left/drive_right/tv_l/tv_r/av_l/av_r/x/y/theta/t_err: -0.47522 -1.64592 0.23819 -1.11747 -1.06661 -0.85453 -0.85178 -0.85453 -0.85178 5.82677 17.77914 250.09061 0.03078
target: -1.64592 0.03116
target: -1.64592 0.03116
fb: -1.16751 0.02055 -1.00000 -1.00000
fb: -1.13264 0.01784 -1.00000 -1.00000
dist/lin/ang/drive_left/drive_right/tv_l/tv_r/av_l/av_r/x/y/theta/t_err: -0.45258 -1.69832 0.23441 -1.15048 -1.11481 -0.86017 -0.85675 -0.86017 -0.85675 5.52437 16.94013 250.26788 0.02915
target: -1.69832 0.03066
target: -1.69832 0.03066
fb: -1.16177 0.01679 -1.00000 -1.00000
fb: -1.26438 0.01819 -1.00000 -1.00000
dist/lin/ang/drive_left/drive_right/tv_l/tv_r/av_l/av_r/x/y/theta/t_err: -0.42730 -1.66782 0.23183 -1.28256 -1.24619 -0.86136 -0.85831 -0.86136 -0.85831 5.18949 16.00256 250.42040 0.02814
target: -1.66782 0.03033
target: -1.66782 0.03033
fb: -1.27034 0.01839 -0.84003 -0.81723
fb: -1.31094 0.01533 -0.81972 -0.79693
dist/lin/ang/drive_left/drive_right/tv_l/tv_r/av_l/av_r/x/y/theta/t_err: -0.40110 -1.61756 0.22963 -1.32627 -1.29561 -0.71406 -0.70275 -0.71406 -0.70275 4.84479 15.02959 250.55915 0.02747
target: -1.61756 0.03004
target: -1.61756 0.03004
fb: -1.27012 0.01045 -0.71534 -0.68908
fb: -1.37316 0.00843 -0.66382 -0.63755
dist/lin/ang/drive_left/drive_right/tv_l/tv_r/av_l/av_r/x/y/theta/t_err: -0.37364 -1.56020 0.24395 -1.38159 -1.36473 -0.70019 -0.68872 -0.70019 -0.68872 4.48580 14.00969 250.64754 0.02789
target: -1.56020 0.03191
target: -1.56020 0.03191
fb: -1.51085 0.00648 -0.52533 -0.47550
fb: -1.40030 0.00766 -0.58061 -0.53077
dist/lin/ang/drive_left/drive_right/tv_l/tv_r/av_l/av_r/x/y/theta/t_err: -0.34565 -1.49798 0.26059 -1.40797 -1.39264 -0.57956 -0.55522 -0.57956 -0.55522 4.12096 12.96920 250.71060 0.02900
target: -1.49798 0.03409
target: -1.49798 0.03409
fb: -1.39258 0.00955 -0.51111 -0.45428
fb: -1.48945 0.01017 -0.46268 -0.40584
dist/lin/ang/drive_left/drive_right/tv_l/tv_r/av_l/av_r/x/y/theta/t_err: -0.31587 -1.42935 0.27123 -1.49962 -1.47928 -0.52581 -0.48886 -0.52581 -0.48886 3.73436 11.86195 250.79612 0.03018
target: -1.42935 0.03548
target: -1.42935 0.03548
fb: -1.40406 0.00850 -0.41468 -0.36145
fb: -1.32065 0.00941 -0.45638 -0.40316
dist/lin/ang/drive_left/drive_right/tv_l/tv_r/av_l/av_r/x/y/theta/t_err: -0.28947 -1.36578 0.28134 -1.33005 -1.31124 -0.46386 -0.42211 -0.46386 -0.42211 3.39306 10.87968 250.88263 0.03135
target: -1.36578 0.03680
target: -1.36578 0.03680
fb: -1.39236 0.01122 -0.38340 -0.32918
fb: -1.40803 0.01819 -0.37557 -0.32135
dist/lin/ang/drive_left/drive_right/tv_l/tv_r/av_l/av_r/x/y/theta/t_err: -0.26133 -1.29527 0.29153 -1.42621 -1.38984 -0.42144 -0.40928 -0.42144 -0.40928 3.03094 9.83180 251.00284 0.03253
target: -1.29527 0.03814
target: -1.29527 0.03814
fb: -1.35573 0.02815 -0.31065 -0.25284
fb: -1.32263 0.02801 -0.32720 -0.26939
dist/lin/ang/drive_left/drive_right/tv_l/tv_r/av_l/av_r/x/y/theta/t_err: -0.23489 -1.22976 0.26286 -1.35064 -1.29462 -0.42247 -0.37044 -0.42247 -0.37044 2.69399 8.84637 251.25118 0.03162
target: -1.22976 0.03438
target: -1.22976 0.03438
fb: -1.33808 0.02550 -0.25443 -0.24764
fb: -1.28004 0.02313 -0.28344 -0.27666
dist/lin/ang/drive_left/drive_right/tv_l/tv_r/av_l/av_r/x/y/theta/t_err: -0.20930 -1.16117 0.26862 -1.30318 -1.25691 -0.36992 -0.32922 -0.36992 -0.32922 2.37186 7.89133 251.46954 0.03144
target: -1.16117 0.03514
target: -1.16117 0.03514
fb: -1.21230 0.02676 -0.26328 -0.21385
fb: -1.21407 0.02996 -0.26240 -0.21296
dist/lin/ang/drive_left/drive_right/tv_l/tv_r/av_l/av_r/x/y/theta/t_err: -0.18503 -1.09240 0.26372 -1.24403 -1.18411 -0.33194 -0.29603 -0.33194 -0.29603 2.06988 6.98432 251.71131 0.03108
target: -1.09240 0.03450
target: -1.09240 0.03450
fb: -1.12470 0.03101 -0.23697 -0.20032
fb: -1.09182 0.03163 -0.25341 -0.21676
dist/lin/ang/drive_left/drive_right/tv_l/tv_r/av_l/av_r/x/y/theta/t_err: -0.16320 -1.07735 0.24864 -1.12346 -1.06019 -0.30522 -0.26708 -0.30522 -0.26708 1.80212 6.16738 251.98818 0.03008
target: -1.07735 0.03252
target: -1.07735 0.03252
fb: -1.12492 0.03052 -0.43077 -0.41671
fb: -1.05122 0.02599 -0.46762 -0.45356
dist/lin/ang/drive_left/drive_right/tv_l/tv_r/av_l/av_r/x/y/theta/t_err: -0.14212 -1.00538 0.17596 -1.07721 -1.02523 -0.33469 -0.31672 -0.33469 -0.31672 1.54794 5.37964 252.24298 0.02563
target: -1.00538 0.02302
target: -1.00538 0.02302
fb: -0.96583 0.02550 -0.17675 -0.23423
fb: -0.99495 0.02376 -0.16219 -0.21967
dist/lin/ang/drive_left/drive_right/tv_l/tv_r/av_l/av_r/x/y/theta/t_err: -0.12224 -0.93240 0.15046 -1.01871 -0.97119 -0.29583 -0.30800 -0.29583 -0.30800 1.31047 4.63307 252.45852 0.02187
target: -0.93240 0.01968
target: -0.93240 0.01968
fb: -0.94839 0.02048 -0.14051 -0.14618
fb: -0.91927 0.01352 -0.15507 -0.16075
dist/lin/ang/drive_left/drive_right/tv_l/tv_r/av_l/av_r/x/y/theta/t_err: -0.10386 -0.85947 0.13565 -0.93278 -0.90575 -0.20414 -0.21267 -0.20414 -0.21267 1.09340 3.94256 252.62002 0.01905
target: -0.85947 0.01774
target: -0.85947 0.01774
fb: -0.89411 0.00676 -0.10639 -0.10146
fb: -0.83961 0.00216 -0.13364 -0.12871
dist/lin/ang/drive_left/drive_right/tv_l/tv_r/av_l/av_r/x/y/theta/t_err: -0.08708 -0.78694 0.14729 -0.84177 -0.83745 -0.15367 -0.15331 -0.15367 -0.15331 0.89627 3.31152 252.67099 0.01816
target: -0.78694 0.01927
target: -0.78694 0.01927
fb: -0.84557 0.00195 -0.08281 0.08391
fb: -0.76812 0.00467 -0.12153 -0.08281
dist/lin/ang/drive_left/drive_right/tv_l/tv_r/av_l/av_r/x/y/theta/t_err: -0.07171 -0.71417 0.14753 -0.77278 -0.76345 -0.12456 -0.04039 -0.12456 -0.04039 0.71623 2.73412 252.69767 0.01770
target: -0.71417 0.01930
target: -0.71417 0.01930
fb: -0.69993 0.00808 -0.08163 0.07241
fb: -0.63020 0.01219 -0.11649 -0.09046
dist/lin/ang/drive_left/drive_right/tv_l/tv_r/av_l/av_r/x/y/theta/t_err: -0.05912 -0.64840 0.12512 -0.64240 -0.61801 -0.11533 -0.02361 -0.11533 -0.02361 0.56895 2.26026 252.78104 0.01624
target: -0.64840 0.01637
target: -0.64840 0.01637
fb: -0.59732 0.01672 -0.08578 -0.09085
fb: -0.59732 0.01895 -0.08578 -0.09085
dist/lin/ang/drive_left/drive_right/tv_l/tv_r/av_l/av_r/x/y/theta/t_err: -0.04718 -0.57924 0.09001 -0.61628 -0.57837 -0.11139 -0.10608 -0.11139 -0.10608 0.43029 1.81083 252.93401 0.01357
target: -0.57924 0.01177
target: -0.57924 0.01177
fb: -0.56047 0.02000 0.10099 0.08580
fb: -0.53731 0.01812 0.08940 0.07422
dist/lin/ang/drive_left/drive_right/tv_l/tv_r/av_l/av_r/x/y/theta/t_err: -0.03644 -0.50908 0.06034 -0.55542 -0.51919 0.03031 0.03558 0.03031 0.03558 0.30676 1.40619 253.10767 0.01054
target: -0.50908 0.00789
target: -0.50908 0.00789
fb: -0.52186 0.01359 0.14902 0.13574
fb: -0.45191 0.00746 0.11404 0.10076
dist/lin/ang/drive_left/drive_right/tv_l/tv_r/av_l/av_r/x/y/theta/t_err: -0.02741 -0.44150 0.05550 -0.45937 -0.44446 0.10556 0.09806 0.10556 0.09806 0.20370 1.06561 253.21593 0.00865
target: -0.44150 0.00726
target: -0.44150 0.00726
fb: -0.38968 0.00279 -0.09514 -0.09586
fb: -0.32371 -0.00174 -0.12813 -0.12884
dist/lin/ang/drive_left/drive_right/tv_l/tv_r/av_l/av_r/x/y/theta/t_err: -0.02093 -0.38586 0.06817 -0.32197 -0.32545 -0.04758 -0.04467 -0.04758 -0.04467 0.13016 0.82156 253.23511 0.00832
target: -0.38586 0.00892
target: -0.38586 0.00892
fb: -0.24824 -0.00432 -0.15274 -0.13059
fb: -0.19595 -0.00118 -0.17889 -0.15674
dist/lin/ang/drive_left/drive_right/tv_l/tv_r/av_l/av_r/x/y/theta/t_err: -0.01701 -0.34786 0.07931 -0.19476 -0.19713 -0.14336 -0.12883 -0.14336 -0.12883 0.08562 0.67384 253.21110 0.00873
target: -0.34786 0.01037
target: -0.34786 0.01037
fb: -0.16682 0.00000 -0.19576 -0.17343
fb: -0.17653 0.00000 -0.19091 -0.16858
dist/lin/ang/drive_left/drive_right/tv_l/tv_r/av_l/av_r/x/y/theta/t_err: -0.01348 -0.30967 0.07452 -0.17653 -0.17653 -0.18275 -0.16478 -0.18275 -0.16478 0.04548 0.54076 253.21294 0.00870
target: -0.30967 0.00975
target: -0.30967 0.00975
fb: -0.17653 0.00000 -0.14751 -0.14478
fb: -0.18800 0.00181 -0.14178 -0.13905
dist/lin/ang/drive_left/drive_right/tv_l/tv_r/av_l/av_r/x/y/theta/t_err: -0.00972 -0.26298 0.07252 -0.18981 -0.18619 -0.15556 -0.15058 -0.15556 -0.15058 0.00273 0.39904 253.22010 0.00858
target: -0.26298 0.00949
target: -0.26298 0.00949
fb: -0.20565 0.00878 -0.07677 -0.07113
fb: -0.17851 0.01226 -0.09035 -0.08470
dist/lin/ang/drive_left/drive_right/tv_l/tv_r/av_l/av_r/x/y/theta/t_err: -0.00616 -0.00154 0.04730 -0.19078 -0.16625 -0.09892 -0.09564 -0.09892 -0.09564 -0.03777 0.26444 253.30164 0.00715
target: -0.00154 0.00619
target: -0.00154 0.00619
fb: -0.17454 0.01470 0.57203 0.55565
fb: -0.17653 0.01700 0.57203 0.55565
dist/lin/ang/drive_left/drive_right/tv_l/tv_r/av_l/av_r/x/y/theta/t_err: -0.00263 -0.00066 0.01613 -0.19353 -0.15953 0.18719 0.21936 0.18719 0.21936 -0.07756 0.13126 253.44149 0.00471
target: -0.00066 0.00211
target: -0.00066 0.00211
fb: -0.14740 0.01700 0.05748 -0.05929
fb: -0.12798 0.01826 0.05748 -0.05929
decreased target to -0.00000
start is 0.00000 0.00000
dist/lin/ang/drive_left/drive_right/tv_l/tv_r/av_l/av_r/x/y/theta/t_err: 0.60960 0.00000 1.20000 0.00000 0.00000 -0.00017 0.00000 -0.00017 0.00000 0.00000 0.00000 0.00000 1.57080
target: 0.00000 0.15697
target: 0.00000 0.15697
fb: 0.00000 0.00000 -0.92905 0.93709
fb: 0.00000 0.00000 -0.92905 0.93709
dist/lin/ang/drive_left/drive_right/tv_l/tv_r/av_l/av_r/x/y/theta/t_err: 0.60960 0.00000 2.40000 0.00000 0.00000 -0.03028 0.05322 -0.03028 0.05322 0.00000 0.00000 0.00000 1.57080
target: 0.00000 0.31394
target: 0.00000 0.31394
fb: 0.00000 0.00000 -1.00000 1.00000
fb: 0.00000 0.00327 -1.00000 1.00000
dist/lin/ang/drive_left/drive_right/tv_l/tv_r/av_l/av_r/x/y/theta/t_err: 0.60960 0.00000 3.60000 -0.00327 0.00327 -0.39614 0.41408 -0.39614 0.41408 0.00000 0.00000 0.00001 1.57080
target: 0.00000 0.47092
target: 0.00000 0.47092
fb: 0.00000 0.03205 -1.00000 1.00000
fb: 0.00000 0.07720 -1.00000 1.00000
dist/lin/ang/drive_left/drive_right/tv_l/tv_r/av_l/av_r/x/y/theta/t_err: 0.60960 0.00050 4.80000 -0.07720 0.07720 -0.42897 0.52256 -0.42897 0.52256 0.00000 0.00000 0.10994 1.56888
target: 0.00050 0.62789
target: 0.00050 0.62789
fb: 0.00000 0.11768 -1.00000 1.00000
fb: 0.00000 0.15628 -1.00000 1.00000
dist/lin/ang/drive_left/drive_right/tv_l/tv_r/av_l/av_r/x/y/theta/t_err: 0.60960 0.00402 6.00000 -0.15628 0.15628 -0.62092 0.69794 -0.62092 0.69794 0.00000 0.00000 0.86443 1.55571
target: 0.00402 0.78486
target: 0.00402 0.78486
fb: 0.00000 0.19335 -1.00000 1.00000
fb: 0.00000 0.23418 -1.00000 1.00000
dist/lin/ang/drive_left/drive_right/tv_l/tv_r/av_l/av_r/x/y/theta/t_err: 0.60960 0.01098 6.00000 -0.23418 0.23418 -0.73442 0.75525 -0.73442 0.75525 0.00000 0.00000 2.30722 1.53053
target: 0.01098 0.78486
target: 0.01098 0.78486
fb: 0.00000 0.27550 -0.80157 0.85814
fb: 0.00000 0.31319 -0.78273 0.83929
dist/lin/ang/drive_left/drive_right/tv_l/tv_r/av_l/av_r/x/y/theta/t_err: 0.60960 0.02187 6.00000 -0.31319 0.31319 -0.75714 0.70106 -0.75714 0.70106 0.00000 0.00000 4.43964 1.49331
target: 0.02187 0.78486
target: 0.02187 0.78486
fb: 0.00000 0.35033 -0.75227 0.83261
fb: 0.00000 0.38642 -0.73422 0.81457
dist/lin/ang/drive_left/drive_right/tv_l/tv_r/av_l/av_r/x/y/theta/t_err: 0.60960 0.03742 6.00000 -0.38642 0.38642 -0.56619 0.66508 -0.56619 0.66508 0.00000 0.00000 7.25576 1.44416
target: 0.03742 0.78486
target: 0.03742 0.78486
fb: 0.00000 0.42272 -0.70101 0.81148
fb: 0.00000 0.45728 -0.68373 0.79420
dist/lin/ang/drive_left/drive_right/tv_l/tv_r/av_l/av_r/x/y/theta/t_err: 0.60960 0.05842 6.00000 -0.45728 0.45728 -0.58381 0.47928 -0.58381 0.47928 0.00000 0.00000 10.71066 1.38386
target: 0.05842 0.78486
target: 0.05842 0.78486
fb: 0.00000 0.48871 -0.64933 0.79717
fb: 0.00000 0.51867 -0.63435 0.78219
dist/lin/ang/drive_left/drive_right/tv_l/tv_r/av_l/av_r/x/y/theta/t_err: 0.60960 0.08603 6.00000 -0.51867 0.51867 -0.57989 0.60161 -0.57989 0.60161 0.00000 0.00000 14.76650 1.31307
target: 0.08603 0.78486
target: 0.08603 0.78486
fb: 0.00000 0.54493 -0.59781 0.79247
fb: 0.00000 0.57420 -0.58317 0.77784
dist/lin/ang/drive_left/drive_right/tv_l/tv_r/av_l/av_r/x/y/theta/t_err: 0.60960 0.12141 6.00000 -0.57420 0.57420 -0.57986 0.54583 -0.57986 0.54583 0.00000 0.00000 19.34656 1.23314
target: 0.12141 0.78486
target: 0.12141 0.78486
fb: 0.00000 0.60402 -0.53962 0.79157
fb: 0.00000 0.63356 -0.52485 0.77680
dist/lin/ang/drive_left/drive_right/tv_l/tv_r/av_l/av_r/x/y/theta/t_err: 0.60960 0.16647 6.00000 -0.63356 0.63356 -0.55283 0.55697 -0.55283 0.55697 0.00000 0.00000 24.42801 1.14445
target: 0.16647 0.78486
target: 0.16647 0.78486
fb: 0.01567 0.65133 -0.47992 0.80396
fb: 0.03486 0.65864 -0.47626 0.80031
dist/lin/ang/drive_left/drive_right/tv_l/tv_r/av_l/av_r/x/y/theta/t_err: 0.60945 0.22345 6.00000 -0.62378 0.69351 -0.52614 0.55800 -0.52614 0.55800 0.01083 0.00590 29.99430 1.04775
target: 0.22345 0.78486
target: 0.22345 0.78486
fb: 0.03486 0.67446 -0.32916 0.93159
fb: 0.01567 0.69251 -0.31054 0.93216
dist/lin/ang/drive_left/drive_right/tv_l/tv_r/av_l/av_r/x/y/theta/t_err: 0.60907 0.29217 6.00000 -0.67684 0.70817 -0.46217 0.64369 -0.46217 0.64369 0.03392 0.02074 35.78376 0.94767
target: 0.29217 0.78486
target: 0.29217 0.78486
fb: 0.01147 0.70923 -0.21680 1.00000
fb: 0.02118 0.72463 -0.21395 0.99663
dist/lin/ang/drive_left/drive_right/tv_l/tv_r/av_l/av_r/x/y/theta/t_err: 0.60893 0.37713 6.00000 -0.70345 0.74581 -0.33108 0.58828 -0.33108 0.58828 0.04080 0.02658 41.86349 0.84184
target: 0.37713 0.78486
target: 0.37713 0.78486
fb: 0.01765 0.73215 -0.10202 1.00000
fb: 0.02912 0.73766 -0.10500 1.00000
dist/lin/ang/drive_left/drive_right/tv_l/tv_r/av_l/av_r/x/y/theta/t_err: 0.60868 0.46857 5.18875 -0.70853 0.76678 -0.23597 0.57869 -0.23597 0.57869 0.05065 0.03638 48.20531 0.73157
target: 0.46857 0.67874
target: 0.46857 0.67874
fb: 0.04258 0.74163 0.66250 0.57252
fb: 0.05052 0.74588 0.66065 0.56642
dist/lin/ang/drive_left/drive_right/tv_l/tv_r/av_l/av_r/x/y/theta/t_err: 0.60801 0.56001 4.21220 -0.69535 0.79640 -0.13275 0.58522 -0.13275 0.58522 0.07154 0.06259 54.66053 0.61978
target: 0.56001 0.55100
target: 0.56001 0.55100
fb: 0.07369 0.75612 1.00000 0.62463
fb: 0.09884 0.76023 1.00000 0.61000
dist/lin/ang/drive_left/drive_right/tv_l/tv_r/av_l/av_r/x/y/theta/t_err: 0.60676 0.65145 3.22754 -0.66139 0.85907 0.36086 0.52325 0.36086 0.52325 0.10205 0.11192 61.21082 0.50674
target: 0.65145 0.42219
target: 0.65145 0.42219
fb: 0.12995 0.74428 1.00000 0.52849
fb: 0.17253 0.71494 1.00000 0.52187
dist/lin/ang/drive_left/drive_right/tv_l/tv_r/av_l/av_r/x/y/theta/t_err: 0.60442 0.74289 2.24662 -0.54241 0.88748 0.40758 0.55628 0.40758 0.55628 0.14560 0.20447 67.82039 0.39323
target: 0.74289 0.29388
target: 0.74289 0.29388
fb: 0.20166 0.69188 1.00000 0.45248
fb: 0.23851 0.66993 1.00000 0.44503
dist/lin/ang/drive_left/drive_right/tv_l/tv_r/av_l/av_r/x/y/theta/t_err: 0.60062 0.83433 1.40560 -0.43143 0.90844 0.64697 0.49553 0.64697 0.49553 0.19723 0.35456 74.03508 0.28698
target: 0.83433 0.18387
target: 0.83433 0.18387
fb: 0.29080 0.64311 1.00000 0.46785
fb: 0.31992 0.61329 1.00000 0.46819
dist/lin/ang/drive_left/drive_right/tv_l/tv_r/av_l/av_r/x/y/theta/t_err: 0.59496 0.92577 0.62596 -0.29336 0.93321 0.72328 0.43922 0.72328 0.43922 0.24840 0.57767 79.83916 0.18795
target: 0.92577 0.08188
target: 0.92577 0.08188
fb: 0.33162 0.57698 1.00000 0.47940
fb: 0.32192 0.54932 1.00000 0.49808
dist/lin/ang/drive_left/drive_right/tv_l/tv_r/av_l/av_r/x/y/theta/t_err: 0.58840 1.01721 -0.07073 -0.22741 0.87124 0.80850 0.45022 0.80850 0.45022 0.28228 0.83651 85.12656 0.09724
target: 1.01721 -0.00925
target: 1.01721 -0.00925
fb: 0.31993 0.52396 1.00000 0.53625
fb: 0.34906 0.50278 1.00000 0.53228
dist/lin/ang/drive_left/drive_right/tv_l/tv_r/av_l/av_r/x/y/theta/t_err: 0.58201 1.10865 -0.69751 -0.15372 0.85184 0.87317 0.47875 0.87317 0.47875 0.29289 1.08815 89.88550 0.01478
target: 1.10865 -0.09124
target: 1.10865 -0.09124
fb: 0.36649 0.48090 1.00000 0.56221
fb: 0.38988 0.45763 1.00000 0.56215
dist/lin/ang/drive_left/drive_right/tv_l/tv_r/av_l/av_r/x/y/theta/t_err: 0.57468 1.20009 -1.29518 -0.06775 0.84751 0.88394 0.51575 0.88394 0.51575 0.28233 1.37648 94.24935 -0.06169
target: 1.20009 -0.16942
target: 1.20009 -0.16942
fb: 0.42673 0.43722 1.00000 0.56216
fb: 0.44615 0.41896 1.00000 0.56158
dist/lin/ang/drive_left/drive_right/tv_l/tv_r/av_l/av_r/x/y/theta/t_err: 0.56619 1.29153 -1.84831 0.02719 0.86511 0.88842 0.54261 0.88842 0.54261 0.24549 1.71042 98.22479 -0.13254
target: 1.29153 -0.24178
target: 1.29153 -0.24178
fb: 0.48477 0.40203 1.00000 0.57497
fb: 0.54104 0.38754 1.00000 0.55408
dist/lin/ang/drive_left/drive_right/tv_l/tv_r/av_l/av_r/x/y/theta/t_err: 0.55663 1.29044 -2.37579 0.15350 0.92857 0.89747 0.54464 0.89747 0.54464 0.17837 2.08613 101.86745 -0.19899
target: 1.29044 -0.31078
target: 1.29044 -0.31078
fb: 0.54302 0.37325 1.00000 0.10818
fb: 0.56619 0.35974 1.00000 0.10335
dist/lin/ang/drive_left/drive_right/tv_l/tv_r/av_l/av_r/x/y/theta/t_err: 0.54606 1.16042 -2.88958 0.20646 0.92593 0.90725 0.50272 0.90725 0.50272 0.07828 2.50178 105.23937 -0.26234
target: 1.16042 -0.37799
target: 1.16042 -0.37799
fb: 0.59929 0.34434 1.00000 -0.76002
fb: 0.61275 0.31974 1.00000 -0.75445
dist/lin/ang/drive_left/drive_right/tv_l/tv_r/av_l/av_r/x/y/theta/t_err: 0.53458 1.04540 -3.38980 0.29301 0.93250 0.91561 0.14133 0.91561 0.14133 -0.05815 2.95346 108.36476 -0.32329
target: 1.04540 -0.44342
target: 1.04540 -0.44342
fb: 0.62070 0.28964 1.00000 -0.85689
fb: 0.57613 0.26226 1.00000 -0.82091
dist/lin/ang/drive_left/drive_right/tv_l/tv_r/av_l/av_r/x/y/theta/t_err: 0.52293 0.94797 -3.81994 0.31387 0.83839 0.88942 -0.30953 0.88942 -0.30953 -0.22328 3.41342 111.10424 -0.37918
target: 0.94797 -0.49969
target: 0.94797 -0.49969
fb: 0.56819 0.21850 1.00000 -0.83734
fb: 0.59732 0.16074 1.00000 -0.82302
dist/lin/ang/drive_left/drive_right/tv_l/tv_r/av_l/av_r/x/y/theta/t_err: 0.51248 0.87186 -4.13262 0.43658 0.75806 0.87711 -0.43514 0.87711 -0.43514 -0.39278 3.82744 113.29517 -0.42605
target: 0.87186 -0.54059
target: 0.87186 -0.54059
fb: 0.58364 0.10075 1.00000 -0.74733
fb: 0.61476 0.04201 1.00000 -0.73352
dist/lin/ang/drive_left/drive_right/tv_l/tv_r/av_l/av_r/x/y/theta/t_err: 0.50193 0.82233 -4.26301 0.57274 0.65677 0.85725 -0.44725 0.85725 -0.44725 -0.57962 4.24730 114.57507 -0.45825
target: 0.82233 -0.55764
target: 0.82233 -0.55764
fb: 0.61674 -0.00439 1.00000 -0.55953
fb: 0.60306 -0.03972 1.00000 -0.53503
dist/lin/ang/drive_left/drive_right/tv_l/tv_r/av_l/av_r/x/y/theta/t_err: 0.49092 0.79865 -4.23699 0.64278 0.56335 0.85881 -0.51367 0.85881 -0.51367 -0.78299 4.68829 114.84598 -0.47417
target: 0.79865 -0.55424
target: 0.79865 -0.55424
fb: 0.64388 -0.07629 0.96496 -0.35551
fb: 0.60130 -0.12333 0.96274 -0.31070
dist/lin/ang/drive_left/drive_right/tv_l/tv_r/av_l/av_r/x/y/theta/t_err: 0.47948 0.79170 -4.16605 0.72462 0.47797 0.75989 -0.45375 0.75989 -0.45375 -0.99462 5.14900 114.41926 -0.47891
target: 0.79170 -0.54496
target: 0.79170 -0.54496
fb: 0.57415 -0.17753 0.97245 -0.16955
fb: 0.54105 -0.23286 0.96134 -0.12534
dist/lin/ang/drive_left/drive_right/tv_l/tv_r/av_l/av_r/x/y/theta/t_err: 0.46927 0.80635 -3.93349 0.77391 0.30820 0.63292 -0.31947 0.63292 -0.31947 -1.17753 5.56243 113.21496 -0.46896
target: 0.80635 -0.51454
target: 0.80635 -0.51454
fb: 0.53708 -0.27724 0.91015 0.26129
fb: 0.53531 -0.31312 0.89309 0.28012
dist/lin/ang/drive_left/drive_right/tv_l/tv_r/av_l/av_r/x/y/theta/t_err: 0.45962 0.84734 -3.52805 0.84843 0.22219 0.62097 -0.14733 0.62097 -0.14733 -1.33696 5.95410 111.07658 -0.44181
target: 0.84734 -0.46150
target: 0.84734 -0.46150
fb: 0.46359 -0.34064 0.89411 0.64168
fb: 0.47705 -0.36406 0.87567 0.64666
dist/lin/ang/drive_left/drive_right/tv_l/tv_r/av_l/av_r/x/y/theta/t_err: 0.45117 0.91168 -3.04332 0.84111 0.11300 0.65022 0.20653 0.65022 0.20653 -1.46022 6.29767 108.26869 -0.40115
target: 0.91168 -0.39810
target: 0.91168 -0.39810
fb: 0.52934 -0.37855 0.87343 0.90598
fb: 0.54501 -0.38677 0.86149 0.90226
dist/lin/ang/drive_left/drive_right/tv_l/tv_r/av_l/av_r/x/y/theta/t_err: 0.44132 0.98821 -2.56427 0.93178 0.15824 0.64028 0.54858 0.64028 0.54858 -1.57960 6.69697 105.04003 -0.35354
target: 0.98821 -0.33543
target: 0.98821 -0.33543
fb: 0.60701 -0.38141 0.88162 1.00000
fb: 0.69417 -0.36817 0.84466 1.00000
dist/lin/ang/drive_left/drive_right/tv_l/tv_r/av_l/av_r/x/y/theta/t_err: 0.42983 1.06318 -2.11510 1.06234 0.32600 0.71147 0.61153 0.71147 0.61153 -1.68929 7.16212 101.67666 -0.30379
target: 1.06318 -0.27668
target: 1.06318 -0.27668
fb: 0.67873 -0.35374 0.87053 1.00000
fb: 0.66328 -0.33047 0.88989 1.00000
dist/lin/ang/drive_left/drive_right/tv_l/tv_r/av_l/av_r/x/y/theta/t_err: 0.41679 1.13426 -1.73848 0.99375 0.33281 0.67656 0.44797 0.67656 0.44797 -1.78306 7.68821 98.47489 -0.25679
target: 1.13426 -0.22741
target: 1.13426 -0.22741
fb: 0.65755 -0.31298 0.93577 1.00000
fb: 0.64012 -0.30316 0.94940 1.00000
dist/lin/ang/drive_left/drive_right/tv_l/tv_r/av_l/av_r/x/y/theta/t_err: 0.40400 1.19954 -1.41591 0.94328 0.33696 0.69778 0.70786 0.69778 0.70786 -1.84661 8.20201 95.60490 -0.21419
target: 1.19954 -0.18521
target: 1.19954 -0.18521
fb: 0.66704 -0.30016 0.95614 1.00000
fb: 0.68646 -0.29919 0.94692 1.00000
dist/lin/ang/drive_left/drive_right/tv_l/tv_r/av_l/av_r/x/y/theta/t_err: 0.39091 1.26033 -1.10202 0.98564 0.38727 0.71456 0.83517 0.71456 0.83517 -1.88562 8.72575 92.95485 -0.17440
target: 1.26033 -0.14415
target: 1.26033 -0.14415
fb: 0.76214 -0.28497 0.91067 1.00000
fb: 0.87071 -0.25724 0.87025 1.00000
dist/lin/ang/drive_left/drive_right/tv_l/tv_r/av_l/av_r/x/y/theta/t_err: 0.37585 1.31695 -0.77698 1.12795 0.61346 0.64233 0.83775 0.64233 0.83775 -1.90233 9.32559 90.37932 -0.13554
target: 1.31695 -0.10164
target: 1.31695 -0.10164
fb: 0.90381 -0.23704 0.84243 1.00000
fb: 0.90381 -0.22087 0.85051 1.00000
dist/lin/ang/drive_left/drive_right/tv_l/tv_r/av_l/av_r/x/y/theta/t_err: 0.35790 1.35536 -0.55422 1.12468 0.68294 0.67792 0.84067 0.67792 0.84067 -1.89299 10.03715 88.16163 -0.10267
target: 1.35536 -0.07250
target: 1.35536 -0.07250
fb: 0.95611 -0.21216 0.81696 1.00000
fb: 0.95986 -0.19586 0.82324 1.00000
dist/lin/ang/drive_left/drive_right/tv_l/tv_r/av_l/av_r/x/y/theta/t_err: 0.33885 1.38106 -0.34825 1.15572 0.76400 0.71744 0.85947 0.71744 0.85947 -1.85575 10.78904 86.23926 -0.07392
target: 1.38106 -0.04556
target: 1.38106 -0.04556
fb: 0.96582 -0.18074 0.77872 1.00000
fb: 0.99296 -0.16868 0.77117 1.00000
dist/lin/ang/drive_left/drive_right/tv_l/tv_r/av_l/av_r/x/y/theta/t_err: 0.31957 1.39732 -0.15679 1.16164 0.82427 0.74822 0.86000 0.74822 0.86000 -1.79425 11.54702 84.56118 -0.04817
target: 1.39732 -0.02051
target: 1.39732 -0.02051
fb: 0.95611 -0.15998 0.75030 1.00000
fb: 1.02805 -0.15614 0.71625 1.00000
dist/lin/ang/drive_left/drive_right/tv_l/tv_r/av_l/av_r/x/y/theta/t_err: 0.30046 1.40543 0.01623 1.18419 0.87190 0.74583 0.88156 0.74583 0.88156 -1.71331 12.29548 83.10610 -0.02503
target: 1.40543 0.00212
target: 1.40543 0.00212
fb: 1.08211 -0.15370 0.64955 1.00000
fb: 1.12668 -0.14207 0.63308 1.00000
dist/lin/ang/drive_left/drive_right/tv_l/tv_r/av_l/av_r/x/y/theta/t_err: 0.27882 1.40296 0.20614 1.26875 0.98461 0.69364 0.88564 0.69364 0.88564 -1.60112 13.14010 81.74899 -0.00237
target: 1.40296 0.02696
target: 1.40296 0.02696
fb: 1.20060 -0.12813 0.51955 0.95213
fb: 1.17721 -0.11162 0.53950 0.95557
dist/lin/ang/drive_left/drive_right/tv_l/tv_r/av_l/av_r/x/y/theta/t_err: 0.25481 1.30553 0.38696 1.28883 1.06559 0.61172 0.89303 0.61172 0.89303 -1.45536 14.07414 80.53966 0.01953
target: 1.30553 0.05062
target: 1.30553 0.05062
fb: 1.21208 -0.09532 -0.07879 0.46902
fb: 1.20038 -0.08117 -0.06587 0.46780
dist/lin/ang/drive_left/drive_right/tv_l/tv_r/av_l/av_r/x/y/theta/t_err: 0.23058 1.20465 0.52680 1.28156 1.11921 0.40433 0.67281 0.40433 0.67281 -1.29035 15.01415 79.60397 0.03882
target: 1.20465 0.06891
target: 1.20465 0.06891
fb: 1.18295 -0.06842 -0.15373 0.36069
fb: 1.24319 -0.05574 -0.17751 0.32423
dist/lin/ang/drive_left/drive_right/tv_l/tv_r/av_l/av_r/x/y/theta/t_err: 0.20695 1.11056 0.65342 1.29893 1.18745 -0.02961 0.48408 -0.02961 0.48408 -1.11641 15.92922 78.91569 0.05600
target: 1.11056 0.08547
target: 1.11056 0.08547
fb: 1.16177 -0.04717 -0.20265 0.31421
fb: 1.09006 -0.02028 -0.15335 0.33662
dist/lin/ang/drive_left/drive_right/tv_l/tv_r/av_l/av_r/x/y/theta/t_err: 0.18376 1.02024 0.77824 1.11033 1.06978 -0.14667 0.36789 -0.14667 0.36789 -0.93680 16.82619 78.43765 0.07195
target: 1.02024 0.10180
target: 1.02024 0.10180
fb: 1.09381 0.01540 -0.22269 0.26778
fb: 0.99870 0.05184 -0.15691 0.29711
dist/lin/ang/drive_left/drive_right/tv_l/tv_r/av_l/av_r/x/y/theta/t_err: 0.16195 1.07322 0.83099 0.94687 1.05054 -0.15469 0.33108 -0.15469 0.33108 -0.76299 17.66974 78.35108 0.08336
target: 1.07322 0.10870
target: 1.07322 0.10870
fb: 0.99495 0.08194 0.63393 0.89321
fb: 0.93868 0.09629 0.66925 0.91417
dist/lin/ang/drive_left/drive_right/tv_l/tv_r/av_l/av_r/x/y/theta/t_err: 0.14160 1.00354 0.55126 0.84239 1.03498 -0.12867 0.36106 -0.12867 0.36106 -0.60788 18.43766 78.86129 0.07445
target: 1.00354 0.07211
target: 1.00354 0.07211
fb: 0.84755 0.10479 0.38710 0.15940
fb: 0.81644 0.11796 0.40265 0.17496
dist/lin/ang/drive_left/drive_right/tv_l/tv_r/av_l/av_r/x/y/theta/t_err: 0.12482 0.94219 0.36241 0.69848 0.93440 0.41769 0.59889 0.41769 0.59889 -0.48386 19.09339 79.71735 0.05951
target: 0.94219 0.04741
target: 0.94219 0.04741
fb: 0.86675 0.13524 0.36190 0.12046
fb: 0.94839 0.14827 0.32759 0.07312
dist/lin/ang/drive_left/drive_right/tv_l/tv_r/av_l/av_r/x/y/theta/t_err: 0.10765 0.87501 0.16331 0.80012 1.09666 0.40144 0.29175 0.40144 0.29175 -0.36854 19.76605 80.79091 0.04078
target: 0.87501 0.02136
target: 0.87501 0.02136
fb: 0.84755 0.15377 0.33275 -0.13024
fb: 0.88241 0.15628 0.31657 -0.14892
dist/lin/ang/drive_left/drive_right/tv_l/tv_r/av_l/av_r/x/y/theta/t_err: 0.09086 0.80386 -0.07398 0.72613 1.03869 0.34650 0.08092 0.34650 0.08092 -0.26891 20.42592 82.09903 0.01795
target: 0.80386 -0.00968
target: 0.80386 -0.00968
fb: 0.90955 0.14834 0.27713 -0.29986
fb: 0.80871 0.12291 0.31484 -0.23672
dist/lin/ang/drive_left/drive_right/tv_l/tv_r/av_l/av_r/x/y/theta/t_err: 0.07278 0.71945 -0.28289 0.68580 0.93162 0.31861 -0.13689 0.31861 -0.13689 -0.17857 21.13637 83.44585 -0.00556
target: 0.71945 -0.03700
target: 0.71945 -0.03700
fb: 0.68073 0.06814 0.23676 -0.29387
fb: 0.59159 0.01812 0.22876 -0.19673
dist/lin/ang/drive_left/drive_right/tv_l/tv_r/av_l/av_r/x/y/theta/t_err: 0.05922 0.64896 -0.35151 0.57347 0.60970 0.28439 -0.22569 0.28439 -0.22569 -0.12193 21.66937 84.38134 -0.02189
target: 0.64896 -0.04598
target: 0.64896 -0.04598
fb: 0.56820 -0.01533 0.15539 -0.11569
fb: 0.54878 -0.04557 0.16510 -0.10598
dist/lin/ang/drive_left/drive_right/tv_l/tv_r/av_l/av_r/x/y/theta/t_err: 0.04786 0.58340 -0.21904 0.59435 0.50321 0.22175 -0.17197 0.22175 -0.17197 -0.07881 22.11469 84.47623 -0.02354
target: 0.58340 -0.02865
target: 0.58340 -0.02865
fb: 0.54304 -0.07929 -0.12007 0.11536
fb: 0.49648 -0.09978 -0.09679 0.13864
dist/lin/ang/drive_left/drive_right/tv_l/tv_r/av_l/av_r/x/y/theta/t_err: 0.03697 0.51279 -0.04504 0.59626 0.39671 0.11842 -0.03133 0.11842 -0.03133 -0.03616 22.54015 83.99126 -0.01508
target: 0.51279 -0.00589
target: 0.51279 -0.00589
fb: 0.48501 -0.11350 -0.26913 0.15236
fb: 0.44021 -0.12981 -0.25489 0.18291
dist/lin/ang/drive_left/drive_right/tv_l/tv_r/av_l/av_r/x/y/theta/t_err: 0.02722 0.44000 0.16306 0.57002 0.31041 -0.10386 0.12783 -0.10386 0.12783 0.00675 22.91962 83.08946 0.00066
target: 0.44000 0.02133
target: 0.44000 0.02133
fb: 0.41881 -0.13970 -0.22851 0.28947
fb: 0.43448 -0.12974 -0.23136 0.27666
dist/lin/ang/drive_left/drive_right/tv_l/tv_r/av_l/av_r/x/y/theta/t_err: 0.01877 0.36537 0.38288 0.56421 0.30474 -0.21575 0.20394 -0.21575 0.20394 0.04984 23.24656 81.92751 0.02094
target: 0.36537 0.05008
target: 0.36537 0.05008
fb: 0.37049 -0.10061 -0.29397 0.26657
fb: 0.35482 -0.06703 -0.26934 0.25761
dist/lin/ang/drive_left/drive_right/tv_l/tv_r/av_l/av_r/x/y/theta/t_err: 0.01128 0.28329 0.52625 0.42185 0.28779 -0.22858 0.25872 -0.22858 0.25872 0.09350 23.53500 80.86116 0.03955
target: 0.28329 0.06884
target: 0.28329 0.06884
fb: 0.33540 -0.03581 -0.30726 0.14274
fb: 0.25795 -0.00411 -0.21621 0.12914
dist/lin/ang/drive_left/drive_right/tv_l/tv_r/av_l/av_r/x/y/theta/t_err: 0.00454 0.00113 0.50984 0.26206 0.25384 -0.25239 0.22486 -0.25239 0.22486 0.13672 23.79553 80.33841 0.04867
target: 0.00113 0.06669
target: 0.00113 0.06669
fb: 0.21338 0.03149 -0.74406 -0.67757
fb: 0.18050 0.06459 -0.72762 -0.66113
dist/lin/ang/drive_left/drive_right/tv_l/tv_r/av_l/av_r/x/y/theta/t_err: 0.00027 0.00007 0.40548 0.11591 0.24509 -0.25494 0.07903 -0.25494 0.07903 0.16497 23.96115 80.37882 0.04797
target: 0.00007 0.05304
target: 0.00007 0.05304
fb: 0.12798 0.09225 0.06281 -0.07086
fb: 0.07944 0.10855 0.06281 -0.07086
dist/lin/ang/drive_left/drive_right/tv_l/tv_r/av_l/av_r/x/y/theta/t_err: -0.00224 -0.00056 0.21110 -0.02912 0.18799 -0.21800 -0.34514 -0.21800 -0.34514 0.18139 24.06058 80.99933 0.03714
target: -0.00056 0.02761
target: -0.00056 0.02761
fb: 0.04457 0.12172 0.18054 -0.18780
fb: 0.02317 0.11078 0.17507 -0.18234
dist/lin/ang/drive_left/drive_right/tv_l/tv_r/av_l/av_r/x/y/theta/t_err: -0.00306 -0.00076 0.00154 -0.08762 0.13395 0.06828 -0.12678 0.06828 -0.12678 0.18664 24.09528 81.97846 0.02005
target: -0.00076 0.00020
target: -0.00076 0.00020
fb: 0.01567 0.09267 0.20779 -0.21406
fb: 0.00794 0.07135 0.16155 -0.16783
dist/lin/ang/drive_left/drive_right/tv_l/tv_r/av_l/av_r/x/y/theta/t_err: -0.00330 -0.00083 -0.12770 -0.06340 0.07929 0.16275 -0.17281 0.16275 -0.17281 0.18825 24.10751 82.90299 0.00391
target: -0.00083 -0.01670
target: -0.00083 -0.01670
fb: 0.00000 0.04299 0.12586 -0.13195
fb: 0.00000 0.01178 0.12586 -0.13195
final error: 0.21679, x: -0.18825, y: -0.10751
final local error: 0.21679, forwards: -0.12826, sideways: 0.17478
position: 0.18825 24.10751 83.45818
took 1.38000 time to finish turn
ARNING - pros.serial.terminal.terminal:stop - Stopping terminal - pros-cli version:3.5.6

[tomas@nixbtw:~/projects/Robotics/current/Cognex]$

