
[tomas@nixbtw:~/projects/Robotics/current/Cognex]$ t
Not sending analytics for this command.

Established terminal connection



         _+=+_
      .-`  .  `-.          8888888b.  8888888b.   .d88888b.   .d8888b.
   _+`     "     `+_       888   Y88b 888   Y88b d88P" "Y88b d88P  Y88b
  \\\sssssssssssss///      888    888 888    888 888     888 Y88b.
     .ss\  *  /ss.         888   d88P 888   d88P 888     888  "Y888b.
 .+bm  .s  *  s.  md+.     8888888P"  8888888P"  888     888     "Y88b.
.hMMMMs .  *  . sMMMMh.    888        888 T88b   888     888       "888
 `\hMMMb \ | / dMMMh:      888        888  T88b  Y88b. .d88P Y88b  d88P
   -SNMNo  -  oNMNs-       888        888   T88b  "Y88888P"   "Y8888P"
     `+dMh\./dMd/
        `:yNy:`                      Powered by PROS for VEX V5
           "                Copyright (c) Purdue University ACM SIGBots
Version:        4.2.1     Platform:  V1.1.5 (b18)     Uptime:    0.000 s
Compiled:   Jan  1 1980 00:00:00     Directory:





         _+=+_
      .-`  .  `-.          8888888b.  8888888b.   .d88888b.   .d8888b.
   _+`     "     `+_       888   Y88b 888   Y88b d88P" "Y88b d88P  Y88b
  \\\sssssssssssss///      888    888 888    888 888     888 Y88b.
     .ss\  *  /ss.         888   d88P 888   d88P 888     888  "Y888b.
 .+bm  .s  *  s.  md+.     8888888P"  8888888P"  888     888     "Y88b.
.hMMMMs .  *  . sMMMMh.    888        888 T88b   888     888       "888
 `\hMMMb \ | / dMMMh:      888        888  T88b  Y88b. .d88P Y88b  d88P
   -SNMNo  -  oNMNs-       888        888   T88b  "Y88888P"   "Y8888P"
     `+dMh\./dMd/
        `:yNy:`                      Powered by PROS for VEX V5
           "                Copyright (c) Purdue University ACM SIGBots
Version:        4.2.1     Platform:  V1.1.5 (b18)     Uptime:    0.000 s
Compiled:   Jan  1 1980 00:00:00     Directory:


bouncing done
health done
auton done
calibrated!
starting task: 2318293
initializing odom model
timed correctly: 2321164
initializing pf model
initializing smoother model
start is 0.000 0.000
dist/lin/ang/drive_left/drive_right/tv_l/tv_r/av_l/av_r/x/y/theta/t_err: 0.86210 0.09144 1.20000 0.00000 0.00000 -0.00050 0.00000 -0.00050 0.00000 0.00000 0.00000 0.00001 0.78540
target: 0.09144 0.15697
target: 0.09144 0.15697
fb: 0.00000 0.00000 -0.63386 1.00000
fb: 0.00000 0.00000 -0.63386 1.00000
dist/lin/ang/drive_left/drive_right/tv_l/tv_r/av_l/av_r/x/y/theta/t_err: 0.86210 0.18288 2.40000 0.00000 0.00000 -0.13019 -0.00017 -0.13019 -0.00017 0.00000 0.00000 0.00001 0.78540
target: 0.18288 0.31394
target: 0.18288 0.31394
fb: 0.00000 0.00000 -0.77073 1.00000
fb: 0.00000 0.01498 -0.76324 1.00000
dist/lin/ang/drive_left/drive_right/tv_l/tv_r/av_l/av_r/x/y/theta/t_err: 0.86210 0.27432 3.60000 -0.01498 0.01498 -0.45242 0.47772 -0.45242 0.47772 0.00000 0.00000 0.00001 0.78540
target: 0.27432 0.47092
target: 0.27432 0.47092
fb: 0.00000 0.04480 -0.85243 1.00000
fb: 0.00000 0.09713 -0.82627 1.00000
dist/lin/ang/drive_left/drive_right/tv_l/tv_r/av_l/av_r/x/y/theta/t_err: 0.86210 0.36576 4.80000 -0.09713 0.09713 -0.46919 0.71144 -0.46919 0.71144 0.00000 0.00000 0.19851 0.78193
target: 0.36576 0.62789
target: 0.36576 0.62789
fb: 0.00000 0.15161 -0.90313 1.00000
fb: 0.00000 0.19363 -0.88212 1.00000
dist/lin/ang/drive_left/drive_right/tv_l/tv_r/av_l/av_r/x/y/theta/t_err: 0.86210 0.44795 6.00000 -0.19363 0.19363 -0.46322 0.74656 -0.46322 0.74656 0.00000 0.00000 1.17906 0.76482
target: 0.44795 0.78486
target: 0.44795 0.78486
fb: 0.00000 0.23634 -0.99142 1.00000
fb: 0.00000 0.27397 -0.97261 1.00000
dist/lin/ang/drive_left/drive_right/tv_l/tv_r/av_l/av_r/x/y/theta/t_err: 0.86210 0.47895 7.20000 -0.27397 0.27397 -0.50956 0.79358 -0.50956 0.79358 0.00000 0.00000 2.96472 0.73365
target: 0.47895 0.94183
target: 0.47895 0.94183
fb: 0.00000 0.30783 -1.00000 1.00000
fb: 0.00000 0.34127 -1.00000 1.00000
dist/lin/ang/drive_left/drive_right/tv_l/tv_r/av_l/av_r/x/y/theta/t_err: 0.86210 0.52404 6.90708 -0.34127 0.34127 -0.54553 0.83828 -0.54553 0.83828 0.00000 0.00000 5.42534 0.69071
target: 0.52404 0.90352
target: 0.52404 0.90352
fb: 0.00000 0.37736 -0.09731 1.00000
fb: 0.00000 0.41576 -0.07811 1.00000
dist/lin/ang/drive_left/drive_right/tv_l/tv_r/av_l/av_r/x/y/theta/t_err: 0.86210 0.58413 6.37313 -0.41576 0.41576 -0.44078 0.86461 -0.44078 0.86461 0.00000 0.00000 8.48466 0.63731
target: 0.58413 0.83367
target: 0.58413 0.83367
fb: 0.00000 0.45352 0.39717 1.00000
fb: 0.00000 0.48125 0.41104 1.00000
dist/lin/ang/drive_left/drive_right/tv_l/tv_r/av_l/av_r/x/y/theta/t_err: 0.86210 0.66352 5.72489 -0.48125 0.48125 -0.11278 0.90586 -0.11278 0.90586 0.00000 0.00000 12.19882 0.57249
target: 0.66352 0.74887
target: 0.66352 0.74887
fb: 0.04082 0.49428 0.71311 1.00000
fb: 0.10679 0.50633 0.68615 1.00000
dist/lin/ang/drive_left/drive_right/tv_l/tv_r/av_l/av_r/x/y/theta/t_err: 0.86140 0.75496 4.99330 -0.39954 0.61313 0.33486 0.91475 0.33486 0.91475 0.03100 0.00851 16.41734 0.49933
target: 0.75496 0.65317
target: 0.75496 0.65317
fb: 0.16681 0.51149 0.95127 1.00000
fb: 0.21712 0.50947 0.92510 1.00000
dist/lin/ang/drive_left/drive_right/tv_l/tv_r/av_l/av_r/x/y/theta/t_err: 0.85840 0.84640 4.23690 -0.29235 0.72658 0.41219 0.90122 0.41219 0.90122 0.15527 0.05095 20.84940 0.42369
target: 0.84640 0.55423
target: 0.84640 0.55423
fb: 0.26169 0.49964 1.00000 1.00000
fb: 0.30052 0.49296 1.00000 1.00000
dist/lin/ang/drive_left/drive_right/tv_l/tv_r/av_l/av_r/x/y/theta/t_err: 0.85355 0.93784 3.48911 -0.19244 0.79348 0.37883 0.88683 0.37883 0.88683 0.34464 0.13207 25.26518 0.34891
target: 0.93784 0.45641
target: 0.93784 0.45641
fb: 0.33560 0.48418 1.00000 0.96865
fb: 0.36848 0.47345 1.00000 0.95758
dist/lin/ang/drive_left/drive_right/tv_l/tv_r/av_l/av_r/x/y/theta/t_err: 0.84716 1.02928 2.76573 -0.10497 0.84193 0.69042 0.84217 0.69042 0.84217 0.57900 0.25406 29.54826 0.27657
target: 1.02928 0.36179
target: 1.02928 0.36179
fb: 0.38591 0.46251 1.00000 0.94137
fb: 0.42673 0.45192 1.00000 0.92625
dist/lin/ang/drive_left/drive_right/tv_l/tv_r/av_l/av_r/x/y/theta/t_err: 0.83967 1.12072 2.06966 -0.02518 0.87865 0.77736 0.69981 0.77736 0.69981 0.83765 0.41345 33.66162 0.20697
target: 1.12072 0.27073
target: 1.12072 0.27073
fb: 0.48278 0.43589 1.00000 0.89915
fb: 0.50816 0.41276 1.00000 0.89803
dist/lin/ang/drive_left/drive_right/tv_l/tv_r/av_l/av_r/x/y/theta/t_err: 0.83016 1.21216 1.40703 0.09540 0.92091 0.84067 0.68783 0.84067 0.68783 1.14638 0.63516 37.57204 0.14070
target: 1.21216 0.18405
target: 1.21216 0.18405
fb: 0.57987 0.38572 1.00000 0.97816
fb: 0.62820 0.36426 1.00000 0.95400
dist/lin/ang/drive_left/drive_right/tv_l/tv_r/av_l/av_r/x/y/theta/t_err: 0.81863 1.30360 0.80373 0.26393 0.99246 0.87644 0.57919 0.87644 0.57919 1.49874 0.92544 41.11564 0.08037
target: 1.30360 0.10514
target: 1.30360 0.10514
fb: 0.63813 0.34538 1.00000 1.00000
fb: 0.70786 0.32957 1.00000 0.97959
dist/lin/ang/drive_left/drive_right/tv_l/tv_r/av_l/av_r/x/y/theta/t_err: 0.80589 1.39504 0.26329 0.37829 1.03742 0.89558 0.64031 0.89558 0.64031 1.86768 1.26648 44.25915 0.02633
target: 1.39504 0.03444
target: 1.39504 0.03444
fb: 0.72330 0.31772 1.00000 0.90323
fb: 0.76015 0.30448 1.00000 0.89143
dist/lin/ang/drive_left/drive_right/tv_l/tv_r/av_l/av_r/x/y/theta/t_err: 0.79142 1.48648 -0.23604 0.45567 1.06464 0.90822 0.58639 0.90822 0.58639 2.26554 1.67394 47.12164 -0.02360
target: 1.48648 -0.03088
target: 1.48648 -0.03088
fb: 0.82613 0.28936 1.00000 0.89715
fb: 0.78355 0.27508 1.00000 0.92558
dist/lin/ang/drive_left/drive_right/tv_l/tv_r/av_l/av_r/x/y/theta/t_err: 0.77492 1.57792 -0.70621 0.50847 1.05863 0.91542 0.62761 0.91542 0.62761 2.69687 2.16081 49.75818 -0.07062
target: 1.57792 -0.09238
target: 1.57792 -0.09238
fb: 0.79326 0.26080 1.00000 0.95644
fb: 0.86894 0.24735 1.00000 0.92532
dist/lin/ang/drive_left/drive_right/tv_l/tv_r/av_l/av_r/x/y/theta/t_err: 0.75912 1.48302 -1.14027 0.62159 1.11629 0.92075 0.61239 0.92075 0.61239 3.08987 2.64624 52.13464 -0.11403
target: 1.48302 -0.14916
target: 1.48302 -0.14916
fb: 0.84158 0.23948 1.00000 0.06591
fb: 0.91727 0.23000 1.00000 -0.09502
dist/lin/ang/drive_left/drive_right/tv_l/tv_r/av_l/av_r/x/y/theta/t_err: 0.74244 1.38807 -1.54715 0.68727 1.14727 0.93067 0.57903 0.93067 0.57903 3.48683 3.17682 54.29423 -0.15472
target: 1.38807 -0.20238
target: 1.38807 -0.20238
fb: 0.96979 0.21690 1.00000 -0.24783
fb: 0.96582 0.20011 1.00000 -0.23744
dist/lin/ang/drive_left/drive_right/tv_l/tv_r/av_l/av_r/x/y/theta/t_err: 0.72334 1.30140 -1.93882 0.76571 1.16592 0.94333 0.10250 0.94333 0.10250 3.92191 3.80432 56.27589 -0.19388
target: 1.30140 -0.25362
target: 1.30140 -0.25362
fb: 1.02010 0.17656 1.00000 -0.34967
fb: 0.97751 0.13273 1.00000 -0.30647
dist/lin/ang/drive_left/drive_right/tv_l/tv_r/av_l/av_r/x/y/theta/t_err: 0.70340 1.22628 -2.29575 0.84478 1.11025 0.93458 -0.19728 0.93458 -0.19728 4.35763 4.47907 57.97601 -0.22957
target: 1.22628 -0.30031
target: 1.22628 -0.30031
fb: 0.93272 0.07978 1.00000 -0.31410
fb: 0.96185 0.02752 0.96988 -0.30253
dist/lin/ang/drive_left/drive_right/tv_l/tv_r/av_l/av_r/x/y/theta/t_err: 0.68529 1.17649 -2.54209 0.93433 0.98937 0.92586 -0.27875 0.92586 -0.27875 4.74083 5.10560 59.01732 -0.25421
target: 1.17649 -0.33253
target: 1.17649 -0.33253
fb: 0.94464 -0.02167 0.98249 -0.18597
fb: 0.89610 -0.07156 0.98182 -0.13676
dist/lin/ang/drive_left/drive_right/tv_l/tv_r/av_l/av_r/x/y/theta/t_err: 0.66703 1.15756 -2.63796 0.96765 0.82454 0.70156 -0.24692 0.70156 -0.24692 5.12237 5.74410 59.15516 -0.26380
target: 1.15756 -0.34507
target: 1.15756 -0.34507
fb: 0.92302 -0.11065 0.98108 0.17721
fb: 0.94817 -0.14374 0.95196 0.18118
dist/lin/ang/drive_left/drive_right/tv_l/tv_r/av_l/av_r/x/y/theta/t_err: 0.64920 1.16746 -2.58767 1.09191 0.80443 0.88808 -0.08094 0.88808 -0.08094 5.49838 6.36605 58.45077 -0.25877
target: 1.16746 -0.33849
target: 1.16746 -0.33849
fb: 0.95810 -0.18297 0.95801 0.41393
fb: 0.93095 -0.22045 0.95284 0.44624
dist/lin/ang/drive_left/drive_right/tv_l/tv_r/av_l/av_r/x/y/theta/t_err: 0.63064 1.19969 -2.42626 1.15141 0.71050 0.62094 0.20481 0.62094 0.20481 5.90022 7.00451 57.09917 -0.24263
target: 1.19969 -0.31738
target: 1.19969 -0.31738
fb: 0.90182 -0.25146 0.98049 0.68517
fb: 0.90381 -0.26700 0.97173 0.69194
dist/lin/ang/drive_left/drive_right/tv_l/tv_r/av_l/av_r/x/y/theta/t_err: 0.61308 1.25780 -2.14390 1.17080 0.63681 0.71608 0.44606 0.71608 0.44606 6.29586 7.59415 55.10390 -0.21439
target: 1.25780 -0.28044
target: 1.25780 -0.28044
fb: 0.88637 -0.27738 1.00000 0.97670
fb: 0.91351 -0.27968 1.00000 0.96428
dist/lin/ang/drive_left/drive_right/tv_l/tv_r/av_l/av_r/x/y/theta/t_err: 0.59569 1.33377 -1.79011 1.19319 0.63383 0.71008 0.63756 0.71008 0.63756 6.70659 8.15838 52.74781 -0.17901
target: 1.33377 -0.23416
target: 1.33377 -0.23416
fb: 0.97927 -0.27097 1.00000 1.00000
fb: 0.95411 -0.25153 1.00000 1.00000
dist/lin/ang/drive_left/drive_right/tv_l/tv_r/av_l/av_r/x/y/theta/t_err: 0.57636 1.41678 -1.42181 1.20564 0.70259 0.68819 0.46064 0.68819 0.46064 7.18636 8.76196 50.33208 -0.14218
target: 1.41678 -0.18599
target: 1.41678 -0.18599
fb: 0.96383 -0.24066 1.00000 1.00000
fb: 0.98523 -0.23822 1.00000 1.00000
dist/lin/ang/drive_left/drive_right/tv_l/tv_r/av_l/av_r/x/y/theta/t_err: 0.55723 1.49677 -1.08315 1.22345 0.74701 0.85503 0.74483 0.85503 0.74483 7.68229 9.33639 48.14986 -0.10831
target: 1.49677 -0.14169
target: 1.49677 -0.14169
fb: 1.03753 -0.23383 1.00000 1.00000
fb: 1.08409 -0.22735 1.00000 1.00000
dist/lin/ang/drive_left/drive_right/tv_l/tv_r/av_l/av_r/x/y/theta/t_err: 0.53657 1.57714 -0.75751 1.31144 0.85673 0.87831 0.85158 0.87831 0.85158 8.23867 9.93454 46.08606 -0.07575
target: 1.57714 -0.09909
target: 1.57714 -0.09909
fb: 1.09004 -0.21857 1.00000 1.00000
fb: 1.16352 -0.21300 1.00000 1.00000
dist/lin/ang/drive_left/drive_right/tv_l/tv_r/av_l/av_r/x/y/theta/t_err: 0.51481 1.65860 -0.44114 1.37652 0.95052 0.88583 0.87144 0.88583 0.87144 8.84472 10.54227 44.13232 -0.04411
target: 1.65860 -0.05771
target: 1.65860 -0.05771
fb: 1.21008 -0.20986 1.00000 1.00000
fb: 1.16750 -0.20596 1.00000 1.00000
dist/lin/ang/drive_left/drive_right/tv_l/tv_r/av_l/av_r/x/y/theta/t_err: 0.49062 1.74180 -0.13109 1.37346 0.96153 0.89661 0.88875 0.89661 0.88875 9.53936 11.19440 42.27756 -0.01311
target: 1.74180 -0.01715
target: 1.74180 -0.01715
fb: 1.22178 -0.20081 1.00000 1.00000
fb: 1.32063 -0.19286 1.00000 1.00000
dist/lin/ang/drive_left/drive_right/tv_l/tv_r/av_l/av_r/x/y/theta/t_err: 0.46618 1.72773 0.18265 1.51350 1.12777 0.90225 0.89350 0.90225 0.89350 10.26166 11.82980 40.48983 0.01827
target: 1.72773 0.02389
target: 1.72773 0.02389
fb: 1.26834 -0.18548 0.74173 1.00000
fb: 1.27430 -0.17997 0.73875 1.00000
dist/lin/ang/drive_left/drive_right/tv_l/tv_r/av_l/av_r/x/y/theta/t_err: 0.44083 1.63849 0.49193 1.45427 1.09432 0.87097 0.90106 0.87097 0.90106 11.03048 12.46718 38.82572 0.04919
target: 1.63849 0.06435
target: 1.63849 0.06435
fb: 1.36146 -0.17837 0.28875 0.74529
fb: 1.39235 -0.17175 0.27330 0.72984
dist/lin/ang/drive_left/drive_right/tv_l/tv_r/av_l/av_r/x/y/theta/t_err: 0.41366 1.50924 0.80785 1.56410 1.22060 0.68614 0.89422 0.68614 0.89422 11.87495 13.12750 37.25383 0.08079
target: 1.50924 0.10568
target: 1.50924 0.10568
fb: 1.42170 -0.15816 -0.30075 0.60077
fb: 1.38860 -0.14339 -0.15228 0.48540
dist/lin/ang/drive_left/drive_right/tv_l/tv_r/av_l/av_r/x/y/theta/t_err: 0.38536 1.38260 1.13243 1.53199 1.24521 0.35539 0.71711 0.35539 0.71711 12.77481 13.79336 35.79072 0.11324
target: 1.38260 0.14813
target: 1.38260 0.14813
fb: 1.38662 -0.12883 -0.42823 0.55339
fb: 1.45083 -0.10967 -0.45076 0.51171
dist/lin/ang/drive_left/drive_right/tv_l/tv_r/av_l/av_r/x/y/theta/t_err: 0.35786 1.26708 1.44185 1.56050 1.34116 -0.13089 0.54497 -0.13089 0.54497 13.66757 14.42188 34.56922 0.14418
target: 1.26708 0.18861
target: 1.26708 0.18861
fb: 1.34778 -0.08431 -0.48574 0.52814
fb: 1.27982 -0.06166 -0.31530 0.42566
dist/lin/ang/drive_left/drive_right/tv_l/tv_r/av_l/av_r/x/y/theta/t_err: 0.33124 1.16437 1.72200 1.34149 1.21816 -0.31811 0.52017 -0.31811 0.52017 14.54626 15.01696 33.67120 0.17220
target: 1.16437 0.22525
target: 1.16437 0.22525
fb: 1.33234 -0.04299 -0.52532 0.49846
fb: 1.21804 -0.02327 -0.33404 0.42148
dist/lin/ang/drive_left/drive_right/tv_l/tv_r/av_l/av_r/x/y/theta/t_err: 0.30505 1.07401 1.96177 1.24131 1.19477 -0.33300 0.47175 -0.33300 0.47175 15.42206 15.59450 33.17814 0.19618
target: 1.07401 0.25662
target: 1.07401 0.25662
fb: 1.20833 0.00341 -0.48597 0.51719
fb: 1.25290 0.03407 -0.49292 0.47957
dist/lin/ang/drive_left/drive_right/tv_l/tv_r/av_l/av_r/x/y/theta/t_err: 0.28139 0.99864 2.15664 1.21883 1.28698 -0.32425 0.45978 -0.32425 0.45978 16.21936 16.11369 33.02980 0.21566
target: 0.99864 0.28211
target: 0.99864 0.28211
fb: 1.16751 0.06536 -0.44664 0.50129
fb: 1.15184 0.09497 -0.42400 0.49431
dist/lin/ang/drive_left/drive_right/tv_l/tv_r/av_l/av_r/x/y/theta/t_err: 0.25862 0.93718 2.28422 1.05687 1.24681 -0.37300 0.47603 -0.37300 0.47603 16.98880 16.61676 33.39294 0.22842
target: 0.93718 0.29880
target: 0.93718 0.29880
fb: 1.07836 0.12089 -0.35460 0.49758
fb: 1.05519 0.14444 -0.33124 0.49739
dist/lin/ang/drive_left/drive_right/tv_l/tv_r/av_l/av_r/x/y/theta/t_err: 0.23762 0.89156 2.32934 0.91075 1.19963 -0.36719 0.48939 -0.36719 0.48939 17.69443 17.08903 34.27653 0.23293
target: 0.89156 0.30470
target: 0.89156 0.30470
fb: 1.04327 0.17175 -0.24814 0.46989
fb: 0.92897 0.20199 -0.17586 0.51192
dist/lin/ang/drive_left/drive_right/tv_l/tv_r/av_l/av_r/x/y/theta/t_err: 0.21732 0.85540 2.30996 0.72698 1.13096 -0.29928 0.48972 -0.29928 0.48972 18.36818 17.55898 35.59952 0.23100
target: 0.85540 0.30217
target: 0.85540 0.30217
fb: 0.96206 0.22958 -0.13283 0.44546
fb: 0.97927 0.25278 -0.12984 0.42525
dist/lin/ang/drive_left/drive_right/tv_l/tv_r/av_l/av_r/x/y/theta/t_err: 0.19856 0.83304 2.19853 0.72649 1.23206 -0.18019 0.49089 -0.18019 0.49089 18.97688 18.00987 37.42131 0.21985
target: 0.83304 0.28759
target: 0.83304 0.28759
fb: 0.89785 0.27369 0.14547 0.41912
fb: 0.91153 0.29257 0.14808 0.40284
dist/lin/ang/drive_left/drive_right/tv_l/tv_r/av_l/av_r/x/y/theta/t_err: 0.18100 0.82165 2.00314 0.61896 1.20410 -0.06761 0.44336 -0.06761 0.44336 19.52992 18.45022 39.67310 0.20031
target: 0.82165 0.26203
target: 0.82165 0.26203
fb: 0.85129 0.30957 0.29951 0.37861
fb: 0.81642 0.32692 0.32562 0.38737
dist/lin/ang/drive_left/drive_right/tv_l/tv_r/av_l/av_r/x/y/theta/t_err: 0.16428 1.08090 1.73540 0.48950 1.14334 0.15589 0.41322 0.15589 0.41322 20.03656 18.88904 42.26405 0.17354
target: 1.08090 0.22701
target: 1.08090 0.22701
fb: 0.75839 0.33883 1.00000 1.00000
fb: 0.71558 0.34134 1.00000 1.00000
dist/lin/ang/drive_left/drive_right/tv_l/tv_r/av_l/av_r/x/y/theta/t_err: 0.14787 1.02550 1.23276 0.37424 1.05692 0.37969 0.41322 0.37969 0.41322 20.46895 19.30084 45.14397 0.12328
target: 1.02550 0.16126
target: 1.02550 0.16126
fb: 0.75441 0.33800 0.58223 0.21227
fb: 0.74272 0.33598 0.58807 0.21811
dist/lin/ang/drive_left/drive_right/tv_l/tv_r/av_l/av_r/x/y/theta/t_err: 0.13366 0.97498 0.71387 0.40674 1.07870 0.61275 0.75578 0.61275 0.75578 20.87689 19.73257 48.11697 0.07139
target: 0.97498 0.09338
target: 0.97498 0.09338
fb: 0.74669 0.32692 0.61459 0.13451
fb: 0.81267 0.31960 0.58160 0.10152
dist/lin/ang/drive_left/drive_right/tv_l/tv_r/av_l/av_r/x/y/theta/t_err: 0.11923 0.92087 0.20548 0.49306 1.13227 0.53864 0.37233 0.53864 0.37233 21.25801 20.18020 51.02983 0.02055
target: 0.92087 0.02688
target: 0.92087 0.02688
fb: 0.80075 0.30922 0.70347 -0.26358
fb: 0.82812 0.28518 0.67777 -0.26524
dist/lin/ang/drive_left/drive_right/tv_l/tv_r/av_l/av_r/x/y/theta/t_err: 0.10342 0.85762 -0.27924 0.54293 1.11330 0.56503 0.13619 0.56503 0.13619 21.64298 20.67949 53.80707 -0.02792
target: 0.85762 -0.03653
target: 0.85762 -0.03653
fb: 0.87291 0.24707 0.60242 -0.42304
fb: 0.77384 0.19955 0.51015 -0.23170
dist/lin/ang/drive_left/drive_right/tv_l/tv_r/av_l/av_r/x/y/theta/t_err: 0.08594 0.78178 -0.69843 0.57429 0.97339 0.59667 -0.20242 0.59667 -0.20242 22.03713 21.24254 56.20889 -0.06984
target: 0.78178 -0.09136
target: 0.78178 -0.09136
fb: 0.76590 0.15454 0.39284 -0.34542
fb: 0.77186 0.11796 0.38986 -0.34840
dist/lin/ang/drive_left/drive_right/tv_l/tv_r/av_l/av_r/x/y/theta/t_err: 0.07051 0.70816 -0.98605 0.65390 0.88982 0.48611 -0.26469 0.48611 -0.26469 22.36467 21.74889 57.85682 -0.09861
target: 0.70816 -0.12899
target: 0.70816 -0.12899
fb: 0.71758 0.07281 0.30656 -0.32726
fb: 0.74274 0.03386 0.29399 -0.33984
dist/lin/ang/drive_left/drive_right/tv_l/tv_r/av_l/av_r/x/y/theta/t_err: 0.05608 0.63152 -1.14686 0.70888 0.77660 0.36275 -0.30886 0.36275 -0.30886 22.66109 22.22992 58.77817 -0.11469
target: 0.63152 -0.15002
target: 0.63152 -0.15002
fb: 0.72928 0.00453 0.15827 -0.35451
fb: 0.69441 -0.02334 0.17570 -0.33708
dist/lin/ang/drive_left/drive_right/tv_l/tv_r/av_l/av_r/x/y/theta/t_err: 0.04147 0.54306 -1.18814 0.71776 0.67107 0.26694 -0.31039 0.26694 -0.31039 22.95747 22.72175 59.01469 -0.11881
target: 0.54306 -0.15542
target: 0.54306 -0.15542
fb: 0.69243 -0.04808 -0.13596 -0.39729
fb: 0.61674 -0.07149 -0.09812 -0.35944
dist/lin/ang/drive_left/drive_right/tv_l/tv_r/av_l/av_r/x/y/theta/t_err: 0.02765 0.44341 -1.14292 0.68823 0.54526 0.09925 -0.31997 0.09925 -0.31997 23.23896 23.18868 58.75562 -0.11429
target: 0.44341 -0.14951
target: 0.44341 -0.14951
fb: 0.59335 -0.09316 -0.07568 -0.22768
fb: 0.59137 -0.11281 -0.07469 -0.22669
dist/lin/ang/drive_left/drive_right/tv_l/tv_r/av_l/av_r/x/y/theta/t_err: 0.01585 0.33570 -1.02448 0.70417 0.47856 -0.06297 -0.30783 -0.06297 -0.30783 23.48354 23.58676 58.07700 -0.10245
target: 0.33570 -0.13401
target: 0.33570 -0.13401
fb: 0.49648 -0.12779 -0.19056 -0.23559
fb: 0.42477 -0.13775 -0.15470 -0.19973
dist/lin/ang/drive_left/drive_right/tv_l/tv_r/av_l/av_r/x/y/theta/t_err: 0.00601 0.00150 -0.84564 0.56252 0.28702 -0.10439 -0.21750 -0.10439 -0.21750 23.69290 23.91689 57.05235 -0.08456
target: 0.00150 -0.11062
target: 0.00150 -0.11062
fb: 0.38395 -0.14061 -0.92923 -0.87181
fb: 0.32768 -0.13803 -0.90110 -0.84368
dist/lin/ang/drive_left/drive_right/tv_l/tv_r/av_l/av_r/x/y/theta/t_err: -0.00155 -0.00039 -0.63303 0.46571 0.18965 -0.24400 -0.24094 -0.24400 -0.24094 23.85986 24.16893 55.83414 -0.06330
target: -0.00039 -0.08281
target: -0.00039 -0.08281
fb: 0.26964 -0.13454 -0.24764 -0.11318
fb: 0.19021 -0.12792 -0.20792 -0.07347
dist/lin/ang/drive_left/drive_right/tv_l/tv_r/av_l/av_r/x/y/theta/t_err: -0.00683 -0.00171 -0.42212 0.31813 0.06228 -0.24244 -0.16461 -0.24244 -0.16461 23.98081 24.34342 54.62576 -0.04221
target: -0.00171 -0.05522
target: -0.00171 -0.05522
fb: 0.12798 -0.11970 -0.12945 0.12780
fb: 0.09312 -0.10737 -0.12945 0.12780
dist/lin/ang/drive_left/drive_right/tv_l/tv_r/av_l/av_r/x/y/theta/t_err: -0.00928 -0.25695 -0.22860 0.20049 -0.01425 -0.17572 -0.03728 -0.17572 -0.03728 24.03988 24.42507 53.51692 -0.02286
target: -0.25695 -0.02990
target: -0.25695 -0.02990
fb: 0.06399 -0.09058 -0.89893 -0.71605
fb: 0.04634 -0.06584 -0.89010 -0.70722
final error: 0.47062, x: -0.07013, y: -0.46536
final local error: 0.47062, forwards: -0.41232, sideways: -0.22688
position: 24.07013 24.46536 52.60803
took 1.26000 time to finish turn
dist/lin/ang/drive_left/drive_right/tv_l/tv_r/av_l/av_r/x/y/theta/t_err: -0.86724 -0.09144 -1.16756 0.00000 0.00000 -0.00033 -0.00017 -0.00033 -0.00017 23.96018 24.32460 232.12202 -0.11676
target: -0.09144 -0.15273
target: -0.09144 -0.15273
fb: 0.00000 0.00000 0.61191 -1.00000
fb: 0.00000 0.00000 0.61191 -1.00000
dist/lin/ang/drive_left/drive_right/tv_l/tv_r/av_l/av_r/x/y/theta/t_err: -0.86724 -0.18288 -1.16757 0.00000 0.00000 0.09461 -0.05389 0.09461 -0.05389 23.96018 24.32460 232.12208 -0.11676
target: -0.18288 -0.15273
target: -0.18288 -0.15273
fb: 0.00000 0.00000 -0.27867 -0.48824
fb: 0.00000 -0.00488 -0.27867 -0.48824
dist/lin/ang/drive_left/drive_right/tv_l/tv_r/av_l/av_r/x/y/theta/t_err: -0.86724 -0.27432 -1.16769 0.00488 -0.00488 0.26161 -0.44658 0.26161 -0.44658 23.96018 24.32460 232.12281 -0.11677
target: -0.27432 -0.15275
target: -0.27432 -0.15275
fb: 0.00000 -0.04069 -0.35815 -0.56787
fb: 0.00000 -0.07504 -0.35815 -0.56787
dist/lin/ang/drive_left/drive_right/tv_l/tv_r/av_l/av_r/x/y/theta/t_err: -0.86724 -0.36576 -1.14219 0.07504 -0.07504 -0.14528 -0.43169 -0.14528 -0.43169 23.96018 24.32460 231.97666 -0.11422
target: -0.36576 -0.14941
target: -0.36576 -0.14941
fb: 0.00000 -0.09309 -0.45502 -0.63010
fb: 0.00000 -0.10918 -0.45502 -0.63010
dist/lin/ang/drive_left/drive_right/tv_l/tv_r/av_l/av_r/x/y/theta/t_err: -0.86724 -0.45720 -1.02237 0.10918 -0.10918 -0.33403 -0.46919 -0.33403 -0.46919 23.96018 24.32460 231.29015 -0.10224
target: -0.45720 -0.13374
target: -0.45720 -0.13374
fb: -0.01942 -0.11357 -0.59089 -0.63392
fb: -0.11254 -0.11211 -0.54433 -0.58737
dist/lin/ang/drive_left/drive_right/tv_l/tv_r/av_l/av_r/x/y/theta/t_err: -0.86686 -0.54864 -0.85543 -0.00043 -0.22464 -0.43853 -0.53642 -0.43853 -0.53642 23.95047 24.31279 230.33138 -0.08554
target: -0.54864 -0.11190
target: -0.54864 -0.11190
fb: -0.21536 -0.10591 -0.84017 -0.79891
fb: -0.25596 -0.09748 -0.81987 -0.77861
dist/lin/ang/drive_left/drive_right/tv_l/tv_r/av_l/av_r/x/y/theta/t_err: -0.86256 -0.64008 -0.69045 -0.15849 -0.35344 -0.44969 -0.49997 -0.44969 -0.49997 23.84104 24.18325 229.36427 -0.06905
target: -0.64008 -0.09032
target: -0.64008 -0.09032
fb: -0.28509 -0.08946 -0.90191 -0.83411
fb: -0.32966 -0.08298 -0.87962 -0.81182
dist/lin/ang/drive_left/drive_right/tv_l/tv_r/av_l/av_r/x/y/theta/t_err: -0.85687 -0.73152 -0.54860 -0.24668 -0.41265 -0.45053 -0.51642 -0.45053 -0.51642 23.69354 24.01403 228.52814 -0.05486
target: -0.73152 -0.07176
target: -0.73152 -0.07176
fb: -0.35283 -0.07832 -0.95015 -0.88479
fb: -0.38020 -0.07163 -0.93647 -0.87111
dist/lin/ang/drive_left/drive_right/tv_l/tv_r/av_l/av_r/x/y/theta/t_err: -0.84982 -0.82296 -0.42676 -0.30857 -0.45182 -0.40056 -0.47550 -0.40056 -0.47550 23.50823 23.80704 227.80697 -0.04268
target: -0.82296 -0.05582
target: -0.82296 -0.05582
fb: -0.42278 -0.07093 -0.99737 -0.93428
fb: -0.42852 -0.06738 -0.99451 -0.93142
dist/lin/ang/drive_left/drive_right/tv_l/tv_r/av_l/av_r/x/y/theta/t_err: -0.84137 -0.91440 -0.32003 -0.36114 -0.49590 -0.42894 -0.42128 -0.42894 -0.42128 23.28326 23.56166 227.17416 -0.03200
target: -0.91440 -0.04186
target: -0.91440 -0.04186
fb: -0.43448 -0.06034 -1.00000 -1.00000
fb: -0.50244 -0.05637 -1.00000 -0.97737
dist/lin/ang/drive_left/drive_right/tv_l/tv_r/av_l/av_r/x/y/theta/t_err: -0.83269 -1.00584 -0.22189 -0.44607 -0.55881 -0.44264 -0.56894 -0.44264 -0.56894 23.04940 23.31197 226.59586 -0.02219
target: -1.00584 -0.02903
target: -1.00584 -0.02903
fb: -0.58762 -0.05553 -1.00000 -1.00000
fb: -0.63219 -0.05909 -1.00000 -0.99232
dist/lin/ang/drive_left/drive_right/tv_l/tv_r/av_l/av_r/x/y/theta/t_err: -0.82094 -1.09728 -0.13690 -0.57310 -0.69127 -0.54978 -0.45156 -0.54978 -0.45156 22.72995 22.97726 226.09442 -0.01369
target: -1.09728 -0.01791
target: -1.09728 -0.01791
fb: -0.59931 -0.05574 -1.00000 -1.00000
fb: -0.60130 -0.04898 -1.00000 -1.00000
dist/lin/ang/drive_left/drive_right/tv_l/tv_r/av_l/av_r/x/y/theta/t_err: -0.80895 -1.18872 -0.04930 -0.55231 -0.65028 -0.77889 -0.53114 -0.77889 -0.53114 22.40123 22.63868 225.58454 -0.00493
target: -1.18872 -0.00645
target: -1.18872 -0.00645
fb: -0.62071 -0.04564 -1.00000 -1.00000
fb: -0.69993 -0.04034 -1.00000 -1.00000
dist/lin/ang/drive_left/drive_right/tv_l/tv_r/av_l/av_r/x/y/theta/t_err: -0.79654 -1.28016 0.02423 -0.65959 -0.74027 -0.85094 -0.73389 -0.85094 -0.73389 22.05790 22.29084 225.16213 0.00242
target: -1.28016 0.00317
target: -1.28016 0.00317
fb: -0.80673 -0.03505 -1.00000 -1.00000
fb: -0.80298 -0.02362 -1.00000 -1.00000
dist/lin/ang/drive_left/drive_right/tv_l/tv_r/av_l/av_r/x/y/theta/t_err: -0.78040 -1.37160 0.08487 -0.77936 -0.82660 -0.85606 -0.83503 -0.85606 -0.83503 21.60862 21.84178 224.82117 0.00849
target: -1.37160 0.01110
target: -1.37160 0.01110
fb: -0.83012 -0.01693 -1.00000 -1.00000
fb: -0.86498 -0.01331 -1.00000 -1.00000
dist/lin/ang/drive_left/drive_right/tv_l/tv_r/av_l/av_r/x/y/theta/t_err: -0.76380 -1.46304 0.12210 -0.85168 -0.87829 -0.86750 -0.86272 -0.86750 -0.86272 21.14411 21.38192 224.62085 0.01221
target: -1.46304 0.01597
target: -1.46304 0.01597
fb: -0.85528 -0.01421 -1.00000 -1.00000
fb: -0.95215 -0.01749 -1.00000 -1.00000
dist/lin/ang/drive_left/drive_right/tv_l/tv_r/av_l/av_r/x/y/theta/t_err: -0.74670 -1.55448 0.14685 -0.93466 -0.96963 -0.87794 -0.87250 -0.87794 -0.87250 20.66427 20.90939 224.49643 0.01468
target: -1.55448 0.01921
target: -1.55448 0.01921
fb: -1.05696 -0.01171 -1.00000 -1.00000
fb: -0.98149 -0.00411 -1.00000 -1.00000
dist/lin/ang/drive_left/drive_right/tv_l/tv_r/av_l/av_r/x/y/theta/t_err: -0.72556 -1.64592 0.17420 -0.97738 -0.98560 -0.87061 -0.87128 -0.87061 -0.87128 20.06993 20.32680 224.36624 0.01742
target: -1.64592 0.02279
target: -1.64592 0.02279
fb: -0.95987 0.00397 -1.00000 -1.00000
fb: -1.08984 0.00578 -1.00000 -1.00000
dist/lin/ang/drive_left/drive_right/tv_l/tv_r/av_l/av_r/x/y/theta/t_err: -0.70637 -1.72775 0.18258 -1.09562 -1.08405 -0.87639 -0.87642 -0.87639 -0.87642 19.52943 19.79851 224.34590 0.01826
target: -1.72775 0.02388
target: -1.72775 0.02388
fb: -1.19090 -0.00098 -1.00000 -1.00000
fb: -1.17148 -0.00300 -1.00000 -1.00000
dist/lin/ang/drive_left/drive_right/tv_l/tv_r/av_l/av_r/x/y/theta/t_err: -0.68255 -1.72721 0.18454 -1.16848 -1.17448 -0.88733 -0.88258 -0.88733 -0.88258 18.85904 19.14286 224.37057 0.01845
target: -1.72721 0.02414
target: -1.72721 0.02414
fb: -1.11323 -0.00132 -1.00000 -1.00000
fb: -1.24496 0.00000 -1.00000 -0.99674
dist/lin/ang/drive_left/drive_right/tv_l/tv_r/av_l/av_r/x/y/theta/t_err: -0.66029 -1.72430 0.19527 -1.24496 -1.24496 -0.89025 -0.88756 -0.89025 -0.88756 18.23231 18.53002 224.34517 0.01953
target: -1.72430 0.02554
target: -1.72430 0.02554
fb: -1.26438 0.00711 -1.00000 -0.96873
fb: -1.27431 0.01178 -1.00000 -0.96377
dist/lin/ang/drive_left/drive_right/tv_l/tv_r/av_l/av_r/x/y/theta/t_err: -0.63501 -1.72324 0.19915 -1.28608 -1.26253 -0.90842 -0.70789 -0.90842 -0.70789 17.52039 17.83408 224.36731 0.01992
target: -1.72324 0.02605
target: -1.72324 0.02605
fb: -1.37691 0.01491 -0.95585 -0.92264
fb: -1.23922 0.01623 -1.00000 -0.99149
dist/lin/ang/drive_left/drive_right/tv_l/tv_r/av_l/av_r/x/y/theta/t_err: -0.60748 -1.72567 0.19022 -1.25546 -1.22299 -0.86289 -0.81908 -0.86289 -0.81908 16.74593 17.07535 224.46816 0.01902
target: -1.72567 0.02488
target: -1.72567 0.02488
fb: -1.37890 0.01721 -0.96266 -0.94610
fb: -1.54373 0.02104 -0.88024 -0.86369
dist/lin/ang/drive_left/drive_right/tv_l/tv_r/av_l/av_r/x/y/theta/t_err: -0.57990 -1.73102 0.17056 -1.56477 -1.52269 -0.85125 -0.76008 -0.85125 -0.76008 15.97225 16.31361 224.62852 0.01706
target: -1.73102 0.02231
target: -1.73102 0.02231
fb: -1.39457 0.02766 -0.96335 -0.96287
fb: -1.43715 0.03574 -0.94206 -0.94158
dist/lin/ang/drive_left/drive_right/tv_l/tv_r/av_l/av_r/x/y/theta/t_err: -0.55201 -1.73890 0.14168 -1.47290 -1.40141 -0.83517 -0.72703 -0.83517 -0.72703 15.19204 15.54090 224.83862 0.01417
target: -1.73890 0.01853
target: -1.73890 0.01853
fb: -1.49519 0.03707 -0.92240 -0.93785
fb: -1.47378 0.03874 -0.93310 -0.94856
dist/lin/ang/drive_left/drive_right/tv_l/tv_r/av_l/av_r/x/y/theta/t_err: -0.52211 -1.75165 0.09520 -1.51252 -1.43504 -0.82064 -0.72756 -0.82064 -0.72756 14.35935 14.70862 225.14297 0.00952
target: -1.75165 0.01245
target: -1.75165 0.01245
fb: -1.51858 0.03714 -0.92734 -0.97166
fb: -1.45856 0.04041 -0.95735 -1.00000
dist/lin/ang/drive_left/drive_right/tv_l/tv_r/av_l/av_r/x/y/theta/t_err: -0.49174 -1.76576 0.04408 -1.49897 -1.41815 -0.81808 -0.74842 -0.81808 -0.74842 13.51833 13.85865 225.45961 0.00441
target: -1.76576 0.00577
target: -1.76576 0.00577
fb: -1.50490 0.04236 -0.94527 -1.00000
fb: -1.57661 0.04536 -0.90942 -0.96817
dist/lin/ang/drive_left/drive_right/tv_l/tv_r/av_l/av_r/x/y/theta/t_err: -0.46164 -1.77320 -0.01726 -1.62197 -1.53125 -0.82608 -0.77000 -0.82608 -0.77000 12.68986 13.01144 225.81577 -0.00173
target: -1.77320 -0.00226
target: -1.77320 -0.00226
fb: -1.48746 0.04675 -0.92269 -1.00000
fb: -1.50512 0.04306 -0.91387 -0.99543
dist/lin/ang/drive_left/drive_right/tv_l/tv_r/av_l/av_r/x/y/theta/t_err: -0.43190 -1.72818 -0.08952 -1.54818 -1.46206 -0.82133 -0.72311 -0.82133 -0.72311 11.87638 12.16881 226.20968 -0.00895
target: -1.72818 -0.01171
target: -1.72818 -0.01171
fb: -1.58853 0.04383 -0.60856 -0.71558
fb: -1.68142 0.04132 -0.56211 -0.66913
dist/lin/ang/drive_left/drive_right/tv_l/tv_r/av_l/av_r/x/y/theta/t_err: -0.40013 -1.64374 -0.16517 -1.72274 -1.64011 -0.80078 -0.71078 -0.80078 -0.71078 11.01380 11.26302 226.58735 -0.01652
target: -1.64374 -0.02161
target: -1.64374 -0.02161
fb: -1.68915 0.03958 -0.31504 -0.43926
fb: -1.55918 0.03916 -0.38002 -0.50425
dist/lin/ang/drive_left/drive_right/tv_l/tv_r/av_l/av_r/x/y/theta/t_err: -0.36635 -1.55317 -0.24504 -1.59834 -1.52002 -0.59050 -0.66028 -0.59050 -0.66028 10.10268 10.29407 226.94159 -0.02450
target: -1.55317 -0.03205
target: -1.55317 -0.03205
fb: -1.57485 0.03811 -0.25569 -0.39880
fb: -1.60772 0.03644 -0.23925 -0.38236
dist/lin/ang/drive_left/drive_right/tv_l/tv_r/av_l/av_r/x/y/theta/t_err: -0.33487 -1.46494 -0.33095 -1.64416 -1.57128 -0.45447 -0.53214 -0.45447 -0.53214 9.25886 9.38542 227.28512 -0.03309
target: -1.46494 -0.04329
target: -1.46494 -0.04329
fb: -1.48945 0.03407 -0.21623 -0.38144
fb: -1.53800 0.02244 -0.19195 -0.35717
dist/lin/ang/drive_left/drive_right/tv_l/tv_r/av_l/av_r/x/y/theta/t_err: -0.30510 -1.37866 -0.42036 -1.56043 -1.51556 -0.34497 -0.43875 -0.34497 -0.43875 8.46561 8.52158 227.59728 -0.04204
target: -1.37866 -0.05499
target: -1.37866 -0.05499
fb: -1.52630 0.00934 -0.11719 -0.30213
fb: -1.46430 0.00244 -0.14819 -0.33313
dist/lin/ang/drive_left/drive_right/tv_l/tv_r/av_l/av_r/x/y/theta/t_err: -0.27461 -1.29192 -0.49817 -1.46673 -1.46186 -0.28711 -0.42264 -0.28711 -0.42264 7.65667 7.63278 227.76479 -0.04982
target: -1.29192 -0.06517
target: -1.29192 -0.06517
fb: -1.50688 0.00223 0.07208 -0.23082
fb: -1.36147 -0.00495 -0.11868 -0.30353
dist/lin/ang/drive_left/drive_right/tv_l/tv_r/av_l/av_r/x/y/theta/t_err: -0.24451 -1.20621 -0.56492 -1.35652 -1.36642 -0.18992 -0.42794 -0.18992 -0.42794 6.85934 6.75410 227.79381 -0.05649
target: -1.20621 -0.07390
target: -1.20621 -0.07390
fb: -1.28777 -0.01958 -0.08229 -0.26574
fb: -1.33433 -0.03156 0.05904 -0.24246
dist/lin/ang/drive_left/drive_right/tv_l/tv_r/av_l/av_r/x/y/theta/t_err: -0.21880 -1.13160 -0.61706 -1.30276 -1.36589 -0.17181 -0.37283 -0.17181 -0.37283 6.17780 6.00331 227.71484 -0.06171
target: -1.13160 -0.08072
target: -1.13160 -0.08072
fb: -1.23326 -0.03567 -0.09000 -0.26535
fb: -1.19266 -0.03721 -0.11030 -0.28565
dist/lin/ang/drive_left/drive_right/tv_l/tv_r/av_l/av_r/x/y/theta/t_err: -0.19419 -1.06141 -0.64444 -1.15546 -1.22987 -0.07908 -0.33847 -0.07908 -0.33847 5.52286 5.28634 227.43883 -0.06444
target: -1.06141 -0.08430
target: -1.06141 -0.08430
fb: -1.17347 -0.04069 -0.08579 -0.23672
fb: -1.04526 -0.05142 -0.14989 -0.30083
dist/lin/ang/drive_left/drive_right/tv_l/tv_r/av_l/av_r/x/y/theta/t_err: -0.17077 -1.10204 -0.67135 -0.99384 -1.09668 -0.13639 -0.33331 -0.13639 -0.33331 4.89605 4.60747 227.10721 -0.06713
target: -1.10204 -0.08782
target: -1.10204 -0.08782
fb: -1.04328 -0.06048 -0.62913 -0.78425
fb: -0.98127 -0.06779 -0.66013 -0.81526
dist/lin/ang/drive_left/drive_right/tv_l/tv_r/av_l/av_r/x/y/theta/t_err: -0.14960 -1.03150 -0.58970 -0.91348 -1.04907 -0.22158 -0.31503 -0.22158 -0.31503 4.33455 4.00785 226.63940 -0.05897
target: -1.03150 -0.07714
target: -1.03150 -0.07714
fb: -0.92125 -0.06863 -0.25223 -0.26519
fb: -0.92897 -0.06738 -0.24837 -0.26133
dist/lin/ang/drive_left/drive_right/tv_l/tv_r/av_l/av_r/x/y/theta/t_err: -0.13128 -0.96625 -0.48696 -0.86160 -0.99635 -0.47142 -0.60642 -0.47142 -0.60642 3.83376 3.48306 226.05073 -0.04870
target: -0.96625 -0.06370
target: -0.96625 -0.06370
fb: -0.90757 -0.06494 -0.24223 -0.21229
fb: -0.94067 -0.06452 -0.22568 -0.19574
dist/lin/ang/drive_left/drive_right/tv_l/tv_r/av_l/av_r/x/y/theta/t_err: -0.11321 -0.89729 -0.38557 -0.87615 -1.00519 -0.32783 -0.40364 -0.32783 -0.40364 3.33515 2.97113 225.46981 -0.03856
target: -0.89729 -0.05044
target: -0.89729 -0.05044
fb: -0.94266 -0.06682 -0.15511 -0.10894
fb: -0.90757 -0.06522 -0.17266 -0.12648
dist/lin/ang/drive_left/drive_right/tv_l/tv_r/av_l/av_r/x/y/theta/t_err: -0.09442 -0.81947 -0.28603 -0.84235 -0.97279 -0.21628 -0.21853 -0.21628 -0.21853 2.81206 2.44454 224.89950 -0.02860
target: -0.81947 -0.03742
target: -0.81947 -0.03742
fb: -0.88043 -0.06048 -0.08755 0.10178
fb: -0.82637 -0.04620 -0.11458 0.07475
dist/lin/ang/drive_left/drive_right/tv_l/tv_r/av_l/av_r/x/y/theta/t_err: -0.07687 -0.73940 -0.18953 -0.78017 -0.87256 -0.15589 -0.10367 -0.15589 -0.10367 2.31861 1.95761 224.34660 -0.01895
target: -0.73940 -0.02479
target: -0.73940 -0.02479
fb: -0.79702 -0.03115 0.06408 0.14877
fb: -0.71163 -0.02139 -0.09667 0.10607
dist/lin/ang/drive_left/drive_right/tv_l/tv_r/av_l/av_r/x/y/theta/t_err: -0.06097 -0.65847 -0.12610 -0.69024 -0.73302 -0.07492 0.05322 -0.07492 0.05322 1.86828 1.52051 223.98315 -0.01261
target: -0.65847 -0.01649
target: -0.65847 -0.01649
fb: -0.67301 -0.00752 0.09312 0.15007
fb: -0.68647 0.00530 0.09985 0.15680
dist/lin/ang/drive_left/drive_right/tv_l/tv_r/av_l/av_r/x/y/theta/t_err: -0.04752 -0.58133 -0.10115 -0.69177 -0.68118 -0.02567 0.10131 -0.02567 0.10131 1.48641 1.15309 223.84022 -0.01011
target: -0.58133 -0.01323
target: -0.58133 -0.01323
fb: -0.56643 0.01387 0.11542 0.13149
fb: -0.52362 0.01860 0.09402 0.11009
dist/lin/ang/drive_left/drive_right/tv_l/tv_r/av_l/av_r/x/y/theta/t_err: -0.03618 -0.50729 -0.11238 -0.54223 -0.50502 0.07803 0.13347 0.07803 0.13347 1.16482 0.84405 223.90459 -0.01124
target: -0.50729 -0.01470
target: -0.50729 -0.01470
fb: -0.52539 0.02320 -0.05311 -0.09093
fb: -0.46162 0.02606 -0.08499 -0.12281
dist/lin/ang/drive_left/drive_right/tv_l/tv_r/av_l/av_r/x/y/theta/t_err: -0.02566 -0.42719 -0.14328 -0.48768 -0.43556 0.02856 0.06264 0.02856 0.06264 0.86716 0.55675 224.08160 -0.01433
target: -0.42719 -0.01874
target: -0.42719 -0.01874
fb: -0.43073 0.02919 0.07365 -0.07077
fb: -0.38417 0.03115 0.05037 -0.09405
dist/lin/ang/drive_left/drive_right/tv_l/tv_r/av_l/av_r/x/y/theta/t_err: -0.01702 -0.34796 -0.18390 -0.41531 -0.35302 -0.02636 -0.10028 -0.02636 -0.10028 0.62400 0.32032 224.31433 -0.01839
target: -0.34796 -0.02406
target: -0.34796 -0.02406
fb: -0.31598 0.02717 0.09278 -0.07022
fb: -0.25773 0.01157 0.06365 -0.09934
dist/lin/ang/drive_left/drive_right/tv_l/tv_r/av_l/av_r/x/y/theta/t_err: -0.01068 -0.27562 -0.22875 -0.26930 -0.24616 0.05458 -0.09808 0.05458 -0.09808 0.44636 0.14611 224.57131 -0.02287
target: -0.27562 -0.02992
target: -0.27562 -0.02992
fb: -0.21911 -0.00404 0.09994 -0.07590
fb: -0.19396 -0.01867 0.08736 -0.08848
dist/lin/ang/drive_left/drive_right/tv_l/tv_r/av_l/av_r/x/y/theta/t_err: -0.00629 -0.00157 -0.24129 -0.17529 -0.21263 0.07017 -0.08950 0.07017 -0.08950 0.32356 0.02492 224.64315 -0.02413
target: -0.00157 -0.03156
target: -0.00157 -0.03156
fb: -0.15910 -0.03031 0.61505 0.56289
fb: -0.13394 -0.04153 0.61505 0.56289
dist/lin/ang/drive_left/drive_right/tv_l/tv_r/av_l/av_r/x/y/theta/t_err: -0.00313 -0.00078 -0.20881 -0.09241 -0.17547 0.12731 0.00086 0.12731 0.00086 0.23431 -0.06299 224.45710 -0.02088
target: -0.00078 -0.02732
target: -0.00078 -0.02732
fb: -0.10481 -0.05281 0.03950 0.04602
fb: -0.07745 -0.05713 0.03950 0.04602
dist/lin/ang/drive_left/drive_right/tv_l/tv_r/av_l/av_r/x/y/theta/t_err: -0.00107 -0.00027 -0.14131 -0.02032 -0.13459 0.40178 0.28081 0.40178 0.28081 0.17524 -0.12062 224.07034 -0.01413
target: -0.00027 -0.01849
target: -0.00027 -0.01849
fb: -0.03486 -0.04877 -0.06544 0.07220
fb: -0.00397 -0.03254 -0.06544 0.07220
dist/lin/ang/drive_left/drive_right/tv_l/tv_r/av_l/av_r/x/y/theta/t_err: -0.00041 -0.00010 -0.05890 0.02857 -0.03651 0.05647 0.06522 0.05647 0.06522 0.15546 -0.13966 223.59815 -0.00589
target: -0.00010 -0.00770
target: -0.00010 -0.00770
fb: 0.00000 -0.01916 -0.08208 0.08755
fb: 0.00000 -0.00836 -0.08208 0.08755
decreased kp to 9.90000
decreased kp to 9.80000
decreased kp to 9.70000
decreased kp to 9.60000
decreased kp to 9.50000
decreased kp to 9.40000
decreased kp to 9.30000
decreased kp to 9.20000
decreased kp to 9.10000
decreased kp to 9.00000
decreased kp to 8.90000
decreased kp to 8.80000
decreased kp to 8.70000
decreased kp to 8.60000
decreased kp to 8.50000
decreased kp to 8.40000
decreased kp to 8.30000
decreased kp to 8.20000
decreased kp to 8.10000
decreased kp to 8.00000
decreased kp to 7.90000
decreased kp to 7.80000
decreased kp to 7.70000
decreased kp to 7.60000
decreased kp to 7.50000
decreased kp to 7.40000
decreased kp to 7.30000
decreased kp to 7.20000
decreased kp to 7.10000
decreased kp to 7.00000
decreased kp to 6.90000
decreased kp to 6.80000
decreased kp to 6.70000
decreased kp to 6.60000
decreased kp to 6.50000
decreased kp to 6.40000
decreased kp to 6.30000
decreased kp to 6.20000
decreased kp to 6.10000
decreased kp to 6.00000
decreased kp to 5.90000
decreased kp to 5.80000
decreased kp to 5.70000
decreased kp to 5.60000
decreased kp to 5.50000
decreased kp to 5.40000
decreased kp to 5.30000
decreased kp to 5.20000
decreased kp to 5.10000
decreased kp to 5.00000
start is 0.00000 0.00000
dist/lin/ang/drive_left/drive_right/tv_l/tv_r/av_l/av_r/x/y/theta/t_err: 0.86210 0.09144 1.20000 0.00000 0.00000 -0.00017 -0.00017 -0.00017 -0.00017 0.00000 0.00000 -0.00004 0.78540
target: 0.09144 0.15697
target: 0.09144 0.15697
fb: 0.00000 0.00000 -0.63386 1.00000
fb: 0.00000 0.00000 -0.63386 1.00000
dist/lin/ang/drive_left/drive_right/tv_l/tv_r/av_l/av_r/x/y/theta/t_err: 0.86210 0.18288 2.40000 0.00000 0.00000 -0.02822 0.05581 -0.02822 0.05581 0.00000 0.00000 -0.00005 0.78540
target: 0.18288 0.31394
target: 0.18288 0.31394
fb: 0.00000 0.00000 -0.77073 1.00000
fb: 0.00000 0.00000 -0.77073 1.00000
dist/lin/ang/drive_left/drive_right/tv_l/tv_r/av_l/av_r/x/y/theta/t_err: 0.86210 0.27432 3.60000 0.00000 0.00000 -0.45958 0.48236 -0.45958 0.48236 0.00000 0.00000 -0.00001 0.78540
target: 0.27432 0.47092
target: 0.27432 0.47092
fb: 0.00000 0.03247 -0.85860 1.00000
fb: 0.00000 0.08041 -0.83463 1.00000
dist/lin/ang/drive_left/drive_right/tv_l/tv_r/av_l/av_r/x/y/theta/t_err: 0.86210 0.36576 3.91909 -0.08041 0.08041 -0.53658 0.67911 -0.53658 0.67911 0.00000 0.00000 0.09056 0.78382
target: 0.36576 0.51266
target: 0.36576 0.51266
fb: 0.00000 0.12744 -0.26185 1.00000
fb: 0.00000 0.17266 -0.23924 1.00000
dist/lin/ang/drive_left/drive_right/tv_l/tv_r/av_l/av_r/x/y/theta/t_err: 0.86210 0.44308 3.84925 -0.17266 0.17266 -0.37489 0.69625 -0.37489 0.69625 0.00000 0.00000 0.89086 0.76985
target: 0.44308 0.50352
target: 0.44308 0.50352
fb: 0.00596 0.20965 0.13297 1.00000
fb: 0.02913 0.24373 0.13842 0.99561
dist/lin/ang/drive_left/drive_right/tv_l/tv_r/av_l/av_r/x/y/theta/t_err: 0.86202 0.47019 3.71161 -0.21460 0.27285 -0.19061 0.79547 -0.19061 0.79547 0.00469 0.00017 2.47344 0.74232
target: 0.47019 0.48552
target: 0.47019 0.48552
fb: 0.06002 0.27160 0.12106 0.82843
fb: 0.08738 0.28811 0.11564 0.80649
dist/lin/ang/drive_left/drive_right/tv_l/tv_r/av_l/av_r/x/y/theta/t_err: 0.86112 0.50864 3.52541 -0.20073 0.37549 0.09342 0.50681 0.09342 0.50681 0.05185 0.00318 4.65994 0.70508
target: 0.50864 0.46116
target: 0.50864 0.46116
fb: 0.09113 0.29786 0.34958 0.91691
fb: 0.11628 0.30427 0.34021 0.90113
dist/lin/ang/drive_left/drive_right/tv_l/tv_r/av_l/av_r/x/y/theta/t_err: 0.85971 0.55550 3.31124 -0.18799 0.42056 0.13089 0.56092 0.13089 0.56092 0.12323 0.01049 7.19092 0.66225
target: 0.55550 0.43314
target: 0.55550 0.43314
fb: 0.16108 0.30741 0.44494 0.90429
fb: 0.20366 0.30239 0.42114 0.88550
dist/lin/ang/drive_left/drive_right/tv_l/tv_r/av_l/av_r/x/y/theta/t_err: 0.85712 0.60698 3.09017 -0.09873 0.50606 0.30678 0.58194 0.30678 0.58194 0.24864 0.02936 9.85249 0.61803
target: 0.60698 0.40423
target: 0.60698 0.40423
fb: 0.26368 0.29529 0.49087 0.88659
fb: 0.29678 0.29083 0.47209 0.87227
dist/lin/ang/drive_left/drive_right/tv_l/tv_r/av_l/av_r/x/y/theta/t_err: 0.85276 0.65936 2.87871 0.00595 0.58761 0.40725 0.48714 0.40725 0.48714 0.45227 0.06982 12.47398 0.57574
target: 0.65936 0.37656
target: 0.65936 0.37656
fb: 0.32966 0.28065 0.52855 0.88552
fb: 0.37026 0.26491 0.50038 0.87309
dist/lin/ang/drive_left/drive_right/tv_l/tv_r/av_l/av_r/x/y/theta/t_err: 0.84715 0.71152 2.67994 0.10535 0.63517 0.45583 0.52239 0.45583 0.52239 0.70435 0.13169 14.98576 0.53599
target: 0.71152 0.35056
target: 0.71152 0.35056
fb: 0.38019 0.24972 0.55745 0.89950
fb: 0.41903 0.23641 0.53137 0.88674
dist/lin/ang/drive_left/drive_right/tv_l/tv_r/av_l/av_r/x/y/theta/t_err: 0.84055 0.76044 2.50312 0.18262 0.65544 0.48783 0.50631 0.48783 0.50631 0.99190 0.21489 17.26766 0.50062
target: 0.76044 0.32743
target: 0.76044 0.32743
fb: 0.47132 0.22484 0.54516 0.88384
fb: 0.53708 0.20896 0.50434 0.85891
dist/lin/ang/drive_left/drive_right/tv_l/tv_r/av_l/av_r/x/y/theta/t_err: 0.83221 0.80443 2.35126 0.32812 0.74604 0.47825 0.46661 0.47825 0.46661 1.34421 0.33149 19.30890 0.47025
target: 0.80443 0.30757
target: 0.80443 0.30757
fb: 0.58761 0.18764 0.49730 0.85612
fb: 0.56841 0.17314 0.49965 0.87297
dist/lin/ang/drive_left/drive_right/tv_l/tv_r/av_l/av_r/x/y/theta/t_err: 0.82166 0.84166 2.22754 0.39527 0.74156 0.48064 0.52872 0.48064 0.52872 1.77838 0.49136 21.08636 0.44551
target: 0.84166 0.29138
target: 0.84166 0.29138
fb: 0.59732 0.16548 0.49064 0.86691
fb: 0.66903 0.15844 0.45127 0.83457
dist/lin/ang/drive_left/drive_right/tv_l/tv_r/av_l/av_r/x/y/theta/t_err: 0.81083 0.87276 2.12735 0.51059 0.82748 0.47411 0.51400 0.47411 0.51400 2.21484 0.66658 22.58769 0.42547
target: 0.87276 0.27828
target: 0.87276 0.27828
fb: 0.67301 0.15008 0.45038 0.83911
fb: 0.70390 0.13859 0.42919 0.82941
dist/lin/ang/drive_left/drive_right/tv_l/tv_r/av_l/av_r/x/y/theta/t_err: 0.79852 0.89987 2.04222 0.56531 0.84248 0.44231 0.61442 0.44231 0.61442 2.70167 0.87590 23.95144 0.40844
target: 0.89987 0.26714
target: 0.89987 0.26714
fb: 0.72530 0.13113 0.42767 0.82703
fb: 0.73700 0.13378 0.42314 0.81986
dist/lin/ang/drive_left/drive_right/tv_l/tv_r/av_l/av_r/x/y/theta/t_err: 0.78517 0.92232 1.97322 0.60322 0.87078 0.41750 0.59803 0.41750 0.59803 3.22115 1.11315 25.15241 0.39464
target: 0.92232 0.25812
target: 0.92232 0.25812
fb: 0.81445 0.13831 0.38952 0.77960
fb: 0.78929 0.14228 0.40408 0.79020
dist/lin/ang/drive_left/drive_right/tv_l/tv_r/av_l/av_r/x/y/theta/t_err: 0.77009 0.94336 1.90970 0.64702 0.93157 0.40431 0.53642 0.40431 0.53642 3.79877 1.39175 26.33461 0.38194
target: 0.94336 0.24981
target: 0.94336 0.24981
fb: 0.82239 0.14123 0.46136 0.72697
fb: 0.88837 0.14304 0.42838 0.69398
dist/lin/ang/drive_left/drive_right/tv_l/tv_r/av_l/av_r/x/y/theta/t_err: 0.75479 0.96645 1.84127 0.74533 1.03141 0.39953 0.62081 0.39953 0.62081 4.37581 1.68559 27.57095 0.36825
target: 0.96645 0.24086
target: 0.96645 0.24086
fb: 0.79503 0.14785 0.51312 0.76097
fb: 0.86101 0.15175 0.48013 0.72798
dist/lin/ang/drive_left/drive_right/tv_l/tv_r/av_l/av_r/x/y/theta/t_err: 0.73991 0.99156 1.76825 0.70925 1.01276 0.43478 0.63961 0.43478 0.63961 4.92764 1.98114 28.83874 0.35365
target: 0.99156 0.23131
target: 0.99156 0.23131
fb: 0.92500 0.15099 0.48821 0.71789
fb: 0.89587 0.15398 0.50277 0.73245
dist/lin/ang/drive_left/drive_right/tv_l/tv_r/av_l/av_r/x/y/theta/t_err: 0.72252 1.01697 1.69580 0.74189 1.04986 0.46903 0.65861 0.46903 0.65861 5.56171 2.33951 30.16176 0.33916
target: 1.01697 0.22183
target: 1.01697 0.22183
fb: 0.97950 0.15698 0.49137 0.70902
fb: 0.97752 0.15928 0.49236 0.71001
dist/lin/ang/drive_left/drive_right/tv_l/tv_r/av_l/av_r/x/y/theta/t_err: 0.70399 1.04337 1.62205 0.81824 1.13679 0.47775 0.66664 0.47775 0.66664 6.22383 2.73501 31.51920 0.32441
target: 1.04337 0.21218
target: 1.04337 0.21218
fb: 0.93868 0.15712 0.54695 0.75017
fb: 0.94839 0.15740 0.54210 0.74532
dist/lin/ang/drive_left/drive_right/tv_l/tv_r/av_l/av_r/x/y/theta/t_err: 0.68615 1.07221 1.54311 0.79099 1.10579 0.48253 0.66850 0.48253 0.66850 6.84915 3.12903 32.90535 0.30862
target: 1.07221 0.20185
target: 1.07221 0.20185
fb: 1.02209 0.15775 0.55129 0.73459
fb: 1.07240 0.16116 0.52613 0.70943
dist/lin/ang/drive_left/drive_right/tv_l/tv_r/av_l/av_r/x/y/theta/t_err: 0.66663 1.10036 1.46767 0.91124 1.23356 0.52514 0.68306 0.52514 0.68306 7.51934 3.57458 34.28269 0.29353
target: 1.10036 0.19199
target: 1.10036 0.19199
fb: 1.03753 0.16137 0.57099 0.74521
fb: 1.06666 0.16158 0.55643 0.73064
dist/lin/ang/drive_left/drive_right/tv_l/tv_r/av_l/av_r/x/y/theta/t_err: 0.64672 1.13027 1.38918 0.90508 1.22824 0.51964 0.68564 0.51964 0.68564 8.18870 4.04292 35.69261 0.27784
target: 1.13027 0.18172
target: 1.13027 0.18172
fb: 1.11697 0.16116 0.57421 0.73110
fb: 1.09005 0.16060 0.58767 0.74456
dist/lin/ang/drive_left/drive_right/tv_l/tv_r/av_l/av_r/x/y/theta/t_err: 0.62519 1.16007 1.31257 0.92945 1.25065 0.54172 0.69950 0.54172 0.69950 8.89658 4.56485 37.10759 0.26251
target: 1.16007 0.17170
target: 1.16007 0.17170
fb: 1.05894 0.15928 0.63559 0.78129
fb: 1.15183 0.15816 0.58914 0.73484
dist/lin/ang/drive_left/drive_right/tv_l/tv_r/av_l/av_r/x/y/theta/t_err: 0.60469 1.19153 1.23341 0.99367 1.31000 0.56739 0.70239 0.56739 0.70239 9.55530 5.07602 38.51165 0.24668
target: 1.19153 0.16134
target: 1.19153 0.16134
fb: 1.16552 0.15705 0.62599 0.75483
fb: 1.14433 0.15670 0.63658 0.76542
dist/lin/ang/drive_left/drive_right/tv_l/tv_r/av_l/av_r/x/y/theta/t_err: 0.58205 1.22158 1.15931 0.98763 1.30103 0.58400 0.70497 0.58400 0.70497 10.26667 5.65581 39.89500 0.23186
target: 1.22158 0.15165
target: 1.22158 0.15165
fb: 1.20435 0.15468 0.63186 0.75371
fb: 1.12668 0.15322 0.67070 0.79254
dist/lin/ang/drive_left/drive_right/tv_l/tv_r/av_l/av_r/x/y/theta/t_err: 0.55857 1.25133 1.08740 0.97346 1.27990 0.60931 0.71386 0.60931 0.71386 10.98690 6.27267 41.25804 0.21748
target: 1.25133 0.14224
target: 1.25133 0.14224
fb: 1.20832 0.15273 0.66076 0.77260
fb: 1.28401 0.14973 0.62292 0.73475
dist/lin/ang/drive_left/drive_right/tv_l/tv_r/av_l/av_r/x/y/theta/t_err: 0.53493 1.28139 1.01611 1.13428 1.43374 0.64083 0.72672 0.64083 0.72672 11.69422 6.90899 42.60178 0.20322
target: 1.28139 0.13292
target: 1.28139 0.13292
fb: 1.18493 0.14799 0.70698 0.80708
fb: 1.28975 0.14479 0.65458 0.75467
dist/lin/ang/drive_left/drive_right/tv_l/tv_r/av_l/av_r/x/y/theta/t_err: 0.51169 1.31181 0.94533 1.14496 1.43453 0.64044 0.71731 0.64044 0.71731 12.37369 7.54837 43.91854 0.18907
target: 1.31181 0.12366
target: 1.31181 0.12366
fb: 1.33233 0.14012 0.66832 0.75664
fb: 1.28379 0.13559 0.69259 0.78091
dist/lin/ang/drive_left/drive_right/tv_l/tv_r/av_l/av_r/x/y/theta/t_err: 0.48549 1.33875 0.88375 1.14820 1.41938 0.64847 0.72808 0.64847 0.72808 13.12146 8.28416 45.18191 0.17675
target: 1.33875 0.11560
target: 1.33875 0.11560
fb: 1.32660 0.13085 0.68181 0.77017
fb: 1.32461 0.12820 0.68280 0.77117
dist/lin/ang/drive_left/drive_right/tv_l/tv_r/av_l/av_r/x/y/theta/t_err: 0.45934 1.36292 0.82936 1.19641 1.45282 0.67006 0.72944 0.67006 0.72944 13.85000 9.03270 46.35327 0.16587
target: 1.36292 0.10849
target: 1.36292 0.10849
fb: 1.32064 0.12681 0.69622 0.78354
fb: 1.29151 0.12465 0.71078 0.79811
dist/lin/ang/drive_left/drive_right/tv_l/tv_r/av_l/av_r/x/y/theta/t_err: 0.43327 1.36789 0.77924 1.16686 1.41616 0.67281 0.74006 0.67281 0.74006 14.56030 9.79217 47.47049 0.15585
target: 1.36789 0.10193
target: 1.36789 0.10193
fb: 1.34028 0.12138 0.61602 0.69958
fb: 1.40427 0.11838 0.58403 0.66759
dist/lin/ang/drive_left/drive_right/tv_l/tv_r/av_l/av_r/x/y/theta/t_err: 0.40677 1.34570 0.73272 1.28589 1.52265 0.66219 0.72961 0.66219 0.72961 15.26601 10.57684 48.55297 0.14654
target: 1.34570 0.09585
target: 1.34570 0.09585
fb: 1.33807 0.11496 0.49024 0.56988
fb: 1.38265 0.11141 0.46796 0.54760
dist/lin/ang/drive_left/drive_right/tv_l/tv_r/av_l/av_r/x/y/theta/t_err: 0.38028 1.31880 0.69139 1.27124 1.49406 0.56072 0.63361 0.56072 0.63361 15.95634 11.37276 49.57978 0.13828
target: 1.31880 0.09044
target: 1.31880 0.09044
fb: 1.43318 0.11308 0.39989 0.47836
fb: 1.36544 0.11315 0.43376 0.51223
dist/lin/ang/drive_left/drive_right/tv_l/tv_r/av_l/av_r/x/y/theta/t_err: 0.35188 1.28240 0.65810 1.25228 1.47859 0.47092 0.54514 0.47092 0.54514 16.68070 12.23807 50.56530 0.13162
target: 1.28240 0.08609
target: 1.28240 0.08609
fb: 1.38662 0.11155 0.35025 0.43232
fb: 1.40979 0.10904 0.33866 0.42074
dist/lin/ang/drive_left/drive_right/tv_l/tv_r/av_l/av_r/x/y/theta/t_err: 0.32437 1.24475 0.62454 1.30075 1.51883 0.42042 0.49536 0.42042 0.49536 17.36678 13.08740 51.55003 0.12491
target: 1.24475 0.08170
target: 1.24475 0.08170
fb: 1.32461 0.10626 0.34500 0.42085
fb: 1.32859 0.10423 0.34302 0.41887
dist/lin/ang/drive_left/drive_right/tv_l/tv_r/av_l/av_r/x/y/theta/t_err: 0.29807 1.20491 0.59447 1.22435 1.43282 0.36189 0.45875 0.36189 0.45875 18.00872 13.90944 52.48813 0.11889
target: 1.20491 0.07776
target: 1.20491 0.07776
fb: 1.28578 0.10228 0.31998 0.39464
fb: 1.23547 0.10180 0.34514 0.41979
dist/lin/ang/drive_left/drive_right/tv_l/tv_r/av_l/av_r/x/y/theta/t_err: 0.27253 1.16161 0.56915 1.13367 1.33726 0.36258 0.45925 0.36258 0.45925 18.61916 14.71712 53.37922 0.11383
target: 1.16161 0.07445
target: 1.16161 0.07445
fb: 1.28776 0.10417 0.26511 0.34088
fb: 1.21583 0.10702 0.30107 0.37685
dist/lin/ang/drive_left/drive_right/tv_l/tv_r/av_l/av_r/x/y/theta/t_err: 0.24694 1.11376 0.54672 1.10881 1.32285 0.36328 0.44044 0.36328 0.44044 19.21769 15.53560 54.26906 0.10934
target: 1.11376 0.07152
target: 1.11376 0.07152
fb: 1.18317 0.10835 0.25589 0.33109
fb: 1.22377 0.10626 0.23559 0.31079
dist/lin/ang/drive_left/drive_right/tv_l/tv_r/av_l/av_r/x/y/theta/t_err: 0.22341 1.06891 0.51891 1.11752 1.33003 0.32119 0.41733 0.32119 0.41733 19.75548 16.29633 55.20013 0.10378
target: 1.06891 0.06788
target: 1.06891 0.06788
fb: 1.14610 0.10821 0.25119 0.31516
fb: 1.10351 0.11162 0.27248 0.33645
dist/lin/ang/drive_left/drive_right/tv_l/tv_r/av_l/av_r/x/y/theta/t_err: 0.20060 1.02147 0.49271 0.99189 1.21513 0.28217 0.37422 0.28217 0.37422 20.26471 17.04136 56.12774 0.09854
target: 1.02147 0.06445
target: 1.02147 0.06445
fb: 1.08211 0.11322 0.23095 0.29218
fb: 1.04923 0.11239 0.24739 0.30862
dist/lin/ang/drive_left/drive_right/tv_l/tv_r/av_l/av_r/x/y/theta/t_err: 0.17906 0.97444 0.46266 0.93685 1.16162 0.27789 0.35214 0.27789 0.35214 20.73377 17.75268 57.09677 0.09253
target: 0.97444 0.06052
target: 0.97444 0.06052
fb: 1.05320 0.10869 0.20906 0.26046
fb: 0.97752 0.10584 0.24691 0.29830
dist/lin/ang/drive_left/drive_right/tv_l/tv_r/av_l/av_r/x/y/theta/t_err: 0.15808 1.06032 0.43430 0.87168 1.08336 0.25750 0.33347 0.25750 0.33347 21.17838 18.45271 58.06314 0.08686
target: 1.06032 0.05681
target: 1.06032 0.05681
fb: 0.95611 0.10584 0.86899 0.91747
fb: 0.98127 0.10814 0.85641 0.90489
dist/lin/ang/drive_left/drive_right/tv_l/tv_r/av_l/av_r/x/y/theta/t_err: 0.13856 0.99270 0.35405 0.87313 1.08941 0.26197 0.32717 0.26197 0.32717 21.57137 19.09483 58.98274 0.07081
target: 0.99270 0.04631
target: 0.99270 0.04631
fb: 0.88815 0.10904 0.26500 0.23826
fb: 0.85726 0.10472 0.28044 0.25371
dist/lin/ang/drive_left/drive_right/tv_l/tv_r/av_l/av_r/x/y/theta/t_err: 0.12097 0.92754 0.27219 0.75254 0.96198 0.60556 0.60147 0.60556 0.60147 21.92705 19.69695 59.92082 0.05444
target: 0.92754 0.03561
target: 0.92754 0.03561
fb: 0.91551 0.10138 0.20986 0.16682
fb: 0.91728 0.10152 0.20897 0.16594
dist/lin/ang/drive_left/drive_right/tv_l/tv_r/av_l/av_r/x/y/theta/t_err: 0.10279 0.85500 0.19374 0.81576 1.01880 0.34494 0.34736 0.34494 0.34736 22.28337 20.32360 60.81979 0.03875
target: 0.85500 0.02534
target: 0.85500 0.02534
fb: 0.91132 0.09302 0.12128 0.06845
fb: 0.86498 0.08716 0.14445 0.09162
dist/lin/ang/drive_left/drive_right/tv_l/tv_r/av_l/av_r/x/y/theta/t_err: 0.08466 0.77597 0.11851 0.77782 0.95215 0.19214 0.16819 0.19214 0.16819 22.62844 20.95276 61.68188 0.02370
target: 0.77597 0.01550
target: 0.77597 0.01550
fb: 0.85152 0.08389 -0.06018 -0.13225
fb: 0.84954 0.07316 -0.05918 -0.13126
dist/lin/ang/drive_left/drive_right/tv_l/tv_r/av_l/av_r/x/y/theta/t_err: 0.06770 0.69391 0.05352 0.77638 0.92270 0.10572 0.04089 0.10572 0.04089 22.94254 21.54512 62.42657 0.01070
target: 0.69391 0.00700
target: 0.69391 0.00700
fb: 0.78356 0.05853 -0.11335 -0.18481
fb: 0.72332 0.04912 -0.08323 -0.15469
dist/lin/ang/drive_left/drive_right/tv_l/tv_r/av_l/av_r/x/y/theta/t_err: 0.05208 0.60861 0.00159 0.67420 0.77244 -0.04517 -0.11892 -0.04517 -0.11892 23.22519 22.09354 63.02170 0.00032
target: 0.60861 0.00021
target: 0.60861 0.00021
fb: 0.65536 0.04264 -0.14306 -0.20833
fb: 0.57791 0.03860 -0.10433 -0.16961
dist/lin/ang/drive_left/drive_right/tv_l/tv_r/av_l/av_r/x/y/theta/t_err: 0.03901 0.52669 -0.03386 0.53931 0.61651 -0.08828 -0.14492 -0.08828 -0.14492 23.45764 22.55425 63.42790 -0.00677
target: 0.52669 -0.00443
target: 0.52669 -0.00443
fb: 0.53135 0.03832 -0.14876 -0.20090
fb: 0.45191 0.03797 -0.10904 -0.16118
dist/lin/ang/drive_left/drive_right/tv_l/tv_r/av_l/av_r/x/y/theta/t_err: 0.02840 0.44944 -0.06271 0.41394 0.48988 -0.10833 -0.16597 -0.10833 -0.16597 23.64371 22.92898 63.75852 -0.01254
target: 0.44944 -0.00820
target: 0.44944 -0.00820
fb: 0.40160 0.03553 0.09719 0.05713
fb: 0.36453 0.03310 0.11573 0.07566
dist/lin/ang/drive_left/drive_right/tv_l/tv_r/av_l/av_r/x/y/theta/t_err: 0.02039 0.38081 -0.09036 0.33143 0.39763 -0.04689 -0.11022 -0.04689 -0.11022 23.78271 23.21301 64.07535 -0.01807
target: 0.38081 -0.01182
target: 0.38081 -0.01182
fb: 0.26965 0.03435 0.12246 0.07897
fb: 0.22882 0.03296 0.14287 0.09938
dist/lin/ang/drive_left/drive_right/tv_l/tv_r/av_l/av_r/x/y/theta/t_err: 0.01502 0.32680 -0.11541 0.19587 0.26178 0.11019 0.06708 0.11019 0.06708 23.87509 23.40418 64.36243 -0.02308
target: 0.32680 -0.01510
target: 0.32680 -0.01510
fb: 0.20168 0.02550 0.13933 0.09450
fb: 0.19992 0.01839 0.14021 0.09538
dist/lin/ang/drive_left/drive_right/tv_l/tv_r/av_l/av_r/x/y/theta/t_err: 0.01100 0.27969 -0.13799 0.18152 0.21831 0.13758 0.10061 0.13758 0.10061 23.94348 23.54750 64.62111 -0.02760
target: 0.27969 -0.01805
target: 0.27969 -0.01805
fb: 0.20941 0.01568 0.10882 0.06295
fb: 0.21316 0.01421 0.10695 0.06108
dist/lin/ang/drive_left/drive_right/tv_l/tv_r/av_l/av_r/x/y/theta/t_err: 0.00682 0.00171 -0.15175 0.19894 0.22737 0.13400 0.09581 0.13400 0.09581 24.01394 23.69658 64.77881 -0.03035
target: 0.00171 -0.01985
target: 0.00171 -0.01985
fb: 0.24228 0.01470 -0.69326 -0.74095
fb: 0.26391 0.01394 -0.70407 -0.75176
dist/lin/ang/drive_left/drive_right/tv_l/tv_r/av_l/av_r/x/y/theta/t_err: 0.00198 0.00050 -0.16374 0.24997 0.27784 0.03081 0.00583 0.03081 0.00583 24.09502 23.86926 64.91624 -0.03275
target: 0.00050 -0.02142
target: 0.00050 -0.02142
fb: 0.23677 0.00955 -0.13798 -0.18570
fb: 0.15314 -0.00460 0.05820 -0.06756
dist/lin/ang/drive_left/drive_right/tv_l/tv_r/av_l/av_r/x/y/theta/t_err: -0.00274 -0.00069 -0.17260 0.15774 0.14854 -0.38314 -0.29722 -0.38314 -0.29722 24.17391 24.03818 65.01777 -0.03452
target: -0.00069 -0.02258
target: -0.00069 -0.02258
fb: 0.06399 -0.00934 0.05675 -0.06688
fb: 0.01169 -0.01394 0.05675 -0.06688
final error: 0.21244, x: -0.19519, y: -0.08385
final local error: 0.21244, forwards: -0.15857, sideways: 0.14138
position: 24.19519 24.08385 64.96789
took 1.20000 time to finish turn
dist/lin/ang/drive_left/drive_right/tv_l/tv_r/av_l/av_r/x/y/theta/t_err: -0.86978 -0.09144 -1.20000 0.00000 0.00000 0.00000 0.00000 0.00000 0.00000 24.24313 24.18438 244.12519 -0.33501
target: -0.09144 -0.15697
target: -0.09144 -0.15697
fb: 0.00000 0.00000 0.63386 -1.00000
fb: 0.00000 0.00000 0.63386 -1.00000
dist/lin/ang/drive_left/drive_right/tv_l/tv_r/av_l/av_r/x/y/theta/t_err: -0.86978 -0.18288 -2.40000 0.00000 0.00000 0.08297 -0.06539 0.08297 -0.06539 24.24313 24.18438 244.12462 -0.33500
target: -0.18288 -0.31394
target: -0.18288 -0.31394
fb: 0.00000 0.00000 0.77073 -1.00000
fb: 0.00000 -0.00627 0.76759 -1.00000
dist/lin/ang/drive_left/drive_right/tv_l/tv_r/av_l/av_r/x/y/theta/t_err: -0.86978 -0.27432 -3.34680 0.00627 -0.00627 0.46936 -0.54397 0.46936 -0.54397 24.24313 24.18438 244.10627 -0.33468
target: -0.27432 -0.43780
target: -0.27432 -0.43780
fb: 0.00000 -0.03135 0.67136 -1.00000
fb: 0.00000 -0.07246 0.65081 -1.00000
dist/lin/ang/drive_left/drive_right/tv_l/tv_r/av_l/av_r/x/y/theta/t_err: -0.86978 -0.36576 -3.28201 0.07246 -0.07246 0.50067 -0.70047 0.50067 -0.70047 24.24313 24.18438 243.73504 -0.32820
target: -0.36576 -0.42932
target: -0.36576 -0.42932
fb: 0.00000 -0.11991 -0.13591 -0.94922
fb: 0.00000 -0.16025 -0.15608 -0.92905
dist/lin/ang/drive_left/drive_right/tv_l/tv_r/av_l/av_r/x/y/theta/t_err: -0.86978 -0.45720 -3.08490 0.16025 -0.16025 0.20706 -0.66681 0.20706 -0.66681 24.24313 24.18438 242.60564 -0.30849
target: -0.45720 -0.40354
target: -0.45720 -0.40354
fb: 0.00000 -0.20248 -0.36480 -0.87943
fb: 0.00000 -0.23174 -0.37943 -0.86479
dist/lin/ang/drive_left/drive_right/tv_l/tv_r/av_l/av_r/x/y/theta/t_err: -0.86978 -0.54864 -2.76580 0.23174 -0.23174 -0.16958 -0.47364 -0.16958 -0.47364 24.24313 24.18438 240.77735 -0.27658
target: -0.54864 -0.36179
target: -0.54864 -0.36179
fb: 0.00000 -0.24979 -0.81399 -1.00000
fb: -0.00971 -0.26539 -0.81694 -1.00000
dist/lin/ang/drive_left/drive_right/tv_l/tv_r/av_l/av_r/x/y/theta/t_err: -0.86960 -0.64008 -2.37768 0.25569 -0.27510 -0.38397 -0.39339 -0.38397 -0.39339 24.23921 24.17782 238.55046 -0.23777
target: -0.64008 -0.31102
target: -0.64008 -0.31102
fb: -0.06774 -0.26031 -0.96870 -0.98467
fb: -0.15314 -0.24693 -0.91932 -0.94866
dist/lin/ang/drive_left/drive_right/tv_l/tv_r/av_l/av_r/x/y/theta/t_err: -0.86660 -0.73152 -1.99219 0.09380 -0.40007 -0.56156 -0.43514 -0.56156 -0.43514 24.17403 24.07638 236.29843 -0.19922
target: -0.73152 -0.26060
target: -0.73152 -0.26060
fb: -0.21139 -0.23230 -1.00000 -0.95276
fb: -0.25398 -0.21474 -0.99355 -0.94025
dist/lin/ang/drive_left/drive_right/tv_l/tv_r/av_l/av_r/x/y/theta/t_err: -0.86161 -0.82296 -1.65577 -0.03924 -0.46872 -0.38311 -0.46183 -0.38311 -0.46183 24.06003 23.91209 234.31016 -0.16558
target: -0.82296 -0.21659
target: -0.82296 -0.21659
fb: -0.27538 -0.20011 -1.00000 -0.98939
fb: -0.31046 -0.18868 -1.00000 -0.97185
dist/lin/ang/drive_left/drive_right/tv_l/tv_r/av_l/av_r/x/y/theta/t_err: -0.85547 -0.91440 -1.36422 -0.12178 -0.49915 -0.37711 -0.43958 -0.37711 -0.43958 23.91421 23.71588 232.57781 -0.13642
target: -0.91440 -0.17845
target: -0.91440 -0.17845
fb: -0.35107 -0.17976 -1.00000 -1.00000
fb: -0.39564 -0.17105 -1.00000 -1.00000
dist/lin/ang/drive_left/drive_right/tv_l/tv_r/av_l/av_r/x/y/theta/t_err: -0.84762 -1.00584 -1.10307 -0.22459 -0.56669 -0.61394 -0.45803 -0.61394 -0.45803 23.72135 23.47124 231.01650 -0.11031
target: -1.00584 -0.14429
target: -1.00584 -0.14429
fb: -0.44418 -0.15921 -1.00000 -1.00000
fb: -0.44396 -0.14576 -1.00000 -1.00000
dist/lin/ang/drive_left/drive_right/tv_l/tv_r/av_l/av_r/x/y/theta/t_err: -0.83878 -1.09728 -0.87553 -0.29820 -0.58973 -0.76625 -0.57628 -0.76625 -0.57628 23.49818 23.20218 229.65328 -0.08755
target: -1.09728 -0.11453
target: -1.09728 -0.11453
fb: -0.52164 -0.13322 -1.00000 -1.00000
fb: -0.60703 -0.12333 -1.00000 -1.00000
dist/lin/ang/drive_left/drive_right/tv_l/tv_r/av_l/av_r/x/y/theta/t_err: -0.82668 -1.18872 -0.68671 -0.48371 -0.73036 -0.82731 -0.70547 -0.82731 -0.70547 23.18504 22.84107 228.50635 -0.06867
target: -1.18872 -0.08983
target: -1.18872 -0.08983
fb: -0.60328 -0.11078 -1.00000 -1.00000
fb: -0.64984 -0.10417 -1.00000 -1.00000
dist/lin/ang/drive_left/drive_right/tv_l/tv_r/av_l/av_r/x/y/theta/t_err: -0.81370 -1.28016 -0.52843 -0.54567 -0.75401 -0.84253 -0.81208 -0.84253 -0.81208 22.84265 22.46082 227.54481 -0.05284
target: -1.28016 -0.06912
target: -1.28016 -0.06912
fb: -0.67102 -0.09894 -1.00000 -1.00000
fb: -0.76216 -0.09462 -1.00000 -1.00000
dist/lin/ang/drive_left/drive_right/tv_l/tv_r/av_l/av_r/x/y/theta/t_err: -0.79848 -1.37160 -0.38710 -0.66754 -0.85678 -0.85314 -0.84564 -0.85314 -0.84564 22.43397 22.02136 226.68613 -0.03871
target: -1.37160 -0.05064
target: -1.37160 -0.05064
fb: -0.85130 -0.09023 -1.00000 -1.00000
fb: -0.82218 -0.08542 -1.00000 -1.00000
dist/lin/ang/drive_left/drive_right/tv_l/tv_r/av_l/av_r/x/y/theta/t_err: -0.78204 -1.46304 -0.25797 -0.73675 -0.90760 -0.85642 -0.85400 -0.85642 -0.85400 21.98665 21.55339 225.90795 -0.02580
target: -1.46304 -0.03375
target: -1.46304 -0.03375
fb: -0.86300 -0.08215 -1.00000 -1.00000
fb: -0.90956 -0.07804 -1.00000 -1.00000
dist/lin/ang/drive_left/drive_right/tv_l/tv_r/av_l/av_r/x/y/theta/t_err: -0.76385 -1.55448 -0.13951 -0.83152 -0.98759 -0.86392 -0.86189 -0.86392 -0.86189 21.48512 21.04213 225.20253 -0.01395
target: -1.55448 -0.01825
target: -1.55448 -0.01825
fb: -0.97951 -0.07825 -1.00000 -1.00000
fb: -1.01636 -0.07720 -1.00000 -1.00000
dist/lin/ang/drive_left/drive_right/tv_l/tv_r/av_l/av_r/x/y/theta/t_err: -0.74353 -1.64592 -0.02353 -0.93915 -1.09356 -0.87111 -0.86700 -0.87111 -0.86700 20.91793 20.47756 224.52531 -0.00235
target: -1.64592 -0.00308
target: -1.64592 -0.00308
fb: -0.97355 -0.07685 -1.00000 -1.00000
fb: -1.04129 -0.07267 -1.00000 -1.00000
dist/lin/ang/drive_left/drive_right/tv_l/tv_r/av_l/av_r/x/y/theta/t_err: -0.72270 -1.73736 0.09076 -0.96862 -1.11396 -0.87931 -0.87675 -0.87931 -0.87675 20.32996 19.90612 223.87644 0.00908
target: -1.73736 0.01187
target: -1.73736 0.01187
fb: -1.13838 -0.06104 -1.00000 -1.00000
fb: -1.11521 -0.05114 -1.00000 -1.00000
dist/lin/ang/drive_left/drive_right/tv_l/tv_r/av_l/av_r/x/y/theta/t_err: -0.70040 -1.72708 0.18502 -1.06407 -1.16635 -0.87250 -0.87642 -0.87250 -0.87642 19.69419 19.30041 223.36137 0.01850
target: -1.72708 0.02420
target: -1.72708 0.02420
fb: -1.17722 -0.04285 -1.00000 -0.93714
fb: -1.19862 -0.03916 -1.00000 -0.92644
dist/lin/ang/drive_left/drive_right/tv_l/tv_r/av_l/av_r/x/y/theta/t_err: -0.67643 -1.70701 0.25922 -1.15946 -1.23778 -0.88617 -0.81583 -0.88617 -0.81583 19.00589 18.65467 222.98048 0.02592
target: -1.70701 0.03391
target: -1.70701 0.03391
fb: -1.21605 -0.04452 -0.99206 -0.86552
fb: -1.28777 -0.04564 -0.95621 -0.82967
dist/lin/ang/drive_left/drive_right/tv_l/tv_r/av_l/av_r/x/y/theta/t_err: -0.65069 -1.68561 0.33912 -1.24213 -1.33341 -0.87386 -0.71522 -0.87386 -0.71522 18.26175 17.96588 222.58904 0.03391
target: -1.68561 0.04436
target: -1.68561 0.04436
fb: -1.25665 -0.04020 -0.95732 -0.81004
fb: -1.28578 -0.03317 -0.94276 -0.79548
dist/lin/ang/drive_left/drive_right/tv_l/tv_r/av_l/av_r/x/y/theta/t_err: -0.62499 -1.66636 0.41172 -1.25262 -1.31895 -0.81311 -0.71108 -0.81311 -0.71108 17.51430 17.28300 222.26018 0.04117
target: -1.66636 0.05386
target: -1.66636 0.05386
fb: -1.32660 -0.02341 -0.91548 -0.76407
fb: -1.31491 -0.01387 -0.92133 -0.76992
dist/lin/ang/drive_left/drive_right/tv_l/tv_r/av_l/av_r/x/y/theta/t_err: -0.59872 -1.65303 0.46240 -1.30104 -1.32877 -0.69678 -0.73200 -0.69678 -0.73200 16.74682 16.58805 222.07777 0.04624
target: -1.65303 0.06049
target: -1.65303 0.06049
fb: -1.35948 -0.01052 -0.90212 -0.76761
fb: -1.35176 -0.00906 -0.90598 -0.77147
dist/lin/ang/drive_left/drive_right/tv_l/tv_r/av_l/av_r/x/y/theta/t_err: -0.57171 -1.64311 0.50033 -1.34270 -1.36082 -0.69589 -0.74808 -0.69589 -0.74808 15.95622 15.87541 221.98786 0.05003
target: -1.64311 0.06545
target: -1.64311 0.06545
fb: -1.35750 -0.00941 -0.90354 -0.77738
fb: -1.44863 -0.01143 -0.85797 -0.73181
dist/lin/ang/drive_left/drive_right/tv_l/tv_r/av_l/av_r/x/y/theta/t_err: -0.54278 -1.63223 0.54213 -1.43720 -1.46006 -0.85706 -0.74519 -0.85706 -0.74519 15.10784 15.11296 221.90354 0.05421
target: -1.63223 0.07092
target: -1.63223 0.07092
fb: -1.47599 -0.00773 -0.83651 -0.69847
fb: -1.50115 -0.00216 -0.82393 -0.68589
dist/lin/ang/drive_left/drive_right/tv_l/tv_r/av_l/av_r/x/y/theta/t_err: -0.51281 -1.62175 0.58266 -1.49899 -1.50331 -0.78350 -0.71422 -0.78350 -0.71422 14.22771 14.32397 221.85481 0.05827
target: -1.62175 0.07622
target: -1.62175 0.07622
fb: -1.51659 0.00557 -0.81101 -0.66735
fb: -1.49717 0.00975 -0.82072 -0.67706
dist/lin/ang/drive_left/drive_right/tv_l/tv_r/av_l/av_r/x/y/theta/t_err: -0.48292 -1.61503 0.60875 -1.50693 -1.48742 -0.77650 -0.67447 -0.77650 -0.67447 13.34995 13.53702 221.91080 0.06087
target: -1.61503 0.07963
target: -1.61503 0.07963
fb: -1.51262 0.01435 -0.81572 -0.68449
fb: -1.38861 0.01749 -0.87773 -0.74649
dist/lin/ang/drive_left/drive_right/tv_l/tv_r/av_l/av_r/x/y/theta/t_err: -0.45520 -1.61100 0.62442 -1.40610 -1.37112 -0.77647 -0.66372 -0.77647 -0.66372 12.53694 12.80590 222.03038 0.06244
target: -1.61100 0.08168
target: -1.61100 0.08168
fb: -1.45260 0.02223 -0.84808 -0.72636
fb: -1.49342 0.02669 -0.82767 -0.70594
dist/lin/ang/drive_left/drive_right/tv_l/tv_r/av_l/av_r/x/y/theta/t_err: -0.42539 -1.57378 0.63319 -1.52011 -1.46674 -0.79106 -0.70753 -0.79106 -0.70753 11.66466 12.01729 222.22517 0.06332
target: -1.57378 0.08283
target: -1.57378 0.08283
fb: -1.48173 0.02982 -0.66356 -0.54839
fb: -1.61545 0.03115 -0.59670 -0.48153
dist/lin/ang/drive_left/drive_right/tv_l/tv_r/av_l/av_r/x/y/theta/t_err: -0.39314 -1.51169 0.63846 -1.64659 -1.58430 -0.76639 -0.67039 -0.76639 -0.67039 10.72460 11.16038 222.48265 0.06385
target: -1.51169 0.08352
target: -1.51169 0.08352
fb: -1.53005 0.03087 -0.48175 -0.36974
fb: -1.57087 0.03024 -0.46134 -0.34933
dist/lin/ang/drive_left/drive_right/tv_l/tv_r/av_l/av_r/x/y/theta/t_err: -0.36179 -1.44858 0.64532 -1.60111 -1.54063 -0.61633 -0.54139 -0.61633 -0.54139 9.81439 10.32286 222.74902 0.06453
target: -1.44858 0.08441
target: -1.44858 0.08441
fb: -1.62339 0.02954 -0.37502 -0.25988
fb: -1.51461 0.02926 -0.42941 -0.31427
dist/lin/ang/drive_left/drive_right/tv_l/tv_r/av_l/av_r/x/y/theta/t_err: -0.33156 -1.38413 0.65713 -1.54387 -1.48534 -0.51622 -0.43189 -0.51622 -0.43189 8.94041 9.51140 223.00736 0.06571
target: -1.38413 0.08596
target: -1.38413 0.08596
fb: -1.47202 0.02926 -0.39064 -0.26755
fb: -1.48371 0.03783 -0.38480 -0.26171
dist/lin/ang/drive_left/drive_right/tv_l/tv_r/av_l/av_r/x/y/theta/t_err: -0.30195 -1.31837 0.66907 -1.52155 -1.44588 -0.43908 -0.36872 -0.43908 -0.36872 8.08799 8.71249 223.29532 0.06691
target: -1.31837 0.08752
target: -1.31837 0.08752
fb: -1.44091 0.04982 -0.34215 -0.21676
fb: -1.39258 0.05295 -0.36631 -0.24092
dist/lin/ang/drive_left/drive_right/tv_l/tv_r/av_l/av_r/x/y/theta/t_err: -0.27416 -1.25855 0.65756 -1.44553 -1.33963 -0.45278 -0.34978 -0.45278 -0.34978 7.29266 7.95765 223.72926 0.06576
target: -1.25855 0.08602
target: -1.25855 0.08602
fb: -1.21980 0.05546 -0.40714 -0.31132
fb: -1.28578 0.05274 -0.37415 -0.27833
dist/lin/ang/drive_left/drive_right/tv_l/tv_r/av_l/av_r/x/y/theta/t_err: -0.24850 -1.20164 0.63956 -1.33853 -1.23304 -0.43325 -0.33367 -0.43325 -0.33367 6.56419 7.25455 224.19560 0.06396
target: -1.20164 0.08366
target: -1.20164 0.08366
fb: -1.42744 0.04891 -0.25776 -0.17269
fb: -1.25467 0.04334 -0.34414 -0.25908
dist/lin/ang/drive_left/drive_right/tv_l/tv_r/av_l/av_r/x/y/theta/t_err: -0.22346 -1.14024 0.63544 -1.29801 -1.21133 -0.39919 -0.30681 -0.39919 -0.30681 5.85835 6.56333 224.60750 0.06354
target: -1.14024 0.08312
target: -1.14024 0.08312
fb: -1.26835 0.04097 -0.27117 -0.17044
fb: -1.19288 0.04578 -0.30890 -0.20817
dist/lin/ang/drive_left/drive_right/tv_l/tv_r/av_l/av_r/x/y/theta/t_err: -0.19965 -1.07673 0.64160 -1.23866 -1.14711 -0.37403 -0.27894 -0.37403 -0.27894 5.19161 5.90174 224.98665 0.06416
target: -1.07673 0.08393
target: -1.07673 0.08393
fb: -1.12867 0.05156 -0.28132 -0.16736
fb: -1.16354 0.05309 -0.26389 -0.14993
dist/lin/ang/drive_left/drive_right/tv_l/tv_r/av_l/av_r/x/y/theta/t_err: -0.17643 -1.12016 0.64220 -1.21663 -1.11044 -0.34497 -0.25839 -0.34497 -0.25839 4.54607 5.25164 225.43942 0.06422
target: -1.12016 0.08401
target: -1.12016 0.08401
fb: -1.02607 0.05414 -0.79674 -0.68925
fb: -1.00665 0.05323 -0.80645 -0.69896
dist/lin/ang/drive_left/drive_right/tv_l/tv_r/av_l/av_r/x/y/theta/t_err: -0.15602 -1.05338 0.56017 -1.05988 -0.95342 -0.32425 -0.22381 -0.32425 -0.22381 3.99226 4.68456 225.90943 0.05602
target: -1.05338 0.07328
target: -1.05338 0.07328
fb: -0.99098 0.05288 -0.25677 -0.26089
fb: -0.92302 0.05302 -0.29075 -0.29487
dist/lin/ang/drive_left/drive_right/tv_l/tv_r/av_l/av_r/x/y/theta/t_err: -0.13763 -0.98936 0.48024 -0.97604 -0.86999 -0.50339 -0.49828 -0.50339 -0.49828 3.48864 4.16056 226.36744 0.04802
target: -0.98936 0.06282
target: -0.98936 0.06282
fb: -0.96185 0.05038 -0.21833 -0.23395
fb: -0.96781 0.04543 -0.21535 -0.23097
dist/lin/ang/drive_left/drive_right/tv_l/tv_r/av_l/av_r/x/y/theta/t_err: -0.11834 -0.91740 0.40569 -1.01324 -0.92238 -0.35111 -0.35728 -0.35111 -0.35728 2.96484 3.60706 226.79453 0.04057
target: -0.91740 0.05307
target: -0.91740 0.05307
fb: -0.97553 0.04111 -0.11076 -0.13303
fb: -1.00841 0.03623 -0.09432 -0.11659
dist/lin/ang/drive_left/drive_right/tv_l/tv_r/av_l/av_r/x/y/theta/t_err: -0.09822 -0.83577 0.34453 -1.04464 -0.97218 -0.21764 -0.23664 -0.21764 -0.23664 2.42303 3.02662 227.14499 0.03445
target: -0.83577 0.04507
target: -0.83577 0.04507
fb: -0.90956 0.02536 0.08480 0.07741
fb: -0.86697 0.01582 0.06351 -0.07172
dist/lin/ang/drive_left/drive_right/tv_l/tv_r/av_l/av_r/x/y/theta/t_err: -0.08090 -0.75853 0.30888 -0.88279 -0.85115 -0.07428 -0.10008 -0.07428 -0.10008 1.95973 2.52524 227.34921 0.03089
target: -0.75853 0.04041
target: -0.75853 0.04041
fb: -0.74671 0.01470 -0.07378 -0.06710
fb: -0.69243 0.01561 -0.10092 -0.09424
dist/lin/ang/drive_left/drive_right/tv_l/tv_r/av_l/av_r/x/y/theta/t_err: -0.06707 -0.69064 0.28572 -0.70804 -0.67682 0.00769 -0.07222 0.00769 -0.07222 1.59082 2.12379 227.48194 0.02857
target: -0.69064 0.03737
target: -0.69064 0.03737
fb: -0.73502 0.01533 -0.06050 0.08469
fb: -0.61851 0.01184 -0.11876 -0.10139
dist/lin/ang/drive_left/drive_right/tv_l/tv_r/av_l/av_r/x/y/theta/t_err: -0.05471 -0.62379 0.26370 -0.63035 -0.60666 -0.10472 -0.06792 -0.10472 -0.06792 1.26208 1.76447 227.60807 0.02637
target: -0.62379 0.03450
target: -0.62379 0.03450
fb: -0.62071 0.00906 -0.05964 0.08311
fb: -0.63815 0.01219 0.06712 0.09182
dist/lin/ang/drive_left/drive_right/tv_l/tv_r/av_l/av_r/x/y/theta/t_err: -0.04196 -0.54628 0.24779 -0.65034 -0.62595 -0.10814 -0.04483 -0.10814 -0.04483 0.92358 1.39311 227.69923 0.02478
target: -0.54628 0.03241
target: -0.54628 0.03241
fb: -0.55077 0.01428 0.13449 0.16365
fb: -0.50619 0.01623 0.11220 0.14136
dist/lin/ang/drive_left/drive_right/tv_l/tv_r/av_l/av_r/x/y/theta/t_err: -0.03185 -0.47594 0.22494 -0.52243 -0.48996 0.03781 0.09189 0.03781 0.09189 0.65565 1.09803 227.83017 0.02249
target: -0.47594 0.02942
target: -0.47594 0.02942
fb: -0.49450 0.01512 -0.07144 -0.06381
fb: -0.43448 0.01463 -0.10145 -0.09382
dist/lin/ang/drive_left/drive_right/tv_l/tv_r/av_l/av_r/x/y/theta/t_err: -0.02318 -0.40599 0.20197 -0.44911 -0.41985 0.02736 0.05953 0.02736 0.05953 0.42626 0.84422 227.96177 0.02020
target: -0.40599 0.02642
target: -0.40599 0.02642
fb: -0.33562 0.01519 -0.08869 -0.08522
fb: -0.24030 0.01832 -0.13635 -0.13288
dist/lin/ang/drive_left/drive_right/tv_l/tv_r/av_l/av_r/x/y/theta/t_err: -0.01839 -0.36160 0.17779 -0.25862 -0.22197 -0.09961 -0.08778 -0.09961 -0.08778 0.29970 0.70356 228.10034 0.01778
target: -0.36160 0.02326
target: -0.36160 0.02326
fb: -0.20941 0.01958 -0.16148 -0.16369
fb: -0.22507 0.01860 -0.15365 -0.15585
dist/lin/ang/drive_left/drive_right/tv_l/tv_r/av_l/av_r/x/y/theta/t_err: -0.01390 -0.31444 0.14872 -0.24368 -0.20647 -0.13672 -0.13550 -0.13672 -0.13550 0.18154 0.57148 228.26688 0.01487
target: -0.31444 0.01945
target: -0.31444 0.01945
fb: -0.21338 0.01540 -0.10749 -0.12053
fb: -0.22110 0.01289 -0.10363 -0.11667
dist/lin/ang/drive_left/drive_right/tv_l/tv_r/av_l/av_r/x/y/theta/t_err: -0.00949 -0.25985 0.12575 -0.23399 -0.20821 -0.13675 -0.14286 -0.13675 -0.14286 0.06581 0.44142 228.39849 0.01258
target: -0.25985 0.01645
target: -0.25985 0.01645
fb: -0.22684 0.01066 -0.04000 -0.04989
fb: -0.20941 0.00711 -0.04872 -0.05861
dist/lin/ang/drive_left/drive_right/tv_l/tv_r/av_l/av_r/x/y/theta/t_err: -0.00532 -0.00133 0.11101 -0.21651 -0.20230 -0.09444 -0.10078 -0.09444 -0.10078 -0.04357 0.31804 228.48292 0.01110
target: -0.00133 0.01452
target: -0.00133 0.01452
fb: -0.19771 0.00334 0.65271 0.65971
fb: -0.18624 0.00230 0.64697 0.65397
dist/lin/ang/drive_left/drive_right/tv_l/tv_r/av_l/av_r/x/y/theta/t_err: -0.00159 -0.00040 0.10593 -0.18854 -0.18394 0.06092 0.03267 0.06092 0.03267 -0.14074 0.20821 228.51204 0.01059
target: -0.00040 0.01386
target: -0.00040 0.01386
fb: -0.16108 0.00397 -0.04360 0.05192
fb: -0.13372 0.00571 -0.04360 0.05192
dist/lin/ang/drive_left/drive_right/tv_l/tv_r/av_l/av_r/x/y/theta/t_err: 0.00108 0.00027 0.09910 -0.13943 -0.12801 0.16375 0.29292 0.16375 0.29292 -0.21047 0.12932 228.55118 0.00991
target: 0.00027 0.01296
target: 0.00027 0.01296
fb: -0.08540 0.00418 -0.04225 0.05002
fb: -0.03884 0.01108 -0.04225 0.05002
increased kp to 5.10000
increased kp to 5.20000
increased kp to 5.30000
increased kp to 5.40000
increased kp to 5.50000
increased kp to 5.60000
increased kp to 5.70000
increased kp to 5.80000
start is 0.00000 0.00000
dist/lin/ang/drive_left/drive_right/tv_l/tv_r/av_l/av_r/x/y/theta/t_err: 0.86210 0.09144 1.20000 0.00000 0.00000 -0.00017 -0.00000 -0.00017 -0.00000 0.00000 0.00000 -0.00001 0.78540
target: 0.09144 0.15697
target: 0.09144 0.15697
fb: 0.00000 0.00000 -0.63386 1.00000
fb: 0.00000 0.00000 -0.63386 1.00000
dist/lin/ang/drive_left/drive_right/tv_l/tv_r/av_l/av_r/x/y/theta/t_err: 0.86210 0.18288 2.40000 0.00000 0.00000 -0.13022 0.03747 -0.13022 0.03747 0.00000 0.00000 -0.00001 0.78540
target: 0.18288 0.31394
target: 0.18288 0.31394
fb: 0.00000 0.00000 -0.77073 1.00000
fb: 0.00000 0.01045 -0.76550 1.00000
dist/lin/ang/drive_left/drive_right/tv_l/tv_r/av_l/av_r/x/y/theta/t_err: 0.86210 0.27432 3.60000 -0.01045 0.01045 -0.52292 0.50497 -0.52292 0.50497 0.00000 0.00000 0.00002 0.78540
target: 0.27432 0.47092
target: 0.27432 0.47092
fb: 0.00000 0.04773 -0.85097 1.00000
fb: 0.00000 0.09427 -0.82769 1.00000
dist/lin/ang/drive_left/drive_right/tv_l/tv_r/av_l/av_r/x/y/theta/t_err: 0.86210 0.36576 4.53556 -0.09427 0.09427 -0.46372 0.66525 -0.46372 0.66525 0.00000 0.00000 0.19505 0.78199
target: 0.36576 0.59330
target: 0.36576 0.59330
fb: 0.00000 0.13803 -0.71379 1.00000
fb: 0.00000 0.17830 -0.69366 1.00000
dist/lin/ang/drive_left/drive_right/tv_l/tv_r/av_l/av_r/x/y/theta/t_err: 0.86210 0.44680 4.44282 -0.17830 0.17830 -0.50253 0.75731 -0.50253 0.75731 0.00000 0.00000 1.11128 0.76600
target: 0.44680 0.58116
target: 0.44680 0.58116
fb: 0.00000 0.21795 0.07342 1.00000
fb: 0.00000 0.25662 0.09276 1.00000
dist/lin/ang/drive_left/drive_right/tv_l/tv_r/av_l/av_r/x/y/theta/t_err: 0.86210 0.47522 4.27655 -0.25662 0.25662 -0.30494 0.81139 -0.30494 0.81139 0.00000 0.00000 2.75376 0.73734
target: 0.47522 0.55942
target: 0.47522 0.55942
fb: 0.00000 0.29452 0.09991 0.92357
fb: 0.00596 0.31521 0.10728 0.91025
dist/lin/ang/drive_left/drive_right/tv_l/tv_r/av_l/av_r/x/y/theta/t_err: 0.86210 0.51746 4.04149 -0.30926 0.32117 0.07528 0.79839 0.07528 0.79839 0.00000 0.00000 5.07580 0.69681
target: 0.51746 0.52867
target: 0.51746 0.52867
fb: 0.06024 0.32824 0.35322 0.99063
fb: 0.13173 0.33026 0.31848 0.95388
dist/lin/ang/drive_left/drive_right/tv_l/tv_r/av_l/av_r/x/y/theta/t_err: 0.86116 0.57037 3.76528 -0.19853 0.46199 0.14578 0.52189 0.14578 0.52189 0.04708 0.00578 7.85370 0.64919
target: 0.57037 0.49254
target: 0.57037 0.49254
fb: 0.16858 0.31995 0.45222 0.96498
fb: 0.18822 0.29619 0.43052 0.96704
dist/lin/ang/drive_left/drive_right/tv_l/tv_r/av_l/av_r/x/y/theta/t_err: 0.85842 0.62688 3.48968 -0.10797 0.48441 0.28506 0.35897 0.28506 0.35897 0.17804 0.02734 10.70758 0.60167
target: 0.62688 0.45648
target: 0.62688 0.45648
fb: 0.20962 0.27271 0.51579 0.99218
fb: 0.23456 0.24888 0.49140 0.99163
dist/lin/ang/drive_left/drive_right/tv_l/tv_r/av_l/av_r/x/y/theta/t_err: 0.85491 0.67959 3.24834 -0.01432 0.48344 0.38517 0.51928 0.38517 0.51928 0.33946 0.06179 13.24519 0.56006
target: 0.67959 0.42492
target: 0.67959 0.42492
fb: 0.28112 0.23307 0.50981 0.99236
fb: 0.31024 0.22206 0.48974 0.98330
dist/lin/ang/drive_left/drive_right/tv_l/tv_r/av_l/av_r/x/y/theta/t_err: 0.85009 0.72503 3.05107 0.08819 0.53230 0.44558 0.55542 0.44558 0.55542 0.55383 0.11687 15.38868 0.52605
target: 0.72503 0.39911
target: 0.72503 0.39911
fb: 0.33738 0.20924 0.48634 0.98425
fb: 0.43447 0.19795 0.43215 0.94135
dist/lin/ang/drive_left/drive_right/tv_l/tv_r/av_l/av_r/x/y/theta/t_err: 0.84421 0.76619 2.88019 0.23653 0.63242 0.47567 0.30336 0.47567 0.30336 0.80866 0.19191 17.29965 0.49658
target: 0.76619 0.37676
target: 0.76619 0.37676
fb: 0.48302 0.17795 0.42884 0.93683
fb: 0.50244 0.15175 0.40603 0.94022
dist/lin/ang/drive_left/drive_right/tv_l/tv_r/av_l/av_r/x/y/theta/t_err: 0.83566 0.80096 2.74110 0.35068 0.65419 0.42061 0.53436 0.42061 0.53436 1.17007 0.31036 18.98053 0.47260
target: 0.80096 0.35856
target: 0.80096 0.35856
fb: 0.48677 0.13155 0.41246 0.96174
fb: 0.51193 0.12256 0.39539 0.95365
dist/lin/ang/drive_left/drive_right/tv_l/tv_r/av_l/av_r/x/y/theta/t_err: 0.82695 0.82657 2.64154 0.38937 0.63449 0.39217 0.57489 0.39217 0.57489 1.53110 0.43903 20.26448 0.45544
target: 0.82657 0.34554
target: 0.82657 0.34554
fb: 0.59136 0.12005 0.33309 0.90994
fb: 0.58960 0.11685 0.33237 0.91242
dist/lin/ang/drive_left/drive_right/tv_l/tv_r/av_l/av_r/x/y/theta/t_err: 0.81630 0.84556 2.56921 0.47275 0.70645 0.36597 0.49108 0.36597 0.49108 1.96637 0.60444 21.33704 0.44297
target: 0.84556 0.33608
target: 0.84556 0.33608
fb: 0.61299 0.10883 0.30253 0.90053
fb: 0.66705 0.10995 0.27605 0.87294
dist/lin/ang/drive_left/drive_right/tv_l/tv_r/av_l/av_r/x/y/theta/t_err: 0.80519 0.86264 2.50522 0.55710 0.77700 0.31692 0.52819 0.31692 0.52819 2.41434 0.78413 22.33591 0.43193
target: 0.86264 0.32771
target: 0.86264 0.32771
fb: 0.67102 0.11559 0.28966 0.87116
fb: 0.66727 0.12367 0.29558 0.86899
dist/lin/ang/drive_left/drive_right/tv_l/tv_r/av_l/av_r/x/y/theta/t_err: 0.79298 0.87830 2.44738 0.54360 0.79095 0.28025 0.52119 0.28025 0.52119 2.90138 0.98895 23.30598 0.42196
target: 0.87830 0.32014
target: 0.87830 0.32014
fb: 0.70986 0.13468 0.29364 0.84559
fb: 0.70390 0.14527 0.30192 0.84327
dist/lin/ang/drive_left/drive_right/tv_l/tv_r/av_l/av_r/x/y/theta/t_err: 0.77999 0.89751 2.37750 0.55863 0.84917 0.28250 0.53011 0.28250 0.53011 3.41255 1.21504 24.41416 0.40991
target: 0.89751 0.31100
target: 0.89751 0.31100
fb: 0.70787 0.14444 0.34898 0.85563
fb: 0.73126 0.14339 0.33676 0.84446
dist/lin/ang/drive_left/drive_right/tv_l/tv_r/av_l/av_r/x/y/theta/t_err: 0.76696 0.92152 2.29176 0.58787 0.87465 0.29156 0.71403 0.29156 0.71403 3.91747 1.45110 25.67168 0.39513
target: 0.92152 0.29979
target: 0.92152 0.29979
fb: 0.71559 0.15350 0.41317 0.86587
fb: 0.78334 0.16882 0.38697 0.82434
dist/lin/ang/drive_left/drive_right/tv_l/tv_r/av_l/av_r/x/y/theta/t_err: 0.75371 0.94696 2.20276 0.61451 0.95216 0.32733 0.66869 0.32733 0.66869 4.42257 1.70080 26.95851 0.37979
target: 0.94696 0.28814
target: 0.94696 0.28814
fb: 0.82813 0.18192 0.41558 0.80879
fb: 0.82813 0.19063 0.41994 0.80443
dist/lin/ang/drive_left/drive_right/tv_l/tv_r/av_l/av_r/x/y/theta/t_err: 0.73828 0.97770 2.09769 0.63749 1.01876 0.37644 0.65825 0.37644 0.65825 4.99999 2.00372 28.45794 0.36167
target: 0.97770 0.27440
target: 0.97770 0.27440
fb: 0.87469 0.19481 0.47348 0.80272
fb: 0.80496 0.19426 0.50806 0.83787
dist/lin/ang/drive_left/drive_right/tv_l/tv_r/av_l/av_r/x/y/theta/t_err: 0.72185 1.01436 1.97569 0.61070 0.99921 0.40775 0.73286 0.40775 0.73286 5.60058 2.34078 30.13518 0.34064
target: 1.01436 0.25844
target: 1.01436 0.25844
fb: 0.84357 0.19649 0.57556 0.84590
fb: 0.90558 0.20129 0.54696 0.81250
dist/lin/ang/drive_left/drive_right/tv_l/tv_r/av_l/av_r/x/y/theta/t_err: 0.70588 1.05417 1.84705 0.70428 1.10687 0.49658 0.71061 0.49658 0.71061 6.16961 2.68340 31.84275 0.31846
target: 1.05417 0.24161
target: 1.05417 0.24161
fb: 0.87071 0.20401 0.65703 0.83508
fb: 0.99296 0.20185 0.59591 0.77396
dist/lin/ang/drive_left/drive_right/tv_l/tv_r/av_l/av_r/x/y/theta/t_err: 0.68928 1.09730 1.71192 0.79111 1.19481 0.54772 0.68033 0.54772 0.68033 6.74628 3.05417 33.60933 0.29516
target: 1.09730 0.22394
target: 1.09730 0.22394
fb: 0.98722 0.19718 0.66703 0.81378
fb: 0.97553 0.19314 0.67287 0.81962
dist/lin/ang/drive_left/drive_right/tv_l/tv_r/av_l/av_r/x/y/theta/t_err: 0.67033 1.14028 1.58140 0.78238 1.16867 0.59647 0.69042 0.59647 0.69042 7.38727 3.49389 35.36584 0.27266
target: 1.14028 0.20686
target: 1.14028 0.20686
fb: 1.05695 0.18966 0.67939 0.80873
fb: 1.03378 0.18708 0.69097 0.82031
dist/lin/ang/drive_left/drive_right/tv_l/tv_r/av_l/av_r/x/y/theta/t_err: 0.64991 1.18167 1.45933 0.84670 1.22086 0.64217 0.74278 0.64217 0.74278 8.05875 3.98553 37.04708 0.25161
target: 1.18167 0.19089
target: 1.18167 0.19089
fb: 1.05894 0.18130 0.71551 0.83343
fb: 1.13837 0.17384 0.67579 0.79371
dist/lin/ang/drive_left/drive_right/tv_l/tv_r/av_l/av_r/x/y/theta/t_err: 0.62935 1.22274 1.34154 0.96453 1.31221 0.63669 0.71319 0.63669 0.71319 8.71688 4.49746 38.66358 0.23130
target: 1.22274 0.17549
target: 1.22274 0.17549
fb: 1.13440 0.16680 0.72169 0.82404
fb: 1.14235 0.16283 0.71772 0.82007
dist/lin/ang/drive_left/drive_right/tv_l/tv_r/av_l/av_r/x/y/theta/t_err: 0.60722 1.26056 1.23582 0.97951 1.30518 0.64903 0.72294 0.64903 0.72294 9.40696 5.06456 40.17138 0.21307
target: 1.26056 0.16166
target: 1.26056 0.16166
fb: 1.14235 0.15949 0.74137 0.83943
fb: 1.13242 0.15329 0.74633 0.84439
dist/lin/ang/drive_left/drive_right/tv_l/tv_r/av_l/av_r/x/y/theta/t_err: 0.58485 1.29683 1.13682 0.97913 1.28570 0.67778 0.76794 0.67778 0.76794 10.08710 5.65316 41.59579 0.19600
target: 1.29683 0.14871
target: 1.29683 0.14871
fb: 1.24893 0.14611 0.71961 0.80826
fb: 1.27430 0.13949 0.70692 0.79557
dist/lin/ang/drive_left/drive_right/tv_l/tv_r/av_l/av_r/x/y/theta/t_err: 0.56031 1.32924 1.05025 1.13481 1.41379 0.69522 0.74589 0.69522 0.74589 10.81460 6.31483 42.91815 0.18108
target: 1.32924 0.13738
target: 1.32924 0.13738
fb: 1.27232 0.13308 0.72223 0.81036
fb: 1.32660 0.13078 0.69509 0.78322
dist/lin/ang/drive_left/drive_right/tv_l/tv_r/av_l/av_r/x/y/theta/t_err: 0.53525 1.35798 0.97487 1.19582 1.45738 0.68667 0.75153 0.68667 0.75153 11.54079 7.00495 44.12424 0.16808
target: 1.35798 0.12752
target: 1.35798 0.12752
fb: 1.27210 0.12827 0.73394 0.82204
fb: 1.29725 0.12528 0.72136 0.80947
dist/lin/ang/drive_left/drive_right/tv_l/tv_r/av_l/av_r/x/y/theta/t_err: 0.51014 1.38488 0.90551 1.17197 1.42253 0.69250 0.75667 0.69250 0.75667 12.25297 7.70927 45.26001 0.15612
target: 1.38488 0.11845
target: 1.38488 0.11845
fb: 1.33234 0.12124 0.72343 0.80650
fb: 1.33829 0.11664 0.72045 0.80352
dist/lin/ang/drive_left/drive_right/tv_l/tv_r/av_l/av_r/x/y/theta/t_err: 0.48380 1.40974 0.84235 1.22166 1.45493 0.69831 0.76811 0.69831 0.76811 12.98438 8.46134 46.34533 0.14523
target: 1.40974 0.11019
target: 1.40974 0.11019
fb: 1.40229 0.11566 0.70488 0.78419
fb: 1.36146 0.11357 0.72529 0.80460
dist/lin/ang/drive_left/drive_right/tv_l/tv_r/av_l/av_r/x/y/theta/t_err: 0.45603 1.43218 0.78614 1.24789 1.47504 0.70392 0.76331 0.70392 0.76331 13.73929 9.26710 47.37885 0.13554
target: 1.43218 0.10283
target: 1.43218 0.10283
fb: 1.37316 0.11190 0.73099 0.80865
fb: 1.46804 0.11016 0.68355 0.76121
dist/lin/ang/drive_left/drive_right/tv_l/tv_r/av_l/av_r/x/y/theta/t_err: 0.42880 1.42796 0.73246 1.35788 1.57820 0.70494 0.75631 0.70494 0.75631 14.46431 10.06921 48.37247 0.12629
target: 1.42796 0.09581
target: 1.42796 0.09581
fb: 1.40207 0.10709 0.60930 0.68054
fb: 1.38088 0.10514 0.61989 0.69113
dist/lin/ang/drive_left/drive_right/tv_l/tv_r/av_l/av_r/x/y/theta/t_err: 0.40097 1.39978 0.68369 1.27574 1.48602 0.66697 0.73764 0.66697 0.73764 15.19096 10.90032 49.32673 0.11788
target: 1.39978 0.08943
target: 1.39978 0.08943
fb: 1.50688 0.10347 0.43677 0.50521
fb: 1.44090 0.10270 0.46976 0.53820
dist/lin/ang/drive_left/drive_right/tv_l/tv_r/av_l/av_r/x/y/theta/t_err: 0.37103 1.36180 0.64317 1.33820 1.54360 0.58214 0.66783 0.58214 0.66783 15.95692 11.80647 50.23684 0.11089
target: 1.36180 0.08413
target: 1.36180 0.08413
fb: 1.38485 0.10124 0.42267 0.49368
fb: 1.41200 0.09929 0.40910 0.48011
dist/lin/ang/drive_left/drive_right/tv_l/tv_r/av_l/av_r/x/y/theta/t_err: 0.34349 1.32561 0.60138 1.31271 1.51128 0.47244 0.54875 0.47244 0.54875 16.64770 12.65019 51.12442 0.10369
target: 1.32561 0.07867
target: 1.32561 0.07867
fb: 1.40979 0.09901 0.38878 0.45095
fb: 1.45833 0.10047 0.36451 0.42668
dist/lin/ang/drive_left/drive_right/tv_l/tv_r/av_l/av_r/x/y/theta/t_err: 0.31543 1.28366 0.56375 1.35786 1.55881 0.41767 0.49778 0.41767 0.49778 17.33780 13.51968 51.98736 0.09720
target: 1.28366 0.07374
target: 1.28366 0.07374
fb: 1.41001 0.09978 0.32831 0.38874
fb: 1.38463 0.09330 0.34100 0.40143
dist/lin/ang/drive_left/drive_right/tv_l/tv_r/av_l/av_r/x/y/theta/t_err: 0.28736 1.23779 0.52687 1.29134 1.47793 0.37967 0.47533 0.37967 0.47533 18.01501 14.39945 52.85579 0.09084
target: 1.23779 0.06892
target: 1.23779 0.06892
fb: 1.43715 0.09288 0.26002 0.31485
fb: 1.35771 0.09350 0.29974 0.35456
dist/lin/ang/drive_left/drive_right/tv_l/tv_r/av_l/av_r/x/y/theta/t_err: 0.25873 1.18386 0.49819 1.26421 1.45122 0.38142 0.47172 0.38142 0.47172 18.69179 15.30637 53.67091 0.08589
target: 1.18386 0.06517
target: 1.18386 0.06517
fb: 1.29350 0.09072 0.24822 0.30761
fb: 1.31491 0.08891 0.23752 0.29691
dist/lin/ang/drive_left/drive_right/tv_l/tv_r/av_l/av_r/x/y/theta/t_err: 0.23295 1.13278 0.46788 1.22600 1.40381 0.34547 0.43256 0.34547 0.43256 19.28933 16.13117 54.47121 0.08067
target: 1.13278 0.06120
target: 1.13278 0.06120
fb: 1.23547 0.09288 0.24568 0.29780
fb: 1.12867 0.09344 0.29908 0.35120
dist/lin/ang/drive_left/drive_right/tv_l/tv_r/av_l/av_r/x/y/theta/t_err: 0.20831 1.07969 0.43931 1.03524 1.22211 0.30044 0.38997 0.30044 0.38997 19.84940 16.92658 55.25632 0.07574
target: 1.07969 0.05747
target: 1.07969 0.05747
fb: 1.16353 0.09295 0.22671 0.27585
fb: 1.19862 0.09037 0.20917 0.25831
dist/lin/ang/drive_left/drive_right/tv_l/tv_r/av_l/av_r/x/y/theta/t_err: 0.18510 1.02675 0.40741 1.10825 1.28899 0.28183 0.37456 0.28183 0.37456 20.36604 17.68317 56.06434 0.07024
target: 1.02675 0.05329
target: 1.02675 0.05329
fb: 1.12492 0.08898 0.20318 0.24275
fb: 1.03357 0.09072 0.24886 0.28842
dist/lin/ang/drive_left/drive_right/tv_l/tv_r/av_l/av_r/x/y/theta/t_err: 0.16266 1.07555 0.37976 0.94285 1.12428 0.24725 0.33453 0.24725 0.33453 20.85561 18.42134 56.84082 0.06548
target: 1.07555 0.04968
target: 1.07555 0.04968
fb: 1.01613 0.09378 0.70892 0.74870
fb: 1.03754 0.09734 0.69822 0.73799
dist/lin/ang/drive_left/drive_right/tv_l/tv_r/av_l/av_r/x/y/theta/t_err: 0.14212 1.00535 0.29969 0.94020 1.13488 0.27378 0.33111 0.27378 0.33111 21.28856 19.09418 57.63187 0.05167
target: 1.00535 0.03920
target: 1.00535 0.03920
fb: 0.95236 0.09622 0.23874 0.20269
fb: 0.92522 0.09288 0.25231 0.21626
dist/lin/ang/drive_left/drive_right/tv_l/tv_r/av_l/av_r/x/y/theta/t_err: 0.12318 0.93598 0.21468 0.83234 1.01810 0.52206 0.55900 0.52206 0.55900 21.68554 19.73037 58.47166 0.03701
target: 0.93598 0.02808
target: 0.93598 0.02808
fb: 0.93846 0.08974 0.19614 0.13933
fb: 0.96582 0.09016 0.18246 0.12565
dist/lin/ang/drive_left/drive_right/tv_l/tv_r/av_l/av_r/x/y/theta/t_err: 0.10449 0.86206 0.13370 0.87566 1.05598 0.34564 0.33606 0.34564 0.33606 22.06758 20.36289 59.27161 0.02305
target: 0.86206 0.01749
target: 0.86206 0.01749
fb: 0.91353 0.08765 0.12781 -0.06635
fb: 0.91154 0.08326 0.12880 -0.06535
dist/lin/ang/drive_left/drive_right/tv_l/tv_r/av_l/av_r/x/y/theta/t_err: 0.08628 0.78334 0.05518 0.82828 0.99480 0.20500 0.14956 0.20500 0.14956 22.43117 20.98354 60.04730 0.00951
target: 0.78334 0.00722
target: 0.78334 0.00722
fb: 0.96980 0.06654 -0.10383 -0.19087
fb: 0.88815 0.03756 -0.06301 -0.15005
dist/lin/ang/drive_left/drive_right/tv_l/tv_r/av_l/av_r/x/y/theta/t_err: 0.06692 0.68990 -0.01327 0.85060 0.92571 0.11703 -0.03989 0.11703 -0.03989 22.80846 21.64744 60.72343 -0.00229
target: 0.68990 -0.00174
target: 0.68990 -0.00174
fb: 0.78334 0.01672 -0.15458 -0.24183
fb: 0.68073 0.00592 -0.10328 -0.19053
dist/lin/ang/drive_left/drive_right/tv_l/tv_r/av_l/av_r/x/y/theta/t_err: 0.05127 0.60384 -0.04166 0.67481 0.68666 -0.05183 -0.14531 -0.05183 -0.14531 23.10859 22.18630 61.00393 -0.00718
target: 0.60384 -0.00545
target: 0.60384 -0.00545
fb: 0.61101 0.00885 -0.13831 -0.18345
fb: 0.54304 0.01749 -0.10433 -0.14947
dist/lin/ang/drive_left/drive_right/tv_l/tv_r/av_l/av_r/x/y/theta/t_err: 0.03905 0.52700 -0.04713 0.52555 0.56053 -0.09958 -0.18464 -0.09958 -0.18464 23.34161 22.60721 61.05796 -0.00813
target: 0.52700 -0.00617
target: 0.52700 -0.00617
fb: 0.48876 0.02257 -0.12334 -0.14251
fb: 0.39564 0.02111 -0.07678 -0.09596
dist/lin/ang/drive_left/drive_right/tv_l/tv_r/av_l/av_r/x/y/theta/t_err: 0.02928 0.45635 -0.06278 0.37453 0.41675 -0.10061 -0.14767 -0.10061 -0.14767 23.52745 22.94422 61.21251 -0.01082
target: 0.45635 -0.00821
target: 0.45635 -0.00821
fb: 0.31422 0.02021 0.15235 0.12782
fb: 0.25795 0.01756 0.18049 0.15596
dist/lin/ang/drive_left/drive_right/tv_l/tv_r/av_l/av_r/x/y/theta/t_err: 0.02301 0.40449 -0.08054 0.24039 0.27551 -0.04978 -0.10317 -0.04978 -0.10317 23.64627 23.16123 61.38800 -0.01389
target: 0.40449 -0.01054
target: 0.40449 -0.01054
fb: 0.18425 0.01087 0.21261 0.18247
fb: 0.14343 0.00174 0.23302 0.20288
dist/lin/ang/drive_left/drive_right/tv_l/tv_r/av_l/av_r/x/y/theta/t_err: 0.01933 0.37073 -0.09340 0.14169 0.14517 0.15142 0.12028 0.15142 0.12028 23.71560 23.28867 61.51501 -0.01610
target: 0.37073 -0.01222
target: 0.37073 -0.01222
fb: 0.14917 -0.00111 0.23521 0.20860
fb: 0.15910 0.00000 0.23025 0.20363
dist/lin/ang/drive_left/drive_right/tv_l/tv_r/av_l/av_r/x/y/theta/t_err: 0.01634 0.34093 -0.09480 0.15910 0.15910 0.21083 0.18053 0.21083 0.18053 23.77160 23.39192 61.52884 -0.01634
target: 0.34093 -0.01240
target: 0.34093 -0.01240
fb: 0.17079 0.00188 0.19975 0.18638
fb: 0.18624 0.00432 0.19203 0.17866
dist/lin/ang/drive_left/drive_right/tv_l/tv_r/av_l/av_r/x/y/theta/t_err: 0.01293 0.30322 -0.09603 0.18192 0.19056 0.22503 0.19403 0.22503 0.19403 23.83570 23.51014 61.54098 -0.01656
target: 0.30322 -0.01256
target: 0.30322 -0.01256
fb: 0.20941 0.00634 0.13184 0.11846
fb: 0.25795 0.00404 0.10757 0.09418
dist/lin/ang/drive_left/drive_right/tv_l/tv_r/av_l/av_r/x/y/theta/t_err: 0.00874 0.24934 -0.10141 0.25391 0.26199 0.18325 0.17147 0.18325 0.17147 23.91421 23.65514 61.59415 -0.01748
target: 0.24934 -0.01327
target: 0.24934 -0.01327
fb: 0.28112 0.00620 -0.05836 -0.08737
fb: 0.26369 0.00697 -0.04964 -0.07865
dist/lin/ang/drive_left/drive_right/tv_l/tv_r/av_l/av_r/x/y/theta/t_err: 0.00312 0.00078 -0.10604 0.25672 0.27066 0.08231 0.09272 0.08231 0.09272 24.01943 23.84988 61.63983 -0.01828
target: 0.00078 -0.01387
target: 0.00078 -0.01387
fb: 0.21139 0.00362 -0.62914 -0.65807
fb: 0.14740 -0.00537 -0.52384 -0.55276
dist/lin/ang/drive_left/drive_right/tv_l/tv_r/av_l/av_r/x/y/theta/t_err: -0.00111 -0.00028 -0.11059 0.15277 0.14204 -0.08386 -0.09003 -0.08386 -0.09003 24.09843 23.99639 61.68485 -0.01907
target: -0.00028 -0.01447
target: -0.00028 -0.01447
fb: 0.10283 -0.00453 0.04918 -0.05851
fb: 0.06973 -0.01003 0.04918 -0.05851
dist/lin/ang/drive_left/drive_right/tv_l/tv_r/av_l/av_r/x/y/theta/t_err: -0.00316 -0.00079 -0.10588 0.07976 0.05970 -0.22944 -0.32783 -0.22944 -0.32783 24.13686 24.06766 61.63834 -0.01826
target: -0.00079 -0.01385
target: -0.00079 -0.01385
fb: 0.02714 -0.01826 0.04421 -0.05175
fb: 0.01567 -0.01874 0.04421 -0.05175
final error: 0.17055, x: -0.14701, y: -0.08646
final local error: 0.17055, forwards: -0.14610, sideways: 0.08799
position: 24.14701 24.08646 61.51795
took 1.24000 time to finish turn
dist/lin/ang/drive_left/drive_right/tv_l/tv_r/av_l/av_r/x/y/theta/t_err: -0.86936 -0.09144 -1.20000 -0.00084 0.00084 0.00000 0.00000 0.00000 0.00000 24.20775 24.19602 240.35897 -0.26831
target: -0.09144 -0.15697
target: -0.09144 -0.15697
fb: 0.00000 0.00077 0.63386 -1.00000
fb: 0.00000 0.00077 0.63386 -1.00000
dist/lin/ang/drive_left/drive_right/tv_l/tv_r/av_l/av_r/x/y/theta/t_err: -0.86936 -0.18288 -2.40000 -0.00077 0.00077 -0.00017 0.00017 -0.00017 0.00017 24.20775 24.19602 240.36235 -0.26837
target: -0.18288 -0.31394
target: -0.18288 -0.31394
fb: 0.00000 0.00000 0.77073 -1.00000
fb: 0.00000 -0.00314 0.76916 -1.00000
dist/lin/ang/drive_left/drive_right/tv_l/tv_r/av_l/av_r/x/y/theta/t_err: -0.86936 -0.27432 -2.68187 0.00314 -0.00314 0.42247 -0.41050 0.42247 -0.41050 24.20775 24.19602 240.35211 -0.26819
target: -0.27432 -0.35082
target: -0.27432 -0.35082
fb: 0.00000 -0.03128 0.17822 -1.00000
fb: 0.00000 -0.07769 0.15502 -1.00000
dist/lin/ang/drive_left/drive_right/tv_l/tv_r/av_l/av_r/x/y/theta/t_err: -0.86936 -0.36576 -2.61479 0.07769 -0.07769 0.43889 -0.71250 0.43889 -0.71250 24.20775 24.19602 239.96778 -0.26148
target: -0.36576 -0.34204
target: -0.36576 -0.34204
fb: 0.00000 -0.12514 -0.24198 -0.84314
fb: 0.00000 -0.16039 -0.25961 -0.82551
dist/lin/ang/drive_left/drive_right/tv_l/tv_r/av_l/av_r/x/y/theta/t_err: -0.86936 -0.45720 -2.41123 0.16039 -0.16039 0.12817 -0.76708 0.12817 -0.76708 24.20775 24.19602 238.80145 -0.24112
target: -0.45720 -0.31541
target: -0.45720 -0.31541
fb: 0.00000 -0.18994 -0.46543 -0.77880
fb: -0.00397 -0.21056 -0.47375 -0.76650
dist/lin/ang/drive_left/drive_right/tv_l/tv_r/av_l/av_r/x/y/theta/t_err: -0.86928 -0.54864 -2.11408 0.20659 -0.21453 -0.21131 -0.51164 -0.21131 -0.51164 24.20607 24.19338 237.09773 -0.21141
target: -0.54864 -0.27654
target: -0.54864 -0.27654
fb: -0.04259 -0.22854 -0.86890 -0.94296
fb: -0.11231 -0.23585 -0.83769 -0.90444
dist/lin/ang/drive_left/drive_right/tv_l/tv_r/av_l/av_r/x/y/theta/t_err: -0.86707 -0.64008 -1.76772 0.12354 -0.34817 -0.42278 -0.47828 -0.42278 -0.47828 24.15655 24.12011 235.08502 -0.17677
target: -0.64008 -0.23123
target: -0.64008 -0.23123
fb: -0.16483 -0.23320 -0.97439 -0.88189
fb: -0.21139 -0.21885 -0.95111 -0.85861
dist/lin/ang/drive_left/drive_right/tv_l/tv_r/av_l/av_r/x/y/theta/t_err: -0.86290 -0.73152 -1.42546 0.00746 -0.43024 -0.41342 -0.51606 -0.41342 -0.51606 24.05872 23.98546 233.07989 -0.14255
target: -0.73152 -0.18646
target: -0.73152 -0.18646
fb: -0.26192 -0.20283 -1.00000 -0.88913
fb: -0.29480 -0.18938 -1.00000 -0.87269
dist/lin/ang/drive_left/drive_right/tv_l/tv_r/av_l/av_r/x/y/theta/t_err: -0.85705 -0.82296 -1.12892 -0.10542 -0.48418 -0.40433 -0.47311 -0.40433 -0.47311 23.91637 23.80212 231.33107 -0.11289
target: -0.82296 -0.14767
target: -0.82296 -0.14767
fb: -0.33540 -0.17726 -1.00000 -0.93668
fb: -0.35107 -0.16855 -1.00000 -0.92885
dist/lin/ang/drive_left/drive_right/tv_l/tv_r/av_l/av_r/x/y/theta/t_err: -0.85006 -0.91440 -0.86767 -0.18252 -0.51961 -0.63258 -0.50000 -0.63258 -0.50000 23.74078 23.58863 229.78722 -0.08677
target: -0.91440 -0.11350
target: -0.91440 -0.11350
fb: -0.38615 -0.15956 -1.00000 -0.99255
fb: -0.45588 -0.15071 -1.00000 -0.95769
dist/lin/ang/drive_left/drive_right/tv_l/tv_r/av_l/av_r/x/y/theta/t_err: -0.84097 -1.00584 -0.63545 -0.30517 -0.60659 -0.78419 -0.50117 -0.78419 -0.50117 23.50563 23.31742 228.41058 -0.06355
target: -1.00584 -0.08312
target: -1.00584 -0.08312
fb: -0.47309 -0.13259 -1.00000 -1.00000
fb: -0.51193 -0.11211 -1.00000 -1.00000
dist/lin/ang/drive_left/drive_right/tv_l/tv_r/av_l/av_r/x/y/theta/t_err: -0.83075 -1.09728 -0.44705 -0.39982 -0.62404 -0.79567 -0.41133 -0.79567 -0.41133 23.23491 23.01877 227.29369 -0.04471
target: -1.09728 -0.05848
target: -1.09728 -0.05848
fb: -0.57989 -0.09643 -1.00000 -1.00000
fb: -0.56246 -0.08675 -1.00000 -1.00000
dist/lin/ang/drive_left/drive_right/tv_l/tv_r/av_l/av_r/x/y/theta/t_err: -0.81951 -1.18872 -0.30756 -0.47571 -0.64921 -0.83247 -0.67025 -0.83247 -0.67025 22.93220 22.69549 226.46498 -0.03076
target: -1.18872 -0.04023
target: -1.18872 -0.04023
fb: -0.61277 -0.07894 -1.00000 -1.00000
fb: -0.72531 -0.07762 -1.00000 -1.00000
dist/lin/ang/drive_left/drive_right/tv_l/tv_r/av_l/av_r/x/y/theta/t_err: -0.80501 -1.28016 -0.19054 -0.64769 -0.80292 -0.84903 -0.81328 -0.84903 -0.81328 22.53626 22.28392 225.76912 -0.01905
target: -1.28016 -0.02492
target: -1.28016 -0.02492
fb: -0.76414 -0.07650 -1.00000 -1.00000
fb: -0.83586 -0.07107 -1.00000 -1.00000
dist/lin/ang/drive_left/drive_right/tv_l/tv_r/av_l/av_r/x/y/theta/t_err: -0.78829 -1.37160 -0.07894 -0.76479 -0.90693 -0.85283 -0.84306 -0.85283 -0.84306 22.07435 21.81509 225.11382 -0.00789
target: -1.37160 -0.01033
target: -1.37160 -0.01033
fb: -0.83983 -0.06612 -1.00000 -1.00000
fb: -0.84557 -0.06271 -1.00000 -1.00000
dist/lin/ang/drive_left/drive_right/tv_l/tv_r/av_l/av_r/x/y/theta/t_err: -0.77138 -1.46304 0.02082 -0.78286 -0.90827 -0.85775 -0.85486 -0.85775 -0.85486 21.60203 21.34583 224.53892 0.00208
target: -1.46304 0.00272
target: -1.46304 0.00272
fb: -0.95038 -0.06069 -1.00000 -1.00000
fb: -0.97929 -0.06090 -1.00000 -1.00000
dist/lin/ang/drive_left/drive_right/tv_l/tv_r/av_l/av_r/x/y/theta/t_err: -0.75179 -1.55448 0.11645 -0.91839 -1.04018 -0.86819 -0.86494 -0.86819 -0.86494 21.04991 20.80756 224.00106 0.01164
target: -1.55448 0.01523
target: -1.55448 0.01523
fb: -0.99297 -0.06515 -1.00000 -1.00000
fb: -1.00268 -0.06870 -1.00000 -1.00000
dist/lin/ang/drive_left/drive_right/tv_l/tv_r/av_l/av_r/x/y/theta/t_err: -0.73174 -1.64592 0.22109 -0.93397 -1.07138 -0.86683 -0.85931 -0.86683 -0.85931 20.47931 20.26190 223.42748 0.02211
target: -1.64592 0.02892
target: -1.64592 0.02892
fb: -1.06843 -0.06152 -1.00000 -1.00000
fb: -1.16376 -0.05372 -1.00000 -1.00000
dist/lin/ang/drive_left/drive_right/tv_l/tv_r/av_l/av_r/x/y/theta/t_err: -0.70848 -1.69087 0.31940 -1.11004 -1.21748 -0.87058 -0.86853 -0.87058 -0.86853 19.81092 19.63506 222.91456 0.03194
target: -1.69087 0.04178
target: -1.69087 0.04178
fb: -1.12293 -0.04794 -1.00000 -1.00000
fb: -1.15008 -0.04243 -1.00000 -1.00000
dist/lin/ang/drive_left/drive_right/tv_l/tv_r/av_l/av_r/x/y/theta/t_err: -0.68549 -1.66889 0.40211 -1.10764 -1.19251 -0.88328 -0.88378 -0.88328 -0.88378 19.14541 19.02093 222.50923 0.04021
target: -1.66889 0.05260
target: -1.66889 0.05260
fb: -1.24319 -0.03985 -0.95371 -0.79207
fb: -1.23525 -0.04013 -0.95768 -0.79605
dist/lin/ang/drive_left/drive_right/tv_l/tv_r/av_l/av_r/x/y/theta/t_err: -0.66081 -1.64804 0.48144 -1.19512 -1.27538 -0.89406 -0.85092 -0.89406 -0.85092 18.42635 18.36597 222.14753 0.04814
target: -1.64804 0.06298
target: -1.64804 0.06298
fb: -1.23922 -0.04334 -0.94615 -0.77457
fb: -1.27629 -0.03888 -0.92761 -0.75604
dist/lin/ang/drive_left/drive_right/tv_l/tv_r/av_l/av_r/x/y/theta/t_err: -0.63532 -1.62625 0.56523 -1.23741 -1.31517 -0.81447 -0.69403 -0.81447 -0.69403 17.67909 17.69401 221.78563 0.05652
target: -1.62625 0.07394
target: -1.62625 0.07394
fb: -1.26636 -0.02655 -0.91894 -0.72740
fb: -1.35948 -0.01742 -0.87238 -0.68085
dist/lin/ang/drive_left/drive_right/tv_l/tv_r/av_l/av_r/x/y/theta/t_err: -0.60818 -1.61000 0.62831 -1.34206 -1.37690 -0.79942 -0.70378 -0.79942 -0.70378 16.87942 16.98239 221.57427 0.06283
target: -1.61000 0.08219
target: -1.61000 0.08219
fb: -1.39655 -0.01150 -0.85456 -0.67634
fb: -1.38464 -0.00543 -0.86052 -0.68230
dist/lin/ang/drive_left/drive_right/tv_l/tv_r/av_l/av_r/x/y/theta/t_err: -0.58054 -1.59817 0.67458 -1.37920 -1.39007 -0.70189 -0.67739 -0.70189 -0.67739 16.06314 16.25964 221.48324 0.06746
target: -1.59817 0.08824
target: -1.59817 0.08824
fb: -1.42149 -0.00265 -0.84314 -0.67659
fb: -1.36544 -0.00118 -0.87116 -0.70461
dist/lin/ang/drive_left/drive_right/tv_l/tv_r/av_l/av_r/x/y/theta/t_err: -0.55330 -1.58812 0.71412 -1.36426 -1.36662 -0.73303 -0.66867 -0.73303 -0.66867 15.25745 15.54773 221.44831 0.07141
target: -1.58812 0.09341
target: -1.58812 0.09341
fb: -1.37493 0.00397 -0.86388 -0.69832
fb: -1.35352 0.00578 -0.87458 -0.70902
dist/lin/ang/drive_left/drive_right/tv_l/tv_r/av_l/av_r/x/y/theta/t_err: -0.52630 -1.58011 0.74575 -1.35931 -1.34774 -0.72464 -0.68411 -0.72464 -0.68411 14.45872 14.84211 221.47681 0.07458
target: -1.58011 0.09755
target: -1.58011 0.09755
fb: -1.39457 0.01122 -0.85307 -0.69126
fb: -1.45856 0.01672 -0.82108 -0.65927
dist/lin/ang/drive_left/drive_right/tv_l/tv_r/av_l/av_r/x/y/theta/t_err: -0.49722 -1.57441 0.76833 -1.47528 -1.44184 -0.71814 -0.68769 -0.71814 -0.68769 13.59896 14.08067 221.59480 0.07683
target: -1.57441 0.10051
target: -1.57441 0.10051
fb: -1.44488 0.01909 -0.82863 -0.67351
fb: -1.46805 0.02069 -0.81704 -0.66193
dist/lin/ang/drive_left/drive_right/tv_l/tv_r/av_l/av_r/x/y/theta/t_err: -0.46794 -1.57015 0.78527 -1.48874 -1.44735 -0.78214 -0.65636 -0.78214 -0.65636 12.73561 13.31202 221.76842 0.07853
target: -1.57015 0.10272
target: -1.57015 0.10272
fb: -1.48548 0.02397 -0.80834 -0.65690
fb: -1.47776 0.03115 -0.81221 -0.66076
dist/lin/ang/drive_left/drive_right/tv_l/tv_r/av_l/av_r/x/y/theta/t_err: -0.43848 -1.55681 0.79602 -1.50890 -1.44661 -0.75083 -0.65450 -0.75083 -0.65450 11.86923 12.53527 222.00247 0.07960
target: -1.55681 0.10413
target: -1.55681 0.10413
fb: -1.49916 0.03560 -0.75030 -0.60425
fb: -1.40604 0.03721 -0.79686 -0.65081
dist/lin/ang/drive_left/drive_right/tv_l/tv_r/av_l/av_r/x/y/theta/t_err: -0.41045 -1.50683 0.79351 -1.44325 -1.36883 -0.75544 -0.64231 -0.75544 -0.64231 11.04842 11.79233 222.31893 0.07935
target: -1.50683 0.10380
target: -1.50683 0.10380
fb: -1.45834 0.04160 -0.57062 -0.44058
fb: -1.47400 0.04613 -0.56279 -0.43274
dist/lin/ang/drive_left/drive_right/tv_l/tv_r/av_l/av_r/x/y/theta/t_err: -0.38106 -1.45303 0.78856 -1.52013 -1.42788 -0.69881 -0.62011 -0.69881 -0.62011 10.19255 11.00839 222.68558 0.07886
target: -1.45303 0.10315
target: -1.45303 0.10315
fb: -1.49144 0.04815 -0.48794 -0.36160
fb: -1.59603 0.04543 -0.43565 -0.30930
increased kp to 5.90000
dist/lin/ang/drive_left/drive_right/tv_l/tv_r/av_l/av_r/x/y/theta/t_err: -0.34924 -1.39106 0.78850 -1.64146 -1.55060 -0.56792 -0.49175 -0.56792 -0.49175 9.27163 10.15327 223.08092 0.07885
target: -1.39106 0.10314
target: -1.39106 0.10314
fb: -1.36544 0.04243 -0.46462 -0.33249
fb: -1.47025 0.03923 -0.41222 -0.28008
dist/lin/ang/drive_left/drive_right/tv_l/tv_r/av_l/av_r/x/y/theta/t_err: -0.31993 -1.32980 0.79598 -1.50948 -1.43103 -0.48631 -0.38172 -0.48631 -0.38172 8.42878 9.35966 223.43497 0.07960
target: -1.32980 0.10412
target: -1.32980 0.10412
fb: -1.60000 0.04473 -0.29955 -0.15717
fb: -1.39810 0.05790 -0.40050 -0.25812
dist/lin/ang/drive_left/drive_right/tv_l/tv_r/av_l/av_r/x/y/theta/t_err: -0.29205 -1.27084 0.79456 -1.45600 -1.34020 -0.43100 -0.33503 -0.43100 -0.33503 7.63193 8.60010 223.86093 0.07946
target: -1.27084 0.10394
target: -1.27084 0.10394
fb: -1.37890 0.06180 -0.36020 -0.22850
fb: -1.42171 0.05964 -0.33879 -0.20710
dist/lin/ang/drive_left/drive_right/tv_l/tv_r/av_l/av_r/x/y/theta/t_err: -0.26371 -1.21011 0.78157 -1.48135 -1.36206 -0.45547 -0.30889 -0.45547 -0.30889 6.82839 7.82068 224.39707 0.07816
target: -1.21011 0.10224
target: -1.21011 0.10224
fb: -1.29152 0.06111 -0.33351 -0.21766
fb: -1.23922 0.06779 -0.35966 -0.24380
dist/lin/ang/drive_left/drive_right/tv_l/tv_r/av_l/av_r/x/y/theta/t_err: -0.23900 -1.15564 0.76193 -1.30702 -1.17143 -0.41939 -0.30714 -0.41939 -0.30714 6.13445 7.13470 224.94534 0.07619
target: -1.15564 0.09967
target: -1.15564 0.09967
fb: -1.21980 0.07469 -0.33919 -0.23457
fb: -1.14610 0.07386 -0.37604 -0.27142
dist/lin/ang/drive_left/drive_right/tv_l/tv_r/av_l/av_r/x/y/theta/t_err: -0.21614 -1.10583 0.72313 -1.21996 -1.07225 -0.39439 -0.29533 -0.39439 -0.29533 5.49933 6.49360 225.59602 0.07231
target: -1.10583 0.09459
target: -1.10583 0.09459
fb: -1.17545 0.06947 -0.31990 -0.24459
fb: -1.13662 0.06772 -0.33931 -0.26401
dist/lin/ang/drive_left/drive_right/tv_l/tv_r/av_l/av_r/x/y/theta/t_err: -0.19346 -1.05064 0.69667 -1.20434 -1.06889 -0.37694 -0.28489 -0.37694 -0.28489 4.87641 5.85099 226.19944 0.06967
target: -1.05064 0.09113
target: -1.05064 0.09113
fb: -1.06071 0.06919 -0.31049 -0.22526
fb: -1.06269 0.06905 -0.30949 -0.22427
dist/lin/ang/drive_left/drive_right/tv_l/tv_r/av_l/av_r/x/y/theta/t_err: -0.17226 -1.10684 0.67194 -1.13174 -0.99365 -0.34856 -0.27961 -0.34856 -0.27961 4.30040 5.24405 226.79650 0.06719
target: -1.10684 0.08790
target: -1.10684 0.08790
fb: -1.00466 0.06710 -0.83410 -0.75120
fb: -0.98127 0.06577 -0.84579 -0.76290
dist/lin/ang/drive_left/drive_right/tv_l/tv_r/av_l/av_r/x/y/theta/t_err: -0.15235 -1.04093 0.57035 -1.04705 -0.91550 -0.34992 -0.26881 -0.34992 -0.26881 3.77438 4.67810 227.37858 0.05703
target: -1.04093 0.07461
target: -1.04093 0.07461
fb: -0.93670 0.06738 -0.26543 -0.29078
fb: -0.90183 0.06717 -0.28286 -0.30821
dist/lin/ang/drive_left/drive_right/tv_l/tv_r/av_l/av_r/x/y/theta/t_err: -0.13441 -0.97772 0.46815 -0.96900 -0.83467 -0.60897 -0.56622 -0.60897 -0.56622 3.29628 4.15306 227.96415 0.04681
target: -0.97772 0.06124
target: -0.97772 0.06124
fb: -0.89014 0.06417 -0.23260 -0.27653
fb: -0.95038 0.05595 -0.20248 -0.24641
dist/lin/ang/drive_left/drive_right/tv_l/tv_r/av_l/av_r/x/y/theta/t_err: -0.11548 -0.90624 0.37460 -1.00633 -0.89443 -0.41186 -0.35489 -0.41186 -0.35489 2.79804 3.59471 228.50017 0.03746
target: -0.90624 0.04900
target: -0.90624 0.04900
fb: -1.00069 0.05038 -0.07605 -0.12615
fb: -0.93670 0.04787 -0.10805 -0.15814
dist/lin/ang/drive_left/drive_right/tv_l/tv_r/av_l/av_r/x/y/theta/t_err: -0.09679 -0.82970 0.29802 -0.98457 -0.88883 -0.22844 -0.23853 -0.22844 -0.23853 2.31149 3.04041 228.93892 0.02980
target: -0.82970 0.03898
target: -0.82970 0.03898
fb: -0.91154 0.04717 0.08409 -0.07742
increased kp to 6.00000
fb: -0.90581 0.04968 0.08122 -0.08029
dist/lin/ang/drive_left/drive_right/tv_l/tv_r/av_l/av_r/x/y/theta/t_err: -0.07872 -0.74825 0.22435 -0.95548 -0.85613 -0.10506 -0.15572 -0.10506 -0.15572 1.84499 2.50088 229.36104 0.02243
target: -0.74825 0.02935
target: -0.74825 0.02935
fb: -0.83409 0.05086 0.14395 0.10084
fb: -0.75245 0.05058 0.10313 -0.06781
dist/lin/ang/drive_left/drive_right/tv_l/tv_r/av_l/av_r/x/y/theta/t_err: -0.06372 -0.67317 0.14688 -0.80303 -0.70186 0.06072 -0.07203 0.06072 -0.07203 1.46088 2.04979 229.80490 0.01469
target: -0.67317 0.01921
target: -0.67317 0.01921
fb: -0.75443 0.04410 0.15608 0.09498
fb: -0.64763 0.03742 0.10268 -0.08625
dist/lin/ang/drive_left/drive_right/tv_l/tv_r/av_l/av_r/x/y/theta/t_err: -0.05080 -0.60106 0.08241 -0.68505 -0.61022 0.10267 -0.02431 0.10267 -0.02431 1.13298 1.65924 230.17425 0.00824
target: -0.60106 0.01078
target: -0.60106 0.01078
fb: -0.60306 0.03010 0.13220 0.07517
fb: -0.61476 0.02432 0.13805 0.08101
dist/lin/ang/drive_left/drive_right/tv_l/tv_r/av_l/av_r/x/y/theta/t_err: -0.03852 -0.52343 0.03888 -0.63907 -0.59044 0.10711 -0.03028 0.10711 -0.03028 0.82379 1.28680 230.42368 0.00389
target: -0.52343 0.00509
target: -0.52343 0.00509
fb: -0.54106 0.02055 0.18548 0.14552
fb: -0.49472 0.01791 0.16231 0.12235
dist/lin/ang/drive_left/drive_right/tv_l/tv_r/av_l/av_r/x/y/theta/t_err: -0.02864 -0.45134 0.00873 -0.51262 -0.47681 0.12594 0.07442 0.12594 0.07442 0.57607 0.98616 230.59645 0.00087
target: -0.45134 0.00114
target: -0.45134 0.00114
fb: -0.43448 0.01603 -0.05329 -0.09216
fb: -0.35879 0.01394 -0.09113 -0.13000
dist/lin/ang/drive_left/drive_right/tv_l/tv_r/av_l/av_r/x/y/theta/t_err: -0.02148 -0.39084 -0.01500 -0.37273 -0.34486 0.10439 0.06142 0.10439 0.06142 0.39700 0.76765 230.73236 -0.00150
target: -0.39084 -0.00196
target: -0.39084 -0.00196
fb: -0.28884 0.01010 -0.09834 -0.13379
fb: -0.21514 0.00056 -0.13519 -0.17064
dist/lin/ang/drive_left/drive_right/tv_l/tv_r/av_l/av_r/x/y/theta/t_err: -0.01718 -0.34955 -0.02626 -0.21570 -0.21459 -0.08436 -0.11139 -0.08436 -0.11139 0.28986 0.63643 230.79689 -0.00263
target: -0.34955 -0.00343
target: -0.34955 -0.00343
fb: -0.21338 -0.00425 -0.14495 -0.16770
fb: -0.22110 -0.00564 -0.14108 -0.16384
dist/lin/ang/drive_left/drive_right/tv_l/tv_r/av_l/av_r/x/y/theta/t_err: -0.01276 -0.30119 -0.01985 -0.21546 -0.22674 -0.13328 -0.15414 -0.13328 -0.15414 0.17979 0.50155 230.76017 -0.00198
target: -0.30119 -0.00260
target: -0.30119 -0.00260
fb: -0.18999 -0.00655 -0.11138 -0.11221
fb: -0.18050 -0.00725 -0.11612 -0.11695
dist/lin/ang/drive_left/drive_right/tv_l/tv_r/av_l/av_r/x/y/theta/t_err: -0.00914 -0.25497 -0.00968 -0.17325 -0.18775 -0.13689 -0.15178 -0.13689 -0.15178 0.08983 0.39152 230.70188 -0.00097
target: -0.25497 -0.00127
target: -0.25497 -0.00127
fb: -0.17079 -0.00885 -0.08815 -0.08276
fb: -0.15314 -0.01094 -0.09697 -0.09159
dist/lin/ang/drive_left/drive_right/tv_l/tv_r/av_l/av_r/x/y/theta/t_err: -0.00607 -0.00152 0.00477 -0.14220 -0.16408 -0.10850 -0.11342 -0.10850 -0.11342 0.01340 0.29826 230.61911 0.00048
target: -0.00152 0.00062
target: -0.00152 0.00062
fb: -0.15711 -0.00906 0.53644 0.55918
increased kp to 6.10000
fb: -0.14939 -0.00592 0.53644 0.55918
dist/lin/ang/drive_left/drive_right/tv_l/tv_r/av_l/av_r/x/y/theta/t_err: -0.00308 -0.00077 0.01711 -0.14346 -0.15531 -0.00392 -0.06381 -0.00392 -0.06381 -0.06129 0.20738 230.54841 0.00171
target: -0.00077 0.00224
target: -0.00077 0.00224
fb: -0.13968 -0.00383 -0.04657 0.05389
fb: -0.14541 -0.00195 -0.04657 0.05389
increased kp to 6.20000
increased kp to 6.30000
increased kp to 6.40000
increased kp to 6.50000
increased kp to 6.60000
increased kp to 6.70000
increased kp to 6.80000
increased kp to 6.90000
increased kp to 7.00000
increased kp to 7.10000
increased kp to 7.20000
increased kp to 7.30000
increased kp to 7.40000
increased kp to 7.50000
increased kp to 7.60000
increased kp to 7.70000
increased kp to 7.80000
increased kp to 7.90000
increased kp to 8.00000
start is 0.00000 0.00000
dist/lin/ang/drive_left/drive_right/tv_l/tv_r/av_l/av_r/x/y/theta/t_err: 0.86210 0.09144 1.20000 0.00000 0.00000 0.00000 0.00000 0.00000 0.00000 0.00000 0.00000 -0.00002 0.78540
target: 0.09144 0.15697
target: 0.09144 0.15697
fb: 0.00000 0.00000 -0.63386 1.00000
fb: 0.00000 0.00000 -0.63386 1.00000
dist/lin/ang/drive_left/drive_right/tv_l/tv_r/av_l/av_r/x/y/theta/t_err: 0.86210 0.18288 2.40000 0.00000 0.00000 -0.03953 0.02772 -0.03953 0.02772 0.00000 0.00000 -0.00004 0.78540
target: 0.18288 0.31394
target: 0.18288 0.31394
fb: 0.00000 0.00209 -0.76968 1.00000
fb: 0.00000 0.03407 -0.75369 1.00000
dist/lin/ang/drive_left/drive_right/tv_l/tv_r/av_l/av_r/x/y/theta/t_err: 0.86210 0.27432 3.60000 -0.03407 0.03407 -0.35506 0.48561 -0.35506 0.48561 0.00000 0.00000 0.00479 0.78531
target: 0.27432 0.47092
target: 0.27432 0.47092
fb: 0.00000 0.08055 -0.83456 1.00000
fb: 0.00000 0.12521 -0.81223 1.00000
dist/lin/ang/drive_left/drive_right/tv_l/tv_r/av_l/av_r/x/y/theta/t_err: 0.86210 0.36576 4.80000 -0.12521 0.12521 -0.45381 0.65553 -0.45381 0.65553 0.00000 0.00000 0.41126 0.77822
target: 0.36576 0.62789
target: 0.36576 0.62789
fb: 0.00000 0.16499 -0.89644 1.00000
fb: 0.00000 0.20150 -0.87818 1.00000
dist/lin/ang/drive_left/drive_right/tv_l/tv_r/av_l/av_r/x/y/theta/t_err: 0.86210 0.45496 6.00000 -0.20150 0.20150 -0.48339 0.69181 -0.48339 0.69181 0.00000 0.00000 1.58975 0.75765
target: 0.45496 0.78486
target: 0.45496 0.78486
fb: 0.00000 0.23822 -0.97037 1.00000
fb: 0.00000 0.27501 -0.95198 1.00000
dist/lin/ang/drive_left/drive_right/tv_l/tv_r/av_l/av_r/x/y/theta/t_err: 0.86210 0.48723 5.80452 -0.27501 0.27501 -0.45603 0.79256 -0.45603 0.79256 0.00000 0.00000 3.42821 0.72556
target: 0.48723 0.75929
target: 0.48723 0.75929
fb: 0.00000 0.31124 -0.16825 1.00000
fb: 0.00000 0.34615 -0.15080 1.00000
dist/lin/ang/drive_left/drive_right/tv_l/tv_r/av_l/av_r/x/y/theta/t_err: 0.86210 0.53325 5.45803 -0.34615 0.34615 -0.48575 0.82458 -0.48575 0.82458 0.00000 0.00000 5.90974 0.68225
target: 0.53325 0.71396
target: 0.53325 0.71396
fb: 0.01743 0.37890 0.27821 1.00000
fb: 0.04457 0.40753 0.27895 1.00000
dist/lin/ang/drive_left/drive_right/tv_l/tv_r/av_l/av_r/x/y/theta/t_err: 0.86183 0.59445 5.02835 -0.36296 0.45210 -0.11736 0.89283 -0.11736 0.89283 0.01359 0.00196 9.00098 0.62854
target: 0.59445 0.65776
target: 0.59445 0.65776
fb: 0.06995 0.42697 0.50718 1.00000
fb: 0.09709 0.44418 0.50222 1.00000
dist/lin/ang/drive_left/drive_right/tv_l/tv_r/av_l/av_r/x/y/theta/t_err: 0.86067 0.67092 4.53387 -0.34710 0.54127 0.25375 0.90242 0.25375 0.90242 0.06765 0.01244 12.59455 0.56673
target: 0.67092 0.59308
target: 0.67092 0.59308
fb: 0.15313 0.44634 0.71987 1.00000
fb: 0.20167 0.43749 0.69117 1.00000
dist/lin/ang/drive_left/drive_right/tv_l/tv_r/av_l/av_r/x/y/theta/t_err: 0.85802 0.75992 4.00793 -0.23582 0.63917 0.44453 0.89061 0.44453 0.89061 0.18421 0.04324 16.46434 0.50099
target: 0.75992 0.52428
target: 0.75992 0.52428
fb: 0.25220 0.42774 0.89121 1.00000
fb: 0.31421 0.42119 0.85694 1.00000
dist/lin/ang/drive_left/drive_right/tv_l/tv_r/av_l/av_r/x/y/theta/t_err: 0.85352 0.85136 3.49919 -0.10698 0.73540 0.39733 0.87250 0.39733 0.87250 0.37245 0.10641 20.25968 0.43740
target: 0.85136 0.45773
target: 0.85136 0.45773
fb: 0.35282 0.41520 0.99544 1.00000
fb: 0.37996 0.40865 0.97859 1.00000
dist/lin/ang/drive_left/drive_right/tv_l/tv_r/av_l/av_r/x/y/theta/t_err: 0.84704 0.94280 3.01343 -0.02869 0.78861 0.51058 0.86206 0.51058 0.86206 0.62971 0.21118 23.92637 0.37668
target: 0.94280 0.39419
target: 0.94280 0.39419
fb: 0.38790 0.39813 1.00000 1.00000
fb: 0.39960 0.38301 1.00000 1.00000
dist/lin/ang/drive_left/drive_right/tv_l/tv_r/av_l/av_r/x/y/theta/t_err: 0.83974 1.03424 2.54336 0.01659 0.78261 0.53678 0.87078 0.53678 0.87078 0.90485 0.34371 27.47221 0.31792
target: 1.03424 0.33270
target: 1.03424 0.33270
fb: 0.45388 0.37137 1.00000 1.00000
fb: 0.50220 0.36496 1.00000 1.00000
dist/lin/ang/drive_left/drive_right/tv_l/tv_r/av_l/av_r/x/y/theta/t_err: 0.83104 1.12568 2.10447 0.13724 0.86717 0.43189 0.89472 0.43189 0.89472 1.21669 0.51822 30.79281 0.26306
target: 1.12568 0.27529
target: 1.12568 0.27529
fb: 0.53530 0.36468 1.00000 1.00000
fb: 0.62643 0.36134 1.00000 1.00000
dist/lin/ang/drive_left/drive_right/tv_l/tv_r/av_l/av_r/x/y/theta/t_err: 0.82063 1.21712 1.68264 0.26509 0.98777 0.67058 0.85231 0.67058 0.85231 1.57239 0.74429 33.98749 0.21033
target: 1.21712 0.22011
target: 1.21712 0.22011
fb: 0.69042 0.35709 1.00000 1.00000
fb: 0.71955 0.35298 1.00000 1.00000
dist/lin/ang/drive_left/drive_right/tv_l/tv_r/av_l/av_r/x/y/theta/t_err: 0.80706 1.30856 1.26779 0.36657 1.07253 0.78794 0.85317 0.78794 0.85317 2.01454 1.06050 37.13671 0.15847
target: 1.30856 0.16584
target: 1.30856 0.16584
fb: 0.77184 0.34483 1.00000 1.00000
fb: 0.80869 0.32894 1.00000 1.00000
dist/lin/ang/drive_left/drive_right/tv_l/tv_r/av_l/av_r/x/y/theta/t_err: 0.79176 1.40000 0.86010 0.47975 1.13763 0.84269 0.86375 0.84269 0.86375 2.48877 1.44050 40.20258 0.10751
target: 1.40000 0.11251
target: 1.40000 0.11251
fb: 0.85702 0.31312 1.00000 1.00000
fb: 0.85724 0.29619 1.00000 1.00000
dist/lin/ang/drive_left/drive_right/tv_l/tv_r/av_l/av_r/x/y/theta/t_err: 0.77468 1.49144 0.47773 0.56105 1.15343 0.85931 0.86667 0.85931 0.86667 2.99278 1.88914 43.04473 0.05972
target: 1.49144 0.06249
target: 1.49144 0.06249
fb: 0.91351 0.28476 1.00000 1.00000
fb: 0.93469 0.27278 1.00000 1.00000
dist/lin/ang/drive_left/drive_right/tv_l/tv_r/av_l/av_r/x/y/theta/t_err: 0.75642 1.58288 0.12533 0.66191 1.20748 0.86564 0.86511 0.86564 0.86511 3.50657 2.39248 45.61821 0.01567
target: 1.58288 0.01639
target: 1.58288 0.01639
fb: 0.94441 0.26400 1.00000 1.00000
fb: 1.04348 0.26219 1.00000 1.00000
dist/lin/ang/drive_left/drive_right/tv_l/tv_r/av_l/av_r/x/y/theta/t_err: 0.73753 1.67432 -0.20658 0.78129 1.30567 0.87950 0.87403 0.87950 0.87403 4.01498 2.93510 47.98642 -0.02582
target: 1.67432 -0.02702
target: 1.67432 -0.02702
fb: 1.12093 0.25815 1.00000 1.00000
fb: 1.12093 0.24825 1.00000 1.00000
dist/lin/ang/drive_left/drive_right/tv_l/tv_r/av_l/av_r/x/y/theta/t_err: 0.71514 1.59906 -0.53688 0.87268 1.36919 0.88686 0.88428 0.88686 0.88428 4.59211 3.60284 50.26878 -0.06711
target: 1.59906 -0.07023
target: 1.59906 -0.07023
fb: 1.15403 0.23279 1.00000 0.25077
fb: 1.22950 0.21892 0.98591 0.21997
dist/lin/ang/drive_left/drive_right/tv_l/tv_r/av_l/av_r/x/y/theta/t_err: 0.69215 1.49915 -0.85864 1.01058 1.44842 0.88908 0.84528 0.88908 0.84528 5.15901 4.31295 52.40754 -0.10733
target: 1.49915 -0.11232
target: 1.49915 -0.11232
fb: 1.16352 0.20826 0.86820 -0.10344
fb: 1.23149 0.19328 0.82673 -0.12993
dist/lin/ang/drive_left/drive_right/tv_l/tv_r/av_l/av_r/x/y/theta/t_err: 0.66906 1.41093 -1.15774 1.03821 1.42477 0.66817 0.39561 0.66817 0.39561 5.70589 5.04794 54.30372 -0.14472
target: 1.41093 -0.15144
target: 1.41093 -0.15144
fb: 1.26062 0.17753 0.80312 -0.20274
fb: 1.19663 0.14270 0.81769 -0.15333
dist/lin/ang/drive_left/drive_right/tv_l/tv_r/av_l/av_r/x/y/theta/t_err: 0.64418 1.33187 -1.43903 1.05393 1.33932 0.67158 -0.04125 0.67158 -0.04125 6.27348 5.86224 55.96327 -0.17988
target: 1.33187 -0.18824
target: 1.33187 -0.18824
fb: 1.22377 0.09176 0.77584 -0.20944
fb: 1.18295 0.04891 0.65625 0.07880
dist/lin/ang/drive_left/drive_right/tv_l/tv_r/av_l/av_r/x/y/theta/t_err: 0.62017 1.27354 -1.65535 1.13404 1.23187 0.68256 -0.13997 0.68256 -0.13997 6.80422 6.66648 57.08416 -0.20692
target: 1.27354 -0.21654
target: 1.27354 -0.21654
fb: 1.15008 0.01184 0.68322 0.14429
fb: 1.16376 -0.01979 0.67638 0.13745
dist/lin/ang/drive_left/drive_right/tv_l/tv_r/av_l/av_r/x/y/theta/t_err: 0.59770 1.24401 -1.76796 1.18355 1.14397 0.66833 0.01419 0.66833 0.01419 7.29343 7.42854 57.42946 -0.22100
target: 1.24401 -0.23127
target: 1.24401 -0.23127
fb: 1.13264 -0.04229 0.72900 0.29242
fb: 1.08410 -0.06166 0.75328 0.31669
dist/lin/ang/drive_left/drive_right/tv_l/tv_r/av_l/av_r/x/y/theta/t_err: 0.57561 1.23396 -1.80675 1.14576 1.02244 0.67158 0.15022 0.67158 0.15022 7.77456 8.17948 57.21594 -0.22584
target: 1.23396 -0.23634
target: 1.23396 -0.23634
fb: 1.15008 -0.08382 0.74905 0.39257
fb: 1.11322 -0.11371 0.76747 0.41099
dist/lin/ang/drive_left/drive_right/tv_l/tv_r/av_l/av_r/x/y/theta/t_err: 0.55319 1.23642 -1.79723 1.22694 0.99951 0.71386 0.29447 0.71386 0.29447 8.26865 8.93838 56.62579 -0.22465
target: 1.23642 -0.23510
target: 1.23642 -0.23510
fb: 1.12293 -0.14381 0.78560 0.48765
fb: 1.11896 -0.16262 0.78759 0.48964
dist/lin/ang/drive_left/drive_right/tv_l/tv_r/av_l/av_r/x/y/theta/t_err: 0.53127 1.25635 -1.72065 1.28158 0.95633 0.70394 0.40244 0.70394 0.40244 8.76184 9.67224 55.55957 -0.21508
target: 1.25635 -0.22508
target: 1.25635 -0.22508
fb: 1.04901 -0.17140 0.86440 0.65885
fb: 1.13462 -0.17600 0.82160 0.61604
dist/lin/ang/drive_left/drive_right/tv_l/tv_r/av_l/av_r/x/y/theta/t_err: 0.51074 1.29210 -1.58569 1.31062 0.95862 0.73147 0.48458 0.73147 0.48458 9.23762 10.34742 54.11999 -0.19821
target: 1.29210 -0.20742
target: 1.29210 -0.20742
fb: 1.07835 -0.17942 0.89938 0.78625
fb: 1.02981 -0.18213 0.92366 0.81052
dist/lin/ang/drive_left/drive_right/tv_l/tv_r/av_l/av_r/x/y/theta/t_err: 0.48955 1.33312 -1.43446 1.21194 0.84768 0.72361 0.62522 0.72361 0.62522 9.74414 11.02886 52.57203 -0.17931
target: 1.33312 -0.18764
target: 1.33312 -0.18764
fb: 1.09777 -0.18081 0.92533 0.85789
fb: 1.06269 -0.16959 0.94288 0.87543
dist/lin/ang/drive_left/drive_right/tv_l/tv_r/av_l/av_r/x/y/theta/t_err: 0.46791 1.37753 -1.27497 1.23228 0.89310 0.72586 0.63875 0.72586 0.63875 10.27909 11.70781 50.98759 -0.15937
target: 1.37753 -0.16678
target: 1.37753 -0.16678
fb: 1.13440 -0.15900 0.94214 0.91241
fb: 1.20038 -0.15238 0.90915 0.87943
dist/lin/ang/drive_left/drive_right/tv_l/tv_r/av_l/av_r/x/y/theta/t_err: 0.44548 1.41879 -1.13049 1.35276 1.04800 0.69281 0.63464 0.69281 0.63464 10.85086 12.39403 49.52943 -0.14131
target: 1.41879 -0.14788
target: 1.41879 -0.14788
fb: 1.20060 -0.14590 0.93021 0.90817
fb: 1.25886 -0.14095 0.90108 0.87905
dist/lin/ang/drive_left/drive_right/tv_l/tv_r/av_l/av_r/x/y/theta/t_err: 0.42168 1.41743 -1.00550 1.39981 1.11790 0.71439 0.65072 0.71439 0.65072 11.47300 13.10579 48.21350 -0.12569
target: 1.41743 -0.13153
target: 1.41743 -0.13153
fb: 1.20634 -0.13580 0.75618 0.73309
fb: 1.23149 -0.13197 0.74360 0.72052
dist/lin/ang/drive_left/drive_right/tv_l/tv_r/av_l/av_r/x/y/theta/t_err: 0.39772 1.40887 -0.89091 1.36346 1.09953 0.71967 0.65417 0.71967 0.65417 12.11343 13.80729 46.99370 -0.11136
target: 1.40887 -0.11654
target: 1.40887 -0.11654
fb: 1.32638 -0.12925 0.65558 0.64034
fb: 1.27607 -0.12437 0.68074 0.66550
dist/lin/ang/drive_left/drive_right/tv_l/tv_r/av_l/av_r/x/y/theta/t_err: 0.37134 1.38978 -0.78831 1.40044 1.15170 0.71986 0.66475 0.71986 0.66475 12.83356 14.56368 45.84566 -0.09854
target: 1.38978 -0.10312
target: 1.38978 -0.10312
fb: 1.26835 -0.12082 0.62319 0.61181
fb: 1.35749 -0.11545 0.57862 0.56724
dist/lin/ang/drive_left/drive_right/tv_l/tv_r/av_l/av_r/x/y/theta/t_err: 0.34608 1.36840 -0.69009 1.47294 1.24204 0.66511 0.62711 0.66511 0.62711 13.53620 15.27338 44.76987 -0.08626
target: 1.36840 -0.09027
target: 1.36840 -0.09027
fb: 1.29372 -0.11016 0.57585 0.57650
fb: 1.28975 -0.10633 0.57783 0.57849
dist/lin/ang/drive_left/drive_right/tv_l/tv_r/av_l/av_r/x/y/theta/t_err: 0.32029 1.33996 -0.60156 1.39608 1.18343 0.59067 0.56858 0.59067 0.56858 14.26547 15.98461 43.77633 -0.07519
target: 1.33996 -0.07869
target: 1.33996 -0.07869
fb: 1.32064 -0.10472 0.50617 0.51091
fb: 1.29946 -0.10396 0.51676 0.52150
dist/lin/ang/drive_left/drive_right/tv_l/tv_r/av_l/av_r/x/y/theta/t_err: 0.29394 1.30460 -0.52050 1.40342 1.19550 0.56414 0.54394 0.56414 0.54394 15.02204 16.69800 42.85014 -0.06506
target: 1.30460 -0.06809
target: 1.30460 -0.06809
fb: 1.33631 -0.10124 0.43571 0.44583
fb: 1.28578 -0.09887 0.46098 0.47110
dist/lin/ang/drive_left/drive_right/tv_l/tv_r/av_l/av_r/x/y/theta/t_err: 0.26726 1.26405 -0.44008 1.38465 1.18691 0.51111 0.49742 0.51111 0.49742 15.79913 17.40741 41.94731 -0.05501
target: 1.26405 -0.05757
target: 1.26405 -0.05757
fb: 1.27033 -0.09643 0.40439 0.42783
fb: 1.35352 -0.09685 0.36279 0.38623
dist/lin/ang/drive_left/drive_right/tv_l/tv_r/av_l/av_r/x/y/theta/t_err: 0.24189 1.22183 -0.35994 1.45037 1.25667 0.46167 0.45719 0.46167 0.45719 16.54821 18.07028 41.08868 -0.04499
target: 1.22183 -0.04708
target: 1.22183 -0.04708
fb: 1.33234 -0.09734 0.32133 0.35846
fb: 1.28401 -0.09155 0.34549 0.38262
dist/lin/ang/drive_left/drive_right/tv_l/tv_r/av_l/av_r/x/y/theta/t_err: 0.21526 1.17131 -0.27866 1.37557 1.19246 0.41561 0.40586 0.41561 0.40586 17.34388 18.75399 40.23912 -0.03483
target: 1.17131 -0.03645
target: 1.17131 -0.03645
fb: 1.30321 -0.07741 0.24893 0.30160
fb: 1.25290 -0.06236 0.27408 0.32675
dist/lin/ang/drive_left/drive_right/tv_l/tv_r/av_l/av_r/x/y/theta/t_err: 0.18921 1.11490 -0.20196 1.31526 1.19054 0.38192 0.37336 0.38192 0.37336 18.13182 19.41136 39.47016 -0.02524
target: 1.11490 -0.02642
target: 1.11490 -0.02642
fb: 1.20436 -0.05449 0.21934 0.28003
fb: 1.11499 -0.04891 0.26403 0.32471
dist/lin/ang/drive_left/drive_right/tv_l/tv_r/av_l/av_r/x/y/theta/t_err: 0.16513 1.08370 -0.15186 1.16390 1.06608 0.33075 0.34719 0.33075 0.34719 18.86679 20.01062 38.94097 -0.01898
target: 1.08370 -0.01986
target: 1.08370 -0.01986
fb: 1.14809 -0.04417 0.33116 0.36928
fb: 1.12867 -0.03574 0.34087 0.37899
dist/lin/ang/drive_left/drive_right/tv_l/tv_r/av_l/av_r/x/y/theta/t_err: 0.14216 1.00549 -0.09300 1.16442 1.09293 0.32014 0.34650 0.32014 0.34650 19.57220 20.57598 38.51940 -0.01162
target: 1.00549 -0.01216
target: 1.00549 -0.01216
fb: 1.04526 -0.03108 0.11302 0.17171
fb: 1.16574 -0.02822 -0.06527 0.11147
dist/lin/ang/drive_left/drive_right/tv_l/tv_r/av_l/av_r/x/y/theta/t_err: 0.12126 0.92866 -0.05035 1.19396 1.13752 0.30731 0.33264 0.30731 0.33264 20.21761 21.08670 38.21398 -0.00629
target: 0.92866 -0.00659
target: 0.92866 -0.00659
fb: 1.13264 -0.02801 -0.10744 -0.07022
fb: 1.00268 -0.02244 0.07559 0.12260
dist/lin/ang/drive_left/drive_right/tv_l/tv_r/av_l/av_r/x/y/theta/t_err: 0.09861 0.83745 -0.01567 1.02511 0.98024 0.05747 0.14067 0.05747 0.14067 20.91950 21.63692 37.96559 -0.00196
target: 0.83745 -0.00205
target: 0.83745 -0.00205
fb: 0.94067 -0.01456 -0.15035 -0.11649
fb: 0.89985 -0.00829 -0.12994 -0.09608
dist/lin/ang/drive_left/drive_right/tv_l/tv_r/av_l/av_r/x/y/theta/t_err: 0.07980 0.75335 0.00905 0.90814 0.89156 0.01044 0.06328 0.01044 0.06328 21.50421 22.09160 37.78856 0.00113
target: 0.75335 0.00118
target: 0.75335 0.00118
fb: 0.84557 -0.00327 -0.14729 -0.12090
fb: 0.81070 -0.00132 -0.12986 -0.10347
dist/lin/ang/drive_left/drive_right/tv_l/tv_r/av_l/av_r/x/y/theta/t_err: 0.06289 0.66878 0.01763 0.81203 0.80938 -0.10661 -0.07614 -0.10661 -0.07614 22.03063 22.49924 37.72711 0.00220
target: 0.66878 0.00231
target: 0.66878 0.00231
fb: 0.72332 0.00000 -0.15634 -0.14751
fb: 0.65337 -0.00111 -0.12137 -0.11254
dist/lin/ang/drive_left/drive_right/tv_l/tv_r/av_l/av_r/x/y/theta/t_err: 0.04842 0.58684 0.01861 0.65449 0.65226 -0.12339 -0.10250 -0.12339 -0.10250 22.48113 22.84770 37.72007 0.00233
target: 0.58684 0.00243
target: 0.58684 0.00243
fb: 0.62071 -0.00341 -0.16477 -0.16478
fb: 0.53333 -0.00871 -0.12108 -0.12109
dist/lin/ang/drive_left/drive_right/tv_l/tv_r/av_l/av_r/x/y/theta/t_err: 0.03601 0.50606 0.02089 0.54204 0.52462 -0.12472 -0.11722 -0.12472 -0.11722 22.86777 23.14668 37.70373 0.00261
target: 0.50606 0.00273
target: 0.50606 0.00273
fb: 0.47905 -0.01568 0.07503 0.08627
fb: 0.44816 -0.02118 0.09047 0.10171
dist/lin/ang/drive_left/drive_right/tv_l/tv_r/av_l/av_r/x/y/theta/t_err: 0.02643 0.43354 0.03380 0.46934 0.42698 -0.12628 -0.07086 -0.12628 -0.07086 23.16637 23.37717 37.61128 0.00422
target: 0.43354 0.00442
target: 0.43354 0.00442
fb: 0.36652 -0.02404 0.07736 0.10337
fb: 0.28311 -0.02076 0.11906 0.14508
dist/lin/ang/drive_left/drive_right/tv_l/tv_r/av_l/av_r/x/y/theta/t_err: 0.01910 0.36856 0.06019 0.30387 0.26234 0.07322 0.09669 0.07322 0.09669 23.39524 23.55297 37.42227 0.00752
target: 0.36856 0.00787
target: 0.36856 0.00787
fb: 0.23655 -0.01289 0.09061 0.13713
fb: 0.24052 -0.00836 0.08863 0.13514
dist/lin/ang/drive_left/drive_right/tv_l/tv_r/av_l/av_r/x/y/theta/t_err: 0.01437 0.31968 0.08272 0.24888 0.23216 0.10900 0.13433 0.10900 0.13433 23.54333 23.66593 37.26094 0.01034
target: 0.31968 0.01082
target: 0.31968 0.01082
fb: 0.25221 -0.00599 0.07277 0.11868
fb: 0.23257 -0.00390 0.08259 0.12850
dist/lin/ang/drive_left/drive_right/tv_l/tv_r/av_l/av_r/x/y/theta/t_err: 0.00933 0.25753 0.09240 0.23648 0.22867 0.09925 0.13344 0.09925 0.13344 23.70146 23.78607 37.19156 0.01155
target: 0.25753 0.01209
target: 0.25753 0.01209
fb: 0.25596 -0.00132 -0.08105 -0.05834
fb: 0.24648 -0.00132 -0.07631 -0.05360
dist/lin/ang/drive_left/drive_right/tv_l/tv_r/av_l/av_r/x/y/theta/t_err: 0.00421 0.00105 0.09661 0.24780 0.24515 0.06692 0.10556 0.06692 0.10556 23.86206 23.90784 37.16146 0.01208
target: 0.00105 0.01264
target: 0.00105 0.01264
fb: 0.21139 -0.00111 -0.66770 -0.65071
fb: 0.18425 0.00000 -0.65413 -0.63714
dist/lin/ang/drive_left/drive_right/tv_l/tv_r/av_l/av_r/x/y/theta/t_err: -0.00002 -0.00001 0.09794 0.18425 0.18425 -0.08472 -0.07667 -0.08472 -0.07667 23.99472 24.00838 37.15192 0.01224
target: -0.00001 0.01281
target: -0.00001 0.01281
fb: 0.13173 0.00606 -0.05051 0.05117
fb: 0.09488 0.00467 -0.05051 0.05117
dist/lin/ang/drive_left/drive_right/tv_l/tv_r/av_l/av_r/x/y/theta/t_err: -0.00266 -0.00066 0.09522 0.09022 0.09955 -0.32358 -0.32186 -0.32358 -0.32186 24.07739 24.07103 37.17143 0.01190
target: -0.00066 0.01246
target: -0.00066 0.01246
fb: 0.04457 0.00418 -0.04733 0.04910
fb: 0.01567 0.00996 -0.04733 0.04910
dist/lin/ang/drive_left/drive_right/tv_l/tv_r/av_l/av_r/x/y/theta/t_err: -0.00355 -0.00089 0.08914 0.00570 0.02563 -0.07497 0.03764 -0.07497 0.03764 24.10535 24.09224 37.21490 0.01114
target: -0.00089 0.01166
target: -0.00089 0.01166
fb: 0.01567 0.01658 -0.04404 0.04738
fb: 0.01545 0.01951 -0.04404 0.04738
final error: 0.15234, x: -0.11517, y: -0.09971
final local error: 0.15234, forwards: -0.15204, sideways: -0.00948
position: 24.11517 24.09971 37.31769
took 1.20000 time to finish turn
dist/lin/ang/drive_left/drive_right/tv_l/tv_r/av_l/av_r/x/y/theta/t_err: -0.86747 -0.09144 1.16548 0.00000 0.00000 -0.00017 0.00000 -0.00017 0.00000 24.16236 24.13611 218.29117 0.11655
target: -0.09144 0.15246
target: -0.09144 0.15246
fb: 0.00000 0.00000 -1.00000 0.61540
fb: 0.00000 0.00000 -1.00000 0.61540
dist/lin/ang/drive_left/drive_right/tv_l/tv_r/av_l/av_r/x/y/theta/t_err: -0.86747 -0.18288 1.16545 0.00000 0.00000 -0.10147 0.07153 -0.10147 0.07153 24.16236 24.13611 218.29130 0.11655
target: -0.18288 0.15245
target: -0.18288 0.15245
fb: 0.00000 0.00000 -0.48314 -0.28377
fb: 0.00000 0.00334 -0.48314 -0.28377
dist/lin/ang/drive_left/drive_right/tv_l/tv_r/av_l/av_r/x/y/theta/t_err: -0.86747 -0.27432 1.16417 -0.00334 0.00334 -0.41289 0.28286 -0.41289 0.28286 24.16236 24.13611 218.29868 0.11642
target: -0.27432 0.15228
target: -0.27432 0.15228
fb: 0.00000 0.03163 -0.56183 -0.36418
fb: 0.00000 0.06459 -0.56183 -0.36418
dist/lin/ang/drive_left/drive_right/tv_l/tv_r/av_l/av_r/x/y/theta/t_err: -0.86747 -0.36576 1.10274 -0.06459 0.06459 -0.40297 -0.15775 -0.40297 -0.15775 24.16236 24.13611 218.65064 0.11027
target: -0.36576 0.14425
target: -0.36576 0.14425
fb: 0.00000 0.08591 -0.60060 -0.48452
fb: 0.00000 0.10068 -0.60060 -0.48452
dist/lin/ang/drive_left/drive_right/tv_l/tv_r/av_l/av_r/x/y/theta/t_err: -0.86747 -0.45720 0.96713 -0.10068 0.10068 -0.49589 -0.35744 -0.49589 -0.35744 24.16236 24.13611 219.42763 0.09671
target: -0.45720 0.12651
target: -0.45720 0.12651
fb: 0.00000 0.09776 -0.62460 -0.61963
fb: -0.06995 0.08967 -0.58963 -0.58465
dist/lin/ang/drive_left/drive_right/tv_l/tv_r/av_l/av_r/x/y/theta/t_err: -0.86607 -0.54864 0.82268 -0.15962 0.01972 -0.51675 -0.42536 -0.51675 -0.42536 24.12021 24.10066 220.26318 0.08227
target: -0.54864 0.10761
target: -0.54864 0.10761
fb: -0.19219 0.08640 -0.81553 -0.84672
fb: -0.27737 0.08514 -0.77295 -0.80413
dist/lin/ang/drive_left/drive_right/tv_l/tv_r/av_l/av_r/x/y/theta/t_err: -0.86054 -0.64008 0.69595 -0.36251 -0.19222 -0.47089 -0.40467 -0.47089 -0.40467 23.95454 23.95834 221.01706 0.06959
target: -0.64008 0.09104
target: -0.64008 0.09104
fb: -0.32194 0.07845 -0.83328 -0.86589
fb: -0.33342 0.07441 -0.82754 -0.86016
dist/lin/ang/drive_left/drive_right/tv_l/tv_r/av_l/av_r/x/y/theta/t_err: -0.85389 -0.73152 0.58282 -0.40783 -0.25900 -0.42778 -0.41597 -0.42778 -0.41597 23.75750 23.78486 221.69368 0.05828
target: -0.73152 0.07624
target: -0.73152 0.07624
fb: -0.35085 0.06842 -0.90021 -0.93672
fb: -0.37622 0.06292 -0.88752 -0.92403
dist/lin/ang/drive_left/drive_right/tv_l/tv_r/av_l/av_r/x/y/theta/t_err: -0.84637 -0.82296 0.48524 -0.43914 -0.31331 -0.50786 -0.41528 -0.50786 -0.41528 23.53734 23.58665 222.27975 0.04852
target: -0.82296 0.06347
target: -0.82296 0.06347
fb: -0.43073 0.05818 -0.94417 -0.97954
fb: -0.49075 0.06013 -0.91416 -0.94953
dist/lin/ang/drive_left/drive_right/tv_l/tv_r/av_l/av_r/x/y/theta/t_err: -0.83657 -0.91440 0.40047 -0.55088 -0.43062 -0.47297 -0.46592 -0.47297 -0.46592 23.25264 23.32539 222.79495 0.04005
target: -0.91440 0.05239
target: -0.91440 0.05239
fb: -0.50222 0.06055 -0.99183 -1.00000
fb: -0.54304 0.05895 -0.97142 -1.00000
dist/lin/ang/drive_left/drive_right/tv_l/tv_r/av_l/av_r/x/y/theta/t_err: -0.82571 -1.00584 0.31311 -0.60199 -0.48410 -0.47706 -0.39800 -0.47706 -0.39800 22.94026 23.03339 223.32208 0.03131
target: -1.00584 0.04096
target: -1.00584 0.04096
fb: -0.58364 0.05205 -1.00000 -1.00000
fb: -0.56047 0.04118 -1.00000 -1.00000
dist/lin/ang/drive_left/drive_right/tv_l/tv_r/av_l/av_r/x/y/theta/t_err: -0.81451 -1.09728 0.24474 -0.60165 -0.51930 -0.58914 -0.44044 -0.58914 -0.44044 22.62035 22.72940 223.73552 0.02447
target: -1.09728 0.03201
target: -1.09728 0.03201
fb: -0.57614 0.04048 -1.00000 -1.00000
fb: -0.60306 0.03944 -1.00000 -1.00000
dist/lin/ang/drive_left/drive_right/tv_l/tv_r/av_l/av_r/x/y/theta/t_err: -0.80245 -1.18872 0.18805 -0.64250 -0.56363 -0.57461 -0.71181 -0.57461 -0.71181 22.27822 22.40010 224.07884 0.01881
target: -1.18872 0.02460
target: -1.18872 0.02460
fb: -0.70015 0.03679 -1.00000 -1.00000
fb: -0.80099 0.03825 -1.00000 -1.00000
dist/lin/ang/drive_left/drive_right/tv_l/tv_r/av_l/av_r/x/y/theta/t_err: -0.78643 -1.28016 0.13284 -0.83925 -0.76274 -0.77014 -0.81308 -0.77014 -0.81308 21.82641 21.96004 224.41372 0.01328
target: -1.28016 0.01738
target: -1.28016 0.01738
fb: -0.75819 0.03888 -1.00000 -1.00000
fb: -0.76613 0.03888 -1.00000 -1.00000
dist/lin/ang/drive_left/drive_right/tv_l/tv_r/av_l/av_r/x/y/theta/t_err: -0.77111 -1.37160 0.07544 -0.80501 -0.72725 -0.83981 -0.84850 -0.83981 -0.84850 21.39679 21.53656 224.75430 0.00754
target: -1.37160 0.00987
target: -1.37160 0.00987
fb: -0.86300 0.03609 -1.00000 -1.00000
fb: -0.87844 0.03818 -1.00000 -1.00000
dist/lin/ang/drive_left/drive_right/tv_l/tv_r/av_l/av_r/x/y/theta/t_err: -0.75354 -1.46304 0.02119 -0.91663 -0.84026 -0.86256 -0.86344 -0.86256 -0.86344 20.90693 21.04823 225.07155 0.00212
target: -1.46304 0.00277
target: -1.46304 0.00277
fb: -0.92324 0.03581 -1.00000 -1.00000
fb: -0.95810 0.03310 -1.00000 -1.00000
dist/lin/ang/drive_left/drive_right/tv_l/tv_r/av_l/av_r/x/y/theta/t_err: -0.73438 -1.55448 -0.03192 -0.99120 -0.92501 -0.85914 -0.85675 -0.85914 -0.85675 20.37553 20.51274 225.37517 -0.00319
target: -1.55448 -0.00418
target: -1.55448 -0.00418
fb: -0.96185 0.03128 -1.00000 -1.00000
fb: -1.06468 0.02815 -1.00000 -1.00000
dist/lin/ang/drive_left/drive_right/tv_l/tv_r/av_l/av_r/x/y/theta/t_err: -0.71309 -1.64592 -0.07901 -1.09283 -1.03653 -0.85864 -0.85606 -0.85864 -0.85606 19.78806 19.91468 225.63544 -0.00790
target: -1.64592 -0.01034
target: -1.64592 -0.01034
fb: -1.10550 0.02822 -1.00000 -1.00000
fb: -1.09204 0.02397 -1.00000 -1.00000
dist/lin/ang/drive_left/drive_right/tv_l/tv_r/av_l/av_r/x/y/theta/t_err: -0.69125 -1.73736 -0.12239 -1.11601 -1.06807 -0.86975 -0.86425 -0.86975 -0.86425 19.18808 19.29871 225.86595 -0.01224
target: -1.73736 -0.01601
target: -1.73736 -0.01601
fb: -1.16354 0.01839 -1.00000 -1.00000
fb: -1.15581 0.01414 -1.00000 -1.00000
dist/lin/ang/drive_left/drive_right/tv_l/tv_r/av_l/av_r/x/y/theta/t_err: -0.66813 -1.73560 -0.15376 -1.16996 -1.14167 -0.87658 -0.86958 -0.87658 -0.86958 18.55526 18.64465 226.01864 -0.01538
target: -1.73560 -0.02011
target: -1.73560 -0.02011
fb: -1.17920 0.01171 -1.00000 -1.00000
fb: -1.20634 0.01345 -0.99789 -1.00000
dist/lin/ang/drive_left/drive_right/tv_l/tv_r/av_l/av_r/x/y/theta/t_err: -0.64401 -1.72874 -0.17891 -1.21979 -1.19290 -0.87589 -0.87247 -0.87589 -0.87247 17.89626 17.96055 226.12783 -0.01789
target: -1.72874 -0.02340
target: -1.72874 -0.02340
fb: -1.24518 0.01575 -0.95329 -1.00000
fb: -1.36345 0.01428 -0.89416 -0.96140
dist/lin/ang/drive_left/drive_right/tv_l/tv_r/av_l/av_r/x/y/theta/t_err: -0.61674 -1.72056 -0.20906 -1.37774 -1.34917 -0.67911 -0.89969 -0.67911 -0.89969 17.15305 17.18581 226.25249 -0.02091
target: -1.72056 -0.02735
target: -1.72056 -0.02735
fb: -1.30719 0.00752 -0.90392 -0.98233
fb: -1.34977 -0.00502 -0.88263 -0.96104
dist/lin/ang/drive_left/drive_right/tv_l/tv_r/av_l/av_r/x/y/theta/t_err: -0.58975 -1.71662 -0.22361 -1.34476 -1.35479 -0.68853 -0.76161 -0.68853 -0.76161 16.41851 16.41768 226.27974 -0.02236
target: -1.71662 -0.02925
target: -1.71662 -0.02925
fb: -1.44863 -0.01470 -0.85452 -0.91710
fb: -1.39832 -0.01812 -0.87967 -0.94226
dist/lin/ang/drive_left/drive_right/tv_l/tv_r/av_l/av_r/x/y/theta/t_err: -0.56180 -1.72005 -0.21092 -1.38020 -1.41643 -0.75339 -0.72756 -0.75339 -0.72756 15.65671 15.62273 226.14623 -0.02109
target: -1.72005 -0.02759
target: -1.72005 -0.02759
fb: -1.43318 -0.01658 -0.91202 -0.94031
fb: -1.43517 -0.01366 -0.91102 -0.93932
dist/lin/ang/drive_left/drive_right/tv_l/tv_r/av_l/av_r/x/y/theta/t_err: -0.53310 -1.72371 -0.19743 -1.42151 -1.44882 -0.72792 -0.75869 -0.72792 -0.75869 14.87277 14.80882 226.00773 -0.01974
target: -1.72371 -0.02583
target: -1.72371 -0.02583
fb: -1.47003 -0.01129 -0.89947 -0.92446
fb: -1.52233 -0.01205 -0.87332 -0.89831
dist/lin/ang/drive_left/drive_right/tv_l/tv_r/av_l/av_r/x/y/theta/t_err: -0.50266 -1.72537 -0.19133 -1.51027 -1.53438 -0.75117 -0.75236 -0.75117 -0.75236 14.03946 13.94716 225.90728 -0.01913
target: -1.72537 -0.02503
target: -1.72537 -0.02503
fb: -1.37316 -0.00968 -0.93758 -0.97021
fb: -1.43715 -0.00530 -0.90559 -0.93821
dist/lin/ang/drive_left/drive_right/tv_l/tv_r/av_l/av_r/x/y/theta/t_err: -0.47392 -1.72556 -0.19061 -1.43186 -1.44245 -0.74656 -0.76861 -0.74656 -0.76861 13.25147 13.13499 225.83919 -0.01906
target: -1.72556 -0.02493
target: -1.72556 -0.02493
fb: -1.54373 -0.00746 -0.84353 -0.88236
fb: -1.45635 -0.00718 -0.88722 -0.92606
dist/lin/ang/drive_left/drive_right/tv_l/tv_r/av_l/av_r/x/y/theta/t_err: -0.44480 -1.72496 -0.19282 -1.44918 -1.46353 -0.77067 -0.72586 -0.77067 -0.72586 12.45218 12.31272 225.78213 -0.01928
target: -1.72496 -0.02522
target: -1.72496 -0.02522
fb: -1.50490 -0.00829 -0.85731 -0.89997
fb: -1.52431 -0.00864 -0.84760 -0.89026
dist/lin/ang/drive_left/drive_right/tv_l/tv_r/av_l/av_r/x/y/theta/t_err: -0.41432 -1.66554 -0.19218 -1.51568 -1.53295 -0.77325 -0.78642 -0.77325 -0.78642 11.61454 11.45309 225.70009 -0.01922
target: -1.66554 -0.02514
target: -1.66554 -0.02514
fb: -1.56116 -0.01122 -0.54147 -0.58062
fb: -1.63685 -0.01136 -0.50362 -0.54277
dist/lin/ang/drive_left/drive_right/tv_l/tv_r/av_l/av_r/x/y/theta/t_err: -0.38159 -1.59861 -0.19131 -1.62549 -1.64821 -0.75644 -0.81911 -0.75644 -0.81911 10.71364 10.53139 225.60465 -0.01913
target: -1.59861 -0.02503
target: -1.59861 -0.02503
fb: -1.53800 -0.01191 -0.46230 -0.50098
fb: -1.54572 -0.01651 -0.45843 -0.49712
dist/lin/ang/drive_left/drive_right/tv_l/tv_r/av_l/av_r/x/y/theta/t_err: -0.35068 -1.53385 -0.18570 -1.52921 -1.56223 -0.56381 -0.59411 -0.56381 -0.59411 9.86124 9.66263 225.48115 -0.01857
target: -1.53385 -0.02429
target: -1.53385 -0.02429
fb: -1.61170 -0.01826 -0.37841 -0.41048
fb: -1.54770 -0.01449 -0.41041 -0.44247
dist/lin/ang/drive_left/drive_right/tv_l/tv_r/av_l/av_r/x/y/theta/t_err: -0.31973 -1.46625 -0.17856 -1.53321 -1.56220 -0.47875 -0.51058 -0.47875 -0.51058 9.00573 8.79473 225.34390 -0.01786
target: -1.46625 -0.02336
target: -1.46625 -0.02336
fb: -1.51858 -0.01240 -0.35356 -0.38250
fb: -1.47003 -0.00906 -0.37783 -0.40678
dist/lin/ang/drive_left/drive_right/tv_l/tv_r/av_l/av_r/x/y/theta/t_err: -0.29033 -1.39683 -0.18036 -1.46097 -1.47909 -0.43531 -0.47483 -0.43531 -0.47483 8.19150 7.97202 225.25544 -0.01804
target: -1.39683 -0.02359
target: -1.39683 -0.02359
fb: -1.47974 -0.00934 -0.29701 -0.33675
fb: -1.51284 -0.01108 -0.28046 -0.32020
dist/lin/ang/drive_left/drive_right/tv_l/tv_r/av_l/av_r/x/y/theta/t_err: -0.26008 -1.32069 -0.18691 -1.50176 -1.52392 -0.45069 -0.47467 -0.45069 -0.47467 7.35243 7.12647 225.17683 -0.01869
target: -1.32069 -0.02445
target: -1.32069 -0.02445
fb: -1.37691 -0.01338 -0.24883 -0.29527
fb: -1.38265 -0.01394 -0.24597 -0.29240
dist/lin/ang/drive_left/drive_right/tv_l/tv_r/av_l/av_r/x/y/theta/t_err: -0.23243 -1.24841 -0.18747 -1.36872 -1.39659 -0.38294 -0.43703 -0.38294 -0.43703 6.58418 6.35507 225.05975 -0.01875
target: -1.24841 -0.02452
target: -1.24841 -0.02452
fb: -1.44488 -0.01568 -0.16792 -0.20733
fb: -1.32263 -0.01679 -0.22904 -0.26845
dist/lin/ang/drive_left/drive_right/tv_l/tv_r/av_l/av_r/x/y/theta/t_err: -0.20598 -1.17553 -0.18588 -1.30584 -1.33942 -0.32528 -0.39336 -0.32528 -0.39336 5.84770 5.61873 224.92102 -0.01859
target: -1.17553 -0.02432
target: -1.17553 -0.02432
fb: -1.25467 -0.01986 -0.19566 -0.23220
fb: -1.22973 -0.02202 -0.20813 -0.24467
dist/lin/ang/drive_left/drive_right/tv_l/tv_r/av_l/av_r/x/y/theta/t_err: -0.18139 -1.10420 -0.17973 -1.20772 -1.25175 -0.30183 -0.35214 -0.30183 -0.35214 5.16111 4.93595 224.75232 -0.01797
target: -1.10420 -0.02351
target: -1.10420 -0.02351
fb: -1.13264 -0.02306 -0.20111 -0.23115
fb: -1.13066 -0.02306 -0.20210 -0.23214
dist/lin/ang/drive_left/drive_right/tv_l/tv_r/av_l/av_r/x/y/theta/t_err: -0.15878 -1.06267 -0.16878 -1.10760 -1.15372 -0.28025 -0.31328 -0.28025 -0.31328 4.52779 4.31024 224.55702 -0.01688
target: -1.06267 -0.02208
target: -1.06267 -0.02208
fb: -1.09778 -0.02334 -0.30368 -0.32611
fb: -1.02982 -0.02320 -0.33766 -0.36009
dist/lin/ang/drive_left/drive_right/tv_l/tv_r/av_l/av_r/x/y/theta/t_err: -0.13817 -0.99131 -0.13345 -1.00662 -1.05302 -0.27583 -0.28814 -0.27583 -0.28814 3.94899 3.74234 224.35454 -0.01334
target: -0.99131 -0.01746
target: -0.99131 -0.01746
fb: -1.03555 -0.02048 -0.16791 -0.15538
fb: -0.97929 -0.01826 -0.19604 -0.18351
dist/lin/ang/drive_left/drive_right/tv_l/tv_r/av_l/av_r/x/y/theta/t_err: -0.11859 -0.91839 -0.10268 -0.96103 -0.99754 -0.27956 -0.31058 -0.27956 -0.31058 3.39680 3.20412 224.17828 -0.01027
target: -0.91839 -0.01343
target: -0.91839 -0.01343
fb: -0.96384 -0.01484 -0.13113 -0.11854
fb: -0.92324 -0.01400 -0.15143 -0.13884
dist/lin/ang/drive_left/drive_right/tv_l/tv_r/av_l/av_r/x/y/theta/t_err: -0.10013 -0.84388 -0.08039 -0.90923 -0.93724 -0.21014 -0.21969 -0.21014 -0.21969 2.87489 2.69808 224.05058 -0.00804
target: -0.84388 -0.01052
target: -0.84388 -0.01052
fb: -0.85925 -0.01178 -0.10618 -0.09960
fb: -0.87646 -0.00948 -0.09758 -0.09100
dist/lin/ang/drive_left/drive_right/tv_l/tv_r/av_l/av_r/x/y/theta/t_err: -0.08261 -0.76648 -0.06343 -0.86698 -0.88593 -0.16633 -0.16408 -0.16633 -0.16408 2.37846 2.21868 223.95339 -0.00634
target: -0.76648 -0.00830
target: -0.76648 -0.00830
fb: -0.80673 -0.00606 0.06937 0.08250
fb: -0.71758 -0.00244 -0.09325 -0.08990
dist/lin/ang/drive_left/drive_right/tv_l/tv_r/av_l/av_r/x/y/theta/t_err: -0.06825 -0.69673 -0.05634 -0.71515 -0.72002 -0.07325 -0.10114 -0.07325 -0.10114 1.97153 1.82668 223.91277 -0.00563
target: -0.69673 -0.00737
target: -0.69673 -0.00737
fb: -0.67301 -0.00105 -0.07741 -0.08439
fb: -0.58188 0.00077 -0.12298 -0.12996
dist/lin/ang/drive_left/drive_right/tv_l/tv_r/av_l/av_r/x/y/theta/t_err: -0.05662 -0.63456 -0.05595 -0.58265 -0.58111 -0.09533 -0.07803 -0.09533 -0.07803 1.64145 1.50892 223.91054 -0.00560
target: -0.63456 -0.00732
target: -0.63456 -0.00732
fb: -0.55275 0.00258 -0.10733 -0.12208
fb: -0.51590 0.00509 -0.12576 -0.14051
dist/lin/ang/drive_left/drive_right/tv_l/tv_r/av_l/av_r/x/y/theta/t_err: -0.04630 -0.57383 -0.06135 -0.52099 -0.51082 -0.12356 -0.12372 -0.12356 -0.12372 1.34886 1.22713 223.94145 -0.00613
target: -0.57383 -0.00802
target: -0.57383 -0.00802
fb: -0.49450 0.00516 -0.08301 -0.10547
fb: -0.51193 0.00314 -0.07430 -0.09675
dist/lin/ang/drive_left/drive_right/tv_l/tv_r/av_l/av_r/x/y/theta/t_err: -0.03606 -0.50641 -0.06912 -0.51507 -0.50879 -0.12336 -0.14253 -0.12336 -0.14253 1.05872 0.94730 223.98596 -0.00691
target: -0.50641 -0.00904
target: -0.50641 -0.00904
fb: -0.45588 0.00000 -0.10620 -0.13235
fb: -0.44617 -0.00188 -0.11105 -0.13721
dist/lin/ang/drive_left/drive_right/tv_l/tv_r/av_l/av_r/x/y/theta/t_err: -0.02714 -0.43930 -0.06937 -0.44429 -0.44805 -0.10419 -0.11822 -0.10419 -0.11822 0.80596 0.70330 223.98740 -0.00694
target: -0.43930 -0.00907
target: -0.43930 -0.00907
fb: -0.41683 -0.00432 -0.07236 -0.08971
fb: -0.33937 -0.00418 -0.11109 -0.12844
dist/lin/ang/drive_left/drive_right/tv_l/tv_r/av_l/av_r/x/y/theta/t_err: -0.02035 -0.38042 -0.06423 -0.33519 -0.34355 -0.11517 -0.13431 -0.11517 -0.13431 0.61365 0.51776 223.95799 -0.00642
target: -0.38042 -0.00840
target: -0.38042 -0.00840
fb: -0.32790 -0.00321 -0.08567 -0.09577
fb: -0.31797 -0.00321 -0.09063 -0.10074
dist/lin/ang/drive_left/drive_right/tv_l/tv_r/av_l/av_r/x/y/theta/t_err: -0.01399 -0.31543 -0.06002 -0.31477 -0.32118 -0.10986 -0.12011 -0.10986 -0.12011 0.43338 0.34401 223.93384 -0.00600
target: -0.31543 -0.00785
target: -0.31543 -0.00785
fb: -0.29855 -0.00460 0.04664 0.04597
fb: -0.28509 -0.00627 0.03991 -0.04859
dist/lin/ang/drive_left/drive_right/tv_l/tv_r/av_l/av_r/x/y/theta/t_err: -0.00829 -0.24280 -0.05285 -0.27882 -0.29136 -0.06914 -0.09308 -0.06914 -0.09308 0.27168 0.18831 223.89277 -0.00529
target: -0.24280 -0.00691
target: -0.24280 -0.00691
fb: -0.29480 -0.00864 0.12086 0.12493
fb: -0.29679 -0.01129 0.12186 0.12593
dist/lin/ang/drive_left/drive_right/tv_l/tv_r/av_l/av_r/x/y/theta/t_err: -0.00236 -0.00059 -0.03867 -0.28550 -0.30807 0.03764 -0.02258 0.03764 -0.02258 0.10317 0.02639 223.81149 -0.00387
target: -0.00059 -0.00506
target: -0.00059 -0.00506
fb: -0.23280 -0.01394 0.63437 0.64918
fb: -0.16483 -0.01881 0.51826 0.53308
dist/lin/ang/drive_left/drive_right/tv_l/tv_r/av_l/av_r/x/y/theta/t_err: 0.00094 0.00023 -0.01554 -0.14602 -0.18364 0.15844 0.14319 0.15844 0.14319 0.00943 -0.06337 223.67901 -0.00155
target: 0.00023 -0.00203
target: 0.00023 -0.00203
fb: -0.09886 -0.01916 -0.04954 0.05790
fb: -0.04855 -0.01742 -0.04954 0.05790
dist/lin/ang/drive_left/drive_right/tv_l/tv_r/av_l/av_r/x/y/theta/t_err: 0.00191 0.00048 0.01231 -0.03113 -0.06596 0.20789 0.23919 0.20789 0.23919 -0.01824 -0.08974 223.51945 0.00123
target: 0.00048 0.00161
target: 0.00048 0.00161
fb: -0.01169 -0.01798 -0.05583 0.06205
fb: 0.00000 -0.01526 -0.05583 0.06205
increased kd to 0.10000
increased kd to 0.20000
increased kd to 0.30000
increased kd to 0.40000
increased kd to 0.50000
increased kd to 0.60000
increased kd to 0.70000
increased kd to 0.80000
increased kd to 0.90000
start is 0.00000 0.00000
dist/lin/ang/drive_left/drive_right/tv_l/tv_r/av_l/av_r/x/y/theta/t_err: 0.86210 0.09144 1.20000 0.00000 0.00000 -0.00017 0.00017 -0.00017 0.00017 0.00000 0.00000 -0.00006 0.78540
target: 0.09144 0.15697
target: 0.09144 0.15697
fb: 0.00000 0.00000 -0.63386 1.00000
fb: 0.00000 0.00000 -0.63386 1.00000
dist/lin/ang/drive_left/drive_right/tv_l/tv_r/av_l/av_r/x/y/theta/t_err: 0.86210 0.18288 2.40000 0.00000 0.00000 -0.02892 0.07236 -0.02892 0.07236 0.00000 0.00000 -0.00019 0.78540
target: 0.18288 0.31394
target: 0.18288 0.31394
fb: 0.00000 0.00000 -0.77073 1.00000
fb: 0.00000 0.00000 -0.77073 1.00000
dist/lin/ang/drive_left/drive_right/tv_l/tv_r/av_l/av_r/x/y/theta/t_err: 0.86210 0.27432 3.60000 0.00000 0.00000 -0.43139 0.56278 -0.43139 0.56278 0.00000 0.00000 -0.00026 0.78540
target: 0.27432 0.47092
target: 0.27432 0.47092
fb: 0.00397 0.01491 -0.86936 1.00000
fb: 0.00397 0.06027 -0.84668 1.00000
dist/lin/ang/drive_left/drive_right/tv_l/tv_r/av_l/av_r/x/y/theta/t_err: 0.86205 0.36576 4.80000 -0.05630 0.06424 -0.66133 0.72789 -0.66133 0.72789 0.00313 0.00000 0.03700 0.78482
target: 0.36576 0.62789
target: 0.36576 0.62789
fb: 0.00000 0.11016 -0.92386 1.00000
fb: 0.00000 0.15161 -0.90313 1.00000
dist/lin/ang/drive_left/drive_right/tv_l/tv_r/av_l/av_r/x/y/theta/t_err: 0.86205 0.43958 6.00000 -0.15161 0.15161 -0.42847 0.76419 -0.42847 0.76419 0.00313 0.00000 0.68676 0.77348
target: 0.43958 0.78486
target: 0.43958 0.78486
fb: 0.01545 0.19001 -1.00000 1.00000
fb: 0.03861 0.23223 -1.00000 1.00000
dist/lin/ang/drive_left/drive_right/tv_l/tv_r/av_l/av_r/x/y/theta/t_err: 0.86182 0.46328 5.93933 -0.19361 0.27084 -0.38053 0.82939 -0.38053 0.82939 0.01528 0.00036 2.08982 0.74923
target: 0.46328 0.77692
target: 0.46328 0.77692
fb: 0.05031 0.26958 -0.35224 1.00000
fb: 0.05627 0.30929 -0.33537 1.00000
dist/lin/ang/drive_left/drive_right/tv_l/tv_r/av_l/av_r/x/y/theta/t_err: 0.86107 0.49997 5.62561 -0.25302 0.36556 -0.55525 0.84033 -0.55525 0.84033 0.05484 0.00253 4.19306 0.71331
target: 0.49997 0.73589
target: 0.49997 0.73589
fb: 0.06222 0.34601 -0.06510 1.00000
fb: 0.06598 0.38322 -0.04837 1.00000
dist/lin/ang/drive_left/drive_right/tv_l/tv_r/av_l/av_r/x/y/theta/t_err: 0.86011 0.55160 5.21858 -0.31724 0.44919 -0.29364 0.88719 -0.29364 0.88719 0.10360 0.00730 6.97290 0.66571
target: 0.55160 0.68264
target: 0.55160 0.68264
fb: 0.08341 0.41443 0.37447 1.00000
fb: 0.10856 0.43875 0.37405 1.00000
dist/lin/ang/drive_left/drive_right/tv_l/tv_r/av_l/av_r/x/y/theta/t_err: 0.85877 0.61989 4.72773 -0.33019 0.54731 -0.05356 0.90533 -0.05356 0.90533 0.16849 0.01737 10.38115 0.60737
target: 0.61989 0.61843
target: 0.61989 0.61843
fb: 0.14916 0.45714 0.61620 1.00000
fb: 0.17078 0.47303 0.61334 1.00000
dist/lin/ang/drive_left/drive_right/tv_l/tv_r/av_l/av_r/x/y/theta/t_err: 0.85626 0.70376 4.18649 -0.30225 0.64381 0.31692 0.88906 0.31692 0.88906 0.28313 0.04281 14.24807 0.54176
target: 0.70376 0.54763
target: 0.70376 0.54763
fb: 0.20564 0.47923 0.85026 1.00000
fb: 0.26765 0.47157 0.81543 0.99358
dist/lin/ang/drive_left/drive_right/tv_l/tv_r/av_l/av_r/x/y/theta/t_err: 0.85266 0.79520 3.61727 -0.20392 0.73921 0.51572 0.87656 0.51572 0.87656 0.43833 0.08890 18.38796 0.47183
target: 0.79520 0.47318
target: 0.79520 0.47318
fb: 0.30648 0.45533 1.00000 0.99233
fb: 0.33737 0.44209 0.98297 0.98351
dist/lin/ang/drive_left/drive_right/tv_l/tv_r/av_l/av_r/x/y/theta/t_err: 0.84710 0.88664 3.07676 -0.10472 0.77946 0.40500 0.54944 0.40500 0.54944 0.66431 0.17347 22.46348 0.40374
target: 0.88664 0.40247
target: 0.88664 0.40247
fb: 0.35480 0.43143 1.00000 0.99766
fb: 0.38592 0.42112 1.00000 0.98726
dist/lin/ang/drive_left/drive_right/tv_l/tv_r/av_l/av_r/x/y/theta/t_err: 0.84049 0.97808 2.57475 -0.03520 0.80704 0.48286 0.59392 0.48286 0.59392 0.91865 0.28896 26.30064 0.33982
target: 0.97808 0.33680
target: 0.97808 0.33680
fb: 0.42850 0.41178 1.00000 0.99984
fb: 0.44991 0.39402 1.00000 0.99802
dist/lin/ang/drive_left/drive_right/tv_l/tv_r/av_l/av_r/x/y/theta/t_err: 0.83233 1.06952 2.09572 0.05589 0.84392 0.51436 0.63961 0.51436 0.63961 1.21600 0.44831 29.96050 0.27906
target: 1.06952 0.27414
target: 1.06952 0.27414
fb: 0.47727 0.37465 1.00000 1.00000
fb: 0.50419 0.35193 1.00000 1.00000
dist/lin/ang/drive_left/drive_right/tv_l/tv_r/av_l/av_r/x/y/theta/t_err: 0.82308 1.16096 1.65301 0.15226 0.85612 0.67469 0.54381 0.67469 0.54381 1.53560 0.64593 33.36261 0.22253
target: 1.16096 0.21623
target: 1.16096 0.21623
fb: 0.59135 0.33472 1.00000 1.00000
fb: 0.65755 0.32016 1.00000 1.00000
dist/lin/ang/drive_left/drive_right/tv_l/tv_r/av_l/av_r/x/y/theta/t_err: 0.81148 1.25240 1.26428 0.33739 0.97771 0.79686 0.74364 0.79686 0.74364 1.91690 0.91311 36.40721 0.17219
target: 1.25240 0.16538
target: 1.25240 0.16538
fb: 0.62842 0.30692 1.00000 1.00000
fb: 0.68447 0.29529 1.00000 1.00000
dist/lin/ang/drive_left/drive_right/tv_l/tv_r/av_l/av_r/x/y/theta/t_err: 0.79905 1.34384 0.90539 0.38918 0.97976 0.84750 0.84392 0.84750 0.84392 2.30786 1.21637 39.17919 0.12613
target: 1.34384 0.11843
target: 1.34384 0.11843
fb: 0.76016 0.28344 1.00000 1.00000
fb: 0.77781 0.26958 1.00000 1.00000
dist/lin/ang/drive_left/drive_right/tv_l/tv_r/av_l/av_r/x/y/theta/t_err: 0.78393 1.43528 0.57170 0.50823 1.04738 0.85556 0.85536 0.85556 0.85536 2.76310 1.60491 41.73848 0.08346
target: 1.43528 0.07478
target: 1.43528 0.07478
fb: 0.84180 0.25446 1.00000 1.00000
fb: 0.88417 0.24247 1.00000 1.00000
dist/lin/ang/drive_left/drive_right/tv_l/tv_r/av_l/av_r/x/y/theta/t_err: 0.76713 1.52672 0.26596 0.64170 1.12664 0.85983 0.85572 0.85983 0.85572 3.24819 2.05657 44.06231 0.04427
target: 1.52672 0.03479
target: 1.52672 0.03479
fb: 0.86872 0.23251 1.00000 1.00000
fb: 0.91926 0.22345 1.00000 1.00000
dist/lin/ang/drive_left/drive_right/tv_l/tv_r/av_l/av_r/x/y/theta/t_err: 0.74976 1.61816 -0.01549 0.69580 1.14271 0.87114 0.86581 0.87114 0.86581 3.73080 2.54129 46.16265 0.00821
target: 1.61816 -0.00203
target: 1.61816 -0.00203
fb: 0.91550 0.21843 1.00000 1.00000
fb: 0.99119 0.21202 1.00000 1.00000
dist/lin/ang/drive_left/drive_right/tv_l/tv_r/av_l/av_r/x/y/theta/t_err: 0.73145 1.70687 -0.28469 0.77917 1.20321 0.86975 0.86719 0.86975 0.86719 4.22137 3.06945 48.10896 -0.02597
target: 1.70687 -0.03724
target: 1.70687 -0.03724
fb: 1.11498 0.20213 1.00000 1.00000
fb: 1.10924 0.19084 1.00000 1.00000
dist/lin/ang/drive_left/drive_right/tv_l/tv_r/av_l/av_r/x/y/theta/t_err: 0.70917 1.61913 -0.54920 0.91840 1.30009 0.87094 0.87008 0.87094 0.87008 4.79695 3.73234 49.94161 -0.05928
target: 1.61913 -0.07184
target: 1.61913 -0.07184
fb: 1.15779 0.18102 0.80791 0.40642
fb: 1.21207 0.17307 0.78077 0.37928
dist/lin/ang/drive_left/drive_right/tv_l/tv_r/av_l/av_r/x/y/theta/t_err: 0.68608 1.54006 -0.79528 1.03900 1.38515 0.77239 0.84100 0.77239 0.84100 5.37318 4.43876 51.59274 -0.09060
target: 1.54006 -0.10403
target: 1.54006 -0.10403
fb: 1.19663 0.16834 0.89808 0.20272
fb: 1.22951 0.15998 0.87746 0.19047
dist/lin/ang/drive_left/drive_right/tv_l/tv_r/av_l/av_r/x/y/theta/t_err: 0.66228 1.46717 -1.03301 1.06953 1.38948 0.72978 0.48475 0.72978 0.48475 5.94877 5.18471 53.10111 -0.12067
target: 1.46717 -0.13513
target: 1.46717 -0.13513
fb: 1.21207 0.14500 0.86846 0.13345
fb: 1.20634 0.12883 0.86324 0.14440
dist/lin/ang/drive_left/drive_right/tv_l/tv_r/av_l/av_r/x/y/theta/t_err: 0.63826 1.40012 -1.26013 1.07751 1.33517 0.73214 0.28214 0.73214 0.28214 6.51274 5.95462 54.46144 -0.14943
target: 1.40012 -0.16484
target: 1.40012 -0.16484
fb: 1.28975 0.11016 0.80301 -0.08208
fb: 1.18692 0.07643 0.71692 0.23467
dist/lin/ang/drive_left/drive_right/tv_l/tv_r/av_l/av_r/x/y/theta/t_err: 0.61281 1.34230 -1.45901 1.11049 1.26336 0.76144 0.19336 0.76144 0.19336 7.09481 6.78679 55.55224 -0.17514
target: 1.34230 -0.19085
target: 1.34230 -0.19085
fb: 1.22179 0.03365 0.68454 0.20061
fb: 1.22775 -0.00495 0.68156 0.19763
dist/lin/ang/drive_left/drive_right/tv_l/tv_r/av_l/av_r/x/y/theta/t_err: 0.58879 1.30422 -1.57983 1.23270 1.22280 0.70653 0.18633 0.70653 0.18633 7.63416 7.58343 56.12244 -0.19258
target: 1.30422 -0.20666
target: 1.30422 -0.20666
fb: 1.20634 -0.03491 0.70116 0.28793
fb: 1.28380 -0.06013 0.66244 0.24921
dist/lin/ang/drive_left/drive_right/tv_l/tv_r/av_l/av_r/x/y/theta/t_err: 0.56513 1.29071 -1.60500 1.34393 1.22367 0.67789 0.24317 0.67789 0.24317 8.16393 8.37185 56.01511 -0.19886
target: 1.29071 -0.20995
target: 1.29071 -0.20995
fb: 1.14434 -0.08354 0.76406 0.45902
fb: 1.18891 -0.10493 0.74177 0.43673
dist/lin/ang/drive_left/drive_right/tv_l/tv_r/av_l/av_r/x/y/theta/t_err: 0.54269 1.29498 -1.57044 1.29384 1.08398 0.66811 0.29806 0.66811 0.29806 8.67089 9.11675 55.43406 -0.19687
target: 1.29498 -0.20543
target: 1.29498 -0.20543
fb: 1.23922 -0.13064 0.75344 0.52478
fb: 1.11499 -0.15475 0.81556 0.58690
dist/lin/ang/drive_left/drive_right/tv_l/tv_r/av_l/av_r/x/y/theta/t_err: 0.51837 1.31259 -1.49132 1.26974 0.96024 0.71522 0.40244 0.71522 0.40244 9.23076 9.91591 54.45195 -0.18871
target: 1.31259 -0.19508
target: 1.31259 -0.19508
fb: 1.07240 -0.17287 0.87306 0.71074
fb: 1.15007 -0.18387 0.83423 0.67190
dist/lin/ang/drive_left/drive_right/tv_l/tv_r/av_l/av_r/x/y/theta/t_err: 0.49727 1.34914 -1.33898 1.33394 0.96619 0.74261 0.55800 0.74261 0.55800 9.72973 10.59710 53.06284 -0.17206
target: 1.34914 -0.17515
target: 1.34914 -0.17515
fb: 1.14808 -0.19300 0.88783 0.83845
fb: 1.15007 -0.19976 0.88684 0.83745
dist/lin/ang/drive_left/drive_right/tv_l/tv_r/av_l/av_r/x/y/theta/t_err: 0.47461 1.39574 -1.16417 1.34983 0.95031 0.73817 0.66956 0.73817 0.66956 10.28266 11.31225 51.43853 -0.15135
target: 1.39574 -0.15228
target: 1.39574 -0.15228
fb: 1.23546 -0.19530 0.89826 0.90601
fb: 1.19662 -0.18534 0.91767 0.92542
dist/lin/ang/drive_left/drive_right/tv_l/tv_r/av_l/av_r/x/y/theta/t_err: 0.45014 1.44821 -0.97857 1.38196 1.01129 0.81039 0.72428 0.81039 0.72428 10.90046 12.06366 49.71339 -0.12869
target: 1.44821 -0.12801
target: 1.44821 -0.12801
fb: 1.23723 -0.17565 0.94601 0.99903
fb: 1.30320 -0.16743 0.91302 0.96605
dist/lin/ang/drive_left/drive_right/tv_l/tv_r/av_l/av_r/x/y/theta/t_err: 0.42557 1.46667 -0.81145 1.47064 1.13577 0.77839 0.72758 0.77839 0.72758 11.54115 12.79750 48.11508 -0.10742
target: 1.46667 -0.10615
target: 1.46667 -0.10615
fb: 1.19089 -0.16025 0.84624 0.90681
fb: 1.24716 -0.15426 0.81810 0.87867
dist/lin/ang/drive_left/drive_right/tv_l/tv_r/av_l/av_r/x/y/theta/t_err: 0.40187 1.47082 -0.65878 1.40142 1.09290 0.74961 0.72156 0.74961 0.72156 12.17568 13.48789 46.67133 -0.08785
target: 1.47082 -0.08618
target: 1.47082 -0.08618
fb: 1.34579 -0.15266 0.71040 0.78073
fb: 1.31292 -0.15071 0.72684 0.79717
dist/lin/ang/drive_left/drive_right/tv_l/tv_r/av_l/av_r/x/y/theta/t_err: 0.37503 1.46252 -0.51776 1.46362 1.16221 0.72597 0.71744 0.72597 0.71744 12.91166 14.25027 45.32356 -0.06980
target: 1.46252 -0.06773
target: 1.46252 -0.06773
fb: 1.35572 -0.15015 0.64257 0.72390
fb: 1.32064 -0.14513 0.66012 0.74144
dist/lin/ang/drive_left/drive_right/tv_l/tv_r/av_l/av_r/x/y/theta/t_err: 0.34797 1.45062 -0.36986 1.46577 1.17550 0.69061 0.72003 0.69061 0.72003 13.67094 15.00061 44.00997 -0.05141
target: 1.45062 -0.04838
target: 1.45062 -0.04838
fb: 1.32064 -0.13803 0.61789 0.73323
fb: 1.39456 -0.12981 0.58093 0.69627
dist/lin/ang/drive_left/drive_right/tv_l/tv_r/av_l/av_r/x/y/theta/t_err: 0.32158 1.43596 -0.22183 1.52437 1.26476 0.64592 0.71047 0.64592 0.71047 14.42691 15.71462 42.76229 -0.03293
target: 1.43596 -0.02902
target: 1.43596 -0.02902
fb: 1.37713 -0.12200 0.55217 0.69360
fb: 1.38265 -0.11260 0.54942 0.69085
dist/lin/ang/drive_left/drive_right/tv_l/tv_r/av_l/av_r/x/y/theta/t_err: 0.29405 1.41094 -0.08672 1.49524 1.27005 0.59633 0.68428 0.59633 0.68428 15.23013 16.44307 41.65010 -0.01569
target: 1.41094 -0.01134
target: 1.41094 -0.01134
fb: 1.38265 -0.10403 0.48096 0.63084
fb: 1.38485 -0.09810 0.47986 0.62974
dist/lin/ang/drive_left/drive_right/tv_l/tv_r/av_l/av_r/x/y/theta/t_err: 0.26639 1.37558 0.03942 1.48296 1.28675 0.54514 0.67211 0.54514 0.67211 16.04971 17.15968 40.68520 0.00040
target: 1.37558 0.00516
target: 1.37558 0.00516
fb: 1.42744 -0.08786 0.37921 0.54061
fb: 1.38463 -0.07692 0.40061 0.56201
dist/lin/ang/drive_left/drive_right/tv_l/tv_r/av_l/av_r/x/y/theta/t_err: 0.23785 1.26837 0.16293 1.46156 1.30771 0.48114 0.60075 0.48114 0.60075 16.90748 17.88599 39.84672 0.01598
target: 1.26837 0.02131
target: 1.26837 0.02131
fb: 1.36720 -0.07037 -0.10302 0.19490
fb: 1.41575 -0.06682 -0.12729 0.17062
dist/lin/ang/drive_left/drive_right/tv_l/tv_r/av_l/av_r/x/y/theta/t_err: 0.21051 1.16645 0.27566 1.48257 1.34893 0.26386 0.53747 0.26386 0.53747 17.73812 18.57080 39.18416 0.03040
target: 1.16645 0.03606
target: 1.16645 0.03606
fb: 1.32462 -0.06306 -0.15700 0.14791
fb: 1.34205 -0.05219 -0.16571 0.13919
dist/lin/ang/drive_left/drive_right/tv_l/tv_r/av_l/av_r/x/y/theta/t_err: 0.18404 1.06488 0.39806 1.39424 1.28986 -0.06244 0.28250 -0.06244 0.28250 18.54976 19.22584 38.60942 0.04551
target: 1.06488 0.05207
target: 1.06488 0.05207
fb: 1.41972 -0.03602 -0.31206 -0.10224
fb: 1.31094 -0.02759 -0.25767 0.07998
dist/lin/ang/drive_left/drive_right/tv_l/tv_r/av_l/av_r/x/y/theta/t_err: 0.15568 1.05224 0.53008 1.33853 1.28335 -0.17131 0.13294 -0.17131 0.13294 19.42594 19.92010 38.19643 0.06170
target: 1.05224 0.06934
target: 1.05224 0.06934
fb: 1.25665 -0.02397 0.21452 0.46859
fb: 1.17722 -0.02216 0.25424 0.50831
dist/lin/ang/drive_left/drive_right/tv_l/tv_r/av_l/av_r/x/y/theta/t_err: 0.13021 0.96233 0.53568 1.19937 1.15506 -0.18033 0.13022 -0.18033 0.13022 20.20489 20.53029 37.96142 0.06581
target: 0.96233 0.07007
target: 0.96233 0.07007
fb: 1.13838 -0.02174 -0.16151 -0.06514
fb: 1.03953 -0.01798 -0.11208 0.11212
dist/lin/ang/drive_left/drive_right/tv_l/tv_r/av_l/av_r/x/y/theta/t_err: 0.10741 0.87401 0.56164 1.05750 1.02155 0.13931 0.33844 0.13931 0.33844 20.91258 21.08042 37.76472 0.06924
target: 0.87401 0.07347
target: 0.87401 0.07347
fb: 0.99694 -0.00878 -0.17909 0.07355
fb: 1.03754 0.00230 -0.19939 -0.07458
dist/lin/ang/drive_left/drive_right/tv_l/tv_r/av_l/av_r/x/y/theta/t_err: 0.08745 0.78862 0.57773 1.03524 1.03984 -0.08247 0.09650 -0.08247 0.09650 21.53379 21.56032 37.63160 0.07156
target: 0.78862 0.07557
target: 0.78862 0.07557
fb: 0.94442 0.00648 -0.21455 -0.09860
fb: 0.84755 0.00669 -0.16611 0.07767
dist/lin/ang/drive_left/drive_right/tv_l/tv_r/av_l/av_r/x/y/theta/t_err: 0.06856 0.69829 0.56817 0.84086 0.85424 -0.16872 -0.02222 -0.16872 -0.02222 22.12268 22.01442 37.65581 0.07114
target: 0.69829 0.07432
target: 0.69829 0.07432
fb: 0.77385 0.00634 -0.21531 -0.13131
fb: 0.73325 0.00843 -0.19501 -0.11101
dist/lin/ang/drive_left/drive_right/tv_l/tv_r/av_l/av_r/x/y/theta/t_err: 0.05310 0.61450 0.55897 0.72482 0.74168 -0.16822 0.03386 -0.16822 0.03386 22.60490 22.38691 37.71253 0.07015
target: 0.61450 0.07312
target: 0.61450 0.07312
fb: 0.64388 0.01414 -0.19992 -0.11717
fb: 0.52936 0.02216 -0.14266 0.06792
dist/lin/ang/drive_left/drive_right/tv_l/tv_r/av_l/av_r/x/y/theta/t_err: 0.04023 0.53493 0.54537 0.50720 0.55152 -0.18136 -0.09258 -0.18136 -0.09258 23.00578 22.69730 37.80101 0.06861
target: 0.53493 0.07134
target: 0.53493 0.07134
fb: 0.48104 0.02975 -0.17036 -0.09524
fb: 0.45963 0.03435 -0.15966 -0.08454
dist/lin/ang/drive_left/drive_right/tv_l/tv_r/av_l/av_r/x/y/theta/t_err: 0.03065 0.46691 0.51095 0.42528 0.49398 -0.15092 0.00667 -0.15092 0.00667 23.30467 22.92997 38.01287 0.06491
target: 0.46691 0.06684
target: 0.46691 0.06684
fb: 0.40513 0.03616 0.08211 0.13604
fb: 0.31422 0.03721 0.12757 0.18149
dist/lin/ang/drive_left/drive_right/tv_l/tv_r/av_l/av_r/x/y/theta/t_err: 0.02261 0.40096 0.46546 0.27701 0.35143 -0.09258 -0.04297 -0.09258 -0.04297 23.55551 23.12704 38.31362 0.05966
target: 0.40096 0.06089
target: 0.40096 0.06089
fb: 0.23875 0.03665 0.12256 0.15550
fb: 0.19771 0.04013 0.14308 0.17602
dist/lin/ang/drive_left/drive_right/tv_l/tv_r/av_l/av_r/x/y/theta/t_err: 0.01789 0.35668 0.41950 0.15758 0.23784 0.10300 0.14631 0.10300 0.14631 23.70269 23.24400 38.63654 0.05402
target: 0.35668 0.05488
target: 0.35668 0.05488
fb: 0.16483 0.04459 0.16865 0.19297
fb: 0.17454 0.04515 0.16380 0.18812
dist/lin/ang/drive_left/drive_right/tv_l/tv_r/av_l/av_r/x/y/theta/t_err: 0.01466 0.32285 0.36780 0.12939 0.21969 0.14339 0.16650 0.14339 0.16650 23.80383 23.32534 38.99642 0.04774
target: 0.32285 0.04811
target: 0.32285 0.04811
fb: 0.18602 0.04390 0.15743 0.16593
fb: 0.19793 0.04410 0.15148 0.15997
dist/lin/ang/drive_left/drive_right/tv_l/tv_r/av_l/av_r/x/y/theta/t_err: 0.01101 0.27977 0.31125 0.15383 0.24204 0.15364 0.17536 0.15364 0.17536 23.91735 23.41790 39.39154 0.04085
target: 0.27977 0.04071
target: 0.27977 0.04071
fb: 0.22110 0.04633 0.09172 0.08459
fb: 0.19771 0.04404 0.10341 0.09629
dist/lin/ang/drive_left/drive_right/tv_l/tv_r/av_l/av_r/x/y/theta/t_err: 0.00665 0.00166 0.25691 0.15368 0.24175 0.14306 0.14714 0.14306 0.14714 24.05151 23.52884 39.78202 0.03403
target: 0.00166 0.03361
target: 0.00166 0.03361
fb: 0.16108 0.03742 -0.58515 -0.60898
fb: 0.13394 0.03094 -0.58515 -0.60898
dist/lin/ang/drive_left/drive_right/tv_l/tv_r/av_l/av_r/x/y/theta/t_err: 0.00349 0.00087 0.20671 0.10300 0.16488 0.03886 0.06878 0.03886 0.06878 24.14872 23.61032 40.14838 0.02764
target: 0.00087 0.02704
target: 0.00087 0.02704
fb: 0.11629 0.02278 0.04921 -0.05661
fb: 0.10856 0.01637 0.04921 -0.05661
dist/lin/ang/drive_left/drive_right/tv_l/tv_r/av_l/av_r/x/y/theta/t_err: 0.00121 0.00030 0.17591 0.09219 0.12494 -0.21200 -0.31911 -0.21200 -0.31911 24.21857 23.66953 40.40095 0.02323
target: 0.00030 0.02301
target: 0.00030 0.02301
fb: 0.09312 0.01526 0.04071 -0.04766
fb: 0.07569 0.00968 0.04071 -0.04766
final error: 0.39407, x: -0.27434, y: 0.28288
final local error: 0.39407, forwards: -0.02462, sideways: 0.39330
position: 24.27434 23.71712 40.54062
took 1.18000 time to finish turn
dist/lin/ang/drive_left/drive_right/tv_l/tv_r/av_l/av_r/x/y/theta/t_err: -0.86642 -0.09144 0.75089 0.00000 0.00000 0.00000 -0.00050 0.00000 -0.00050 24.40678 23.83012 220.01277 0.07509
target: -0.09144 0.09822
target: -0.09144 0.09822
fb: 0.00000 0.00000 -0.76356 0.33502
fb: 0.00000 0.00000 -0.76356 0.33502
dist/lin/ang/drive_left/drive_right/tv_l/tv_r/av_l/av_r/x/y/theta/t_err: -0.86642 -0.18288 0.75090 0.00000 0.00000 -0.06775 0.05253 -0.06775 0.05253 24.40678 23.83012 220.01272 0.07509
target: -0.18288 0.09823
target: -0.18288 0.09823
fb: 0.00000 0.00000 -0.44683 -0.32009
fb: 0.00000 0.00704 -0.44683 -0.32009
dist/lin/ang/drive_left/drive_right/tv_l/tv_r/av_l/av_r/x/y/theta/t_err: -0.86642 -0.27432 0.74811 -0.00704 0.00704 -0.44814 0.18189 -0.44814 0.18189 24.40678 23.83012 220.02873 0.07481
target: -0.27432 0.09786
target: -0.27432 0.09786
fb: 0.00000 0.02717 -0.52448 -0.40153
fb: 0.00000 0.05532 -0.52448 -0.40153
dist/lin/ang/drive_left/drive_right/tv_l/tv_r/av_l/av_r/x/y/theta/t_err: -0.86642 -0.36576 0.69487 -0.05532 0.05532 -0.30389 -0.20344 -0.30389 -0.20344 24.40678 23.83012 220.33375 0.06949
target: -0.36576 0.09090
target: -0.36576 0.09090
fb: 0.00000 0.07260 -0.56968 -0.51544
fb: 0.00000 0.08264 -0.56968 -0.51544
dist/lin/ang/drive_left/drive_right/tv_l/tv_r/av_l/av_r/x/y/theta/t_err: -0.86642 -0.45720 0.58155 -0.08264 0.08264 -0.46044 -0.38378 -0.46044 -0.38378 24.40678 23.83012 220.98303 0.05816
target: -0.45720 0.07607
target: -0.45720 0.07607
fb: -0.03111 0.08180 -0.58837 -0.62474
fb: -0.12600 0.07532 -0.54093 -0.57730
dist/lin/ang/drive_left/drive_right/tv_l/tv_r/av_l/av_r/x/y/theta/t_err: -0.86390 -0.54864 0.46153 -0.20132 -0.05068 -0.50817 -0.44556 -0.50817 -0.44556 24.33239 23.76448 221.67913 0.04615
target: -0.54864 0.06037
target: -0.54864 0.06037
fb: -0.23456 0.06863 -0.77708 -0.84281
fb: -0.29281 0.06187 -0.74795 -0.81368
dist/lin/ang/drive_left/drive_right/tv_l/tv_r/av_l/av_r/x/y/theta/t_err: -0.85805 -0.64008 0.36203 -0.35469 -0.23094 -0.49589 -0.44214 -0.49589 -0.44214 24.16102 23.61024 222.26514 0.03620
target: -0.64008 0.04736
target: -0.64008 0.04736
fb: -0.30451 0.05616 -0.82876 -0.88784
fb: -0.33165 0.05497 -0.81519 -0.87427
dist/lin/ang/drive_left/drive_right/tv_l/tv_r/av_l/av_r/x/y/theta/t_err: -0.85142 -0.73152 0.27863 -0.38662 -0.27668 -0.46678 -0.49244 -0.46678 -0.49244 23.96855 23.43374 222.75718 0.02786
target: -0.73152 0.03645
target: -0.73152 0.03645
fb: -0.37821 0.05623 -0.87737 -0.93220
fb: -0.40535 0.05477 -0.86380 -0.91863
dist/lin/ang/drive_left/drive_right/tv_l/tv_r/av_l/av_r/x/y/theta/t_err: -0.84332 -0.82296 0.19593 -0.46012 -0.35059 -0.45669 -0.52667 -0.45669 -0.52667 23.73514 23.21604 223.24396 0.01959
target: -0.82296 0.02563
target: -0.82296 0.02563
fb: -0.42852 0.04912 -0.92868 -0.99724
fb: -0.47707 0.04606 -0.90441 -0.97297
dist/lin/ang/drive_left/drive_right/tv_l/tv_r/av_l/av_r/x/y/theta/t_err: -0.83378 -0.91440 0.12365 -0.52312 -0.43101 -0.56553 -0.54278 -0.56553 -0.54278 23.46252 22.95762 223.66834 0.01237
target: -0.91440 0.01618
target: -0.91440 0.01618
fb: -0.54701 0.03985 -0.95253 -1.00000
fb: -0.52958 0.03282 -0.96124 -1.00000
dist/lin/ang/drive_left/drive_right/tv_l/tv_r/av_l/av_r/x/y/theta/t_err: -0.82319 -1.00584 0.06767 -0.56240 -0.49677 -0.55731 -0.54328 -0.55731 -0.54328 23.16171 22.66883 223.99614 0.00677
target: -1.00584 0.00885
target: -1.00584 0.00885
fb: -0.54481 0.02689 -1.00000 -1.00000
fb: -0.62248 0.02885 -1.00000 -1.00000
dist/lin/ang/drive_left/drive_right/tv_l/tv_r/av_l/av_r/x/y/theta/t_err: -0.81074 -1.09728 0.02607 -0.65133 -0.59363 -0.49056 -0.54806 -0.49056 -0.54806 22.80984 22.32762 224.23853 0.00261
target: -1.09728 0.00341
target: -1.09728 0.00341
fb: -0.64587 0.02766 -1.00000 -1.00000
fb: -0.65161 0.02299 -1.00000 -1.00000
dist/lin/ang/drive_left/drive_right/tv_l/tv_r/av_l/av_r/x/y/theta/t_err: -0.79771 -1.18872 -0.01388 -0.67460 -0.62861 -0.76794 -0.76519 -0.76794 -0.76519 22.44299 21.96891 224.46796 -0.00139
target: -1.18872 -0.00182
target: -1.18872 -0.00182
fb: -0.72354 0.02404 -1.00000 -1.00000
fb: -0.80099 0.02334 -1.00000 -1.00000
dist/lin/ang/drive_left/drive_right/tv_l/tv_r/av_l/av_r/x/y/theta/t_err: -0.78169 -1.28016 -0.04947 -0.82433 -0.77765 -0.84100 -0.83914 -0.84100 -0.83914 21.99367 21.52631 224.66814 -0.00495
target: -1.28016 -0.00647
target: -1.28016 -0.00647
fb: -0.81445 0.02230 -1.00000 -1.00000
fb: -0.87072 0.02251 -1.00000 -1.00000
dist/lin/ang/drive_left/drive_right/tv_l/tv_r/av_l/av_r/x/y/theta/t_err: -0.76427 -1.37160 -0.08477 -0.89323 -0.84822 -0.86086 -0.85967 -0.86086 -0.85967 21.50692 21.04348 224.86166 -0.00848
target: -1.37160 -0.01109
target: -1.37160 -0.01109
fb: -0.90382 0.02174 -1.00000 -1.00000
fb: -0.96980 0.01561 -1.00000 -1.00000
dist/lin/ang/drive_left/drive_right/tv_l/tv_r/av_l/av_r/x/y/theta/t_err: -0.74488 -1.46304 -0.11666 -0.98541 -0.95419 -0.86358 -0.85742 -0.86358 -0.85742 20.96652 20.50395 225.02934 -0.01167
target: -1.46304 -0.01526
target: -1.46304 -0.01526
fb: -1.02982 0.00662 -1.00000 -1.00000
fb: -0.97752 0.00641 -1.00000 -1.00000
dist/lin/ang/drive_left/drive_right/tv_l/tv_r/av_l/av_r/x/y/theta/t_err: -0.72533 -1.55448 -0.13176 -0.98393 -0.97111 -0.86922 -0.86308 -0.86922 -0.86308 20.42289 19.95906 225.09684 -0.01318
target: -1.55448 -0.01724
target: -1.55448 -0.01724
fb: -1.06071 0.00467 -1.00000 -1.00000
fb: -1.11896 0.00056 -1.00000 -1.00000
dist/lin/ang/drive_left/drive_right/tv_l/tv_r/av_l/av_r/x/y/theta/t_err: -0.70295 -1.64592 -0.13920 -1.11952 -1.11841 -0.87828 -0.87197 -0.87828 -0.87197 19.80105 19.33488 225.11511 -0.01392
target: -1.64592 -0.01821
target: -1.64592 -0.01821
fb: -1.10749 -0.00105 -1.00000 -1.00000
fb: -1.19465 -0.00160 -1.00000 -1.00000
dist/lin/ang/drive_left/drive_right/tv_l/tv_r/av_l/av_r/x/y/theta/t_err: -0.67906 -1.73736 -0.14081 -1.19305 -1.19625 -0.87608 -0.87008 -0.87608 -0.87008 19.13714 18.66849 225.09656 -0.01408
target: -1.73736 -0.01842
target: -1.73736 -0.01842
fb: -1.17920 -0.00223 -1.00000 -1.00000
fb: -1.21605 -0.00537 -1.00000 -1.00000
dist/lin/ang/drive_left/drive_right/tv_l/tv_r/av_l/av_r/x/y/theta/t_err: -0.65474 -1.73940 -0.13986 -1.21069 -1.22142 -0.87778 -0.87111 -0.87778 -0.87111 18.46102 17.99046 225.06175 -0.01399
target: -1.73940 -0.01830
target: -1.73940 -0.01830
fb: -1.20612 -0.01094 -1.00000 -1.00000
fb: -1.25268 -0.01324 -1.00000 -1.00000
dist/lin/ang/drive_left/drive_right/tv_l/tv_r/av_l/av_r/x/y/theta/t_err: -0.62969 -1.74231 -0.12921 -1.23944 -1.26592 -0.88978 -0.88328 -0.88978 -0.88328 17.76376 17.29279 224.97065 -0.01292
target: -1.74231 -0.01690
target: -1.74231 -0.01690
fb: -1.39060 -0.01038 -0.95746 -0.97385
fb: -1.33631 -0.00920 -0.98460 -1.00000
dist/lin/ang/drive_left/drive_right/tv_l/tv_r/av_l/av_r/x/y/theta/t_err: -0.60297 -1.74540 -0.11794 -1.32712 -1.34551 -0.83706 -0.76108 -0.83706 -0.76108 17.01872 16.54978 224.87542 -0.01179
target: -1.74540 -0.01543
target: -1.74540 -0.01543
fb: -1.38287 -0.01115 -0.96619 -0.97988
fb: -1.48371 -0.00718 -0.91577 -0.92946
dist/lin/ang/drive_left/drive_right/tv_l/tv_r/av_l/av_r/x/y/theta/t_err: -0.57329 -1.74750 -0.11029 -1.47654 -1.49089 -0.80319 -0.73544 -0.80319 -0.73544 16.19025 15.72606 224.79865 -0.01103
target: -1.74750 -0.01443
target: -1.74750 -0.01443
fb: -1.41774 -0.00348 -0.94526 -0.96186
fb: -1.43120 0.00383 -0.93853 -0.95513
dist/lin/ang/drive_left/drive_right/tv_l/tv_r/av_l/av_r/x/y/theta/t_err: -0.54467 -1.74643 -0.11418 -1.43503 -1.42736 -0.81036 -0.74500 -0.81036 -0.74500 15.39043 14.93218 224.78837 -0.01142
target: -1.74643 -0.01494
target: -1.74643 -0.01494
fb: -1.44863 0.00467 -0.90903 -0.93991
fb: -1.46805 0.00794 -0.89932 -0.93020
dist/lin/ang/drive_left/drive_right/tv_l/tv_r/av_l/av_r/x/y/theta/t_err: -0.51531 -1.74202 -0.13027 -1.47599 -1.46010 -0.79806 -0.76589 -0.79806 -0.76589 14.57039 14.11747 224.84190 -0.01303
target: -1.74202 -0.01704
target: -1.74202 -0.01704
fb: -1.52233 0.01024 -0.84619 -0.89425
fb: -1.42943 0.00934 -0.89264 -0.94070
dist/lin/ang/drive_left/drive_right/tv_l/tv_r/av_l/av_r/x/y/theta/t_err: -0.48673 -1.73627 -0.15131 -1.43877 -1.42009 -0.80011 -0.71953 -0.80011 -0.71953 13.77285 13.32327 224.91637 -0.01513
target: -1.73627 -0.01979
target: -1.73627 -0.01979
fb: -1.48371 0.01275 -0.85013 -0.90770
fb: -1.59029 0.01777 -0.79684 -0.85441
dist/lin/ang/drive_left/drive_right/tv_l/tv_r/av_l/av_r/x/y/theta/t_err: -0.45493 -1.72744 -0.18370 -1.60806 -1.57252 -0.82953 -0.75664 -0.82953 -0.75664 12.88697 12.43827 225.03749 -0.01837
target: -1.72744 -0.02403
target: -1.72744 -0.02403
fb: -1.49916 0.01979 -0.81256 -0.88916
fb: -1.50115 0.01805 -0.81157 -0.88817
dist/lin/ang/drive_left/drive_right/tv_l/tv_r/av_l/av_r/x/y/theta/t_err: -0.42491 -1.67776 -0.22590 -1.51919 -1.48310 -0.75375 -0.75358 -0.75375 -0.75358 12.05293 11.60071 225.19905 -0.02259
target: -1.67776 -0.02955
target: -1.67776 -0.02955
fb: -1.51659 0.01456 -0.58567 -0.68118
fb: -1.49717 0.01115 -0.59538 -0.69089
dist/lin/ang/drive_left/drive_right/tv_l/tv_r/av_l/av_r/x/y/theta/t_err: -0.39497 -1.60745 -0.26575 -1.50832 -1.48603 -0.75458 -0.80867 -0.75458 -0.80867 11.22323 10.76325 225.32411 -0.02657
target: -1.60745 -0.03476
target: -1.60745 -0.03476
fb: -1.63884 0.00899 -0.37590 -0.47557
fb: -1.54770 0.00509 -0.42147 -0.52114
dist/lin/ang/drive_left/drive_right/tv_l/tv_r/av_l/av_r/x/y/theta/t_err: -0.36403 -1.53477 -0.30047 -1.55279 -1.54262 -0.60519 -0.66511 -0.60519 -0.66511 10.36694 9.89612 225.39055 -0.03005
target: -1.53477 -0.03930
target: -1.53477 -0.03930
fb: -1.55719 0.00174 -0.34100 -0.44067
fb: -1.68142 -0.00181 -0.27889 -0.37855
dist/lin/ang/drive_left/drive_right/tv_l/tv_r/av_l/av_r/x/y/theta/t_err: -0.33042 -1.45500 -0.33172 -1.67961 -1.68324 -0.48644 -0.53506 -0.48644 -0.53506 9.43724 8.95350 225.39389 -0.03317
target: -1.45500 -0.04339
target: -1.45500 -0.04339
fb: -1.56514 -0.00265 -0.23532 -0.33631
fb: -1.53778 -0.00174 -0.24900 -0.34999
dist/lin/ang/drive_left/drive_right/tv_l/tv_r/av_l/av_r/x/y/theta/t_err: -0.29968 -1.37881 -0.36311 -1.53603 -1.53952 -0.37731 -0.44506 -0.37731 -0.44506 8.58682 8.09157 225.37959 -0.03631
target: -1.37881 -0.04750
target: -1.37881 -0.04750
fb: -1.48570 -0.00927 -0.21713 -0.32373
fb: -1.46054 -0.01526 -0.22971 -0.33631
dist/lin/ang/drive_left/drive_right/tv_l/tv_r/av_l/av_r/x/y/theta/t_err: -0.27049 -1.30475 -0.38819 -1.44529 -1.47580 -0.34464 -0.41700 -0.34464 -0.41700 7.77858 7.27345 225.30212 -0.03882
target: -1.30475 -0.05078
target: -1.30475 -0.05078
fb: -1.47180 -0.01651 -0.16665 -0.27016
fb: -1.29351 -0.01784 -0.25579 -0.35930
dist/lin/ang/drive_left/drive_right/tv_l/tv_r/av_l/av_r/x/y/theta/t_err: -0.24464 -1.23805 -0.40244 -1.27567 -1.31134 -0.32681 -0.41664 -0.32681 -0.41664 7.06133 6.55031 225.15576 -0.04024
target: -1.23805 -0.05264
target: -1.23805 -0.05264
fb: -1.32285 -0.02237 -0.21490 -0.30810
fb: -1.42347 -0.03163 -0.16459 -0.25779
dist/lin/ang/drive_left/drive_right/tv_l/tv_r/av_l/av_r/x/y/theta/t_err: -0.21620 -1.16157 -0.41482 -1.39184 -1.45511 -0.32594 -0.39883 -0.32594 -0.39883 6.26957 5.75696 224.93609 -0.04148
target: -1.16157 -0.05426
target: -1.16157 -0.05426
fb: -1.21407 -0.03951 -0.16054 -0.25365
fb: -1.23150 -0.04410 -0.15182 -0.24493
dist/lin/ang/drive_left/drive_right/tv_l/tv_r/av_l/av_r/x/y/theta/t_err: -0.19159 -1.09556 -0.40272 -1.18739 -1.27560 -0.26897 -0.35642 -0.26897 -0.35642 5.58097 5.07424 224.58462 -0.04027
target: -1.09556 -0.05268
target: -1.09556 -0.05268
fb: -1.27607 -0.04243 -0.12677 -0.18887
fb: -1.08410 -0.03985 -0.22276 -0.28486
dist/lin/ang/drive_left/drive_right/tv_l/tv_r/av_l/av_r/x/y/theta/t_err: -0.16992 -1.09932 -0.38798 -1.04424 -1.12395 -0.22314 -0.32272 -0.22314 -0.32272 4.97121 4.47687 224.22786 -0.03880
target: -1.09932 -0.05075
target: -1.09932 -0.05075
fb: -1.10352 -0.04090 -0.49838 -0.55480
fb: -1.06667 -0.04376 -0.51680 -0.57323
dist/lin/ang/drive_left/drive_right/tv_l/tv_r/av_l/av_r/x/y/theta/t_err: -0.14850 -1.02769 -0.32369 -1.02291 -1.11042 -0.25494 -0.30525 -0.25494 -0.30525 4.36764 3.89280 223.85950 -0.03237
target: -1.02769 -0.04234
target: -1.02769 -0.04234
fb: -1.11499 -0.04654 -0.16065 -0.14741
fb: -1.13662 -0.04445 -0.14984 -0.13660
dist/lin/ang/drive_left/drive_right/tv_l/tv_r/av_l/av_r/x/y/theta/t_err: -0.12581 -0.94590 -0.25359 -1.09216 -1.18107 -0.40911 -0.43719 -0.40911 -0.43719 3.72030 3.27480 223.45785 -0.02536
target: -0.94590 -0.03317
target: -0.94590 -0.03317
fb: -0.71383 -0.04362 -0.25564 -0.22321
fb: -0.76988 -0.03978 -0.22762 -0.19519
dist/lin/ang/drive_left/drive_right/tv_l/tv_r/av_l/av_r/x/y/theta/t_err: -0.11043 -0.88623 -0.19010 -0.73010 -0.80967 -0.22772 -0.24536 -0.22772 -0.24536 3.27865 2.85956 223.09409 -0.01901
target: -0.88623 -0.02487
target: -0.88623 -0.02487
fb: -0.94839 -0.03512 -0.17417 -0.13835
fb: -0.88043 -0.03177 -0.20816 -0.17233
dist/lin/ang/drive_left/drive_right/tv_l/tv_r/av_l/av_r/x/y/theta/t_err: -0.09284 -0.81260 -0.13833 -0.84866 -0.91220 -0.23922 -0.22072 -0.23922 -0.22072 2.77111 2.38733 222.79752 -0.01383
target: -0.81260 -0.01810
target: -0.81260 -0.01810
fb: -0.92125 -0.02494 -0.06241 0.09658
fb: -0.81644 -0.01826 -0.11481 -0.08366
dist/lin/ang/drive_left/drive_right/tv_l/tv_r/av_l/av_r/x/y/theta/t_err: -0.07653 -0.73774 -0.10285 -0.79818 -0.83469 -0.20036 -0.16564 -0.20036 -0.16564 2.29860 1.95142 222.59420 -0.01028
target: -0.73774 -0.01345
target: -0.73774 -0.01345
fb: -0.76392 -0.01080 -0.06155 0.08455
fb: -0.72156 -0.00188 -0.08273 -0.06447
dist/lin/ang/drive_left/drive_right/tv_l/tv_r/av_l/av_r/x/y/theta/t_err: -0.06210 -0.66457 -0.09031 -0.71967 -0.72344 -0.12781 -0.06878 -0.12781 -0.06878 1.88005 1.56721 222.52235 -0.00903
target: -0.66457 -0.01181
target: -0.66457 -0.01181
fb: -0.61101 0.00599 -0.06569 -0.07217
fb: -0.59335 0.00962 -0.07451 -0.08100
dist/lin/ang/drive_left/drive_right/tv_l/tv_r/av_l/av_r/x/y/theta/t_err: -0.05023 -0.59769 -0.10111 -0.60297 -0.58374 -0.10319 -0.05714 -0.10319 -0.05714 1.53586 1.25128 222.58426 -0.01011
target: -0.59769 -0.01323
target: -0.59769 -0.01323
fb: -0.57416 0.01115 0.08439 -0.06947
fb: -0.53333 0.01205 0.06398 -0.08988
dist/lin/ang/drive_left/drive_right/tv_l/tv_r/av_l/av_r/x/y/theta/t_err: -0.03956 -0.53041 -0.11850 -0.54539 -0.52128 -0.07478 -0.09617 -0.07478 -0.09617 1.22690 0.96685 222.68388 -0.01185
target: -0.53041 -0.01550
target: -0.53041 -0.01550
fb: -0.50796 0.01184 0.11958 0.08281
fb: -0.52362 0.00564 0.12741 0.09064
dist/lin/ang/drive_left/drive_right/tv_l/tv_r/av_l/av_r/x/y/theta/t_err: -0.02908 -0.45477 -0.13404 -0.52927 -0.51798 0.05561 -0.07889 0.05561 -0.07889 0.92407 0.68705 222.77289 -0.01340
target: -0.45477 -0.01753
target: -0.45477 -0.01753
fb: -0.41131 -0.00759 -0.05686 -0.10353
fb: -0.27935 -0.01888 -0.12284 -0.16951
dist/lin/ang/drive_left/drive_right/tv_l/tv_r/av_l/av_r/x/y/theta/t_err: -0.02350 -0.40880 -0.11927 -0.26047 -0.29824 0.03764 0.02019 0.03764 0.02019 0.76252 0.53776 222.68829 -0.01193
target: -0.40880 -0.01560
target: -0.40880 -0.01560
fb: -0.31025 -0.02557 -0.14584 -0.15426
fb: -0.22110 -0.02501 -0.19041 -0.19883
dist/lin/ang/drive_left/drive_right/tv_l/tv_r/av_l/av_r/x/y/theta/t_err: -0.01909 -0.36844 -0.08178 -0.19609 -0.24611 -0.11739 -0.13483 -0.11739 -0.13483 0.63438 0.41991 222.47350 -0.00818
target: -0.36844 -0.01070
target: -0.36844 -0.01070
fb: -0.16285 -0.02048 -0.21232 -0.18742
fb: -0.21139 -0.01749 -0.18805 -0.16315
dist/lin/ang/drive_left/drive_right/tv_l/tv_r/av_l/av_r/x/y/theta/t_err: -0.01487 -0.32518 -0.05179 -0.19390 -0.22888 -0.18050 -0.17247 -0.18050 -0.17247 0.51143 0.30771 222.30163 -0.00518
target: -0.32518 -0.00677
target: -0.32518 -0.00677
fb: -0.25994 -0.01526 -0.11856 -0.09722
fb: -0.25795 -0.01380 -0.11956 -0.09821
dist/lin/ang/drive_left/drive_right/tv_l/tv_r/av_l/av_r/x/y/theta/t_err: -0.00972 -0.26287 -0.02915 -0.24415 -0.27175 -0.16308 -0.15692 -0.16308 -0.15692 0.36106 0.17118 222.17191 -0.00291
target: -0.26287 -0.00381
target: -0.26287 -0.00381
fb: -0.20543 -0.01150 -0.05115 0.05334
fb: -0.18800 -0.01017 -0.05986 0.04462
dist/lin/ang/drive_left/drive_right/tv_l/tv_r/av_l/av_r/x/y/theta/t_err: -0.00596 -0.00149 -0.01212 -0.17783 -0.19817 -0.09992 -0.08797 -0.09992 -0.08797 0.25126 0.07189 222.07437 -0.00121
target: -0.00149 -0.00159
target: -0.00149 -0.00159
fb: -0.20168 -0.00759 0.65236 0.67517
fb: -0.19197 -0.00599 0.64751 0.67032
dist/lin/ang/drive_left/drive_right/tv_l/tv_r/av_l/av_r/x/y/theta/t_err: -0.00212 -0.00053 -0.00120 -0.18598 -0.19797 0.03233 0.05578 0.03233 0.05578 0.13900 -0.02934 222.01178 -0.00012
target: -0.00053 -0.00016
target: -0.00053 -0.00016
fb: -0.16880 -0.00599 -0.04363 0.05196
fb: -0.14166 -0.00327 -0.04363 0.05196
dist/lin/ang/drive_left/drive_right/tv_l/tv_r/av_l/av_r/x/y/theta/t_err: 0.00071 0.00018 0.00683 -0.13839 -0.14494 0.13792 0.41289 0.13792 0.41289 0.05609 -0.10396 221.96577 0.00068
target: 0.00018 0.00089
target: 0.00018 0.00089
fb: -0.07944 0.00752 -0.04287 0.05072
fb: -0.03111 0.02048 -0.04287 0.05072
increased kd to 1.00000
increased kd to 1.10000
increased kd to 1.20000
increased kd to 1.30000
increased kd to 1.40000
increased kd to 1.50000
increased kd to 1.60000
start is 0.00000 0.00000
dist/lin/ang/drive_left/drive_right/tv_l/tv_r/av_l/av_r/x/y/theta/t_err: 0.86210 0.09144 1.20000 0.00000 0.00000 0.00000 0.00000 0.00000 0.00000 0.00000 0.00000 -0.00001 0.78540
target: 0.09144 0.15697
target: 0.09144 0.15697
fb: 0.00000 0.00000 -0.63386 1.00000
fb: 0.00000 0.00000 -0.63386 1.00000
dist/lin/ang/drive_left/drive_right/tv_l/tv_r/av_l/av_r/x/y/theta/t_err: 0.86210 0.18288 2.40000 0.00000 0.00000 -0.09597 0.05458 -0.09597 0.05458 0.00000 0.00000 -0.00003 0.78540
target: 0.18288 0.31394
target: 0.18288 0.31394
fb: 0.00000 0.00000 -0.77073 1.00000
fb: 0.00000 0.00968 -0.76588 1.00000
dist/lin/ang/drive_left/drive_right/tv_l/tv_r/av_l/av_r/x/y/theta/t_err: 0.86210 0.27432 3.60000 -0.00968 0.00968 -0.38689 0.47703 -0.38689 0.47703 0.00000 0.00000 0.00004 0.78540
target: 0.27432 0.47092
target: 0.27432 0.47092
fb: 0.00000 0.04285 -0.85341 1.00000
fb: 0.00000 0.09134 -0.82916 1.00000
dist/lin/ang/drive_left/drive_right/tv_l/tv_r/av_l/av_r/x/y/theta/t_err: 0.86210 0.36576 4.80000 -0.09134 0.09134 -0.43172 0.69111 -0.43172 0.69111 0.00000 0.00000 0.16786 0.78247
target: 0.36576 0.62789
target: 0.36576 0.62789
fb: 0.00000 0.13559 -0.91114 1.00000
fb: 0.00000 0.17384 -0.89201 1.00000
dist/lin/ang/drive_left/drive_right/tv_l/tv_r/av_l/av_r/x/y/theta/t_err: 0.86210 0.44592 6.00000 -0.17384 0.17384 -0.46936 0.75850 -0.46936 0.75850 0.00000 0.00000 1.05904 0.76691
target: 0.44592 0.78486
target: 0.44592 0.78486
fb: 0.00000 0.21697 -1.00000 1.00000
fb: 0.00000 0.25613 -0.98736 1.00000
dist/lin/ang/drive_left/drive_right/tv_l/tv_r/av_l/av_r/x/y/theta/t_err: 0.86210 0.47382 5.79693 -0.25613 0.25613 -0.50956 0.75700 -0.50956 0.75700 0.00000 0.00000 2.67470 0.73872
target: 0.47382 0.75830
target: 0.47382 0.75830
fb: 0.00375 0.29452 -0.19327 1.00000
fb: 0.01545 0.33068 -0.18104 1.00000
dist/lin/ang/drive_left/drive_right/tv_l/tv_r/av_l/av_r/x/y/theta/t_err: 0.86205 0.51592 5.42409 -0.31524 0.34613 -0.32219 0.84047 -0.32219 0.84047 0.00295 0.00023 4.99669 0.69825
target: 0.51592 0.70953
target: 0.51592 0.70953
fb: 0.02913 0.37026 0.25730 1.00000
fb: 0.06002 0.40077 0.25711 1.00000
dist/lin/ang/drive_left/drive_right/tv_l/tv_r/av_l/av_r/x/y/theta/t_err: 0.86159 0.57321 4.96767 -0.34076 0.46079 -0.06486 0.86733 -0.06486 0.86733 0.02573 0.00286 7.97291 0.64672
target: 0.57321 0.64982
target: 0.57321 0.64982
fb: 0.11055 0.42251 0.47468 1.00000
fb: 0.14166 0.43624 0.46599 1.00000
dist/lin/ang/drive_left/drive_right/tv_l/tv_r/av_l/av_r/x/y/theta/t_err: 0.85978 0.64599 4.44868 -0.29458 0.57790 0.26900 0.88958 0.26900 0.88958 0.11146 0.01786 11.51968 0.58630
target: 0.64599 0.58193
target: 0.64599 0.58193
fb: 0.18226 0.44411 0.69417 1.00000
fb: 0.24823 0.43450 0.65638 0.97801
dist/lin/ang/drive_left/drive_right/tv_l/tv_r/av_l/av_r/x/y/theta/t_err: 0.85668 0.73089 3.91612 -0.18627 0.68273 0.39117 0.89164 0.39117 0.89164 0.25092 0.05160 15.34390 0.52178
target: 0.73089 0.51227
target: 0.73089 0.51227
fb: 0.28707 0.41569 0.84288 1.00000
fb: 0.31994 0.40802 0.82261 0.99179
dist/lin/ang/drive_left/drive_right/tv_l/tv_r/av_l/av_r/x/y/theta/t_err: 0.85161 0.82019 3.42897 -0.08808 0.72796 0.27653 0.61892 0.27653 0.61892 0.46675 0.11865 19.08336 0.45967
target: 0.82019 0.44854
target: 0.82019 0.44854
fb: 0.34510 0.40266 0.95410 1.00000
fb: 0.36076 0.39492 0.94240 1.00000
dist/lin/ang/drive_left/drive_right/tv_l/tv_r/av_l/av_r/x/y/theta/t_err: 0.84534 0.91163 2.97477 -0.03416 0.75569 0.44881 0.48733 0.44881 0.48733 0.72063 0.21542 22.63247 0.40112
target: 0.91163 0.38913
target: 0.91163 0.38913
fb: 0.39188 0.38336 1.00000 1.00000
fb: 0.37820 0.37137 1.00000 1.00000
dist/lin/ang/drive_left/drive_right/tv_l/tv_r/av_l/av_r/x/y/theta/t_err: 0.83804 1.00307 2.53270 0.00683 0.74957 0.53386 0.80544 0.53386 0.80544 1.00163 0.34282 26.05541 0.34477
target: 1.00307 0.33130
target: 1.00307 0.33130
fb: 0.40710 0.35778 1.00000 1.00000
fb: 0.51191 0.34810 1.00000 1.00000
dist/lin/ang/drive_left/drive_right/tv_l/tv_r/av_l/av_r/x/y/theta/t_err: 0.83030 1.09451 2.12104 0.16381 0.86001 0.46986 0.86019 0.46986 0.86019 1.28518 0.49226 29.27100 0.29168
target: 1.09451 0.27745
target: 1.09451 0.27745
fb: 0.57414 0.34169 1.00000 1.00000
fb: 0.58760 0.34058 1.00000 1.00000
dist/lin/ang/drive_left/drive_right/tv_l/tv_r/av_l/av_r/x/y/theta/t_err: 0.81923 1.18595 1.74407 0.24702 0.92817 0.68050 0.85092 0.68050 0.85092 1.67342 0.72380 32.29501 0.24256
target: 1.18595 0.22814
target: 1.18595 0.22814
fb: 0.66703 0.33842 1.00000 1.00000
fb: 0.75839 0.33235 1.00000 1.00000
dist/lin/ang/drive_left/drive_right/tv_l/tv_r/av_l/av_r/x/y/theta/t_err: 0.80620 1.27739 1.36043 0.42603 1.09074 0.78094 0.85403 0.78094 0.85403 2.10946 1.01652 35.26697 0.19422
target: 1.27739 0.17796
target: 1.27739 0.17796
fb: 0.76412 0.32183 1.00000 1.00000
fb: 0.74272 0.30943 1.00000 1.00000
dist/lin/ang/drive_left/drive_right/tv_l/tv_r/av_l/av_r/x/y/theta/t_err: 0.79114 1.36883 0.98916 0.43329 1.05215 0.84392 0.86272 0.84392 0.86272 2.59174 1.37618 38.14902 0.14717
target: 1.36883 0.12939
target: 1.36883 0.12939
fb: 0.78156 0.29689 1.00000 1.00000
fb: 0.86497 0.28874 1.00000 1.00000
dist/lin/ang/drive_left/drive_right/tv_l/tv_r/av_l/av_r/x/y/theta/t_err: 0.77563 1.46027 0.64654 0.57623 1.15370 0.86361 0.86475 0.86361 0.86475 3.06624 1.76800 40.82494 0.10294
target: 1.46027 0.08457
target: 1.46027 0.08457
fb: 0.89409 0.28260 1.00000 1.00000
fb: 0.92499 0.27599 1.00000 1.00000
dist/lin/ang/drive_left/drive_right/tv_l/tv_r/av_l/av_r/x/y/theta/t_err: 0.75781 1.55171 0.31997 0.64900 1.20097 0.86531 0.86325 0.86531 0.86325 3.58865 2.23987 43.33823 0.06098
target: 1.55171 0.04186
target: 1.55171 0.04186
fb: 0.95411 0.26895 1.00000 1.00000
fb: 1.01038 0.25669 1.00000 1.00000
dist/lin/ang/drive_left/drive_right/tv_l/tv_r/av_l/av_r/x/y/theta/t_err: 0.73874 1.64315 -0.00271 0.75370 1.26707 0.87711 0.87522 0.87711 0.87522 4.12403 2.76685 45.73927 0.02010
target: 1.64315 -0.00035
target: 1.64315 -0.00035
fb: 1.08033 0.24770 1.00000 1.00000
fb: 1.07062 0.23808 1.00000 1.00000
dist/lin/ang/drive_left/drive_right/tv_l/tv_r/av_l/av_r/x/y/theta/t_err: 0.71714 1.72611 -0.30669 0.83254 1.30871 0.88072 0.88142 0.88072 0.88142 4.70552 3.38766 47.97191 -0.01886
target: 1.72611 -0.04012
target: 1.72611 -0.04012
fb: 1.10924 0.22798 1.00000 1.00000
fb: 1.21207 0.21676 1.00000 1.00000
dist/lin/ang/drive_left/drive_right/tv_l/tv_r/av_l/av_r/x/y/theta/t_err: 0.69497 1.62746 -0.59721 0.99531 1.42883 0.88361 0.88431 0.88361 0.88431 5.27803 4.04723 50.03441 -0.05605
target: 1.62746 -0.07812
target: 1.62746 -0.07812
fb: 1.18118 0.20910 0.92330 0.19557
fb: 1.19464 0.19830 0.91117 0.19424
dist/lin/ang/drive_left/drive_right/tv_l/tv_r/av_l/av_r/x/y/theta/t_err: 0.67141 1.53771 -0.87441 0.99634 1.39293 0.85231 0.73933 0.85231 0.73933 5.86381 4.76960 51.92287 -0.09155
target: 1.53771 -0.11438
target: 1.53771 -0.11438
fb: 1.21979 0.19063 0.88319 0.10467
fb: 1.22178 0.17809 0.87592 0.10995
dist/lin/ang/drive_left/drive_right/tv_l/tv_r/av_l/av_r/x/y/theta/t_err: 0.64716 1.45541 -1.14142 1.04369 1.39987 0.74997 0.34031 0.74997 0.34031 6.44487 5.53433 53.64642 -0.12564
target: 1.45541 -0.14931
target: 1.45541 -0.14931
fb: 1.28202 0.16137 0.82713 -0.11975
fb: 1.23546 0.14493 0.84219 -0.08825
dist/lin/ang/drive_left/drive_right/tv_l/tv_r/av_l/av_r/x/y/theta/t_err: 0.62178 1.38121 -1.39035 1.09054 1.38039 0.72036 0.10472 0.72036 0.10472 7.03222 6.35530 55.15830 -0.15774
target: 1.38121 -0.18187
target: 1.38121 -0.18187
fb: 1.23326 0.11260 0.81943 -0.13365
fb: 1.26239 0.07511 0.78612 -0.12947
dist/lin/ang/drive_left/drive_right/tv_l/tv_r/av_l/av_r/x/y/theta/t_err: 0.59748 1.31968 -1.59441 1.18728 1.33750 0.70531 -0.06569 0.70531 -0.06569 7.57811 7.15840 56.34827 -0.18545
target: 1.31968 -0.20856
target: 1.31968 -0.20856
fb: 1.20436 0.04041 0.67273 0.15897
fb: 1.13463 0.00585 0.70760 0.19383
dist/lin/ang/drive_left/drive_right/tv_l/tv_r/av_l/av_r/x/y/theta/t_err: 0.57385 1.28063 -1.70116 1.12878 1.14048 0.71953 -0.04500 0.71953 -0.04500 8.09913 7.95076 56.93031 -0.20358
target: 1.28063 -0.22253
target: 1.28063 -0.22253
fb: 1.19090 -0.02850 0.68588 0.26793
fb: 1.18295 -0.06069 0.68985 0.27190
dist/lin/ang/drive_left/drive_right/tv_l/tv_r/av_l/av_r/x/y/theta/t_err: 0.55054 1.26316 -1.72775 1.24364 1.12227 0.68239 0.18000 0.68239 0.18000 8.61050 8.73676 56.90146 -0.21184
target: 1.26316 -0.22601
target: 1.26316 -0.22601
fb: 1.11124 -0.08417 0.75123 0.42298
fb: 1.14632 -0.10828 0.73368 0.40543
dist/lin/ang/drive_left/drive_right/tv_l/tv_r/av_l/av_r/x/y/theta/t_err: 0.52881 1.26614 -1.67770 1.25460 1.03805 0.67914 0.27978 0.67914 0.27978 9.09169 9.46756 56.32481 -0.21042
target: 1.26614 -0.21946
target: 1.26614 -0.21946
fb: 1.15404 -0.14026 0.76489 0.53564
fb: 1.10351 -0.16269 0.79016 0.56091
dist/lin/ang/drive_left/drive_right/tv_l/tv_r/av_l/av_r/x/y/theta/t_err: 0.50622 1.28470 -1.57835 1.26620 0.94082 0.70978 0.40672 0.70978 0.40672 9.60183 10.21954 55.29904 -0.20167
target: 1.28470 -0.20646
target: 1.28470 -0.20646
fb: 1.05298 -0.17307 0.85690 0.70312
fb: 1.06269 -0.18130 0.85204 0.69826
dist/lin/ang/drive_left/drive_right/tv_l/tv_r/av_l/av_r/x/y/theta/t_err: 0.48556 1.32151 -1.40864 1.24398 0.88139 0.73886 0.53197 0.73886 0.53197 10.08218 10.89531 53.85382 -0.18461
target: 1.32151 -0.18426
target: 1.32151 -0.18426
fb: 1.09777 -0.18924 0.88474 0.84357
fb: 1.12293 -0.19049 0.87216 0.83099
dist/lin/ang/drive_left/drive_right/tv_l/tv_r/av_l/av_r/x/y/theta/t_err: 0.46394 1.36556 -1.23789 1.31342 0.93243 0.77133 0.65656 0.77133 0.65656 10.60168 11.58614 52.25210 -0.16469
target: 1.36556 -0.16193
target: 1.36556 -0.16193
fb: 1.17522 -0.18805 0.89951 0.88954
fb: 1.16948 -0.18227 0.90238 0.89241
dist/lin/ang/drive_left/drive_right/tv_l/tv_r/av_l/av_r/x/y/theta/t_err: 0.44071 1.40710 -1.06635 1.35176 0.98721 0.77186 0.64492 0.77186 0.64492 11.17890 12.30939 50.59625 -0.14376
target: 1.40710 -0.13949
target: 1.40710 -0.13949
fb: 1.19265 -0.17321 0.90311 0.92416
fb: 1.16551 -0.16374 0.91668 0.93773
dist/lin/ang/drive_left/drive_right/tv_l/tv_r/av_l/av_r/x/y/theta/t_err: 0.41707 1.41398 -0.91062 1.32925 1.00178 0.83125 0.67503 0.83125 0.67503 11.78528 13.02645 49.02965 -0.12381
target: 1.41398 -0.11912
target: 1.41398 -0.11912
fb: 1.20435 -0.15914 0.76054 0.79028
fb: 1.30718 -0.15670 0.70913 0.73887
dist/lin/ang/drive_left/drive_right/tv_l/tv_r/av_l/av_r/x/y/theta/t_err: 0.39314 1.41357 -0.77327 1.46388 1.15048 0.79308 0.61719 0.79308 0.61719 12.41647 13.73415 47.60540 -0.10571
target: 1.41357 -0.10115
target: 1.41357 -0.10115
fb: 1.30144 -0.15789 0.68129 0.71347
fb: 1.26834 -0.15789 0.69784 0.73002
dist/lin/ang/drive_left/drive_right/tv_l/tv_r/av_l/av_r/x/y/theta/t_err: 0.36723 1.40477 -0.63799 1.42623 1.11046 0.70256 0.62711 0.70256 0.62711 13.11649 14.48252 46.23428 -0.08840
target: 1.40477 -0.08346
target: 1.40477 -0.08346
fb: 1.27011 -0.15524 0.64470 0.69815
fb: 1.30122 -0.15071 0.62914 0.68259
dist/lin/ang/drive_left/drive_right/tv_l/tv_r/av_l/av_r/x/y/theta/t_err: 0.34191 1.39579 -0.48743 1.45193 1.15051 0.66797 0.67039 0.66797 0.67039 13.81709 15.19618 44.86129 -0.07009
target: 1.39579 -0.06376
target: 1.39579 -0.06376
fb: 1.29548 -0.14304 0.60094 0.69877
fb: 1.34028 -0.13677 0.57854 0.67637
dist/lin/ang/drive_left/drive_right/tv_l/tv_r/av_l/av_r/x/y/theta/t_err: 0.31605 1.38058 -0.34696 1.47705 1.20350 0.62028 0.66853 0.62028 0.66853 14.54839 15.90730 43.56608 -0.05228
target: 1.38058 -0.04539
target: 1.38058 -0.04539
fb: 1.34602 -0.13001 0.53048 0.64102
fb: 1.34778 -0.12214 0.52959 0.64014
dist/lin/ang/drive_left/drive_right/tv_l/tv_r/av_l/av_r/x/y/theta/t_err: 0.28915 1.35574 -0.21895 1.46992 1.22564 0.58006 0.65139 0.58006 0.65139 15.32383 16.62976 42.39109 -0.03567
target: 1.35574 -0.02864
target: 1.35574 -0.02864
fb: 1.37316 -0.11322 0.45195 0.57025
fb: 1.34602 -0.10493 0.46552 0.58382
dist/lin/ang/drive_left/drive_right/tv_l/tv_r/av_l/av_r/x/y/theta/t_err: 0.26170 1.32187 -0.09849 1.45095 1.24109 0.53111 0.61667 0.53111 0.61667 16.12917 17.35119 41.34070 -0.02010
target: 1.32187 -0.01288
target: 1.32187 -0.01288
fb: 1.32837 -0.09810 0.40122 0.53172
fb: 1.30895 -0.09100 0.41093 0.54143
dist/lin/ang/drive_left/drive_right/tv_l/tv_r/av_l/av_r/x/y/theta/t_err: 0.23514 1.28188 0.01323 1.39994 1.21795 0.47364 0.56139 0.47364 0.56139 16.92006 18.03566 40.43238 -0.00560
target: 1.28188 0.00173
target: 1.28188 0.00173
fb: 1.34006 -0.08744 0.32979 0.46955
fb: 1.36147 -0.08382 0.31908 0.45885
dist/lin/ang/drive_left/drive_right/tv_l/tv_r/av_l/av_r/x/y/theta/t_err: 0.20834 1.20116 0.12416 1.44529 1.27765 0.42778 0.51247 0.42778 0.51247 17.72813 18.71419 39.63760 0.00848
target: 1.20116 0.01624
target: 1.20116 0.01624
fb: 1.26460 -0.07427 0.12187 0.28008
fb: 1.30145 -0.06201 0.10344 0.26165
dist/lin/ang/drive_left/drive_right/tv_l/tv_r/av_l/av_r/x/y/theta/t_err: 0.18305 1.10072 0.24040 1.36346 1.23944 0.36583 0.43856 0.36583 0.43856 18.49886 19.34463 38.92997 0.02286
target: 1.10072 0.03145
target: 1.10072 0.03145
fb: 1.32837 -0.04835 -0.21177 0.09103
fb: 1.23724 -0.03268 -0.16620 0.13660
dist/lin/ang/drive_left/drive_right/tv_l/tv_r/av_l/av_r/x/y/theta/t_err: 0.15649 1.05497 0.34572 1.26991 1.20456 0.16322 0.28542 0.16322 0.28542 19.31556 19.99811 38.41977 0.03643
target: 1.05497 0.04522
target: 1.05497 0.04522
fb: 1.26261 -0.01714 0.11344 0.30377
fb: 1.27034 -0.00913 0.10958 0.29991
dist/lin/ang/drive_left/drive_right/tv_l/tv_r/av_l/av_r/x/y/theta/t_err: 0.13111 0.96563 0.34463 1.27946 1.26121 -0.04656 0.22314 -0.04656 0.22314 20.09607 20.61391 38.16580 0.04086
target: 0.96563 0.04508
target: 0.96563 0.04508
fb: 1.14235 -0.00773 -0.13750 -0.08249
fb: 1.09381 -0.00752 -0.11322 0.06961
dist/lin/ang/drive_left/drive_right/tv_l/tv_r/av_l/av_r/x/y/theta/t_err: 0.10825 0.87744 0.34428 1.10133 1.08628 0.05236 0.18086 0.05236 0.18086 20.80369 21.16920 38.08281 0.04231
target: 0.87744 0.04504
target: 0.87744 0.04504
fb: 1.03754 -0.00794 -0.16127 -0.10552
fb: 0.96384 -0.00773 -0.12442 -0.06867
dist/lin/ang/drive_left/drive_right/tv_l/tv_r/av_l/av_r/x/y/theta/t_err: 0.08749 0.78883 0.35227 0.97157 0.95611 -0.09992 0.04106 -0.09992 0.04106 21.44701 21.67275 38.01698 0.04346
target: 0.78883 0.04608
target: 0.78883 0.04608
fb: 0.94067 -0.00571 -0.20077 -0.13387
fb: 0.85925 -0.00286 -0.16005 -0.09316
dist/lin/ang/drive_left/drive_right/tv_l/tv_r/av_l/av_r/x/y/theta/t_err: 0.06867 0.69886 0.36077 0.86210 0.85639 -0.13381 -0.06808 -0.13381 -0.06808 22.03080 22.12861 37.95448 0.04455
target: 0.69886 0.04719
target: 0.69886 0.04719
fb: 0.79128 -0.00801 -0.21456 -0.14566
fb: 0.75046 -0.01735 -0.19415 -0.12525
dist/lin/ang/drive_left/drive_right/tv_l/tv_r/av_l/av_r/x/y/theta/t_err: 0.05284 0.61304 0.36509 0.76781 0.73311 -0.16806 -0.10064 -0.16806 -0.10064 22.52220 22.51166 37.91301 0.04527
target: 0.61304 0.04776
target: 0.61304 0.04776
fb: 0.64764 -0.02355 -0.20222 -0.13754
fb: 0.56246 -0.02411 -0.15963 -0.09495
dist/lin/ang/drive_left/drive_right/tv_l/tv_r/av_l/av_r/x/y/theta/t_err: 0.03987 0.53251 0.39624 0.58657 0.53835 -0.18344 -0.11450 -0.18344 -0.11450 22.92489 22.82453 37.75044 0.04811
target: 0.53251 0.05183
target: 0.53251 0.05183
fb: 0.49273 -0.02111 -0.19552 -0.09386
fb: 0.38968 -0.01784 -0.14400 0.08550
dist/lin/ang/drive_left/drive_right/tv_l/tv_r/av_l/av_r/x/y/theta/t_err: 0.02999 0.46185 0.42722 0.40752 0.37185 -0.16053 -0.08758 -0.16053 -0.08758 23.23206 23.06154 37.54835 0.05164
target: 0.46185 0.05588
target: 0.46185 0.05588
fb: 0.29480 -0.01575 0.09643 0.21268
fb: 0.23677 -0.01261 0.12545 0.24170
dist/lin/ang/drive_left/drive_right/tv_l/tv_r/av_l/av_r/x/y/theta/t_err: 0.02408 0.41381 0.44514 0.24938 0.22416 -0.11892 0.08164 -0.11892 0.08164 23.41628 23.20278 37.39545 0.05431
target: 0.41381 0.05823
target: 0.41381 0.05823
fb: 0.21514 0.00153 0.14582 0.24983
fb: 0.19396 0.01909 0.15642 0.26043
dist/lin/ang/drive_left/drive_right/tv_l/tv_r/av_l/av_r/x/y/theta/t_err: 0.01976 0.37492 0.45000 0.17487 0.21305 0.10319 0.21286 0.10319 0.21286 23.55095 23.30555 37.32126 0.05560
target: 0.37492 0.05886
target: 0.37492 0.05886
fb: 0.18999 0.02439 0.15015 0.23965
fb: 0.20345 0.02557 0.14342 0.23292
dist/lin/ang/drive_left/drive_right/tv_l/tv_r/av_l/av_r/x/y/theta/t_err: 0.01599 0.33718 0.40954 0.17788 0.22902 0.14817 0.24042 0.14817 0.24042 23.66980 23.39640 37.48973 0.05266
target: 0.33718 0.05357
target: 0.33718 0.05357
fb: 0.22904 0.03024 0.13029 0.15933
fb: 0.25420 0.03581 0.11772 0.14676
dist/lin/ang/drive_left/drive_right/tv_l/tv_r/av_l/av_r/x/y/theta/t_err: 0.01143 0.28517 0.37145 0.21839 0.29001 0.14750 0.22331 0.14750 0.22331 23.81267 23.50646 37.72775 0.04851
target: 0.28517 0.04859
target: 0.28517 0.04859
fb: 0.25596 0.03985 0.04497 0.07013
fb: 0.28112 0.04473 -0.04565 0.05756
dist/lin/ang/drive_left/drive_right/tv_l/tv_r/av_l/av_r/x/y/theta/t_err: 0.00635 0.00159 0.32071 0.23639 0.32585 0.11294 0.15742 0.11294 0.15742 23.97176 23.63020 38.04935 0.04289
target: 0.00159 0.04195
target: 0.00159 0.04195
fb: 0.27737 0.04348 -0.74172 -0.75014
fb: 0.20367 0.02857 -0.70487 -0.71329
dist/lin/ang/drive_left/drive_right/tv_l/tv_r/av_l/av_r/x/y/theta/t_err: 0.00085 0.00021 0.26254 0.17510 0.23224 -0.06589 0.07906 -0.06589 0.07906 24.14333 23.76534 38.43429 0.03618
target: 0.00021 0.03434
target: 0.00021 0.03434
fb: 0.15115 0.01916 0.04758 -0.05782
fb: 0.11827 0.01805 0.04758 -0.05782
dist/lin/ang/drive_left/drive_right/tv_l/tv_r/av_l/av_r/x/y/theta/t_err: -0.00214 -0.00054 0.24009 0.10023 0.13632 -0.26214 -0.40706 -0.26214 -0.40706 24.23640 23.83952 38.66980 0.03207
target: -0.00054 0.03141
target: -0.00054 0.03141
fb: 0.07944 0.00934 -0.04854 0.05005
fb: 0.04656 -0.00446 -0.04854 0.05005
final error: 0.30994, x: -0.28520, y: 0.12135
final local error: 0.30994, forwards: -0.14621, sideways: 0.27329
position: 24.28520 23.87865 38.80258
took 1.18000 time to finish turn
dist/lin/ang/drive_left/drive_right/tv_l/tv_r/av_l/av_r/x/y/theta/t_err: -0.87307 -0.09144 1.12078 0.00000 0.00000 0.00000 0.00000 0.00000 0.00000 24.53279 24.07536 218.03923 0.11208
target: -0.09144 0.14661
target: -0.09144 0.14661
fb: 0.00000 0.00000 -1.00000 0.58517
fb: 0.00000 0.00000 -1.00000 0.58517
dist/lin/ang/drive_left/drive_right/tv_l/tv_r/av_l/av_r/x/y/theta/t_err: -0.87307 -0.18288 1.12094 0.00000 0.00000 0.00000 0.07119 0.00000 0.07119 24.53279 24.07536 218.03832 0.11209
target: -0.18288 0.14663
target: -0.18288 0.14663
fb: 0.00000 0.00000 -0.47934 -0.28757
fb: 0.00000 0.00599 -0.47934 -0.28757
dist/lin/ang/drive_left/drive_right/tv_l/tv_r/av_l/av_r/x/y/theta/t_err: -0.87307 -0.27432 1.11837 -0.00599 0.00599 -0.38600 0.26092 -0.38600 0.26092 24.53279 24.07536 218.05307 0.11184
target: -0.27432 0.14629
target: -0.27432 0.14629
fb: 0.00000 0.03365 -0.55706 -0.36895
fb: 0.00000 0.06605 -0.55706 -0.36895
dist/lin/ang/drive_left/drive_right/tv_l/tv_r/av_l/av_r/x/y/theta/t_err: -0.87307 -0.36576 1.05364 -0.06605 0.06605 -0.44008 -0.15467 -0.44008 -0.15467 24.53279 24.07536 218.42392 0.10536
target: -0.36576 0.13783
target: -0.36576 0.13783
fb: 0.00000 0.08758 -0.59436 -0.49077
fb: 0.00000 0.10340 -0.59436 -0.49077
dist/lin/ang/drive_left/drive_right/tv_l/tv_r/av_l/av_r/x/y/theta/t_err: -0.87307 -0.45720 0.91410 -0.10340 0.10340 -0.49294 -0.35917 -0.49294 -0.35917 24.53279 24.07536 219.22342 0.09141
target: -0.45720 0.11957
target: -0.45720 0.11957
fb: -0.00971 0.10375 -0.61279 -0.62173
fb: -0.10481 0.09615 -0.56524 -0.57418
dist/lin/ang/drive_left/drive_right/tv_l/tv_r/av_l/av_r/x/y/theta/t_err: -0.87098 -0.54864 0.76172 -0.20097 -0.00866 -0.53283 -0.44608 -0.53283 -0.44608 24.46943 24.02247 220.10755 0.07617
target: -0.54864 0.09964
target: -0.54864 0.09964
fb: -0.22684 0.08974 -0.78820 -0.83941
fb: -0.25795 0.08417 -0.77265 -0.82385
dist/lin/ang/drive_left/drive_right/tv_l/tv_r/av_l/av_r/x/y/theta/t_err: -0.86583 -0.64008 0.63098 -0.34212 -0.17378 -0.50153 -0.38003 -0.50153 -0.38003 24.31497 23.89057 220.88033 0.06310
target: -0.64008 0.08254
target: -0.64008 0.08254
fb: -0.26965 0.08138 -0.85137 -0.90010
fb: -0.32966 0.07943 -0.82136 -0.87009
dist/lin/ang/drive_left/drive_right/tv_l/tv_r/av_l/av_r/x/y/theta/t_err: -0.85925 -0.73152 0.51238 -0.40909 -0.25023 -0.52583 -0.45994 -0.52583 -0.45994 24.11984 23.71939 221.58471 0.05124
target: -0.73152 0.06702
target: -0.73152 0.06702
fb: -0.36276 0.07588 -0.88486 -0.94015
fb: -0.41705 0.06752 -0.85772 -0.91301
dist/lin/ang/drive_left/drive_right/tv_l/tv_r/av_l/av_r/x/y/theta/t_err: -0.85091 -0.82296 0.40520 -0.48456 -0.34953 -0.47514 -0.49022 -0.47514 -0.49022 23.87556 23.49993 222.22411 0.04052
target: -0.82296 0.05300
target: -0.82296 0.05300
fb: -0.46140 0.06145 -0.91617 -0.97687
fb: -0.47508 0.05623 -0.90933 -0.97003
dist/lin/ang/drive_left/drive_right/tv_l/tv_r/av_l/av_r/x/y/theta/t_err: -0.84142 -0.91440 0.31716 -0.53131 -0.41885 -0.49672 -0.49106 -0.49672 -0.49106 23.59977 23.24720 222.75158 0.03172
target: -0.91440 0.04149
target: -0.91440 0.04149
fb: -0.50244 0.04515 -0.98250 -1.00000
fb: -0.49648 0.03937 -0.98548 -1.00000
dist/lin/ang/drive_left/drive_right/tv_l/tv_r/av_l/av_r/x/y/theta/t_err: -0.83149 -1.00584 0.25260 -0.53585 -0.45712 -0.46508 -0.54256 -0.46508 -0.54256 23.31365 22.98081 223.14076 0.02526
target: -1.00584 0.03304
target: -1.00584 0.03304
fb: -0.50222 0.03351 -1.00000 -1.00000
fb: -0.56820 0.03421 -1.00000 -1.00000
dist/lin/ang/drive_left/drive_right/tv_l/tv_r/av_l/av_r/x/y/theta/t_err: -0.82013 -1.09728 0.20516 -0.60241 -0.53399 -0.59050 -0.50253 -0.59050 -0.50253 22.98802 22.67400 223.43050 0.02052
target: -1.09728 0.02684
target: -1.09728 0.02684
fb: -0.60902 0.03769 -1.00000 -1.00000
fb: -0.65161 0.03553 -1.00000 -1.00000
dist/lin/ang/drive_left/drive_right/tv_l/tv_r/av_l/av_r/x/y/theta/t_err: -0.80710 -1.18872 0.15203 -0.68714 -0.61607 -0.53897 -0.69831 -0.53897 -0.69831 22.61646 22.32018 223.75115 0.01520
target: -1.18872 0.01989
target: -1.18872 0.01989
fb: -0.74671 0.02864 -1.00000 -1.00000
fb: -0.75068 0.02278 -1.00000 -1.00000
dist/lin/ang/drive_left/drive_right/tv_l/tv_r/av_l/av_r/x/y/theta/t_err: -0.79209 -1.28016 0.11280 -0.77347 -0.72790 -0.74536 -0.80094 -0.74536 -0.80094 22.19038 21.91050 223.99010 0.01128
target: -1.28016 0.01476
target: -1.28016 0.01476
fb: -0.75819 0.01965 -1.00000 -1.00000
fb: -0.79504 0.01421 -1.00000 -1.00000
dist/lin/ang/drive_left/drive_right/tv_l/tv_r/av_l/av_r/x/y/theta/t_err: -0.77619 -1.37160 0.08711 -0.80925 -0.78082 -0.83158 -0.83692 -0.83158 -0.83692 21.74063 21.47505 224.14878 0.00871
target: -1.37160 0.01140
target: -1.37160 0.01140
fb: -0.84954 0.01616 -1.00000 -1.00000
fb: -0.93670 0.01756 -1.00000 -1.00000
dist/lin/ang/drive_left/drive_right/tv_l/tv_r/av_l/av_r/x/y/theta/t_err: -0.75746 -1.46304 0.06559 -0.95426 -0.91914 -0.86053 -0.86153 -0.86053 -0.86153 21.21201 20.96070 224.28275 0.00656
target: -1.46304 0.00858
target: -1.46304 0.00858
fb: -0.92302 0.01338 -1.00000 -1.00000
fb: -0.92324 0.00808 -1.00000 -1.00000
dist/lin/ang/drive_left/drive_right/tv_l/tv_r/av_l/av_r/x/y/theta/t_err: -0.73899 -1.55448 0.04955 -0.93132 -0.91516 -0.87114 -0.86550 -0.87114 -0.86550 20.69208 20.45262 224.38265 0.00495
target: -1.55448 0.00648
target: -1.55448 0.00648
fb: -1.02607 -0.00125 -1.00000 -1.00000
fb: -1.05497 -0.00098 -1.00000 -1.00000
dist/lin/ang/drive_left/drive_right/tv_l/tv_r/av_l/av_r/x/y/theta/t_err: -0.71789 -1.64592 0.05115 -1.05400 -1.05595 -0.86992 -0.86458 -0.86992 -0.86458 20.09841 19.87159 224.38179 0.00511
target: -1.64592 0.00669
target: -1.64592 0.00669
fb: -1.08211 0.00146 -1.00000 -1.00000
fb: -1.07064 0.00334 -1.00000 -1.00000
dist/lin/ang/drive_left/drive_right/tv_l/tv_r/av_l/av_r/x/y/theta/t_err: -0.69648 -1.73736 0.05179 -1.07398 -1.06729 -0.86633 -0.86475 -0.86633 -0.86475 19.49591 19.28195 224.38716 0.00518
target: -1.73736 0.00677
target: -1.73736 0.00677
fb: -1.15008 0.00411 -1.00000 -1.00000
fb: -1.24297 -0.00418 -1.00000 -1.00000
dist/lin/ang/drive_left/drive_right/tv_l/tv_r/av_l/av_r/x/y/theta/t_err: -0.67162 -1.76295 0.05424 -1.23879 -1.24715 -0.87764 -0.87128 -0.87764 -0.87128 18.79655 18.59727 224.38389 0.00542
target: -1.76295 0.00710
target: -1.76295 0.00710
fb: -1.15405 -0.01268 -1.00000 -1.00000
fb: -1.22378 -0.01589 -1.00000 -1.00000
dist/lin/ang/drive_left/drive_right/tv_l/tv_r/av_l/av_r/x/y/theta/t_err: -0.64715 -1.75671 0.07681 -1.20789 -1.23966 -0.88872 -0.88069 -0.88872 -0.88069 18.10724 17.92393 224.26838 0.00768
target: -1.75671 0.01005
target: -1.75671 0.01005
fb: -1.31491 -0.01630 -0.99690 -0.96315
fb: -1.27431 -0.01700 -1.00000 -0.98345
dist/lin/ang/drive_left/drive_right/tv_l/tv_r/av_l/av_r/x/y/theta/t_err: -0.62166 -1.74881 0.10552 -1.25731 -1.29131 -0.87472 -0.81994 -0.87472 -0.81994 17.38786 17.22444 224.12491 0.01055
target: -1.74881 0.01380
target: -1.74881 0.01380
fb: -1.35750 -0.01610 -0.96787 -0.92187
fb: -1.33036 -0.01407 -0.98144 -0.93544
dist/lin/ang/drive_left/drive_right/tv_l/tv_r/av_l/av_r/x/y/theta/t_err: -0.59506 -1.74096 0.13414 -1.31628 -1.34443 -0.77939 -0.76092 -0.77939 -0.76092 16.63509 16.49598 223.99083 0.01341
target: -1.74096 0.01755
target: -1.74096 0.01755
fb: -1.36721 -0.01087 -0.95853 -0.90760
fb: -1.41001 -0.01003 -0.93713 -0.88619
dist/lin/ang/drive_left/drive_right/tv_l/tv_r/av_l/av_r/x/y/theta/t_err: -0.56686 -1.73460 0.15742 -1.39998 -1.42005 -0.78692 -0.75289 -0.78692 -0.75289 15.83572 15.72550 223.89797 0.01574
target: -1.73460 0.02059
target: -1.73460 0.02059
fb: -1.42171 -0.01003 -0.93033 -0.88162
fb: -1.49320 -0.00927 -0.89459 -0.84587
dist/lin/ang/drive_left/drive_right/tv_l/tv_r/av_l/av_r/x/y/theta/t_err: -0.53700 -1.72814 0.18112 -1.48393 -1.50247 -0.79514 -0.79103 -0.79514 -0.79103 14.98790 14.91088 223.81466 0.01811
target: -1.72814 0.02369
target: -1.72814 0.02369
fb: -1.47776 -0.00676 -0.89837 -0.84499
fb: -1.46430 -0.00655 -0.90510 -0.85172
dist/lin/ang/drive_left/drive_right/tv_l/tv_r/av_l/av_r/x/y/theta/t_err: -0.50772 -1.72210 0.20336 -1.45775 -1.47085 -0.76211 -0.76231 -0.76211 -0.76231 14.15548 14.11310 223.74895 0.02034
target: -1.72210 0.02660
target: -1.72210 0.02660
fb: -1.45061 -0.00460 -0.90919 -0.85363
fb: -1.47577 -0.00467 -0.89661 -0.84105
dist/lin/ang/drive_left/drive_right/tv_l/tv_r/av_l/av_r/x/y/theta/t_err: -0.47821 -1.71668 0.22336 -1.47110 -1.48044 -0.78300 -0.79017 -0.78300 -0.79017 13.31577 13.30987 223.70754 0.02234
target: -1.71668 0.02922
target: -1.71668 0.02922
fb: -1.49342 -0.00383 -0.88578 -0.82934
fb: -1.57109 -0.00557 -0.84694 -0.79050
dist/lin/ang/drive_left/drive_right/tv_l/tv_r/av_l/av_r/x/y/theta/t_err: -0.44680 -1.71003 0.24799 -1.56552 -1.57667 -0.80661 -0.78247 -0.80661 -0.78247 12.42116 12.45544 223.65807 0.02480
target: -1.71003 0.03244
target: -1.71003 0.03244
fb: -1.51858 -0.00502 -0.86709 -0.80088
fb: -1.50490 -0.00279 -0.87393 -0.80772
dist/lin/ang/drive_left/drive_right/tv_l/tv_r/av_l/av_r/x/y/theta/t_err: -0.41671 -1.64913 0.27323 -1.50211 -1.50768 -0.81261 -0.75442 -0.81261 -0.75442 11.56355 11.63774 223.61771 0.02732
target: -1.64913 0.03574
target: -1.64913 0.03574
fb: -1.57463 0.00098 -0.56917 -0.49777
fb: -1.59029 0.00432 -0.56134 -0.48994
dist/lin/ang/drive_left/drive_right/tv_l/tv_r/av_l/av_r/x/y/theta/t_err: -0.38492 -1.57986 0.29370 -1.59461 -1.58597 -0.80214 -0.76297 -0.80214 -0.76297 10.65704 10.77389 223.62961 0.02937
target: -1.57986 0.03842
target: -1.57986 0.03842
fb: -1.64457 0.00550 -0.43659 -0.36717
fb: -1.55741 0.00627 -0.48018 -0.41075
dist/lin/ang/drive_left/drive_right/tv_l/tv_r/av_l/av_r/x/y/theta/t_err: -0.35378 -1.51062 0.31046 -1.56368 -1.55114 -0.60367 -0.56089 -0.60367 -0.56089 9.76976 9.92738 223.67969 0.03105
target: -1.51062 0.04061
target: -1.51062 0.04061
fb: -1.52829 0.00606 -0.43105 -0.36300
fb: -1.63089 0.00627 -0.37975 -0.31170
dist/lin/ang/drive_left/drive_right/tv_l/tv_r/av_l/av_r/x/y/theta/t_err: -0.32118 -1.43455 0.33153 -1.63716 -1.62462 -0.50597 -0.46697 -0.50597 -0.46697 8.84146 9.04006 223.73676 0.03315
target: -1.43455 0.04337
target: -1.43455 0.04337
fb: -1.56315 0.01136 -0.32142 -0.24453
fb: -1.52056 0.02174 -0.34271 -0.26582
dist/lin/ang/drive_left/drive_right/tv_l/tv_r/av_l/av_r/x/y/theta/t_err: -0.29079 -1.36282 0.34160 -1.54230 -1.49882 -0.45208 -0.42744 -0.45208 -0.42744 7.97722 8.21144 223.87168 0.03416
target: -1.36282 0.04468
target: -1.36282 0.04468
fb: -1.46231 0.02188 -0.31824 -0.25249
fb: -1.39832 0.01658 -0.35023 -0.28449
dist/lin/ang/drive_left/drive_right/tv_l/tv_r/av_l/av_r/x/y/theta/t_err: -0.26284 -1.29547 0.34258 -1.41490 -1.38174 -0.45361 -0.37150 -0.45361 -0.37150 7.18485 7.44696 224.06342 0.03426
target: -1.29547 0.04481
target: -1.29547 0.04481
fb: -1.46231 0.01533 -0.26915 -0.21387
fb: -1.37890 0.01721 -0.31085 -0.25558
dist/lin/ang/drive_left/drive_right/tv_l/tv_r/av_l/av_r/x/y/theta/t_err: -0.23528 -1.22248 0.35901 -1.39611 -1.36169 -0.42575 -0.35283 -0.42575 -0.35283 6.40546 6.69105 224.19225 0.03590
target: -1.22248 0.04696
target: -1.22248 0.04696
fb: -1.30123 0.02028 -0.27122 -0.19481
fb: -1.37294 0.02369 -0.23536 -0.15895
dist/lin/ang/drive_left/drive_right/tv_l/tv_r/av_l/av_r/x/y/theta/t_err: -0.20784 -1.14661 0.37209 -1.39663 -1.34925 -0.38567 -0.32528 -0.38567 -0.32528 5.63152 5.93627 224.37719 0.03721
target: -1.14661 0.04867
target: -1.14661 0.04867
fb: -1.28402 0.02592 -0.19832 -0.12350
fb: -1.17920 0.02703 -0.25072 -0.17591
dist/lin/ang/drive_left/drive_right/tv_l/tv_r/av_l/av_r/x/y/theta/t_err: -0.18427 -1.07896 0.37612 -1.20624 -1.15217 -0.34133 -0.25872 -0.34133 -0.25872 4.96917 5.28556 224.61219 0.03761
target: -1.07896 0.04920
target: -1.07896 0.04920
fb: -1.08807 0.03024 -0.26257 -0.19765
fb: -1.09182 0.03317 -0.26069 -0.19578
dist/lin/ang/drive_left/drive_right/tv_l/tv_r/av_l/av_r/x/y/theta/t_err: -0.16245 -1.07486 0.37603 -1.12499 -1.05866 -0.31931 -0.23525 -0.31931 -0.23525 4.35864 4.68030 224.88355 0.03760
target: -1.07486 0.04919
target: -1.07486 0.04919
fb: -1.12867 0.03804 -0.49032 -0.43027
fb: -0.96384 0.04069 -0.57274 -0.51269
dist/lin/ang/drive_left/drive_right/tv_l/tv_r/av_l/av_r/x/y/theta/t_err: -0.14309 -1.00878 0.31769 -1.00453 -0.92315 -0.30100 -0.23408 -0.30100 -0.23408 3.82236 4.14329 225.21778 0.03177
target: -1.00878 0.04156
target: -1.00878 0.04156
fb: -0.94839 0.04243 -0.23296 -0.25165
fb: -0.99694 0.04341 -0.20869 -0.22738
dist/lin/ang/drive_left/drive_right/tv_l/tv_r/av_l/av_r/x/y/theta/t_err: -0.12318 -0.93598 0.25364 -1.04035 -0.95353 -0.45103 -0.35692 -0.45103 -0.35692 3.27116 3.58438 225.58474 0.02536
target: -0.93598 0.03318
target: -0.93598 0.03318
fb: -0.94045 0.04229 -0.13473 -0.17131
fb: -0.92125 0.03958 -0.14433 -0.18091
dist/lin/ang/drive_left/drive_right/tv_l/tv_r/av_l/av_r/x/y/theta/t_err: -0.10478 -0.86325 0.18972 -0.96083 -0.88168 -0.28747 -0.27256 -0.28747 -0.27256 2.76517 3.06459 225.95098 0.01897
target: -0.86325 0.02482
target: -0.86325 0.02482
fb: -0.92699 0.03958 -0.06997 -0.11755
fb: -0.86874 0.03909 -0.09910 -0.14668
dist/lin/ang/drive_left/drive_right/tv_l/tv_r/av_l/av_r/x/y/theta/t_err: -0.08743 -0.78853 0.12922 -0.90782 -0.82965 -0.17747 -0.20686 -0.17747 -0.20686 2.29101 2.57156 226.29763 0.01292
target: -0.78853 0.01690
target: -0.78853 0.01690
fb: -0.85925 0.03142 0.09353 -0.07862
fb: -0.77385 0.01805 -0.06721 -0.12131
dist/lin/ang/drive_left/drive_right/tv_l/tv_r/av_l/av_r/x/y/theta/t_err: -0.07196 -0.71539 0.08661 -0.79190 -0.75581 -0.10731 -0.14750 -0.10731 -0.14750 1.87098 2.13013 226.54180 0.00866
target: -0.71539 0.01133
target: -0.71539 0.01133
fb: -0.64190 0.00906 -0.07973 -0.12018
fb: -0.64984 0.00425 -0.07575 -0.11621
dist/lin/ang/drive_left/drive_right/tv_l/tv_r/av_l/av_r/x/y/theta/t_err: -0.05897 -0.64759 0.07521 -0.65409 -0.64559 -0.06744 -0.13725 -0.06744 -0.13725 1.51928 1.75847 226.60711 0.00752
target: -0.64759 0.00984
target: -0.64759 0.00984
fb: -0.60130 0.00091 -0.07697 -0.08261
fb: -0.57791 -0.00376 -0.08866 -0.09431
dist/lin/ang/drive_left/drive_right/tv_l/tv_r/av_l/av_r/x/y/theta/t_err: -0.04741 -0.58067 0.07579 -0.57414 -0.58167 -0.09036 -0.12608 -0.09036 -0.12608 1.20668 1.42779 226.60379 0.00758
target: -0.58067 0.00991
target: -0.58067 0.00991
fb: -0.55452 -0.01129 0.06805 0.08645
fb: -0.52164 -0.01679 -0.06643 0.07001
dist/lin/ang/drive_left/drive_right/tv_l/tv_r/av_l/av_r/x/y/theta/t_err: -0.03697 -0.51278 0.09419 -0.50485 -0.53843 -0.08336 -0.07136 -0.08336 -0.07136 0.92424 1.12957 226.49836 0.00942
target: -0.51278 0.01232
target: -0.51278 0.01232
fb: -0.49648 -0.01456 0.09263 0.13529
fb: -0.39167 -0.00864 -0.07782 0.08288
dist/lin/ang/drive_left/drive_right/tv_l/tv_r/av_l/av_r/x/y/theta/t_err: -0.02913 -0.45518 0.11299 -0.38303 -0.40031 -0.03900 0.06247 -0.03900 0.06247 0.71173 0.90608 226.39064 0.01130
target: -0.45518 0.01478
target: -0.45518 0.01478
fb: -0.33364 0.00334 -0.17400 -0.13695
fb: -0.28134 0.01289 -0.20015 -0.16310
dist/lin/ang/drive_left/drive_right/tv_l/tv_r/av_l/av_r/x/y/theta/t_err: -0.02351 -0.40889 0.10435 -0.29423 -0.26845 -0.06281 0.02842 -0.06281 0.02842 0.55896 0.74565 226.44015 0.01043
target: -0.40889 0.01365
target: -0.40889 0.01365
fb: -0.19970 0.02111 -0.20638 -0.20316
fb: -0.19771 0.02550 -0.20738 -0.20415
dist/lin/ang/drive_left/drive_right/tv_l/tv_r/av_l/av_r/x/y/theta/t_err: -0.01956 -0.37301 0.07044 -0.22321 -0.17221 -0.17658 -0.14628 -0.17658 -0.14628 0.45188 0.63265 226.63443 0.00704
target: -0.37301 0.00921
target: -0.37301 0.00921
fb: -0.20963 0.02383 -0.17318 -0.20564
fb: -0.20367 0.02048 -0.17615 -0.20862
dist/lin/ang/drive_left/drive_right/tv_l/tv_r/av_l/av_r/x/y/theta/t_err: -0.01550 -0.33201 0.03495 -0.22415 -0.18318 -0.19508 -0.18772 -0.19508 -0.18772 0.34198 0.51586 226.83776 0.00350
target: -0.33201 0.00457
target: -0.33201 0.00457
fb: -0.23081 0.01735 -0.11265 -0.15320
fb: -0.22882 0.01275 -0.11364 -0.15419
dist/lin/ang/drive_left/drive_right/tv_l/tv_r/av_l/av_r/x/y/theta/t_err: -0.01093 -0.27880 0.01014 -0.24157 -0.21607 -0.17247 -0.18119 -0.17247 -0.18119 0.21889 0.38428 226.97993 0.00101
target: -0.27880 0.00133
target: -0.27880 0.00133
fb: -0.21316 0.00975 -0.05486 -0.08719
fb: -0.20941 0.00968 -0.05674 -0.08907
dist/lin/ang/drive_left/drive_right/tv_l/tv_r/av_l/av_r/x/y/theta/t_err: -0.00675 -0.00169 -0.00560 -0.21909 -0.19972 -0.11753 -0.13211 -0.11753 -0.13211 0.10649 0.26364 227.07011 -0.00056
target: -0.00169 -0.00073
target: -0.00169 -0.00073
fb: -0.19021 0.00934 0.69665 0.68203
fb: -0.18624 0.00606 0.69466 0.68004
dist/lin/ang/drive_left/drive_right/tv_l/tv_r/av_l/av_r/x/y/theta/t_err: -0.00302 -0.00076 -0.01867 -0.19230 -0.18017 -0.06486 -0.00206 -0.06486 -0.00206 0.00669 0.15620 227.14498 -0.00187
target: -0.00076 -0.00244
target: -0.00076 -0.00244
fb: -0.17653 0.00327 0.04993 -0.05166
fb: -0.15910 0.00098 0.04993 -0.05166
dist/lin/ang/drive_left/drive_right/tv_l/tv_r/av_l/av_r/x/y/theta/t_err: 0.00016 0.00004 -0.02302 -0.16007 -0.15812 0.42708 0.12644 0.42708 0.12644 -0.07849 0.06434 227.16992 -0.00230
target: 0.00004 -0.00301
target: 0.00004 -0.00301
fb: -0.12600 -0.00077 0.04521 -0.04689
fb: -0.06399 -0.01129 0.04521 -0.04689
dist/lin/ang/drive_left/drive_right/tv_l/tv_r/av_l/av_r/x/y/theta/t_err: 0.00363 0.00091 14.47619 -0.01983 -0.09271 0.04381 -0.03969 0.04381 -0.03969 -0.14297 -0.00500 226.86045 2.35870
target: 0.00091 1.89363
target: 0.00091 1.89363
fb: -0.06399 -0.03783 -1.00000 1.00000
fb: -0.06598 -0.03825 -1.00000 1.00000
dist/lin/ang/drive_left/drive_right/tv_l/tv_r/av_l/av_r/x/y/theta/t_err: 0.00391 0.00098 14.47619 -0.02773 -0.10423 0.00358 0.07717 0.00358 0.07717 -0.17860 -0.04281 226.53144 2.36444
target: 0.00098 1.89363
target: 0.00098 1.89363
fb: -0.06399 -0.03317 -1.00000 1.00000
fb: -0.03685 -0.01651 -1.00000 1.00000
dist/lin/ang/drive_left/drive_right/tv_l/tv_r/av_l/av_r/x/y/theta/t_err: 0.00466 0.00116 14.47619 -0.02034 -0.05336 -0.47006 0.52358 -0.47006 0.52358 -0.19860 -0.06383 226.29135 2.36863
target: 0.00116 1.89363
target: 0.00116 1.89363
fb: -0.00794 0.01979 -1.00000 1.00000
fb: -0.00375 0.06891 -1.00000 1.00000
dist/lin/ang/drive_left/drive_right/tv_l/tv_r/av_l/av_r/x/y/theta/t_err: 0.00472 0.00118 14.47619 -0.07266 0.06516 -0.72722 0.65106 -0.72722 0.65106 -0.20063 -0.06597 226.58482 2.36351
target: 0.00118 1.89363
target: 0.00118 1.89363
fb: -0.00375 0.12110 -1.00000 1.00000
fb: 0.00000 0.16973 -1.00000 1.00000
dist/lin/ang/drive_left/drive_right/tv_l/tv_r/av_l/av_r/x/y/theta/t_err: 0.00467 0.00117 14.47619 -0.16973 0.16973 -0.78094 0.74072 -0.78094 0.74072 -0.20063 -0.06597 227.74691 2.34323
target: 0.00117 1.89363
target: 0.00117 1.89363
fb: 0.00000 0.21558 -1.00000 1.00000
fb: 0.00000 0.26094 -1.00000 1.00000
dist/lin/ang/drive_left/drive_right/tv_l/tv_r/av_l/av_r/x/y/theta/t_err: 0.00536 0.00134 14.47619 -0.34503 0.34503 -0.29092 0.19367 -0.29092 0.19367 -0.20063 -0.06597 232.47148 2.54347
target: 0.00134 1.89363
target: 0.00134 1.89363
fb: 0.00000 0.38510 -1.00000 1.00000
fb: 0.00000 0.41046 -1.00000 1.00000
dist/lin/ang/drive_left/drive_right/tv_l/tv_r/av_l/av_r/x/y/theta/t_err: 0.00425 0.00106 14.47619 -0.41046 0.41046 -0.31006 0.34272 -0.31006 0.34272 -0.20063 -0.06597 235.88497 2.48389
target: 0.00106 1.89363
target: 0.00106 1.89363
fb: 0.00000 0.40872 -1.00000 1.00000
fb: 0.00000 0.39555 -1.00000 1.00000
dist/lin/ang/drive_left/drive_right/tv_l/tv_r/av_l/av_r/x/y/theta/t_err: 0.00403 0.00101 14.47619 -0.39555 0.39555 -0.68581 0.70753 -0.68581 0.70753 -0.20063 -0.06597 239.42890 2.42204
target: 0.00101 1.89363
target: 0.00101 1.89363
fb: 0.00000 0.40600 -1.00000 1.00000
fb: 0.00000 0.43610 -1.00000 1.00000
dist/lin/ang/drive_left/drive_right/tv_l/tv_r/av_l/av_r/x/y/theta/t_err: 0.00380 0.00095 14.47619 -0.43610 0.43610 -0.81433 0.81072 -0.81433 0.81072 -0.20063 -0.06597 243.05162 2.35881
target: 0.00095 1.89363
target: 0.00095 1.89363
fb: 0.00000 0.46892 -1.00000 1.00000
fb: 0.00000 0.49066 -1.00000 1.00000
dist/lin/ang/drive_left/drive_right/tv_l/tv_r/av_l/av_r/x/y/theta/t_err: 0.00352 0.00088 14.47619 -0.49066 0.49066 -0.84478 0.82900 -0.84478 0.82900 -0.20063 -0.06597 247.20216 2.28637
target: 0.00088 1.89363
target: 0.00088 1.89363
fb: -0.00397 0.50320 -1.00000 1.00000
fb: -0.00397 0.38991 -1.00000 1.00000
increased kp to 8.10000
increased target to 32.00000
decreased target to 24.00000
increased kp to 8.20000
increased kp to 8.30000
increased kp to 8.40000
increased kp to 8.50000
increased kp to 8.60000
increased kd to 1.70000
increased kd to 1.80000
increased kd to 1.90000
increased kd to 2.00000
increased kd to 2.10000
increased kd to 2.20000
increased kd to 2.30000
increased kd to 2.40000
increased kd to 2.50000
increased kd to 2.60000
increased kd to 2.70000
increased kd to 2.80000
increased kd to 2.90000
increased kd to 3.00000
increased kd to 3.10000
increased kd to 3.20000
increased kd to 3.30000
increased kd to 3.40000
increased kd to 3.50000
increased kd to 3.60000
increased kd to 3.70000
start is 0.00000 0.00000
dist/lin/ang/drive_left/drive_right/tv_l/tv_r/av_l/av_r/x/y/theta/t_err: 0.86210 0.09144 1.20000 0.00000 0.00000 -0.00033 0.00000 -0.00033 0.00000 0.00000 0.00000 0.00004 0.78540
target: 0.09144 0.15697
target: 0.09144 0.15697
fb: 0.00000 0.00000 -0.63386 1.00000
fb: 0.00000 0.00000 -0.63386 1.00000
dist/lin/ang/drive_left/drive_right/tv_l/tv_r/av_l/av_r/x/y/theta/t_err: 0.86210 0.18288 2.40000 0.00000 0.00000 -0.02842 0.05031 -0.02842 0.05031 0.00000 0.00000 0.00000 0.78540
target: 0.18288 0.31394
target: 0.18288 0.31394
fb: 0.00000 0.00000 -0.77073 1.00000
fb: 0.00000 0.00279 -0.76933 1.00000
dist/lin/ang/drive_left/drive_right/tv_l/tv_r/av_l/av_r/x/y/theta/t_err: 0.86210 0.27432 3.60000 -0.00279 0.00279 -0.42914 0.49125 -0.42914 0.49125 0.00000 0.00000 0.00011 0.78540
target: 0.27432 0.47092
target: 0.27432 0.47092
fb: 0.00000 0.04348 -0.85309 1.00000
fb: 0.00000 0.09434 -0.82766 1.00000
dist/lin/ang/drive_left/drive_right/tv_l/tv_r/av_l/av_r/x/y/theta/t_err: 0.86210 0.36576 4.80000 -0.09434 0.09434 -0.46781 0.64542 -0.46781 0.64542 0.00000 0.00000 0.14539 0.78286
target: 0.36576 0.62789
target: 0.36576 0.62789
fb: 0.00000 0.14040 -0.90874 1.00000
fb: 0.00000 0.18255 -0.88766 1.00000
dist/lin/ang/drive_left/drive_right/tv_l/tv_r/av_l/av_r/x/y/theta/t_err: 0.86210 0.44600 6.00000 -0.18255 0.18255 -0.44078 0.71011 -0.44078 0.71011 0.00000 0.00000 1.06405 0.76683
target: 0.44600 0.78486
target: 0.44600 0.78486
fb: 0.00000 0.21899 -1.00000 1.00000
fb: 0.00000 0.25676 -0.98681 1.00000
dist/lin/ang/drive_left/drive_right/tv_l/tv_r/av_l/av_r/x/y/theta/t_err: 0.86210 0.47481 6.07550 -0.25676 0.25676 -0.49569 0.78881 -0.49569 0.78881 0.00000 0.00000 2.73064 0.73774
target: 0.47481 0.79474
target: 0.47481 0.79474
fb: 0.00000 0.29403 -0.39559 1.00000
fb: 0.00000 0.33312 -0.37605 1.00000
dist/lin/ang/drive_left/drive_right/tv_l/tv_r/av_l/av_r/x/y/theta/t_err: 0.86210 0.51709 5.62013 -0.33312 0.33312 -0.46350 0.84719 -0.46350 0.84719 0.00000 0.00000 5.05594 0.69716
target: 0.51709 0.73517
target: 0.51709 0.73517
fb: 0.00000 0.36817 0.29118 1.00000
fb: 0.00000 0.39771 0.30595 1.00000
dist/lin/ang/drive_left/drive_right/tv_l/tv_r/av_l/av_r/x/y/theta/t_err: 0.86210 0.57502 5.06733 -0.39771 0.39771 -0.28611 0.89814 -0.28611 0.89814 0.00000 0.00000 8.03535 0.64515
target: 0.57502 0.66286
target: 0.57502 0.66286
fb: 0.01147 0.42244 0.56987 1.00000
fb: 0.05627 0.44223 0.55737 1.00000
dist/lin/ang/drive_left/drive_right/tv_l/tv_r/av_l/av_r/x/y/theta/t_err: 0.86192 0.64907 4.45407 -0.38597 0.49850 0.25203 0.90378 0.25203 0.90378 0.00888 0.00167 11.55638 0.58385
target: 0.64907 0.58264
target: 0.64907 0.58264
fb: 0.10878 0.45930 0.80106 0.98855
fb: 0.16659 0.45679 0.77090 0.96090
dist/lin/ang/drive_left/drive_right/tv_l/tv_r/av_l/av_r/x/y/theta/t_err: 0.86006 0.73722 3.83130 -0.29020 0.62338 0.43547 0.85569 0.43547 0.85569 0.09210 0.02189 15.45094 0.51719
target: 0.73722 0.50117
target: 0.73722 0.50117
fb: 0.22109 0.44983 0.97777 0.97299
fb: 0.26765 0.43666 0.94791 0.95629
dist/lin/ang/drive_left/drive_right/tv_l/tv_r/av_l/av_r/x/y/theta/t_err: 0.85614 0.82866 3.25055 -0.16901 0.70430 0.36892 0.63272 0.36892 0.63272 0.25809 0.07428 19.43109 0.45012
target: 0.82866 0.42520
target: 0.82866 0.42520
fb: 0.31222 0.41785 1.00000 0.97579
fb: 0.31619 0.39973 1.00000 0.98287
dist/lin/ang/drive_left/drive_right/tv_l/tv_r/av_l/av_r/x/y/theta/t_err: 0.85043 0.92010 2.75216 -0.08354 0.71592 0.41528 0.56261 0.41528 0.56261 0.48699 0.16386 23.19251 0.38744
target: 0.92010 0.36001
target: 0.92010 0.36001
fb: 0.31796 0.38008 1.00000 1.00000
fb: 0.33936 0.36747 1.00000 1.00000
dist/lin/ang/drive_left/drive_right/tv_l/tv_r/av_l/av_r/x/y/theta/t_err: 0.84448 1.01154 2.30449 -0.02811 0.70683 0.57117 0.61053 0.57117 0.61053 0.71392 0.26954 26.64105 0.32988
target: 1.01154 0.30145
target: 1.01154 0.30145
fb: 0.40137 0.35486 1.00000 1.00000
fb: 0.47330 0.33166 1.00000 1.00000
dist/lin/ang/drive_left/drive_right/tv_l/tv_r/av_l/av_r/x/y/theta/t_err: 0.83681 1.10298 1.89608 0.14164 0.80496 0.69728 0.53319 0.69728 0.53319 0.99203 0.41959 29.82348 0.27717
target: 1.10298 0.24803
target: 1.10298 0.24803
fb: 0.50044 0.29926 1.00000 1.00000
fb: 0.56223 0.27473 1.00000 1.00000
dist/lin/ang/drive_left/drive_right/tv_l/tv_r/av_l/av_r/x/y/theta/t_err: 0.82713 1.19442 1.55857 0.28750 0.83696 0.73356 0.77683 0.73356 0.77683 1.32878 0.62416 32.64450 0.23095
target: 1.19442 0.20388
target: 1.19442 0.20388
fb: 0.65733 0.26282 1.00000 1.00000
fb: 0.68867 0.25682 1.00000 1.00000
dist/lin/ang/drive_left/drive_right/tv_l/tv_r/av_l/av_r/x/y/theta/t_err: 0.81427 1.28586 1.30442 0.43184 0.94549 0.80439 0.83536 0.80439 0.83536 1.75842 0.91274 35.02483 0.19275
target: 1.28586 0.17063
target: 1.28586 0.17063
fb: 0.72353 0.25014 1.00000 1.00000
fb: 0.79502 0.23836 1.00000 1.00000
dist/lin/ang/drive_left/drive_right/tv_l/tv_r/av_l/av_r/x/y/theta/t_err: 0.80002 1.37730 1.01925 0.55666 1.03338 0.85347 0.85828 0.85347 0.85828 2.21826 1.24903 37.25210 0.15699
target: 1.37730 0.13333
target: 1.37730 0.13333
fb: 0.77958 0.22659 1.00000 1.00000
fb: 0.80098 0.21509 1.00000 1.00000
dist/lin/ang/drive_left/drive_right/tv_l/tv_r/av_l/av_r/x/y/theta/t_err: 0.78458 1.45978 0.75744 0.58589 1.01607 0.86206 0.86169 0.86206 0.86169 2.70018 1.62918 39.31247 0.12379
target: 1.45978 0.09908
target: 1.45978 0.09908
fb: 0.89410 0.20387 1.00000 1.00000
fb: 0.90381 0.19837 1.00000 1.00000
dist/lin/ang/drive_left/drive_right/tv_l/tv_r/av_l/av_r/x/y/theta/t_err: 0.76681 1.53214 0.52953 0.70544 1.10218 0.86511 0.85981 0.86511 0.85981 3.23734 2.08423 41.17263 0.09381
target: 1.53214 0.06927
target: 1.53214 0.06927
fb: 0.95214 0.19258 1.00000 1.00000
fb: 0.97729 0.19105 1.00000 1.00000
dist/lin/ang/drive_left/drive_right/tv_l/tv_r/av_l/av_r/x/y/theta/t_err: 0.74782 1.60258 0.30549 0.78624 1.16834 0.87419 0.86647 0.87419 0.86647 3.79385 2.58656 42.89560 0.06573
target: 1.60258 0.03996
target: 1.60258 0.03996
fb: 1.04150 0.18764 1.00000 1.00000
fb: 1.16375 0.17935 1.00000 1.00000
dist/lin/ang/drive_left/drive_right/tv_l/tv_r/av_l/av_r/x/y/theta/t_err: 0.72702 1.67437 0.07282 0.98440 1.34309 0.88378 0.87522 0.88378 0.87522 4.38599 3.15390 44.55896 0.03814
target: 1.67437 0.00953
target: 1.67437 0.00953
fb: 1.10549 0.17168 1.00000 1.00000
fb: 1.11896 0.16513 1.00000 1.00000
dist/lin/ang/drive_left/drive_right/tv_l/tv_r/av_l/av_r/x/y/theta/t_err: 0.70492 1.74530 -0.14159 0.95382 1.28409 0.88753 0.88517 0.88753 0.88517 4.99808 3.77279 46.11107 0.01183
target: 1.74530 -0.01852
target: 1.74530 -0.01852
fb: 1.26062 0.15935 1.00000 1.00000
fb: 1.19464 0.15092 1.00000 1.00000
dist/lin/ang/drive_left/drive_right/tv_l/tv_r/av_l/av_r/x/y/theta/t_err: 0.67971 1.74145 -0.34568 1.04372 1.34556 0.88858 0.88650 0.88858 0.88650 5.67693 4.49694 47.54502 -0.01323
target: 1.74145 -0.04522
target: 1.74145 -0.04522
fb: 1.24495 0.14179 1.00000 0.86339
fb: 1.33829 0.13350 1.00000 0.81672
dist/lin/ang/drive_left/drive_right/tv_l/tv_r/av_l/av_r/x/y/theta/t_err: 0.65482 1.67755 -0.53696 1.20479 1.47179 0.89833 0.89558 0.89833 0.89558 6.32967 5.22828 48.84762 -0.03694
target: 1.67755 -0.07024
target: 1.67755 -0.07024
fb: 1.33432 0.12409 0.82407 0.51098
fb: 1.41751 0.11441 0.78247 0.46938
dist/lin/ang/drive_left/drive_right/tv_l/tv_r/av_l/av_r/x/y/theta/t_err: 0.62816 1.62003 -0.71025 1.30310 1.53192 0.88072 0.75750 0.88072 0.75750 7.01275 6.02654 49.99240 -0.05893
target: 1.62003 -0.09291
target: 1.62003 -0.09291
fb: 1.39059 0.10347 0.77361 0.45129
fb: 1.40229 0.08800 0.76776 0.44544
dist/lin/ang/drive_left/drive_right/tv_l/tv_r/av_l/av_r/x/y/theta/t_err: 0.60042 1.56838 -0.86917 1.31429 1.49029 0.75081 0.54206 0.75081 0.54206 7.70938 6.87130 50.97622 -0.07923
target: 1.56838 -0.11370
target: 1.56838 -0.11370
fb: 1.46231 0.07643 0.71972 0.38641
fb: 1.42921 0.06940 0.73627 0.40295
dist/lin/ang/drive_left/drive_right/tv_l/tv_r/av_l/av_r/x/y/theta/t_err: 0.57128 1.52492 -0.99406 1.35981 1.49861 0.74586 0.45669 0.74586 0.45669 8.42823 7.77076 51.72768 -0.09675
target: 1.52492 -0.13003
target: 1.52492 -0.13003
fb: 1.39435 0.05748 0.73774 0.42258
fb: 1.41398 0.03693 0.72792 0.41276
dist/lin/ang/drive_left/drive_right/tv_l/tv_r/av_l/av_r/x/y/theta/t_err: 0.54355 1.48792 -1.10408 1.37706 1.45091 0.72125 0.44264 0.72125 0.44264 9.10377 8.63623 52.30170 -0.11199
target: 1.48792 -0.14442
target: 1.48792 -0.14442
fb: 1.38662 0.01449 0.73461 0.41764
fb: 1.31292 -0.00683 0.77146 0.45449
dist/lin/ang/drive_left/drive_right/tv_l/tv_r/av_l/av_r/x/y/theta/t_err: 0.51601 1.46208 -1.15635 1.31975 1.30609 0.71644 0.45414 0.71644 0.45414 9.76906 9.50195 52.56946 -0.12281
target: 1.46208 -0.15126
target: 1.46208 -0.15126
fb: 1.35573 -0.02850 0.74178 0.48362
fb: 1.44664 -0.04626 0.69633 0.43816
dist/lin/ang/drive_left/drive_right/tv_l/tv_r/av_l/av_r/x/y/theta/t_err: 0.48911 1.45056 -1.14329 1.49291 1.40038 0.74158 0.45703 0.74158 0.45703 10.41835 10.34929 52.46158 -0.12769
target: 1.45056 -0.14955
target: 1.45056 -0.14955
fb: 1.43517 -0.06229 0.70923 0.53025
fb: 1.36742 -0.07567 0.74310 0.56412
dist/lin/ang/drive_left/drive_right/tv_l/tv_r/av_l/av_r/x/y/theta/t_err: 0.46064 1.45081 -1.09626 1.44309 1.29176 0.70136 0.46475 0.70136 0.46475 11.11008 11.24290 52.01346 -0.12759
target: 1.45081 -0.14340
target: 1.45081 -0.14340
fb: 1.37118 -0.08514 0.76443 0.63368
fb: 1.28777 -0.09469 0.80613 0.67538
dist/lin/ang/drive_left/drive_right/tv_l/tv_r/av_l/av_r/x/y/theta/t_err: 0.43343 1.44267 -1.02041 1.38245 1.19308 0.72464 0.51472 0.72464 0.51472 11.77957 12.08992 51.32670 -0.12328
target: 1.44267 -0.13348
target: 1.44267 -0.13348
fb: 1.33808 -0.10361 0.71639 0.63287
fb: 1.45260 -0.11462 0.65913 0.57561
dist/lin/ang/drive_left/drive_right/tv_l/tv_r/av_l/av_r/x/y/theta/t_err: 0.40686 1.41429 -0.93053 1.56721 1.33798 0.73953 0.63175 0.73953 0.63175 12.44431 12.90734 50.47603 -0.11602
target: 1.41429 -0.12172
target: 1.41429 -0.12172
fb: 1.33432 -0.12570 0.59532 0.54404
fb: 1.33432 -0.13273 0.59532 0.54404
dist/lin/ang/drive_left/drive_right/tv_l/tv_r/av_l/av_r/x/y/theta/t_err: 0.38034 1.39050 -0.81274 1.46705 1.20159 0.64628 0.58825 0.64628 0.58825 13.11984 13.71202 49.45102 -0.10565
target: 1.39050 -0.10632
target: 1.39050 -0.10632
fb: 1.37691 -0.13224 0.54394 0.54615
fb: 1.32263 -0.12723 0.57109 0.57329
dist/lin/ang/drive_left/drive_right/tv_l/tv_r/av_l/av_r/x/y/theta/t_err: 0.35294 1.36713 -0.68191 1.44985 1.19540 0.58194 0.54208 0.58194 0.54208 13.83288 14.52871 48.29648 -0.09295
target: 1.36713 -0.08920
target: 1.36713 -0.08920
fb: 1.34602 -0.12409 0.52068 0.56117
fb: 1.39633 -0.12089 0.49553 0.53601
dist/lin/ang/drive_left/drive_right/tv_l/tv_r/av_l/av_r/x/y/theta/t_err: 0.32612 1.34094 -0.57490 1.51721 1.27544 0.55644 0.55253 0.55644 0.55253 14.54587 15.31288 47.18419 -0.08038
target: 1.34094 -0.07520
target: 1.34094 -0.07520
fb: 1.31866 -0.11970 0.50382 0.53499
fb: 1.32836 -0.11559 0.49896 0.53013
dist/lin/ang/drive_left/drive_right/tv_l/tv_r/av_l/av_r/x/y/theta/t_err: 0.29982 1.31104 -0.47356 1.44396 1.21277 0.51108 0.53353 0.51108 0.53353 15.25841 16.06809 46.12633 -0.06818
target: 1.31104 -0.06195
target: 1.31104 -0.06195
fb: 1.37890 -0.10960 0.42608 0.46833
fb: 1.29549 -0.10556 0.46779 0.51003
dist/lin/ang/drive_left/drive_right/tv_l/tv_r/av_l/av_r/x/y/theta/t_err: 0.27229 1.27227 -0.38320 1.40105 1.18993 0.48936 0.51778 0.48936 0.51778 16.01772 16.84416 45.12951 -0.05680
target: 1.27227 -0.05013
target: 1.27227 -0.05013
fb: 1.25290 -0.10256 0.41685 0.46197
fb: 1.29747 -0.09650 0.39457 0.43968
dist/lin/ang/drive_left/drive_right/tv_l/tv_r/av_l/av_r/x/y/theta/t_err: 0.24727 1.23392 -0.29065 1.39397 1.20097 0.47772 0.48697 0.47772 0.48697 16.71938 17.53763 44.21205 -0.04572
target: 1.23392 -0.03802
target: 1.23392 -0.03802
fb: 1.32660 -0.08542 0.33736 0.40124
fb: 1.31491 -0.07755 0.34321 0.40709
dist/lin/ang/drive_left/drive_right/tv_l/tv_r/av_l/av_r/x/y/theta/t_err: 0.22076 1.18381 -0.22136 1.39246 1.23736 0.45617 0.44147 0.45617 0.44147 17.47340 18.26051 43.39633 -0.03609
target: 1.18381 -0.02896
target: 1.18381 -0.02896
fb: 1.24319 -0.06988 0.29396 0.34257
fb: 1.22378 -0.05999 0.30367 0.35228
dist/lin/ang/drive_left/drive_right/tv_l/tv_r/av_l/av_r/x/y/theta/t_err: 0.19591 1.12893 -0.17205 1.28377 1.16378 0.40622 0.40158 0.40622 0.40158 18.18858 18.92890 42.73216 -0.02834
target: 1.12893 -0.02251
target: 1.12893 -0.02251
fb: 1.27607 -0.05031 0.21590 0.24959
fb: 1.21804 -0.04194 0.24491 0.27861
dist/lin/ang/drive_left/drive_right/tv_l/tv_r/av_l/av_r/x/y/theta/t_err: 0.17039 1.10084 -0.14968 1.25998 1.17609 0.35094 0.35986 0.35094 0.35986 18.92978 19.60728 42.22681 -0.02307
target: 1.10084 -0.01958
target: 1.10084 -0.01958
fb: 1.15581 -0.03581 0.37149 0.37736
fb: 1.11499 -0.02933 0.39190 0.39777
dist/lin/ang/drive_left/drive_right/tv_l/tv_r/av_l/av_r/x/y/theta/t_err: 0.14725 1.02336 -0.08683 1.14432 1.08566 0.33708 0.33144 0.33708 0.33144 19.60570 20.21671 41.86862 -0.01682
target: 1.02336 -0.01136
target: 1.02336 -0.01136
fb: 1.04725 -0.02383 0.12833 0.19281
fb: 1.04151 -0.02132 0.13120 0.19568
dist/lin/ang/drive_left/drive_right/tv_l/tv_r/av_l/av_r/x/y/theta/t_err: 0.12632 0.94783 -0.06796 1.06283 1.02019 0.31414 0.34272 0.31414 0.34272 20.22099 20.76569 41.62243 -0.01252
target: 0.94783 -0.00889
target: 0.94783 -0.00889
fb: 1.08807 -0.02251 0.07114 0.08709
fb: 1.12294 -0.02313 -0.06434 0.06966
dist/lin/ang/drive_left/drive_right/tv_l/tv_r/av_l/av_r/x/y/theta/t_err: 0.10457 0.86237 -0.04786 1.14607 1.09980 0.18033 0.24675 0.18033 0.24675 20.86241 21.33367 41.43034 -0.00917
target: 0.86237 -0.00626
target: 0.86237 -0.00626
fb: 0.97929 -0.02446 -0.11262 -0.10155
fb: 0.93096 -0.02564 -0.08846 -0.07739
dist/lin/ang/drive_left/drive_right/tv_l/tv_r/av_l/av_r/x/y/theta/t_err: 0.08499 0.77745 -0.01444 0.95660 0.90532 -0.01969 0.10078 -0.01969 0.10078 21.44139 21.84295 41.22352 -0.00556
target: 0.77745 -0.00189
target: 0.77745 -0.00189
fb: 0.93493 -0.02425 -0.17636 -0.14382
fb: 0.81644 -0.02348 -0.11711 -0.08457
dist/lin/ang/drive_left/drive_right/tv_l/tv_r/av_l/av_r/x/y/theta/t_err: 0.06629 0.68664 0.02018 0.83992 0.79296 -0.09836 -0.05375 -0.09836 -0.05375 21.99598 22.32707 41.00521 -0.00175
target: 0.68664 0.00264
target: 0.68664 0.00264
fb: 0.73502 -0.02251 -0.18641 -0.14645
fb: 0.69817 -0.01832 -0.16798 -0.12803
dist/lin/ang/drive_left/drive_right/tv_l/tv_r/av_l/av_r/x/y/theta/t_err: 0.05160 0.60577 0.04793 0.71649 0.67984 -0.12919 -0.08742 -0.12919 -0.08742 22.43339 22.70605 40.80301 0.00178
target: 0.60577 0.00627
target: 0.60577 0.00627
fb: 0.61851 -0.01407 -0.16047 -0.12381
fb: 0.51392 -0.01289 -0.10818 -0.07152
dist/lin/ang/drive_left/drive_right/tv_l/tv_r/av_l/av_r/x/y/theta/t_err: 0.03923 0.52821 0.06272 0.52681 0.50103 -0.15142 -0.11325 -0.15142 -0.11325 22.80246 23.02381 40.65078 0.00443
target: 0.52821 0.00820
target: 0.52821 0.00820
fb: 0.46736 -0.01303 -0.13599 -0.11207
fb: 0.38218 -0.01268 -0.09340 -0.06948
dist/lin/ang/drive_left/drive_right/tv_l/tv_r/av_l/av_r/x/y/theta/t_err: 0.02989 0.46102 0.07389 0.39486 0.36950 -0.11447 -0.08436 -0.11447 -0.08436 23.08189 23.26327 40.53601 0.00644
target: 0.46102 0.00967
target: 0.46102 0.00967
fb: 0.34335 -0.01150 0.12101 0.15202
fb: 0.30826 -0.01024 0.13855 0.16956
dist/lin/ang/drive_left/drive_right/tv_l/tv_r/av_l/av_r/x/y/theta/t_err: 0.02302 0.40462 0.08961 0.31850 0.29802 -0.04569 -0.01642 -0.04569 -0.01642 23.28753 23.43878 40.42609 0.00836
target: 0.40462 0.01172
target: 0.40462 0.01172
fb: 0.23280 -0.00801 0.14473 0.18384
fb: 0.20941 -0.00362 0.15643 0.19553
dist/lin/ang/drive_left/drive_right/tv_l/tv_r/av_l/av_r/x/y/theta/t_err: 0.01837 0.36141 0.09812 0.21303 0.20578 0.12356 0.14528 0.12356 0.14528 23.42716 23.55754 40.34180 0.00983
target: 0.36141 0.01284
target: 0.36141 0.01284
fb: 0.20367 0.00077 0.15157 0.18369
fb: 0.21139 0.00265 0.14771 0.17982
dist/lin/ang/drive_left/drive_right/tv_l/tv_r/av_l/av_r/x/y/theta/t_err: 0.01429 0.31882 0.09074 0.20874 0.21404 0.14528 0.17831 0.14528 0.17831 23.54941 23.66132 40.32182 0.01018
target: 0.31882 0.01187
target: 0.31882 0.01187
fb: 0.23655 0.00439 0.10935 0.12145
fb: 0.24824 0.00683 0.10350 0.11561
dist/lin/ang/drive_left/drive_right/tv_l/tv_r/av_l/av_r/x/y/theta/t_err: 0.00956 0.26076 0.07833 0.24141 0.25507 0.13672 0.16597 0.13672 0.16597 23.69139 23.78188 40.35131 0.00966
target: 0.26076 0.01025
target: 0.26076 0.01025
fb: 0.25994 0.01212 -0.05780 -0.06358
fb: 0.24250 0.01247 -0.04909 -0.05486
dist/lin/ang/drive_left/drive_right/tv_l/tv_r/av_l/av_r/x/y/theta/t_err: 0.00436 0.00109 0.06165 0.23003 0.25498 0.05836 0.10522 0.05836 0.10522 23.84730 23.91448 40.42013 0.00846
target: 0.00109 0.00806
target: 0.00109 0.00806
fb: 0.18602 0.00857 -0.64601 -0.65973
fb: 0.14541 0.00327 -0.55355 -0.56727
dist/lin/ang/drive_left/drive_right/tv_l/tv_r/av_l/av_r/x/y/theta/t_err: 0.00064 0.00016 0.04305 0.14214 0.14869 -0.14014 -0.06158 -0.14014 -0.06158 23.95873 24.00954 40.51547 0.00680
target: 0.00016 0.00563
target: 0.00016 0.00563
fb: 0.11452 -0.00105 0.04439 -0.05289
fb: 0.07944 -0.00070 0.04439 -0.05289
dist/lin/ang/drive_left/drive_right/tv_l/tv_r/av_l/av_r/x/y/theta/t_err: -0.00165 -0.00041 0.05309 0.08013 0.07874 -0.19458 -0.37353 -0.19458 -0.37353 24.02727 24.06814 40.53267 0.00650
target: -0.00041 0.00694
target: -0.00041 0.00694
fb: 0.03685 0.00000 -0.05088 0.05318
fb: 0.00794 -0.00613 -0.05088 0.05318
final error: 0.10001, x: -0.04933, y: -0.08700
final local error: 0.10001, forwards: -0.09403, sideways: -0.03407
position: 24.04933 24.08700 40.53062
took 1.16000 time to finish turn
start is 0.00000 0.00000
dist/lin/ang/drive_left/drive_right/tv_l/tv_r/av_l/av_r/x/y/theta/t_err: 0.86210 0.09144 1.20000 0.00000 0.00000 0.00017 0.00017 0.00017 0.00017 0.00000 0.00000 0.00006 0.78540
target: 0.09144 0.15697
target: 0.09144 0.15697
fb: 0.00000 0.00000 -0.63386 1.00000
fb: 0.00000 0.00000 -0.63386 1.00000
dist/lin/ang/drive_left/drive_right/tv_l/tv_r/av_l/av_r/x/y/theta/t_err: 0.86210 0.18288 2.40000 0.00000 0.00000 -0.05408 0.07394 -0.05408 0.07394 0.00000 0.00000 0.00014 0.78540
target: 0.18288 0.31394
target: 0.18288 0.31394
fb: 0.00000 0.00000 -0.77073 1.00000
fb: 0.00000 0.00314 -0.76916 1.00000
dist/lin/ang/drive_left/drive_right/tv_l/tv_r/av_l/av_r/x/y/theta/t_err: 0.86210 0.27432 3.60000 -0.00314 0.00314 -0.43156 0.55611 -0.43156 0.55611 0.00000 0.00000 -0.00019 0.78540
target: 0.27432 0.47092
target: 0.27432 0.47092
fb: 0.00000 0.03881 -0.85543 1.00000
fb: 0.00000 0.08772 -0.83097 1.00000
dist/lin/ang/drive_left/drive_right/tv_l/tv_r/av_l/av_r/x/y/theta/t_err: 0.86210 0.36576 4.80000 -0.08772 0.08772 -0.43650 0.70139 -0.43650 0.70139 0.00000 0.00000 0.13159 0.78310
target: 0.36576 0.62789
target: 0.36576 0.62789
fb: 0.00000 0.12792 -0.91497 1.00000
fb: 0.00000 0.17196 -0.89295 1.00000
dist/lin/ang/drive_left/drive_right/tv_l/tv_r/av_l/av_r/x/y/theta/t_err: 0.86210 0.44441 6.00000 -0.17196 0.17196 -0.41650 0.77600 -0.41650 0.77600 0.00000 0.00000 0.97021 0.76846
target: 0.44441 0.78486
target: 0.44441 0.78486
fb: 0.00000 0.20666 -1.00000 1.00000
fb: 0.00000 0.24275 -0.99836 1.00000
dist/lin/ang/drive_left/drive_right/tv_l/tv_r/av_l/av_r/x/y/theta/t_err: 0.86210 0.47143 6.12012 -0.24275 0.24275 -0.36311 0.84303 -0.36311 0.84303 0.00000 0.00000 2.53879 0.74109
target: 0.47143 0.80057
target: 0.47143 0.80057
fb: 0.00000 0.27710 -0.44368 1.00000
fb: 0.00000 0.31382 -0.42532 1.00000
dist/lin/ang/drive_left/drive_right/tv_l/tv_r/av_l/av_r/x/y/theta/t_err: 0.86210 0.51114 5.68866 -0.31382 0.31382 -0.38894 0.86428 -0.38894 0.86428 0.00000 0.00000 4.73655 0.70273
target: 0.51114 0.74413
target: 0.51114 0.74413
fb: 0.00000 0.34810 0.24085 1.00000
fb: 0.00199 0.37297 0.25229 1.00000
dist/lin/ang/drive_left/drive_right/tv_l/tv_r/av_l/av_r/x/y/theta/t_err: 0.86210 0.56531 5.16652 -0.37099 0.37496 -0.18772 0.89850 -0.18772 0.89850 0.00000 0.00000 7.55145 0.65360
target: 0.56531 0.67583
target: 0.56531 0.67583
fb: 0.03486 0.39659 0.48819 1.00000
fb: 0.07745 0.41694 0.47707 1.00000
dist/lin/ang/drive_left/drive_right/tv_l/tv_r/av_l/av_r/x/y/theta/t_err: 0.86153 0.63357 4.59725 -0.33949 0.49439 0.20842 0.90808 0.20842 0.90808 0.02704 0.00473 10.86407 0.59625
target: 0.63357 0.60137
target: 0.63357 0.60137
fb: 0.11055 0.43429 0.70255 1.00000
fb: 0.16284 0.43101 0.67477 0.98616
dist/lin/ang/drive_left/drive_right/tv_l/tv_r/av_l/av_r/x/y/theta/t_err: 0.85966 0.71502 4.00592 -0.26817 0.59385 0.43394 0.89575 0.43394 0.89575 0.11189 0.02410 14.54341 0.53340
target: 0.71502 0.52401
target: 0.71502 0.52401
fb: 0.21138 0.41708 0.87401 0.99241
fb: 0.26566 0.40008 0.83836 0.97377
dist/lin/ang/drive_left/drive_right/tv_l/tv_r/av_l/av_r/x/y/theta/t_err: 0.85595 0.80405 3.46459 -0.13442 0.66574 0.43514 0.72653 0.43514 0.72653 0.27146 0.07137 18.28247 0.47051
target: 0.80405 0.45320
target: 0.80405 0.45320
fb: 0.30648 0.37597 0.97074 1.00000
fb: 0.34333 0.35792 0.94329 1.00000
dist/lin/ang/drive_left/drive_right/tv_l/tv_r/av_l/av_r/x/y/theta/t_err: 0.85041 0.89156 3.03103 -0.01459 0.70126 0.39356 0.52186 0.39356 0.52186 0.49815 0.15404 21.71739 0.41363
target: 0.89156 0.39649
target: 0.89156 0.39649
fb: 0.38769 0.34294 0.99014 1.00000
fb: 0.38592 0.33033 0.98471 1.00000
dist/lin/ang/drive_left/drive_right/tv_l/tv_r/av_l/av_r/x/y/theta/t_err: 0.84324 0.97536 2.65417 0.05559 0.71626 0.45653 0.76194 0.45653 0.76194 0.77848 0.27481 24.81420 0.36304
target: 0.97536 0.34719
target: 0.97536 0.34719
fb: 0.40733 0.32525 1.00000 1.00000
fb: 0.46558 0.32134 1.00000 1.00000
dist/lin/ang/drive_left/drive_right/tv_l/tv_r/av_l/av_r/x/y/theta/t_err: 0.83555 1.05891 2.28007 0.14423 0.78692 0.47583 0.80250 0.47583 0.80250 1.06592 0.41704 27.70153 0.31586
target: 1.05891 0.29826
target: 1.05891 0.29826
fb: 0.50817 0.30957 1.00000 1.00000
fb: 0.58562 0.30100 1.00000 1.00000
dist/lin/ang/drive_left/drive_right/tv_l/tv_r/av_l/av_r/x/y/theta/t_err: 0.82582 1.14362 1.91443 0.28462 0.88662 0.58997 0.82525 0.58997 0.82525 1.41543 0.61179 30.47811 0.27093
target: 1.14362 0.25043
target: 1.14362 0.25043
fb: 0.65733 0.29556 1.00000 1.00000
fb: 0.70786 0.28525 1.00000 1.00000
dist/lin/ang/drive_left/drive_right/tv_l/tv_r/av_l/av_r/x/y/theta/t_err: 0.81308 1.22741 1.58195 0.42261 0.99311 0.73678 0.85211 0.73678 0.85211 1.85523 0.88462 33.10639 0.22902
target: 1.22741 0.20693
target: 1.22741 0.20693
fb: 0.77009 0.27383 1.00000 1.00000
fb: 0.78730 0.26365 1.00000 1.00000
dist/lin/ang/drive_left/drive_right/tv_l/tv_r/av_l/av_r/x/y/theta/t_err: 0.79802 1.31022 1.26947 0.52365 1.05095 0.81944 0.85536 0.81944 0.85536 2.35566 1.22697 35.58084 0.18980
target: 1.31022 0.16606
target: 1.31022 0.16606
fb: 0.82216 0.25453 1.00000 1.00000
fb: 0.91550 0.24261 1.00000 1.00000
dist/lin/ang/drive_left/drive_right/tv_l/tv_r/av_l/av_r/x/y/theta/t_err: 0.78181 1.39126 0.98097 0.67289 1.15811 0.84525 0.85008 0.84525 0.85008 2.87422 1.61445 37.87425 0.15331
target: 1.39126 0.12832
target: 1.39126 0.12832
fb: 0.86894 0.22596 1.00000 1.00000
fb: 0.93669 0.21460 1.00000 1.00000
dist/lin/ang/drive_left/drive_right/tv_l/tv_r/av_l/av_r/x/y/theta/t_err: 0.76460 1.46872 0.72418 0.72209 1.15129 0.86083 0.86067 0.86083 0.86067 3.40687 2.04385 39.95826 0.12002
target: 1.46872 0.09473
target: 1.46872 0.09473
fb: 1.00068 0.20749 1.00000 1.00000
fb: 0.97729 0.20074 1.00000 1.00000
dist/lin/ang/drive_left/drive_right/tv_l/tv_r/av_l/av_r/x/y/theta/t_err: 0.74470 1.54099 0.50036 0.77655 1.17803 0.86769 0.86647 0.86769 0.86647 4.00283 2.55925 41.82568 0.09023
target: 1.54099 0.06545
target: 1.54099 0.06545
fb: 1.10152 0.19279 1.00000 1.00000
fb: 1.13859 0.18596 1.00000 1.00000
dist/lin/ang/drive_left/drive_right/tv_l/tv_r/av_l/av_r/x/y/theta/t_err: 0.72273 1.61191 0.27370 0.95263 1.32456 0.87486 0.87333 0.87486 0.87333 4.63999 3.14769 43.56788 0.06209
target: 1.61191 0.03580
target: 1.61191 0.03580
fb: 1.15978 0.18081 1.00000 1.00000
fb: 1.24694 0.17712 1.00000 1.00000
dist/lin/ang/drive_left/drive_right/tv_l/tv_r/av_l/av_r/x/y/theta/t_err: 0.69956 1.68178 0.05668 1.06982 1.42405 0.88394 0.88189 0.88394 0.88189 5.29248 3.78657 45.19034 0.03535
target: 1.68178 0.00741
target: 1.68178 0.00741
fb: 1.26260 0.16666 1.00000 1.00000
fb: 1.27606 0.15196 1.00000 1.00000
dist/lin/ang/drive_left/drive_right/tv_l/tv_r/av_l/av_r/x/y/theta/t_err: 0.67432 1.75157 -0.15656 1.12410 1.42803 0.88533 0.88667 0.88533 0.88667 5.98370 4.50110 46.71609 0.00955
target: 1.75157 -0.02048
target: 1.75157 -0.02048
fb: 1.32263 0.13524 1.00000 1.00000
fb: 1.27805 0.11678 1.00000 1.00000
dist/lin/ang/drive_left/drive_right/tv_l/tv_r/av_l/av_r/x/y/theta/t_err: 0.64787 1.74174 -0.32267 1.16128 1.39483 0.89303 0.89731 0.89303 0.89731 6.68886 5.26746 48.01055 -0.01313
target: 1.74174 -0.04221
target: 1.74174 -0.04221
fb: 1.32638 0.10103 1.00000 0.82336
fb: 1.34977 0.08870 1.00000 0.81167
dist/lin/ang/drive_left/drive_right/tv_l/tv_r/av_l/av_r/x/y/theta/t_err: 0.62135 1.69212 -0.44033 1.26107 1.43847 0.90500 0.80881 0.90500 0.80881 7.38033 6.05015 49.00677 -0.03147
target: 1.69212 -0.05760
target: 1.69212 -0.05760
fb: 1.39258 0.07044 0.81350 0.60403
fb: 1.47202 0.04041 0.77378 0.56431
dist/lin/ang/drive_left/drive_right/tv_l/tv_r/av_l/av_r/x/y/theta/t_err: 0.59352 1.65347 -0.53126 1.43161 1.51243 0.83106 0.73986 0.83106 0.73986 8.09382 6.88278 49.73991 -0.04607
target: 1.65347 -0.06949
target: 1.65347 -0.06949
fb: 1.42546 0.01261 0.79797 0.60402
fb: 1.40030 -0.01066 0.81055 0.61660
dist/lin/ang/drive_left/drive_right/tv_l/tv_r/av_l/av_r/x/y/theta/t_err: 0.56504 1.63361 -0.53206 1.41096 1.38964 0.73611 0.59872 0.73611 0.59872 8.81653 7.74156 50.03386 -0.05368
target: 1.63361 -0.06960
target: 1.63361 -0.06960
fb: 1.48173 -0.03442 0.77395 0.68594
WARNING - pros.serial.terminal.terminal:reader - Connection to /dev/ttyACM1 broken - pros-cli version:3.5.6
WARNING - pros.serial.terminal.terminal:stop - Stopping terminal - pros-cli version:3.5.6

[tomas@nixbtw:~/projects/Robotics/current/Cognex]$

