
[tomas@nixbtw:~/projects/Robotics/current/Cognex]$ t
Not sending analytics for this command.

Established terminal connection



         _+=+_
      .-`  .  `-.          8888888b.  8888888b.   .d88888b.   .d8888b.
   _+`     "     `+_       888   Y88b 888   Y88b d88P" "Y88b d88P  Y88b
  \\\sssssssssssss///      888    888 888    888 888     888 Y88b.
     .ss\  *  /ss.         888   d88P 888   d88P 888     888  "Y888b.
 .+bm  .s  *  s.  md+.     8888888P"  8888888P"  888     888     "Y88b.
.hMMMMs .  *  . sMMMMh.    888        888 T88b   888     888       "888
 `\hMMMb \ | / dMMMh:      888        888  T88b  Y88b. .d88P Y88b  d88P
   -SNMNo  -  oNMNs-       888        888   T88b  "Y88888P"   "Y8888P"
     `+dMh\./dMd/
        `:yNy:`                      Powered by PROS for VEX V5
           "                Copyright (c) Purdue University ACM SIGBots
Version:        4.2.1     Platform:  V1.1.5 (b18)     Uptime:    0.000 s
Compiled:   Jan  1 1980 00:00:00     Directory:


bouncing done
health done
auton done
calibrated!
starting task: 2318293
initializing odom model
timed correctly: 2321169
initializing pf model
initializing smoother model
target: 0.000 0.078
dist/lin/ang/drive_left/drive_right/tv_l/tv_r/av_l/av_r/x/y/theta/t_err: 1.57079 0.00000 0.60000 0.00000 0.00000 0.00017 -0.00000 0.00017 -0.00000 0 0 0.00014 1.57079
fb: 0.00000 0.00000 -0.44480 0.45126
fb: 0.00000 0.00000 -0.44480 0.45126
target: 0.00000 0.15697
dist/lin/ang/drive_left/drive_right/tv_l/tv_r/av_l/av_r/x/y/theta/t_err: 1.57080 0.00000 1.20000 0.00000 0.00000 0.00000 0.08211 0.00000 0.08211 0 0 -0.00002 1.57080
fb: 0.00000 0.00000 -0.49738 0.50541
fb: 0.00000 0.00516 -0.49738 0.50541
target: 0.00000 0.23546
dist/lin/ang/drive_left/drive_right/tv_l/tv_r/av_l/av_r/x/y/theta/t_err: 1.57079 0.00000 1.80000 -0.00516 0.00516 -0.36875 0.40022 -0.36875 0.40022 0 0 0.00057 1.57079
fb: -0.00397 0.04919 -0.54997 0.55957
fb: -0.00397 0.10633 -0.54997 0.55957
target: 0.00000 0.31394
dist/lin/ang/drive_left/drive_right/tv_l/tv_r/av_l/av_r/x/y/theta/t_err: 1.56780 0.00000 2.40000 -0.11030 0.10235 -0.45394 0.43753 -0.45394 0.43753 0 0 0.17164 1.56780
fb: 0.00000 0.14918 -0.60255 0.61373
fb: 0.00000 0.19725 -0.60255 0.61373
target: 0.00000 0.39243
dist/lin/ang/drive_left/drive_right/tv_l/tv_r/av_l/av_r/x/y/theta/t_err: 1.55035 0.00000 3.00000 -0.19725 0.19725 -0.49672 0.44233 -0.49672 0.44233 0 0 1.17143 1.55035
fb: 0.00000 0.23801 -0.65514 0.66788
fb: 0.00000 0.27877 -0.65514 0.66788
target: 0.00000 0.47092
dist/lin/ang/drive_left/drive_right/tv_l/tv_r/av_l/av_r/x/y/theta/t_err: 1.51882 0.00000 3.60000 -0.27877 0.27877 -0.54294 0.48183 -0.54294 0.48183 0 0 2.97821 1.51882
fb: 0.00000 0.32260 -0.70772 0.72204
fb: 0.00000 0.36406 -0.70772 0.72204
target: 0.00000 0.54940
dist/lin/ang/drive_left/drive_right/tv_l/tv_r/av_l/av_r/x/y/theta/t_err: 1.47464 0.00000 4.20000 -0.36406 0.36406 -0.52289 0.50306 -0.52289 0.50306 0 0 5.50955 1.47464
fb: 0.00000 0.40287 -0.76031 0.77619
fb: 0.00000 0.43687 -0.76031 0.77619
target: 0.00000 0.62789
dist/lin/ang/drive_left/drive_right/tv_l/tv_r/av_l/av_r/x/y/theta/t_err: 1.41768 0.00000 4.80000 -0.43687 0.43687 -0.55900 0.47878 -0.55900 0.47878 0 0 8.77272 1.41768
fb: 0.00000 0.47421 -0.81289 0.83035
fb: 0.00000 0.51100 -0.81289 0.83035
target: 0.00000 0.70637
dist/lin/ang/drive_left/drive_right/tv_l/tv_r/av_l/av_r/x/y/theta/t_err: 1.34966 0.00000 5.40000 -0.51100 0.51100 -0.58228 0.48061 -0.58228 0.48061 0 0 12.67012 1.34966
fb: 0.00000 0.54688 -0.86548 0.88450
fb: 0.00000 0.58019 -0.86548 0.88450
target: 0.00000 0.78486
dist/lin/ang/drive_left/drive_right/tv_l/tv_r/av_l/av_r/x/y/theta/t_err: 1.27038 0.00000 6.00000 -0.58019 0.58019 -0.58775 0.49142 -0.58775 0.49142 0 0 17.21278 1.27038
fb: 0.00000 0.61252 -0.91807 0.93866
fb: 0.00000 0.63760 -0.91807 0.93866
target: 0.00000 0.78486
dist/lin/ang/drive_left/drive_right/tv_l/tv_r/av_l/av_r/x/y/theta/t_err: 1.18067 0.00000 6.00000 -0.63760 0.63760 -0.62025 0.50017 -0.62025 0.50017 0 0 22.35272 1.18067
fb: -0.02515 0.66680 -0.56488 0.58547
fb: -0.05229 0.69042 -0.56488 0.58547
target: 0.00000 0.78486
dist/lin/ang/drive_left/drive_right/tv_l/tv_r/av_l/av_r/x/y/theta/t_err: 1.08229 0.00000 6.00000 -0.74271 0.63813 -0.51778 0.48906 -0.51778 0.48906 0 0 27.98962 1.08229
fb: -0.06398 0.71090 -0.56488 0.58547
fb: -0.07171 0.72839 -0.56488 0.58547
target: 0.00000 0.78486
dist/lin/ang/drive_left/drive_right/tv_l/tv_r/av_l/av_r/x/y/theta/t_err: 0.97617 0.00000 6.00000 -0.80010 0.65668 -0.43789 0.51556 -0.43789 0.51556 0 0 34.06969 0.97617
fb: -0.06597 0.74156 -0.56488 0.58547
fb: -0.05825 0.75278 -0.56488 0.58547
target: 0.00000 0.78486
dist/lin/ang/drive_left/drive_right/tv_l/tv_r/av_l/av_r/x/y/theta/t_err: 0.86461 0.00000 6.00000 -0.81102 0.69453 -0.52803 0.55575 -0.52803 0.55575 0 0 40.46157 0.86461
fb: -0.05626 0.76525 -0.56488 0.58547
fb: -0.06200 0.77654 -0.56488 0.58547
target: 0.00000 0.78486
dist/lin/ang/drive_left/drive_right/tv_l/tv_r/av_l/av_r/x/y/theta/t_err: 0.74924 0.00000 6.00000 -0.83853 0.71454 -0.54653 0.56208 -0.54653 0.56208 0 0 47.07159 0.74924
fb: -0.06575 0.78991 -0.56488 0.58547
fb: -0.06972 0.80824 -0.56488 0.58547
target: 0.00000 0.66998
dist/lin/ang/drive_left/drive_right/tv_l/tv_r/av_l/av_r/x/y/theta/t_err: 0.63017 0.00000 5.12181 -0.87796 0.73852 -0.54517 0.56158 -0.54517 0.56158 0 0 53.89379 0.63017
fb: -0.08538 0.82580 0.10708 -0.09857
fb: -0.08935 0.84182 0.10708 -0.09857
target: 0.00000 0.52874
dist/lin/ang/drive_left/drive_right/tv_l/tv_r/av_l/av_r/x/y/theta/t_err: 0.50608 0.00000 4.04202 -0.93117 0.75247 -0.45517 0.24300 -0.45517 0.24300 0 0 61.00393 0.50608
fb: -0.07964 0.85102 0.32038 -0.31470
fb: -0.08715 0.84203 0.32038 -0.31470
target: 0.00000 0.38220
dist/lin/ang/drive_left/drive_right/tv_l/tv_r/av_l/av_r/x/y/theta/t_err: 0.37721 0.00000 2.92180 -0.92918 0.75489 0.06058 -0.11414 0.06058 -0.11414 0 0 68.38766 0.37721
fb: -0.12200 0.79103 0.44236 -0.43961
fb: -0.12620 0.72045 0.44236 -0.43961
target: 0.00000 0.24094
dist/lin/ang/drive_left/drive_right/tv_l/tv_r/av_l/av_r/x/y/theta/t_err: 0.25089 0.00000 1.84188 -0.84665 0.59425 0.29806 -0.29142 0.29806 -0.29142 0 0 75.62496 0.25089
fb: -0.10855 0.65300 0.51328 -0.51336
fb: -0.11826 0.57169 0.51328 -0.51336
target: 0.00000 0.12600
dist/lin/ang/drive_left/drive_right/tv_l/tv_r/av_l/av_r/x/y/theta/t_err: 0.14328 0.00000 0.96320 -0.68995 0.45343 0.39544 -0.35761 0.39544 -0.35761 0 0 81.79053 0.14328
fb: -0.13393 0.49351 0.47183 -0.47421
fb: -0.13768 0.41109 0.47183 -0.47421
target: 0.00000 0.03840
dist/lin/ang/drive_left/drive_right/tv_l/tv_r/av_l/av_r/x/y/theta/t_err: 0.05872 0.00000 0.29357 -0.54877 0.27340 0.38964 -0.40536 0.38964 -0.40536 0 0 86.63568 0.05872
fb: -0.12996 0.32866 0.40747 -0.41160
fb: -0.12798 0.24742 0.40747 -0.41160
target: 0.00000 -0.02065
dist/lin/ang/drive_left/drive_right/tv_l/tv_r/av_l/av_r/x/y/theta/t_err: -0.00100 0.00000 -0.15789 -0.37540 0.11944 0.40367 -0.41014 0.40367 -0.41014 0 0 90.05724 -0.00100
fb: -0.12202 0.16666 0.31861 -0.32391
fb: -0.10658 0.09030 0.31861 -0.32391
target: 0.00000 -0.05163
dist/lin/ang/drive_left/drive_right/tv_l/tv_r/av_l/av_r/x/y/theta/t_err: -0.03578 0.00000 -0.39466 -0.19688 -0.01628 0.35592 -0.37269 0.35592 -0.37269 0 0 92.05006 -0.03578
fb: -0.09709 0.02153 0.21299 -0.21892
fb: -0.09312 -0.03881 0.21299 -0.21892
target: 0.00000 -0.05665
dist/lin/ang/drive_left/drive_right/tv_l/tv_r/av_l/av_r/x/y/theta/t_err: -0.04707 0.00000 -0.43307 -0.05431 -0.13193 0.28986 -0.28883 0.28986 -0.28883 0 0 92.69716 -0.04707
fb: -0.08540 -0.08166 0.09959 -0.10562
fb: -0.07171 -0.10270 0.09959 -0.10562
target: 0.00000 -0.04222
dist/lin/ang/drive_left/drive_right/tv_l/tv_r/av_l/av_r/x/y/theta/t_err: -0.03968 0.00000 -0.32273 0.03099 -0.17442 0.19697 -0.18531 0.19697 -0.18531 0 0 92.27332 -0.03968
fb: -0.05605 -0.10988 -0.07569 0.07974
fb: -0.06024 -0.10612 -0.07569 0.07974
target: 0.00000 -0.02164
dist/lin/ang/drive_left/drive_right/tv_l/tv_r/av_l/av_r/x/y/theta/t_err: -0.02384 0.00000 -0.16545 0.04588 -0.16636 0.07358 -0.06911 0.07358 -0.06911 0 0 91.36601 -0.02384
fb: -0.06421 -0.09852 -0.11711 0.12157
fb: -0.05031 -0.08939 -0.11711 0.12157
target: 0.00000 -0.00371
dist/lin/ang/drive_left/drive_right/tv_l/tv_r/av_l/av_r/x/y/theta/t_err: -0.00792 0.00000 -0.02835 0.03908 -0.13970 -0.06350 0.07458 -0.06350 0.07458 0 0 90.45402 -0.00792
fb: -0.04457 -0.08089 -0.11724 0.12206
fb: -0.03486 -0.07030 -0.11724 0.12206
final error was 0.31004
position: -0.28124 -1.00227 89.68996
took 0.56000 time to finish turn
increased to 135.00000
target: 0.00000 0.07849
dist/lin/ang/drive_left/drive_right/tv_l/tv_r/av_l/av_r/x/y/theta/t_err: 2.35619 0.00000 0.60000 0.00000 0.00000 -0.00033 0.00000 -0.00033 0.00000 0 0 0.00024 2.35619
fb: 0.00000 0.00000 -0.44480 0.45126
fb: 0.00000 0.00000 -0.44480 0.45126
target: 0.00000 0.15697
dist/lin/ang/drive_left/drive_right/tv_l/tv_r/av_l/av_r/x/y/theta/t_err: 2.35619 0.00000 1.20000 0.00000 0.00000 -0.02772 0.02822 -0.02772 0.02822 0 0 0.00022 2.35619
fb: 0.00000 0.00098 -0.49738 0.50541
fb: 0.00000 0.02641 -0.49738 0.50541
target: 0.00000 0.23546
dist/lin/ang/drive_left/drive_right/tv_l/tv_r/av_l/av_r/x/y/theta/t_err: 2.35618 0.00000 1.80000 -0.02641 0.02641 -0.37900 0.36275 -0.37900 0.36275 0 0 0.00087 2.35618
fb: 0.00000 0.07671 -0.54997 0.55957
fb: 0.00000 0.13329 -0.54997 0.55957
target: 0.00000 0.31394
dist/lin/ang/drive_left/drive_right/tv_l/tv_r/av_l/av_r/x/y/theta/t_err: 2.35005 0.00000 2.40000 -0.13329 0.13329 -0.44058 0.45089 -0.44058 0.45089 0 0 0.35201 2.35005
fb: -0.00199 0.18346 -0.60255 0.61373
fb: -0.00199 0.22387 -0.60255 0.61373
target: 0.00000 0.39243
dist/lin/ang/drive_left/drive_right/tv_l/tv_r/av_l/av_r/x/y/theta/t_err: 2.32789 0.00000 3.00000 -0.22585 0.22188 -0.46817 0.42708 -0.46817 0.42708 0 0 1.62175 2.32789
fb: 0.00000 0.26073 -0.65514 0.66788
fb: 0.00000 0.29717 -0.65514 0.66788
target: 0.00000 0.47092
dist/lin/ang/drive_left/drive_right/tv_l/tv_r/av_l/av_r/x/y/theta/t_err: 2.29235 0.00000 3.60000 -0.29717 0.29717 -0.52050 0.44453 -0.52050 0.44453 0 0 3.65811 2.29235
fb: 0.00000 0.33848 -0.70772 0.72204
fb: 0.00000 0.37193 -0.70772 0.72204
target: 0.00000 0.54940
dist/lin/ang/drive_left/drive_right/tv_l/tv_r/av_l/av_r/x/y/theta/t_err: 2.24545 0.00000 4.20000 -0.37193 0.37193 -0.55233 0.46303 -0.55233 0.46303 0 0 6.34546 2.24545
fb: -0.00949 0.41150 -0.76031 0.77619
fb: -0.02891 0.45052 -0.76031 0.77619
target: 0.00000 0.62789
dist/lin/ang/drive_left/drive_right/tv_l/tv_r/av_l/av_r/x/y/theta/t_err: 2.18714 0.00000 4.80000 -0.47943 0.42162 -0.55164 0.50478 -0.55164 0.50478 0 0 9.68626 2.18714
fb: -0.03508 0.48613 -0.81289 0.83035
fb: -0.03883 0.52020 -0.81289 0.83035
target: 0.00000 0.70637
dist/lin/ang/drive_left/drive_right/tv_l/tv_r/av_l/av_r/x/y/theta/t_err: 2.11715 0.00000 5.40000 -0.55903 0.48137 -0.57544 0.45192 -0.57544 0.45192 0 0 13.69616 2.11715
fb: -0.04457 0.55134 -0.86548 0.88450
fb: -0.04854 0.57176 -0.86548 0.88450
target: 0.00000 0.78486
dist/lin/ang/drive_left/drive_right/tv_l/tv_r/av_l/av_r/x/y/theta/t_err: 2.03671 0.00000 6.00000 -0.62030 0.52322 -0.52069 0.58158 -0.52069 0.58158 0 0 18.30520 2.03671
fb: -0.05428 0.59754 -0.91807 0.93866
fb: -0.06001 0.62227 -0.91807 0.93866
target: 0.00000 0.78486
dist/lin/ang/drive_left/drive_right/tv_l/tv_r/av_l/av_r/x/y/theta/t_err: 1.94850 0.00000 6.00000 -0.68229 0.56226 -0.54175 0.46936 -0.54175 0.46936 0 0 23.35916 1.94850
fb: -0.07369 0.64353 -0.56488 0.58547
fb: -0.07568 0.65844 -0.56488 0.58547
target: 0.00000 0.78486
dist/lin/ang/drive_left/drive_right/tv_l/tv_r/av_l/av_r/x/y/theta/t_err: 1.85290 0.00000 6.00000 -0.73411 0.58276 -0.58828 0.49108 -0.58828 0.49108 0 0 28.83672 1.85290
fb: -0.08715 0.67690 -0.56488 0.58547
fb: -0.09509 0.69564 -0.56488 0.58547
target: 0.00000 0.78486
dist/lin/ang/drive_left/drive_right/tv_l/tv_r/av_l/av_r/x/y/theta/t_err: 1.75173 0.00000 6.00000 -0.79074 0.60055 -0.48458 0.54553 -0.48458 0.54553 0 0 34.63302 1.75173
fb: -0.07369 0.71501 -0.56488 0.58547
fb: -0.06001 0.73724 -0.56488 0.58547
target: 0.00000 0.78486
dist/lin/ang/drive_left/drive_right/tv_l/tv_r/av_l/av_r/x/y/theta/t_err: 1.64488 0.00000 6.00000 -0.79725 0.67723 -0.54000 0.55967 -0.54000 0.55967 0 0 40.75515 1.64488
fb: -0.06398 0.75960 -0.56488 0.58547
fb: -0.07766 0.77758 -0.56488 0.58547
target: 0.00000 0.78486
dist/lin/ang/drive_left/drive_right/tv_l/tv_r/av_l/av_r/x/y/theta/t_err: 1.53158 0.00000 6.00000 -0.85524 0.69992 -0.54583 0.56381 -0.54583 0.56381 0 0 47.24699 1.53158
fb: -0.09906 0.79298 -0.56488 0.58547
fb: -0.10458 0.81033 -0.56488 0.58547
target: 0.00000 0.78486
dist/lin/ang/drive_left/drive_right/tv_l/tv_r/av_l/av_r/x/y/theta/t_err: 1.41235 0.00000 6.00000 -0.91491 0.70575 -0.54875 0.56228 -0.54875 0.56228 0 0 54.07809 1.41235
fb: -0.10083 0.82810 -0.56488 0.58547
fb: -0.10082 0.84370 -0.56488 0.58547
target: 0.00000 0.78486
dist/lin/ang/drive_left/drive_right/tv_l/tv_r/av_l/av_r/x/y/theta/t_err: 1.28803 0.00000 6.00000 -0.94453 0.74288 -0.54911 0.56208 -0.54911 0.56208 0 0 61.20126 1.28803
fb: -0.08715 0.85938 -0.56488 0.58547
fb: -0.08538 0.87276 -0.56488 0.58547
target: 0.00000 0.78486
dist/lin/ang/drive_left/drive_right/tv_l/tv_r/av_l/av_r/x/y/theta/t_err: 1.15860 0.00000 6.00000 -0.95814 0.78738 -0.55081 0.56192 -0.55081 0.56192 0 0 68.61739 1.15860
fb: -0.08736 0.88405 -0.56488 0.58547
fb: -0.09509 0.89296 -0.56488 0.58547
target: 0.00000 0.78486
dist/lin/ang/drive_left/drive_right/tv_l/tv_r/av_l/av_r/x/y/theta/t_err: 1.02493 0.00000 6.00000 -0.98805 0.79788 -0.54806 0.56397 -0.54806 0.56397 0 0 76.27563 1.02493
fb: -0.10854 0.90153 -0.56488 0.58547
fb: -0.11825 0.91115 -0.56488 0.58547
target: 0.00000 0.78486
dist/lin/ang/drive_left/drive_right/tv_l/tv_r/av_l/av_r/x/y/theta/t_err: 0.88815 0.00000 6.00000 -1.02940 0.79290 -0.54911 0.56106 -0.54911 0.56106 0 0 84.11260 0.88815
fb: -0.13965 0.91289 -0.56488 0.58547
fb: -0.14538 0.91631 -0.56488 0.58547
target: 0.00000 0.78486
dist/lin/ang/drive_left/drive_right/tv_l/tv_r/av_l/av_r/x/y/theta/t_err: 0.74894 0.00000 6.00000 -1.06169 0.77092 -0.54892 0.56019 -0.54892 0.56019 0 0 92.08882 0.74894
fb: -0.12994 0.92042 -0.56488 0.58547
fb: -0.13766 0.92592 -0.56488 0.58547
target: 0.00000 0.63887
dist/lin/ang/drive_left/drive_right/tv_l/tv_r/av_l/av_r/x/y/theta/t_err: 0.60868 0.00000 4.88394 -1.06358 0.78826 -0.55061 0.56381 -0.55061 0.56381 0 0 100.12546 0.60868
fb: -0.14141 0.93352 0.26794 -0.26006
fb: -0.13193 0.94223 0.26794 -0.26006
target: 0.00000 0.47852
dist/lin/ang/drive_left/drive_right/tv_l/tv_r/av_l/av_r/x/y/theta/t_err: 0.46665 0.00000 3.65813 -1.07415 0.81030 -0.35986 0.31331 -0.35986 0.31331 0 0 108.26290 0.46665
fb: -0.13965 0.94069 0.43998 -0.43531
fb: -0.14737 0.91874 0.43998 -0.43531
target: 0.00000 0.31573
dist/lin/ang/drive_left/drive_right/tv_l/tv_r/av_l/av_r/x/y/theta/t_err: 0.32255 0.00000 2.41368 -1.06611 0.77138 0.13039 -0.16869 0.13039 -0.16869 0 0 116.51924 0.32255
fb: -0.16480 0.84851 0.56002 -0.55860
fb: -0.16282 0.76344 0.56002 -0.55860
target: 0.00000 0.16349
dist/lin/ang/drive_left/drive_right/tv_l/tv_r/av_l/av_r/x/y/theta/t_err: 0.18525 0.00000 1.24987 -0.92626 0.60062 0.33658 -0.36239 0.33658 -0.36239 0 0 124.38613 0.18525
fb: -0.17253 0.68617 0.61456 -0.61618
fb: -0.20365 0.60402 0.72656 -0.50417
target: 0.00000 0.04245
dist/lin/ang/drive_left/drive_right/tv_l/tv_r/av_l/av_r/x/y/theta/t_err: 0.07096 0.00000 0.32451 -0.80767 0.40037 0.41478 -0.39922 0.41478 -0.39922 0 0 130.93442 0.07096
fb: -0.20762 0.52654 0.66948 -0.44514
fb: -0.24050 0.44669 0.68756 -0.42705
target: 0.00000 -0.03604
dist/lin/ang/drive_left/drive_right/tv_l/tv_r/av_l/av_r/x/y/theta/t_err: -0.01865 0.00000 -0.27549 -0.68720 0.20619 0.46578 -0.35456 0.46578 -0.35456 0 0 136.06866 -0.01865
fb: -0.24227 0.36336 0.54960 -0.28872
fb: -0.17255 0.28267 0.41635 -0.42197
target: 0.00000 -0.11452
dist/lin/ang/drive_left/drive_right/tv_l/tv_r/av_l/av_r/x/y/theta/t_err: -0.08385 0.00000 -0.87549 -0.45522 0.11012 0.40533 -0.35694 0.40533 -0.35694 0 0 139.80443 -0.08385
fb: -0.11452 0.21119 0.46894 -0.47612
fb: -0.08341 0.14277 0.46894 -0.47612
target: 0.00000 -0.15346
dist/lin/ang/drive_left/drive_right/tv_l/tv_r/av_l/av_r/x/y/theta/t_err: -0.12458 0.00000 -1.17316 -0.22617 0.05936 0.35864 -0.39425 0.35864 -0.39425 0 0 142.13766 -0.12458
fb: -0.07370 0.05895 0.31706 -0.32503
fb: -0.08716 -0.03776 0.31706 -0.32503
target: 0.00000 -0.16715
dist/lin/ang/drive_left/drive_right/tv_l/tv_r/av_l/av_r/x/y/theta/t_err: -0.14317 0.00000 -1.27779 -0.04940 -0.12492 0.40144 -0.38944 0.40144 -0.38944 0 0 143.20326 -0.14317
fb: -0.10658 -0.09734 0.21260 -0.22084
fb: -0.11254 -0.12570 0.21260 -0.22084
target: 0.00000 -0.15000
dist/lin/ang/drive_left/drive_right/tv_l/tv_r/av_l/av_r/x/y/theta/t_err: -0.13555 0.00000 -1.14672 0.01316 -0.23823 0.28094 -0.30833 0.28094 -0.30833 0 0 142.76671 -0.13555
fb: -0.10283 -0.14576 0.06237 -0.07027
fb: -0.08738 -0.14729 0.06237 -0.07027
target: 0.00000 -0.12335
dist/lin/ang/drive_left/drive_right/tv_l/tv_r/av_l/av_r/x/y/theta/t_err: -0.11548 0.00000 -0.94297 0.05991 -0.23468 0.17744 -0.20397 0.17744 -0.20397 0 0 141.61665 -0.11548
fb: -0.08142 -0.14151 -0.07632 0.07874
fb: -0.07370 -0.13454 -0.07632 0.07874
target: 0.00000 -0.09748
dist/lin/ang/drive_left/drive_right/tv_l/tv_r/av_l/av_r/x/y/theta/t_err: -0.09314 0.00000 -0.74520 0.06084 -0.20824 0.04072 -0.06967 0.04072 -0.06967 0 0 140.33681 -0.09314
fb: -0.06024 -0.12730 -0.09013 0.09307
fb: -0.05627 -0.11873 -0.09013 0.09307
target: 0.00000 -0.07529
dist/lin/ang/drive_left/drive_right/tv_l/tv_r/av_l/av_r/x/y/theta/t_err: -0.07283 0.00000 -0.57554 0.06246 -0.17500 -0.06533 0.05700 -0.06533 0.05700 0 0 139.17278 -0.07283
fb: -0.06002 -0.10814 -0.08845 0.09184
fb: -0.06002 -0.08793 -0.08845 0.09184
target: 0.00000 -0.05606
dist/lin/ang/drive_left/drive_right/tv_l/tv_r/av_l/av_r/x/y/theta/t_err: -0.05502 0.00000 -0.42860 0.02791 -0.14795 -0.08333 0.08178 -0.08333 0.08178 0 0 138.15214 -0.05502
fb: -0.04854 -0.06076 -0.08795 0.09173
fb: -0.03111 -0.02787 -0.08795 0.09173
target: 0.00000 -0.04395
dist/lin/ang/drive_left/drive_right/tv_l/tv_r/av_l/av_r/x/y/theta/t_err: -0.04266 0.00000 -0.33601 -0.00324 -0.05898 -0.07872 0.08194 -0.07872 0.08194 0 0 137.44437 -0.04266
fb: -0.01942 0.00077 -0.06407 0.06809
fb: -0.01147 0.02167 -0.06407 0.06809
target: 0.00000 -0.04335
dist/lin/ang/drive_left/drive_right/tv_l/tv_r/av_l/av_r/x/y/theta/t_err: -0.03946 0.00000 -0.33139 -0.03314 0.01019 -0.06967 0.07939 -0.06967 0.07939 0 0 137.26111 -0.03946
fb: -0.00772 0.03400 0.06535 -0.07111
fb: -0.00397 0.03749 0.06535 -0.07111
target: 0.00000 -0.04978
dist/lin/ang/drive_left/drive_right/tv_l/tv_r/av_l/av_r/x/y/theta/t_err: -0.04317 0.00000 -0.38053 -0.04146 0.03351 -0.01608 0.02444 -0.01608 0.02444 0 0 137.47350 -0.04317
fb: 0.00000 0.03728 0.10130 -0.10719
fb: 0.00000 0.03275 0.10130 -0.10719
target: 0.00000 -0.05689
dist/lin/ang/drive_left/drive_right/tv_l/tv_r/av_l/av_r/x/y/theta/t_err: -0.04890 0.00000 -0.43487 -0.03275 0.03275 0.06450 -0.06931 0.06450 -0.06931 0 0 137.80181 -0.04890
fb: 0.00000 0.02780 0.10912 -0.11515
fb: -0.00199 0.02209 0.10912 -0.11515
target: 0.00000 -0.06199
dist/lin/ang/drive_left/drive_right/tv_l/tv_r/av_l/av_r/x/y/theta/t_err: -0.05371 0.00000 -0.47392 -0.02407 0.02010 0.09769 -0.09944 0.09769 -0.09944 0 0 138.07732 -0.05371
fb: -0.00199 0.01338 0.10354 -0.10968
fb: 0.00000 -0.00348 0.10354 -0.10968
target: 0.00000 -0.06480
dist/lin/ang/drive_left/drive_right/tv_l/tv_r/av_l/av_r/x/y/theta/t_err: -0.05673 0.00000 -0.49541 0.00348 -0.00348 0.09992 -0.10369 0.09992 -0.10369 0 0 138.25029 -0.05673
fb: 0.00000 -0.02048 0.09509 -0.10128
fb: 0.00000 -0.03365 0.09509 -0.10128
target: 0.00000 -0.06211
dist/lin/ang/drive_left/drive_right/tv_l/tv_r/av_l/av_r/x/y/theta/t_err: -0.05555 0.00000 -0.47481 0.03365 -0.03365 0.09222 -0.09517 0.09222 -0.09517 0 0 138.18291 -0.05555
fb: 0.00000 -0.04020 0.06851 -0.07465
fb: 0.00000 -0.04236 0.06851 -0.07465
target: 0.00000 -0.05474
dist/lin/ang/drive_left/drive_right/tv_l/tv_r/av_l/av_r/x/y/theta/t_err: -0.05021 0.00000 -0.41848 0.04236 -0.04236 0.07750 -0.09086 0.07750 -0.09086 0 0 137.87695 -0.05021
fb: 0.00000 -0.04243 0.04254 -0.04853
fb: 0.00000 -0.03839 0.04254 -0.04853
target: 0.00000 -0.04703
dist/lin/ang/drive_left/drive_right/tv_l/tv_r/av_l/av_r/x/y/theta/t_err: -0.04370 0.00000 -0.35953 0.03839 -0.03839 0.05544 -0.06522 0.05544 -0.06522 0 0 137.50379 -0.04370
fb: 0.00000 -0.03240 -0.04221 0.04616
fb: 0.00000 -0.02480 -0.04221 0.04616
target: 0.00000 -0.04095
dist/lin/ang/drive_left/drive_right/tv_l/tv_r/av_l/av_r/x/y/theta/t_err: -0.03805 0.00000 -0.31305 0.02480 -0.02480 0.02103 -0.03286 0.02103 -0.03286 0 0 137.17983 -0.03805
fb: 0.00000 -0.01672 0.03910 -0.04481
fb: 0.00000 -0.00773 0.03910 -0.04481
target: 0.00000 -0.03772
dist/lin/ang/drive_left/drive_right/tv_l/tv_r/av_l/av_r/x/y/theta/t_err: -0.03455 0.00000 -0.28834 0.00773 -0.00773 -0.01831 0.02583 -0.01831 0.02583 0 0 136.97929 -0.03455
fb: 0.00000 0.00118 0.04975 -0.05539
fb: 0.00000 0.00815 0.04975 -0.05539
final error was -1.93121
position: 0.43556 -1.72435 136.93121
took 0.94000 time to finish turn
target: 0.00000 0.07849
dist/lin/ang/drive_left/drive_right/tv_l/tv_r/av_l/av_r/x/y/theta/t_err: 2.35620 0.00000 0.60000 0.00000 0.00000 0.00017 -0.00033 0.00017 -0.00033 0 0 -0.00017 2.35620
fb: 0.00000 0.00000 -0.44480 0.45126
fb: 0.00000 0.00000 -0.44480 0.45126
target: 0.00000 0.15697
dist/lin/ang/drive_left/drive_right/tv_l/tv_r/av_l/av_r/x/y/theta/t_err: 2.35620 0.00000 1.20000 0.00000 0.00000 -0.02892 0.06469 -0.02892 0.06469 0 0 -0.00040 2.35620
fb: 0.00000 0.00000 -0.49738 0.50541
fb: 0.00000 0.00174 -0.49738 0.50541
target: 0.00000 0.23546
dist/lin/ang/drive_left/drive_right/tv_l/tv_r/av_l/av_r/x/y/theta/t_err: 2.35621 0.00000 1.80000 -0.00174 0.00174 -0.36428 0.37936 -0.36428 0.37936 0 0 -0.00072 2.35621
fb: 0.00000 0.03560 -0.54997 0.55957
fb: 0.00000 0.09378 -0.54997 0.55957
target: 0.00000 0.31394
dist/lin/ang/drive_left/drive_right/tv_l/tv_r/av_l/av_r/x/y/theta/t_err: 2.35433 0.00000 2.40000 -0.09378 0.09378 -0.45464 0.42281 -0.45464 0.42281 0 0 0.10709 2.35433
fb: 0.00000 0.14130 -0.60255 0.61373
fb: 0.00000 0.18924 -0.60255 0.61373
target: 0.00000 0.39243
dist/lin/ang/drive_left/drive_right/tv_l/tv_r/av_l/av_r/x/y/theta/t_err: 2.33835 0.00000 3.00000 -0.18924 0.18924 -0.48594 0.43547 -0.48594 0.43547 0 0 1.02234 2.33835
fb: 0.00000 0.23098 -0.65514 0.66788
fb: 0.00000 0.27013 -0.65514 0.66788
target: 0.00000 0.47092
dist/lin/ang/drive_left/drive_right/tv_l/tv_r/av_l/av_r/x/y/theta/t_err: 2.30804 0.00000 3.60000 -0.27013 0.27013 -0.50769 0.47278 -0.50769 0.47278 0 0 2.75906 2.30804
fb: 0.00000 0.30811 -0.70772 0.72204
fb: 0.00000 0.34845 -0.70772 0.72204
target: 0.00000 0.54940
dist/lin/ang/drive_left/drive_right/tv_l/tv_r/av_l/av_r/x/y/theta/t_err: 2.26543 0.00000 4.20000 -0.34845 0.34845 -0.50119 0.51828 -0.50119 0.51828 0 0 5.20050 2.26543
fb: 0.00000 0.38684 -0.76031 0.77619
fb: 0.00000 0.42572 -0.76031 0.77619
target: 0.00000 0.62789
dist/lin/ang/drive_left/drive_right/tv_l/tv_r/av_l/av_r/x/y/theta/t_err: 2.21087 0.00000 4.80000 -0.42572 0.42572 -0.54550 0.48406 -0.54550 0.48406 0 0 8.32635 2.21087
fb: 0.00000 0.46216 -0.81289 0.83035
fb: 0.00000 0.49867 -0.81289 0.83035
target: 0.00000 0.70637
dist/lin/ang/drive_left/drive_right/tv_l/tv_r/av_l/av_r/x/y/theta/t_err: 2.14466 0.00000 5.40000 -0.49867 0.49867 -0.55917 0.48442 -0.55917 0.48442 0 0 12.12001 2.14466
fb: 0.00000 0.52821 -0.86548 0.88450
fb: 0.00000 0.54591 -0.86548 0.88450
target: 0.00000 0.78486
dist/lin/ang/drive_left/drive_right/tv_l/tv_r/av_l/av_r/x/y/theta/t_err: 2.06758 0.00000 6.00000 -0.54591 0.54591 -0.55883 0.50786 -0.55883 0.50786 0 0 16.53627 2.06758
fb: -0.01169 0.57768 -0.91807 0.93866
fb: -0.05053 0.60109 -0.91807 0.93866
target: 0.00000 0.78486
dist/lin/ang/drive_left/drive_right/tv_l/tv_r/av_l/av_r/x/y/theta/t_err: 1.98275 0.00000 6.00000 -0.65162 0.55057 -0.58008 0.41475 -0.58008 0.41475 0 0 21.39696 1.98275
fb: -0.07568 0.61510 -0.56488 0.58547
fb: -0.07546 0.64339 -0.56488 0.58547
target: 0.00000 0.78486
dist/lin/ang/drive_left/drive_right/tv_l/tv_r/av_l/av_r/x/y/theta/t_err: 1.89074 0.00000 6.00000 -0.71884 0.56793 -0.51828 0.63328 -0.51828 0.63328 0 0 26.66872 1.89074
fb: -0.07943 0.67035 -0.56488 0.58547
fb: -0.07193 0.69752 -0.56488 0.58547
target: 0.00000 0.78486
dist/lin/ang/drive_left/drive_right/tv_l/tv_r/av_l/av_r/x/y/theta/t_err: 1.79165 0.00000 6.00000 -0.76945 0.62560 -0.50972 0.42178 -0.50972 0.42178 0 0 32.34588 1.79165
fb: -0.08340 0.71599 -0.56488 0.58547
fb: -0.11054 0.72630 -0.56488 0.58547
target: 0.00000 0.78486
dist/lin/ang/drive_left/drive_right/tv_l/tv_r/av_l/av_r/x/y/theta/t_err: 1.68462 0.00000 6.00000 -0.83684 0.61576 -0.54361 0.54381 -0.54361 0.54381 0 0 38.47861 1.68462
fb: -0.11451 0.73550 -0.56488 0.58547
fb: -0.10458 0.75048 -0.56488 0.58547
target: 0.00000 0.78486
dist/lin/ang/drive_left/drive_right/tv_l/tv_r/av_l/av_r/x/y/theta/t_err: 1.57347 0.00000 6.00000 -0.85506 0.64590 -0.54444 0.55986 -0.54444 0.55986 0 0 44.84658 1.57347
fb: -0.09686 0.77180 -0.56488 0.58547
fb: -0.08935 0.79117 -0.56488 0.58547
target: 0.00000 0.78486
dist/lin/ang/drive_left/drive_right/tv_l/tv_r/av_l/av_r/x/y/theta/t_err: 1.45807 0.00000 6.00000 -0.88052 0.70181 -0.54533 0.56244 -0.54533 0.56244 0 0 51.45897 1.45807
fb: -0.08913 0.81214 -0.56488 0.58547
fb: -0.09487 0.83158 -0.56488 0.58547
target: 0.00000 0.78486
dist/lin/ang/drive_left/drive_right/tv_l/tv_r/av_l/av_r/x/y/theta/t_err: 1.33641 0.00000 6.00000 -0.92645 0.73671 -0.54908 0.56294 -0.54908 0.56294 0 0 58.42907 1.33641
fb: -0.10480 0.84133 -0.56488 0.58547
fb: -0.11825 0.84921 -0.56488 0.58547
target: 0.00000 0.78486
dist/lin/ang/drive_left/drive_right/tv_l/tv_r/av_l/av_r/x/y/theta/t_err: 1.20918 0.00000 6.00000 -0.96746 0.73096 -0.54669 0.56244 -0.54669 0.56244 0 0 65.71905 1.20918
fb: -0.12796 0.85631 -0.56488 0.58547
fb: -0.12995 0.86537 -0.56488 0.58547
target: 0.00000 0.78486
dist/lin/ang/drive_left/drive_right/tv_l/tv_r/av_l/av_r/x/y/theta/t_err: 1.07914 0.00000 6.00000 -0.99532 0.73543 -0.54789 0.56364 -0.54789 0.56364 0 0 73.17006 1.07914
fb: -0.11627 0.87548 -0.56488 0.58547
fb: -0.11053 0.88711 -0.56488 0.58547
target: 0.00000 0.78486
dist/lin/ang/drive_left/drive_right/tv_l/tv_r/av_l/av_r/x/y/theta/t_err: 0.94647 0.00000 6.00000 -0.99764 0.77658 -0.55081 0.56344 -0.55081 0.56344 0 0 80.77141 0.94647
fb: -0.11450 0.90028 -0.56488 0.58547
fb: -0.11450 0.90718 -0.56488 0.58547
target: 0.00000 0.78486
dist/lin/ang/drive_left/drive_right/tv_l/tv_r/av_l/av_r/x/y/theta/t_err: 0.81035 0.00000 6.00000 -1.02168 0.79268 -0.54789 0.56483 -0.54789 0.56483 0 0 88.57020 0.81035
fb: -0.12024 0.91345 -0.56488 0.58547
fb: -0.12994 0.92056 -0.56488 0.58547
target: 0.00000 0.70975
dist/lin/ang/drive_left/drive_right/tv_l/tv_r/av_l/av_r/x/y/theta/t_err: 0.67132 0.00000 5.42579 -1.05050 0.79061 -0.54822 0.56244 -0.54822 0.56244 0 0 96.53609 0.67132
fb: -0.14538 0.92279 -0.17655 0.19564
fb: -0.15509 0.92697 -0.17655 0.19564
target: 0.00000 0.55060
dist/lin/ang/drive_left/drive_right/tv_l/tv_r/av_l/av_r/x/y/theta/t_err: 0.53040 0.00000 4.20917 -1.08206 0.77187 -0.50100 0.52736 -0.50100 0.52736 0 0 104.61016 0.53040
fb: -0.14538 0.93296 0.38628 -0.38016
fb: -0.14141 0.93491 0.38628 -0.38016
target: 0.00000 0.39021
dist/lin/ang/drive_left/drive_right/tv_l/tv_r/av_l/av_r/x/y/theta/t_err: 0.38820 0.00000 2.98305 -1.07632 0.79350 -0.21408 0.20775 -0.21408 0.20775 0 0 112.75760 0.38820
fb: -0.14935 0.92495 0.49933 -0.49642
fb: -0.13590 0.90732 0.49933 -0.49642
target: 0.00000 0.22954
dist/lin/ang/drive_left/drive_right/tv_l/tv_r/av_l/av_r/x/y/theta/t_err: 0.24552 0.00000 1.75474 -1.04322 0.77142 0.24417 -0.24967 0.24417 -0.24967 0 0 120.93288 0.24552
fb: -0.12024 0.85792 0.60827 -0.60857
fb: -0.12200 0.79256 0.60827 -0.60857
target: 0.00000 0.07776
dist/lin/ang/drive_left/drive_right/tv_l/tv_r/av_l/av_r/x/y/theta/t_err: 0.10885 0.00000 0.59442 -0.91457 0.67056 0.40192 -0.41050 0.40192 -0.41050 0 0 128.76348 0.10885
fb: -0.13966 0.72707 0.66994 -0.67328
fb: -0.17276 0.63739 0.66994 -0.67328
target: 0.00000 -0.00073
dist/lin/ang/drive_left/drive_right/tv_l/tv_r/av_l/av_r/x/y/theta/t_err: -0.01045 0.00000 -0.00558 -0.81015 0.46464 0.45858 -0.43806 0.45858 -0.43806 0 0 135.59859 -0.01045
fb: -0.18225 0.53281 0.49294 -0.29737
fb: -0.18799 0.44906 0.49609 -0.29421
target: 0.00000 -0.07922
dist/lin/ang/drive_left/drive_right/tv_l/tv_r/av_l/av_r/x/y/theta/t_err: -0.10417 0.00000 -0.60558 -0.63705 0.26107 0.44658 -0.25447 0.44658 -0.25447 0 0 140.96860 -0.10417
fb: -0.18623 0.38036 0.54771 -0.34934
fb: -0.15909 0.31264 0.44528 -0.45176
target: 0.00000 -0.15770
dist/lin/ang/drive_left/drive_right/tv_l/tv_r/av_l/av_r/x/y/theta/t_err: -0.17029 0.00000 -1.20558 -0.47173 0.15354 0.42383 -0.25922 0.42383 -0.25922 0 0 144.75714 -0.17029
fb: -0.13769 0.24108 0.49787 -0.50592
fb: -0.12026 0.16576 0.49787 -0.50592
target: 0.00000 -0.23619
dist/lin/ang/drive_left/drive_right/tv_l/tv_r/av_l/av_r/x/y/theta/t_err: -0.21545 0.00000 -1.80558 -0.28602 0.04550 0.36872 -0.34597 0.36872 -0.34597 0 0 147.34436 -0.21545
fb: -0.10658 0.09176 0.55046 -0.56007
fb: -0.10283 0.02292 0.55046 -0.56007
target: 0.00000 -0.27520
dist/lin/ang/drive_left/drive_right/tv_l/tv_r/av_l/av_r/x/y/theta/t_err: -0.23806 0.00000 -2.10383 -0.12575 -0.07990 0.39697 -0.32272 0.39697 -0.32272 0 0 148.63976 -0.23806
fb: -0.09113 -0.03226 0.39897 -0.40937
fb: -0.08319 -0.08271 0.39897 -0.40937
target: 0.00000 -0.27009
dist/lin/ang/drive_left/drive_right/tv_l/tv_r/av_l/av_r/x/y/theta/t_err: -0.23963 0.00000 -2.06472 -0.00048 -0.16589 0.40947 -0.41458 0.40947 -0.41458 0 0 148.72965 -0.23963
fb: -0.08738 -0.13336 0.19696 -0.20725
fb: -0.08539 -0.17865 0.19696 -0.20725
target: 0.00000 -0.24844
dist/lin/ang/drive_left/drive_right/tv_l/tv_r/av_l/av_r/x/y/theta/t_err: -0.22508 0.00000 -1.89927 0.09325 -0.26404 0.26469 -0.30594 0.26469 -0.30594 0 0 147.89587 -0.22508
fb: -0.07546 -0.20262 0.10809 -0.11795
fb: -0.06200 -0.21154 0.10809 -0.11795
target: 0.00000 -0.21236
dist/lin/ang/drive_left/drive_right/tv_l/tv_r/av_l/av_r/x/y/theta/t_err: -0.19695 0.00000 -1.62344 0.14953 -0.27354 0.16256 -0.19747 0.16256 -0.19747 0 0 146.28431 -0.19695
fb: -0.05825 -0.21383 -0.05911 0.05975
fb: -0.05627 -0.21328 -0.05911 0.05975
target: 0.00000 -0.17438
dist/lin/ang/drive_left/drive_right/tv_l/tv_r/av_l/av_r/x/y/theta/t_err: -0.16446 0.00000 -1.33310 0.15701 -0.26954 0.05422 -0.10217 0.05422 -0.10217 0 0 144.42269 -0.16446
fb: -0.04854 -0.20889 -0.09309 0.09450
fb: -0.05252 -0.20241 -0.09309 0.09450
target: 0.00000 -0.13782
dist/lin/ang/drive_left/drive_right/tv_l/tv_r/av_l/av_r/x/y/theta/t_err: -0.13196 0.00000 -1.05361 0.14989 -0.25492 -0.05631 0.03681 -0.05631 0.03681 0 0 142.56072 -0.13196
fb: -0.06002 -0.19488 -0.11121 0.11334
fb: -0.04832 -0.18339 -0.11121 0.11334
target: 0.00000 -0.10379
dist/lin/ang/drive_left/drive_right/tv_l/tv_r/av_l/av_r/x/y/theta/t_err: -0.10120 0.00000 -0.79342 0.13506 -0.23171 -0.09083 0.08108 -0.09083 0.08108 0 0 140.79835 -0.10120
fb: -0.02515 -0.15963 -0.12264 0.12546
fb: -0.01169 -0.12214 -0.12264 0.12546
target: 0.00000 -0.07457
dist/lin/ang/drive_left/drive_right/tv_l/tv_r/av_l/av_r/x/y/theta/t_err: -0.07415 0.00000 -0.57005 0.11045 -0.13384 -0.10558 0.10028 -0.10558 0.10028 0 0 139.24842 -0.07415
fb: -0.01169 -0.07100 -0.12055 0.12395
fb: -0.01942 -0.02028 -0.12055 0.12395
target: 0.00000 -0.05930
dist/lin/ang/drive_left/drive_right/tv_l/tv_r/av_l/av_r/x/y/theta/t_err: -0.05754 0.00000 -0.45336 0.00086 -0.03969 -0.11019 0.10867 -0.11019 0.10867 0 0 138.29701 -0.05754
fb: -0.01169 0.01505 -0.06798 0.07169
fb: -0.00397 0.04487 -0.06798 0.07169
target: 0.00000 -0.06188
dist/lin/ang/drive_left/drive_right/tv_l/tv_r/av_l/av_r/x/y/theta/t_err: -0.05558 0.00000 -0.47307 -0.04884 0.04090 -0.08914 0.10489 -0.08914 0.10489 0 0 138.18446 -0.05558
fb: -0.00397 0.05769 0.09209 -0.09822
fb: 0.00000 0.06138 0.09209 -0.09822
target: 0.00000 -0.07292
dist/lin/ang/drive_left/drive_right/tv_l/tv_r/av_l/av_r/x/y/theta/t_err: -0.06274 0.00000 -0.55748 -0.06138 0.06138 -0.02381 0.05117 -0.02381 0.05117 0 0 138.59479 -0.06274
fb: 0.00000 0.05992 0.13757 -0.14392
fb: 0.00000 0.05623 0.13757 -0.14392
target: 0.00000 -0.08414
dist/lin/ang/drive_left/drive_right/tv_l/tv_r/av_l/av_r/x/y/theta/t_err: -0.07208 0.00000 -0.64326 -0.05623 0.05623 0.08881 -0.08128 0.08881 -0.08128 0 0 139.12999 -0.07208
fb: 0.00000 0.05233 0.14589 -0.15247
fb: 0.00000 0.04884 0.14589 -0.15247
target: 0.00000 -0.09338
dist/lin/ang/drive_left/drive_right/tv_l/tv_r/av_l/av_r/x/y/theta/t_err: -0.08055 0.00000 -0.71388 -0.04884 0.04884 0.12681 -0.13258 0.12681 -0.13258 0 0 139.61508 -0.08055
fb: 0.00000 0.03909 0.14316 -0.14992
fb: 0.00000 0.01881 0.14316 -0.14992
target: 0.00000 -0.10084
dist/lin/ang/drive_left/drive_right/tv_l/tv_r/av_l/av_r/x/y/theta/t_err: -0.08759 0.00000 -0.77089 -0.01881 0.01881 0.13483 -0.13964 0.13483 -0.13964 0 0 140.01862 -0.08759
fb: 0.00000 -0.01143 0.14015 -0.14706
fb: 0.00000 -0.03714 0.14015 -0.14706
target: 0.00000 -0.10092
dist/lin/ang/drive_left/drive_right/tv_l/tv_r/av_l/av_r/x/y/theta/t_err: -0.08923 0.00000 -0.77152 0.03714 -0.03714 0.13294 -0.13278 0.13294 -0.13278 0 0 140.11273 -0.08923
fb: 0.00000 -0.05261 0.10701 -0.11392
fb: 0.00000 -0.06340 0.10701 -0.11392
target: 0.00000 -0.09136
dist/lin/ang/drive_left/drive_right/tv_l/tv_r/av_l/av_r/x/y/theta/t_err: -0.08302 0.00000 -0.69842 0.06340 -0.06340 0.12300 -0.12831 0.12300 -0.12831 0 0 139.75660 -0.08302
fb: -0.00375 -0.07079 0.05720 -0.06393
fb: -0.00772 -0.07678 0.05720 -0.06393
target: 0.00000 -0.07891
dist/lin/ang/drive_left/drive_right/tv_l/tv_r/av_l/av_r/x/y/theta/t_err: -0.07304 0.00000 -0.60324 0.06906 -0.08451 0.08042 -0.09447 0.08042 -0.09447 0 0 139.18511 -0.07304
fb: -0.00772 -0.07845 -0.04218 0.04549
fb: -0.00772 -0.07650 -0.04218 0.04549
target: 0.00000 -0.06501
dist/lin/ang/drive_left/drive_right/tv_l/tv_r/av_l/av_r/x/y/theta/t_err: -0.06123 0.00000 -0.49699 0.06878 -0.08423 0.01867 -0.03900 0.01867 -0.03900 0 0 138.50794 -0.06123
fb: -0.00772 -0.07051 -0.05801 0.06160
fb: -0.00772 -0.06361 -0.05801 0.06160
target: 0.00000 -0.05222
dist/lin/ang/drive_left/drive_right/tv_l/tv_r/av_l/av_r/x/y/theta/t_err: -0.04975 0.00000 -0.39917 0.05589 -0.07134 -0.04106 0.03969 -0.04106 0.03969 0 0 137.85053 -0.04975
fb: -0.00794 -0.05581 -0.06162 0.06547
fb: -0.00772 -0.04752 -0.06162 0.06547
target: 0.00000 -0.04226
dist/lin/ang/drive_left/drive_right/tv_l/tv_r/av_l/av_r/x/y/theta/t_err: -0.04031 0.00000 -0.32305 0.03980 -0.05524 -0.05408 0.05817 -0.05408 0.05817 0 0 137.30952 -0.04031
fb: -0.00772 -0.03958 -0.05552 0.05957
fb: -0.00772 -0.03121 -0.05552 0.05957
target: 0.00000 -0.03519
dist/lin/ang/drive_left/drive_right/tv_l/tv_r/av_l/av_r/x/y/theta/t_err: -0.03331 0.00000 -0.26901 0.02349 -0.03894 -0.05956 0.05747 -0.05956 0.05747 0 0 136.90875 -0.03331
fb: -0.00375 -0.02014 -0.04725 0.05144
fb: 0.00000 -0.00746 -0.04725 0.05144
target: 0.00000 -0.03119
dist/lin/ang/drive_left/drive_right/tv_l/tv_r/av_l/av_r/x/y/theta/t_err: -0.02899 0.00000 -0.23845 0.00746 -0.00746 -0.05136 0.04756 -0.05136 0.04756 0 0 136.66073 -0.02899
fb: 0.00000 0.00411 0.04193 -0.04745
fb: 0.00000 0.01435 0.04193 -0.04745
target: 0.00000 -0.03157
dist/lin/ang/drive_left/drive_right/tv_l/tv_r/av_l/av_r/x/y/theta/t_err: -0.02827 0.00000 -0.24132 -0.01435 0.01435 -0.01917 0.02586 -0.01917 0.02586 0 0 136.61969 -0.02827
fb: 0.00000 0.02083 0.06186 -0.06739
fb: 0.00000 0.02369 0.06186 -0.06739
final error was -1.75944
position: 0.52662 -1.71530 136.75944
took 1.08000 time to finish turn
increased kd to 1.20000
increased kd to 1.40000
target: 0.00000 0.07849
dist/lin/ang/drive_left/drive_right/tv_l/tv_r/av_l/av_r/x/y/theta/t_err: 2.35620 0.00000 0.60000 0.00000 0.00000 -0.00017 -0.00033 -0.00017 -0.00033 0 0 -0.00022 2.35620
fb: 0.00000 0.00000 -0.44480 0.45126
fb: 0.00000 0.00000 -0.44480 0.45126
target: 0.00000 0.15697
dist/lin/ang/drive_left/drive_right/tv_l/tv_r/av_l/av_r/x/y/theta/t_err: 2.35620 0.00000 1.20000 0.00000 0.00000 -0.03714 0.05442 -0.03714 0.05442 0 0 -0.00022 2.35620
fb: 0.00000 0.00000 -0.49738 0.50541
fb: 0.00000 0.00516 -0.49738 0.50541
target: 0.00000 0.23546
dist/lin/ang/drive_left/drive_right/tv_l/tv_r/av_l/av_r/x/y/theta/t_err: 2.35620 0.00000 1.80000 -0.00516 0.00516 -0.37061 0.36806 -0.37061 0.36806 0 0 -0.00041 2.35620
fb: 0.00000 0.03533 -0.54997 0.55957
fb: 0.00199 0.08459 -0.54997 0.55957
target: 0.00000 0.31394
dist/lin/ang/drive_left/drive_right/tv_l/tv_r/av_l/av_r/x/y/theta/t_err: 2.35395 0.00000 2.40000 -0.08260 0.08657 -0.43547 0.42844 -0.43547 0.42844 0 0 0.12868 2.35395
fb: 0.00199 0.13440 -0.60255 0.61373
fb: 0.00000 0.17997 -0.60255 0.61373
target: 0.00000 0.39243
dist/lin/ang/drive_left/drive_right/tv_l/tv_r/av_l/av_r/x/y/theta/t_err: 2.33922 0.00000 3.00000 -0.17997 0.17997 -0.48717 0.46406 -0.48717 0.46406 0 0 0.97259 2.33922
fb: 0.00000 0.22080 -0.65514 0.66788
fb: 0.00000 0.25787 -0.65514 0.66788
target: 0.00000 0.47092
dist/lin/ang/drive_left/drive_right/tv_l/tv_r/av_l/av_r/x/y/theta/t_err: 2.31025 0.00000 3.60000 -0.25787 0.25787 -0.53742 0.50478 -0.53742 0.50478 0 0 2.63242 2.31025
fb: 0.00000 0.29905 -0.70772 0.72204
fb: 0.00000 0.34392 -0.70772 0.72204
target: 0.00000 0.54940
dist/lin/ang/drive_left/drive_right/tv_l/tv_r/av_l/av_r/x/y/theta/t_err: 2.26939 0.00000 4.20000 -0.34392 0.34392 -0.55133 0.55369 -0.55133 0.55369 0 0 4.97381 2.26939
fb: 0.00000 0.38886 -0.76031 0.77619
fb: 0.00000 0.42927 -0.76031 0.77619
target: 0.00000 0.62789
dist/lin/ang/drive_left/drive_right/tv_l/tv_r/av_l/av_r/x/y/theta/t_err: 2.21530 0.00000 4.80000 -0.42927 0.42927 -0.55578 0.57936 -0.55578 0.57936 0 0 8.07250 2.21530
fb: 0.00000 0.46948 -0.81289 0.83035
fb: 0.00397 0.50773 -0.81289 0.83035
target: 0.00000 0.70637
dist/lin/ang/drive_left/drive_right/tv_l/tv_r/av_l/av_r/x/y/theta/t_err: 2.14833 0.00000 5.40000 -0.50376 0.51170 -0.62661 0.55369 -0.62661 0.55369 0 0 11.90967 2.14833
fb: 0.00000 0.54110 -0.86548 0.88450
fb: -0.00397 0.57225 -0.86548 0.88450
target: 0.00000 0.78486
dist/lin/ang/drive_left/drive_right/tv_l/tv_r/av_l/av_r/x/y/theta/t_err: 2.06973 0.00000 6.00000 -0.57622 0.56828 -0.61700 0.58211 -0.61700 0.58211 0 0 16.41337 2.06973
fb: 0.00000 0.60200 -0.91807 0.93866
fb: 0.00000 0.63119 -0.91807 0.93866
target: 0.00000 0.78486
dist/lin/ang/drive_left/drive_right/tv_l/tv_r/av_l/av_r/x/y/theta/t_err: 1.98131 0.00000 6.00000 -0.63119 0.63119 -0.47464 0.57097 -0.47464 0.57097 0 0 21.47921 1.98131
fb: 0.00000 0.66310 -0.56488 0.58547
fb: 0.00000 0.68742 -0.56488 0.58547
target: 0.00000 0.78486
dist/lin/ang/drive_left/drive_right/tv_l/tv_r/av_l/av_r/x/y/theta/t_err: 1.88381 0.00000 6.00000 -0.68742 0.68742 -0.54172 0.49931 -0.54172 0.49931 0 0 27.06543 1.88381
fb: 0.00000 0.70616 -0.56488 0.58547
fb: 0.00000 0.72337 -0.56488 0.58547
target: 0.00000 0.78486
dist/lin/ang/drive_left/drive_right/tv_l/tv_r/av_l/av_r/x/y/theta/t_err: 1.77835 0.00000 6.00000 -0.72337 0.72337 -0.44572 0.55236 -0.44572 0.55236 0 0 33.10779 1.77835
fb: -0.00199 0.73041 -0.56488 0.58547
fb: -0.00199 0.73376 -0.56488 0.58547
target: 0.00000 0.78486
dist/lin/ang/drive_left/drive_right/tv_l/tv_r/av_l/av_r/x/y/theta/t_err: 1.66788 0.00000 6.00000 -0.73574 0.73177 -0.53367 0.56208 -0.53367 0.56208 0 0 39.43761 1.66788
fb: 0.00000 0.75097 -0.56488 0.58547
fb: 0.00000 0.76943 -0.56488 0.58547
target: 0.00000 0.78486
dist/lin/ang/drive_left/drive_right/tv_l/tv_r/av_l/av_r/x/y/theta/t_err: 1.55510 0.00000 6.00000 -0.76943 0.76943 -0.54533 0.55936 -0.54533 0.55936 0 0 45.89944 1.55510
fb: 0.00000 0.78448 -0.56488 0.58547
fb: 0.00000 0.80155 -0.56488 0.58547
target: 0.00000 0.78486
dist/lin/ang/drive_left/drive_right/tv_l/tv_r/av_l/av_r/x/y/theta/t_err: 1.43715 0.00000 6.00000 -0.80155 0.80155 -0.54722 0.56261 -0.54722 0.56261 0 0 52.65738 1.43715
fb: -0.00971 0.82141 -0.56488 0.58547
fb: -0.02890 0.84113 -0.56488 0.58547
target: 0.00000 0.78486
dist/lin/ang/drive_left/drive_right/tv_l/tv_r/av_l/av_r/x/y/theta/t_err: 1.31402 0.00000 6.00000 -0.87003 0.81222 -0.54789 0.56158 -0.54789 0.56158 0 0 59.71222 1.31402
fb: -0.04457 0.85576 -0.56488 0.58547
fb: -0.05251 0.87025 -0.56488 0.58547
target: 0.00000 0.78486
dist/lin/ang/drive_left/drive_right/tv_l/tv_r/av_l/av_r/x/y/theta/t_err: 1.18510 0.00000 6.00000 -0.92276 0.81774 -0.54961 0.56275 -0.54961 0.56275 0 0 67.09898 1.18510
fb: -0.06574 0.88147 -0.56488 0.58547
fb: -0.07942 0.88718 -0.56488 0.58547
target: 0.00000 0.78486
dist/lin/ang/drive_left/drive_right/tv_l/tv_r/av_l/av_r/x/y/theta/t_err: 1.05182 0.00000 6.00000 -0.96660 0.80776 -0.55167 0.56464 -0.55167 0.56464 0 0 74.73528 1.05182
fb: -0.08538 0.89485 -0.56488 0.58547
fb: -0.09310 0.90342 -0.56488 0.58547
target: 0.00000 0.78486
dist/lin/ang/drive_left/drive_right/tv_l/tv_r/av_l/av_r/x/y/theta/t_err: 0.91591 0.00000 6.00000 -0.99652 0.81032 -0.54703 0.56331 -0.54703 0.56331 0 0 82.52251 0.91591
fb: -0.09884 0.91589 -0.56488 0.58547
fb: -0.08913 0.92376 -0.56488 0.58547
target: 0.00000 0.78486
dist/lin/ang/drive_left/drive_right/tv_l/tv_r/av_l/av_r/x/y/theta/t_err: 0.77722 0.00000 6.00000 -1.01289 0.83463 -0.54636 0.56450 -0.54636 0.56450 0 0 90.46830 0.77722
fb: -0.08935 0.93282 -0.56488 0.58547
fb: -0.10082 0.94111 -0.56488 0.58547
target: 0.00000 0.65006
dist/lin/ang/drive_left/drive_right/tv_l/tv_r/av_l/av_r/x/y/theta/t_err: 0.63552 0.00000 4.96950 -1.04193 0.84029 -0.54703 0.56344 -0.54703 0.56344 0 0 98.58739 0.63552
fb: -0.11428 0.94271 0.21008 -0.20197
fb: -0.13193 0.94877 0.21008 -0.20197
target: 0.00000 0.48710
dist/lin/ang/drive_left/drive_right/tv_l/tv_r/av_l/av_r/x/y/theta/t_err: 0.49157 0.00000 3.72370 -1.08070 0.81685 -0.39081 0.34564 -0.39081 0.34564 0 0 106.83502 0.49157
fb: -0.15134 0.95379 0.44601 -0.44116
fb: -0.17649 0.94271 0.44601 -0.44116
target: 0.00000 0.32273
dist/lin/ang/drive_left/drive_right/tv_l/tv_r/av_l/av_r/x/y/theta/t_err: 0.34609 0.00000 2.46718 -1.11920 0.76622 0.10714 -0.13006 0.10714 -0.13006 0 0 115.17055 0.34609
fb: -0.18796 0.90007 0.66582 -0.45750
fb: -0.16083 0.82608 0.56244 -0.56088
target: 0.00000 0.16374
dist/lin/ang/drive_left/drive_right/tv_l/tv_r/av_l/av_r/x/y/theta/t_err: 0.20356 0.00000 1.25176 -0.98691 0.66525 0.36053 -0.36633 0.36053 -0.36633 0 0 123.33688 0.20356
fb: -0.12620 0.75556 0.64476 -0.64638
fb: -0.11649 0.68289 0.64476 -0.64638
target: 0.00000 0.03287
dist/lin/ang/drive_left/drive_right/tv_l/tv_r/av_l/av_r/x/y/theta/t_err: 0.07965 0.00000 0.25126 -0.79938 0.56640 0.36239 -0.45533 0.36239 -0.45533 0 0 130.43662 0.07965
fb: -0.11230 0.60904 0.60594 -0.61018
fb: -0.12599 0.51546 0.60594 -0.61018
target: 0.00000 -0.04562
dist/lin/ang/drive_left/drive_right/tv_l/tv_r/av_l/av_r/x/y/theta/t_err: -0.02229 0.00000 -0.34874 -0.64145 0.38948 0.39389 -0.49092 0.39389 -0.49092 0 0 136.27707 -0.02229
fb: -0.14739 0.41610 0.42277 -0.42858
fb: -0.14342 0.32371 0.42277 -0.42858
target: 0.00000 -0.12410
dist/lin/ang/drive_left/drive_right/tv_l/tv_r/av_l/av_r/x/y/theta/t_err: -0.09743 0.00000 -0.94874 -0.46714 0.18029 0.37817 -0.27156 0.37817 -0.27156 0 0 140.58242 -0.09743
fb: -0.13394 0.24533 0.47536 -0.48274
fb: -0.12622 0.17252 0.47536 -0.48274
target: 0.00000 -0.18371
dist/lin/ang/drive_left/drive_right/tv_l/tv_r/av_l/av_r/x/y/theta/t_err: -0.14425 0.00000 -1.40438 -0.29873 0.04630 0.28678 -0.33297 0.28678 -0.33297 0 0 143.26476 -0.14425
fb: -0.11055 0.10347 0.43032 -0.43888
fb: -0.09687 0.03163 0.43032 -0.43888
target: 0.00000 -0.19999
dist/lin/ang/drive_left/drive_right/tv_l/tv_r/av_l/av_r/x/y/theta/t_err: -0.16807 0.00000 -1.52883 -0.12850 -0.06524 0.40331 -0.37406 0.40331 -0.37406 0 0 144.62993 -0.16807
fb: -0.07944 -0.03637 0.24627 -0.25516
fb: -0.06796 -0.08995 0.24627 -0.25516
target: 0.00000 -0.19283
dist/lin/ang/drive_left/drive_right/tv_l/tv_r/av_l/av_r/x/y/theta/t_err: -0.17045 0.00000 -1.47414 0.02199 -0.15791 0.37867 -0.37439 0.37867 -0.37439 0 0 144.76587 -0.17045
fb: -0.06796 -0.13336 0.13603 -0.14478
fb: -0.06774 -0.16102 0.13603 -0.14478
target: 0.00000 -0.16733
dist/lin/ang/drive_left/drive_right/tv_l/tv_r/av_l/av_r/x/y/theta/t_err: -0.15502 0.00000 -1.27921 0.09328 -0.22876 0.23236 -0.23219 0.23236 -0.23219 0 0 143.88215 -0.15502
fb: -0.06973 -0.16764 -0.04165 -0.04463
fb: -0.08142 -0.16464 -0.04165 -0.04463
target: 0.00000 -0.13524
dist/lin/ang/drive_left/drive_right/tv_l/tv_r/av_l/av_r/x/y/theta/t_err: -0.13029 0.00000 -1.03390 0.08322 -0.24607 0.11672 -0.12697 0.11672 -0.12697 0 0 142.46491 -0.13029
fb: -0.07966 -0.15879 -0.09281 0.09500
fb: -0.06598 -0.15196 -0.09281 0.09500
target: 0.00000 -0.10697
dist/lin/ang/drive_left/drive_right/tv_l/tv_r/av_l/av_r/x/y/theta/t_err: -0.10527 0.00000 -0.81774 0.08599 -0.21794 -0.03300 -0.02550 -0.03300 -0.02550 0 0 141.03145 -0.10527
fb: -0.05230 -0.14332 -0.09459 0.09734
fb: -0.04656 -0.13601 -0.09459 0.09734
target: 0.00000 -0.08207
dist/lin/ang/drive_left/drive_right/tv_l/tv_r/av_l/av_r/x/y/theta/t_err: -0.08230 0.00000 -0.62736 0.08945 -0.18257 -0.08244 0.07561 -0.08244 0.07561 0 0 139.71531 -0.08230
fb: -0.05031 -0.12737 -0.09611 0.09936
fb: -0.04259 -0.11009 -0.09611 0.09936
target: 0.00000 -0.06010
dist/lin/ang/drive_left/drive_right/tv_l/tv_r/av_l/av_r/x/y/theta/t_err: -0.06178 0.00000 -0.45948 0.06750 -0.15267 -0.08625 0.08331 -0.08625 0.08331 0 0 138.53965 -0.06178
fb: -0.03310 -0.08103 -0.09758 0.10127
fb: -0.02339 -0.04404 -0.09758 0.10127
target: 0.00000 -0.04473
dist/lin/ang/drive_left/drive_right/tv_l/tv_r/av_l/av_r/x/y/theta/t_err: -0.04613 0.00000 -0.34192 0.02065 -0.06742 -0.08350 0.08367 -0.08350 0.08367 0 0 137.64294 -0.04613
fb: -0.01743 -0.00850 -0.07825 0.08225
fb: -0.01346 0.01582 -0.07825 0.08225
target: 0.00000 -0.04341
dist/lin/ang/drive_left/drive_right/tv_l/tv_r/av_l/av_r/x/y/theta/t_err: -0.04077 0.00000 -0.33186 -0.02928 0.00236 -0.08128 0.08828 -0.08128 0.08828 0 0 137.33591 -0.04077
fb: -0.01169 0.03052 0.06219 -0.06795
fb: -0.01169 0.03839 0.06219 -0.06795
target: 0.00000 -0.05041
dist/lin/ang/drive_left/drive_right/tv_l/tv_r/av_l/av_r/x/y/theta/t_err: -0.04364 0.00000 -0.38537 -0.05009 0.02670 -0.03611 0.05906 -0.03611 0.05906 0 0 137.50047 -0.04364
fb: -0.00772 0.04167 0.10429 -0.11020
fb: -0.00397 0.03874 0.10429 -0.11020
target: 0.00000 -0.05857
dist/lin/ang/drive_left/drive_right/tv_l/tv_r/av_l/av_r/x/y/theta/t_err: -0.04963 0.00000 -0.44772 -0.04271 0.03477 0.06211 -0.05631 0.06211 -0.05631 0 0 137.84332 -0.04963
fb: 0.00000 0.03358 0.11497 -0.12103
fb: 0.00000 0.02933 0.11497 -0.12103
target: 0.00000 -0.06485
dist/lin/ang/drive_left/drive_right/tv_l/tv_r/av_l/av_r/x/y/theta/t_err: -0.05533 0.00000 -0.49576 -0.02933 0.02933 0.09806 -0.10422 0.09806 -0.10422 0 0 138.16997 -0.05533
fb: 0.00000 0.02404 0.11075 -0.11694
fb: 0.00000 0.01387 0.11075 -0.11694
target: 0.00000 -0.06905
dist/lin/ang/drive_left/drive_right/tv_l/tv_r/av_l/av_r/x/y/theta/t_err: -0.05963 0.00000 -0.52783 -0.01387 0.01387 0.10831 -0.11122 0.10831 -0.11122 0 0 138.41632 -0.05963
fb: 0.00000 -0.00425 0.10416 -0.11044
fb: 0.00000 -0.02487 0.10416 -0.11044
target: 0.00000 -0.06922
dist/lin/ang/drive_left/drive_right/tv_l/tv_r/av_l/av_r/x/y/theta/t_err: -0.06098 0.00000 -0.52918 0.02487 -0.02487 0.10147 -0.10522 0.10147 -0.10522 0 0 138.49394 -0.06098
fb: 0.00000 -0.03776 0.08619 -0.09247
fb: 0.00000 -0.04515 0.08619 -0.09247
target: 0.00000 -0.06193
dist/lin/ang/drive_left/drive_right/tv_l/tv_r/av_l/av_r/x/y/theta/t_err: -0.05676 0.00000 -0.47342 0.04515 -0.04515 0.08967 -0.10197 0.08967 -0.10197 0 0 138.25235 -0.05676
fb: 0.00000 -0.05072 0.04769 -0.05382
fb: 0.00000 -0.05407 0.04769 -0.05382
target: 0.00000 -0.05259
dist/lin/ang/drive_left/drive_right/tv_l/tv_r/av_l/av_r/x/y/theta/t_err: -0.04965 0.00000 -0.40207 0.05407 -0.05407 0.06914 -0.07753 0.06914 -0.07753 0 0 137.84463 -0.04965
fb: 0.00000 -0.05400 -0.04578 0.04963
fb: -0.00375 -0.05051 -0.04578 0.04963
target: 0.00000 -0.04280
dist/lin/ang/drive_left/drive_right/tv_l/tv_r/av_l/av_r/x/y/theta/t_err: -0.04140 0.00000 -0.32720 0.04676 -0.05427 0.02125 -0.03044 0.02125 -0.03044 0 0 137.37218 -0.04140
fb: -0.00375 -0.04369 -0.05442 0.05845
fb: -0.00397 -0.03595 -0.05442 0.05845
target: 0.00000 -0.03477
dist/lin/ang/drive_left/drive_right/tv_l/tv_r/av_l/av_r/x/y/theta/t_err: -0.03394 0.00000 -0.26581 0.03198 -0.03992 -0.04053 0.03817 -0.04053 0.03817 0 0 136.94484 -0.03394
fb: -0.00397 -0.02787 -0.05186 0.05606
fb: 0.00000 -0.01993 -0.05186 0.05606
target: 0.00000 -0.02996
dist/lin/ang/drive_left/drive_right/tv_l/tv_r/av_l/av_r/x/y/theta/t_err: -0.02875 0.00000 -0.22906 0.01993 -0.01993 -0.05117 0.05050 -0.05117 0.05050 0 0 136.64720 -0.02875
fb: -0.00397 -0.01184 -0.04058 0.04488
fb: -0.00397 -0.00418 -0.04058 0.04488
target: 0.00000 -0.02802
dist/lin/ang/drive_left/drive_right/tv_l/tv_r/av_l/av_r/x/y/theta/t_err: -0.02602 0.00000 -0.21417 0.00021 -0.00815 -0.05031 0.05014 -0.05031 0.05014 0 0 136.49062 -0.02602
fb: 0.00000 0.00376 0.04903 -0.05449
fb: 0.00000 0.01080 0.04903 -0.05449
final error was -1.47276
position: 0.74568 -1.20006 136.47276
took 1.00000 time to finish turn
increased to 180.00000
target: 0.00000 0.07849
dist/lin/ang/drive_left/drive_right/tv_l/tv_r/av_l/av_r/x/y/theta/t_err: 3.14159 0.00000 0.60000 0.00000 0.00000 -0.00017 -0.00017 -0.00017 -0.00017 0 0 0.00029 3.14159
fb: 0.00000 0.00000 -0.44480 0.45126
fb: 0.00000 0.00000 -0.44480 0.45126
target: 0.00000 0.15697
dist/lin/ang/drive_left/drive_right/tv_l/tv_r/av_l/av_r/x/y/theta/t_err: 3.14159 0.00000 1.20000 0.00000 0.00000 -0.07047 0.10983 -0.07047 0.10983 0 0 0.00020 3.14159
fb: 0.00000 0.00000 -0.49738 0.50541
fb: -0.00375 0.00634 -0.49738 0.50541
target: 0.00000 0.23546
dist/lin/ang/drive_left/drive_right/tv_l/tv_r/av_l/av_r/x/y/theta/t_err: 3.14159 0.00000 1.80000 -0.01009 0.00259 -0.38636 0.37883 -0.38636 0.37883 0 0 0.00020 3.14159
fb: -0.00375 0.04167 -0.54997 0.55957
fb: 0.00000 0.09497 -0.54997 0.55957
target: 0.00000 0.31394
dist/lin/ang/drive_left/drive_right/tv_l/tv_r/av_l/av_r/x/y/theta/t_err: 3.13892 0.00000 2.40000 -0.09497 0.09497 -0.46508 0.45447 -0.46508 0.45447 0 0 0.15341 3.13892
fb: 0.00000 0.14472 -0.60255 0.61373
fb: 0.00000 0.19070 -0.60255 0.61373
target: 0.00000 0.39243
dist/lin/ang/drive_left/drive_right/tv_l/tv_r/av_l/av_r/x/y/theta/t_err: 3.12264 0.00000 3.00000 -0.19070 0.19070 -0.49725 0.46883 -0.49725 0.46883 0 0 1.08604 3.12264
fb: 0.00000 0.23439 -0.65514 0.66788
fb: 0.00000 0.27745 -0.65514 0.66788
target: 0.00000 0.47092
dist/lin/ang/drive_left/drive_right/tv_l/tv_r/av_l/av_r/x/y/theta/t_err: 3.09191 0.00000 3.60000 -0.27745 0.27745 -0.51639 0.49586 -0.51639 0.49586 0 0 2.84687 3.09191
fb: 0.00000 0.32323 -0.70772 0.72204
fb: 0.00000 0.36601 -0.70772 0.72204
target: 0.00000 0.54940
dist/lin/ang/drive_left/drive_right/tv_l/tv_r/av_l/av_r/x/y/theta/t_err: 3.04786 0.00000 4.20000 -0.36601 0.36601 -0.55167 0.53592 -0.55167 0.53592 0 0 5.37048 3.04786
fb: 0.00375 0.40732 -0.76031 0.77619
fb: 0.00375 0.44781 -0.76031 0.77619
target: 0.00000 0.62789
dist/lin/ang/drive_left/drive_right/tv_l/tv_r/av_l/av_r/x/y/theta/t_err: 2.99049 0.00000 4.80000 -0.44405 0.45156 -0.57972 0.50903 -0.57972 0.50903 0 0 8.65734 2.99049
fb: 0.00000 0.48606 -0.81289 0.83035
fb: 0.00000 0.52006 -0.81289 0.83035
target: 0.00000 0.70637
dist/lin/ang/drive_left/drive_right/tv_l/tv_r/av_l/av_r/x/y/theta/t_err: 2.92080 0.00000 5.40000 -0.52006 0.52006 -0.52531 0.48869 -0.52531 0.48869 0 0 12.65026 2.92080
fb: 0.00000 0.55002 -0.86548 0.88450
fb: 0.00000 0.56284 -0.86548 0.88450
target: 0.00000 0.78486
dist/lin/ang/drive_left/drive_right/tv_l/tv_r/av_l/av_r/x/y/theta/t_err: 2.84041 0.00000 6.00000 -0.56284 0.56284 -0.64200 0.36358 -0.64200 0.36358 0 0 17.25653 2.84041
fb: 0.00000 0.58291 -0.91807 0.93866
fb: 0.00199 0.60165 -0.91807 0.93866
target: 0.00000 0.78486
dist/lin/ang/drive_left/drive_right/tv_l/tv_r/av_l/av_r/x/y/theta/t_err: 2.75372 0.00000 6.00000 -0.59966 0.60364 -0.56400 0.59903 -0.56400 0.59903 0 0 22.22346 2.75372
fb: 0.00199 0.62402 -0.56488 0.58547
fb: 0.00000 0.64938 -0.56488 0.58547
target: 0.00000 0.78486
dist/lin/ang/drive_left/drive_right/tv_l/tv_r/av_l/av_r/x/y/theta/t_err: 2.66102 0.00000 6.00000 -0.64938 0.64938 -0.61617 0.57597 -0.61617 0.57597 0 0 27.53499 2.66102
fb: -0.01346 0.67662 -0.56488 0.58547
fb: -0.04457 0.69815 -0.56488 0.58547
target: 0.00000 0.78486
dist/lin/ang/drive_left/drive_right/tv_l/tv_r/av_l/av_r/x/y/theta/t_err: 2.56093 0.00000 6.00000 -0.74272 0.65358 -0.52550 0.48800 -0.52550 0.48800 0 0 33.26939 2.56093
fb: -0.07965 0.71550 -0.56488 0.58547
fb: -0.09686 0.72811 -0.56488 0.58547
target: 0.00000 0.78486
dist/lin/ang/drive_left/drive_right/tv_l/tv_r/av_l/av_r/x/y/theta/t_err: 2.45381 0.00000 6.00000 -0.82497 0.63125 -0.54636 0.55319 -0.54636 0.55319 0 0 39.40725 2.45381
fb: -0.10083 0.74003 -0.56488 0.58547
fb: -0.09311 0.76079 -0.56488 0.58547
target: 0.00000 0.78486
dist/lin/ang/drive_left/drive_right/tv_l/tv_r/av_l/av_r/x/y/theta/t_err: 2.34230 0.00000 6.00000 -0.85390 0.66768 -0.54583 0.56228 -0.54583 0.56228 0 0 45.79622 2.34230
fb: -0.07369 0.78023 -0.56488 0.58547
fb: -0.06597 0.79897 -0.56488 0.58547
target: 0.00000 0.78486
dist/lin/ang/drive_left/drive_right/tv_l/tv_r/av_l/av_r/x/y/theta/t_err: 2.22548 0.00000 6.00000 -0.86494 0.73300 -0.54600 0.56364 -0.54600 0.56364 0 0 52.48931 2.22548
fb: -0.06597 0.81583 -0.56488 0.58547
fb: -0.07170 0.82949 -0.56488 0.58547
target: 0.00000 0.78486
dist/lin/ang/drive_left/drive_right/tv_l/tv_r/av_l/av_r/x/y/theta/t_err: 2.10295 0.00000 6.00000 -0.90119 0.75779 -0.54686 0.56431 -0.54686 0.56431 0 0 59.50982 2.10295
fb: -0.07942 0.84168 -0.56488 0.58547
fb: -0.09707 0.85060 -0.56488 0.58547
target: 0.00000 0.78486
dist/lin/ang/drive_left/drive_right/tv_l/tv_r/av_l/av_r/x/y/theta/t_err: 1.97586 0.00000 6.00000 -0.94767 0.75353 -0.55011 0.56244 -0.55011 0.56244 0 0 66.79163 1.97586
fb: -0.11252 0.86154 -0.56488 0.58547
fb: -0.11428 0.87387 -0.56488 0.58547
target: 0.00000 0.78486
dist/lin/ang/drive_left/drive_right/tv_l/tv_r/av_l/av_r/x/y/theta/t_err: 1.84548 0.00000 6.00000 -0.98815 0.75959 -0.54736 0.56400 -0.54736 0.56400 0 0 74.26194 1.84548
fb: -0.10854 0.88781 -0.56488 0.58547
fb: -0.10281 0.89993 -0.56488 0.58547
target: 0.00000 0.78486
dist/lin/ang/drive_left/drive_right/tv_l/tv_r/av_l/av_r/x/y/theta/t_err: 1.71141 0.00000 6.00000 -1.00274 0.79712 -0.54772 0.56311 -0.54772 0.56311 0 0 81.94340 1.71141
fb: -0.09884 0.91143 -0.56488 0.58547
fb: -0.09884 0.92306 -0.56488 0.58547
target: 0.00000 0.78486
dist/lin/ang/drive_left/drive_right/tv_l/tv_r/av_l/av_r/x/y/theta/t_err: 1.57344 0.00000 6.00000 -1.02190 0.82423 -0.54769 0.56483 -0.54769 0.56483 0 0 89.84840 1.57344
fb: -0.10281 0.92975 -0.56488 0.58547
fb: -0.12023 0.93533 -0.56488 0.58547
target: 0.00000 0.78486
dist/lin/ang/drive_left/drive_right/tv_l/tv_r/av_l/av_r/x/y/theta/t_err: 1.43206 0.00000 6.00000 -1.05556 0.81509 -0.54925 0.56414 -0.54925 0.56414 0 0 97.94878 1.43206
fb: -0.14538 0.94007 -0.56488 0.58547
fb: -0.15333 0.94773 -0.56488 0.58547
target: 0.00000 0.78486
dist/lin/ang/drive_left/drive_right/tv_l/tv_r/av_l/av_r/x/y/theta/t_err: 1.28881 0.00000 6.00000 -1.10105 0.79440 -0.55028 0.56244 -0.55028 0.56244 0 0 106.15652 1.28881
fb: -0.16281 0.95686 -0.56488 0.58547
fb: -0.16855 0.96159 -0.56488 0.58547
target: 0.00000 0.78486
dist/lin/ang/drive_left/drive_right/tv_l/tv_r/av_l/av_r/x/y/theta/t_err: 1.14338 0.00000 6.00000 -1.13014 0.79305 -0.54961 0.56244 -0.54961 0.56244 0 0 114.48929 1.14338
fb: -0.16303 0.96522 -0.56488 0.58547
fb: -0.16479 0.97072 -0.56488 0.58547
target: 0.00000 0.78486
dist/lin/ang/drive_left/drive_right/tv_l/tv_r/av_l/av_r/x/y/theta/t_err: 0.99603 0.00000 6.00000 -1.13552 0.80593 -0.55181 0.56244 -0.55181 0.56244 0 0 122.93184 0.99603
fb: -0.17825 0.97637 -0.46684 0.68351
fb: -0.18619 0.98368 -0.46247 0.68788
target: 0.00000 0.78486
dist/lin/ang/drive_left/drive_right/tv_l/tv_r/av_l/av_r/x/y/theta/t_err: 0.84707 0.00000 6.00000 -1.16988 0.79749 -0.53522 0.59169 -0.53522 0.59169 0 0 131.46661 0.84707
fb: -0.17847 0.98870 -0.46672 0.68363
fb: -0.15134 0.99629 -0.56488 0.58547
target: 0.00000 0.71404
dist/lin/ang/drive_left/drive_right/tv_l/tv_r/av_l/av_r/x/y/theta/t_err: 0.69614 0.00000 5.45860 -1.14763 0.84496 -0.46969 0.65089 -0.46969 0.65089 0 0 140.11394 0.69614
fb: -0.13567 0.99929 -0.19873 0.21791
fb: -0.14339 1.00361 -0.19873 0.21791
target: 0.00000 0.54131
dist/lin/ang/drive_left/drive_right/tv_l/tv_r/av_l/av_r/x/y/theta/t_err: 0.54336 0.00000 4.13817 -1.14700 0.86022 -0.48800 0.49381 -0.48800 0.49381 0 0 148.86768 0.54336
fb: -0.14736 1.00403 0.45360 -0.44767
fb: -0.16876 0.99420 0.45360 -0.44767
target: 0.00000 0.36767
dist/lin/ang/drive_left/drive_right/tv_l/tv_r/av_l/av_r/x/y/theta/t_err: 0.38946 0.00000 2.81071 -1.16297 0.82544 -0.23939 0.13536 -0.23939 0.13536 0 0 157.68553 0.38946
fb: -0.18994 0.97685 0.67856 -0.46716
fb: -0.16854 0.94334 0.57409 -0.57163
target: 0.00000 0.19793
dist/lin/ang/drive_left/drive_right/tv_l/tv_r/av_l/av_r/x/y/theta/t_err: 0.23771 0.00000 1.51313 -1.11188 0.77480 0.19064 -0.28439 0.19064 -0.28439 0 0 166.38047 0.23771
fb: -0.13965 0.87994 0.67023 -0.67116
fb: -0.11053 0.80573 0.67023 -0.67116
target: 0.00000 0.04251
dist/lin/ang/drive_left/drive_right/tv_l/tv_r/av_l/av_r/x/y/theta/t_err: 0.09561 0.00000 0.32496 -0.91626 0.69520 0.34017 -0.36633 0.34017 -0.36633 0 0 174.52171 0.09561
fb: -0.08935 0.72923 0.70995 -0.71399
fb: -0.10083 0.65251 0.70995 -0.71399
target: 0.00000 -0.03598
dist/lin/ang/drive_left/drive_right/tv_l/tv_r/av_l/av_r/x/y/theta/t_err: -0.02492 0.00000 -0.27504 -0.75334 0.55168 0.46592 -0.42044 0.46592 -0.42044 0 0 181.42807 -0.02492
fb: -0.12400 0.56904 0.41632 -0.42193
fb: -0.13194 0.47839 0.41632 -0.42193
target: 0.00000 -0.11446
dist/lin/ang/drive_left/drive_right/tv_l/tv_r/av_l/av_r/x/y/theta/t_err: -0.12184 0.00000 -0.87504 -0.61034 0.34645 0.37286 -0.28183 0.37286 -0.28183 0 0 186.98064 -0.12184
fb: -0.14342 0.39053 0.46890 -0.47608
fb: -0.14541 0.31027 0.46890 -0.47608
target: 0.00000 -0.19295
dist/lin/ang/drive_left/drive_right/tv_l/tv_r/av_l/av_r/x/y/theta/t_err: -0.19192 0.00000 -1.47504 -0.45568 0.16486 0.31347 -0.35558 0.31347 -0.35558 0 0 190.99596 -0.19192
fb: -0.10878 0.23098 0.52149 -0.53024
fb: -0.08341 0.15106 0.52149 -0.53024
target: 0.00000 -0.27144
dist/lin/ang/drive_left/drive_right/tv_l/tv_r/av_l/av_r/x/y/theta/t_err: -0.23647 0.00000 -2.07504 -0.23447 0.06765 0.39044 -0.43361 0.39044 -0.43361 0 0 193.54868 -0.23647
fb: -0.08341 0.07657 0.57407 -0.58439
fb: -0.08915 0.00502 0.57407 -0.58439
target: 0.00000 -0.29830
dist/lin/ang/drive_left/drive_right/tv_l/tv_r/av_l/av_r/x/y/theta/t_err: -0.25687 0.00000 -2.28043 -0.09416 -0.08413 0.39044 -0.48936 0.39044 -0.48936 0 0 194.71729 -0.25687
fb: -0.08915 -0.06361 0.35979 -0.37065
fb: -0.08937 -0.11928 0.35979 -0.37065
target: 0.00000 -0.28607
dist/lin/ang/drive_left/drive_right/tv_l/tv_r/av_l/av_r/x/y/theta/t_err: -0.25504 0.00000 -2.18695 0.02992 -0.20865 0.38072 -0.46558 0.38072 -0.46558 0 0 194.61269 -0.25504
fb: -0.08716 -0.16430 0.17567 -0.18628
fb: -0.08142 -0.19899 0.17567 -0.18628
target: 0.00000 -0.25529
dist/lin/ang/drive_left/drive_right/tv_l/tv_r/av_l/av_r/x/y/theta/t_err: -0.23506 0.00000 -1.95163 0.11757 -0.28042 0.33556 -0.33042 0.33556 -0.33042 0 0 193.46814 -0.23506
fb: -0.08341 -0.22679 0.07155 -0.08155
fb: -0.07370 -0.23620 0.07155 -0.08155
target: 0.00000 -0.21448
dist/lin/ang/drive_left/drive_right/tv_l/tv_r/av_l/av_r/x/y/theta/t_err: -0.20350 0.00000 -1.63962 0.16250 -0.30990 0.17128 -0.17489 0.17128 -0.17489 0 0 191.65964 -0.20350
fb: -0.06598 -0.23265 -0.07899 0.07959
fb: -0.06973 -0.22505 -0.07899 0.07959
target: 0.00000 -0.17200
dist/lin/ang/drive_left/drive_right/tv_l/tv_r/av_l/av_r/x/y/theta/t_err: -0.16753 0.00000 -1.31488 0.15533 -0.29478 0.06603 -0.06211 0.06603 -0.06211 0 0 189.59883 -0.16753
fb: -0.06995 -0.21453 -0.11494 0.11639
fb: -0.06796 -0.20443 -0.11494 0.11639
target: 0.00000 -0.13450
dist/lin/ang/drive_left/drive_right/tv_l/tv_r/av_l/av_r/x/y/theta/t_err: -0.13343 0.00000 -1.02817 0.13647 -0.27239 -0.06006 0.06314 -0.06006 0.06314 0 0 187.64511 -0.13343
fb: -0.05803 -0.19105 -0.11768 0.11988
fb: -0.03685 -0.16736 -0.11768 0.11988
target: 0.00000 -0.10123
dist/lin/ang/drive_left/drive_right/tv_l/tv_r/av_l/av_r/x/y/theta/t_err: -0.10255 0.00000 -0.77389 0.13051 -0.20421 -0.10233 0.09822 -0.10233 0.09822 0 0 185.87589 -0.10255
fb: -0.01567 -0.13029 -0.12088 0.12375
fb: -0.00397 -0.08082 -0.12088 0.12375
target: 0.00000 -0.07718
dist/lin/ang/drive_left/drive_right/tv_l/tv_r/av_l/av_r/x/y/theta/t_err: -0.07843 0.00000 -0.59005 0.07685 -0.08480 -0.10406 0.10078 -0.10406 0.10078 0 0 184.49363 -0.07843
fb: -0.00772 -0.03240 -0.09552 0.09887
fb: -0.01147 0.00634 -0.09552 0.09887
target: 0.00000 -0.07157
dist/lin/ang/drive_left/drive_right/tv_l/tv_r/av_l/av_r/x/y/theta/t_err: -0.06790 0.00000 -0.54709 -0.01781 -0.00513 -0.10744 0.10625 -0.10744 0.10625 0 0 183.89040 -0.06790
fb: -0.00375 0.03393 0.06169 -0.06801
fb: -0.00199 0.04710 0.06169 -0.06801
target: 0.00000 -0.07937
dist/lin/ang/drive_left/drive_right/tv_l/tv_r/av_l/av_r/x/y/theta/t_err: -0.06978 0.00000 -0.60672 -0.04909 0.04511 -0.06847 0.06689 -0.06847 0.06689 0 0 183.99828 -0.06978
fb: -0.00199 0.04996 0.12730 -0.13378
fb: 0.00000 0.04578 0.12730 -0.13378
target: 0.00000 -0.09004
dist/lin/ang/drive_left/drive_right/tv_l/tv_r/av_l/av_r/x/y/theta/t_err: -0.07707 0.00000 -0.68830 -0.04578 0.04578 0.04978 -0.05631 0.04978 -0.05631 0 0 184.41576 -0.07707
fb: 0.00000 0.03985 0.14737 -0.15406
fb: 0.00000 0.03491 0.14737 -0.15406
target: 0.00000 -0.09744
dist/lin/ang/drive_left/drive_right/tv_l/tv_r/av_l/av_r/x/y/theta/t_err: -0.08385 0.00000 -0.74488 -0.03491 0.03491 0.11053 -0.12167 0.11053 -0.12167 0 0 184.80443 -0.08385
fb: 0.00000 0.02676 0.13761 -0.14445
fb: 0.00000 0.01059 0.13761 -0.14445
target: 0.00000 -0.10231
dist/lin/ang/drive_left/drive_right/tv_l/tv_r/av_l/av_r/x/y/theta/t_err: -0.08889 0.00000 -0.78209 -0.01059 0.01059 0.13606 -0.13964 0.13606 -0.13964 0 0 185.09306 -0.08889
fb: 0.00000 -0.01268 0.12947 -0.13641
fb: 0.00000 -0.03881 0.12947 -0.13641
target: 0.00000 -0.10105
dist/lin/ang/drive_left/drive_right/tv_l/tv_r/av_l/av_r/x/y/theta/t_err: -0.08956 0.00000 -0.77251 0.03881 -0.03881 0.12044 -0.13175 0.12044 -0.13175 0 0 185.13119 -0.08956
fb: 0.00000 -0.05616 0.10109 -0.10800
fb: 0.00000 -0.06508 0.10109 -0.10800
target: 0.00000 -0.09041
dist/lin/ang/drive_left/drive_right/tv_l/tv_r/av_l/av_r/x/y/theta/t_err: -0.08303 0.00000 -0.69117 0.06508 -0.06508 0.11122 -0.11756 0.11122 -0.11756 0 0 184.75704 -0.08303
fb: 0.00000 -0.06995 0.05172 -0.05842
fb: -0.00397 -0.07100 0.05172 -0.05842
target: 0.00000 -0.07734
dist/lin/ang/drive_left/drive_right/tv_l/tv_r/av_l/av_r/x/y/theta/t_err: -0.07288 0.00000 -0.59127 0.06703 -0.07497 0.09136 -0.08522 0.09136 -0.08522 0 0 184.17576 -0.07288
fb: -0.01169 -0.06884 -0.04601 0.04936
fb: -0.01147 -0.06410 -0.04601 0.04936
target: 0.00000 -0.06497
dist/lin/ang/drive_left/drive_right/tv_l/tv_r/av_l/av_r/x/y/theta/t_err: -0.06213 0.00000 -0.49664 0.05263 -0.07558 0.04122 -0.03181 0.04122 -0.03181 0 0 183.55954 -0.06213
fb: -0.00375 -0.05623 -0.05120 0.05479
fb: 0.00000 -0.04647 -0.05120 0.05479
target: 0.00000 -0.05486
dist/lin/ang/drive_left/drive_right/tv_l/tv_r/av_l/av_r/x/y/theta/t_err: -0.05263 0.00000 -0.41938 0.04647 -0.04647 -0.03697 0.03797 -0.03697 0.03797 0 0 183.01545 -0.05263
fb: -0.00397 -0.03700 -0.04775 0.05154
fb: -0.00397 -0.02710 -0.04775 0.05154
target: 0.00000 -0.04852
dist/lin/ang/drive_left/drive_right/tv_l/tv_r/av_l/av_r/x/y/theta/t_err: -0.04588 0.00000 -0.37089 0.02313 -0.03108 -0.04858 0.05031 -0.04858 0.05031 0 0 182.62847 -0.04588
fb: 0.00000 -0.01721 0.04299 -0.04885
fb: -0.00375 -0.00773 0.04299 -0.04885
target: 0.00000 -0.04567
dist/lin/ang/drive_left/drive_right/tv_l/tv_r/av_l/av_r/x/y/theta/t_err: -0.04212 0.00000 -0.34912 0.00398 -0.01149 -0.03356 0.03028 -0.03356 0.03028 0 0 182.41345 -0.04212
fb: -0.00375 0.00258 0.05681 -0.06261
fb: 0.00000 0.00920 0.05681 -0.06261
target: 0.00000 -0.04619
dist/lin/ang/drive_left/drive_right/tv_l/tv_r/av_l/av_r/x/y/theta/t_err: -0.04136 0.00000 -0.35308 -0.00920 0.00920 0.03731 -0.04039 0.03731 -0.04039 0 0 182.37000 -0.04136
fb: 0.00000 0.01331 0.07230 -0.07812
fb: 0.00000 0.01561 0.07230 -0.07812
target: 0.00000 -0.04909
dist/lin/ang/drive_left/drive_right/tv_l/tv_r/av_l/av_r/x/y/theta/t_err: -0.04298 0.00000 -0.37525 -0.01561 0.01561 0.05239 -0.06228 0.05239 -0.06228 0 0 182.46242 -0.04298
fb: 0.00000 0.01651 0.08496 -0.09084
fb: 0.00000 0.01554 0.08496 -0.09084
target: 0.00000 -0.05226
dist/lin/ang/drive_left/drive_right/tv_l/tv_r/av_l/av_r/x/y/theta/t_err: -0.04545 0.00000 -0.39952 -0.01554 0.01554 0.07103 -0.07494 0.07103 -0.07494 0 0 182.60406 -0.04545
fb: 0.00000 0.00787 0.08832 -0.09426
fb: 0.00000 -0.00752 0.08832 -0.09426
target: 0.00000 -0.05440
dist/lin/ang/drive_left/drive_right/tv_l/tv_r/av_l/av_r/x/y/theta/t_err: -0.04752 0.00000 -0.41588 0.00752 -0.00752 0.07597 -0.08283 0.07597 -0.08283 0 0 182.72250 -0.04752
fb: 0.00000 -0.02041 0.08510 -0.09108
fb: 0.00000 -0.02724 0.08510 -0.09108
target: 0.00000 -0.05089
dist/lin/ang/drive_left/drive_right/tv_l/tv_r/av_l/av_r/x/y/theta/t_err: -0.04590 0.00000 -0.38904 0.02724 -0.02724 0.07547 -0.08283 0.07547 -0.08283 0 0 182.62968 -0.04590
fb: 0.00000 -0.02759 0.05732 -0.06323
fb: -0.00397 -0.02613 0.05732 -0.06323
target: 0.00000 -0.04514
dist/lin/ang/drive_left/drive_right/tv_l/tv_r/av_l/av_r/x/y/theta/t_err: -0.04180 0.00000 -0.34510 0.02216 -0.03010 0.07272 -0.07425 0.07272 -0.07425 0 0 182.39475 -0.04180
fb: -0.00794 -0.02578 0.04340 -0.04920
fb: -0.00772 -0.02209 0.04340 -0.04920
target: 0.00000 -0.04074
dist/lin/ang/drive_left/drive_right/tv_l/tv_r/av_l/av_r/x/y/theta/t_err: -0.03783 0.00000 -0.31143 0.01436 -0.02981 0.04842 -0.05100 0.04842 -0.05100 0 0 182.16740 -0.03783
fb: -0.00772 -0.01623 0.04650 -0.05221
fb: -0.00397 -0.00962 0.04650 -0.05221
target: 0.00000 -0.03759
dist/lin/ang/drive_left/drive_right/tv_l/tv_r/av_l/av_r/x/y/theta/t_err: -0.03469 0.00000 -0.28736 0.00564 -0.01359 0.04075 -0.04311 0.04075 -0.04311 0 0 181.98764 -0.03469
fb: -0.00375 -0.00355 0.05004 -0.05568
fb: -0.00772 0.00000 0.05004 -0.05568
final error was -1.91714
position: 1.32970 -1.16314 181.91714
took 1.28000 time to finish turn
increased kd to 1.60000
increased kd to 1.80000
increased kd to 2.00000
increased kd to 2.20000
increased kd to 2.40000
increased kd to 2.60000
increased kd to 2.80000
target: 0.00000 0.07849
dist/lin/ang/drive_left/drive_right/tv_l/tv_r/av_l/av_r/x/y/theta/t_err: 3.14159 0.00000 0.60000 0.00000 0.00000 0.00000 0.00017 0.00000 0.00017 0 0 0.00020 3.14159
fb: 0.00000 0.00000 -0.44480 0.45126
fb: 0.00000 0.00000 -0.44480 0.45126
target: 0.00000 0.15697
dist/lin/ang/drive_left/drive_right/tv_l/tv_r/av_l/av_r/x/y/theta/t_err: 3.14158 0.00000 1.20000 0.00000 0.00000 -0.02825 0.08367 -0.02825 0.08367 0 0 0.00066 3.14158
fb: 0.00000 0.00000 -0.49738 0.50541
fb: 0.00000 0.00000 -0.49738 0.50541
target: 0.00000 0.23546
dist/lin/ang/drive_left/drive_right/tv_l/tv_r/av_l/av_r/x/y/theta/t_err: 3.14158 0.00000 1.80000 0.00000 0.00000 -0.37369 0.37183 -0.37369 0.37183 0 0 0.00050 3.14158
fb: 0.00000 0.01693 -0.54997 0.55957
fb: 0.00000 0.06731 -0.54997 0.55957
target: 0.00000 0.31394
dist/lin/ang/drive_left/drive_right/tv_l/tv_r/av_l/av_r/x/y/theta/t_err: 3.14091 0.00000 2.40000 -0.06731 0.06731 -0.45053 0.43942 -0.45053 0.43942 0 0 0.03887 3.14091
fb: 0.00000 0.11970 -0.60255 0.61373
fb: 0.00000 0.17133 -0.60255 0.61373
target: 0.00000 0.39243
dist/lin/ang/drive_left/drive_right/tv_l/tv_r/av_l/av_r/x/y/theta/t_err: 3.12856 0.00000 3.00000 -0.17133 0.17133 -0.48031 0.44094 -0.48031 0.44094 0 0 0.74691 3.12856
fb: 0.00000 0.21676 -0.65514 0.66788
fb: 0.00000 0.25850 -0.65514 0.66788
target: 0.00000 0.47092
dist/lin/ang/drive_left/drive_right/tv_l/tv_r/av_l/av_r/x/y/theta/t_err: 3.10080 0.00000 3.60000 -0.25850 0.25850 -0.51828 0.48064 -0.51828 0.48064 0 0 2.33736 3.10080
fb: 0.00000 0.29814 -0.70772 0.72204
fb: 0.00000 0.33814 -0.70772 0.72204
target: 0.00000 0.54940
dist/lin/ang/drive_left/drive_right/tv_l/tv_r/av_l/av_r/x/y/theta/t_err: 3.05991 0.00000 4.20000 -0.33814 0.33814 -0.53556 0.49503 -0.53556 0.49503 0 0 4.68011 3.05991
fb: 0.00000 0.37604 -0.76031 0.77619
fb: 0.00000 0.41617 -0.76031 0.77619
target: 0.00000 0.62789
dist/lin/ang/drive_left/drive_right/tv_l/tv_r/av_l/av_r/x/y/theta/t_err: 3.00699 0.00000 4.80000 -0.41617 0.41617 -0.57492 0.52033 -0.57492 0.52033 0 0 7.71201 3.00699
fb: 0.00000 0.45338 -0.81289 0.83035
fb: -0.00375 0.49024 -0.81289 0.83035
target: 0.00000 0.70637
dist/lin/ang/drive_left/drive_right/tv_l/tv_r/av_l/av_r/x/y/theta/t_err: 2.94216 0.00000 5.40000 -0.49399 0.48649 -0.54222 0.55286 -0.54222 0.55286 0 0 11.42643 2.94216
fb: -0.02140 0.52264 -0.86548 0.88450
fb: -0.03883 0.55629 -0.86548 0.88450
target: 0.00000 0.78486
dist/lin/ang/drive_left/drive_right/tv_l/tv_r/av_l/av_r/x/y/theta/t_err: 2.86627 0.00000 6.00000 -0.59512 0.51746 -0.51728 0.55558 -0.51728 0.55558 0 0 15.77474 2.86627
fb: -0.04060 0.58632 -0.91807 0.93866
fb: -0.04457 0.61628 -0.91807 0.93866
target: 0.00000 0.78486
dist/lin/ang/drive_left/drive_right/tv_l/tv_r/av_l/av_r/x/y/theta/t_err: 2.78036 0.00000 6.00000 -0.66085 0.57171 -0.61189 0.54686 -0.61189 0.54686 0 0 20.69686 2.78036
fb: -0.05229 0.64171 -0.56488 0.58547
fb: -0.06597 0.66721 -0.56488 0.58547
target: 0.00000 0.78486
dist/lin/ang/drive_left/drive_right/tv_l/tv_r/av_l/av_r/x/y/theta/t_err: 2.68548 0.00000 6.00000 -0.73319 0.60124 -0.42469 0.49981 -0.42469 0.49981 0 0 26.13338 2.68548
fb: -0.08340 0.69230 -0.56488 0.58547
fb: -0.07369 0.70798 -0.56488 0.58547
target: 0.00000 0.78486
dist/lin/ang/drive_left/drive_right/tv_l/tv_r/av_l/av_r/x/y/theta/t_err: 2.58278 0.00000 6.00000 -0.78167 0.63428 -0.46094 0.52394 -0.46094 0.52394 0 0 32.01770 2.58278
fb: -0.05428 0.71299 -0.56488 0.58547
fb: -0.04854 0.71494 -0.56488 0.58547
target: 0.00000 0.78486
dist/lin/ang/drive_left/drive_right/tv_l/tv_r/av_l/av_r/x/y/theta/t_err: 2.47462 0.00000 6.00000 -0.76348 0.66640 -0.54311 0.56039 -0.54311 0.56039 0 0 38.21470 2.47462
fb: -0.04854 0.72330 -0.56488 0.58547
fb: -0.05626 0.74616 -0.56488 0.58547
target: 0.00000 0.78486
dist/lin/ang/drive_left/drive_right/tv_l/tv_r/av_l/av_r/x/y/theta/t_err: 2.36518 0.00000 6.00000 -0.80242 0.68990 -0.54258 0.55883 -0.54258 0.55883 0 0 44.48530 2.36518
fb: -0.06398 0.77013 -0.56488 0.58547
fb: -0.06597 0.79152 -0.56488 0.58547
target: 0.00000 0.78486
dist/lin/ang/drive_left/drive_right/tv_l/tv_r/av_l/av_r/x/y/theta/t_err: 2.25046 0.00000 6.00000 -0.85748 0.72555 -0.54517 0.56158 -0.54517 0.56158 0 0 51.05795 2.25046
fb: -0.06795 0.80789 -0.56488 0.58547
fb: -0.06200 0.82210 -0.56488 0.58547
target: 0.00000 0.78486
dist/lin/ang/drive_left/drive_right/tv_l/tv_r/av_l/av_r/x/y/theta/t_err: 2.12912 0.00000 6.00000 -0.88410 0.76011 -0.54753 0.56208 -0.54753 0.56208 0 0 58.01062 2.12912
fb: -0.06398 0.83715 -0.56488 0.58547
fb: -0.07942 0.85060 -0.56488 0.58547
target: 0.00000 0.78486
dist/lin/ang/drive_left/drive_right/tv_l/tv_r/av_l/av_r/x/y/theta/t_err: 2.00302 0.00000 6.00000 -0.93003 0.77118 -0.55081 0.56314 -0.55081 0.56314 0 0 65.23534 2.00302
fb: -0.08339 0.86586 -0.56488 0.58547
fb: -0.09112 0.87826 -0.56488 0.58547
target: 0.00000 0.78486
dist/lin/ang/drive_left/drive_right/tv_l/tv_r/av_l/av_r/x/y/theta/t_err: 1.87251 0.00000 6.00000 -0.96938 0.78715 -0.55044 0.56400 -0.55044 0.56400 0 0 72.71299 1.87251
fb: -0.09509 0.88913 -0.56488 0.58547
fb: -0.09509 0.89951 -0.56488 0.58547
target: 0.00000 0.78486
dist/lin/ang/drive_left/drive_right/tv_l/tv_r/av_l/av_r/x/y/theta/t_err: 1.73799 0.00000 6.00000 -0.99460 0.80443 -0.54619 0.56211 -0.54619 0.56211 0 0 80.42078 1.73799
fb: -0.10259 0.91052 -0.56488 0.58547
fb: -0.10082 0.91874 -0.56488 0.58547
target: 0.00000 0.78486
dist/lin/ang/drive_left/drive_right/tv_l/tv_r/av_l/av_r/x/y/theta/t_err: 1.60009 0.00000 6.00000 -1.01957 0.81792 -0.54839 0.56258 -0.54839 0.56258 0 0 88.32185 1.60009
fb: -0.10876 0.93003 -0.56488 0.58547
fb: -0.11825 0.94027 -0.56488 0.58547
target: 0.00000 0.78486
dist/lin/ang/drive_left/drive_right/tv_l/tv_r/av_l/av_r/x/y/theta/t_err: 1.45911 0.00000 6.00000 -1.05852 0.82203 -0.54908 0.56069 -0.54908 0.56069 0 0 96.39927 1.45911
fb: -0.11626 0.94543 -0.56488 0.58547
fb: -0.11825 0.95233 -0.56488 0.58547
target: 0.00000 0.78486
dist/lin/ang/drive_left/drive_right/tv_l/tv_r/av_l/av_r/x/y/theta/t_err: 1.31511 0.00000 6.00000 -1.07058 0.83408 -0.55028 0.56072 -0.55028 0.56072 0 0 104.64957 1.31511
fb: -0.12994 0.95700 -0.56488 0.58547
fb: -0.14163 0.96090 -0.56488 0.58547
target: 0.00000 0.78486
dist/lin/ang/drive_left/drive_right/tv_l/tv_r/av_l/av_r/x/y/theta/t_err: 1.16924 0.00000 6.00000 -1.10253 0.81927 -0.55233 0.56106 -0.55233 0.56106 0 0 113.00745 1.16924
fb: -0.14737 0.96466 -0.56488 0.58547
fb: -0.15112 0.97372 -0.56488 0.58547
target: 0.00000 0.78486
dist/lin/ang/drive_left/drive_right/tv_l/tv_r/av_l/av_r/x/y/theta/t_err: 1.02194 0.00000 6.00000 -1.12484 0.82260 -0.55286 0.56297 -0.55286 0.56297 0 0 121.44699 1.02194
fb: -0.15112 0.98173 -0.56488 0.58547
fb: -0.14737 0.98919 -0.56488 0.58547
target: 0.00000 0.78486
dist/lin/ang/drive_left/drive_right/tv_l/tv_r/av_l/av_r/x/y/theta/t_err: 0.87252 0.00000 6.00000 -1.13655 0.84182 -0.55442 0.56328 -0.55442 0.56328 0 0 130.00853 0.87252
fb: -0.13192 0.99455 -0.56488 0.58547
fb: -0.14163 1.00040 -0.56488 0.58547
target: 0.00000 0.67188
dist/lin/ang/drive_left/drive_right/tv_l/tv_r/av_l/av_r/x/y/theta/t_err: 0.72076 0.00000 5.13630 -1.14203 0.85878 -0.55506 0.56397 -0.55506 0.56397 0 0 138.70328 0.72076
fb: -0.15707 1.00688 0.09727 -0.08873
fb: -0.16281 1.00925 0.09727 -0.08873
target: 0.00000 0.49728
dist/lin/ang/drive_left/drive_right/tv_l/tv_r/av_l/av_r/x/y/theta/t_err: 0.56711 0.00000 3.80152 -1.17206 0.84645 -0.46183 0.36600 -0.46183 0.36600 0 0 147.50719 0.56711
fb: -0.18420 1.01288 0.59288 -0.38520
fb: -0.19987 1.00563 0.60149 -0.37659
target: 0.00000 0.32183
dist/lin/ang/drive_left/drive_right/tv_l/tv_r/av_l/av_r/x/y/theta/t_err: 0.41218 0.00000 2.46029 -1.20550 0.80576 0.04669 -0.12528 0.04669 -0.12528 0 0 156.38373 0.41218
fb: -0.21906 0.97532 0.73339 -0.49088
fb: -0.23451 0.91951 0.74188 -0.48238
target: 0.00000 0.15148
dist/lin/ang/drive_left/drive_right/tv_l/tv_r/av_l/av_r/x/y/theta/t_err: 0.25919 0.00000 1.15804 -1.15402 0.68500 0.25856 -0.34650 0.25856 -0.34650 0 0 165.14968 0.25919
fb: -0.22106 0.85151 0.82567 -0.58437
fb: -0.20738 0.78176 0.81815 -0.59189
target: 0.00000 0.00956
dist/lin/ang/drive_left/drive_right/tv_l/tv_r/av_l/av_r/x/y/theta/t_err: 0.12099 0.00000 0.07310 -0.98915 0.57438 0.24589 -0.34667 0.24589 -0.34667 0 0 173.06791 0.12099
fb: -0.19768 0.70157 0.77999 -0.56724
fb: -0.18622 0.62220 0.77368 -0.57355
target: 0.00000 -0.06892
dist/lin/ang/drive_left/drive_right/tv_l/tv_r/av_l/av_r/x/y/theta/t_err: 0.00428 0.00000 -0.52690 -0.80842 0.43599 0.28422 -0.40400 0.28422 -0.40400 0 0 179.75484 0.00428
fb: -0.19990 0.54723 0.54833 -0.33472
fb: -0.18622 0.47310 0.54081 -0.34224
target: 0.00000 -0.14741
dist/lin/ang/drive_left/drive_right/tv_l/tv_r/av_l/av_r/x/y/theta/t_err: -0.08838 0.00000 -1.12690 -0.65932 0.28687 0.47397 -0.40194 0.47397 -0.40194 0 0 185.06402 -0.08838
fb: -0.17828 0.38893 0.58903 -0.40076
fb: -0.19197 0.29912 0.59656 -0.39323
target: 0.00000 -0.22590
dist/lin/ang/drive_left/drive_right/tv_l/tv_r/av_l/av_r/x/y/theta/t_err: -0.15765 0.00000 -1.72690 -0.49109 0.10715 0.33469 -0.34392 0.33469 -0.34392 0 0 189.03280 -0.15765
fb: -0.17851 0.21474 0.64174 -0.45479
fb: -0.17653 0.13991 0.54356 -0.55297
target: 0.00000 -0.26453
dist/lin/ang/drive_left/drive_right/tv_l/tv_r/av_l/av_r/x/y/theta/t_err: -0.20037 0.00000 -2.02226 -0.31643 -0.03662 0.37369 -0.35403 0.37369 -0.35403 0 0 191.48054 -0.20037
fb: -0.16483 0.07539 0.39012 -0.40030
fb: -0.13769 0.01839 0.39012 -0.40030
target: 0.00000 -0.26438
dist/lin/ang/drive_left/drive_right/tv_l/tv_r/av_l/av_r/x/y/theta/t_err: -0.21947 0.00000 -2.02110 -0.15609 -0.11930 0.36719 -0.40603 0.36719 -0.40603 0 0 192.57464 -0.21947
fb: -0.12997 -0.04055 0.21548 -0.22566
fb: -0.11055 -0.10061 0.21548 -0.22566
target: 0.00000 -0.24798
dist/lin/ang/drive_left/drive_right/tv_l/tv_r/av_l/av_r/x/y/theta/t_err: -0.22000 0.00000 -1.89573 -0.00994 -0.21116 0.33383 -0.33606 0.33383 -0.33606 0 0 192.60512 -0.22000
fb: -0.10658 -0.14130 0.13137 -0.14122
fb: -0.11430 -0.17057 0.13137 -0.14122
target: 0.00000 -0.21324
dist/lin/ang/drive_left/drive_right/tv_l/tv_r/av_l/av_r/x/y/theta/t_err: -0.20321 0.00000 -1.63012 0.05627 -0.28487 0.19642 -0.20975 0.19642 -0.20975 0 0 191.64326 -0.20321
fb: -0.10084 -0.18164 -0.05251 0.05313
fb: -0.09709 -0.18297 -0.05251 0.05313
target: 0.00000 -0.17464
dist/lin/ang/drive_left/drive_right/tv_l/tv_r/av_l/av_r/x/y/theta/t_err: -0.17677 0.00000 -1.33507 0.08588 -0.28006 0.09086 -0.10556 0.09086 -0.10556 0 0 190.12801 -0.17677
fb: -0.08738 -0.17928 -0.09569 0.09709
fb: -0.07745 -0.17349 -0.09569 0.09709
target: 0.00000 -0.14196
dist/lin/ang/drive_left/drive_right/tv_l/tv_r/av_l/av_r/x/y/theta/t_err: -0.14889 0.00000 -1.08526 0.09604 -0.25094 -0.04139 0.04106 -0.04139 0.04106 0 0 188.53057 -0.14889
fb: -0.07546 -0.16409 -0.09096 0.09301
fb: -0.05825 -0.15043 -0.09096 0.09301
target: 0.00000 -0.11394
dist/lin/ang/drive_left/drive_right/tv_l/tv_r/av_l/av_r/x/y/theta/t_err: -0.12265 0.00000 -0.87107 0.09218 -0.20868 -0.08386 0.07958 -0.08386 0.07958 0 0 187.02709 -0.12265
fb: -0.03685 -0.12876 -0.08876 0.09138
fb: -0.01942 -0.09901 -0.08876 0.09138
target: 0.00000 -0.09266
dist/lin/ang/drive_left/drive_right/tv_l/tv_r/av_l/av_r/x/y/theta/t_err: -0.10044 0.00000 -0.70832 0.07959 -0.11843 -0.08708 0.08075 -0.08708 0.08075 0 0 185.75470 -0.10044
fb: -0.01169 -0.06354 -0.07275 0.07579
fb: -0.01545 -0.02648 -0.07275 0.07579
target: 0.00000 -0.08491
dist/lin/ang/drive_left/drive_right/tv_l/tv_r/av_l/av_r/x/y/theta/t_err: -0.08668 0.00000 -0.64914 0.01103 -0.04192 -0.07667 0.07733 -0.07667 0.07733 0 0 184.96640 -0.08668
fb: -0.00772 0.00732 0.06108 -0.06767
fb: 0.00000 0.02905 0.06108 -0.06767
target: 0.00000 -0.09181
dist/lin/ang/drive_left/drive_right/tv_l/tv_r/av_l/av_r/x/y/theta/t_err: -0.08389 0.00000 -0.70187 -0.02905 0.02905 -0.06742 0.03575 -0.06742 0.03575 0 0 184.80634 -0.08389
fb: 0.00000 0.03790 0.13157 -0.13830
fb: 0.00000 0.04090 0.13157 -0.13830
target: 0.00000 -0.10378
dist/lin/ang/drive_left/drive_right/tv_l/tv_r/av_l/av_r/x/y/theta/t_err: -0.08850 0.00000 -0.79340 -0.04090 0.04090 0.04944 -0.06775 0.04944 -0.06775 0 0 185.07070 -0.08850
fb: 0.00000 0.03853 0.16244 -0.16941
fb: 0.00000 0.03546 0.16244 -0.16941
target: 0.00000 -0.11217
dist/lin/ang/drive_left/drive_right/tv_l/tv_r/av_l/av_r/x/y/theta/t_err: -0.09468 0.00000 -0.85750 -0.03546 0.03546 0.11756 -0.12711 0.11756 -0.12711 0 0 185.42475 -0.09468
fb: 0.00000 0.03052 0.15191 -0.15904
fb: 0.00000 0.01881 0.15191 -0.15904
target: 0.00000 -0.11729
dist/lin/ang/drive_left/drive_right/tv_l/tv_r/av_l/av_r/x/y/theta/t_err: -0.09996 0.00000 -0.89668 -0.01881 0.01881 0.15211 -0.14647 0.15211 -0.14647 0 0 185.72750 -0.09996
fb: 0.00000 -0.00125 0.14067 -0.14791
fb: 0.00000 -0.03177 0.14067 -0.14791
target: 0.00000 -0.11672
dist/lin/ang/drive_left/drive_right/tv_l/tv_r/av_l/av_r/x/y/theta/t_err: -0.10205 0.00000 -0.89230 0.03177 -0.03177 0.14203 -0.13861 0.14203 -0.13861 0 0 185.84730 -0.10205
fb: 0.00000 -0.05344 0.11465 -0.12188
fb: 0.00000 -0.06452 0.11465 -0.12188
target: 0.00000 -0.10345
dist/lin/ang/drive_left/drive_right/tv_l/tv_r/av_l/av_r/x/y/theta/t_err: -0.09649 0.00000 -0.79087 0.06452 -0.06452 0.13433 -0.12661 0.13433 -0.12661 0 0 185.52852 -0.09649
fb: 0.00000 -0.07114 0.04863 -0.05559
fb: 0.00000 -0.07518 0.04863 -0.05559
target: 0.00000 -0.08793
dist/lin/ang/drive_left/drive_right/tv_l/tv_r/av_l/av_r/x/y/theta/t_err: -0.08639 0.00000 -0.67221 0.07518 -0.07518 0.10661 -0.09908 0.10661 -0.09908 0 0 184.94964 -0.08639
fb: 0.00000 -0.07657 -0.04996 0.05310
fb: -0.00199 -0.07692 -0.04996 0.05310
target: 0.00000 -0.07363
dist/lin/ang/drive_left/drive_right/tv_l/tv_r/av_l/av_r/x/y/theta/t_err: -0.07484 0.00000 -0.56287 0.07494 -0.07891 0.03422 -0.02958 0.03422 -0.02958 0 0 184.28830 -0.07484
fb: -0.00199 -0.07302 -0.05405 0.05748
fb: 0.00000 -0.06612 -0.05405 0.05748
target: 0.00000 -0.06053
dist/lin/ang/drive_left/drive_right/tv_l/tv_r/av_l/av_r/x/y/theta/t_err: -0.06325 0.00000 -0.46272 0.06612 -0.06612 -0.03764 0.04381 -0.03764 0.04381 0 0 183.62372 -0.06325
fb: 0.00000 -0.05929 -0.05742 0.06110
fb: 0.00000 -0.05205 -0.05742 0.06110
target: 0.00000 -0.05099
dist/lin/ang/drive_left/drive_right/tv_l/tv_r/av_l/av_r/x/y/theta/t_err: -0.05337 0.00000 -0.38979 0.05205 -0.05205 -0.04981 0.05306 -0.04981 0.05306 0 0 183.05767 -0.05337
fb: 0.00000 -0.04480 -0.04779 0.05166
fb: 0.00000 -0.03595 -0.04779 0.05166
target: 0.00000 -0.04433
dist/lin/ang/drive_left/drive_right/tv_l/tv_r/av_l/av_r/x/y/theta/t_err: -0.04567 0.00000 -0.33891 0.03595 -0.03595 -0.05114 0.05564 -0.05114 0.05564 0 0 182.61678 -0.04567
fb: 0.00000 -0.02453 -0.03927 -0.04455
fb: 0.00000 -0.01164 -0.03927 -0.04455
target: 0.00000 -0.04105
dist/lin/ang/drive_left/drive_right/tv_l/tv_r/av_l/av_r/x/y/theta/t_err: -0.04061 0.00000 -0.31384 0.01164 -0.01164 -0.04244 0.03833 -0.04244 0.03833 0 0 182.32687 -0.04061
fb: 0.00000 0.00000 0.05177 -0.05749
fb: 0.00000 0.01031 0.05177 -0.05749
target: 0.00000 -0.04302
dist/lin/ang/drive_left/drive_right/tv_l/tv_r/av_l/av_r/x/y/theta/t_err: -0.03930 0.00000 -0.32884 -0.01031 0.01031 -0.01250 -0.03747 -0.01250 -0.03747 0 0 182.25188 -0.03930
fb: 0.00000 0.01651 0.07667 -0.08243
fb: 0.00000 0.01853 0.07667 -0.08243
target: 0.00000 -0.04801
dist/lin/ang/drive_left/drive_right/tv_l/tv_r/av_l/av_r/x/y/theta/t_err: -0.04116 0.00000 -0.36705 -0.01853 0.01853 0.05097 -0.05358 0.05097 -0.05358 0 0 182.35855 -0.04116
fb: 0.00000 0.01777 0.09368 -0.09954
fb: 0.00000 0.01589 0.09368 -0.09954
target: 0.00000 -0.05211
dist/lin/ang/drive_left/drive_right/tv_l/tv_r/av_l/av_r/x/y/theta/t_err: -0.04401 0.00000 -0.39835 -0.01589 0.01589 0.07394 -0.07853 0.07394 -0.07853 0 0 182.52139 -0.04401
fb: 0.00000 0.01157 0.09236 -0.09830
fb: 0.00000 0.00279 0.09236 -0.09830
target: 0.00000 -0.05421
dist/lin/ang/drive_left/drive_right/tv_l/tv_r/av_l/av_r/x/y/theta/t_err: -0.04631 0.00000 -0.41444 -0.00279 0.00279 0.08844 -0.08472 0.08844 -0.08472 0 0 182.65355 -0.04631
fb: 0.00000 -0.00537 0.08482 -0.09079
fb: 0.00000 -0.01122 0.08482 -0.09079
target: 0.00000 -0.05241
dist/lin/ang/drive_left/drive_right/tv_l/tv_r/av_l/av_r/x/y/theta/t_err: -0.04647 0.00000 -0.40066 0.01122 -0.01122 0.08642 -0.08453 0.08642 -0.08453 0 0 182.66225 -0.04647
fb: 0.00000 -0.01972 0.06603 -0.07197
fb: 0.00000 -0.03115 0.06603 -0.07197
target: 0.00000 -0.04803
dist/lin/ang/drive_left/drive_right/tv_l/tv_r/av_l/av_r/x/y/theta/t_err: -0.04439 0.00000 -0.36720 0.03115 -0.03115 0.07186 -0.08078 0.07186 -0.08078 0 0 182.54327 -0.04439
fb: 0.00000 -0.03832 0.05151 -0.05736
fb: 0.00000 -0.03846 0.05151 -0.05736
target: 0.00000 -0.03972
dist/lin/ang/drive_left/drive_right/tv_l/tv_r/av_l/av_r/x/y/theta/t_err: -0.03938 0.00000 -0.30361 0.03846 -0.03846 0.05511 -0.06403 0.05511 -0.06403 0 0 182.25632 -0.03938
fb: 0.00000 -0.03519 -0.04985 0.05394
fb: 0.00000 -0.03052 -0.04985 0.05394
final error was -1.92909
position: 1.61522 -1.08325 181.92909
took 1.26000 time to finish turn
decreased kp to 8.50000
decreased kp to 8.40000
decreased kp to 8.30000
decreased kp to 8.20000
decreased kp to 8.10000
decreased to 135.00000
decreased to 90.00000
target: 0.00000 0.07849
dist/lin/ang/drive_left/drive_right/tv_l/tv_r/av_l/av_r/x/y/theta/t_err: 1.57080 0.00000 0.60000 0.00000 0.00000 0.00000 -0.00017 0.00000 -0.00017 0 0 -0.00039 1.57080
fb: 0.00000 0.00000 -0.44480 0.45126
fb: 0.00000 0.00000 -0.44480 0.45126
target: 0.00000 0.15697
dist/lin/ang/drive_left/drive_right/tv_l/tv_r/av_l/av_r/x/y/theta/t_err: 1.57080 0.00000 1.20000 0.00000 0.00000 0.00000 0.06486 0.00000 0.06486 0 0 -0.00021 1.57080
fb: 0.00000 0.00000 -0.49738 0.50541
fb: 0.00000 0.00111 -0.49738 0.50541
target: 0.00000 0.23546
dist/lin/ang/drive_left/drive_right/tv_l/tv_r/av_l/av_r/x/y/theta/t_err: 1.57080 0.00000 1.80000 -0.00111 0.00111 -0.34103 0.38944 -0.34103 0.38944 0 0 -0.00037 1.57080
fb: 0.00000 0.02724 -0.54997 0.55957
fb: 0.00000 0.07950 -0.54997 0.55957
target: 0.00000 0.31394
dist/lin/ang/drive_left/drive_right/tv_l/tv_r/av_l/av_r/x/y/theta/t_err: 1.56933 0.00000 2.40000 -0.07950 0.07950 -0.44556 0.44575 -0.44556 0.44575 0 0 0.08422 1.56933
fb: 0.00000 0.13392 -0.60255 0.61373
fb: 0.00000 0.18276 -0.60255 0.61373
target: 0.00000 0.39243
dist/lin/ang/drive_left/drive_right/tv_l/tv_r/av_l/av_r/x/y/theta/t_err: 1.55510 0.00000 3.00000 -0.18276 0.18276 -0.48919 0.43736 -0.48919 0.43736 0 0 0.89907 1.55510
fb: 0.00000 0.22366 -0.65514 0.66788
fb: 0.00000 0.26010 -0.65514 0.66788
target: 0.00000 0.47092
dist/lin/ang/drive_left/drive_right/tv_l/tv_r/av_l/av_r/x/y/theta/t_err: 1.52583 0.00000 3.60000 -0.26010 0.26010 -0.51675 0.48492 -0.51675 0.48492 0 0 2.57662 1.52583
fb: 0.00000 0.30128 -0.70772 0.72204
fb: 0.00000 0.34775 -0.70772 0.72204
target: 0.00000 0.54940
dist/lin/ang/drive_left/drive_right/tv_l/tv_r/av_l/av_r/x/y/theta/t_err: 1.48453 0.00000 4.20000 -0.34775 0.34775 -0.57733 0.53094 -0.57733 0.53094 0 0 4.94256 1.48453
fb: 0.00772 0.39374 -0.76031 0.77619
fb: 0.01545 0.43011 -0.76031 0.77619
target: 0.00000 0.62789
dist/lin/ang/drive_left/drive_right/tv_l/tv_r/av_l/av_r/x/y/theta/t_err: 1.42979 0.00000 4.80000 -0.41466 0.44555 -0.55628 0.45669 -0.55628 0.45669 0 0 8.07908 1.42979
fb: 0.00772 0.45721 -0.81289 0.83035
fb: 0.00000 0.49031 -0.81289 0.83035
target: 0.00000 0.70637
dist/lin/ang/drive_left/drive_right/tv_l/tv_r/av_l/av_r/x/y/theta/t_err: 1.36329 0.00000 5.40000 -0.49031 0.49031 -0.59597 0.63478 -0.59597 0.63478 0 0 11.88912 1.36329
fb: 0.00199 0.52995 -0.86548 0.88450
fb: 0.00199 0.56047 -0.86548 0.88450
target: 0.00000 0.78486
dist/lin/ang/drive_left/drive_right/tv_l/tv_r/av_l/av_r/x/y/theta/t_err: 1.28692 0.00000 6.00000 -0.55849 0.56246 -0.53764 0.40367 -0.53764 0.40367 0 0 16.26466 1.28692
fb: 0.00000 0.58186 -0.91807 0.93866
fb: 0.00000 0.60318 -0.91807 0.93866
target: 0.00000 0.78486
dist/lin/ang/drive_left/drive_right/tv_l/tv_r/av_l/av_r/x/y/theta/t_err: 1.20070 0.00000 6.00000 -0.60318 0.60318 -0.59236 0.61958 -0.59236 0.61958 0 0 21.20478 1.20070
fb: 0.00000 0.63391 -0.56488 0.58547
fb: 0.00000 0.66241 -0.56488 0.58547
target: 0.00000 0.78486
dist/lin/ang/drive_left/drive_right/tv_l/tv_r/av_l/av_r/x/y/theta/t_err: 1.10740 0.00000 6.00000 -0.66241 0.66241 -0.45344 0.48136 -0.45344 0.48136 0 0 26.55056 1.10740
fb: 0.00000 0.68136 -0.56488 0.58547
fb: 0.00000 0.69160 -0.56488 0.58547
target: 0.00000 0.78486
dist/lin/ang/drive_left/drive_right/tv_l/tv_r/av_l/av_r/x/y/theta/t_err: 1.00582 0.00000 6.00000 -0.69160 0.69160 -0.43650 0.54497 -0.43650 0.54497 0 0 32.37060 1.00582
fb: 0.00000 0.69571 -0.56488 0.58547
fb: 0.00000 0.70686 -0.56488 0.58547
target: 0.00000 0.78486
dist/lin/ang/drive_left/drive_right/tv_l/tv_r/av_l/av_r/x/y/theta/t_err: 0.90009 0.00000 6.00000 -0.70686 0.70686 -0.52733 0.56158 -0.52733 0.56158 0 0 38.42844 0.90009
fb: -0.01743 0.72707 -0.56488 0.58547
fb: -0.04457 0.74414 -0.56488 0.58547
target: 0.00000 0.73895
dist/lin/ang/drive_left/drive_right/tv_l/tv_r/av_l/av_r/x/y/theta/t_err: 0.79137 0.00000 5.64900 -0.78870 0.69957 -0.54603 0.56208 -0.54603 0.56208 0 0 44.65798 0.79137
fb: -0.05251 0.76316 -0.32750 0.34717
fb: -0.04854 0.78441 -0.32750 0.34717
target: 0.00000 0.61247
dist/lin/ang/drive_left/drive_right/tv_l/tv_r/av_l/av_r/x/y/theta/t_err: 0.67693 0.00000 4.68213 -0.83295 0.73587 -0.52239 0.53558 -0.52239 0.53558 0 0 51.21456 0.67693
fb: -0.05427 0.80246 0.19781 -0.19046
fb: -0.05626 0.81054 0.19781 -0.19046
target: 0.00000 0.47940
dist/lin/ang/drive_left/drive_right/tv_l/tv_r/av_l/av_r/x/y/theta/t_err: 0.55651 0.00000 3.66482 -0.86680 0.75428 -0.24794 0.36603 -0.24794 0.36603 0 0 58.11411 0.55651
fb: -0.05427 0.80399 0.31666 -0.31196
fb: -0.06972 0.78782 0.31666 -0.31196
target: 0.00000 0.34580
dist/lin/ang/drive_left/drive_right/tv_l/tv_r/av_l/av_r/x/y/theta/t_err: 0.43306 0.00000 2.64354 -0.85754 0.71811 0.15178 -0.10214 0.15178 -0.10214 0 0 65.18777 0.43306
fb: -0.07943 0.74546 0.40851 -0.40649
fb: -0.09134 0.68073 0.40851 -0.40649
target: 0.00000 0.22466
dist/lin/ang/drive_left/drive_right/tv_l/tv_r/av_l/av_r/x/y/theta/t_err: 0.31449 0.00000 1.71746 -0.77207 0.58939 0.29036 -0.26761 0.29036 -0.26761 0 0 71.98087 0.31449
fb: -0.10855 0.61879 0.43363 -0.43403
fb: -0.11826 0.53915 0.43363 -0.43403
target: 0.00000 0.13202
dist/lin/ang/drive_left/drive_right/tv_l/tv_r/av_l/av_r/x/y/theta/t_err: 0.21263 0.00000 1.00924 -0.65741 0.42089 0.36858 -0.35744 0.36858 -0.35744 0 0 77.81729 0.21263
fb: -0.11253 0.45840 0.36746 -0.36972
fb: -0.07943 0.37799 0.36746 -0.36972
target: 0.00000 0.06840
dist/lin/ang/drive_left/drive_right/tv_l/tv_r/av_l/av_r/x/y/theta/t_err: 0.13320 0.00000 0.52292 -0.45742 0.29856 0.38258 -0.36311 0.38258 -0.36311 0 0 82.36819 0.13320
fb: -0.05627 0.30225 0.27946 -0.28298
fb: -0.05230 0.22359 0.27946 -0.28298
target: 0.00000 0.03259
dist/lin/ang/drive_left/drive_right/tv_l/tv_r/av_l/av_r/x/y/theta/t_err: 0.07825 0.00000 0.24913 -0.27588 0.17129 0.33964 -0.33589 0.33964 -0.33589 0 0 85.51677 0.07825
fb: -0.05428 0.13454 0.17836 -0.18260
fb: -0.08738 0.05058 0.17836 -0.18260
target: 0.00000 0.02220
dist/lin/ang/drive_left/drive_right/tv_l/tv_r/av_l/av_r/x/y/theta/t_err: 0.04751 0.00000 0.16970 -0.13797 -0.03680 0.26589 -0.26061 0.26589 -0.26061 0 0 87.27776 0.04751
fb: -0.10481 0.00105 0.07091 -0.07536
fb: -0.08716 -0.02571 0.07091 -0.07536
target: 0.00000 0.03805
dist/lin/ang/drive_left/drive_right/tv_l/tv_r/av_l/av_r/x/y/theta/t_err: 0.04129 0.00000 0.29088 -0.06145 -0.11287 0.17264 -0.16939 0.17264 -0.16939 0 0 87.63432 0.04129
fb: -0.06002 -0.04459 -0.13585 0.14150
fb: -0.03508 -0.05414 -0.13585 0.14150
target: 0.00000 0.05285
dist/lin/ang/drive_left/drive_right/tv_l/tv_r/av_l/av_r/x/y/theta/t_err: 0.04590 0.00000 0.40401 0.01905 -0.08922 0.07700 -0.05372 0.07700 -0.05372 0 0 87.37035 0.04590
fb: -0.02339 -0.05658 -0.14103 0.14698
fb: -0.02714 -0.05470 -0.14103 0.14698
target: 0.00000 0.06500
dist/lin/ang/drive_left/drive_right/tv_l/tv_r/av_l/av_r/x/y/theta/t_err: 0.05418 0.00000 0.49689 0.02755 -0.08184 -0.10642 0.12064 -0.10642 0.12064 0 0 86.89555 0.05418
fb: -0.04259 -0.04940 -0.13725 0.14344
fb: -0.04060 -0.03958 -0.13725 0.14344
target: 0.00000 0.07352
dist/lin/ang/drive_left/drive_right/tv_l/tv_r/av_l/av_r/x/y/theta/t_err: 0.06234 0.00000 0.56202 -0.00103 -0.08018 -0.13589 0.13378 -0.13589 0.13378 0 0 86.42830 0.06234
fb: -0.02516 -0.01986 -0.12662 0.13298
fb: -0.01169 0.01101 -0.12662 0.13298
target: 0.00000 0.07637
dist/lin/ang/drive_left/drive_right/tv_l/tv_r/av_l/av_r/x/y/theta/t_err: 0.06756 0.00000 0.58382 -0.02270 -0.00069 -0.12353 0.12953 -0.12353 0.12953 0 0 86.12900 0.06756
fb: -0.00397 0.03735 -0.10302 0.10944
fb: 0.00000 0.05045 -0.10302 0.10944
target: 0.00000 0.06642
dist/lin/ang/drive_left/drive_right/tv_l/tv_r/av_l/av_r/x/y/theta/t_err: 0.06495 0.00000 0.50775 -0.05045 0.05045 -0.11069 0.11394 -0.11069 0.11394 0 0 86.27888 0.06495
fb: 0.00000 0.05602 0.03930 0.04497
fb: -0.00375 0.05734 0.03930 0.04497
target: 0.00000 0.05327
dist/lin/ang/drive_left/drive_right/tv_l/tv_r/av_l/av_r/x/y/theta/t_err: 0.05707 0.00000 0.40721 -0.06109 0.05359 -0.09700 0.08300 -0.09700 0.08300 0 0 86.72984 0.05707
fb: -0.00772 0.05706 0.06251 -0.06634
fb: -0.00397 0.05267 0.06251 -0.06634
target: 0.00000 0.04316
dist/lin/ang/drive_left/drive_right/tv_l/tv_r/av_l/av_r/x/y/theta/t_err: 0.04831 0.00000 0.32991 -0.05665 0.04870 0.02397 0.01864 0.02397 0.01864 0 0 87.23223 0.04831
fb: -0.00397 0.04417 0.05561 -0.05964
fb: -0.00397 0.03407 0.05561 -0.05964
target: 0.00000 0.03598
dist/lin/ang/drive_left/drive_right/tv_l/tv_r/av_l/av_r/x/y/theta/t_err: 0.04061 0.00000 0.27508 -0.03804 0.03010 0.05664 -0.04981 0.05664 -0.04981 0 0 87.67316 0.04061
fb: 0.00000 0.02411 0.04719 -0.05136
fb: 0.00000 0.01449 0.04719 -0.05136
target: 0.00000 0.03347
dist/lin/ang/drive_left/drive_right/tv_l/tv_r/av_l/av_r/x/y/theta/t_err: 0.03577 0.00000 0.25584 -0.01449 0.01449 0.05286 -0.05150 0.05286 -0.05150 0 0 87.95056 0.03577
fb: 0.00000 0.00495 -0.05012 0.05568
fb: 0.00000 -0.00404 -0.05012 0.05568
target: 0.00000 0.03425
dist/lin/ang/drive_left/drive_right/tv_l/tv_r/av_l/av_r/x/y/theta/t_err: 0.03392 0.00000 0.26180 0.00404 -0.00404 0.04500 -0.01711 0.04500 -0.01711 0 0 88.05657 0.03392
fb: 0.00000 -0.01212 -0.06547 0.07105
fb: 0.00000 -0.01728 -0.06547 0.07105
target: 0.00000 0.03779
dist/lin/ang/drive_left/drive_right/tv_l/tv_r/av_l/av_r/x/y/theta/t_err: 0.03486 0.00000 0.28889 0.01728 -0.01728 -0.04244 0.05133 -0.04244 0.05133 0 0 88.00288 0.03486
fb: 0.00000 -0.02076 -0.08029 0.08594
fb: 0.00000 -0.02209 -0.08029 0.08594
final error was 2.15801
position: -0.14682 -0.63882 87.84199
took 0.72000 time to finish turn
increased to 135.00000
target: 0.00000 0.07849
dist/lin/ang/drive_left/drive_right/tv_l/tv_r/av_l/av_r/x/y/theta/t_err: 2.35619 0.00000 0.60000 0.00000 0.00000 0.00000 -0.00000 0.00000 -0.00000 0 0 0.00017 2.35619
fb: 0.00000 0.00000 -0.44480 0.45126
fb: 0.00000 0.00000 -0.44480 0.45126
target: 0.00000 0.15697
dist/lin/ang/drive_left/drive_right/tv_l/tv_r/av_l/av_r/x/y/theta/t_err: 2.35619 0.00000 1.20000 0.00000 0.00000 -0.04689 0.05581 -0.04689 0.05581 0 0 0.00025 2.35619
fb: 0.00000 0.00000 -0.49738 0.50541
fb: 0.00000 0.01268 -0.49738 0.50541
target: 0.00000 0.23546
dist/lin/ang/drive_left/drive_right/tv_l/tv_r/av_l/av_r/x/y/theta/t_err: 2.35618 0.00000 1.80000 -0.01268 0.01268 -0.36975 0.37422 -0.36975 0.37422 0 0 0.00079 2.35618
fb: 0.00000 0.06786 -0.54997 0.55957
fb: 0.00000 0.12319 -0.54997 0.55957
target: 0.00000 0.31394
dist/lin/ang/drive_left/drive_right/tv_l/tv_r/av_l/av_r/x/y/theta/t_err: 2.35160 0.00000 2.40000 -0.12319 0.12319 -0.45839 0.40944 -0.45839 0.40944 0 0 0.26319 2.35160
fb: 0.00000 0.17280 -0.60255 0.61373
fb: 0.00000 0.21035 -0.60255 0.61373
target: 0.00000 0.39243
dist/lin/ang/drive_left/drive_right/tv_l/tv_r/av_l/av_r/x/y/theta/t_err: 2.33100 0.00000 3.00000 -0.21035 0.21035 -0.50372 0.43411 -0.50372 0.43411 0 0 1.44369 2.33100
fb: 0.00000 0.25160 -0.65514 0.66788
fb: 0.00000 0.29138 -0.65514 0.66788
target: 0.00000 0.47092
dist/lin/ang/drive_left/drive_right/tv_l/tv_r/av_l/av_r/x/y/theta/t_err: 2.29727 0.00000 3.60000 -0.29138 0.29138 -0.54328 0.46250 -0.54328 0.46250 0 0 3.37628 2.29727
fb: 0.00000 0.33451 -0.70772 0.72204
fb: 0.00000 0.37869 -0.70772 0.72204
target: 0.00000 0.54940
dist/lin/ang/drive_left/drive_right/tv_l/tv_r/av_l/av_r/x/y/theta/t_err: 2.25119 0.00000 4.20000 -0.37869 0.37869 -0.51983 0.51061 -0.51983 0.51061 0 0 6.01648 2.25119
fb: 0.00000 0.42021 -0.76031 0.77619
fb: 0.00000 0.45380 -0.76031 0.77619
target: 0.00000 0.62789
dist/lin/ang/drive_left/drive_right/tv_l/tv_r/av_l/av_r/x/y/theta/t_err: 2.19189 0.00000 4.80000 -0.45380 0.45380 -0.52858 0.53592 -0.52858 0.53592 0 0 9.41393 2.19189
fb: 0.00000 0.48759 -0.81289 0.83035
fb: 0.00000 0.52591 -0.81289 0.83035
target: 0.00000 0.70637
dist/lin/ang/drive_left/drive_right/tv_l/tv_r/av_l/av_r/x/y/theta/t_err: 2.12140 0.00000 5.40000 -0.52591 0.52591 -0.54242 0.56842 -0.54242 0.56842 0 0 13.45279 2.12140
fb: 0.00000 0.56361 -0.86548 0.88450
fb: 0.00000 0.59447 -0.86548 0.88450
target: 0.00000 0.78486
dist/lin/ang/drive_left/drive_right/tv_l/tv_r/av_l/av_r/x/y/theta/t_err: 2.03978 0.00000 6.00000 -0.59447 0.59447 -0.56344 0.57269 -0.56344 0.57269 0 0 18.12900 2.03978
fb: 0.00000 0.62694 -0.91807 0.93866
fb: 0.00000 0.64973 -0.91807 0.93866
target: 0.00000 0.78486
dist/lin/ang/drive_left/drive_right/tv_l/tv_r/av_l/av_r/x/y/theta/t_err: 1.94785 0.00000 6.00000 -0.64973 0.64973 -0.52650 0.48083 -0.52650 0.48083 0 0 23.39643 1.94785
fb: 0.00000 0.66875 -0.56488 0.58547
fb: -0.00794 0.68958 -0.56488 0.58547
target: 0.00000 0.78486
dist/lin/ang/drive_left/drive_right/tv_l/tv_r/av_l/av_r/x/y/theta/t_err: 1.84806 0.00000 6.00000 -0.69752 0.68164 -0.58333 0.59992 -0.58333 0.59992 0 0 29.11380 1.84806
fb: -0.00794 0.71850 -0.56488 0.58547
fb: -0.01147 0.73466 -0.56488 0.58547
target: 0.00000 0.78486
dist/lin/ang/drive_left/drive_right/tv_l/tv_r/av_l/av_r/x/y/theta/t_err: 1.74168 0.00000 6.00000 -0.74613 0.72319 -0.47722 0.35539 -0.47722 0.35539 0 0 35.20915 1.74168
fb: -0.04258 0.73557 -0.56488 0.58547
fb: -0.06994 0.73933 -0.56488 0.58547
target: 0.00000 0.78486
dist/lin/ang/drive_left/drive_right/tv_l/tv_r/av_l/av_r/x/y/theta/t_err: 1.62972 0.00000 6.00000 -0.80927 0.66939 -0.53831 0.54086 -0.53831 0.54086 0 0 41.62406 1.62972
fb: -0.07766 0.75647 -0.56488 0.58547
fb: -0.06398 0.77681 -0.56488 0.58547
target: 0.00000 0.78486
dist/lin/ang/drive_left/drive_right/tv_l/tv_r/av_l/av_r/x/y/theta/t_err: 1.51609 0.00000 6.00000 -0.84080 0.71283 -0.54619 0.55747 -0.54619 0.55747 0 0 48.13448 1.51609
fb: -0.06200 0.79751 -0.56488 0.58547
fb: -0.08141 0.81904 -0.56488 0.58547
target: 0.00000 0.78486
dist/lin/ang/drive_left/drive_right/tv_l/tv_r/av_l/av_r/x/y/theta/t_err: 1.39673 0.00000 6.00000 -0.90045 0.73763 -0.54550 0.56294 -0.54550 0.56294 0 0 54.97327 1.39673
fb: -0.08141 0.83033 -0.56488 0.58547
fb: -0.08538 0.84433 -0.56488 0.58547
target: 0.00000 0.78486
dist/lin/ang/drive_left/drive_right/tv_l/tv_r/av_l/av_r/x/y/theta/t_err: 1.27140 0.00000 6.00000 -0.92971 0.75895 -0.54803 0.56347 -0.54803 0.56347 0 0 62.15396 1.27140
fb: -0.09112 0.85499 -0.56488 0.58547
fb: -0.09487 0.86475 -0.56488 0.58547
target: 0.00000 0.78486
dist/lin/ang/drive_left/drive_right/tv_l/tv_r/av_l/av_r/x/y/theta/t_err: 1.14208 0.00000 6.00000 -0.95961 0.76988 -0.55214 0.56433 -0.55214 0.56433 0 0 69.56362 1.14208
fb: -0.10281 0.87575 -0.56488 0.58547
fb: -0.10082 0.88837 -0.56488 0.58547
target: 0.00000 0.78486
dist/lin/ang/drive_left/drive_right/tv_l/tv_r/av_l/av_r/x/y/theta/t_err: 1.00944 0.00000 6.00000 -0.98919 0.78754 -0.54683 0.56294 -0.54683 0.56294 0 0 77.16335 1.00944
fb: -0.10082 0.89903 -0.56488 0.58547
fb: -0.10876 0.90335 -0.56488 0.58547
target: 0.00000 0.78486
dist/lin/ang/drive_left/drive_right/tv_l/tv_r/av_l/av_r/x/y/theta/t_err: 0.87327 0.00000 6.00000 -1.01211 0.79458 -0.54706 0.56192 -0.54706 0.56192 0 0 84.96559 0.87327
fb: -0.11251 0.91052 -0.56488 0.58547
fb: -0.11229 0.92090 -0.56488 0.58547
target: 0.00000 0.65172
dist/lin/ang/drive_left/drive_right/tv_l/tv_r/av_l/av_r/x/y/theta/t_err: 0.73477 0.00000 4.98222 -1.03320 0.80861 -0.54686 0.56158 -0.54686 0.56158 0 0 92.90059 0.73477
fb: -0.11229 0.92829 0.20148 -0.19334
fb: -0.11825 0.93721 0.20148 -0.19334
target: 0.00000 0.49968
dist/lin/ang/drive_left/drive_right/tv_l/tv_r/av_l/av_r/x/y/theta/t_err: 0.59359 0.00000 3.81986 -1.05546 0.81896 -0.36019 0.25067 -0.36019 0.25067 0 0 100.98954 0.59359
fb: -0.13391 0.93749 0.38846 -0.38336
fb: -0.14362 0.92076 0.38846 -0.38336
target: 0.00000 0.34560
dist/lin/ang/drive_left/drive_right/tv_l/tv_r/av_l/av_r/x/y/theta/t_err: 0.45015 0.00000 2.64203 -1.06438 0.77715 0.11603 -0.16069 0.11603 -0.16069 0 0 109.20858 0.45015
fb: -0.16083 0.85896 0.50079 -0.49877
fb: -0.16480 0.77981 0.50079 -0.49877
target: 0.00000 0.20422
dist/lin/ang/drive_left/drive_right/tv_l/tv_r/av_l/av_r/x/y/theta/t_err: 0.31207 0.00000 1.56123 -0.94461 0.61501 0.31878 -0.33828 0.31878 -0.33828 0 0 117.11974 0.31207
fb: -0.17077 0.71083 0.53840 -0.53921
fb: -0.18621 0.63837 0.64082 -0.43679
target: 0.00000 0.09924
dist/lin/ang/drive_left/drive_right/tv_l/tv_r/av_l/av_r/x/y/theta/t_err: 0.19491 0.00000 0.75869 -0.82458 0.45215 0.42161 -0.41494 0.42161 -0.41494 0 0 123.83236 0.19491
fb: -0.18026 0.56235 0.54409 -0.34871
fb: -0.16857 0.47700 0.44495 -0.44785
target: 0.00000 0.01910
dist/lin/ang/drive_left/drive_right/tv_l/tv_r/av_l/av_r/x/y/theta/t_err: 0.10002 0.00000 0.14598 -0.64557 0.30843 0.41836 -0.38394 0.41836 -0.38394 0 0 129.26904 0.10002
fb: -0.14541 0.38963 0.38690 -0.39141
fb: -0.10481 0.30825 0.38690 -0.39141
target: 0.00000 -0.03175
dist/lin/ang/drive_left/drive_right/tv_l/tv_r/av_l/av_r/x/y/theta/t_err: 0.03030 0.00000 -0.24271 -0.41305 0.20344 0.35556 -0.38536 0.35556 -0.38536 0 0 133.26422 0.03030
fb: -0.08539 0.23132 0.28910 -0.29462
fb: -0.08716 0.15182 0.28910 -0.29462
target: 0.00000 -0.05559
dist/lin/ang/drive_left/drive_right/tv_l/tv_r/av_l/av_r/x/y/theta/t_err: -0.01410 0.00000 -0.42494 -0.23898 0.06466 0.33228 -0.35147 0.33228 -0.35147 0 0 135.80775 -0.01410
fb: -0.08738 0.06968 0.18354 -0.18954
fb: -0.08937 0.00000 0.18354 -0.18954
target: 0.00000 -0.05472
dist/lin/ang/drive_left/drive_right/tv_l/tv_r/av_l/av_r/x/y/theta/t_err: -0.03424 0.00000 -0.41829 -0.08937 -0.08937 0.24811 -0.25583 0.24811 -0.25583 0 0 136.96163 -0.03424
fb: -0.08142 -0.04487 0.07177 -0.07776
fb: -0.05803 -0.07135 0.07177 -0.07776
target: 0.00000 -0.03335
dist/lin/ang/drive_left/drive_right/tv_l/tv_r/av_l/av_r/x/y/theta/t_err: -0.03275 0.00000 -0.25491 0.01331 -0.12938 0.15503 -0.15431 0.15503 -0.15431 0 0 136.87661 -0.03275
fb: -0.03884 -0.08319 -0.11285 0.11708
fb: -0.02913 -0.08368 -0.11285 0.11708
final error was -1.23086
position: 0.27807 -1.25131 136.23086
took 0.62000 time to finish turn
increased to 180.00000
target: 0.00000 0.07849
dist/lin/ang/drive_left/drive_right/tv_l/tv_r/av_l/av_r/x/y/theta/t_err: 3.14160 0.00000 0.60000 0.00000 0.00000 -0.00017 -0.00033 -0.00017 -0.00033 0 0 -0.00026 3.14160
fb: 0.00000 0.00000 -0.44480 0.45126
fb: 0.00000 0.00000 -0.44480 0.45126
target: 0.00000 0.15697
dist/lin/ang/drive_left/drive_right/tv_l/tv_r/av_l/av_r/x/y/theta/t_err: 3.14160 0.00000 1.20000 0.00000 0.00000 -0.07358 0.06383 -0.07358 0.06383 0 0 -0.00058 3.14160
fb: 0.00000 0.00000 -0.49738 0.50541
fb: 0.00000 0.00878 -0.49738 0.50541
target: 0.00000 0.23546
dist/lin/ang/drive_left/drive_right/tv_l/tv_r/av_l/av_r/x/y/theta/t_err: 3.14161 0.00000 1.80000 -0.00878 0.00878 -0.38586 0.37728 -0.38586 0.37728 0 0 -0.00075 3.14161
fb: 0.00000 0.05302 -0.54997 0.55957
fb: 0.00000 0.10807 -0.54997 0.55957
target: 0.00000 0.31394
dist/lin/ang/drive_left/drive_right/tv_l/tv_r/av_l/av_r/x/y/theta/t_err: 3.13827 0.00000 2.40000 -0.10807 0.10807 -0.45308 0.42728 -0.45308 0.42728 0 0 0.19051 3.13827
fb: -0.00397 0.15816 -0.60255 0.61373
fb: -0.00397 0.20032 -0.60255 0.61373
target: 0.00000 0.39243
dist/lin/ang/drive_left/drive_right/tv_l/tv_r/av_l/av_r/x/y/theta/t_err: 3.11987 0.00000 3.00000 -0.20429 0.19635 -0.51061 0.43703 -0.51061 0.43703 0 0 1.24458 3.11987
fb: 0.00000 0.24184 -0.65514 0.66788
fb: 0.00000 0.28184 -0.65514 0.66788
target: 0.00000 0.47092
dist/lin/ang/drive_left/drive_right/tv_l/tv_r/av_l/av_r/x/y/theta/t_err: 3.08775 0.00000 3.60000 -0.28184 0.28184 -0.54414 0.48183 -0.54414 0.48183 0 0 3.08478 3.08775
fb: -0.00375 0.32253 -0.70772 0.72204
fb: -0.00375 0.36336 -0.70772 0.72204
target: 0.00000 0.54940
dist/lin/ang/drive_left/drive_right/tv_l/tv_r/av_l/av_r/x/y/theta/t_err: 3.04321 0.00000 4.20000 -0.36711 0.35961 -0.57458 0.52939 -0.57458 0.52939 0 0 5.63686 3.04321
fb: 0.00000 0.40691 -0.76031 0.77619
fb: 0.00000 0.44739 -0.76031 0.77619
target: 0.00000 0.62789
dist/lin/ang/drive_left/drive_right/tv_l/tv_r/av_l/av_r/x/y/theta/t_err: 2.98614 0.00000 4.80000 -0.44739 0.44739 -0.58331 0.50272 -0.58331 0.50272 0 0 8.90703 2.98614
fb: 0.00000 0.48453 -0.81289 0.83035
fb: 0.00000 0.51609 -0.81289 0.83035
target: 0.00000 0.70637
dist/lin/ang/drive_left/drive_right/tv_l/tv_r/av_l/av_r/x/y/theta/t_err: 2.91655 0.00000 5.40000 -0.51609 0.51609 -0.51317 0.56689 -0.51317 0.56689 0 0 12.89385 2.91655
fb: 0.00000 0.54410 -0.86548 0.88450
fb: 0.00000 0.56751 -0.86548 0.88450
target: 0.00000 0.78486
dist/lin/ang/drive_left/drive_right/tv_l/tv_r/av_l/av_r/x/y/theta/t_err: 2.83680 0.00000 6.00000 -0.56751 0.56751 -0.55917 0.43972 -0.55917 0.43972 0 0 17.46330 2.83680
fb: 0.00000 0.59127 -0.91807 0.93866
fb: 0.00000 0.59573 -0.91807 0.93866
target: 0.00000 0.78486
dist/lin/ang/drive_left/drive_right/tv_l/tv_r/av_l/av_r/x/y/theta/t_err: 2.74931 0.00000 6.00000 -0.59573 0.59573 -0.48528 0.54483 -0.48528 0.54483 0 0 22.47617 2.74931
fb: 0.00000 0.61489 -0.56488 0.58547
fb: 0.00000 0.64952 -0.56488 0.58547
target: 0.00000 0.78486
dist/lin/ang/drive_left/drive_right/tv_l/tv_r/av_l/av_r/x/y/theta/t_err: 2.65753 0.00000 6.00000 -0.64952 0.64952 -0.60008 0.54856 -0.60008 0.54856 0 0 27.73491 2.65753
fb: 0.00000 0.67453 -0.56488 0.58547
fb: -0.00397 0.69592 -0.56488 0.58547
target: 0.00000 0.78486
dist/lin/ang/drive_left/drive_right/tv_l/tv_r/av_l/av_r/x/y/theta/t_err: 2.55764 0.00000 6.00000 -0.69989 0.69195 -0.38058 0.52942 -0.38058 0.52942 0 0 33.45807 2.55764
fb: -0.02339 0.71202 -0.56488 0.58547
fb: -0.03883 0.72010 -0.56488 0.58547
target: 0.00000 0.78486
dist/lin/ang/drive_left/drive_right/tv_l/tv_r/av_l/av_r/x/y/theta/t_err: 2.45094 0.00000 6.00000 -0.75893 0.68127 -0.52361 0.55814 -0.52361 0.55814 0 0 39.57172 2.45094
fb: -0.03287 0.72957 -0.56488 0.58547
fb: -0.03287 0.74093 -0.56488 0.58547
target: 0.00000 0.78486
dist/lin/ang/drive_left/drive_right/tv_l/tv_r/av_l/av_r/x/y/theta/t_err: 2.34067 0.00000 6.00000 -0.77381 0.70806 -0.54736 0.56275 -0.54736 0.56275 0 0 45.88954 2.34067
fb: -0.04655 0.75981 -0.56488 0.58547
fb: -0.04854 0.78309 -0.56488 0.58547
target: 0.00000 0.78486
dist/lin/ang/drive_left/drive_right/tv_l/tv_r/av_l/av_r/x/y/theta/t_err: 2.22680 0.00000 6.00000 -0.83162 0.73455 -0.54381 0.56125 -0.54381 0.56125 0 0 52.41404 2.22680
fb: -0.04457 0.80120 -0.56488 0.58547
fb: -0.04258 0.81848 -0.56488 0.58547
target: 0.00000 0.78486
dist/lin/ang/drive_left/drive_right/tv_l/tv_r/av_l/av_r/x/y/theta/t_err: 2.10665 0.00000 6.00000 -0.86106 0.77590 -0.54736 0.56517 -0.54736 0.56517 0 0 59.29761 2.10665
fb: -0.04082 0.83479 -0.56488 0.58547
fb: -0.04655 0.85109 -0.56488 0.58547
target: 0.00000 0.78486
dist/lin/ang/drive_left/drive_right/tv_l/tv_r/av_l/av_r/x/y/theta/t_err: 1.98107 0.00000 6.00000 -0.89764 0.80454 -0.54636 0.56294 -0.54636 0.56294 0 0 66.49304 1.98107
fb: -0.04832 0.86398 -0.56488 0.58547
fb: -0.06597 0.87666 -0.56488 0.58547
target: 0.00000 0.78486
dist/lin/ang/drive_left/drive_right/tv_l/tv_r/av_l/av_r/x/y/theta/t_err: 1.85066 0.00000 6.00000 -0.94263 0.81070 -0.54892 0.56261 -0.54892 0.56261 0 0 73.96519 1.85066
fb: -0.08736 0.88641 -0.56488 0.58547
fb: -0.09509 0.89714 -0.56488 0.58547
target: 0.00000 0.78486
dist/lin/ang/drive_left/drive_right/tv_l/tv_r/av_l/av_r/x/y/theta/t_err: 1.71638 0.00000 6.00000 -0.99223 0.80206 -0.54808 0.56450 -0.54808 0.56450 0 0 81.65862 1.71638
fb: -0.10082 0.90704 -0.56488 0.58547
fb: -0.09884 0.91575 -0.56488 0.58547
target: 0.00000 0.78486
dist/lin/ang/drive_left/drive_right/tv_l/tv_r/av_l/av_r/x/y/theta/t_err: 1.57887 0.00000 6.00000 -1.01458 0.81691 -0.54653 0.56500 -0.54653 0.56500 0 0 89.53714 1.57887
fb: -0.10479 0.92585 -0.56488 0.58547
fb: -0.12023 0.93275 -0.56488 0.58547
target: 0.00000 0.78486
dist/lin/ang/drive_left/drive_right/tv_l/tv_r/av_l/av_r/x/y/theta/t_err: 1.43841 0.00000 6.00000 -1.05298 0.81252 -0.54753 0.56361 -0.54753 0.56361 0 0 97.58510 1.43841
fb: -0.12597 0.94362 -0.56488 0.58547
fb: -0.13568 0.95323 -0.56488 0.58547
target: 0.00000 0.78486
dist/lin/ang/drive_left/drive_right/tv_l/tv_r/av_l/av_r/x/y/theta/t_err: 1.29520 0.00000 6.00000 -1.08891 0.81756 -0.54822 0.56211 -0.54822 0.56211 0 0 105.79068 1.29520
fb: -0.14737 0.96222 -0.56488 0.58547
fb: -0.14538 0.96752 -0.56488 0.58547
target: 0.00000 0.78486
dist/lin/ang/drive_left/drive_right/tv_l/tv_r/av_l/av_r/x/y/theta/t_err: 1.14892 0.00000 6.00000 -1.11290 0.82214 -0.54856 0.56414 -0.54856 0.56414 0 0 114.17163 1.14892
fb: -0.15310 0.97191 -0.56488 0.58547
fb: -0.15906 0.97658 -0.56488 0.58547
target: 0.00000 0.78486
dist/lin/ang/drive_left/drive_right/tv_l/tv_r/av_l/av_r/x/y/theta/t_err: 1.00062 0.00000 6.00000 -1.13563 0.81752 -0.54994 0.56258 -0.54994 0.56258 0 0 122.66891 1.00062
fb: -0.15509 0.98048 -0.56488 0.58547
fb: -0.15884 0.98744 -0.56488 0.58547
target: 0.00000 0.76437
dist/lin/ang/drive_left/drive_right/tv_l/tv_r/av_l/av_r/x/y/theta/t_err: 0.85084 0.00000 5.84338 -1.14628 0.82861 -0.55114 0.56244 -0.55114 0.56244 0 0 131.25040 0.85084
fb: -0.16104 0.99218 -0.45896 0.47914
fb: -0.16303 0.99755 -0.45896 0.47914
target: 0.00000 0.60236
dist/lin/ang/drive_left/drive_right/tv_l/tv_r/av_l/av_r/x/y/theta/t_err: 0.69939 0.00000 4.60485 -1.16058 0.83452 -0.55303 0.55044 -0.55303 0.55044 0 0 139.92810 0.69939
fb: -0.16678 1.00159 0.36450 -0.35735
fb: -0.16084 1.00159 0.36450 -0.35735
target: 0.00000 0.43855
dist/lin/ang/drive_left/drive_right/tv_l/tv_r/av_l/av_r/x/y/theta/t_err: 0.54624 0.00000 3.35253 -1.16243 0.84075 -0.46592 0.39681 -0.46592 0.39681 0 0 148.70269 0.54624
fb: -0.16673 0.98835 0.48237 -0.47849
fb: -0.18218 0.98835 0.58257 -0.37829
target: 0.00000 0.27751
dist/lin/ang/drive_left/drive_right/tv_l/tv_r/av_l/av_r/x/y/theta/t_err: 0.39372 0.00000 2.12151 -1.17053 0.80617 0.09189 -0.11139 0.09189 -0.11139 0 0 157.44141 0.39372
fb: -0.18599 0.96717 0.68002 -0.47477
fb: -0.18244 0.91206 0.67807 -0.47672
target: 0.00000 0.26962
dist/lin/ang/drive_left/drive_right/tv_l/tv_r/av_l/av_r/x/y/theta/t_err: 0.31902 0.00000 2.06117 -1.09450 0.72961 0.34103 -0.30561 0.34103 -0.30561 0 0 161.72142 0.31902
fb: -0.16679 0.84217 -0.18415 0.19444
fb: -0.16282 0.77361 -0.18415 0.19444
target: 0.00000 0.06755
dist/lin/ang/drive_left/drive_right/tv_l/tv_r/av_l/av_r/x/y/theta/t_err: 0.18209 0.00000 0.51643 -0.93643 0.61079 0.25444 -0.26725 0.25444 -0.26725 0 0 169.56693 0.18209
fb: -0.16481 0.68442 0.90307 -0.90661
fb: -0.14937 0.60095 0.90307 -0.90661
target: 0.00000 -0.01093
dist/lin/ang/drive_left/drive_right/tv_l/tv_r/av_l/av_r/x/y/theta/t_err: 0.06695 0.00000 -0.08357 -0.75032 0.45158 -0.12303 0.03800 -0.12303 0.03800 0 0 176.16399 0.06695
fb: -0.13194 0.52898 0.39953 -0.40465
fb: -0.13768 0.46899 0.39953 -0.40465
target: 0.00000 -0.08942
dist/lin/ang/drive_left/drive_right/tv_l/tv_r/av_l/av_r/x/y/theta/t_err: -0.02255 0.00000 -0.68357 -0.60667 0.33130 0.33589 -0.27258 0.33589 -0.27258 0 0 181.29220 -0.02255
fb: -0.15909 0.40447 0.45212 -0.45880
fb: -0.16483 0.33744 0.45212 -0.45880
target: 0.00000 -0.16115
dist/lin/ang/drive_left/drive_right/tv_l/tv_r/av_l/av_r/x/y/theta/t_err: -0.09204 0.00000 -1.23192 -0.50227 0.17261 0.28900 -0.34939 0.28900 -0.34939 0 0 185.27348 -0.09204
fb: -0.14916 0.27090 0.46978 -0.47790
fb: -0.14541 0.19091 0.46978 -0.47790
target: 0.00000 -0.19480
dist/lin/ang/drive_left/drive_right/tv_l/tv_r/av_l/av_r/x/y/theta/t_err: -0.14129 0.00000 -1.48916 -0.33632 0.04550 0.39989 -0.39047 0.39989 -0.39047 0 0 188.09516 -0.14129
fb: -0.15336 0.10681 0.32096 -0.32975
fb: -0.14343 0.03017 0.32096 -0.32975
target: 0.00000 -0.20111
dist/lin/ang/drive_left/drive_right/tv_l/tv_r/av_l/av_r/x/y/theta/t_err: -0.16731 0.00000 -1.53743 -0.17360 -0.11326 0.32939 -0.40603 0.32939 -0.40603 0 0 189.58638 -0.16731
fb: -0.13372 -0.03658 0.20218 -0.21110
fb: -0.12225 -0.09211 0.20218 -0.21110
target: 0.00000 -0.18150
dist/lin/ang/drive_left/drive_right/tv_l/tv_r/av_l/av_r/x/y/theta/t_err: -0.16945 0.00000 -1.38749 -0.03013 -0.21436 0.29653 -0.29275 0.29653 -0.29275 0 0 189.70873 -0.16945
fb: -0.10283 -0.13036 0.07236 -0.08089
fb: -0.09312 -0.15217 0.07236 -0.08089
target: 0.00000 -0.14907
dist/lin/ang/drive_left/drive_right/tv_l/tv_r/av_l/av_r/x/y/theta/t_err: -0.15402 0.00000 -1.13962 0.05905 -0.24529 0.17386 -0.17264 0.17386 -0.17264 0 0 188.82494 -0.15402
fb: -0.08539 -0.15949 -0.08505 0.08696
fb: -0.08142 -0.15754 -0.08505 0.08696
target: 0.00000 -0.11675
dist/lin/ang/drive_left/drive_right/tv_l/tv_r/av_l/av_r/x/y/theta/t_err: -0.13051 0.00000 -0.89249 0.07611 -0.23896 0.04244 -0.03917 0.04244 -0.03917 0 0 187.47752 -0.13051
fb: -0.08341 -0.15008 -0.10627 0.10883
fb: -0.07370 -0.14256 -0.10627 0.10883
target: 0.00000 -0.09118
dist/lin/ang/drive_left/drive_right/tv_l/tv_r/av_l/av_r/x/y/theta/t_err: -0.10666 0.00000 -0.69706 0.06886 -0.21626 -0.07272 0.07325 -0.07272 0.07325 0 0 186.11133 -0.10666
fb: -0.06774 -0.13594 -0.09297 0.09604
fb: -0.06002 -0.12444 -0.09297 0.09604
target: 0.00000 -0.07023
dist/lin/ang/drive_left/drive_right/tv_l/tv_r/av_l/av_r/x/y/theta/t_err: -0.08500 0.00000 -0.53690 0.06442 -0.18446 -0.09600 0.08711 -0.09600 0.08711 0 0 184.87029 -0.08500
fb: -0.03310 -0.10828 -0.08624 0.08973
fb: -0.01567 -0.08284 -0.08624 0.08973
target: 0.00000 -0.05352
dist/lin/ang/drive_left/drive_right/tv_l/tv_r/av_l/av_r/x/y/theta/t_err: -0.06650 0.00000 -0.40913 0.06718 -0.09851 -0.08436 0.07853 -0.08436 0.07853 0 0 183.81015 -0.06650
fb: -0.01545 -0.04431 -0.07838 0.08220
fb: -0.01169 -0.00355 -0.07838 0.08220
target: 0.00000 -0.04860
dist/lin/ang/drive_left/drive_right/tv_l/tv_r/av_l/av_r/x/y/theta/t_err: -0.05543 0.00000 -0.37150 -0.00814 -0.01525 -0.07186 0.07442 -0.07186 0.07442 0 0 183.17590 -0.05543
fb: -0.00397 0.02202 0.04943 -0.05530
fb: 0.00000 0.03219 0.04943 -0.05530
target: 0.00000 -0.05928
dist/lin/ang/drive_left/drive_right/tv_l/tv_r/av_l/av_r/x/y/theta/t_err: -0.05571 0.00000 -0.45317 -0.03219 0.03219 -0.02586 0.04069 -0.02586 0.04069 0 0 183.19180 -0.05571
fb: 0.00000 0.03742 0.12682 -0.13290
fb: 0.00000 0.03470 0.12682 -0.13290
target: 0.00000 -0.06912
dist/lin/ang/drive_left/drive_right/tv_l/tv_r/av_l/av_r/x/y/theta/t_err: -0.06082 0.00000 -0.52837 -0.03470 0.03470 0.06486 -0.06056 0.06486 -0.06056 0 0 183.48449 -0.06082
fb: 0.00000 0.02982 0.12959 -0.13587
fb: 0.00000 0.02543 0.12959 -0.13587
target: 0.00000 -0.07460
dist/lin/ang/drive_left/drive_right/tv_l/tv_r/av_l/av_r/x/y/theta/t_err: -0.06596 0.00000 -0.57029 -0.02543 0.02543 0.11292 -0.11908 0.11292 -0.11908 0 0 183.77927 -0.06596
fb: 0.00000 0.01986 0.11369 -0.12007
fb: -0.00177 0.01045 0.11369 -0.12007
target: 0.00000 -0.07718
dist/lin/ang/drive_left/drive_right/tv_l/tv_r/av_l/av_r/x/y/theta/t_err: -0.06965 0.00000 -0.59003 -0.01222 0.00869 0.11550 -0.12028 0.11550 -0.12028 0 0 183.99079 -0.06965
fb: -0.00177 -0.00460 0.10235 -0.10879
fb: 0.00000 -0.02209 0.10235 -0.10879
target: 0.00000 -0.07579
dist/lin/ang/drive_left/drive_right/tv_l/tv_r/av_l/av_r/x/y/theta/t_err: -0.07066 0.00000 -0.57937 0.02209 -0.02209 0.10303 -0.10711 0.10303 -0.10711 0 0 184.04841 -0.07066
fb: 0.00000 -0.04174 0.08353 -0.08994
fb: 0.00000 -0.05274 0.08353 -0.08994
target: 0.00000 -0.06661
dist/lin/ang/drive_left/drive_right/tv_l/tv_r/av_l/av_r/x/y/theta/t_err: -0.06648 0.00000 -0.50919 0.05274 -0.05274 0.09069 -0.09017 0.09069 -0.09017 0 0 183.80883 -0.06648
fb: 0.00000 -0.05588 0.04234 -0.04856
fb: 0.00000 -0.05477 0.04234 -0.04856
target: 0.00000 -0.05439
dist/lin/ang/drive_left/drive_right/tv_l/tv_r/av_l/av_r/x/y/theta/t_err: -0.05835 0.00000 -0.41580 0.05477 -0.05477 0.06553 -0.06964 0.06553 -0.06964 0 0 183.34339 -0.05835
fb: 0.00000 -0.05079 -0.05756 0.06136
fb: 0.00000 -0.04536 -0.05756 0.06136
target: 0.00000 -0.04563
dist/lin/ang/drive_left/drive_right/tv_l/tv_r/av_l/av_r/x/y/theta/t_err: -0.05015 0.00000 -0.34879 0.04536 -0.04536 0.00717 -0.01778 0.00717 -0.01778 0 0 182.87339 -0.05015
fb: 0.00000 -0.03888 -0.04789 0.05188
fb: 0.00000 -0.03156 -0.04789 0.05188
target: 0.00000 -0.03992
dist/lin/ang/drive_left/drive_right/tv_l/tv_r/av_l/av_r/x/y/theta/t_err: -0.04346 0.00000 -0.30514 0.03156 -0.03156 -0.04364 0.05117 -0.04364 0.05117 0 0 182.48988 -0.04346
fb: 0.00000 -0.02320 0.04007 -0.04576
fb: 0.00000 -0.01512 0.04007 -0.04576
target: 0.00000 -0.03717
dist/lin/ang/drive_left/drive_right/tv_l/tv_r/av_l/av_r/x/y/theta/t_err: -0.03896 0.00000 -0.28413 0.01512 -0.01512 -0.01078 0.03094 -0.01078 0.03094 0 0 182.23235 -0.03896
fb: 0.00000 -0.00648 0.05155 -0.05719
fb: 0.00000 0.00160 0.05155 -0.05719
target: 0.00000 -0.03743
dist/lin/ang/drive_left/drive_right/tv_l/tv_r/av_l/av_r/x/y/theta/t_err: -0.03701 0.00000 -0.28613 -0.00160 0.00160 0.04108 -0.03747 0.04108 -0.03747 0 0 182.12055 -0.03701
fb: 0.00000 0.00759 0.06528 -0.07092
fb: 0.00000 0.01143 0.06528 -0.07092
target: 0.00000 -0.04019
dist/lin/ang/drive_left/drive_right/tv_l/tv_r/av_l/av_r/x/y/theta/t_err: -0.03751 0.00000 -0.30726 -0.01143 0.01143 0.05375 -0.05461 0.05375 -0.05461 0 0 182.14892 -0.03751
fb: 0.00000 0.01380 0.07839 -0.08409
fb: 0.00000 0.01380 0.07839 -0.08409
target: 0.00000 -0.04345
dist/lin/ang/drive_left/drive_right/tv_l/tv_r/av_l/av_r/x/y/theta/t_err: -0.03938 0.00000 -0.33215 -0.01380 0.01380 0.06089 -0.07222 0.06089 -0.07222 0 0 182.25649 -0.03938
fb: 0.00000 0.00885 0.08278 -0.08854
fb: 0.00000 -0.00307 0.08278 -0.08854
target: 0.00000 -0.04538
dist/lin/ang/drive_left/drive_right/tv_l/tv_r/av_l/av_r/x/y/theta/t_err: -0.04123 0.00000 -0.34691 0.00307 -0.00307 0.06858 -0.07425 0.06858 -0.07425 0 0 182.36237 -0.04123
fb: 0.00000 -0.01540 0.07812 -0.08392
fb: 0.00000 -0.02132 0.07812 -0.08392
target: 0.00000 -0.04185
dist/lin/ang/drive_left/drive_right/tv_l/tv_r/av_l/av_r/x/y/theta/t_err: -0.04030 0.00000 -0.31992 0.02132 -0.02132 0.07186 -0.07461 0.07186 -0.07461 0 0 182.30907 -0.04030
fb: 0.00000 -0.02146 0.05118 -0.05691
fb: 0.00000 -0.01895 0.05118 -0.05691
target: 0.00000 -0.03636
dist/lin/ang/drive_left/drive_right/tv_l/tv_r/av_l/av_r/x/y/theta/t_err: -0.03709 0.00000 -0.27799 0.01895 -0.01895 0.05833 -0.06861 0.05833 -0.06861 0 0 182.12526 -0.03709
fb: 0.00000 -0.01679 -0.03934 -0.04433
fb: 0.00000 -0.01407 -0.03934 -0.04433
target: 0.00000 -0.03378
dist/lin/ang/drive_left/drive_right/tv_l/tv_r/av_l/av_r/x/y/theta/t_err: -0.03430 0.00000 -0.25825 0.01407 -0.01407 0.01933 -0.04706 0.01933 -0.04706 0 0 181.96514 -0.03430
fb: -0.00397 -0.01010 0.05004 -0.05561
fb: -0.00772 -0.00523 0.05004 -0.05561
final error was -1.85198
position: 1.64748 -1.02535 181.85198
took 1.22000 time to finish turn
decreased to 135.00000
decreased to 90.00000
target: 0.00000 0.07849
dist/lin/ang/drive_left/drive_right/tv_l/tv_r/av_l/av_r/x/y/theta/t_err: 1.57080 0.00000 0.60000 0.00000 0.00000 -0.00033 -0.00017 -0.00033 -0.00017 0 0 -0.00003 1.57080
fb: 0.00000 0.00000 -0.44480 0.45126
fb: 0.00000 0.00000 -0.44480 0.45126
target: 0.00000 0.15697
dist/lin/ang/drive_left/drive_right/tv_l/tv_r/av_l/av_r/x/y/theta/t_err: 1.57080 0.00000 1.20000 0.00000 0.00000 -0.09497 0.03217 -0.09497 0.03217 0 0 0.00005 1.57080
fb: 0.00000 0.00000 -0.49738 0.50541
fb: 0.00000 0.00000 -0.49738 0.50541
target: 0.00000 0.23546
dist/lin/ang/drive_left/drive_right/tv_l/tv_r/av_l/av_r/x/y/theta/t_err: 1.57080 0.00000 1.80000 0.00000 0.00000 -0.39581 0.37200 -0.39581 0.37200 0 0 -0.00046 1.57080
fb: 0.00000 0.01136 -0.54997 0.55957
fb: -0.00397 0.05616 -0.54997 0.55957
target: 0.00000 0.31394
dist/lin/ang/drive_left/drive_right/tv_l/tv_r/av_l/av_r/x/y/theta/t_err: 1.57036 0.00000 2.40000 -0.06013 0.05219 -0.46628 0.45533 -0.46628 0.45533 0 0 0.02517 1.57036
fb: -0.00397 0.11211 -0.60255 0.61373
fb: 0.00000 0.15942 -0.60255 0.61373
target: 0.00000 0.39243
dist/lin/ang/drive_left/drive_right/tv_l/tv_r/av_l/av_r/x/y/theta/t_err: 1.55945 0.00000 3.00000 -0.15942 0.15942 -0.49825 0.48614 -0.49825 0.48614 0 0 0.65012 1.55945
fb: -0.00397 0.20659 -0.65514 0.66788
fb: -0.00397 0.24568 -0.65514 0.66788
target: 0.00000 0.47092
dist/lin/ang/drive_left/drive_right/tv_l/tv_r/av_l/av_r/x/y/theta/t_err: 1.53334 0.00000 3.60000 -0.24965 0.24170 -0.53817 0.53097 -0.53817 0.53097 0 0 2.14620 1.53334
fb: 0.00199 0.29090 -0.70772 0.72204
fb: 0.00199 0.34002 -0.70772 0.72204
target: 0.00000 0.54940
dist/lin/ang/drive_left/drive_right/tv_l/tv_r/av_l/av_r/x/y/theta/t_err: 1.49410 0.00000 4.20000 -0.33803 0.34200 -0.55097 0.53831 -0.55097 0.53831 0 0 4.39432 1.49410
fb: 0.00000 0.38384 -0.76031 0.77619
fb: 0.00000 0.42112 -0.76031 0.77619
target: 0.00000 0.62789
dist/lin/ang/drive_left/drive_right/tv_l/tv_r/av_l/av_r/x/y/theta/t_err: 1.44066 0.00000 4.80000 -0.42112 0.42112 -0.54703 0.56175 -0.54703 0.56175 0 0 7.45600 1.44066
fb: -0.00199 0.45951 -0.81289 0.83035
fb: -0.00199 0.50048 -0.81289 0.83035
target: 0.00000 0.70637
dist/lin/ang/drive_left/drive_right/tv_l/tv_r/av_l/av_r/x/y/theta/t_err: 1.37498 0.00000 5.40000 -0.50247 0.49850 -0.57853 0.55850 -0.57853 0.55850 0 0 11.21923 1.37498
fb: 0.00000 0.54027 -0.86548 0.88450
fb: 0.00000 0.57413 -0.86548 0.88450
target: 0.00000 0.78486
dist/lin/ang/drive_left/drive_right/tv_l/tv_r/av_l/av_r/x/y/theta/t_err: 1.29718 0.00000 6.00000 -0.57413 0.57413 -0.52464 0.53969 -0.52464 0.53969 0 0 15.67703 1.29718
fb: -0.00375 0.59872 -0.91807 0.93866
fb: -0.00000 0.61949 -0.91807 0.93866
target: 0.00000 0.78486
dist/lin/ang/drive_left/drive_right/tv_l/tv_r/av_l/av_r/x/y/theta/t_err: 1.20883 0.00000 6.00000 -0.61949 0.61949 -0.65600 0.55472 -0.65600 0.55472 0 0 20.73928 1.20883
fb: 0.00000 0.64213 -0.56488 0.58547
fb: -0.02515 0.67390 -0.56488 0.58547
target: 0.00000 0.78486
dist/lin/ang/drive_left/drive_right/tv_l/tv_r/av_l/av_r/x/y/theta/t_err: 1.11349 0.00000 6.00000 -0.69906 0.64875 -0.56947 0.41428 -0.56947 0.41428 0 0 26.20190 1.11349
fb: -0.04655 0.69787 -0.56488 0.58547
fb: -0.06597 0.71334 -0.56488 0.58547
target: 0.00000 0.78486
dist/lin/ang/drive_left/drive_right/tv_l/tv_r/av_l/av_r/x/y/theta/t_err: 1.00992 0.00000 6.00000 -0.77931 0.64737 -0.46747 0.46833 -0.46747 0.46833 0 0 32.13609 1.00992
fb: -0.09311 0.71954 -0.56488 0.58547
fb: -0.09311 0.72672 -0.56488 0.58547
target: 0.00000 0.78486
dist/lin/ang/drive_left/drive_right/tv_l/tv_r/av_l/av_r/x/y/theta/t_err: 0.90085 0.00000 6.00000 -0.81982 0.63361 -0.53317 0.54600 -0.53317 0.54600 0 0 38.38530 0.90085
fb: -0.08538 0.73598 -0.56488 0.58547
fb: -0.08516 0.75097 -0.56488 0.58547
target: 0.00000 0.73485
dist/lin/ang/drive_left/drive_right/tv_l/tv_r/av_l/av_r/x/y/theta/t_err: 0.78964 0.00000 5.61770 -0.83613 0.66580 -0.54736 0.56006 -0.54736 0.56006 0 0 44.75674 0.78964
fb: -0.08141 0.76560 -0.30633 0.32592
fb: -0.09112 0.78086 -0.30633 0.32592
target: 0.00000 0.60940
dist/lin/ang/drive_left/drive_right/tv_l/tv_r/av_l/av_r/x/y/theta/t_err: 0.67458 0.00000 4.65868 -0.87198 0.68974 -0.49878 0.56142 -0.49878 0.56142 0 0 51.34929 0.67458
fb: -0.09884 0.79841 0.19524 -0.18795
fb: -0.10281 0.80894 0.19524 -0.18795
target: 0.00000 0.47780
dist/lin/ang/drive_left/drive_right/tv_l/tv_r/av_l/av_r/x/y/theta/t_err: 0.55462 0.00000 3.65263 -0.91175 0.70612 -0.24931 0.34272 -0.24931 0.34272 0 0 58.22283 0.55462
fb: -0.11252 0.80573 0.31110 -0.30644
fb: -0.11450 0.79402 0.31110 -0.30644
target: 0.00000 0.34432
dist/lin/ang/drive_left/drive_right/tv_l/tv_r/av_l/av_r/x/y/theta/t_err: 0.43142 0.00000 2.63220 -0.90853 0.67952 0.15725 -0.11736 0.15725 -0.11736 0 0 65.28119 0.43142
fb: -0.11252 0.76992 0.40900 -0.40701
fb: -0.10458 0.71285 0.40900 -0.40701
target: 0.00000 0.21951
dist/lin/ang/drive_left/drive_right/tv_l/tv_r/av_l/av_r/x/y/theta/t_err: 0.31113 0.00000 1.67810 -0.81743 0.60827 0.29258 -0.27222 0.29258 -0.27222 0 0 72.17353 0.31113
fb: -0.08715 0.64959 0.45358 -0.45408
fb: -0.08737 0.58555 0.45358 -0.45408
target: 0.00000 0.11953
dist/lin/ang/drive_left/drive_right/tv_l/tv_r/av_l/av_r/x/y/theta/t_err: 0.20475 0.00000 0.91379 -0.67293 0.49818 0.37389 -0.36106 0.37389 -0.36106 0 0 78.26877 0.20475
fb: -0.10679 0.51435 0.40884 -0.41135
fb: -0.12599 0.44446 0.40884 -0.41135
target: 0.00000 0.04554
dist/lin/ang/drive_left/drive_right/tv_l/tv_r/av_l/av_r/x/y/theta/t_err: 0.11797 0.00000 0.34814 -0.57045 0.31847 0.40619 -0.40842 0.40619 -0.40842 0 0 83.24068 0.11797
fb: -0.14541 0.37618 0.34148 -0.34546
fb: -0.13570 0.30692 0.34148 -0.34546
target: 0.00000 -0.00405
dist/lin/ang/drive_left/drive_right/tv_l/tv_r/av_l/av_r/x/y/theta/t_err: 0.05264 0.00000 -0.03095 -0.44262 0.17122 0.36939 -0.38636 0.36939 -0.38636 0 0 86.98398 0.05264
fb: -0.12997 0.23355 0.26489 -0.26986
fb: -0.13592 0.16032 0.26489 -0.26986
target: 0.00000 -0.03133
dist/lin/ang/drive_left/drive_right/tv_l/tv_r/av_l/av_r/x/y/theta/t_err: 0.00854 0.00000 -0.23947 -0.29625 0.02440 0.31039 -0.32017 0.31039 -0.32017 0 0 89.51050 0.00854
fb: -0.12798 0.09274 0.18275 -0.18827
fb: -0.14343 0.03303 0.18275 -0.18827
target: 0.00000 -0.03445
dist/lin/ang/drive_left/drive_right/tv_l/tv_r/av_l/av_r/x/y/theta/t_err: -0.01348 0.00000 -0.26338 -0.17645 -0.11040 0.24706 -0.24656 0.24706 -0.24656 0 0 90.77246 -0.01348
fb: -0.12997 -0.00927 0.07618 -0.08177
fb: -0.09312 -0.04027 0.07618 -0.08177
target: 0.00000 -0.02149
dist/lin/ang/drive_left/drive_right/tv_l/tv_r/av_l/av_r/x/y/theta/t_err: -0.01713 0.00000 -0.16428 -0.05285 -0.13339 0.16650 -0.16856 0.16650 -0.16856 0 0 90.98146 -0.01713
fb: -0.07370 -0.06675 -0.08296 0.08742
fb: -0.05627 -0.08403 -0.08296 0.08742
final error was -0.57294
position: -0.35288 -1.00502 90.57294
took 0.52000 time to finish turn
target: 0.00000 0.07849
dist/lin/ang/drive_left/drive_right/tv_l/tv_r/av_l/av_r/x/y/theta/t_err: 1.57080 0.00000 0.60000 0.00000 0.00000 0.00017 -0.00017 0.00017 -0.00017 0 0 -0.00024 1.57080
fb: 0.00000 0.00000 -0.44480 0.45126
fb: 0.00000 0.00000 -0.44480 0.45126
target: 0.00000 0.15697
dist/lin/ang/drive_left/drive_right/tv_l/tv_r/av_l/av_r/x/y/theta/t_err: 1.57079 0.00000 1.20000 0.00000 0.00000 -0.09206 0.04842 -0.09206 0.04842 0 0 0.00012 1.57079
fb: 0.00000 0.00000 -0.49738 0.50541
fb: 0.00000 0.00613 -0.49738 0.50541
target: 0.00000 0.23546
dist/lin/ang/drive_left/drive_right/tv_l/tv_r/av_l/av_r/x/y/theta/t_err: 1.57079 0.00000 1.80000 -0.00613 0.00613 -0.39064 0.37936 -0.39064 0.37936 0 0 0.00021 1.57079
fb: 0.00000 0.04118 -0.54997 0.55957
fb: 0.00000 0.09023 -0.54997 0.55957
target: 0.00000 0.31394
dist/lin/ang/drive_left/drive_right/tv_l/tv_r/av_l/av_r/x/y/theta/t_err: 1.56833 0.00000 2.40000 -0.09023 0.09023 -0.46233 0.46217 -0.46233 0.46217 0 0 0.14124 1.56833
fb: 0.00000 0.13824 -0.60255 0.61373
fb: 0.00000 0.19168 -0.60255 0.61373
target: 0.00000 0.39243
dist/lin/ang/drive_left/drive_right/tv_l/tv_r/av_l/av_r/x/y/theta/t_err: 1.55281 0.00000 3.00000 -0.19168 0.19168 -0.51558 0.49603 -0.51558 0.49603 0 0 1.03055 1.55281
fb: 0.00000 0.23425 -0.65514 0.66788
fb: 0.00000 0.27626 -0.65514 0.66788
target: 0.00000 0.47092
dist/lin/ang/drive_left/drive_right/tv_l/tv_r/av_l/av_r/x/y/theta/t_err: 1.52214 0.00000 3.60000 -0.27626 0.27626 -0.57200 0.53933 -0.57200 0.53933 0 0 2.78788 1.52214
fb: 0.00000 0.32079 -0.70772 0.72204
fb: 0.00000 0.36691 -0.70772 0.72204
target: 0.00000 0.54940
dist/lin/ang/drive_left/drive_right/tv_l/tv_r/av_l/av_r/x/y/theta/t_err: 1.47829 0.00000 4.20000 -0.36691 0.36691 -0.62214 0.54689 -0.62214 0.54689 0 0 5.30001 1.47829
fb: 0.00000 0.40781 -0.76031 0.77619
fb: 0.00000 0.44676 -0.76031 0.77619
target: 0.00000 0.62789
dist/lin/ang/drive_left/drive_right/tv_l/tv_r/av_l/av_r/x/y/theta/t_err: 1.42088 0.00000 4.80000 -0.44676 0.44676 -0.66578 0.54703 -0.66578 0.54703 0 0 8.58942 1.42088
fb: 0.00000 0.48759 -0.81289 0.83035
fb: 0.00000 0.52849 -0.81289 0.83035
target: 0.00000 0.70637
dist/lin/ang/drive_left/drive_right/tv_l/tv_r/av_l/av_r/x/y/theta/t_err: 1.35124 0.00000 5.40000 -0.52849 0.52849 -0.66836 0.61206 -0.66836 0.61206 0 0 12.57943 1.35124
fb: 0.00000 0.57044 -0.86548 0.88450
fb: -0.02912 0.60674 -0.86548 0.88450
target: 0.00000 0.78486
dist/lin/ang/drive_left/drive_right/tv_l/tv_r/av_l/av_r/x/y/theta/t_err: 1.26908 0.00000 6.00000 -0.63586 0.57761 -0.69522 0.39525 -0.69522 0.39525 0 0 17.28679 1.26908
fb: -0.06796 0.63558 -0.91807 0.93866
fb: -0.08539 0.66094 -0.91807 0.93866
target: 0.00000 0.78486
dist/lin/ang/drive_left/drive_right/tv_l/tv_r/av_l/av_r/x/y/theta/t_err: 1.17556 0.00000 6.00000 -0.74633 0.57556 -0.63189 0.66972 -0.63189 0.66972 0 0 22.64545 1.17556
fb: -0.10083 0.68721 -0.56488 0.58547
fb: -0.09686 0.71961 -0.56488 0.58547
target: 0.00000 0.78486
dist/lin/ang/drive_left/drive_right/tv_l/tv_r/av_l/av_r/x/y/theta/t_err: 1.07376 0.00000 6.00000 -0.81647 0.62275 -0.61289 0.42536 -0.61289 0.42536 0 0 28.47792 1.07376
fb: -0.09884 0.74839 -0.56488 0.58547
fb: -0.12421 0.75877 -0.56488 0.58547
target: 0.00000 0.78486
dist/lin/ang/drive_left/drive_right/tv_l/tv_r/av_l/av_r/x/y/theta/t_err: 0.96302 0.00000 6.00000 -0.88298 0.63455 -0.53658 0.48747 -0.53658 0.48747 0 0 34.82320 0.96302
fb: -0.12995 0.76176 -0.56488 0.58547
fb: -0.14539 0.76622 -0.56488 0.58547
target: 0.00000 0.78486
dist/lin/ang/drive_left/drive_right/tv_l/tv_r/av_l/av_r/x/y/theta/t_err: 0.84720 0.00000 6.00000 -0.91162 0.62083 -0.54719 0.55419 -0.54719 0.55419 0 0 41.45878 0.84720
fb: -0.15510 0.77877 -0.56488 0.58547
fb: -0.13193 0.79695 -0.56488 0.58547
target: 0.00000 0.66566
dist/lin/ang/drive_left/drive_right/tv_l/tv_r/av_l/av_r/x/y/theta/t_err: 0.72975 0.00000 5.08874 -0.92889 0.66502 -0.54772 0.56142 -0.54772 0.56142 0 0 48.18861 0.72975
fb: -0.12598 0.81597 0.12944 -0.12102
fb: -0.13171 0.83109 0.12944 -0.12102
target: 0.00000 0.53146
dist/lin/ang/drive_left/drive_right/tv_l/tv_r/av_l/av_r/x/y/theta/t_err: 0.60735 0.00000 4.06280 -0.96280 0.69938 -0.38331 0.45892 -0.38331 0.45892 0 0 55.20124 0.60735
fb: -0.12995 0.84057 0.28686 -0.28113
fb: -0.14362 0.83590 0.28686 -0.28113
target: 0.00000 0.39239
dist/lin/ang/drive_left/drive_right/tv_l/tv_r/av_l/av_r/x/y/theta/t_err: 0.48021 0.00000 2.99971 -0.97952 0.69228 0.10267 -0.07664 0.10267 -0.07664 0 0 62.48597 0.48021
fb: -0.14936 0.80517 0.40191 -0.39895
fb: -0.15311 0.74832 0.40191 -0.39895
target: 0.00000 0.25952
dist/lin/ang/drive_left/drive_right/tv_l/tv_r/av_l/av_r/x/y/theta/t_err: 0.35400 0.00000 1.98398 -0.90143 0.59520 0.26539 -0.27394 0.26539 -0.27394 0 0 69.71710 0.35400
fb: -0.15709 0.68408 0.46304 -0.46275
fb: -0.13966 0.61565 0.46304 -0.46275
target: 0.00000 0.15448
dist/lin/ang/drive_left/drive_right/tv_l/tv_r/av_l/av_r/x/y/theta/t_err: 0.24232 0.00000 1.18095 -0.75532 0.47599 0.34289 -0.35300 0.34289 -0.35300 0 0 76.11631 0.24232
fb: -0.13569 0.53685 0.40822 -0.41002
fb: -0.14916 0.46104 0.40822 -0.41002
target: 0.00000 0.07724
dist/lin/ang/drive_left/drive_right/tv_l/tv_r/av_l/av_r/x/y/theta/t_err: 0.15144 0.00000 0.59050 -0.61020 0.31189 0.37147 -0.39047 0.37147 -0.39047 0 0 81.32323 0.15144
fb: -0.15136 0.39234 0.33483 -0.33818
fb: -0.14364 0.32643 0.33483 -0.33818
target: 0.00000 0.02627
dist/lin/ang/drive_left/drive_right/tv_l/tv_r/av_l/av_r/x/y/theta/t_err: 0.08350 0.00000 0.20085 -0.47008 0.18279 0.35078 -0.37233 0.35078 -0.37233 0 0 85.21553 0.08350
fb: -0.13570 0.25808 0.25078 -0.25515
fb: -0.12997 0.18924 0.25078 -0.25515
target: 0.00000 -0.00489
dist/lin/ang/drive_left/drive_right/tv_l/tv_r/av_l/av_r/x/y/theta/t_err: 0.03624 0.00000 -0.03736 -0.31921 0.05927 0.29292 -0.30372 0.29292 -0.30372 0 0 87.92379 0.03624
fb: -0.13195 0.12186 0.18252 -0.18751
fb: -0.13173 0.06062 0.18252 -0.18751
target: 0.00000 -0.01379
dist/lin/ang/drive_left/drive_right/tv_l/tv_r/av_l/av_r/x/y/theta/t_err: 0.00982 0.00000 -0.10543 -0.19235 -0.07112 0.23031 -0.22606 0.23031 -0.22606 0 0 89.43755 0.00982
fb: -0.11827 0.01491 0.08833 -0.09350
fb: -0.09709 -0.01881 0.08833 -0.09350
target: 0.00000 -0.00485
dist/lin/ang/drive_left/drive_right/tv_l/tv_r/av_l/av_r/x/y/theta/t_err: 0.00210 0.00000 -0.03706 -0.07828 -0.11590 0.15519 -0.14375 0.15519 -0.14375 0 0 89.87990 0.00210
fb: -0.08517 -0.04606 -0.07602 0.08081
fb: -0.07171 -0.06361 -0.07602 0.08081
final error was 0.33927
position: -0.59762 -1.22747 89.66073
took 0.50000 time to finish turn
target: 0.00000 0.07849
dist/lin/ang/drive_left/drive_right/tv_l/tv_r/av_l/av_r/x/y/theta/t_err: 1.57080 0.00000 0.60000 0.00000 0.00000 0.00000 0.00017 0.00000 0.00017 0 0 -0.00002 1.57080
fb: 0.00000 0.00000 -0.44480 0.45126
fb: 0.00000 0.00000 -0.44480 0.45126
target: 0.00000 0.15697
dist/lin/ang/drive_left/drive_right/tv_l/tv_r/av_l/av_r/x/y/theta/t_err: 1.57080 0.00000 1.20000 0.00000 0.00000 -0.03747 0.07411 -0.03747 0.07411 0 0 -0.00018 1.57080
fb: 0.00000 0.00000 -0.49738 0.50541
fb: 0.00000 0.01380 -0.49738 0.50541
target: 0.00000 0.23546
dist/lin/ang/drive_left/drive_right/tv_l/tv_r/av_l/av_r/x/y/theta/t_err: 1.57082 0.00000 1.80000 -0.01380 0.01380 -0.35986 0.38447 -0.35986 0.38447 0 0 -0.00153 1.57082
fb: 0.00000 0.05846 -0.54997 0.55957
fb: 0.00000 0.11260 -0.54997 0.55957
target: 0.00000 0.31394
dist/lin/ang/drive_left/drive_right/tv_l/tv_r/av_l/av_r/x/y/theta/t_err: 1.56667 0.00000 2.40000 -0.11260 0.11260 -0.45308 0.44233 -0.45308 0.44233 0 0 0.23635 1.56667
fb: 0.00000 0.16423 -0.60255 0.61373
fb: 0.00000 0.20715 -0.60255 0.61373
target: 0.00000 0.39243
dist/lin/ang/drive_left/drive_right/tv_l/tv_r/av_l/av_r/x/y/theta/t_err: 1.54757 0.00000 3.00000 -0.20715 0.20715 -0.49347 0.48886 -0.49347 0.48886 0 0 1.33064 1.54757
fb: 0.00000 0.24958 -0.65514 0.66788
fb: 0.00000 0.29452 -0.65514 0.66788
target: 0.00000 0.47092
dist/lin/ang/drive_left/drive_right/tv_l/tv_r/av_l/av_r/x/y/theta/t_err: 1.51438 0.00000 3.60000 -0.29452 0.29452 -0.51744 0.53214 -0.51744 0.53214 0 0 3.23216 1.51438
fb: 0.00000 0.34294 -0.70772 0.72204
fb: 0.00000 0.38294 -0.70772 0.72204
target: 0.00000 0.54940
dist/lin/ang/drive_left/drive_right/tv_l/tv_r/av_l/av_r/x/y/theta/t_err: 1.46759 0.00000 4.20000 -0.38294 0.38294 -0.52614 0.52925 -0.52614 0.52925 0 0 5.91319 1.46759
fb: 0.00000 0.41673 -0.76031 0.77619
fb: 0.00000 0.45185 -0.76031 0.77619
target: 0.00000 0.62789
dist/lin/ang/drive_left/drive_right/tv_l/tv_r/av_l/av_r/x/y/theta/t_err: 1.40800 0.00000 4.80000 -0.45185 0.45185 -0.56158 0.56758 -0.56158 0.56758 0 0 9.32769 1.40800
fb: 0.00000 0.49365 -0.81289 0.83035
fb: 0.00000 0.53386 -0.81289 0.83035
target: 0.00000 0.70637
dist/lin/ang/drive_left/drive_right/tv_l/tv_r/av_l/av_r/x/y/theta/t_err: 1.33746 0.00000 5.40000 -0.53386 0.53386 -0.61786 0.53678 -0.61786 0.53678 0 0 13.36943 1.33746
fb: 0.00000 0.56479 -0.86548 0.88450
fb: 0.00199 0.59008 -0.86548 0.88450
target: 0.00000 0.78486
dist/lin/ang/drive_left/drive_right/tv_l/tv_r/av_l/av_r/x/y/theta/t_err: 1.25500 0.00000 6.00000 -0.58810 0.59207 -0.45139 0.53456 -0.45139 0.53456 0 0 18.09354 1.25500
fb: 0.00199 0.62144 -0.91807 0.93866
fb: 0.00000 0.63705 -0.91807 0.93866
target: 0.00000 0.78486
dist/lin/ang/drive_left/drive_right/tv_l/tv_r/av_l/av_r/x/y/theta/t_err: 1.16370 0.00000 6.00000 -0.63705 0.63705 -0.58706 0.48733 -0.58706 0.48733 0 0 23.32467 1.16370
fb: 0.00000 0.64875 -0.56488 0.58547
fb: 0.00000 0.66728 -0.56488 0.58547
target: 0.00000 0.78486
dist/lin/ang/drive_left/drive_right/tv_l/tv_r/av_l/av_r/x/y/theta/t_err: 1.06610 0.00000 6.00000 -0.66728 0.66728 -0.64833 0.52647 -0.64833 0.52647 0 0 28.91712 1.06610
fb: 0.00000 0.68979 -0.56488 0.58547
fb: -0.00397 0.71411 -0.56488 0.58547
target: 0.00000 0.78486
dist/lin/ang/drive_left/drive_right/tv_l/tv_r/av_l/av_r/x/y/theta/t_err: 0.96355 0.00000 6.00000 -0.71808 0.71014 -0.45344 0.46850 -0.45344 0.46850 0 0 34.79291 0.96355
fb: -0.03111 0.72630 -0.56488 0.58547
fb: -0.06001 0.73369 -0.56488 0.58547
target: 0.00000 0.78486
dist/lin/ang/drive_left/drive_right/tv_l/tv_r/av_l/av_r/x/y/theta/t_err: 0.85434 0.00000 6.00000 -0.79370 0.67367 -0.52683 0.54758 -0.52683 0.54758 0 0 41.04992 0.85434
fb: -0.06023 0.74588 -0.56488 0.58547
fb: -0.06023 0.75682 -0.56488 0.58547
target: 0.00000 0.68310
dist/lin/ang/drive_left/drive_right/tv_l/tv_r/av_l/av_r/x/y/theta/t_err: 0.74188 0.00000 5.22206 -0.81705 0.69659 -0.54636 0.56244 -0.54636 0.56244 0 0 47.49319 0.74188
fb: -0.07170 0.77013 0.03928 0.05733
fb: -0.07943 0.78887 0.03928 0.05733
target: 0.00000 0.55690
dist/lin/ang/drive_left/drive_right/tv_l/tv_r/av_l/av_r/x/y/theta/t_err: 0.62586 0.00000 4.25729 -0.86829 0.70944 -0.54669 0.39406 -0.54669 0.39406 0 0 54.14089 0.62586
fb: -0.08913 0.80754 0.23381 -0.22756
fb: -0.10083 0.80343 0.23381 -0.22756
target: 0.00000 0.42399
dist/lin/ang/drive_left/drive_right/tv_l/tv_r/av_l/av_r/x/y/theta/t_err: 0.50479 0.00000 3.24129 -0.90426 0.70261 0.00103 0.00614 0.00103 0.00614 0 0 61.07773 0.50479
fb: -0.10480 0.78727 0.35301 -0.34942
fb: -0.09509 0.73619 0.35301 -0.34942
target: 0.00000 0.29386
dist/lin/ang/drive_left/drive_right/tv_l/tv_r/av_l/av_r/x/y/theta/t_err: 0.38278 0.00000 2.24648 -0.83128 0.64110 0.20639 -0.20669 0.20639 -0.20669 0 0 68.06823 0.38278
fb: -0.08516 0.66164 0.42773 -0.42674
fb: -0.10083 0.59503 0.42773 -0.42674
target: 0.00000 0.18974
dist/lin/ang/drive_left/drive_right/tv_l/tv_r/av_l/av_r/x/y/theta/t_err: 0.27351 0.00000 1.45051 -0.69586 0.49420 0.31911 -0.31894 0.31911 -0.31894 0 0 74.32912 0.27351
fb: -0.12224 0.52333 0.38044 -0.38154
fb: -0.12400 0.45282 0.38044 -0.38154
target: 0.00000 0.11579
dist/lin/ang/drive_left/drive_right/tv_l/tv_r/av_l/av_r/x/y/theta/t_err: 0.18541 0.00000 0.88518 -0.57683 0.32882 0.37953 -0.36533 0.37953 -0.36533 0 0 79.37661 0.18541
fb: -0.13967 0.38078 0.29422 -0.29680
fb: -0.14364 0.31298 0.29422 -0.29680
target: 0.00000 0.06515
dist/lin/ang/drive_left/drive_right/tv_l/tv_r/av_l/av_r/x/y/theta/t_err: 0.11894 0.00000 0.49803 -0.45663 0.16934 0.34942 -0.33347 0.34942 -0.33347 0 0 83.18552 0.11894
fb: -0.12224 0.24407 0.22327 -0.22686
fb: -0.11629 0.17461 0.22327 -0.22686
target: 0.00000 0.03675
dist/lin/ang/drive_left/drive_right/tv_l/tv_r/av_l/av_r/x/y/theta/t_err: 0.07374 0.00000 0.28091 -0.29089 0.05832 0.26642 -0.25753 0.26642 -0.25753 0 0 85.77509 0.07374
fb: -0.11430 0.10584 0.14221 -0.14637
fb: -0.11055 0.05184 0.14221 -0.14637
target: 0.00000 0.03053
dist/lin/ang/drive_left/drive_right/tv_l/tv_r/av_l/av_r/x/y/theta/t_err: 0.04964 0.00000 0.23336 -0.16239 -0.05871 0.19694 -0.18717 0.19694 -0.18717 0 0 87.15598 0.04964
fb: -0.10084 0.00996 0.04656 -0.05085
fb: -0.07966 -0.02453 0.04656 -0.05085
target: 0.00000 0.03982
dist/lin/ang/drive_left/drive_right/tv_l/tv_r/av_l/av_r/x/y/theta/t_err: 0.04317 0.00000 0.30442 -0.05513 -0.10418 0.11669 -0.10781 0.11669 -0.10781 0 0 87.52648 0.04317
fb: -0.05627 -0.04926 -0.10753 0.11322
fb: -0.04457 -0.05867 -0.10753 0.11322
target: 0.00000 0.05474
dist/lin/ang/drive_left/drive_right/tv_l/tv_r/av_l/av_r/x/y/theta/t_err: 0.04773 0.00000 0.41850 0.01409 -0.10324 0.01094 0.00100 0.01094 0.00100 0 0 87.26537 0.04773
fb: -0.04082 -0.05720 -0.14285 0.14884
fb: -0.04656 -0.05170 -0.14285 0.14884
target: 0.00000 0.06797
dist/lin/ang/drive_left/drive_right/tv_l/tv_r/av_l/av_r/x/y/theta/t_err: 0.05654 0.00000 0.51959 0.00514 -0.09826 -0.09733 0.10128 -0.09733 0.10128 0 0 86.76075 0.05654
fb: -0.04259 -0.04550 -0.14407 0.15032
fb: -0.02714 -0.03762 -0.14407 0.15032
target: 0.00000 0.07503
dist/lin/ang/drive_left/drive_right/tv_l/tv_r/av_l/av_r/x/y/theta/t_err: 0.06420 0.00000 0.57361 0.01048 -0.06477 -0.13500 0.13414 -0.13500 0.13414 0 0 86.32184 0.06420
fb: -0.01169 -0.02439 -0.12110 0.12749
fb: 0.00000 -0.00474 -0.12110 0.12749
target: 0.00000 0.07821
dist/lin/ang/drive_left/drive_right/tv_l/tv_r/av_l/av_r/x/y/theta/t_err: 0.06935 0.00000 0.59788 0.00474 -0.00474 -0.13208 0.13311 -0.13208 0.13311 0 0 86.02628 0.06935
fb: -0.00177 0.02696 -0.10571 0.11217
fb: -0.00574 0.04815 -0.10571 0.11217
target: 0.00000 0.07230
dist/lin/ang/drive_left/drive_right/tv_l/tv_r/av_l/av_r/x/y/theta/t_err: 0.06876 0.00000 0.55273 -0.05388 0.04241 -0.10881 0.11036 -0.10881 0.11036 0 0 86.06060 0.06876
fb: -0.00794 0.05330 -0.06089 0.06723
fb: -0.00397 0.05539 -0.06089 0.06723
target: 0.00000 0.05822
dist/lin/ang/drive_left/drive_right/tv_l/tv_r/av_l/av_r/x/y/theta/t_err: 0.06135 0.00000 0.44508 -0.05936 0.05142 -0.08758 0.09172 -0.08758 0.09172 0 0 86.48498 0.06135
fb: 0.00000 0.05776 0.06338 -0.06711
fb: 0.00000 0.05665 0.06338 -0.06711
target: 0.00000 0.04805
dist/lin/ang/drive_left/drive_right/tv_l/tv_r/av_l/av_r/x/y/theta/t_err: 0.05277 0.00000 0.36734 -0.05665 0.05665 -0.01714 0.03117 -0.01714 0.03117 0 0 86.97668 0.05277
fb: 0.00000 0.05100 0.05259 -0.05652
fb: 0.00000 0.04285 0.05259 -0.05652
target: 0.00000 0.03931
dist/lin/ang/drive_left/drive_right/tv_l/tv_r/av_l/av_r/x/y/theta/t_err: 0.04436 0.00000 0.30048 -0.04285 0.04285 0.05200 -0.05050 0.05200 -0.05050 0 0 87.45831 0.04436
fb: 0.00000 0.03317 0.05204 -0.05615
fb: 0.00000 0.02487 0.05204 -0.05615
target: 0.00000 0.03486
dist/lin/ang/drive_left/drive_right/tv_l/tv_r/av_l/av_r/x/y/theta/t_err: 0.03821 0.00000 0.26648 -0.02487 0.02487 0.05183 -0.05183 0.05183 -0.05183 0 0 87.81061 0.03821
fb: 0.00000 0.01651 -0.04236 0.04795
fb: 0.00000 0.00648 -0.04236 0.04795
target: 0.00000 0.03363
dist/lin/ang/drive_left/drive_right/tv_l/tv_r/av_l/av_r/x/y/theta/t_err: 0.03474 0.00000 0.25710 -0.00648 0.00648 0.01900 -0.02961 0.01900 -0.02961 0 0 88.00951 0.03474
fb: 0.00000 -0.00369 -0.05603 0.06160
fb: 0.00000 -0.01003 -0.05603 0.06160
target: 0.00000 0.03565
dist/lin/ang/drive_left/drive_right/tv_l/tv_r/av_l/av_r/x/y/theta/t_err: 0.03416 0.00000 0.27257 0.01003 -0.01003 -0.04106 0.04089 -0.04106 0.04089 0 0 88.04302 0.03416
fb: 0.00000 -0.01373 -0.07202 0.07762
fb: -0.00375 -0.01603 -0.07202 0.07762
final error was 2.05329
position: -0.24444 -0.88317 87.94671
took 0.72000 time to finish turn
target: 0.00000 0.07849
dist/lin/ang/drive_left/drive_right/tv_l/tv_r/av_l/av_r/x/y/theta/t_err: 1.57079 0.00000 0.60000 0.00000 0.00000 -0.00017 0.00000 -0.00017 0.00000 0 0 0.00031 1.57079
fb: 0.00000 0.00000 -0.44480 0.45126
fb: 0.00000 0.00000 -0.44480 0.45126
target: 0.00000 0.15697
dist/lin/ang/drive_left/drive_right/tv_l/tv_r/av_l/av_r/x/y/theta/t_err: 1.57078 0.00000 1.20000 0.00000 0.00000 -0.05631 0.03783 -0.05631 0.03783 0 0 0.00068 1.57078
fb: 0.00000 0.00000 -0.49738 0.50541
fb: 0.00000 0.01289 -0.49738 0.50541
target: 0.00000 0.23546
dist/lin/ang/drive_left/drive_right/tv_l/tv_r/av_l/av_r/x/y/theta/t_err: 1.57081 0.00000 1.80000 -0.01289 0.01289 -0.38086 0.36069 -0.38086 0.36069 0 0 -0.00058 1.57081
fb: 0.00000 0.05400 -0.54997 0.55957
fb: 0.00000 0.10821 -0.54997 0.55957
target: 0.00000 0.31394
dist/lin/ang/drive_left/drive_right/tv_l/tv_r/av_l/av_r/x/y/theta/t_err: 1.56697 0.00000 2.40000 -0.10821 0.10821 -0.44678 0.44539 -0.44678 0.44539 0 0 0.21938 1.56697
fb: 0.00000 0.15872 -0.60255 0.61373
fb: 0.00000 0.20255 -0.60255 0.61373
target: 0.00000 0.39243
dist/lin/ang/drive_left/drive_right/tv_l/tv_r/av_l/av_r/x/y/theta/t_err: 1.54861 0.00000 3.00000 -0.20255 0.20255 -0.47725 0.45806 -0.47725 0.45806 0 0 1.27117 1.54861
fb: 0.00000 0.24275 -0.65514 0.66788
fb: 0.00000 0.28024 -0.65514 0.66788
target: 0.00000 0.47092
dist/lin/ang/drive_left/drive_right/tv_l/tv_r/av_l/av_r/x/y/theta/t_err: 1.51624 0.00000 3.60000 -0.28024 0.28024 -0.53231 0.47825 -0.53231 0.47825 0 0 3.12556 1.51624
fb: 0.00000 0.31751 -0.70772 0.72204
fb: 0.00000 0.35235 -0.70772 0.72204
target: 0.00000 0.54940
dist/lin/ang/drive_left/drive_right/tv_l/tv_r/av_l/av_r/x/y/theta/t_err: 1.47210 0.00000 4.20000 -0.35235 0.35235 -0.54344 0.50478 -0.54344 0.50478 0 0 5.65495 1.47210
fb: 0.00000 0.38719 -0.76031 0.77619
fb: 0.00000 0.42509 -0.76031 0.77619
target: 0.00000 0.62789
dist/lin/ang/drive_left/drive_right/tv_l/tv_r/av_l/av_r/x/y/theta/t_err: 1.41706 0.00000 4.80000 -0.42509 0.42509 -0.57544 0.54275 -0.57544 0.54275 0 0 8.80859 1.41706
fb: 0.00000 0.46446 -0.81289 0.83035
fb: 0.00000 0.50006 -0.81289 0.83035
target: 0.00000 0.70637
dist/lin/ang/drive_left/drive_right/tv_l/tv_r/av_l/av_r/x/y/theta/t_err: 1.35074 0.00000 5.40000 -0.50006 0.50006 -0.55750 0.53539 -0.55750 0.53539 0 0 12.60812 1.35074
fb: 0.00000 0.53734 -0.86548 0.88450
fb: -0.02118 0.56932 -0.86548 0.88450
target: 0.00000 0.78486
dist/lin/ang/drive_left/drive_right/tv_l/tv_r/av_l/av_r/x/y/theta/t_err: 1.27305 0.00000 6.00000 -0.59050 0.54814 -0.54822 0.50700 -0.54822 0.50700 0 0 17.05970 1.27305
fb: -0.04832 0.59698 -0.91807 0.93866
fb: -0.05251 0.62067 -0.91807 0.93866
target: 0.00000 0.78486
dist/lin/ang/drive_left/drive_right/tv_l/tv_r/av_l/av_r/x/y/theta/t_err: 1.18522 0.00000 6.00000 -0.67318 0.56816 -0.53864 0.52839 -0.53864 0.52839 0 0 22.09175 1.18522
fb: -0.04854 0.64833 -0.56488 0.58547
fb: -0.06001 0.67467 -0.56488 0.58547
target: 0.00000 0.78486
dist/lin/ang/drive_left/drive_right/tv_l/tv_r/av_l/av_r/x/y/theta/t_err: 1.08949 0.00000 6.00000 -0.73468 0.61466 -0.46628 0.41903 -0.46628 0.41903 0 0 27.57704 1.08949
fb: -0.06796 0.69272 -0.56488 0.58547
fb: -0.05825 0.69878 -0.56488 0.58547
target: 0.00000 0.78486
dist/lin/ang/drive_left/drive_right/tv_l/tv_r/av_l/av_r/x/y/theta/t_err: 0.98598 0.00000 6.00000 -0.75703 0.64053 -0.47003 0.54053 -0.47003 0.54053 0 0 33.50730 0.98598
fb: -0.05030 0.70693 -0.56488 0.58547
fb: -0.04060 0.71968 -0.56488 0.58547
target: 0.00000 0.78486
dist/lin/ang/drive_left/drive_right/tv_l/tv_r/av_l/av_r/x/y/theta/t_err: 0.87911 0.00000 6.00000 -0.76028 0.67908 -0.54119 0.55919 -0.54119 0.55919 0 0 39.63094 0.87911
fb: -0.04280 0.73752 -0.56488 0.58547
fb: -0.05626 0.75640 -0.56488 0.58547
target: 0.00000 0.71312
dist/lin/ang/drive_left/drive_right/tv_l/tv_r/av_l/av_r/x/y/theta/t_err: 0.76857 0.00000 5.45160 -0.81266 0.70014 -0.54703 0.56294 -0.54703 0.56294 0 0 45.96443 0.76857
fb: -0.07170 0.77284 -0.19400 0.21316
fb: -0.07943 0.79402 -0.19400 0.21316
target: 0.00000 0.58519
dist/lin/ang/drive_left/drive_right/tv_l/tv_r/av_l/av_r/x/y/theta/t_err: 0.65255 0.00000 4.47359 -0.87345 0.71460 -0.48322 0.52531 -0.48322 0.52531 0 0 52.61146 0.65255
fb: -0.06972 0.81047 0.22264 -0.21583
fb: -0.06420 0.80803 0.22264 -0.21583
target: 0.00000 0.45081
dist/lin/ang/drive_left/drive_right/tv_l/tv_r/av_l/av_r/x/y/theta/t_err: 0.53074 0.00000 3.44627 -0.87223 0.74383 -0.15211 0.21594 -0.15211 0.21594 0 0 59.59095 0.53074
fb: -0.07170 0.80023 0.34171 -0.33759
fb: -0.07170 0.78566 0.34171 -0.33759
target: 0.00000 0.31924
dist/lin/ang/drive_left/drive_right/tv_l/tv_r/av_l/av_r/x/y/theta/t_err: 0.40766 0.00000 2.44046 -0.85737 0.71396 0.20656 -0.14989 0.20656 -0.14989 0 0 66.64295 0.40766
fb: -0.07192 0.72937 0.41720 -0.41571
fb: -0.07744 0.64680 0.41720 -0.41571
target: 0.00000 0.20026
dist/lin/ang/drive_left/drive_right/tv_l/tv_r/av_l/av_r/x/y/theta/t_err: 0.29037 0.00000 1.53093 -0.72424 0.56936 0.32544 -0.29344 0.32544 -0.29344 0 0 73.36323 0.29037
fb: -0.08142 0.56549 0.44024 -0.44113
fb: -0.10083 0.47115 0.44024 -0.44113
target: 0.00000 0.11826
dist/lin/ang/drive_left/drive_right/tv_l/tv_r/av_l/av_r/x/y/theta/t_err: 0.19448 0.00000 0.90410 -0.57198 0.37031 0.38328 -0.36925 0.38328 -0.36925 0 0 78.85707 0.19448
fb: -0.11054 0.38092 0.32877 -0.33130
fb: -0.10282 0.30002 0.32877 -0.33130
target: 0.00000 0.07041
dist/lin/ang/drive_left/drive_right/tv_l/tv_r/av_l/av_r/x/y/theta/t_err: 0.12580 0.00000 0.53826 -0.40285 0.19720 0.35678 -0.39047 0.35678 -0.39047 0 0 82.79202 0.12580
fb: -0.09113 0.22666 0.20720 -0.21068
fb: -0.06796 0.15705 0.20720 -0.21068
target: 0.00000 0.04807
dist/lin/ang/drive_left/drive_right/tv_l/tv_r/av_l/av_r/x/y/theta/t_err: 0.08266 0.00000 0.36750 -0.22501 0.08909 0.26592 -0.31636 0.26592 -0.31636 0 0 85.26412 0.08266
fb: -0.05031 0.09030 0.10733 -0.11127
fb: -0.04457 0.02571 0.10733 -0.11127
target: 0.00000 0.04502
dist/lin/ang/drive_left/drive_right/tv_l/tv_r/av_l/av_r/x/y/theta/t_err: 0.06111 0.00000 0.34415 -0.07028 -0.01886 0.16733 -0.19933 0.16733 -0.19933 0 0 86.49872 0.06111
fb: -0.04281 -0.02306 -0.05544 0.06123
fb: -0.04855 -0.04717 -0.05544 0.06123
target: 0.00000 0.06027
dist/lin/ang/drive_left/drive_right/tv_l/tv_r/av_l/av_r/x/y/theta/t_err: 0.05884 0.00000 0.46078 -0.00137 -0.09572 0.06758 -0.09514 0.06758 -0.09514 0 0 86.62850 0.05884
fb: -0.04832 -0.05156 -0.14806 0.15416
fb: -0.04457 -0.04424 -0.14806 0.15416
target: 0.00000 0.07651
dist/lin/ang/drive_left/drive_right/tv_l/tv_r/av_l/av_r/x/y/theta/t_err: 0.06601 0.00000 0.58489 -0.00033 -0.08882 -0.06367 0.06794 -0.06367 0.06794 0 0 86.21772 0.06601
fb: -0.04281 -0.03240 -0.16334 0.16977
fb: -0.02714 -0.02090 -0.16334 0.16977
target: 0.00000 0.08234
dist/lin/ang/drive_left/drive_right/tv_l/tv_r/av_l/av_r/x/y/theta/t_err: 0.07229 0.00000 0.62944 -0.00624 -0.04804 -0.13517 0.13842 -0.13517 0.13842 0 0 85.85825 0.07229
fb: -0.01147 -0.00975 -0.12041 0.12695
fb: -0.00375 0.00968 -0.12041 0.12695
target: 0.00000 0.08203
dist/lin/ang/drive_left/drive_right/tv_l/tv_r/av_l/av_r/x/y/theta/t_err: 0.07504 0.00000 0.62712 -0.01344 0.00593 -0.14492 0.14031 -0.14492 0.14031 0 0 85.70043 0.07504
fb: 0.00000 0.03268 -0.09262 0.09915
fb: 0.00000 0.05093 -0.09262 0.09915
target: 0.00000 0.07483
dist/lin/ang/drive_left/drive_right/tv_l/tv_r/av_l/av_r/x/y/theta/t_err: 0.07267 0.00000 0.57204 -0.05093 0.05093 -0.10900 0.10708 -0.10900 0.10708 0 0 85.83628 0.07267
fb: 0.00000 0.05811 -0.05673 0.06312
fb: -0.00397 0.05679 -0.05673 0.06312
target: 0.00000 0.06139
dist/lin/ang/drive_left/drive_right/tv_l/tv_r/av_l/av_r/x/y/theta/t_err: 0.06477 0.00000 0.46930 -0.06076 0.05281 -0.07839 0.07925 -0.07839 0.07925 0 0 86.28907 0.06477
fb: -0.00397 0.05449 0.05837 -0.06203
fb: 0.00000 0.04926 0.05837 -0.06203
target: 0.00000 0.05158
dist/lin/ang/drive_left/drive_right/tv_l/tv_r/av_l/av_r/x/y/theta/t_err: 0.05614 0.00000 0.39435 -0.04926 0.04926 -0.03986 0.03219 -0.03986 0.03219 0 0 86.78337 0.05614
fb: 0.00000 0.04194 0.04858 -0.05244
fb: 0.00000 0.03275 0.04858 -0.05244
target: 0.00000 0.04518
dist/lin/ang/drive_left/drive_right/tv_l/tv_r/av_l/av_r/x/y/theta/t_err: 0.04890 0.00000 0.34537 -0.03275 0.03275 0.04311 -0.04997 0.04311 -0.04997 0 0 87.19838 0.04890
fb: 0.00000 0.02278 -0.04046 0.04626
fb: 0.00000 0.01296 -0.04046 0.04626
target: 0.00000 0.04269
dist/lin/ang/drive_left/drive_right/tv_l/tv_r/av_l/av_r/x/y/theta/t_err: 0.04428 0.00000 0.32638 -0.01296 0.01296 0.03306 -0.03114 0.03306 -0.03114 0 0 87.46279 0.04428
fb: 0.00000 0.00383 -0.05645 0.06220
fb: 0.00000 -0.00488 -0.05645 0.06220
target: 0.00000 0.04368
dist/lin/ang/drive_left/drive_right/tv_l/tv_r/av_l/av_r/x/y/theta/t_err: 0.04264 0.00000 0.33395 0.00488 -0.00488 -0.03781 0.03800 -0.03781 0.03800 0 0 87.55665 0.04264
fb: 0.00000 -0.01136 -0.07275 0.07851
fb: 0.00000 -0.01589 -0.07275 0.07851
target: 0.00000 0.04714
dist/lin/ang/drive_left/drive_right/tv_l/tv_r/av_l/av_r/x/y/theta/t_err: 0.04363 0.00000 0.36036 0.01589 -0.01589 -0.05203 0.05989 -0.05203 0.05989 0 0 87.49995 0.04363
fb: 0.00000 -0.01839 -0.08615 0.09199
fb: 0.00000 -0.01658 -0.08615 0.09199
target: 0.00000 0.05134
dist/lin/ang/drive_left/drive_right/tv_l/tv_r/av_l/av_r/x/y/theta/t_err: 0.04622 0.00000 0.39248 0.01658 -0.01658 -0.06964 0.07206 -0.06964 0.07206 0 0 87.35181 0.04622
fb: 0.00000 -0.00293 -0.09233 0.09825
fb: 0.00000 0.01338 -0.09233 0.09825
target: 0.00000 0.05274
dist/lin/ang/drive_left/drive_right/tv_l/tv_r/av_l/av_r/x/y/theta/t_err: 0.04813 0.00000 0.40318 -0.01338 0.01338 -0.07697 0.08108 -0.07697 0.08108 0 0 87.24252 0.04813
fb: 0.00000 0.02160 -0.08066 0.08661
fb: 0.00000 0.02362 -0.08066 0.08661
target: 0.00000 0.04655
dist/lin/ang/drive_left/drive_right/tv_l/tv_r/av_l/av_r/x/y/theta/t_err: 0.04588 0.00000 0.35583 -0.02362 0.02362 -0.08128 0.08131 -0.08128 0.08131 0 0 87.37151 0.04588
fb: 0.00000 0.02216 -0.04234 0.04816
fb: 0.00000 0.01937 -0.04234 0.04816
target: 0.00000 0.04163
dist/lin/ang/drive_left/drive_right/tv_l/tv_r/av_l/av_r/x/y/theta/t_err: 0.04234 0.00000 0.31825 -0.01937 0.01937 -0.06758 0.07139 -0.06758 0.07139 0 0 87.57391 0.04234
fb: 0.00000 0.01651 -0.04479 0.05052
fb: 0.00000 0.01254 -0.04479 0.05052
target: 0.00000 0.03919
dist/lin/ang/drive_left/drive_right/tv_l/tv_r/av_l/av_r/x/y/theta/t_err: 0.03947 0.00000 0.29961 -0.01254 0.01254 -0.04158 0.04311 -0.04158 0.04311 0 0 87.73847 0.03947
fb: 0.00000 0.00634 -0.05431 0.05999
fb: 0.00000 0.00160 -0.05431 0.05999
target: 0.00000 0.03861
dist/lin/ang/drive_left/drive_right/tv_l/tv_r/av_l/av_r/x/y/theta/t_err: 0.03784 0.00000 0.29516 -0.00160 0.00160 -0.04331 0.04708 -0.04331 0.04708 0 0 87.83164 0.03784
fb: 0.00000 -0.00139 -0.06227 0.06794
fb: 0.00000 -0.00265 -0.06227 0.06794
target: 0.00000 0.03988
dist/lin/ang/drive_left/drive_right/tv_l/tv_r/av_l/av_r/x/y/theta/t_err: 0.03773 0.00000 0.30483 0.00265 -0.00265 -0.05017 0.04878 -0.05017 0.04878 0 0 87.83813 0.03773
fb: 0.00000 -0.00167 -0.07143 0.07713
fb: 0.00000 0.00000 -0.07143 0.07713
final error was 2.18626
position: -0.33192 -0.67086 87.81374
took 0.84000 time to finish turn
decreased to 45.00000
decreased to 0.00000
increased to 45.00000
target: 0.00000 0.07849
dist/lin/ang/drive_left/drive_right/tv_l/tv_r/av_l/av_r/x/y/theta/t_err: 0.78540 0.00000 0.60000 0.00000 0.00000 -0.00000 -0.00033 -0.00000 -0.00033 0 0 -0.00024 0.78540
fb: 0.00000 0.00000 -0.44480 0.45126
fb: 0.00000 0.00000 -0.44480 0.45126
target: 0.00000 0.15697
dist/lin/ang/drive_left/drive_right/tv_l/tv_r/av_l/av_r/x/y/theta/t_err: 0.78541 0.00000 1.20000 0.00000 0.00000 -0.06264 0.07206 -0.06264 0.07206 0 0 -0.00061 0.78541
fb: 0.00000 0.00070 -0.49738 0.50541
fb: 0.00000 0.01832 -0.49738 0.50541
target: 0.00000 0.23546
dist/lin/ang/drive_left/drive_right/tv_l/tv_r/av_l/av_r/x/y/theta/t_err: 0.78542 0.00000 1.80000 -0.01832 0.01832 -0.36411 0.38789 -0.36411 0.38789 0 0 -0.00149 0.78542
fb: 0.00000 0.05915 -0.54997 0.55957
fb: 0.00000 0.11071 -0.54997 0.55957
target: 0.00000 0.31394
dist/lin/ang/drive_left/drive_right/tv_l/tv_r/av_l/av_r/x/y/theta/t_err: 0.78087 0.00000 2.40000 -0.11071 0.11071 -0.45311 0.45342 -0.45311 0.45342 0 0 0.25928 0.78087
fb: 0.00000 0.16193 -0.60255 0.61373
fb: 0.00000 0.21042 -0.60255 0.61373
target: 0.00000 0.39243
dist/lin/ang/drive_left/drive_right/tv_l/tv_r/av_l/av_r/x/y/theta/t_err: 0.76206 0.00000 3.00000 -0.21042 0.21042 -0.46664 0.47450 -0.46664 0.47450 0 0 1.33722 0.76206
fb: 0.00000 0.25195 -0.65514 0.66788
fb: 0.00000 0.28867 -0.65514 0.66788
target: 0.00000 0.47092
dist/lin/ang/drive_left/drive_right/tv_l/tv_r/av_l/av_r/x/y/theta/t_err: 0.72850 0.00000 3.60000 -0.28867 0.28867 -0.51231 0.49572 -0.51231 0.49572 0 0 3.26006 0.72850
fb: 0.00000 0.32936 -0.70772 0.72204
fb: 0.00000 0.37040 -0.70772 0.72204
target: 0.00000 0.54940
dist/lin/ang/drive_left/drive_right/tv_l/tv_r/av_l/av_r/x/y/theta/t_err: 0.68289 0.00000 4.20000 -0.37040 0.37040 -0.53711 0.50714 -0.53711 0.50714 0 0 5.87314 0.68289
fb: 0.00000 0.40732 -0.76031 0.77619
fb: 0.00000 0.43708 -0.76031 0.77619
target: 0.00000 0.60931
dist/lin/ang/drive_left/drive_right/tv_l/tv_r/av_l/av_r/x/y/theta/t_err: 0.62505 0.00000 4.65801 -0.43708 0.43708 -0.53539 0.52139 -0.53539 0.52139 0 0 9.18727 0.62505
fb: 0.00000 0.46954 -0.71687 0.73395
fb: 0.00000 0.50675 -0.71687 0.73395
target: 0.00000 0.52826
dist/lin/ang/drive_left/drive_right/tv_l/tv_r/av_l/av_r/x/y/theta/t_err: 0.55720 0.00000 4.03834 -0.50675 0.50675 -0.63208 0.53933 -0.63208 0.53933 0 0 13.07488 0.55720
fb: 0.00000 0.54403 0.04985 -0.04418
fb: 0.00000 0.57155 0.04985 -0.04418
target: 0.00000 0.43488
dist/lin/ang/drive_left/drive_right/tv_l/tv_r/av_l/av_r/x/y/theta/t_err: 0.47847 0.00000 3.32448 -0.57155 0.57155 -0.42675 0.21511 -0.42675 0.21511 0 0 17.58579 0.47847
fb: 0.00000 0.58346 0.16787 -0.16407
fb: 0.00000 0.56995 0.16787 -0.16407
target: 0.00000 0.33407
dist/lin/ang/drive_left/drive_right/tv_l/tv_r/av_l/av_r/x/y/theta/t_err: 0.39093 0.00000 2.55384 -0.56995 0.56995 0.12250 -0.10111 0.12250 -0.10111 0 0 22.60108 0.39093
fb: -0.01942 0.53253 0.26883 -0.26704
fb: -0.05229 0.47763 0.26883 -0.26704
target: 0.00000 0.24583
dist/lin/ang/drive_left/drive_right/tv_l/tv_r/av_l/av_r/x/y/theta/t_err: 0.30568 0.00000 1.87929 -0.52992 0.42533 0.16408 -0.17639 0.16408 -0.17639 0 0 27.48557 0.30568
fb: -0.04457 0.41701 0.27139 -0.27136
fb: -0.01545 0.34441 0.27139 -0.27136
target: 0.00000 0.18436
dist/lin/ang/drive_left/drive_right/tv_l/tv_r/av_l/av_r/x/y/theta/t_err: 0.23504 0.00000 1.40934 -0.35985 0.32896 0.23872 -0.23936 0.23872 -0.23936 0 0 31.53309 0.23504
fb: -0.00772 0.26992 0.19214 -0.19334
fb: -0.01743 0.19614 0.19214 -0.19334
target: 0.00000 0.15097
dist/lin/ang/drive_left/drive_right/tv_l/tv_r/av_l/av_r/x/y/theta/t_err: 0.18539 0.00000 1.15415 -0.21357 0.17871 0.22894 -0.22742 0.22894 -0.22742 0 0 34.37772 0.18539
fb: -0.03486 0.12305 0.08809 -0.08996
fb: -0.05825 0.05909 0.08809 -0.08996
target: 0.00000 0.14291
dist/lin/ang/drive_left/drive_right/tv_l/tv_r/av_l/av_r/x/y/theta/t_err: 0.15829 0.00000 1.09246 -0.11734 0.00083 0.14408 -0.14631 0.14408 -0.14631 0 0 35.93050 0.15829
fb: -0.06796 0.01254 -0.09846 0.10621
fb: -0.04855 -0.01115 -0.09846 0.10621
target: 0.00000 0.15308
dist/lin/ang/drive_left/drive_right/tv_l/tv_r/av_l/av_r/x/y/theta/t_err: 0.15088 0.00000 1.17024 -0.03740 -0.05969 0.01764 -0.01197 0.01764 -0.01197 0 0 36.35523 0.15088
fb: -0.02516 -0.01895 -0.18737 0.19532
fb: -0.01545 -0.01763 -0.18737 0.19532
target: 0.00000 0.16351
dist/lin/ang/drive_left/drive_right/tv_l/tv_r/av_l/av_r/x/y/theta/t_err: 0.15272 0.00000 1.24995 0.00218 -0.03307 -0.10164 0.11619 -0.10164 0.11619 0 0 36.24967 0.15272
fb: -0.01942 -0.01589 -0.19549 0.20366
fb: -0.02339 -0.01094 -0.19549 0.20366
target: 0.00000 0.16698
dist/lin/ang/drive_left/drive_right/tv_l/tv_r/av_l/av_r/x/y/theta/t_err: 0.15534 0.00000 1.27650 -0.01245 -0.03433 -0.17078 0.17847 -0.17078 0.17847 0 0 36.09996 0.15534
fb: -0.01545 0.00181 -0.16653 0.17477
fb: -0.00375 0.03052 -0.16653 0.17477
target: 0.00000 0.16674
dist/lin/ang/drive_left/drive_right/tv_l/tv_r/av_l/av_r/x/y/theta/t_err: 0.15642 0.00000 1.27465 -0.03427 0.02677 -0.17281 0.17761 -0.17281 0.17761 0 0 36.03758 0.15642
fb: -0.00397 0.05964 -0.14965 0.15788
fb: -0.00772 0.07030 -0.14965 0.15788
target: 0.00000 0.15437
dist/lin/ang/drive_left/drive_right/tv_l/tv_r/av_l/av_r/x/y/theta/t_err: 0.15067 0.00000 1.18011 -0.07803 0.06258 -0.14528 0.15486 -0.14528 0.15486 0 0 36.36738 0.15067
fb: -0.00375 0.07462 -0.08680 0.09478
fb: 0.00000 0.07971 -0.08680 0.09478
target: 0.00000 0.13828
dist/lin/ang/drive_left/drive_right/tv_l/tv_r/av_l/av_r/x/y/theta/t_err: 0.13985 0.00000 1.05708 -0.07971 0.07971 -0.11294 0.12781 -0.11294 0.12781 0 0 36.98711 0.13985
fb: 0.00000 0.08410 -0.05925 0.06691
fb: 0.00000 0.08277 -0.05925 0.06691
target: 0.00000 0.12380
dist/lin/ang/drive_left/drive_right/tv_l/tv_r/av_l/av_r/x/y/theta/t_err: 0.12751 0.00000 0.94638 -0.08277 0.08277 -0.07014 0.08267 -0.07014 0.08267 0 0 37.69446 0.12751
fb: 0.00000 0.07852 -0.05680 0.06417
fb: 0.00000 0.07156 -0.05680 0.06417
target: 0.00000 0.11049
dist/lin/ang/drive_left/drive_right/tv_l/tv_r/av_l/av_r/x/y/theta/t_err: 0.11505 0.00000 0.84468 -0.07156 0.07156 -0.05250 0.06400 -0.05250 0.06400 0 0 38.40827 0.11505
fb: 0.00000 0.06487 -0.05319 0.06029
fb: 0.00000 0.05895 -0.05319 0.06029
target: 0.00000 0.10077
dist/lin/ang/drive_left/drive_right/tv_l/tv_r/av_l/av_r/x/y/theta/t_err: 0.10435 0.00000 0.77032 -0.05895 0.05895 -0.05150 0.06058 -0.05150 0.06058 0 0 39.02130 0.10435
fb: 0.00000 0.05323 -0.06277 0.06968
fb: 0.00000 0.04717 -0.06277 0.06968
target: 0.00000 0.09316
dist/lin/ang/drive_left/drive_right/tv_l/tv_r/av_l/av_r/x/y/theta/t_err: 0.09554 0.00000 0.71219 -0.04717 0.04717 -0.05203 0.05817 -0.05203 0.05817 0 0 39.52608 0.09554
fb: 0.00000 0.04104 -0.06722 0.07398
fb: 0.00000 0.03672 -0.06722 0.07398
target: 0.00000 0.08750
dist/lin/ang/drive_left/drive_right/tv_l/tv_r/av_l/av_r/x/y/theta/t_err: 0.08859 0.00000 0.66891 -0.03672 0.03672 -0.05733 0.06025 -0.05733 0.06025 0 0 39.92429 0.08859
fb: 0.00000 0.03310 -0.07218 0.07882
fb: 0.00000 0.02926 -0.07218 0.07882
target: 0.00000 0.08312
dist/lin/ang/drive_left/drive_right/tv_l/tv_r/av_l/av_r/x/y/theta/t_err: 0.08315 0.00000 0.63544 -0.02926 0.02926 -0.05922 0.06675 -0.05922 0.06675 0 0 40.23588 0.08315
fb: 0.00000 0.02564 -0.07501 0.08157
fb: 0.00000 0.02285 -0.07501 0.08157
target: 0.00000 0.07944
dist/lin/ang/drive_left/drive_right/tv_l/tv_r/av_l/av_r/x/y/theta/t_err: 0.07877 0.00000 0.60731 -0.02285 0.02285 -0.06672 0.06881 -0.06672 0.06881 0 0 40.48707 0.07877
fb: 0.00000 0.01937 -0.07569 0.08217
fb: 0.00000 0.01728 -0.07569 0.08217
target: 0.00000 0.07713
dist/lin/ang/drive_left/drive_right/tv_l/tv_r/av_l/av_r/x/y/theta/t_err: 0.07556 0.00000 0.58960 -0.01728 0.01728 -0.06708 0.07514 -0.06708 0.07514 0 0 40.67074 0.07556
fb: 0.00000 0.01700 -0.08027 0.08670
fb: 0.00000 0.01596 -0.08027 0.08670
target: 0.00000 0.07480
dist/lin/ang/drive_left/drive_right/tv_l/tv_r/av_l/av_r/x/y/theta/t_err: 0.07290 0.00000 0.57184 -0.01596 0.01596 -0.06811 0.07478 -0.06811 0.07478 0 0 40.82326 0.07290
fb: 0.00000 0.01449 -0.07869 0.08508
fb: 0.00000 0.01331 -0.07869 0.08508
target: 0.00000 0.07245
dist/lin/ang/drive_left/drive_right/tv_l/tv_r/av_l/av_r/x/y/theta/t_err: 0.07047 0.00000 0.55387 -0.01331 0.01331 -0.07375 0.07458 -0.07375 0.07458 0 0 40.96213 0.07047
fb: 0.00000 0.01226 -0.07699 0.08333
fb: 0.00000 0.01094 -0.07699 0.08333
target: 0.00000 0.07070
dist/lin/ang/drive_left/drive_right/tv_l/tv_r/av_l/av_r/x/y/theta/t_err: 0.06846 0.00000 0.54047 -0.01094 0.01094 -0.06708 0.07475 -0.06708 0.07475 0 0 41.07737 0.06846
fb: 0.00000 0.00955 -0.07850 0.08481
fb: 0.00000 0.00773 -0.07850 0.08481
target: 0.00000 0.06937
dist/lin/ang/drive_left/drive_right/tv_l/tv_r/av_l/av_r/x/y/theta/t_err: 0.06686 0.00000 0.53034 -0.00773 0.00773 -0.06675 0.07514 -0.06675 0.07514 0 0 41.16923 0.06686
fb: 0.00000 0.00634 -0.07954 0.08582
fb: 0.00000 0.00516 -0.07954 0.08582
target: 0.00000 0.06875
dist/lin/ang/drive_left/drive_right/tv_l/tv_r/av_l/av_r/x/y/theta/t_err: 0.06580 0.00000 0.52559 -0.00516 0.00516 -0.06656 0.07511 -0.06656 0.07511 0 0 41.22985 0.06580
fb: 0.00000 0.00432 -0.08229 0.08856
fb: 0.00000 0.00383 -0.08229 0.08856
target: 0.00000 0.06839
dist/lin/ang/drive_left/drive_right/tv_l/tv_r/av_l/av_r/x/y/theta/t_err: 0.06513 0.00000 0.52280 -0.00383 0.00383 -0.06656 0.07475 -0.06656 0.07475 0 0 41.26851 0.06513
fb: 0.00000 0.00355 -0.08321 0.08947
fb: 0.00000 0.00376 -0.08321 0.08947
target: 0.00000 0.06796
dist/lin/ang/drive_left/drive_right/tv_l/tv_r/av_l/av_r/x/y/theta/t_err: 0.06460 0.00000 0.51957 -0.00376 0.00376 -0.07461 0.07458 -0.07461 0.07458 0 0 41.29870 0.06460
fb: 0.00000 0.00432 -0.08266 0.08891
fb: 0.00000 0.00467 -0.08266 0.08891
target: 0.00000 0.06732
dist/lin/ang/drive_left/drive_right/tv_l/tv_r/av_l/av_r/x/y/theta/t_err: 0.06403 0.00000 0.51466 -0.00467 0.00467 -0.07547 0.07475 -0.07547 0.07475 0 0 41.33132 0.06403
fb: 0.00000 0.00460 -0.08124 0.08748
fb: 0.00000 0.00446 -0.08124 0.08748
target: 0.00000 0.06652
dist/lin/ang/drive_left/drive_right/tv_l/tv_r/av_l/av_r/x/y/theta/t_err: 0.06336 0.00000 0.50853 -0.00446 0.00446 -0.07581 0.07475 -0.07581 0.07475 0 0 41.36971 0.06336
fb: 0.00000 0.00460 -0.07998 0.08621
fb: 0.00000 0.00495 -0.07998 0.08621
target: 0.00000 0.06580
dist/lin/ang/drive_left/drive_right/tv_l/tv_r/av_l/av_r/x/y/theta/t_err: 0.06269 0.00000 0.50303 -0.00495 0.00495 -0.07428 0.07461 -0.07428 0.07461 0 0 41.40836 0.06269
fb: 0.00000 0.00488 -0.07988 0.08609
fb: 0.00000 0.00446 -0.07988 0.08609
target: 0.00000 0.06487
dist/lin/ang/drive_left/drive_right/tv_l/tv_r/av_l/av_r/x/y/theta/t_err: 0.06190 0.00000 0.49594 -0.00446 0.00446 -0.06725 0.07478 -0.06725 0.07478 0 0 41.45318 0.06190
fb: 0.00000 0.00355 -0.07831 0.08451
fb: 0.00000 0.00293 -0.07831 0.08451
target: 0.00000 0.06423
dist/lin/ang/drive_left/drive_right/tv_l/tv_r/av_l/av_r/x/y/theta/t_err: 0.06122 0.00000 0.49105 -0.00293 0.00293 -0.06672 0.07494 -0.06672 0.07494 0 0 41.49254 0.06122
fb: 0.00000 0.00286 -0.07918 0.08536
fb: 0.00000 0.00321 -0.07918 0.08536
target: 0.00000 0.06389
dist/lin/ang/drive_left/drive_right/tv_l/tv_r/av_l/av_r/x/y/theta/t_err: 0.06072 0.00000 0.48838 -0.00321 0.00321 -0.06656 0.07494 -0.06656 0.07494 0 0 41.52089 0.06072
fb: 0.00000 0.00397 -0.08026 0.08643
fb: 0.00000 0.00411 -0.08026 0.08643
final error was 3.44877
position: -0.15808 -0.10615 41.55123
took 0.86000 time to finish turn
target: 0.00000 0.07849
dist/lin/ang/drive_left/drive_right/tv_l/tv_r/av_l/av_r/x/y/theta/t_err: 0.78540 0.00000 0.60000 0.00000 0.00000 0.00017 0.00000 0.00017 0.00000 0 0 -0.00018 0.78540
fb: 0.00000 0.00000 -0.44480 0.45126
fb: 0.00000 0.00000 -0.44480 0.45126
target: 0.00000 0.15697
dist/lin/ang/drive_left/drive_right/tv_l/tv_r/av_l/av_r/x/y/theta/t_err: 0.78540 0.00000 1.20000 0.00000 0.00000 -0.05786 0.09394 -0.05786 0.09394 0 0 -0.00011 0.78540
fb: 0.00000 0.00934 -0.49738 0.50541
fb: 0.00000 0.04780 -0.49738 0.50541
target: 0.00000 0.23546
dist/lin/ang/drive_left/drive_right/tv_l/tv_r/av_l/av_r/x/y/theta/t_err: 0.78498 0.00000 1.80000 -0.04780 0.04780 -0.36925 0.36922 -0.36925 0.36922 0 0 0.02375 0.78498
fb: 0.00000 0.09824 -0.54997 0.55957
fb: 0.00000 0.14256 -0.54997 0.55957
target: 0.00000 0.31394
dist/lin/ang/drive_left/drive_right/tv_l/tv_r/av_l/av_r/x/y/theta/t_err: 0.77560 0.00000 2.40000 -0.14256 0.14256 -0.43667 0.39919 -0.43667 0.39919 0 0 0.56138 0.77560
fb: 0.00000 0.19042 -0.60255 0.61373
fb: 0.00000 0.23091 -0.60255 0.61373
target: 0.00000 0.39243
dist/lin/ang/drive_left/drive_right/tv_l/tv_r/av_l/av_r/x/y/theta/t_err: 0.75195 0.00000 3.00000 -0.23091 0.23091 -0.47261 0.43789 -0.47261 0.43789 0 0 1.91625 0.75195
fb: 0.00000 0.27111 -0.65514 0.66788
fb: 0.00000 0.30985 -0.65514 0.66788
target: 0.00000 0.47092
dist/lin/ang/drive_left/drive_right/tv_l/tv_r/av_l/av_r/x/y/theta/t_err: 0.71517 0.00000 3.60000 -0.30985 0.30985 -0.51539 0.46406 -0.51539 0.46406 0 0 4.02382 0.71517
fb: 0.00000 0.35026 -0.70772 0.72204
fb: 0.00000 0.38761 -0.70772 0.72204
target: 0.00000 0.54940
dist/lin/ang/drive_left/drive_right/tv_l/tv_r/av_l/av_r/x/y/theta/t_err: 0.66633 0.00000 4.20000 -0.38761 0.38761 -0.53058 0.48167 -0.53058 0.48167 0 0 6.82203 0.66633
fb: 0.00000 0.42955 -0.76031 0.77619
fb: 0.00000 0.46850 -0.76031 0.77619
target: 0.00000 0.58592
dist/lin/ang/drive_left/drive_right/tv_l/tv_r/av_l/av_r/x/y/theta/t_err: 0.60553 0.00000 4.47918 -0.46850 0.46850 -0.58931 0.48458 -0.58931 0.48458 0 0 10.30570 0.60553
fb: 0.00000 0.50174 -0.59593 0.61254
fb: 0.00000 0.53372 -0.59593 0.61254
target: 0.00000 0.49796
dist/lin/ang/drive_left/drive_right/tv_l/tv_r/av_l/av_r/x/y/theta/t_err: 0.53281 0.00000 3.80673 -0.53372 0.53372 -0.58008 0.46131 -0.58008 0.46131 0 0 14.47222 0.53281
fb: 0.00000 0.56284 0.10123 -0.09616
fb: 0.00000 0.58165 0.10123 -0.09616
target: 0.00000 0.40144
dist/lin/ang/drive_left/drive_right/tv_l/tv_r/av_l/av_r/x/y/theta/t_err: 0.45024 0.00000 3.06888 -0.58165 0.58165 -0.31928 0.22261 -0.31928 0.22261 0 0 19.20343 0.45024
fb: 0.00000 0.59043 0.20439 -0.20126
fb: 0.00000 0.57552 0.20439 -0.20126
target: 0.00000 0.30106
dist/lin/ang/drive_left/drive_right/tv_l/tv_r/av_l/av_r/x/y/theta/t_err: 0.36114 0.00000 2.30153 -0.57552 0.57552 0.07942 -0.09939 0.07942 -0.09939 0 0 24.30837 0.36114
fb: -0.03508 0.52954 0.28901 -0.28788
fb: -0.07193 0.46181 0.28901 -0.28788
target: 0.00000 0.21314
dist/lin/ang/drive_left/drive_right/tv_l/tv_r/av_l/av_r/x/y/theta/t_err: 0.27532 0.00000 1.62941 -0.53374 0.38988 0.19114 -0.19492 0.19114 -0.19492 0 0 29.22518 0.27532
fb: -0.07171 0.39583 0.29185 -0.29248
fb: -0.07546 0.31793 0.29185 -0.29248
target: 0.00000 0.15712
dist/lin/ang/drive_left/drive_right/tv_l/tv_r/av_l/av_r/x/y/theta/t_err: 0.20718 0.00000 1.20112 -0.39339 0.24247 0.25719 -0.25358 0.25719 -0.25358 0 0 33.12963 0.20718
fb: -0.08716 0.24540 0.18587 -0.18762
fb: -0.08539 0.17739 0.18587 -0.18762
target: 0.00000 0.12886
dist/lin/ang/drive_left/drive_right/tv_l/tv_r/av_l/av_r/x/y/theta/t_err: 0.16128 0.00000 0.98511 -0.26279 0.09200 0.23614 -0.24622 0.23614 -0.24622 0 0 35.75925 0.16128
fb: -0.07966 0.11322 0.07984 -0.08215
fb: -0.07767 0.05114 0.07984 -0.08215
target: 0.00000 0.12217
dist/lin/ang/drive_left/drive_right/tv_l/tv_r/av_l/av_r/x/y/theta/t_err: 0.13662 0.00000 0.93399 -0.12881 -0.02653 0.13878 -0.15347 0.13878 -0.15347 0 0 37.17226 0.13662
fb: -0.06201 0.00195 -0.09079 0.09812
fb: -0.04656 -0.02515 -0.09079 0.09812
target: 0.00000 0.13272
dist/lin/ang/drive_left/drive_right/tv_l/tv_r/av_l/av_r/x/y/theta/t_err: 0.13053 0.00000 1.01460 -0.02141 -0.07171 0.01197 -0.04175 0.01197 -0.04175 0 0 37.52145 0.13053
fb: -0.04060 -0.03066 -0.17539 0.18294
fb: -0.04060 -0.02787 -0.17539 0.18294
target: 0.00000 0.14586
dist/lin/ang/drive_left/drive_right/tv_l/tv_r/av_l/av_r/x/y/theta/t_err: 0.13435 0.00000 1.11506 -0.01273 -0.06847 -0.10969 0.09581 -0.10969 0.09581 0 0 37.30211 0.13435
fb: -0.04656 -0.02202 -0.19589 0.20370
fb: -0.04656 -0.01463 -0.19589 0.20370
target: 0.00000 0.15031
dist/lin/ang/drive_left/drive_right/tv_l/tv_r/av_l/av_r/x/y/theta/t_err: 0.13838 0.00000 1.14905 -0.03193 -0.06119 -0.16886 0.16972 -0.16886 0.16972 0 0 37.07144 0.13838
fb: -0.03310 -0.00557 -0.15974 0.16764
fb: -0.01545 0.02355 -0.15974 0.16764
target: 0.00000 0.15036
dist/lin/ang/drive_left/drive_right/tv_l/tv_r/av_l/av_r/x/y/theta/t_err: 0.14027 0.00000 1.14945 -0.03900 0.00810 -0.16683 0.17539 -0.16683 0.17539 0 0 36.96302 0.14027
fb: -0.00772 0.05407 -0.13999 0.14790
fb: -0.01169 0.06459 -0.13999 0.14790
target: 0.00000 0.13923
dist/lin/ang/drive_left/drive_right/tv_l/tv_r/av_l/av_r/x/y/theta/t_err: 0.13551 0.00000 1.06433 -0.07628 0.05289 -0.13656 0.14614 -0.13656 0.14614 0 0 37.23572 0.13551
fb: -0.01169 0.06849 -0.08220 0.08988
fb: -0.00772 0.07156 -0.08220 0.08988
target: 0.00000 0.12389
dist/lin/ang/drive_left/drive_right/tv_l/tv_r/av_l/av_r/x/y/theta/t_err: 0.12554 0.00000 0.94711 -0.07928 0.06383 -0.10728 0.12628 -0.10728 0.12628 0 0 37.80693 0.12554
fb: -0.00772 0.07218 -0.05303 0.06040
fb: -0.00397 0.06835 -0.05303 0.06040
target: 0.00000 0.11139
dist/lin/ang/drive_left/drive_right/tv_l/tv_r/av_l/av_r/x/y/theta/t_err: 0.11459 0.00000 0.85151 -0.07232 0.06438 -0.07000 0.07803 -0.07000 0.07803 0 0 38.43449 0.11459
fb: -0.00375 0.06299 -0.05737 0.06450
fb: -0.00375 0.05532 -0.05737 0.06450
target: 0.00000 0.10119
dist/lin/ang/drive_left/drive_right/tv_l/tv_r/av_l/av_r/x/y/theta/t_err: 0.10435 0.00000 0.77358 -0.05907 0.05157 -0.05150 0.06058 -0.05150 0.06058 0 0 39.02112 0.10435
fb: 0.00000 0.04808 -0.06095 0.06787
fb: 0.00000 0.04174 -0.06095 0.06787
target: 0.00000 0.09432
dist/lin/ang/drive_left/drive_right/tv_l/tv_r/av_l/av_r/x/y/theta/t_err: 0.09613 0.00000 0.72108 -0.04174 0.04174 -0.05356 0.05783 -0.05356 0.05783 0 0 39.49225 0.09613
fb: 0.00000 0.03637 -0.07132 0.07810
fb: 0.00000 0.03170 -0.07132 0.07810
target: 0.00000 0.08966
dist/lin/ang/drive_left/drive_right/tv_l/tv_r/av_l/av_r/x/y/theta/t_err: 0.08995 0.00000 0.68542 -0.03170 0.03170 -0.06197 0.05886 -0.06197 0.05886 0 0 39.84597 0.08995
fb: 0.00000 0.02724 -0.07810 0.08479
fb: 0.00000 0.02362 -0.07810 0.08479
target: 0.00000 0.08615
dist/lin/ang/drive_left/drive_right/tv_l/tv_r/av_l/av_r/x/y/theta/t_err: 0.08532 0.00000 0.65858 -0.02362 0.02362 -0.06692 0.06864 -0.06692 0.06864 0 0 40.11178 0.08532
fb: 0.00000 0.02139 -0.08094 0.08756
fb: 0.00000 0.02188 -0.08094 0.08756
target: 0.00000 0.08346
dist/lin/ang/drive_left/drive_right/tv_l/tv_r/av_l/av_r/x/y/theta/t_err: 0.08180 0.00000 0.63804 -0.02188 0.02188 -0.07067 0.07514 -0.07067 0.07514 0 0 40.31293 0.08180
fb: 0.00000 0.02167 -0.08286 0.08942
fb: 0.00000 0.02021 -0.08286 0.08942
target: 0.00000 0.08012
dist/lin/ang/drive_left/drive_right/tv_l/tv_r/av_l/av_r/x/y/theta/t_err: 0.07849 0.00000 0.61250 -0.02021 0.02021 -0.07514 0.07478 -0.07514 0.07478 0 0 40.50310 0.07849
fb: 0.00000 0.01714 -0.07767 0.08416
fb: 0.00000 0.01463 -0.07767 0.08416
target: 0.00000 0.07739
dist/lin/ang/drive_left/drive_right/tv_l/tv_r/av_l/av_r/x/y/theta/t_err: 0.07556 0.00000 0.59162 -0.01463 0.01463 -0.07339 0.07444 -0.07339 0.07444 0 0 40.67047 0.07556
fb: 0.00000 0.01296 -0.07859 0.08503
fb: 0.00000 0.01198 -0.07859 0.08503
target: 0.00000 0.07568
dist/lin/ang/drive_left/drive_right/tv_l/tv_r/av_l/av_r/x/y/theta/t_err: 0.07335 0.00000 0.57858 -0.01198 0.01198 -0.06742 0.07511 -0.06742 0.07511 0 0 40.79757 0.07335
fb: 0.00000 0.01136 -0.08205 0.08846
fb: 0.00000 0.01129 -0.08205 0.08846
target: 0.00000 0.07414
dist/lin/ang/drive_left/drive_right/tv_l/tv_r/av_l/av_r/x/y/theta/t_err: 0.07154 0.00000 0.56677 -0.01129 0.01129 -0.06947 0.07492 -0.06947 0.07492 0 0 40.90130 0.07154
fb: 0.00000 0.01150 -0.08174 0.08812
fb: 0.00000 0.01247 -0.08174 0.08812
target: 0.00000 0.07248
dist/lin/ang/drive_left/drive_right/tv_l/tv_r/av_l/av_r/x/y/theta/t_err: 0.06986 0.00000 0.55410 -0.01247 0.01247 -0.07514 0.07511 -0.07514 0.07511 0 0 40.99743 0.06986
fb: 0.00000 0.01345 -0.08013 0.08648
fb: 0.00000 0.01400 -0.08013 0.08648
target: 0.00000 0.07026
dist/lin/ang/drive_left/drive_right/tv_l/tv_r/av_l/av_r/x/y/theta/t_err: 0.06796 0.00000 0.53715 -0.01400 0.01400 -0.07564 0.07475 -0.07564 0.07475 0 0 41.10632 0.06796
fb: 0.00000 0.01428 -0.07612 0.08242
fb: 0.00000 0.01428 -0.07612 0.08242
target: 0.00000 0.06774
dist/lin/ang/drive_left/drive_right/tv_l/tv_r/av_l/av_r/x/y/theta/t_err: 0.06580 0.00000 0.51784 -0.01428 0.01428 -0.07306 0.07494 -0.07306 0.07494 0 0 41.23008 0.06580
fb: 0.00000 0.01296 -0.07304 0.07929
fb: 0.00000 0.01122 -0.07304 0.07929
target: 0.00000 0.06554
dist/lin/ang/drive_left/drive_right/tv_l/tv_r/av_l/av_r/x/y/theta/t_err: 0.06368 0.00000 0.50100 -0.01122 0.01122 -0.06692 0.07339 -0.06692 0.07339 0 0 41.35134 0.06368
fb: 0.00000 0.00948 -0.07302 0.07923
fb: 0.00000 0.00725 -0.07302 0.07923
target: 0.00000 0.06421
dist/lin/ang/drive_left/drive_right/tv_l/tv_r/av_l/av_r/x/y/theta/t_err: 0.06203 0.00000 0.49087 -0.00725 0.00725 -0.06658 0.06642 -0.06658 0.06642 0 0 41.44600 0.06203
fb: 0.00000 0.00620 -0.07608 0.08226
fb: 0.00000 0.00543 -0.07608 0.08226
target: 0.00000 0.06352
dist/lin/ang/drive_left/drive_right/tv_l/tv_r/av_l/av_r/x/y/theta/t_err: 0.06092 0.00000 0.48562 -0.00543 0.00543 -0.06642 0.06672 -0.06642 0.06672 0 0 41.50978 0.06092
fb: 0.00000 0.00523 -0.07850 0.08466
fb: 0.00000 0.00606 -0.07850 0.08466
target: 0.00000 0.06294
dist/lin/ang/drive_left/drive_right/tv_l/tv_r/av_l/av_r/x/y/theta/t_err: 0.06011 0.00000 0.48119 -0.00606 0.00606 -0.06658 0.07408 -0.06658 0.07408 0 0 41.55618 0.06011
fb: 0.00000 0.00648 -0.07858 0.08474
fb: 0.00000 0.00725 -0.07858 0.08474
target: 0.00000 0.06186
dist/lin/ang/drive_left/drive_right/tv_l/tv_r/av_l/av_r/x/y/theta/t_err: 0.05918 0.00000 0.47287 -0.00725 0.00725 -0.06692 0.07458 -0.06692 0.07458 0 0 41.60928 0.05918
fb: 0.00000 0.00801 -0.07557 0.08170
fb: 0.00000 0.00920 -0.07557 0.08170
target: 0.00000 0.06050
dist/lin/ang/drive_left/drive_right/tv_l/tv_r/av_l/av_r/x/y/theta/t_err: 0.05806 0.00000 0.46247 -0.00920 0.00920 -0.06658 0.07442 -0.06658 0.07442 0 0 41.67335 0.05806
fb: 0.00000 0.00996 -0.07343 0.07954
fb: 0.00000 0.01080 -0.07343 0.07954
target: 0.00000 0.05873
dist/lin/ang/drive_left/drive_right/tv_l/tv_r/av_l/av_r/x/y/theta/t_err: 0.05665 0.00000 0.44900 -0.01080 0.01080 -0.06708 0.07356 -0.06708 0.07356 0 0 41.75416 0.05665
fb: 0.00000 0.01143 -0.07044 0.07651
fb: 0.00000 0.01101 -0.07044 0.07651
target: 0.00000 0.05677
dist/lin/ang/drive_left/drive_right/tv_l/tv_r/av_l/av_r/x/y/theta/t_err: 0.05501 0.00000 0.43403 -0.01101 0.01101 -0.06672 0.06658 -0.06672 0.06658 0 0 41.84843 0.05501
fb: 0.00000 0.01024 -0.06825 0.07428
fb: 0.00000 0.00934 -0.06825 0.07428
final error was 3.05791
position: -0.31300 -0.22033 41.94209
took 0.86000 time to finish turn
target: 0.00000 0.07849
dist/lin/ang/drive_left/drive_right/tv_l/tv_r/av_l/av_r/x/y/theta/t_err: 0.78540 0.00000 0.60000 0.00000 0.00000 -0.00000 -0.00033 -0.00000 -0.00033 0 0 0.00005 0.78540
fb: 0.00000 0.00000 -0.44480 0.45126
fb: 0.00000 0.00000 -0.44480 0.45126
target: 0.00000 0.15697
dist/lin/ang/drive_left/drive_right/tv_l/tv_r/av_l/av_r/x/y/theta/t_err: 0.78540 0.00000 1.20000 0.00000 0.00000 -0.05833 0.02739 -0.05833 0.02739 0 0 0.00013 0.78540
fb: 0.00000 0.00000 -0.49738 0.50541
fb: 0.00000 0.00906 -0.49738 0.50541
target: 0.00000 0.23546
dist/lin/ang/drive_left/drive_right/tv_l/tv_r/av_l/av_r/x/y/theta/t_err: 0.78540 0.00000 1.80000 -0.00906 0.00906 -0.37028 0.34853 -0.37028 0.34853 0 0 -0.00000 0.78540
fb: 0.00000 0.04940 -0.54997 0.55957
fb: 0.00000 0.09671 -0.54997 0.55957
target: 0.00000 0.31394
dist/lin/ang/drive_left/drive_right/tv_l/tv_r/av_l/av_r/x/y/theta/t_err: 0.78209 0.00000 2.40000 -0.09671 0.09671 -0.44147 0.43050 -0.44147 0.43050 0 0 0.18946 0.78209
fb: 0.00000 0.14458 -0.60255 0.61373
fb: 0.00000 0.18889 -0.60255 0.61373
target: 0.00000 0.39243
dist/lin/ang/drive_left/drive_right/tv_l/tv_r/av_l/av_r/x/y/theta/t_err: 0.76540 0.00000 3.00000 -0.18889 0.18889 -0.50050 0.45617 -0.50050 0.45617 0 0 1.14561 0.76540
fb: 0.00000 0.23084 -0.65514 0.66788
fb: 0.00000 0.27320 -0.65514 0.66788
target: 0.00000 0.47092
dist/lin/ang/drive_left/drive_right/tv_l/tv_r/av_l/av_r/x/y/theta/t_err: 0.73492 0.00000 3.60000 -0.27320 0.27320 -0.52892 0.49178 -0.52892 0.49178 0 0 2.89219 0.73492
fb: 0.00000 0.31298 -0.70772 0.72204
fb: 0.00000 0.35228 -0.70772 0.72204
target: 0.00000 0.54940
dist/lin/ang/drive_left/drive_right/tv_l/tv_r/av_l/av_r/x/y/theta/t_err: 0.69170 0.00000 4.20000 -0.35228 0.35228 -0.56894 0.53164 -0.56894 0.53164 0 0 5.36843 0.69170
fb: -0.00794 0.39179 -0.76031 0.77619
fb: -0.01169 0.43519 -0.76031 0.77619
target: 0.00000 0.62356
dist/lin/ang/drive_left/drive_right/tv_l/tv_r/av_l/av_r/x/y/theta/t_err: 0.63635 0.00000 4.76695 -0.44689 0.42350 -0.58092 0.53267 -0.58092 0.53267 0 0 8.53995 0.63635
fb: -0.01545 0.47407 -0.79054 0.80791
fb: -0.03310 0.50724 -0.79054 0.80791
target: 0.00000 0.54000
dist/lin/ang/drive_left/drive_right/tv_l/tv_r/av_l/av_r/x/y/theta/t_err: 0.56838 0.00000 4.12811 -0.54034 0.47414 -0.57081 0.56139 -0.57081 0.56139 0 0 12.43419 0.56838
fb: -0.04258 0.53748 0.05327 -0.04736
fb: -0.04457 0.56709 0.05327 -0.04736
target: 0.00000 0.44675
dist/lin/ang/drive_left/drive_right/tv_l/tv_r/av_l/av_r/x/y/theta/t_err: 0.48967 0.00000 3.41528 -0.61166 0.52252 -0.25581 0.39200 -0.25581 0.39200 0 0 16.94424 0.48967
fb: -0.04656 0.59900 0.15930 -0.15526
fb: -0.03486 0.61719 0.15930 -0.15526
target: 0.00000 0.34504
dist/lin/ang/drive_left/drive_right/tv_l/tv_r/av_l/av_r/x/y/theta/t_err: 0.40168 0.00000 2.63768 -0.65205 0.58233 0.12800 -0.08811 0.12800 -0.08811 0 0 21.98554 0.40168
fb: -0.02339 0.59719 0.26558 -0.26357
fb: -0.01743 0.54034 0.26558 -0.26357
target: 0.00000 0.24105
dist/lin/ang/drive_left/drive_right/tv_l/tv_r/av_l/av_r/x/y/theta/t_err: 0.30825 0.00000 1.84277 -0.55777 0.52290 0.15911 -0.15433 0.15911 -0.15433 0 0 27.33880 0.30825
fb: -0.01346 0.48404 0.34544 -0.34551
fb: -0.01942 0.41994 0.34544 -0.34551
target: 0.00000 0.16785
dist/lin/ang/drive_left/drive_right/tv_l/tv_r/av_l/av_r/x/y/theta/t_err: 0.22787 0.00000 1.28315 -0.43935 0.40052 0.24383 -0.24928 0.24383 -0.24928 0 0 31.94387 0.22787
fb: -0.02140 0.34336 0.25598 -0.25752
fb: -0.02140 0.25613 0.25598 -0.25752
target: 0.00000 0.12023
dist/lin/ang/drive_left/drive_right/tv_l/tv_r/av_l/av_r/x/y/theta/t_err: 0.16651 0.00000 0.91913 -0.27753 0.23472 0.30031 -0.29033 0.30031 -0.29033 0 0 35.45992 0.16651
fb: -0.01942 0.17482 0.17275 -0.17524
fb: -0.01147 0.10653 0.17275 -0.17524
target: 0.00000 0.10497
dist/lin/ang/drive_left/drive_right/tv_l/tv_r/av_l/av_r/x/y/theta/t_err: 0.13033 0.00000 0.80243 -0.11801 0.09506 0.22603 -0.22467 0.22603 -0.22467 0 0 37.53270 0.13033
fb: -0.00772 0.04501 -0.04065 0.04765
fb: -0.00397 -0.00739 -0.04065 0.04765
target: 0.00000 0.11042
dist/lin/ang/drive_left/drive_right/tv_l/tv_r/av_l/av_r/x/y/theta/t_err: 0.11632 0.00000 0.84412 0.00341 -0.01136 0.11806 -0.11789 0.11806 -0.11789 0 0 38.33540 0.11632
fb: 0.00000 -0.04243 -0.13754 0.14465
fb: 0.00000 -0.05797 -0.13754 0.14465
target: 0.00000 0.12784
dist/lin/ang/drive_left/drive_right/tv_l/tv_r/av_l/av_r/x/y/theta/t_err: 0.11864 0.00000 0.97728 0.05797 -0.05797 -0.05217 0.05236 -0.05217 0.05236 0 0 38.20225 0.11864
fb: 0.00000 -0.05874 -0.20306 0.21051
fb: -0.00375 -0.05442 -0.20306 0.21051
target: 0.00000 0.14306
dist/lin/ang/drive_left/drive_right/tv_l/tv_r/av_l/av_r/x/y/theta/t_err: 0.12743 0.00000 1.09365 0.05067 -0.05817 -0.13431 0.14100 -0.13431 0.14100 0 0 37.69897 0.12743
fb: -0.01169 -0.04766 -0.20337 0.21113
fb: -0.01169 -0.03428 -0.20337 0.21113
target: 0.00000 0.15086
dist/lin/ang/drive_left/drive_right/tv_l/tv_r/av_l/av_r/x/y/theta/t_err: 0.13545 0.00000 1.15330 0.02259 -0.04598 -0.18447 0.19044 -0.18447 0.19044 0 0 37.23933 0.13545
fb: -0.00772 -0.00662 -0.17521 0.18312
fb: -0.00397 0.02439 -0.17521 0.18312
target: 0.00000 0.15150
dist/lin/ang/drive_left/drive_right/tv_l/tv_r/av_l/av_r/x/y/theta/t_err: 0.13949 0.00000 1.15820 -0.02836 0.02041 -0.17917 0.18633 -0.17917 0.18633 0 0 37.00762 0.13949
fb: 0.00000 0.05588 -0.14342 0.15134
fb: 0.00000 0.07636 -0.14342 0.15134
target: 0.00000 0.13790
dist/lin/ang/drive_left/drive_right/tv_l/tv_r/av_l/av_r/x/y/theta/t_err: 0.13448 0.00000 1.05423 -0.07636 0.07636 -0.15383 0.16222 -0.15383 0.16222 0 0 37.29472 0.13448
fb: 0.00000 0.08612 -0.07022 0.07787
fb: 0.00000 0.09162 -0.07022 0.07787
target: 0.00000 0.11883
dist/lin/ang/drive_left/drive_right/tv_l/tv_r/av_l/av_r/x/y/theta/t_err: 0.12250 0.00000 0.90841 -0.09162 0.09162 -0.11942 0.12508 -0.11942 0.12508 0 0 37.98111 0.12250
fb: 0.00000 0.09434 0.04524 -0.04776
fb: 0.00000 0.09413 0.04524 -0.04776
target: 0.00000 0.10195
dist/lin/ang/drive_left/drive_right/tv_l/tv_r/av_l/av_r/x/y/theta/t_err: 0.10840 0.00000 0.77935 -0.09413 0.09413 -0.04619 0.04653 -0.04619 0.04653 0 0 38.78903 0.10840
fb: 0.00000 0.08974 0.04669 -0.04955
fb: 0.00000 0.08284 0.04669 -0.04955
target: 0.00000 0.08684
dist/lin/ang/drive_left/drive_right/tv_l/tv_r/av_l/av_r/x/y/theta/t_err: 0.09422 0.00000 0.66389 -0.08284 0.08284 0.03661 -0.03561 0.03661 -0.03561 0 0 39.60167 0.09422
fb: 0.00000 0.07476 0.04880 -0.05196
fb: 0.00000 0.06626 0.04880 -0.05196
target: 0.00000 0.07542
dist/lin/ang/drive_left/drive_right/tv_l/tv_r/av_l/av_r/x/y/theta/t_err: 0.08186 0.00000 0.57657 -0.06626 0.06626 0.04175 -0.04431 0.04175 -0.04431 0 0 40.30971 0.08186
fb: 0.00000 0.05706 0.03989 0.04456
fb: 0.00000 0.04759 0.03989 0.04456
target: 0.00000 0.06740
dist/lin/ang/drive_left/drive_right/tv_l/tv_r/av_l/av_r/x/y/theta/t_err: 0.07207 0.00000 0.51527 -0.04759 0.04759 0.04039 -0.02892 0.04039 -0.02892 0 0 40.87055 0.07207
fb: 0.00000 0.03505 -0.04810 0.05434
fb: -0.00375 0.02202 -0.04810 0.05434
target: 0.00000 0.06298
dist/lin/ang/drive_left/drive_right/tv_l/tv_r/av_l/av_r/x/y/theta/t_err: 0.06529 0.00000 0.48143 -0.02577 0.01827 0.00531 0.03933 0.00531 0.03933 0 0 41.25895 0.06529
fb: -0.00772 0.01080 -0.06130 0.06745
fb: -0.00794 0.00181 -0.06130 0.06745
target: 0.00000 0.06333
dist/lin/ang/drive_left/drive_right/tv_l/tv_r/av_l/av_r/x/y/theta/t_err: 0.06233 0.00000 0.48415 -0.00976 -0.00613 -0.04297 0.05306 -0.04297 0.05306 0 0 41.42868 0.06233
fb: -0.00397 -0.00523 -0.08306 0.08922
fb: -0.00375 -0.01087 -0.08306 0.08922
target: 0.00000 0.06598
dist/lin/ang/drive_left/drive_right/tv_l/tv_r/av_l/av_r/x/y/theta/t_err: 0.06230 0.00000 0.50440 0.00712 -0.01462 -0.06517 0.06725 -0.06517 0.06725 0 0 41.43051 0.06230
fb: -0.00772 -0.01456 -0.09515 0.10137
fb: -0.00397 -0.01568 -0.09515 0.10137
target: 0.00000 0.06952
dist/lin/ang/drive_left/drive_right/tv_l/tv_r/av_l/av_r/x/y/theta/t_err: 0.06407 0.00000 0.53144 0.01171 -0.01965 -0.08283 0.08042 -0.08283 0.08042 0 0 41.32878 0.06407
fb: 0.00000 -0.01038 -0.10151 0.10780
fb: 0.00000 -0.00383 -0.10151 0.10780
target: 0.00000 0.07203
dist/lin/ang/drive_left/drive_right/tv_l/tv_r/av_l/av_r/x/y/theta/t_err: 0.06617 0.00000 0.55064 0.00383 -0.00383 -0.09069 0.09053 -0.09069 0.09053 0 0 41.20875 0.06617
fb: 0.00000 0.00606 -0.09859 0.10492
fb: 0.00000 0.02021 -0.09859 0.10492
target: 0.00000 0.07047
dist/lin/ang/drive_left/drive_right/tv_l/tv_r/av_l/av_r/x/y/theta/t_err: 0.06635 0.00000 0.53874 -0.02021 0.02021 -0.08967 0.09083 -0.08967 0.09083 0 0 41.19827 0.06635
fb: 0.00000 0.03101 -0.07923 0.08554
fb: 0.00000 0.03665 -0.07923 0.08554
target: 0.00000 0.06341
dist/lin/ang/drive_left/drive_right/tv_l/tv_r/av_l/av_r/x/y/theta/t_err: 0.06286 0.00000 0.48473 -0.03665 0.03665 -0.07992 0.08778 -0.07992 0.08778 0 0 41.39833 0.06286
fb: 0.00000 0.03762 -0.04972 0.05588
fb: 0.00000 0.03470 -0.04972 0.05588
target: 0.00000 0.05557
dist/lin/ang/drive_left/drive_right/tv_l/tv_r/av_l/av_r/x/y/theta/t_err: 0.05727 0.00000 0.42479 -0.03470 0.03470 -0.06008 0.07083 -0.06008 0.07083 0 0 41.71853 0.05727
fb: 0.00000 0.03073 -0.04097 0.04697
fb: 0.00000 0.02717 -0.04097 0.04697
target: 0.00000 0.05047
dist/lin/ang/drive_left/drive_right/tv_l/tv_r/av_l/av_r/x/y/theta/t_err: 0.05210 0.00000 0.38581 -0.02717 0.02717 -0.04208 0.04742 -0.04208 0.04742 0 0 42.01487 0.05210
fb: 0.00000 0.02118 -0.04989 0.05580
fb: 0.00000 0.01540 -0.04989 0.05580
target: 0.00000 0.04753
dist/lin/ang/drive_left/drive_right/tv_l/tv_r/av_l/av_r/x/y/theta/t_err: 0.04821 0.00000 0.36331 -0.01540 0.01540 -0.04122 0.04172 -0.04122 0.04172 0 0 42.23760 0.04821
fb: 0.00000 0.01031 -0.05762 0.06347
fb: 0.00000 0.00606 -0.05762 0.06347
target: 0.00000 0.04682
dist/lin/ang/drive_left/drive_right/tv_l/tv_r/av_l/av_r/x/y/theta/t_err: 0.04605 0.00000 0.35794 -0.00606 0.00606 -0.04158 0.04894 -0.04158 0.04894 0 0 42.36125 0.04605
fb: 0.00000 0.00258 -0.06723 0.07306
fb: 0.00000 0.00000 -0.06723 0.07306
target: 0.00000 0.04723
dist/lin/ang/drive_left/drive_right/tv_l/tv_r/av_l/av_r/x/y/theta/t_err: 0.04526 0.00000 0.36106 0.00000 0.00000 -0.04828 0.05664 -0.04828 0.05664 0 0 42.40672 0.04526
fb: 0.00000 -0.00188 -0.07251 0.07834
fb: 0.00000 -0.00216 -0.07251 0.07834
target: 0.00000 0.04812
dist/lin/ang/drive_left/drive_right/tv_l/tv_r/av_l/av_r/x/y/theta/t_err: 0.04534 0.00000 0.36785 0.00216 -0.00216 -0.05508 0.06517 -0.05508 0.06517 0 0 42.40203 0.04534
fb: 0.00000 -0.00084 -0.07526 0.08112
fb: 0.00000 0.00077 -0.07526 0.08112
target: 0.00000 0.04858
dist/lin/ang/drive_left/drive_right/tv_l/tv_r/av_l/av_r/x/y/theta/t_err: 0.04561 0.00000 0.37135 -0.00077 0.00077 -0.06586 0.06739 -0.06586 0.06739 0 0 42.38657 0.04561
fb: 0.00000 0.00286 -0.07363 0.07950
fb: 0.00000 0.00341 -0.07363 0.07950
target: 0.00000 0.04791
dist/lin/ang/drive_left/drive_right/tv_l/tv_r/av_l/av_r/x/y/theta/t_err: 0.04540 0.00000 0.36629 -0.00341 0.00341 -0.06639 0.07186 -0.06639 0.07186 0 0 42.39861 0.04540
fb: 0.00000 0.00362 -0.06815 0.07400
fb: 0.00000 0.00341 -0.06815 0.07400
target: 0.00000 0.04706
dist/lin/ang/drive_left/drive_right/tv_l/tv_r/av_l/av_r/x/y/theta/t_err: 0.04487 0.00000 0.35974 -0.00341 0.00341 -0.06536 0.06606 -0.06536 0.06606 0 0 42.42904 0.04487
fb: 0.00000 0.00265 -0.06670 0.07253
fb: 0.00000 0.00209 -0.06670 0.07253
final error was 2.54296
position: -0.16579 -0.07833 42.45704
took 0.86000 time to finish turn
target: 0.00000 0.07849
dist/lin/ang/drive_left/drive_right/tv_l/tv_r/av_l/av_r/x/y/theta/t_err: 0.78540 0.00000 0.60000 0.00000 0.00000 -0.00000 -0.00000 -0.00000 -0.00000 0 0 0.00007 0.78540
fb: 0.00000 0.00000 -0.44480 0.45126
fb: 0.00000 0.00000 -0.44480 0.45126
target: 0.00000 0.15697
dist/lin/ang/drive_left/drive_right/tv_l/tv_r/av_l/av_r/x/y/theta/t_err: 0.78540 0.00000 1.20000 0.00000 0.00000 -0.08486 0.06367 -0.08486 0.06367 0 0 -0.00011 0.78540
fb: 0.00000 0.00000 -0.49738 0.50541
fb: 0.00000 0.00425 -0.49738 0.50541
target: 0.00000 0.23546
dist/lin/ang/drive_left/drive_right/tv_l/tv_r/av_l/av_r/x/y/theta/t_err: 0.78541 0.00000 1.80000 -0.00425 0.00425 -0.39011 0.38431 -0.39011 0.38431 0 0 -0.00089 0.78541
fb: 0.00000 0.03449 -0.54997 0.55957
fb: -0.00375 0.08250 -0.54997 0.55957
target: 0.00000 0.31394
dist/lin/ang/drive_left/drive_right/tv_l/tv_r/av_l/av_r/x/y/theta/t_err: 0.78336 0.00000 2.40000 -0.08625 0.07874 -0.44697 0.45719 -0.44697 0.45719 0 0 0.11673 0.78336
fb: -0.00772 0.13789 -0.60255 0.61373
fb: -0.00397 0.19084 -0.60255 0.61373
target: 0.00000 0.39243
dist/lin/ang/drive_left/drive_right/tv_l/tv_r/av_l/av_r/x/y/theta/t_err: 0.76857 0.00000 3.00000 -0.19481 0.18687 -0.46286 0.45431 -0.46286 0.45431 0 0 0.96399 0.76857
fb: 0.00199 0.23780 -0.65514 0.66788
fb: 0.00199 0.27668 -0.65514 0.66788
target: 0.00000 0.47092
dist/lin/ang/drive_left/drive_right/tv_l/tv_r/av_l/av_r/x/y/theta/t_err: 0.73776 0.00000 3.60000 -0.27470 0.27867 -0.51058 0.48717 -0.51058 0.48717 0 0 2.72966 0.73776
fb: 0.00000 0.31563 -0.70772 0.72204
fb: 0.00000 0.35583 -0.70772 0.72204
target: 0.00000 0.54940
dist/lin/ang/drive_left/drive_right/tv_l/tv_r/av_l/av_r/x/y/theta/t_err: 0.69408 0.00000 4.20000 -0.35583 0.35583 -0.53883 0.46197 -0.53883 0.46197 0 0 5.23236 0.69408
fb: 0.00000 0.39632 -0.76031 0.77619
fb: -0.00397 0.43387 -0.76031 0.77619
target: 0.00000 0.62517
dist/lin/ang/drive_left/drive_right/tv_l/tv_r/av_l/av_r/x/y/theta/t_err: 0.63826 0.00000 4.77925 -0.43784 0.42990 -0.55231 0.46694 -0.55231 0.46694 0 0 8.43018 0.63826
fb: -0.02140 0.46745 -0.79886 0.81626
fb: -0.03486 0.49999 -0.79886 0.81626
target: 0.00000 0.54315
dist/lin/ang/drive_left/drive_right/tv_l/tv_r/av_l/av_r/x/y/theta/t_err: 0.57087 0.00000 4.15222 -0.53486 0.46513 -0.57800 0.51589 -0.57800 0.51589 0 0 12.29184 0.57087
fb: -0.03288 0.53908 0.04421 0.04959
fb: -0.03685 0.57176 0.04421 0.04959
target: 0.00000 0.45119
dist/lin/ang/drive_left/drive_right/tv_l/tv_r/av_l/av_r/x/y/theta/t_err: 0.49306 0.00000 3.44920 -0.60861 0.53491 -0.32972 0.43000 -0.32972 0.43000 0 0 16.74954 0.49306
fb: -0.03883 0.59928 0.15055 -0.14642
fb: -0.03685 0.60827 0.15055 -0.14642
target: 0.00000 0.34811
dist/lin/ang/drive_left/drive_right/tv_l/tv_r/av_l/av_r/x/y/theta/t_err: 0.40481 0.00000 2.66120 -0.64512 0.57142 0.12114 0.05697 0.12114 0.05697 0 0 21.80605 0.40481
fb: -0.02912 0.59022 0.26964 -0.26758
fb: -0.00971 0.55044 0.26964 -0.26758
target: 0.00000 0.24737
dist/lin/ang/drive_left/drive_right/tv_l/tv_r/av_l/av_r/x/y/theta/t_err: 0.31290 0.00000 1.89106 -0.56015 0.54073 0.15881 -0.13775 0.15881 -0.13775 0 0 27.07237 0.31290
fb: -0.00375 0.48905 0.32662 -0.32657
fb: -0.01942 0.41701 0.32662 -0.32657
target: 0.00000 0.17079
dist/lin/ang/drive_left/drive_right/tv_l/tv_r/av_l/av_r/x/y/theta/t_err: 0.23151 0.00000 1.30560 -0.43643 0.39759 0.24639 -0.24006 0.24639 -0.24006 0 0 31.73517 0.23151
fb: -0.03883 0.33619 0.26922 -0.27070
fb: -0.05428 0.26358 0.26922 -0.27070
target: 0.00000 0.12595
dist/lin/ang/drive_left/drive_right/tv_l/tv_r/av_l/av_r/x/y/theta/t_err: 0.17109 0.00000 0.96285 -0.31786 0.20930 0.28472 -0.28353 0.28472 -0.28353 0 0 35.19728 0.17109
fb: -0.04656 0.19391 0.15640 -0.15877
fb: -0.02317 0.13148 0.15640 -0.15877
target: 0.00000 0.10704
dist/lin/ang/drive_left/drive_right/tv_l/tv_r/av_l/av_r/x/y/theta/t_err: 0.13350 0.00000 0.81826 -0.15465 0.10831 0.22503 -0.23203 0.22503 -0.23203 0 0 37.35087 0.13350
fb: -0.01169 0.07748 0.05242 -0.05517
fb: -0.01169 0.02780 0.05242 -0.05517
target: 0.00000 0.10570
dist/lin/ang/drive_left/drive_right/tv_l/tv_r/av_l/av_r/x/y/theta/t_err: 0.11540 0.00000 0.80804 -0.03950 0.01611 0.12594 -0.12442 0.12594 -0.12442 0 0 38.38802 0.11540
fb: -0.01942 -0.01477 -0.10382 0.11083
fb: -0.02714 -0.03693 -0.10382 0.11083
target: 0.00000 0.11701
dist/lin/ang/drive_left/drive_right/tv_l/tv_r/av_l/av_r/x/y/theta/t_err: 0.11274 0.00000 0.89453 0.00979 -0.06407 0.01797 -0.01708 0.01797 -0.01708 0 0 38.54060 0.11274
fb: -0.03288 -0.04369 -0.16834 0.17557
fb: -0.03685 -0.04188 -0.16834 0.17557
target: 0.00000 0.13078
dist/lin/ang/drive_left/drive_right/tv_l/tv_r/av_l/av_r/x/y/theta/t_err: 0.11847 0.00000 0.99974 0.00503 -0.07873 -0.10867 0.10831 -0.10867 0.10831 0 0 38.21215 0.11847
fb: -0.03685 -0.03407 -0.18857 0.19608
fb: -0.02516 -0.02717 -0.18857 0.19608
target: 0.00000 0.13746
dist/lin/ang/drive_left/drive_right/tv_l/tv_r/av_l/av_r/x/y/theta/t_err: 0.12451 0.00000 1.05084 0.00202 -0.05233 -0.16033 0.16428 -0.16033 0.16428 0 0 37.86598 0.12451
fb: -0.00772 -0.01596 -0.16120 0.16885
fb: 0.00000 0.00265 -0.16120 0.16885
target: 0.00000 0.13903
dist/lin/ang/drive_left/drive_right/tv_l/tv_r/av_l/av_r/x/y/theta/t_err: 0.12811 0.00000 1.06284 -0.00265 0.00265 -0.16461 0.16614 -0.16461 0.16614 0 0 37.65999 0.12811
fb: 0.00000 0.03644 -0.13923 0.14691
fb: 0.00000 0.06403 -0.13923 0.14691
target: 0.00000 0.13208
dist/lin/ang/drive_left/drive_right/tv_l/tv_r/av_l/av_r/x/y/theta/t_err: 0.12625 0.00000 1.00969 -0.06403 0.06403 -0.14133 0.14322 -0.14133 0.14322 0 0 37.76614 0.12625
fb: 0.00000 0.07455 -0.09623 0.10377
fb: 0.00000 0.07713 -0.09623 0.10377
target: 0.00000 0.11393
dist/lin/ang/drive_left/drive_right/tv_l/tv_r/av_l/av_r/x/y/theta/t_err: 0.11621 0.00000 0.87093 -0.07713 0.07713 -0.11036 0.11789 -0.11036 0.11789 0 0 38.34187 0.11621
fb: 0.00000 0.08110 0.04437 -0.04699
fb: 0.00000 0.08096 0.04437 -0.04699
target: 0.00000 0.09951
dist/lin/ang/drive_left/drive_right/tv_l/tv_r/av_l/av_r/x/y/theta/t_err: 0.10425 0.00000 0.76070 -0.08096 0.08096 -0.03797 0.04553 -0.03797 0.04553 0 0 39.02702 0.10425
fb: 0.00000 0.07880 -0.04081 0.04769
fb: 0.00000 0.07246 -0.04081 0.04769
target: 0.00000 0.08617
dist/lin/ang/drive_left/drive_right/tv_l/tv_r/av_l/av_r/x/y/theta/t_err: 0.09195 0.00000 0.65872 -0.07246 0.07246 0.00481 -0.00531 0.00481 -0.00531 0 0 39.73160 0.09195
fb: 0.00000 0.06187 0.04132 -0.04449
fb: 0.00000 0.05212 0.04132 -0.04449
target: 0.00000 0.07649
dist/lin/ang/drive_left/drive_right/tv_l/tv_r/av_l/av_r/x/y/theta/t_err: 0.08135 0.00000 0.58475 -0.05212 0.05212 -0.00806 0.00786 -0.00806 0.00786 0 0 40.33891 0.08135
fb: 0.00000 0.04208 -0.04673 0.05315
fb: 0.00000 0.03149 -0.04673 0.05315
target: 0.00000 0.07124
dist/lin/ang/drive_left/drive_right/tv_l/tv_r/av_l/av_r/x/y/theta/t_err: 0.07378 0.00000 0.54459 -0.03149 0.03149 0.00719 -0.00444 0.00719 -0.00444 0 0 40.77282 0.07378
fb: 0.00000 0.02146 -0.06311 0.06943
fb: 0.00000 0.01233 -0.06311 0.06943
target: 0.00000 0.06935
dist/lin/ang/drive_left/drive_right/tv_l/tv_r/av_l/av_r/x/y/theta/t_err: 0.06931 0.00000 0.53019 -0.01233 0.01233 -0.04583 0.05050 -0.04583 0.05050 0 0 41.02863 0.06931
fb: 0.00000 0.00327 -0.07701 0.08329
fb: 0.00000 -0.00432 -0.07701 0.08329
target: 0.00000 0.07039
dist/lin/ang/drive_left/drive_right/tv_l/tv_r/av_l/av_r/x/y/theta/t_err: 0.06777 0.00000 0.53809 0.00432 -0.00432 -0.06467 0.06808 -0.06467 0.06808 0 0 41.11721 0.06777
fb: 0.00000 -0.00996 -0.09084 0.09714
fb: 0.00000 -0.00780 -0.09084 0.09714
target: 0.00000 0.07344
dist/lin/ang/drive_left/drive_right/tv_l/tv_r/av_l/av_r/x/y/theta/t_err: 0.06860 0.00000 0.56145 0.00780 -0.00780 -0.07514 0.07767 -0.07514 0.07767 0 0 41.06967 0.06860
fb: 0.00000 0.00369 -0.10198 0.10834
fb: 0.00000 0.01421 -0.10198 0.10834
target: 0.00000 0.07396
dist/lin/ang/drive_left/drive_right/tv_l/tv_r/av_l/av_r/x/y/theta/t_err: 0.06924 0.00000 0.56540 -0.01421 0.01421 -0.08592 0.08503 -0.08592 0.08503 0 0 41.03261 0.06924
fb: 0.00000 0.01916 -0.09091 0.09728
fb: 0.00000 0.02035 -0.09091 0.09728
target: 0.00000 0.06888
dist/lin/ang/drive_left/drive_right/tv_l/tv_r/av_l/av_r/x/y/theta/t_err: 0.06697 0.00000 0.52653 -0.02035 0.02035 -0.08883 0.08814 -0.08883 0.08814 0 0 41.16293 0.06697
fb: 0.00000 0.02209 -0.06229 0.06856
fb: 0.00000 0.02411 -0.06229 0.06856
target: 0.00000 0.06464
dist/lin/ang/drive_left/drive_right/tv_l/tv_r/av_l/av_r/x/y/theta/t_err: 0.06377 0.00000 0.49419 -0.02411 0.02411 -0.07783 0.07442 -0.07783 0.07442 0 0 41.34608 0.06377
fb: 0.00000 0.02592 -0.06329 0.06948
fb: 0.00000 0.02508 -0.06329 0.06948
target: 0.00000 0.06025
dist/lin/ang/drive_left/drive_right/tv_l/tv_r/av_l/av_r/x/y/theta/t_err: 0.06007 0.00000 0.46058 -0.02508 0.02508 -0.05817 0.05647 -0.05817 0.05647 0 0 41.55850 0.06007
fb: 0.00000 0.02146 -0.05961 0.06570
fb: 0.00000 0.01721 -0.05961 0.06570
target: 0.00000 0.05640
dist/lin/ang/drive_left/drive_right/tv_l/tv_r/av_l/av_r/x/y/theta/t_err: 0.05640 0.00000 0.43119 -0.01721 0.01721 -0.05475 0.05575 -0.05475 0.05575 0 0 41.76849 0.05640
fb: 0.00000 0.01240 -0.05951 0.06554
fb: 0.00000 0.00836 -0.05951 0.06554
target: 0.00000 0.05486
dist/lin/ang/drive_left/drive_right/tv_l/tv_r/av_l/av_r/x/y/theta/t_err: 0.05392 0.00000 0.41938 -0.00836 0.00836 -0.04825 0.05525 -0.04825 0.05525 0 0 41.91066 0.05392
fb: 0.00000 0.00481 -0.06882 0.07481
fb: 0.00000 0.00230 -0.06882 0.07481
target: 0.00000 0.05472
dist/lin/ang/drive_left/drive_right/tv_l/tv_r/av_l/av_r/x/y/theta/t_err: 0.05270 0.00000 0.41834 -0.00230 0.00230 -0.04947 0.05867 -0.04947 0.05867 0 0 41.98050 0.05270
fb: 0.00000 0.00070 -0.07508 0.08107
fb: 0.00000 0.00111 -0.07508 0.08107
target: 0.00000 0.05519
dist/lin/ang/drive_left/drive_right/tv_l/tv_r/av_l/av_r/x/y/theta/t_err: 0.05237 0.00000 0.42194 -0.00111 0.00111 -0.05750 0.06894 -0.05750 0.06894 0 0 41.99922 0.05237
fb: 0.00000 0.00195 -0.07812 0.08412
fb: 0.00000 0.00383 -0.07812 0.08412
target: 0.00000 0.05514
dist/lin/ang/drive_left/drive_right/tv_l/tv_r/av_l/av_r/x/y/theta/t_err: 0.05220 0.00000 0.42156 -0.00383 0.00383 -0.06553 0.07442 -0.06553 0.07442 0 0 42.00935 0.05220
fb: 0.00000 0.00613 -0.07574 0.08174
fb: 0.00000 0.00746 -0.07574 0.08174
target: 0.00000 0.05402
dist/lin/ang/drive_left/drive_right/tv_l/tv_r/av_l/av_r/x/y/theta/t_err: 0.05154 0.00000 0.41294 -0.00746 0.00746 -0.06639 0.07494 -0.06639 0.07494 0 0 42.04674 0.05154
fb: 0.00000 0.00815 -0.07014 0.07612
fb: 0.00000 0.00794 -0.07014 0.07612
target: 0.00000 0.05238
dist/lin/ang/drive_left/drive_right/tv_l/tv_r/av_l/av_r/x/y/theta/t_err: 0.05042 0.00000 0.40047 -0.00794 0.00794 -0.06656 0.07117 -0.06656 0.07117 0 0 42.11141 0.05042
fb: 0.00000 0.00732 -0.06678 0.07272
fb: 0.00000 0.00557 -0.06678 0.07272
target: 0.00000 0.05108
dist/lin/ang/drive_left/drive_right/tv_l/tv_r/av_l/av_r/x/y/theta/t_err: 0.04923 0.00000 0.39052 -0.00557 0.00557 -0.06486 0.06658 -0.06486 0.06658 0 0 42.17914 0.04923
fb: 0.00000 0.00411 -0.06739 0.07331
fb: 0.00000 0.00293 -0.06739 0.07331
final error was 2.77804
position: -0.22071 -0.12194 42.22196
took 0.84000 time to finish turn
WARNING - pros.serial.terminal.terminal:stop - Stopping terminal - pros-cli version:3.5.6

[tomas@nixbtw:~/projects/Robotics/current/Cognex]$

