
[tomas@nixbtw:~/projects/Robotics/current/Cognex]$ t
Not sending analytics for this command.

Established terminal connection



         _+=+_
      .-`  .  `-.          8888888b.  8888888b.   .d88888b.   .d8888b.
   _+`     "     `+_       888   Y88b 888   Y88b d88P" "Y88b d88P  Y88b
  \\\sssssssssssss///      888    888 888    888 888     888 Y88b.
     .ss\  *  /ss.         888   d88P 888   d88P 888     888  "Y888b.
 .+bm  .s  *  s.  md+.     8888888P"  8888888P"  888     888     "Y88b.
.hMMMMs .  *  . sMMMMh.    888        888 T88b   888     888       "888
 `\hMMMb \ | / dMMMh:      888        888  T88b  Y88b. .d88P Y88b  d88P
   -SNMNo  -  oNMNs-       888        888   T88b  "Y88888P"   "Y8888P"
     `+dMh\./dMd/
        `:yNy:`                      Powered by PROS for VEX V5
           "                Copyright (c) Purdue University ACM SIGBots
Version:        4.2.1     Platform:  V1.1.5 (b18)     Uptime:    0.000 s
Compiled:   Jan  1 1980 00:00:00     Directory:


bouncing done
health done
auton done
calibrated!
starting task: 2308280
initializing odom model
timed correctly: 2311153
initializing pf model
initializing smoother model
start is 0.000 0.000
dist/lin/ang/drive_left/drive_right/tv_l/tv_r/av_l/av_r/x/y/theta/t_err: 0.64257 0.09144 3.21750 0.00000 0.00000 -0.00017 -0.00017 -0.00017 -0.00017 0.00000 0.00000 0.00000 0.32175
target: 0.09144 0.42088
fb: 0.00000 0.00000 -0.10430 0.55104
fb: 0.00000 0.00000 -0.10430 0.55104
dist/lin/ang/drive_left/drive_right/tv_l/tv_r/av_l/av_r/x/y/theta/t_err: 0.64257 0.18288 3.21750 0.00000 0.00000 -0.00033 0.04944 -0.00033 0.04944 0.00000 0.00000 0.00001 0.32175
target: 0.18288 0.42088
fb: 0.00000 0.00348 0.10816 0.68545
fb: 0.00000 0.01986 0.10816 0.68545
dist/lin/ang/drive_left/drive_right/tv_l/tv_r/av_l/av_r/x/y/theta/t_err: 0.64257 0.27432 3.21614 -0.01986 0.01986 -0.06486 0.41750 -0.06486 0.41750 0.00000 0.00000 0.00783 0.32161
target: 0.27432 0.42070
fb: 0.00000 0.03965 0.19241 0.76946
fb: 0.00000 0.05581 0.19241 0.76946
dist/lin/ang/drive_left/drive_right/tv_l/tv_r/av_l/av_r/x/y/theta/t_err: 0.64257 0.36576 3.17813 -0.05581 0.05581 0.09272 0.51333 0.09272 0.51333 0.00000 0.00000 0.22559 0.31781
target: 0.36576 0.41573
fb: 0.00000 0.06772 0.27986 0.85015
fb: 0.00000 0.06793 0.27986 0.85015
dist/lin/ang/drive_left/drive_right/tv_l/tv_r/av_l/av_r/x/y/theta/t_err: 0.64257 0.45720 3.08939 -0.06793 0.06793 0.18908 0.49228 0.18908 0.49228 0.00000 0.00000 0.73404 0.30894
target: 0.45720 0.40412
fb: 0.05627 0.05985 0.34082 0.89532
fb: 0.14166 0.04822 0.29385 0.84835
dist/lin/ang/drive_left/drive_right/tv_l/tv_r/av_l/av_r/x/y/theta/t_err: 0.64150 0.54864 2.99499 0.09345 0.18988 0.25475 0.41869 0.25475 0.41869 0.04430 0.00090 1.30478 0.29950
target: 0.54864 0.39177
fb: 0.19197 0.03735 0.58395 1.00000
fb: 0.21713 0.03080 0.57012 1.00000
dist/lin/ang/drive_left/drive_right/tv_l/tv_r/av_l/av_r/x/y/theta/t_err: 0.63783 0.64008 2.94285 0.18633 0.24793 0.31278 0.41819 0.31278 0.41819 0.19540 0.00493 1.70398 0.29428
target: 0.64008 0.38495
fb: 0.22309 0.02669 0.65928 1.00000
fb: 0.23478 0.02564 0.65285 1.00000
dist/lin/ang/drive_left/drive_right/tv_l/tv_r/av_l/av_r/x/y/theta/t_err: 0.63356 0.73152 2.91761 0.20914 0.26042 0.45533 0.61514 0.45533 0.61514 0.37097 0.01057 1.96472 0.29176
target: 0.73152 0.38165
fb: 0.31996 0.02933 0.69609 1.00000
fb: 0.38968 0.02933 0.65774 1.00000
dist/lin/ang/drive_left/drive_right/tv_l/tv_r/av_l/av_r/x/y/theta/t_err: 0.62743 0.82296 2.90576 0.36035 0.41902 0.57306 0.69419 0.57306 0.69419 0.62274 0.01977 2.19942 0.29058
target: 0.82296 0.38010
fb: 0.42080 0.03456 0.72954 1.00000
fb: 0.48677 0.03456 0.69325 1.00000
dist/lin/ang/drive_left/drive_right/tv_l/tv_r/av_l/av_r/x/y/theta/t_err: 0.61936 0.91440 2.89394 0.45222 0.52133 0.55544 0.73558 0.55544 0.73558 0.95381 0.03294 2.48920 0.28939
target: 0.91440 0.37856
fb: 0.53333 0.03867 0.75656 1.00000
fb: 0.56047 0.04020 0.74163 1.00000
dist/lin/ang/drive_left/drive_right/tv_l/tv_r/av_l/av_r/x/y/theta/t_err: 0.60915 1.00584 2.91570 0.52027 0.60068 0.58947 0.77886 0.58947 0.77886 1.37335 0.05148 2.65011 0.29157
target: 1.00584 0.38140
fb: 0.55077 0.04048 0.83293 1.00000
fb: 0.61674 0.04515 0.79665 1.00000
dist/lin/ang/drive_left/drive_right/tv_l/tv_r/av_l/av_r/x/y/theta/t_err: 0.59860 1.09728 2.90602 0.57159 0.66189 0.60864 0.82969 0.60864 0.82969 1.80650 0.07285 3.00562 0.29060
target: 1.09728 0.38014
fb: 0.65955 0.05031 0.86183 1.00000
fb: 0.73126 0.05428 0.82238 1.00000
dist/lin/ang/drive_left/drive_right/tv_l/tv_r/av_l/av_r/x/y/theta/t_err: 0.58596 1.10736 2.89832 0.67699 0.78554 0.62200 0.84067 0.62200 0.84067 2.32502 0.10181 3.41518 0.28983
target: 1.10736 0.37913
fb: 0.81070 0.05679 0.46360 0.99567
fb: 0.72133 0.06090 0.51275 1.00000
dist/lin/ang/drive_left/drive_right/tv_l/tv_r/av_l/av_r/x/y/theta/t_err: 0.57042 1.10820 2.89386 0.66044 0.78223 0.62867 0.83089 0.62867 0.83089 2.96207 0.14244 3.89981 0.28939
target: 1.10820 0.37855
fb: 0.79702 0.06410 0.43540 0.96530
fb: 0.93295 0.06424 0.36064 0.89054
dist/lin/ang/drive_left/drive_right/tv_l/tv_r/av_l/av_r/x/y/theta/t_err: 0.55514 1.11074 2.88046 0.86871 0.99719 0.48664 0.56825 0.48664 0.56825 3.58797 0.18827 4.43815 0.28805
target: 1.11074 0.37679
fb: 0.88639 0.05372 0.39665 0.92445
fb: 0.86300 0.04975 0.40952 0.93731
dist/lin/ang/drive_left/drive_right/tv_l/tv_r/av_l/av_r/x/y/theta/t_err: 0.53814 1.11073 2.88052 0.81325 0.91275 0.39150 0.62556 0.39150 0.62556 4.28356 0.24549 4.96564 0.28805
target: 1.11073 0.37680
fb: 0.91132 0.05365 0.37271 0.90013
fb: 0.89786 0.06124 0.38011 0.90753
dist/lin/ang/drive_left/drive_right/tv_l/tv_r/av_l/av_r/x/y/theta/t_err: 0.52067 1.10702 2.90009 0.83662 0.95911 0.38789 0.62300 0.38789 0.62300 4.99819 0.31041 5.41572 0.29001
target: 1.10702 0.37936
fb: 0.92125 0.06884 0.34716 0.87748
fb: 0.94266 0.08103 0.33539 0.86570
dist/lin/ang/drive_left/drive_right/tv_l/tv_r/av_l/av_r/x/y/theta/t_err: 0.50301 1.10593 2.90588 0.86162 1.02369 0.36958 0.63139 0.36958 0.63139 5.72001 0.38239 5.97294 0.29059
target: 1.10593 0.38012
fb: 0.93096 0.09072 0.35073 0.88246
fb: 0.98326 0.10005 0.32197 0.85369
dist/lin/ang/drive_left/drive_right/tv_l/tv_r/av_l/av_r/x/y/theta/t_err: 0.48517 1.10979 2.88549 0.88320 1.08331 0.34256 0.66561 0.34256 0.66561 6.44857 0.46326 6.70644 0.28855
target: 1.10979 0.37745
fb: 0.93670 0.10800 0.37290 0.90178
fb: 0.96582 0.11733 0.35689 0.88576
dist/lin/ang/drive_left/drive_right/tv_l/tv_r/av_l/av_r/x/y/theta/t_err: 0.46720 1.11818 2.84138 0.84849 1.08316 0.33967 0.67672 0.33967 0.67672 7.18042 0.55474 7.59686 0.28414
target: 1.11818 0.37168
fb: 1.02981 0.12702 0.35176 0.87354
fb: 0.94067 0.13914 0.40079 0.92258
dist/lin/ang/drive_left/drive_right/tv_l/tv_r/av_l/av_r/x/y/theta/t_err: 0.44742 1.12902 2.78484 0.80152 1.07981 0.35078 0.67794 0.35078 0.67794 7.98321 0.66895 8.63809 0.27848
target: 1.12902 0.36429
fb: 0.97156 0.15064 0.40892 0.92111
fb: 0.95015 0.16046 0.42069 0.93288
dist/lin/ang/drive_left/drive_right/tv_l/tv_r/av_l/av_r/x/y/theta/t_err: 0.42871 1.12717 2.68815 0.78969 1.11062 0.38244 0.76844 0.38244 0.76844 8.73821 0.79218 9.87843 0.26881
target: 1.12717 0.35164
fb: 0.95236 0.17071 0.37543 0.86850
fb: 1.05695 0.18429 0.31791 0.81098
dist/lin/ang/drive_left/drive_right/tv_l/tv_r/av_l/av_r/x/y/theta/t_err: 0.41031 1.12751 2.55691 0.87266 1.24124 0.40075 0.58022 0.40075 0.58022 9.47525 0.93036 11.30358 0.25569
target: 1.12751 0.33447
fb: 0.98700 0.19286 0.37698 0.84703
fb: 1.02010 0.19495 0.35877 0.82883
dist/lin/ang/drive_left/drive_right/tv_l/tv_r/av_l/av_r/x/y/theta/t_err: 0.39117 1.13158 2.39386 0.82515 1.21505 0.34103 0.67264 0.34103 0.67264 10.23519 1.09296 12.93122 0.23939
target: 1.13158 0.31314
fb: 1.06666 0.19412 0.36630 0.80795
fb: 1.00267 0.19600 0.40150 0.84314
dist/lin/ang/drive_left/drive_right/tv_l/tv_r/av_l/av_r/x/y/theta/t_err: 0.37041 1.13260 2.22581 0.80667 1.19866 0.35094 0.72069 0.35094 0.72069 11.05096 1.29270 14.63017 0.22258
target: 1.13260 0.29116
fb: 1.02208 0.20269 0.39431 0.80561
fb: 1.05496 0.21195 0.37623 0.78752
dist/lin/ang/drive_left/drive_right/tv_l/tv_r/av_l/av_r/x/y/theta/t_err: 0.35043 1.13550 2.04417 0.84301 1.26692 0.38003 0.74178 0.38003 0.74178 11.82646 1.50776 16.35912 0.20442
target: 1.13550 0.26740
fb: 1.02782 0.22331 0.41736 0.79665
fb: 1.03378 0.23390 0.41409 0.79338
dist/lin/ang/drive_left/drive_right/tv_l/tv_r/av_l/av_r/x/y/theta/t_err: 0.33026 1.14152 1.83328 0.79987 1.26768 0.37694 0.72311 0.37694 0.72311 12.59926 1.74801 18.23577 0.18333
target: 1.14152 0.23981
fb: 1.06665 0.24212 0.43278 0.77508
fb: 1.01811 0.24839 0.45948 0.80178
dist/lin/ang/drive_left/drive_right/tv_l/tv_r/av_l/av_r/x/y/theta/t_err: 0.30924 1.15007 1.58796 0.76971 1.26650 0.40519 0.73097 0.40519 0.73097 13.39215 2.02490 20.29299 0.15880
target: 1.15007 0.20772
fb: 1.05893 0.25146 0.47685 0.77596
fb: 1.08805 0.25362 0.46083 0.75994
dist/lin/ang/drive_left/drive_right/tv_l/tv_r/av_l/av_r/x/y/theta/t_err: 0.28828 1.16187 1.31031 0.83443 1.34167 0.43719 0.72689 0.43719 0.72689 14.16834 2.32936 22.46767 0.13103
target: 1.16187 0.17140
fb: 1.02406 0.25738 0.54469 0.79500
fb: 1.09578 0.25912 0.50524 0.75555
dist/lin/ang/drive_left/drive_right/tv_l/tv_r/av_l/av_r/x/y/theta/t_err: 0.26794 1.17644 1.00698 0.83665 1.35490 0.46472 0.72381 0.46472 0.72381 14.90737 2.65179 24.69412 0.10070
target: 1.17644 0.13172
fb: 1.10350 0.26031 0.55272 0.74962
fb: 1.06466 0.26108 0.57408 0.77098
dist/lin/ang/drive_left/drive_right/tv_l/tv_r/av_l/av_r/x/y/theta/t_err: 0.24595 1.18680 0.68522 0.80359 1.32574 0.50544 0.72172 0.50544 0.72172 15.68971 3.02976 26.95691 0.06852
target: 1.18680 0.08963
fb: 1.16749 0.26135 0.53876 0.67788
fb: 1.14410 0.26038 0.55163 0.69074
dist/lin/ang/drive_left/drive_right/tv_l/tv_r/av_l/av_r/x/y/theta/t_err: 0.22263 1.19304 0.33856 0.88372 1.40448 0.53900 0.72325 0.53900 0.72325 16.50041 3.46309 29.23221 0.03386
target: 1.19304 0.04429
fb: 1.13064 0.25752 0.58651 0.64745
fb: 1.13660 0.25418 0.58324 0.64417
dist/lin/ang/drive_left/drive_right/tv_l/tv_r/av_l/av_r/x/y/theta/t_err: 0.20002 1.18490 -0.04194 0.88242 1.39078 0.54325 0.67197 0.54325 0.67197 17.26819 3.91365 31.49889 -0.00419
target: 1.18490 -0.00549
fb: 1.12490 0.24895 0.54922 0.55815
fb: 1.19463 0.24380 0.51087 0.51980
dist/lin/ang/drive_left/drive_right/tv_l/tv_r/av_l/av_r/x/y/theta/t_err: 0.17754 1.12367 -0.45784 0.95084 1.43843 0.56347 0.62761 0.56347 0.62761 18.01405 4.39133 33.70719 -0.04578
target: 1.12367 -0.05989
fb: 1.14807 0.23523 0.30261 0.22707
fb: 1.11696 0.22847 0.31972 0.24418
dist/lin/ang/drive_left/drive_right/tv_l/tv_r/av_l/av_r/x/y/theta/t_err: 0.15398 1.04646 -0.82462 0.88850 1.34543 0.47550 0.52478 0.47550 0.52478 18.75687 4.90646 35.80867 -0.08246
target: 1.04646 -0.10787
fb: 1.18095 0.21983 0.17857 -0.09332
fb: 1.13859 0.21091 0.20187 -0.07001
dist/lin/ang/drive_left/drive_right/tv_l/tv_r/av_l/av_r/x/y/theta/t_err: 0.12978 0.96073 -1.16893 0.92768 1.34950 0.33453 0.31706 0.33453 0.31706 19.50125 5.46371 37.78147 -0.11689
target: 0.96073 -0.15291
fb: 1.10748 0.20777 0.13270 -0.20249
fb: 1.07239 0.19697 0.15200 -0.18319
dist/lin/ang/drive_left/drive_right/tv_l/tv_r/av_l/av_r/x/y/theta/t_err: 0.10695 0.87216 -1.49017 0.87542 1.26937 0.21969 -0.04328 0.21969 -0.04328 20.18153 6.00923 39.62202 -0.14902
target: 0.87216 -0.19493
fb: 1.02782 0.16834 0.10818 -0.28538
fb: 1.06269 0.14416 0.08901 -0.30456
dist/lin/ang/drive_left/drive_right/tv_l/tv_r/av_l/av_r/x/y/theta/t_err: 0.08570 0.78070 -1.77710 0.91853 1.20685 0.16989 -0.18139 0.16989 -0.18139 20.79703 6.53469 41.26600 -0.17771
target: 0.78070 -0.23246
fb: 0.92699 0.12493 0.08935 -0.35651
fb: 0.88241 0.11747 0.11387 -0.33200
dist/lin/ang/drive_left/drive_right/tv_l/tv_r/av_l/av_r/x/y/theta/t_err: 0.06660 0.68823 -1.98781 0.76494 0.99989 0.12269 -0.28058 0.12269 -0.28058 21.34075 7.02165 42.47326 -0.19878
target: 0.68823 -0.26002
fb: 0.91154 0.11469 -0.09463 -0.46092
fb: 0.78952 0.11113 0.09053 -0.39381
dist/lin/ang/drive_left/drive_right/tv_l/tv_r/av_l/av_r/x/y/theta/t_err: 0.04788 0.58354 -2.16406 0.67838 0.90065 0.13056 -0.33728 0.13056 -0.33728 21.86595 7.51085 43.48311 -0.21641
target: 0.58354 -0.28308
fb: 0.73303 0.10096 -0.13051 -0.53093
fb: 0.66308 0.08668 -0.09204 -0.49246
dist/lin/ang/drive_left/drive_right/tv_l/tv_r/av_l/av_r/x/y/theta/t_err: 0.03275 0.48259 -2.32888 0.57640 0.74976 0.07358 -0.37267 0.07358 -0.37267 22.28138 7.91154 44.42748 -0.23289
target: 0.48259 -0.30464
fb: 0.61476 0.07016 0.14711 -0.35014
fb: 0.55672 0.05428 0.17903 -0.31823
dist/lin/ang/drive_left/drive_right/tv_l/tv_r/av_l/av_r/x/y/theta/t_err: 0.02009 0.37797 -2.45396 0.50245 0.61100 -0.07547 -0.27511 -0.07547 -0.27511 22.62478 8.25270 45.14410 -0.24540
target: 0.37797 -0.32100
fb: 0.48677 0.04348 0.12486 -0.39465
fb: 0.47905 0.03937 0.12910 -0.39040
dist/lin/ang/drive_left/drive_right/tv_l/tv_r/av_l/av_r/x/y/theta/t_err: 0.01012 0.26829 -2.53260 0.43968 0.51842 0.14219 -0.31569 0.14219 -0.31569 22.89397 8.52555 45.59468 -0.25326
target: 0.26829 -0.33129
fb: 0.42874 0.03184 0.05265 -0.48084
fb: 0.35879 0.01303 0.09113 -0.44237
dist/lin/ang/drive_left/drive_right/tv_l/tv_r/av_l/av_r/x/y/theta/t_err: 0.00138 0.00035 -2.58879 0.34576 0.37182 0.13875 -0.35436 0.13875 -0.35436 23.12950 8.76740 45.91663 -0.25888
target: 0.00035 -0.33864
fb: 0.31797 -0.01275 -0.52260 -0.98804
fb: 0.28708 -0.03937 -0.50561 -0.97105
dist/lin/ang/drive_left/drive_right/tv_l/tv_r/av_l/av_r/x/y/theta/t_err: -0.00501 -0.00125 -2.59781 0.32644 0.24771 0.09872 -0.31228 0.09872 -0.31228 23.30352 8.94740 45.96835 -0.25978
target: -0.00125 -0.33982
fb: 0.25994 -0.06396 0.11939 -0.42570
fb: 0.22287 -0.08243 0.13978 -0.40531
dist/lin/ang/drive_left/drive_right/tv_l/tv_r/av_l/av_r/x/y/theta/t_err: -0.01000 -0.26667 -2.52825 0.30529 0.14044 -0.25942 -0.27358 -0.25942 -0.27358 23.44623 9.09412 45.56977 -0.25282
target: -0.26667 -0.33072
fb: 0.14541 -0.09023 -0.67359 -1.00000
fb: 0.08738 -0.09309 -0.64167 -1.00000
dist/lin/ang/drive_left/drive_right/tv_l/tv_r/av_l/av_r/x/y/theta/t_err: -0.01253 -0.29850 -2.40005 0.18047 -0.00571 0.06775 -0.34597 0.06775 -0.34597 23.52683 9.17545 44.83524 -0.24000
target: -0.29850 -0.31395
fb: 0.05230 -0.10152 -0.19571 -0.62758
fb: 0.02913 -0.11218 -0.18297 -0.61483
final error: 1.28345, x: 0.44378, y: -1.20429
final local error: 1.28345, forwards: -0.51723, sideways: -1.17462
position: 23.55622 9.20429 43.99444
took 0.96000 time to finish turn
increased kp to 10.10000
increased kp to 10.20000
increased kp to 10.30000
increased kp to 10.40000
increased kp to 10.50000
increased kp to 10.60000
increased kp to 10.70000
increased kp to 10.80000
increased kp to 10.90000
increased kp to 11.00000
increased kp to 11.10000
increased kp to 11.20000
increased kp to 11.30000
increased kp to 11.40000
increased kp to 11.50000
increased kp to 11.60000
increased kp to 11.70000
increased kp to 11.80000
increased kp to 11.90000
increased kp to 12.00000
increased kp to 12.10000
increased kp to 12.20000
increased kp to 12.30000
increased kp to 12.40000
increased kp to 12.50000
increased kp to 12.60000
increased kp to 12.70000
increased kp to 12.80000
increased kp to 12.90000
increased kp to 13.00000
increased kp to 13.10000
increased kp to 13.20000
increased kp to 13.30000
start is 0.00000 0.00000
dist/lin/ang/drive_left/drive_right/tv_l/tv_r/av_l/av_r/x/y/theta/t_err: 0.64257 0.09144 4.27927 0.00000 0.00000 0.00017 0.00000 0.00017 0.00000 0.00000 0.00000 0.00006 0.32175
target: 0.09144 0.55977
fb: 0.00000 0.00000 -0.19736 0.64687
fb: 0.00000 0.00000 -0.19736 0.64687
dist/lin/ang/drive_left/drive_right/tv_l/tv_r/av_l/av_r/x/y/theta/t_err: 0.64257 0.18288 4.27931 0.00000 0.00000 -0.06603 0.02719 -0.06603 0.02719 0.00000 0.00000 -0.00013 0.32175
target: 0.18288 0.55978
fb: 0.00000 0.00056 -0.06294 0.78129
fb: 0.00000 0.01184 -0.06294 0.78129
dist/lin/ang/drive_left/drive_right/tv_l/tv_r/av_l/av_r/x/y/theta/t_err: 0.64257 0.27432 4.27901 -0.01184 0.01184 -0.13400 0.41169 -0.13400 0.41169 0.00000 0.00000 0.00118 0.32173
target: 0.27432 0.55974
fb: 0.00000 0.03449 0.09925 0.86539
fb: 0.00000 0.05379 0.09925 0.86539
dist/lin/ang/drive_left/drive_right/tv_l/tv_r/av_l/av_r/x/y/theta/t_err: 0.64257 0.36576 4.24210 -0.05379 0.05379 -0.01917 0.37642 -0.01917 0.37642 0.00000 0.00000 0.16017 0.31896
target: 0.36576 0.55491
fb: 0.00000 0.07121 0.18661 0.94618
fb: 0.00397 0.08041 0.18443 0.94400
dist/lin/ang/drive_left/drive_right/tv_l/tv_r/av_l/av_r/x/y/theta/t_err: 0.64257 0.45720 4.12451 -0.07643 0.08438 0.10864 0.43956 0.10864 0.43956 0.00000 0.00000 0.66677 0.31011
target: 0.45720 0.53953
fb: 0.07171 0.08779 0.24160 0.98025
fb: 0.13372 0.09615 0.20750 0.94615
dist/lin/ang/drive_left/drive_right/tv_l/tv_r/av_l/av_r/x/y/theta/t_err: 0.64121 0.54864 3.96725 0.03757 0.22987 0.18308 0.52647 0.18308 0.52647 0.05646 0.00116 1.38226 0.29829
target: 0.54864 0.51896
fb: 0.14740 0.10772 0.52326 1.00000
fb: 0.18624 0.11343 0.50190 1.00000
dist/lin/ang/drive_left/drive_right/tv_l/tv_r/av_l/av_r/x/y/theta/t_err: 0.63838 0.64008 3.78329 0.07280 0.29967 0.24931 0.45381 0.24931 0.45381 0.17246 0.00486 2.25052 0.28446
target: 0.64008 0.49489
fb: 0.21911 0.11197 0.58781 1.00000
fb: 0.25795 0.10194 0.56645 1.00000
dist/lin/ang/drive_left/drive_right/tv_l/tv_r/av_l/av_r/x/y/theta/t_err: 0.63417 0.73152 3.58074 0.15601 0.35989 0.43136 0.48097 0.43136 0.48097 0.34479 0.01314 3.23092 0.26923
target: 0.73152 0.46840
fb: 0.31223 0.09267 0.64222 1.00000
fb: 0.34710 0.08535 0.62305 1.00000
dist/lin/ang/drive_left/drive_right/tv_l/tv_r/av_l/av_r/x/y/theta/t_err: 0.62814 0.82296 3.41348 0.26174 0.43245 0.49144 0.68203 0.49144 0.68203 0.59013 0.02897 4.09854 0.25665
target: 0.82296 0.44652
fb: 0.38417 0.08055 0.70519 1.00000
fb: 0.40138 0.07546 0.69572 1.00000
dist/lin/ang/drive_left/drive_right/tv_l/tv_r/av_l/av_r/x/y/theta/t_err: 0.62069 0.91440 3.28302 0.32592 0.47684 0.48081 0.74772 0.48081 0.74772 0.89170 0.05263 4.83591 0.24684
target: 0.91440 0.42945
fb: 0.47905 0.07671 0.75231 1.00000
fb: 0.57614 0.07720 0.69891 1.00000
dist/lin/ang/drive_left/drive_right/tv_l/tv_r/av_l/av_r/x/y/theta/t_err: 0.61139 1.00584 3.17811 0.49894 0.65334 0.51333 0.78006 0.51333 0.78006 1.26735 0.08682 5.50174 0.23896
target: 1.00584 0.41573
fb: 0.57195 0.07685 0.79829 1.00000
fb: 0.58364 0.07776 0.79185 1.00000
dist/lin/ang/drive_left/drive_right/tv_l/tv_r/av_l/av_r/x/y/theta/t_err: 0.60027 1.09728 3.07962 0.50589 0.66140 0.55472 0.79019 0.55472 0.79019 1.71536 0.13261 6.17824 0.23155
target: 1.09728 0.40285
fb: 0.64190 0.07657 0.85632 1.00000
fb: 0.67102 0.07692 0.84030 1.00000
dist/lin/ang/drive_left/drive_right/tv_l/tv_r/av_l/av_r/x/y/theta/t_err: 0.58776 1.18872 2.98784 0.59410 0.74795 0.59919 0.84664 0.59919 0.84664 2.21752 0.19004 6.85348 0.22465
target: 1.18872 0.39084
fb: 0.71957 0.08027 0.90952 1.00000
fb: 0.80496 0.08361 0.86255 1.00000
dist/lin/ang/drive_left/drive_right/tv_l/tv_r/av_l/av_r/x/y/theta/t_err: 0.57372 1.24989 2.90165 0.72135 0.88857 0.63278 0.85539 0.63278 0.85539 2.77963 0.26110 7.53634 0.21817
target: 1.24989 0.37956
fb: 0.81644 0.08696 0.80151 1.00000
fb: 0.79901 0.09253 0.81110 1.00000
dist/lin/ang/drive_left/drive_right/tv_l/tv_r/av_l/av_r/x/y/theta/t_err: 0.55777 1.26406 2.81174 0.70648 0.89154 0.50169 0.88222 0.50169 0.88222 3.41640 0.34944 8.27638 0.21141
target: 1.26406 0.36780
fb: 0.87293 0.09929 0.60392 1.00000
fb: 0.94839 0.10542 0.56242 1.00000
dist/lin/ang/drive_left/drive_right/tv_l/tv_r/av_l/av_r/x/y/theta/t_err: 0.54068 1.28075 2.70685 0.84297 1.05381 0.58281 0.90706 0.58281 0.90706 4.09583 0.45338 9.10314 0.20352
target: 1.28075 0.35408
fb: 1.01216 0.11274 0.56268 1.00000
fb: 0.95214 0.11963 0.59569 1.00000
dist/lin/ang/drive_left/drive_right/tv_l/tv_r/av_l/av_r/x/y/theta/t_err: 0.52084 1.29991 2.58786 0.83251 1.07178 0.56278 0.92158 0.56278 0.92158 4.88168 0.58603 10.04762 0.19458
target: 1.29991 0.33852
fb: 0.94640 0.12625 0.63751 1.00000
fb: 1.02209 0.13378 0.59588 1.00000
dist/lin/ang/drive_left/drive_right/tv_l/tv_r/av_l/av_r/x/y/theta/t_err: 0.50225 1.32507 2.43365 0.88831 1.15587 0.57936 0.92536 0.57936 0.92536 5.61415 0.72314 11.10889 0.18298
target: 1.32507 0.31835
fb: 1.09005 0.13872 0.62024 1.00000
fb: 1.15382 0.14151 0.58517 1.00000
dist/lin/ang/drive_left/drive_right/tv_l/tv_r/av_l/av_r/x/y/theta/t_err: 0.48078 1.35324 2.26378 1.01231 1.29533 0.58794 0.92828 0.58794 0.92828 6.45456 0.89750 12.28613 0.17021
target: 1.35324 0.29613
fb: 1.07041 0.14792 0.68505 1.00000
fb: 1.15978 0.15531 0.63590 1.00000
dist/lin/ang/drive_left/drive_right/tv_l/tv_r/av_l/av_r/x/y/theta/t_err: 0.45966 1.38560 2.07218 1.00447 1.31509 0.60692 0.93272 0.60692 0.93272 7.27614 1.08555 13.53569 0.15580
target: 1.38560 0.27106
fb: 1.24517 0.15977 0.65357 1.00000
fb: 1.16375 0.16694 0.69835 1.00000
dist/lin/ang/drive_left/drive_right/tv_l/tv_r/av_l/av_r/x/y/theta/t_err: 0.43503 1.40573 1.86704 0.99681 1.33069 0.62950 0.93528 0.62950 0.93528 8.22664 1.32598 14.89107 0.14038
target: 1.40573 0.24423
fb: 1.22774 0.17523 0.65153 1.00000
fb: 1.31490 0.17969 0.60360 0.95639
dist/lin/ang/drive_left/drive_right/tv_l/tv_r/av_l/av_r/x/y/theta/t_err: 0.41069 1.40691 1.62447 1.13521 1.49459 0.65703 0.93889 0.65703 0.93889 9.15750 1.58679 16.37028 0.12214
target: 1.40691 0.21250
fb: 1.20236 0.18283 0.61210 0.91891
fb: 1.27805 0.18555 0.57048 0.87729
dist/lin/ang/drive_left/drive_right/tv_l/tv_r/av_l/av_r/x/y/theta/t_err: 0.38679 1.41171 1.34966 1.09250 1.46360 0.61053 0.76211 0.61053 0.76211 10.06227 1.86546 17.94191 0.10148
target: 1.41171 0.17655
fb: 1.40404 0.18443 0.54436 0.80287
fb: 1.24120 0.18046 0.63392 0.89243
dist/lin/ang/drive_left/drive_right/tv_l/tv_r/av_l/av_r/x/y/theta/t_err: 0.35883 1.40692 1.06700 1.06074 1.42166 0.56500 0.72706 0.56500 0.72706 11.10922 2.22053 19.55206 0.08023
target: 1.40692 0.13957
fb: 1.30122 0.17767 0.58274 0.78948
fb: 1.35749 0.18011 0.55179 0.75853
dist/lin/ang/drive_left/drive_right/tv_l/tv_r/av_l/av_r/x/y/theta/t_err: 0.33286 1.40424 0.76994 1.17737 1.53760 0.59272 0.74861 0.59272 0.74861 12.06957 2.57754 21.12524 0.05789
target: 1.40424 0.10072
fb: 1.29173 0.18053 0.61983 0.77402
fb: 1.39632 0.17948 0.56231 0.71650
dist/lin/ang/drive_left/drive_right/tv_l/tv_r/av_l/av_r/x/y/theta/t_err: 0.30706 1.40035 0.45477 1.21684 1.57581 0.57217 0.73900 0.57217 0.73900 13.01310 2.95730 22.69474 0.03419
target: 1.40035 0.05949
fb: 1.36146 0.17795 0.60056 0.69846
fb: 1.33432 0.18164 0.61549 0.71339
dist/lin/ang/drive_left/drive_right/tv_l/tv_r/av_l/av_r/x/y/theta/t_err: 0.27984 1.39088 0.12021 1.15267 1.51596 0.57408 0.71489 0.57408 0.71489 13.99655 3.38390 24.25314 0.00904
target: 1.39088 0.01573
fb: 1.30916 0.18102 0.62989 0.66169
fb: 1.36146 0.17851 0.60112 0.63292
dist/lin/ang/drive_left/drive_right/tv_l/tv_r/av_l/av_r/x/y/theta/t_err: 0.25365 1.30390 -0.25100 1.18295 1.53997 0.59703 0.69161 0.59703 0.69161 14.93068 3.81975 25.82727 -0.01887
target: 1.30390 -0.03283
fb: 1.38661 0.17189 0.21792 0.18875
fb: 1.34778 0.16576 0.23928 0.21011
dist/lin/ang/drive_left/drive_right/tv_l/tv_r/av_l/av_r/x/y/theta/t_err: 0.22594 1.17200 -0.66150 1.18202 1.51354 0.56828 0.61683 0.56828 0.61683 15.90713 4.30818 27.37127 -0.04974
target: 1.17200 -0.08653
fb: 1.40206 0.15977 -0.17349 -0.30538
fb: 1.36146 0.15712 -0.15116 -0.28305
dist/lin/ang/drive_left/drive_right/tv_l/tv_r/av_l/av_r/x/y/theta/t_err: 0.19796 1.03963 -1.10971 1.20434 1.51858 0.24689 0.33536 0.24689 0.33536 16.88109 4.82793 28.79753 -0.08344
target: 1.03963 -0.14516
fb: 1.30916 0.15642 -0.21220 -0.42509
fb: 1.27033 0.14583 -0.19084 -0.40373
dist/lin/ang/drive_left/drive_right/tv_l/tv_r/av_l/av_r/x/y/theta/t_err: 0.17191 1.10573 -1.61898 1.12450 1.41616 -0.08453 -0.14475 -0.08453 -0.14475 17.77852 5.33509 30.16187 -0.12173
target: 1.10573 -0.21178
fb: 1.23348 0.13608 0.84951 0.58633
fb: 1.16177 0.13106 0.88895 0.62577
dist/lin/ang/drive_left/drive_right/tv_l/tv_r/av_l/av_r/x/y/theta/t_err: 0.14548 1.01717 -1.90839 1.03071 1.29283 -0.17231 -0.27156 -0.17231 -0.27156 18.61289 5.83218 31.40865 -0.14349
target: 1.01717 -0.24964
fb: 1.07814 0.12688 0.25657 -0.21009
fb: 1.02010 0.13029 0.28849 -0.17817
dist/lin/ang/drive_left/drive_right/tv_l/tv_r/av_l/av_r/x/y/theta/t_err: 0.12341 0.93684 -2.17110 0.88981 1.15040 0.44764 0.31364 0.44764 0.31364 19.33306 6.28165 32.54040 -0.16324
target: 0.93684 -0.28400
fb: 0.95236 0.12862 0.30450 -0.20838
fb: 0.89985 0.11427 0.33338 -0.17950
dist/lin/ang/drive_left/drive_right/tv_l/tv_r/av_l/av_r/x/y/theta/t_err: 0.10381 0.85923 -2.43306 0.78558 1.01411 0.34394 -0.08625 0.34394 -0.08625 19.96134 6.69103 33.66889 -0.18294
target: 0.85923 -0.31827
fb: 0.91154 0.09288 0.28617 -0.27360
fb: 0.90956 0.06703 0.28726 -0.27251
dist/lin/ang/drive_left/drive_right/tv_l/tv_r/av_l/av_r/x/y/theta/t_err: 0.08508 0.77787 -2.65333 0.84253 0.97658 0.31519 -0.16767 0.31519 -0.16767 20.55519 7.09413 34.61783 -0.19950
target: 0.77787 -0.34708
fb: 0.86874 0.03776 0.23586 -0.36440
fb: 0.81269 0.00746 0.26669 -0.33357
dist/lin/ang/drive_left/drive_right/tv_l/tv_r/av_l/av_r/x/y/theta/t_err: 0.06742 0.69245 -2.77485 0.80523 0.82014 0.29397 -0.25033 0.29397 -0.25033 21.11616 7.48557 35.14134 -0.20864
target: 0.69245 -0.36298
fb: 0.77385 -0.01665 0.20037 -0.42288
fb: 0.80077 -0.03317 0.18557 -0.43769
dist/lin/ang/drive_left/drive_right/tv_l/tv_r/av_l/av_r/x/y/theta/t_err: 0.05194 0.60776 -2.77739 0.83394 0.76761 0.26708 -0.32167 0.26708 -0.32167 21.61423 7.83659 35.15226 -0.20883
target: 0.60776 -0.36331
fb: 0.74473 -0.04480 0.13814 -0.48622
fb: 0.65359 -0.05623 0.18826 -0.43610
dist/lin/ang/drive_left/drive_right/tv_l/tv_r/av_l/av_r/x/y/theta/t_err: 0.03721 0.51446 -2.70458 0.70982 0.59736 0.22056 -0.38278 0.22056 -0.38278 22.09447 8.17309 34.83859 -0.20335
target: 0.51446 -0.35379
fb: 0.61476 -0.07518 0.07912 -0.53442
fb: 0.55076 -0.09566 0.11431 -0.49923
dist/lin/ang/drive_left/drive_right/tv_l/tv_r/av_l/av_r/x/y/theta/t_err: 0.02521 0.42343 -2.58029 0.64643 0.45510 0.17264 -0.35678 0.17264 -0.35678 22.49292 8.44795 34.30317 -0.19401
target: 0.42343 -0.33753
fb: 0.50421 -0.11364 0.19534 -0.34663
fb: 0.44220 -0.12876 0.22945 -0.31253
dist/lin/ang/drive_left/drive_right/tv_l/tv_r/av_l/av_r/x/y/theta/t_err: 0.01560 0.33304 -2.37739 0.57096 0.31344 0.13944 -0.30919 0.13944 -0.30919 22.82246 8.66936 33.42910 -0.17875
target: 0.33304 -0.31099
fb: 0.39189 -0.14012 0.15746 -0.34842
fb: 0.35107 -0.15336 0.17991 -0.32597
dist/lin/ang/drive_left/drive_right/tv_l/tv_r/av_l/av_r/x/y/theta/t_err: 0.00837 0.24401 -2.10966 0.50442 0.19771 0.20431 -0.30339 0.20431 -0.30339 23.08161 8.83685 32.27572 -0.15862
target: 0.24401 -0.27596
fb: 0.29083 -0.16875 0.11041 -0.34784
fb: 0.27935 -0.18666 0.11672 -0.34153
dist/lin/ang/drive_left/drive_right/tv_l/tv_r/av_l/av_r/x/y/theta/t_err: 0.00329 0.00082 -1.78931 0.46601 0.09269 0.17264 -0.30681 0.17264 -0.30681 23.27657 8.95697 30.89565 -0.13453
target: 0.00082 -0.23406
fb: 0.27935 -0.20331 -0.52147 -0.84469
fb: 0.24427 -0.21697 -0.50218 -0.82539
dist/lin/ang/drive_left/drive_right/tv_l/tv_r/av_l/av_r/x/y/theta/t_err: -0.00142 -0.00035 -1.40141 0.46124 0.02730 0.08042 -0.37078 0.08042 -0.37078 23.46685 9.06731 29.22459 -0.10537
target: -0.00035 -0.18332
fb: 0.22110 -0.22610 -0.04048 -0.29469
fb: 0.16682 -0.22693 0.15936 -0.17289
dist/lin/ang/drive_left/drive_right/tv_l/tv_r/av_l/av_r/x/y/theta/t_err: -0.00482 -0.00121 -0.95621 0.39375 -0.06012 -0.31519 -0.34994 -0.31519 -0.34994 23.62014 9.14983 27.30670 -0.07190
target: -0.00121 -0.12508
fb: 0.08915 -0.22324 0.12068 -0.13237
fb: 0.04259 -0.21370 0.12068 -0.13237
dist/lin/ang/drive_left/drive_right/tv_l/tv_r/av_l/av_r/x/y/theta/t_err: -0.00556 -0.00139 -0.49783 0.25628 -0.17111 0.06247 -0.17950 0.06247 -0.17950 23.68297 9.18113 25.33204 -0.03743
target: -0.00139 -0.06512
fb: 0.02515 -0.20234 0.08177 -0.08973
fb: 0.02339 -0.19516 0.08177 -0.08973
final error: 1.22633, x: 0.29900, y: -1.18932
final local error: 1.22633, forwards: -0.19972, sideways: -1.20996
position: 23.70100 9.18932 23.48482
took 0.92000 time to finish turn
dist/lin/ang/drive_left/drive_right/tv_l/tv_r/av_l/av_r/x/y/theta/t_err: -0.64641 -0.09144 0.86253 0.00000 0.00000 0.00033 0.00017 0.00033 0.00017 23.72784 9.20036 196.25166 0.08625
target: -0.09144 0.11283
fb: 0.00000 0.00000 -0.33133 -0.18278
fb: 0.00000 0.00000 -0.33133 -0.18278
dist/lin/ang/drive_left/drive_right/tv_l/tv_r/av_l/av_r/x/y/theta/t_err: -0.64641 -0.18288 0.86253 0.00000 0.00000 -0.03594 -0.03850 -0.03594 -0.03850 23.72784 9.20036 196.25168 0.08625
target: -0.18288 0.11283
fb: 0.00000 0.00000 -0.46575 -0.31720
fb: 0.00000 0.00411 -0.46575 -0.31720
dist/lin/ang/drive_left/drive_right/tv_l/tv_r/av_l/av_r/x/y/theta/t_err: -0.64641 -0.27432 0.86252 -0.00411 0.00411 -0.29600 -0.16733 -0.29600 -0.16733 23.72784 9.20036 196.25169 0.08625
target: -0.27432 0.11283
fb: 0.00000 0.02160 -0.54987 -0.40132
fb: 0.00000 0.03365 -0.54987 -0.40132
dist/lin/ang/drive_left/drive_right/tv_l/tv_r/av_l/av_r/x/y/theta/t_err: -0.64641 -0.36576 0.84755 -0.03365 0.03365 -0.41358 -0.28867 -0.41358 -0.28867 23.72784 9.20036 196.33746 0.08476
target: -0.36576 0.11087
fb: -0.05627 0.03672 -0.60174 -0.45585
fb: -0.14740 0.03546 -0.55161 -0.40573
dist/lin/ang/drive_left/drive_right/tv_l/tv_r/av_l/av_r/x/y/theta/t_err: -0.64529 -0.45720 0.79711 -0.18287 -0.11194 -0.45328 -0.36311 -0.45328 -0.36311 23.68537 9.18774 196.63457 0.07971
target: -0.45720 0.10427
fb: -0.21514 0.03149 -0.59406 -0.45715
fb: -0.25023 0.02968 -0.57476 -0.43785
dist/lin/ang/drive_left/drive_right/tv_l/tv_r/av_l/av_r/x/y/theta/t_err: -0.64100 -0.54864 0.74993 -0.27991 -0.22055 -0.47106 -0.39458 -0.47106 -0.39458 23.52320 9.13878 196.93442 0.07499
target: -0.54864 0.09810
fb: -0.28134 0.03010 -0.86301 -0.75323
fb: -0.32371 0.03247 -0.83971 -0.72993
dist/lin/ang/drive_left/drive_right/tv_l/tv_r/av_l/av_r/x/y/theta/t_err: -0.63538 -0.64008 0.71041 -0.35618 -0.29124 -0.48644 -0.41631 -0.48644 -0.41631 23.31143 9.07374 197.19762 0.07104
target: -0.64008 0.09293
fb: -0.34908 0.03728 -0.91017 -0.80824
fb: -0.39961 0.03825 -0.88237 -0.78045
dist/lin/ang/drive_left/drive_right/tv_l/tv_r/av_l/av_r/x/y/theta/t_err: -0.62842 -0.73152 0.66611 -0.43787 -0.36136 -0.50117 -0.33231 -0.50117 -0.33231 23.04906 8.99180 197.49499 0.06661
target: -0.73152 0.08713
fb: -0.47707 0.03909 -0.92377 -0.83054
fb: -0.47508 0.04543 -0.92486 -0.83163
dist/lin/ang/drive_left/drive_right/tv_l/tv_r/av_l/av_r/x/y/theta/t_err: -0.61890 -0.82296 0.61747 -0.52051 -0.42965 -0.55525 -0.51967 -0.55525 -0.51967 22.69114 8.87779 197.82984 0.06175
target: -0.82296 0.08077
fb: -0.47309 0.04849 -1.00000 -0.92581
fb: -0.53135 0.04404 -0.97752 -0.89377
dist/lin/ang/drive_left/drive_right/tv_l/tv_r/av_l/av_r/x/y/theta/t_err: -0.60945 -0.91440 0.55648 -0.57538 -0.48731 -0.58656 -0.63089 -0.58656 -0.63089 22.33692 8.76246 198.23099 0.05565
target: -0.91440 0.07279
fb: -0.54701 0.04055 -1.00000 -0.97936
fb: -0.55099 0.04132 -1.00000 -0.97717
dist/lin/ang/drive_left/drive_right/tv_l/tv_r/av_l/av_r/x/y/theta/t_err: -0.59853 -1.00584 0.49984 -0.59230 -0.50967 -0.40486 -0.54481 -0.40486 -0.54481 21.92828 8.62633 198.61022 0.04998
target: -1.00584 0.06538
fb: -0.64587 0.03337 -1.00000 -1.00000
fb: -0.69618 0.02627 -1.00000 -0.99113
dist/lin/ang/drive_left/drive_right/tv_l/tv_r/av_l/av_r/x/y/theta/t_err: -0.58562 -1.09728 0.45228 -0.72245 -0.66991 -0.68664 -0.49158 -0.68664 -0.49158 21.44684 8.46250 198.94182 0.04523
target: -1.09728 0.05916
fb: -0.72531 0.02648 -1.00000 -1.00000
fb: -0.75819 0.03177 -1.00000 -1.00000
dist/lin/ang/drive_left/drive_right/tv_l/tv_r/av_l/av_r/x/y/theta/t_err: -0.57113 -1.18872 0.42153 -0.78996 -0.72641 -0.87950 -0.41683 -0.87950 -0.41683 20.90707 8.27590 199.18057 0.04215
target: -1.18872 0.05514
fb: -0.76789 0.04181 -1.00000 -1.00000
fb: -0.77010 0.05449 -1.00000 -1.00000
dist/lin/ang/drive_left/drive_right/tv_l/tv_r/av_l/av_r/x/y/theta/t_err: -0.55579 -1.28016 0.37913 -0.82459 -0.71561 -0.90053 -0.70975 -0.90053 -0.70975 20.33651 8.07579 199.48613 0.03791
target: -1.28016 0.04959
fb: -0.85925 0.05706 -1.00000 -1.00000
fb: -0.96958 0.05776 -1.00000 -1.00000
dist/lin/ang/drive_left/drive_right/tv_l/tv_r/av_l/av_r/x/y/theta/t_err: -0.53861 -1.37160 0.30719 -1.02734 -0.91182 -0.89406 -0.85094 -0.89406 -0.85094 19.69968 7.84733 199.95968 0.03072
target: -1.37160 0.04018
fb: -0.89213 0.05706 -1.00000 -1.00000
fb: -0.94067 0.05497 -1.00000 -1.00000
dist/lin/ang/drive_left/drive_right/tv_l/tv_r/av_l/av_r/x/y/theta/t_err: -0.52077 -1.46304 0.22890 -0.99564 -0.88570 -0.89283 -0.87367 -0.89283 -0.87367 19.04043 7.60474 200.46024 0.02289
target: -1.46304 0.02994
fb: -1.01415 0.05093 -1.00000 -1.00000
fb: -1.03180 0.04738 -1.00000 -1.00000
dist/lin/ang/drive_left/drive_right/tv_l/tv_r/av_l/av_r/x/y/theta/t_err: -0.50050 -1.55448 0.15392 -1.07918 -0.98442 -0.89714 -0.88889 -0.89714 -0.88889 18.29343 7.32252 200.93342 0.01539
target: -1.55448 0.02013
fb: -1.13066 0.05079 -1.00000 -1.00000
fb: -1.11698 0.05414 -1.00000 -1.00000
dist/lin/ang/drive_left/drive_right/tv_l/tv_r/av_l/av_r/x/y/theta/t_err: -0.47788 -1.64592 0.08365 -1.17112 -1.06284 -0.90225 -0.90022 -0.90225 -0.90022 17.46313 7.00125 201.36737 0.00836
target: -1.64592 0.01094
fb: -1.15206 0.05274 -1.00000 -1.00000
fb: -1.26261 0.05017 -1.00000 -1.00000
dist/lin/ang/drive_left/drive_right/tv_l/tv_r/av_l/av_r/x/y/theta/t_err: -0.45484 -1.73736 0.00456 -1.31278 -1.21245 -0.90758 -0.90364 -0.90758 -0.90364 16.61976 6.66717 201.83254 0.00046
target: -1.73736 0.00060
fb: -1.14610 0.04696 -1.00000 -1.00000
fb: -1.24695 0.04473 -1.00000 -1.00000
dist/lin/ang/drive_left/drive_right/tv_l/tv_r/av_l/av_r/x/y/theta/t_err: -0.43192 -1.73319 -0.07126 -1.29168 -1.20221 -0.91664 -0.91233 -0.91664 -0.91233 15.78324 6.32858 202.25752 -0.00713
target: -1.73319 -0.00932
fb: -1.29946 0.04160 -0.98855 -1.00000
fb: -1.30520 0.03867 -0.98540 -1.00000
dist/lin/ang/drive_left/drive_right/tv_l/tv_r/av_l/av_r/x/y/theta/t_err: -0.40593 -1.66102 -0.14449 -1.34387 -1.26653 -0.87297 -0.91319 -0.87297 -0.91319 14.83751 5.93803 202.63937 -0.01445
target: -1.66102 -0.01890
fb: -1.48570 0.03121 -0.53999 -0.56799
fb: -1.40803 0.01937 -0.58271 -0.61071
dist/lin/ang/drive_left/drive_right/tv_l/tv_r/av_l/av_r/x/y/theta/t_err: -0.37622 -1.58169 -0.21396 -1.42740 -1.38866 -0.76775 -0.88208 -0.76775 -0.88208 13.75912 5.48461 202.95893 -0.02140
target: -1.58169 -0.02799
fb: -1.39633 0.01024 -0.47974 -0.51504
fb: -1.52233 0.00564 -0.41044 -0.44574
dist/lin/ang/drive_left/drive_right/tv_l/tv_r/av_l/av_r/x/y/theta/t_err: -0.34831 -1.51128 -0.25825 -1.52797 -1.51669 -0.59033 -0.61242 -0.59033 -0.61242 12.74740 5.05418 203.10734 -0.02583
target: -1.51128 -0.03378
fb: -1.50490 0.00362 -0.38516 -0.42696
fb: -1.46628 0.00327 -0.40640 -0.44820
dist/lin/ang/drive_left/drive_right/tv_l/tv_r/av_l/av_r/x/y/theta/t_err: -0.31822 -1.43734 -0.28988 -1.46956 -1.46301 -0.48136 -0.50292 -0.48136 -0.50292 11.65768 4.58874 203.14670 -0.02899
target: -1.43734 -0.03792
fb: -1.49144 0.00063 -0.30531 -0.35005
fb: -1.41575 -0.00251 -0.34693 -0.39168
dist/lin/ang/drive_left/drive_right/tv_l/tv_r/av_l/av_r/x/y/theta/t_err: -0.28840 -1.36132 -0.32253 -1.41324 -1.41826 -0.41697 -0.45975 -0.41697 -0.45975 10.57793 4.12694 203.16103 -0.03225
target: -1.36132 -0.04219
fb: -1.42546 0.00000 -0.25804 -0.30605
fb: -1.37316 -0.00265 -0.28680 -0.33482
dist/lin/ang/drive_left/drive_right/tv_l/tv_r/av_l/av_r/x/y/theta/t_err: -0.25991 -1.28526 -0.35719 -1.37052 -1.37581 -0.39492 -0.44214 -0.39492 -0.44214 9.54596 3.68554 203.15731 -0.03572
target: -1.28526 -0.04672
fb: -1.29748 -0.00725 -0.25297 -0.30483
fb: -1.34006 -0.01073 -0.22954 -0.28141
dist/lin/ang/drive_left/drive_right/tv_l/tv_r/av_l/av_r/x/y/theta/t_err: -0.23398 -1.21318 -0.38985 -1.32933 -1.35079 -0.36600 -0.40964 -0.36600 -0.40964 8.60653 3.28402 203.11920 -0.03899
target: -1.21318 -0.05100
fb: -1.26063 -0.01568 -0.20903 -0.28347
fb: -1.22378 -0.01644 -0.22930 -0.30374
dist/lin/ang/drive_left/drive_right/tv_l/tv_r/av_l/av_r/x/y/theta/t_err: -0.20879 -1.14107 -0.41713 -1.20733 -1.24022 -0.32992 -0.36497 -0.32992 -0.36497 7.69331 2.89502 203.01147 -0.04171
target: -1.14107 -0.05456
fb: -1.22179 -0.01951 -0.15862 -0.23725
fb: -1.21010 -0.02341 -0.16505 -0.24369
dist/lin/ang/drive_left/drive_right/tv_l/tv_r/av_l/av_r/x/y/theta/t_err: -0.18437 -1.06769 -0.44421 -1.18668 -1.23351 -0.29053 -0.34375 -0.29053 -0.34375 6.80735 2.52005 202.85945 -0.04442
target: -1.06769 -0.05811
fb: -1.23922 -0.02362 -0.07107 -0.15367
fb: -1.08609 -0.02083 -0.15529 -0.23790
dist/lin/ang/drive_left/drive_right/tv_l/tv_r/av_l/av_r/x/y/theta/t_err: -0.15962 -1.06545 -0.47518 -1.06525 -1.10692 -0.22006 -0.30303 -0.22006 -0.30303 5.90757 2.14255 202.65722 -0.04752
target: -1.06545 -0.06216
fb: -1.05696 -0.01916 -0.45099 -0.54975
fb: -1.11323 -0.01770 -0.42004 -0.51881
dist/lin/ang/drive_left/drive_right/tv_l/tv_r/av_l/av_r/x/y/theta/t_err: -0.13832 -0.99183 -0.44383 -1.09553 -1.13092 -0.21611 -0.29517 -0.21611 -0.29517 5.13901 1.82326 202.47759 -0.04438
target: -0.99183 -0.05806
fb: -0.95038 -0.01777 -0.15608 -0.23790
fb: -0.89411 -0.01916 -0.18703 -0.26885
dist/lin/ang/drive_left/drive_right/tv_l/tv_r/av_l/av_r/x/y/theta/t_err: -0.11933 -0.92124 -0.41694 -0.87495 -0.91327 -0.35300 -0.39167 -0.35300 -0.39167 4.44716 1.53805 202.32353 -0.04169
target: -0.92124 -0.05454
fb: -0.94244 -0.02028 -0.10708 -0.18393
fb: -0.95612 -0.02257 -0.09956 -0.17641
dist/lin/ang/drive_left/drive_right/tv_l/tv_r/av_l/av_r/x/y/theta/t_err: -0.10050 -0.84544 -0.38763 -0.93354 -0.97869 -0.21936 -0.29397 -0.21936 -0.29397 3.76029 1.25717 202.15562 -0.03876
target: -0.84544 -0.05071
fb: -0.89786 -0.02815 0.06894 -0.10103
fb: -0.84932 -0.02752 -0.07581 -0.12773
dist/lin/ang/drive_left/drive_right/tv_l/tv_r/av_l/av_r/x/y/theta/t_err: -0.08257 -0.76630 -0.35024 -0.82180 -0.87684 -0.09942 -0.21661 -0.09942 -0.21661 3.10506 0.99168 201.94136 -0.03502
target: -0.76630 -0.04581
fb: -0.88065 -0.02494 0.14641 0.11055
fb: -0.82240 -0.02090 0.11437 0.07851
dist/lin/ang/drive_left/drive_right/tv_l/tv_r/av_l/av_r/x/y/theta/t_err: -0.06498 -0.67980 -0.30933 -0.80149 -0.84330 -0.02908 -0.11514 -0.02908 -0.11514 2.46131 0.73393 201.70695 -0.03093
target: -0.67980 -0.04046
fb: -0.71163 -0.01547 0.16337 0.13474
fb: -0.67103 -0.01087 0.14104 0.11241
dist/lin/ang/drive_left/drive_right/tv_l/tv_r/av_l/av_r/x/y/theta/t_err: -0.05076 -0.60085 -0.28041 -0.66016 -0.68189 0.10214 0.03661 0.10214 0.03661 1.94040 0.52747 201.54124 -0.02804
target: -0.60085 -0.03668
fb: -0.60505 -0.00530 0.14851 0.12324
fb: -0.54503 -0.00188 0.11550 0.09023
dist/lin/ang/drive_left/drive_right/tv_l/tv_r/av_l/av_r/x/y/theta/t_err: -0.03867 -0.52443 -0.26593 -0.54315 -0.54691 0.13142 0.10044 0.13142 0.10044 1.49712 0.35290 201.45832 -0.02659
target: -0.52443 -0.03479
fb: -0.51789 -0.00334 0.16300 0.13993
fb: -0.44595 -0.00892 0.12343 0.10037
dist/lin/ang/drive_left/drive_right/tv_l/tv_r/av_l/av_r/x/y/theta/t_err: -0.02831 -0.44875 -0.26184 -0.43703 -0.45487 0.11772 0.09581 0.11772 0.09581 1.11757 0.20380 201.43489 -0.02618
target: -0.44875 -0.03425
fb: -0.39167 -0.01115 -0.06797 -0.10711
fb: -0.36652 -0.00892 -0.08180 -0.12095
dist/lin/ang/drive_left/drive_right/tv_l/tv_r/av_l/av_r/x/y/theta/t_err: -0.02049 -0.38173 -0.24789 -0.35760 -0.37543 0.09872 0.07733 0.09872 0.07733 0.83043 0.09127 201.35491 -0.02479
target: -0.38173 -0.03243
fb: -0.31819 -0.00557 -0.06496 -0.10228
fb: -0.26567 0.00000 -0.09385 -0.13117
dist/lin/ang/drive_left/drive_right/tv_l/tv_r/av_l/av_r/x/y/theta/t_err: -0.01413 -0.31703 -0.23562 -0.26567 -0.26567 -0.07561 -0.09839 -0.07561 -0.09839 0.59703 0.00019 201.28461 -0.02356
target: -0.31703 -0.03082
fb: -0.23655 0.00627 -0.05577 -0.09149
fb: -0.23280 0.00920 -0.05783 -0.09355
dist/lin/ang/drive_left/drive_right/tv_l/tv_r/av_l/av_r/x/y/theta/t_err: -0.00940 -0.25855 -0.23844 -0.24199 -0.22360 -0.09464 -0.11894 -0.09464 -0.11894 0.42348 -0.06743 201.30078 -0.02384
target: -0.25855 -0.03119
fb: -0.22882 0.01087 0.05956 -0.05457
fb: -0.18999 0.01143 -0.03985 -0.07593
dist/lin/ang/drive_left/drive_right/tv_l/tv_r/av_l/av_r/x/y/theta/t_err: -0.00481 -0.00120 -0.25316 -0.20141 -0.17856 -0.06692 -0.09925 -0.06692 -0.09925 0.25566 -0.13299 201.38513 -0.02532
target: -0.00120 -0.03312
fb: -0.16108 0.01073 0.56983 0.54161
fb: -0.14939 0.00766 0.56983 0.54161
dist/lin/ang/drive_left/drive_right/tv_l/tv_r/av_l/av_r/x/y/theta/t_err: -0.00158 -0.00040 -0.27013 -0.15705 -0.14172 -0.01983 -0.02069 -0.01983 -0.02069 0.13759 -0.17934 201.48237 -0.02701
target: -0.00040 -0.03534
fb: -0.12202 0.00376 0.05816 -0.06012
fb: -0.09886 -0.00620 0.05816 -0.06012
dist/lin/ang/drive_left/drive_right/tv_l/tv_r/av_l/av_r/x/y/theta/t_err: 0.00086 0.00022 -0.28017 -0.09265 -0.10506 0.40983 0.24742 0.40983 0.24742 0.04820 -0.21458 201.53989 -0.02802
target: 0.00022 -0.03665
fb: -0.06024 -0.01157 0.05865 -0.06094
fb: -0.01368 -0.01219 0.05865 -0.06094
increased kp to 13.40000
increased kp to 13.50000
increased kp to 13.60000
increased kp to 13.70000
increased kp to 13.80000
increased kp to 13.90000
increased kp to 14.00000
increased kp to 14.10000
increased kp to 14.20000
increased kp to 14.30000
increased kp to 14.40000
increased kp to 14.50000
increased kp to 14.60000
increased kp to 14.70000
increased kp to 14.80000
increased kp to 14.90000
increased kp to 15.00000
increased kp to 15.10000
increased kp to 15.20000
increased kp to 15.30000
increased kp to 15.40000
increased kp to 15.50000
increased kp to 15.60000
increased kp to 15.70000
start is 0.00000 0.00000
dist/lin/ang/drive_left/drive_right/tv_l/tv_r/av_l/av_r/x/y/theta/t_err: 0.64257 0.09144 5.05148 0.00000 0.00000 0.00017 0.00017 0.00017 0.00017 0.00000 0.00000 0.00000 0.32175
target: 0.09144 0.66078
fb: 0.00000 0.00000 -0.26504 0.71657
fb: 0.00000 0.00000 -0.26504 0.71657
dist/lin/ang/drive_left/drive_right/tv_l/tv_r/av_l/av_r/x/y/theta/t_err: 0.64257 0.18288 5.05148 0.00000 0.00000 -0.08403 0.05475 -0.08403 0.05475 0.00000 0.00000 0.00000 0.32175
target: 0.18288 0.66078
fb: 0.00000 0.00000 -0.13062 0.85099
fb: -0.00199 0.00098 -0.12953 0.85208
dist/lin/ang/drive_left/drive_right/tv_l/tv_r/av_l/av_r/x/y/theta/t_err: 0.64257 0.27432 5.05150 -0.00296 -0.00101 -0.20192 0.45292 -0.20192 0.45292 0.00000 0.00000 -0.00006 0.32175
target: 0.27432 0.66079
fb: -0.00199 0.01916 -0.04540 0.93621
fb: 0.00000 0.04982 -0.04650 0.93511
dist/lin/ang/drive_left/drive_right/tv_l/tv_r/av_l/av_r/x/y/theta/t_err: 0.64261 0.36576 5.03440 -0.04982 0.04982 -0.11089 0.49142 -0.11089 0.49142 -0.00156 -0.00000 0.06122 0.32066
target: 0.36576 0.65855
fb: 0.00000 0.08689 0.11717 1.00000
fb: 0.00000 0.11176 0.11717 1.00000
dist/lin/ang/drive_left/drive_right/tv_l/tv_r/av_l/av_r/x/y/theta/t_err: 0.64261 0.45720 4.89291 -0.11176 0.11176 -0.01214 0.32767 -0.01214 0.32767 -0.00156 -0.00000 0.57759 0.31165
target: 0.45720 0.64004
fb: 0.00000 0.12019 0.21370 1.00000
fb: 0.01346 0.12110 0.20630 1.00000
dist/lin/ang/drive_left/drive_right/tv_l/tv_r/av_l/av_r/x/y/theta/t_err: 0.64261 0.54864 4.62279 -0.10764 0.13456 0.11656 0.60008 0.11656 0.60008 -0.00156 -0.00000 1.56337 0.29444
target: 0.54864 0.60471
fb: 0.07171 0.12744 0.50743 1.00000
fb: 0.13394 0.14165 0.47321 1.00000
dist/lin/ang/drive_left/drive_right/tv_l/tv_r/av_l/av_r/x/y/theta/t_err: 0.64124 0.64008 4.33842 -0.00771 0.27559 0.23975 0.71950 0.23975 0.71950 0.05486 0.00223 2.63683 0.27633
target: 0.64008 0.56751
fb: 0.15909 0.15858 0.57217 1.00000
fb: 0.22485 0.16618 0.53600 1.00000
dist/lin/ang/drive_left/drive_right/tv_l/tv_r/av_l/av_r/x/y/theta/t_err: 0.63817 0.73152 4.00921 0.05867 0.39103 0.44608 0.76878 0.44608 0.76878 0.17992 0.00938 3.91315 0.25536
target: 0.73152 0.52444
fb: 0.30627 0.16722 0.60795 1.00000
fb: 0.36276 0.16402 0.57688 1.00000
dist/lin/ang/drive_left/drive_right/tv_l/tv_r/av_l/av_r/x/y/theta/t_err: 0.63222 0.82296 3.64796 0.19874 0.52678 0.46319 0.77253 0.46319 0.77253 0.42028 0.02899 5.36467 0.23235
target: 0.82296 0.47719
fb: 0.38417 0.15865 0.68464 1.00000
fb: 0.42278 0.15127 0.66340 1.00000
dist/lin/ang/drive_left/drive_right/tv_l/tv_r/av_l/av_r/x/y/theta/t_err: 0.62472 0.91440 3.30167 0.27151 0.57405 0.51367 0.76178 0.51367 0.76178 0.72107 0.06096 6.78224 0.21030
target: 0.91440 0.43189
fb: 0.47706 0.14172 0.75177 1.00000
fb: 0.51789 0.13343 0.72932 1.00000
dist/lin/ang/drive_left/drive_right/tv_l/tv_r/av_l/av_r/x/y/theta/t_err: 0.61537 1.00584 2.99487 0.38446 0.65131 0.49897 0.79494 0.49897 0.79494 1.09354 0.10962 8.07731 0.19076
target: 1.00584 0.39176
fb: 0.55076 0.13001 0.82600 1.00000
fb: 0.54878 0.12897 0.82709 1.00000
dist/lin/ang/drive_left/drive_right/tv_l/tv_r/av_l/av_r/x/y/theta/t_err: 0.60454 1.09728 2.72886 0.41981 0.67775 0.55814 0.85997 0.55814 0.85997 1.52227 0.17491 9.23562 0.17381
target: 1.09728 0.35696
fb: 0.61475 0.12939 0.90199 1.00000
fb: 0.71560 0.13148 0.84653 1.00000
dist/lin/ang/drive_left/drive_right/tv_l/tv_r/av_l/av_r/x/y/theta/t_err: 0.59241 1.18872 2.47254 0.58412 0.84707 0.57664 0.85964 0.57664 0.85964 1.99921 0.25754 10.36453 0.15749
target: 1.18872 0.32343
fb: 0.75642 0.13531 0.93441 1.00000
fb: 0.82239 0.14026 0.89813 1.00000
dist/lin/ang/drive_left/drive_right/tv_l/tv_r/av_l/av_r/x/y/theta/t_err: 0.57745 1.28016 2.21502 0.68214 0.96265 0.61925 0.83842 0.61925 0.83842 2.58398 0.37061 11.52475 0.14108
target: 1.28016 0.28975
fb: 0.87645 0.14402 0.97884 1.00000
fb: 0.84358 0.14381 0.99692 1.00000
dist/lin/ang/drive_left/drive_right/tv_l/tv_r/av_l/av_r/x/y/theta/t_err: 0.56008 1.37160 1.94144 0.69977 0.98739 0.65089 0.88036 0.65089 0.88036 3.25868 0.51565 12.75646 0.12366
target: 1.37160 0.25396
fb: 0.88440 0.14284 1.00000 1.00000
fb: 0.92301 0.13810 1.00000 1.00000
dist/lin/ang/drive_left/drive_right/tv_l/tv_r/av_l/av_r/x/y/theta/t_err: 0.54251 1.46304 1.65659 0.78492 1.06111 0.65158 0.89764 0.65158 0.89764 3.93607 0.67709 14.00545 0.10552
target: 1.46304 0.21670
fb: 0.95236 0.13531 1.00000 1.00000
fb: 0.91926 0.13817 1.00000 1.00000
dist/lin/ang/drive_left/drive_right/tv_l/tv_r/av_l/av_r/x/y/theta/t_err: 0.52355 1.54697 1.37863 0.78110 1.05743 0.53008 0.91611 0.53008 0.91611 4.66163 0.86652 15.21669 0.08781
target: 1.54697 0.18034
fb: 0.95986 0.14451 1.00000 1.00000
fb: 1.11322 0.14806 1.00000 1.00000
dist/lin/ang/drive_left/drive_right/tv_l/tv_r/av_l/av_r/x/y/theta/t_err: 0.50441 1.59355 1.08754 0.96516 1.26128 0.81172 0.88925 0.81172 0.88925 5.38863 1.07315 16.44557 0.06927
target: 1.59355 0.14226
fb: 1.13065 0.14938 1.00000 1.00000
fb: 1.11123 0.14722 1.00000 1.00000
dist/lin/ang/drive_left/drive_right/tv_l/tv_r/av_l/av_r/x/y/theta/t_err: 0.48184 1.64484 0.77510 0.96401 1.25846 0.88636 0.89303 0.88636 0.89303 6.23957 1.33479 17.74165 0.04937
target: 1.64484 0.10139
fb: 1.16949 0.14304 1.00000 1.00000
fb: 1.19862 0.13879 1.00000 1.00000
dist/lin/ang/drive_left/drive_right/tv_l/tv_r/av_l/av_r/x/y/theta/t_err: 0.45846 1.69852 0.45659 1.05982 1.33741 0.91253 0.91217 0.91253 0.91217 7.11333 1.62549 19.01462 0.02908
target: 1.69852 0.05973
fb: 1.20634 0.13385 1.00000 1.00000
fb: 1.28975 0.12744 1.00000 1.00000
dist/lin/ang/drive_left/drive_right/tv_l/tv_r/av_l/av_r/x/y/theta/t_err: 0.43434 1.73246 0.14404 1.16231 1.41719 0.92314 0.92042 0.92314 0.92042 8.00798 1.94461 20.21353 0.00917
target: 1.73246 0.01884
fb: 1.29747 0.11873 1.00000 1.00000
fb: 1.32263 0.11023 1.00000 1.00000
dist/lin/ang/drive_left/drive_right/tv_l/tv_r/av_l/av_r/x/y/theta/t_err: 0.40839 1.67786 -0.15626 1.21240 1.43285 0.91903 0.91389 0.91903 0.91389 8.96324 2.30680 21.30786 -0.00995
target: 1.67786 -0.02044
fb: 1.39236 0.10305 0.69746 0.68891
fb: 1.36146 0.09782 0.71445 0.70590
dist/lin/ang/drive_left/drive_right/tv_l/tv_r/av_l/av_r/x/y/theta/t_err: 0.38055 1.57468 -0.43709 1.26364 1.45929 0.89233 0.88119 0.89233 0.88119 9.98121 2.71384 22.25544 -0.02784
target: 1.57468 -0.05718
fb: 1.37316 0.09218 0.44264 0.36855
fb: 1.46231 0.08709 0.39361 0.31952
dist/lin/ang/drive_left/drive_right/tv_l/tv_r/av_l/av_r/x/y/theta/t_err: 0.35311 1.47588 -0.70874 1.37521 1.54940 0.69844 0.66203 0.69844 0.66203 10.97877 3.13086 23.08920 -0.04514
target: 1.47588 -0.09271
fb: 1.41950 0.08180 0.36356 0.24092
fb: 1.40604 0.07727 0.37097 0.24832
dist/lin/ang/drive_left/drive_right/tv_l/tv_r/av_l/av_r/x/y/theta/t_err: 0.32476 1.37651 -0.98394 1.32877 1.48331 0.48336 0.46011 0.48336 0.46011 12.00410 3.57581 23.83522 -0.06267
target: 1.37651 -0.12871
fb: 1.41200 0.07386 0.29401 0.12143
fb: 1.39059 0.07170 0.30578 0.13320
dist/lin/ang/drive_left/drive_right/tv_l/tv_r/av_l/av_r/x/y/theta/t_err: 0.29659 1.27778 -1.26967 1.31890 1.46229 0.38878 0.32886 0.38878 0.32886 13.01846 4.03099 24.50471 -0.08087
target: 1.27778 -0.16609
fb: 1.39633 0.05532 0.23533 -0.11688
fb: 1.34779 0.03895 0.26203 -0.09018
dist/lin/ang/drive_left/drive_right/tv_l/tv_r/av_l/av_r/x/y/theta/t_err: 0.26878 1.17998 -1.56685 1.30884 1.38674 0.34736 0.19353 0.34736 0.19353 14.01650 4.49223 25.07735 -0.09980
target: 1.17998 -0.20496
fb: 1.29748 0.03177 0.22552 -0.18030
fb: 1.24518 0.02759 0.25428 -0.15154
dist/lin/ang/drive_left/drive_right/tv_l/tv_r/av_l/av_r/x/y/theta/t_err: 0.24298 1.09245 -1.82588 1.21759 1.27277 0.32753 -0.05461 0.32753 -0.05461 14.94057 4.92793 25.39527 -0.11630
target: 1.09245 -0.23884
fb: 1.16751 0.02230 0.27663 -0.17452
fb: 1.12669 0.01400 0.29908 -0.15207
dist/lin/ang/drive_left/drive_right/tv_l/tv_r/av_l/av_r/x/y/theta/t_err: 0.21981 1.01184 -2.08289 1.11268 1.14069 0.30253 -0.13808 0.30253 -0.13808 15.77026 5.32381 25.61508 -0.13267
target: 1.01184 -0.27246
fb: 1.05696 0.00077 0.31020 -0.18636
fb: 0.99495 -0.01651 0.34430 -0.15225
dist/lin/ang/drive_left/drive_right/tv_l/tv_r/av_l/av_r/x/y/theta/t_err: 0.19888 0.93805 -2.33050 1.01147 0.97844 0.31364 -0.14561 0.31364 -0.14561 16.52035 5.68437 25.70702 -0.14844
target: 0.93805 -0.30485
fb: 1.00643 -0.04139 0.31603 -0.22422
fb: 0.91529 -0.07030 0.36615 -0.17410
dist/lin/ang/drive_left/drive_right/tv_l/tv_r/av_l/av_r/x/y/theta/t_err: 0.17899 0.87122 -2.53425 0.98560 0.84499 0.31861 -0.16153 0.31861 -0.16153 17.23483 6.02717 25.50602 -0.16142
target: 0.87122 -0.33151
fb: 0.83608 -0.09204 0.39120 -0.18486
fb: 0.82438 -0.10883 0.39763 -0.17843
dist/lin/ang/drive_left/drive_right/tv_l/tv_r/av_l/av_r/x/y/theta/t_err: 0.16250 1.07502 -2.60489 0.93322 0.71555 0.33814 -0.16492 0.33814 -0.16492 17.83050 6.30749 24.84711 -0.16592
target: 1.07502 -0.34075
fb: 0.76017 -0.12667 1.00000 1.00000
fb: 0.74472 -0.14548 1.00000 1.00000
dist/lin/ang/drive_left/drive_right/tv_l/tv_r/av_l/av_r/x/y/theta/t_err: 0.14550 1.01726 -2.33286 0.89021 0.59924 0.40400 -0.07339 0.40400 -0.07339 18.37565 6.55461 23.85439 -0.14859
target: 1.01726 -0.30516
fb: 0.75642 -0.16680 0.59399 0.18443
fb: 0.67676 -0.18931 0.63780 0.22825
dist/lin/ang/drive_left/drive_right/tv_l/tv_r/av_l/av_r/x/y/theta/t_err: 0.13089 0.96484 -1.97094 0.86607 0.48745 0.74911 0.28372 0.74911 0.28372 18.92298 6.78948 22.53357 -0.12554
target: 0.96484 -0.25782
fb: 0.65535 -0.20457 0.58887 0.24404
fb: 0.67300 -0.21857 0.57916 0.23433
dist/lin/ang/drive_left/drive_right/tv_l/tv_r/av_l/av_r/x/y/theta/t_err: 0.11835 0.91744 -1.51034 0.89158 0.45443 0.60144 0.23392 0.60144 0.23392 19.40247 6.98017 20.85266 -0.09620
target: 0.91744 -0.19757
fb: 0.66329 -0.23488 0.51864 0.25607
fb: 0.72331 -0.24177 0.48563 0.22306
dist/lin/ang/drive_left/drive_right/tv_l/tv_r/av_l/av_r/x/y/theta/t_err: 0.10561 0.86665 -0.97659 0.96509 0.48154 0.56058 0.23800 0.56058 0.23800 19.89358 7.15783 18.90478 -0.06220
target: 0.86665 -0.12775
fb: 0.68845 -0.24080 0.39565 0.22707
fb: 0.62071 -0.24031 0.43290 0.26432
dist/lin/ang/drive_left/drive_right/tv_l/tv_r/av_l/av_r/x/y/theta/t_err: 0.09227 0.81007 -0.39871 0.86102 0.38039 0.47978 0.22142 0.47978 0.22142 20.40936 7.32456 16.79588 -0.02540
target: 0.81007 -0.05216
fb: 0.64189 -0.24393 0.29310 0.22595
fb: 0.62644 -0.24338 0.30160 0.23445
dist/lin/ang/drive_left/drive_right/tv_l/tv_r/av_l/av_r/x/y/theta/t_err: 0.07974 0.75305 0.17903 0.86982 0.38307 0.40894 0.23339 0.40894 0.23339 20.89582 7.46166 14.68746 0.01140
target: 0.75305 0.02342
fb: 0.64387 -0.24031 0.18879 0.21541
fb: 0.66903 -0.23397 0.17495 0.20157
dist/lin/ang/drive_left/drive_right/tv_l/tv_r/av_l/av_r/x/y/theta/t_err: 0.06706 0.69059 0.75915 0.90300 0.43506 0.30886 0.21694 0.30886 0.21694 21.38858 7.58082 12.57036 0.04835
target: 0.69059 0.09930
fb: 0.65756 -0.22916 -0.07342 0.18151
fb: 0.69816 -0.22491 -0.09575 0.15918
dist/lin/ang/drive_left/drive_right/tv_l/tv_r/av_l/av_r/x/y/theta/t_err: 0.05401 0.61977 1.31615 0.92307 0.47324 0.17881 0.19678 0.17881 0.19678 21.89584 7.68446 10.53762 0.08383
target: 0.61977 0.17217
fb: 0.68271 -0.22220 -0.23752 0.11460
fb: 0.64388 -0.21335 -0.21616 0.13596
dist/lin/ang/drive_left/drive_right/tv_l/tv_r/av_l/av_r/x/y/theta/t_err: 0.04039 0.53597 1.85290 0.85722 0.43053 -0.06350 0.15181 -0.06350 0.15181 22.42587 7.77404 8.57881 0.11802
target: 0.53597 0.24238
fb: 0.62247 -0.18931 -0.38392 -0.06701
fb: 0.55650 -0.15914 -0.34763 0.09728
dist/lin/ang/drive_left/drive_right/tv_l/tv_r/av_l/av_r/x/y/theta/t_err: 0.02793 0.44571 2.34659 0.71564 0.39736 -0.21744 0.07033 -0.21744 0.07033 22.91160 7.83956 6.77713 0.14946
target: 0.44571 0.30696
fb: 0.52362 -0.12925 -0.30313 0.19727
fb: 0.47331 -0.10396 -0.27546 0.22494
dist/lin/ang/drive_left/drive_right/tv_l/tv_r/av_l/av_r/x/y/theta/t_err: 0.01744 0.35214 2.70820 0.57727 0.36936 -0.30525 0.07889 -0.30525 0.07889 23.32157 7.88327 5.45746 0.17250
target: 0.35214 0.35426
fb: 0.40910 -0.07992 -0.36455 0.20018
fb: 0.40535 -0.05818 -0.36249 0.20225
dist/lin/ang/drive_left/drive_right/tv_l/tv_r/av_l/av_r/x/y/theta/t_err: 0.00923 0.25625 2.94258 0.46353 0.34717 -0.27992 0.18756 -0.27992 0.18756 23.64246 7.91142 4.60212 0.18743
target: 0.25625 0.38492
fb: 0.38020 -0.03686 -0.46207 0.14436
fb: 0.34511 -0.01394 -0.44277 0.16366
dist/lin/ang/drive_left/drive_right/tv_l/tv_r/av_l/av_r/x/y/theta/t_err: 0.00162 0.00040 3.06919 0.35905 0.33118 -0.34358 0.19131 -0.34358 0.19131 23.94096 7.93417 4.14005 0.19549
target: 0.00040 0.40148
fb: 0.31996 0.01024 -0.99531 -0.45419
fb: 0.25795 0.03519 -0.96121 -0.42009
dist/lin/ang/drive_left/drive_right/tv_l/tv_r/av_l/av_r/x/y/theta/t_err: -0.00478 -0.00120 3.08778 0.22276 0.29314 -0.38856 0.13825 -0.38856 0.13825 24.19225 7.95210 4.07222 0.19667
target: -0.00120 0.40391
fb: 0.25795 0.05895 -0.45582 0.17644
fb: 0.25398 0.08201 -0.45363 0.17863
dist/lin/ang/drive_left/drive_right/tv_l/tv_r/av_l/av_r/x/y/theta/t_err: -0.00993 -0.26580 2.98894 0.17197 0.33599 -0.29533 -0.25528 -0.29533 -0.25528 24.39481 7.96711 4.43293 0.19038
target: -0.26580 0.39098
fb: 0.18226 0.09720 -1.00000 -0.64812
fb: 0.11849 0.10117 -1.00000 -0.61304
dist/lin/ang/drive_left/drive_right/tv_l/tv_r/av_l/av_r/x/y/theta/t_err: -0.01356 -0.31051 2.78326 0.01732 0.21966 -0.40464 0.06706 -0.40464 0.06706 24.53783 7.97900 5.18353 0.17728
target: -0.31051 0.36408
fb: 0.06399 0.10744 -0.69325 -0.20299
fb: 0.01920 0.11531 -0.66861 -0.17836
final error: 0.58820, x: -0.58798, y: 0.01613
final local error: 0.58820, forwards: -0.58296, sideways: 0.07838
position: 24.58798 7.98387 6.08580
took 0.98000 time to finish turn
dist/lin/ang/drive_left/drive_right/tv_l/tv_r/av_l/av_r/x/y/theta/t_err: -0.64257 -0.09144 1.24005 0.00000 0.00000 0.00017 0.00000 0.00017 0.00000 24.03846 7.88294 191.05092 0.12401
target: -0.09144 0.16221
fb: 0.00000 0.00000 -0.36442 -0.14870
fb: 0.00000 0.00000 -0.36442 -0.14870
dist/lin/ang/drive_left/drive_right/tv_l/tv_r/av_l/av_r/x/y/theta/t_err: -0.64257 -0.18288 1.24005 0.00000 0.00000 -0.02875 -0.04586 -0.02875 -0.04586 24.03846 7.88294 191.05092 0.12401
target: -0.18288 0.16221
fb: 0.00000 0.00000 -0.49883 -0.28312
fb: 0.00000 0.00000 -0.49883 -0.28312
dist/lin/ang/drive_left/drive_right/tv_l/tv_r/av_l/av_r/x/y/theta/t_err: -0.64257 -0.27432 1.24005 0.00000 0.00000 -0.31517 -0.16956 -0.31517 -0.16956 24.03846 7.88294 191.05092 0.12400
target: -0.27432 0.16221
fb: 0.00000 0.00056 -0.58296 -0.36725
fb: 0.00000 0.01045 -0.58296 -0.36725
dist/lin/ang/drive_left/drive_right/tv_l/tv_r/av_l/av_r/x/y/theta/t_err: -0.64257 -0.36576 1.23405 -0.01045 0.01045 -0.44539 -0.27856 -0.44539 -0.27856 24.03846 7.88294 191.08531 0.12340
target: -0.36576 0.16143
fb: -0.05053 0.01428 -0.63877 -0.42412
fb: -0.13769 0.01805 -0.59083 -0.37618
dist/lin/ang/drive_left/drive_right/tv_l/tv_r/av_l/av_r/x/y/theta/t_err: -0.63984 -0.45720 1.21688 -0.15574 -0.11965 -0.52822 -0.34753 -0.52822 -0.34753 23.93209 7.86197 191.21372 0.12169
target: -0.45720 0.15918
fb: -0.20367 0.02299 -0.63716 -0.42557
fb: -0.24449 0.02696 -0.61471 -0.40312
dist/lin/ang/drive_left/drive_right/tv_l/tv_r/av_l/av_r/x/y/theta/t_err: -0.63498 -0.54864 1.18938 -0.27146 -0.21753 -0.48594 -0.36994 -0.48594 -0.36994 23.74332 7.82419 191.42405 0.11894
target: -0.54864 0.15558
fb: -0.26170 0.03219 -0.91233 -0.72437
fb: -0.28311 0.03818 -0.90056 -0.71260
dist/lin/ang/drive_left/drive_right/tv_l/tv_r/av_l/av_r/x/y/theta/t_err: -0.62936 -0.64008 1.14813 -0.32129 -0.24492 -0.48989 -0.42642 -0.48989 -0.42642 23.52493 7.77948 191.72028 0.11481
target: -0.64008 0.15019
fb: -0.35504 0.04160 -0.94525 -0.76545
fb: -0.40734 0.04097 -0.91649 -0.73669
dist/lin/ang/drive_left/drive_right/tv_l/tv_r/av_l/av_r/x/y/theta/t_err: -0.62126 -0.73152 1.10001 -0.44831 -0.36637 -0.50597 -0.34100 -0.50597 -0.34100 23.21109 7.71335 192.07973 0.11000
target: -0.73152 0.14389
fb: -0.41683 0.04167 -0.99493 -0.82451
fb: -0.43624 0.04285 -0.98425 -0.81383
dist/lin/ang/drive_left/drive_right/tv_l/tv_r/av_l/av_r/x/y/theta/t_err: -0.61259 -0.82296 1.05081 -0.47909 -0.39339 -0.52392 -0.45839 -0.52392 -0.45839 22.87543 7.64039 192.44863 0.10508
target: -0.82296 0.13746
fb: -0.49847 0.04243 -1.00000 -0.87274
fb: -0.53731 0.04299 -1.00000 -0.85138
dist/lin/ang/drive_left/drive_right/tv_l/tv_r/av_l/av_r/x/y/theta/t_err: -0.60190 -0.91440 1.00330 -0.58030 -0.49432 -0.51897 -0.37781 -0.51897 -0.37781 22.46260 7.54785 192.82482 0.10033
target: -0.91440 0.13124
fb: -0.52561 0.04327 -1.00000 -0.95080
fb: -0.55452 0.04773 -1.00000 -0.93490
dist/lin/ang/drive_left/drive_right/tv_l/tv_r/av_l/av_r/x/y/theta/t_err: -0.59086 -1.00584 0.95255 -0.60224 -0.50679 -0.62456 -0.46439 -0.62456 -0.46439 22.03720 7.44947 193.21960 0.09526
target: -1.00584 0.12460
fb: -0.61674 0.05734 -1.00000 -0.99396
fb: -0.64212 0.06048 -1.00000 -0.98000
dist/lin/ang/drive_left/drive_right/tv_l/tv_r/av_l/av_r/x/y/theta/t_err: -0.57807 -1.09728 0.88682 -0.70260 -0.58164 -0.79908 -0.51658 -0.79908 -0.51658 21.54548 7.33180 193.71204 0.08868
target: -1.09728 0.11600
fb: -0.69044 0.06382 -1.00000 -1.00000
fb: -0.75620 0.06640 -1.00000 -1.00000
dist/lin/ang/drive_left/drive_right/tv_l/tv_r/av_l/av_r/x/y/theta/t_err: -0.56300 -1.18872 0.81080 -0.82260 -0.68980 -0.89008 -0.42983 -0.89008 -0.42983 20.96771 7.18784 194.27646 0.08108
target: -1.18872 0.10606
fb: -0.80474 0.07128 -1.00000 -1.00000
fb: -0.86123 0.08173 -1.00000 -1.00000
dist/lin/ang/drive_left/drive_right/tv_l/tv_r/av_l/av_r/x/y/theta/t_err: -0.54583 -1.28016 0.72117 -0.94296 -0.77950 -0.89147 -0.73628 -0.89147 -0.73628 20.31146 7.01699 194.92648 0.07212
target: -1.28016 0.09434
fb: -0.83211 0.08898 -1.00000 -1.00000
fb: -0.90360 0.09169 -1.00000 -1.00000
dist/lin/ang/drive_left/drive_right/tv_l/tv_r/av_l/av_r/x/y/theta/t_err: -0.52780 -1.37160 0.60632 -0.99529 -0.81191 -0.87214 -0.82475 -0.87214 -0.82475 19.62531 6.82877 195.71172 0.06063
target: -1.37160 0.07931
fb: -1.02209 0.08953 -1.00000 -1.00000
fb: -0.93692 0.08974 -1.00000 -1.00000
dist/lin/ang/drive_left/drive_right/tv_l/tv_r/av_l/av_r/x/y/theta/t_err: -0.50909 -1.46304 0.48885 -1.02666 -0.84718 -0.88875 -0.87558 -0.88875 -0.87558 18.91647 6.62435 196.49883 0.04888
target: -1.46304 0.06395
fb: -1.01613 0.08891 -1.00000 -1.00000
fb: -1.05696 0.08793 -1.00000 -1.00000
dist/lin/ang/drive_left/drive_right/tv_l/tv_r/av_l/av_r/x/y/theta/t_err: -0.48797 -1.55448 0.37247 -1.14489 -0.96903 -0.90414 -0.89917 -0.90414 -0.89917 18.12001 6.38296 197.27123 0.03725
target: -1.55448 0.04872
fb: -1.06093 0.08368 -1.00000 -1.00000
fb: -1.15780 0.08354 -1.00000 -1.00000
dist/lin/ang/drive_left/drive_right/tv_l/tv_r/av_l/av_r/x/y/theta/t_err: -0.46482 -1.64592 0.25867 -1.24134 -1.07426 -0.90158 -0.89867 -0.90158 -0.89867 17.25121 6.10674 198.01133 0.02587
target: -1.64592 0.03384
fb: -1.17722 0.08361 -1.00000 -1.00000
fb: -1.22951 0.07978 -1.00000 -1.00000
dist/lin/ang/drive_left/drive_right/tv_l/tv_r/av_l/av_r/x/y/theta/t_err: -0.44024 -1.72971 0.14475 -1.30929 -1.14973 -0.90019 -0.89850 -0.90019 -0.89850 16.33244 5.80162 198.72675 0.01447
target: -1.72971 0.01893
fb: -1.22554 0.07546 -1.00000 -1.00000
fb: -1.24893 0.06912 -1.00000 -1.00000
dist/lin/ang/drive_left/drive_right/tv_l/tv_r/av_l/av_r/x/y/theta/t_err: -0.41526 -1.70850 0.03733 -1.31805 -1.17981 -0.90825 -0.90311 -0.90825 -0.90311 15.40294 5.48049 199.37209 0.00373
target: -1.70850 0.00488
fb: -1.31491 0.06097 -0.89531 -0.90760
fb: -1.29946 0.06131 -0.90380 -0.91609
dist/lin/ang/drive_left/drive_right/tv_l/tv_r/av_l/av_r/x/y/theta/t_err: -0.38927 -1.64886 -0.05785 -1.36078 -1.23815 -0.85931 -0.82372 -0.85931 -0.82372 14.43926 5.13661 199.91392 -0.00578
target: -1.64886 -0.00757
fb: -1.37691 0.06041 -0.64392 -0.66236
fb: -1.46805 0.05198 -0.59380 -0.61224
dist/lin/ang/drive_left/drive_right/tv_l/tv_r/av_l/av_r/x/y/theta/t_err: -0.35991 -1.56210 -0.15234 -1.52002 -1.41607 -0.77753 -0.77014 -0.77753 -0.77014 13.35417 4.73815 200.40787 -0.01523
target: -1.56210 -0.01993
fb: -1.35573 0.04410 -0.45756 -0.48351
fb: -1.46628 0.03846 -0.39676 -0.42271
dist/lin/ang/drive_left/drive_right/tv_l/tv_r/av_l/av_r/x/y/theta/t_err: -0.33059 -1.47814 -0.23337 -1.50474 -1.42782 -0.60692 -0.60622 -0.60692 -0.60622 12.27352 4.33173 200.77673 -0.02334
target: -1.47814 -0.03053
fb: -1.57860 0.03344 -0.26019 -0.29641
fb: -1.43892 0.03142 -0.33702 -0.37323
dist/lin/ang/drive_left/drive_right/tv_l/tv_r/av_l/av_r/x/y/theta/t_err: -0.30183 -1.39566 -0.30879 -1.47034 -1.40750 -0.47961 -0.48097 -0.47961 -0.48097 11.21520 3.92719 201.06779 -0.03088
target: -1.39566 -0.04039
fb: -1.44289 0.03275 -0.25653 -0.30209
fb: -1.38464 0.03226 -0.28857 -0.33413
dist/lin/ang/drive_left/drive_right/tv_l/tv_r/av_l/av_r/x/y/theta/t_err: -0.27415 -1.31273 -0.39211 -1.41690 -1.35238 -0.37028 -0.38808 -0.37028 -0.38808 10.19875 3.53285 201.35271 -0.03921
target: -1.31273 -0.05129
fb: -1.40428 0.02954 -0.18210 -0.25621
fb: -1.45459 0.02160 -0.15443 -0.22854
dist/lin/ang/drive_left/drive_right/tv_l/tv_r/av_l/av_r/x/y/theta/t_err: -0.24509 -1.22366 -0.48187 -1.47619 -1.43299 -0.34889 -0.37303 -0.34889 -0.37303 9.13291 3.11355 201.58596 -0.04819
target: -1.22366 -0.06303
fb: -1.27607 0.01610 -0.13463 -0.22299
fb: -1.26835 0.01853 -0.13888 -0.22724
dist/lin/ang/drive_left/drive_right/tv_l/tv_r/av_l/av_r/x/y/theta/t_err: -0.21975 -1.14346 -0.56520 -1.28688 -1.24982 -0.26486 -0.33706 -0.26486 -0.33706 8.20474 2.74491 201.73609 -0.05652
target: -1.14346 -0.07393
fb: -1.25290 0.01212 -0.09845 -0.20224
fb: -1.21407 0.00167 -0.11981 -0.22360
dist/lin/ang/drive_left/drive_right/tv_l/tv_r/av_l/av_r/x/y/theta/t_err: -0.19552 -1.06408 -0.65013 -1.21574 -1.21240 -0.19850 -0.28867 -0.19850 -0.28867 7.31706 2.39011 201.81455 -0.06501
target: -1.06408 -0.08504
fb: -1.25467 -0.00216 0.10103 -0.13532
fb: -1.15780 -0.00070 -0.07029 -0.18860
dist/lin/ang/drive_left/drive_right/tv_l/tv_r/av_l/av_r/x/y/theta/t_err: -0.17242 -1.10735 -0.73485 -1.15710 -1.15850 -0.10453 -0.25975 -0.10453 -0.25975 6.47064 2.05144 201.80100 -0.07348
target: -1.10735 -0.09613
fb: -1.08410 0.00453 -0.63563 -0.78779
fb: -1.09778 0.00746 -0.62810 -0.78027
dist/lin/ang/drive_left/drive_right/tv_l/tv_r/av_l/av_r/x/y/theta/t_err: -0.14999 -1.03281 -0.74264 -1.10524 -1.09033 -0.10489 -0.27036 -0.10489 -0.27036 5.66818 1.73016 201.84562 -0.07426
target: -1.03281 -0.09714
fb: -1.06468 0.00676 -0.10273 -0.23794
fb: -0.98900 -0.00258 -0.14436 -0.27957
dist/lin/ang/drive_left/drive_right/tv_l/tv_r/av_l/av_r/x/y/theta/t_err: -0.13020 -0.96228 -0.74802 -0.98642 -0.99157 -0.47364 -0.46886 -0.47364 -0.46886 4.94548 1.44010 201.87646 -0.07480
target: -0.96228 -0.09785
fb: -0.92125 -0.00962 -0.12938 -0.26551
fb: -0.90581 -0.00962 -0.13788 -0.27401
dist/lin/ang/drive_left/drive_right/tv_l/tv_r/av_l/av_r/x/y/theta/t_err: -0.11210 -0.89289 -0.73420 -0.89619 -0.91542 -0.22039 -0.35181 -0.22039 -0.35181 4.28343 1.17478 201.79728 -0.07342
target: -0.89289 -0.09604
fb: -0.97951 -0.01003 0.08156 -0.16971
fb: -0.93273 -0.01735 -0.06222 -0.19544
dist/lin/ang/drive_left/drive_right/tv_l/tv_r/av_l/av_r/x/y/theta/t_err: -0.09347 -0.81533 -0.71510 -0.91538 -0.95008 -0.08911 -0.25325 -0.08911 -0.25325 3.60129 0.90262 201.68782 -0.07151
target: -0.81533 -0.09354
fb: -0.87844 -0.02627 0.13158 -0.11437
fb: -0.88440 -0.03435 0.13485 -0.11109
dist/lin/ang/drive_left/drive_right/tv_l/tv_r/av_l/av_r/x/y/theta/t_err: -0.07584 -0.73440 -0.67192 -0.85005 -0.91875 -0.02842 -0.20211 -0.02842 -0.20211 2.95371 0.64651 201.44044 -0.06719
target: -0.73440 -0.08789
fb: -0.74473 -0.03240 0.14548 -0.09155
fb: -0.73303 -0.02968 0.13904 -0.09799
dist/lin/ang/drive_left/drive_right/tv_l/tv_r/av_l/av_r/x/y/theta/t_err: -0.06123 -0.65991 -0.62341 -0.70335 -0.76271 0.10456 -0.14972 0.10456 -0.14972 2.41592 0.43693 201.16250 -0.06234
target: -0.65991 -0.08155
fb: -0.71957 -0.03303 0.17318 0.07249
fb: -0.65558 -0.04027 0.13799 -0.09071
dist/lin/ang/drive_left/drive_right/tv_l/tv_r/av_l/av_r/x/y/theta/t_err: -0.04818 -0.58539 -0.57003 -0.61531 -0.69585 0.12064 -0.07497 0.12064 -0.07497 1.93405 0.25182 200.85668 -0.05700
target: -0.58539 -0.07457
fb: -0.63417 -0.04731 0.19333 0.10280
fb: -0.56820 -0.05212 0.15704 0.06652
dist/lin/ang/drive_left/drive_right/tv_l/tv_r/av_l/av_r/x/y/theta/t_err: -0.03690 -0.51230 -0.49621 -0.51608 -0.62031 0.13653 -0.03867 0.13653 -0.03867 1.51541 0.09400 200.43369 -0.04962
target: -0.51230 -0.06491
fb: -0.54304 -0.05936 0.20120 0.12426
fb: -0.51789 -0.06473 0.18737 0.11042
dist/lin/ang/drive_left/drive_right/tv_l/tv_r/av_l/av_r/x/y/theta/t_err: -0.02665 -0.43534 -0.40347 -0.45316 -0.58262 0.15178 0.06314 0.15178 0.06314 1.13266 -0.04668 199.90232 -0.04035
target: -0.43534 -0.05278
fb: -0.43249 -0.06243 0.06568 -0.08904
fb: -0.33562 -0.05156 -0.06565 -0.14232
dist/lin/ang/drive_left/drive_right/tv_l/tv_r/av_l/av_r/x/y/theta/t_err: -0.02003 -0.37746 -0.31274 -0.28406 -0.38718 0.15569 0.05253 0.15569 0.05253 0.88378 -0.13554 199.38252 -0.03127
target: -0.37746 -0.04091
fb: -0.27141 -0.03526 -0.10080 -0.14660
fb: -0.21911 -0.02515 -0.12956 -0.17537
dist/lin/ang/drive_left/drive_right/tv_l/tv_r/av_l/av_r/x/y/theta/t_err: -0.01570 -0.33421 -0.26191 -0.19396 -0.24427 -0.03986 -0.12183 -0.03986 -0.12183 0.72087 -0.19237 199.09126 -0.02619
target: -0.33421 -0.03426
fb: -0.20168 -0.02620 -0.13193 -0.17108
fb: -0.19572 -0.02446 -0.13521 -0.17436
dist/lin/ang/drive_left/drive_right/tv_l/tv_r/av_l/av_r/x/y/theta/t_err: -0.01183 -0.29008 -0.22275 -0.17127 -0.22018 -0.11244 -0.16050 -0.11244 -0.16050 0.57514 -0.24250 198.86691 -0.02228
target: -0.29008 -0.02914
fb: -0.19396 -0.01965 -0.09641 -0.13044
fb: -0.18822 -0.01498 -0.09956 -0.13360
dist/lin/ang/drive_left/drive_right/tv_l/tv_r/av_l/av_r/x/y/theta/t_err: -0.00810 -0.23997 -0.19459 -0.17324 -0.20320 -0.12147 -0.15861 -0.12147 -0.15861 0.43483 -0.29022 198.70554 -0.01946
target: -0.23997 -0.02545
fb: -0.18226 -0.01477 -0.04660 -0.07695
fb: -0.18624 -0.01895 -0.04442 -0.07477
dist/lin/ang/drive_left/drive_right/tv_l/tv_r/av_l/av_r/x/y/theta/t_err: -0.00440 -0.00110 -0.17013 -0.16728 -0.20519 -0.09189 -0.11806 -0.09189 -0.11806 0.29588 -0.33709 198.56542 -0.01701
target: -0.00110 -0.02226
fb: -0.16108 -0.02132 0.52749 0.51013
fb: -0.13769 -0.02000 0.52749 0.51013
dist/lin/ang/drive_left/drive_right/tv_l/tv_r/av_l/av_r/x/y/theta/t_err: -0.00168 -0.00042 -0.13846 -0.11769 -0.15769 0.01694 -0.00686 0.01694 -0.00686 0.19305 -0.37145 198.38394 -0.01385
target: -0.00042 -0.01811
fb: -0.14541 -0.01735 0.04928 -0.05177
fb: -0.14917 -0.01275 0.04928 -0.05177
increased kp to 15.80000
increased kp to 15.90000
increased kp to 16.00000
increased kp to 16.10000
increased kp to 16.20000
increased kp to 16.30000
increased kp to 16.40000
increased kp to 16.50000
increased kp to 16.60000
increased kp to 16.70000
increased kp to 16.80000
increased kp to 16.90000
increased kp to 17.00000
increased kp to 17.10000
increased kp to 17.20000
increased kp to 17.30000
increased kp to 17.40000
increased kp to 17.50000
increased kp to 17.60000
increased kp to 17.70000
increased kp to 17.80000
increased kp to 17.90000
increased kp to 18.00000
increased kp to 18.10000
increased kp to 18.20000
increased kp to 18.30000
increased kp to 18.40000
increased kp to 18.50000
increased kp to 18.60000
increased kp to 18.70000
increased kp to 18.80000
increased kp to 18.90000
increased kp to 19.00000
increased kp to 19.10000
increased kp to 19.20000
increased kp to 19.30000
increased kp to 19.40000
increased kp to 19.50000
increased kp to 19.60000
increased kp to 19.70000
increased kp to 19.80000
increased kp to 19.90000
increased kp to 20.00000
start is 0.00000 0.00000
dist/lin/ang/drive_left/drive_right/tv_l/tv_r/av_l/av_r/x/y/theta/t_err: 0.64257 0.09144 6.43496 0.00000 0.00000 -0.00017 -0.00017 -0.00017 -0.00017 0.00000 0.00000 0.00015 0.32175
target: 0.09144 0.84176
fb: 0.00000 0.00000 -0.38629 0.84144
fb: 0.00000 0.00000 -0.38629 0.84144
dist/lin/ang/drive_left/drive_right/tv_l/tv_r/av_l/av_r/x/y/theta/t_err: 0.64257 0.18288 6.43495 0.00000 0.00000 -0.06347 0.07253 -0.06347 0.07253 0.00000 0.00000 0.00017 0.32175
target: 0.18288 0.84176
fb: 0.00000 0.00432 -0.25187 0.97586
fb: 0.00000 0.01972 -0.25187 0.97586
dist/lin/ang/drive_left/drive_right/tv_l/tv_r/av_l/av_r/x/y/theta/t_err: 0.64257 0.27432 6.43150 -0.01972 0.01972 -0.29533 0.41889 -0.29533 0.41889 0.00000 0.00000 0.01006 0.32157
target: 0.27432 0.84130
fb: -0.00397 0.05093 -0.16526 1.00000
fb: -0.00397 0.08089 -0.16526 1.00000
dist/lin/ang/drive_left/drive_right/tv_l/tv_r/av_l/av_r/x/y/theta/t_err: 0.64265 0.36576 6.34325 -0.08487 0.07692 -0.22158 0.40381 -0.22158 0.40381 -0.00313 -0.00001 0.26064 0.31716
target: 0.36576 0.82976
fb: 0.00000 0.10040 -0.07558 1.00000
fb: 0.00000 0.11427 -0.07558 1.00000
dist/lin/ang/drive_left/drive_right/tv_l/tv_r/av_l/av_r/x/y/theta/t_err: 0.64265 0.45720 6.08283 -0.11427 0.11427 -0.13994 0.51778 -0.13994 0.51778 -0.00313 -0.00001 1.00671 0.30414
target: 0.45720 0.79569
fb: 0.00000 0.12946 0.10941 1.00000
fb: 0.00000 0.14409 0.10941 1.00000
dist/lin/ang/drive_left/drive_right/tv_l/tv_r/av_l/av_r/x/y/theta/t_err: 0.64265 0.54864 5.72280 -0.14409 0.14409 -0.01319 0.64167 -0.01319 0.64167 -0.00313 -0.00001 2.03811 0.28614
target: 0.54864 0.74860
fb: 0.00971 0.15656 0.44512 1.00000
fb: 0.08539 0.17091 0.40350 1.00000
dist/lin/ang/drive_left/drive_right/tv_l/tv_r/av_l/av_r/x/y/theta/t_err: 0.64246 0.64008 5.27652 -0.08552 0.25631 0.17778 0.72072 0.17778 0.72072 0.00451 0.00039 3.32123 0.26383
target: 0.64008 0.69022
fb: 0.16285 0.18701 0.48789 1.00000
fb: 0.18601 0.20185 0.47514 1.00000
dist/lin/ang/drive_left/drive_right/tv_l/tv_r/av_l/av_r/x/y/theta/t_err: 0.63931 0.73152 4.76856 -0.01584 0.38786 0.39183 0.78231 0.39183 0.78231 0.13240 0.00955 4.84873 0.23843
target: 0.73152 0.62378
fb: 0.22882 0.19899 0.58399 1.00000
fb: 0.30076 0.18924 0.54443 1.00000
dist/lin/ang/drive_left/drive_right/tv_l/tv_r/av_l/av_r/x/y/theta/t_err: 0.63485 0.82296 4.19437 0.11152 0.49000 0.45056 0.81619 0.45056 0.81619 0.31166 0.02767 6.58470 0.20972
target: 0.82296 0.54867
fb: 0.34533 0.18102 0.65811 1.00000
fb: 0.37997 0.17391 0.63906 1.00000
dist/lin/ang/drive_left/drive_right/tv_l/tv_r/av_l/av_r/x/y/theta/t_err: 0.62807 0.91440 3.66439 0.20606 0.55388 0.49006 0.80644 0.49006 0.80644 0.58129 0.06279 8.22517 0.18322
target: 0.91440 0.47934
fb: 0.41682 0.16687 0.75311 1.00000
fb: 0.45588 0.16269 0.73163 1.00000
dist/lin/ang/drive_left/drive_right/tv_l/tv_r/av_l/av_r/x/y/theta/t_err: 0.61986 1.00584 3.18546 0.29319 0.61857 0.50786 0.82403 0.50786 0.82403 0.90545 0.11407 9.72746 0.15927
target: 1.00584 0.41669
fb: 0.52362 0.15809 0.82422 1.00000
fb: 0.53333 0.15496 0.81888 1.00000
dist/lin/ang/drive_left/drive_right/tv_l/tv_r/av_l/av_r/x/y/theta/t_err: 0.60950 1.09728 2.74360 0.37837 0.68829 0.43872 0.83758 0.43872 0.83758 1.31090 0.18892 11.13701 0.13718
target: 1.09728 0.35889
fb: 0.57614 0.15294 0.92194 1.00000
fb: 0.62645 0.15782 0.89427 1.00000
dist/lin/ang/drive_left/drive_right/tv_l/tv_r/av_l/av_r/x/y/theta/t_err: 0.59807 1.18872 2.31848 0.46863 0.78426 0.56072 0.86836 0.56072 0.86836 1.75486 0.28212 12.49209 0.11592
target: 1.18872 0.30328
fb: 0.69419 0.16032 0.98214 1.00000
fb: 0.76414 0.16388 0.94367 1.00000
dist/lin/ang/drive_left/drive_right/tv_l/tv_r/av_l/av_r/x/y/theta/t_err: 0.58426 1.28016 1.88474 0.60026 0.92802 0.58639 0.86600 0.58639 0.86600 2.28697 0.40715 13.87486 0.09424
target: 1.28016 0.24654
fb: 0.77782 0.16799 1.00000 1.00000
fb: 0.79900 0.16966 1.00000 1.00000
dist/lin/ang/drive_left/drive_right/tv_l/tv_r/av_l/av_r/x/y/theta/t_err: 0.56876 1.37160 1.42611 0.62934 0.96866 0.58756 0.89114 0.58756 0.89114 2.87962 0.56158 15.31631 0.07131
target: 1.37160 0.18655
fb: 0.85902 0.17050 1.00000 1.00000
fb: 0.89786 0.17057 1.00000 1.00000
dist/lin/ang/drive_left/drive_right/tv_l/tv_r/av_l/av_r/x/y/theta/t_err: 0.55161 1.46304 0.94390 0.72729 1.06842 0.69283 0.88703 0.69283 0.88703 3.52951 0.74901 16.80094 0.04719
target: 1.46304 0.12347
fb: 0.91352 0.17064 1.00000 1.00000
fb: 0.91529 0.17064 1.00000 1.00000
dist/lin/ang/drive_left/drive_right/tv_l/tv_r/av_l/av_r/x/y/theta/t_err: 0.53335 1.55448 0.44587 0.74466 1.08593 0.86033 0.88272 0.86033 0.88272 4.21527 0.96608 18.29412 0.02229
target: 1.55448 0.05832
fb: 0.99671 0.16855 1.00000 1.00000
fb: 1.10946 0.16060 1.00000 1.00000
dist/lin/ang/drive_left/drive_right/tv_l/tv_r/av_l/av_r/x/y/theta/t_err: 0.51342 1.64592 0.20132 0.94885 1.27006 0.89714 0.89369 0.89714 0.89369 4.95951 1.21514 19.03621 0.01007
target: 1.64592 0.02633
fb: 1.09203 0.16060 1.00000 1.00000
fb: 1.06865 0.15475 1.00000 1.00000
dist/lin/ang/drive_left/drive_right/tv_l/tv_r/av_l/av_r/x/y/theta/t_err: 0.49158 1.73629 -0.30248 0.91390 1.22340 0.90875 0.89950 0.90875 0.89950 5.76699 1.51065 20.45781 -0.01512
target: 1.73629 -0.03957
fb: 1.14411 0.14722 1.00000 1.00000
fb: 1.15956 0.14318 1.00000 1.00000
dist/lin/ang/drive_left/drive_right/tv_l/tv_r/av_l/av_r/x/y/theta/t_err: 0.46870 1.67046 -0.79238 1.01638 1.30274 0.92056 0.91508 0.92056 0.91508 6.60714 1.83575 21.78498 -0.03962
target: 1.67046 -0.10365
fb: 1.14632 0.13545 0.83999 0.70916
fb: 1.16949 0.12653 0.82724 0.69641
dist/lin/ang/drive_left/drive_right/tv_l/tv_r/av_l/av_r/x/y/theta/t_err: 0.44581 1.60814 -1.27113 1.04296 1.29602 0.80592 0.83739 0.80592 0.83739 7.44151 2.18002 23.00709 -0.06356
target: 1.60814 -0.16628
fb: 1.27210 0.11977 0.76693 0.55090
fb: 1.35573 0.11225 0.72094 0.50490
dist/lin/ang/drive_left/drive_right/tv_l/tv_r/av_l/av_r/x/y/theta/t_err: 0.42044 1.50583 -1.74538 1.24348 1.46797 0.74997 0.64561 0.74997 0.64561 8.35940 2.58096 24.10994 -0.08727
target: 1.50583 -0.22831
fb: 1.35176 0.09831 0.50639 0.19907
fb: 1.31689 0.08466 0.52557 0.21824
dist/lin/ang/drive_left/drive_right/tv_l/tv_r/av_l/av_r/x/y/theta/t_err: 0.39354 1.40392 -2.20536 1.23224 1.40155 0.67178 0.51214 0.67178 0.51214 9.32713 3.02411 25.05083 -0.11027
target: 1.40392 -0.28848
fb: 1.27806 0.07344 0.49090 0.10089
fb: 1.29725 0.06306 0.48035 0.09033
dist/lin/ang/drive_left/drive_right/tv_l/tv_r/av_l/av_r/x/y/theta/t_err: 0.36816 1.31325 -2.61830 1.23420 1.36031 0.53161 0.30011 0.53161 0.30011 10.23596 3.45626 25.76982 -0.13092
target: 1.31325 -0.34250
fb: 1.30321 0.05929 0.47108 -0.11953
fb: 1.30520 0.04787 0.46999 -0.12062
dist/lin/ang/drive_left/drive_right/tv_l/tv_r/av_l/av_r/x/y/theta/t_err: 0.34236 1.22626 -3.01358 1.25733 1.35307 0.48919 0.12731 0.48919 0.12731 11.15787 3.90688 26.31167 -0.15068
target: 1.22626 -0.39421
fb: 1.22775 0.02188 0.47835 -0.18281
fb: 1.19664 -0.00509 0.49546 -0.16569
dist/lin/ang/drive_left/drive_right/tv_l/tv_r/av_l/av_r/x/y/theta/t_err: 0.31812 1.14795 -3.37082 1.20172 1.19155 0.46986 -0.08061 0.46986 -0.08061 12.02297 4.33834 26.65632 -0.16854
target: 1.14795 -0.44094
fb: 1.20634 -0.03470 0.48091 -0.24320
fb: 1.12889 -0.05867 0.52351 -0.20060
dist/lin/ang/drive_left/drive_right/tv_l/tv_r/av_l/av_r/x/y/theta/t_err: 0.29436 1.08319 -3.60480 1.18756 1.07023 0.47964 -0.15742 0.47964 -0.15742 12.87208 4.76411 26.54089 -0.18024
target: 1.08319 -0.47154
fb: 1.10925 -0.07839 0.54676 -0.21753
fb: 1.12867 -0.09943 0.53608 -0.22821
dist/lin/ang/drive_left/drive_right/tv_l/tv_r/av_l/av_r/x/y/theta/t_err: 0.27254 1.03445 -3.69612 1.22810 1.02924 0.50494 -0.18683 0.50494 -0.18683 13.65523 5.15082 25.98735 -0.18481
target: 1.03445 -0.48349
fb: 1.02584 -0.12263 0.61791 -0.16066
fb: 1.03555 -0.14743 0.61257 -0.16600
dist/lin/ang/drive_left/drive_right/tv_l/tv_r/av_l/av_r/x/y/theta/t_err: 0.25237 0.99823 -3.66226 1.18298 0.88812 0.53711 -0.18650 0.53711 -0.18650 14.38388 5.49942 25.06802 -0.18311
target: 0.99823 -0.47906
fb: 1.02805 -0.17412 0.62897 -0.14203
fb: 0.96383 -0.19885 0.66428 -0.10671
dist/lin/ang/drive_left/drive_right/tv_l/tv_r/av_l/av_r/x/y/theta/t_err: 0.23214 0.97069 -3.49476 1.16269 0.76498 0.59783 -0.14458 0.59783 -0.14458 15.12078 5.83443 23.71812 -0.17474
target: 0.97069 -0.45715
fb: 0.96383 -0.22526 0.65791 -0.08223
fb: 1.06665 -0.25250 0.60135 -0.13879
dist/lin/ang/drive_left/drive_right/tv_l/tv_r/av_l/av_r/x/y/theta/t_err: 0.21313 0.95645 -3.15449 1.31916 0.81415 0.63361 -0.10197 0.63361 -0.10197 15.82009 6.12919 21.91938 -0.15772
target: 0.95645 -0.41264
fb: 1.04150 -0.28588 0.62485 0.07511
fb: 0.70985 -0.31911 0.80726 0.25752
dist/lin/ang/drive_left/drive_right/tv_l/tv_r/av_l/av_r/x/y/theta/t_err: 0.19253 0.94657 -2.65870 1.02896 0.39073 0.60708 -0.07017 0.60708 -0.07017 16.58621 6.42162 19.63530 -0.13294
target: 0.94657 -0.34778
fb: 0.62246 -0.34803 0.81979 0.35882
fb: 0.75441 -0.37486 0.74722 0.28625
dist/lin/ang/drive_left/drive_right/tv_l/tv_r/av_l/av_r/x/y/theta/t_err: 0.18016 0.98059 -1.81034 1.12927 0.37956 0.69947 0.20364 0.69947 0.20364 17.05198 6.57412 16.78355 -0.09052
target: 0.98059 -0.23681
fb: 0.90379 -0.40057 0.79904 0.49588
fb: 0.76411 -0.41798 0.87586 0.57270
dist/lin/ang/drive_left/drive_right/tv_l/tv_r/av_l/av_r/x/y/theta/t_err: 0.16212 1.07378 -0.78002 1.18210 0.34613 0.70583 0.32033 0.70583 0.32033 17.73918 6.75872 13.44870 -0.03900
target: 1.07378 -0.10203
fb: 0.63790 -0.43060 1.00000 1.00000
fb: 0.76609 -0.43784 1.00000 1.00000
dist/lin/ang/drive_left/drive_right/tv_l/tv_r/av_l/av_r/x/y/theta/t_err: 0.14932 1.03051 0.50398 1.20394 0.32825 0.73972 0.51539 0.73972 0.51539 18.23143 6.85831 9.77031 0.02520
target: 1.03051 0.06593
fb: 0.94636 -0.43478 0.31159 0.40901
fb: 1.05492 -0.42502 0.25188 0.34930
dist/lin/ang/drive_left/drive_right/tv_l/tv_r/av_l/av_r/x/y/theta/t_err: 0.12983 0.96090 1.83238 1.47995 0.62990 0.78058 0.62525 0.78058 0.62525 18.96981 6.95794 5.96474 0.09162
target: 0.96090 0.23969
fb: 0.93864 -0.41116 -0.09090 0.35631
fb: 0.83185 -0.39381 0.08588 0.41505
dist/lin/ang/drive_left/drive_right/tv_l/tv_r/av_l/av_r/x/y/theta/t_err: 0.10996 0.88434 3.11500 1.22566 0.43805 0.40125 0.34667 0.40125 0.34667 19.70686 7.01149 2.29029 0.15575
target: 0.88434 0.40747
fb: 0.79126 -0.37667 -0.22361 0.45005
fb: 0.80692 -0.36615 -0.23223 0.44143
dist/lin/ang/drive_left/drive_right/tv_l/tv_r/av_l/av_r/x/y/theta/t_err: 0.09272 0.81205 4.30298 1.17307 0.44078 0.09000 0.39097 0.09000 0.39097 20.32980 7.01741 -1.11302 0.21515
target: 0.81205 0.56287
fb: 0.78155 -0.35472 -0.37475 0.51025
fb: 0.73676 -0.31877 -0.35012 0.53488
dist/lin/ang/drive_left/drive_right/tv_l/tv_r/av_l/av_r/x/y/theta/t_err: 0.07547 0.73262 5.41362 1.05553 0.41799 -0.18839 0.43600 -0.18839 0.43600 20.94445 6.98845 -4.29478 0.27068
target: 0.73262 0.70816
fb: 0.63990 -0.26749 -0.49911 0.58169
fb: 0.63814 -0.21453 -0.49814 0.58266
dist/lin/ang/drive_left/drive_right/tv_l/tv_r/av_l/av_r/x/y/theta/t_err: 0.06113 0.65937 6.34407 0.85267 0.42361 -0.31725 0.49861 -0.31725 0.49861 21.44587 6.93923 -6.96032 0.31720
target: 0.65937 0.82987
fb: 0.70787 -0.16562 -0.66371 0.58288
fb: 0.68647 -0.12604 -0.65194 0.59465
dist/lin/ang/drive_left/drive_right/tv_l/tv_r/av_l/av_r/x/y/theta/t_err: 0.04588 0.57123 6.96062 0.81251 0.56042 -0.43597 0.55489 -0.43597 0.55489 21.99794 6.86264 -8.72659 0.34803
target: 0.57123 0.91052
fb: 0.69441 -0.09838 -0.85461 0.49864
fb: 0.69044 -0.07093 -0.85243 0.50082
dist/lin/ang/drive_left/drive_right/tv_l/tv_r/av_l/av_r/x/y/theta/t_err: 0.03132 0.47198 7.32642 0.76137 0.61951 -0.46936 0.54242 -0.46936 0.54242 22.53754 6.77433 -9.77454 0.36632
target: 0.47198 0.95837
fb: 0.66904 -0.03658 -0.81339 0.57293
fb: 0.60902 0.00871 -0.78038 0.60594
dist/lin/ang/drive_left/drive_right/tv_l/tv_r/av_l/av_r/x/y/theta/t_err: 0.01759 0.35368 7.51622 0.60031 0.61773 -0.54533 0.50117 -0.54533 0.50117 23.05620 6.68208 -10.31827 0.37581
target: 0.35368 0.98320
fb: 0.58188 0.06522 -0.92899 0.49109
fb: 0.57592 0.12124 -0.92572 0.49437
dist/lin/ang/drive_left/drive_right/tv_l/tv_r/av_l/av_r/x/y/theta/t_err: 0.00608 0.00152 7.44493 0.45468 0.69716 -0.43103 0.53967 -0.43103 0.53967 23.50703 6.60039 -10.11404 0.37225
target: 0.00152 0.97387
fb: 0.51391 0.16416 -1.00000 -0.35753
fb: 0.46559 0.19523 -1.00000 -0.33095
dist/lin/ang/drive_left/drive_right/tv_l/tv_r/av_l/av_r/x/y/theta/t_err: -0.00345 -0.00086 7.04428 0.27036 0.66082 -0.36650 0.31639 -0.36650 0.31639 23.90601 6.53293 -8.96628 0.35221
target: -0.00086 0.92146
fb: 0.47331 0.22073 -0.92228 0.41385
fb: 0.44418 0.24435 -0.90626 0.42987
dist/lin/ang/drive_left/drive_right/tv_l/tv_r/av_l/av_r/x/y/theta/t_err: -0.01177 -0.28935 6.43052 0.19983 0.68853 -0.46217 -0.06417 -0.46217 -0.06417 24.27500 6.48060 -7.20796 0.32153
target: -0.28935 0.84118
fb: 0.35283 0.26546 -1.00000 -0.50073
fb: 0.30826 0.27619 -1.00000 -0.47622
dist/lin/ang/drive_left/drive_right/tv_l/tv_r/av_l/av_r/x/y/theta/t_err: -0.01739 -0.35171 5.66856 0.03206 0.58445 -0.36994 0.23219 -0.36994 0.23219 24.55120 6.45076 -5.02511 0.28343
target: -0.35171 0.74150
fb: 0.24449 0.28497 -1.00000 -0.11505
fb: 0.20940 0.29549 -1.00000 -0.09575
dist/lin/ang/drive_left/drive_right/tv_l/tv_r/av_l/av_r/x/y/theta/t_err: -0.02065 -0.38326 4.81922 -0.08609 0.50490 -0.51008 -0.19403 -0.51008 -0.19403 24.74325 6.43765 -2.59194 0.24096
target: -0.38326 0.63040
fb: 0.16284 0.29765 -0.96666 -0.11420
fb: 0.09113 0.29459 -0.92721 -0.07476
dist/lin/ang/drive_left/drive_right/tv_l/tv_r/av_l/av_r/x/y/theta/t_err: -0.02214 -0.39684 3.91899 -0.20346 0.38572 -0.57953 -0.10386 -0.57953 -0.10386 24.87142 6.43431 -0.01296 0.19595
target: -0.39684 0.51264
fb: 0.03685 0.29083 -0.79501 -0.10271
fb: 0.00772 0.28442 -0.77899 -0.08669
dist/lin/ang/drive_left/drive_right/tv_l/tv_r/av_l/av_r/x/y/theta/t_err: -0.02108 -0.38717 3.02308 -0.27669 0.29214 -0.42569 -0.07939 -0.42569 -0.07939 24.90043 6.43470 2.55364 0.15115
target: -0.38717 0.39545
fb: 0.00375 0.27187 -0.64289 -0.10997
fb: 0.00000 0.25606 -0.64082 -0.10791
dist/lin/ang/drive_left/drive_right/tv_l/tv_r/av_l/av_r/x/y/theta/t_err: -0.01939 -0.37130 2.16501 -0.25606 0.25606 -0.48628 -0.08181 -0.48628 -0.08181 24.90338 6.43487 5.01182 0.10825
target: -0.37130 0.28320
fb: -0.00971 0.24275 -0.53331 -0.15304
fb: -0.09488 0.23425 -0.48646 -0.10620
dist/lin/ang/drive_left/drive_right/tv_l/tv_r/av_l/av_r/x/y/theta/t_err: -0.01757 -0.35348 1.39213 -0.32913 0.13937 -0.53164 -0.10267 -0.53164 -0.10267 24.89579 6.43398 7.22594 0.06961
target: -0.35348 0.18211
fb: -0.22088 0.23091 -0.32912 -0.08635
fb: -0.26964 0.23216 -0.30229 -0.05953
dist/lin/ang/drive_left/drive_right/tv_l/tv_r/av_l/av_r/x/y/theta/t_err: -0.01163 -0.28763 0.67908 -0.50180 -0.03748 -0.46011 -0.09872 -0.46011 -0.09872 24.72373 6.40866 9.26870 0.03395
target: -0.28763 0.08883
fb: -0.27935 0.23543 -0.07780 0.12595
fb: -0.27737 0.23732 -0.07889 0.12486
dist/lin/ang/drive_left/drive_right/tv_l/tv_r/av_l/av_r/x/y/theta/t_err: -0.00452 -0.00113 -0.03229 -0.51468 -0.04005 -0.31861 -0.02019 -0.31861 -0.02019 24.50732 6.36931 11.30660 -0.00161
target: -0.00113 -0.00422
fb: -0.27737 0.23495 0.76564 0.76632
fb: -0.28112 0.23202 0.76771 0.76838
dist/lin/ang/drive_left/drive_right/tv_l/tv_r/av_l/av_r/x/y/theta/t_err: 0.00259 0.00065 -0.75260 -0.51314 -0.04910 -0.11961 0.18311 -0.11961 0.18311 24.29400 6.32255 13.37016 -0.03763
target: 0.00065 -0.09845
fb: -0.31421 0.22484 0.28195 0.15295
fb: -0.33562 0.20903 0.29372 0.16472
dist/lin/ang/drive_left/drive_right/tv_l/tv_r/av_l/av_r/x/y/theta/t_err: 0.01038 0.27174 -1.45397 -0.54465 -0.12659 0.37319 0.38994 0.37319 0.38994 24.05442 6.26082 15.37943 -0.07270
target: 0.27174 -0.19019
fb: -0.28310 0.19084 1.00000 0.86058
fb: -0.23257 0.18262 1.00000 0.83279
final error: 1.80859, x: 0.15959, y: 1.80153
final local error: 1.80859, forwards: 0.68426, sideways: 1.67415
position: 23.84041 6.19847 17.16848
took 1.14000 time to finish turn
dist/lin/ang/drive_left/drive_right/tv_l/tv_r/av_l/av_r/x/y/theta/t_err: -0.61880 -0.09144 -1.14969 0.00000 0.00000 -0.00000 0.00017 -0.00000 0.00017 23.58307 6.11134 201.11534 -0.11497
target: -0.09144 -0.15039
fb: 0.00000 0.00000 -0.15497 -0.36440
fb: 0.00000 0.00000 -0.15497 -0.36440
dist/lin/ang/drive_left/drive_right/tv_l/tv_r/av_l/av_r/x/y/theta/t_err: -0.61880 -0.18288 -1.14969 0.00000 0.00000 -0.01678 -0.08111 -0.01678 -0.08111 23.58307 6.11134 201.11534 -0.11497
target: -0.18288 -0.15039
fb: 0.00000 0.00000 -0.28939 -0.49882
fb: 0.00000 -0.00077 -0.28939 -0.49882
dist/lin/ang/drive_left/drive_right/tv_l/tv_r/av_l/av_r/x/y/theta/t_err: -0.61880 -0.27432 -1.14917 0.00077 -0.00077 -0.14222 -0.32939 -0.14222 -0.32939 23.58307 6.11134 201.11236 -0.11492
target: -0.27432 -0.15032
fb: -0.00397 -0.00327 -0.37138 -0.58071
fb: -0.03310 -0.01916 -0.35536 -0.56469
dist/lin/ang/drive_left/drive_right/tv_l/tv_r/av_l/av_r/x/y/theta/t_err: -0.61814 -0.36576 -1.13754 -0.01394 -0.05226 -0.26111 -0.44350 -0.26111 -0.44350 23.55875 6.10196 201.03873 -0.11375
target: -0.36576 -0.14880
fb: -0.09113 -0.03254 -0.40858 -0.61585
fb: -0.15711 -0.03958 -0.37229 -0.57956
dist/lin/ang/drive_left/drive_right/tv_l/tv_r/av_l/av_r/x/y/theta/t_err: -0.61502 -0.45720 -1.09142 -0.11753 -0.19669 -0.33725 -0.40331 -0.33725 -0.40331 23.44317 6.05786 200.74200 -0.10914
target: -0.45720 -0.14277
fb: -0.21536 -0.03985 -0.42842 -0.62748
fb: -0.23456 -0.03470 -0.41786 -0.61692
dist/lin/ang/drive_left/drive_right/tv_l/tv_r/av_l/av_r/x/y/theta/t_err: -0.61035 -0.54864 -1.04055 -0.19986 -0.26926 -0.36033 -0.41544 -0.36033 -0.41544 23.27025 5.99297 200.40390 -0.10405
target: -0.54864 -0.13611
fb: -0.25795 -0.02968 -0.71896 -0.92770
fb: -0.28311 -0.02703 -0.70512 -0.91387
dist/lin/ang/drive_left/drive_right/tv_l/tv_r/av_l/av_r/x/y/theta/t_err: -0.60472 -0.64008 -1.00563 -0.25607 -0.31014 -0.39236 -0.46728 -0.39236 -0.46728 23.06115 5.91572 200.14933 -0.10056
target: -0.64008 -0.13155
fb: -0.31025 -0.02578 -0.78113 -0.98449
fb: -0.37247 -0.02578 -0.74690 -0.95026
dist/lin/ang/drive_left/drive_right/tv_l/tv_r/av_l/av_r/x/y/theta/t_err: -0.59731 -0.73152 -0.97804 -0.34669 -0.39825 -0.45275 -0.48869 -0.45275 -0.48869 22.78560 5.81527 199.92095 -0.09780
target: -0.73152 -0.12794
fb: -0.40535 -0.02446 -0.81911 -1.00000
fb: -0.43823 -0.02285 -0.80103 -1.00000
dist/lin/ang/drive_left/drive_right/tv_l/tv_r/av_l/av_r/x/y/theta/t_err: -0.58858 -0.82296 -0.95523 -0.41538 -0.46108 -0.48561 -0.48800 -0.48561 -0.48800 22.46096 5.69833 199.70862 -0.09552
target: -0.82296 -0.12495
fb: -0.49053 -0.02473 -0.86214 -1.00000
fb: -0.51590 -0.02515 -0.84818 -1.00000
dist/lin/ang/drive_left/drive_right/tv_l/tv_r/av_l/av_r/x/y/theta/t_err: -0.57831 -0.91440 -0.93366 -0.49075 -0.54105 -0.48614 -0.58622 -0.48614 -0.58622 22.07828 5.56206 199.48946 -0.09337
target: -0.91440 -0.12213
fb: -0.56246 -0.02244 -0.91234 -1.00000
fb: -0.60328 -0.02125 -0.88989 -1.00000
dist/lin/ang/drive_left/drive_right/tv_l/tv_r/av_l/av_r/x/y/theta/t_err: -0.56630 -1.00584 -0.91879 -0.58203 -0.62453 -0.44728 -0.77222 -0.44728 -0.77222 21.63019 5.40436 199.29254 -0.09188
target: -1.00584 -0.12019
fb: -0.64013 -0.02501 -0.95880 -1.00000
fb: -0.73303 -0.03052 -0.90770 -1.00000
dist/lin/ang/drive_left/drive_right/tv_l/tv_r/av_l/av_r/x/y/theta/t_err: -0.55170 -1.09728 -0.90232 -0.70251 -0.76355 -0.49417 -0.84256 -0.49417 -0.84256 21.08504 5.21473 199.06151 -0.09023
target: -1.09728 -0.11803
fb: -0.76017 -0.03442 -0.98209 -1.00000
fb: -0.79327 -0.04006 -0.96389 -1.00000
dist/lin/ang/drive_left/drive_right/tv_l/tv_r/av_l/av_r/x/y/theta/t_err: -0.53589 -1.18872 -0.87335 -0.75321 -0.83333 -0.46833 -0.89711 -0.46833 -0.89711 20.49411 5.01236 198.74732 -0.08734
target: -1.18872 -0.11424
fb: -0.85528 -0.04452 -1.00000 -1.00000
fb: -0.81445 -0.04808 -1.00000 -1.00000
dist/lin/ang/drive_left/drive_right/tv_l/tv_r/av_l/av_r/x/y/theta/t_err: -0.51966 -1.28016 -0.83057 -0.76638 -0.86253 -0.43342 -0.91972 -0.43342 -0.91972 19.88616 4.80824 198.35136 -0.08306
target: -1.28016 -0.10865
fb: -0.88440 -0.05964 -1.00000 -1.00000
fb: -0.90382 -0.07030 -1.00000 -1.00000
dist/lin/ang/drive_left/drive_right/tv_l/tv_r/av_l/av_r/x/y/theta/t_err: -0.50165 -1.37160 -0.76492 -0.83352 -0.97412 -0.76108 -0.89439 -0.76108 -0.89439 19.20975 4.58703 197.81267 -0.07649
target: -1.37160 -0.10006
fb: -0.91154 -0.07720 -1.00000 -1.00000
fb: -0.96759 -0.07748 -1.00000 -1.00000
dist/lin/ang/drive_left/drive_right/tv_l/tv_r/av_l/av_r/x/y/theta/t_err: -0.48234 -1.46304 -0.67672 -0.89011 -1.04507 -0.86889 -0.89936 -0.86889 -0.89936 18.48308 4.35808 197.14465 -0.06767
target: -1.46304 -0.08852
fb: -0.97156 -0.07818 -1.00000 -1.00000
fb: -1.01238 -0.07776 -1.00000 -1.00000
dist/lin/ang/drive_left/drive_right/tv_l/tv_r/av_l/av_r/x/y/theta/t_err: -0.46214 -1.55448 -0.58488 -0.93463 -1.09014 -0.89694 -0.90089 -0.89694 -0.90089 17.71998 4.12761 196.46354 -0.05849
target: -1.55448 -0.07651
fb: -1.05122 -0.07393 -1.00000 -1.00000
fb: -1.08608 -0.06800 -1.00000 -1.00000
dist/lin/ang/drive_left/drive_right/tv_l/tv_r/av_l/av_r/x/y/theta/t_err: -0.44045 -1.63550 -0.50071 -1.01808 -1.15409 -0.89694 -0.89625 -0.89694 -0.89625 16.89852 3.88982 195.83180 -0.05007
target: -1.63550 -0.06550
fb: -1.17722 -0.06340 -1.00000 -1.00000
fb: -1.22775 -0.06215 -1.00000 -1.00000
dist/lin/ang/drive_left/drive_right/tv_l/tv_r/av_l/av_r/x/y/theta/t_err: -0.41592 -1.60725 -0.42992 -1.16560 -1.28990 -0.90003 -0.89781 -0.90003 -0.89781 15.96720 3.63057 195.27320 -0.04299
target: -1.60725 -0.05624
fb: -1.23724 -0.06145 -0.77245 -0.86413
fb: -1.22554 -0.06201 -0.77888 -0.87057
dist/lin/ang/drive_left/drive_right/tv_l/tv_r/av_l/av_r/x/y/theta/t_err: -0.39143 -1.57677 -0.35916 -1.16353 -1.28755 -0.88514 -0.86853 -0.88514 -0.86853 15.03514 3.38066 194.73008 -0.03592
target: -1.57677 -0.04698
fb: -1.33433 -0.06410 -0.69502 -0.75660
fb: -1.43517 -0.05727 -0.63956 -0.70114
dist/lin/ang/drive_left/drive_right/tv_l/tv_r/av_l/av_r/x/y/theta/t_err: -0.36274 -1.53436 -0.29090 -1.37789 -1.49244 -0.70856 -0.75067 -0.70856 -0.75067 13.94092 3.09833 194.19689 -0.02909
target: -1.53436 -0.03805
fb: -1.37118 -0.04466 -0.59069 -0.64116
fb: -1.40428 -0.03790 -0.57248 -0.62296
dist/lin/ang/drive_left/drive_right/tv_l/tv_r/av_l/av_r/x/y/theta/t_err: -0.33466 -1.48413 -0.24654 -1.36637 -1.44218 -0.64850 -0.69350 -0.64850 -0.69350 12.86803 2.83089 193.81969 -0.02465
target: -1.48413 -0.03225
fb: -1.37691 -0.03546 -0.51095 -0.55400
fb: -1.36919 -0.03317 -0.51520 -0.55825
dist/lin/ang/drive_left/drive_right/tv_l/tv_r/av_l/av_r/x/y/theta/t_err: -0.30729 -1.42960 -0.21332 -1.33603 -1.40236 -0.57697 -0.62950 -0.57697 -0.62950 11.82044 2.57619 193.51724 -0.02133
target: -1.42960 -0.02790
fb: -1.34779 -0.03519 -0.45950 -0.49707
fb: -1.39633 -0.03303 -0.43280 -0.47037
dist/lin/ang/drive_left/drive_right/tv_l/tv_r/av_l/av_r/x/y/theta/t_err: -0.27937 -1.37013 -0.18069 -1.36331 -1.42936 -0.52222 -0.56367 -0.52222 -0.56367 10.75073 2.32209 193.22354 -0.01807
target: -1.37013 -0.02364
fb: -1.42546 -0.03003 -0.34200 -0.37402
fb: -1.39037 -0.02989 -0.36130 -0.39332
dist/lin/ang/drive_left/drive_right/tv_l/tv_r/av_l/av_r/x/y/theta/t_err: -0.25156 -1.30609 -0.15174 -1.36048 -1.42027 -0.45822 -0.50200 -0.45822 -0.50200 9.68439 2.07419 192.95831 -0.01517
target: -1.30609 -0.01985
fb: -1.35948 -0.02794 -0.30041 -0.32739
fb: -1.38861 -0.02599 -0.28439 -0.31137
dist/lin/ang/drive_left/drive_right/tv_l/tv_r/av_l/av_r/x/y/theta/t_err: -0.22379 -1.23692 -0.12585 -1.36262 -1.41460 -0.39067 -0.43617 -0.39067 -0.43617 8.61830 1.83135 192.71773 -0.01259
target: -1.23692 -0.01646
fb: -1.44113 -0.02724 -0.17017 -0.19236
fb: -1.23349 -0.02745 -0.28437 -0.30657
dist/lin/ang/drive_left/drive_right/tv_l/tv_r/av_l/av_r/x/y/theta/t_err: -0.19912 -1.17183 -0.09827 -1.20603 -1.26094 -0.38194 -0.42125 -0.38194 -0.42125 7.67048 1.61934 192.48389 -0.00983
target: -1.17183 -0.01285
fb: -1.24496 -0.02885 -0.23362 -0.25223
fb: -1.33058 -0.02912 -0.18653 -0.20514
dist/lin/ang/drive_left/drive_right/tv_l/tv_r/av_l/av_r/x/y/theta/t_err: -0.17251 -1.10766 -0.06599 -1.30145 -1.35970 -0.33006 -0.36650 -0.33006 -0.36650 6.64707 1.39505 192.23096 -0.00660
target: -1.10766 -0.00863
fb: -1.14235 -0.02522 -0.23422 -0.24817
fb: -1.16155 -0.02508 -0.22366 -0.23762
dist/lin/ang/drive_left/drive_right/tv_l/tv_r/av_l/av_r/x/y/theta/t_err: -0.14928 -1.03039 -0.02718 -1.13647 -1.18663 -0.29825 -0.32253 -0.29825 -0.32253 5.75283 1.20313 192.00857 -0.00272
target: -1.03039 -0.00356
fb: -1.17148 -0.02724 -0.09402 -0.10024
fb: -1.09977 -0.02766 -0.13347 -0.13968
dist/lin/ang/drive_left/drive_right/tv_l/tv_r/av_l/av_r/x/y/theta/t_err: -0.12729 -0.95146 0.01412 -1.07210 -1.12743 -0.25478 -0.29739 -0.25478 -0.29739 4.90545 1.02473 191.77193 0.00141
target: -0.95146 0.00185
fb: -1.12470 -0.02285 0.07805 0.08815
fb: -1.02386 -0.01958 -0.09546 -0.09531
dist/lin/ang/drive_left/drive_right/tv_l/tv_r/av_l/av_r/x/y/theta/t_err: -0.10681 -0.87157 0.04742 -1.00428 -1.04344 -0.13225 -0.20022 -0.13225 -0.20022 4.11594 0.86157 191.58116 0.00474
target: -0.87157 0.00620
fb: -0.96781 -0.01470 0.07020 0.08552
fb: -0.90581 -0.00955 -0.08195 -0.07659
dist/lin/ang/drive_left/drive_right/tv_l/tv_r/av_l/av_r/x/y/theta/t_err: -0.08869 -0.79422 0.06760 -0.89626 -0.91535 -0.06708 -0.12286 -0.06708 -0.12286 3.41708 0.71912 191.46555 0.00676
target: -0.79422 0.00884
fb: -0.82615 -0.00439 -0.06290 0.07342
fb: -0.83586 0.00000 0.06048 0.07876
dist/lin/ang/drive_left/drive_right/tv_l/tv_r/av_l/av_r/x/y/theta/t_err: -0.07198 -0.71546 0.07270 -0.83586 -0.83586 -0.07803 -0.07117 -0.07803 -0.07117 2.77201 0.58852 191.43634 0.00727
target: -0.71546 0.00951
fb: -0.75642 0.00355 0.09776 0.11762
fb: -0.68647 0.00941 0.05929 0.07915
dist/lin/ang/drive_left/drive_right/tv_l/tv_r/av_l/av_r/x/y/theta/t_err: -0.05825 -0.64362 0.06470 -0.69588 -0.67707 0.02636 0.04364 0.02636 0.04364 2.24225 0.48118 191.48218 0.00647
target: -0.64362 0.00846
fb: -0.66529 0.01470 0.08955 0.10797
fb: -0.57217 0.01770 -0.07971 -0.07124
dist/lin/ang/drive_left/drive_right/tv_l/tv_r/av_l/av_r/x/y/theta/t_err: -0.04680 -0.57695 0.04085 -0.58987 -0.55447 0.05100 0.07067 0.05100 0.07067 1.80083 0.39103 191.61879 0.00409
target: -0.57695 0.00534
fb: -0.52164 0.01700 -0.06256 0.07061
fb: -0.49075 0.01693 -0.07955 -0.07438
dist/lin/ang/drive_left/drive_right/tv_l/tv_r/av_l/av_r/x/y/theta/t_err: -0.03699 -0.51291 0.01496 -0.50768 -0.47382 -0.04794 -0.01181 -0.04794 -0.01181 1.42243 0.31274 191.76717 0.00150
target: -0.51291 0.00196
fb: -0.43823 0.02069 0.06233 0.07425
fb: -0.39564 0.02982 -0.07914 -0.07717
dist/lin/ang/drive_left/drive_right/tv_l/tv_r/av_l/av_r/x/y/theta/t_err: -0.02908 -0.45476 -0.02091 -0.42546 -0.36582 -0.07050 -0.04003 -0.07050 -0.04003 1.11755 0.24873 191.97265 -0.00209
target: -0.45476 -0.00273
fb: -0.33937 0.03881 -0.15309 -0.16072
fb: -0.30826 0.03728 -0.17020 -0.17783
dist/lin/ang/drive_left/drive_right/tv_l/tv_r/av_l/av_r/x/y/theta/t_err: -0.02291 -0.40370 -0.07849 -0.34554 -0.27098 -0.06947 -0.06331 -0.06947 -0.06331 0.88025 0.19771 192.30257 -0.00785
target: -0.40370 -0.01027
fb: -0.28134 0.03149 -0.14842 -0.16358
fb: -0.25596 0.02515 -0.16238 -0.17754
dist/lin/ang/drive_left/drive_right/tv_l/tv_r/av_l/av_r/x/y/theta/t_err: -0.01780 -0.35576 -0.12400 -0.28112 -0.23081 -0.15417 -0.15469 -0.15417 -0.15469 0.68343 0.15430 192.56332 -0.01240
target: -0.35576 -0.01622
fb: -0.24228 0.01909 -0.12908 -0.15020
fb: -0.22309 0.01449 -0.13964 -0.16076
dist/lin/ang/drive_left/drive_right/tv_l/tv_r/av_l/av_r/x/y/theta/t_err: -0.01333 -0.30795 -0.15138 -0.23758 -0.20859 -0.15264 -0.16442 -0.15264 -0.16442 0.51203 0.11585 192.72020 -0.01514
target: -0.30795 -0.01980
fb: -0.21735 0.01031 -0.09728 -0.12197
fb: -0.21911 0.00606 -0.09631 -0.12100
dist/lin/ang/drive_left/drive_right/tv_l/tv_r/av_l/av_r/x/y/theta/t_err: -0.00895 -0.25232 -0.16558 -0.22518 -0.21305 -0.13022 -0.15192 -0.13022 -0.15192 0.34376 0.07773 192.80159 -0.01656
target: -0.25232 -0.02166
fb: -0.20543 0.00202 0.04196 -0.06264
fb: -0.20168 -0.00181 0.03990 -0.06470
dist/lin/ang/drive_left/drive_right/tv_l/tv_r/av_l/av_r/x/y/theta/t_err: -0.00492 -0.00123 -0.16733 -0.19987 -0.20349 -0.08847 -0.11514 -0.08847 -0.11514 0.18891 0.04251 192.81160 -0.01673
target: -0.00123 -0.02189
fb: -0.21338 -0.00411 0.66838 0.65138
fb: -0.21338 -0.00404 0.66838 0.65138
dist/lin/ang/drive_left/drive_right/tv_l/tv_r/av_l/av_r/x/y/theta/t_err: -0.00065 -0.00016 -0.16148 -0.20934 -0.21742 0.04825 -0.04464 0.04825 -0.04464 0.02507 0.00530 192.77806 -0.01615
target: -0.00016 -0.02112
fb: -0.21338 -0.00300 0.16893 0.15270
fb: -0.21139 -0.00300 0.16783 0.15160
dist/lin/ang/drive_left/drive_right/tv_l/tv_r/av_l/av_r/x/y/theta/t_err: 0.00358 0.00089 -0.15697 -0.20840 -0.21439 0.42964 0.38325 0.42964 0.38325 -0.13727 -0.03148 192.75223 -0.01570
target: 0.00089 -0.02053
fb: -0.16880 -0.01017 0.05173 -0.05174
fb: -0.09886 -0.01157 0.05173 -0.05174
dist/lin/ang/drive_left/drive_right/tv_l/tv_r/av_l/av_r/x/y/theta/t_err: 0.00555 0.00139 -0.14135 -0.08729 -0.11042 0.15108 0.09394 0.15108 0.09394 -0.21319 -0.04861 192.66276 -0.01414
target: 0.00139 -0.01849
fb: -0.04259 -0.00641 0.04977 -0.05166
fb: -0.02714 -0.00453 0.04977 -0.05166
increased kd to 0.10000
increased kd to 0.20000
increased kd to 0.30000
increased kd to 0.40000
increased kd to 0.50000
increased kd to 0.60000
increased kd to 0.70000
increased kd to 0.80000
increased kd to 0.90000
start is 0.00000 0.00000
dist/lin/ang/drive_left/drive_right/tv_l/tv_r/av_l/av_r/x/y/theta/t_err: 0.64257 0.09144 6.43503 0.00000 0.00000 -0.00017 -0.00000 -0.00017 -0.00000 0.00000 0.00000 -0.00005 0.32175
target: 0.09144 0.84177
fb: 0.00000 0.00000 -0.38629 0.84145
fb: 0.00000 0.00000 -0.38629 0.84145
dist/lin/ang/drive_left/drive_right/tv_l/tv_r/av_l/av_r/x/y/theta/t_err: 0.64257 0.18288 6.43502 0.00000 0.00000 -0.05664 0.06486 -0.05664 0.06486 0.00000 0.00000 -0.00002 0.32175
target: 0.18288 0.84176
fb: 0.00000 0.00091 -0.25188 0.97586
fb: 0.00000 0.01394 -0.25188 0.97586
dist/lin/ang/drive_left/drive_right/tv_l/tv_r/av_l/av_r/x/y/theta/t_err: 0.64257 0.27432 6.43414 -0.01394 0.01394 -0.29294 0.44336 -0.29294 0.44336 0.00000 0.00000 0.00224 0.32171
target: 0.27432 0.84165
fb: 0.00000 0.04738 -0.16767 1.00000
fb: 0.00000 0.08577 -0.16767 1.00000
dist/lin/ang/drive_left/drive_right/tv_l/tv_r/av_l/av_r/x/y/theta/t_err: 0.64257 0.36576 6.35513 -0.08577 0.08577 -0.22294 0.33897 -0.22294 0.33897 0.00000 0.00000 0.20594 0.31816
target: 0.36576 0.83131
fb: 0.00000 0.11399 -0.07662 1.00000
fb: 0.00000 0.13238 -0.07662 1.00000
dist/lin/ang/drive_left/drive_right/tv_l/tv_r/av_l/av_r/x/y/theta/t_err: 0.64257 0.45720 6.04914 -0.13238 0.13238 -0.14014 0.56569 -0.14014 0.56569 0.00000 0.00000 1.01447 0.30404
target: 0.45720 0.79129
fb: 0.00000 0.14945 0.11236 1.00000
fb: 0.00000 0.16597 0.11236 1.00000
dist/lin/ang/drive_left/drive_right/tv_l/tv_r/av_l/av_r/x/y/theta/t_err: 0.64257 0.54864 5.61743 -0.16597 0.16597 -0.01094 0.69933 -0.01094 0.69933 0.00000 0.00000 2.20793 0.28321
target: 0.54864 0.73482
fb: 0.02891 0.18123 0.44380 1.00000
fb: 0.10658 0.19321 0.40108 1.00000
dist/lin/ang/drive_left/drive_right/tv_l/tv_r/av_l/av_r/x/y/theta/t_err: 0.64202 0.64008 5.09357 -0.08663 0.29979 0.16872 0.75408 0.16872 0.75408 0.02272 0.00131 3.69108 0.25756
target: 0.64008 0.66629
fb: 0.16483 0.20450 0.50283 1.00000
fb: 0.19594 0.22234 0.48572 1.00000
dist/lin/ang/drive_left/drive_right/tv_l/tv_r/av_l/av_r/x/y/theta/t_err: 0.63882 0.73152 4.51588 -0.02639 0.41828 0.39611 0.77067 0.39611 0.77067 0.15210 0.01162 5.39829 0.22901
target: 0.73152 0.59072
fb: 0.24250 0.22429 0.59861 1.00000
fb: 0.30053 0.21502 0.56670 1.00000
dist/lin/ang/drive_left/drive_right/tv_l/tv_r/av_l/av_r/x/y/theta/t_err: 0.63408 0.82296 3.86616 0.08552 0.51555 0.44986 0.82233 0.44986 0.82233 0.34184 0.03293 7.32879 0.19692
target: 0.82296 0.50573
fb: 0.36276 0.20220 0.67729 1.00000
fb: 0.40733 0.19049 0.65277 1.00000
dist/lin/ang/drive_left/drive_right/tv_l/tv_r/av_l/av_r/x/y/theta/t_err: 0.62694 0.91440 3.26610 0.21684 0.59783 0.45908 0.84150 0.45908 0.84150 0.62448 0.07418 9.17856 0.16670
target: 0.91440 0.42724
fb: 0.43823 0.18436 0.77625 1.00000
fb: 0.51965 0.18116 0.73146 1.00000
dist/lin/ang/drive_left/drive_right/tv_l/tv_r/av_l/av_r/x/y/theta/t_err: 0.61828 1.00584 2.73871 0.33849 0.70081 0.47364 0.81222 0.47364 0.81222 0.96426 0.13426 10.83457 0.13995
target: 1.00584 0.35825
fb: 0.56047 0.17844 0.84311 1.00000
fb: 0.57415 0.17147 0.83558 1.00000
dist/lin/ang/drive_left/drive_right/tv_l/tv_r/av_l/av_r/x/y/theta/t_err: 0.60716 1.09728 2.23835 0.40268 0.74562 0.51347 0.84511 0.51347 0.84511 1.39654 0.22306 12.41148 0.11475
target: 1.09728 0.29280
fb: 0.64388 0.16792 0.92896 1.00000
fb: 0.68073 0.16569 0.90869 1.00000
dist/lin/ang/drive_left/drive_right/tv_l/tv_r/av_l/av_r/x/y/theta/t_err: 0.59435 1.18872 1.76423 0.51504 0.84642 0.56039 0.87369 0.56039 0.87369 1.89016 0.33867 13.90391 0.09090
target: 1.18872 0.23078
fb: 0.74075 0.16437 1.00000 1.00000
fb: 0.79304 0.16214 0.97635 1.00000
dist/lin/ang/drive_left/drive_right/tv_l/tv_r/av_l/av_r/x/y/theta/t_err: 0.57958 1.28016 1.30097 0.63091 0.95518 0.52017 0.88514 0.52017 0.88514 2.45444 0.48622 15.34890 0.06766
target: 1.28016 0.17018
fb: 0.78951 0.16430 1.00000 1.00000
fb: 0.84556 0.16611 1.00000 1.00000
dist/lin/ang/drive_left/drive_right/tv_l/tv_r/av_l/av_r/x/y/theta/t_err: 0.56382 1.37160 0.83412 0.67945 1.01167 0.51881 0.88514 0.51881 0.88514 3.05183 0.65820 16.77429 0.04433
target: 1.37160 0.10911
fb: 0.89190 0.16813 1.00000 1.00000
fb: 0.91551 0.16882 1.00000 1.00000
dist/lin/ang/drive_left/drive_right/tv_l/tv_r/av_l/av_r/x/y/theta/t_err: 0.54599 1.46304 0.34408 0.74669 1.08433 0.67539 0.88583 0.67539 0.88583 3.72161 0.86934 18.23073 0.01995
target: 1.46304 0.04501
fb: 0.95810 0.16813 1.00000 1.00000
fb: 0.96582 0.15963 1.00000 1.00000
dist/lin/ang/drive_left/drive_right/tv_l/tv_r/av_l/av_r/x/y/theta/t_err: 0.52683 1.55448 -0.16597 0.80619 1.12545 0.82628 0.88447 0.82628 0.88447 4.43503 1.11456 19.70016 -0.00544
target: 1.55448 -0.02171
fb: 1.01635 0.15377 1.00000 1.00000
fb: 1.10153 0.14792 1.00000 1.00000
dist/lin/ang/drive_left/drive_right/tv_l/tv_r/av_l/av_r/x/y/theta/t_err: 0.50650 1.64592 -0.66591 0.95360 1.24945 0.88222 0.88958 0.88222 0.88958 5.18500 1.39378 21.09324 -0.03048
target: 1.64592 -0.08711
fb: 1.08784 0.14311 1.00000 1.00000
fb: 1.11697 0.14088 1.00000 1.00000
dist/lin/ang/drive_left/drive_right/tv_l/tv_r/av_l/av_r/x/y/theta/t_err: 0.48477 1.63082 -1.14975 0.97609 1.25786 0.90192 0.89661 0.90192 0.89661 5.98072 1.71084 22.37751 -0.05476
target: 1.63082 -0.15040
fb: 1.14235 0.13482 1.00000 0.85118
fb: 1.21031 0.12702 1.00000 0.81380
dist/lin/ang/drive_left/drive_right/tv_l/tv_r/av_l/av_r/x/y/theta/t_err: 0.46197 1.56854 -1.63833 1.08329 1.33733 0.92192 0.86372 0.92192 0.86372 6.80884 2.06195 23.59169 -0.07917
target: 1.56854 -0.21431
fb: 1.30321 0.11852 0.74408 0.46237
fb: 1.25467 0.10389 0.77078 0.48907
dist/lin/ang/drive_left/drive_right/tv_l/tv_r/av_l/av_r/x/y/theta/t_err: 0.43602 1.49417 -2.12289 1.15078 1.35855 0.84389 0.72311 0.84389 0.72311 7.74524 2.48159 24.67744 -0.10342
target: 1.49417 -0.27770
fb: 1.25886 0.08765 0.69112 0.32073
fb: 1.28004 0.07427 0.67947 0.30907
dist/lin/ang/drive_left/drive_right/tv_l/tv_r/av_l/av_r/x/y/theta/t_err: 0.41100 1.39980 -2.55969 1.20577 1.35432 0.70378 0.50819 0.70378 0.50819 8.64260 2.90263 25.55249 -0.12550
target: 1.39980 -0.33483
fb: 1.22554 0.05992 0.57706 0.12510
fb: 1.29174 0.04668 0.54065 0.08870
dist/lin/ang/drive_left/drive_right/tv_l/tv_r/av_l/av_r/x/y/theta/t_err: 0.38672 1.31657 -2.93200 1.24506 1.33842 0.65789 0.36842 0.65789 0.36842 9.51090 3.32365 26.16476 -0.14447
target: 1.31657 -0.38353
fb: 1.35573 0.03651 0.50262 -0.14265
fb: 1.26063 0.01742 0.55493 -0.09034
dist/lin/ang/drive_left/drive_right/tv_l/tv_r/av_l/av_r/x/y/theta/t_err: 0.35992 1.23370 -3.28533 1.24321 1.27805 0.55528 0.16325 0.55528 0.16325 10.46736 3.79772 26.54814 -0.16226
target: 1.23370 -0.42975
fb: 1.24121 -0.00718 0.51839 -0.19043
fb: 1.19266 -0.02885 0.54509 -0.16373
dist/lin/ang/drive_left/drive_right/tv_l/tv_r/av_l/av_r/x/y/theta/t_err: 0.33545 1.16488 -3.54577 1.22151 1.16382 0.53386 -0.06400 0.53386 -0.06400 11.34113 4.23555 26.63207 -0.17577
target: 1.16488 -0.46382
fb: 1.17523 -0.05142 0.56759 -0.18607
fb: 1.20811 -0.07567 0.54951 -0.20415
dist/lin/ang/drive_left/drive_right/tv_l/tv_r/av_l/av_r/x/y/theta/t_err: 0.31233 1.10985 -3.68653 1.28378 1.13244 0.53439 -0.14494 0.53439 -0.14494 12.16928 4.64846 26.32852 -0.18346
target: 1.10985 -0.48224
fb: 1.10550 -0.10584 0.62051 -0.15661
fb: 1.05122 -0.13705 0.65037 -0.12676
dist/lin/ang/drive_left/drive_right/tv_l/tv_r/av_l/av_r/x/y/theta/t_err: 0.29059 1.06932 -3.68444 1.18827 0.91417 0.54856 -0.16219 0.54856 -0.16219 12.95160 5.03015 25.59640 -0.18414
target: 1.06932 -0.48196
fb: 1.08983 -0.16931 0.64807 -0.12688
fb: 1.01635 -0.20094 0.68848 -0.08646
dist/lin/ang/drive_left/drive_right/tv_l/tv_r/av_l/av_r/x/y/theta/t_err: 0.26915 1.04320 -3.49945 1.21729 0.81540 0.62075 -0.11958 0.62075 -0.11958 13.72938 5.39269 24.32261 -0.17590
target: 1.04320 -0.45776
fb: 0.95611 -0.23272 0.73790 0.12579
fb: 0.96559 -0.26303 0.73268 0.12057
dist/lin/ang/drive_left/drive_right/tv_l/tv_r/av_l/av_r/x/y/theta/t_err: 0.25029 1.03897 -3.08094 1.22862 0.70257 0.66458 -0.01333 0.66458 -0.01333 14.42011 5.69206 22.49815 -0.15626
target: 1.03897 -0.40302
fb: 0.97552 -0.29131 0.77402 0.23961
fb: 0.97949 -0.32107 0.77184 0.23743
dist/lin/ang/drive_left/drive_right/tv_l/tv_r/av_l/av_r/x/y/theta/t_err: 0.23098 1.04767 -2.46299 1.30055 0.65842 0.70858 0.14733 0.70858 0.14733 15.13557 5.97148 20.13727 -0.12650
target: 1.04767 -0.32218
fb: 0.90755 -0.35131 0.81736 0.39490
fb: 0.89210 -0.37667 0.82586 0.40340
dist/lin/ang/drive_left/drive_right/tv_l/tv_r/av_l/av_r/x/y/theta/t_err: 0.21293 1.07524 -1.61038 1.26877 0.51543 0.73133 0.27000 0.73133 0.27000 15.81209 6.20147 17.26845 -0.08517
target: 1.07524 -0.21065
fb: 0.91747 -0.39290 0.83914 0.57144
fb: 0.87267 -0.40391 0.86378 0.59608
dist/lin/ang/drive_left/drive_right/tv_l/tv_r/av_l/av_r/x/y/theta/t_err: 0.19462 1.11767 -0.53355 1.27659 0.46876 0.72464 0.42519 0.72464 0.42519 16.50769 6.39618 13.94988 -0.03259
target: 1.11767 -0.06979
fb: 0.87444 -0.41060 0.86866 0.79514
fb: 0.90378 -0.41102 0.85252 0.77900
dist/lin/ang/drive_left/drive_right/tv_l/tv_r/av_l/av_r/x/y/theta/t_err: 0.17713 1.12238 0.72076 1.31480 0.49277 0.78539 0.57083 0.78539 0.57083 17.18072 6.54109 10.40856 0.02910
target: 1.12238 0.09428
fb: 0.90378 -0.40015 0.59621 0.74022
fb: 0.94836 -0.39053 0.57170 0.71571
dist/lin/ang/drive_left/drive_right/tv_l/tv_r/av_l/av_r/x/y/theta/t_err: 0.15833 1.06115 1.96001 1.33889 0.55783 0.70908 0.53847 0.70908 0.53847 17.88424 6.64772 6.85994 0.09103
target: 1.06115 0.25639
fb: 0.93667 -0.37855 0.14693 0.50096
fb: 0.96182 -0.36183 0.13310 0.48713
dist/lin/ang/drive_left/drive_right/tv_l/tv_r/av_l/av_r/x/y/theta/t_err: 0.13842 0.99218 3.13219 1.32365 0.60000 0.50581 0.51931 0.50581 0.51931 18.61866 6.71457 3.48262 0.14998
target: 0.99218 0.40972
fb: 1.01831 -0.34810 -0.21602 0.46281
fb: 0.94439 -0.33486 -0.17536 0.50346
dist/lin/ang/drive_left/drive_right/tv_l/tv_r/av_l/av_r/x/y/theta/t_err: 0.11652 0.91034 4.21818 1.27926 0.60953 0.16992 0.47225 0.16992 0.47225 19.41996 6.74132 0.34457 0.20475
target: 0.91034 0.55178
fb: 0.91527 -0.32204 -0.38465 0.48471
fb: 0.92123 -0.29299 -0.38793 0.48143
dist/lin/ang/drive_left/drive_right/tv_l/tv_r/av_l/av_r/x/y/theta/t_err: 0.09650 0.82842 5.21998 1.21422 0.62824 -0.18258 0.46953 -0.18258 0.46953 20.14044 6.72699 -2.55249 0.25531
target: 0.82842 0.68283
fb: 0.87666 -0.25599 -0.53025 0.51659
fb: 0.87269 -0.21697 -0.52807 0.51877
dist/lin/ang/drive_left/drive_right/tv_l/tv_r/av_l/av_r/x/y/theta/t_err: 0.07729 0.74142 6.06842 1.08967 0.65572 -0.36686 0.47122 -0.36686 0.47122 20.82916 6.68107 -5.03025 0.29856
target: 0.74142 0.79381
fb: 0.83386 -0.18102 -0.68500 0.51123
fb: 0.81268 -0.14590 -0.67335 0.52287
dist/lin/ang/drive_left/drive_right/tv_l/tv_r/av_l/av_r/x/y/theta/t_err: 0.05930 0.64941 6.67535 0.95858 0.66678 -0.37336 0.49350 -0.37336 0.49350 21.48219 6.61305 -6.84370 0.33021
target: 0.64941 0.87320
fb: 0.83387 -0.11343 -0.84664 0.45598
fb: 0.79901 -0.07657 -0.82747 0.47515
dist/lin/ang/drive_left/drive_right/tv_l/tv_r/av_l/av_r/x/y/theta/t_err: 0.04171 0.54465 7.07335 0.87558 0.72243 -0.26436 0.48986 -0.26436 0.48986 22.13319 6.52760 -8.05199 0.35130
target: 0.54465 0.92527
fb: 0.74274 -0.03992 -0.98306 0.38751
fb: 0.76591 -0.00118 -0.99581 0.37477
dist/lin/ang/drive_left/drive_right/tv_l/tv_r/av_l/av_r/x/y/theta/t_err: 0.02640 0.43333 7.25608 0.76709 0.76472 -0.35367 0.43975 -0.35367 0.43975 22.71177 6.44236 -8.64472 0.36164
target: 0.43333 0.94917
fb: 0.73700 0.03825 -0.90430 0.46950
fb: 0.62270 0.07393 -0.84144 0.53237
dist/lin/ang/drive_left/drive_right/tv_l/tv_r/av_l/av_r/x/y/theta/t_err: 0.01172 0.28871 7.20352 0.54877 0.69663 -0.35231 0.39133 -0.35231 0.39133 23.28548 6.35505 -8.56929 0.36032
target: 0.28871 0.94229
fb: 0.64190 0.10472 -1.00000 0.31744
fb: 0.61674 0.13273 -1.00000 0.33127
dist/lin/ang/drive_left/drive_right/tv_l/tv_r/av_l/av_r/x/y/theta/t_err: -0.00057 -0.00014 6.93031 0.48401 0.74947 -0.43069 0.44489 -0.43069 0.44489 23.78570 6.28265 -7.85814 0.34791
target: -0.00014 0.90655
fb: 0.56643 0.16416 -1.00000 -0.30777
fb: 0.55275 0.19460 -1.00000 -0.30025
dist/lin/ang/drive_left/drive_right/tv_l/tv_r/av_l/av_r/x/y/theta/t_err: -0.01095 -0.27913 6.48009 0.35814 0.74735 -0.50528 0.19917 -0.50528 0.19917 24.22812 6.22624 -6.62686 0.32642
target: -0.27913 0.84766
fb: 0.50994 0.22192 -1.00000 -0.55426
fb: 0.46934 0.24958 -1.00000 -0.53193
dist/lin/ang/drive_left/drive_right/tv_l/tv_r/av_l/av_r/x/y/theta/t_err: -0.01980 -0.37522 5.84647 0.21976 0.71892 -0.53506 -0.26742 -0.53506 -0.26742 24.62759 6.18575 -4.87072 0.29577
target: -0.37522 0.76478
fb: 0.38593 0.26512 -1.00000 -0.26587
fb: 0.30826 0.26971 -1.00000 -0.22315
dist/lin/ang/drive_left/drive_right/tv_l/tv_r/av_l/av_r/x/y/theta/t_err: -0.02578 -0.42821 5.05847 0.03854 0.57797 -0.64886 -0.29617 -0.64886 -0.29617 24.93076 6.16527 -2.66396 0.25726
target: -0.42821 0.66170
fb: 0.23853 0.26219 -1.00000 -0.21846
fb: 0.15137 0.24387 -1.00000 -0.17052
dist/lin/ang/drive_left/drive_right/tv_l/tv_r/av_l/av_r/x/y/theta/t_err: -0.02868 -0.45161 4.23796 -0.09250 0.39523 -0.72636 -0.22142 -0.72636 -0.22142 25.11850 6.16003 -0.32791 0.21648
target: -0.45161 0.55437
fb: 0.07767 0.23111 -0.91545 -0.16641
fb: 0.02714 0.22805 -0.88766 -0.13861
dist/lin/ang/drive_left/drive_right/tv_l/tv_r/av_l/av_r/x/y/theta/t_err: -0.02849 -0.45017 3.50981 -0.20091 0.25519 -0.61803 -0.17506 -0.61803 -0.17506 25.17965 6.16059 1.78337 0.17964
target: -0.45017 0.45912
fb: 0.00397 0.22721 -0.76010 -0.14059
fb: 0.00000 0.22324 -0.75792 -0.13841
dist/lin/ang/drive_left/drive_right/tv_l/tv_r/av_l/av_r/x/y/theta/t_err: -0.02690 -0.43741 2.81929 -0.22324 0.22324 -0.52822 -0.13519 -0.52822 -0.13519 25.18278 6.16072 3.77501 0.14488
target: -0.43741 0.36879
fb: 0.00000 0.21739 -0.66299 -0.16633
fb: -0.02140 0.20422 -0.65122 -0.15456
dist/lin/ang/drive_left/drive_right/tv_l/tv_r/av_l/av_r/x/y/theta/t_err: -0.02524 -0.42370 2.14452 -0.22562 0.18282 -0.42056 -0.13072 -0.42056 -0.13072 25.18278 6.16072 5.71401 0.11103
target: -0.42370 0.28052
fb: -0.10680 0.19293 -0.53062 -0.15400
fb: -0.19197 0.18736 -0.48378 -0.10716
dist/lin/ang/drive_left/drive_right/tv_l/tv_r/av_l/av_r/x/y/theta/t_err: -0.02157 -0.39171 1.53701 -0.37933 -0.00461 -0.51231 -0.14269 -0.51231 -0.14269 25.09929 6.15066 7.47449 0.08031
target: -0.39171 0.20106
fb: -0.23081 0.19049 -0.34318 -0.07464
fb: -0.24449 0.19676 -0.33565 -0.06711
dist/lin/ang/drive_left/drive_right/tv_l/tv_r/av_l/av_r/x/y/theta/t_err: -0.01550 -0.33206 0.96545 -0.44125 -0.04772 -0.44864 -0.10608 -0.44864 -0.10608 24.91947 6.12433 9.12432 0.05151
target: -0.33206 0.12629
fb: -0.25795 0.20345 -0.16797 0.08672
fb: -0.28112 0.21230 -0.15523 0.09947
dist/lin/ang/drive_left/drive_right/tv_l/tv_r/av_l/av_r/x/y/theta/t_err: -0.00880 -0.25023 0.35713 -0.49342 -0.06882 -0.30219 -0.05186 -0.30219 -0.05186 24.71946 6.08902 10.85765 0.02126
target: -0.25023 0.04672
fb: -0.28310 0.21871 0.10483 0.15644
fb: -0.30053 0.21335 0.11442 0.16603
dist/lin/ang/drive_left/drive_right/tv_l/tv_r/av_l/av_r/x/y/theta/t_err: -0.00148 -0.00037 -0.29826 -0.51388 -0.08719 -0.11447 0.08061 -0.11447 0.08061 24.50125 6.04353 12.72061 -0.01126
target: -0.00037 -0.03902
fb: -0.34334 0.19370 0.74675 0.71262
fb: -0.34908 0.18011 0.74990 0.71578
dist/lin/ang/drive_left/drive_right/tv_l/tv_r/av_l/av_r/x/y/theta/t_err: 0.00701 0.00175 -0.92770 -0.52919 -0.16897 0.14939 0.16856 0.14939 0.16856 24.23857 5.97963 14.52987 -0.04283
target: 0.00175 -0.12135
fb: -0.33143 0.17321 0.30847 0.14832
fb: -0.32393 0.16799 0.30434 0.14420
dist/lin/ang/drive_left/drive_right/tv_l/tv_r/av_l/av_r/x/y/theta/t_err: 0.01503 0.32691 -1.46204 -0.49191 -0.15594 0.45494 0.47142 0.45494 0.47142 23.98687 5.91070 16.08879 -0.07004
target: 0.32691 -0.19125
fb: -0.28906 0.16590 1.00000 1.00000
fb: -0.20565 0.14925 1.00000 0.97614
dist/lin/ang/drive_left/drive_right/tv_l/tv_r/av_l/av_r/x/y/theta/t_err: 0.02211 0.39653 -1.97166 -0.35490 -0.05641 0.35403 0.19778 0.35403 0.19778 23.76897 5.84496 17.55877 -0.09570
target: 0.39653 -0.25791
fb: -0.10283 0.11120 0.77242 0.42655
fb: -0.03089 0.08103 0.73285 0.38698
dist/lin/ang/drive_left/drive_right/tv_l/tv_r/av_l/av_r/x/y/theta/t_err: 0.02522 0.42353 -2.38245 -0.11193 0.05014 0.45158 0.39750 0.45158 0.39750 23.69199 5.81986 18.76524 -0.11675
target: 0.42353 -0.31165
fb: -0.00375 0.06173 0.69353 0.27458
fb: 0.00000 0.05316 0.69147 0.27252
dist/lin/ang/drive_left/drive_right/tv_l/tv_r/av_l/av_r/x/y/theta/t_err: 0.02588 0.42901 -2.59561 -0.05316 0.05316 0.43103 0.35522 0.43103 0.35522 23.68920 5.81890 19.43615 -0.12846
target: 0.42901 -0.33953
fb: 0.00000 0.04452 0.67218 0.21531
fb: 0.00574 0.02244 0.66902 0.21215
dist/lin/ang/drive_left/drive_right/tv_l/tv_r/av_l/av_r/x/y/theta/t_err: 0.02627 0.43223 -2.74438 -0.01670 0.02817 0.43633 0.25017 0.43633 0.25017 23.68920 5.81890 19.88709 -0.13633
target: 0.43223 -0.35899
fb: 0.11055 -0.00390 0.62283 0.13950
fb: 0.20941 -0.02418 0.56846 0.08513
dist/lin/ang/drive_left/drive_right/tv_l/tv_r/av_l/av_r/x/y/theta/t_err: 0.02417 0.41464 -2.77931 0.23358 0.18523 0.40639 0.18942 0.40639 0.18942 23.77099 5.84869 20.02263 -0.13870
target: 0.41464 -0.36356
fb: 0.21139 -0.03721 0.51264 -0.06474
fb: 0.23081 -0.04703 0.50196 -0.07542
dist/lin/ang/drive_left/drive_right/tv_l/tv_r/av_l/av_r/x/y/theta/t_err: 0.01975 0.37476 -2.68414 0.27784 0.18378 0.48200 0.07100 0.48200 0.07100 23.92748 5.90541 19.79127 -0.13466
target: 0.37476 -0.35111
fb: 0.26942 -0.06208 0.39109 -0.16937
fb: 0.30451 -0.08250 0.37179 -0.18866
dist/lin/ang/drive_left/drive_right/tv_l/tv_r/av_l/av_r/x/y/theta/t_err: 0.01397 0.31526 -2.52047 0.38701 0.22201 0.45258 -0.05989 0.45258 -0.05989 24.12736 5.97649 19.34641 -0.12690
target: 0.31526 -0.32970
fb: 0.33165 -0.10138 0.24855 -0.28279
fb: 0.34511 -0.12340 0.24115 -0.29019
dist/lin/ang/drive_left/drive_right/tv_l/tv_r/av_l/av_r/x/y/theta/t_err: 0.00669 0.00167 -2.24520 0.46851 0.22171 0.34408 -0.16461 0.34408 -0.16461 24.37430 6.06143 18.59258 -0.11374
target: 0.00167 -0.29369
fb: 0.30252 -0.14952 -0.63426 -1.00000
fb: 0.25994 -0.17203 -0.61084 -1.00000
dist/lin/ang/drive_left/drive_right/tv_l/tv_r/av_l/av_r/x/y/theta/t_err: -0.00035 -0.00009 -1.83213 0.43196 0.08791 0.18650 -0.25136 0.18650 -0.25136 24.60073 6.13540 17.45265 -0.09384
target: -0.00009 -0.23966
fb: 0.23478 -0.19279 0.06687 -0.34201
fb: 0.20565 -0.21606 0.08289 -0.32599
dist/lin/ang/drive_left/drive_right/tv_l/tv_r/av_l/av_r/x/y/theta/t_err: -0.00639 -0.00160 -1.27505 0.42172 -0.01041 -0.25614 -0.49364 -0.25614 -0.49364 24.77776 6.18865 15.90285 -0.06680
target: -0.00160 -0.16679
fb: 0.17057 -0.23320 0.14716 -0.16261
fb: 0.12026 -0.23808 0.14716 -0.16261
dist/lin/ang/drive_left/drive_right/tv_l/tv_r/av_l/av_r/x/y/theta/t_err: -0.01147 -0.28562 -0.58697 0.35834 -0.11782 0.06125 -0.29961 0.06125 -0.29961 24.90745 6.22352 13.97426 -0.03314
target: -0.28562 -0.07678
fb: 0.09312 -0.23606 -0.86961 -0.97893
fb: 0.09113 -0.23098 -0.86852 -0.97784
final error: 2.01392, x: -0.97890, y: 1.76001
final local error: 2.01392, forwards: -0.59488, sideways: 1.92406
position: 24.97890 6.23999 11.90181
took 1.36000 time to finish turn
dist/lin/ang/drive_left/drive_right/tv_l/tv_r/av_l/av_r/x/y/theta/t_err: -0.65138 -0.09144 2.02515 0.00000 0.00000 -0.00017 0.00000 -0.00017 0.00000 24.87226 6.24817 182.49826 0.20251
target: -0.09144 0.26491
fb: 0.00000 0.00000 -0.43323 -0.07784
fb: 0.00000 0.00000 -0.43323 -0.07784
dist/lin/ang/drive_left/drive_right/tv_l/tv_r/av_l/av_r/x/y/theta/t_err: -0.65138 -0.18288 2.02515 0.00000 0.00000 -0.06811 -0.00806 -0.06811 -0.00806 24.87226 6.24817 182.49828 0.20251
target: -0.18288 0.26491
fb: 0.00000 0.00000 -0.56764 -0.21226
fb: 0.00000 0.00293 -0.56764 -0.21226
dist/lin/ang/drive_left/drive_right/tv_l/tv_r/av_l/av_r/x/y/theta/t_err: -0.65138 -0.27432 2.02409 -0.00293 0.00293 -0.39183 -0.07922 -0.39183 -0.07922 24.87226 6.24817 182.50431 0.20241
target: -0.27432 0.26477
fb: -0.00397 0.01644 -0.64949 -0.29429
fb: -0.04656 0.03804 -0.62607 -0.27087
dist/lin/ang/drive_left/drive_right/tv_l/tv_r/av_l/av_r/x/y/theta/t_err: -0.65047 -0.36576 1.99194 -0.08460 -0.00852 -0.50803 -0.19711 -0.50803 -0.19711 24.83563 6.24649 182.70486 0.19919
target: -0.36576 0.26057
fb: -0.09687 0.05470 -0.67970 -0.33023
fb: -0.13394 0.06292 -0.65931 -0.30984
dist/lin/ang/drive_left/drive_right/tv_l/tv_r/av_l/av_r/x/y/theta/t_err: -0.64784 -0.45720 1.91419 -0.19686 -0.07102 -0.49639 -0.25872 -0.49639 -0.25872 24.73031 6.24104 183.19613 0.19142
target: -0.45720 0.25040
fb: -0.18050 0.06772 -0.71102 -0.37537
fb: -0.21911 0.06793 -0.68978 -0.35413
dist/lin/ang/drive_left/drive_right/tv_l/tv_r/av_l/av_r/x/y/theta/t_err: -0.64354 -0.54864 1.82407 -0.28705 -0.15118 -0.45275 -0.30117 -0.45275 -0.30117 24.55810 6.23051 183.78469 0.18241
target: -0.54864 0.23861
fb: -0.24824 0.06612 -0.97536 -0.67449
fb: -0.27538 0.06598 -0.96043 -0.65956
dist/lin/ang/drive_left/drive_right/tv_l/tv_r/av_l/av_r/x/y/theta/t_err: -0.63812 -0.64008 1.73827 -0.34137 -0.20940 -0.42828 -0.38583 -0.42828 -0.38583 24.34182 6.21507 184.36345 0.17383
target: -0.64008 0.22738
fb: -0.33937 0.06786 -1.00000 -0.72080
fb: -0.38395 0.06870 -0.98108 -0.69629
dist/lin/ang/drive_left/drive_right/tv_l/tv_r/av_l/av_r/x/y/theta/t_err: -0.63055 -0.73152 1.65473 -0.45265 -0.31525 -0.44319 -0.45106 -0.44319 -0.45106 24.04050 6.19052 184.95924 0.16547
target: -0.73152 0.21646
fb: -0.40336 0.06577 -1.00000 -0.78185
fb: -0.41109 0.06334 -1.00000 -0.77760
dist/lin/ang/drive_left/drive_right/tv_l/tv_r/av_l/av_r/x/y/theta/t_err: -0.62243 -0.82296 1.57618 -0.47442 -0.34775 -0.46047 -0.48922 -0.46047 -0.48922 23.71816 6.16094 185.53026 0.15762
target: -0.82296 0.20618
fb: -0.47508 0.06104 -1.00000 -0.83819
fb: -0.52760 0.05811 -1.00000 -0.80930
dist/lin/ang/drive_left/drive_right/tv_l/tv_r/av_l/av_r/x/y/theta/t_err: -0.61201 -0.91440 1.51157 -0.58571 -0.46949 -0.70053 -0.43203 -0.70053 -0.43203 23.30485 6.11905 186.05114 0.15116
target: -0.91440 0.19773
fb: -0.50818 0.05818 -1.00000 -0.91451
fb: -0.60328 0.06389 -1.00000 -0.86221
dist/lin/ang/drive_left/drive_right/tv_l/tv_r/av_l/av_r/x/y/theta/t_err: -0.60007 -1.00584 1.44903 -0.66717 -0.53939 -0.81825 -0.47569 -0.81825 -0.47569 22.83272 6.06669 186.57744 0.14490
target: -1.00584 0.18955
fb: -0.64786 0.06898 -1.00000 -0.93203
fb: -0.66904 0.07518 -1.00000 -0.92038
dist/lin/ang/drive_left/drive_right/tv_l/tv_r/av_l/av_r/x/y/theta/t_err: -0.58683 -1.09728 1.37320 -0.74422 -0.59386 -0.89797 -0.46933 -0.89797 -0.46933 22.30973 6.00346 187.19344 0.13732
target: -1.09728 0.17963
fb: -0.71935 0.08340 -1.00000 -0.98825
fb: -0.74848 0.08682 -1.00000 -0.97223
dist/lin/ang/drive_left/drive_right/tv_l/tv_r/av_l/av_r/x/y/theta/t_err: -0.57199 -1.18872 1.28009 -0.83529 -0.66166 -0.92450 -0.47122 -0.92450 -0.47122 21.72551 5.92588 187.92258 0.12801
target: -1.18872 0.16745
fb: -0.80496 0.09406 -1.00000 -1.00000
fb: -0.82615 0.10389 -1.00000 -1.00000
dist/lin/ang/drive_left/drive_right/tv_l/tv_r/av_l/av_r/x/y/theta/t_err: -0.55559 -1.28016 1.16895 -0.93003 -0.72226 -0.93069 -0.43703 -0.93069 -0.43703 21.08187 5.83158 188.76467 0.11690
target: -1.28016 0.15291
fb: -0.86498 0.11190 -1.00000 -1.00000
fb: -0.91154 0.11866 -1.00000 -1.00000
dist/lin/ang/drive_left/drive_right/tv_l/tv_r/av_l/av_r/x/y/theta/t_err: -0.53747 -1.37160 1.03225 -1.03020 -0.79288 -0.89900 -0.74722 -0.89900 -0.74722 20.37348 5.71612 189.75797 0.10323
target: -1.37160 0.13503
fb: -0.88616 0.12096 -1.00000 -1.00000
fb: -0.94464 0.12019 -1.00000 -1.00000
dist/lin/ang/drive_left/drive_right/tv_l/tv_r/av_l/av_r/x/y/theta/t_err: -0.51866 -1.46304 0.88184 -1.06483 -0.82445 -0.90003 -0.83844 -0.90003 -0.83844 19.64170 5.58295 190.81466 0.08818
target: -1.46304 0.11535
fb: -0.97950 0.11998 -1.00000 -1.00000
fb: -1.00642 0.12312 -1.00000 -1.00000
dist/lin/ang/drive_left/drive_right/tv_l/tv_r/av_l/av_r/x/y/theta/t_err: -0.49860 -1.55448 0.72826 -1.12954 -0.88331 -0.89986 -0.88633 -0.89986 -0.88633 18.86479 5.42676 191.87609 0.07283
target: -1.55448 0.09526
fb: -1.07637 0.12653 -1.00000 -1.00000
fb: -1.12492 0.12974 -1.00000 -1.00000
dist/lin/ang/drive_left/drive_right/tv_l/tv_r/av_l/av_r/x/y/theta/t_err: -0.47615 -1.62672 0.56339 -1.25465 -0.99518 -0.90003 -0.89817 -0.90003 -0.89817 17.99986 5.23584 192.99080 0.05634
target: -1.62672 0.07370
fb: -1.12867 0.12946 -1.00000 -1.00000
fb: -1.17523 0.12765 -1.00000 -1.00000
dist/lin/ang/drive_left/drive_right/tv_l/tv_r/av_l/av_r/x/y/theta/t_err: -0.45267 -1.67150 0.39227 -1.30287 -1.04758 -0.91442 -0.91233 -0.91442 -0.91233 17.10036 5.01859 194.10833 0.03923
target: -1.67150 0.05131
fb: -1.15581 0.12242 -1.00000 -1.00000
fb: -1.22951 0.11037 -1.00000 -1.00000
dist/lin/ang/drive_left/drive_right/tv_l/tv_r/av_l/av_r/x/y/theta/t_err: -0.42809 -1.68322 0.22891 -1.33988 -1.11914 -0.92194 -0.91269 -0.92194 -0.91269 16.16384 4.77329 195.14067 0.02289
target: -1.68322 0.02994
fb: -1.36146 0.10096 -0.98968 -0.98162
fb: -1.32263 0.09817 -1.00000 -1.00000
dist/lin/ang/drive_left/drive_right/tv_l/tv_r/av_l/av_r/x/y/theta/t_err: -0.40164 -1.66805 0.08378 -1.42080 -1.22446 -0.85589 -0.76519 -0.85589 -0.76519 15.16075 4.49331 196.02863 0.00838
target: -1.66805 0.01096
fb: -1.30718 0.09295 -0.88783 -0.89458
fb: -1.40427 0.09009 -0.83443 -0.84118
dist/lin/ang/drive_left/drive_right/tv_l/tv_r/av_l/av_r/x/y/theta/t_err: -0.37355 -1.61551 -0.05675 -1.49436 -1.31418 -0.79908 -0.70769 -0.79908 -0.70769 14.10033 4.18005 196.83763 -0.00568
target: -1.61551 -0.00742
fb: -1.48945 0.09051 -0.57847 -0.59753
fb: -1.41751 0.08654 -0.61803 -0.63709
dist/lin/ang/drive_left/drive_right/tv_l/tv_r/av_l/av_r/x/y/theta/t_err: -0.34521 -1.51818 -0.20100 -1.50405 -1.33098 -0.73506 -0.69933 -0.73506 -0.69933 13.03425 3.84953 197.60560 -0.02010
target: -1.51818 -0.02629
fb: -1.38861 0.07915 -0.35182 -0.38216
fb: -1.45260 0.07156 -0.31663 -0.34696
dist/lin/ang/drive_left/drive_right/tv_l/tv_r/av_l/av_r/x/y/theta/t_err: -0.31617 -1.42099 -0.34185 -1.52416 -1.38104 -0.60881 -0.57611 -0.60881 -0.57611 11.94619 3.49689 198.27443 -0.03418
target: -1.42099 -0.04472
fb: -1.43892 0.06459 -0.22205 -0.26996
fb: -1.40229 0.06097 -0.24220 -0.29010
dist/lin/ang/drive_left/drive_right/tv_l/tv_r/av_l/av_r/x/y/theta/t_err: -0.28814 -1.32786 -0.47687 -1.46326 -1.34132 -0.45361 -0.41256 -0.45361 -0.41256 10.89947 3.14540 198.82948 -0.04769
target: -1.32786 -0.06238
fb: -1.47400 0.05888 -0.11007 -0.19787
fb: -1.41376 0.05490 -0.14320 -0.23100
dist/lin/ang/drive_left/drive_right/tv_l/tv_r/av_l/av_r/x/y/theta/t_err: -0.25991 -1.23242 -0.62170 -1.46867 -1.35886 -0.30081 -0.30936 -0.30081 -0.30936 9.84743 2.78151 199.33497 -0.06217
target: -1.23242 -0.08132
fb: -1.34977 0.04689 -0.06478 -0.17714
fb: -1.32462 0.03344 -0.07862 -0.19097
dist/lin/ang/drive_left/drive_right/tv_l/tv_r/av_l/av_r/x/y/theta/t_err: -0.23348 -1.14266 -0.75960 -1.35806 -1.29117 -0.22653 -0.27275 -0.22653 -0.27275 8.86442 2.43286 199.69929 -0.07596
target: -1.14266 -0.09936
fb: -1.29549 0.02487 0.09908 -0.15590
fb: -1.21980 0.02069 -0.06059 -0.19752
dist/lin/ang/drive_left/drive_right/tv_l/tv_r/av_l/av_r/x/y/theta/t_err: -0.20917 -1.05983 -0.88615 -1.24050 -1.19911 -0.11122 -0.25306 -0.11122 -0.25306 7.96075 2.10745 199.90498 -0.08861
target: -1.05983 -0.11592
fb: -1.13463 0.01714 0.07357 -0.20421
fb: -1.08432 0.01421 -0.07215 -0.23188
dist/lin/ang/drive_left/drive_right/tv_l/tv_r/av_l/av_r/x/y/theta/t_err: -0.18758 -0.98317 -1.01438 -1.09853 -1.07011 -0.05442 -0.24039 -0.05442 -0.24039 7.15833 1.81575 200.04521 -0.10144
target: -0.98317 -0.13269
fb: -1.10550 0.01066 0.11778 -0.18306
fb: -1.01040 0.00676 0.06547 -0.23536
dist/lin/ang/drive_left/drive_right/tv_l/tv_r/av_l/av_r/x/y/theta/t_err: -0.16749 -1.09142 -1.15232 -1.01716 -1.00364 -0.04156 -0.24742 -0.04156 -0.24742 6.41114 1.54249 200.13031 -0.11523
target: -1.09142 -0.15073
fb: -1.00069 0.00118 -0.88950 -1.00000
fb: -1.00643 -0.00704 -0.88635 -1.00000
dist/lin/ang/drive_left/drive_right/tv_l/tv_r/av_l/av_r/x/y/theta/t_err: -0.14625 -1.01988 -1.15077 -0.99939 -1.01346 0.01522 -0.29361 0.01522 -0.29361 5.66711 1.26970 200.12143 -0.11508
target: -1.01988 -0.15053
fb: -0.84755 -0.01874 -0.18597 -0.39412
fb: -0.83387 -0.03442 -0.19350 -0.40165
dist/lin/ang/drive_left/drive_right/tv_l/tv_r/av_l/av_r/x/y/theta/t_err: -0.12964 -0.96022 -1.11531 -0.79945 -0.86829 -0.39664 -0.57972 -0.39664 -0.57972 5.05026 1.04475 199.91827 -0.11153
target: -0.96022 -0.14589
fb: -0.84159 -0.04285 -0.18253 -0.38562
fb: -0.84755 -0.04975 -0.17926 -0.38234
dist/lin/ang/drive_left/drive_right/tv_l/tv_r/av_l/av_r/x/y/theta/t_err: -0.11282 -0.89574 -1.04697 -0.79780 -0.89730 -0.24642 -0.38517 -0.24642 -0.38517 4.42208 0.81944 199.52670 -0.10470
target: -0.89574 -0.13695
fb: -0.79327 -0.05365 -0.13387 -0.32350
fb: -0.82813 -0.05693 -0.11470 -0.30432
dist/lin/ang/drive_left/drive_right/tv_l/tv_r/av_l/av_r/x/y/theta/t_err: -0.09640 -0.82801 -0.96330 -0.77121 -0.88506 -0.18531 -0.35831 -0.18531 -0.35831 3.80657 0.60416 199.04732 -0.09633
target: -0.82801 -0.12601
fb: -0.81070 -0.06410 0.06454 -0.22714
fb: -0.76216 -0.07365 -0.08020 -0.25384
dist/lin/ang/drive_left/drive_right/tv_l/tv_r/av_l/av_r/x/y/theta/t_err: -0.08133 -0.76052 -0.86179 -0.68851 -0.83580 -0.10508 -0.29414 -0.10508 -0.29414 3.23831 0.41120 198.46567 -0.08618
target: -0.76052 -0.11273
fb: -0.76216 -0.08473 0.09284 -0.18022
fb: -0.72155 -0.09845 0.07051 -0.20255
dist/lin/ang/drive_left/drive_right/tv_l/tv_r/av_l/av_r/x/y/theta/t_err: -0.06710 -0.69083 -0.72784 -0.62310 -0.82001 -0.03903 -0.24058 -0.03903 -0.24058 2.69825 0.23477 197.69819 -0.07278
target: -0.69083 -0.09521
fb: -0.67301 -0.11183 0.10784 -0.14043
fb: -0.62248 -0.12144 0.08005 -0.16822
dist/lin/ang/drive_left/drive_right/tv_l/tv_r/av_l/av_r/x/y/theta/t_err: -0.05491 -0.62491 -0.55419 -0.50103 -0.74392 0.06675 -0.19883 0.06675 -0.19883 2.23005 0.08977 196.70330 -0.05542
target: -0.62491 -0.07249
fb: -0.65933 -0.13127 0.13338 -0.08397
fb: -0.62446 -0.13608 0.11420 -0.10315
dist/lin/ang/drive_left/drive_right/tv_l/tv_r/av_l/av_r/x/y/theta/t_err: -0.04269 -0.55103 -0.35313 -0.48839 -0.76054 0.08933 -0.15894 0.08933 -0.15894 1.75779 -0.04709 195.55128 -0.03531
target: -0.55103 -0.04619
fb: -0.58761 -0.13629 0.17130 0.13621
fb: -0.55672 -0.13427 0.15431 0.11922
dist/lin/ang/drive_left/drive_right/tv_l/tv_r/av_l/av_r/x/y/theta/t_err: -0.03182 -0.47572 -0.14618 -0.42246 -0.69099 0.10969 -0.04739 0.10969 -0.04739 1.33434 -0.16043 194.36558 -0.01462
target: -0.47572 -0.01912
fb: -0.50045 -0.12862 -0.04128 -0.06529
fb: -0.45169 -0.12019 -0.06810 -0.09211
dist/lin/ang/drive_left/drive_right/tv_l/tv_r/av_l/av_r/x/y/theta/t_err: -0.02302 -0.40462 0.04622 -0.33150 -0.57188 0.13911 0.02431 0.13911 0.02431 0.98900 -0.24546 193.26318 0.00462
target: -0.40462 0.00605
fb: -0.34312 -0.10758 -0.08337 -0.08222
fb: -0.28134 -0.09218 -0.11735 -0.11620
dist/lin/ang/drive_left/drive_right/tv_l/tv_r/av_l/av_r/x/y/theta/t_err: -0.01758 -0.35357 0.20413 -0.18916 -0.37352 -0.05269 -0.09683 -0.05269 -0.09683 0.77297 -0.29452 192.35845 0.02041
target: -0.35357 0.02670
fb: -0.26567 -0.07832 -0.12943 -0.10762
fb: -0.24052 -0.06508 -0.14326 -0.12146
dist/lin/ang/drive_left/drive_right/tv_l/tv_r/av_l/av_r/x/y/theta/t_err: -0.01290 -0.30287 0.31847 -0.17544 -0.30560 -0.10214 -0.11225 -0.10214 -0.11225 0.58774 -0.33396 191.70331 0.03185
target: -0.30287 0.04166
fb: -0.27935 -0.05421 -0.08344 -0.04667
fb: -0.29083 -0.04696 -0.07713 0.04747
increased kd to 1.00000
dist/lin/ang/drive_left/drive_right/tv_l/tv_r/av_l/av_r/x/y/theta/t_err: -0.00717 -0.00179 0.39882 -0.24387 -0.33779 -0.13042 -0.10456 -0.13042 -0.10456 0.36332 -0.37953 191.24296 0.03988
target: -0.00179 0.05217
fb: -0.28112 -0.03992 0.75918 0.83502
fb: -0.27538 -0.02933 0.75603 0.83187
dist/lin/ang/drive_left/drive_right/tv_l/tv_r/av_l/av_r/x/y/theta/t_err: -0.00173 -0.00043 0.45525 -0.24605 -0.30472 -0.08917 0.03081 -0.08917 0.03081 0.15052 -0.42119 190.91964 0.04552
target: -0.00043 0.05955
fb: -0.22110 -0.01582 0.12305 0.20894
fb: -0.18226 -0.00307 0.10169 0.18758
dist/lin/ang/drive_left/drive_right/tv_l/tv_r/av_l/av_r/x/y/theta/t_err: 0.00190 0.00047 0.47420 -0.17920 -0.18533 0.37439 0.40553 0.37439 0.40553 0.00957 -0.44821 190.81105 0.04742
target: 0.00047 0.06203
fb: -0.12997 0.00279 -0.07860 0.08870
fb: -0.06796 0.00655 -0.07860 0.08870
increased kd to 1.10000
increased kd to 1.20000
increased kd to 1.30000
increased kd to 1.40000
increased kd to 1.50000
increased kd to 1.60000
increased kd to 1.70000
increased kd to 1.80000
increased kd to 1.90000
increased kd to 2.00000
increased kd to 2.10000
increased kd to 2.20000
increased kd to 2.30000
increased kd to 2.40000
increased kd to 2.50000
start is 0.00000 0.00000
dist/lin/ang/drive_left/drive_right/tv_l/tv_r/av_l/av_r/x/y/theta/t_err: 0.64257 0.09144 6.43502 0.00000 0.00000 0.00000 -0.00000 0.00000 -0.00000 0.00000 0.00000 -0.00003 0.32175
target: 0.09144 0.84177
fb: 0.00000 0.00000 -0.38629 0.84145
fb: 0.00000 0.00000 -0.38629 0.84145
dist/lin/ang/drive_left/drive_right/tv_l/tv_r/av_l/av_r/x/y/theta/t_err: 0.64257 0.18288 6.43501 0.00000 0.00000 -0.09531 0.02739 -0.09531 0.02739 0.00000 0.00000 -0.00001 0.32175
target: 0.18288 0.84176
fb: 0.00000 0.00000 -0.25188 0.97586
fb: 0.00000 0.00314 -0.25188 0.97586
dist/lin/ang/drive_left/drive_right/tv_l/tv_r/av_l/av_r/x/y/theta/t_err: 0.64257 0.27432 6.43506 -0.00314 0.00314 -0.28950 0.41153 -0.28950 0.41153 0.00000 0.00000 -0.00012 0.32175
target: 0.27432 0.84177
fb: 0.00000 0.03756 -0.16775 1.00000
fb: 0.00000 0.07936 -0.16775 1.00000
dist/lin/ang/drive_left/drive_right/tv_l/tv_r/av_l/av_r/x/y/theta/t_err: 0.64257 0.36576 6.37741 -0.07936 0.07936 -0.21097 0.39508 -0.21097 0.39508 0.00000 0.00000 0.12570 0.31956
target: 0.36576 0.83423
fb: 0.00000 0.11197 -0.07858 1.00000
fb: 0.00000 0.13482 -0.07858 1.00000
dist/lin/ang/drive_left/drive_right/tv_l/tv_r/av_l/av_r/x/y/theta/t_err: 0.64257 0.45720 6.04285 -0.13482 0.13482 -0.12714 0.55286 -0.12714 0.55286 0.00000 0.00000 0.88590 0.30629
target: 0.45720 0.79046
fb: 0.00000 0.15266 0.11292 1.00000
fb: 0.00000 0.17043 0.11292 1.00000
dist/lin/ang/drive_left/drive_right/tv_l/tv_r/av_l/av_r/x/y/theta/t_err: 0.64257 0.54864 5.56983 -0.17043 0.17043 -0.01025 0.70600 -0.01025 0.70600 0.00000 0.00000 2.09935 0.28511
target: 0.54864 0.72859
fb: 0.03884 0.18673 0.44251 1.00000
fb: 0.09885 0.19990 0.40950 1.00000
dist/lin/ang/drive_left/drive_right/tv_l/tv_r/av_l/av_r/x/y/theta/t_err: 0.64183 0.64008 5.01296 -0.10105 0.29875 0.14425 0.79703 0.14425 0.79703 0.03053 0.00172 3.62194 0.25885
target: 0.64008 0.65575
fb: 0.13173 0.21342 0.52810 1.00000
fb: 0.16880 0.22819 0.50771 1.00000
dist/lin/ang/drive_left/drive_right/tv_l/tv_r/av_l/av_r/x/y/theta/t_err: 0.63927 0.73152 4.39083 -0.05939 0.39699 0.38072 0.84528 0.38072 0.84528 0.13393 0.00992 5.39487 0.22890
target: 0.73152 0.57436
fb: 0.22308 0.23091 0.62025 1.00000
fb: 0.26766 0.22352 0.59574 1.00000
dist/lin/ang/drive_left/drive_right/tv_l/tv_r/av_l/av_r/x/y/theta/t_err: 0.63491 0.82296 3.70369 0.04414 0.49118 0.46456 0.88342 0.46456 0.88342 0.30847 0.02964 7.38741 0.19559
target: 0.82296 0.48448
fb: 0.33363 0.21154 0.70755 1.00000
fb: 0.38196 0.20833 0.68097 1.00000
dist/lin/ang/drive_left/drive_right/tv_l/tv_r/av_l/av_r/x/y/theta/t_err: 0.62834 0.91440 3.07995 0.17363 0.59029 0.46525 0.86942 0.46525 0.86942 0.56832 0.06817 9.31055 0.16390
target: 0.91440 0.40289
fb: 0.40535 0.20819 0.81065 1.00000
fb: 0.48478 0.20380 0.76695 1.00000
dist/lin/ang/drive_left/drive_right/tv_l/tv_r/av_l/av_r/x/y/theta/t_err: 0.62032 1.00584 2.49421 0.28098 0.68859 0.44333 0.87453 0.44333 0.87453 0.88239 0.12497 11.13142 0.13404
target: 1.00584 0.32627
fb: 0.53134 0.19774 0.88056 1.00000
fb: 0.55098 0.18959 0.86976 1.00000
dist/lin/ang/drive_left/drive_right/tv_l/tv_r/av_l/av_r/x/y/theta/t_err: 0.60977 1.09728 1.92553 0.36139 0.74057 0.54483 0.84425 0.54483 0.84425 1.29159 0.21206 12.89818 0.10527
target: 1.09728 0.25188
fb: 0.61674 0.18325 0.97130 1.00000
fb: 0.66506 0.18081 0.94473 1.00000
dist/lin/ang/drive_left/drive_right/tv_l/tv_r/av_l/av_r/x/y/theta/t_err: 0.59749 1.18872 1.40255 0.48425 0.84587 0.53233 0.86342 0.53233 0.86342 1.76328 0.32750 14.53896 0.07849
target: 1.18872 0.18347
fb: 0.68073 0.18171 1.00000 1.00000
fb: 0.72927 0.18276 1.00000 1.00000
dist/lin/ang/drive_left/drive_right/tv_l/tv_r/av_l/av_r/x/y/theta/t_err: 0.58390 1.28016 0.88448 0.54651 0.91203 0.57525 0.87486 0.57525 0.87486 2.28019 0.46923 16.12128 0.05238
target: 1.28016 0.11570
fb: 0.81070 0.18004 1.00000 1.00000
fb: 0.87469 0.17698 1.00000 1.00000
dist/lin/ang/drive_left/drive_right/tv_l/tv_r/av_l/av_r/x/y/theta/t_err: 0.56770 1.37160 0.35167 0.69771 1.05166 0.64339 0.88358 0.64339 0.88358 2.89085 0.65514 17.70298 0.02587
target: 1.37160 0.04600
fb: 0.89786 0.17656 1.00000 1.00000
fb: 0.92500 0.17412 1.00000 1.00000
dist/lin/ang/drive_left/drive_right/tv_l/tv_r/av_l/av_r/x/y/theta/t_err: 0.54975 1.46304 -0.17939 0.75088 1.09912 0.76931 0.88086 0.76931 0.88086 3.56137 0.87918 19.24700 -0.00067
target: 1.46304 -0.02347
fb: 0.95611 0.16778 1.00000 1.00000
fb: 0.95412 0.16221 1.00000 1.00000
dist/lin/ang/drive_left/drive_right/tv_l/tv_r/av_l/av_r/x/y/theta/t_err: 0.53063 1.55448 -0.71547 0.79192 1.11633 0.86325 0.88736 0.86325 0.88736 4.26877 1.13671 20.75052 -0.02742
target: 1.55448 -0.09359
fb: 1.00664 0.15322 1.00000 1.00000
fb: 1.04151 0.14604 1.00000 1.00000
dist/lin/ang/drive_left/drive_right/tv_l/tv_r/av_l/av_r/x/y/theta/t_err: 0.51051 1.63442 -1.22966 0.89547 1.18755 0.88994 0.89061 0.88994 0.89061 5.00636 1.42691 22.14709 -0.05337
target: 1.63442 -0.16085
fb: 1.06843 0.14200 1.00000 1.00000
fb: 1.15404 0.13949 1.00000 1.00000
dist/lin/ang/drive_left/drive_right/tv_l/tv_r/av_l/av_r/x/y/theta/t_err: 0.48919 1.57024 -1.72689 1.01455 1.29353 0.90500 0.89917 0.90500 0.89917 5.78185 1.75300 23.42419 -0.07849
target: 1.57024 -0.22589
fb: 1.13463 0.13517 0.83862 0.54089
fb: 1.18869 0.13113 0.80889 0.51115
dist/lin/ang/drive_left/drive_right/tv_l/tv_r/av_l/av_r/x/y/theta/t_err: 0.46659 1.50760 -2.23533 1.05756 1.31982 0.80900 0.91183 0.80900 0.91183 6.59791 2.11659 24.62955 -0.10384
target: 1.50760 -0.29240
fb: 1.28975 0.12479 0.74381 0.35529
fb: 1.25290 0.11733 0.76408 0.37556
dist/lin/ang/drive_left/drive_right/tv_l/tv_r/av_l/av_r/x/y/theta/t_err: 0.44097 1.43891 -2.76891 1.13557 1.37023 0.73492 0.54514 0.73492 0.54514 7.51681 2.54897 25.75948 -0.13021
target: 1.43891 -0.36220
fb: 1.25467 0.10277 0.71965 0.23468
fb: 1.23348 0.08689 0.73130 0.24633
dist/lin/ang/drive_left/drive_right/tv_l/tv_r/av_l/av_r/x/y/theta/t_err: 0.41614 1.34067 -3.27601 1.14660 1.32037 0.70825 0.41133 0.70825 0.41133 8.40267 2.98626 26.74673 -0.15580
target: 1.34067 -0.42853
fb: 1.22576 0.07065 0.56741 -0.14109
fb: 1.32064 0.05532 0.51522 -0.19328
dist/lin/ang/drive_left/drive_right/tv_l/tv_r/av_l/av_r/x/y/theta/t_err: 0.39197 1.25347 -3.71268 1.26532 1.37597 0.69128 0.28322 0.69128 0.28322 9.26163 3.42641 27.46915 -0.17853
target: 1.25347 -0.48566
fb: 1.25665 0.03121 0.54904 -0.23627
fb: 1.20436 -0.00293 0.57781 -0.20751
dist/lin/ang/drive_left/drive_right/tv_l/tv_r/av_l/av_r/x/y/theta/t_err: 0.36728 1.17444 -4.08813 1.20728 1.20143 0.54583 -0.09222 0.54583 -0.09222 10.13777 3.88627 27.88732 -0.19825
target: 1.17444 -0.53477
fb: 1.23349 -0.03170 0.55142 -0.30017
fb: 1.08608 -0.05853 0.63249 -0.21910
dist/lin/ang/drive_left/drive_right/tv_l/tv_r/av_l/av_r/x/y/theta/t_err: 0.34312 1.11165 -4.29559 1.14461 1.02756 0.55647 -0.18875 0.55647 -0.18875 10.99631 4.34040 27.79851 -0.21084
target: 1.11165 -0.56191
fb: 1.11521 -0.08340 0.63926 -0.24737
fb: 1.11720 -0.10793 0.63817 -0.24846
dist/lin/ang/drive_left/drive_right/tv_l/tv_r/av_l/av_r/x/y/theta/t_err: 0.32132 1.06818 -4.32824 1.22512 1.00927 0.59767 -0.21372 0.59767 -0.21372 11.77505 4.74617 27.22801 -0.21509
target: 1.06818 -0.56618
fb: 1.06666 -0.13914 0.70432 -0.18561
fb: 1.08983 -0.17168 0.69158 -0.19835
dist/lin/ang/drive_left/drive_right/tv_l/tv_r/av_l/av_r/x/y/theta/t_err: 0.30048 1.03836 -4.21928 1.26151 0.91815 0.62897 -0.20378 0.62897 -0.20378 12.52516 5.12397 26.21422 -0.21195
target: 1.03836 -0.55192
fb: 1.00642 -0.20276 0.75390 -0.11487
fb: 0.96582 -0.23279 0.77623 -0.09254
dist/lin/ang/drive_left/drive_right/tv_l/tv_r/av_l/av_r/x/y/theta/t_err: 0.28077 1.02610 -3.89112 1.19860 0.73303 0.67433 -0.15622 0.67433 -0.15622 13.24058 5.46475 24.64323 -0.19870
target: 1.02610 -0.50900
fb: 1.00465 -0.26407 0.78450 0.10464
fb: 0.96184 -0.29682 0.80805 0.12818
dist/lin/ang/drive_left/drive_right/tv_l/tv_r/av_l/av_r/x/y/theta/t_err: 0.26103 1.02748 -3.37362 1.25866 0.66502 0.71214 -0.02753 0.71214 -0.02753 13.96548 5.78136 22.54173 -0.17583
target: 1.02748 -0.44130
fb: 0.93271 -0.33005 0.83464 0.24890
fb: 0.95433 -0.36392 0.82275 0.23701
dist/lin/ang/drive_left/drive_right/tv_l/tv_r/av_l/av_r/x/y/theta/t_err: 0.24261 1.04881 -2.60089 1.31824 0.59041 0.72017 0.14561 0.72017 0.14561 14.65019 6.04681 19.87506 -0.14095
target: 1.04881 -0.34022
fb: 0.86120 -0.39827 0.90654 0.46145
fb: 0.83958 -0.42405 0.91843 0.47335
dist/lin/ang/drive_left/drive_right/tv_l/tv_r/av_l/av_r/x/y/theta/t_err: 0.22551 1.09313 -1.55424 1.26362 0.41553 0.74072 0.28678 0.74072 0.28678 15.29387 6.25995 16.61770 -0.09277
target: 1.09313 -0.20331
fb: 0.85127 -0.44272 0.95484 0.69981
fb: 0.86891 -0.45429 0.94514 0.69010
dist/lin/ang/drive_left/drive_right/tv_l/tv_r/av_l/av_r/x/y/theta/t_err: 0.20852 1.15737 -0.26915 1.32320 0.41463 0.74553 0.49639 0.74553 0.49639 15.94191 6.43085 12.87232 -0.03234
target: 1.15737 -0.03521
fb: 0.90775 -0.46139 0.94655 0.93637
fb: 0.89208 -0.45930 0.95517 0.94499
dist/lin/ang/drive_left/drive_right/tv_l/tv_r/av_l/av_r/x/y/theta/t_err: 0.19037 1.09701 1.18434 1.35138 0.43278 0.73714 0.60675 0.73714 0.60675 16.64374 6.56566 8.88932 0.03742
target: 1.09701 0.15492
fb: 0.86097 -0.44760 0.29446 0.51095
fb: 0.97350 -0.43234 0.23257 0.44906
dist/lin/ang/drive_left/drive_right/tv_l/tv_r/av_l/av_r/x/y/theta/t_err: 0.17320 1.10987 2.75668 1.40584 0.54117 0.72156 0.57017 0.72156 0.57017 17.31666 6.64700 4.91707 0.11393
target: 1.10987 0.36060
fb: 1.00638 -0.41792 0.38192 0.88924
fb: 0.92298 -0.39868 0.42780 0.93511
dist/lin/ang/drive_left/drive_right/tv_l/tv_r/av_l/av_r/x/y/theta/t_err: 0.15031 1.03393 3.99305 1.32166 0.52430 0.42656 0.49314 0.42656 0.49314 18.10782 6.68990 1.17475 0.17924
target: 1.03393 0.52233
fb: 0.88437 -0.38106 -0.20550 0.62580
fb: 0.88636 -0.36852 -0.20660 0.62471
dist/lin/ang/drive_left/drive_right/tv_l/tv_r/av_l/av_r/x/y/theta/t_err: 0.13055 0.96357 5.16298 1.25487 0.51784 0.30731 0.43103 0.30731 0.43103 18.80407 6.68342 -2.26989 0.23936
target: 0.96357 0.67537
fb: 0.90754 -0.35186 -0.36615 0.67349
fb: 0.84951 -0.32943 -0.33423 0.70541
dist/lin/ang/drive_left/drive_right/tv_l/tv_r/av_l/av_r/x/y/theta/t_err: 0.11006 0.88472 6.24669 1.17894 0.52009 -0.09036 0.55456 -0.09036 0.55456 19.51697 6.63524 -5.45546 0.29496
target: 0.88472 0.81713
fb: 0.83010 -0.29243 -0.52823 0.70222
fb: 0.86872 -0.25376 -0.54947 0.68098
dist/lin/ang/drive_left/drive_right/tv_l/tv_r/av_l/av_r/x/y/theta/t_err: 0.09113 0.80505 7.17500 1.12248 0.61496 -0.30939 0.63225 -0.30939 0.63225 20.16581 6.55667 -8.24013 0.34356
target: 0.80505 0.93856
fb: 0.86299 -0.21781 -0.70752 0.68724
fb: 0.84953 -0.18805 -0.70012 0.69464
dist/lin/ang/drive_left/drive_right/tv_l/tv_r/av_l/av_r/x/y/theta/t_err: 0.07194 0.71530 7.84673 1.03758 0.66147 -0.43308 0.64303 -0.43308 0.64303 20.83630 6.44649 -10.36935 0.38072
target: 0.71530 1.02643
fb: 0.83409 -0.15865 -0.87706 0.63488
fb: 0.82813 -0.12486 -0.87379 0.63816
dist/lin/ang/drive_left/drive_right/tv_l/tv_r/av_l/av_r/x/y/theta/t_err: 0.05377 0.61839 8.33763 0.95299 0.70327 -0.53217 0.62764 -0.53217 0.62764 21.48059 6.31917 -11.94778 0.40827
target: 0.61839 1.09065
fb: 0.83585 -0.07839 -1.00000 0.55445
fb: 0.74848 -0.02292 -0.99482 0.60251
dist/lin/ang/drive_left/drive_right/tv_l/tv_r/av_l/av_r/x/y/theta/t_err: 0.03610 0.50667 8.61814 0.77140 0.72555 -0.45567 0.59667 -0.45567 0.59667 22.12317 6.17687 -12.93587 0.42552
target: 0.50667 1.12734
fb: 0.70788 0.03052 -0.94098 0.67514
fb: 0.72729 0.07302 -0.95166 0.66446
dist/lin/ang/drive_left/drive_right/tv_l/tv_r/av_l/av_r/x/y/theta/t_err: 0.02186 0.39427 8.54843 0.65427 0.80031 -0.39403 0.57872 -0.39403 0.57872 22.66618 6.05113 -13.01898 0.42697
target: 0.39427 1.11822
fb: 0.66507 0.10688 -1.00000 0.58763
fb: 0.66330 0.13879 -1.00000 0.58860
dist/lin/ang/drive_left/drive_right/tv_l/tv_r/av_l/av_r/x/y/theta/t_err: 0.00924 0.25642 8.21481 0.52451 0.80209 -0.36222 0.59922 -0.36222 0.59922 23.17701 5.93586 -12.31058 0.41460
target: 0.25642 1.07458
fb: 0.63417 0.17321 -1.00000 0.39679
fb: 0.62247 0.20945 -1.00000 0.40322
dist/lin/ang/drive_left/drive_right/tv_l/tv_r/av_l/av_r/x/y/theta/t_err: -0.00218 -0.00055 7.70015 0.41303 0.83192 -0.52461 0.54036 -0.52461 0.54036 23.66591 5.83426 -11.01855 0.39205
target: -0.00055 1.00726
fb: 0.70412 0.24547 -1.00000 -0.25060
fb: 0.63615 0.28038 -1.00000 -0.21322
dist/lin/ang/drive_left/drive_right/tv_l/tv_r/av_l/av_r/x/y/theta/t_err: -0.01441 -0.32016 6.96751 0.35578 0.91653 -0.66150 0.35231 -0.66150 0.35231 24.21173 5.73713 -9.11181 0.35878
target: -0.32016 0.91142
fb: 0.53332 0.31027 -1.00000 -0.64213
fb: 0.52163 0.33514 -1.00000 -0.63570
dist/lin/ang/drive_left/drive_right/tv_l/tv_r/av_l/av_r/x/y/theta/t_err: -0.02261 -0.40099 6.02350 0.18649 0.85677 -0.75425 -0.16958 -0.75425 -0.16958 24.62766 5.67938 -6.59732 0.31489
target: -0.40099 0.78793
fb: 0.45565 0.35841 -1.00000 -0.28144
fb: 0.33561 0.36977 -1.00000 -0.21542
dist/lin/ang/drive_left/drive_right/tv_l/tv_r/av_l/av_r/x/y/theta/t_err: -0.02873 -0.45206 4.93081 -0.03416 0.70538 -0.78558 -0.29653 -0.78558 -0.29653 24.98491 5.64660 -3.61364 0.26281
target: -0.45206 0.64500
fb: 0.27736 0.37186 -1.00000 -0.26945
fb: 0.20741 0.36608 -1.00000 -0.23098
dist/lin/ang/drive_left/drive_right/tv_l/tv_r/av_l/av_r/x/y/theta/t_err: -0.03096 -0.46925 3.77694 -0.15866 0.57349 -0.74878 -0.23014 -0.74878 -0.23014 25.20314 5.63890 -0.38468 0.20646
target: -0.46925 0.49406
fb: 0.10658 0.35890 -0.89476 -0.22773
fb: 0.03883 0.35374 -0.85750 -0.19047
dist/lin/ang/drive_left/drive_right/tv_l/tv_r/av_l/av_r/x/y/theta/t_err: -0.02972 -0.45975 2.66829 -0.31491 0.39258 -0.67175 -0.22414 -0.67175 -0.22414 25.28704 5.64028 2.80397 0.15081
target: -0.45975 0.34904
fb: 0.00397 0.34754 -0.67901 -0.20921
fb: 0.00199 0.34232 -0.67792 -0.20812
dist/lin/ang/drive_left/drive_right/tv_l/tv_r/av_l/av_r/x/y/theta/t_err: -0.02645 -0.43375 1.60516 -0.34033 0.34430 -0.52414 -0.18978 -0.52414 -0.18978 25.29016 5.64048 5.88365 0.09706
target: -0.43375 0.20997
fb: 0.00199 0.33284 -0.52786 -0.24719
fb: 0.00000 0.31507 -0.52677 -0.24610
dist/lin/ang/drive_left/drive_right/tv_l/tv_r/av_l/av_r/x/y/theta/t_err: -0.02319 -0.40612 0.57856 -0.31507 0.31507 -0.40619 -0.19303 -0.40619 -0.19303 25.29171 5.64066 8.85766 0.04515
target: -0.40612 0.07568
fb: -0.09113 0.29124 -0.35797 -0.25994
fb: -0.19594 0.27215 -0.30032 -0.20229
dist/lin/ang/drive_left/drive_right/tv_l/tv_r/av_l/av_r/x/y/theta/t_err: -0.01831 -0.36085 -0.33643 -0.46810 0.07621 -0.46628 -0.22656 -0.46628 -0.22656 25.22126 5.62707 11.56291 -0.00207
target: -0.36085 -0.04401
fb: -0.22705 0.25759 -0.13359 -0.18249
fb: -0.24427 0.24644 -0.12413 -0.17303
dist/lin/ang/drive_left/drive_right/tv_l/tv_r/av_l/av_r/x/y/theta/t_err: -0.01108 -0.28074 -1.11636 -0.49071 0.00218 -0.30783 -0.19592 -0.30783 -0.19592 25.04692 5.58747 13.90937 -0.04302
target: -0.28074 -0.14603
fb: -0.25199 0.23571 0.17741 -0.10413
fb: -0.25596 0.22540 0.17960 -0.10194
dist/lin/ang/drive_left/drive_right/tv_l/tv_r/av_l/av_r/x/y/theta/t_err: -0.00359 -0.00090 -1.83522 -0.48136 -0.03056 -0.12694 -0.14853 -0.12694 -0.14853 24.85528 5.53611 16.03711 -0.08016
target: -0.00090 -0.24007
fb: -0.24250 0.21523 0.89209 0.57050
fb: -0.24449 0.20694 0.89319 0.57159
dist/lin/ang/drive_left/drive_right/tv_l/tv_r/av_l/av_r/x/y/theta/t_err: 0.00350 0.00088 -2.49230 -0.45142 -0.03755 0.14922 -0.04722 0.14922 -0.04722 24.67268 5.48029 17.97792 -0.11403
target: 0.00088 -0.32602
fb: -0.26369 0.19607 0.40683 -0.11949
fb: -0.27141 0.15698 0.41108 -0.11524
dist/lin/ang/drive_left/drive_right/tv_l/tv_r/av_l/av_r/x/y/theta/t_err: 0.01084 0.27762 -3.09975 -0.42839 -0.11443 0.52222 0.17300 0.52222 0.17300 24.47625 5.41305 19.76589 -0.14524
target: 0.27762 -0.40548
fb: -0.28134 0.12625 1.00000 0.72778
fb: -0.26964 0.11287 1.00000 0.72134
dist/lin/ang/drive_left/drive_right/tv_l/tv_r/av_l/av_r/x/y/theta/t_err: 0.01796 0.35742 -3.50275 -0.38252 -0.15677 0.39028 -0.03014 0.39028 -0.03014 24.26871 5.33559 21.07122 -0.16802
target: 0.35742 -0.45819
fb: -0.27913 0.09727 0.98796 0.36971
fb: -0.25795 0.07135 0.97631 0.35806
dist/lin/ang/drive_left/drive_right/tv_l/tv_r/av_l/av_r/x/y/theta/t_err: 0.02464 0.41860 -3.79888 -0.32930 -0.18660 0.60917 0.31228 0.60917 0.31228 24.06435 5.25471 22.02839 -0.18472
target: 0.41860 -0.49693
fb: -0.13571 0.04654 0.95408 0.28315
fb: -0.03884 0.02383 0.90081 0.22987
dist/lin/ang/drive_left/drive_right/tv_l/tv_r/av_l/av_r/x/y/theta/t_err: 0.02800 0.44622 -3.95403 -0.06267 -0.01501 0.42197 0.29875 0.42197 0.29875 23.96546 5.21422 22.59493 -0.19461
target: 0.44622 -0.51723
fb: -0.00596 0.00948 0.85459 0.15606
fb: 0.00000 0.00446 0.85132 0.15278
dist/lin/ang/drive_left/drive_right/tv_l/tv_r/av_l/av_r/x/y/theta/t_err: 0.02833 0.44885 -3.97807 -0.00446 0.00446 0.32869 0.22228 0.32869 0.22228 23.96113 5.21241 22.78228 -0.19788
target: 0.44885 -0.52037
fb: 0.00000 0.00334 0.80588 0.10307
fb: 0.00772 -0.01024 0.80164 0.09883
dist/lin/ang/drive_left/drive_right/tv_l/tv_r/av_l/av_r/x/y/theta/t_err: 0.02838 0.44926 -3.97825 0.01797 -0.00252 0.45669 0.14494 0.45669 0.14494 23.96113 5.21241 22.82729 -0.19867
target: 0.44926 -0.52039
fb: 0.09113 -0.03052 0.75169 0.04884
fb: 0.17851 -0.04661 0.70363 -0.08705
dist/lin/ang/drive_left/drive_right/tv_l/tv_r/av_l/av_r/x/y/theta/t_err: 0.02640 0.43332 -3.91059 0.22513 0.13190 0.33692 0.09258 0.33692 0.09258 24.02731 5.24016 22.69032 -0.19628
target: 0.43332 -0.51154
fb: 0.18050 -0.05609 0.64926 -0.12938
fb: 0.20168 -0.06543 0.63761 -0.14103
dist/lin/ang/drive_left/drive_right/tv_l/tv_r/av_l/av_r/x/y/theta/t_err: 0.02231 0.39835 -3.73220 0.26711 0.13626 0.37575 -0.04039 0.37575 -0.04039 24.15862 5.29454 22.26835 -0.18891
target: 0.39835 -0.48821
fb: 0.22485 -0.07504 0.53901 -0.20790
fb: 0.22309 -0.08480 0.53998 -0.20693
dist/lin/ang/drive_left/drive_right/tv_l/tv_r/av_l/av_r/x/y/theta/t_err: 0.01714 0.34917 -3.50745 0.30788 0.13829 0.51039 -0.12817 0.51039 -0.12817 24.32279 5.36083 21.67731 -0.17860
target: 0.34917 -0.45881
fb: 0.25023 -0.09887 0.43166 -0.27526
fb: 0.25994 -0.12500 0.42632 -0.28060
dist/lin/ang/drive_left/drive_right/tv_l/tv_r/av_l/av_r/x/y/theta/t_err: 0.01126 0.28293 -3.21808 0.38493 0.13494 0.49778 -0.19042 0.49778 -0.19042 24.50637 5.43237 20.90497 -0.16512
target: 0.28293 -0.42096
fb: 0.25023 -0.16116 0.31128 -0.34416
fb: 0.24824 -0.19809 0.31237 -0.34307
dist/lin/ang/drive_left/drive_right/tv_l/tv_r/av_l/av_r/x/y/theta/t_err: 0.00490 0.00123 -2.76193 0.44633 0.05015 0.40911 -0.25992 0.40911 -0.25992 24.69110 5.50088 19.72544 -0.14453
target: 0.00123 -0.36129
fb: 0.22110 -0.23077 -0.48085 -0.97710
fb: 0.20345 -0.25759 -0.47115 -0.96739
dist/lin/ang/drive_left/drive_right/tv_l/tv_r/av_l/av_r/x/y/theta/t_err: -0.00159 -0.00040 -2.06396 0.46104 -0.05415 0.23322 -0.34633 0.23322 -0.34633 24.85579 5.55730 17.92116 -0.11304
target: -0.00040 -0.26999
fb: 0.19197 -0.28233 0.11072 -0.33940
fb: 0.15336 -0.30225 0.21652 -0.23360
dist/lin/ang/drive_left/drive_right/tv_l/tv_r/av_l/av_r/x/y/theta/t_err: -0.00808 -0.23966 -1.20272 0.45561 -0.14890 -0.17317 -0.32628 -0.17317 -0.32628 25.00046 5.60110 15.61174 -0.07273
target: -0.23966 -0.15733
fb: 0.11253 -0.32058 -0.69453 -0.91339
fb: 0.07745 -0.31716 -0.67523 -0.89409
final error: 2.61332, x: -1.08627, y: 2.37686
final local error: 2.61332, forwards: -0.52716, sideways: 2.55960
position: 25.08627 5.62314 12.92373
took 1.38000 time to finish turn
dist/lin/ang/drive_left/drive_right/tv_l/tv_r/av_l/av_r/x/y/theta/t_err: -0.64560 -0.09144 2.21739 0.00000 0.00000 0.00017 0.00000 0.00017 0.00000 24.78606 5.62945 180.09132 0.22174
target: -0.09144 0.29006
fb: 0.00000 0.00000 -0.45007 -0.06049
fb: 0.00000 0.00000 -0.45007 -0.06049
dist/lin/ang/drive_left/drive_right/tv_l/tv_r/av_l/av_r/x/y/theta/t_err: -0.64560 -0.18288 2.21743 0.00000 0.00000 -0.07511 -0.00667 -0.07511 -0.00667 24.78606 5.62945 180.09112 0.22174
target: -0.18288 0.29006
fb: 0.00000 0.00000 -0.58449 -0.19490
fb: 0.00000 0.00000 -0.58449 -0.19490
dist/lin/ang/drive_left/drive_right/tv_l/tv_r/av_l/av_r/x/y/theta/t_err: -0.64560 -0.27432 2.21745 0.00000 0.00000 -0.41733 -0.07067 -0.41733 -0.07067 24.78606 5.62945 180.09100 0.22174
target: -0.27432 0.29006
fb: 0.00000 0.00787 -0.66862 -0.27903
fb: -0.03111 0.02843 -0.65151 -0.26191
dist/lin/ang/drive_left/drive_right/tv_l/tv_r/av_l/av_r/x/y/theta/t_err: -0.64499 -0.36576 2.19914 -0.05954 -0.00269 -0.52906 -0.18103 -0.52906 -0.18103 24.76156 5.62938 180.20800 0.21991
target: -0.36576 0.28767
fb: -0.07944 0.05330 -0.70745 -0.32111
fb: -0.12600 0.07386 -0.68184 -0.29551
dist/lin/ang/drive_left/drive_right/tv_l/tv_r/av_l/av_r/x/y/theta/t_err: -0.64253 -0.45720 2.11874 -0.19985 -0.05214 -0.49997 -0.24914 -0.49997 -0.24914 24.66235 5.62857 180.71669 0.21187
target: -0.45720 0.27715
fb: -0.16682 0.08417 -0.73647 -0.36444
fb: -0.19970 0.09350 -0.71839 -0.34635
dist/lin/ang/drive_left/drive_right/tv_l/tv_r/av_l/av_r/x/y/theta/t_err: -0.63862 -0.54864 1.99932 -0.29320 -0.10619 -0.49125 -0.28508 -0.49125 -0.28508 24.50514 5.62554 181.47388 0.19993
target: -0.54864 0.26153
fb: -0.24824 0.09838 -0.99072 -0.65867
fb: -0.27340 0.09866 -0.97688 -0.64483
dist/lin/ang/drive_left/drive_right/tv_l/tv_r/av_l/av_r/x/y/theta/t_err: -0.63326 -0.64008 1.86644 -0.37206 -0.17474 -0.50697 -0.33606 -0.50697 -0.33606 24.28999 5.61841 182.32985 0.18664
target: -0.64008 0.24415
fb: -0.31996 0.09929 -1.00000 -0.71992
fb: -0.37446 0.09971 -0.99753 -0.68994
dist/lin/ang/drive_left/drive_right/tv_l/tv_r/av_l/av_r/x/y/theta/t_err: -0.62589 -0.73152 1.73640 -0.47416 -0.27475 -0.46028 -0.40022 -0.46028 -0.40022 23.99548 5.60418 183.19701 0.17364
target: -0.73152 0.22714
fb: -0.41307 0.09943 -1.00000 -0.76913
fb: -0.45765 0.09734 -1.00000 -0.74462
dist/lin/ang/drive_left/drive_right/tv_l/tv_r/av_l/av_r/x/y/theta/t_err: -0.61686 -0.82296 1.61048 -0.55498 -0.36031 -0.39506 -0.45636 -0.39506 -0.45636 23.63586 5.58133 184.05897 0.16105
target: -0.82296 0.21067
fb: -0.46758 0.08793 -1.00000 -0.83922
fb: -0.47905 0.07804 -1.00000 -0.83291
dist/lin/ang/drive_left/drive_right/tv_l/tv_r/av_l/av_r/x/y/theta/t_err: -0.60740 -0.91440 1.50408 -0.55709 -0.40101 -0.69622 -0.48833 -0.69622 -0.48833 23.25980 5.55205 184.80740 0.15041
target: -0.91440 0.19675
fb: -0.53708 0.07184 -1.00000 -0.89929
fb: -0.56820 0.06919 -1.00000 -0.88218
dist/lin/ang/drive_left/drive_right/tv_l/tv_r/av_l/av_r/x/y/theta/t_err: -0.59615 -1.00584 1.42289 -0.63739 -0.49901 -0.81394 -0.63311 -0.81394 -0.63311 22.81418 5.51214 185.43035 0.14229
target: -1.00584 0.18613
fb: -0.63042 0.06710 -1.00000 -0.94398
fb: -0.66132 0.06731 -1.00000 -0.92699
dist/lin/ang/drive_left/drive_right/tv_l/tv_r/av_l/av_r/x/y/theta/t_err: -0.58306 -1.09728 1.35208 -0.72862 -0.59401 -0.87678 -0.53419 -0.87678 -0.53419 22.29605 5.46029 186.01400 0.13521
target: -1.09728 0.17687
fb: -0.72531 0.07713 -1.00000 -0.98688
fb: -0.82615 0.08396 -1.00000 -0.93142
dist/lin/ang/drive_left/drive_right/tv_l/tv_r/av_l/av_r/x/y/theta/t_err: -0.56667 -1.18872 1.27058 -0.91011 -0.74219 -0.89883 -0.55903 -0.89883 -0.55903 21.64953 5.38840 186.69657 0.12706
target: -1.18872 0.16621
fb: -0.79702 0.08981 -1.00000 -1.00000
fb: -0.83012 0.09734 -1.00000 -1.00000
dist/lin/ang/drive_left/drive_right/tv_l/tv_r/av_l/av_r/x/y/theta/t_err: -0.55020 -1.28016 1.16664 -0.92746 -0.73278 -0.91508 -0.56242 -0.91508 -0.56242 21.00091 5.30757 187.49902 0.11666
target: -1.28016 0.15261
fb: -0.91154 0.10214 -1.00000 -1.00000
fb: -0.87844 0.10577 -1.00000 -1.00000
dist/lin/ang/drive_left/drive_right/tv_l/tv_r/av_l/av_r/x/y/theta/t_err: -0.53273 -1.37160 1.04573 -0.98421 -0.77267 -0.90808 -0.70497 -0.90808 -0.70497 20.31584 5.21216 188.39766 0.10457
target: -1.37160 0.13679
fb: -0.92699 0.11092 -1.00000 -1.00000
fb: -0.90956 0.11322 -1.00000 -1.00000
dist/lin/ang/drive_left/drive_right/tv_l/tv_r/av_l/av_r/x/y/theta/t_err: -0.51463 -1.46304 0.91073 -1.02278 -0.79633 -0.89817 -0.84767 -0.89817 -0.84767 19.60818 5.10204 189.36679 0.09107
target: -1.46304 0.11913
fb: -1.00069 0.11155 -1.00000 -1.00000
fb: -1.11146 0.10981 -1.00000 -1.00000
dist/lin/ang/drive_left/drive_right/tv_l/tv_r/av_l/av_r/x/y/theta/t_err: -0.49248 -1.55448 0.77779 -1.22127 -1.00165 -0.90036 -0.88786 -0.90036 -0.88786 18.74588 4.95258 190.34275 0.07778
target: -1.55448 0.10174
fb: -1.04349 0.11211 -1.00000 -1.00000
fb: -1.08785 0.11775 -1.00000 -1.00000
dist/lin/ang/drive_left/drive_right/tv_l/tv_r/av_l/av_r/x/y/theta/t_err: -0.47078 -1.60801 0.63608 -1.20560 -0.97010 -0.90106 -0.90039 -0.90106 -0.90039 17.90459 4.79154 191.33768 0.06361
target: -1.60801 0.08321
fb: -1.19266 0.12249 -1.00000 -1.00000
fb: -1.21031 0.12347 -1.00000 -1.00000
dist/lin/ang/drive_left/drive_right/tv_l/tv_r/av_l/av_r/x/y/theta/t_err: -0.44661 -1.64848 0.47977 -1.33378 -1.08685 -0.91269 -0.91236 -0.91269 -0.91236 16.97191 4.59583 192.40292 0.04798
target: -1.64848 0.06276
fb: -1.18692 0.11824 -1.00000 -1.00000
fb: -1.26239 0.10835 -1.00000 -1.00000
dist/lin/ang/drive_left/drive_right/tv_l/tv_r/av_l/av_r/x/y/theta/t_err: -0.42139 -1.64401 0.32828 -1.37073 -1.15404 -0.91817 -0.91081 -0.91817 -0.91081 16.00307 4.37363 193.40473 0.03283
target: -1.64401 0.04294
fb: -1.33035 0.09727 -0.91082 -0.88698
fb: -1.38088 0.09190 -0.88302 -0.85918
dist/lin/ang/drive_left/drive_right/tv_l/tv_r/av_l/av_r/x/y/theta/t_err: -0.39378 -1.62222 0.19807 -1.47279 -1.28898 -0.86394 -0.77528 -0.86394 -0.77528 14.94731 4.11362 194.25248 0.01981
target: -1.62222 0.02591
fb: -1.38486 0.08751 -0.78212 -0.77252
fb: -1.44090 0.08417 -0.75129 -0.74169
dist/lin/ang/drive_left/drive_right/tv_l/tv_r/av_l/av_r/x/y/theta/t_err: -0.36496 -1.59214 0.07544 -1.52507 -1.35673 -0.78075 -0.70361 -0.78075 -0.70361 13.84961 3.82678 195.01377 0.00754
target: -1.59214 0.00987
fb: -1.43892 0.08487 -0.68228 -0.68721
fb: -1.38486 0.08277 -0.71202 -0.71694
dist/lin/ang/drive_left/drive_right/tv_l/tv_r/av_l/av_r/x/y/theta/t_err: -0.33726 -1.53664 -0.05006 -1.46763 -1.30208 -0.72806 -0.70192 -0.72806 -0.70192 12.79822 3.53761 195.73839 -0.00501
target: -1.53664 -0.00655
fb: -1.43318 0.07713 -0.52222 -0.53925
fb: -1.42546 0.07037 -0.52647 -0.54350
dist/lin/ang/drive_left/drive_right/tv_l/tv_r/av_l/av_r/x/y/theta/t_err: -0.30876 -1.44203 -0.17349 -1.49583 -1.35509 -0.67333 -0.64303 -0.67333 -0.64303 11.71965 3.22701 196.38897 -0.01735
target: -1.44203 -0.02269
fb: -1.37890 0.06201 -0.29661 -0.32307
fb: -1.49320 0.05539 -0.23374 -0.26020
dist/lin/ang/drive_left/drive_right/tv_l/tv_r/av_l/av_r/x/y/theta/t_err: -0.27890 -1.34586 -0.28875 -1.54859 -1.43781 -0.54000 -0.54875 -0.54000 -0.54875 10.59329 2.88982 196.91327 -0.02888
target: -1.34586 -0.03777
fb: -1.49144 0.05456 -0.12857 -0.16900
fb: -1.38287 0.05212 -0.18828 -0.22871
dist/lin/ang/drive_left/drive_right/tv_l/tv_r/av_l/av_r/x/y/theta/t_err: -0.25126 -1.25381 -0.40682 -1.43499 -1.33075 -0.36650 -0.35764 -0.36650 -0.35764 9.55284 2.56872 197.38152 -0.04068
target: -1.25381 -0.05322
fb: -1.41972 0.04759 -0.07921 -0.15404
fb: -1.47974 0.04445 0.07185 -0.12103
dist/lin/ang/drive_left/drive_right/tv_l/tv_r/av_l/av_r/x/y/theta/t_err: -0.22170 -1.15340 -0.53848 -1.52419 -1.43529 -0.23525 -0.26400 -0.23525 -0.26400 8.44219 2.21654 197.79655 -0.05385
target: -1.15340 -0.07044
fb: -1.45437 0.03762 0.19934 0.11320
fb: -1.26438 0.03094 0.09484 -0.11929
dist/lin/ang/drive_left/drive_right/tv_l/tv_r/av_l/av_r/x/y/theta/t_err: -0.19646 -1.06432 -0.66375 -1.29531 -1.23344 0.01144 -0.15347 0.01144 -0.15347 7.49505 1.90979 198.09815 -0.06638
target: -1.06432 -0.08683
fb: -1.20833 0.02766 0.11530 -0.12202
fb: -1.22003 0.02467 0.12173 -0.11559
dist/lin/ang/drive_left/drive_right/tv_l/tv_r/av_l/av_r/x/y/theta/t_err: -0.17212 -1.10640 -0.80128 -1.24469 -1.19536 0.09256 -0.14219 0.09256 -0.14219 6.58254 1.60951 198.33091 -0.08013
target: -1.10640 -0.10481
fb: -1.05696 0.02487 -0.63908 -0.80287
fb: -1.00643 0.02362 -0.66687 -0.83067
dist/lin/ang/drive_left/drive_right/tv_l/tv_r/av_l/av_r/x/y/theta/t_err: -0.15139 -1.03763 -0.83835 -1.03005 -0.98281 0.03044 -0.17556 0.03044 -0.17556 5.83076 1.35885 198.54334 -0.08384
target: -1.03763 -0.10966
fb: -1.02585 0.02139 -0.14340 -0.29655
fb: -0.96781 0.01826 -0.17532 -0.32846
dist/lin/ang/drive_left/drive_right/tv_l/tv_r/av_l/av_r/x/y/theta/t_err: -0.13199 -0.96886 -0.86958 -0.98607 -0.94956 -0.36447 -0.57817 -0.36447 -0.57817 5.10865 1.11536 198.72224 -0.08696
target: -0.96886 -0.11375
fb: -0.98723 0.01115 -0.09583 -0.25391
fb: -0.99495 -0.00070 -0.09158 -0.24966
dist/lin/ang/drive_left/drive_right/tv_l/tv_r/av_l/av_r/x/y/theta/t_err: -0.11207 -0.89277 -0.88155 -0.99426 -0.99565 -0.21750 -0.40106 -0.21750 -0.40106 4.36688 0.86331 198.79084 -0.08815
target: -0.89277 -0.11532
fb: -0.95038 -0.01582 0.10539 -0.17108
fb: -0.95016 -0.03386 0.10527 -0.17120
dist/lin/ang/drive_left/drive_right/tv_l/tv_r/av_l/av_r/x/y/theta/t_err: -0.09311 -0.81376 -0.85111 -0.91630 -0.98402 -0.08456 -0.25786 -0.08456 -0.25786 3.65831 0.62316 198.61641 -0.08511
target: -0.81376 -0.11133
fb: -0.86498 -0.05177 0.14336 -0.12655
fb: -0.76613 -0.06968 0.08899 -0.18092
dist/lin/ang/drive_left/drive_right/tv_l/tv_r/av_l/av_r/x/y/theta/t_err: -0.07791 -0.74439 -0.76528 -0.69645 -0.83580 0.06878 -0.16958 0.06878 -0.16958 3.08588 0.43281 198.12466 -0.07653
target: -0.74439 -0.10011
fb: -0.72729 -0.08138 0.08826 -0.16720
fb: -0.70787 -0.07574 0.07758 -0.17788
dist/lin/ang/drive_left/drive_right/tv_l/tv_r/av_l/av_r/x/y/theta/t_err: -0.06392 -0.67422 -0.64528 -0.63214 -0.78361 0.08369 -0.19011 0.08369 -0.19011 2.55512 0.26262 197.43711 -0.06453
target: -0.67422 -0.08441
fb: -0.69419 -0.07086 0.13012 -0.10325
fb: -0.62645 -0.07400 0.09286 -0.14051
dist/lin/ang/drive_left/drive_right/tv_l/tv_r/av_l/av_r/x/y/theta/t_err: -0.05153 -0.60536 -0.53527 -0.55246 -0.70045 0.07856 -0.17350 0.07856 -0.17350 2.08375 0.11728 196.80681 -0.05353
target: -0.60536 -0.07002
fb: -0.54878 -0.08765 0.10144 -0.11193
fb: -0.55275 -0.10598 0.10362 -0.10975
dist/lin/ang/drive_left/drive_right/tv_l/tv_r/av_l/av_r/x/y/theta/t_err: -0.04064 -0.53764 -0.39387 -0.44677 -0.65873 0.08900 -0.14219 0.08900 -0.14219 1.66625 -0.00569 195.99665 -0.03939
target: -0.53764 -0.05152
fb: -0.56246 -0.11859 0.15710 0.09733
fb: -0.54503 -0.12347 0.14751 0.08774
dist/lin/ang/drive_left/drive_right/tv_l/tv_r/av_l/av_r/x/y/theta/t_err: -0.02995 -0.46155 -0.21143 -0.42156 -0.66849 0.10831 -0.05100 0.10831 -0.05100 1.25267 -0.12024 194.95131 -0.02114
target: -0.46155 -0.02766
fb: -0.51987 -0.12528 0.06636 -0.04424
fb: -0.44794 -0.12333 -0.05125 -0.08380
dist/lin/ang/drive_left/drive_right/tv_l/tv_r/av_l/av_r/x/y/theta/t_err: -0.02120 -0.38831 -0.02152 -0.32461 -0.57126 0.10556 0.01314 0.10556 0.01314 0.91111 -0.20817 193.86325 -0.00215
target: -0.38831 -0.00282
fb: -0.37027 -0.11092 -0.04473 -0.05244
fb: -0.28509 -0.09093 -0.09158 -0.09929
dist/lin/ang/drive_left/drive_right/tv_l/tv_r/av_l/av_r/x/y/theta/t_err: -0.01567 -0.33381 0.13901 -0.19416 -0.37602 -0.03781 -0.08075 -0.03781 -0.08075 0.69277 -0.26030 192.94349 0.01390
target: -0.33381 0.01818
fb: -0.23677 -0.07657 -0.11602 -0.10273
fb: -0.23853 -0.06661 -0.11505 -0.10176
dist/lin/ang/drive_left/drive_right/tv_l/tv_r/av_l/av_r/x/y/theta/t_err: -0.01101 -0.27989 0.25264 -0.17192 -0.30514 -0.09494 -0.10233 -0.09494 -0.10233 0.50948 -0.30131 192.29240 0.02526
target: -0.27989 0.03305
fb: -0.22110 -0.05665 -0.08358 -0.05542
fb: -0.22684 -0.04724 -0.08042 -0.05227
dist/lin/ang/drive_left/drive_right/tv_l/tv_r/av_l/av_r/x/y/theta/t_err: -0.00656 -0.00164 0.33547 -0.17960 -0.27408 -0.10575 -0.09275 -0.10575 -0.09275 0.33479 -0.33855 191.81784 0.03355
target: -0.00164 0.04388
fb: -0.22882 -0.03972 0.69792 0.74669
fb: -0.20963 -0.02912 0.68736 0.73613
dist/lin/ang/drive_left/drive_right/tv_l/tv_r/av_l/av_r/x/y/theta/t_err: -0.00243 -0.00061 0.39183 -0.18050 -0.23875 0.00153 0.01983 0.00153 0.01983 0.17313 -0.37187 191.49491 0.03918
target: -0.00061 0.05126
fb: -0.20367 -0.01888 0.11821 0.19281
fb: -0.17057 -0.00815 -0.07152 0.08113
dist/lin/ang/drive_left/drive_right/tv_l/tv_r/av_l/av_r/x/y/theta/t_err: 0.00096 0.00024 0.41648 -0.16242 -0.17872 0.31244 0.37797 0.31244 0.37797 0.04148 -0.39846 191.35369 0.04165
target: 0.00024 0.05448
fb: -0.10261 -0.01017 -0.07374 0.08329
fb: -0.04082 -0.01463 -0.07374 0.08329
increased kd to 2.60000
increased kd to 2.70000
increased kd to 2.80000
increased kd to 2.90000
increased kd to 3.00000
increased kd to 3.10000
increased kd to 3.20000
increased kd to 3.30000
increased kd to 3.40000
increased kd to 3.50000
increased kd to 3.60000
increased kd to 3.70000
increased kd to 3.80000
increased kd to 3.90000
increased kd to 4.00000
increased kd to 4.10000
increased kd to 4.20000
increased kd to 4.30000
increased kd to 4.40000
increased kd to 4.50000
increased kd to 4.60000
increased kd to 4.70000
increased kd to 4.80000
increased kd to 4.90000
increased kd to 5.00000
increased kd to 5.10000
increased kd to 5.20000
increased kd to 5.30000
increased kd to 5.40000
increased kd to 5.50000
increased kd to 5.60000
increased kd to 5.70000
increased kd to 5.80000
increased kd to 5.90000
increased kd to 6.00000
increased kd to 6.10000
start is 0.00000 0.00000
dist/lin/ang/drive_left/drive_right/tv_l/tv_r/av_l/av_r/x/y/theta/t_err: 0.64257 0.09144 6.43499 0.00000 0.00000 -0.00000 -0.00050 -0.00000 -0.00050 0.00000 0.00000 0.00007 0.32175
target: 0.09144 0.84176
fb: 0.00000 0.00000 -0.38629 0.84144
fb: 0.00000 0.00000 -0.38629 0.84144
dist/lin/ang/drive_left/drive_right/tv_l/tv_r/av_l/av_r/x/y/theta/t_err: 0.64257 0.18288 6.43501 0.00000 0.00000 -0.07597 0.04381 -0.07597 0.04381 0.00000 0.00000 0.00003 0.32175
target: 0.18288 0.84176
fb: 0.00000 0.00063 -0.25188 0.97586
fb: 0.00000 0.01603 -0.25188 0.97586
dist/lin/ang/drive_left/drive_right/tv_l/tv_r/av_l/av_r/x/y/theta/t_err: 0.64257 0.27432 6.43393 -0.01603 0.01603 -0.30064 0.44300 -0.30064 0.44300 0.00000 0.00000 0.00178 0.32172
target: 0.27432 0.84162
fb: 0.00000 0.05490 -0.16766 1.00000
fb: 0.00000 0.09155 -0.16766 1.00000
dist/lin/ang/drive_left/drive_right/tv_l/tv_r/av_l/av_r/x/y/theta/t_err: 0.64257 0.36576 6.28857 -0.09155 0.09155 -0.22294 0.35489 -0.22294 0.35489 0.00000 0.00000 0.23880 0.31758
target: 0.36576 0.82261
fb: 0.00000 0.11629 -0.07079 1.00000
fb: 0.00000 0.13406 -0.07079 1.00000
dist/lin/ang/drive_left/drive_right/tv_l/tv_r/av_l/av_r/x/y/theta/t_err: 0.64257 0.45720 5.83224 -0.13406 0.13406 -0.14594 0.57389 -0.14594 0.57389 0.00000 0.00000 1.08306 0.30285
target: 0.45720 0.76292
fb: 0.00000 0.15182 0.13137 1.00000
fb: 0.00000 0.16889 0.13137 1.00000
dist/lin/ang/drive_left/drive_right/tv_l/tv_r/av_l/av_r/x/y/theta/t_err: 0.64257 0.54864 5.31355 -0.16889 0.16889 -0.05475 0.69217 -0.05475 0.69217 0.00000 0.00000 2.29139 0.28176
target: 0.54864 0.69507
fb: 0.00000 0.18408 0.48633 1.00000
fb: 0.01169 0.19899 0.47990 1.00000
dist/lin/ang/drive_left/drive_right/tv_l/tv_r/av_l/av_r/x/y/theta/t_err: 0.64257 0.64008 4.70653 -0.18730 0.21069 0.13006 0.75697 0.13006 0.75697 0.00000 0.00000 3.80081 0.25541
target: 0.64008 0.61566
fb: 0.07767 0.21453 0.58469 1.00000
fb: 0.15512 0.22666 0.54209 1.00000
dist/lin/ang/drive_left/drive_right/tv_l/tv_r/av_l/av_r/x/y/theta/t_err: 0.64106 0.73152 4.03863 -0.07153 0.38178 0.42142 0.82253 0.42142 0.82253 0.06093 0.00531 5.57174 0.22507
target: 0.73152 0.52829
fb: 0.20168 0.22345 0.66289 1.00000
fb: 0.24052 0.20958 0.64153 1.00000
dist/lin/ang/drive_left/drive_right/tv_l/tv_r/av_l/av_r/x/y/theta/t_err: 0.63712 0.82296 3.34400 0.03093 0.45010 0.47789 0.85708 0.47789 0.85708 0.21867 0.02358 7.52751 0.19224
target: 0.82296 0.43743
fb: 0.30053 0.19823 0.75728 1.00000
fb: 0.35504 0.19210 0.72730 1.00000
dist/lin/ang/drive_left/drive_right/tv_l/tv_r/av_l/av_r/x/y/theta/t_err: 0.63120 0.91440 2.78873 0.16294 0.54713 0.46286 0.85383 0.46286 0.85383 0.45270 0.05861 9.33893 0.16228
target: 0.91440 0.36479
fb: 0.39762 0.18889 0.84042 1.00000
fb: 0.46735 0.18645 0.80207 1.00000
dist/lin/ang/drive_left/drive_right/tv_l/tv_r/av_l/av_r/x/y/theta/t_err: 0.62333 1.00584 2.28129 0.28090 0.65380 0.48033 0.84356 0.48033 0.84356 0.76082 0.11413 11.01336 0.13492
target: 1.00584 0.29842
fb: 0.50244 0.18130 0.91512 1.00000
fb: 0.53907 0.17565 0.89497 1.00000
dist/lin/ang/drive_left/drive_right/tv_l/tv_r/av_l/av_r/x/y/theta/t_err: 0.61336 1.09728 1.77450 0.36341 0.71472 0.53114 0.85417 0.53114 0.85417 1.14803 0.19520 12.62824 0.10871
target: 1.09728 0.23212
fb: 0.54480 0.16973 1.00000 1.00000
fb: 0.61277 0.16158 0.98672 1.00000
dist/lin/ang/drive_left/drive_right/tv_l/tv_r/av_l/av_r/x/y/theta/t_err: 0.60251 1.18872 1.30023 0.45119 0.77434 0.45583 0.88597 0.45583 0.88597 1.56537 0.29440 14.14792 0.08392
target: 1.18872 0.17008
fb: 0.71559 0.15844 1.00000 1.00000
fb: 0.75840 0.16018 1.00000 1.00000
dist/lin/ang/drive_left/drive_right/tv_l/tv_r/av_l/av_r/x/y/theta/t_err: 0.58824 1.28016 0.87331 0.59822 0.91859 0.45789 0.90139 0.45789 0.90139 2.10998 0.43888 15.55604 0.06108
target: 1.28016 0.11424
fb: 0.79327 0.16437 1.00000 1.00000
fb: 0.81268 0.16862 1.00000 1.00000
dist/lin/ang/drive_left/drive_right/tv_l/tv_r/av_l/av_r/x/y/theta/t_err: 0.57240 1.37160 0.40071 0.64407 0.98130 0.74158 0.87933 0.74158 0.87933 2.70962 0.61371 16.96791 0.03779
target: 1.37160 0.05242
fb: 0.78929 0.16520 1.00000 1.00000
fb: 0.86674 0.15649 1.00000 1.00000
dist/lin/ang/drive_left/drive_right/tv_l/tv_r/av_l/av_r/x/y/theta/t_err: 0.55662 1.46304 -0.11426 0.71025 1.02324 0.84542 0.87864 0.84542 0.87864 3.30176 0.80241 18.42351 0.01311
target: 1.46304 -0.01495
fb: 0.98149 0.14541 1.00000 1.00000
fb: 0.95810 0.13615 1.00000 1.00000
dist/lin/ang/drive_left/drive_right/tv_l/tv_r/av_l/av_r/x/y/theta/t_err: 0.53699 1.55448 -0.56345 0.82195 1.09424 0.88069 0.88497 0.88069 0.88497 4.03202 1.05533 19.76810 -0.01031
target: 1.55448 -0.07371
fb: 0.97928 0.13029 1.00000 1.00000
fb: 1.03378 0.12702 1.00000 1.00000
dist/lin/ang/drive_left/drive_right/tv_l/tv_r/av_l/av_r/x/y/theta/t_err: 0.51740 1.64592 -0.96256 0.90677 1.16080 0.89900 0.89575 0.89900 0.89575 4.75484 1.32381 20.95198 -0.03177
target: 1.64592 -0.12591
fb: 1.05894 0.12388 1.00000 1.00000
fb: 1.11896 0.11789 1.00000 1.00000
dist/lin/ang/drive_left/drive_right/tv_l/tv_r/av_l/av_r/x/y/theta/t_err: 0.49625 1.63598 -1.37565 1.00107 1.23685 0.90553 0.90006 0.90553 0.90006 5.53058 1.62951 22.05385 -0.05277
target: 1.63598 -0.17995
fb: 1.09756 0.11113 1.00000 0.88183
fb: 1.17920 0.10458 1.00000 0.83693
dist/lin/ang/drive_left/drive_right/tv_l/tv_r/av_l/av_r/x/y/theta/t_err: 0.47434 1.58318 -1.78116 1.07462 1.28378 0.91508 0.87781 0.91508 0.87781 6.32871 1.96095 23.07066 -0.07336
target: 1.58318 -0.23299
fb: 1.30343 0.09838 0.80850 0.50293
fb: 1.22753 0.08779 0.85025 0.54468
dist/lin/ang/drive_left/drive_right/tv_l/tv_r/av_l/av_r/x/y/theta/t_err: 0.44836 1.53227 -2.18619 1.13973 1.31532 0.89867 0.72703 0.89867 0.72703 7.26976 2.37051 23.96920 -0.09376
target: 1.53227 -0.28598
fb: 1.24694 0.07609 0.83368 0.45589
fb: 1.33234 0.06229 0.78672 0.40892
dist/lin/ang/drive_left/drive_right/tv_l/tv_r/av_l/av_r/x/y/theta/t_err: 0.42355 1.45107 -2.53831 1.27005 1.39463 0.75733 0.54531 0.75733 0.54531 8.16418 2.77551 24.70833 -0.11257
target: 1.45107 -0.33204
fb: 1.29350 0.04397 0.63974 0.19402
fb: 1.27806 0.03080 0.64823 0.20252
dist/lin/ang/drive_left/drive_right/tv_l/tv_r/av_l/av_r/x/y/theta/t_err: 0.39787 1.37000 -2.82208 1.24726 1.30886 0.71319 0.44214 0.71319 0.44214 9.08750 3.20543 25.20068 -0.12876
target: 1.37000 -0.36916
fb: 1.29373 0.02035 0.58707 0.09016
fb: 1.29748 0.00697 0.58501 0.08810
dist/lin/ang/drive_left/drive_right/tv_l/tv_r/av_l/av_r/x/y/theta/t_err: 0.37224 1.29653 -3.04793 1.29051 1.30444 0.63106 0.29258 0.63106 0.29258 10.00821 3.64133 25.44845 -0.14217
target: 1.29653 -0.39870
fb: 1.33609 -0.01526 0.54339 -0.12122
fb: 1.30145 -0.04013 0.56244 -0.10216
dist/lin/ang/drive_left/drive_right/tv_l/tv_r/av_l/av_r/x/y/theta/t_err: 0.34581 1.22735 -3.23216 1.34158 1.26132 0.58039 0.14272 0.58039 0.14272 10.95799 4.09378 25.45117 -0.15320
target: 1.22735 -0.42280
fb: 1.23944 -0.06459 0.56339 -0.13397
fb: 1.21009 -0.08619 0.57953 -0.11783
dist/lin/ang/drive_left/drive_right/tv_l/tv_r/av_l/av_r/x/y/theta/t_err: 0.32132 1.17466 -3.21809 1.29628 1.12391 0.55886 -0.07067 0.55886 -0.07067 11.84050 4.51047 25.04056 -0.15757
target: 1.17466 -0.42096
fb: 1.14037 -0.10584 0.63195 0.06709
fb: 1.16177 -0.12744 0.62018 -0.07268
dist/lin/ang/drive_left/drive_right/tv_l/tv_r/av_l/av_r/x/y/theta/t_err: 0.29879 1.13746 -3.06173 1.28920 1.03433 0.58606 -0.06383 0.58606 -0.06383 12.65645 4.88528 24.23630 -0.15503
target: 1.13746 -0.40050
fb: 1.09954 -0.15078 0.66692 0.13187
fb: 1.10528 -0.17530 0.66377 0.12872
dist/lin/ang/drive_left/drive_right/tv_l/tv_r/av_l/av_r/x/y/theta/t_err: 0.27705 1.11122 -2.78931 1.28058 0.92997 0.62058 0.01778 0.62058 0.01778 13.44910 5.23351 23.06894 -0.14620
target: 1.11122 -0.36487
fb: 1.19265 -0.20053 0.61044 0.12526
fb: 1.07835 -0.22338 0.67331 0.18813
dist/lin/ang/drive_left/drive_right/tv_l/tv_r/av_l/av_r/x/y/theta/t_err: 0.25343 1.08951 -2.38643 1.30173 0.85497 0.63619 0.12953 0.63619 0.12953 14.31779 5.59021 21.47913 -0.13095
target: 1.08951 -0.31217
fb: 1.01436 -0.24540 0.67047 0.25744
fb: 1.09578 -0.26407 0.62569 0.21266
dist/lin/ang/drive_left/drive_right/tv_l/tv_r/av_l/av_r/x/y/theta/t_err: 0.23329 1.08850 -1.73736 1.35985 0.83171 0.64797 0.19917 0.64797 0.19917 15.06583 5.87007 19.47901 -0.10594
target: 1.08850 -0.22726
fb: 1.08982 -0.28414 0.65390 0.35944
fb: 0.99493 -0.30358 0.70608 0.41162
dist/lin/ang/drive_left/drive_right/tv_l/tv_r/av_l/av_r/x/y/theta/t_err: 0.21158 1.09148 -0.98650 1.29851 0.69136 0.62986 0.26300 0.62986 0.26300 15.88013 6.14065 17.12709 -0.07382
target: 1.09148 -0.12904
fb: 0.96404 -0.31291 0.67610 0.51585
fb: 0.96757 -0.32023 0.67416 0.51391
dist/lin/ang/drive_left/drive_right/tv_l/tv_r/av_l/av_r/x/y/theta/t_err: 0.19233 1.11135 -0.01804 1.28780 0.64734 0.66597 0.41100 0.66597 0.41100 16.61036 6.34778 14.46235 -0.03245
target: 1.11135 -0.00236
fb: 1.02582 -0.32908 0.64347 0.65907
fb: 0.95234 -0.33375 0.68388 0.69948
dist/lin/ang/drive_left/drive_right/tv_l/tv_r/av_l/av_r/x/y/theta/t_err: 0.17182 1.10542 1.05015 1.28609 0.61859 0.65414 0.53042 0.65414 0.53042 17.39716 6.53022 11.64668 0.01575
target: 1.10542 0.13737
fb: 0.91527 -0.32971 0.50220 0.70306
fb: 1.01434 -0.31932 0.44771 0.64857
dist/lin/ang/drive_left/drive_right/tv_l/tv_r/av_l/av_r/x/y/theta/t_err: 0.15314 1.04362 2.09969 1.33367 0.69502 0.60983 0.60553 0.60983 0.60553 18.10650 6.65726 8.74596 0.06638
target: 1.04362 0.27466
fb: 0.98147 -0.30636 0.09087 0.46951
fb: 0.96183 -0.29152 0.10167 0.48031
dist/lin/ang/drive_left/drive_right/tv_l/tv_r/av_l/av_r/x/y/theta/t_err: 0.13281 0.97189 3.02595 1.25336 0.67031 0.41169 0.56892 0.41169 0.56892 18.87280 6.75693 5.98549 0.11456
target: 0.97189 0.39582
fb: 1.24118 -0.27341 -0.35980 0.29954
fb: 1.01038 -0.25857 -0.23285 0.42648
dist/lin/ang/drive_left/drive_right/tv_l/tv_r/av_l/av_r/x/y/theta/t_err: 0.10709 0.87272 3.82840 1.26895 0.75181 0.10572 0.43872 0.10572 0.43872 19.84689 6.83545 3.48693 0.15817
target: 0.87272 0.50079
fb: 0.75817 -0.23857 -0.36953 0.42755
fb: 1.09181 -0.21140 -0.55303 0.24405
dist/lin/ang/drive_left/drive_right/tv_l/tv_r/av_l/av_r/x/y/theta/t_err: 0.09096 0.80431 4.52462 1.30320 0.88041 -0.21286 0.39336 -0.21286 0.39336 20.44341 6.85856 1.27435 0.19679
target: 0.80431 0.59187
fb: 0.85924 -0.17475 -0.42888 0.49605
fb: 0.90955 -0.13029 -0.45656 0.46838
dist/lin/ang/drive_left/drive_right/tv_l/tv_r/av_l/av_r/x/y/theta/t_err: 0.07291 0.72008 5.01919 1.03985 0.77926 -0.35472 0.34136 -0.35472 0.34136 21.11993 6.86501 -0.48674 0.22752
target: 0.72008 0.65656
fb: 1.08012 -0.09580 -0.73791 0.27188
fb: 0.75840 -0.06271 -0.56096 0.44883
dist/lin/ang/drive_left/drive_right/tv_l/tv_r/av_l/av_r/x/y/theta/t_err: 0.05074 0.60074 5.20755 0.82111 0.69570 -0.33811 0.42092 -0.33811 0.42092 21.97028 6.85016 -1.55480 0.24616
target: 0.60074 0.68120
fb: 0.76039 -0.03337 -0.83368 0.20328
fb: 0.77959 -0.01198 -0.84424 0.19272
dist/lin/ang/drive_left/drive_right/tv_l/tv_r/av_l/av_r/x/y/theta/t_err: 0.03527 0.50087 5.22193 0.79157 0.76761 -0.41578 0.37933 -0.41578 0.37933 22.56870 6.83091 -2.04024 0.25464
target: 0.50087 0.68308
fb: 0.70390 0.00906 -0.62276 0.38917
fb: 0.75841 0.03505 -0.65274 0.35919
dist/lin/ang/drive_left/drive_right/tv_l/tv_r/av_l/av_r/x/y/theta/t_err: 0.02116 0.38797 5.12946 0.72336 0.79345 -0.36514 0.24844 -0.36514 0.24844 23.12259 6.81068 -2.09995 0.25568
target: 0.38797 0.67098
fb: 0.72134 0.06807 -0.75419 0.24129
fb: 0.62822 0.10591 -0.70297 0.29250
dist/lin/ang/drive_left/drive_right/tv_l/tv_r/av_l/av_r/x/y/theta/t_err: 0.00694 0.00174 4.87956 0.52231 0.73412 -0.38331 0.32061 -0.38331 0.32061 23.69023 6.79126 -1.71960 0.24904
target: 0.00174 0.63830
fb: 0.61299 0.14061 -1.00000 -0.71151
fb: 0.53532 0.16708 -1.00000 -0.66879
dist/lin/ang/drive_left/drive_right/tv_l/tv_r/av_l/av_r/x/y/theta/t_err: -0.00478 -0.00119 4.36584 0.36823 0.70240 -0.36892 0.23833 -0.36892 0.23833 24.17278 6.78053 -0.72004 0.23159
target: -0.00119 0.57110
fb: 0.50420 0.19035 -0.70593 0.15370
fb: 0.46162 0.20478 -0.68250 0.17712
dist/lin/ang/drive_left/drive_right/tv_l/tv_r/av_l/av_r/x/y/theta/t_err: -0.01404 -0.31603 3.70161 0.25684 0.66639 -0.46711 -0.23256 -0.46711 -0.23256 24.56978 6.78066 0.79204 0.20520
target: -0.31603 0.48421
fb: 0.38019 0.20694 -1.00000 -0.83933
fb: 0.31223 0.21098 -1.00000 -0.80195
dist/lin/ang/drive_left/drive_right/tv_l/tv_r/av_l/av_r/x/y/theta/t_err: -0.02067 -0.38339 3.00522 0.10125 0.52321 -0.45464 0.08778 -0.45464 0.08778 24.86901 6.78928 2.57813 0.17403
target: -0.38339 0.39311
fb: 0.23081 0.22122 -0.91679 -0.38705
fb: 0.15909 0.22136 -0.87735 -0.34761
dist/lin/ang/drive_left/drive_right/tv_l/tv_r/av_l/av_r/x/y/theta/t_err: -0.02423 -0.41516 2.32832 -0.06227 0.38045 -0.42622 -0.32992 -0.42622 -0.32992 25.05042 6.80012 4.45107 0.14134
target: -0.41516 0.30457
fb: 0.08517 0.21899 -0.73543 -0.32611
fb: 0.02118 0.21439 -0.70023 -0.29091
dist/lin/ang/drive_left/drive_right/tv_l/tv_r/av_l/av_r/x/y/theta/t_err: -0.02483 -0.42023 1.63875 -0.19321 0.23558 -0.42264 -0.29328 -0.42264 -0.29328 25.11721 6.80617 6.38219 0.10764
target: -0.42023 0.21436
fb: 0.00000 0.20129 -0.57940 -0.29276
fb: 0.00000 0.18826 -0.57940 -0.29276
dist/lin/ang/drive_left/drive_right/tv_l/tv_r/av_l/av_r/x/y/theta/t_err: -0.02375 -0.41097 1.01968 -0.18826 0.18826 -0.42758 -0.27925 -0.42758 -0.27925 25.11721 6.80617 8.22387 0.07549
target: -0.41097 0.13338
fb: 0.00000 0.17726 -0.48795 -0.31144
fb: 0.00000 0.16499 -0.48795 -0.31144
dist/lin/ang/drive_left/drive_right/tv_l/tv_r/av_l/av_r/x/y/theta/t_err: -0.02277 -0.40245 0.51179 -0.16499 0.16499 -0.42197 -0.27172 -0.42197 -0.27172 25.11721 6.80617 9.84617 0.04718
target: -0.40245 0.06695
fb: 0.00000 0.15391 -0.43710 -0.35095
fb: -0.09687 0.14646 -0.38382 -0.29767
dist/lin/ang/drive_left/drive_right/tv_l/tv_r/av_l/av_r/x/y/theta/t_err: -0.02191 -0.39473 0.07198 -0.24333 0.04959 -0.43633 -0.29467 -0.43633 -0.29467 25.11721 6.80617 11.26288 0.02245
target: -0.39473 0.00942
fb: -0.22882 0.14346 -0.26558 -0.26106
fb: -0.25420 0.13803 -0.25163 -0.24711
dist/lin/ang/drive_left/drive_right/tv_l/tv_r/av_l/av_r/x/y/theta/t_err: -0.01654 -0.34298 -0.33663 -0.39223 -0.11617 -0.35881 -0.28678 -0.35881 -0.28678 24.94095 6.76885 12.53995 0.00016
target: -0.34298 -0.04403
fb: -0.26369 0.13141 -0.08402 -0.13295
fb: -0.27141 0.12465 -0.07977 -0.12870
dist/lin/ang/drive_left/drive_right/tv_l/tv_r/av_l/av_r/x/y/theta/t_err: -0.01052 -0.27358 -0.72692 -0.39606 -0.14676 -0.22467 -0.21425 -0.22467 -0.21425 24.73877 6.72157 13.72682 -0.02055
target: -0.27358 -0.09509
fb: -0.26964 0.11566 0.13815 -0.07411
fb: -0.30054 0.10793 0.15515 -0.05712
dist/lin/ang/drive_left/drive_right/tv_l/tv_r/av_l/av_r/x/y/theta/t_err: -0.00446 -0.00111 -1.06805 -0.40846 -0.19261 -0.05644 -0.11089 -0.05644 -0.11089 24.53302 6.66921 14.79476 -0.03919
target: -0.00111 -0.13971
fb: -0.32194 0.09657 0.85359 0.66848
fb: -0.33937 0.08368 0.86318 0.67807
dist/lin/ang/drive_left/drive_right/tv_l/tv_r/av_l/av_r/x/y/theta/t_err: 0.00256 0.00064 -1.34583 -0.42305 -0.25569 0.21800 0.02739 0.21800 0.02739 24.28846 6.60247 15.70828 -0.05513
target: 0.00064 -0.17605
fb: -0.35283 0.06480 0.35513 0.12060
fb: -0.30451 0.05051 0.32855 0.09402
dist/lin/ang/drive_left/drive_right/tv_l/tv_r/av_l/av_r/x/y/theta/t_err: 0.01005 0.26730 -1.52476 -0.35502 -0.25399 0.30628 0.35628 0.30628 0.35628 24.02150 6.52558 16.39433 -0.06711
target: 0.26730 -0.19945
fb: -0.25221 0.04891 1.00000 0.82425
fb: -0.17653 0.04125 1.00000 0.78262
final error: 1.54050, x: 0.16880, y: 1.53123
final local error: 1.54050, forwards: 0.60526, sideways: 1.41662
position: 23.83120 6.46877 16.84424
took 1.12000 time to finish turn
dist/lin/ang/drive_left/drive_right/tv_l/tv_r/av_l/av_r/x/y/theta/t_err: -0.62555 -0.09144 -0.35800 0.00000 0.00000 0.00033 0.00017 0.00033 0.00017 23.76840 6.44955 197.23281 -0.03580
target: -0.09144 -0.04683
fb: 0.00000 0.00000 -0.23232 -0.28404
fb: 0.00000 0.00000 -0.23232 -0.28404
dist/lin/ang/drive_left/drive_right/tv_l/tv_r/av_l/av_r/x/y/theta/t_err: -0.62555 -0.18288 -0.35800 0.00000 0.00000 -0.07819 -0.02686 -0.07819 -0.02686 23.76840 6.44955 197.23280 -0.03580
target: -0.18288 -0.04683
fb: 0.00000 0.00000 -0.36674 -0.41846
fb: 0.00000 0.00000 -0.36674 -0.41846
dist/lin/ang/drive_left/drive_right/tv_l/tv_r/av_l/av_r/x/y/theta/t_err: -0.62555 -0.27432 -0.35802 0.00000 0.00000 -0.24981 -0.26797 -0.24981 -0.26797 23.76840 6.44955 197.23293 -0.03580
target: -0.27432 -0.04683
fb: -0.00772 0.00000 -0.44661 -0.49834
fb: -0.02140 -0.00105 -0.43909 -0.49082
dist/lin/ang/drive_left/drive_right/tv_l/tv_r/av_l/av_r/x/y/theta/t_err: -0.62512 -0.36576 -0.35796 -0.02036 -0.02245 -0.35419 -0.38633 -0.35419 -0.38633 23.75231 6.44455 197.23116 -0.03580
target: -0.36576 -0.04682
fb: -0.07944 -0.00488 -0.49130 -0.54302
fb: -0.15887 -0.00808 -0.44761 -0.49933
dist/lin/ang/drive_left/drive_right/tv_l/tv_r/av_l/av_r/x/y/theta/t_err: -0.62195 -0.45720 -0.35140 -0.15079 -0.16696 -0.41925 -0.44114 -0.41925 -0.44114 23.63281 6.40754 197.18326 -0.03514
target: -0.45720 -0.04597
fb: -0.22507 -0.01115 -0.49575 -0.54661
fb: -0.27163 -0.01094 -0.47015 -0.52101
dist/lin/ang/drive_left/drive_right/tv_l/tv_r/av_l/av_r/x/y/theta/t_err: -0.61652 -0.54864 -0.33751 -0.26069 -0.28257 -0.43669 -0.43100 -0.43669 -0.43100 23.42842 6.34453 197.08632 -0.03375
target: -0.54864 -0.04415
fb: -0.30826 -0.00913 -0.76041 -0.82819
fb: -0.34710 -0.00648 -0.73905 -0.80683
dist/lin/ang/drive_left/drive_right/tv_l/tv_r/av_l/av_r/x/y/theta/t_err: -0.60958 -0.64008 -0.32843 -0.34062 -0.35358 -0.45958 -0.47725 -0.45958 -0.47725 23.16712 6.26441 197.01273 -0.03284
target: -0.64008 -0.04296
fb: -0.35504 -0.00725 -0.82315 -0.89056
fb: -0.37622 -0.00857 -0.81150 -0.87891
dist/lin/ang/drive_left/drive_right/tv_l/tv_r/av_l/av_r/x/y/theta/t_err: -0.60206 -0.73152 -0.32106 -0.36765 -0.38479 -0.46317 -0.51144 -0.46317 -0.51144 22.88379 6.17790 196.94742 -0.03211
target: -0.73152 -0.04200
fb: -0.43823 -0.00913 -0.86575 -0.93302
fb: -0.49450 -0.00620 -0.83480 -0.90208
dist/lin/ang/drive_left/drive_right/tv_l/tv_r/av_l/av_r/x/y/theta/t_err: -0.59217 -0.82296 -0.31413 -0.48830 -0.50070 -0.42708 -0.48356 -0.42708 -0.48356 22.51126 6.06465 196.87765 -0.03141
target: -0.82296 -0.04109
fb: -0.52958 -0.00564 -0.90383 -0.97102
fb: -0.52958 -0.00843 -0.90383 -0.97102
dist/lin/ang/drive_left/drive_right/tv_l/tv_r/av_l/av_r/x/y/theta/t_err: -0.58159 -0.91440 -0.30912 -0.52115 -0.53801 -0.49911 -0.52036 -0.49911 -0.52036 22.11217 5.94377 196.81664 -0.03091
target: -0.91440 -0.04044
fb: -0.57195 -0.00718 -0.96873 -1.00000
fb: -0.64764 -0.00704 -0.92710 -0.99446
dist/lin/ang/drive_left/drive_right/tv_l/tv_r/av_l/av_r/x/y/theta/t_err: -0.56864 -1.00584 -0.30500 -0.64060 -0.65467 -0.60092 -0.57183 -0.60092 -0.57183 21.62394 5.79652 196.75347 -0.03050
target: -1.00584 -0.03990
fb: -0.66529 -0.00739 -1.00000 -1.00000
fb: -0.69817 -0.00084 -0.98746 -1.00000
dist/lin/ang/drive_left/drive_right/tv_l/tv_r/av_l/av_r/x/y/theta/t_err: -0.55468 -1.09728 -0.30423 -0.69733 -0.69900 -0.55167 -0.55369 -0.55167 -0.55369 21.09746 5.63831 196.70576 -0.03042
target: -1.09728 -0.03980
fb: -0.71361 0.00481 -1.00000 -1.00000
fb: -0.74097 0.00850 -1.00000 -1.00000
dist/lin/ang/drive_left/drive_right/tv_l/tv_r/av_l/av_r/x/y/theta/t_err: -0.53987 -1.18872 -0.32137 -0.74947 -0.73247 -0.63636 -0.65619 -0.63636 -0.65619 20.53871 5.47039 196.75552 -0.03214
target: -1.18872 -0.04204
fb: -0.83586 0.01087 -1.00000 -1.00000
fb: -0.85528 0.00251 -1.00000 -1.00000
dist/lin/ang/drive_left/drive_right/tv_l/tv_r/av_l/av_r/x/y/theta/t_err: -0.52277 -1.28016 -0.34409 -0.85778 -0.85277 -0.58878 -0.83364 -0.58878 -0.83364 19.89399 5.27579 196.82419 -0.03441
target: -1.28016 -0.04501
fb: -0.89036 -0.00314 -1.00000 -1.00000
fb: -0.91927 -0.00655 -1.00000 -1.00000
dist/lin/ang/drive_left/drive_right/tv_l/tv_r/av_l/av_r/x/y/theta/t_err: -0.50440 -1.37160 -0.35143 -0.91272 -0.92582 -0.82339 -0.87797 -0.82339 -0.87797 19.20110 5.06640 196.79471 -0.03514
target: -1.37160 -0.04597
fb: -0.89588 -0.00808 -1.00000 -1.00000
fb: -0.96185 -0.00578 -1.00000 -1.00000
dist/lin/ang/drive_left/drive_right/tv_l/tv_r/av_l/av_r/x/y/theta/t_err: -0.48517 -1.46304 -0.35444 -0.95607 -0.96764 -0.87642 -0.88497 -0.87642 -0.88497 18.47592 4.84799 196.73346 -0.03544
target: -1.46304 -0.04636
fb: -0.99892 0.00000 -1.00000 -1.00000
fb: -1.00665 0.00432 -1.00000 -1.00000
dist/lin/ang/drive_left/drive_right/tv_l/tv_r/av_l/av_r/x/y/theta/t_err: -0.46506 -1.55448 -0.37148 -1.01097 -1.00233 -0.89814 -0.90089 -0.89814 -0.90089 17.71684 4.61977 196.74323 -0.03715
target: -1.55448 -0.04859
fb: -1.08586 0.00564 -1.00000 -1.00000
fb: -1.11124 0.00801 -1.00000 -1.00000
dist/lin/ang/drive_left/drive_right/tv_l/tv_r/av_l/av_r/x/y/theta/t_err: -0.44285 -1.64592 -0.40047 -1.11925 -1.10323 -0.90894 -0.91150 -0.90894 -0.91150 16.87907 4.36731 196.80115 -0.04005
target: -1.64592 -0.05239
fb: -1.15206 0.01171 -1.00000 -1.00000
fb: -1.10925 0.01589 -1.00000 -1.00000
dist/lin/ang/drive_left/drive_right/tv_l/tv_r/av_l/av_r/x/y/theta/t_err: -0.42068 -1.61325 -0.44234 -1.12514 -1.09337 -0.90500 -0.90600 -0.90500 -0.90600 16.04314 4.11411 196.91740 -0.04423
target: -1.61325 -0.05786
fb: -1.21032 0.01366 -0.77423 -0.86752
fb: -1.37515 0.00975 -0.68358 -0.77686
dist/lin/ang/drive_left/drive_right/tv_l/tv_r/av_l/av_r/x/y/theta/t_err: -0.39321 -1.54708 -0.49350 -1.38490 -1.36539 -0.82783 -0.81672 -0.82783 -0.81672 15.00753 3.79796 197.02922 -0.04935
target: -1.54708 -0.06455
fb: -1.24893 0.00934 -0.55091 -0.64768
fb: -1.29924 0.00843 -0.52324 -0.62001
dist/lin/ang/drive_left/drive_right/tv_l/tv_r/av_l/av_r/x/y/theta/t_err: -0.36726 -1.48374 -0.54174 -1.30767 -1.29081 -0.63753 -0.68172 -0.63753 -0.68172 14.02957 3.49767 197.10277 -0.05417
target: -1.48374 -0.07086
fb: -1.40604 0.00474 -0.41077 -0.51597
fb: -1.28004 0.00118 -0.48006 -0.58527
dist/lin/ang/drive_left/drive_right/tv_l/tv_r/av_l/av_r/x/y/theta/t_err: -0.34170 -1.42067 -0.58809 -1.28123 -1.27886 -0.54633 -0.60794 -0.54633 -0.60794 13.06633 3.20095 197.13456 -0.05881
target: -1.42067 -0.07693
fb: -1.32462 -0.00293 -0.39190 -0.50483
fb: -1.31491 -0.00746 -0.39724 -0.51017
dist/lin/ang/drive_left/drive_right/tv_l/tv_r/av_l/av_r/x/y/theta/t_err: -0.31545 -1.35617 -0.62890 -1.30745 -1.32236 -0.47617 -0.55644 -0.47617 -0.55644 12.07683 2.89621 197.08909 -0.06289
target: -1.35617 -0.08227
fb: -1.29748 -0.00564 -0.33557 -0.45496
fb: -1.46628 -0.00752 -0.24273 -0.36212
dist/lin/ang/drive_left/drive_right/tv_l/tv_r/av_l/av_r/x/y/theta/t_err: -0.28619 -1.28085 -0.68198 -1.45876 -1.47381 -0.41425 -0.50769 -0.41425 -0.50769 10.97307 2.55751 197.02723 -0.06820
target: -1.28085 -0.08921
fb: -1.38067 -0.01254 -0.16951 -0.29604
fb: -1.21208 -0.02132 -0.26223 -0.38877
dist/lin/ang/drive_left/drive_right/tv_l/tv_r/av_l/av_r/x/y/theta/t_err: -0.26200 -1.21757 -0.72286 -1.19076 -1.23340 -0.38331 -0.42983 -0.38331 -0.42983 10.06027 2.27884 196.90487 -0.07229
target: -1.21757 -0.09456
fb: -1.30520 -0.03463 -0.19477 -0.32981
fb: -1.31094 -0.04369 -0.19162 -0.32666
dist/lin/ang/drive_left/drive_right/tv_l/tv_r/av_l/av_r/x/y/theta/t_err: -0.23586 -1.15105 -0.74549 -1.26725 -1.35462 -0.32853 -0.38536 -0.32853 -0.38536 9.07192 1.98107 196.58987 -0.07455
target: -1.15105 -0.09752
fb: -1.17545 -0.04557 -0.18726 -0.32524
fb: -1.17722 -0.04404 -0.18629 -0.32427
dist/lin/ang/drive_left/drive_right/tv_l/tv_r/av_l/av_r/x/y/theta/t_err: -0.21238 -1.09056 -0.75521 -1.13318 -1.22125 -0.28814 -0.38311 -0.28814 -0.38311 8.18266 1.71947 196.19426 -0.07552
target: -1.09056 -0.09879
fb: -1.18295 -0.04271 -0.14829 -0.28836
fb: -1.14809 -0.04668 -0.16747 -0.30754
dist/lin/ang/drive_left/drive_right/tv_l/tv_r/av_l/av_r/x/y/theta/t_err: -0.18948 -1.02688 -0.77479 -1.10141 -1.19477 -0.26383 -0.37028 -0.26383 -0.37028 7.31370 1.47019 195.80528 -0.07748
target: -1.02688 -0.10135
fb: -1.01040 -0.05093 -0.16752 -0.31002
fb: -1.05696 -0.05672 -0.14191 -0.28441
dist/lin/ang/drive_left/drive_right/tv_l/tv_r/av_l/av_r/x/y/theta/t_err: -0.16841 -1.09441 -0.78624 -1.00024 -1.11367 -0.21989 -0.33483 -0.21989 -0.33483 6.51198 1.24685 195.34412 -0.07862
target: -1.09441 -0.10285
fb: -1.09778 -0.05874 -0.70815 -0.87298
increased kd to 6.20000
fb: -0.98149 -0.05867 -0.77211 -0.93694
dist/lin/ang/drive_left/drive_right/tv_l/tv_r/av_l/av_r/x/y/theta/t_err: -0.14837 -1.02723 -0.69720 -0.92283 -1.04016 -0.19217 -0.34103 -0.19217 -0.34103 5.76581 1.04563 194.83394 -0.06972
target: -1.02723 -0.09120
fb: -0.88617 -0.06034 -0.22901 -0.35719
fb: -0.93846 -0.06152 -0.20025 -0.32842
dist/lin/ang/drive_left/drive_right/tv_l/tv_r/av_l/av_r/x/y/theta/t_err: -0.12970 -0.96044 -0.60507 -0.87694 -0.99999 -0.56686 -0.64389 -0.56686 -0.64389 5.05058 0.85992 194.30610 -0.06051
target: -0.96044 -0.07915
fb: -1.02408 -0.05943 -0.09858 -0.20982
fb: -0.95810 -0.06138 -0.13487 -0.24611
dist/lin/ang/drive_left/drive_right/tv_l/tv_r/av_l/av_r/x/y/theta/t_err: -0.11063 -0.88703 -0.51334 -0.89672 -1.01949 -0.35983 -0.41322 -0.35983 -0.41322 4.31873 0.67680 193.78052 -0.05133
target: -0.88703 -0.06715
fb: -0.90956 -0.06459 -0.07256 -0.16583
fb: -0.94641 -0.06445 0.06576 -0.14556
dist/lin/ang/drive_left/drive_right/tv_l/tv_r/av_l/av_r/x/y/theta/t_err: -0.09179 -0.80798 -0.41537 -0.88196 -1.01086 -0.15553 -0.24367 -0.15553 -0.24367 3.59409 0.50295 193.21921 -0.04154
target: -0.80798 -0.05434
fb: -0.94067 -0.05706 0.15254 0.08821
fb: -0.87866 -0.04863 0.11844 -0.07389
dist/lin/ang/drive_left/drive_right/tv_l/tv_r/av_l/av_r/x/y/theta/t_err: -0.07429 -0.72686 -0.33216 -0.83003 -0.92730 -0.00633 -0.11258 -0.00633 -0.11258 2.91988 0.34767 192.74242 -0.03322
target: -0.72686 -0.04345
fb: -0.82615 -0.04243 0.16109 0.12824
fb: -0.76017 -0.03874 0.12480 0.09196
dist/lin/ang/drive_left/drive_right/tv_l/tv_r/av_l/av_r/x/y/theta/t_err: -0.05913 -0.64849 -0.26909 -0.72143 -0.79891 0.10097 -0.02517 0.10097 -0.02517 2.33565 0.21750 192.38104 -0.02691
target: -0.64849 -0.03520
fb: -0.68073 -0.03595 0.14132 0.11702
fb: -0.65161 -0.03553 0.12530 0.10100
dist/lin/ang/drive_left/drive_right/tv_l/tv_r/av_l/av_r/x/y/theta/t_err: -0.04614 -0.57282 -0.21457 -0.61607 -0.68714 0.11806 0.07767 0.11806 0.07767 1.83420 0.10891 192.06866 -0.02146
target: -0.57282 -0.02807
fb: -0.60505 -0.03714 0.15800 0.14110
fb: -0.47905 -0.04208 0.08870 0.07180
dist/lin/ang/drive_left/drive_right/tv_l/tv_r/av_l/av_r/x/y/theta/t_err: -0.03660 -0.51018 -0.15513 -0.43697 -0.52114 0.11825 0.10456 0.11825 0.10456 1.46511 0.03106 191.72809 -0.01551
target: -0.51018 -0.02029
fb: -0.45963 -0.04787 0.08228 0.07177
fb: -0.46537 -0.05065 0.08544 0.07493
dist/lin/ang/drive_left/drive_right/tv_l/tv_r/av_l/av_r/x/y/theta/t_err: -0.02734 -0.44095 -0.08122 -0.41472 -0.51602 0.08811 0.07583 0.08811 0.07583 1.10606 -0.04214 191.30465 -0.00812
target: -0.44095 -0.01062
fb: -0.46537 -0.05219 -0.04498 -0.06049
fb: -0.44044 -0.05470 -0.05869 -0.07421
dist/lin/ang/drive_left/drive_right/tv_l/tv_r/av_l/av_r/x/y/theta/t_err: -0.01858 -0.36354 -0.00074 -0.38574 -0.49513 0.04242 0.02189 0.04242 0.02189 0.76574 -0.10883 190.84355 -0.00007
target: -0.36354 -0.00010
fb: -0.38990 -0.05191 0.07389 0.07869
fb: -0.31996 -0.03560 -0.04262 -0.04762
dist/lin/ang/drive_left/drive_right/tv_l/tv_r/av_l/av_r/x/y/theta/t_err: -0.01223 -0.29490 0.06975 -0.28435 -0.35556 -0.02944 -0.02364 -0.02944 -0.02364 0.51814 -0.15537 190.43966 0.00697
target: -0.29490 0.00912
fb: -0.26766 -0.01860 0.04765 0.06166
increased kd to 6.30000
fb: -0.24052 -0.00495 -0.04533 0.04674
dist/lin/ang/drive_left/drive_right/tv_l/tv_r/av_l/av_r/x/y/theta/t_err: -0.00743 -0.00186 0.09273 -0.23557 -0.24547 -0.01250 -0.00550 -0.01250 -0.00550 0.33185 -0.18944 190.30797 0.00927
target: -0.00186 0.01213
fb: -0.18028 0.00314 0.71648 0.73350
fb: -0.15115 0.00941 0.61835 0.63537
dist/lin/ang/drive_left/drive_right/tv_l/tv_r/av_l/av_r/x/y/theta/t_err: -0.00440 -0.00110 0.08560 -0.16056 -0.14175 0.02378 0.08761 0.02378 0.08761 0.21475 -0.21076 190.34884 0.00856
target: -0.00110 0.01120
fb: -0.11254 0.01589 -0.04352 0.05062
fb: -0.05428 0.01554 -0.04352 0.05062
dist/lin/ang/drive_left/drive_right/tv_l/tv_r/av_l/av_r/x/y/theta/t_err: -0.00330 -0.00083 0.06277 -0.06982 -0.03874 0.33556 0.31756 0.33556 0.31756 0.17271 -0.21848 190.47962 0.00628
target: -0.00083 0.00821
fb: -0.01545 0.01568 -0.04288 0.04827
fb: 0.00000 0.02048 -0.04288 0.04827
dist/lin/ang/drive_left/drive_right/tv_l/tv_r/av_l/av_r/x/y/theta/t_err: -0.00329 -0.00082 0.03638 -0.02048 0.02048 -0.06433 0.07392 -0.06433 0.07392 0.17271 -0.21848 190.63083 0.00364
target: -0.00082 0.00476
fb: 0.00000 0.02557 -0.04170 0.04600
fb: -0.01169 0.02676 -0.04170 0.04600
increased kd to 6.40000
increased kd to 6.50000
increased kd to 6.60000
decreased kp to 19.90000
decreased kp to 19.80000
increased kd to 6.70000
decreased kp to 19.70000
decreased kp to 19.60000
decreased kp to 19.50000
decreased kp to 19.40000
decreased kp to 19.30000
decreased kp to 19.20000
decreased kp to 19.10000
decreased kp to 19.00000
decreased kp to 18.90000
decreased kp to 18.80000
decreased kp to 18.70000
decreased kp to 18.60000
decreased kp to 18.50000
decreased kp to 18.40000
decreased kp to 18.30000
decreased kp to 18.20000
decreased kp to 18.10000
decreased kp to 18.00000
decreased kp to 17.90000
decreased kp to 17.80000
decreased kp to 17.70000
decreased kp to 17.60000
decreased kp to 17.50000
decreased kp to 17.40000
decreased kp to 17.30000
decreased kp to 17.20000
decreased kp to 17.10000
decreased kp to 17.00000
decreased kp to 16.90000
decreased kp to 16.80000
decreased kp to 16.70000
decreased kp to 16.60000
decreased kp to 16.50000
decreased kp to 16.40000
decreased kp to 16.30000
decreased kp to 16.20000
decreased kp to 16.10000
decreased kp to 16.00000
decreased kp to 15.90000
decreased kp to 15.80000
decreased kp to 15.70000
decreased kp to 15.60000
decreased kp to 15.50000
decreased kp to 15.40000
decreased kp to 15.30000
decreased kp to 15.20000
decreased kp to 15.10000
decreased kp to 15.00000
start is 0.00000 0.00000
dist/lin/ang/drive_left/drive_right/tv_l/tv_r/av_l/av_r/x/y/theta/t_err: 0.64257 0.09144 4.82626 0.00000 0.00000 0.00000 0.00000 0.00000 0.00000 0.00000 0.00000 -0.00000 0.32175
target: 0.09144 0.63132
fb: 0.00000 0.00000 -0.24530 0.69624
fb: 0.00000 0.00000 -0.24530 0.69624
dist/lin/ang/drive_left/drive_right/tv_l/tv_r/av_l/av_r/x/y/theta/t_err: 0.64257 0.18288 4.82624 0.00000 0.00000 -0.05319 0.02719 -0.05319 0.02719 0.00000 0.00000 0.00003 0.32175
target: 0.18288 0.63132
fb: 0.00000 0.00091 -0.11088 0.83066
fb: 0.00000 0.01421 -0.11088 0.83066
dist/lin/ang/drive_left/drive_right/tv_l/tv_r/av_l/av_r/x/y/theta/t_err: 0.64257 0.27432 4.82508 -0.01421 0.01421 -0.18408 0.37233 -0.18408 0.37233 0.00000 0.00000 0.00214 0.32171
target: 0.27432 0.63117
fb: 0.00000 0.04975 0.05139 0.91468
fb: 0.00000 0.08333 0.05139 0.91468
dist/lin/ang/drive_left/drive_right/tv_l/tv_r/av_l/av_r/x/y/theta/t_err: 0.64257 0.36576 4.70594 -0.08333 0.08333 -0.07511 0.49247 -0.07511 0.49247 0.00000 0.00000 0.21825 0.31794
target: 0.36576 0.61558
fb: 0.00000 0.10507 0.14596 0.98805
fb: 0.00000 0.11643 0.14596 0.98805
dist/lin/ang/drive_left/drive_right/tv_l/tv_r/av_l/av_r/x/y/theta/t_err: 0.64257 0.45720 4.34441 -0.11643 0.11643 0.06075 0.47361 0.06075 0.47361 0.00000 0.00000 0.98469 0.30456
target: 0.45720 0.56829
fb: 0.00000 0.12604 0.26177 1.00000
fb: 0.00000 0.13566 0.26177 1.00000
dist/lin/ang/drive_left/drive_right/tv_l/tv_r/av_l/av_r/x/y/theta/t_err: 0.64257 0.54864 3.99447 -0.13566 0.13566 0.15589 0.46867 0.15589 0.46867 0.00000 0.00000 2.02052 0.28649
target: 0.54864 0.52252
fb: 0.04082 0.14472 0.57949 1.00000
fb: 0.11452 0.14486 0.53895 1.00000
dist/lin/ang/drive_left/drive_right/tv_l/tv_r/av_l/av_r/x/y/theta/t_err: 0.64179 0.64008 3.64308 -0.03033 0.25938 0.29311 0.55919 0.29311 0.55919 0.03210 0.00163 3.22060 0.26588
target: 0.64008 0.47655
fb: 0.16086 0.13622 0.63214 1.00000
fb: 0.21713 0.12570 0.60119 1.00000
dist/lin/ang/drive_left/drive_right/tv_l/tv_r/av_l/av_r/x/y/theta/t_err: 0.63868 0.73152 3.34299 0.09143 0.34282 0.45961 0.75392 0.45961 0.75392 0.15847 0.01019 4.45762 0.24556
target: 0.73152 0.43730
fb: 0.30252 0.12263 0.66840 1.00000
fb: 0.35482 0.12186 0.63963 1.00000
dist/lin/ang/drive_left/drive_right/tv_l/tv_r/av_l/av_r/x/y/theta/t_err: 0.63279 0.82296 3.14446 0.23296 0.47668 0.48200 0.78211 0.48200 0.78211 0.39575 0.03116 5.55783 0.22858
target: 0.82296 0.41133
fb: 0.38792 0.11949 0.72670 1.00000
fb: 0.44021 0.11455 0.69794 1.00000
dist/lin/ang/drive_left/drive_right/tv_l/tv_r/av_l/av_r/x/y/theta/t_err: 0.62522 0.91440 2.92648 0.32567 0.55476 0.51675 0.79461 0.51675 0.79461 0.69946 0.06365 6.61873 0.21276
target: 0.91440 0.38281
fb: 0.47309 0.11148 0.78684 1.00000
fb: 0.52186 0.10744 0.76001 1.00000
dist/lin/ang/drive_left/drive_right/tv_l/tv_r/av_l/av_r/x/y/theta/t_err: 0.61596 1.00584 2.73822 0.41442 0.62930 0.53678 0.82764 0.53678 0.82764 1.06910 0.10984 7.61494 0.19849
target: 1.00584 0.35819
fb: 0.54701 0.10479 0.85055 1.00000
fb: 0.56422 0.10096 0.84109 1.00000
dist/lin/ang/drive_left/drive_right/tv_l/tv_r/av_l/av_r/x/y/theta/t_err: 0.60522 1.09728 2.57134 0.46326 0.66518 0.56536 0.86344 0.56536 0.86344 1.49554 0.17034 8.54366 0.18570
target: 1.09728 0.33636
fb: 0.63417 0.09636 0.90511 1.00000
fb: 0.66529 0.09330 0.88800 1.00000
dist/lin/ang/drive_left/drive_right/tv_l/tv_r/av_l/av_r/x/y/theta/t_err: 0.59274 1.18872 2.42310 0.57199 0.75858 0.53061 0.89061 0.53061 0.89061 1.98875 0.24841 9.41457 0.17429
target: 1.18872 0.31697
fb: 0.73303 0.09392 0.95161 1.00000
fb: 0.83188 0.09566 0.89724 1.00000
dist/lin/ang/drive_left/drive_right/tv_l/tv_r/av_l/av_r/x/y/theta/t_err: 0.57829 1.28016 2.29558 0.73622 0.92755 0.53111 0.90294 0.53111 0.90294 2.55744 0.34708 10.23092 0.16425
target: 1.28016 0.30028
fb: 0.82041 0.10472 1.00000 1.00000
fb: 0.83012 0.11023 0.99726 1.00000
dist/lin/ang/drive_left/drive_right/tv_l/tv_r/av_l/av_r/x/y/theta/t_err: 0.56209 1.37160 2.13037 0.71989 0.94035 0.57047 0.90258 0.57047 0.90258 3.19231 0.46641 11.09404 0.15375
target: 1.37160 0.27867
fb: 0.86300 0.11364 1.00000 1.00000
fb: 0.89212 0.11211 1.00000 1.00000
dist/lin/ang/drive_left/drive_right/tv_l/tv_r/av_l/av_r/x/y/theta/t_err: 0.54502 1.41870 1.91254 0.78001 1.00423 0.57150 0.90500 0.57150 0.90500 3.85802 0.60270 12.06745 0.14135
target: 1.41870 0.25018
fb: 0.96781 0.10911 0.91087 1.00000
fb: 0.95611 0.11281 0.91730 1.00000
dist/lin/ang/drive_left/drive_right/tv_l/tv_r/av_l/av_r/x/y/theta/t_err: 0.52584 1.44694 1.73545 0.84331 1.06892 0.59803 0.90072 0.59803 0.90072 4.60182 0.76846 13.04086 0.12923
target: 1.44694 0.22701
fb: 0.98723 0.11517 0.86744 1.00000
fb: 1.07439 0.11775 0.81950 1.00000
dist/lin/ang/drive_left/drive_right/tv_l/tv_r/av_l/av_r/x/y/theta/t_err: 0.50624 1.47701 1.53548 0.95663 1.19214 0.62950 0.91986 0.62950 0.91986 5.35750 0.95066 14.03612 0.11654
target: 1.47701 0.20086
fb: 1.06468 0.12632 0.87857 1.00000
fb: 1.09778 0.13420 0.86036 1.00000
dist/lin/ang/drive_left/drive_right/tv_l/tv_r/av_l/av_r/x/y/theta/t_err: 0.48508 1.51026 1.31034 0.96358 1.23197 0.65842 0.92467 0.65842 0.92467 6.16893 1.16129 15.09598 0.10275
target: 1.51026 0.17141
fb: 1.12094 0.13935 0.91199 1.00000
fb: 1.15978 0.14144 0.89063 1.00000
dist/lin/ang/drive_left/drive_right/tv_l/tv_r/av_l/av_r/x/y/theta/t_err: 0.46276 1.54976 1.03128 1.01834 1.30122 0.66203 0.92500 0.66203 0.92500 7.01875 1.39967 16.27338 0.08669
target: 1.54976 0.13490
fb: 1.22951 0.14423 0.93974 1.00000
fb: 1.18295 0.14346 0.96535 1.00000
dist/lin/ang/drive_left/drive_right/tv_l/tv_r/av_l/av_r/x/y/theta/t_err: 0.43824 1.58212 0.74958 1.03949 1.32641 0.65656 0.93322 0.65656 0.93322 7.94509 1.68094 17.51112 0.06934
target: 1.58212 0.09805
fb: 1.22774 0.14841 0.96793 1.00000
fb: 1.30718 0.15127 0.92424 1.00000
dist/lin/ang/drive_left/drive_right/tv_l/tv_r/av_l/av_r/x/y/theta/t_err: 0.41373 1.58342 0.44986 1.15591 1.45845 0.72497 0.93239 0.72497 0.93239 8.86365 1.98224 18.77345 0.05075
target: 1.58342 0.05885
fb: 1.24694 0.14980 0.86062 0.96008
fb: 1.29548 0.14736 0.83392 0.93338
dist/lin/ang/drive_left/drive_right/tv_l/tv_r/av_l/av_r/x/y/theta/t_err: 0.38882 1.58504 0.11794 1.14812 1.44285 0.66406 0.93953 0.66406 0.93953 9.78965 2.30859 20.07981 0.03049
target: 1.58504 0.01543
fb: 1.38662 0.15287 0.81841 0.85333
fb: 1.33035 0.15280 0.84936 0.88427
dist/lin/ang/drive_left/drive_right/tv_l/tv_r/av_l/av_r/x/y/theta/t_err: 0.36109 1.57985 -0.22230 1.17755 1.48315 0.67125 0.81686 0.67125 0.81686 10.81079 2.69499 21.39072 0.00908
target: 1.57985 -0.02908
fb: 1.35947 0.14918 0.82332 0.81266
fb: 1.37316 0.14277 0.81579 0.80513
dist/lin/ang/drive_left/drive_right/tv_l/tv_r/av_l/av_r/x/y/theta/t_err: 0.33390 1.50702 -0.60328 1.23039 1.51592 0.72600 0.80081 0.72600 0.80081 11.80277 3.09725 22.71207 -0.01421
target: 1.50702 -0.07891
fb: 1.35771 0.13649 0.52208 0.42237
fb: 1.46032 0.13043 0.46565 0.36594
dist/lin/ang/drive_left/drive_right/tv_l/tv_r/av_l/av_r/x/y/theta/t_err: 0.30676 1.39124 -0.96876 1.32988 1.59075 0.73986 0.75442 0.73986 0.75442 12.78428 3.52093 23.94732 -0.03801
target: 1.39124 -0.12672
fb: 1.41950 0.12333 0.23709 0.06487
fb: 1.38860 0.11789 0.25408 0.08187
dist/lin/ang/drive_left/drive_right/tv_l/tv_r/av_l/av_r/x/y/theta/t_err: 0.27840 1.27502 -1.34491 1.27071 1.50650 0.51128 0.49861 0.51128 0.49861 13.80138 3.98435 25.06767 -0.06241
target: 1.27502 -0.17593
fb: 1.46230 0.11566 0.13303 -0.23522
fb: 1.38861 0.10556 0.17356 -0.19468
dist/lin/ang/drive_left/drive_right/tv_l/tv_r/av_l/av_r/x/y/theta/t_err: 0.24924 1.15685 -1.76898 1.28305 1.49416 0.32647 0.16683 0.32647 0.16683 14.83990 4.48156 26.09081 -0.08864
target: 1.15685 -0.23140
fb: 1.34602 0.08445 0.11279 -0.33225
fb: 1.29747 0.06842 0.13949 -0.30555
dist/lin/ang/drive_left/drive_right/tv_l/tv_r/av_l/av_r/x/y/theta/t_err: 0.22246 1.04686 -2.17848 1.22905 1.36590 0.19711 -0.13450 0.19711 -0.13450 15.78799 4.95528 26.95362 -0.11538
target: 1.04686 -0.28497
fb: 1.20811 0.05588 0.15159 -0.36606
fb: 1.16354 0.04940 0.17610 -0.34155
dist/lin/ang/drive_left/drive_right/tv_l/tv_r/av_l/av_r/x/y/theta/t_err: 0.19849 0.95045 -2.50588 1.11414 1.21294 0.18961 -0.27531 0.18961 -0.27531 16.63368 5.39083 27.51385 -0.13979
target: 0.95045 -0.32779
fb: 1.08410 0.04599 0.21012 -0.36462
fb: 1.02607 0.04682 0.24203 -0.33270
dist/lin/ang/drive_left/drive_right/tv_l/tv_r/av_l/av_r/x/y/theta/t_err: 0.17706 1.12217 -2.88596 0.97924 1.07289 0.20961 -0.31519 0.20961 -0.31519 17.38930 5.78795 27.93461 -0.16465
target: 1.12217 -0.37751
fb: 0.89808 0.04271 1.00000 1.00000
fb: 0.79327 0.02808 1.00000 1.00000
dist/lin/ang/drive_left/drive_right/tv_l/tv_r/av_l/av_r/x/y/theta/t_err: 0.15650 1.05500 -2.69239 0.76519 0.82135 0.26367 -0.26456 0.26367 -0.26456 18.01295 6.12132 28.33649 -0.17166
target: 1.05500 -0.35219
fb: 0.83189 0.00599 0.58261 0.10802
fb: 0.82990 -0.01986 0.58370 0.10912
dist/lin/ang/drive_left/drive_right/tv_l/tv_r/av_l/av_r/x/y/theta/t_err: 0.13976 0.99697 -2.68279 0.84976 0.81004 0.64886 0.13603 0.64886 0.13603 18.58882 6.43345 28.53120 -0.17506
target: 0.99697 -0.35094
fb: 0.69441 -0.04264 0.63822 0.16619
fb: 0.70986 -0.06459 0.62972 0.15770
dist/lin/ang/drive_left/drive_right/tv_l/tv_r/av_l/av_r/x/y/theta/t_err: 0.12599 0.94658 -2.50508 0.77445 0.64527 0.56619 0.15519 0.56619 0.15519 19.06955 6.69397 28.31322 -0.17125
target: 0.94658 -0.32769
fb: 0.75245 -0.09065 0.57280 0.13308
fb: 0.74671 -0.11385 0.57595 0.13623
dist/lin/ang/drive_left/drive_right/tv_l/tv_r/av_l/av_r/x/y/theta/t_err: 0.11126 0.88953 -2.22452 0.86056 0.63286 0.58092 0.16408 0.58092 0.16408 19.59246 6.97252 27.69192 -0.16041
target: 0.88953 -0.29099
fb: 0.81269 -0.13580 0.43364 -0.08568
fb: 0.76988 -0.16011 0.45719 0.06587
dist/lin/ang/drive_left/drive_right/tv_l/tv_r/av_l/av_r/x/y/theta/t_err: 0.09551 0.82419 -1.82629 0.92999 0.60976 0.53028 0.12233 0.53028 0.12233 20.16164 7.26495 26.64550 -0.14215
target: 0.82419 -0.23890
fb: 0.76215 -0.17976 0.33061 -0.11970
fb: 0.77958 -0.19433 0.32102 -0.12929
dist/lin/ang/drive_left/drive_right/tv_l/tv_r/av_l/av_r/x/y/theta/t_err: 0.08092 0.75864 -1.32930 0.97391 0.58526 0.42639 0.02000 0.42639 0.02000 20.70135 7.52734 25.19660 -0.11686
target: 0.75864 -0.17389
fb: 0.68249 -0.19063 0.26701 -0.09550
fb: 0.60328 -0.19210 0.31058 0.07607
dist/lin/ang/drive_left/drive_right/tv_l/tv_r/av_l/av_r/x/y/theta/t_err: 0.06797 0.69527 -0.82256 0.79537 0.41118 0.32697 -0.09411 0.32697 -0.09411 21.19072 7.74937 23.51776 -0.08756
target: 0.69527 -0.10760
fb: 0.57415 -0.19858 0.22998 0.08537
fb: 0.51766 -0.20227 0.26105 0.11644
dist/lin/ang/drive_left/drive_right/tv_l/tv_r/av_l/av_r/x/y/theta/t_err: 0.05713 0.63741 -0.37468 0.71993 0.31539 0.28197 0.03903 0.28197 0.03903 21.60779 7.92379 21.82383 -0.05799
target: 0.63741 -0.04901
fb: 0.51391 -0.21133 0.18199 0.13501
fb: 0.50817 -0.22289 0.18514 0.13817
dist/lin/ang/drive_left/drive_right/tv_l/tv_r/av_l/av_r/x/y/theta/t_err: 0.04747 0.58105 0.12154 0.73107 0.28528 0.23939 0.10881 0.23939 0.10881 21.98576 8.06825 20.03470 -0.02677
target: 0.58105 0.01590
fb: 0.50619 -0.21955 0.10563 0.12328
fb: 0.54304 -0.21460 0.08536 0.10301
dist/lin/ang/drive_left/drive_right/tv_l/tv_r/av_l/av_r/x/y/theta/t_err: 0.03797 0.51966 0.67174 0.75764 0.32844 0.17367 0.13056 0.17367 0.13056 22.36252 8.19827 18.09796 0.00704
target: 0.51966 0.08787
fb: 0.52163 -0.21551 -0.15098 0.08701
fb: 0.51987 -0.21167 -0.15001 0.08799
dist/lin/ang/drive_left/drive_right/tv_l/tv_r/av_l/av_r/x/y/theta/t_err: 0.02810 0.44703 1.14435 0.73154 0.30819 0.03217 0.10575 0.03217 0.10575 22.75490 8.31963 16.22335 0.03975
target: 0.44703 0.14969
fb: 0.51391 -0.20283 -0.15596 0.13056
fb: 0.44793 -0.18297 -0.11967 0.16685
dist/lin/ang/drive_left/drive_right/tv_l/tv_r/av_l/av_r/x/y/theta/t_err: 0.01834 0.36116 1.61363 0.63090 0.26497 -0.12100 0.10061 -0.12100 0.10061 23.14515 8.42659 14.38752 0.07180
target: 0.36116 0.21108
fb: 0.41704 -0.15203 -0.24930 0.12071
fb: 0.36254 -0.11622 -0.21932 0.15068
dist/lin/ang/drive_left/drive_right/tv_l/tv_r/av_l/av_r/x/y/theta/t_err: 0.01042 0.27219 1.92371 0.47876 0.24632 -0.14733 0.13842 -0.14733 0.13842 23.46433 8.50376 12.85944 0.09847
target: 0.27219 0.25164
fb: 0.29877 -0.08556 -0.29947 0.12570
fb: 0.27362 -0.06034 -0.28563 0.13954
dist/lin/ang/drive_left/drive_right/tv_l/tv_r/av_l/av_r/x/y/theta/t_err: 0.00470 0.00117 2.00611 0.33396 0.21328 -0.21592 0.13858 -0.21592 0.13858 23.69413 8.55408 11.90458 0.11513
target: 0.00117 0.26242
fb: 0.22882 -0.03797 -0.88164 -0.52965
fb: 0.20345 -0.01394 -0.86769 -0.51569
dist/lin/ang/drive_left/drive_right/tv_l/tv_r/av_l/av_r/x/y/theta/t_err: 0.00025 0.00006 1.99362 0.21738 0.18951 -0.30594 0.01367 -0.30594 0.01367 23.87059 8.59048 11.42338 0.12353
target: 0.00006 0.26079
fb: 0.19396 0.01178 -0.32259 0.11501
fb: 0.15336 0.03707 -0.21595 0.22166
dist/lin/ang/drive_left/drive_right/tv_l/tv_r/av_l/av_r/x/y/theta/t_err: -0.00361 -0.00090 1.89004 0.11629 0.19043 -0.34428 -0.20261 -0.34428 -0.20261 24.02032 8.62057 11.35643 0.12470
target: -0.00090 0.24724
fb: 0.11232 0.05072 -0.20694 0.21225
fb: 0.07370 0.06138 -0.20694 0.21225
dist/lin/ang/drive_left/drive_right/tv_l/tv_r/av_l/av_r/x/y/theta/t_err: -0.00595 -0.00149 1.68083 0.01232 0.13508 -0.22569 0.14972 -0.22569 0.14972 24.10698 8.63820 11.69867 0.11872
target: -0.00149 0.21987
fb: 0.03884 0.07239 -0.18805 0.19391
fb: 0.02714 0.07887 -0.18805 0.19391
final error: 0.65890, x: -0.13690, y: -0.64452
final local error: 0.65890, forwards: -0.27062, sideways: -0.60076
position: 24.13690 8.64452 12.25789
took 0.98000 time to finish turn
dist/lin/ang/drive_left/drive_right/tv_l/tv_r/av_l/av_r/x/y/theta/t_err: -0.65160 -0.09144 0.70480 0.00000 0.00000 -0.00017 0.00000 -0.00017 0.00000 24.15182 8.64787 195.66238 0.07048
target: -0.09144 0.09219
fb: 0.00000 0.00000 -0.31751 -0.19702
fb: 0.00000 0.00000 -0.31751 -0.19702
dist/lin/ang/drive_left/drive_right/tv_l/tv_r/av_l/av_r/x/y/theta/t_err: -0.65160 -0.18288 0.70480 0.00000 0.00000 -0.05511 -0.01917 -0.05511 -0.01917 24.15182 8.64787 195.66238 0.07048
target: -0.18288 0.09219
fb: 0.00000 0.00000 -0.45192 -0.33143
fb: 0.00000 0.00000 -0.45192 -0.33143
dist/lin/ang/drive_left/drive_right/tv_l/tv_r/av_l/av_r/x/y/theta/t_err: -0.65160 -0.27432 0.70478 0.00000 0.00000 -0.30186 -0.17900 -0.30186 -0.17900 24.15182 8.64787 195.66249 0.07048
target: -0.27432 0.09219
fb: 0.00000 0.00000 -0.53605 -0.41556
fb: 0.00000 0.01108 -0.53605 -0.41556
dist/lin/ang/drive_left/drive_right/tv_l/tv_r/av_l/av_r/x/y/theta/t_err: -0.65160 -0.36576 0.69905 -0.01108 0.01108 -0.42433 -0.31414 -0.42433 -0.31414 24.15182 8.64787 195.69533 0.06990
target: -0.36576 0.09144
fb: -0.03685 0.01839 -0.59940 -0.47993
fb: -0.14541 0.02174 -0.53969 -0.42022
dist/lin/ang/drive_left/drive_right/tv_l/tv_r/av_l/av_r/x/y/theta/t_err: -0.64869 -0.45720 0.67333 -0.16715 -0.12368 -0.46764 -0.38192 -0.46764 -0.38192 24.04164 8.61671 195.86019 0.06733
target: -0.45720 0.08808
fb: -0.23081 0.02306 -0.57459 -0.45970
fb: -0.26766 0.02223 -0.55433 -0.43943
dist/lin/ang/drive_left/drive_right/tv_l/tv_r/av_l/av_r/x/y/theta/t_err: -0.64335 -0.54864 0.64373 -0.28989 -0.24543 -0.45564 -0.40297 -0.45564 -0.40297 23.83902 8.55874 196.06096 0.06437
target: -0.54864 0.08421
fb: -0.27935 0.02167 -0.85480 -0.76391
fb: -0.31620 0.02195 -0.83453 -0.74364
dist/lin/ang/drive_left/drive_right/tv_l/tv_r/av_l/av_r/x/y/theta/t_err: -0.63704 -0.64008 0.61663 -0.33815 -0.29426 -0.48544 -0.42844 -0.48544 -0.42844 23.59988 8.48943 196.25181 0.06166
target: -0.64008 0.08066
fb: -0.36056 0.02313 -0.89564 -0.81039
fb: -0.38196 0.02118 -0.88386 -0.79862
dist/lin/ang/drive_left/drive_right/tv_l/tv_r/av_l/av_r/x/y/theta/t_err: -0.62942 -0.73152 0.59036 -0.40314 -0.36078 -0.50939 -0.45842 -0.50939 -0.45842 23.31129 8.40475 196.44395 0.05904
target: -0.73152 0.07723
fb: -0.44419 0.01923 -0.93521 -0.85546
fb: -0.49648 0.01547 -0.90645 -0.82670
dist/lin/ang/drive_left/drive_right/tv_l/tv_r/av_l/av_r/x/y/theta/t_err: -0.61950 -0.82296 0.57220 -0.51195 -0.48102 -0.52086 -0.45242 -0.52086 -0.45242 22.93651 8.29355 196.60086 0.05722
target: -0.82296 0.07485
fb: -0.49648 0.01540 -0.99273 -0.91703
fb: -0.51789 0.01791 -0.98096 -0.90526
dist/lin/ang/drive_left/drive_right/tv_l/tv_r/av_l/av_r/x/y/theta/t_err: -0.60916 -0.91440 0.55685 -0.53579 -0.49998 -0.51639 -0.40589 -0.51639 -0.40589 22.54586 8.17656 196.74332 0.05569
target: -0.91440 0.07284
fb: -0.58960 0.01972 -1.00000 -0.95590
fb: -0.58364 0.02195 -1.00000 -0.95918
dist/lin/ang/drive_left/drive_right/tv_l/tv_r/av_l/av_r/x/y/theta/t_err: -0.59751 -1.00584 0.53621 -0.60559 -0.56170 -0.47789 -0.45789 -0.47789 -0.45789 22.10598 8.04352 196.92226 0.05362
target: -1.00584 0.07014
fb: -0.56047 0.02111 -1.00000 -1.00000
fb: -0.62844 0.02090 -1.00000 -1.00000
dist/lin/ang/drive_left/drive_right/tv_l/tv_r/av_l/av_r/x/y/theta/t_err: -0.58495 -1.09728 0.51425 -0.64934 -0.60754 -0.78522 -0.58964 -0.78522 -0.58964 21.63282 7.89867 197.11192 0.05143
target: -1.09728 0.06727
fb: -0.76017 0.01867 -1.00000 -1.00000
fb: -0.83983 0.02404 -1.00000 -0.99952
dist/lin/ang/drive_left/drive_right/tv_l/tv_r/av_l/av_r/x/y/theta/t_err: -0.56818 -1.18872 0.49756 -0.86387 -0.81579 -0.89031 -0.34136 -0.89031 -0.34136 21.00112 7.70312 197.29199 0.04976
target: -1.18872 0.06509
fb: -0.81467 0.04236 -1.00000 -1.00000
fb: -0.82990 0.06124 -1.00000 -1.00000
dist/lin/ang/drive_left/drive_right/tv_l/tv_r/av_l/av_r/x/y/theta/t_err: -0.55160 -1.28016 0.43942 -0.89114 -0.76865 -0.91031 -0.55644 -0.91031 -0.55644 20.37784 7.50681 197.70512 0.04394
target: -1.28016 0.05748
fb: -0.90956 0.08117 -1.00000 -1.00000
fb: -0.89610 0.10012 -1.00000 -1.00000
dist/lin/ang/drive_left/drive_right/tv_l/tv_r/av_l/av_r/x/y/theta/t_err: -0.53369 -1.37160 0.32158 -0.99622 -0.79597 -0.89025 -0.74350 -0.89025 -0.74350 19.70696 7.28822 198.45339 0.03216
target: -1.37160 0.04207
fb: -0.86675 0.11078 -1.00000 -1.00000
fb: -0.93471 0.11294 -1.00000 -1.00000
dist/lin/ang/drive_left/drive_right/tv_l/tv_r/av_l/av_r/x/y/theta/t_err: -0.51500 -1.46304 0.16112 -1.04765 -0.82177 -0.89114 -0.86803 -0.89114 -0.86803 19.01084 7.04930 199.42182 0.01611
target: -1.46304 0.02108
fb: -0.98149 0.11524 -1.00000 -1.00000
fb: -1.07836 0.11622 -1.00000 -1.00000
dist/lin/ang/drive_left/drive_right/tv_l/tv_r/av_l/av_r/x/y/theta/t_err: -0.49344 -1.55448 -0.01094 -1.19458 -0.96214 -0.89950 -0.89575 -0.89950 -0.89575 18.21267 6.75967 200.42520 -0.00109
target: -1.55448 -0.00143
fb: -1.09380 0.11378 -1.00000 -1.00000
fb: -1.06269 0.11051 -1.00000 -1.00000
dist/lin/ang/drive_left/drive_right/tv_l/tv_r/av_l/av_r/x/y/theta/t_err: -0.47218 -1.64592 -0.18889 -1.17320 -0.95219 -0.89850 -0.89561 -0.89850 -0.89561 17.43115 6.46068 201.41895 -0.01889
target: -1.64592 -0.02471
fb: -1.17523 0.10862 -1.00000 -1.00000
fb: -1.18317 0.10876 -1.00000 -1.00000
dist/lin/ang/drive_left/drive_right/tv_l/tv_r/av_l/av_r/x/y/theta/t_err: -0.44853 -1.67730 -0.37037 -1.29194 -1.07441 -0.90842 -0.90619 -0.90842 -0.90619 16.56668 6.11338 202.37697 -0.03704
target: -1.67730 -0.04845
fb: -1.20436 0.10897 -1.00000 -1.00000
fb: -1.24694 0.11148 -1.00000 -1.00000
dist/lin/ang/drive_left/drive_right/tv_l/tv_r/av_l/av_r/x/y/theta/t_err: -0.42362 -1.58761 -0.56515 -1.35842 -1.13546 -0.91853 -0.91767 -0.91853 -0.91767 15.66189 5.73212 203.34027 -0.05651
target: -1.58761 -0.07393
fb: -1.27806 0.11065 -0.47351 -0.57986
fb: -1.38287 0.10493 -0.41586 -0.52222
dist/lin/ang/drive_left/drive_right/tv_l/tv_r/av_l/av_r/x/y/theta/t_err: -0.39602 -1.48459 -0.77462 -1.48780 -1.27794 -0.80200 -0.84358 -0.80200 -0.84358 14.66580 5.29234 204.28088 -0.07746
target: -1.48459 -0.10133
fb: -1.37316 0.09727 -0.25051 -0.39120
fb: -1.33234 0.08591 -0.27296 -0.41366
dist/lin/ang/drive_left/drive_right/tv_l/tv_r/av_l/av_r/x/y/theta/t_err: -0.36948 -1.38768 -0.97919 -1.41825 -1.24643 -0.49261 -0.54567 -0.49261 -0.54567 13.71272 4.85391 205.10282 -0.09792
target: -1.38768 -0.12809
fb: -1.39810 0.07609 -0.15016 -0.32729
fb: -1.44863 0.07121 -0.12237 -0.29950
dist/lin/ang/drive_left/drive_right/tv_l/tv_r/av_l/av_r/x/y/theta/t_err: -0.34068 -1.28958 -1.18204 -1.51984 -1.37742 -0.31328 -0.42367 -0.31328 -0.42367 12.68265 4.36398 205.76042 -0.11820
target: -1.28958 -0.15462
fb: -1.42369 0.06647 0.09875 -0.23145
fb: -1.30145 0.04724 -0.08653 -0.29869
dist/lin/ang/drive_left/drive_right/tv_l/tv_r/av_l/av_r/x/y/theta/t_err: -0.31486 -1.20160 -1.37466 -1.34869 -1.25421 -0.14644 -0.34458 -0.14644 -0.34458 11.76184 3.91427 206.28337 -0.13747
target: -1.20160 -0.17982
fb: -1.27409 0.02578 0.07745 -0.28774
fb: -1.27806 0.01247 0.07964 -0.28556
dist/lin/ang/drive_left/drive_right/tv_l/tv_r/av_l/av_r/x/y/theta/t_err: -0.28957 -1.12343 -1.53033 -1.29053 -1.26559 -0.06981 -0.33042 -0.06981 -0.33042 10.86039 3.46693 206.47267 -0.15303
target: -1.12343 -0.20018
fb: -1.15206 0.00258 0.05984 -0.33382
fb: -1.08984 -0.00537 -0.09243 -0.36805
dist/lin/ang/drive_left/drive_right/tv_l/tv_r/av_l/av_r/x/y/theta/t_err: -0.26805 -1.05915 -1.65429 -1.08447 -1.09520 0.03781 -0.34444 0.03781 -0.34444 10.09228 3.08430 206.47204 -0.16543
target: -1.05915 -0.21640
fb: -1.07240 -0.01616 -0.08492 -0.38409
fb: -1.09381 -0.02933 -0.07315 -0.37232
dist/lin/ang/drive_left/drive_right/tv_l/tv_r/av_l/av_r/x/y/theta/t_err: -0.24649 -0.99672 -1.76878 -1.06447 -1.12314 -0.07819 -0.34819 -0.07819 -0.34819 9.32081 2.70139 206.29720 -0.17688
target: -0.99672 -0.23137
fb: -1.09778 -0.03804 0.10967 -0.32763
fb: -1.02607 -0.04362 0.07022 -0.36707
dist/lin/ang/drive_left/drive_right/tv_l/tv_r/av_l/av_r/x/y/theta/t_err: -0.22631 -0.93976 -1.86654 -0.98245 -1.06968 -0.04997 -0.36906 -0.04997 -0.36906 8.59550 2.34549 205.95741 -0.18665
target: -0.93976 -0.24416
fb: -0.99672 -0.05693 0.09553 -0.35946
fb: -0.97929 -0.07894 0.08595 -0.36905
dist/lin/ang/drive_left/drive_right/tv_l/tv_r/av_l/av_r/x/y/theta/t_err: -0.20708 -0.88777 -1.94218 -0.90034 -1.05823 0.06092 -0.34444 0.06092 -0.34444 7.90075 2.01098 205.40816 -0.19422
target: -0.88777 -0.25406
fb: -0.86300 -0.09789 -0.05933 -0.41001
fb: -0.75840 -0.11106 -0.11686 -0.46754
dist/lin/ang/drive_left/drive_right/tv_l/tv_r/av_l/av_r/x/y/theta/t_err: -0.19219 -0.85631 -1.93483 -0.64734 -0.86947 0.04056 -0.36003 0.04056 -0.36003 7.35949 1.75870 204.52575 -0.19348
target: -0.85631 -0.25310
fb: -0.79525 -0.11942 -0.14915 -0.50132
fb: -0.82615 -0.12806 -0.13216 -0.48433
dist/lin/ang/drive_left/drive_right/tv_l/tv_r/av_l/av_r/x/y/theta/t_err: -0.17598 -1.11873 -1.92137 -0.69808 -0.95421 -0.10708 -0.44353 -0.10708 -0.44353 6.76528 1.49399 203.46153 -0.19214
target: -1.11873 -0.25133
fb: -0.77959 -0.13852 -1.00000 -1.00000
fb: -0.70390 -0.15057 -1.00000 -1.00000
dist/lin/ang/drive_left/drive_right/tv_l/tv_r/av_l/av_r/x/y/theta/t_err: -0.15935 -1.06456 -1.70541 -0.55333 -0.85447 -0.19197 -0.53097 -0.19197 -0.53097 6.25465 1.27848 202.22416 -0.17054
target: -1.06456 -0.22308
fb: -0.67698 -0.16116 -0.34358 -0.65340
fb: -0.76988 -0.16680 -0.29248 -0.60231
dist/lin/ang/drive_left/drive_right/tv_l/tv_r/av_l/av_r/x/y/theta/t_err: -0.14465 -1.01426 -1.45814 -0.60307 -0.93668 -0.57183 -0.72550 -0.57183 -0.72550 5.69063 1.05636 200.80741 -0.14581
target: -1.01426 -0.19074
fb: -0.79900 -0.18053 -0.26528 -0.53125
fb: -0.79326 -0.18861 -0.26844 -0.53440
dist/lin/ang/drive_left/drive_right/tv_l/tv_r/av_l/av_r/x/y/theta/t_err: -0.12946 -0.95952 -1.18075 -0.60465 -0.98188 -0.32836 -0.53778 -0.32836 -0.53778 5.10374 0.84260 199.21812 -0.11808
target: -0.95952 -0.15445
fb: -0.82018 -0.18255 -0.20760 -0.42306
fb: -0.80496 -0.17691 -0.21597 -0.43143
dist/lin/ang/drive_left/drive_right/tv_l/tv_r/av_l/av_r/x/y/theta/t_err: -0.11393 -0.90015 -0.90411 -0.62805 -0.98187 -0.24553 -0.50083 -0.24553 -0.50083 4.50243 0.64226 197.63306 -0.09041
target: -0.90015 -0.11827
fb: -0.82636 -0.17391 -0.15283 -0.31785
fb: -0.78334 -0.17071 -0.17650 -0.34151
dist/lin/ang/drive_left/drive_right/tv_l/tv_r/av_l/av_r/x/y/theta/t_err: -0.09873 -0.83794 -0.64157 -0.61263 -0.95404 -0.20106 -0.41889 -0.20106 -0.41889 3.91233 0.46277 196.12879 -0.06416
target: -0.83794 -0.08392
fb: -0.75421 -0.16973 -0.14441 -0.26174
fb: -0.79525 -0.16771 -0.12184 -0.23916
dist/lin/ang/drive_left/drive_right/tv_l/tv_r/av_l/av_r/x/y/theta/t_err: -0.08321 -0.76929 -0.38378 -0.62754 -0.96296 -0.16922 -0.33092 -0.16922 -0.33092 3.30863 0.29656 194.65178 -0.03838
target: -0.76929 -0.05020
fb: -0.74097 -0.16332 -0.09105 -0.14285
fb: -0.74847 -0.15740 -0.08692 -0.13872
dist/lin/ang/drive_left/drive_right/tv_l/tv_r/av_l/av_r/x/y/theta/t_err: -0.06856 -0.69829 -0.13794 -0.59107 -0.90587 -0.13058 -0.23883 -0.13058 -0.23883 2.73659 0.15481 193.24324 -0.01379
target: -0.69829 -0.01804
fb: -0.76612 -0.15015 0.10233 0.09363
fb: -0.76237 -0.14834 0.10027 0.09157
dist/lin/ang/drive_left/drive_right/tv_l/tv_r/av_l/av_r/x/y/theta/t_err: -0.05357 -0.61727 0.09105 -0.61403 -0.91071 -0.04275 -0.09258 -0.04275 -0.09258 2.15070 0.02416 191.93119 0.00911
target: -0.61727 0.01191
fb: -0.70191 -0.14848 0.17001 0.19350
fb: -0.65734 -0.14569 0.14550 0.16898
dist/lin/ang/drive_left/drive_right/tv_l/tv_r/av_l/av_r/x/y/theta/t_err: -0.04066 -0.53772 0.31559 -0.51165 -0.80303 0.10386 0.07750 0.10386 0.07750 1.64308 -0.07694 190.64469 0.03156
target: -0.53772 0.04128
fb: -0.65756 -0.14172 0.20150 0.25486
fb: -0.58960 -0.13747 0.16412 0.21748
dist/lin/ang/drive_left/drive_right/tv_l/tv_r/av_l/av_r/x/y/theta/t_err: -0.02906 -0.45463 0.53080 -0.45213 -0.72707 0.14783 0.16136 0.14783 0.16136 1.18594 -0.15784 189.41165 0.05308
target: -0.45463 0.06943
fb: -0.52561 -0.13134 -0.04854 0.12883
fb: -0.46934 -0.12374 -0.07949 0.09788
dist/lin/ang/drive_left/drive_right/tv_l/tv_r/av_l/av_r/x/y/theta/t_err: -0.01985 -0.37568 0.72802 -0.34560 -0.59308 0.08456 0.17897 0.08456 0.17897 0.82079 -0.21469 188.28163 0.07280
target: -0.37568 0.09523
fb: -0.41307 -0.11573 -0.06338 0.14908
fb: -0.36651 -0.10465 -0.08898 0.12347
dist/lin/ang/drive_left/drive_right/tv_l/tv_r/av_l/av_r/x/y/theta/t_err: -0.01266 -0.30002 0.89957 -0.26186 -0.47117 -0.06672 0.10814 -0.06672 0.10814 0.53485 -0.25377 187.29874 0.08996
target: -0.30002 0.11767
fb: -0.32966 -0.08619 -0.06124 0.18174
fb: -0.25221 -0.05588 -0.10384 0.13914
dist/lin/ang/drive_left/drive_right/tv_l/tv_r/av_l/av_r/x/y/theta/t_err: -0.00771 -0.23413 1.01826 -0.19633 -0.30809 -0.08417 0.11703 -0.08417 0.11703 0.33773 -0.27783 186.61872 0.10183
target: -0.23413 0.13320
fb: -0.21514 -0.02111 -0.09356 0.17053
fb: -0.20742 0.01010 -0.09780 0.16628
dist/lin/ang/drive_left/drive_right/tv_l/tv_r/av_l/av_r/x/y/theta/t_err: -0.00358 -0.00089 1.03906 -0.21752 -0.19732 -0.10078 0.13294 -0.10078 0.13294 0.17546 -0.29640 186.49949 0.10391
target: -0.00089 0.13592
fb: -0.14939 0.03916 0.41410 0.60384
fb: -0.10658 0.06264 0.41410 0.60384
dist/lin/ang/drive_left/drive_right/tv_l/tv_r/av_l/av_r/x/y/theta/t_err: -0.00139 -0.00035 0.97087 -0.16922 -0.04394 -0.03372 0.18342 -0.03372 0.18342 0.09211 -0.30614 186.89022 0.09709
target: -0.00035 0.12700
fb: -0.08915 0.08034 -0.12315 0.13251
fb: -0.05825 0.09232 -0.12315 0.13251
dist/lin/ang/drive_left/drive_right/tv_l/tv_r/av_l/av_r/x/y/theta/t_err: -0.00012 -0.00003 0.84460 -0.15057 0.03407 0.20858 0.40106 0.20858 0.40106 0.04660 -0.31188 187.61369 0.08446
target: -0.00003 0.11048
fb: -0.02140 0.08912 -0.11242 0.12077
fb: 0.00000 0.08208 -0.11242 0.12077
dist/lin/ang/drive_left/drive_right/tv_l/tv_r/av_l/av_r/x/y/theta/t_err: -0.00002 -0.00000 0.71186 -0.08208 0.08208 -0.08264 0.14492 -0.08264 0.14492 0.04660 -0.31188 188.37421 0.07119
target: -0.00000 0.09312
fb: 0.00000 0.07239 -0.10136 0.10822
fb: 0.00000 0.06131 -0.10136 0.10822
increased kd to 6.80000
increased kd to 6.90000
increased kd to 7.00000
increased kd to 7.10000
increased kd to 7.20000
increased kd to 7.30000
increased kd to 7.40000
increased kd to 7.50000
increased kd to 7.60000
increased kd to 7.70000
increased kd to 7.80000
increased kd to 7.90000
increased kd to 8.00000
increased kd to 8.10000
increased kd to 8.20000
increased kd to 8.30000
increased kd to 8.40000
increased kd to 8.50000
start is 0.00000 0.00000
dist/lin/ang/drive_left/drive_right/tv_l/tv_r/av_l/av_r/x/y/theta/t_err: 0.64257 0.09144 4.82625 0.00000 0.00000 -0.00017 0.00000 -0.00017 0.00000 0.00000 0.00000 0.00003 0.32175
target: 0.09144 0.63132
fb: 0.00000 0.00000 -0.24530 0.69624
fb: 0.00000 0.00000 -0.24530 0.69624
dist/lin/ang/drive_left/drive_right/tv_l/tv_r/av_l/av_r/x/y/theta/t_err: 0.64257 0.18288 4.82625 0.00000 0.00000 -0.00000 0.02719 -0.00000 0.02719 0.00000 0.00000 0.00003 0.32175
target: 0.18288 0.63132
fb: 0.00000 0.00000 -0.11088 0.83066
fb: 0.00000 0.01010 -0.11088 0.83066
dist/lin/ang/drive_left/drive_right/tv_l/tv_r/av_l/av_r/x/y/theta/t_err: 0.64257 0.27432 4.82614 -0.01010 0.01010 -0.20414 0.38789 -0.20414 0.38789 0.00000 0.00000 0.00020 0.32175
target: 0.27432 0.63131
fb: 0.00000 0.03282 0.05130 0.91477
fb: 0.00000 0.07030 0.05130 0.91477
dist/lin/ang/drive_left/drive_right/tv_l/tv_r/av_l/av_r/x/y/theta/t_err: 0.64257 0.36576 4.73535 -0.07030 0.07030 -0.11633 0.43975 -0.11633 0.43975 0.00000 0.00000 0.14380 0.31924
target: 0.36576 0.61943
fb: 0.00000 0.09650 0.14338 0.99070
fb: -0.00971 0.10793 0.14872 0.99604
dist/lin/ang/drive_left/drive_right/tv_l/tv_r/av_l/av_r/x/y/theta/t_err: 0.64257 0.45720 4.36772 -0.11764 0.09822 0.04742 0.43050 0.04742 0.43050 0.00000 0.00000 0.80906 0.30763
target: 0.45720 0.57134
fb: -0.01743 0.11775 0.26932 1.00000
fb: 0.00199 0.12165 0.25864 1.00000
dist/lin/ang/drive_left/drive_right/tv_l/tv_r/av_l/av_r/x/y/theta/t_err: 0.64291 0.54864 3.99801 -0.11967 0.12364 0.14119 0.47792 0.14119 0.47792 -0.01372 -0.00030 1.77421 0.29062
target: 0.54864 0.52298
fb: 0.07370 0.12625 0.56110 1.00000
fb: 0.14343 0.13252 0.52274 1.00000
dist/lin/ang/drive_left/drive_right/tv_l/tv_r/av_l/av_r/x/y/theta/t_err: 0.64149 0.64008 3.70310 0.01090 0.27595 0.26197 0.57272 0.26197 0.57272 0.04425 0.00224 2.84760 0.27252
target: 0.64008 0.48440
fb: 0.18999 0.13057 0.61086 1.00000
fb: 0.25023 0.12388 0.57773 1.00000
dist/lin/ang/drive_left/drive_right/tv_l/tv_r/av_l/av_r/x/y/theta/t_err: 0.63782 0.73152 3.41880 0.12634 0.37411 0.44247 0.71506 0.44247 0.71506 0.19357 0.01128 3.99334 0.25407
target: 0.73152 0.44721
fb: 0.29877 0.11796 0.66382 1.00000
fb: 0.32591 0.11469 0.64889 1.00000
dist/lin/ang/drive_left/drive_right/tv_l/tv_r/av_l/av_r/x/y/theta/t_err: 0.63202 0.82296 3.21681 0.21123 0.44060 0.48356 0.78367 0.48356 0.78367 0.42808 0.02995 5.06350 0.23767
target: 0.82296 0.42079
fb: 0.38395 0.10974 0.72255 1.00000
fb: 0.44198 0.10528 0.69063 1.00000
dist/lin/ang/drive_left/drive_right/tv_l/tv_r/av_l/av_r/x/y/theta/t_err: 0.62455 0.91440 3.04020 0.33670 0.54726 0.52256 0.73956 0.52256 0.73956 0.72896 0.05943 6.05264 0.22319
target: 0.91440 0.39769
fb: 0.45191 0.10173 0.78852 1.00000
fb: 0.48104 0.09950 0.77250 1.00000
dist/lin/ang/drive_left/drive_right/tv_l/tv_r/av_l/av_r/x/y/theta/t_err: 0.61572 1.00584 2.88149 0.38154 0.58053 0.57356 0.80642 0.57356 0.80642 1.08249 0.09981 6.96937 0.21033
target: 1.00584 0.37693
fb: 0.50222 0.09497 0.86263 1.00000
fb: 0.58188 0.09441 0.81882 1.00000
dist/lin/ang/drive_left/drive_right/tv_l/tv_r/av_l/av_r/x/y/theta/t_err: 0.60589 1.09728 2.73458 0.48747 0.67629 0.55681 0.85778 0.55681 0.85778 1.47464 0.15074 7.82508 0.19873
target: 1.09728 0.35771
fb: 0.62071 0.09664 0.89821 1.00000
fb: 0.69618 0.09943 0.85670 1.00000
dist/lin/ang/drive_left/drive_right/tv_l/tv_r/av_l/av_r/x/y/theta/t_err: 0.59370 1.18872 2.59741 0.59675 0.79561 0.54053 0.87422 0.54053 0.87422 1.95836 0.22065 8.65966 0.18815
target: 1.18872 0.33977
fb: 0.81644 0.10103 0.89046 1.00000
fb: 0.81070 0.10089 0.89361 1.00000
dist/lin/ang/drive_left/drive_right/tv_l/tv_r/av_l/av_r/x/y/theta/t_err: 0.57765 1.28016 2.45530 0.70981 0.91159 0.41717 0.88633 0.41717 0.88633 2.59315 0.32225 9.53056 0.17803
target: 1.28016 0.32118
fb: 0.77385 0.11078 1.00000 1.00000
fb: 0.79327 0.11817 1.00000 1.00000
dist/lin/ang/drive_left/drive_right/tv_l/tv_r/av_l/av_r/x/y/theta/t_err: 0.56240 1.36068 2.26613 0.67510 0.91144 0.63394 0.88858 0.63394 0.88858 3.19328 0.42772 10.43696 0.16687
target: 1.36068 0.29643
fb: 0.83961 0.11601 1.00000 1.00000
fb: 0.89985 0.11308 0.99517 1.00000
dist/lin/ang/drive_left/drive_right/tv_l/tv_r/av_l/av_r/x/y/theta/t_err: 0.54583 1.38956 2.03861 0.78676 1.01293 0.54583 0.91389 0.54583 0.91389 3.84236 0.55317 11.44868 0.15406
target: 1.38956 0.26667
fb: 0.96009 0.11476 0.80319 1.00000
fb: 0.94243 0.11915 0.81290 1.00000
dist/lin/ang/drive_left/drive_right/tv_l/tv_r/av_l/av_r/x/y/theta/t_err: 0.52683 1.41755 1.86812 0.82329 1.06158 0.49981 0.90481 0.49981 0.90481 4.58195 0.70967 12.45104 0.14185
target: 1.41755 0.24437
fb: 0.98325 0.12918 0.82874 1.00000
fb: 1.05122 0.13461 0.79136 1.00000
dist/lin/ang/drive_left/drive_right/tv_l/tv_r/av_l/av_r/x/y/theta/t_err: 0.50735 1.44920 1.63553 0.91660 1.18583 0.59411 0.91664 0.59411 0.91664 5.33634 0.88372 13.52212 0.12827
target: 1.44920 0.21394
fb: 1.02408 0.14402 0.87173 1.00000
fb: 1.04724 0.15336 0.85899 1.00000
dist/lin/ang/drive_left/drive_right/tv_l/tv_r/av_l/av_r/x/y/theta/t_err: 0.48702 1.48732 1.34289 0.89389 1.20060 0.69283 0.92381 0.69283 0.92381 6.11839 1.08019 14.72465 0.11224
target: 1.48732 0.17566
fb: 1.10153 0.15573 0.91727 1.00000
fb: 1.15206 0.15649 0.88947 1.00000
dist/lin/ang/drive_left/drive_right/tv_l/tv_r/av_l/av_r/x/y/theta/t_err: 0.46510 1.53266 1.00791 0.99556 1.30855 0.68444 0.92619 0.68444 0.92619 6.95463 1.31033 16.06534 0.09360
target: 1.53266 0.13184
fb: 1.12867 0.15614 1.00000 1.00000
fb: 1.19663 0.15712 0.96681 1.00000
dist/lin/ang/drive_left/drive_right/tv_l/tv_r/av_l/av_r/x/y/theta/t_err: 0.44261 1.57803 0.69585 1.03951 1.35375 0.64508 0.93017 0.64508 0.93017 7.80575 1.56599 17.42446 0.07406
target: 1.57803 0.09102
fb: 1.25863 0.15935 1.00000 1.00000
fb: 1.25466 0.16297 1.00000 1.00000
dist/lin/ang/drive_left/drive_right/tv_l/tv_r/av_l/av_r/x/y/theta/t_err: 0.41749 1.58285 0.37717 1.09169 1.41763 0.64200 0.93956 0.64200 0.93956 8.74782 1.87365 18.80014 0.05382
target: 1.58285 0.04934
fb: 1.27606 0.16632 0.87288 0.94217
fb: 1.27805 0.16729 0.87179 0.94107
dist/lin/ang/drive_left/drive_right/tv_l/tv_r/av_l/av_r/x/y/theta/t_err: 0.39199 1.58844 0.00571 1.11076 1.44534 0.73472 0.91800 0.73472 0.91800 9.69500 2.20889 20.22291 0.03171
target: 1.58844 0.00075
fb: 1.34800 0.16443 0.86613 0.88699
fb: 1.30916 0.15837 0.88749 0.90835
dist/lin/ang/drive_left/drive_right/tv_l/tv_r/av_l/av_r/x/y/theta/t_err: 0.36504 1.59136 -0.38660 1.15079 1.46754 0.62333 0.71847 0.62333 0.71847 10.68625 2.58835 21.66636 0.00792
target: 1.59136 -0.05057
fb: 1.32064 0.15294 0.89893 0.86810
fb: 1.32461 0.15057 0.89675 0.86591
dist/lin/ang/drive_left/drive_right/tv_l/tv_r/av_l/av_r/x/y/theta/t_err: 0.33863 1.51281 -0.75705 1.17404 1.47518 0.66422 0.78108 0.66422 0.78108 11.64786 2.98408 23.03144 -0.01624
target: 1.51281 -0.09903
fb: 1.34601 0.14932 0.52465 0.39678
fb: 1.45833 0.14736 0.46288 0.33500
dist/lin/ang/drive_left/drive_right/tv_l/tv_r/av_l/av_r/x/y/theta/t_err: 0.31172 1.39457 -1.16170 1.31097 1.60569 0.76728 0.75303 0.76728 0.75303 12.61827 3.41018 24.34397 -0.04157
target: 1.39457 -0.15196
fb: 1.41177 0.13796 0.25160 -0.08327
fb: 1.38463 0.13169 0.26653 -0.06834
dist/lin/ang/drive_left/drive_right/tv_l/tv_r/av_l/av_r/x/y/theta/t_err: 0.28352 1.27385 -1.60720 1.25294 1.51632 0.50819 0.40414 0.50819 0.40414 13.62605 3.87928 25.60029 -0.06870
target: 1.27385 -0.21024
fb: 1.43913 0.12653 0.14966 -0.26593
fb: 1.33256 0.11406 0.20828 -0.20731
dist/lin/ang/drive_left/drive_right/tv_l/tv_r/av_l/av_r/x/y/theta/t_err: 0.25484 1.15320 -2.07534 1.21850 1.44662 0.32714 -0.03558 0.32714 -0.03558 14.64300 4.37916 26.74249 -0.09753
target: 1.15320 -0.27148
fb: 1.29924 0.08877 0.15194 -0.34801
fb: 1.26636 0.06675 0.17002 -0.32993
dist/lin/ang/drive_left/drive_right/tv_l/tv_r/av_l/av_r/x/y/theta/t_err: 0.22902 1.04451 -2.48559 1.19961 1.33311 0.21661 -0.18872 0.21661 -0.18872 15.55253 4.84746 27.66950 -0.12574
target: 1.04451 -0.32514
fb: 1.17722 0.05100 0.19843 -0.37369
fb: 1.15978 0.03874 0.20802 -0.36410
dist/lin/ang/drive_left/drive_right/tv_l/tv_r/av_l/av_r/x/y/theta/t_err: 0.20570 0.95131 -2.77156 1.12105 1.19852 0.22142 -0.30525 0.22142 -0.30525 16.37127 5.28207 28.21357 -0.15017
target: 0.95131 -0.36255
fb: 1.04350 0.02794 0.26942 -0.35208
fb: 0.96583 0.01791 0.31214 -0.30936
dist/lin/ang/drive_left/drive_right/tv_l/tv_r/av_l/av_r/x/y/theta/t_err: 0.18510 0.86953 -3.07339 0.94792 0.98373 0.24436 -0.33364 0.24436 -0.33364 17.09420 5.67255 28.52661 -0.17281
target: 0.86953 -0.40203
fb: 0.92898 0.00578 0.32594 -0.34828
fb: 0.83189 -0.01247 0.37934 -0.29488
dist/lin/ang/drive_left/drive_right/tv_l/tv_r/av_l/av_r/x/y/theta/t_err: 0.16683 1.08928 -3.37295 0.84436 0.81941 0.28044 -0.30083 0.28044 -0.30083 17.73642 6.02272 28.65523 -0.19435
target: 1.08928 -0.44122
fb: 0.81843 -0.03498 1.00000 1.00000
fb: 0.82813 -0.05741 1.00000 1.00000
dist/lin/ang/drive_left/drive_right/tv_l/tv_r/av_l/av_r/x/y/theta/t_err: 0.14741 1.02392 -2.81411 0.88555 0.77072 0.36481 -0.20686 0.36481 -0.20686 18.30223 6.33118 28.49537 -0.19156
target: 1.02392 -0.36811
fb: 0.75245 -0.07957 0.61436 0.11812
fb: 0.71361 -0.10145 0.63572 0.13948
dist/lin/ang/drive_left/drive_right/tv_l/tv_r/av_l/av_r/x/y/theta/t_err: 0.13266 0.97134 -2.52471 0.81506 0.61216 0.74161 0.14836 0.74161 0.14836 18.82412 6.61164 27.94424 -0.18194
target: 0.97134 -0.33026
fb: 0.61078 -0.12242 0.66753 0.22421
fb: 0.62446 -0.14534 0.66000 0.21669
dist/lin/ang/drive_left/drive_right/tv_l/tv_r/av_l/av_r/x/y/theta/t_err: 0.12093 0.92738 -2.13963 0.76981 0.47912 0.61769 0.16700 0.61769 0.16700 19.25054 6.83405 27.01252 -0.16568
target: 0.92738 -0.27989
fb: 0.74869 -0.16799 0.55012 0.17620
fb: 0.69242 -0.18603 0.58107 0.20715
dist/lin/ang/drive_left/drive_right/tv_l/tv_r/av_l/av_r/x/y/theta/t_err: 0.10658 0.87061 -1.65119 0.87846 0.50639 0.61736 0.20467 0.61736 0.20467 19.77866 7.09598 25.69431 -0.14267
target: 0.87061 -0.21599
fb: 0.72729 -0.20610 0.41332 0.12387
fb: 0.77958 -0.21397 0.38456 0.09511
dist/lin/ang/drive_left/drive_right/tv_l/tv_r/av_l/av_r/x/y/theta/t_err: 0.09274 0.81213 -1.08393 0.99356 0.56561 0.53028 0.18822 0.53028 0.18822 20.29837 7.33647 24.02498 -0.11354
target: 0.81213 -0.14179
fb: 0.68646 -0.20324 0.32299 0.13367
fb: 0.63417 -0.18987 0.35175 0.16243
dist/lin/ang/drive_left/drive_right/tv_l/tv_r/av_l/av_r/x/y/theta/t_err: 0.07970 0.75287 -0.53847 0.82404 0.44430 0.40019 0.12764 0.40019 0.12764 20.79541 7.54883 22.18427 -0.08141
target: 0.75287 -0.07044
fb: 0.60504 -0.19447 0.25992 0.16699
fb: 0.57812 -0.19704 0.27473 0.18180
dist/lin/ang/drive_left/drive_right/tv_l/tv_r/av_l/av_r/x/y/theta/t_err: 0.06816 0.69623 -0.15165 0.77517 0.38108 0.34325 0.15125 0.34325 0.15125 21.23907 7.72238 20.49383 -0.05191
target: 0.69623 -0.01984
fb: 0.56047 -0.19697 0.20321 0.18612
fb: 0.53333 -0.19356 0.21814 0.20105
dist/lin/ang/drive_left/drive_right/tv_l/tv_r/av_l/av_r/x/y/theta/t_err: 0.05746 0.63925 0.30839 0.72689 0.33977 0.27908 0.17281 0.27908 0.17281 21.65466 7.87082 18.77576 -0.02192
target: 0.63925 0.04034
fb: 0.57812 -0.18945 0.10727 0.14979
fb: 0.62049 -0.18151 0.08397 0.12649
dist/lin/ang/drive_left/drive_right/tv_l/tv_r/av_l/av_r/x/y/theta/t_err: 0.04634 0.57409 0.73034 0.80199 0.43898 0.20792 0.18053 0.20792 0.18053 22.08782 8.01073 17.10169 0.00730
target: 0.57409 0.09554
fb: 0.57790 -0.17900 -0.14981 0.09854
fb: 0.61100 -0.18004 -0.16801 0.08034
dist/lin/ang/drive_left/drive_right/tv_l/tv_r/av_l/av_r/x/y/theta/t_err: 0.03517 0.50012 1.10865 0.79104 0.43096 0.06569 0.12953 0.06569 0.12953 22.52449 8.13871 15.52239 0.03486
target: 0.50012 0.14502
fb: 0.61475 -0.17879 -0.16215 0.11802
fb: 0.53134 -0.16862 -0.11627 0.16390
dist/lin/ang/drive_left/drive_right/tv_l/tv_r/av_l/av_r/x/y/theta/t_err: 0.02323 0.40646 1.51768 0.69996 0.36273 -0.12147 0.10847 -0.12147 0.10847 22.99252 8.26219 13.95010 0.06230
target: 0.40646 0.19853
fb: 0.48479 -0.14590 -0.25204 0.10090
fb: 0.41881 -0.11462 -0.21575 0.13719
dist/lin/ang/drive_left/drive_right/tv_l/tv_r/av_l/av_r/x/y/theta/t_err: 0.01384 0.31374 1.83240 0.53343 0.30419 -0.13892 0.13961 -0.13892 0.13961 23.36408 8.34962 12.53097 0.08707
target: 0.31374 0.23970
fb: 0.38990 -0.08521 -0.31086 0.09807
fb: 0.37049 -0.06145 -0.30018 0.10875
dist/lin/ang/drive_left/drive_right/tv_l/tv_r/av_l/av_r/x/y/theta/t_err: 0.00624 0.00156 1.90020 0.43194 0.30903 -0.19592 0.12525 -0.19592 0.12525 23.66436 8.41358 11.59190 0.10346
target: 0.00156 0.24857
fb: 0.32371 -0.04194 -1.00000 -0.67338
fb: 0.31422 -0.02320 -1.00000 -0.66816
dist/lin/ang/drive_left/drive_right/tv_l/tv_r/av_l/av_r/x/y/theta/t_err: -0.00013 -0.00003 1.86654 0.33742 0.29102 -0.27308 0.03661 -0.27308 0.03661 23.91428 8.46365 11.09462 0.11214
target: -0.00003 0.24416
fb: 0.29877 -0.00223 -0.37015 0.04485
fb: 0.26369 0.00982 -0.35085 0.06414
dist/lin/ang/drive_left/drive_right/tv_l/tv_r/av_l/av_r/x/y/theta/t_err: -0.00607 -0.00152 1.78068 0.25386 0.27351 -0.57753 -0.13092 -0.57753 -0.13092 24.14521 8.50853 10.93881 0.11486
target: -0.00152 0.23293
fb: 0.22309 0.01519 -0.32215 0.07757
fb: 0.16285 0.02676 -0.19862 0.20111
dist/lin/ang/drive_left/drive_right/tv_l/tv_r/av_l/av_r/x/y/theta/t_err: -0.01055 -0.27397 1.66266 0.13609 0.18960 -0.33211 0.07203 -0.33211 0.07203 24.31765 8.54198 11.03403 0.11320
target: -0.27397 0.21749
fb: 0.12401 0.04306 -1.00000 -0.75901
fb: 0.09113 0.06118 -1.00000 -0.74093
dist/lin/ang/drive_left/drive_right/tv_l/tv_r/av_l/av_r/x/y/theta/t_err: -0.01309 -0.30512 1.52740 0.02996 0.15231 -0.26489 0.04586 -0.26489 0.04586 24.41346 8.56085 11.30363 0.10849
target: -0.30512 0.19980
fb: 0.05825 0.07915 -0.54794 -0.28111
fb: 0.03111 0.09601 -0.53301 -0.26618
final error: 0.73148, x: -0.45840, y: -0.57003
final local error: 0.73148, forwards: -0.56590, sideways: -0.46349
position: 24.45840 8.57003 11.87631
took 1.00000 time to finish turn
dist/lin/ang/drive_left/drive_right/tv_l/tv_r/av_l/av_r/x/y/theta/t_err: -0.64474 -0.09144 0.64592 0.00000 0.00000 0.00017 -0.00017 0.00017 -0.00017 23.94291 8.42908 195.69370 0.06459
target: -0.09144 0.08449
fb: 0.00000 0.00000 -0.31235 -0.20233
fb: 0.00000 0.00000 -0.31235 -0.20233
dist/lin/ang/drive_left/drive_right/tv_l/tv_r/av_l/av_r/x/y/theta/t_err: -0.64474 -0.18288 0.64592 0.00000 0.00000 -0.20703 -0.15058 -0.20703 -0.15058 23.94291 8.42908 195.69370 0.06459
target: -0.18288 0.08449
fb: 0.00000 0.00000 -0.44676 -0.33675
fb: 0.00000 0.00000 -0.44676 -0.33675
dist/lin/ang/drive_left/drive_right/tv_l/tv_r/av_l/av_r/x/y/theta/t_err: -0.64474 -0.27432 0.64588 0.00000 0.00000 -0.37575 -0.28300 -0.37575 -0.28300 23.94291 8.42908 195.69394 0.06459
target: -0.27432 0.08449
fb: 0.00000 0.00362 -0.53088 -0.42087
fb: 0.00000 0.00613 -0.53088 -0.42087
dist/lin/ang/drive_left/drive_right/tv_l/tv_r/av_l/av_r/x/y/theta/t_err: -0.64474 -0.36576 0.64024 -0.00613 0.00613 -0.45308 -0.36822 -0.45308 -0.36822 23.94291 8.42908 195.72627 0.06402
target: -0.36576 0.08375
fb: -0.06223 0.00446 -0.58029 -0.47128
fb: -0.15512 0.00376 -0.52920 -0.42019
dist/lin/ang/drive_left/drive_right/tv_l/tv_r/av_l/av_r/x/y/theta/t_err: -0.64164 -0.45720 0.63638 -0.15889 -0.15136 -0.45444 -0.41256 -0.45444 -0.41256 23.82535 8.39593 195.76602 0.06364
target: -0.45720 0.08324
fb: -0.19771 0.00481 -0.58956 -0.48124
fb: -0.24824 0.00543 -0.56177 -0.45345
dist/lin/ang/drive_left/drive_right/tv_l/tv_r/av_l/av_r/x/y/theta/t_err: -0.63669 -0.54864 0.63418 -0.25368 -0.24281 -0.45981 -0.43528 -0.45981 -0.43528 23.63726 8.34275 195.80686 0.06342
target: -0.54864 0.08296
fb: -0.27935 0.00850 -0.85396 -0.76477
fb: -0.32018 0.00996 -0.83151 -0.74232
dist/lin/ang/drive_left/drive_right/tv_l/tv_r/av_l/av_r/x/y/theta/t_err: -0.63029 -0.64008 0.62694 -0.33014 -0.31021 -0.48939 -0.48542 -0.48939 -0.48542 23.39473 8.27391 195.88483 0.06269
target: -0.64008 0.08201
fb: -0.37622 0.00989 -0.88792 -0.80084
fb: -0.39939 0.00934 -0.87518 -0.78810
dist/lin/ang/drive_left/drive_right/tv_l/tv_r/av_l/av_r/x/y/theta/t_err: -0.62232 -0.73152 0.61973 -0.40873 -0.39006 -0.51128 -0.52531 -0.51128 -0.52531 23.09232 8.18759 195.97163 0.06197
target: -0.73152 0.08107
fb: -0.42852 0.01226 -0.94640 -0.86143
fb: -0.46934 0.01310 -0.92395 -0.83898
dist/lin/ang/drive_left/drive_right/tv_l/tv_r/av_l/av_r/x/y/theta/t_err: -0.61295 -0.82296 0.61044 -0.48244 -0.45624 -0.52103 -0.53439 -0.52103 -0.53439 22.73712 8.08557 196.07837 0.06104
target: -0.82296 0.07985
fb: -0.47133 0.01477 -1.00000 -0.92742
fb: -0.52760 0.01324 -0.97897 -0.89647
dist/lin/ang/drive_left/drive_right/tv_l/tv_r/av_l/av_r/x/y/theta/t_err: -0.60242 -0.91440 0.60007 -0.54083 -0.51436 -0.49381 -0.55883 -0.49381 -0.55883 22.33808 7.97006 196.19786 0.06001
target: -0.91440 0.07850
fb: -0.61079 0.01526 -1.00000 -0.94035
fb: -0.59335 0.01338 -1.00000 -0.94994
dist/lin/ang/drive_left/drive_right/tv_l/tv_r/av_l/av_r/x/y/theta/t_err: -0.59057 -1.00584 0.59013 -0.60673 -0.57998 -0.45258 -0.48544 -0.45258 -0.48544 21.88956 7.83925 196.32261 0.05901
target: -1.00584 0.07720
fb: -0.60527 0.01463 -1.00000 -1.00000
fb: -0.66330 0.01261 -1.00000 -1.00000
dist/lin/ang/drive_left/drive_right/tv_l/tv_r/av_l/av_r/x/y/theta/t_err: -0.57733 -1.09728 0.58143 -0.67591 -0.65069 -0.72500 -0.52156 -0.72500 -0.52156 21.38849 7.69189 196.44861 0.05814
target: -1.09728 0.07606
fb: -0.69618 0.00773 -1.00000 -1.00000
fb: -0.74473 0.01463 -1.00000 -1.00000
dist/lin/ang/drive_left/drive_right/tv_l/tv_r/av_l/av_r/x/y/theta/t_err: -0.56246 -1.18872 0.58081 -0.75936 -0.73009 -0.86494 -0.71747 -0.86494 -0.71747 20.82622 7.52542 196.53920 0.05808
target: -1.18872 0.07598
fb: -0.79504 0.02425 -1.00000 -1.00000
fb: -0.81843 0.03031 -1.00000 -1.00000
dist/lin/ang/drive_left/drive_right/tv_l/tv_r/av_l/av_r/x/y/theta/t_err: -0.54612 -1.28016 0.55860 -0.84873 -0.78812 -0.87831 -0.85844 -0.87831 -0.85844 20.20879 7.34082 196.76296 0.05586
target: -1.28016 0.07307
fb: -0.87469 0.03790 -1.00000 -1.00000
fb: -0.94442 0.04020 -1.00000 -1.00000
dist/lin/ang/drive_left/drive_right/tv_l/tv_r/av_l/av_r/x/y/theta/t_err: -0.52726 -1.37160 0.51908 -0.98462 -0.90422 -0.87078 -0.86803 -0.87078 -0.86803 19.49738 7.12429 197.09805 0.05191
target: -1.37160 0.06790
fb: -0.95612 0.04362 -1.00000 -1.00000
fb: -1.00665 0.04661 -1.00000 -1.00000
dist/lin/ang/drive_left/drive_right/tv_l/tv_r/av_l/av_r/x/y/theta/t_err: -0.50715 -1.46304 0.47042 -1.05326 -0.96003 -0.89628 -0.89489 -0.89628 -0.89489 18.74059 6.88863 197.48701 0.04704
target: -1.46304 0.06154
fb: -0.98723 0.04668 -1.00000 -1.00000
fb: -1.06667 0.04564 -1.00000 -1.00000
dist/lin/ang/drive_left/drive_right/tv_l/tv_r/av_l/av_r/x/y/theta/t_err: -0.48584 -1.55448 0.41857 -1.11230 -1.02103 -0.90381 -0.90361 -0.90381 -0.90361 17.94048 6.63319 197.89280 0.04186
target: -1.55448 0.05475
fb: -1.12669 0.04529 -1.00000 -1.00000
fb: -1.11499 0.04327 -1.00000 -1.00000
dist/lin/ang/drive_left/drive_right/tv_l/tv_r/av_l/av_r/x/y/theta/t_err: -0.46355 -1.64592 0.36822 -1.15826 -1.07172 -0.90086 -0.89900 -0.90086 -0.89900 17.10598 6.36043 198.28666 0.03682
target: -1.64592 0.04817
fb: -1.21407 0.04027 -1.00000 -1.00000
fb: -1.18318 0.03651 -1.00000 -1.00000
dist/lin/ang/drive_left/drive_right/tv_l/tv_r/av_l/av_r/x/y/theta/t_err: -0.43991 -1.68026 0.32634 -1.21969 -1.14666 -0.90775 -0.90292 -0.90775 -0.90292 16.22229 6.06543 198.63073 0.03263
target: -1.68026 0.04269
fb: -1.23150 0.03324 -1.00000 -1.00000
fb: -1.22179 0.03428 -1.00000 -1.00000
dist/lin/ang/drive_left/drive_right/tv_l/tv_r/av_l/av_r/x/y/theta/t_err: -0.41548 -1.64202 0.29128 -1.25607 -1.18751 -0.91817 -0.91644 -0.91817 -0.91644 15.31144 5.75577 198.93298 0.02913
target: -1.64202 0.03810
fb: -1.27806 0.03665 -0.80015 -0.77606
fb: -1.31292 0.03756 -0.78097 -0.75689
dist/lin/ang/drive_left/drive_right/tv_l/tv_r/av_l/av_r/x/y/theta/t_err: -0.38923 -1.59861 0.25428 -1.35048 -1.27537 -0.69111 -0.72567 -0.69111 -0.72567 14.33445 5.41780 199.24751 0.02543
target: -1.59861 0.03326
fb: -1.37118 0.03623 -0.68414 -0.66373
fb: -1.49342 0.02871 -0.61690 -0.59650
dist/lin/ang/drive_left/drive_right/tv_l/tv_r/av_l/av_r/x/y/theta/t_err: -0.35937 -1.54359 0.22329 -1.52213 -1.46472 -0.68117 -0.67378 -0.68117 -0.67378 13.22527 5.02728 199.53374 0.02233
target: -1.54359 0.02921
fb: -1.45061 0.02083 -0.53910 -0.52050
fb: -1.43693 0.01728 -0.54662 -0.52803
dist/lin/ang/drive_left/drive_right/tv_l/tv_r/av_l/av_r/x/y/theta/t_err: -0.33064 -1.48326 0.21191 -1.45421 -1.41965 -0.57167 -0.56089 -0.57167 -0.56089 12.15952 4.64735 199.70262 0.02119
target: -1.48326 0.02772
fb: -1.46430 0.01874 -0.45160 -0.43316
fb: -1.42369 0.01909 -0.47393 -0.45549
dist/lin/ang/drive_left/drive_right/tv_l/tv_r/av_l/av_r/x/y/theta/t_err: -0.30217 -1.42032 0.20141 -1.44279 -1.40460 -0.50289 -0.49314 -0.50289 -0.49314 11.10467 4.26792 199.86959 0.02014
target: -1.42032 0.02635
fb: -1.44289 0.01770 -0.39176 -0.37373
fb: -1.53402 0.01839 -0.34164 -0.32361
dist/lin/ang/drive_left/drive_right/tv_l/tv_r/av_l/av_r/x/y/theta/t_err: -0.27150 -1.34798 0.19349 -1.55242 -1.51563 -0.44539 -0.43772 -0.44539 -0.43772 9.96928 3.85576 200.03604 0.01935
target: -1.34798 0.02531
fb: -1.37316 0.02041 -0.32248 -0.30343
fb: -1.43517 0.01763 -0.28838 -0.26932
dist/lin/ang/drive_left/drive_right/tv_l/tv_r/av_l/av_r/x/y/theta/t_err: -0.24280 -1.27628 0.18583 -1.45280 -1.41754 -0.40314 -0.39903 -0.40314 -0.39903 8.90822 3.46694 200.20047 0.01858
target: -1.27628 0.02431
fb: -1.51858 0.01589 -0.17570 -0.15710
fb: -1.26239 0.01324 -0.31660 -0.29800
dist/lin/ang/drive_left/drive_right/tv_l/tv_r/av_l/av_r/x/y/theta/t_err: -0.21756 -1.20845 0.18409 -1.27563 -1.24915 -0.32803 -0.31158 -0.32803 -0.31158 7.97574 3.12265 200.32650 0.01841
target: -1.20845 0.02408
fb: -1.30321 0.01031 -0.24427 -0.22586
fb: -1.30520 0.00962 -0.24318 -0.22477
dist/lin/ang/drive_left/drive_right/tv_l/tv_r/av_l/av_r/x/y/theta/t_err: -0.19146 -1.13213 0.19258 -1.31482 -1.29558 -0.33606 -0.30714 -0.33606 -0.30714 7.01228 2.76494 200.41585 0.01926
target: -1.13213 0.02519
fb: -1.18295 0.00732 -0.20371 -0.18224
fb: -1.26835 0.00662 -0.15674 -0.13527
dist/lin/ang/drive_left/drive_right/tv_l/tv_r/av_l/av_r/x/y/theta/t_err: -0.16610 -1.08686 0.21046 -1.27497 -1.26173 -0.29636 -0.25750 -0.29636 -0.25750 6.07651 2.41603 200.47703 0.02105
target: -1.08686 0.02753
fb: -1.22576 0.00725 -0.26203 -0.24247
fb: -1.12294 0.00746 -0.31858 -0.29902
dist/lin/ang/drive_left/drive_right/tv_l/tv_r/av_l/av_r/x/y/theta/t_err: -0.14360 -1.01060 0.19909 -1.13039 -1.11548 -0.27858 -0.23836 -0.27858 -0.23836 5.24835 2.10625 200.54216 0.01991
target: -1.01060 0.02604
fb: -1.12095 0.00613 -0.12165 -0.09824
fb: -1.11720 0.00864 -0.12372 -0.10031
dist/lin/ang/drive_left/drive_right/tv_l/tv_r/av_l/av_r/x/y/theta/t_err: -0.12126 -0.92867 0.18841 -1.12584 -1.10856 -0.23972 -0.19900 -0.23972 -0.19900 4.42476 1.79716 200.60335 0.01884
target: -0.92867 0.02465
fb: -1.07064 0.01616 0.07082 0.10438
fb: -0.95612 0.02285 -0.11021 -0.08661
dist/lin/ang/drive_left/drive_right/tv_l/tv_r/av_l/av_r/x/y/theta/t_err: -0.10215 -0.85234 0.16145 -0.97897 -0.93326 -0.06636 -0.04536 -0.06636 -0.04536 3.72037 1.53143 200.75781 0.01615
target: -0.85234 0.02112
fb: -0.93273 0.02432 -0.07037 0.07755
fb: -0.93670 0.02341 -0.06819 0.07973
dist/lin/ang/drive_left/drive_right/tv_l/tv_r/av_l/av_r/x/y/theta/t_err: -0.08343 -0.77027 0.12508 -0.96011 -0.91329 -0.10678 0.00733 -0.10678 0.00733 3.03115 1.26881 200.96621 0.01251
target: -0.77027 0.01636
fb: -0.81843 0.02278 0.08902 0.11573
fb: -0.73104 0.02787 -0.07709 0.06768
dist/lin/ang/drive_left/drive_right/tv_l/tv_r/av_l/av_r/x/y/theta/t_err: -0.06881 -0.69957 0.08791 -0.75891 -0.70317 -0.02292 0.07564 -0.02292 0.07564 2.49400 1.06190 201.17921 0.00879
target: -0.69957 0.01150
fb: -0.68647 0.03108 -0.07670 -0.06587
fb: -0.66132 0.02766 -0.09053 -0.07970
dist/lin/ang/drive_left/drive_right/tv_l/tv_r/av_l/av_r/x/y/theta/t_err: -0.05560 -0.62881 0.04274 -0.68898 -0.63365 -0.09256 -0.04158 -0.09256 -0.04158 2.00887 0.87267 201.43797 0.00427
target: -0.62881 0.00559
fb: -0.65955 0.02606 0.09774 0.11326
fb: -0.60527 0.02599 0.06788 0.08340
dist/lin/ang/drive_left/drive_right/tv_l/tv_r/av_l/av_r/x/y/theta/t_err: -0.04350 -0.55620 0.00313 -0.63126 -0.57928 0.02056 0.04294 0.02056 0.04294 1.56559 0.69765 201.66493 0.00031
target: -0.55620 0.00041
fb: -0.54878 0.02585 0.11656 0.12783
fb: -0.50421 0.02543 0.09205 0.10332
dist/lin/ang/drive_left/drive_right/tv_l/tv_r/av_l/av_r/x/y/theta/t_err: -0.03342 -0.48754 -0.03589 -0.52964 -0.47877 0.08231 0.09769 0.08231 0.09769 1.19689 0.55040 201.88853 -0.00359
target: -0.48754 -0.00470
fb: -0.49075 0.02550 -0.07796 -0.08755
fb: -0.40337 0.02773 -0.12602 -0.13561
dist/lin/ang/drive_left/drive_right/tv_l/tv_r/av_l/av_r/x/y/theta/t_err: -0.02536 -0.42469 -0.07559 -0.43110 -0.37563 -0.04450 -0.03883 -0.04450 -0.03883 0.90237 0.43152 202.11600 -0.00756
target: -0.42469 -0.00989
fb: -0.24228 0.02773 -0.16585 -0.18063
fb: -0.20941 0.02125 -0.18393 -0.19871
dist/lin/ang/drive_left/drive_right/tv_l/tv_r/av_l/av_r/x/y/theta/t_err: -0.02118 -0.38809 -0.11440 -0.23066 -0.18815 -0.14458 -0.15536 -0.14458 -0.15536 0.74974 0.36913 202.33831 -0.01144
target: -0.38809 -0.01496
fb: -0.22309 0.01296 -0.19270 -0.21255
fb: -0.25596 0.00641 -0.17461 -0.19447
dist/lin/ang/drive_left/drive_right/tv_l/tv_r/av_l/av_r/x/y/theta/t_err: -0.01606 -0.33797 -0.13212 -0.26238 -0.24955 -0.17897 -0.19642 -0.17897 -0.19642 0.56340 0.29233 202.43985 -0.01321
target: -0.33797 -0.01728
fb: -0.24052 0.00167 -0.10879 -0.13097
fb: -0.23081 -0.00223 -0.11413 -0.13631
dist/lin/ang/drive_left/drive_right/tv_l/tv_r/av_l/av_r/x/y/theta/t_err: -0.01145 -0.28530 -0.13318 -0.22858 -0.23304 -0.13433 -0.14919 -0.13433 -0.14919 0.39543 0.22294 202.44592 -0.01332
target: -0.28530 -0.01742
fb: -0.22309 -0.00773 -0.06475 -0.08706
fb: -0.21338 -0.01150 -0.07009 -0.09240
dist/lin/ang/drive_left/drive_right/tv_l/tv_r/av_l/av_r/x/y/theta/t_err: -0.00718 -0.00179 -0.12003 -0.20188 -0.22487 -0.08881 -0.10336 -0.08881 -0.10336 0.24011 0.15888 202.37059 -0.01200
target: -0.00179 -0.01570
fb: -0.23257 -0.01184 0.74016 0.72935
fb: -0.21911 -0.00968 0.73275 0.72194
dist/lin/ang/drive_left/drive_right/tv_l/tv_r/av_l/av_r/x/y/theta/t_err: -0.00279 -0.00070 -0.10301 -0.20943 -0.22880 0.22586 0.12611 0.22586 0.12611 0.08050 0.09336 202.27305 -0.01030
target: -0.00070 -0.01347
fb: -0.20565 -0.00599 0.16042 0.15184
fb: -0.19396 -0.00209 0.15399 0.14541
dist/lin/ang/drive_left/drive_right/tv_l/tv_r/av_l/av_r/x/y/theta/t_err: 0.00109 0.00027 -0.09526 -0.19187 -0.19605 0.26811 0.23939 0.26811 0.23939 -0.06085 0.03553 202.22867 -0.00953
target: 0.00027 -0.01246
fb: -0.15910 0.00000 0.04729 -0.04811
fb: -0.09687 0.00467 0.04729 -0.04811
dist/lin/ang/drive_left/drive_right/tv_l/tv_r/av_l/av_r/x/y/theta/t_err: 0.00303 0.00076 -0.09764 -0.10154 -0.09220 0.08197 0.02242 0.08197 0.02242 -0.13146 0.00668 202.24233 -0.00976
target: 0.00076 -0.01277
fb: -0.04060 0.00683 0.04666 -0.04905
fb: -0.02736 0.00453 0.04666 -0.04905
increased kd to 8.60000
increased kd to 8.70000
increased kd to 8.80000
increased kd to 8.90000
increased kd to 9.00000
increased kd to 9.10000
increased kd to 9.20000
increased kd to 9.30000
increased kd to 9.40000
increased kd to 9.50000
increased kd to 9.60000
increased kd to 9.70000
increased kd to 9.80000
increased kd to 9.90000
increased kd to 10.00000
start is 0.00000 0.00000
dist/lin/ang/drive_left/drive_right/tv_l/tv_r/av_l/av_r/x/y/theta/t_err: 0.64257 0.09144 4.82626 0.00000 0.00000 -0.00017 0.00017 -0.00017 0.00017 0.00000 0.00000 0.00000 0.32175
target: 0.09144 0.63132
fb: 0.00000 0.00000 -0.24530 0.69624
fb: 0.00000 0.00000 -0.24530 0.69624
dist/lin/ang/drive_left/drive_right/tv_l/tv_r/av_l/av_r/x/y/theta/t_err: 0.64257 0.18288 4.82629 0.00000 0.00000 -0.02617 0.03081 -0.02617 0.03081 0.00000 0.00000 -0.00005 0.32175
target: 0.18288 0.63133
fb: 0.00000 0.00000 -0.11088 0.83066
fb: 0.00000 0.00516 -0.11088 0.83066
dist/lin/ang/drive_left/drive_right/tv_l/tv_r/av_l/av_r/x/y/theta/t_err: 0.64257 0.27432 4.82608 -0.00516 0.00516 -0.19608 0.39681 -0.19608 0.39681 0.00000 0.00000 0.00023 0.32175
target: 0.27432 0.63130
fb: 0.00000 0.01777 0.05131 0.91477
fb: 0.00000 0.04459 0.05131 0.91477
dist/lin/ang/drive_left/drive_right/tv_l/tv_r/av_l/av_r/x/y/theta/t_err: 0.64257 0.36576 4.77145 -0.04459 0.04459 -0.12114 0.40997 -0.12114 0.40997 0.00000 0.00000 0.07865 0.32038
target: 0.36576 0.62415
fb: 0.00000 0.08096 0.14022 0.99396
fb: 0.00000 0.09553 0.14022 0.99396
dist/lin/ang/drive_left/drive_right/tv_l/tv_r/av_l/av_r/x/y/theta/t_err: 0.64257 0.45720 4.47288 -0.09553 0.09553 0.05064 0.41703 0.05064 0.41703 0.00000 0.00000 0.55533 0.31206
target: 0.45720 0.58510
fb: 0.00000 0.10187 0.25051 1.00000
fb: 0.00000 0.10605 0.25051 1.00000
dist/lin/ang/drive_left/drive_right/tv_l/tv_r/av_l/av_r/x/y/theta/t_err: 0.64257 0.54864 4.09084 -0.10605 0.10605 0.14133 0.51725 0.14133 0.51725 0.00000 0.00000 1.40050 0.29731
target: 0.54864 0.53512
fb: 0.04082 0.11155 0.57104 1.00000
fb: 0.10856 0.12005 0.53378 1.00000
dist/lin/ang/drive_left/drive_right/tv_l/tv_r/av_l/av_r/x/y/theta/t_err: 0.64179 0.64008 3.81859 -0.01149 0.22862 0.25033 0.48219 0.25033 0.48219 0.03212 0.00118 2.33919 0.28128
target: 0.64008 0.49951
fb: 0.17057 0.11761 0.61142 1.00000
fb: 0.22706 0.10835 0.58035 1.00000
dist/lin/ang/drive_left/drive_right/tv_l/tv_r/av_l/av_r/x/y/theta/t_err: 0.63851 0.73152 3.55449 0.11871 0.33540 0.41650 0.67022 0.41650 0.67022 0.16625 0.00800 3.37340 0.26466
target: 0.73152 0.46496
fb: 0.28134 0.10138 0.66151 1.00000
fb: 0.32194 0.09971 0.63918 1.00000
dist/lin/ang/drive_left/drive_right/tv_l/tv_r/av_l/av_r/x/y/theta/t_err: 0.63306 0.82296 3.40813 0.22224 0.42165 0.48422 0.74619 0.48422 0.74619 0.38727 0.02297 4.30705 0.25062
target: 0.82296 0.44582
fb: 0.36453 0.09894 0.71646 1.00000
fb: 0.42455 0.09803 0.68345 1.00000
dist/lin/ang/drive_left/drive_right/tv_l/tv_r/av_l/av_r/x/y/theta/t_err: 0.62599 0.91440 3.26261 0.32651 0.52258 0.49128 0.75989 0.49128 0.75989 0.67331 0.04681 5.17877 0.23820
target: 0.91440 0.42678
fb: 0.45566 0.09985 0.76696 1.00000
fb: 0.48501 0.09469 0.75082 1.00000
dist/lin/ang/drive_left/drive_right/tv_l/tv_r/av_l/av_r/x/y/theta/t_err: 0.61712 1.00584 3.10634 0.39032 0.57970 0.56056 0.79822 0.56056 0.79822 1.03037 0.08189 6.04068 0.22653
target: 1.00584 0.40634
fb: 0.52760 0.09385 0.82897 1.00000
fb: 0.53135 0.09295 0.82691 1.00000
dist/lin/ang/drive_left/drive_right/tv_l/tv_r/av_l/av_r/x/y/theta/t_err: 0.60683 1.09728 2.97318 0.43840 0.62429 0.53058 0.81278 0.53058 0.81278 1.44316 0.12866 6.86581 0.21591
target: 1.09728 0.38892
fb: 0.60505 0.09009 0.88592 1.00000
fb: 0.68846 0.08849 0.84004 1.00000
dist/lin/ang/drive_left/drive_right/tv_l/tv_r/av_l/av_r/x/y/theta/t_err: 0.59499 1.18872 2.84496 0.59997 0.77694 0.59169 0.81172 0.59169 0.81172 1.91571 0.18920 7.67080 0.20607
target: 1.18872 0.37215
fb: 0.72332 0.08591 0.91998 1.00000
fb: 0.77760 0.08765 0.89012 1.00000
dist/lin/ang/drive_left/drive_right/tv_l/tv_r/av_l/av_r/x/y/theta/t_err: 0.58082 1.28016 2.75244 0.68995 0.86525 0.58794 0.82422 0.58794 0.82422 2.47961 0.26913 8.43813 0.19760
target: 1.28016 0.36005
fb: 0.77186 0.09155 0.98926 1.00000
fb: 0.82041 0.09483 0.96256 1.00000
dist/lin/ang/drive_left/drive_right/tv_l/tv_r/av_l/av_r/x/y/theta/t_err: 0.56567 1.31135 2.63113 0.72558 0.91524 0.53336 0.88803 0.53336 0.88803 3.08020 0.36228 9.21189 0.18928
target: 1.31135 0.34418
fb: 0.89610 0.09796 0.72053 1.00000
fb: 0.89411 0.10054 0.72162 1.00000
dist/lin/ang/drive_left/drive_right/tv_l/tv_r/av_l/av_r/x/y/theta/t_err: 0.54805 1.33031 2.49159 0.79357 0.99465 0.54686 0.90142 0.54686 0.90142 3.77584 0.48030 10.04895 0.18059
target: 1.33031 0.32593
fb: 0.94067 0.10270 0.67754 1.00000
fb: 0.95413 0.11232 0.67014 1.00000
dist/lin/ang/drive_left/drive_right/tv_l/tv_r/av_l/av_r/x/y/theta/t_err: 0.52953 1.35090 2.33579 0.84181 1.06645 0.55644 0.91028 0.55644 0.91028 4.50411 0.61529 10.93314 0.17126
target: 1.35090 0.30554
fb: 0.97355 0.11866 0.69944 1.00000
fb: 1.08211 0.12277 0.63973 1.00000
dist/lin/ang/drive_left/drive_right/tv_l/tv_r/av_l/av_r/x/y/theta/t_err: 0.51032 1.37602 2.12002 0.95934 1.20488 0.63361 0.91817 0.63361 0.91817 5.25545 0.76734 11.92968 0.16004
target: 1.37602 0.27732
fb: 1.05298 0.12779 0.71692 1.00000
fb: 1.00664 0.12995 0.74241 1.00000
dist/lin/ang/drive_left/drive_right/tv_l/tv_r/av_l/av_r/x/y/theta/t_err: 0.48952 1.40420 1.90478 0.87670 1.13659 0.63292 0.92639 0.63292 0.92639 6.06507 0.94605 13.01070 0.14764
target: 1.40420 0.24916
fb: 1.14632 0.13287 0.72379 1.00000
fb: 1.17523 0.13517 0.70789 1.00000
dist/lin/ang/drive_left/drive_right/tv_l/tv_r/av_l/av_r/x/y/theta/t_err: 0.46682 1.43467 1.68782 1.04006 1.31040 0.68103 0.92533 0.68103 0.92533 6.94235 1.15835 14.15046 0.13447
target: 1.43467 0.22078
fb: 1.14809 0.13211 0.78021 1.00000
fb: 1.18494 0.13406 0.75995 1.00000
dist/lin/ang/drive_left/drive_right/tv_l/tv_r/av_l/av_r/x/y/theta/t_err: 0.44404 1.46657 1.46228 1.05088 1.31899 0.68050 0.93222 0.68050 0.93222 7.81657 1.38846 15.31183 0.12060
target: 1.46657 0.19128
fb: 1.25466 0.13831 0.77778 1.00000
fb: 1.32086 0.14095 0.74137 1.00000
dist/lin/ang/drive_left/drive_right/tv_l/tv_r/av_l/av_r/x/y/theta/t_err: 0.41911 1.45763 1.24528 1.17991 1.46181 0.71608 0.92964 0.71608 0.92964 8.76658 1.65945 16.49584 0.10651
target: 1.45763 0.16290
fb: 1.26459 0.14054 0.61938 0.85767
fb: 1.30895 0.14207 0.59499 0.83328
dist/lin/ang/drive_left/drive_right/tv_l/tv_r/av_l/av_r/x/y/theta/t_err: 0.39394 1.44811 0.99084 1.16688 1.45101 0.68819 0.85467 0.68819 0.85467 9.71830 1.95219 17.71765 0.09134
target: 1.44811 0.12961
fb: 1.37889 0.14771 0.56736 0.76022
fb: 1.30321 0.14548 0.60899 0.80184
dist/lin/ang/drive_left/drive_right/tv_l/tv_r/av_l/av_r/x/y/theta/t_err: 0.36646 1.43261 0.73620 1.15772 1.44869 0.58981 0.72361 0.58981 0.72361 10.74889 2.29380 18.97234 0.07549
target: 1.43261 0.09630
fb: 1.34204 0.14088 0.57110 0.71761
fb: 1.39456 0.13865 0.54221 0.68873
dist/lin/ang/drive_left/drive_right/tv_l/tv_r/av_l/av_r/x/y/theta/t_err: 0.33968 1.41687 0.45782 1.25591 1.53322 0.57597 0.74139 0.57597 0.74139 11.74420 2.64877 20.22832 0.05863
target: 1.41687 0.05989
fb: 1.29924 0.13949 0.60298 0.69979
fb: 1.34580 0.14242 0.57737 0.67419
dist/lin/ang/drive_left/drive_right/tv_l/tv_r/av_l/av_r/x/y/theta/t_err: 0.31373 1.39916 0.19517 1.20338 1.48821 0.55903 0.68239 0.55903 0.68239 12.70038 3.01243 21.43731 0.04152
target: 1.39916 0.02553
fb: 1.35970 0.14311 0.57216 0.61260
fb: 1.36345 0.14318 0.57009 0.61054
dist/lin/ang/drive_left/drive_right/tv_l/tv_r/av_l/av_r/x/y/theta/t_err: 0.28655 1.37730 -0.12562 1.22026 1.50663 0.56806 0.64969 0.56806 0.64969 13.69276 3.41417 22.67797 0.02281
target: 1.37730 -0.01643
fb: 1.43516 0.14235 0.51405 0.51171
fb: 1.36720 0.13942 0.55143 0.54909
dist/lin/ang/drive_left/drive_right/tv_l/tv_r/av_l/av_r/x/y/theta/t_err: 0.25785 1.34893 -0.47110 1.22778 1.50662 0.55197 0.60400 0.55197 0.60400 14.73065 3.86111 23.91938 0.00248
target: 1.34893 -0.06162
fb: 1.36521 0.13712 0.53229 0.46134
fb: 1.40030 0.13176 0.51299 0.44204
dist/lin/ang/drive_left/drive_right/tv_l/tv_r/av_l/av_r/x/y/theta/t_err: 0.23054 1.24137 -0.85192 1.26854 1.53205 0.53917 0.53797 0.53917 0.53797 15.70849 4.30760 25.13601 -0.01975
target: 1.24137 -0.11144
fb: 1.26636 0.12479 0.19991 -0.07963
fb: 1.32461 0.12110 0.16787 -0.11167
dist/lin/ang/drive_left/drive_right/tv_l/tv_r/av_l/av_r/x/y/theta/t_err: 0.20523 1.12880 -1.23072 1.20352 1.44571 0.48117 0.36617 0.48117 0.36617 16.60709 4.73977 26.26725 -0.04311
target: 1.12880 -0.16099
fb: 1.39456 0.11859 -0.08367 -0.31433
fb: 1.28975 0.10619 0.09202 -0.25668
dist/lin/ang/drive_left/drive_right/tv_l/tv_r/av_l/av_r/x/y/theta/t_err: 0.17738 1.12318 -1.70471 1.18356 1.39594 0.17986 -0.07392 0.17986 -0.07392 17.58742 5.23445 27.31470 -0.06956
target: 1.12318 -0.22299
fb: 1.16751 0.08277 0.62320 0.33418
fb: 1.21605 0.06891 0.59650 0.30748
dist/lin/ang/drive_left/drive_right/tv_l/tv_r/av_l/av_r/x/y/theta/t_err: 0.15340 1.04450 -1.64104 1.14714 1.28496 0.19214 -0.09531 0.19214 -0.09531 18.40103 5.66239 28.17071 -0.08450
target: 1.04450 -0.21466
fb: 1.25092 0.05400 0.20387 -0.21350
fb: 1.11499 0.04564 0.27863 -0.13874
dist/lin/ang/drive_left/drive_right/tv_l/tv_r/av_l/av_r/x/y/theta/t_err: 0.12823 0.95497 -1.65666 1.06935 1.16063 0.45653 0.14783 0.45653 0.14783 19.26704 6.13164 28.72810 -0.09423
target: 0.95497 -0.21671
fb: 1.06468 0.03602 0.17827 -0.24431
fb: 1.01636 0.01867 0.20485 -0.21773
dist/lin/ang/drive_left/drive_right/tv_l/tv_r/av_l/av_r/x/y/theta/t_err: 0.10683 0.87164 -1.67828 0.99768 1.03503 0.29861 -0.12147 0.29861 -0.12147 20.00080 6.53710 29.10742 -0.10085
target: 0.87164 -0.21954
fb: 1.00466 -0.00125 0.15785 -0.26840
fb: 0.93273 -0.01812 0.19741 -0.22883
dist/lin/ang/drive_left/drive_right/tv_l/tv_r/av_l/av_r/x/y/theta/t_err: 0.08670 0.78524 -1.59482 0.95084 0.91461 0.21644 -0.20192 0.21644 -0.20192 20.69143 6.92287 29.22495 -0.10290
target: 0.78524 -0.20862
fb: 0.88815 -0.03170 0.11933 -0.29331
fb: 0.84954 -0.04222 0.14057 -0.27207
dist/lin/ang/drive_left/drive_right/tv_l/tv_r/av_l/av_r/x/y/theta/t_err: 0.06899 0.70047 -1.41414 0.89176 0.80731 0.19028 -0.22433 0.19028 -0.22433 21.30220 7.26350 29.03962 -0.09967
target: 0.70047 -0.18498
fb: 0.78356 -0.05233 0.08609 -0.29493
fb: 0.72729 -0.06278 0.11703 -0.26398
dist/lin/ang/drive_left/drive_right/tv_l/tv_r/av_l/av_r/x/y/theta/t_err: 0.05343 0.61646 -1.21904 0.79007 0.66451 0.15006 -0.25514 0.15006 -0.25514 21.84258 7.56124 28.64432 -0.09277
target: 0.61646 -0.15946
fb: 0.64962 -0.07483 0.06495 -0.28199
fb: 0.60902 -0.08333 0.08728 -0.25966
dist/lin/ang/drive_left/drive_right/tv_l/tv_r/av_l/av_r/x/y/theta/t_err: 0.04061 0.53739 -0.98685 0.69235 0.52569 0.11636 -0.24947 0.11636 -0.24947 22.29264 7.80432 28.06467 -0.08265
target: 0.53739 -0.12909
fb: 0.58960 -0.09197 -0.09665 -0.28422
fb: 0.52539 -0.09950 -0.06134 -0.24890
dist/lin/ang/drive_left/drive_right/tv_l/tv_r/av_l/av_r/x/y/theta/t_err: 0.02902 0.45431 -0.71604 0.62489 0.42589 0.03869 -0.24228 0.03869 -0.24228 22.70368 8.02013 27.31448 -0.06956
target: 0.45431 -0.09367
fb: 0.45390 -0.10437 0.10393 -0.10640
fb: 0.39189 -0.10633 0.13803 -0.07229
dist/lin/ang/drive_left/drive_right/tv_l/tv_r/av_l/av_r/x/y/theta/t_err: 0.02018 0.37883 -0.42781 0.49822 0.28556 0.01250 -0.21817 0.01250 -0.21817 23.02245 8.18176 26.43275 -0.05417
target: 0.37883 -0.05596
fb: 0.33342 -0.10786 0.09071 -0.06833
fb: 0.26942 -0.11301 0.12591 0.05470
dist/lin/ang/drive_left/drive_right/tv_l/tv_r/av_l/av_r/x/y/theta/t_err: 0.01376 0.31278 -0.15977 0.38244 0.15641 0.11875 -0.08744 0.11875 -0.08744 23.25846 8.29674 25.49773 -0.03785
target: 0.31278 -0.02090
fb: 0.23478 -0.12423 0.07601 0.06000
fb: 0.23677 -0.13587 0.07492 0.05891
dist/lin/ang/drive_left/drive_right/tv_l/tv_r/av_l/av_r/x/y/theta/t_err: 0.00932 0.25752 0.14553 0.37263 0.10090 0.11553 0.03439 0.11553 0.03439 23.42603 8.37480 24.47604 -0.02002
target: 0.25752 0.01904
fb: 0.22286 -0.14207 -0.04473 0.05724
fb: 0.21139 -0.13942 0.03962 0.06355
dist/lin/ang/drive_left/drive_right/tv_l/tv_r/av_l/av_r/x/y/theta/t_err: 0.00517 0.00129 0.53669 0.35081 0.07197 0.06228 0.06108 0.06228 0.06108 23.58649 8.44585 23.27718 0.00091
target: 0.00129 0.07020
fb: 0.19594 -0.12967 -0.70509 -0.61450
fb: 0.16285 -0.11281 -0.59803 -0.50745
dist/lin/ang/drive_left/drive_right/tv_l/tv_r/av_l/av_r/x/y/theta/t_err: 0.00156 0.00039 0.84885 0.27565 0.05004 -0.01867 -0.00875 -0.01867 -0.00875 23.72885 8.50533 22.08076 0.02179
target: 0.00039 0.11104
fb: 0.11827 -0.09385 -0.11508 0.11887
fb: 0.07569 -0.07009 -0.11508 0.11887
dist/lin/ang/drive_left/drive_right/tv_l/tv_r/av_l/av_r/x/y/theta/t_err: -0.00057 -0.00014 0.98616 0.14578 0.00559 -0.35317 -0.25408 -0.35317 -0.25408 23.81543 8.53963 21.13631 0.03827
target: -0.00014 0.12900
fb: 0.02339 -0.05679 -0.12657 0.13181
fb: 0.00000 -0.05198 -0.12657 0.13181
final error: 0.57129, x: 0.16738, y: -0.54622
final local error: 0.57129, forwards: -0.03493, sideways: -0.57022
position: 23.83262 8.54622 20.54160
took 0.92000 time to finish turn
WARNING - pros.serial.terminal.terminal:stop - Stopping terminal - pros-cli version:3.5.6

[tomas@nixbtw:~/projects/Robotics/current/Cognex]$

