
[tomas@nixbtw:~/projects/Robotics/current/Cognex]$ t
Not sending analytics for this command.

Established terminal connection



         _+=+_
      .-`  .  `-.          8888888b.  8888888b.   .d88888b.   .d8888b.
   _+`     "     `+_       888   Y88b 888   Y88b d88P" "Y88b d88P  Y88b
  \\\sssssssssssss///      888    888 888    888 888     888 Y88b.
     .ss\  *  /ss.         888   d88P 888   d88P 888     888  "Y888b.
 .+bm  .s  *  s.  md+.     8888888P"  8888888P"  888     888     "Y88b.
.hMMMMs .  *  . sMMMMh.    888        888 T88b   888     888       "888
 `\hMMMb \ | / dMMMh:      888        888  T88b  Y88b. .d88P Y88b  d88P
   -SNMNo  -  oNMNs-       888        888   T88b  "Y88888P"   "Y8888P"
     `+dMh\./dMd/
        `:yNy:`                      Powered by PROS for VEX V5
           "                Copyright (c) Purdue University ACM SIGBots
Version:        4.2.1     Platform:  V1.1.5 (b18)     Uptime:    0.000 s
Compiled:   Jan  1 1980 00:00:00     Directory:


bouncing done
health done
auton done
calibrated!
starting task: 2318298
initializing odom model
timed correctly: 2321169
initializing pf model
initializing smoother model
target: 0.000 0.157
dist/lin/ang/drive_left/drive_right/tv_l/tv_r/av_l/av_r/x/y/theta/t_err: 1.57080 0.00000 1.20000 0.00000 0.00000 -0.00000 -0.00017 -0.00000 -0.00017 0 0 -0.00011 1.57080
fb: 0.00000 0.00000 -0.85057 0.85860
fb: 0.00000 0.00000 -0.85057 0.85860
target: 0.00000 0.31394
dist/lin/ang/drive_left/drive_right/tv_l/tv_r/av_l/av_r/x/y/theta/t_err: 1.57080 0.00000 2.40000 0.00000 0.00000 -0.05511 0.09994 -0.05511 0.09994 0 0 -0.00028 1.57080
fb: 0.00000 0.00000 -1.00000 1.00000
fb: 0.00000 0.00314 -1.00000 1.00000
target: 0.00000 0.47092
dist/lin/ang/drive_left/drive_right/tv_l/tv_r/av_l/av_r/x/y/theta/t_err: 1.57080 0.00000 3.60000 -0.00314 0.00314 -0.46181 0.51811 -0.46181 0.51811 0 0 -0.00042 1.57080
fb: 0.00000 0.03581 -1.00000 1.00000
fb: 0.00000 0.08675 -1.00000 1.00000
target: 0.00000 0.62789
dist/lin/ang/drive_left/drive_right/tv_l/tv_r/av_l/av_r/x/y/theta/t_err: 1.56870 0.00000 4.80000 -0.08675 0.08675 -0.70750 0.56533 -0.70750 0.56533 0 0 0.12038 1.56870
fb: -0.00199 0.13099 -1.00000 1.00000
fb: -0.00199 0.16722 -1.00000 1.00000
target: 0.00000 0.78486
dist/lin/ang/drive_left/drive_right/tv_l/tv_r/av_l/av_r/x/y/theta/t_err: 1.55388 0.00000 6.00000 -0.16921 0.16524 -0.78931 0.65931 -0.78931 0.65931 0 0 0.96927 1.55388
fb: 0.00000 0.20903 -1.00000 1.00000
fb: 0.00000 0.24867 -1.00000 1.00000
target: 0.00000 0.78486
dist/lin/ang/drive_left/drive_right/tv_l/tv_r/av_l/av_r/x/y/theta/t_err: 1.52671 0.00000 6.00000 -0.24867 0.24867 -0.82267 0.74778 -0.82267 0.74778 0 0 2.52613 1.52671
fb: 0.01169 0.29410 -0.81026 0.83085
fb: 0.02317 0.33842 -0.78810 0.80869
target: 0.00000 0.78486
dist/lin/ang/drive_left/drive_right/tv_l/tv_r/av_l/av_r/x/y/theta/t_err: 1.48699 0.00000 6.00000 -0.31525 0.36158 -0.70275 0.72208 -0.70275 0.72208 0 0 4.80195 1.48699
fb: 0.01942 0.38071 -0.76696 0.78755
fb: 0.01567 0.41917 -0.74772 0.76832
target: 0.00000 0.78486
dist/lin/ang/drive_left/drive_right/tv_l/tv_r/av_l/av_r/x/y/theta/t_err: 1.43378 0.00000 6.00000 -0.40350 0.43484 -0.60433 0.51997 -0.60433 0.51997 0 0 7.85053 1.43378
fb: 0.00772 0.45470 -0.72996 0.75055
fb: 0.00000 0.48557 -0.71452 0.73511
target: 0.00000 0.78486
dist/lin/ang/drive_left/drive_right/tv_l/tv_r/av_l/av_r/x/y/theta/t_err: 1.36856 0.00000 6.00000 -0.48557 0.48557 -0.59753 0.58483 -0.59753 0.58483 0 0 11.58706 1.36856
fb: 0.00000 0.52020 -0.69721 0.71780
fb: 0.00000 0.55169 -0.68146 0.70205
target: 0.00000 0.78486
dist/lin/ang/drive_left/drive_right/tv_l/tv_r/av_l/av_r/x/y/theta/t_err: 1.29317 0.00000 6.00000 -0.55169 0.55169 -0.59836 0.55883 -0.59836 0.55883 0 0 15.90660 1.29317
fb: 0.00000 0.57914 -0.66774 0.68833
fb: 0.00000 0.60827 -0.65317 0.67377
target: 0.00000 0.78486
dist/lin/ang/drive_left/drive_right/tv_l/tv_r/av_l/av_r/x/y/theta/t_err: 1.20805 0.00000 6.00000 -0.60827 0.60827 -0.58517 0.55817 -0.58517 0.55817 0 0 20.78394 1.20805
fb: 0.00000 0.63816 -0.63823 0.65882
fb: 0.00000 0.66547 -0.62457 0.64516
target: 0.00000 0.78486
dist/lin/ang/drive_left/drive_right/tv_l/tv_r/av_l/av_r/x/y/theta/t_err: 1.11417 0.00000 6.00000 -0.66547 0.66547 -0.58297 0.57083 -0.58297 0.57083 0 0 26.16290 1.11417
fb: 0.00000 0.69125 -0.61168 0.63227
fb: 0.00000 0.71397 -0.60033 0.62092
target: 0.00000 0.78486
dist/lin/ang/drive_left/drive_right/tv_l/tv_r/av_l/av_r/x/y/theta/t_err: 1.01173 0.00000 6.00000 -0.71397 0.71397 -0.58861 0.58383 -0.58861 0.58383 0 0 32.03224 1.01173
fb: 0.00000 0.73801 -0.58831 0.60890
fb: 0.00000 0.75898 -0.57782 0.59841
target: 0.00000 0.78486
dist/lin/ang/drive_left/drive_right/tv_l/tv_r/av_l/av_r/x/y/theta/t_err: 0.90192 0.00000 6.00000 -0.75898 0.75898 -0.58281 0.58108 -0.58281 0.58108 0 0 38.32394 0.90192
fb: 0.00000 0.77807 -0.56827 0.58887
fb: 0.00000 0.79605 -0.55929 0.57988
target: 0.00000 0.74259
dist/lin/ang/drive_left/drive_right/tv_l/tv_r/av_l/av_r/x/y/theta/t_err: 0.78541 0.00000 5.67684 -0.79605 0.79605 -0.56158 0.57358 -0.56158 0.57358 0 0 44.99929 0.78541
fb: 0.00000 0.81144 -0.31190 0.33165
fb: -0.01941 0.82712 -0.30407 0.32381
target: 0.00000 0.59872
dist/lin/ang/drive_left/drive_right/tv_l/tv_r/av_l/av_r/x/y/theta/t_err: 0.66342 0.00000 4.57699 -0.84654 0.80771 -0.49911 0.51108 -0.49911 0.51108 0 0 51.98887 0.66342
fb: -0.06023 0.83945 0.40568 -0.39860
fb: -0.08141 0.84113 0.40651 -0.39943
target: 0.00000 0.45052
dist/lin/ang/drive_left/drive_right/tv_l/tv_r/av_l/av_r/x/y/theta/t_err: 0.53673 0.00000 3.44407 -0.92254 0.75972 -0.25031 0.24981 -0.25031 0.24981 0 0 59.24743 0.53673
fb: -0.08913 0.83221 0.59491 -0.59079
fb: -0.09310 0.82008 0.58885 -0.58473
target: 0.00000 0.30504
dist/lin/ang/drive_left/drive_right/tv_l/tv_r/av_l/av_r/x/y/theta/t_err: 0.40878 0.00000 2.33193 -0.91319 0.72698 0.22689 -0.23956 0.22689 -0.23956 0 0 66.57865 0.40878
fb: -0.08538 0.78420 0.72888 -0.72767
fb: -0.06795 0.73780 0.70568 -0.70447
target: 0.00000 0.17136
dist/lin/ang/drive_left/drive_right/tv_l/tv_r/av_l/av_r/x/y/theta/t_err: 0.28522 0.00000 1.30997 -0.80575 0.66984 0.30628 -0.35728 0.30628 -0.35728 0 0 73.65809 0.28522
fb: -0.06200 0.69070 0.78546 -0.78692
fb: -0.08715 0.63349 0.75686 -0.75832
target: 0.00000 0.06164
dist/lin/ang/drive_left/drive_right/tv_l/tv_r/av_l/av_r/x/y/theta/t_err: 0.17420 0.00000 0.47123 -0.72064 0.54634 0.35008 -0.41819 0.35008 -0.41819 0 0 80.01892 0.17420
fb: -0.11628 0.56855 0.74490 -0.74856
fb: -0.12797 0.50341 0.71232 -0.71598
target: 0.00000 -0.02430
dist/lin/ang/drive_left/drive_right/tv_l/tv_r/av_l/av_r/x/y/theta/t_err: 0.07987 0.00000 -0.18577 -0.63138 0.37543 0.33092 -0.38944 0.33092 -0.38944 0 0 85.42402 0.07987
fb: -0.12797 0.43986 0.67413 -0.67951
fb: -0.13393 0.37729 0.64284 -0.64822
target: 0.00000 -0.08419
dist/lin/ang/drive_left/drive_right/tv_l/tv_r/av_l/av_r/x/y/theta/t_err: 0.00533 0.00000 -0.64360 -0.51123 0.24336 0.34806 -0.35164 0.34806 -0.35164 0 0 89.69456 0.00533
fb: -0.11253 0.31716 0.56561 -0.57219
fb: -0.07745 0.26289 0.53847 -0.54505
target: 0.00000 -0.12356
dist/lin/ang/drive_left/drive_right/tv_l/tv_r/av_l/av_r/x/y/theta/t_err: -0.05015 0.00000 -0.94457 -0.34034 0.18544 0.32975 -0.41906 0.32975 -0.41906 0 0 92.87364 -0.05015
fb: -0.06399 0.20666 0.46408 -0.47144
fb: -0.06598 0.14681 0.43415 -0.44152
target: 0.00000 -0.14517
dist/lin/ang/drive_left/drive_right/tv_l/tv_r/av_l/av_r/x/y/theta/t_err: -0.08816 0.00000 -1.10975 -0.21278 0.08083 0.37044 -0.43922 0.37044 -0.43922 0 0 95.05126 -0.08816
fb: -0.08142 0.07950 0.23352 -0.24131
fb: -0.08540 0.01707 0.23352 -0.24131
target: 0.00000 -0.14548
dist/lin/ang/drive_left/drive_right/tv_l/tv_r/av_l/av_r/x/y/theta/t_err: -0.10799 0.00000 -1.11212 -0.10247 -0.06832 0.33433 -0.36822 0.33433 -0.36822 0 0 96.18734 -0.10799
fb: -0.08540 -0.03693 0.13789 -0.14569
fb: -0.08341 -0.07323 0.13789 -0.14569
target: 0.00000 -0.12293
dist/lin/ang/drive_left/drive_right/tv_l/tv_r/av_l/av_r/x/y/theta/t_err: -0.10861 0.00000 -0.93974 -0.01018 -0.15664 0.20275 -0.22619 0.20275 -0.22619 0 0 96.22273 -0.10861
fb: -0.06796 -0.09441 -0.05814 0.06057
fb: -0.05428 -0.10326 -0.05814 0.06057
target: 0.00000 -0.09454
dist/lin/ang/drive_left/drive_right/tv_l/tv_r/av_l/av_r/x/y/theta/t_err: -0.09677 0.00000 -0.72274 0.04898 -0.15754 0.07342 -0.10436 0.07342 -0.10436 0 0 95.54455 -0.09677
fb: -0.04457 -0.10556 -0.10341 0.10642
fb: -0.03486 -0.10005 -0.10341 0.10642
target: 0.00000 -0.07196
dist/lin/ang/drive_left/drive_right/tv_l/tv_r/av_l/av_r/x/y/theta/t_err: -0.08096 0.00000 -0.55009 0.06519 -0.13492 -0.06075 0.05614 -0.06075 0.05614 0 0 94.63894 -0.08096
fb: -0.03288 -0.09253 -0.09244 0.09589
fb: -0.03685 -0.08396 -0.09244 0.09589
target: 0.00000 -0.05603
dist/lin/ang/drive_left/drive_right/tv_l/tv_r/av_l/av_r/x/y/theta/t_err: -0.06595 0.00000 -0.42831 0.04711 -0.12081 -0.09667 0.09358 -0.09667 0.09358 0 0 93.77874 -0.06595
fb: -0.03486 -0.06898 -0.07317 0.07695
fb: -0.02339 -0.04996 -0.07317 0.07695
target: 0.00000 -0.04573
dist/lin/ang/drive_left/drive_right/tv_l/tv_r/av_l/av_r/x/y/theta/t_err: -0.05376 0.00000 -0.34960 0.02657 -0.07335 -0.08489 0.08486 -0.08489 0.08486 0 0 93.08032 -0.05376
fb: -0.01567 -0.02710 -0.05472 0.05870
fb: -0.01920 -0.00237 -0.05472 0.05870
target: 0.00000 -0.04507
dist/lin/ang/drive_left/drive_right/tv_l/tv_r/av_l/av_r/x/y/theta/t_err: -0.04716 0.00000 -0.34458 -0.01683 -0.02157 -0.06453 0.06672 -0.06453 0.06672 0 0 92.70230 -0.04716
fb: -0.01942 0.01791 0.06627 -0.07207
fb: -0.01567 0.02940 0.06627 -0.07207
target: 0.00000 -0.05406
dist/lin/ang/drive_left/drive_right/tv_l/tv_r/av_l/av_r/x/y/theta/t_err: -0.04759 0.00000 -0.41328 -0.04507 0.01374 -0.01214 0.03558 -0.01214 0.03558 0 0 92.72693 -0.04759
fb: -0.00772 0.03261 0.11569 -0.12166
fb: 0.00000 0.03142 0.11569 -0.12166
target: 0.00000 -0.06399
dist/lin/ang/drive_left/drive_right/tv_l/tv_r/av_l/av_r/x/y/theta/t_err: -0.05207 0.00000 -0.48921 -0.03142 0.03142 0.06828 -0.07000 0.06828 -0.07000 0 0 92.98341 -0.05207
fb: -0.00199 0.02940 0.12659 -0.13277
fb: -0.00199 0.02564 0.12659 -0.13277
target: 0.00000 -0.06960
dist/lin/ang/drive_left/drive_right/tv_l/tv_r/av_l/av_r/x/y/theta/t_err: -0.05679 0.00000 -0.53209 -0.02763 0.02365 0.11122 -0.11722 0.11122 -0.11722 0 0 93.25396 -0.05679
fb: 0.00000 0.02000 0.11090 -0.11718
fb: 0.00000 0.00822 0.11090 -0.11718
target: 0.00000 -0.07260
dist/lin/ang/drive_left/drive_right/tv_l/tv_r/av_l/av_r/x/y/theta/t_err: -0.06052 0.00000 -0.55497 -0.00822 0.00822 0.11842 -0.12439 0.11842 -0.12439 0 0 93.46759 -0.06052
fb: 0.00000 -0.01059 0.10113 -0.10747
fb: 0.00000 -0.03177 0.10113 -0.10747
target: 0.00000 -0.06916
dist/lin/ang/drive_left/drive_right/tv_l/tv_r/av_l/av_r/x/y/theta/t_err: -0.06098 0.00000 -0.52873 0.03177 -0.03177 0.10592 -0.10592 0.10592 -0.10592 0 0 93.49409 -0.06098
fb: 0.00000 -0.04327 0.06992 -0.07620
fb: 0.00000 -0.04919 0.06992 -0.07620
target: 0.00000 -0.05656
dist/lin/ang/drive_left/drive_right/tv_l/tv_r/av_l/av_r/x/y/theta/t_err: -0.05583 0.00000 -0.43238 0.04919 -0.04919 0.08967 -0.09069 0.08967 -0.09069 0 0 93.19854 -0.05583
fb: 0.00000 -0.04919 -0.05785 0.06161
fb: 0.00000 -0.04731 -0.05785 0.06161
target: 0.00000 -0.04547
dist/lin/ang/drive_left/drive_right/tv_l/tv_r/av_l/av_r/x/y/theta/t_err: -0.04840 0.00000 -0.34761 0.04731 -0.04731 0.03561 -0.04039 0.03561 -0.04039 0 0 92.77328 -0.04840
fb: 0.00000 -0.04431 -0.05846 0.06244
fb: 0.00000 -0.03672 -0.05846 0.06244
target: 0.00000 -0.03761
dist/lin/ang/drive_left/drive_right/tv_l/tv_r/av_l/av_r/x/y/theta/t_err: -0.04119 0.00000 -0.28754 0.03672 -0.03672 -0.04536 0.05322 -0.04536 0.05322 0 0 92.36009 -0.04119
fb: 0.00000 -0.02822 -0.04918 0.05332
fb: 0.00000 -0.01986 -0.04918 0.05332
target: 0.00000 -0.03403
dist/lin/ang/drive_left/drive_right/tv_l/tv_r/av_l/av_r/x/y/theta/t_err: -0.03592 0.00000 -0.26013 0.01986 -0.01986 -0.05117 0.06056 -0.05117 0.06056 0 0 92.05801 -0.03592
fb: 0.00000 -0.01303 0.04569 -0.05126
fb: 0.00000 -0.00453 0.04569 -0.05126
target: 0.00000 -0.03385
dist/lin/ang/drive_left/drive_right/tv_l/tv_r/av_l/av_r/x/y/theta/t_err: -0.03311 0.00000 -0.25879 0.00453 -0.00453 -0.02514 0.03097 -0.02514 0.03097 0 0 91.89714 -0.03311
fb: 0.00000 0.00327 0.06091 -0.06648
fb: 0.00000 0.00878 0.06091 -0.06648
final error was -1.87144
position: -0.04557 -0.84710 91.87144
took 0.84000 time to finish turn
increased kd to 3.90000
increased kd to 4.10000
increased kd to 4.30000
target: 0.00000 0.15697
dist/lin/ang/drive_left/drive_right/tv_l/tv_r/av_l/av_r/x/y/theta/t_err: 1.57079 0.00000 1.20000 0.00000 0.00000 0.00017 0.00000 0.00017 0.00000 0 0 0.00012 1.57079
fb: 0.00000 0.00000 -0.85057 0.85860
fb: 0.00000 0.00000 -0.85057 0.85860
target: 0.00000 0.31394
dist/lin/ang/drive_left/drive_right/tv_l/tv_r/av_l/av_r/x/y/theta/t_err: 1.57079 0.00000 2.40000 0.00000 0.00000 -0.05731 0.06589 -0.05731 0.06589 0 0 0.00032 1.57079
fb: 0.00000 0.00000 -1.00000 1.00000
fb: 0.00000 0.01630 -1.00000 1.00000
target: 0.00000 0.47092
dist/lin/ang/drive_left/drive_right/tv_l/tv_r/av_l/av_r/x/y/theta/t_err: 1.57078 0.00000 3.60000 -0.01630 0.01630 -0.49708 0.42981 -0.49708 0.42981 0 0 0.00071 1.57078
fb: 0.00000 0.06271 -1.00000 1.00000
fb: 0.00000 0.10549 -1.00000 1.00000
target: 0.00000 0.62789
dist/lin/ang/drive_left/drive_right/tv_l/tv_r/av_l/av_r/x/y/theta/t_err: 1.56613 0.00000 4.80000 -0.10549 0.10549 -0.73253 0.31381 -0.73253 0.31381 0 0 0.26730 1.56613
fb: 0.00000 0.14263 -1.00000 1.00000
fb: 0.00000 0.17983 -1.00000 1.00000
target: 0.00000 0.78486
dist/lin/ang/drive_left/drive_right/tv_l/tv_r/av_l/av_r/x/y/theta/t_err: 1.54879 0.00000 6.00000 -0.17983 0.17983 -0.79411 0.55886 -0.79411 0.55886 0 0 1.26115 1.54879
fb: 0.00000 0.22101 -1.00000 1.00000
fb: 0.00000 0.26317 -1.00000 1.00000
target: 0.00000 0.78486
dist/lin/ang/drive_left/drive_right/tv_l/tv_r/av_l/av_r/x/y/theta/t_err: 1.51973 0.00000 6.00000 -0.26317 0.26317 -0.82011 0.71881 -0.82011 0.71881 0 0 2.92613 1.51973
fb: 0.00000 0.30887 -0.80287 0.82346
fb: 0.00000 0.35082 -0.78190 0.80249
target: 0.00000 0.78486
dist/lin/ang/drive_left/drive_right/tv_l/tv_r/av_l/av_r/x/y/theta/t_err: 1.47783 0.00000 6.00000 -0.35082 0.35082 -0.78419 0.65861 -0.78419 0.65861 0 0 5.32679 1.47783
fb: 0.00000 0.38942 -0.76260 0.78319
fb: 0.00000 0.42196 -0.74633 0.76692
target: 0.00000 0.78486
dist/lin/ang/drive_left/drive_right/tv_l/tv_r/av_l/av_r/x/y/theta/t_err: 1.42292 0.00000 6.00000 -0.42196 0.42196 -0.56450 0.44419 -0.56450 0.44419 0 0 8.47284 1.42292
fb: 0.00000 0.45310 -0.73076 0.75135
fb: 0.00000 0.48411 -0.71526 0.73585
target: 0.00000 0.78486
dist/lin/ang/drive_left/drive_right/tv_l/tv_r/av_l/av_r/x/y/theta/t_err: 1.35734 0.00000 6.00000 -0.48411 0.48411 -0.62694 0.50714 -0.62694 0.50714 0 0 12.23026 1.35734
fb: 0.00000 0.51574 -0.69944 0.72003
fb: 0.00000 0.54702 -0.68380 0.70439
target: 0.00000 0.78486
dist/lin/ang/drive_left/drive_right/tv_l/tv_r/av_l/av_r/x/y/theta/t_err: 1.28233 0.00000 6.00000 -0.54702 0.54702 -0.60317 0.53969 -0.60317 0.53969 0 0 16.52774 1.28233
fb: -0.01743 0.57845 -0.66809 0.68868
fb: -0.03486 0.60806 -0.65328 0.67387
target: 0.00000 0.78486
dist/lin/ang/drive_left/drive_right/tv_l/tv_r/av_l/av_r/x/y/theta/t_err: 1.19775 0.00000 6.00000 -0.64292 0.57320 -0.58144 0.57064 -0.58144 0.57064 0 0 21.37385 1.19775
fb: -0.02515 0.63614 -0.63924 0.65983
fb: -0.01567 0.66401 -0.62530 0.64590
target: 0.00000 0.78486
dist/lin/ang/drive_left/drive_right/tv_l/tv_r/av_l/av_r/x/y/theta/t_err: 1.10394 0.00000 6.00000 -0.67968 0.64834 -0.60211 0.58144 -0.60211 0.58144 0 0 26.74864 1.10394
fb: -0.02537 0.68840 -0.61311 0.63370
fb: -0.04258 0.71174 -0.60144 0.62203
target: 0.00000 0.78486
dist/lin/ang/drive_left/drive_right/tv_l/tv_r/av_l/av_r/x/y/theta/t_err: 1.00187 0.00000 6.00000 -0.75432 0.66916 -0.59942 0.59069 -0.59942 0.59069 0 0 32.59698 1.00187
fb: -0.06597 0.73369 -0.59047 0.61106
fb: -0.08538 0.75306 -0.58078 0.60137
target: 0.00000 0.78486
dist/lin/ang/drive_left/drive_right/tv_l/tv_r/av_l/av_r/x/y/theta/t_err: 0.89244 0.00000 6.00000 -0.83844 0.66767 -0.59086 0.59239 -0.59086 0.59239 0 0 38.86706 0.89244
fb: -0.08715 0.77047 -0.57207 0.59266
fb: -0.07744 0.78859 -0.56301 0.58361
target: 0.00000 0.71164
dist/lin/ang/drive_left/drive_right/tv_l/tv_r/av_l/av_r/x/y/theta/t_err: 0.77695 0.00000 5.44024 -0.86603 0.71115 -0.57253 0.57889 -0.57253 0.57889 0 0 45.48415 0.77695
fb: -0.06972 0.80866 -0.13781 0.15693
fb: -0.05626 0.82740 -0.12844 0.14756
target: 0.00000 0.56736
dist/lin/ang/drive_left/drive_right/tv_l/tv_r/av_l/av_r/x/y/theta/t_err: 0.65579 0.00000 4.33729 -0.88366 0.77114 -0.51742 0.43564 -0.51742 0.43564 0 0 52.42615 0.65579
fb: -0.04479 0.83827 0.44359 -0.43713
fb: -0.05626 0.83249 0.44070 -0.43424
target: 0.00000 0.41714
dist/lin/ang/drive_left/drive_right/tv_l/tv_r/av_l/av_r/x/y/theta/t_err: 0.52913 0.00000 3.18888 -0.88874 0.77623 -0.17128 0.06825 -0.17128 0.06825 0 0 59.68329 0.52913
fb: -0.07170 0.81604 0.63500 -0.63155
fb: -0.09884 0.76873 0.61134 -0.60789
target: 0.00000 0.27547
dist/lin/ang/drive_left/drive_right/tv_l/tv_r/av_l/av_r/x/y/theta/t_err: 0.40279 0.00000 2.10588 -0.86757 0.66989 0.28661 -0.32597 0.28661 -0.32597 0 0 66.92183 0.40279
fb: -0.12399 0.71327 0.71086 -0.71025
fb: -0.13194 0.65899 0.68373 -0.68311
target: 0.00000 0.16097
dist/lin/ang/drive_left/drive_right/tv_l/tv_r/av_l/av_r/x/y/theta/t_err: 0.28737 0.00000 1.23059 -0.79093 0.52705 0.41444 -0.41511 0.41444 -0.41511 0 0 73.53500 0.28737
fb: -0.14363 0.59838 0.66511 -0.66678
fb: -0.12599 0.53622 0.63403 -0.63570
target: 0.00000 0.07450
dist/lin/ang/drive_left/drive_right/tv_l/tv_r/av_l/av_r/x/y/theta/t_err: 0.18908 0.00000 0.56950 -0.66221 0.41024 0.44506 -0.36481 0.44506 -0.36481 0 0 79.16648 0.18908
fb: -0.09488 0.47637 0.57920 -0.58260
fb: -0.06399 0.42224 0.55213 -0.55553
target: 0.00000 0.01090
dist/lin/ang/drive_left/drive_right/tv_l/tv_r/av_l/av_r/x/y/theta/t_err: 0.10935 0.00000 0.08332 -0.48622 0.35825 0.42744 -0.43875 0.42744 -0.43875 0 0 83.73468 0.10935
fb: -0.03111 0.36524 0.49508 -0.49976
fb: -0.02714 0.29459 0.45975 -0.46443
target: 0.00000 -0.03479
dist/lin/ang/drive_left/drive_right/tv_l/tv_r/av_l/av_r/x/y/theta/t_err: 0.04701 0.00000 -0.26596 -0.32173 0.26745 0.41972 -0.47244 0.41972 -0.47244 0 0 87.30678 0.04701
fb: -0.04259 0.22073 0.39569 -0.40128
fb: -0.06995 0.15726 0.26793 -0.27352
target: 0.00000 -0.05407
dist/lin/ang/drive_left/drive_right/tv_l/tv_r/av_l/av_r/x/y/theta/t_err: 0.00475 0.00000 -0.41338 -0.22721 0.08731 0.39989 -0.42039 0.39989 -0.42039 0 0 89.72778 0.00475
fb: -0.10481 0.10458 0.16203 -0.16800
fb: -0.12202 0.06041 0.16203 -0.16800
target: 0.00000 -0.05064
dist/lin/ang/drive_left/drive_right/tv_l/tv_r/av_l/av_r/x/y/theta/t_err: -0.01737 0.00000 -0.38712 -0.18243 -0.06162 0.26708 -0.31486 0.26708 -0.31486 0 0 90.99504 -0.01737
fb: -0.11055 0.01860 0.05750 -0.06340
fb: -0.06796 -0.01888 0.05750 -0.06340
final error was -1.43293
position: -0.29252 -0.72356 91.43293
took 0.50000 time to finish turn
increased to 135.00000
target: 0.00000 0.15697
dist/lin/ang/drive_left/drive_right/tv_l/tv_r/av_l/av_r/x/y/theta/t_err: 2.35619 0.00000 1.20000 0.00000 0.00000 -0.00017 0.00000 -0.00017 0.00000 0 0 0.00021 2.35619
fb: 0.00000 0.00000 -0.85057 0.85860
fb: 0.00000 0.00000 -0.85057 0.85860
target: 0.00000 0.31394
dist/lin/ang/drive_left/drive_right/tv_l/tv_r/av_l/av_r/x/y/theta/t_err: 2.35619 0.00000 2.40000 0.00000 0.00000 -0.00017 0.07206 -0.00017 0.07206 0 0 0.00025 2.35619
fb: 0.00000 0.00000 -1.00000 1.00000
fb: 0.00000 0.00355 -1.00000 1.00000
target: 0.00000 0.47092
dist/lin/ang/drive_left/drive_right/tv_l/tv_r/av_l/av_r/x/y/theta/t_err: 2.35619 0.00000 3.60000 -0.00355 0.00355 -0.43739 0.42181 -0.43739 0.42181 0 0 -0.00002 2.35619
fb: 0.00000 0.02195 -1.00000 1.00000
fb: 0.00000 0.06361 -1.00000 1.00000
target: 0.00000 0.62789
dist/lin/ang/drive_left/drive_right/tv_l/tv_r/av_l/av_r/x/y/theta/t_err: 2.35474 0.00000 4.80000 -0.06361 0.06361 -0.65997 0.34856 -0.65997 0.34856 0 0 0.08337 2.35474
fb: 0.00000 0.10284 -1.00000 1.00000
fb: -0.00177 0.14256 -1.00000 1.00000
target: 0.00000 0.78486
dist/lin/ang/drive_left/drive_right/tv_l/tv_r/av_l/av_r/x/y/theta/t_err: 2.34372 0.00000 6.00000 -0.14432 0.14079 -0.77597 0.54600 -0.77597 0.54600 0 0 0.71462 2.34372
fb: -0.00177 0.18164 -1.00000 1.00000
fb: 0.00000 0.22282 -1.00000 1.00000
target: 0.00000 0.78486
dist/lin/ang/drive_left/drive_right/tv_l/tv_r/av_l/av_r/x/y/theta/t_err: 2.32060 0.00000 6.00000 -0.22282 0.22282 -0.81997 0.67728 -0.81997 0.67728 0 0 2.03962 2.32060
fb: 0.00000 0.26735 -0.82364 0.84423
fb: 0.00000 0.31180 -0.80141 0.82200
target: 0.00000 0.78486
dist/lin/ang/drive_left/drive_right/tv_l/tv_r/av_l/av_r/x/y/theta/t_err: 2.28489 0.00000 6.00000 -0.31180 0.31180 -0.83486 0.64419 -0.83486 0.64419 0 0 4.08564 2.28489
fb: 0.00000 0.35500 -0.77981 0.80040
fb: 0.00000 0.39360 -0.76051 0.78110
target: 0.00000 0.78486
dist/lin/ang/drive_left/drive_right/tv_l/tv_r/av_l/av_r/x/y/theta/t_err: 2.23573 0.00000 6.00000 -0.39360 0.39360 -0.56414 0.45617 -0.56414 0.45617 0 0 6.90239 2.23573
fb: 0.00000 0.43227 -0.74118 0.76177
fb: 0.00000 0.46237 -0.72613 0.74672
target: 0.00000 0.78486
dist/lin/ang/drive_left/drive_right/tv_l/tv_r/av_l/av_r/x/y/theta/t_err: 2.17416 0.00000 6.00000 -0.46237 0.46237 -0.58775 0.46286 -0.58775 0.46286 0 0 10.42991 2.17416
fb: 0.00000 0.48996 -0.71233 0.73292
fb: 0.00000 0.52069 -0.69697 0.71756
target: 0.00000 0.78486
dist/lin/ang/drive_left/drive_right/tv_l/tv_r/av_l/av_r/x/y/theta/t_err: 2.10265 0.00000 6.00000 -0.52069 0.52069 -0.56278 0.45547 -0.56278 0.45547 0 0 14.52718 2.10265
fb: 0.00000 0.54779 -0.68341 0.70400
fb: 0.00000 0.57141 -0.67160 0.69219
target: 0.00000 0.78486
dist/lin/ang/drive_left/drive_right/tv_l/tv_r/av_l/av_r/x/y/theta/t_err: 2.02227 0.00000 6.00000 -0.57141 0.57141 -0.57594 0.55131 -0.57594 0.55131 0 0 19.13243 2.02227
fb: 0.00000 0.59447 -0.66007 0.68066
fb: -0.02912 0.62060 -0.64701 0.66760
target: 0.00000 0.78486
dist/lin/ang/drive_left/drive_right/tv_l/tv_r/av_l/av_r/x/y/theta/t_err: 1.93428 0.00000 6.00000 -0.64973 0.59148 -0.58400 0.58692 -0.58400 0.58692 0 0 24.17415 1.93428
fb: -0.05428 0.64826 -0.63318 0.65377
fb: -0.04655 0.67753 -0.61855 0.63914
target: 0.00000 0.78486
dist/lin/ang/drive_left/drive_right/tv_l/tv_r/av_l/av_r/x/y/theta/t_err: 1.83860 0.00000 6.00000 -0.72408 0.63097 -0.58158 0.57664 -0.58158 0.57664 0 0 29.65623 1.83860
fb: -0.05053 0.70379 -0.60541 0.62600
fb: -0.05626 0.72637 -0.59412 0.61472
target: 0.00000 0.78486
dist/lin/ang/drive_left/drive_right/tv_l/tv_r/av_l/av_r/x/y/theta/t_err: 1.73432 0.00000 6.00000 -0.78263 0.67011 -0.59544 0.58025 -0.59544 0.58025 0 0 35.63098 1.73432
fb: -0.06398 0.74999 -0.58231 0.60291
fb: -0.07568 0.77298 -0.57082 0.59141
target: 0.00000 0.78486
dist/lin/ang/drive_left/drive_right/tv_l/tv_r/av_l/av_r/x/y/theta/t_err: 1.62264 0.00000 6.00000 -0.84866 0.69731 -0.57733 0.58192 -0.57733 0.58192 0 0 42.02966 1.62264
fb: -0.08737 0.79047 -0.56207 0.58266
fb: -0.09487 0.80643 -0.55410 0.57469
target: 0.00000 0.78486
dist/lin/ang/drive_left/drive_right/tv_l/tv_r/av_l/av_r/x/y/theta/t_err: 1.50412 0.00000 6.00000 -0.90130 0.71156 -0.56206 0.57167 -0.56206 0.57167 0 0 48.82049 1.50412
fb: -0.08715 0.81967 -0.54748 0.56807
fb: -0.09134 0.83318 -0.54072 0.56131
target: 0.00000 0.78486
dist/lin/ang/drive_left/drive_right/tv_l/tv_r/av_l/av_r/x/y/theta/t_err: 1.38060 0.00000 6.00000 -0.92452 0.74184 -0.54172 0.55644 -0.54172 0.55644 0 0 55.89725 1.38060
fb: -0.09509 0.84726 -0.53368 0.55427
fb: -0.08141 0.86001 -0.52731 0.54790
target: 0.00000 0.78486
dist/lin/ang/drive_left/drive_right/tv_l/tv_r/av_l/av_r/x/y/theta/t_err: 1.25287 0.00000 6.00000 -0.94142 0.77860 -0.53144 0.54278 -0.53144 0.54278 0 0 63.21568 1.25287
fb: -0.07545 0.86983 -0.52239 0.54298
fb: -0.07744 0.87778 -0.51842 0.53901
target: 0.00000 0.78486
dist/lin/ang/drive_left/drive_right/tv_l/tv_r/av_l/av_r/x/y/theta/t_err: 1.12122 0.00000 6.00000 -0.95521 0.80034 -0.51214 0.53044 -0.51214 0.53044 0 0 70.75887 1.12122
fb: -0.08163 0.88655 -0.51403 0.53462
fb: -0.08538 0.89366 -0.51048 0.53107
target: 0.00000 0.78486
dist/lin/ang/drive_left/drive_right/tv_l/tv_r/av_l/av_r/x/y/theta/t_err: 0.98673 0.00000 6.00000 -0.97904 0.80828 -0.50461 0.51761 -0.50461 0.51761 0 0 78.46460 0.98673
fb: -0.08516 0.89889 -0.50787 0.52846
fb: -0.09884 0.90195 -0.50633 0.52692
target: 0.00000 0.76387
dist/lin/ang/drive_left/drive_right/tv_l/tv_r/av_l/av_r/x/y/theta/t_err: 0.84997 0.00000 5.83956 -1.00079 0.80312 -0.50169 0.51231 -0.50169 0.51231 0 0 86.30038 0.84997
fb: -0.11053 0.90251 -0.38706 0.40723
fb: -0.11053 0.90181 -0.38740 0.40758
target: 0.00000 0.60727
dist/lin/ang/drive_left/drive_right/tv_l/tv_r/av_l/av_r/x/y/theta/t_err: 0.71212 0.00000 4.64238 -1.01234 0.79128 -0.48508 0.49350 -0.48508 0.49350 0 0 94.19847 0.71212
fb: -0.10479 0.90167 0.48407 -0.47682
fb: -0.11251 0.90112 0.48379 -0.47654
target: 0.00000 0.45196
dist/lin/ang/drive_left/drive_right/tv_l/tv_r/av_l/av_r/x/y/theta/t_err: 0.57418 0.00000 3.45511 -1.01363 0.78860 -0.34733 0.34581 -0.34733 0.34581 0 0 102.10182 0.57418
fb: -0.13766 0.89568 0.65695 -0.65280
fb: -0.12796 0.88676 0.65249 -0.64834
target: 0.00000 0.29746
dist/lin/ang/drive_left/drive_right/tv_l/tv_r/av_l/av_r/x/y/theta/t_err: 0.43651 0.00000 2.27400 -1.01472 0.75881 0.16236 -0.19350 0.16236 -0.19350 0 0 109.98986 0.43651
fb: -0.10656 0.86565 0.81907 -0.81801
fb: -0.10082 0.82217 0.79733 -0.79628
target: 0.00000 0.14946
dist/lin/ang/drive_left/drive_right/tv_l/tv_r/av_l/av_r/x/y/theta/t_err: 0.30155 0.00000 1.14255 -0.92300 0.72135 0.48936 -0.31653 0.48936 -0.31653 0 0 117.72237 0.30155
fb: -0.09707 0.76351 0.91194 -0.91384
fb: -0.10855 0.70888 0.88462 -0.88653
target: 0.00000 0.02700
dist/lin/ang/drive_left/drive_right/tv_l/tv_r/av_l/av_r/x/y/theta/t_err: 0.17819 0.00000 0.20637 -0.81743 0.60033 0.47261 -0.42503 0.47261 -0.42503 0 0 124.79025 0.17819
fb: -0.12995 0.64966 0.88335 -0.88770
fb: -0.12996 0.58117 0.84910 -0.85345
target: 0.00000 -0.06873
dist/lin/ang/drive_left/drive_right/tv_l/tv_r/av_l/av_r/x/y/theta/t_err: 0.07184 0.00000 -0.52545 -0.71112 0.45121 0.53422 -0.22742 0.53422 -0.22742 0 0 130.88378 0.07184
fb: -0.13768 0.51260 0.80652 -0.81279
fb: -0.14938 0.45324 0.77684 -0.78311
target: 0.00000 -0.13814
dist/lin/ang/drive_left/drive_right/tv_l/tv_r/av_l/av_r/x/y/theta/t_err: -0.01466 0.00000 -1.05604 -0.60262 0.30386 0.43786 -0.40383 0.43786 -0.40383 0 0 135.84017 -0.01466
fb: -0.13768 0.40105 0.71350 -0.72116
fb: -0.15313 0.34887 0.68741 -0.69507
target: 0.00000 -0.18745
dist/lin/ang/drive_left/drive_right/tv_l/tv_r/av_l/av_r/x/y/theta/t_err: -0.08220 0.00000 -1.43298 -0.50200 0.19573 0.44025 -0.36189 0.44025 -0.36189 0 0 139.70984 -0.08220
fb: -0.14541 0.29612 0.62828 -0.63692
fb: -0.09510 0.23885 0.59964 -0.60829
target: 0.00000 -0.22283
dist/lin/ang/drive_left/drive_right/tv_l/tv_r/av_l/av_r/x/y/theta/t_err: -0.13370 0.00000 -1.70347 -0.33395 0.14375 0.45308 -0.38772 0.45308 -0.38772 0 0 142.66058 -0.13370
fb: -0.06796 0.18499 0.55145 -0.56080
fb: -0.05031 0.12981 0.52386 -0.53321
target: 0.00000 -0.23806
dist/lin/ang/drive_left/drive_right/tv_l/tv_r/av_l/av_r/x/y/theta/t_err: -0.16833 0.00000 -1.81987 -0.18012 0.07950 0.40808 -0.43222 0.40808 -0.43222 0 0 144.64456 -0.16833
fb: -0.05031 0.07379 0.42296 -0.43262
fb: -0.07569 0.01477 0.26704 -0.27670
target: 0.00000 -0.23446
dist/lin/ang/drive_left/drive_right/tv_l/tv_r/av_l/av_r/x/y/theta/t_err: -0.18614 0.00000 -1.79235 -0.09046 -0.06091 0.38294 -0.39919 0.38294 -0.39919 0 0 145.66527 -0.18614
fb: -0.09687 -0.03665 0.17991 -0.18949
fb: -0.09886 -0.07532 0.17991 -0.18949
target: 0.00000 -0.21028
dist/lin/ang/drive_left/drive_right/tv_l/tv_r/av_l/av_r/x/y/theta/t_err: -0.18649 0.00000 -1.60749 -0.02354 -0.17417 0.27531 -0.27478 0.27531 -0.27478 0 0 145.68497 -0.18649
fb: -0.08540 -0.10263 0.07109 -0.08019
fb: -0.06223 -0.11942 0.07109 -0.08019
target: 0.00000 -0.17815
dist/lin/ang/drive_left/drive_right/tv_l/tv_r/av_l/av_r/x/y/theta/t_err: -0.17399 0.00000 -1.36189 0.05720 -0.18165 0.15761 -0.16750 0.15761 -0.16750 0 0 144.96867 -0.17399
fb: -0.03486 -0.13043 -0.06424 0.06557
fb: -0.02317 -0.13420 -0.06424 0.06557
target: 0.00000 -0.14840
dist/lin/ang/drive_left/drive_right/tv_l/tv_r/av_l/av_r/x/y/theta/t_err: -0.15529 0.00000 -1.13443 0.11103 -0.15736 0.04878 -0.06144 0.04878 -0.06144 0 0 143.89723 -0.15529
fb: -0.02339 -0.13252 -0.07349 0.07541
fb: -0.03111 -0.12890 -0.07349 0.07541
target: 0.00000 -0.12291
dist/lin/ang/drive_left/drive_right/tv_l/tv_r/av_l/av_r/x/y/theta/t_err: -0.13483 0.00000 -0.93961 0.09779 -0.16001 -0.05528 0.05356 -0.05528 0.05356 0 0 142.72512 -0.13483
fb: -0.03884 -0.12242 -0.07135 0.07379
fb: -0.03685 -0.11420 -0.07135 0.07379
target: 0.00000 -0.10232
dist/lin/ang/drive_left/drive_right/tv_l/tv_r/av_l/av_r/x/y/theta/t_err: -0.11533 0.00000 -0.78222 0.07735 -0.15105 -0.07150 0.06894 -0.07150 0.06894 0 0 141.60789 -0.11533
fb: -0.02516 -0.09985 -0.06312 0.06597
fb: -0.00772 -0.08075 -0.06312 0.06597
target: 0.00000 -0.08700
dist/lin/ang/drive_left/drive_right/tv_l/tv_r/av_l/av_r/x/y/theta/t_err: -0.09844 0.00000 -0.66508 0.07303 -0.08848 -0.06947 0.06589 -0.06947 0.06589 0 0 140.64037 -0.09844
fb: 0.00000 -0.06062 -0.04968 0.05284
fb: -0.00199 -0.03574 -0.04968 0.05284
target: 0.00000 -0.08139
dist/lin/ang/drive_left/drive_right/tv_l/tv_r/av_l/av_r/x/y/theta/t_err: -0.08685 0.00000 -0.62219 0.03376 -0.03773 -0.05339 0.05494 -0.05339 0.05494 0 0 139.97587 -0.08685
fb: -0.00199 -0.00773 0.06831 -0.07483
fb: 0.00000 0.01387 0.06831 -0.07483
target: 0.00000 -0.08660
dist/lin/ang/drive_left/drive_right/tv_l/tv_r/av_l/av_r/x/y/theta/t_err: -0.08246 0.00000 -0.66203 -0.01387 0.01387 -0.01708 0.02106 -0.01708 0.02106 0 0 139.72465 -0.08246
fb: 0.00000 0.02487 0.12049 -0.12712
fb: 0.00000 0.02738 0.12049 -0.12712
target: 0.00000 -0.09896
dist/lin/ang/drive_left/drive_right/tv_l/tv_r/av_l/av_r/x/y/theta/t_err: -0.08491 0.00000 -0.75649 -0.02738 0.02738 0.06914 -0.07633 0.06914 -0.07633 0 0 139.86478 -0.08491
fb: 0.00000 0.02703 0.16093 -0.16780
fb: 0.00000 0.02529 0.16093 -0.16780
target: 0.00000 -0.10605
dist/lin/ang/drive_left/drive_right/tv_l/tv_r/av_l/av_r/x/y/theta/t_err: -0.08907 0.00000 -0.81069 -0.02529 0.02529 0.12475 -0.12628 0.12475 -0.12628 0 0 140.10312 -0.08907
fb: 0.00000 0.02181 0.14198 -0.14900
fb: 0.00000 0.01317 0.14198 -0.14900
target: 0.00000 -0.10965
dist/lin/ang/drive_left/drive_right/tv_l/tv_r/av_l/av_r/x/y/theta/t_err: -0.09280 0.00000 -0.83824 -0.01317 0.01317 0.15128 -0.14525 0.15128 -0.14525 0 0 140.31713 -0.09280
fb: 0.00000 -0.00293 0.12871 -0.13579
fb: 0.00000 -0.02536 0.12871 -0.13579
target: 0.00000 -0.10772
dist/lin/ang/drive_left/drive_right/tv_l/tv_r/av_l/av_r/x/y/theta/t_err: -0.09411 0.00000 -0.82345 0.02536 -0.02536 0.13381 -0.13328 0.13381 -0.13328 0 0 140.39222 -0.09411
fb: 0.00000 -0.04557 0.10249 -0.10953
fb: 0.00000 -0.05560 0.10249 -0.10953
target: 0.00000 -0.09421
dist/lin/ang/drive_left/drive_right/tv_l/tv_r/av_l/av_r/x/y/theta/t_err: -0.08950 0.00000 -0.72018 0.05560 -0.05560 0.11222 -0.11961 0.11222 -0.11961 0 0 140.12814 -0.08950
fb: 0.00000 -0.06194 0.04135 -0.04813
fb: 0.00000 -0.06793 0.04135 -0.04813
target: 0.00000 -0.07882
dist/lin/ang/drive_left/drive_right/tv_l/tv_r/av_l/av_r/x/y/theta/t_err: -0.08086 0.00000 -0.60252 0.06793 -0.06793 0.08606 -0.08761 0.08606 -0.08761 0 0 139.63306 -0.08086
fb: -0.01545 -0.06320 -0.05547 0.05879
fb: -0.03862 -0.06320 -0.05547 0.05879
target: 0.00000 -0.06543
dist/lin/ang/drive_left/drive_right/tv_l/tv_r/av_l/av_r/x/y/theta/t_err: -0.07077 0.00000 -0.50023 0.02458 -0.10181 0.02003 -0.02703 0.02003 -0.02703 0 0 139.05510 -0.07077
fb: -0.04259 -0.05734 -0.05540 0.05898
fb: -0.03111 -0.05072 -0.05540 0.05898
target: 0.00000 -0.05586
dist/lin/ang/drive_left/drive_right/tv_l/tv_r/av_l/av_r/x/y/theta/t_err: -0.06139 0.00000 -0.42700 0.01961 -0.08184 -0.04722 0.04519 -0.04722 0.04519 0 0 138.51718 -0.06139
fb: -0.01567 -0.04752 -0.04471 0.04848
fb: -0.00397 -0.03972 -0.04471 0.04848
target: 0.00000 -0.04956
dist/lin/ang/drive_left/drive_right/tv_l/tv_r/av_l/av_r/x/y/theta/t_err: -0.05368 0.00000 -0.37886 0.03574 -0.04369 -0.05133 0.05031 -0.05133 0.05031 0 0 138.07579 -0.05368
fb: -0.00177 -0.03567 0.04389 -0.04977
fb: -0.00177 -0.03017 0.04389 -0.04977
target: 0.00000 -0.04522
dist/lin/ang/drive_left/drive_right/tv_l/tv_r/av_l/av_r/x/y/theta/t_err: -0.04769 0.00000 -0.34567 0.02840 -0.03193 -0.01539 0.02244 -0.01539 0.02244 0 0 137.73232 -0.04769
fb: 0.00000 -0.02237 0.04979 -0.05559
fb: 0.00000 -0.01693 0.04979 -0.05559
target: 0.00000 -0.04280
dist/lin/ang/drive_left/drive_right/tv_l/tv_r/av_l/av_r/x/y/theta/t_err: -0.04340 0.00000 -0.32716 0.01693 -0.01693 0.03883 -0.04178 0.03883 -0.04178 0 0 137.48667 -0.04340
fb: 0.00000 -0.00941 0.05679 -0.06254
fb: 0.00000 -0.00516 0.05679 -0.06254
target: 0.00000 -0.04306
dist/lin/ang/drive_left/drive_right/tv_l/tv_r/av_l/av_r/x/y/theta/t_err: -0.04112 0.00000 -0.32916 0.00516 -0.00516 0.04758 -0.05472 0.04758 -0.05472 0 0 137.35612 -0.04112
fb: 0.00000 -0.00188 0.06905 -0.07480
fb: 0.00000 0.00321 0.06905 -0.07480
target: 0.00000 -0.04457
dist/lin/ang/drive_left/drive_right/tv_l/tv_r/av_l/av_r/x/y/theta/t_err: -0.04046 0.00000 -0.34076 -0.00321 0.00321 0.05647 -0.06722 0.05647 -0.06722 0 0 137.31795 -0.04046
fb: 0.00000 0.00460 0.07572 -0.08150
fb: 0.00000 0.00571 0.07572 -0.08150
target: 0.00000 -0.04678
dist/lin/ang/drive_left/drive_right/tv_l/tv_r/av_l/av_r/x/y/theta/t_err: -0.04096 0.00000 -0.35762 -0.00571 0.00571 0.06842 -0.07392 0.06842 -0.07392 0 0 137.34666 -0.04096
fb: 0.00000 0.00181 0.08029 -0.08612
fb: 0.00000 -0.00418 0.08029 -0.08612
target: 0.00000 -0.04780
dist/lin/ang/drive_left/drive_right/tv_l/tv_r/av_l/av_r/x/y/theta/t_err: -0.04164 0.00000 -0.36544 0.00418 -0.00418 0.07633 -0.07733 0.07633 -0.07733 0 0 137.38577 -0.04164
fb: 0.00000 -0.01080 0.07565 -0.08150
fb: 0.00000 -0.02007 0.07565 -0.08150
target: 0.00000 -0.04460
dist/lin/ang/drive_left/drive_right/tv_l/tv_r/av_l/av_r/x/y/theta/t_err: -0.04075 0.00000 -0.34097 0.02007 -0.02007 0.07375 -0.07750 0.07375 -0.07750 0 0 137.33504 -0.04075
fb: 0.00000 -0.02320 0.05450 -0.06029
fb: 0.00000 -0.02439 0.05450 -0.06029
final error was -2.15552
position: 0.45010 -1.37554 137.15552
took 1.14000 time to finish turn
increased kd to 4.50000
increased kd to 4.70000
increased kd to 4.90000
increased kd to 5.10000
increased kd to 5.30000
increased kd to 5.50000
target: 0.00000 0.15697
dist/lin/ang/drive_left/drive_right/tv_l/tv_r/av_l/av_r/x/y/theta/t_err: 2.35620 0.00000 1.20000 0.00000 0.00000 -0.00017 -0.00017 -0.00017 -0.00017 0 0 -0.00046 2.35620
fb: 0.00000 0.00000 -0.85057 0.85860
fb: 0.00000 0.00000 -0.85057 0.85860
target: 0.00000 0.31394
dist/lin/ang/drive_left/drive_right/tv_l/tv_r/av_l/av_r/x/y/theta/t_err: 2.35621 0.00000 2.40000 0.00000 0.00000 -0.09978 0.04911 -0.09978 0.04911 0 0 -0.00090 2.35621
fb: 0.00000 0.00000 -1.00000 1.00000
fb: 0.00000 0.01024 -1.00000 1.00000
target: 0.00000 0.47092
dist/lin/ang/drive_left/drive_right/tv_l/tv_r/av_l/av_r/x/y/theta/t_err: 2.35620 0.00000 3.60000 -0.01024 0.01024 -0.48836 0.43239 -0.48836 0.43239 0 0 -0.00045 2.35620
fb: 0.00000 0.05010 -1.00000 1.00000
fb: 0.00000 0.09065 -1.00000 1.00000
target: 0.00000 0.62789
dist/lin/ang/drive_left/drive_right/tv_l/tv_r/av_l/av_r/x/y/theta/t_err: 2.35273 0.00000 4.80000 -0.09065 0.09065 -0.68578 0.37064 -0.68578 0.37064 0 0 0.19847 2.35273
fb: 0.00000 0.12172 -1.00000 1.00000
fb: 0.00000 0.16144 -1.00000 1.00000
target: 0.00000 0.78486
dist/lin/ang/drive_left/drive_right/tv_l/tv_r/av_l/av_r/x/y/theta/t_err: 2.33788 0.00000 6.00000 -0.16144 0.16144 -0.80283 0.55164 -0.80283 0.55164 0 0 1.04928 2.33788
fb: 0.00000 0.19830 -1.00000 1.00000
fb: -0.00199 0.24059 -1.00000 1.00000
target: 0.00000 0.78486
dist/lin/ang/drive_left/drive_right/tv_l/tv_r/av_l/av_r/x/y/theta/t_err: 2.31197 0.00000 6.00000 -0.24258 0.23860 -0.82422 0.68342 -0.82422 0.68342 0 0 2.53391 2.31197
fb: -0.00199 0.28226 -0.81618 0.83677
fb: 0.00000 0.31932 -0.79765 0.81824
target: 0.00000 0.78486
dist/lin/ang/drive_left/drive_right/tv_l/tv_r/av_l/av_r/x/y/theta/t_err: 2.27369 0.00000 6.00000 -0.31932 0.31932 -0.68819 0.71711 -0.68819 0.71711 0 0 4.72733 2.27369
fb: 0.00000 0.35514 -0.77974 0.80033
fb: 0.00000 0.38928 -0.76267 0.78326
target: 0.00000 0.78486
dist/lin/ang/drive_left/drive_right/tv_l/tv_r/av_l/av_r/x/y/theta/t_err: 2.22362 0.00000 6.00000 -0.38928 0.38928 -0.60008 0.50936 -0.60008 0.50936 0 0 7.59611 2.22362
fb: 0.00000 0.42293 -0.74584 0.76643
fb: 0.00000 0.45512 -0.72975 0.75034
target: 0.00000 0.78486
dist/lin/ang/drive_left/drive_right/tv_l/tv_r/av_l/av_r/x/y/theta/t_err: 2.16294 0.00000 6.00000 -0.45512 0.45512 -0.63175 0.48286 -0.63175 0.48286 0 0 11.07251 2.16294
fb: 0.00000 0.48501 -0.71480 0.73539
fb: 0.00000 0.51476 -0.69993 0.72052
target: 0.00000 0.78486
dist/lin/ang/drive_left/drive_right/tv_l/tv_r/av_l/av_r/x/y/theta/t_err: 2.09249 0.00000 6.00000 -0.51476 0.51476 -0.62847 0.57356 -0.62847 0.57356 0 0 15.10939 2.09249
fb: 0.00000 0.54145 -0.68658 0.70717
fb: 0.00000 0.57336 -0.67063 0.69122
target: 0.00000 0.78486
dist/lin/ang/drive_left/drive_right/tv_l/tv_r/av_l/av_r/x/y/theta/t_err: 2.01301 0.00000 6.00000 -0.57336 0.57336 -0.62744 0.58244 -0.62744 0.58244 0 0 19.66305 2.01301
fb: 0.00000 0.60506 -0.65478 0.67537
fb: -0.00971 0.63356 -0.64053 0.66112
target: 0.00000 0.78486
dist/lin/ang/drive_left/drive_right/tv_l/tv_r/av_l/av_r/x/y/theta/t_err: 1.92440 0.00000 6.00000 -0.64327 0.62385 -0.61806 0.61972 -0.61806 0.61972 0 0 24.74019 1.92440
fb: -0.03861 0.65969 -0.62746 0.64806
fb: -0.05604 0.68610 -0.61426 0.63485
target: 0.00000 0.78486
dist/lin/ang/drive_left/drive_right/tv_l/tv_r/av_l/av_r/x/y/theta/t_err: 1.82684 0.00000 6.00000 -0.74214 0.63006 -0.61394 0.61464 -0.61394 0.61464 0 0 30.32955 1.82684
fb: -0.06023 0.71027 -0.60217 0.62276
fb: -0.06398 0.73236 -0.59113 0.61172
target: 0.00000 0.78486
dist/lin/ang/drive_left/drive_right/tv_l/tv_r/av_l/av_r/x/y/theta/t_err: 1.72134 0.00000 6.00000 -0.79635 0.66838 -0.59783 0.60592 -0.59783 0.60592 0 0 36.37452 1.72134
fb: -0.06398 0.75563 -0.57949 0.60008
fb: -0.07568 0.77967 -0.56747 0.58806
target: 0.00000 0.78486
dist/lin/ang/drive_left/drive_right/tv_l/tv_r/av_l/av_r/x/y/theta/t_err: 1.60868 0.00000 6.00000 -0.85535 0.70400 -0.57269 0.59461 -0.57269 0.59461 0 0 42.82931 1.60868
fb: -0.08141 0.79890 -0.55786 0.57845
fb: -0.07766 0.81451 -0.55005 0.57065
target: 0.00000 0.78486
dist/lin/ang/drive_left/drive_right/tv_l/tv_r/av_l/av_r/x/y/theta/t_err: 1.48900 0.00000 6.00000 -0.89217 0.73685 -0.55081 0.56878 -0.55081 0.56878 0 0 49.68676 1.48900
fb: -0.07766 0.82914 -0.54274 0.56333
fb: -0.07170 0.84001 -0.53730 0.55789
target: 0.00000 0.78486
dist/lin/ang/drive_left/drive_right/tv_l/tv_r/av_l/av_r/x/y/theta/t_err: 1.36412 0.00000 6.00000 -0.91171 0.76831 -0.53881 0.55131 -0.53881 0.55131 0 0 56.84195 1.36412
fb: -0.07942 0.85032 -0.53215 0.55274
fb: -0.08913 0.86043 -0.52710 0.54769
target: 0.00000 0.78486
dist/lin/ang/drive_left/drive_right/tv_l/tv_r/av_l/av_r/x/y/theta/t_err: 1.23540 0.00000 6.00000 -0.94956 0.77130 -0.52547 0.53692 -0.52547 0.53692 0 0 64.21653 1.23540
fb: -0.09112 0.86997 -0.52232 0.54291
fb: -0.08935 0.87812 -0.51825 0.53884
target: 0.00000 0.78486
dist/lin/ang/drive_left/drive_right/tv_l/tv_r/av_l/av_r/x/y/theta/t_err: 1.10361 0.00000 6.00000 -0.96747 0.78877 -0.51094 0.52719 -0.51094 0.52719 0 0 71.76781 1.10361
fb: -0.07369 0.88446 -0.51508 0.53567
fb: -0.06574 0.89094 -0.51184 0.53243
target: 0.00000 0.78486
dist/lin/ang/drive_left/drive_right/tv_l/tv_r/av_l/av_r/x/y/theta/t_err: 0.96915 0.00000 6.00000 -0.95669 0.82520 -0.50375 0.51450 -0.50375 0.51450 0 0 79.47183 0.96915
fb: -0.06795 0.89680 -0.50891 0.52950
fb: -0.07766 0.90021 -0.50720 0.52779
target: 0.00000 0.69120
dist/lin/ang/drive_left/drive_right/tv_l/tv_r/av_l/av_r/x/y/theta/t_err: 0.83266 0.00000 5.28404 -0.97787 0.82255 -0.50153 0.51025 -0.50153 0.51025 0 0 87.29238 0.83266
fb: -0.08339 0.90105 0.10228 -0.09335
fb: -0.09884 0.90404 0.10378 -0.09485
target: 0.00000 0.53401
dist/lin/ang/drive_left/drive_right/tv_l/tv_r/av_l/av_r/x/y/theta/t_err: 0.69492 0.00000 4.08237 -1.00288 0.80521 -0.49639 0.27119 -0.49639 0.27119 0 0 95.18424 0.69492
fb: -0.11626 0.90223 0.57270 -0.56691
fb: -0.12222 0.88941 0.56629 -0.56050
target: 0.00000 0.37763
dist/lin/ang/drive_left/drive_right/tv_l/tv_r/av_l/av_r/x/y/theta/t_err: 0.55669 0.00000 2.88682 -1.01163 0.76719 -0.02225 -0.12833 -0.02225 -0.12833 0 0 103.10427 0.55669
fb: -0.12399 0.86161 0.73176 -0.72910
fb: -0.13767 0.81688 0.70939 -0.70673
target: 0.00000 0.23150
dist/lin/ang/drive_left/drive_right/tv_l/tv_r/av_l/av_r/x/y/theta/t_err: 0.42166 0.00000 1.76971 -0.95455 0.67921 0.33075 -0.41869 0.33075 -0.41869 0 0 110.84058 0.42166
fb: -0.13966 0.76225 0.80688 -0.80715
fb: -0.12796 0.71027 0.78089 -0.78116
target: 0.00000 0.11525
dist/lin/ang/drive_left/drive_right/tv_l/tv_r/av_l/av_r/x/y/theta/t_err: 0.29883 0.00000 0.88108 -0.83824 0.58231 0.42778 -0.43647 0.42778 -0.43647 0 0 117.87812 0.29883
fb: -0.13194 0.65864 0.75659 -0.75917
fb: -0.12422 0.60722 0.73088 -0.73346
target: 0.00000 0.02371
dist/lin/ang/drive_left/drive_right/tv_l/tv_r/av_l/av_r/x/y/theta/t_err: 0.19196 0.00000 0.18128 -0.73144 0.48301 0.50133 -0.38122 0.50133 -0.38122 0 0 124.00169 0.19196
fb: -0.11054 0.55636 0.70139 -0.70581
fb: -0.09113 0.49748 0.67196 -0.67638
target: 0.00000 -0.05068
dist/lin/ang/drive_left/drive_right/tv_l/tv_r/av_l/av_r/x/y/theta/t_err: 0.10076 0.00000 -0.38743 -0.58861 0.40636 0.48286 -0.43717 0.48286 -0.43717 0 0 129.22690 0.10076
fb: -0.07568 0.43171 0.64894 -0.65485
fb: -0.08142 0.36852 0.61734 -0.62325
target: 0.00000 -0.10223
dist/lin/ang/drive_left/drive_right/tv_l/tv_r/av_l/av_r/x/y/theta/t_err: 0.02702 0.00000 -0.78155 -0.44993 0.28710 0.37675 -0.44008 0.37675 -0.44008 0 0 133.45188 0.02702
fb: -0.10084 0.31347 0.54737 -0.55431
fb: -0.11827 0.26407 0.52267 -0.52961
target: 0.00000 -0.12904
dist/lin/ang/drive_left/drive_right/tv_l/tv_r/av_l/av_r/x/y/theta/t_err: -0.02751 0.00000 -0.98647 -0.38234 0.14580 0.41050 -0.41681 0.41050 -0.41681 0 0 136.57645 -0.02751
fb: -0.12798 0.21537 0.41831 -0.42578
fb: -0.10459 0.16255 0.39190 -0.39937
target: 0.00000 -0.14403
dist/lin/ang/drive_left/drive_right/tv_l/tv_r/av_l/av_r/x/y/theta/t_err: -0.06619 0.00000 -1.10105 -0.26714 0.05796 0.44864 -0.37094 0.44864 -0.37094 0 0 138.79248 -0.06619
fb: -0.06973 0.11037 0.33017 -0.33795
fb: -0.05252 0.06382 0.20297 -0.21075
target: 0.00000 -0.14171
dist/lin/ang/drive_left/drive_right/tv_l/tv_r/av_l/av_r/x/y/theta/t_err: -0.08919 0.00000 -1.08333 -0.11634 0.01131 0.36736 -0.36739 0.36736 -0.36739 0 0 140.11038 -0.08919
fb: -0.03486 0.02055 0.12354 -0.13126
fb: -0.03685 -0.02662 0.12354 -0.13126
target: 0.00000 -0.12421
dist/lin/ang/drive_left/drive_right/tv_l/tv_r/av_l/av_r/x/y/theta/t_err: -0.09736 0.00000 -0.94952 -0.01023 -0.06347 0.21508 -0.21969 0.21508 -0.21969 0 0 140.57812 -0.09736
fb: -0.04855 -0.06250 0.04347 -0.05085
fb: -0.04832 -0.07839 0.04347 -0.05085
target: 0.00000 -0.09406
dist/lin/ang/drive_left/drive_right/tv_l/tv_r/av_l/av_r/x/y/theta/t_err: -0.09207 0.00000 -0.71906 0.03006 -0.12671 0.10097 -0.11994 0.10097 -0.11994 0 0 140.27509 -0.09207
fb: -0.04656 -0.08389 -0.11166 0.11467
fb: -0.03884 -0.08277 -0.11166 0.11467
target: 0.00000 -0.06811
dist/lin/ang/drive_left/drive_right/tv_l/tv_r/av_l/av_r/x/y/theta/t_err: -0.07994 0.00000 -0.52068 0.04394 -0.12161 -0.00753 -0.02461 -0.00753 -0.02461 0 0 139.58011 -0.07994
fb: -0.02714 -0.07873 -0.11016 0.11369
fb: -0.01567 -0.07483 -0.11016 0.11369
target: 0.00000 -0.05351
dist/lin/ang/drive_left/drive_right/tv_l/tv_r/av_l/av_r/x/y/theta/t_err: -0.06748 0.00000 -0.40907 0.05916 -0.09050 -0.10150 0.09736 -0.10150 0.09736 0 0 138.86642 -0.06748
fb: -0.00772 -0.07225 -0.06887 0.07270
fb: -0.00375 -0.06772 -0.06887 0.07270
target: 0.00000 -0.04267
dist/lin/ang/drive_left/drive_right/tv_l/tv_r/av_l/av_r/x/y/theta/t_err: -0.05611 0.00000 -0.32617 0.06397 -0.07148 -0.09719 0.10472 -0.09719 0.10472 0 0 138.21483 -0.05611
fb: 0.00000 -0.05483 -0.05924 0.06328
fb: 0.00000 -0.03254 -0.05924 0.06328
target: 0.00000 -0.03436
dist/lin/ang/drive_left/drive_right/tv_l/tv_r/av_l/av_r/x/y/theta/t_err: -0.04627 0.00000 -0.26268 0.03254 -0.03254 -0.05717 0.07083 -0.05717 0.07083 0 0 137.65121 -0.04627
fb: 0.00000 -0.00578 -0.05337 0.05758
fb: 0.00000 0.01456 -0.05337 0.05758
target: 0.00000 -0.04058
dist/lin/ang/drive_left/drive_right/tv_l/tv_r/av_l/av_r/x/y/theta/t_err: -0.04235 0.00000 -0.31020 -0.01456 0.01456 -0.04908 0.05697 -0.04908 0.05697 0 0 137.42628 -0.04235
fb: 0.00000 0.02585 0.09418 -0.09989
fb: 0.00000 0.03024 0.09418 -0.09989
target: 0.00000 -0.05512
dist/lin/ang/drive_left/drive_right/tv_l/tv_r/av_l/av_r/x/y/theta/t_err: -0.04491 0.00000 -0.42136 -0.03024 0.03024 0.00033 0.03389 0.00033 0.03389 0 0 137.57287 -0.04491
fb: 0.00000 0.03163 0.14139 -0.14738
fb: 0.00000 0.03059 0.14139 -0.14738
target: 0.00000 -0.06410
dist/lin/ang/drive_left/drive_right/tv_l/tv_r/av_l/av_r/x/y/theta/t_err: -0.04955 0.00000 -0.49003 -0.03059 0.03059 0.10064 -0.07667 0.10064 -0.07667 0 0 137.83909 -0.04955
fb: 0.00000 0.02801 0.12239 -0.12857
fb: 0.00000 0.02487 0.12239 -0.12857
target: 0.00000 -0.06901
dist/lin/ang/drive_left/drive_right/tv_l/tv_r/av_l/av_r/x/y/theta/t_err: -0.05409 0.00000 -0.52759 -0.02487 0.02487 0.13381 -0.13567 0.13381 -0.13567 0 0 138.09916 -0.05409
fb: 0.00000 0.01798 0.10737 -0.11365
fb: 0.00000 0.00125 0.10737 -0.11365
target: 0.00000 -0.07097
dist/lin/ang/drive_left/drive_right/tv_l/tv_r/av_l/av_r/x/y/theta/t_err: -0.05755 0.00000 -0.54254 -0.00125 0.00125 0.11397 -0.11925 0.11397 -0.11925 0 0 138.29749 -0.05755
fb: 0.00000 -0.02306 0.09538 -0.10169
fb: 0.00000 -0.03985 0.09538 -0.10169
target: 0.00000 -0.06244
dist/lin/ang/drive_left/drive_right/tv_l/tv_r/av_l/av_r/x/y/theta/t_err: -0.05676 0.00000 -0.47735 0.03985 -0.03985 0.09444 -0.10675 0.09444 -0.10675 0 0 138.25238 -0.05676
fb: 0.00000 -0.04703 0.04248 -0.04862
fb: 0.00000 -0.05135 0.04248 -0.04862
target: 0.00000 -0.04530
dist/lin/ang/drive_left/drive_right/tv_l/tv_r/av_l/av_r/x/y/theta/t_err: -0.05042 0.00000 -0.34634 0.05135 -0.05135 0.07633 -0.09925 0.07633 -0.09925 0 0 137.88876 -0.05042
fb: -0.00397 -0.05274 -0.08579 0.08978
fb: -0.00971 -0.04703 -0.08579 0.08978
target: 0.00000 -0.03393
dist/lin/ang/drive_left/drive_right/tv_l/tv_r/av_l/av_r/x/y/theta/t_err: -0.04262 0.00000 -0.25940 0.03732 -0.05674 0.01267 -0.04792 0.01267 -0.04792 0 0 137.44219 -0.04262
fb: -0.02118 -0.04515 -0.06746 0.07168
fb: -0.02913 -0.03839 -0.06746 0.07168
target: 0.00000 -0.02687
dist/lin/ang/drive_left/drive_right/tv_l/tv_r/av_l/av_r/x/y/theta/t_err: -0.03541 0.00000 -0.20539 0.00926 -0.06752 -0.07289 0.06875 -0.07289 0.06875 0 0 137.02900 -0.03541
fb: -0.02140 -0.03393 -0.05282 0.05717
fb: -0.01169 -0.03010 -0.05282 0.05717
target: 0.00000 -0.02300
dist/lin/ang/drive_left/drive_right/tv_l/tv_r/av_l/av_r/x/y/theta/t_err: -0.02965 0.00000 -0.17584 0.01840 -0.04179 -0.06553 0.07342 -0.06553 0.07342 0 0 136.69904 -0.02965
fb: -0.00397 -0.02439 -0.04100 0.04544
fb: 0.00000 -0.01610 -0.04100 0.04544
target: 0.00000 -0.02064
dist/lin/ang/drive_left/drive_right/tv_l/tv_r/av_l/av_r/x/y/theta/t_err: -0.02530 0.00000 -0.15776 0.01610 -0.01610 -0.05475 0.05289 -0.05475 0.05289 0 0 136.44970 -0.02530
fb: 0.00000 -0.00697 0.04221 -0.04751
fb: 0.00000 0.00230 0.04221 -0.04751
final error was -1.32868
position: 0.26979 -1.22129 136.32868
took 0.98000 time to finish turn
decreased kp to 8.50000
decreased kp to 8.40000
decreased kp to 8.30000
target: 0.00000 0.15697
dist/lin/ang/drive_left/drive_right/tv_l/tv_r/av_l/av_r/x/y/theta/t_err: 2.35620 0.00000 1.20000 0.00000 0.00000 0.00017 0.00000 0.00017 0.00000 0 0 -0.00004 2.35620
fb: 0.00000 0.00000 -0.85057 0.85860
fb: 0.00000 0.00000 -0.85057 0.85860
target: 0.00000 0.31394
dist/lin/ang/drive_left/drive_right/tv_l/tv_r/av_l/av_r/x/y/theta/t_err: 2.35620 0.00000 2.40000 0.00000 0.00000 -0.08264 0.05886 -0.08264 0.05886 0 0 -0.00026 2.35620
fb: 0.00000 0.00077 -1.00000 1.00000
fb: 0.00000 0.01317 -1.00000 1.00000
target: 0.00000 0.47092
dist/lin/ang/drive_left/drive_right/tv_l/tv_r/av_l/av_r/x/y/theta/t_err: 2.35616 0.00000 3.60000 -0.01317 0.01317 -0.43942 0.39458 -0.43942 0.39458 0 0 0.00174 2.35616
fb: 0.00000 0.05058 -1.00000 1.00000
fb: 0.00000 0.09225 -1.00000 1.00000
target: 0.00000 0.62789
dist/lin/ang/drive_left/drive_right/tv_l/tv_r/av_l/av_r/x/y/theta/t_err: 2.35246 0.00000 4.80000 -0.09225 0.09225 -0.68683 0.50100 -0.68683 0.50100 0 0 0.21409 2.35246
fb: 0.00000 0.13622 -1.00000 1.00000
fb: 0.00000 0.17586 -1.00000 1.00000
target: 0.00000 0.78486
dist/lin/ang/drive_left/drive_right/tv_l/tv_r/av_l/av_r/x/y/theta/t_err: 2.33670 0.00000 6.00000 -0.17586 0.17586 -0.79158 0.63961 -0.79158 0.63961 0 0 1.11682 2.33670
fb: 0.00000 0.21223 -1.00000 1.00000
fb: 0.00000 0.25028 -1.00000 1.00000
target: 0.00000 0.78486
dist/lin/ang/drive_left/drive_right/tv_l/tv_r/av_l/av_r/x/y/theta/t_err: 2.30855 0.00000 6.00000 -0.25028 0.25028 -0.81653 0.75922 -0.81653 0.75922 0 0 2.72957 2.30855
fb: 0.00000 0.29041 -0.81210 0.83270
fb: 0.00000 0.33340 -0.79061 0.81120
target: 0.00000 0.78486
dist/lin/ang/drive_left/drive_right/tv_l/tv_r/av_l/av_r/x/y/theta/t_err: 2.26881 0.00000 6.00000 -0.33340 0.33340 -0.78881 0.62692 -0.78881 0.62692 0 0 5.00703 2.26881
fb: 0.00000 0.37367 -0.77047 0.79106
fb: 0.00000 0.40948 -0.75257 0.77316
target: 0.00000 0.78486
dist/lin/ang/drive_left/drive_right/tv_l/tv_r/av_l/av_r/x/y/theta/t_err: 2.21655 0.00000 6.00000 -0.40948 0.40948 -0.62456 0.53983 -0.62456 0.53983 0 0 8.00131 2.21655
fb: 0.00000 0.44321 -0.73571 0.75630
fb: 0.00000 0.47491 -0.71985 0.74045
target: 0.00000 0.78486
dist/lin/ang/drive_left/drive_right/tv_l/tv_r/av_l/av_r/x/y/theta/t_err: 2.15281 0.00000 6.00000 -0.47491 0.47491 -0.63331 0.53525 -0.63331 0.53525 0 0 11.65281 2.15281
fb: 0.00000 0.50515 -0.70473 0.72533
fb: 0.00000 0.53267 -0.69097 0.71156
target: 0.00000 0.78486
dist/lin/ang/drive_left/drive_right/tv_l/tv_r/av_l/av_r/x/y/theta/t_err: 2.07919 0.00000 6.00000 -0.53267 0.53267 -0.64064 0.56603 -0.64064 0.56603 0 0 15.87095 2.07919
fb: 0.00000 0.56075 -0.67693 0.69752
fb: 0.00000 0.58751 -0.66356 0.68415
target: 0.00000 0.78486
dist/lin/ang/drive_left/drive_right/tv_l/tv_r/av_l/av_r/x/y/theta/t_err: 1.99692 0.00000 6.00000 -0.58751 0.58751 -0.60486 0.56142 -0.60486 0.56142 0 0 20.58496 1.99692
fb: 0.00000 0.61628 -0.64917 0.66976
fb: 0.00000 0.64882 -0.63290 0.65349
target: 0.00000 0.78486
dist/lin/ang/drive_left/drive_right/tv_l/tv_r/av_l/av_r/x/y/theta/t_err: 1.90622 0.00000 6.00000 -0.64882 0.64882 -0.57992 0.58294 -0.57992 0.58294 0 0 25.78175 1.90622
fb: -0.00397 0.67690 -0.61886 0.63945
fb: -0.01942 0.70059 -0.60701 0.62761
target: 0.00000 0.78486
dist/lin/ang/drive_left/drive_right/tv_l/tv_r/av_l/av_r/x/y/theta/t_err: 1.80629 0.00000 6.00000 -0.72001 0.68117 -0.56622 0.58689 -0.56622 0.58689 0 0 31.50743 1.80629
fb: -0.03111 0.72296 -0.59583 0.61642
fb: -0.02714 0.74421 -0.58521 0.60580
target: 0.00000 0.78486
dist/lin/ang/drive_left/drive_right/tv_l/tv_r/av_l/av_r/x/y/theta/t_err: 1.69857 0.00000 6.00000 -0.77134 0.71707 -0.58125 0.59444 -0.58125 0.59444 0 0 37.67899 1.69857
fb: -0.03089 0.76532 -0.57465 0.59524
fb: -0.04280 0.78309 -0.56577 0.58636
target: 0.00000 0.78486
dist/lin/ang/drive_left/drive_right/tv_l/tv_r/av_l/av_r/x/y/theta/t_err: 1.58427 0.00000 6.00000 -0.82589 0.74028 -0.56892 0.58433 -0.56892 0.58433 0 0 44.22807 1.58427
fb: -0.05251 0.79925 -0.55768 0.57827
fb: -0.06773 0.81451 -0.55005 0.57065
target: 0.00000 0.78486
dist/lin/ang/drive_left/drive_right/tv_l/tv_r/av_l/av_r/x/y/theta/t_err: 1.46417 0.00000 6.00000 -0.88224 0.74678 -0.54961 0.56569 -0.54961 0.56569 0 0 51.10949 1.46417
fb: -0.08715 0.82712 -0.54375 0.56434
fb: -0.08935 0.84154 -0.53654 0.55713
target: 0.00000 0.78486
dist/lin/ang/drive_left/drive_right/tv_l/tv_r/av_l/av_r/x/y/theta/t_err: 1.33945 0.00000 6.00000 -0.93090 0.75219 -0.53711 0.55389 -0.53711 0.55389 0 0 58.25532 1.33945
fb: -0.08141 0.85381 -0.53041 0.55100
fb: -0.07545 0.86558 -0.52452 0.54511
target: 0.00000 0.78486
dist/lin/ang/drive_left/drive_right/tv_l/tv_r/av_l/av_r/x/y/theta/t_err: 1.21052 0.00000 6.00000 -0.94103 0.79013 -0.52583 0.53900 -0.52583 0.53900 0 0 65.64246 1.21052
fb: -0.06221 0.87359 -0.52051 0.54110
fb: -0.06221 0.88147 -0.51658 0.53717
target: 0.00000 0.78486
dist/lin/ang/drive_left/drive_right/tv_l/tv_r/av_l/av_r/x/y/theta/t_err: 1.07806 0.00000 6.00000 -0.94368 0.81925 -0.51194 0.52994 -0.51194 0.52994 0 0 73.23165 1.07806
fb: -0.06398 0.88878 -0.51292 0.53351
fb: -0.07545 0.89422 -0.51020 0.53079
target: 0.00000 0.78123
dist/lin/ang/drive_left/drive_right/tv_l/tv_r/av_l/av_r/x/y/theta/t_err: 0.94311 0.00000 5.97228 -0.96967 0.81877 -0.50342 0.51608 -0.50342 0.51608 0 0 80.96366 0.94311
fb: -0.09111 0.90140 -0.48605 0.50657
fb: -0.08339 0.90481 -0.48435 0.50487
target: 0.00000 0.62871
dist/lin/ang/drive_left/drive_right/tv_l/tv_r/av_l/av_r/x/y/theta/t_err: 0.80608 0.00000 4.80626 -0.98820 0.82142 -0.49586 0.51231 -0.49586 0.51231 0 0 88.81504 0.80608
fb: -0.08913 0.90920 0.44441 -0.43673
fb: -0.09509 0.90801 0.44381 -0.43613
target: 0.00000 0.47545
dist/lin/ang/drive_left/drive_right/tv_l/tv_r/av_l/av_r/x/y/theta/t_err: 0.66750 0.00000 3.63470 -1.00310 0.81293 -0.33622 0.49247 -0.33622 0.49247 0 0 96.75529 0.66750
fb: -0.08538 0.90383 0.62429 -0.61968
fb: -0.09310 0.89429 0.61952 -0.61491
target: 0.00000 0.32447
dist/lin/ang/drive_left/drive_right/tv_l/tv_r/av_l/av_r/x/y/theta/t_err: 0.52873 0.00000 2.48048 -0.98739 0.80119 0.14817 -0.04483 0.14817 -0.04483 0 0 104.70585 0.52873
fb: -0.10082 0.85980 0.76871 -0.76712
fb: -0.10656 0.80921 0.74342 -0.74182
target: 0.00000 0.18402
dist/lin/ang/drive_left/drive_right/tv_l/tv_r/av_l/av_r/x/y/theta/t_err: 0.39351 0.00000 1.40675 -0.91577 0.70265 0.39697 -0.48547 0.39697 -0.48547 0 0 112.45372 0.39351
fb: -0.12399 0.75529 0.83341 -0.83463
fb: -0.12421 0.69954 0.80554 -0.80676
target: 0.00000 0.07538
dist/lin/ang/drive_left/drive_right/tv_l/tv_r/av_l/av_r/x/y/theta/t_err: 0.27152 0.00000 0.57627 -0.82376 0.57533 0.39031 -0.49881 0.39031 -0.49881 0 0 119.44312 0.27152
fb: -0.11649 0.64213 0.76075 -0.76413
fb: -0.11054 0.58521 0.73229 -0.73567
target: 0.00000 -0.00768
dist/lin/ang/drive_left/drive_right/tv_l/tv_r/av_l/av_r/x/y/theta/t_err: 0.16665 0.00000 -0.05874 -0.69575 0.47467 0.46575 -0.49417 0.46575 -0.49417 0 0 125.45163 0.16665
fb: -0.09112 0.52786 0.68574 -0.69079
fb: -0.08539 0.47087 0.65724 -0.66229
target: 0.00000 -0.07137
dist/lin/ang/drive_left/drive_right/tv_l/tv_r/av_l/av_r/x/y/theta/t_err: 0.07918 0.00000 -0.54563 -0.55626 0.38548 0.43478 -0.49947 0.43478 -0.49947 0 0 130.46358 0.07918
fb: -0.08914 0.41708 0.61767 -0.62399
fb: -0.09885 0.36552 0.59189 -0.59821
target: 0.00000 -0.11657
dist/lin/ang/drive_left/drive_right/tv_l/tv_r/av_l/av_r/x/y/theta/t_err: 0.00896 0.00000 -0.89115 -0.46437 0.26667 0.40311 -0.45789 0.40311 -0.45789 0 0 134.48677 0.00896
fb: -0.11827 0.30922 0.53341 -0.54064
fb: -0.11827 0.25083 0.50422 -0.51144
target: 0.00000 -0.14539
dist/lin/ang/drive_left/drive_right/tv_l/tv_r/av_l/av_r/x/y/theta/t_err: -0.04482 0.00000 -1.11144 -0.36910 0.13256 0.46917 -0.44058 0.46917 -0.44058 0 0 137.56797 -0.04482
fb: -0.11055 0.19453 0.43606 -0.44387
fb: -0.10658 0.14402 0.41081 -0.41861
target: 0.00000 -0.15351
dist/lin/ang/drive_left/drive_right/tv_l/tv_r/av_l/av_r/x/y/theta/t_err: -0.08117 0.00000 -1.17356 -0.25060 0.03744 0.45872 -0.43906 0.45872 -0.43906 0 0 139.65077 -0.08117
fb: -0.09312 0.09894 0.17845 -0.18641
fb: -0.08540 0.05748 0.17845 -0.18641
target: 0.00000 -0.14692
dist/lin/ang/drive_left/drive_right/tv_l/tv_r/av_l/av_r/x/y/theta/t_err: -0.10155 0.00000 -1.12315 -0.14288 -0.02791 0.33350 -0.35622 0.33350 -0.35622 0 0 140.81858 -0.10155
fb: -0.08540 0.01407 0.10778 -0.11562
fb: -0.07944 -0.02425 0.10778 -0.11562
target: 0.00000 -0.13090
dist/lin/ang/drive_left/drive_right/tv_l/tv_r/av_l/av_r/x/y/theta/t_err: -0.10871 0.00000 -1.00072 -0.05519 -0.10368 0.17214 -0.18019 0.17214 -0.18019 0 0 141.22870 -0.10871
fb: -0.06973 -0.04801 0.05466 -0.06218
fb: -0.04855 -0.06118 0.05466 -0.06218
target: 0.00000 -0.10511
dist/lin/ang/drive_left/drive_right/tv_l/tv_r/av_l/av_r/x/y/theta/t_err: -0.10423 0.00000 -0.80352 0.01263 -0.10972 0.10042 -0.10111 0.10042 -0.10111 0 0 140.97202 -0.10423
fb: -0.03111 -0.06786 -0.08468 0.08747
fb: -0.02913 -0.06919 -0.08468 0.08747
target: 0.00000 -0.08572
dist/lin/ang/drive_left/drive_right/tv_l/tv_r/av_l/av_r/x/y/theta/t_err: -0.09471 0.00000 -0.65528 0.04006 -0.09832 0.03800 -0.01967 0.03800 -0.01967 0 0 140.42675 -0.09471
fb: -0.02891 -0.06647 -0.06886 0.07204
fb: -0.02516 -0.06257 -0.06886 0.07204
target: 0.00000 -0.07265
dist/lin/ang/drive_left/drive_right/tv_l/tv_r/av_l/av_r/x/y/theta/t_err: -0.08425 0.00000 -0.55541 0.03741 -0.08772 -0.06914 0.06914 -0.06914 0.06914 0 0 139.82723 -0.08425
fb: -0.01567 -0.05811 -0.04913 0.05257
fb: -0.01169 -0.05226 -0.04913 0.05257
target: 0.00000 -0.06434
dist/lin/ang/drive_left/drive_right/tv_l/tv_r/av_l/av_r/x/y/theta/t_err: -0.07484 0.00000 -0.49187 0.04056 -0.06395 -0.06383 0.06622 -0.06383 0.06622 0 0 139.28828 -0.07484
fb: -0.00772 -0.04278 0.04473 -0.05091
fb: 0.00000 -0.03031 0.04473 -0.05091
target: 0.00000 -0.05937
dist/lin/ang/drive_left/drive_right/tv_l/tv_r/av_l/av_r/x/y/theta/t_err: -0.06726 0.00000 -0.45390 0.03031 -0.03031 -0.03800 0.01539 -0.03800 0.01539 0 0 138.85352 -0.06726
fb: 0.00000 -0.01721 0.05645 -0.06253
fb: 0.00000 -0.00899 0.05645 -0.06253
target: 0.00000 -0.06108
dist/lin/ang/drive_left/drive_right/tv_l/tv_r/av_l/av_r/x/y/theta/t_err: -0.06312 0.00000 -0.46693 0.00899 -0.00899 0.03883 -0.05183 0.03883 -0.05183 0 0 138.61629 -0.06312
fb: -0.00199 -0.00300 0.08762 -0.09374
fb: -0.00199 0.00139 0.08762 -0.09374
target: 0.00000 -0.06510
dist/lin/ang/drive_left/drive_right/tv_l/tv_r/av_l/av_r/x/y/theta/t_err: -0.06193 0.00000 -0.49765 -0.00338 -0.00059 0.05644 -0.07408 0.05644 -0.07408 0 0 138.54818 -0.06193
fb: 0.00000 0.00481 0.10072 -0.10692
fb: 0.00000 0.00669 0.10072 -0.10692
target: 0.00000 -0.06818
dist/lin/ang/drive_left/drive_right/tv_l/tv_r/av_l/av_r/x/y/theta/t_err: -0.06226 0.00000 -0.52125 -0.00669 0.00669 0.08283 -0.09464 0.08283 -0.09464 0 0 138.56703 -0.06226
fb: 0.00000 0.00404 0.09860 -0.10486
fb: 0.00000 -0.00167 0.09860 -0.10486
target: 0.00000 -0.07014
dist/lin/ang/drive_left/drive_right/tv_l/tv_r/av_l/av_r/x/y/theta/t_err: -0.06314 0.00000 -0.53622 0.00167 -0.00167 0.10131 -0.09889 0.10131 -0.09889 0 0 138.61768 -0.06314
fb: -0.00199 -0.01108 0.09483 -0.10113
fb: -0.00199 -0.02369 0.09483 -0.10113
target: 0.00000 -0.06668
dist/lin/ang/drive_left/drive_right/tv_l/tv_r/av_l/av_r/x/y/theta/t_err: -0.06249 0.00000 -0.50976 0.02170 -0.02568 0.08761 -0.09736 0.08761 -0.09736 0 0 138.58052 -0.06249
fb: 0.00000 -0.03261 0.06813 -0.07435
fb: 0.00000 -0.03637 0.06813 -0.07435
target: 0.00000 -0.05650
dist/lin/ang/drive_left/drive_right/tv_l/tv_r/av_l/av_r/x/y/theta/t_err: -0.05856 0.00000 -0.43194 0.03637 -0.03637 0.08333 -0.08969 0.08333 -0.08969 0 0 138.35512 -0.05856
fb: 0.00000 -0.03644 -0.04698 0.05074
fb: 0.00000 -0.03337 -0.04698 0.05074
target: 0.00000 -0.04753
dist/lin/ang/drive_left/drive_right/tv_l/tv_r/av_l/av_r/x/y/theta/t_err: -0.05299 0.00000 -0.36332 0.03337 -0.03337 0.03694 -0.04139 0.03694 -0.04139 0 0 138.03626 -0.05299
fb: 0.00000 -0.02738 -0.04757 0.05152
fb: -0.00375 -0.02564 -0.04757 0.05152
target: 0.00000 -0.04342
dist/lin/ang/drive_left/drive_right/tv_l/tv_r/av_l/av_r/x/y/theta/t_err: -0.04810 0.00000 -0.33190 0.02189 -0.02939 -0.03833 0.04553 -0.03833 0.04553 0 0 137.75578 -0.04810
fb: -0.00375 -0.01944 0.04962 -0.05538
fb: 0.00000 -0.00989 0.04962 -0.05538
target: 0.00000 -0.04234
dist/lin/ang/drive_left/drive_right/tv_l/tv_r/av_l/av_r/x/y/theta/t_err: -0.04467 0.00000 -0.32371 0.00989 -0.00989 -0.01181 0.01692 -0.01181 0.01692 0 0 137.55960 -0.04467
fb: -0.01368 -0.00516 0.06257 -0.06832
fb: -0.02913 -0.00070 0.06257 -0.06832
target: 0.00000 -0.04454
dist/lin/ang/drive_left/drive_right/tv_l/tv_r/av_l/av_r/x/y/theta/t_err: -0.04330 0.00000 -0.34052 -0.02843 -0.02982 0.04600 -0.04978 0.04600 -0.04978 0 0 137.48094 -0.04330
fb: -0.02714 0.00000 0.07876 -0.08455
fb: -0.01545 0.00077 0.07876 -0.08455
target: 0.00000 -0.04661
dist/lin/ang/drive_left/drive_right/tv_l/tv_r/av_l/av_r/x/y/theta/t_err: -0.04316 0.00000 -0.35631 -0.01621 -0.01468 0.06383 -0.07067 0.06383 -0.07067 0 0 137.47293 -0.04316
fb: -0.00375 0.00000 0.07955 -0.08537
fb: 0.00000 -0.00091 0.07955 -0.08537
target: 0.00000 -0.04702
dist/lin/ang/drive_left/drive_right/tv_l/tv_r/av_l/av_r/x/y/theta/t_err: -0.04322 0.00000 -0.35948 0.00091 -0.00091 0.06825 -0.08217 0.06825 -0.08217 0 0 137.47617 -0.04322
fb: 0.00000 -0.00530 0.07240 -0.07823
fb: 0.00000 -0.01359 0.07240 -0.07823
target: 0.00000 -0.04583
dist/lin/ang/drive_left/drive_right/tv_l/tv_r/av_l/av_r/x/y/theta/t_err: -0.04284 0.00000 -0.35039 0.01359 -0.01359 0.06897 -0.07458 0.06897 -0.07458 0 0 137.45457 -0.04284
fb: 0.00000 -0.01742 0.06438 -0.07019
fb: 0.00000 -0.01881 0.06438 -0.07019
target: 0.00000 -0.04025
dist/lin/ang/drive_left/drive_right/tv_l/tv_r/av_l/av_r/x/y/theta/t_err: -0.04067 0.00000 -0.30773 0.01881 -0.01881 0.06603 -0.06894 0.06603 -0.06894 0 0 137.33024 -0.04067
fb: 0.00000 -0.01902 0.04088 -0.04658
fb: 0.00000 -0.01777 0.04088 -0.04658
final error was -2.16472
position: 0.41606 -1.14112 137.16472
took 1.04000 time to finish turn
decreased to 90.00000
target: 0.00000 0.15697
dist/lin/ang/drive_left/drive_right/tv_l/tv_r/av_l/av_r/x/y/theta/t_err: 1.57079 0.00000 1.20000 0.00000 0.00000 -0.00017 0.00000 -0.00017 0.00000 0 0 0.00018 1.57079
fb: 0.00000 0.00000 -0.85057 0.85860
fb: 0.00000 0.00000 -0.85057 0.85860
target: 0.00000 0.31394
dist/lin/ang/drive_left/drive_right/tv_l/tv_r/av_l/av_r/x/y/theta/t_err: 1.57079 0.00000 2.40000 0.00000 0.00000 -0.05458 0.03883 -0.05458 0.03883 0 0 0.00027 1.57079
fb: 0.00000 0.00000 -1.00000 1.00000
fb: 0.00000 0.00153 -1.00000 1.00000
target: 0.00000 0.47092
dist/lin/ang/drive_left/drive_right/tv_l/tv_r/av_l/av_r/x/y/theta/t_err: 1.57079 0.00000 3.60000 -0.00153 0.00153 -0.44867 0.45600 -0.44867 0.45600 0 0 0.00030 1.57079
fb: 0.00000 0.02759 -1.00000 1.00000
fb: 0.00000 0.06947 -1.00000 1.00000
target: 0.00000 0.62789
dist/lin/ang/drive_left/drive_right/tv_l/tv_r/av_l/av_r/x/y/theta/t_err: 1.56922 0.00000 4.80000 -0.06947 0.06947 -0.67094 0.30147 -0.67094 0.30147 0 0 0.09022 1.56922
fb: 0.00000 0.10897 -1.00000 1.00000
fb: 0.00000 0.14959 -1.00000 1.00000
target: 0.00000 0.78486
dist/lin/ang/drive_left/drive_right/tv_l/tv_r/av_l/av_r/x/y/theta/t_err: 1.55716 0.00000 6.00000 -0.14959 0.14959 -0.75717 0.60453 -0.75717 0.60453 0 0 0.78135 1.55716
fb: 0.00000 0.18889 -1.00000 1.00000
fb: 0.00000 0.23000 -1.00000 1.00000
target: 0.00000 0.78486
dist/lin/ang/drive_left/drive_right/tv_l/tv_r/av_l/av_r/x/y/theta/t_err: 1.53290 0.00000 6.00000 -0.23000 0.23000 -0.80231 0.70686 -0.80231 0.70686 0 0 2.17104 1.53290
fb: 0.00000 0.27313 -0.82074 0.84134
fb: 0.00000 0.31842 -0.79810 0.81869
target: 0.00000 0.78486
dist/lin/ang/drive_left/drive_right/tv_l/tv_r/av_l/av_r/x/y/theta/t_err: 1.49622 0.00000 6.00000 -0.31842 0.31842 -0.70683 0.71233 -0.70683 0.71233 0 0 4.27284 1.49622
fb: 0.00000 0.35799 -0.77831 0.79890
fb: 0.00000 0.39457 -0.76002 0.78061
target: 0.00000 0.78486
dist/lin/ang/drive_left/drive_right/tv_l/tv_r/av_l/av_r/x/y/theta/t_err: 1.44629 0.00000 6.00000 -0.39457 0.39457 -0.59786 0.40775 -0.59786 0.40775 0 0 7.13344 1.44629
fb: 0.00000 0.42321 -0.74570 0.76629
fb: -0.00397 0.45087 -0.73187 0.75246
target: 0.00000 0.78486
dist/lin/ang/drive_left/drive_right/tv_l/tv_r/av_l/av_r/x/y/theta/t_err: 1.38514 0.00000 6.00000 -0.45484 0.44690 -0.58500 0.34019 -0.58500 0.34019 0 0 10.63715 1.38514
fb: -0.03486 0.47909 -0.71776 0.73835
fb: -0.06399 0.50292 -0.70585 0.72644
target: 0.00000 0.78486
dist/lin/ang/drive_left/drive_right/tv_l/tv_r/av_l/av_r/x/y/theta/t_err: 1.31526 0.00000 6.00000 -0.56691 0.43893 -0.59289 0.47961 -0.59289 0.47961 0 0 14.64135 1.31526
fb: -0.05825 0.52940 -0.69261 0.71320
fb: -0.04832 0.55936 -0.67763 0.69822
target: 0.00000 0.78486
dist/lin/ang/drive_left/drive_right/tv_l/tv_r/av_l/av_r/x/y/theta/t_err: 1.23750 0.00000 6.00000 -0.60768 0.51104 -0.60092 0.53864 -0.60092 0.53864 0 0 19.09638 1.23750
fb: -0.04060 0.58925 -0.66269 0.68328
fb: -0.03685 0.61872 -0.64795 0.66854
target: 0.00000 0.78486
dist/lin/ang/drive_left/drive_right/tv_l/tv_r/av_l/av_r/x/y/theta/t_err: 1.15107 0.00000 6.00000 -0.65557 0.58187 -0.61172 0.58400 -0.61172 0.58400 0 0 24.04843 1.15107
fb: -0.04854 0.64422 -0.63520 0.65579
fb: -0.06398 0.67014 -0.62224 0.64283
target: 0.00000 0.78486
dist/lin/ang/drive_left/drive_right/tv_l/tv_r/av_l/av_r/x/y/theta/t_err: 1.05587 0.00000 6.00000 -0.73413 0.60616 -0.61222 0.58742 -0.61222 0.58742 0 0 29.50309 1.05587
fb: -0.06994 0.69822 -0.60820 0.62879
fb: -0.08141 0.72149 -0.59656 0.61715
target: 0.00000 0.78486
dist/lin/ang/drive_left/drive_right/tv_l/tv_r/av_l/av_r/x/y/theta/t_err: 0.95257 0.00000 6.00000 -0.80291 0.64008 -0.60281 0.58811 -0.60281 0.58811 0 0 35.42190 0.95257
fb: -0.08516 0.74267 -0.58597 0.60656
fb: -0.08935 0.76406 -0.57528 0.59587
target: 0.00000 0.71459
dist/lin/ang/drive_left/drive_right/tv_l/tv_r/av_l/av_r/x/y/theta/t_err: 0.84175 0.00000 5.46280 -0.85342 0.67471 -0.57819 0.58208 -0.57819 0.58208 0 0 41.77124 0.84175
fb: -0.09509 0.78302 -0.16736 0.18655
fb: -0.08715 0.80329 -0.15723 0.17641
target: 0.00000 0.57558
dist/lin/ang/drive_left/drive_right/tv_l/tv_r/av_l/av_r/x/y/theta/t_err: 0.72445 0.00000 4.40010 -0.89044 0.71614 -0.46097 0.50358 -0.46097 0.50358 0 0 48.49195 0.72445
fb: -0.08715 0.82001 0.40116 -0.39454
fb: -0.08538 0.82454 0.40342 -0.39681
target: 0.00000 0.43127
dist/lin/ang/drive_left/drive_right/tv_l/tv_r/av_l/av_r/x/y/theta/t_err: 0.60127 0.00000 3.29689 -0.90992 0.73916 -0.08881 0.15675 -0.08881 0.15675 0 0 55.54949 0.60127
fb: -0.07766 0.81960 0.59363 -0.58990
fb: -0.07369 0.80378 0.58573 -0.58199
target: 0.00000 0.29050
dist/lin/ang/drive_left/drive_right/tv_l/tv_r/av_l/av_r/x/y/theta/t_err: 0.47566 0.00000 2.22076 -0.87747 0.73009 0.33161 -0.30594 0.33161 -0.30594 0 0 62.74673 0.47566
fb: -0.07766 0.76239 0.71380 -0.71288
fb: -0.09509 0.70700 0.68610 -0.68519
target: 0.00000 0.16799
dist/lin/ang/drive_left/drive_right/tv_l/tv_r/av_l/av_r/x/y/theta/t_err: 0.35485 0.00000 1.28423 -0.80209 0.61191 0.40178 -0.41256 0.40178 -0.41256 0 0 69.66833 0.35485
fb: -0.11826 0.65690 0.72221 -0.72374
fb: -0.12201 0.59573 0.69162 -0.69316
target: 0.00000 0.07876
dist/lin/ang/drive_left/drive_right/tv_l/tv_r/av_l/av_r/x/y/theta/t_err: 0.24859 0.00000 0.60209 -0.71774 0.47372 0.43222 -0.45992 0.43222 -0.45992 0 0 75.75703 0.24859
fb: -0.12201 0.53490 0.61586 -0.61918
fb: -0.11849 0.47749 0.58716 -0.59048
target: 0.00000 0.01383
dist/lin/ang/drive_left/drive_right/tv_l/tv_r/av_l/av_r/x/y/theta/t_err: 0.15981 0.00000 0.10572 -0.59597 0.35900 0.40244 -0.38725 0.40244 -0.38725 0 0 80.84362 0.15981
fb: -0.09907 0.42551 0.52778 -0.53240
fb: -0.09488 0.37088 0.50047 -0.50509
target: 0.00000 -0.03164
dist/lin/ang/drive_left/drive_right/tv_l/tv_r/av_l/av_r/x/y/theta/t_err: 0.08869 0.00000 -0.24185 -0.46576 0.27600 0.40603 -0.40092 0.40603 -0.40092 0 0 84.91867 0.08869
fb: -0.09687 0.31229 0.43677 -0.44230
fb: -0.10481 0.25822 0.40974 -0.41527
target: 0.00000 -0.06064
dist/lin/ang/drive_left/drive_right/tv_l/tv_r/av_l/av_r/x/y/theta/t_err: 0.03428 0.00000 -0.46357 -0.36303 0.15341 0.43117 -0.41408 0.43117 -0.41408 0 0 88.03593 0.03428
fb: -0.11253 0.20366 0.34232 -0.34842
fb: -0.10283 0.14904 0.21017 -0.21627
target: 0.00000 -0.07072
dist/lin/ang/drive_left/drive_right/tv_l/tv_r/av_l/av_r/x/y/theta/t_err: -0.00314 0.00000 -0.54062 -0.25186 0.04621 0.38139 -0.38431 0.38139 -0.38431 0 0 90.18000 -0.00314
fb: -0.08539 0.09497 0.13176 -0.13806
fb: -0.07370 0.04417 0.13176 -0.13806
target: 0.00000 -0.06320
dist/lin/ang/drive_left/drive_right/tv_l/tv_r/av_l/av_r/x/y/theta/t_err: -0.02387 0.00000 -0.48312 -0.11787 -0.02953 0.20875 -0.22414 0.20875 -0.22414 0 0 91.36760 -0.02387
fb: -0.06576 -0.00244 0.04752 -0.05368
fb: -0.04656 -0.03477 0.04752 -0.05368
target: 0.00000 -0.04046
dist/lin/ang/drive_left/drive_right/tv_l/tv_r/av_l/av_r/x/y/theta/t_err: -0.02891 0.00000 -0.30931 -0.01179 -0.08133 0.10283 -0.10728 0.10283 -0.10728 0 0 91.65654 -0.02891
fb: -0.02913 -0.05212 -0.11422 0.11831
fb: -0.02317 -0.05895 -0.11422 0.11831
final error was -1.32417
position: -0.44385 -0.90222 91.32417
took 0.54000 time to finish turn
decreased kp to 8.20000
decreased kp to 8.10000
decreased kp to 8.00000
decreased kp to 7.90000
target: 0.00000 0.15697
dist/lin/ang/drive_left/drive_right/tv_l/tv_r/av_l/av_r/x/y/theta/t_err: 1.57079 0.00000 1.20000 0.00000 0.00000 0.00000 -0.00017 0.00000 -0.00017 0 0 0.00017 1.57079
fb: 0.00000 0.00000 -0.85057 0.85860
fb: 0.00000 0.00000 -0.85057 0.85860
target: 0.00000 0.31394
dist/lin/ang/drive_left/drive_right/tv_l/tv_r/av_l/av_r/x/y/theta/t_err: 1.57079 0.00000 2.40000 0.00000 0.00000 0.00000 0.08058 0.00000 0.08058 0 0 0.00014 1.57079
fb: 0.00000 0.00056 -1.00000 1.00000
fb: 0.00000 0.01407 -1.00000 1.00000
target: 0.00000 0.47092
dist/lin/ang/drive_left/drive_right/tv_l/tv_r/av_l/av_r/x/y/theta/t_err: 1.57077 0.00000 3.60000 -0.01407 0.01407 -0.46625 0.45994 -0.46625 0.45994 0 0 0.00172 1.57077
fb: 0.00000 0.04487 -1.00000 1.00000
fb: 0.00000 0.09093 -1.00000 1.00000
target: 0.00000 0.62789
dist/lin/ang/drive_left/drive_right/tv_l/tv_r/av_l/av_r/x/y/theta/t_err: 1.56736 0.00000 4.80000 -0.09093 0.09093 -0.66767 0.48594 -0.66767 0.48594 0 0 0.19679 1.56736
fb: 0.00000 0.13287 -1.00000 1.00000
fb: 0.00000 0.16694 -1.00000 1.00000
target: 0.00000 0.78486
dist/lin/ang/drive_left/drive_right/tv_l/tv_r/av_l/av_r/x/y/theta/t_err: 1.55178 0.00000 6.00000 -0.16694 0.16694 -0.78881 0.65278 -0.78881 0.65278 0 0 1.08950 1.55178
fb: 0.00000 0.20889 -1.00000 1.00000
fb: 0.00000 0.25041 -1.00000 1.00000
target: 0.00000 0.78486
dist/lin/ang/drive_left/drive_right/tv_l/tv_r/av_l/av_r/x/y/theta/t_err: 1.52463 0.00000 6.00000 -0.25041 0.25041 -0.82472 0.73919 -0.82472 0.73919 0 0 2.64515 1.52463
fb: 0.00000 0.29236 -0.81113 0.83172
fb: 0.00000 0.33437 -0.79012 0.81071
target: 0.00000 0.78486
dist/lin/ang/drive_left/drive_right/tv_l/tv_r/av_l/av_r/x/y/theta/t_err: 1.48486 0.00000 6.00000 -0.33437 0.33437 -0.71181 0.70583 -0.71181 0.70583 0 0 4.92384 1.48486
fb: 0.00000 0.37486 -0.76988 0.79047
fb: 0.00000 0.41109 -0.75177 0.77236
target: 0.00000 0.78486
dist/lin/ang/drive_left/drive_right/tv_l/tv_r/av_l/av_r/x/y/theta/t_err: 1.43227 0.00000 6.00000 -0.41109 0.41109 -0.54311 0.49911 -0.54311 0.49911 0 0 7.93704 1.43227
fb: 0.00000 0.44551 -0.73456 0.75515
fb: 0.00000 0.47442 -0.72010 0.74069
target: 0.00000 0.78486
dist/lin/ang/drive_left/drive_right/tv_l/tv_r/av_l/av_r/x/y/theta/t_err: 1.36820 0.00000 6.00000 -0.47442 0.47442 -0.60058 0.53797 -0.60058 0.53797 0 0 11.60778 1.36820
fb: 0.00000 0.50376 -0.70543 0.72602
fb: 0.00000 0.53183 -0.69139 0.71198
target: 0.00000 0.78486
dist/lin/ang/drive_left/drive_right/tv_l/tv_r/av_l/av_r/x/y/theta/t_err: 1.29476 0.00000 6.00000 -0.53183 0.53183 -0.63125 0.54311 -0.63125 0.54311 0 0 15.81558 1.29476
fb: 0.00000 0.56040 -0.67711 0.69770
fb: 0.00000 0.59203 -0.66129 0.68188
target: 0.00000 0.78486
dist/lin/ang/drive_left/drive_right/tv_l/tv_r/av_l/av_r/x/y/theta/t_err: 1.21257 0.00000 6.00000 -0.59203 0.59203 -0.60383 0.56603 -0.60383 0.56603 0 0 20.52490 1.21257
fb: 0.00000 0.61949 -0.64757 0.66816
fb: 0.00000 0.64708 -0.63377 0.65436
target: 0.00000 0.78486
dist/lin/ang/drive_left/drive_right/tv_l/tv_r/av_l/av_r/x/y/theta/t_err: 1.12131 0.00000 6.00000 -0.64708 0.64708 -0.60164 0.58022 -0.60164 0.58022 0 0 25.75394 1.12131
fb: 0.00000 0.67411 -0.62025 0.64084
fb: 0.00000 0.69934 -0.60764 0.62823
target: 0.00000 0.78486
dist/lin/ang/drive_left/drive_right/tv_l/tv_r/av_l/av_r/x/y/theta/t_err: 1.02162 0.00000 6.00000 -0.69934 0.69934 -0.60725 0.57528 -0.60725 0.57528 0 0 31.46571 1.02162
fb: 0.00000 0.72707 -0.59378 0.61437
fb: 0.00000 0.74853 -0.58305 0.60364
target: 0.00000 0.75051
dist/lin/ang/drive_left/drive_right/tv_l/tv_r/av_l/av_r/x/y/theta/t_err: 0.91384 0.00000 5.73740 -0.74853 0.74853 -0.58875 0.58367 -0.58875 0.58367 0 0 37.64087 0.91384
fb: 0.00000 0.76818 -0.37845 0.39836
fb: 0.00000 0.78741 -0.36884 0.38874
target: 0.00000 0.61892
dist/lin/ang/drive_left/drive_right/tv_l/tv_r/av_l/av_r/x/y/theta/t_err: 0.79893 0.00000 4.73147 -0.78741 0.78741 -0.55217 0.54497 -0.55217 0.54497 0 0 44.22488 0.79893
fb: 0.00000 0.80273 0.30838 -0.30090
fb: 0.00000 0.81075 0.31239 -0.30491
target: 0.00000 0.48368
dist/lin/ang/drive_left/drive_right/tv_l/tv_r/av_l/av_r/x/y/theta/t_err: 0.67819 0.00000 3.69757 -0.81075 0.81075 -0.38414 0.29036 -0.38414 0.29036 0 0 51.14257 0.67819
fb: 0.00000 0.80580 0.48462 -0.47984
fb: -0.04258 0.79465 0.47904 -0.47426
target: 0.00000 0.35133
dist/lin/ang/drive_left/drive_right/tv_l/tv_r/av_l/av_r/x/y/theta/t_err: 0.55478 0.00000 2.68582 -0.83723 0.75207 0.18889 -0.20600 0.18889 -0.20600 0 0 58.21359 0.55478
fb: -0.07567 0.75960 0.60333 -0.60120
fb: -0.06994 0.71014 0.57860 -0.57646
target: 0.00000 0.23420
dist/lin/ang/drive_left/drive_right/tv_l/tv_r/av_l/av_r/x/y/theta/t_err: 0.43504 0.00000 1.79038 -0.78007 0.64020 0.40178 -0.41083 0.40178 -0.41083 0 0 65.07415 0.43504
fb: -0.06773 0.65690 0.62055 -0.62076
fb: -0.06575 0.60283 0.59352 -0.59373
target: 0.00000 0.14813
dist/lin/ang/drive_left/drive_right/tv_l/tv_r/av_l/av_r/x/y/theta/t_err: 0.32860 0.00000 1.13242 -0.66858 0.53708 0.43719 -0.43136 0.43719 -0.43136 0 0 71.17258 0.32860
fb: -0.07369 0.54828 0.52715 -0.52908
fb: -0.07568 0.49512 0.50057 -0.50250
target: 0.00000 0.08467
dist/lin/ang/drive_left/drive_right/tv_l/tv_r/av_l/av_r/x/y/theta/t_err: 0.23859 0.00000 0.64724 -0.57080 0.41943 0.50067 -0.47775 0.50067 -0.47775 0 0 76.32975 0.23859
fb: -0.06995 0.44432 0.44773 -0.45093
fb: -0.05627 0.39074 0.42094 -0.42414
target: 0.00000 0.03774
dist/lin/ang/drive_left/drive_right/tv_l/tv_r/av_l/av_r/x/y/theta/t_err: 0.16485 0.00000 0.28847 -0.44701 0.33448 0.47689 -0.45447 0.47689 -0.45447 0 0 80.55454 0.16485
fb: -0.04457 0.33096 0.37154 -0.37568
fb: -0.04259 0.27153 0.22493 -0.22906
target: 0.00000 0.00783
dist/lin/ang/drive_left/drive_right/tv_l/tv_r/av_l/av_r/x/y/theta/t_err: 0.10747 0.00000 0.05989 -0.31411 0.22894 0.40331 -0.41117 0.40331 -0.41117 0 0 83.84266 0.10747
fb: -0.05428 0.21760 0.16833 -0.17307
fb: -0.06399 0.17057 0.16833 -0.17307
target: 0.00000 -0.00094
dist/lin/ang/drive_left/drive_right/tv_l/tv_r/av_l/av_r/x/y/theta/t_err: 0.06792 0.00000 -0.00719 -0.23456 0.10658 0.24556 -0.25889 0.24556 -0.25889 0 0 86.10847 0.06792
fb: -0.06774 0.12674 0.07914 -0.08405
fb: -0.06223 0.08480 0.07914 -0.08405
target: 0.00000 0.00092
dist/lin/ang/drive_left/drive_right/tv_l/tv_r/av_l/av_r/x/y/theta/t_err: 0.04346 0.00000 0.00702 -0.14702 0.02257 0.14631 -0.16494 0.14631 -0.16494 0 0 87.50989 0.04346
fb: -0.03685 0.04522 -0.04800 0.05291
fb: -0.01942 0.01226 -0.04800 0.05291
target: 0.00000 0.01244
dist/lin/ang/drive_left/drive_right/tv_l/tv_r/av_l/av_r/x/y/theta/t_err: 0.03199 0.00000 0.09508 -0.03168 -0.00716 0.04756 -0.07119 0.04756 -0.07119 0 0 88.16690 0.03199
fb: -0.00794 -0.01059 -0.09919 0.10433
fb: -0.00375 -0.01895 -0.09919 0.10433
target: 0.00000 0.02995
dist/lin/ang/drive_left/drive_right/tv_l/tv_r/av_l/av_r/x/y/theta/t_err: 0.03089 0.00000 0.22896 0.01520 -0.02270 -0.05028 0.04808 -0.05028 0.04808 0 0 88.22985 0.03089
fb: -0.01147 -0.01805 -0.13790 0.14339
fb: -0.01942 -0.02014 -0.13790 0.14339
final error was 1.92991
position: -0.08837 -0.38635 88.07009
took 0.54000 time to finish turn
increased to 135.00000
target: 0.00000 0.15697
dist/lin/ang/drive_left/drive_right/tv_l/tv_r/av_l/av_r/x/y/theta/t_err: 2.35619 0.00000 1.20000 0.00000 0.00000 0.00000 -0.00017 0.00000 -0.00017 0 0 0.00013 2.35619
fb: 0.00000 0.00000 -0.85057 0.85860
fb: 0.00000 0.00000 -0.85057 0.85860
target: 0.00000 0.31394
dist/lin/ang/drive_left/drive_right/tv_l/tv_r/av_l/av_r/x/y/theta/t_err: 2.35619 0.00000 2.40000 0.00000 0.00000 -0.05544 0.00000 -0.05544 0.00000 0 0 0.00023 2.35619
fb: 0.00000 0.00000 -1.00000 1.00000
fb: 0.00199 0.00153 -1.00000 1.00000
target: 0.00000 0.47092
dist/lin/ang/drive_left/drive_right/tv_l/tv_r/av_l/av_r/x/y/theta/t_err: 2.35620 0.00000 3.60000 0.00045 0.00352 -0.44917 0.48097 -0.44917 0.48097 0 0 -0.00003 2.35620
fb: 0.00199 0.02237 -1.00000 1.00000
fb: 0.00000 0.06870 -1.00000 1.00000
target: 0.00000 0.62789
dist/lin/ang/drive_left/drive_right/tv_l/tv_r/av_l/av_r/x/y/theta/t_err: 2.35492 0.00000 4.80000 -0.06870 0.06870 -0.69622 0.36978 -0.69622 0.36978 0 0 0.07329 2.35492
fb: 0.00000 0.10967 -1.00000 1.00000
fb: 0.00000 0.14186 -1.00000 1.00000
target: 0.00000 0.78486
dist/lin/ang/drive_left/drive_right/tv_l/tv_r/av_l/av_r/x/y/theta/t_err: 2.34294 0.00000 6.00000 -0.14186 0.14186 -0.79769 0.61856 -0.79769 0.61856 0 0 0.75952 2.34294
fb: 0.00000 0.18576 -1.00000 1.00000
fb: 0.00000 0.22888 -1.00000 1.00000
target: 0.00000 0.78486
dist/lin/ang/drive_left/drive_right/tv_l/tv_r/av_l/av_r/x/y/theta/t_err: 2.31947 0.00000 6.00000 -0.22888 0.22888 -0.81106 0.71044 -0.81106 0.71044 0 0 2.10400 2.31947
fb: 0.00000 0.27348 -0.82057 0.84116
fb: 0.00000 0.31591 -0.79935 0.81995
target: 0.00000 0.78486
dist/lin/ang/drive_left/drive_right/tv_l/tv_r/av_l/av_r/x/y/theta/t_err: 2.28282 0.00000 6.00000 -0.31591 0.31591 -0.71283 0.77258 -0.71283 0.77258 0 0 4.20389 2.28282
fb: 0.00000 0.35576 -0.77943 0.80002
fb: 0.00000 0.39416 -0.76023 0.78082
target: 0.00000 0.78486
dist/lin/ang/drive_left/drive_right/tv_l/tv_r/av_l/av_r/x/y/theta/t_err: 2.23316 0.00000 6.00000 -0.39416 0.39416 -0.62078 0.45908 -0.62078 0.45908 0 0 7.04919 2.23316
fb: 0.00000 0.42628 -0.74417 0.76476
fb: 0.00000 0.45631 -0.72916 0.74975
target: 0.00000 0.78486
dist/lin/ang/drive_left/drive_right/tv_l/tv_r/av_l/av_r/x/y/theta/t_err: 2.17197 0.00000 6.00000 -0.45631 0.45631 -0.60589 0.31967 -0.60589 0.31967 0 0 10.55525 2.17197
fb: 0.00000 0.48425 -0.71519 0.73578
fb: 0.00000 0.50724 -0.70369 0.72428
target: 0.00000 0.78486
dist/lin/ang/drive_left/drive_right/tv_l/tv_r/av_l/av_r/x/y/theta/t_err: 2.10133 0.00000 6.00000 -0.50724 0.50724 -0.60450 0.49317 -0.60450 0.49317 0 0 14.60268 2.10133
fb: 0.00000 0.53100 -0.69181 0.71240
fb: 0.00000 0.55984 -0.67739 0.69798
target: 0.00000 0.78486
dist/lin/ang/drive_left/drive_right/tv_l/tv_r/av_l/av_r/x/y/theta/t_err: 2.02304 0.00000 6.00000 -0.55984 0.55984 -0.61444 0.51967 -0.61444 0.51967 0 0 19.08840 2.02304
fb: 0.00000 0.58967 -0.66248 0.68307
fb: 0.00000 0.61858 -0.64802 0.66861
target: 0.00000 0.78486
dist/lin/ang/drive_left/drive_right/tv_l/tv_r/av_l/av_r/x/y/theta/t_err: 1.93651 0.00000 6.00000 -0.61858 0.61858 -0.61292 0.54156 -0.61292 0.54156 0 0 24.04635 1.93651
fb: -0.00397 0.64812 -0.63325 0.65384
fb: -0.04655 0.67572 -0.61945 0.64004
target: 0.00000 0.78486
dist/lin/ang/drive_left/drive_right/tv_l/tv_r/av_l/av_r/x/y/theta/t_err: 1.84105 0.00000 6.00000 -0.72227 0.62916 -0.60761 0.55800 -0.60761 0.55800 0 0 29.51578 1.84105
fb: -0.08516 0.70024 -0.60719 0.62778
fb: -0.09509 0.72316 -0.59573 0.61632
target: 0.00000 0.78486
dist/lin/ang/drive_left/drive_right/tv_l/tv_r/av_l/av_r/x/y/theta/t_err: 1.73710 0.00000 6.00000 -0.81826 0.62807 -0.59753 0.59853 -0.59753 0.59853 0 0 35.47171 1.73710
fb: -0.09708 0.74462 -0.58500 0.60559
fb: -0.08715 0.76525 -0.57468 0.59528
target: 0.00000 0.78486
dist/lin/ang/drive_left/drive_right/tv_l/tv_r/av_l/av_r/x/y/theta/t_err: 1.62596 0.00000 6.00000 -0.85240 0.67810 -0.57800 0.59478 -0.57800 0.59478 0 0 41.83928 1.62596
fb: -0.08538 0.78615 -0.56423 0.58482
fb: -0.07369 0.80538 -0.55462 0.57521
target: 0.00000 0.78486
dist/lin/ang/drive_left/drive_right/tv_l/tv_r/av_l/av_r/x/y/theta/t_err: 1.50840 0.00000 6.00000 -0.87907 0.73169 -0.56258 0.57492 -0.56258 0.57492 0 0 48.57493 1.50840
fb: -0.07170 0.82364 -0.54549 0.56608
fb: -0.08737 0.83848 -0.53807 0.55866
target: 0.00000 0.78486
dist/lin/ang/drive_left/drive_right/tv_l/tv_r/av_l/av_r/x/y/theta/t_err: 1.38482 0.00000 6.00000 -0.92584 0.75111 -0.54142 0.55661 -0.54142 0.55661 0 0 55.65559 1.38482
fb: -0.09310 0.84851 -0.53305 0.55364
fb: -0.10457 0.85938 -0.52762 0.54821
target: 0.00000 0.78486
dist/lin/ang/drive_left/drive_right/tv_l/tv_r/av_l/av_r/x/y/theta/t_err: 1.25644 0.00000 6.00000 -0.96395 0.75481 -0.52481 0.54069 -0.52481 0.54069 0 0 63.01121 1.25644
fb: -0.11627 0.86537 -0.52462 0.54521
fb: -0.11252 0.87171 -0.52145 0.54204
target: 0.00000 0.78486
dist/lin/ang/drive_left/drive_right/tv_l/tv_r/av_l/av_r/x/y/theta/t_err: 1.12505 0.00000 6.00000 -0.98423 0.75920 -0.51161 0.52703 -0.51161 0.52703 0 0 70.53918 1.12505
fb: -0.10854 0.87952 -0.51755 0.53814
fb: -0.09112 0.88683 -0.51389 0.53448
target: 0.00000 0.78433
dist/lin/ang/drive_left/drive_right/tv_l/tv_r/av_l/av_r/x/y/theta/t_err: 0.99147 0.00000 5.99592 -0.97795 0.79572 -0.50839 0.52306 -0.50839 0.52306 0 0 78.19275 0.99147
fb: -0.07766 0.89248 -0.50804 0.52862
fb: -0.07567 0.89965 -0.50445 0.52503
target: 0.00000 0.63999
dist/lin/ang/drive_left/drive_right/tv_l/tv_r/av_l/av_r/x/y/theta/t_err: 0.85567 0.00000 4.89253 -0.97532 0.82398 -0.50100 0.51144 -0.50100 0.51144 0 0 85.97364 0.85567
fb: -0.08714 0.90509 0.39228 -0.38438
fb: -0.10656 0.90704 0.39326 -0.38535
target: 0.00000 0.49406
dist/lin/ang/drive_left/drive_right/tv_l/tv_r/av_l/av_r/x/y/theta/t_err: 0.71789 0.00000 3.77691 -1.01360 0.80048 -0.34203 0.33692 -0.34203 0.33692 0 0 93.86775 0.71789
fb: -0.11053 0.90829 0.57183 -0.56684
fb: -0.12619 0.89526 0.56531 -0.56032
target: 0.00000 0.34861
dist/lin/ang/drive_left/drive_right/tv_l/tv_r/av_l/av_r/x/y/theta/t_err: 0.57903 0.00000 2.66500 -1.02146 0.76907 0.10489 -0.15897 0.10489 -0.15897 0 0 101.82395 0.57903
fb: -0.14539 0.87520 0.72327 -0.72119
fb: -0.14142 0.83395 0.70265 -0.70057
target: 0.00000 0.21221
dist/lin/ang/drive_left/drive_right/tv_l/tv_r/av_l/av_r/x/y/theta/t_err: 0.44268 0.00000 1.62229 -0.97537 0.69253 0.28969 -0.42964 0.28969 -0.42964 0 0 109.63645 0.44268
fb: -0.14164 0.78336 0.79621 -0.79685
fb: -0.15510 0.73543 0.77224 -0.77289
target: 0.00000 0.10206
dist/lin/ang/drive_left/drive_right/tv_l/tv_r/av_l/av_r/x/y/theta/t_err: 0.31718 0.00000 0.78023 -0.89053 0.58033 0.41956 -0.43819 0.41956 -0.43819 0 0 116.82668 0.31718
fb: -0.14540 0.68589 0.75823 -0.76108
fb: -0.13966 0.63600 0.73329 -0.73614
target: 0.00000 0.01388
dist/lin/ang/drive_left/drive_right/tv_l/tv_r/av_l/av_r/x/y/theta/t_err: 0.20635 0.00000 0.10614 -0.77566 0.49634 0.37300 -0.38278 0.37300 -0.38278 0 0 123.17717 0.20635
fb: -0.12996 0.58834 0.71375 -0.71837
fb: -0.10679 0.53887 0.68901 -0.69363
target: 0.00000 -0.05799
dist/lin/ang/drive_left/drive_right/tv_l/tv_r/av_l/av_r/x/y/theta/t_err: 0.11058 0.00000 -0.44331 -0.64566 0.43208 0.45036 -0.46711 0.45036 -0.46711 0 0 128.66447 0.11058
fb: -0.09510 0.47874 0.66967 -0.67572
fb: -0.08914 0.41255 0.63657 -0.64263
target: 0.00000 -0.11282
dist/lin/ang/drive_left/drive_right/tv_l/tv_r/av_l/av_r/x/y/theta/t_err: 0.03039 0.00000 -0.86244 -0.50169 0.32341 0.38036 -0.47261 0.38036 -0.47261 0 0 133.25869 0.03039
fb: -0.09687 0.35165 0.59357 -0.60072
fb: -0.11253 0.29891 0.56719 -0.57434
target: 0.00000 -0.14145
dist/lin/ang/drive_left/drive_right/tv_l/tv_r/av_l/av_r/x/y/theta/t_err: -0.03065 0.00000 -1.08136 -0.41144 0.18638 0.35811 -0.47706 0.35811 -0.47706 0 0 136.75586 -0.03065
fb: -0.11452 0.25202 0.45940 -0.46712
fb: -0.11827 0.20283 0.43480 -0.44252
target: 0.00000 -0.15662
dist/lin/ang/drive_left/drive_right/tv_l/tv_r/av_l/av_r/x/y/theta/t_err: -0.07477 0.00000 -1.19734 -0.32110 0.08455 0.44131 -0.48664 0.44131 -0.48664 0 0 139.28387 -0.07477
fb: -0.10084 0.15050 0.36580 -0.37382
fb: -0.05627 0.10089 0.34099 -0.34902
target: 0.00000 -0.15960
dist/lin/ang/drive_left/drive_right/tv_l/tv_r/av_l/av_r/x/y/theta/t_err: -0.10384 0.00000 -1.22012 -0.15716 0.04462 0.40692 -0.36156 0.40692 -0.36156 0 0 140.94971 -0.10384
fb: -0.02317 0.05693 0.15937 -0.16745
fb: -0.00772 0.01665 0.15937 -0.16745
target: 0.00000 -0.14653
dist/lin/ang/drive_left/drive_right/tv_l/tv_r/av_l/av_r/x/y/theta/t_err: -0.11769 0.00000 -1.12014 -0.02438 0.00893 0.32119 -0.34000 0.32119 -0.34000 0 0 141.74309 -0.11769
fb: -0.01567 -0.02717 0.07834 -0.08617
fb: -0.02913 -0.06563 0.07834 -0.08617
target: 0.00000 -0.12409
dist/lin/ang/drive_left/drive_right/tv_l/tv_r/av_l/av_r/x/y/theta/t_err: -0.11856 0.00000 -0.94864 0.03651 -0.09476 0.15725 -0.17708 0.15725 -0.17708 0 0 141.79310 -0.11856
fb: -0.03288 -0.08222 -0.05683 0.05925
fb: -0.03089 -0.08647 -0.05683 0.05925
target: 0.00000 -0.09292
dist/lin/ang/drive_left/drive_right/tv_l/tv_r/av_l/av_r/x/y/theta/t_err: -0.10811 0.00000 -0.71033 0.05558 -0.11736 0.06417 -0.09206 0.06417 -0.09206 0 0 141.19419 -0.10811
fb: -0.02317 -0.08333 -0.11705 0.12008
fb: -0.01169 -0.07790 -0.11705 0.12008
target: 0.00000 -0.07491
dist/lin/ang/drive_left/drive_right/tv_l/tv_r/av_l/av_r/x/y/theta/t_err: -0.09511 0.00000 -0.57265 0.06620 -0.08959 -0.04756 0.03678 -0.04756 0.03678 0 0 140.44946 -0.09511
fb: -0.00397 -0.07393 -0.06988 0.07327
fb: -0.00199 -0.07030 -0.06988 0.07327
target: 0.00000 -0.06491
dist/lin/ang/drive_left/drive_right/tv_l/tv_r/av_l/av_r/x/y/theta/t_err: -0.08333 0.00000 -0.49623 0.06832 -0.07229 -0.09889 0.11036 -0.09889 0.11036 0 0 139.77422 -0.08333
fb: -0.00199 -0.06647 -0.04052 0.04412
fb: 0.00000 -0.05853 -0.04052 0.04412
target: 0.00000 -0.05595
dist/lin/ang/drive_left/drive_right/tv_l/tv_r/av_l/av_r/x/y/theta/t_err: -0.07268 0.00000 -0.42774 0.05853 -0.05853 -0.06622 0.07581 -0.06622 0.07581 0 0 139.16412 -0.07268
fb: 0.00000 -0.04250 -0.04185 0.04562
fb: 0.00000 -0.02230 -0.04185 0.04562
target: 0.00000 -0.05170
dist/lin/ang/drive_left/drive_right/tv_l/tv_r/av_l/av_r/x/y/theta/t_err: -0.06441 0.00000 -0.39523 0.02230 -0.02230 -0.04158 0.04361 -0.04158 0.04361 0 0 138.69061 -0.06441
fb: 0.00000 -0.00125 0.05453 -0.06046
fb: 0.00000 0.01317 0.05453 -0.06046
target: 0.00000 -0.05911
dist/lin/ang/drive_left/drive_right/tv_l/tv_r/av_l/av_r/x/y/theta/t_err: -0.06178 0.00000 -0.45191 -0.01317 0.01317 -0.02858 0.04108 -0.02858 0.04108 0 0 138.53989 -0.06178
fb: 0.00000 0.02125 0.11200 -0.11807
fb: 0.00000 0.02439 0.11200 -0.11807
target: 0.00000 -0.07018
dist/lin/ang/drive_left/drive_right/tv_l/tv_r/av_l/av_r/x/y/theta/t_err: -0.06402 0.00000 -0.53647 -0.02439 0.02439 0.05289 -0.05150 0.05289 -0.05150 0 0 138.66793 -0.06402
fb: 0.00000 0.02487 0.13581 -0.14211
fb: 0.00000 0.02425 0.13581 -0.14211
target: 0.00000 -0.07668
dist/lin/ang/drive_left/drive_right/tv_l/tv_r/av_l/av_r/x/y/theta/t_err: -0.06773 0.00000 -0.58621 -0.02425 0.02425 0.10472 -0.10525 0.10472 -0.10525 0 0 138.88089 -0.06773
fb: 0.00000 0.02202 0.11968 -0.12611
fb: 0.00000 0.01644 0.11968 -0.12611
target: 0.00000 -0.08022
dist/lin/ang/drive_left/drive_right/tv_l/tv_r/av_l/av_r/x/y/theta/t_err: -0.07134 0.00000 -0.61324 -0.01644 0.01644 0.13125 -0.13706 0.13125 -0.13706 0 0 139.08768 -0.07134
fb: 0.00000 0.00599 0.10868 -0.11518
fb: 0.00000 -0.01380 0.10868 -0.11518
target: 0.00000 -0.07969
dist/lin/ang/drive_left/drive_right/tv_l/tv_r/av_l/av_r/x/y/theta/t_err: -0.07345 0.00000 -0.60923 0.01380 -0.01380 0.10950 -0.11736 0.10950 -0.11736 0 0 139.20841 -0.07345
fb: 0.00000 -0.03212 0.09006 -0.09655
fb: 0.00000 -0.04299 0.09006 -0.09655
target: 0.00000 -0.06811
dist/lin/ang/drive_left/drive_right/tv_l/tv_r/av_l/av_r/x/y/theta/t_err: -0.07070 0.00000 -0.52065 0.04299 -0.04299 0.09892 -0.10725 0.09892 -0.10725 0 0 139.05065 -0.07070
fb: 0.00000 -0.04933 -0.04554 0.04907
fb: 0.00000 -0.05051 -0.04554 0.04907
target: 0.00000 -0.05377
dist/lin/ang/drive_left/drive_right/tv_l/tv_r/av_l/av_r/x/y/theta/t_err: -0.06389 0.00000 -0.41103 0.05051 -0.05051 0.08728 -0.08883 0.08728 -0.08883 0 0 138.66035 -0.06389
fb: 0.00000 -0.04996 -0.06753 0.07135
fb: 0.00000 -0.04703 -0.06753 0.07135
target: 0.00000 -0.04440
dist/lin/ang/drive_left/drive_right/tv_l/tv_r/av_l/av_r/x/y/theta/t_err: -0.05625 0.00000 -0.33939 0.04703 -0.04703 -0.03458 0.03472 -0.03458 0.03472 0 0 138.22289 -0.05625
fb: 0.00000 -0.04083 -0.05145 0.05545
fb: 0.00000 -0.03707 -0.05145 0.05545
target: 0.00000 -0.03861
dist/lin/ang/drive_left/drive_right/tv_l/tv_r/av_l/av_r/x/y/theta/t_err: -0.04936 0.00000 -0.29515 0.03707 -0.03707 -0.06283 0.06758 -0.06283 0.06758 0 0 137.82796 -0.04936
fb: 0.00000 -0.03156 -0.03920 -0.04451
fb: 0.00000 -0.02696 -0.03920 -0.04451
target: 0.00000 -0.03559
dist/lin/ang/drive_left/drive_right/tv_l/tv_r/av_l/av_r/x/y/theta/t_err: -0.04391 0.00000 -0.27207 0.02696 -0.02696 -0.05492 0.04414 -0.05492 0.04414 0 0 137.51608 -0.04391
fb: 0.00000 -0.01972 0.04929 -0.05489
fb: 0.00000 -0.01143 0.04929 -0.05489
target: 0.00000 -0.03462
dist/lin/ang/drive_left/drive_right/tv_l/tv_r/av_l/av_r/x/y/theta/t_err: -0.04011 0.00000 -0.26463 0.01143 -0.01143 -0.03917 -0.03697 -0.03917 -0.03697 0 0 137.29830 -0.04011
fb: 0.00000 -0.00557 0.05783 -0.06342
fb: 0.00000 0.00125 0.05783 -0.06342
target: 0.00000 -0.03692
dist/lin/ang/drive_left/drive_right/tv_l/tv_r/av_l/av_r/x/y/theta/t_err: -0.03851 0.00000 -0.28222 -0.00125 0.00125 0.03697 -0.05286 0.03697 -0.05286 0 0 137.20654 -0.03851
fb: 0.00000 0.00446 0.07411 -0.07974
fb: 0.00000 0.00752 0.07411 -0.07974
target: 0.00000 -0.04055
dist/lin/ang/drive_left/drive_right/tv_l/tv_r/av_l/av_r/x/y/theta/t_err: -0.03878 0.00000 -0.30996 -0.00752 0.00752 0.05372 -0.06553 0.05372 -0.06553 0 0 137.22168 -0.03878
fb: 0.00000 0.00968 0.08252 -0.08822
fb: 0.00000 0.00989 0.08252 -0.08822
final error was -2.29651
position: 0.19345 -1.28782 137.29651
took 1.04000 time to finish turn
increased kd to 5.70000
increased kd to 5.90000
increased kd to 6.10000
increased kd to 6.30000
increased kd to 6.50000
increased kd to 6.70000
increased kd to 6.90000
increased kd to 7.10000
increased kd to 7.30000
increased kd to 7.50000
increased kd to 7.70000
target: 0.00000 0.15697
dist/lin/ang/drive_left/drive_right/tv_l/tv_r/av_l/av_r/x/y/theta/t_err: 2.35619 0.00000 1.20000 0.00000 0.00000 0.00000 0.00000 0.00000 0.00000 0 0 0.00014 2.35619
fb: 0.00000 0.00000 -0.85057 0.85860
fb: 0.00000 0.00000 -0.85057 0.85860
target: 0.00000 0.31394
dist/lin/ang/drive_left/drive_right/tv_l/tv_r/av_l/av_r/x/y/theta/t_err: 2.35620 0.00000 2.40000 0.00000 0.00000 -0.08506 0.07392 -0.08506 0.07392 0 0 -0.00007 2.35620
fb: 0.00000 0.00000 -1.00000 1.00000
fb: 0.00000 0.00537 -1.00000 1.00000
target: 0.00000 0.47092
dist/lin/ang/drive_left/drive_right/tv_l/tv_r/av_l/av_r/x/y/theta/t_err: 2.35620 0.00000 3.60000 -0.00537 0.00537 -0.51775 0.45978 -0.51775 0.45978 0 0 -0.00010 2.35620
fb: 0.00000 0.03707 -1.00000 1.00000
fb: 0.00000 0.08361 -1.00000 1.00000
target: 0.00000 0.62789
dist/lin/ang/drive_left/drive_right/tv_l/tv_r/av_l/av_r/x/y/theta/t_err: 2.35385 0.00000 4.80000 -0.08361 0.08361 -0.69778 0.55628 -0.69778 0.55628 0 0 0.13417 2.35385
fb: 0.00000 0.12646 -1.00000 1.00000
fb: 0.00000 0.16987 -1.00000 1.00000
target: 0.00000 0.78486
dist/lin/ang/drive_left/drive_right/tv_l/tv_r/av_l/av_r/x/y/theta/t_err: 2.33962 0.00000 6.00000 -0.16987 0.16987 -0.79036 0.71453 -0.79036 0.71453 0 0 0.94952 2.33962
fb: 0.00000 0.21049 -1.00000 1.00000
fb: 0.00000 0.25055 -1.00000 1.00000
target: 0.00000 0.78486
dist/lin/ang/drive_left/drive_right/tv_l/tv_r/av_l/av_r/x/y/theta/t_err: 2.31220 0.00000 6.00000 -0.25055 0.25055 -0.82233 0.75800 -0.82233 0.75800 0 0 2.52055 2.31220
fb: 0.00000 0.28936 -0.81263 0.83322
fb: 0.00000 0.32803 -0.79329 0.81388
target: 0.00000 0.78486
dist/lin/ang/drive_left/drive_right/tv_l/tv_r/av_l/av_r/x/y/theta/t_err: 2.27253 0.00000 6.00000 -0.32803 0.32803 -0.75525 0.67247 -0.75525 0.67247 0 0 4.79388 2.27253
fb: 0.00000 0.36817 -0.77323 0.79382
fb: 0.00000 0.40398 -0.75532 0.77591
target: 0.00000 0.78486
dist/lin/ang/drive_left/drive_right/tv_l/tv_r/av_l/av_r/x/y/theta/t_err: 2.22096 0.00000 6.00000 -0.40398 0.40398 -0.66972 0.50972 -0.66972 0.50972 0 0 7.74858 2.22096
fb: 0.00000 0.43248 -0.74107 0.76166
fb: 0.00000 0.46529 -0.72466 0.74525
target: 0.00000 0.78486
dist/lin/ang/drive_left/drive_right/tv_l/tv_r/av_l/av_r/x/y/theta/t_err: 2.15836 0.00000 6.00000 -0.46529 0.46529 -0.63533 0.43872 -0.63533 0.43872 0 0 11.33527 2.15836
fb: 0.00000 0.49449 -0.71006 0.73066
fb: 0.00000 0.52522 -0.69470 0.71529
target: 0.00000 0.78486
dist/lin/ang/drive_left/drive_right/tv_l/tv_r/av_l/av_r/x/y/theta/t_err: 2.08634 0.00000 6.00000 -0.52522 0.52522 -0.61928 0.58314 -0.61928 0.58314 0 0 15.46161 2.08634
fb: 0.00000 0.55775 -0.67843 0.69902
fb: 0.00000 0.58632 -0.66415 0.68474
target: 0.00000 0.78486
dist/lin/ang/drive_left/drive_right/tv_l/tv_r/av_l/av_r/x/y/theta/t_err: 2.00497 0.00000 6.00000 -0.58632 0.58632 -0.61686 0.62061 -0.61686 0.62061 0 0 20.12379 2.00497
fb: 0.00000 0.61454 -0.65004 0.67063
fb: 0.00000 0.64248 -0.63607 0.65666
target: 0.00000 0.78486
dist/lin/ang/drive_left/drive_right/tv_l/tv_r/av_l/av_r/x/y/theta/t_err: 1.91451 0.00000 6.00000 -0.64248 0.64248 -0.61119 0.63394 -0.61119 0.63394 0 0 25.30679 1.91451
fb: 0.00000 0.66937 -0.62262 0.64321
fb: 0.00000 0.69662 -0.60900 0.62959
target: 0.00000 0.78486
dist/lin/ang/drive_left/drive_right/tv_l/tv_r/av_l/av_r/x/y/theta/t_err: 1.81549 0.00000 6.00000 -0.69662 0.69662 -0.61272 0.62011 -0.61272 0.62011 0 0 30.98019 1.81549
fb: 0.00000 0.72337 -0.59562 0.61621
fb: -0.02912 0.74915 -0.58273 0.60332
target: 0.00000 0.78486
dist/lin/ang/drive_left/drive_right/tv_l/tv_r/av_l/av_r/x/y/theta/t_err: 1.70826 0.00000 6.00000 -0.77828 0.72003 -0.59458 0.60025 -0.59458 0.60025 0 0 37.12374 1.70826
fb: -0.06398 0.76985 -0.57239 0.59298
fb: -0.06398 0.78824 -0.56319 0.58378
target: 0.00000 0.78486
dist/lin/ang/drive_left/drive_right/tv_l/tv_r/av_l/av_r/x/y/theta/t_err: 1.59320 0.00000 6.00000 -0.85222 0.72426 -0.57272 0.58433 -0.57272 0.58433 0 0 43.71629 1.59320
fb: -0.06200 0.80594 -0.55434 0.57493
fb: -0.06200 0.82078 -0.54692 0.56751
target: 0.00000 0.78486
dist/lin/ang/drive_left/drive_right/tv_l/tv_r/av_l/av_r/x/y/theta/t_err: 1.47226 0.00000 6.00000 -0.88278 0.75878 -0.54944 0.56536 -0.54944 0.56536 0 0 50.64585 1.47226
fb: -0.06398 0.83513 -0.53974 0.56033
fb: -0.06994 0.84684 -0.53389 0.55448
target: 0.00000 0.78486
dist/lin/ang/drive_left/drive_right/tv_l/tv_r/av_l/av_r/x/y/theta/t_err: 1.34638 0.00000 6.00000 -0.91678 0.77690 -0.53194 0.54928 -0.53194 0.54928 0 0 57.85796 1.34638
fb: -0.06795 0.85659 -0.52901 0.54960
fb: -0.07170 0.86579 -0.52441 0.54500
target: 0.00000 0.78486
dist/lin/ang/drive_left/drive_right/tv_l/tv_r/av_l/av_r/x/y/theta/t_err: 1.21671 0.00000 6.00000 -0.93749 0.79409 -0.51933 0.53694 -0.51933 0.53694 0 0 65.28763 1.21671
fb: -0.07369 0.87297 -0.52083 0.54142
fb: -0.06001 0.87994 -0.51734 0.53793
target: 0.00000 0.78486
dist/lin/ang/drive_left/drive_right/tv_l/tv_r/av_l/av_r/x/y/theta/t_err: 1.08422 0.00000 6.00000 -0.93994 0.81993 -0.50953 0.52581 -0.50953 0.52581 0 0 72.87854 1.08422
fb: -0.05427 0.88621 -0.51421 0.53480
fb: -0.05824 0.89359 -0.51051 0.53110
target: 0.00000 0.64173
dist/lin/ang/drive_left/drive_right/tv_l/tv_r/av_l/av_r/x/y/theta/t_err: 0.94943 0.00000 4.90579 -0.95183 0.83535 -0.50222 0.51419 -0.50222 0.51419 0 0 80.60151 0.94943
fb: -0.05824 0.89596 0.38029 -0.37235
fb: -0.06398 0.89854 0.38158 -0.37363
target: 0.00000 0.49587
dist/lin/ang/drive_left/drive_right/tv_l/tv_r/av_l/av_r/x/y/theta/t_err: 0.81279 0.00000 3.79076 -0.96252 0.83456 -0.33725 0.40997 -0.33725 0.40997 0 0 88.43037 0.81279
fb: -0.06971 0.89742 0.56392 -0.55890
fb: -0.08538 0.88697 0.55870 -0.55367
target: 0.00000 0.35185
dist/lin/ang/drive_left/drive_right/tv_l/tv_r/av_l/av_r/x/y/theta/t_err: 0.67536 0.00000 2.68974 -0.97235 0.80159 0.13500 -0.08522 0.13500 -0.08522 0 0 96.30474 0.67536
fb: -0.10479 0.85311 0.70203 -0.69989
fb: -0.10855 0.80057 0.67576 -0.67362
target: 0.00000 0.22132
dist/lin/ang/drive_left/drive_right/tv_l/tv_r/av_l/av_r/x/y/theta/t_err: 0.54116 0.00000 1.69190 -0.90912 0.69203 0.37831 -0.44542 0.37831 -0.44542 0 0 103.99365 0.54116
fb: -0.11627 0.74240 0.73865 -0.73912
fb: -0.11627 0.68010 0.70751 -0.70798
target: 0.00000 0.13166
dist/lin/ang/drive_left/drive_right/tv_l/tv_r/av_l/av_r/x/y/theta/t_err: 0.42077 0.00000 1.00651 -0.79638 0.56383 0.39867 -0.43169 0.39867 -0.43169 0 0 110.89168 0.42077
fb: -0.12025 0.62165 0.59925 -0.60152
fb: -0.12025 0.56807 0.57246 -0.57473
target: 0.00000 0.07255
dist/lin/ang/drive_left/drive_right/tv_l/tv_r/av_l/av_r/x/y/theta/t_err: 0.31876 0.00000 0.55461 -0.68831 0.44782 0.35025 -0.39939 0.35025 -0.39939 0 0 116.73621 0.31876
fb: -0.10282 0.51769 0.47899 -0.48243
fb: -0.09510 0.46899 0.45464 -0.45808
target: 0.00000 0.02687
dist/lin/ang/drive_left/drive_right/tv_l/tv_r/av_l/av_r/x/y/theta/t_err: 0.23358 0.00000 0.20540 -0.56409 0.37389 0.39764 -0.45225 0.39764 -0.45225 0 0 121.61706 0.23358
fb: -0.08716 0.41638 0.42134 -0.42569
fb: -0.08142 0.35583 0.39106 -0.39542
target: 0.00000 -0.00676
dist/lin/ang/drive_left/drive_right/tv_l/tv_r/av_l/av_r/x/y/theta/t_err: 0.16371 0.00000 -0.05166 -0.43725 0.27441 0.40569 -0.40967 0.40569 -0.40967 0 0 125.62020 0.16371
fb: -0.08539 0.29354 0.34502 -0.35005
fb: -0.09687 0.23704 0.19487 -0.19990
target: 0.00000 -0.01617
dist/lin/ang/drive_left/drive_right/tv_l/tv_r/av_l/av_r/x/y/theta/t_err: 0.11152 0.00000 -0.12362 -0.33390 0.14017 0.37575 -0.38192 0.37575 -0.38192 0 0 128.61038 0.11152
fb: -0.11452 0.18812 0.09222 -0.09743
fb: -0.12622 0.14040 0.09222 -0.09743
target: 0.00000 -0.00747
dist/lin/ang/drive_left/drive_right/tv_l/tv_r/av_l/av_r/x/y/theta/t_err: 0.07697 0.00000 -0.05713 -0.26661 0.01418 0.20672 -0.24519 0.20672 -0.24519 0 0 130.59017 0.07697
fb: -0.10658 0.09629 -0.07316 0.07790
fb: -0.07171 0.05741 -0.07316 0.07790
target: 0.00000 0.00892
dist/lin/ang/drive_left/drive_right/tv_l/tv_r/av_l/av_r/x/y/theta/t_err: 0.05708 0.00000 0.06818 -0.12913 -0.01430 0.06350 -0.08675 0.06350 -0.08675 0 0 131.72945 0.05708
fb: -0.05031 0.02606 -0.11876 0.12383
fb: -0.03486 0.01150 -0.11876 0.12383
target: 0.00000 0.03172
dist/lin/ang/drive_left/drive_right/tv_l/tv_r/av_l/av_r/x/y/theta/t_err: 0.04940 0.00000 0.24247 -0.04636 -0.02337 -0.07408 0.06450 -0.07408 0.06450 0 0 132.16940 0.04940
fb: -0.03310 0.00495 -0.16287 0.16840
fb: -0.03884 0.00174 -0.16287 0.16840
target: 0.00000 0.04539
dist/lin/ang/drive_left/drive_right/tv_l/tv_r/av_l/av_r/x/y/theta/t_err: 0.04781 0.00000 0.34701 -0.04058 -0.03709 -0.11994 0.11500 -0.11994 0.11500 0 0 132.26074 0.04781
fb: -0.03884 0.00251 -0.13097 0.13677
fb: -0.03089 0.00871 -0.13097 0.13677
target: 0.00000 0.04817
dist/lin/ang/drive_left/drive_right/tv_l/tv_r/av_l/av_r/x/y/theta/t_err: 0.04746 0.00000 0.36828 -0.03960 -0.02218 -0.14853 0.15042 -0.14853 0.15042 0 0 132.28060 0.04746
fb: -0.01942 0.02055 -0.08382 0.08968
fb: -0.00794 0.03700 -0.08382 0.08968
target: 0.00000 0.04239
dist/lin/ang/drive_left/drive_right/tv_l/tv_r/av_l/av_r/x/y/theta/t_err: 0.04559 0.00000 0.32406 -0.04494 0.02905 -0.11858 0.12950 -0.11858 0.12950 0 0 132.38800 0.04559
fb: 0.00000 0.04731 -0.04140 0.04714
fb: -0.00177 0.04863 -0.04140 0.04714
target: 0.00000 0.02577
dist/lin/ang/drive_left/drive_right/tv_l/tv_r/av_l/av_r/x/y/theta/t_err: 0.03958 0.00000 0.19704 -0.05040 0.04687 -0.07236 0.07394 -0.07236 0.07394 0 0 132.73221 0.03958
fb: -0.00177 0.04606 0.09653 -0.10091
fb: 0.00000 0.04139 0.09653 -0.10091
target: 0.00000 0.01478
dist/lin/ang/drive_left/drive_right/tv_l/tv_r/av_l/av_r/x/y/theta/t_err: 0.03222 0.00000 0.11298 -0.04139 0.04139 -0.02736 0.01319 -0.02736 0.01319 0 0 133.15366 0.03222
fb: 0.00000 0.03595 0.07860 -0.08320
fb: 0.00000 0.03087 0.07860 -0.08320
target: 0.00000 0.01162
dist/lin/ang/drive_left/drive_right/tv_l/tv_r/av_l/av_r/x/y/theta/t_err: 0.02612 0.00000 0.08879 -0.03087 0.03087 0.07769 -0.08522 0.07769 -0.08522 0 0 133.50352 0.02612
fb: 0.00000 0.02529 0.04547 -0.05014
fb: 0.00000 0.01853 0.04547 -0.05014
target: 0.00000 0.01105
dist/lin/ang/drive_left/drive_right/tv_l/tv_r/av_l/av_r/x/y/theta/t_err: 0.02163 0.00000 0.08445 -0.01853 0.01853 0.07219 -0.07889 0.07219 -0.07889 0 0 133.76073 0.02163
fb: 0.00000 0.01059 -0.04387 0.04898
fb: 0.00000 0.00160 -0.04387 0.04898
final error was 1.09603
position: 0.22879 -1.00513 133.90397
took 0.78000 time to finish turn
decreased to 90.00000
target: 0.00000 0.15697
dist/lin/ang/drive_left/drive_right/tv_l/tv_r/av_l/av_r/x/y/theta/t_err: 1.57080 0.00000 1.20000 0.00000 0.00000 -0.00017 -0.00017 -0.00017 -0.00017 0 0 -0.00007 1.57080
fb: 0.00000 0.00000 -0.85057 0.85860
fb: 0.00000 0.00000 -0.85057 0.85860
target: 0.00000 0.31394
dist/lin/ang/drive_left/drive_right/tv_l/tv_r/av_l/av_r/x/y/theta/t_err: 1.57080 0.00000 2.40000 0.00000 0.00000 -0.08536 0.00000 -0.08536 0.00000 0 0 -0.00018 1.57080
fb: 0.00000 0.00000 -1.00000 1.00000
fb: 0.00000 0.00348 -1.00000 1.00000
target: 0.00000 0.47092
dist/lin/ang/drive_left/drive_right/tv_l/tv_r/av_l/av_r/x/y/theta/t_err: 1.57080 0.00000 3.60000 -0.00348 0.00348 -0.48442 0.41647 -0.48442 0.41647 0 0 -0.00008 1.57080
fb: 0.00000 0.02244 -1.00000 1.00000
fb: 0.00000 0.05679 -1.00000 1.00000
target: 0.00000 0.62789
dist/lin/ang/drive_left/drive_right/tv_l/tv_r/av_l/av_r/x/y/theta/t_err: 1.56944 0.00000 4.80000 -0.05679 0.05679 -0.72942 0.35247 -0.72942 0.35247 0 0 0.07799 1.56944
fb: 0.00000 0.09866 -1.00000 1.00000
fb: 0.00000 0.13726 -1.00000 1.00000
target: 0.00000 0.78486
dist/lin/ang/drive_left/drive_right/tv_l/tv_r/av_l/av_r/x/y/theta/t_err: 1.55900 0.00000 6.00000 -0.13726 0.13726 -0.79461 0.55542 -0.79461 0.55542 0 0 0.67574 1.55900
fb: 0.00000 0.17510 -1.00000 1.00000
fb: 0.00000 0.21509 -1.00000 1.00000
target: 0.00000 0.78486
dist/lin/ang/drive_left/drive_right/tv_l/tv_r/av_l/av_r/x/y/theta/t_err: 1.53663 0.00000 6.00000 -0.21509 0.21509 -0.82939 0.65619 -0.82939 0.65619 0 0 1.95747 1.53663
fb: 0.00000 0.26045 -0.82709 0.84768
fb: 0.00000 0.30762 -0.80350 0.82409
target: 0.00000 0.78486
dist/lin/ang/drive_left/drive_right/tv_l/tv_r/av_l/av_r/x/y/theta/t_err: 1.50207 0.00000 6.00000 -0.30762 0.30762 -0.72019 0.73939 -0.72019 0.73939 0 0 3.93756 1.50207
fb: 0.00000 0.35005 -0.78228 0.80287
fb: 0.00000 0.38914 -0.76274 0.78333
target: 0.00000 0.78486
dist/lin/ang/drive_left/drive_right/tv_l/tv_r/av_l/av_r/x/y/theta/t_err: 1.45363 0.00000 6.00000 -0.38914 0.38914 -0.59633 0.51128 -0.59633 0.51128 0 0 6.71292 1.45363
fb: 0.00000 0.42502 -0.74480 0.76539
fb: 0.00000 0.45812 -0.72825 0.74884
target: 0.00000 0.78486
dist/lin/ang/drive_left/drive_right/tv_l/tv_r/av_l/av_r/x/y/theta/t_err: 1.39295 0.00000 6.00000 -0.45812 0.45812 -0.51367 0.49811 -0.51367 0.49811 0 0 10.18974 1.39295
fb: -0.01169 0.48731 -0.71365 0.73424
fb: -0.02714 0.51400 -0.70031 0.72090
target: 0.00000 0.78486
dist/lin/ang/drive_left/drive_right/tv_l/tv_r/av_l/av_r/x/y/theta/t_err: 1.32199 0.00000 6.00000 -0.54114 0.48686 -0.55711 0.55422 -0.55711 0.55422 0 0 14.25543 1.32199
fb: -0.03288 0.53525 -0.68968 0.71028
fb: -0.03486 0.55936 -0.67763 0.69822
target: 0.00000 0.78486
dist/lin/ang/drive_left/drive_right/tv_l/tv_r/av_l/av_r/x/y/theta/t_err: 1.24284 0.00000 6.00000 -0.59422 0.52450 -0.59906 0.60828 -0.59906 0.60828 0 0 18.79030 1.24284
fb: -0.02912 0.58799 -0.66331 0.68390
fb: -0.02339 0.61956 -0.64753 0.66812
target: 0.00000 0.78486
dist/lin/ang/drive_left/drive_right/tv_l/tv_r/av_l/av_r/x/y/theta/t_err: 1.15643 0.00000 6.00000 -0.64294 0.59617 -0.61292 0.61528 -0.61292 0.61528 0 0 23.74134 1.15643
fb: -0.01942 0.64652 -0.63405 0.65464
fb: -0.01942 0.67369 -0.62046 0.64105
target: 0.00000 0.78486
dist/lin/ang/drive_left/drive_right/tv_l/tv_r/av_l/av_r/x/y/theta/t_err: 1.06103 0.00000 6.00000 -0.69311 0.65428 -0.62128 0.60417 -0.62128 0.60417 0 0 29.20766 1.06103
fb: -0.02912 0.69947 -0.60757 0.62816
fb: -0.05030 0.72484 -0.59489 0.61548
target: 0.00000 0.72815
dist/lin/ang/drive_left/drive_right/tv_l/tv_r/av_l/av_r/x/y/theta/t_err: 0.95732 0.00000 5.56648 -0.77514 0.67453 -0.60181 0.60250 -0.60181 0.60250 0 0 35.14960 0.95732
fb: -0.07170 0.74887 -0.26133 0.28079
fb: -0.07369 0.77082 -0.25036 0.26982
target: 0.00000 0.59331
dist/lin/ang/drive_left/drive_right/tv_l/tv_r/av_l/av_r/x/y/theta/t_err: 0.84582 0.00000 4.53570 -0.84451 0.69713 -0.58311 0.52169 -0.58311 0.52169 0 0 41.53788 0.84582
fb: -0.07568 0.79173 0.34747 -0.34050
fb: -0.07567 0.80190 0.35256 -0.34559
target: 0.00000 0.45364
dist/lin/ang/drive_left/drive_right/tv_l/tv_r/av_l/av_r/x/y/theta/t_err: 0.72744 0.00000 3.46797 -0.87757 0.72622 -0.30817 0.27633 -0.30817 0.27633 0 0 48.32060 0.72744
fb: -0.06795 0.79953 0.53654 -0.53236
fb: -0.07170 0.79103 0.53229 -0.52811
target: 0.00000 0.31770
dist/lin/ang/drive_left/drive_right/tv_l/tv_r/av_l/av_r/x/y/theta/t_err: 0.60523 0.00000 2.42871 -0.86273 0.71933 0.22347 -0.25889 0.22347 -0.25889 0 0 55.32290 0.60523
fb: -0.07943 0.76901 0.66358 -0.66212
fb: -0.08141 0.72644 0.64229 -0.64083
target: 0.00000 0.19962
dist/lin/ang/drive_left/drive_right/tv_l/tv_r/av_l/av_r/x/y/theta/t_err: 0.48533 0.00000 1.52604 -0.80785 0.64503 0.43550 -0.36325 0.43550 -0.36325 0 0 62.19265 0.48533
fb: -0.07744 0.67028 0.67196 -0.67286
fb: -0.07369 0.61391 0.64378 -0.64468
target: 0.00000 0.11617
dist/lin/ang/drive_left/drive_right/tv_l/tv_r/av_l/av_r/x/y/theta/t_err: 0.37682 0.00000 0.88810 -0.68761 0.54022 0.40775 -0.33433 0.40775 -0.33433 0 0 68.40972 0.37682
fb: -0.07369 0.54800 0.55262 -0.55519
fb: -0.07568 0.48299 0.52011 -0.52268
target: 0.00000 0.06571
dist/lin/ang/drive_left/drive_right/tv_l/tv_r/av_l/av_r/x/y/theta/t_err: 0.28568 0.00000 0.50237 -0.55867 0.40731 0.36328 -0.34908 0.36328 -0.34908 0 0 73.63181 0.28568
fb: -0.08936 0.42321 0.40080 -0.40438
fb: -0.10481 0.36872 0.37356 -0.37714
target: 0.00000 0.04082
dist/lin/ang/drive_left/drive_right/tv_l/tv_r/av_l/av_r/x/y/theta/t_err: 0.21405 0.00000 0.31208 -0.47353 0.26392 0.30969 -0.41358 0.30969 -0.41358 0 0 77.73597 0.21405
fb: -0.10084 0.31208 0.25931 -0.26339
fb: -0.08716 0.25550 0.12368 -0.12776
target: 0.00000 0.02867
dist/lin/ang/drive_left/drive_right/tv_l/tv_r/av_l/av_r/x/y/theta/t_err: 0.15984 0.00000 0.21921 -0.34266 0.16834 0.33006 -0.34697 0.33006 -0.34697 0 0 80.84191 0.15984
fb: -0.07569 0.20074 0.07448 -0.07880
fb: -0.05627 0.14709 0.07448 -0.07880
target: 0.00000 0.03370
dist/lin/ang/drive_left/drive_right/tv_l/tv_r/av_l/av_r/x/y/theta/t_err: 0.12282 0.00000 0.25761 -0.20335 0.09082 0.16033 -0.16408 0.16033 -0.16408 0 0 82.96304 0.12282
fb: -0.04634 0.09922 -0.08421 0.08978
fb: -0.04854 0.05560 -0.08421 0.08978
target: 0.00000 0.05323
dist/lin/ang/drive_left/drive_right/tv_l/tv_r/av_l/av_r/x/y/theta/t_err: 0.10207 0.00000 0.40692 -0.10415 0.00706 0.05733 -0.05972 0.05733 -0.05972 0 0 84.15188 0.10207
fb: -0.04281 0.02111 -0.16258 0.16854
fb: -0.03884 0.00084 -0.16258 0.16854
target: 0.00000 0.07957
dist/lin/ang/drive_left/drive_right/tv_l/tv_r/av_l/av_r/x/y/theta/t_err: 0.09477 0.00000 0.60828 -0.03967 -0.03800 -0.08092 0.07750 -0.08092 0.07750 0 0 84.56987 0.09477
fb: -0.04259 -0.00641 -0.21086 0.21734
fb: -0.04832 -0.00766 -0.21086 0.21734
target: 0.00000 0.09800
dist/lin/ang/drive_left/drive_right/tv_l/tv_r/av_l/av_r/x/y/theta/t_err: 0.09479 0.00000 0.74920 -0.04066 -0.05599 -0.15825 0.14836 -0.15825 0.14836 0 0 84.56884 0.09479
fb: -0.03685 -0.00571 -0.18764 0.19449
fb: -0.01942 0.00397 -0.18764 0.19449
target: 0.00000 0.10153
dist/lin/ang/drive_left/drive_right/tv_l/tv_r/av_l/av_r/x/y/theta/t_err: 0.09580 0.00000 0.77614 -0.02339 -0.01545 -0.19489 0.19231 -0.19489 0.19231 0 0 84.51126 0.09580
fb: -0.01545 0.02606 -0.12290 0.12983
fb: -0.01942 0.05414 -0.12290 0.12983
target: 0.00000 0.09360
dist/lin/ang/drive_left/drive_right/tv_l/tv_r/av_l/av_r/x/y/theta/t_err: 0.09428 0.00000 0.71553 -0.07356 0.03472 -0.16922 0.18156 -0.16922 0.18156 0 0 84.59833 0.09428
fb: -0.02339 0.07316 -0.06606 0.07282
fb: -0.01942 0.07880 -0.06606 0.07282
target: 0.00000 0.06587
dist/lin/ang/drive_left/drive_right/tv_l/tv_r/av_l/av_r/x/y/theta/t_err: 0.08539 0.00000 0.50352 -0.09822 0.05939 -0.11567 0.11619 -0.11567 0.11619 0 0 85.10750 0.08539
fb: -0.01743 0.07790 0.11970 -0.12327
fb: -0.00971 0.07936 0.11970 -0.12327
target: 0.00000 0.04585
dist/lin/ang/drive_left/drive_right/tv_l/tv_r/av_l/av_r/x/y/theta/t_err: 0.07345 0.00000 0.35047 -0.08907 0.06965 -0.02619 0.05236 -0.02619 0.05236 0 0 85.79148 0.07345
fb: -0.00397 0.07790 0.09840 -0.10237
fb: -0.00397 0.07267 0.09840 -0.10237
target: 0.00000 0.03309
dist/lin/ang/drive_left/drive_right/tv_l/tv_r/av_l/av_r/x/y/theta/t_err: 0.06140 0.00000 0.25295 -0.07664 0.06870 0.09514 -0.10264 0.09514 -0.10264 0 0 86.48225 0.06140
fb: -0.00375 0.06772 0.07426 -0.07849
fb: -0.00772 0.06159 0.07426 -0.07849
target: 0.00000 0.02441
dist/lin/ang/drive_left/drive_right/tv_l/tv_r/av_l/av_r/x/y/theta/t_err: 0.05041 0.00000 0.18662 -0.06932 0.05387 0.08847 -0.09617 0.08847 -0.09617 0 0 87.11200 0.05041
fb: -0.01169 0.05205 0.06171 -0.06612
fb: -0.01545 0.03519 0.06171 -0.06612
target: 0.00000 0.02016
dist/lin/ang/drive_left/drive_right/tv_l/tv_r/av_l/av_r/x/y/theta/t_err: 0.04141 0.00000 0.15409 -0.05063 0.01974 0.06961 -0.06981 0.06961 -0.06981 0 0 87.62717 0.04141
fb: -0.01169 0.01254 0.04467 -0.04916
fb: -0.00397 -0.00871 0.04467 -0.04916
target: 0.00000 0.02689
dist/lin/ang/drive_left/drive_right/tv_l/tv_r/av_l/av_r/x/y/theta/t_err: 0.03693 0.00000 0.20555 0.00474 -0.01268 0.05389 -0.05217 0.05389 -0.05217 0 0 87.88382 0.03693
fb: 0.00000 -0.02237 -0.08733 0.09277
fb: 0.00000 -0.02947 -0.08733 0.09277
target: 0.00000 0.04442
dist/lin/ang/drive_left/drive_right/tv_l/tv_r/av_l/av_r/x/y/theta/t_err: 0.03869 0.00000 0.33954 0.02947 -0.02947 0.01044 -0.00956 0.01044 -0.00956 0 0 87.78302 0.03869
fb: 0.00000 -0.03142 -0.14766 0.15344
fb: -0.00375 -0.03031 -0.14766 0.15344
target: 0.00000 0.05629
dist/lin/ang/drive_left/drive_right/tv_l/tv_r/av_l/av_r/x/y/theta/t_err: 0.04328 0.00000 0.43028 0.02656 -0.03406 -0.08831 0.08486 -0.08831 0.08486 0 0 87.52006 0.04328
fb: -0.00375 -0.02794 -0.13015 0.13617
fb: -0.00397 -0.02473 -0.13015 0.13617
target: 0.00000 0.06105
dist/lin/ang/drive_left/drive_right/tv_l/tv_r/av_l/av_r/x/y/theta/t_err: 0.04788 0.00000 0.46671 0.02076 -0.02871 -0.13517 0.14133 -0.13517 0.14133 0 0 87.25674 0.04788
fb: -0.00397 -0.01930 -0.10137 0.10749
fb: 0.00000 -0.00725 -0.10137 0.10749
target: 0.00000 0.06211
dist/lin/ang/drive_left/drive_right/tv_l/tv_r/av_l/av_r/x/y/theta/t_err: 0.05143 0.00000 0.47479 0.00725 -0.00725 -0.12439 0.12506 -0.12439 0.12506 0 0 87.05300 0.05143
fb: 0.00000 0.01414 -0.08539 0.09152
fb: 0.00000 0.03421 -0.08539 0.09152
target: 0.00000 0.05382
dist/lin/ang/drive_left/drive_right/tv_l/tv_r/av_l/av_r/x/y/theta/t_err: 0.05162 0.00000 0.41143 -0.03421 0.03421 -0.09411 0.09872 -0.09411 0.09872 0 0 87.04225 0.05162
fb: 0.00000 0.04362 0.04026 -0.04408
fb: 0.00000 0.04647 0.04026 -0.04408
target: 0.00000 0.03389
dist/lin/ang/drive_left/drive_right/tv_l/tv_r/av_l/av_r/x/y/theta/t_err: 0.04614 0.00000 0.25908 -0.04647 0.04647 -0.05011 0.07203 -0.05011 0.07203 0 0 87.35613 0.04614
fb: 0.00000 0.04592 0.10599 -0.11021
fb: 0.00000 0.04181 0.10599 -0.11021
target: 0.00000 0.02263
dist/lin/ang/drive_left/drive_right/tv_l/tv_r/av_l/av_r/x/y/theta/t_err: 0.03909 0.00000 0.17301 -0.04181 0.04181 0.04944 -0.04228 0.04944 -0.04228 0 0 87.76033 0.03909
fb: 0.00000 0.03595 0.07453 -0.07897
fb: 0.00000 0.02940 0.07453 -0.07897
target: 0.00000 0.01843
dist/lin/ang/drive_left/drive_right/tv_l/tv_r/av_l/av_r/x/y/theta/t_err: 0.03290 0.00000 0.14088 -0.02940 0.02940 0.09056 -0.10111 0.09056 -0.10111 0 0 88.11471 0.03290
fb: 0.00000 0.02257 0.04559 -0.05011
fb: 0.00000 0.01463 0.04559 -0.05011
target: 0.00000 0.01897
dist/lin/ang/drive_left/drive_right/tv_l/tv_r/av_l/av_r/x/y/theta/t_err: 0.02867 0.00000 0.14506 -0.01463 0.01463 0.07133 -0.07478 0.07133 -0.07478 0 0 88.35717 0.02867
fb: 0.00000 0.00432 -0.05419 0.05947
fb: 0.00000 -0.00697 -0.05419 0.05947
final error was 1.53951
position: -0.34313 -0.73172 88.46049
took 0.88000 time to finish turn
WARNING - pros.serial.terminal.terminal:stop - Stopping terminal - pros-cli version:3.5.6

[tomas@nixbtw:~/projects/Robotics/current/Cognex]$ ^C

[tomas@nixbtw:~/projects/Robotics/current/Cognex]$

