
[tomas@nixbtw:~/projects/Robotics/current/Cognex]$ t
Not sending analytics for this command.

Established terminal connection



         _+=+_
      .-`  .  `-.          8888888b.  8888888b.   .d88888b.   .d8888b.
   _+`     "     `+_       888   Y88b 888   Y88b d88P" "Y88b d88P  Y88b
  \\\sssssssssssss///      888    888 888    888 888     888 Y88b.
     .ss\  *  /ss.         888   d88P 888   d88P 888     888  "Y888b.
 .+bm  .s  *  s.  md+.     8888888P"  8888888P"  888     888     "Y88b.
.hMMMMs .  *  . sMMMMh.    888        888 T88b   888     888       "888
 `\hMMMb \ | / dMMMh:      888        888  T88b  Y88b. .d88P Y88b  d88P
   -SNMNo  -  oNMNs-       888        888   T88b  "Y88888P"   "Y8888P"
     `+dMh\./dMd/
        `:yNy:`                      Powered by PROS for VEX V5
           "                Copyright (c) Purdue University ACM SIGBots
Version:        4.2.1     Platform:  V1.1.5 (b18)     Uptime:    0.000 s
Compiled:   Jan  1 1980 00:00:00     Directory:


bouncing done
health done
auton done
calibrated!
starting task: 2308295
initializing odom model
timed correctly: 2311168
initializing pf model
initializing smoother model
start is 0.000 0.000
dist/lin/ang/drive_left/drive_right/tv_l/tv_r/av_l/av_r/x/y/theta/t_err: 0.60960 0.08636 0.00002 0.00000 0.00000 0.00017 0.00000 0.00017 0.00000 0.00000 0.00000 -0.00008 0.00000
target: 0.08636 0.00000
target: 0.08636 0.00000
fb: 0.00000 0.00000 0.24368 0.24860
fb: 0.00000 0.00000 0.24368 0.24860
dist/lin/ang/drive_left/drive_right/tv_l/tv_r/av_l/av_r/x/y/theta/t_err: 0.60960 0.17272 -0.00002 0.00000 0.00000 0.05492 0.02842 0.05492 0.02842 0.00000 0.00000 -0.00003 0.00000
target: 0.17272 -0.00000
target: 0.17272 -0.00000
fb: 0.00000 0.00000 0.27567 0.28052
fb: 0.00000 0.00000 0.27567 0.28052
dist/lin/ang/drive_left/drive_right/tv_l/tv_r/av_l/av_r/x/y/theta/t_err: 0.60960 0.25908 0.00001 0.00000 0.00000 0.20772 0.21422 0.20772 0.21422 0.00000 0.00000 -0.00004 0.00000
target: 0.25908 0.00000
target: 0.25908 0.00000
fb: 0.00000 0.00272 0.43712 0.44206
fb: 0.00000 0.01693 0.43712 0.44206
dist/lin/ang/drive_left/drive_right/tv_l/tv_r/av_l/av_r/x/y/theta/t_err: 0.60960 0.34544 -0.00473 -0.01693 0.01693 0.26761 0.27189 0.26761 0.27189 0.00000 0.00000 0.00683 -0.00012
target: 0.34544 -0.00062
target: 0.34544 -0.00062
fb: 0.01743 0.01603 0.50677 0.50525
fb: 0.09488 0.01143 0.46804 0.46652
dist/lin/ang/drive_left/drive_right/tv_l/tv_r/av_l/av_r/x/y/theta/t_err: 0.60925 0.43180 -0.09718 0.08346 0.10631 0.38481 0.39783 0.38481 0.39783 0.01373 0.00003 0.14523 -0.00254
target: 0.43180 -0.01271
target: 0.43180 -0.01271
fb: 0.16086 0.00495 0.56992 0.44893
fb: 0.20168 0.00334 0.54951 0.42852
dist/lin/ang/drive_left/drive_right/tv_l/tv_r/av_l/av_r/x/y/theta/t_err: 0.60603 0.51816 -0.09282 0.19834 0.20503 0.43822 0.41939 0.43822 0.41939 0.14039 0.00045 0.22551 -0.00395
target: 0.51816 -0.01214
target: 0.51816 -0.01214
fb: 0.25420 0.00091 0.75494 0.74912
fb: 0.31422 -0.00432 0.72493 0.71911
dist/lin/ang/drive_left/drive_right/tv_l/tv_r/av_l/av_r/x/y/theta/t_err: 0.60095 0.60452 -0.07832 0.31854 0.30990 0.45531 0.40519 0.45531 0.40519 0.34054 0.00130 0.25387 -0.00449
target: 0.60452 -0.01024
target: 0.60452 -0.01024
fb: 0.37424 -0.00948 0.76635 0.77507
fb: 0.39189 -0.01157 0.75753 0.76624
dist/lin/ang/drive_left/drive_right/tv_l/tv_r/av_l/av_r/x/y/theta/t_err: 0.59347 0.69088 -0.03356 0.40346 0.38032 0.47500 0.46217 0.47500 0.46217 0.63522 0.00251 0.20520 -0.00369
target: 0.69088 -0.00439
target: 0.69088 -0.00439
fb: 0.41683 -0.00989 0.80199 0.85424
fb: 0.46140 -0.00752 0.77971 0.83196
dist/lin/ang/drive_left/drive_right/tv_l/tv_r/av_l/av_r/x/y/theta/t_err: 0.58513 0.77724 0.00913 0.46892 0.45387 0.50939 0.47225 0.50939 0.47225 0.96342 0.00340 0.11207 -0.00210
target: 0.77724 0.00119
target: 0.77724 0.00119
fb: 0.52760 -0.00348 0.82275 0.88012
fb: 0.57791 -0.00230 0.79760 0.85497
dist/lin/ang/drive_left/drive_right/tv_l/tv_r/av_l/av_r/x/y/theta/t_err: 0.57458 0.86360 0.00367 0.58021 0.57561 0.52722 0.39731 0.52722 0.39731 1.37885 0.00399 0.06086 -0.00124
target: 0.86360 0.00048
target: 0.86360 0.00048
fb: 0.53532 -0.00355 0.92638 0.92618
fb: 0.58188 -0.00843 0.90310 0.90290
dist/lin/ang/drive_left/drive_right/tv_l/tv_r/av_l/av_r/x/y/theta/t_err: 0.56387 0.94996 -0.00450 0.59031 0.57345 0.50136 0.49075 0.50136 0.49075 1.80037 0.00436 0.04018 -0.00090
target: 0.94996 -0.00059
target: 0.94996 -0.00059
fb: 0.67478 -0.01164 0.93763 0.93287
fb: 0.65756 -0.01484 0.94624 0.94148
dist/lin/ang/drive_left/drive_right/tv_l/tv_r/av_l/av_r/x/y/theta/t_err: 0.55038 1.03632 0.03836 0.67241 0.64272 0.48869 0.59389 0.48869 0.59389 2.33168 0.00442 -0.03478 0.00040
target: 1.03632 0.00502
target: 1.03632 0.00502
fb: 0.71582 -0.01637 0.96198 1.00000
fb: 0.78930 -0.01031 0.92524 0.98815
dist/lin/ang/drive_left/drive_right/tv_l/tv_r/av_l/av_r/x/y/theta/t_err: 0.53606 1.12268 0.09937 0.79961 0.77899 0.40981 0.56019 0.40981 0.56019 2.89532 0.00341 -0.16801 0.00277
target: 1.12268 0.01300
target: 1.12268 0.01300
fb: 0.76216 -0.00481 1.00000 1.00000
fb: 0.79504 -0.00202 0.98501 1.00000
dist/lin/ang/drive_left/drive_right/tv_l/tv_r/av_l/av_r/x/y/theta/t_err: 0.52082 1.20904 0.09785 0.79706 0.79302 0.48136 0.51622 0.48136 0.51622 3.49544 0.00119 -0.24573 0.00423
target: 1.20904 0.01280
target: 1.20904 0.01280
fb: 0.81843 -0.00174 1.00000 1.00000
fb: 0.83409 -0.00118 1.00000 1.00000
dist/lin/ang/drive_left/drive_right/tv_l/tv_r/av_l/av_r/x/y/theta/t_err: 0.50445 1.29540 0.07786 0.83528 0.83291 0.54719 0.57031 0.54719 0.57031 4.13986 -0.00167 -0.26154 0.00465
target: 1.29540 0.01019
target: 1.29540 0.01019
fb: 0.88440 -0.00279 1.00000 1.00000
fb: 0.86101 -0.00599 1.00000 1.00000
dist/lin/ang/drive_left/drive_right/tv_l/tv_r/av_l/av_r/x/y/theta/t_err: 0.48676 1.38176 0.08337 0.86700 0.85502 0.65825 0.78131 0.65825 0.78131 4.83624 -0.00492 -0.27481 0.00505
target: 1.38176 0.01091
target: 1.38176 0.01091
fb: 0.92898 -0.00550 1.00000 1.00000
fb: 1.03379 0.00300 1.00000 1.00000
dist/lin/ang/drive_left/drive_right/tv_l/tv_r/av_l/av_r/x/y/theta/t_err: 0.46818 1.46812 0.11598 1.03079 1.03679 0.81875 0.83606 0.81875 0.83606 5.56770 -0.00877 -0.32421 0.00613
target: 1.46812 0.01517
target: 1.46812 0.01517
fb: 1.02011 0.00516 1.00000 1.00000
fb: 1.05299 0.00488 1.00000 1.00000
dist/lin/ang/drive_left/drive_right/tv_l/tv_r/av_l/av_r/x/y/theta/t_err: 0.44778 1.55448 0.08016 1.04811 1.05786 0.86342 0.86289 0.86342 0.86289 6.37093 -0.01317 -0.29593 0.00591
target: 1.55448 0.01049
target: 1.55448 0.01049
fb: 1.09182 0.00125 1.00000 1.00000
fb: 1.13066 -0.00125 1.00000 1.00000
dist/lin/ang/drive_left/drive_right/tv_l/tv_r/av_l/av_r/x/y/theta/t_err: 0.42594 1.52929 0.07352 1.13191 1.12940 0.87536 0.87181 0.87536 0.87181 7.23062 -0.01732 -0.26184 0.00560
target: 1.52929 0.00962
target: 1.52929 0.00962
fb: 1.19664 -0.00139 0.75048 0.76166
fb: 1.15206 -0.00300 0.77277 0.78394
dist/lin/ang/drive_left/drive_right/tv_l/tv_r/av_l/av_r/x/y/theta/t_err: 0.40201 1.48451 0.10143 1.15506 1.14907 0.79378 0.78933 0.79378 0.78933 8.17284 -0.02168 -0.27183 0.00611
target: 1.48451 0.01327
target: 1.48451 0.01327
fb: 1.21583 -0.00174 0.59898 0.65570
fb: 1.29748 -0.00460 0.55816 0.61488
dist/lin/ang/drive_left/drive_right/tv_l/tv_r/av_l/av_r/x/y/theta/t_err: 0.37769 1.43730 0.11686 1.30208 1.29288 0.68408 0.70275 0.68408 0.70275 9.13018 -0.02639 -0.28952 0.00683
target: 1.43730 0.01529
target: 1.43730 0.01529
fb: 1.23547 -0.00439 0.54242 0.58711
fb: 1.29549 -0.00202 0.51241 0.55710
dist/lin/ang/drive_left/drive_right/tv_l/tv_r/av_l/av_r/x/y/theta/t_err: 0.35299 1.38700 0.14427 1.29751 1.29347 0.57033 0.61617 0.57033 0.61617 10.10298 -0.03163 -0.32647 0.00797
target: 1.38700 0.01887
target: 1.38700 0.01887
fb: 1.35948 0.00000 0.41274 0.47630
fb: 1.30520 0.00056 0.43989 0.50344
dist/lin/ang/drive_left/drive_right/tv_l/tv_r/av_l/av_r/x/y/theta/t_err: 0.32580 1.33075 0.14894 1.30464 1.30576 0.51144 0.54722 0.51144 0.54722 11.17342 -0.03785 -0.33616 0.00882
target: 1.33075 0.01948
target: 1.33075 0.01948
fb: 1.26261 0.00000 0.39913 0.43670
fb: 1.30321 0.00000 0.37883 0.41640
dist/lin/ang/drive_left/drive_right/tv_l/tv_r/av_l/av_r/x/y/theta/t_err: 0.30055 1.27672 0.15581 1.30321 1.30321 0.43872 0.49025 0.43872 0.49025 12.16758 -0.04365 -0.33440 0.00953
target: 1.27672 0.02038
target: 1.27672 0.02038
fb: 1.35750 0.00397 0.30946 0.35077
fb: 1.35176 0.00509 0.31233 0.35364
dist/lin/ang/drive_left/drive_right/tv_l/tv_r/av_l/av_r/x/y/theta/t_err: 0.27340 1.21627 0.16744 1.34667 1.35685 0.39167 0.42797 0.39167 0.42797 13.23646 -0.04985 -0.32292 0.01027
target: 1.21627 0.02190
target: 1.21627 0.02190
fb: 1.26063 0.00418 0.27334 0.32225
fb: 1.18119 0.01282 0.31306 0.36197
dist/lin/ang/drive_left/drive_right/tv_l/tv_r/av_l/av_r/x/y/theta/t_err: 0.24819 1.15822 0.16224 1.16837 1.19401 0.37028 0.39217 0.37028 0.39217 14.22907 -0.05511 -0.28454 0.01061
target: 1.15822 0.02122
target: 1.15822 0.02122
fb: 1.19862 0.01233 0.27141 0.29955
fb: 1.14015 0.01157 0.30065 0.32879
dist/lin/ang/drive_left/drive_right/tv_l/tv_r/av_l/av_r/x/y/theta/t_err: 0.22421 1.10195 0.12901 1.12858 1.15171 0.34000 0.38228 0.34000 0.38228 15.17285 -0.05903 -0.18860 0.00998
target: 1.10195 0.01688
target: 1.10195 0.01688
fb: 1.10528 0.01519 0.29337 0.28263
fb: 1.13463 0.02041 0.27869 0.26796
dist/lin/ang/drive_left/drive_right/tv_l/tv_r/av_l/av_r/x/y/theta/t_err: 0.20211 1.04769 0.10948 1.11422 1.15505 0.32067 0.34392 0.32067 0.34392 16.04315 -0.06108 -0.08081 0.00909
target: 1.04769 0.01432
target: 1.04769 0.01432
fb: 1.08432 0.02313 0.25609 0.25802
fb: 1.05696 0.02048 0.26977 0.27170
dist/lin/ang/drive_left/drive_right/tv_l/tv_r/av_l/av_r/x/y/theta/t_err: 0.18042 0.99339 0.04276 1.03647 1.07744 0.29756 0.31606 0.29756 0.31606 16.89695 -0.06103 0.10074 0.00683
target: 0.99339 0.00559
target: 0.99339 0.00559
fb: 1.00069 0.02028 0.28195 0.21658
fb: 0.98524 0.02007 0.28968 0.22430
dist/lin/ang/drive_left/drive_right/tv_l/tv_r/av_l/av_r/x/y/theta/t_err: 0.16041 0.94677 0.00045 0.96518 1.00531 0.28797 0.29483 0.28797 0.29483 17.68489 -0.05843 0.28167 0.00434
target: 0.94677 0.00006
target: 0.94677 0.00006
fb: 0.93471 0.01826 0.29248 0.24840
fb: 0.94442 0.01665 0.28763 0.24355
dist/lin/ang/drive_left/drive_right/tv_l/tv_r/av_l/av_r/x/y/theta/t_err: 0.14172 0.88989 -0.05372 0.92777 0.96107 0.29483 0.26642 0.29483 0.26642 18.42087 -0.05377 0.45081 0.00138
target: 0.88989 -0.00703
target: 0.88989 -0.00703
fb: 0.99870 0.01122 0.17939 0.11181
fb: 0.92898 0.00502 0.21426 0.14667
dist/lin/ang/drive_left/drive_right/tv_l/tv_r/av_l/av_r/x/y/theta/t_err: 0.12174 0.82480 -0.07202 0.92396 0.93399 0.27189 0.24417 0.27189 0.24417 19.20722 -0.04663 0.58440 -0.00095
target: 0.82480 -0.00942
target: 0.82480 -0.00942
fb: 0.85925 0.00056 0.13745 0.10883
fb: 0.83211 0.00000 0.15102 0.12241
dist/lin/ang/drive_left/drive_right/tv_l/tv_r/av_l/av_r/x/y/theta/t_err: 0.10456 0.76437 -0.03750 0.83211 0.83211 0.21956 0.17164 0.21956 0.17164 19.88375 -0.03947 0.61887 -0.00155
target: 0.76437 -0.00491
target: 0.76437 -0.00491
fb: 0.77760 -0.00481 0.10777 0.14734
fb: 0.66507 -0.01533 0.16404 0.20361
dist/lin/ang/drive_left/drive_right/tv_l/tv_r/av_l/av_r/x/y/theta/t_err: 0.08901 0.70524 -0.01503 0.68040 0.64974 0.16033 0.15144 0.16033 0.15144 20.49600 -0.03287 0.60810 -0.00136
target: 0.70524 -0.00197
target: 0.70524 -0.00197
fb: 0.68073 -0.02460 0.11264 0.14191
fb: 0.64388 -0.02968 0.13106 0.16033
dist/lin/ang/drive_left/drive_right/tv_l/tv_r/av_l/av_r/x/y/theta/t_err: 0.07539 0.64906 0.08647 0.67357 0.61420 0.15469 0.17694 0.15469 0.17694 21.03199 -0.02782 0.45405 0.00133
target: 0.64906 0.01131
target: 0.64906 0.01131
fb: 0.60130 -0.02961 -0.06045 0.19767
fb: 0.58386 -0.02285 0.06631 0.20638
dist/lin/ang/drive_left/drive_right/tv_l/tv_r/av_l/av_r/x/y/theta/t_err: 0.06336 0.59504 0.19606 0.60672 0.56101 0.08042 0.17744 0.08042 0.17744 21.50544 -0.02514 0.19760 0.00580
target: 0.59504 0.02565
target: 0.59504 0.02565
fb: 0.57018 -0.01380 -0.09984 0.18695
fb: 0.56820 -0.00467 -0.09885 0.18794
dist/lin/ang/drive_left/drive_right/tv_l/tv_r/av_l/av_r/x/y/theta/t_err: 0.05196 0.53883 0.20608 0.57287 0.56353 0.03150 0.20172 0.03150 0.20172 21.95441 -0.02439 0.02075 0.00889
target: 0.53883 0.02696
target: 0.53883 0.02696
fb: 0.51789 0.00787 -0.07592 0.09538
fb: 0.47508 0.02404 0.06353 0.11678
dist/lin/ang/drive_left/drive_right/tv_l/tv_r/av_l/av_r/x/y/theta/t_err: 0.04160 0.48214 0.13570 0.45104 0.49912 -0.06708 0.17281 -0.06708 0.17281 22.36219 -0.02436 0.01090 0.00906
target: 0.48214 0.01775
target: 0.48214 0.01775
fb: 0.44022 0.04508 0.15453 0.10036
fb: 0.38792 0.06417 0.18068 0.12651
dist/lin/ang/drive_left/drive_right/tv_l/tv_r/av_l/av_r/x/y/theta/t_err: 0.03280 0.42811 -0.04818 0.32375 0.45209 0.06914 0.12422 0.06914 0.12422 22.70882 -0.02365 0.27139 0.00452
target: 0.42811 -0.00630
target: 0.42811 -0.00630
fb: 0.35879 0.07469 0.23648 -0.07139
fb: 0.38395 0.07455 0.22390 -0.08397
dist/lin/ang/drive_left/drive_right/tv_l/tv_r/av_l/av_r/x/y/theta/t_err: 0.02563 0.37841 -0.33435 0.30939 0.45850 0.17778 0.08386 0.17778 0.08386 22.99132 -0.02092 0.85135 -0.00561
target: 0.37841 -0.04374
target: 0.37841 -0.04374
fb: 0.35879 0.06821 0.28721 -0.19124
fb: 0.30848 0.05609 0.31236 -0.16609
dist/lin/ang/drive_left/drive_right/tv_l/tv_r/av_l/av_r/x/y/theta/t_err: 0.01845 0.32109 -0.51884 0.25239 0.36457 0.22722 -0.06706 0.22722 -0.06706 23.27377 -0.01519 1.48603 -0.01668
target: 0.32109 -0.06787
target: 0.32109 -0.06787
fb: 0.26942 0.03400 0.22309 -0.16800
fb: 0.22684 0.00864 0.24438 -0.14671
dist/lin/ang/drive_left/drive_right/tv_l/tv_r/av_l/av_r/x/y/theta/t_err: 0.01306 0.27015 -0.54187 0.21820 0.23548 0.27156 -0.14236 0.27156 -0.14236 23.48582 -0.00884 1.92114 -0.02428
target: 0.27015 -0.07088
target: 0.27015 -0.07088
fb: 0.20168 -0.02076 0.13238 -0.07266
fb: 0.20565 -0.05623 0.13040 -0.07464
dist/lin/ang/drive_left/drive_right/tv_l/tv_r/av_l/av_r/x/y/theta/t_err: 0.00903 0.22459 -0.35800 0.26188 0.14943 0.21028 -0.12422 0.21028 -0.12422 23.64453 -0.00342 1.92981 -0.02443
target: 0.22459 -0.04683
target: 0.22459 -0.04683
fb: 0.20168 -0.08577 -0.11245 0.12421
fb: 0.18226 -0.10688 -0.10274 0.13392
dist/lin/ang/drive_left/drive_right/tv_l/tv_r/av_l/av_r/x/y/theta/t_err: 0.00499 0.00125 0.02532 0.28915 0.07538 0.08028 -0.04828 0.08028 -0.04828 23.80327 0.00128 1.37929 -0.01482
target: 0.00125 0.00331
target: 0.00125 0.00331
fb: 0.16307 -0.12653 -0.71310 -0.26228
fb: 0.15314 -0.13803 -0.71310 -0.26228
dist/lin/ang/drive_left/drive_right/tv_l/tv_r/av_l/av_r/x/y/theta/t_err: 0.00174 0.00043 0.45968 0.29116 0.01511 -0.11242 0.07889 -0.11242 0.07889 23.93165 0.00337 0.40080 0.00226
target: 0.00043 0.06013
target: 0.00043 0.06013
fb: 0.15115 -0.13845 -0.33646 0.33842
fb: 0.12026 -0.12834 -0.33646 0.33842
dist/lin/ang/drive_left/drive_right/tv_l/tv_r/av_l/av_r/x/y/theta/t_err: -0.00129 -0.00032 0.86070 0.24860 -0.00808 -0.46869 -0.17608 -0.46869 -0.17608 24.05066 0.00297 -0.80018 0.02322
target: -0.00032 0.11259
target: -0.00032 0.11259
fb: 0.06995 -0.10410 -0.35214 0.35378
fb: 0.02913 -0.08305 -0.35214 0.35378
final error: 0.10574, x: -0.10573, y: -0.00176
final local error: 0.10574, forwards: -0.10562, sideways: -0.00518
position: 24.10573 0.00176 -1.85797
took 0.94000 time to finish turn
dist/lin/ang/drive_left/drive_right/tv_l/tv_r/av_l/av_r/x/y/theta/t_err: -0.61344 -0.08636 0.37825 0.00000 0.00000 0.00000 0.00000 0.00000 0.00000 24.15138 -0.00029 178.50467 0.02609
target: -0.08636 0.04948
target: -0.08636 0.04948
fb: 0.00000 0.00000 -0.49950 0.09505
fb: 0.00000 0.00000 -0.49950 0.09505
dist/lin/ang/drive_left/drive_right/tv_l/tv_r/av_l/av_r/x/y/theta/t_err: -0.61344 -0.17272 0.37826 0.00000 0.00000 -0.08917 0.03369 -0.08917 0.03369 24.15138 -0.00029 178.50466 0.02609
target: -0.17272 0.04948
target: -0.17272 0.04948
fb: 0.00000 0.00000 -0.30880 -0.24739
fb: 0.00000 0.00216 -0.30880 -0.24739
dist/lin/ang/drive_left/drive_right/tv_l/tv_r/av_l/av_r/x/y/theta/t_err: -0.61344 -0.25908 0.37827 -0.00216 0.00216 -0.35453 -0.01489 -0.35453 -0.01489 24.15138 -0.00029 178.50465 0.02609
target: -0.25908 0.04948
target: -0.25908 0.04948
fb: 0.00000 0.01888 -0.47030 -0.40888
fb: 0.00000 0.03637 -0.47030 -0.40888
dist/lin/ang/drive_left/drive_right/tv_l/tv_r/av_l/av_r/x/y/theta/t_err: -0.61344 -0.34544 0.33171 -0.03637 0.03637 -0.34375 -0.25597 -0.34375 -0.25597 24.15138 -0.00029 178.57217 0.02491
target: -0.34544 0.04339
target: -0.34544 0.04339
fb: 0.00000 0.05456 -0.51394 -0.51550
fb: -0.01920 0.06591 -0.50434 -0.50590
dist/lin/ang/drive_left/drive_right/tv_l/tv_r/av_l/av_r/x/y/theta/t_err: -0.61344 -0.43180 0.11493 -0.08511 0.04672 -0.43514 -0.39694 -0.43514 -0.39694 24.15138 -0.00029 178.92935 0.01867
target: -0.43180 0.01503
target: -0.43180 0.01503
fb: -0.10261 0.06640 -0.41857 -0.65853
fb: -0.18425 0.06250 -0.37775 -0.61771
dist/lin/ang/drive_left/drive_right/tv_l/tv_r/av_l/av_r/x/y/theta/t_err: -0.61139 -0.51816 -0.12020 -0.24675 -0.12175 -0.44794 -0.44847 -0.44794 -0.44847 24.07059 0.00070 179.49882 0.00878
target: -0.51816 -0.01572
target: -0.51816 -0.01572
fb: -0.25023 0.05477 -0.60242 -0.90561
fb: -0.31223 0.04487 -0.57142 -0.87460
dist/lin/ang/drive_left/drive_right/tv_l/tv_r/av_l/av_r/x/y/theta/t_err: -0.60639 -0.60452 -0.23461 -0.35710 -0.26736 -0.44111 -0.37031 -0.44111 -0.37031 23.87356 0.00140 180.02542 -0.00039
target: -0.60452 -0.03069
target: -0.60452 -0.03069
fb: -0.32393 0.03797 -0.70527 -0.88647
fb: -0.34732 0.04083 -0.69357 -0.87477
dist/lin/ang/drive_left/drive_right/tv_l/tv_r/av_l/av_r/x/y/theta/t_err: -0.59991 -0.69088 -0.27214 -0.38815 -0.30649 -0.51025 -0.43289 -0.51025 -0.43289 23.61850 0.00040 180.40968 -0.00713
target: -0.69088 -0.03560
target: -0.69088 -0.03560
fb: -0.41109 0.04675 -0.78232 -0.87965
fb: -0.44397 0.04954 -0.76588 -0.86321
dist/lin/ang/drive_left/drive_right/tv_l/tv_r/av_l/av_r/x/y/theta/t_err: -0.59169 -0.77724 -0.36491 -0.49351 -0.39443 -0.44283 -0.51761 -0.44283 -0.51761 23.29483 -0.00299 180.78064 -0.01375
target: -0.77724 -0.04773
target: -0.77724 -0.04773
fb: -0.47133 0.04933 -0.79023 -0.96891
fb: -0.52958 0.04557 -0.76110 -0.93979
dist/lin/ang/drive_left/drive_right/tv_l/tv_r/av_l/av_r/x/y/theta/t_err: -0.58226 -0.86360 -0.50735 -0.57515 -0.48401 -0.47006 -0.36669 -0.47006 -0.36669 22.92376 -0.00948 181.21097 -0.02155
target: -0.86360 -0.06637
target: -0.86360 -0.06637
fb: -0.52936 0.04794 -0.79815 -1.00000
fb: -0.54679 0.04919 -0.78943 -1.00000
dist/lin/ang/drive_left/drive_right/tv_l/tv_r/av_l/av_r/x/y/theta/t_err: -0.57168 -0.94996 -0.61200 -0.59598 -0.49760 -0.49125 -0.48867 -0.49125 -0.48867 22.50707 -0.01973 181.61892 -0.02913
target: -0.94996 -0.08006
target: -0.94996 -0.08006
fb: -0.60902 0.04829 -0.85007 -1.00000
fb: -0.63042 0.04160 -0.83936 -1.00000
dist/lin/ang/drive_left/drive_right/tv_l/tv_r/av_l/av_r/x/y/theta/t_err: -0.55951 -1.03632 -0.74376 -0.67202 -0.58883 -0.54875 -0.65211 -0.54875 -0.65211 22.02777 -0.03509 182.04399 -0.03727
target: -1.03632 -0.09729
target: -1.03632 -0.09729
fb: -0.69044 0.04062 -0.86052 -1.00000
fb: -0.74671 0.03017 -0.83239 -1.00000
dist/lin/ang/drive_left/drive_right/tv_l/tv_r/av_l/av_r/x/y/theta/t_err: -0.54571 -1.12268 -0.83002 -0.77688 -0.71654 -0.42897 -0.78178 -0.42897 -0.78178 21.48453 -0.05628 182.40530 -0.04460
target: -1.12268 -0.10857
target: -1.12268 -0.10857
fb: -0.78158 0.01749 -0.91284 -1.00000
fb: -0.81048 0.00474 -0.89839 -1.00000
dist/lin/ang/drive_left/drive_right/tv_l/tv_r/av_l/av_r/x/y/theta/t_err: -0.53010 -1.20904 -0.86627 -0.81522 -0.80574 -0.58108 -0.82919 -0.58108 -0.82919 20.86972 -0.08357 182.64447 -0.05016
target: -1.20904 -0.11332
target: -1.20904 -0.11332
fb: -0.79526 -0.00669 -1.00000 -1.00000
fb: -0.82813 -0.01359 -0.99449 -1.00000
dist/lin/ang/drive_left/drive_right/tv_l/tv_r/av_l/av_r/x/y/theta/t_err: -0.51421 -1.29540 -0.80757 -0.81455 -0.84172 -0.44883 -0.89097 -0.44883 -0.89097 20.24422 -0.11274 182.67125 -0.05219
target: -1.29540 -0.10564
target: -1.29540 -0.10564
fb: -0.90757 -0.02369 -1.00000 -1.00000
fb: -0.86300 -0.03533 -1.00000 -1.00000
dist/lin/ang/drive_left/drive_right/tv_l/tv_r/av_l/av_r/x/y/theta/t_err: -0.49608 -1.38176 -0.73222 -0.82767 -0.89832 -0.57919 -0.88842 -0.57919 -0.88842 19.53034 -0.14527 182.52855 -0.05157
target: -1.38176 -0.09578
target: -1.38176 -0.09578
fb: -0.84932 -0.04780 -1.00000 -1.00000
fb: -0.91353 -0.05964 -1.00000 -1.00000
dist/lin/ang/drive_left/drive_right/tv_l/tv_r/av_l/av_r/x/y/theta/t_err: -0.47912 -1.46812 -0.58729 -0.85389 -0.97317 -0.49517 -0.90450 -0.49517 -0.90450 18.86215 -0.17292 182.19669 -0.04751
target: -1.46812 -0.07682
target: -1.46812 -0.07682
fb: -0.96583 -0.06090 -1.00000 -1.00000
fb: -1.02982 -0.06396 -1.00000 -1.00000
dist/lin/ang/drive_left/drive_right/tv_l/tv_r/av_l/av_r/x/y/theta/t_err: -0.45982 -1.50429 -0.40570 -0.96585 -1.09378 -0.74758 -0.88342 -0.74758 -0.88342 18.10210 -0.19864 181.68253 -0.04034
target: -1.50429 -0.05307
target: -1.50429 -0.05307
fb: -1.01062 -0.07372 -1.00000 -1.00000
fb: -1.09381 -0.08075 -1.00000 -0.96187
dist/lin/ang/drive_left/drive_right/tv_l/tv_r/av_l/av_r/x/y/theta/t_err: -0.43962 -1.49126 -0.24126 -1.01305 -1.17456 -0.85347 -0.87075 -0.85347 -0.87075 17.30658 -0.21806 181.09088 -0.03164
target: -1.49126 -0.03156
target: -1.49126 -0.03156
fb: -1.18670 -0.08166 -0.84763 -0.70240
fb: -1.14809 -0.08354 -0.86694 -0.72171
dist/lin/ang/drive_left/drive_right/tv_l/tv_r/av_l/av_r/x/y/theta/t_err: -0.41590 -1.47547 -0.03063 -1.06455 -1.23163 -0.78131 -0.63225 -0.78131 -0.63225 16.37225 -0.23019 180.38621 -0.02080
target: -1.47547 -0.00401
target: -1.47547 -0.00401
fb: -1.17722 -0.07936 -0.87263 -0.63610
fb: -1.15008 -0.06473 -0.88620 -0.64967
dist/lin/ang/drive_left/drive_right/tv_l/tv_r/av_l/av_r/x/y/theta/t_err: -0.39235 -1.45939 0.15488 -1.08535 -1.21480 -0.64594 -0.66681 -0.64594 -0.66681 15.44531 -0.23050 179.67461 -0.00924
target: -1.45939 0.02026
target: -1.45939 0.02026
fb: -1.21230 -0.05142 -0.84073 -0.60124
fb: -1.25290 -0.04731 -0.82043 -0.58094
dist/lin/ang/drive_left/drive_right/tv_l/tv_r/av_l/av_r/x/y/theta/t_err: -0.36811 -1.43422 0.23112 -1.20559 -1.30021 -0.70583 -0.62658 -0.70583 -0.62658 14.49080 -0.22005 179.12995 0.00000
target: -1.43422 0.03023
target: -1.43422 0.03023
fb: -1.16927 -0.04320 -0.74532 -0.62109
fb: -1.22951 -0.03951 -0.71520 -0.59097
dist/lin/ang/drive_left/drive_right/tv_l/tv_r/av_l/av_r/x/y/theta/t_err: -0.34472 -1.37156 0.29867 -1.19001 -1.26902 -0.72756 -0.58519 -0.72756 -0.58519 13.57028 -0.20263 178.71127 0.00756
target: -1.37156 0.03907
target: -1.37156 0.03907
fb: -1.13463 -0.03052 -0.55639 -0.43051
fb: -1.23547 -0.02125 -0.50597 -0.38009
dist/lin/ang/drive_left/drive_right/tv_l/tv_r/av_l/av_r/x/y/theta/t_err: -0.32203 -1.31202 0.36942 -1.21422 -1.25672 -0.65328 -0.59256 -0.65328 -0.59256 12.67716 -0.17994 178.37673 0.01414
target: -1.31202 0.04832
target: -1.31202 0.04832
fb: -1.39258 -0.01345 -0.39378 -0.25167
fb: -1.26636 -0.00766 -0.45689 -0.31478
dist/lin/ang/drive_left/drive_right/tv_l/tv_r/av_l/av_r/x/y/theta/t_err: -0.29418 -1.24515 0.38295 -1.25870 -1.27403 -0.50992 -0.45478 -0.50992 -0.45478 11.58113 -0.14707 178.20425 0.01864
target: -1.24515 0.05009
target: -1.24515 0.05009
fb: -1.31866 -0.00752 -0.30800 -0.23084
fb: -1.34779 -0.00711 -0.29344 -0.21627
dist/lin/ang/drive_left/drive_right/tv_l/tv_r/av_l/av_r/x/y/theta/t_err: -0.26782 -1.18240 0.38965 -1.34068 -1.35489 -0.43906 -0.34631 -0.43906 -0.34631 10.54335 -0.11389 178.13983 0.02166
target: -1.18240 0.05097
target: -1.18240 0.05097
fb: -1.21980 -0.00209 -0.31331 -0.24295
fb: -1.19487 0.01240 -0.32577 -0.25542
dist/lin/ang/drive_left/drive_right/tv_l/tv_r/av_l/av_r/x/y/theta/t_err: -0.24343 -1.12209 0.42972 -1.20727 -1.18247 -0.34597 -0.29756 -0.34597 -0.29756 9.58339 -0.08232 178.09890 0.02459
target: -1.12209 0.05621
target: -1.12209 0.05621
fb: -1.18891 0.02857 -0.30672 -0.19001
fb: -1.10352 0.03742 -0.34942 -0.23271
dist/lin/ang/drive_left/drive_right/tv_l/tv_r/av_l/av_r/x/y/theta/t_err: -0.21966 -1.06575 0.36000 -1.14093 -1.06610 -0.34836 -0.31125 -0.34836 -0.31125 8.64772 -0.05214 178.24067 0.02468
target: -1.06575 0.04709
target: -1.06575 0.04709
fb: -1.02408 0.03999 -0.28296 -0.30769
fb: -1.03158 0.03749 -0.27921 -0.30394
dist/lin/ang/drive_left/drive_right/tv_l/tv_r/av_l/av_r/x/y/theta/t_err: -0.19918 -1.02039 0.22158 -1.06907 -0.99410 -0.35197 -0.26694 -0.35197 -0.26694 7.84168 -0.02958 178.56758 0.02123
target: -1.02039 0.02898
target: -1.02039 0.02898
fb: -1.08410 0.03686 -0.20300 -0.33282
fb: -1.04350 0.03602 -0.22330 -0.35312
dist/lin/ang/drive_left/drive_right/tv_l/tv_r/av_l/av_r/x/y/theta/t_err: -0.17750 -0.99593 0.17256 -1.07952 -1.00748 -0.31825 -0.28678 -0.31825 -0.28678 6.98827 -0.01070 178.89218 0.01780
target: -0.99593 0.02257
target: -0.99593 0.02257
fb: -0.96384 0.03303 -0.37276 -0.40591
fb: -0.96583 0.02975 -0.37176 -0.40491
dist/lin/ang/drive_left/drive_right/tv_l/tv_r/av_l/av_r/x/y/theta/t_err: -0.15821 -0.94026 0.04766 -0.99558 -0.93607 -0.28406 -0.33417 -0.28406 -0.33417 6.22944 0.00195 179.19752 0.01247
target: -0.94026 0.00623
target: -0.94026 0.00623
fb: -0.98326 0.01881 -0.13187 -0.27620
fb: -0.89014 0.00808 -0.17842 -0.32276
dist/lin/ang/drive_left/drive_right/tv_l/tv_r/av_l/av_r/x/y/theta/t_err: -0.13855 -0.87991 0.02085 -0.89822 -0.88206 -0.29550 -0.37967 -0.29550 -0.37967 5.45528 0.01112 179.42966 0.00842
target: -0.87991 0.00273
target: -0.87991 0.00273
fb: -0.86101 0.00063 -0.17471 -0.20821
fb: -0.85329 -0.00467 -0.17857 -0.21207
dist/lin/ang/drive_left/drive_right/tv_l/tv_r/av_l/av_r/x/y/theta/t_err: -0.12134 -0.82342 0.08270 -0.84862 -0.85796 -0.20464 -0.30953 -0.20464 -0.30953 4.77735 0.01740 179.48686 0.00743
target: -0.82342 0.01082
target: -0.82342 0.01082
fb: -0.81666 -0.01359 -0.21849 -0.13671
fb: -0.80673 -0.02620 -0.22345 -0.14168
dist/lin/ang/drive_left/drive_right/tv_l/tv_r/av_l/av_r/x/y/theta/t_err: -0.10500 -0.76599 0.14848 -0.78053 -0.83293 -0.20553 -0.23183 -0.20553 -0.23183 4.13433 0.02341 179.42766 0.00846
target: -0.76599 0.01942
target: -0.76599 0.01942
fb: -0.72332 -0.03337 -0.21715 -0.11919
fb: -0.67698 -0.02717 -0.24031 -0.14236
dist/lin/ang/drive_left/drive_right/tv_l/tv_r/av_l/av_r/x/y/theta/t_err: -0.09053 -0.71124 0.28926 -0.64981 -0.70416 -0.21747 -0.18000 -0.21747 -0.18000 3.56483 0.03015 179.18598 0.01268
target: -0.71124 0.03784
target: -0.71124 0.03784
fb: -0.69044 -0.01463 -0.25091 0.08791
fb: -0.67301 -0.00362 -0.25962 0.07919
dist/lin/ang/drive_left/drive_right/tv_l/tv_r/av_l/av_r/x/y/theta/t_err: -0.07671 -0.65472 0.32683 -0.66939 -0.67663 -0.24400 -0.13433 -0.24400 -0.13433 3.02125 0.03899 178.97853 0.01630
target: -0.65472 0.04275
target: -0.65472 0.04275
fb: -0.66132 0.00230 -0.14944 0.07450
fb: -0.60703 0.01045 -0.17658 -0.08047
dist/lin/ang/drive_left/drive_right/tv_l/tv_r/av_l/av_r/x/y/theta/t_err: -0.06348 -0.59560 0.24957 -0.61749 -0.59658 -0.25119 0.04142 -0.25119 0.04142 2.50061 0.04843 178.95929 0.01663
target: -0.59560 0.03265
target: -0.59560 0.03265
fb: -0.59534 0.02662 0.07421 -0.09642
fb: -0.59534 0.04564 0.07421 -0.09642
dist/lin/ang/drive_left/drive_right/tv_l/tv_r/av_l/av_r/x/y/theta/t_err: -0.05158 -0.53688 0.14832 -0.64098 -0.54970 -0.16033 -0.06211 -0.16033 -0.06211 2.03191 0.05649 179.09399 0.01428
target: -0.53688 0.01940
target: -0.53688 0.01940
fb: -0.48677 0.06062 0.09485 -0.12172
fb: -0.46338 0.06208 0.08316 -0.13342
dist/lin/ang/drive_left/drive_right/tv_l/tv_r/av_l/av_r/x/y/theta/t_err: -0.04186 -0.48365 -0.08835 -0.52547 -0.40130 0.04158 -0.11222 0.04158 -0.11222 1.64865 0.06131 179.52253 0.00680
target: -0.48365 -0.01156
target: -0.48365 -0.01156
fb: -0.40535 0.04487 0.07442 -0.30263
fb: -0.35504 0.01540 0.04927 -0.32779
dist/lin/ang/drive_left/drive_right/tv_l/tv_r/av_l/av_r/x/y/theta/t_err: -0.03377 -0.43440 -0.24377 -0.37044 -0.33964 0.06964 -0.16703 0.06964 -0.16703 1.32948 0.06266 180.01920 -0.00187
target: -0.43440 -0.03189
target: -0.43440 -0.03189
fb: -0.35879 -0.01275 0.05185 -0.25679
fb: -0.30054 -0.03512 -0.05532 -0.28592
dist/lin/ang/drive_left/drive_right/tv_l/tv_r/av_l/av_r/x/y/theta/t_err: -0.02660 -0.38551 -0.07931 -0.26542 -0.33565 0.04381 -0.28081 0.04381 -0.28081 1.04697 0.06223 180.09499 -0.00319
target: -0.38551 -0.01037
target: -0.38551 -0.01037
fb: -0.28112 -0.05407 -0.22593 -0.05111
fb: -0.29877 -0.07058 -0.21710 0.04555
dist/lin/ang/drive_left/drive_right/tv_l/tv_r/av_l/av_r/x/y/theta/t_err: -0.02096 -0.34226 0.19136 -0.22819 -0.36935 -0.07972 -0.22364 -0.07972 -0.22364 0.82562 0.06245 179.75035 0.00283
target: -0.34226 0.02503
target: -0.34226 0.02503
fb: -0.28134 -0.08556 -0.28573 0.14941
fb: -0.26170 -0.08995 -0.29555 0.13959
dist/lin/ang/drive_left/drive_right/tv_l/tv_r/av_l/av_r/x/y/theta/t_err: -0.01532 -0.29256 0.48669 -0.17175 -0.35165 -0.21131 0.02122 -0.21131 0.02122 0.60410 0.06453 179.10384 0.01411
target: -0.29256 0.06366
target: -0.29256 0.06366
fb: -0.24250 -0.08758 -0.28938 0.22656
fb: -0.19595 -0.08250 -0.31266 0.20328
dist/lin/ang/drive_left/drive_right/tv_l/tv_r/av_l/av_r/x/y/theta/t_err: -0.01044 -0.24153 0.74075 -0.11345 -0.27844 -0.27222 0.13072 -0.27222 0.13072 0.41320 0.06874 178.32613 0.02768
target: -0.24153 0.09690
target: -0.24153 0.09690
fb: -0.18403 -0.05881 -0.26956 0.24232
fb: -0.17454 -0.02111 -0.27431 0.23758
dist/lin/ang/drive_left/drive_right/tv_l/tv_r/av_l/av_r/x/y/theta/t_err: -0.00674 -0.00168 0.85134 -0.15343 -0.19565 -0.27206 0.18856 -0.27206 0.18856 0.26838 0.07386 177.67350 0.03907
target: -0.00168 0.11136
target: -0.00168 0.11136
fb: -0.16108 0.02139 0.37839 0.66270
fb: -0.16086 0.05658 0.37839 0.66270
dist/lin/ang/drive_left/drive_right/tv_l/tv_r/av_l/av_r/x/y/theta/t_err: -0.00351 -0.00088 0.62809 -0.21744 -0.10428 -0.18258 0.27361 -0.18258 0.27361 0.14166 0.07921 177.58428 0.04063
target: -0.00088 0.08216
target: -0.00088 0.08216
fb: -0.14740 0.08772 0.11668 -0.11900
fb: -0.12026 0.10849 0.11668 -0.11900
dist/lin/ang/drive_left/drive_right/tv_l/tv_r/av_l/av_r/x/y/theta/t_err: -0.00058 -0.00015 0.20074 -0.22874 -0.01177 0.17453 0.44181 0.17453 0.44181 0.02568 0.08363 178.14769 0.03080
target: -0.00015 0.02626
target: -0.00015 0.02626
fb: -0.09312 0.12848 0.27440 -0.27647
fb: -0.06024 0.13747 0.27440 -0.27647
start is 0.00000 0.00000
dist/lin/ang/drive_left/drive_right/tv_l/tv_r/av_l/av_r/x/y/theta/t_err: 0.60960 0.08636 0.00002 0.00000 0.00000 0.00000 0.00017 0.00000 0.00017 0.00000 0.00000 -0.00009 0.00000
target: 0.08636 0.00000
target: 0.08636 0.00000
fb: 0.00000 0.00000 0.24368 0.24861
fb: 0.00000 0.00000 0.24368 0.24861
dist/lin/ang/drive_left/drive_right/tv_l/tv_r/av_l/av_r/x/y/theta/t_err: 0.60960 0.17272 0.00002 0.00000 0.00000 0.08314 0.05508 0.08314 0.05508 0.00000 0.00000 -0.00009 0.00000
target: 0.17272 0.00000
target: 0.17272 0.00000
fb: 0.00000 0.00000 0.27565 0.28054
fb: 0.00000 0.00084 0.27565 0.28054
dist/lin/ang/drive_left/drive_right/tv_l/tv_r/av_l/av_r/x/y/theta/t_err: 0.60960 0.25908 -0.00011 -0.00084 0.00084 0.22636 0.22175 0.22636 0.22175 0.00000 0.00000 0.00011 -0.00000
target: 0.25908 -0.00001
target: 0.25908 -0.00001
fb: 0.00000 -0.00557 0.43723 0.44195
fb: 0.00000 -0.01540 0.43723 0.44195
dist/lin/ang/drive_left/drive_right/tv_l/tv_r/av_l/av_r/x/y/theta/t_err: 0.60960 0.34544 0.00502 0.01540 -0.01540 0.29619 0.28797 0.29619 0.28797 0.00000 0.00000 -0.00721 0.00013
target: 0.34544 0.00066
target: 0.34544 0.00066
fb: 0.00000 -0.01150 0.50882 0.52063
fb: 0.06973 0.00000 0.47395 0.48576
dist/lin/ang/drive_left/drive_right/tv_l/tv_r/av_l/av_r/x/y/theta/t_err: 0.60960 0.43180 0.08607 0.06973 0.06973 0.40742 0.39439 0.40742 0.39439 0.00000 0.00000 -0.12941 0.00226
target: 0.43180 0.01126
target: 0.43180 0.01126
fb: 0.17256 0.00571 0.44588 0.56128
fb: 0.20941 0.00606 0.42745 0.54285
dist/lin/ang/drive_left/drive_right/tv_l/tv_r/av_l/av_r/x/y/theta/t_err: 0.60615 0.51816 0.02743 0.20334 0.21547 0.43786 0.42744 0.43786 0.42744 0.13587 -0.00031 -0.12094 0.00212
target: 0.51816 0.00359
target: 0.51816 0.00359
fb: 0.24052 0.00557 0.78833 0.72941
fb: 0.28509 0.00383 0.76604 0.70712
dist/lin/ang/drive_left/drive_right/tv_l/tv_r/av_l/av_r/x/y/theta/t_err: 0.60134 0.60452 -0.00608 0.28126 0.28892 0.46114 0.45858 0.46114 0.45858 0.32525 -0.00062 -0.06671 0.00119
target: 0.60452 -0.00080
target: 0.60452 -0.00080
fb: 0.31422 0.00139 0.81829 0.78315
fb: 0.39763 -0.00216 0.77659 0.74144
dist/lin/ang/drive_left/drive_right/tv_l/tv_r/av_l/av_r/x/y/theta/t_err: 0.59505 0.69088 -0.00335 0.39979 0.39547 0.36942 0.47122 0.36942 0.47122 0.57267 -0.00083 -0.03627 0.00067
target: 0.69088 -0.00044
target: 0.69088 -0.00044
fb: 0.44992 -0.00105 0.80754 0.81560
fb: 0.45963 0.00251 0.80268 0.81075
dist/lin/ang/drive_left/drive_right/tv_l/tv_r/av_l/av_r/x/y/theta/t_err: 0.58606 0.77724 0.01793 0.45713 0.46214 0.41458 0.47722 0.41458 0.47722 0.92694 -0.00108 -0.04757 0.00088
target: 0.77724 0.00235
target: 0.77724 0.00235
fb: 0.52738 0.00418 0.83469 0.86841
fb: 0.55849 0.00739 0.81913 0.85285
dist/lin/ang/drive_left/drive_right/tv_l/tv_r/av_l/av_r/x/y/theta/t_err: 0.57551 0.86360 -0.00503 0.55110 0.56587 0.53025 0.51881 0.53025 0.51881 1.34220 -0.00135 -0.02111 0.00043
target: 0.86360 -0.00066
target: 0.86360 -0.00066
fb: 0.57416 0.00941 0.91802 0.89569
fb: 0.61498 0.00725 0.89761 0.87528
dist/lin/ang/drive_left/drive_right/tv_l/tv_r/av_l/av_r/x/y/theta/t_err: 0.56403 0.94996 -0.04159 0.60773 0.62222 0.46081 0.51025 0.46081 0.51025 1.79429 -0.00125 0.04804 -0.00078
target: 0.94996 -0.00544
target: 0.94996 -0.00544
fb: 0.62645 0.00481 0.98176 0.93707
fb: 0.64565 0.00000 0.97216 0.92747
dist/lin/ang/drive_left/drive_right/tv_l/tv_r/av_l/av_r/x/y/theta/t_err: 0.55150 1.03632 -0.05844 0.64565 0.64565 0.54328 0.53028 0.54328 0.53028 2.28756 -0.00053 0.11454 -0.00197
target: 1.03632 -0.00764
target: 1.03632 -0.00764
fb: 0.67676 -0.00411 1.00000 1.00000
fb: 0.73700 -0.00348 0.99502 0.97066
dist/lin/ang/drive_left/drive_right/tv_l/tv_r/av_l/av_r/x/y/theta/t_err: 0.53796 1.12268 -0.02378 0.74049 0.73352 0.49261 0.48903 0.49261 0.48903 2.82044 0.00053 0.10465 -0.00185
target: 1.12268 -0.00311
target: 1.12268 -0.00311
fb: 0.78930 -0.00934 1.00000 1.00000
fb: 0.77584 -0.01380 1.00000 1.00000
dist/lin/ang/drive_left/drive_right/tv_l/tv_r/av_l/av_r/x/y/theta/t_err: 0.52217 1.20904 0.00626 0.78963 0.76204 0.53625 0.51261 0.53625 0.51261 3.44194 0.00146 0.05398 -0.00101
target: 1.20904 0.00082
target: 1.20904 0.00082
fb: 0.81269 -0.00892 1.00000 1.00000
fb: 0.87072 -0.00432 1.00000 1.00000
dist/lin/ang/drive_left/drive_right/tv_l/tv_r/av_l/av_r/x/y/theta/t_err: 0.50592 1.29540 0.05035 0.87504 0.86640 0.67639 0.66528 0.67639 0.66528 4.08185 0.00147 -0.04051 0.00063
target: 1.29540 0.00659
target: 1.29540 0.00659
fb: 0.86697 -0.00348 1.00000 1.00000
fb: 0.87867 -0.00348 1.00000 1.00000
dist/lin/ang/drive_left/drive_right/tv_l/tv_r/av_l/av_r/x/y/theta/t_err: 0.48858 1.38176 0.03793 0.88215 0.87518 0.83536 0.81639 0.83536 0.81639 4.76450 0.00072 -0.08013 0.00136
target: 1.38176 0.00496
target: 1.38176 0.00496
fb: 0.92898 -0.00390 1.00000 1.00000
fb: 1.00643 -0.00627 1.00000 1.00000
dist/lin/ang/drive_left/drive_right/tv_l/tv_r/av_l/av_r/x/y/theta/t_err: 0.47000 1.46812 0.04518 1.01270 1.00016 0.85400 0.82936 0.85400 0.82936 5.49598 -0.00050 -0.11334 0.00201
target: 1.46812 0.00591
target: 1.46812 0.00591
fb: 1.10727 -0.00662 1.00000 1.00000
fb: 1.10153 -0.00808 1.00000 1.00000
dist/lin/ang/drive_left/drive_right/tv_l/tv_r/av_l/av_r/x/y/theta/t_err: 0.44786 1.55448 0.07066 1.10961 1.09345 0.86478 0.85947 0.86478 0.85947 6.36784 -0.00262 -0.16672 0.00306
target: 1.55448 0.00924
target: 1.55448 0.00924
fb: 1.11521 -0.00683 1.00000 1.00000
fb: 1.09579 -0.00885 1.00000 1.00000
dist/lin/ang/drive_left/drive_right/tv_l/tv_r/av_l/av_r/x/y/theta/t_err: 0.42555 1.53166 0.09426 1.10464 1.08695 0.88242 0.87506 0.88242 0.87506 7.24595 -0.00566 -0.22825 0.00432
target: 1.53166 0.01233
target: 1.53166 0.01233
fb: 1.15383 -0.00843 0.76393 0.81434
fb: 1.26636 -0.00537 0.70766 0.75808
dist/lin/ang/drive_left/drive_right/tv_l/tv_r/av_l/av_r/x/y/theta/t_err: 0.40248 1.48592 0.12424 1.27173 1.26100 0.75150 0.74931 0.75150 0.74931 8.15447 -0.00990 -0.30114 0.00588
target: 1.48592 0.01625
target: 1.48592 0.01625
fb: 1.30145 -0.00564 0.55035 0.61351
fb: 1.28975 -0.00453 0.55620 0.61936
dist/lin/ang/drive_left/drive_right/tv_l/tv_r/av_l/av_r/x/y/theta/t_err: 0.37645 1.43389 0.14089 1.29428 1.28523 0.63225 0.66697 0.63225 0.66697 9.17922 -0.01581 -0.35649 0.00729
target: 1.43389 0.01843
target: 1.43389 0.01843
fb: 1.27409 -0.00362 0.49792 0.54826
fb: 1.31690 -0.00167 0.47652 0.52685
dist/lin/ang/drive_left/drive_right/tv_l/tv_r/av_l/av_r/x/y/theta/t_err: 0.35097 1.38194 0.15246 1.31857 1.31522 0.54550 0.59939 0.54550 0.59939 10.18241 -0.02239 -0.39261 0.00847
target: 1.38194 0.01994
target: 1.38194 0.01994
fb: 1.32859 0.00160 0.42562 0.47195
fb: 1.37493 0.00286 0.40245 0.44878
dist/lin/ang/drive_left/drive_right/tv_l/tv_r/av_l/av_r/x/y/theta/t_err: 0.32440 1.32696 0.15407 1.37207 1.37779 0.47825 0.52856 0.47825 0.52856 11.22852 -0.02969 -0.39755 0.00926
target: 1.32696 0.02015
target: 1.32696 0.02015
fb: 1.33036 0.00167 0.36821 0.40306
fb: 1.32263 0.00293 0.37207 0.40693
dist/lin/ang/drive_left/drive_right/tv_l/tv_r/av_l/av_r/x/y/theta/t_err: 0.29779 1.27038 0.15403 1.31971 1.32556 0.41700 0.46436 0.41700 0.46436 12.27602 -0.03678 -0.37956 0.00976
target: 1.27038 0.02015
target: 1.27038 0.02015
fb: 1.36919 0.00502 0.29188 0.32473
fb: 1.31314 0.00592 0.31991 0.35276
dist/lin/ang/drive_left/drive_right/tv_l/tv_r/av_l/av_r/x/y/theta/t_err: 0.27041 1.20979 0.15769 1.30722 1.31907 0.39253 0.41683 0.39253 0.41683 13.35410 -0.04367 -0.34769 0.01017
target: 1.20979 0.02063
target: 1.20979 0.02063
fb: 1.26636 0.01219 0.26953 0.30735
fb: 1.18869 0.01017 0.30837 0.34618
dist/lin/ang/drive_left/drive_right/tv_l/tv_r/av_l/av_r/x/y/theta/t_err: 0.24508 1.15212 0.13924 1.17852 1.19886 0.36086 0.40244 0.36086 0.40244 14.35122 -0.04921 -0.27856 0.00996
target: 1.15212 0.01821
target: 1.15212 0.01821
fb: 1.16949 0.01010 0.29176 0.30026
fb: 1.11124 0.01533 0.32089 0.32939
dist/lin/ang/drive_left/drive_right/tv_l/tv_r/av_l/av_r/x/y/theta/t_err: 0.22169 1.09671 0.12276 1.09591 1.12657 0.33897 0.36378 0.33897 0.36378 15.27208 -0.05296 -0.19166 0.00941
target: 1.09671 0.01606
target: 1.09671 0.01606
fb: 1.11720 0.02083 0.27677 0.28465
fb: 1.18891 0.02139 0.24091 0.24879
dist/lin/ang/drive_left/drive_right/tv_l/tv_r/av_l/av_r/x/y/theta/t_err: 0.19935 1.04241 0.07775 1.16752 1.21030 0.31914 0.34650 0.31914 0.34650 16.15176 -0.05490 -0.05335 0.00793
target: 1.04241 0.01017
target: 1.04241 0.01017
fb: 1.12867 0.01916 0.24673 0.21309
fb: 1.05696 0.01784 0.28258 0.24895
dist/lin/ang/drive_left/drive_right/tv_l/tv_r/av_l/av_r/x/y/theta/t_err: 0.17678 0.99390 0.02327 1.03912 1.07480 0.28781 0.29958 0.28781 0.29958 17.04048 -0.05431 0.12593 0.00561
target: 0.99390 0.00304
target: 0.99390 0.00304
fb: 0.95413 0.01407 0.32332 0.26894
fb: 1.02209 0.01198 0.28934 0.23496
dist/lin/ang/drive_left/drive_right/tv_l/tv_r/av_l/av_r/x/y/theta/t_err: 0.15769 0.93872 -0.01956 1.01011 1.03408 0.29756 0.27464 0.29756 0.27464 17.79176 -0.05168 0.27220 0.00305
target: 0.93872 -0.00256
target: 0.93872 -0.00256
fb: 1.02209 0.01122 0.20930 0.16109
fb: 0.92125 0.00718 0.25972 0.21151
dist/lin/ang/drive_left/drive_right/tv_l/tv_r/av_l/av_r/x/y/theta/t_err: 0.13725 0.87577 -0.02806 0.91408 0.92843 0.29789 0.26008 0.29789 0.26008 18.59654 -0.04714 0.37711 0.00122
target: 0.87577 -0.00367
target: 0.87577 -0.00367
fb: 0.89213 0.00105 0.16638 0.15705
fb: 0.88043 -0.00446 0.17223 0.16290
dist/lin/ang/drive_left/drive_right/tv_l/tv_r/av_l/av_r/x/y/theta/t_err: 0.11941 0.81686 -0.01586 0.88489 0.87597 0.25392 0.22739 0.25392 0.22739 19.29899 -0.04215 0.42581 0.00037
target: 0.81686 -0.00207
target: 0.81686 -0.00207
fb: 0.87072 -0.00766 0.12636 0.14349
fb: 0.81269 -0.01226 0.15538 0.17251
dist/lin/ang/drive_left/drive_right/tv_l/tv_r/av_l/av_r/x/y/theta/t_err: 0.10200 0.75495 0.03565 0.82495 0.80043 0.20311 0.19233 0.20311 0.19233 19.98458 -0.03726 0.38191 0.00114
target: 0.75495 0.00466
target: 0.75495 0.00466
fb: 0.75443 -0.01463 0.08843 0.16082
fb: 0.70589 -0.01414 0.11270 0.18509
dist/lin/ang/drive_left/drive_right/tv_l/tv_r/av_l/av_r/x/y/theta/t_err: 0.08691 0.69687 0.09245 0.72003 0.69175 0.16750 0.17881 0.16750 0.17881 20.57861 -0.03383 0.27175 0.00306
target: 0.69687 0.01209
target: 0.69687 0.01209
fb: 0.65359 -0.01491 0.09319 0.18170
fb: 0.62049 -0.01526 0.10974 0.19825
dist/lin/ang/drive_left/drive_right/tv_l/tv_r/av_l/av_r/x/y/theta/t_err: 0.07383 0.64232 0.13142 0.63575 0.60524 0.12697 0.18481 0.12697 0.18481 21.09325 -0.03194 0.14549 0.00526
target: 0.64232 0.01719
target: 0.64232 0.01719
fb: 0.59357 -0.01087 0.09470 0.16902
fb: 0.58960 -0.00258 0.09668 0.17101
dist/lin/ang/drive_left/drive_right/tv_l/tv_r/av_l/av_r/x/y/theta/t_err: 0.06196 0.58842 0.15898 0.59218 0.58702 0.11875 0.19233 0.11875 0.19233 21.56063 -0.03125 0.02560 0.00736
target: 0.58842 0.02080
target: 0.58842 0.02080
fb: 0.58364 0.00711 -0.06062 0.12310
fb: 0.52186 0.01463 0.08832 0.15399
dist/lin/ang/drive_left/drive_right/tv_l/tv_r/av_l/av_r/x/y/theta/t_err: 0.05029 0.53010 0.10676 0.50723 0.53649 0.09086 0.17247 0.09086 0.17247 22.02019 -0.03113 0.02547 0.00736
target: 0.53010 0.01397
target: 0.53010 0.01397
fb: 0.50222 0.02257 0.07892 -0.08637
fb: 0.50222 0.03261 0.07892 -0.08637
dist/lin/ang/drive_left/drive_right/tv_l/tv_r/av_l/av_r/x/y/theta/t_err: 0.04024 0.47422 0.00606 0.46961 0.53483 0.07578 0.10556 0.07578 0.10556 22.41564 -0.03050 0.17145 0.00481
target: 0.47422 0.00079
target: 0.47422 0.00079
fb: 0.44044 0.04097 0.17837 0.06578
fb: 0.39564 0.03553 0.20077 0.08817
dist/lin/ang/drive_left/drive_right/tv_l/tv_r/av_l/av_r/x/y/theta/t_err: 0.03144 0.41914 -0.13918 0.36011 0.43118 0.10094 -0.01778 0.10094 -0.01778 22.76243 -0.02867 0.47453 -0.00048
target: 0.41914 -0.01821
target: 0.41914 -0.01821
fb: 0.36652 0.02139 0.20796 -0.07037
fb: 0.33364 0.00425 0.22439 -0.05393
dist/lin/ang/drive_left/drive_right/tv_l/tv_r/av_l/av_r/x/y/theta/t_err: 0.02411 0.36706 -0.19884 0.32939 0.33789 0.18172 0.04672 0.18172 0.04672 23.05101 -0.02554 0.75289 -0.00534
target: 0.36706 -0.02601
target: 0.36706 -0.02601
fb: 0.32967 -0.01080 0.14190 -0.04613
fb: 0.30252 -0.02369 0.15547 0.05527
dist/lin/ang/drive_left/drive_right/tv_l/tv_r/av_l/av_r/x/y/theta/t_err: 0.01752 0.31287 -0.08075 0.32621 0.27883 0.20158 -0.03731 0.20158 -0.03731 23.31056 -0.02203 0.75777 -0.00542
target: 0.31287 -0.01056
target: 0.31287 -0.01056
fb: 0.27340 -0.04048 -0.07434 0.13348
fb: 0.25001 -0.05915 -0.06264 0.14517
dist/lin/ang/drive_left/drive_right/tv_l/tv_r/av_l/av_r/x/y/theta/t_err: 0.01205 0.25947 0.09170 0.30916 0.19085 0.13139 0.05992 0.13139 0.05992 23.52582 -0.01958 0.51072 -0.00111
target: 0.25947 0.01199
target: 0.25947 0.01199
fb: 0.21338 -0.07253 -0.13632 0.16571
fb: 0.21735 -0.07629 -0.13831 0.16372
dist/lin/ang/drive_left/drive_right/tv_l/tv_r/av_l/av_r/x/y/theta/t_err: 0.00778 0.20846 0.35851 0.29364 0.14105 -0.04928 0.13467 -0.04928 0.13467 23.69383 -0.01880 -0.03266 0.00837
target: 0.20846 0.04690
target: 0.20846 0.04690
fb: 0.23081 -0.07413 -0.26358 0.19632
fb: 0.20168 -0.06222 -0.24901 0.21089
dist/lin/ang/drive_left/drive_right/tv_l/tv_r/av_l/av_r/x/y/theta/t_err: 0.00315 0.00079 0.57516 0.26390 0.13946 -0.14017 0.16100 -0.14017 0.16100 23.87557 -0.01992 -0.69083 0.01986
target: 0.00079 0.07524
target: 0.00079 0.07524
fb: 0.17057 -0.03958 -0.63200 -0.28102
fb: 0.13769 -0.01017 -0.63200 -0.28102
dist/lin/ang/drive_left/drive_right/tv_l/tv_r/av_l/av_r/x/y/theta/t_err: -0.00026 -0.00007 0.62713 0.14786 0.12752 -0.27736 0.11633 -0.27736 0.11633 24.00986 -0.02215 -1.18278 0.02845
target: -0.00007 0.08204
target: -0.00007 0.08204
fb: 0.11651 0.02028 -0.12631 0.12774
fb: 0.10658 0.04585 -0.12631 0.12774
dist/lin/ang/drive_left/drive_right/tv_l/tv_r/av_l/av_r/x/y/theta/t_err: -0.00259 -0.00065 0.42489 0.06073 0.15243 -0.43514 -0.13503 -0.43514 -0.13503 24.10158 -0.02412 -1.20078 0.02876
target: -0.00065 0.05558
target: -0.00065 0.05558
fb: 0.07370 0.06926 0.11943 -0.12713
fb: 0.03884 0.08117 0.11943 -0.12713
final error: 0.16157, x: -0.15960, y: 0.02517
final local error: 0.16157, forwards: -0.15991, sideways: 0.02308
position: 24.15960 -0.02517 -0.74964
took 0.94000 time to finish turn
dist/lin/ang/drive_left/drive_right/tv_l/tv_r/av_l/av_r/x/y/theta/t_err: -0.61447 -0.08636 -0.21058 0.00000 0.00000 -0.00000 0.00000 -0.00000 0.00000 24.19157 -0.02526 180.77225 -0.01452
target: -0.08636 -0.02755
target: -0.08636 -0.02755
fb: 0.00000 0.00000 -0.10128 -0.39100
fb: 0.00000 0.00000 -0.10128 -0.39100
dist/lin/ang/drive_left/drive_right/tv_l/tv_r/av_l/av_r/x/y/theta/t_err: -0.61447 -0.17272 -0.21058 0.00000 0.00000 -0.02311 -0.07803 -0.02311 -0.07803 24.19157 -0.02526 180.77225 -0.01452
target: -0.17272 -0.02755
target: -0.17272 -0.02755
fb: 0.00000 0.00000 -0.25719 -0.29900
fb: 0.00000 -0.00718 -0.25719 -0.29900
dist/lin/ang/drive_left/drive_right/tv_l/tv_r/av_l/av_r/x/y/theta/t_err: -0.61447 -0.25908 -0.19847 0.00718 -0.00718 -0.12475 -0.31331 -0.12475 -0.31331 24.19157 -0.02526 180.75469 -0.01422
target: -0.25908 -0.02596
target: -0.25908 -0.02596
fb: 0.00000 -0.02738 -0.42688 -0.45230
fb: 0.00000 -0.04675 -0.42688 -0.45230
dist/lin/ang/drive_left/drive_right/tv_l/tv_r/av_l/av_r/x/y/theta/t_err: -0.61447 -0.34544 -0.01134 0.04675 -0.04675 -0.25872 -0.30731 -0.25872 -0.30731 24.19157 -0.02526 180.47214 -0.00928
target: -0.34544 -0.00148
target: -0.34544 -0.00148
fb: 0.00000 -0.04731 -0.62143 -0.40801
fb: -0.00971 -0.04383 -0.61658 -0.40316
dist/lin/ang/drive_left/drive_right/tv_l/tv_r/av_l/av_r/x/y/theta/t_err: -0.61427 -0.43180 0.14550 0.03412 -0.05354 -0.39561 -0.39608 -0.39561 -0.39608 24.18392 -0.02529 180.06573 -0.00219
target: -0.43180 0.01903
target: -0.43180 0.01903
fb: -0.09312 -0.03992 -0.64593 -0.44066
fb: -0.21338 -0.03665 -0.58580 -0.38053
dist/lin/ang/drive_left/drive_right/tv_l/tv_r/av_l/av_r/x/y/theta/t_err: -0.61000 -0.51816 0.20335 -0.17673 -0.25003 -0.46542 -0.39561 -0.46542 -0.39561 24.01591 -0.02491 179.72511 0.00376
target: -0.51816 0.02660
target: -0.51816 0.02660
fb: -0.26369 -0.03449 -0.79650 -0.69806
fb: -0.29480 -0.02878 -0.78095 -0.68251
dist/lin/ang/drive_left/drive_right/tv_l/tv_r/av_l/av_r/x/y/theta/t_err: -0.60411 -0.60452 0.25429 -0.26602 -0.32358 -0.48133 -0.44642 -0.48133 -0.44642 23.78379 -0.02317 179.43896 0.00882
target: -0.60452 0.03326
target: -0.60452 0.03326
fb: -0.33937 -0.01756 -0.83772 -0.73856
fb: -0.35482 -0.00801 -0.83000 -0.73084
dist/lin/ang/drive_left/drive_right/tv_l/tv_r/av_l/av_r/x/y/theta/t_err: -0.59701 -0.69088 0.22580 -0.34681 -0.36283 -0.39133 -0.41356 -0.39133 -0.41356 23.50442 -0.02005 179.30383 0.01130
target: -0.69088 0.02954
target: -0.69088 0.02954
fb: -0.41705 -0.00411 -0.82831 -0.82771
fb: -0.46934 -0.00300 -0.80216 -0.80156
dist/lin/ang/drive_left/drive_right/tv_l/tv_r/av_l/av_r/x/y/theta/t_err: -0.58763 -0.77724 0.19594 -0.46635 -0.47234 -0.49436 -0.54689 -0.49436 -0.54689 23.13489 -0.01544 179.26788 0.01211
target: -0.77724 0.02563
target: -0.77724 0.02563
fb: -0.49648 0.00056 -0.86383 -0.87016
fb: -0.54503 0.00000 -0.83956 -0.84589
dist/lin/ang/drive_left/drive_right/tv_l/tv_r/av_l/av_r/x/y/theta/t_err: -0.57673 -0.86360 0.18450 -0.54503 -0.54503 -0.46867 -0.58606 -0.46867 -0.58606 22.70577 -0.00995 179.26810 0.01234
target: -0.86360 0.02413
target: -0.86360 0.02413
fb: -0.54481 -0.00843 -0.92818 -0.91489
fb: -0.58166 -0.01303 -0.90976 -0.89646
dist/lin/ang/drive_left/drive_right/tv_l/tv_r/av_l/av_r/x/y/theta/t_err: -0.56509 -0.94996 0.24286 -0.56863 -0.59469 -0.53575 -0.58961 -0.53575 -0.58961 22.24781 -0.00384 179.19049 0.01396
target: -0.94996 0.03177
target: -0.94996 0.03177
fb: -0.64587 -0.01728 -1.00000 -0.89689
fb: -0.67875 -0.01686 -0.98608 -0.88045
dist/lin/ang/drive_left/drive_right/tv_l/tv_r/av_l/av_r/x/y/theta/t_err: -0.55152 -1.03632 0.32254 -0.66189 -0.69561 -0.53147 -0.66681 -0.53147 -0.66681 21.71343 0.00443 179.03776 0.01700
target: -1.03632 0.04219
target: -1.03632 0.04219
fb: -0.73325 -0.01777 -1.00000 -0.91241
fb: -0.76238 -0.02021 -1.00000 -0.89784
dist/lin/ang/drive_left/drive_right/tv_l/tv_r/av_l/av_r/x/y/theta/t_err: -0.53628 -1.12268 0.37428 -0.74217 -0.78258 -0.49622 -0.47381 -0.49622 -0.47381 21.11323 0.01530 178.88219 0.02023
target: -1.12268 0.04896
target: -1.12268 0.04896
fb: -0.76789 -0.02153 -1.00000 -0.98573
fb: -0.77760 -0.02035 -1.00000 -0.98088
dist/lin/ang/drive_left/drive_right/tv_l/tv_r/av_l/av_r/x/y/theta/t_err: -0.52073 -1.20904 0.44378 -0.75726 -0.79795 -0.63994 -0.60231 -0.63994 -0.60231 20.50108 0.02824 178.70146 0.02404
target: -1.20904 0.05805
target: -1.20904 0.05805
fb: -0.81269 -0.01777 -1.00000 -1.00000
fb: -0.85726 -0.01867 -1.00000 -1.00000
dist/lin/ang/drive_left/drive_right/tv_l/tv_r/av_l/av_r/x/y/theta/t_err: -0.50359 -1.29540 0.49206 -0.83859 -0.87593 -0.81397 -0.60914 -0.81397 -0.60914 19.82626 0.04447 178.54296 0.02767
target: -1.29540 0.06437
target: -1.29540 0.06437
fb: -0.90956 -0.02014 -1.00000 -1.00000
fb: -0.86101 -0.01317 -1.00000 -1.00000
dist/lin/ang/drive_left/drive_right/tv_l/tv_r/av_l/av_r/x/y/theta/t_err: -0.48638 -1.38176 0.54525 -0.84784 -0.87418 -0.88739 -0.51436 -0.88739 -0.51436 19.14854 0.06259 178.39286 0.03132
target: -1.38176 0.07132
target: -1.38176 0.07132
fb: -0.91331 0.00293 -1.00000 -1.00000
fb: -0.99495 0.02425 -1.00000 -1.00000
dist/lin/ang/drive_left/drive_right/tv_l/tv_r/av_l/av_r/x/y/theta/t_err: -0.46649 -1.46812 0.45149 -1.01920 -0.97071 -0.87539 -0.75100 -0.87539 -0.75100 18.36542 0.08435 178.47254 0.03125
target: -1.46812 0.05906
target: -1.46812 0.05906
fb: -1.00863 0.03491 -1.00000 -1.00000
fb: -1.07439 0.04153 -1.00000 -1.00000
dist/lin/ang/drive_left/drive_right/tv_l/tv_r/av_l/av_r/x/y/theta/t_err: -0.44501 -1.51100 0.29171 -1.11592 -1.03286 -0.86853 -0.84969 -0.86853 -0.84969 17.51969 0.10474 178.78610 0.02716
target: -1.51100 0.03816
target: -1.51100 0.03816
fb: -1.06071 0.03999 -1.00000 -1.00000
fb: -1.11720 0.03372 -0.97988 -1.00000
dist/lin/ang/drive_left/drive_right/tv_l/tv_r/av_l/av_r/x/y/theta/t_err: -0.42267 -1.48300 0.21736 -1.15092 -1.08347 -0.88481 -0.87250 -0.88481 -0.87250 16.64015 0.12070 179.11524 0.02270
target: -1.48300 0.02843
target: -1.48300 0.02843
fb: -1.20833 0.03205 -0.66908 -0.72459
fb: -1.16552 0.03191 -0.69048 -0.74599
dist/lin/ang/drive_left/drive_right/tv_l/tv_r/av_l/av_r/x/y/theta/t_err: -0.39937 -1.44961 0.18911 -1.19743 -1.13361 -0.68803 -0.81569 -0.68803 -0.81569 15.72250 0.13276 179.38646 0.01915
target: -1.44961 0.02474
target: -1.44961 0.02474
fb: -1.20811 0.02613 -0.64183 -0.64799
fb: -1.26239 0.01930 -0.61469 -0.62085
dist/lin/ang/drive_left/drive_right/tv_l/tv_r/av_l/av_r/x/y/theta/t_err: -0.37412 -1.40850 0.18026 -1.28169 -1.24309 -0.66286 -0.66236 -0.66286 -0.66236 14.72853 0.14149 179.59442 0.01668
target: -1.40850 0.02358
target: -1.40850 0.02358
fb: -1.18891 0.01435 -0.59380 -0.57863
fb: -1.23944 0.01212 -0.56853 -0.55337
dist/lin/ang/drive_left/drive_right/tv_l/tv_r/av_l/av_r/x/y/theta/t_err: -0.34934 -1.36265 0.21236 -1.25157 -1.22732 -0.61239 -0.60572 -0.61239 -0.60572 13.75260 0.14742 179.70106 0.01594
target: -1.36265 0.02778
target: -1.36265 0.02778
fb: -1.22951 0.01143 -0.53965 -0.47062
fb: -1.21010 0.01024 -0.54936 -0.48033
dist/lin/ang/drive_left/drive_right/tv_l/tv_r/av_l/av_r/x/y/theta/t_err: -0.32514 -1.31511 0.22141 -1.22034 -1.19985 -0.55969 -0.54431 -0.55969 -0.54431 12.79978 0.15171 179.78001 0.01569
target: -1.31511 0.02896
target: -1.31511 0.02896
fb: -1.29946 0.00829 -0.44186 -0.39834
fb: -1.22378 0.00411 -0.47970 -0.43618
dist/lin/ang/drive_left/drive_right/tv_l/tv_r/av_l/av_r/x/y/theta/t_err: -0.30066 -1.26410 0.23846 -1.22789 -1.21967 -0.51436 -0.47619 -0.51436 -0.47619 11.83618 0.15492 179.83496 0.01597
target: -1.26410 0.03119
target: -1.26410 0.03119
fb: -1.26835 0.00474 -0.40325 -0.34728
fb: -1.35750 0.00390 -0.35868 -0.30271
dist/lin/ang/drive_left/drive_right/tv_l/tv_r/av_l/av_r/x/y/theta/t_err: -0.27352 -1.20422 0.26204 -1.36140 -1.35359 -0.46403 -0.42247 -0.46403 -0.42247 10.76729 0.15759 179.87936 0.01674
target: -1.20422 0.03428
target: -1.20422 0.03428
fb: -1.30719 0.00265 -0.29973 -0.23188
fb: -1.30520 0.01003 -0.30072 -0.23288
dist/lin/ang/drive_left/drive_right/tv_l/tv_r/av_l/av_r/x/y/theta/t_err: -0.24742 -1.14393 0.27334 -1.31523 -1.29517 -0.38736 -0.36686 -0.38736 -0.36686 9.73958 0.15935 179.93377 0.01752
target: -1.14393 0.03576
target: -1.14393 0.03576
fb: -1.19465 0.01791 -0.29319 -0.23777
fb: -1.15780 0.02271 -0.31162 -0.25620
dist/lin/ang/drive_left/drive_right/tv_l/tv_r/av_l/av_r/x/y/theta/t_err: -0.22427 -1.09129 0.20341 -1.18051 -1.13509 -0.35333 -0.30644 -0.35333 -0.30644 8.82792 0.15912 180.10241 0.01624
target: -1.09129 0.02661
target: -1.09129 0.02661
fb: -1.19068 0.01846 -0.22387 -0.27632
fb: -1.04350 0.01902 -0.29746 -0.34991
dist/lin/ang/drive_left/drive_right/tv_l/tv_r/av_l/av_r/x/y/theta/t_err: -0.20340 -1.04140 0.18415 -1.06252 -1.02448 -0.34889 -0.29122 -0.34889 -0.29122 8.00628 0.15654 180.26430 0.01494
target: -1.04140 0.02409
target: -1.04140 0.02409
fb: -1.03379 0.02069 -0.29604 -0.29215
fb: -1.04924 0.02251 -0.28831 -0.28443
dist/lin/ang/drive_left/drive_right/tv_l/tv_r/av_l/av_r/x/y/theta/t_err: -0.18242 -0.98870 0.15363 -1.07174 -1.02673 -0.31056 -0.31175 -0.31056 -0.31175 7.18012 0.15154 180.44452 0.01334
target: -0.98870 0.02010
target: -0.98870 0.02010
fb: -0.98326 0.02216 -0.25273 -0.26740
fb: -1.02209 0.01749 -0.23331 -0.24799
dist/lin/ang/drive_left/drive_right/tv_l/tv_r/av_l/av_r/x/y/theta/t_err: -0.16198 -0.95138 0.12699 -1.03958 -1.00461 -0.30664 -0.31297 -0.30664 -0.31297 6.37536 0.14396 180.62548 0.01166
target: -0.95138 0.01661
target: -0.95138 0.01661
fb: -0.98723 0.01470 -0.27820 -0.29296
fb: -0.98326 0.01073 -0.28019 -0.29495
dist/lin/ang/drive_left/drive_right/tv_l/tv_r/av_l/av_r/x/y/theta/t_err: -0.14230 -0.89173 0.08731 -0.99399 -0.97253 -0.28422 -0.29208 -0.28422 -0.29208 5.60120 0.13464 180.74408 0.00959
target: -0.89173 0.01142
target: -0.89173 0.01142
fb: -0.95016 0.01184 -0.14197 -0.17899
fb: -0.84358 0.01282 -0.19526 -0.23228
dist/lin/ang/drive_left/drive_right/tv_l/tv_r/av_l/av_r/x/y/theta/t_err: -0.12543 -0.83721 0.06509 -0.85640 -0.83076 -0.25614 -0.27156 -0.25614 -0.27156 4.93702 0.12542 180.85138 0.00772
target: -0.83721 0.00851
target: -0.83721 0.00851
fb: -0.82637 0.01108 -0.18302 -0.20334
fb: -0.79128 0.00711 -0.20056 -0.22088
dist/lin/ang/drive_left/drive_right/tv_l/tv_r/av_l/av_r/x/y/theta/t_err: -0.10961 -0.78262 0.05024 -0.79839 -0.78418 -0.21081 -0.22586 -0.21081 -0.22586 4.31404 0.11566 180.94083 0.00616
target: -0.78262 0.00657
target: -0.78262 0.00657
fb: -0.75245 0.00369 -0.17303 -0.18722
fb: -0.73303 0.00084 -0.18274 -0.19693
dist/lin/ang/drive_left/drive_right/tv_l/tv_r/av_l/av_r/x/y/theta/t_err: -0.09495 -0.72841 0.07271 -0.73387 -0.73219 -0.20547 -0.21953 -0.20547 -0.21953 3.73693 0.10603 180.96485 0.00574
target: -0.72841 0.00951
target: -0.72841 0.00951
fb: -0.66705 -0.00111 -0.19177 -0.15804
fb: -0.65756 -0.00216 -0.19652 -0.16279
dist/lin/ang/drive_left/drive_right/tv_l/tv_r/av_l/av_r/x/y/theta/t_err: -0.08180 -0.67608 0.09160 -0.65540 -0.65972 -0.20003 -0.20261 -0.20003 -0.20261 3.21924 0.09735 180.95264 0.00595
target: -0.67608 0.01198
target: -0.67608 0.01198
fb: -0.69243 -0.00355 -0.13853 -0.10566
fb: -0.66308 -0.00488 -0.15320 -0.12033
dist/lin/ang/drive_left/drive_right/tv_l/tv_r/av_l/av_r/x/y/theta/t_err: -0.06854 -0.61885 0.10718 -0.65820 -0.66796 -0.19608 -0.16581 -0.19608 -0.16581 2.69720 0.08879 180.92233 0.00648
target: -0.61885 0.01402
target: -0.61885 0.01402
fb: -0.62248 -0.00188 -0.10116 -0.06943
fb: -0.58960 0.00425 -0.11760 -0.08587
dist/lin/ang/drive_left/drive_right/tv_l/tv_r/av_l/av_r/x/y/theta/t_err: -0.05674 -0.56310 0.09356 -0.59385 -0.58535 -0.15967 -0.12336 -0.15967 -0.12336 2.23300 0.08136 180.92289 0.00647
target: -0.56310 0.01224
target: -0.56310 0.01224
fb: -0.53532 0.00843 -0.08150 -0.08647
fb: -0.49273 0.01122 -0.10280 -0.10777
dist/lin/ang/drive_left/drive_right/tv_l/tv_r/av_l/av_r/x/y/theta/t_err: -0.04689 -0.51189 0.03787 -0.50395 -0.48151 -0.12969 -0.10728 -0.12969 -0.10728 1.84508 0.07487 181.00403 0.00505
target: -0.51189 0.00495
target: -0.51189 0.00495
fb: -0.44419 0.01282 -0.06889 -0.13312
fb: -0.44992 0.01080 -0.06602 -0.13025
dist/lin/ang/drive_left/drive_right/tv_l/tv_r/av_l/av_r/x/y/theta/t_err: -0.03789 -0.46017 -0.00123 -0.46072 -0.43912 -0.11192 -0.12097 -0.11192 -0.12097 1.49087 0.06832 181.11210 0.00317
target: -0.46017 -0.00016
target: -0.46017 -0.00016
fb: -0.41484 0.00613 -0.10539 -0.15653
fb: -0.40138 0.00000 -0.11212 -0.16326
dist/lin/ang/drive_left/drive_right/tv_l/tv_r/av_l/av_r/x/y/theta/t_err: -0.02987 -0.40854 0.01737 -0.40138 -0.40138 -0.09189 -0.14475 -0.09189 -0.14475 1.17488 0.06202 181.15352 0.00244
target: -0.40854 0.00227
target: -0.40854 0.00227
fb: -0.41131 -0.00801 -0.09800 -0.07795
fb: -0.36078 -0.01477 -0.12327 -0.10321
dist/lin/ang/drive_left/drive_right/tv_l/tv_r/av_l/av_r/x/y/theta/t_err: -0.02265 -0.35577 0.09247 -0.34601 -0.37555 -0.11497 -0.13706 -0.11497 -0.13706 0.89086 0.05647 181.07080 0.00389
target: -0.35577 0.01210
target: -0.35577 0.01210
fb: -0.36254 -0.01791 -0.11405 0.07351
fb: -0.35107 -0.01749 -0.11979 0.06777
dist/lin/ang/drive_left/drive_right/tv_l/tv_r/av_l/av_r/x/y/theta/t_err: -0.01563 -0.29550 0.16104 -0.33358 -0.36856 -0.11981 -0.04878 -0.11981 -0.04878 0.61447 0.05165 180.91898 0.00654
target: -0.29550 0.02107
target: -0.29550 0.02107
fb: -0.30650 -0.01338 -0.07681 0.11510
fb: -0.28112 0.00105 -0.08950 0.10241
dist/lin/ang/drive_left/drive_right/tv_l/tv_r/av_l/av_r/x/y/theta/t_err: -0.01000 -0.23642 0.14753 -0.28217 -0.28007 -0.10833 0.06331 -0.10833 0.06331 0.39314 0.04829 180.84249 0.00787
target: -0.23642 0.01930
target: -0.23642 0.01930
fb: -0.24427 0.02111 0.06866 0.08350
fb: -0.19595 0.03972 0.04449 0.05934
dist/lin/ang/drive_left/drive_right/tv_l/tv_r/av_l/av_r/x/y/theta/t_err: -0.00609 -0.00152 -0.04150 -0.23566 -0.15623 -0.05681 0.08367 -0.05681 0.08367 0.23887 0.04579 181.06827 0.00393
target: -0.00152 -0.00543
target: -0.00152 -0.00543
fb: -0.17454 0.05330 0.62317 0.39825
fb: -0.15910 0.05769 0.62317 0.39825
dist/lin/ang/drive_left/drive_right/tv_l/tv_r/av_l/av_r/x/y/theta/t_err: -0.00291 -0.00073 -0.26861 -0.21679 -0.10140 0.09050 0.13792 0.09050 0.13792 0.11363 0.04298 181.54059 -0.00431
target: -0.00073 -0.03514
target: -0.00073 -0.03514
fb: -0.12997 0.05114 0.19757 -0.19983
fb: -0.07944 0.04027 0.19757 -0.19983
dist/lin/ang/drive_left/drive_right/tv_l/tv_r/av_l/av_r/x/y/theta/t_err: -0.00133 -0.00033 -0.35250 -0.11971 -0.03916 0.40194 0.14306 0.40194 0.14306 0.05111 0.04111 181.96122 -0.01165
target: -0.00033 -0.04611
target: -0.00033 -0.04611
fb: -0.02140 0.03087 0.11997 -0.12353
fb: 0.00000 0.00948 0.11997 -0.12353
start is 0.00000 0.00000
dist/lin/ang/drive_left/drive_right/tv_l/tv_r/av_l/av_r/x/y/theta/t_err: 0.60960 0.08636 0.00004 0.00000 0.00000 0.00000 0.00033 0.00000 0.00033 0.00000 0.00000 -0.00017 0.00000
target: 0.08636 0.00001
target: 0.08636 0.00001
fb: 0.00000 0.00000 0.24367 0.24862
fb: 0.00000 0.00000 0.24367 0.24862
dist/lin/ang/drive_left/drive_right/tv_l/tv_r/av_l/av_r/x/y/theta/t_err: 0.60960 0.17272 -0.00007 0.00000 0.00000 0.02825 0.02686 0.02825 0.02686 0.00000 0.00000 -0.00000 0.00000
target: 0.17272 -0.00001
target: 0.17272 -0.00001
fb: 0.00000 0.00000 0.27572 0.28047
fb: 0.00000 0.00000 0.27572 0.28047
dist/lin/ang/drive_left/drive_right/tv_l/tv_r/av_l/av_r/x/y/theta/t_err: 0.60960 0.25908 0.00003 0.00000 0.00000 0.21303 0.21458 0.21303 0.21458 0.00000 0.00000 -0.00004 0.00000
target: 0.25908 0.00000
target: 0.25908 0.00000
fb: 0.00000 -0.00118 0.43708 0.44210
fb: 0.00971 -0.00390 0.43223 0.43724
dist/lin/ang/drive_left/drive_right/tv_l/tv_r/av_l/av_r/x/y/theta/t_err: 0.60960 0.34544 0.00079 0.01361 0.00581 0.26486 0.27258 0.26486 0.27258 0.00000 0.00000 -0.00117 0.00002
target: 0.34544 0.00010
target: 0.34544 0.00010
fb: 0.07569 0.00000 0.47392 0.47984
fb: 0.14541 0.00453 0.43905 0.44498
dist/lin/ang/drive_left/drive_right/tv_l/tv_r/av_l/av_r/x/y/theta/t_err: 0.60809 0.43180 0.01489 0.14089 0.14994 0.38997 0.37900 0.38997 0.37900 0.05960 -0.00002 -0.02229 0.00039
target: 0.43180 0.00195
target: 0.43180 0.00195
fb: 0.17256 0.00446 0.49152 0.51563
fb: 0.20565 0.00321 0.47497 0.49908
dist/lin/ang/drive_left/drive_right/tv_l/tv_r/av_l/av_r/x/y/theta/t_err: 0.60464 0.51816 -0.01928 0.20245 0.20886 0.41717 0.42058 0.41717 0.42058 0.19547 -0.00003 0.01390 -0.00024
target: 0.51816 -0.00252
target: 0.51816 -0.00252
fb: 0.24052 0.00167 0.77802 0.73971
fb: 0.28311 -0.00111 0.75673 0.71842
dist/lin/ang/drive_left/drive_right/tv_l/tv_r/av_l/av_r/x/y/theta/t_err: 0.59982 0.60452 -0.02187 0.28422 0.28199 0.47242 0.46081 0.47242 0.46081 0.38485 0.00007 0.04032 -0.00071
target: 0.60452 -0.00286
target: 0.60452 -0.00286
fb: 0.32768 -0.00432 0.79474 0.79323
fb: 0.38395 -0.00732 0.76661 0.76510
dist/lin/ang/drive_left/drive_right/tv_l/tv_r/av_l/av_r/x/y/theta/t_err: 0.59327 0.69088 0.00002 0.39126 0.37663 0.49792 0.33008 0.49792 0.33008 0.64287 0.00023 0.02502 -0.00045
target: 0.69088 0.00000
target: 0.69088 0.00000
fb: 0.43073 -0.00739 0.80555 0.83678
fb: 0.45963 -0.00739 0.79110 0.82233
dist/lin/ang/drive_left/drive_right/tv_l/tv_r/av_l/av_r/x/y/theta/t_err: 0.58466 0.77724 0.03414 0.46702 0.45225 0.50308 0.52444 0.50308 0.52444 0.98202 0.00020 -0.03384 0.00058
target: 0.77724 0.00447
target: 0.77724 0.00447
fb: 0.51193 -0.00634 0.83344 0.88510
fb: 0.53731 -0.00502 0.82075 0.87241
dist/lin/ang/drive_left/drive_right/tv_l/tv_r/av_l/av_r/x/y/theta/t_err: 0.57442 0.86360 0.05042 0.54232 0.53229 0.55353 0.60211 0.55353 0.60211 1.38511 -0.00025 -0.09361 0.00164
target: 0.86360 0.00660
target: 0.86360 0.00660
fb: 0.56047 -0.00314 0.89691 0.93049
fb: 0.61674 -0.00571 0.86877 0.90236
dist/lin/ang/drive_left/drive_right/tv_l/tv_r/av_l/av_r/x/y/theta/t_err: 0.56321 0.94996 0.05013 0.62246 0.61103 0.50133 0.46233 0.50133 0.46233 1.82643 -0.00113 -0.12945 0.00231
target: 0.94996 0.00656
target: 0.94996 0.00656
fb: 0.63991 -0.01094 0.94563 0.95973
fb: 0.67103 -0.01770 0.93008 0.94418
dist/lin/ang/drive_left/drive_right/tv_l/tv_r/av_l/av_r/x/y/theta/t_err: 0.55041 1.03632 0.07904 0.68872 0.65333 0.50203 0.50681 0.50203 0.50681 2.33030 -0.00249 -0.19183 0.00346
target: 1.03632 0.01034
target: 1.03632 0.01034
fb: 0.73325 -0.01784 0.95792 1.00000
fb: 0.73700 -0.01832 0.95604 1.00000
dist/lin/ang/drive_left/drive_right/tv_l/tv_r/av_l/av_r/x/y/theta/t_err: 0.53575 1.12268 0.15652 0.75533 0.71868 0.54722 0.48578 0.54722 0.48578 2.90766 -0.00516 -0.33860 0.00615
target: 1.12268 0.02047
target: 1.12268 0.02047
fb: 0.74649 -0.01749 0.99458 1.00000
fb: 0.78731 -0.01839 0.97417 1.00000
dist/lin/ang/drive_left/drive_right/tv_l/tv_r/av_l/av_r/x/y/theta/t_err: 0.52082 1.20904 0.20065 0.80571 0.76892 0.64369 0.65553 0.64369 0.65553 3.49543 -0.00941 -0.48793 0.00897
target: 1.20904 0.02625
target: 1.20904 0.02625
fb: 0.83608 -0.02014 1.00000 1.00000
fb: 0.90757 -0.01742 1.00000 1.00000
dist/lin/ang/drive_left/drive_right/tv_l/tv_r/av_l/av_r/x/y/theta/t_err: 0.50410 1.29540 0.25668 0.92499 0.89015 0.50050 0.83022 0.50050 0.83022 4.15372 -0.01595 -0.65175 0.01218
target: 1.29540 0.03358
target: 1.29540 0.03358
fb: 0.89786 -0.00488 1.00000 1.00000
fb: 0.89610 0.01129 1.00000 1.00000
dist/lin/ang/drive_left/drive_right/tv_l/tv_r/av_l/av_r/x/y/theta/t_err: 0.48614 1.38176 0.27582 0.88481 0.90739 0.77461 0.85503 0.77461 0.85503 4.86065 -0.02484 -0.76734 0.01469
target: 1.38176 0.03608
target: 1.38176 0.03608
fb: 0.99870 0.01784 1.00000 1.00000
fb: 1.05122 0.01888 1.00000 1.00000
dist/lin/ang/drive_left/drive_right/tv_l/tv_r/av_l/av_r/x/y/theta/t_err: 0.46617 1.46812 0.16583 1.03234 1.07010 0.85022 0.85761 0.85022 0.85761 5.64697 -0.03479 -0.66467 0.01350
target: 1.46812 0.02169
target: 1.46812 0.02169
fb: 1.06292 0.01414 1.00000 1.00000
fb: 1.12669 0.00746 1.00000 1.00000
dist/lin/ang/drive_left/drive_right/tv_l/tv_r/av_l/av_r/x/y/theta/t_err: 0.44491 1.54882 0.11273 1.11923 1.13414 0.86478 0.86767 0.86478 0.86767 6.48386 -0.04330 -0.51130 0.01140
target: 1.54882 0.01475
target: 1.54882 0.01475
fb: 1.10153 0.00383 1.00000 1.00000
fb: 1.17347 0.00195 1.00000 1.00000
dist/lin/ang/drive_left/drive_right/tv_l/tv_r/av_l/av_r/x/y/theta/t_err: 0.42288 1.51129 0.14360 1.17152 1.17542 0.87814 0.87489 0.87814 0.87489 7.35118 -0.05049 -0.44779 0.01085
target: 1.51129 0.01878
target: 1.51129 0.01878
fb: 1.22753 0.00537 0.64106 0.70868
fb: 1.15956 0.00732 0.67504 0.74266
dist/lin/ang/drive_left/drive_right/tv_l/tv_r/av_l/av_r/x/y/theta/t_err: 0.39833 1.46659 0.16024 1.15225 1.16688 0.82472 0.80094 0.82472 0.80094 8.31771 -0.05783 -0.41454 0.01092
target: 1.46659 0.02096
target: 1.46659 0.02096
fb: 1.31888 0.00223 0.53294 0.58668
fb: 1.35176 0.00146 0.51650 0.57024
dist/lin/ang/drive_left/drive_right/tv_l/tv_r/av_l/av_r/x/y/theta/t_err: 0.37196 1.41716 0.15916 1.35030 1.35322 0.63450 0.65242 0.63450 0.65242 9.35618 -0.06489 -0.37309 0.01094
target: 1.41716 0.02082
target: 1.41716 0.02082
fb: 1.31094 0.00181 0.48345 0.51610
fb: 1.38684 0.00000 0.44550 0.47815
dist/lin/ang/drive_left/drive_right/tv_l/tv_r/av_l/av_r/x/y/theta/t_err: 0.34574 1.36518 0.17930 1.38684 1.38684 0.52753 0.56344 0.52753 0.56344 10.38839 -0.07144 -0.35618 0.01146
target: 1.36518 0.02345
target: 1.36518 0.02345
fb: 1.32263 0.00000 0.40582 0.46694
fb: 1.32440 0.00000 0.40494 0.46606
dist/lin/ang/drive_left/drive_right/tv_l/tv_r/av_l/av_r/x/y/theta/t_err: 0.31929 1.30997 0.20362 1.32440 1.32440 0.46267 0.49278 0.46267 0.49278 11.42981 -0.07792 -0.35595 0.01241
target: 1.30997 0.02663
target: 1.30997 0.02663
fb: 1.36544 0.00000 0.31661 0.38686
fb: 1.34602 0.00272 0.32631 0.39657
dist/lin/ang/drive_left/drive_right/tv_l/tv_r/av_l/av_r/x/y/theta/t_err: 0.29198 1.25038 0.22655 1.34330 1.34874 0.40519 0.45394 0.40519 0.45394 12.50494 -0.08459 -0.35704 0.01359
target: 1.25038 0.02963
target: 1.25038 0.02963
fb: 1.36919 0.00585 0.24174 0.31434
fb: 1.30520 0.01059 0.27373 0.34633
dist/lin/ang/drive_left/drive_right/tv_l/tv_r/av_l/av_r/x/y/theta/t_err: 0.26460 1.18867 0.23173 1.29461 1.31579 0.38567 0.42089 0.38567 0.42089 13.58302 -0.09111 -0.32785 0.01447
target: 1.18867 0.03031
target: 1.18867 0.03031
fb: 1.22576 0.01589 0.25874 0.31129
fb: 1.23150 0.01993 0.25587 0.30842
dist/lin/ang/drive_left/drive_right/tv_l/tv_r/av_l/av_r/x/y/theta/t_err: 0.24009 1.13308 0.19202 1.21157 1.25143 0.34736 0.38225 0.34736 0.38225 14.54818 -0.09585 -0.22220 0.01402
target: 1.13308 0.02512
target: 1.13308 0.02512
fb: 1.17126 0.02209 0.28971 0.28242
fb: 1.12294 0.02710 0.31387 0.30658
dist/lin/ang/drive_left/drive_right/tv_l/tv_r/av_l/av_r/x/y/theta/t_err: 0.21667 1.07909 0.14023 1.09583 1.15004 0.32000 0.34133 0.32000 0.34133 15.47043 -0.09816 -0.05243 0.01242
target: 1.07909 0.01834
target: 1.07909 0.01834
fb: 1.13264 0.02731 0.27793 0.24730
fb: 1.07638 0.02557 0.30606 0.27543
dist/lin/ang/drive_left/drive_right/tv_l/tv_r/av_l/av_r/x/y/theta/t_err: 0.19401 1.02555 0.07141 1.05081 1.10195 0.31572 0.32922 0.31572 0.32922 16.36227 -0.09725 0.17543 0.00967
target: 1.02555 0.00934
target: 1.02555 0.00934
fb: 1.05696 0.02069 0.28485 0.22206
fb: 0.97553 0.01881 0.32556 0.26277
dist/lin/ang/drive_left/drive_right/tv_l/tv_r/av_l/av_r/x/y/theta/t_err: 0.17288 0.98287 0.03447 0.95672 0.99435 0.30356 0.29019 0.30356 0.29019 17.19451 -0.09311 0.38313 0.00699
target: 0.98287 0.00451
target: 0.98287 0.00451
fb: 0.96384 0.01658 0.32042 0.28865
fb: 1.03180 0.01366 0.28644 0.25467
dist/lin/ang/drive_left/drive_right/tv_l/tv_r/av_l/av_r/x/y/theta/t_err: 0.15360 0.92645 -0.00888 1.01815 1.04546 0.30681 0.27819 0.30681 0.27819 17.95342 -0.08689 0.54309 0.00420
target: 0.92645 -0.00116
target: 0.92645 -0.00116
fb: 0.95237 0.01136 0.22738 0.18042
fb: 0.90360 0.00411 0.25176 0.20480
dist/lin/ang/drive_left/drive_right/tv_l/tv_r/av_l/av_r/x/y/theta/t_err: 0.13455 0.86711 -0.01830 0.89949 0.90771 0.29689 0.26247 0.29689 0.26247 18.70327 -0.07903 0.65800 0.00220
target: 0.86711 -0.00239
target: 0.86711 -0.00239
fb: 0.90956 -0.00230 0.16391 0.15519
fb: 0.87094 -0.00892 0.18322 0.17450
dist/lin/ang/drive_left/drive_right/tv_l/tv_r/av_l/av_r/x/y/theta/t_err: 0.11636 0.80636 0.01472 0.87986 0.86202 0.25256 0.21917 0.25256 0.21917 19.41941 -0.07055 0.68283 0.00176
target: 0.80636 0.00193
target: 0.80636 0.00193
fb: 0.82218 -0.01296 0.11878 0.16577
fb: 0.80872 -0.01735 0.12551 0.17250
dist/lin/ang/drive_left/drive_right/tv_l/tv_r/av_l/av_r/x/y/theta/t_err: 0.09992 0.74721 0.08454 0.82607 0.79137 0.19044 0.19150 0.19044 0.19150 20.06675 -0.06326 0.59727 0.00326
target: 0.74721 0.01106
target: 0.74721 0.01106
fb: 0.75267 -0.02195 0.07825 0.18076
fb: 0.63793 -0.02397 0.13563 0.23813
dist/lin/ang/drive_left/drive_right/tv_l/tv_r/av_l/av_r/x/y/theta/t_err: 0.08486 0.68862 0.16005 0.66189 0.61396 0.12694 0.18342 0.12694 0.18342 20.65938 -0.05785 0.43359 0.00611
target: 0.68862 0.02094
target: 0.68862 0.02094
fb: 0.63991 -0.02216 0.07351 0.19591
fb: 0.65558 -0.01770 0.06568 0.18807
dist/lin/ang/drive_left/drive_right/tv_l/tv_r/av_l/av_r/x/y/theta/t_err: 0.07206 0.63456 0.22933 0.67328 0.63788 0.12697 0.21492 0.12697 0.21492 21.16324 -0.05499 0.22950 0.00967
target: 0.63456 0.03000
target: 0.63456 0.03000
fb: 0.57018 -0.00766 0.07484 0.20199
fb: 0.60130 0.00655 0.05928 0.18644
dist/lin/ang/drive_left/drive_right/tv_l/tv_r/av_l/av_r/x/y/theta/t_err: 0.06065 0.58217 0.22956 0.59475 0.60785 0.09581 0.20311 0.09581 0.20311 21.61220 -0.05376 0.09999 0.01193
target: 0.58217 0.03003
target: 0.58217 0.03003
fb: 0.61277 0.01881 -0.06489 0.09903
fb: 0.54106 0.02717 0.08902 0.13489
dist/lin/ang/drive_left/drive_right/tv_l/tv_r/av_l/av_r/x/y/theta/t_err: 0.04840 0.52005 0.11604 0.51388 0.56823 0.05047 0.16853 0.05047 0.16853 22.09469 -0.05271 0.18270 0.01049
target: 0.52005 0.01518
target: 0.52005 0.01518
fb: 0.49847 0.03567 0.09168 -0.14415
fb: 0.45963 0.04745 0.11110 -0.12473
dist/lin/ang/drive_left/drive_right/tv_l/tv_r/av_l/av_r/x/y/theta/t_err: 0.03843 0.46343 -0.02605 0.41218 0.50708 0.08350 0.05800 0.08350 0.05800 22.48718 -0.05066 0.44114 0.00598
target: 0.46343 -0.00341
target: 0.46343 -0.00341
fb: 0.41881 0.05302 0.20549 -0.04929
fb: 0.39167 0.04334 0.21906 0.05211
dist/lin/ang/drive_left/drive_right/tv_l/tv_r/av_l/av_r/x/y/theta/t_err: 0.03006 0.40988 -0.20489 0.34833 0.43501 0.13639 -0.07683 0.13639 -0.07683 22.81694 -0.04699 0.86413 -0.00140
target: 0.40988 -0.02680
target: 0.40988 -0.02680
fb: 0.38020 0.02738 0.22164 -0.10776
fb: 0.34136 0.00704 0.24106 -0.08834
dist/lin/ang/drive_left/drive_right/tv_l/tv_r/av_l/av_r/x/y/theta/t_err: 0.02246 0.35430 -0.25582 0.33432 0.34840 0.20175 0.02222 0.20175 0.02222 23.11625 -0.04152 1.20572 -0.00736
target: 0.35430 -0.03346
target: 0.35430 -0.03346
fb: 0.30848 -0.01533 0.13428 -0.05347
fb: 0.28708 -0.03379 0.14498 0.04507
dist/lin/ang/drive_left/drive_right/tv_l/tv_r/av_l/av_r/x/y/theta/t_err: 0.01629 0.30175 -0.11349 0.32087 0.25329 0.20617 -0.06536 0.20617 -0.06536 23.35910 -0.03628 1.21546 -0.00753
target: 0.30175 -0.01485
target: 0.30175 -0.01485
fb: 0.24427 -0.05198 -0.07757 0.15305
fb: 0.21514 -0.07114 -0.06301 0.16761
dist/lin/ang/drive_left/drive_right/tv_l/tv_r/av_l/av_r/x/y/theta/t_err: 0.01141 0.25246 0.12214 0.28628 0.14400 0.10147 0.04039 0.10147 0.04039 23.55140 -0.03267 0.87984 -0.00168
target: 0.25246 0.01598
target: 0.25246 0.01598
fb: 0.20367 -0.08277 -0.16921 0.21254
fb: 0.20168 -0.08521 -0.16822 0.21353
dist/lin/ang/drive_left/drive_right/tv_l/tv_r/av_l/av_r/x/y/theta/t_err: 0.00732 0.00183 0.41960 0.28690 0.11647 -0.06639 0.14869 -0.06639 0.14869 23.71176 -0.03104 0.23594 0.00956
target: 0.00183 0.05489
target: 0.00183 0.05489
fb: 0.21139 -0.08222 -0.85626 -0.43740
fb: 0.19793 -0.07588 -0.84953 -0.43067
dist/lin/ang/drive_left/drive_right/tv_l/tv_r/av_l/av_r/x/y/theta/t_err: 0.00309 0.00077 0.64557 0.27381 0.12205 -0.18978 0.16992 -0.18978 0.16992 23.87821 -0.03144 -0.49936 0.02240
target: 0.00077 0.08445
target: 0.00077 0.08445
fb: 0.16483 -0.05086 -0.23045 0.23168
fb: 0.13769 -0.02146 -0.23045 0.23168
dist/lin/ang/drive_left/drive_right/tv_l/tv_r/av_l/av_r/x/y/theta/t_err: -0.00022 -0.00005 0.73286 0.15915 0.11623 -0.29517 -0.18875 -0.29517 -0.18875 24.00798 -0.03325 -1.09136 0.03273
target: -0.00005 0.09587
target: -0.00005 0.09587
fb: 0.10084 0.00585 -0.15631 0.15786
fb: 0.06201 0.02766 -0.15631 0.15786
dist/lin/ang/drive_left/drive_right/tv_l/tv_r/av_l/av_r/x/y/theta/t_err: -0.00224 -0.00056 0.56202 0.03434 0.08967 -0.20106 0.10300 -0.20106 0.10300 24.08737 -0.03488 -1.21823 0.03494
target: -0.00056 0.07352
target: -0.00056 0.07352
fb: 0.03685 0.04626 0.08912 -0.09644
fb: 0.02339 0.06090 0.08912 -0.09644
final error: 0.12166, x: -0.11638, y: 0.03545
final local error: 0.12166, forwards: -0.11694, sideways: 0.03355
position: 24.11638 -0.03545 -0.93511
took 0.94000 time to finish turn
increased target to 32.00000
increased target to 40.00000
increased target to 48.00000
dist/lin/ang/drive_left/drive_right/tv_l/tv_r/av_l/av_r/x/y/theta/t_err: -0.61380 -0.08636 -0.08834 0.00000 0.00000 0.00000 0.00017 0.00000 0.00017 24.16520 -0.03560 180.26464 -0.00609
target: -0.08636 -0.01156
target: -0.08636 -0.01156
fb: 0.00000 0.00000 -0.18396 -0.30833
fb: 0.00000 0.00000 -0.18396 -0.30833
dist/lin/ang/drive_left/drive_right/tv_l/tv_r/av_l/av_r/x/y/theta/t_err: -0.61380 -0.17272 -0.08833 0.00000 0.00000 -0.04344 -0.09069 -0.04344 -0.09069 24.16520 -0.03560 180.26463 -0.00609
target: -0.17272 -0.01156
target: -0.17272 -0.01156
fb: 0.00000 0.00000 -0.26791 -0.28828
fb: 0.00000 -0.00188 -0.26791 -0.28828
dist/lin/ang/drive_left/drive_right/tv_l/tv_r/av_l/av_r/x/y/theta/t_err: -0.61380 -0.25908 -0.08552 0.00188 -0.00188 -0.17811 -0.26058 -0.17811 -0.26058 24.16520 -0.03560 180.26055 -0.00602
target: -0.25908 -0.01119
target: -0.25908 -0.01119
fb: 0.00000 -0.01777 -0.43130 -0.44788
fb: 0.00000 -0.02097 -0.43130 -0.44788
dist/lin/ang/drive_left/drive_right/tv_l/tv_r/av_l/av_r/x/y/theta/t_err: -0.61380 -0.34544 0.01770 0.02097 -0.02097 -0.25100 -0.30475 -0.25100 -0.30475 24.16520 -0.03560 180.10824 -0.00336
target: -0.34544 0.00232
target: -0.34544 0.00232
fb: 0.00000 -0.02048 -0.57459 -0.45486
fb: -0.04656 -0.01637 -0.55131 -0.43158
dist/lin/ang/drive_left/drive_right/tv_l/tv_r/av_l/av_r/x/y/theta/t_err: -0.61287 -0.43180 0.06624 -0.03019 -0.06293 -0.39867 -0.40075 -0.39867 -0.40075 24.12854 -0.03559 179.94134 -0.00045
target: -0.43180 0.00866
target: -0.43180 0.00866
fb: -0.15314 -0.01212 -0.54522 -0.48136
fb: -0.24626 -0.00871 -0.49866 -0.43480
dist/lin/ang/drive_left/drive_right/tv_l/tv_r/av_l/av_r/x/y/theta/t_err: -0.60794 -0.51816 0.06099 -0.23755 -0.25497 -0.41322 -0.42433 -0.41322 -0.42433 23.93464 -0.03520 179.84362 0.00126
target: -0.51816 0.00798
target: -0.51816 0.00798
fb: -0.29877 -0.00669 -0.72934 -0.73014
fb: -0.31223 -0.00293 -0.72261 -0.72341
dist/lin/ang/drive_left/drive_right/tv_l/tv_r/av_l/av_r/x/y/theta/t_err: -0.60170 -0.60452 0.05091 -0.30931 -0.31516 -0.47194 -0.47192 -0.47194 -0.47192 23.68879 -0.03442 179.79726 0.00209
target: -0.60452 0.00666
target: -0.60452 0.00666
fb: -0.34136 0.00202 -0.78299 -0.79131
fb: -0.39961 0.00599 -0.75386 -0.76218
dist/lin/ang/drive_left/drive_right/tv_l/tv_r/av_l/av_r/x/y/theta/t_err: -0.59370 -0.69088 0.01311 -0.40561 -0.39362 -0.58194 -0.43017 -0.58194 -0.43017 23.37413 -0.03336 179.82360 0.00165
target: -0.69088 0.00171
target: -0.69088 0.00171
fb: -0.45169 0.01080 -0.78686 -0.83452
fb: -0.49450 0.00690 -0.76545 -0.81311
dist/lin/ang/drive_left/drive_right/tv_l/tv_r/av_l/av_r/x/y/theta/t_err: -0.58381 -0.77724 -0.02929 -0.50140 -0.48760 -0.48972 -0.45789 -0.48972 -0.45789 22.98477 -0.03243 179.90174 0.00030
target: -0.77724 -0.00383
target: -0.77724 -0.00383
fb: -0.50443 0.00906 -0.83274 -0.89330
fb: -0.52738 0.01101 -0.82127 -0.88182
dist/lin/ang/drive_left/drive_right/tv_l/tv_r/av_l/av_r/x/y/theta/t_err: -0.57327 -0.86360 -0.05140 -0.53838 -0.51637 -0.51347 -0.49961 -0.51347 -0.49961 22.56951 -0.03201 179.98226 -0.00111
target: -0.86360 -0.00672
target: -0.86360 -0.00672
fb: -0.57393 0.01198 -0.88666 -0.92728
fb: -0.59556 0.01164 -0.87585 -0.91647
dist/lin/ang/drive_left/drive_right/tv_l/tv_r/av_l/av_r/x/y/theta/t_err: -0.56135 -0.94996 -0.09097 -0.60720 -0.58392 -0.47944 -0.49775 -0.47944 -0.49775 22.10057 -0.03231 180.08841 -0.00300
target: -0.94996 -0.01190
target: -0.94996 -0.01190
fb: -0.61476 0.01310 -0.93117 -0.99936
fb: -0.68250 0.01066 -0.89730 -0.96548
dist/lin/ang/drive_left/drive_right/tv_l/tv_r/av_l/av_r/x/y/theta/t_err: -0.54771 -1.03632 -0.11657 -0.69316 -0.67184 -0.56433 -0.52786 -0.56433 -0.52786 21.56317 -0.03363 180.18868 -0.00485
target: -1.03632 -0.01525
target: -1.03632 -0.01525
fb: -0.74274 0.01171 -0.95183 -1.00000
fb: -0.70214 0.01094 -0.97213 -1.00000
dist/lin/ang/drive_left/drive_right/tv_l/tv_r/av_l/av_r/x/y/theta/t_err: -0.53366 -1.12268 -0.14806 -0.71308 -0.69120 -0.54942 -0.56225 -0.54942 -0.56225 21.01031 -0.03595 180.29270 -0.00682
target: -1.12268 -0.01937
target: -1.12268 -0.01937
fb: -0.74473 0.00857 -1.00000 -1.00000
fb: -0.82416 0.00453 -0.98356 -1.00000
dist/lin/ang/drive_left/drive_right/tv_l/tv_r/av_l/av_r/x/y/theta/t_err: -0.51718 -1.20904 -0.15195 -0.82869 -0.81963 -0.63361 -0.80900 -0.63361 -0.80900 20.36137 -0.03967 180.35609 -0.00816
target: -1.20904 -0.01988
target: -1.20904 -0.01988
fb: -0.85726 0.00272 -1.00000 -1.00000
fb: -0.88639 0.00077 -1.00000 -1.00000
dist/lin/ang/drive_left/drive_right/tv_l/tv_r/av_l/av_r/x/y/theta/t_err: -0.49945 -1.29540 -0.14701 -0.88716 -0.88562 -0.56553 -0.86461 -0.56553 -0.86461 19.66344 -0.04417 180.38056 -0.00889
target: -1.29540 -0.01923
target: -1.29540 -0.01923
fb: -0.89014 -0.01045 -1.00000 -1.00000
fb: -0.88815 -0.02021 -1.00000 -1.00000
dist/lin/ang/drive_left/drive_right/tv_l/tv_r/av_l/av_r/x/y/theta/t_err: -0.48169 -1.38176 -0.07169 -0.86795 -0.90836 -0.73644 -0.86494 -0.73644 -0.86494 18.96412 -0.04835 180.28022 -0.00744
target: -1.38176 -0.00938
target: -1.38176 -0.00938
fb: -0.94641 -0.02460 -1.00000 -1.00000
fb: -1.04725 -0.02035 -1.00000 -1.00000
dist/lin/ang/drive_left/drive_right/tv_l/tv_r/av_l/av_r/x/y/theta/t_err: -0.46075 -1.46812 0.02164 -1.02690 -1.06759 -0.84303 -0.87128 -0.84303 -0.87128 18.13952 -0.05088 180.07772 -0.00416
target: -1.46812 0.00283
target: -1.46812 0.00283
fb: -0.99297 -0.01846 -1.00000 -1.00000
fb: -1.04747 -0.02118 -1.00000 -1.00000
dist/lin/ang/drive_left/drive_right/tv_l/tv_r/av_l/av_r/x/y/theta/t_err: -0.43980 -1.55448 0.05312 -1.02629 -1.06865 -0.86975 -0.87489 -0.86975 -0.87489 17.31474 -0.05069 179.90610 -0.00129
target: -1.55448 0.00695
target: -1.55448 0.00695
fb: -1.19862 -0.02529 -1.00000 -1.00000
fb: -1.15581 -0.02648 -1.00000 -1.00000
dist/lin/ang/drive_left/drive_right/tv_l/tv_r/av_l/av_r/x/y/theta/t_err: -0.41668 -1.51966 0.13579 -1.12934 -1.18229 -0.88258 -0.88119 -0.88258 -0.88119 16.40465 -0.04754 179.68372 0.00262
target: -1.51966 0.01776
target: -1.51966 0.01776
fb: -1.16552 -0.02487 -0.78183 -0.66681
fb: -1.19664 -0.02104 -0.76627 -0.65126
dist/lin/ang/drive_left/drive_right/tv_l/tv_r/av_l/av_r/x/y/theta/t_err: -0.39275 -1.46622 0.19470 -1.17559 -1.21768 -0.79958 -0.80456 -0.79958 -0.80456 15.46245 -0.04057 179.47217 0.00659
target: -1.46622 0.02547
target: -1.46622 0.02547
fb: -1.20436 -0.01846 -0.63047 -0.53304
fb: -1.32065 -0.01742 -0.57232 -0.47490
dist/lin/ang/drive_left/drive_right/tv_l/tv_r/av_l/av_r/x/y/theta/t_err: -0.36634 -1.40810 0.23731 -1.30323 -1.33807 -0.67758 -0.59972 -0.67758 -0.59972 14.42263 -0.02937 179.30017 0.01018
target: -1.40810 0.03104
target: -1.40810 0.03104
fb: -1.26460 -0.01456 -0.52282 -0.43708
fb: -1.22378 -0.01017 -0.54324 -0.45750
dist/lin/ang/drive_left/drive_right/tv_l/tv_r/av_l/av_r/x/y/theta/t_err: -0.34186 -1.35359 0.27097 -1.21360 -1.23395 -0.57956 -0.49639 -0.57956 -0.49639 13.45911 -0.01638 179.16815 0.01330
target: -1.35359 0.03544
target: -1.35359 0.03544
fb: -1.31491 -0.00404 -0.46013 -0.37898
fb: -1.21980 0.00000 -0.50768 -0.42653
dist/lin/ang/drive_left/drive_right/tv_l/tv_r/av_l/av_r/x/y/theta/t_err: -0.31747 -1.30087 0.26108 -1.21980 -1.21980 -0.52378 -0.44628 -0.52378 -0.44628 12.49874 -0.00205 179.12954 0.01503
target: -1.30087 0.03415
target: -1.30087 0.03415
fb: -1.24893 -0.00244 -0.42573 -0.39754
fb: -1.33433 0.00063 -0.38303 -0.35484
dist/lin/ang/drive_left/drive_right/tv_l/tv_r/av_l/av_r/x/y/theta/t_err: -0.29078 -1.24202 0.27804 -1.33495 -1.33370 -0.48425 -0.41989 -0.48425 -0.41989 11.44822 0.01403 179.12194 0.01655
target: -1.24202 0.03637
target: -1.24202 0.03637
fb: -1.28380 0.00509 -0.34750 -0.28467
fb: -1.33036 0.01421 -0.32422 -0.26139
dist/lin/ang/drive_left/drive_right/tv_l/tv_r/av_l/av_r/x/y/theta/t_err: -0.26418 -1.18324 0.25280 -1.34457 -1.31614 -0.40997 -0.40656 -0.40997 -0.40656 10.40081 0.02957 179.19601 0.01688
target: -1.18324 0.03307
target: -1.18324 0.03307
fb: -1.29174 0.02467 -0.26318 -0.25442
fb: -1.18119 0.02676 -0.31845 -0.30970
dist/lin/ang/drive_left/drive_right/tv_l/tv_r/av_l/av_r/x/y/theta/t_err: -0.24056 -1.13316 0.15464 -1.20794 -1.15443 -0.36906 -0.34239 -0.36906 -0.34239 9.47081 0.04096 179.41156 0.01460
target: -1.13316 0.02023
target: -1.13316 0.02023
fb: -1.19068 0.02306 -0.25138 -0.34562
fb: -1.05497 0.01916 -0.31923 -0.41348
dist/lin/ang/drive_left/drive_right/tv_l/tv_r/av_l/av_r/x/y/theta/t_err: -0.21946 -1.08575 0.13241 -1.07413 -1.03581 -0.35539 -0.32358 -0.35539 -0.32358 8.64015 0.04818 179.59814 0.01259
target: -1.08575 0.01732
target: -1.08575 0.01732
fb: -1.03379 0.02174 -0.34004 -0.34877
fb: -1.06292 0.02202 -0.32548 -0.33421
dist/lin/ang/drive_left/drive_right/tv_l/tv_r/av_l/av_r/x/y/theta/t_err: -0.19821 -1.03515 0.10164 -1.08493 -1.04090 -0.33197 -0.35986 -0.33197 -0.35986 7.80322 0.05280 179.78371 0.01054
target: -1.03515 0.01330
target: -1.03515 0.01330
fb: -1.01040 0.01812 -0.28520 -0.30933
fb: -1.06843 0.01094 -0.25618 -0.28031
dist/lin/ang/drive_left/drive_right/tv_l/tv_r/av_l/av_r/x/y/theta/t_err: -0.17684 -0.99407 0.09974 -1.07937 -1.05749 -0.33656 -0.34222 -0.33656 -0.34222 6.96194 0.05484 179.92441 0.00920
target: -0.99407 0.01305
target: -0.99407 0.01305
fb: -0.98524 0.00327 -0.31522 -0.30566
fb: -0.95810 0.00146 -0.32879 -0.31923
dist/lin/ang/drive_left/drive_right/tv_l/tv_r/av_l/av_r/x/y/theta/t_err: -0.15767 -0.93865 0.11367 -0.95957 -0.95664 -0.30544 -0.32153 -0.30544 -0.32153 6.20753 0.05560 179.95296 0.00870
target: -0.93865 0.01487
target: -0.93865 0.01487
fb: -0.99297 0.00258 -0.21406 -0.18338
fb: -0.93868 0.00369 -0.24120 -0.21052
dist/lin/ang/drive_left/drive_right/tv_l/tv_r/av_l/av_r/x/y/theta/t_err: -0.13890 -0.88100 0.10927 -0.94238 -0.93499 -0.29378 -0.30594 -0.29378 -0.30594 5.46841 0.05607 179.97742 0.00827
target: -0.88100 0.01429
target: -0.88100 0.01429
fb: -0.87271 0.00160 -0.20158 -0.19321
fb: -0.82813 0.00139 -0.22387 -0.21549
dist/lin/ang/drive_left/drive_right/tv_l/tv_r/av_l/av_r/x/y/theta/t_err: -0.12233 -0.82680 0.10925 -0.82953 -0.82674 -0.25822 -0.24228 -0.25822 -0.24228 4.81633 0.05623 179.99292 0.00800
target: -0.82680 0.01429
target: -0.82680 0.01429
fb: -0.80474 0.00418 -0.20261 -0.18903
fb: -0.79702 0.00739 -0.20647 -0.19290
dist/lin/ang/drive_left/drive_right/tv_l/tv_r/av_l/av_r/x/y/theta/t_err: -0.10640 -0.77106 0.08538 -0.80441 -0.78964 -0.23547 -0.21697 -0.23547 -0.21697 4.18876 0.05610 180.03736 0.00723
target: -0.77106 0.01117
target: -0.77106 0.01117
fb: -0.73899 0.00843 -0.16238 -0.18103
fb: -0.70788 0.00836 -0.17793 -0.19658
dist/lin/ang/drive_left/drive_right/tv_l/tv_r/av_l/av_r/x/y/theta/t_err: -0.09224 -0.71794 0.05643 -0.71624 -0.69951 -0.21528 -0.20756 -0.21528 -0.20756 3.63138 0.05539 180.10748 0.00600
target: -0.71794 0.00738
target: -0.71794 0.00738
fb: -0.68471 0.00843 -0.14607 -0.17572
fb: -0.66727 0.00676 -0.15479 -0.18444
dist/lin/ang/drive_left/drive_right/tv_l/tv_r/av_l/av_r/x/y/theta/t_err: -0.07890 -0.66398 0.03964 -0.67403 -0.66052 -0.18514 -0.20242 -0.18514 -0.20242 3.10596 0.05408 180.17620 0.00480
target: -0.66398 0.00519
target: -0.66398 0.00519
fb: -0.68647 0.00216 -0.09839 -0.11662
fb: -0.63020 -0.00188 -0.12652 -0.14476
dist/lin/ang/drive_left/drive_right/tv_l/tv_r/av_l/av_r/x/y/theta/t_err: -0.06629 -0.60864 0.06035 -0.62832 -0.63208 -0.15897 -0.18481 -0.15897 -0.18481 2.60974 0.05245 180.18967 0.00457
target: -0.60864 0.00789
target: -0.60864 0.00789
fb: -0.58762 -0.00509 -0.11575 -0.08617
fb: -0.57614 -0.00752 -0.12149 -0.09191
dist/lin/ang/drive_left/drive_right/tv_l/tv_r/av_l/av_r/x/y/theta/t_err: -0.05477 -0.55321 0.09927 -0.56862 -0.58367 -0.13672 -0.14614 -0.13672 -0.14614 2.15609 0.05111 180.14173 0.00540
target: -0.55321 0.01299
target: -0.55321 0.01299
fb: -0.50619 -0.00892 -0.11978 0.06594
fb: -0.45169 -0.00718 -0.14703 -0.08914
dist/lin/ang/drive_left/drive_right/tv_l/tv_r/av_l/av_r/x/y/theta/t_err: -0.04573 -0.50552 0.12777 -0.44451 -0.45887 -0.13517 -0.07614 -0.13517 -0.07614 1.80043 0.05046 180.07006 0.00665
target: -0.50552 0.01671
target: -0.50552 0.01671
fb: -0.44992 -0.00334 -0.18646 -0.13541
fb: -0.43249 0.00578 -0.19518 -0.14413
dist/lin/ang/drive_left/drive_right/tv_l/tv_r/av_l/av_r/x/y/theta/t_err: -0.03708 -0.45521 0.10156 -0.43828 -0.42671 -0.14886 -0.08914 -0.14886 -0.08914 1.45989 0.05012 180.06271 0.00678
target: -0.45521 0.01329
target: -0.45521 0.01329
fb: -0.38792 0.01777 -0.13395 -0.15189
fb: -0.36674 0.02209 -0.14454 -0.16248
dist/lin/ang/drive_left/drive_right/tv_l/tv_r/av_l/av_r/x/y/theta/t_err: -0.02975 -0.40774 -0.01203 -0.38882 -0.34465 -0.18086 -0.14475 -0.18086 -0.14475 1.17112 0.04943 180.22282 0.00399
target: -0.40774 -0.00157
target: -0.40774 -0.00157
fb: -0.40910 0.01902 0.05171 -0.16707
fb: -0.41484 0.01505 0.05458 -0.16420
dist/lin/ang/drive_left/drive_right/tv_l/tv_r/av_l/av_r/x/y/theta/t_err: -0.02146 -0.34627 -0.05154 -0.42989 -0.39979 -0.12506 -0.15792 -0.12506 -0.15792 0.84448 0.04770 180.38147 0.00122
target: -0.34627 -0.00674
target: -0.34627 -0.00674
fb: -0.36276 0.01296 0.06985 -0.06863
fb: -0.34732 0.00418 0.06213 -0.07636
dist/lin/ang/drive_left/drive_right/tv_l/tv_r/av_l/av_r/x/y/theta/t_err: -0.01451 -0.28478 -0.04662 -0.35150 -0.34314 0.02878 -0.14322 0.02878 -0.14322 0.57101 0.04562 180.47474 -0.00041
target: -0.28478 -0.00610
target: -0.28478 -0.00610
fb: -0.30252 -0.01310 0.06671 0.06923
fb: -0.24228 -0.03344 -0.04146 -0.04873
dist/lin/ang/drive_left/drive_right/tv_l/tv_r/av_l/av_r/x/y/theta/t_err: -0.00966 -0.23238 0.10551 -0.20884 -0.27573 0.05083 -0.05322 0.05083 -0.05322 0.38024 0.04423 180.31310 0.00241
target: -0.23238 0.01380
target: -0.23238 0.01380
fb: -0.22485 -0.04982 -0.12279 0.15775
fb: -0.19396 -0.05616 -0.13824 0.14230
dist/lin/ang/drive_left/drive_right/tv_l/tv_r/av_l/av_r/x/y/theta/t_err: -0.00578 -0.00144 0.33990 -0.13780 -0.25012 -0.03592 0.02975 -0.03592 0.02975 0.22751 0.04393 179.87082 0.01013
target: -0.00144 0.04446
target: -0.00144 0.04446
fb: -0.16682 -0.04752 0.33261 0.67302
fb: -0.14365 -0.02397 0.33261 0.67302
dist/lin/ang/drive_left/drive_right/tv_l/tv_r/av_l/av_r/x/y/theta/t_err: -0.00290 -0.00072 0.38992 -0.11968 -0.16762 -0.08558 0.19403 -0.08558 0.19403 0.11441 0.04455 179.51834 0.01628
target: -0.00072 0.05101
target: -0.00072 0.05101
fb: -0.12997 0.00139 -0.10147 0.10871
fb: -0.10261 0.02501 -0.10147 0.10871
dist/lin/ang/drive_left/drive_right/tv_l/tv_r/av_l/av_r/x/y/theta/t_err: -0.00085 -0.00021 0.19212 -0.12762 -0.07759 0.21456 0.36275 0.21456 0.36275 0.03362 0.04523 179.58216 0.01517
target: -0.00021 0.02513
target: -0.00021 0.02513
fb: -0.03884 0.03630 0.13956 -0.14256
fb: -0.00397 0.03846 0.13956 -0.14256
dist/lin/ang/drive_left/drive_right/tv_l/tv_r/av_l/av_r/x/y/theta/t_err: -0.00077 -0.00019 0.00141 -0.04243 0.03449 -0.05286 0.04175 -0.05286 0.04175 0.03049 0.04525 179.89918 0.00964
target: -0.00019 0.00018
target: -0.00019 0.00018
fb: 0.00000 0.03581 0.15113 -0.15609
fb: 0.00000 0.02912 0.15113 -0.15609
start is 0.00000 0.00000
dist/lin/ang/drive_left/drive_right/tv_l/tv_r/av_l/av_r/x/y/theta/t_err: 1.21920 0.08636 -0.00001 0.00000 0.00000 0.00000 0.00000 0.00000 0.00000 0.00000 0.00000 0.00003 -0.00000
target: 0.08636 -0.00000
target: 0.08636 -0.00000
fb: 0.00000 0.00000 0.24370 0.24858
fb: 0.00000 0.00000 0.24370 0.24858
dist/lin/ang/drive_left/drive_right/tv_l/tv_r/av_l/av_r/x/y/theta/t_err: 1.21920 0.17272 -0.00007 0.00000 0.00000 0.05422 0.02669 0.05422 0.02669 0.00000 0.00000 0.00012 -0.00000
target: 0.17272 -0.00001
target: 0.17272 -0.00001
fb: 0.00000 0.00000 0.27569 0.28050
fb: 0.00000 -0.00801 0.27569 0.28050
dist/lin/ang/drive_left/drive_right/tv_l/tv_r/av_l/av_r/x/y/theta/t_err: 1.21920 0.25908 -0.00027 0.00801 -0.00801 0.21817 0.21369 0.21817 0.21369 0.00000 0.00000 0.00047 -0.00001
target: 0.25908 -0.00004
target: 0.25908 -0.00004
fb: 0.00000 -0.01860 0.43728 0.44189
fb: 0.03288 -0.01191 0.42085 0.42545
dist/lin/ang/drive_left/drive_right/tv_l/tv_r/av_l/av_r/x/y/theta/t_err: 1.21920 0.34544 0.06690 0.04479 0.02096 0.26297 0.27050 0.26297 0.27050 0.00000 0.00000 -0.09674 0.00169
target: 0.34544 0.00875
target: 0.34544 0.00875
fb: 0.10261 -0.00063 0.41557 0.51127
fb: 0.14740 0.00321 0.39317 0.48887
dist/lin/ang/drive_left/drive_right/tv_l/tv_r/av_l/av_r/x/y/theta/t_err: 1.21715 0.43180 0.07480 0.14420 0.15061 0.38347 0.37556 0.38347 0.37556 0.08079 -0.00021 -0.16946 0.00296
target: 0.43180 0.00978
target: 0.43180 0.00978
fb: 0.17851 0.00000 0.48695 0.51425
fb: 0.21713 0.00000 0.46764 0.49494
dist/lin/ang/drive_left/drive_right/tv_l/tv_r/av_l/av_r/x/y/theta/t_err: 1.21358 0.51816 0.03239 0.21713 0.21713 0.40297 0.43481 0.40297 0.43481 0.22135 -0.00061 -0.15368 0.00269
target: 0.51816 0.00424
target: 0.51816 0.00424
fb: 0.25221 0.00056 0.77249 0.73355
fb: 0.29877 0.00084 0.74921 0.71027
dist/lin/ang/drive_left/drive_right/tv_l/tv_r/av_l/av_r/x/y/theta/t_err: 1.20853 0.60452 0.03528 0.29794 0.29961 0.43478 0.45222 0.43478 0.45222 0.41995 -0.00113 -0.14754 0.00260
target: 0.60452 0.00461
target: 0.60452 0.00461
fb: 0.37799 0.00000 0.76136 0.77631
fb: 0.41109 0.00105 0.74481 0.75976
dist/lin/ang/drive_left/drive_right/tv_l/tv_r/av_l/av_r/x/y/theta/t_err: 1.20097 0.69088 0.03472 0.41004 0.41213 0.47328 0.38756 0.47328 0.38756 0.71757 -0.00188 -0.14233 0.00252
target: 0.69088 0.00454
target: 0.69088 0.00454
fb: 0.42874 0.00000 0.81672 0.82760
fb: 0.47331 -0.00314 0.79444 0.80531
dist/lin/ang/drive_left/drive_right/tv_l/tv_r/av_l/av_r/x/y/theta/t_err: 1.19240 0.77724 0.03317 0.47645 0.47018 0.49192 0.44061 0.49192 0.44061 1.05517 -0.00269 -0.13635 0.00244
target: 0.77724 0.00434
target: 0.77724 0.00434
fb: 0.52738 -0.00690 0.84680 0.85630
fb: 0.57195 -0.00864 0.82451 0.83401
dist/lin/ang/drive_left/drive_right/tv_l/tv_r/av_l/av_r/x/y/theta/t_err: 1.18185 0.86360 0.05914 0.58059 0.56331 0.55764 0.38394 0.55764 0.38394 1.47042 -0.00378 -0.16950 0.00304
target: 0.86360 0.00774
target: 0.86360 0.00774
fb: 0.56047 -0.01519 0.89044 0.93696
fb: 0.61101 -0.01860 0.86518 0.91169
dist/lin/ang/drive_left/drive_right/tv_l/tv_r/av_l/av_r/x/y/theta/t_err: 1.17064 0.94996 0.11469 0.62961 0.59240 0.53539 0.47842 0.53539 0.47842 1.91174 -0.00544 -0.26982 0.00483
target: 0.94996 0.01500
target: 0.94996 0.01500
fb: 0.67301 -0.01630 0.89056 0.98171
fb: 0.66132 -0.01832 0.89641 0.98756
dist/lin/ang/drive_left/drive_right/tv_l/tv_r/av_l/av_r/x/y/theta/t_err: 1.15718 1.03632 0.17741 0.67964 0.64299 0.52617 0.51794 0.52617 0.51794 2.44166 -0.00865 -0.42152 0.00755
target: 1.03632 0.02321
target: 1.03632 0.02321
fb: 0.73899 -0.01610 0.92651 1.00000
fb: 0.76414 -0.01157 0.91394 1.00000
dist/lin/ang/drive_left/drive_right/tv_l/tv_r/av_l/av_r/x/y/theta/t_err: 1.14240 1.12268 0.21589 0.77571 0.75258 0.58639 0.62678 0.58639 0.62678 3.02351 -0.01373 -0.56933 0.01024
target: 1.12268 0.02824
target: 1.12268 0.02824
fb: 0.74671 -0.00752 1.00000 1.00000
fb: 0.82813 -0.00390 0.97152 1.00000
dist/lin/ang/drive_left/drive_right/tv_l/tv_r/av_l/av_r/x/y/theta/t_err: 1.12747 1.20904 0.21661 0.83204 0.82423 0.56603 0.56689 0.56603 0.56689 3.61144 -0.02009 -0.65966 0.01197
target: 1.20904 0.02833
target: 1.20904 0.02833
fb: 0.82218 -0.00369 1.00000 1.00000
fb: 0.85726 0.00195 1.00000 1.00000
dist/lin/ang/drive_left/drive_right/tv_l/tv_r/av_l/av_r/x/y/theta/t_err: 1.11103 1.29540 0.20740 0.85531 0.85921 0.58914 0.77253 0.58914 0.77253 4.25878 -0.02777 -0.69839 0.01282
target: 1.29540 0.02713
target: 1.29540 0.02713
fb: 0.92324 0.00648 1.00000 1.00000
fb: 0.90956 0.02467 1.00000 1.00000
dist/lin/ang/drive_left/drive_right/tv_l/tv_r/av_l/av_r/x/y/theta/t_err: 1.09256 1.38176 0.17713 0.88489 0.93422 0.40228 0.88206 0.40228 0.88206 4.98569 -0.03653 -0.67332 0.01260
target: 1.38176 0.02317
target: 1.38176 0.02317
fb: 0.94641 0.04222 1.00000 1.00000
fb: 0.93273 0.05497 1.00000 1.00000
dist/lin/ang/drive_left/drive_right/tv_l/tv_r/av_l/av_r/x/y/theta/t_err: 1.07364 1.46812 0.00944 0.87775 0.98770 0.71678 0.87642 0.71678 0.87642 5.73085 -0.04378 -0.41129 0.00821
target: 1.46812 0.00124
target: 1.46812 0.00124
fb: 0.99297 0.06187 1.00000 1.00000
fb: 1.11124 0.06236 1.00000 1.00000
dist/lin/ang/drive_left/drive_right/tv_l/tv_r/av_l/av_r/x/y/theta/t_err: 1.05378 1.55448 -0.21441 1.04888 1.17360 0.84644 0.87489 0.84644 0.87489 6.51271 -0.04600 0.07667 -0.00023
target: 1.55448 -0.02805
target: 1.55448 -0.02805
fb: 1.08984 0.06027 1.00000 1.00000
fb: 1.13860 0.05414 1.00000 1.00000
dist/lin/ang/drive_left/drive_right/tv_l/tv_r/av_l/av_r/x/y/theta/t_err: 1.03198 1.64084 -0.38162 1.08446 1.19274 0.86717 0.86736 0.86717 0.86736 7.37083 -0.04079 0.61938 -0.00981
target: 1.64084 -0.04992
target: 1.64084 -0.04992
fb: 1.21407 0.04856 1.00000 1.00000
fb: 1.14412 0.04529 1.00000 1.00000
dist/lin/ang/drive_left/drive_right/tv_l/tv_r/av_l/av_r/x/y/theta/t_err: 1.00770 1.72720 -0.47477 1.09883 1.18941 0.88444 0.88036 0.88444 0.88036 8.32668 -0.02651 1.08255 -0.01823
target: 1.72720 -0.06210
target: 1.72720 -0.06210
fb: 1.23746 0.03762 1.00000 1.00000
fb: 1.34205 0.02933 1.00000 1.00000
dist/lin/ang/drive_left/drive_right/tv_l/tv_r/av_l/av_r/x/y/theta/t_err: 0.98296 1.70882 -0.54174 1.31272 1.37138 0.89114 0.89044 0.89114 0.89044 9.30081 -0.00461 1.45357 -0.02525
target: 1.70882 -0.07087
target: 1.70882 -0.07087
fb: 1.28181 0.02648 0.98811 0.82055
fb: 1.34977 0.02473 0.95412 0.78657
dist/lin/ang/drive_left/drive_right/tv_l/tv_r/av_l/av_r/x/y/theta/t_err: 0.95733 1.69439 -0.57833 1.32504 1.37451 0.85297 0.85281 0.85297 0.85281 10.30972 0.02342 1.71894 -0.03062
target: 1.69439 -0.07565
target: 1.69439 -0.07565
fb: 1.36743 0.01846 0.93331 0.79511
fb: 1.39258 0.01477 0.92073 0.78253
dist/lin/ang/drive_left/drive_right/tv_l/tv_r/av_l/av_r/x/y/theta/t_err: 0.93000 1.68243 -0.62114 1.37781 1.40735 0.74672 0.71489 0.74672 0.71489 11.38589 0.05766 1.92122 -0.03511
target: 1.68243 -0.08125
target: 1.68243 -0.08125
fb: 1.46032 0.00913 0.89323 0.74018
fb: 1.40604 0.00843 0.92037 0.76732
dist/lin/ang/drive_left/drive_right/tv_l/tv_r/av_l/av_r/x/y/theta/t_err: 0.90081 1.67442 -0.62823 1.39761 1.41447 0.77067 0.74158 0.77067 0.74158 12.53506 0.09739 2.02699 -0.03812
target: 1.67442 -0.08218
target: 1.67442 -0.08218
fb: 1.44289 0.01052 0.89005 0.77782
fb: 1.53402 0.01094 0.84448 0.73225
dist/lin/ang/drive_left/drive_right/tv_l/tv_r/av_l/av_r/x/y/theta/t_err: 0.87198 1.66720 -0.66054 1.52308 1.54496 0.75203 0.73681 0.75203 0.73681 13.67046 0.13838 2.10966 -0.04085
target: 1.66720 -0.08641
target: 1.66720 -0.08641
fb: 1.47974 0.00732 0.88592 0.73832
fb: 1.43517 0.00279 0.90820 0.76060
dist/lin/ang/drive_left/drive_right/tv_l/tv_r/av_l/av_r/x/y/theta/t_err: 0.84241 1.65912 -0.71353 1.43238 1.43796 0.77136 0.72653 0.77136 0.72653 14.83478 0.18225 2.20155 -0.04392
target: 1.65912 -0.09334
target: 1.65912 -0.09334
fb: 1.53976 0.00118 0.86189 0.68064
fb: 1.51659 -0.00230 0.87347 0.69222
dist/lin/ang/drive_left/drive_right/tv_l/tv_r/av_l/av_r/x/y/theta/t_err: 0.81165 1.65359 -0.71997 1.51889 1.51429 0.79342 0.72892 0.79342 0.72892 16.04628 0.22916 2.22608 -0.04602
target: 1.65359 -0.09418
target: 1.65359 -0.09418
fb: 1.50887 -0.00725 0.85568 0.72812
fb: 1.45459 -0.01073 0.88282 0.75526
dist/lin/ang/drive_left/drive_right/tv_l/tv_r/av_l/av_r/x/y/theta/t_err: 0.78150 1.65055 -0.71325 1.46532 1.44386 0.78967 0.69039 0.78967 0.69039 17.23348 0.27505 2.19138 -0.04719
target: 1.65055 -0.09330
target: 1.65055 -0.09330
fb: 1.51085 -0.01700 0.85352 0.74260
fb: 1.65031 -0.02104 0.78379 0.67287
dist/lin/ang/drive_left/drive_right/tv_l/tv_r/av_l/av_r/x/y/theta/t_err: 0.75132 1.65073 -0.68148 1.67135 1.62927 0.80542 0.72344 0.80542 0.72344 18.42230 0.31944 2.08086 -0.04712
target: 1.65073 -0.08914
target: 1.65073 -0.08914
fb: 1.53601 -0.02348 0.83647 0.76063
fb: 1.59426 -0.02550 0.80734 0.73150
dist/lin/ang/drive_left/drive_right/tv_l/tv_r/av_l/av_r/x/y/theta/t_err: 0.72063 1.65405 -0.63308 1.61976 1.56876 0.78386 0.70036 0.78386 0.70036 19.63103 0.36147 1.89692 -0.04585
target: 1.65405 -0.08281
target: 1.65405 -0.08281
fb: 1.64855 -0.03066 0.78178 0.73400
fb: 1.56315 -0.03442 0.82448 0.77670
dist/lin/ang/drive_left/drive_right/tv_l/tv_r/av_l/av_r/x/y/theta/t_err: 0.68769 1.65942 -0.58407 1.59757 1.52873 0.78231 0.72517 0.78231 0.72517 20.92847 0.40193 1.65922 -0.04380
target: 1.65942 -0.07640
target: 1.65942 -0.07640
fb: 1.57087 -0.03275 0.82902 0.79056
fb: 1.55741 -0.03317 0.83575 0.79729
dist/lin/ang/drive_left/drive_right/tv_l/tv_r/av_l/av_r/x/y/theta/t_err: 0.65630 1.66759 -0.51264 1.59058 1.52425 0.79242 0.74278 0.79242 0.74278 22.16494 0.43455 1.36846 -0.04070
target: 1.66759 -0.06706
target: 1.66759 -0.06706
fb: 1.58831 -0.03595 0.81952 0.81998
fb: 1.66774 -0.03526 0.77980 0.78026
dist/lin/ang/drive_left/drive_right/tv_l/tv_r/av_l/av_r/x/y/theta/t_err: 0.62456 1.67658 -0.45615 1.70300 1.63249 0.79567 0.76708 0.79567 0.76708 23.41529 0.46105 1.06330 -0.03731
target: 1.67658 -0.05967
target: 1.67658 -0.05967
fb: 1.61743 -0.03449 0.82021 0.81298
fb: 1.62913 -0.03296 0.81436 0.80714
dist/lin/ang/drive_left/drive_right/tv_l/tv_r/av_l/av_r/x/y/theta/t_err: 0.59223 1.68560 -0.40696 1.66208 1.59617 0.78367 0.76281 0.78367 0.76281 24.68870 0.48133 0.76037 -0.03392
target: 1.68560 -0.05323
target: 1.68560 -0.05323
fb: 1.67944 -0.03094 0.79756 0.79038
fb: 1.65031 -0.03184 0.81213 0.80494
dist/lin/ang/drive_left/drive_right/tv_l/tv_r/av_l/av_r/x/y/theta/t_err: 0.55866 1.68335 -0.36802 1.68215 1.61847 0.79292 0.77100 0.79292 0.77100 26.01102 0.49549 0.47286 -0.03078
target: 1.68335 -0.04814
target: 1.68335 -0.04814
fb: 1.66399 -0.03212 0.76080 0.74837
fb: 1.72225 -0.03240 0.73167 0.71924
dist/lin/ang/drive_left/drive_right/tv_l/tv_r/av_l/av_r/x/y/theta/t_err: 0.52540 1.64029 -0.32674 1.75465 1.68985 0.79397 0.76469 0.79397 0.76469 27.32122 0.50314 0.19644 -0.02775
target: 1.64029 -0.04274
target: 1.64029 -0.04274
fb: 1.63310 -0.03226 0.56875 0.56627
fb: 1.63685 -0.03024 0.56687 0.56440
dist/lin/ang/drive_left/drive_right/tv_l/tv_r/av_l/av_r/x/y/theta/t_err: 0.49275 1.59684 -0.27129 1.66709 1.60661 0.72772 0.68889 0.72772 0.68889 28.60713 0.50442 -0.08997 -0.02443
target: 1.59684 -0.03549
target: 1.59684 -0.03549
fb: 1.66598 -0.02975 0.49801 0.52191
fb: 1.65230 -0.02933 0.50486 0.52875
dist/lin/ang/drive_left/drive_right/tv_l/tv_r/av_l/av_r/x/y/theta/t_err: 0.45943 1.54935 -0.23384 1.68163 1.62296 0.61633 0.58997 0.61633 0.58997 29.91891 0.49936 -0.35671 -0.02138
target: 1.54935 -0.03059
target: 1.54935 -0.03059
fb: 1.72600 -0.03031 0.41587 0.42510
fb: 1.65252 -0.03212 0.45261 0.46184
dist/lin/ang/drive_left/drive_right/tv_l/tv_r/av_l/av_r/x/y/theta/t_err: 0.42492 1.49687 -0.19511 1.68464 1.62040 0.54069 0.53472 0.54069 0.53472 31.27791 0.48786 -0.61263 -0.01847
target: 1.49687 -0.02552
target: 1.49687 -0.02552
fb: 1.66002 -0.03644 0.37692 0.39441
fb: 1.70261 -0.03101 0.35563 0.37312
dist/lin/ang/drive_left/drive_right/tv_l/tv_r/av_l/av_r/x/y/theta/t_err: 0.39173 1.44605 -0.11399 1.73361 1.67160 0.50461 0.50736 0.50461 0.50736 32.58490 0.47048 -0.91291 -0.01458
target: 1.44605 -0.01491
target: 1.44605 -0.01491
fb: 1.56712 -0.02480 0.35167 0.43324
fb: 1.54572 -0.02320 0.36237 0.44394
dist/lin/ang/drive_left/drive_right/tv_l/tv_r/av_l/av_r/x/y/theta/t_err: 0.36039 1.39447 -0.07624 1.56892 1.52252 0.49417 0.48972 0.49417 0.48972 33.81865 0.44795 -1.16998 -0.01116
target: 1.39447 -0.00997
target: 1.39447 -0.00997
fb: 1.50291 -0.02313 0.35602 0.39310
fb: 1.45856 -0.02578 0.37820 0.41527
dist/lin/ang/drive_left/drive_right/tv_l/tv_r/av_l/av_r/x/y/theta/t_err: 0.33033 1.34066 -0.05647 1.48434 1.43278 0.47103 0.48117 0.47103 0.48117 35.00175 0.42179 -1.37207 -0.00849
target: 1.34066 -0.00739
target: 1.34066 -0.00739
fb: 1.48769 -0.02432 0.31448 0.33383
fb: 1.37691 -0.02160 0.36987 0.38922
dist/lin/ang/drive_left/drive_right/tv_l/tv_r/av_l/av_r/x/y/theta/t_err: 0.30058 1.28521 0.00166 1.39851 1.35531 0.46011 0.45686 0.46011 0.45686 36.17277 0.39152 -1.59051 -0.00533
target: 1.28521 0.00022
target: 1.28521 0.00022
fb: 1.37890 -0.01603 0.28418 0.35881
fb: 1.42149 -0.01491 0.26288 0.33752
dist/lin/ang/drive_left/drive_right/tv_l/tv_r/av_l/av_r/x/y/theta/t_err: 0.27300 1.23000 0.02873 1.43640 1.40658 0.43358 0.42417 0.43358 0.42417 37.25804 0.35959 -1.76556 -0.00265
target: 1.23000 0.00376
target: 1.23000 0.00376
fb: 1.32638 -0.01331 0.27699 0.31977
fb: 1.31888 -0.00766 0.28075 0.32352
dist/lin/ang/drive_left/drive_right/tv_l/tv_r/av_l/av_r/x/y/theta/t_err: 0.24647 1.17237 0.04027 1.32655 1.31122 0.38192 0.38806 0.38192 0.38806 38.30191 0.32629 -1.88941 -0.00066
target: 1.17237 0.00527
target: 1.17237 0.00527
fb: 1.31314 -0.00369 0.22954 0.25602
fb: 1.18891 -0.00606 0.29166 0.31813
dist/lin/ang/drive_left/drive_right/tv_l/tv_r/av_l/av_r/x/y/theta/t_err: 0.22021 1.10872 0.02928 1.19497 1.18285 0.35831 0.35247 0.35831 0.35247 39.33530 0.29159 -1.94611 0.00033
target: 1.10872 0.00383
target: 1.10872 0.00383
fb: 1.16751 -0.01178 0.23456 0.23253
fb: 1.13838 -0.01484 0.24912 0.24709
dist/lin/ang/drive_left/drive_right/tv_l/tv_r/av_l/av_r/x/y/theta/t_err: 0.19686 1.04634 0.05173 1.15322 1.12354 0.33589 0.34408 0.33589 0.34408 40.25405 0.25995 -2.00896 0.00152
target: 1.04634 0.00677
target: 1.04634 0.00677
fb: 1.07240 -0.01596 0.20868 0.24992
fb: 1.09579 -0.01254 0.19699 0.23823
dist/lin/ang/drive_left/drive_right/tv_l/tv_r/av_l/av_r/x/y/theta/t_err: 0.17541 0.99005 0.12393 1.10834 1.08325 0.29242 0.29961 0.29242 0.29961 41.09791 0.22942 -2.13849 0.00410
target: 0.99005 0.01621
target: 0.99005 0.01621
fb: 1.02585 -0.00955 0.16943 0.28183
fb: 0.98326 -0.01108 0.19073 0.30312
dist/lin/ang/drive_left/drive_right/tv_l/tv_r/av_l/av_r/x/y/theta/t_err: 0.15489 0.93034 0.12980 0.99434 0.97218 0.24931 0.27089 0.24931 0.27089 41.90507 0.19852 -2.24059 0.00588
target: 0.93034 0.01698
target: 0.93034 0.01698
fb: 0.98524 -0.01373 0.16021 0.19550
fb: 0.89588 -0.01108 0.20489 0.24019
dist/lin/ang/drive_left/drive_right/tv_l/tv_r/av_l/av_r/x/y/theta/t_err: 0.13518 0.86914 0.15534 0.90696 0.88480 0.22211 0.28078 0.22211 0.28078 42.68024 0.16756 -2.34227 0.00765
target: 0.86914 0.02032
target: 0.86914 0.02032
fb: 0.85925 -0.00139 0.14769 0.21058
fb: 0.85152 0.00481 0.15155 0.21444
dist/lin/ang/drive_left/drive_right/tv_l/tv_r/av_l/av_r/x/y/theta/t_err: 0.11800 0.81201 0.15879 0.84672 0.85633 0.20961 0.24489 0.20961 0.24489 43.35622 0.13938 -2.41162 0.00886
target: 0.81201 0.02077
target: 0.81201 0.02077
fb: 0.82041 0.00815 0.14405 0.18149
fb: 0.80077 0.01066 0.15387 0.19131
dist/lin/ang/drive_left/drive_right/tv_l/tv_r/av_l/av_r/x/y/theta/t_err: 0.10159 0.75345 0.09430 0.79011 0.81143 0.17983 0.22947 0.17983 0.22947 44.00165 0.11244 -2.36197 0.00800
target: 0.75345 0.01234
target: 0.75345 0.01234
fb: 0.74649 0.01003 0.16755 0.11365
fb: 0.71383 0.01275 0.18388 0.12998
dist/lin/ang/drive_left/drive_right/tv_l/tv_r/av_l/av_r/x/y/theta/t_err: 0.08666 0.69589 0.05274 0.70108 0.72658 0.17161 0.19183 0.17161 0.19183 44.58896 0.08867 -2.27026 0.00640
target: 0.69589 0.00690
target: 0.69589 0.00690
fb: 0.71383 0.01568 0.12564 0.09141
fb: 0.63417 0.01024 0.16547 0.13123
dist/lin/ang/drive_left/drive_right/tv_l/tv_r/av_l/av_r/x/y/theta/t_err: 0.07239 0.63600 0.00943 0.62393 0.64442 0.17453 0.14014 0.17453 0.14014 45.15061 0.06695 -2.14940 0.00429
target: 0.63600 0.00123
target: 0.63600 0.00123
fb: 0.57592 0.00160 0.13553 0.09160
fb: 0.56047 -0.00376 0.14326 0.09932
dist/lin/ang/drive_left/drive_right/tv_l/tv_r/av_l/av_r/x/y/theta/t_err: 0.06087 0.58322 0.01224 0.56424 0.55671 0.16597 0.13586 0.16597 0.13586 45.60379 0.05030 -2.07698 0.00302
target: 0.58322 0.00160
target: 0.58322 0.00160
fb: 0.54304 -0.00962 0.10490 0.11571
fb: 0.52561 -0.01714 0.11362 0.12443
dist/lin/ang/drive_left/drive_right/tv_l/tv_r/av_l/av_r/x/y/theta/t_err: 0.05001 0.52863 0.07576 0.54275 0.50847 0.14733 0.11481 0.14733 0.11481 46.03110 0.03467 -2.12328 0.00383
target: 0.52863 0.00991
target: 0.52863 0.00991
fb: 0.48479 -0.02209 -0.08226 0.12916
fb: 0.46338 -0.02041 -0.07156 0.13986
dist/lin/ang/drive_left/drive_right/tv_l/tv_r/av_l/av_r/x/y/theta/t_err: 0.04031 0.47461 0.16523 0.48380 0.44297 0.10678 0.13331 0.10678 0.13331 46.41254 0.02005 -2.28237 0.00661
target: 0.47461 0.02161
target: 0.47461 0.02161
fb: 0.47331 -0.01394 0.04008 0.17928
fb: 0.42102 0.00139 0.06623 0.20542
dist/lin/ang/drive_left/drive_right/tv_l/tv_r/av_l/av_r/x/y/theta/t_err: 0.03084 0.41513 0.20898 0.41962 0.42241 -0.01508 0.14647 -0.01508 0.14647 46.78491 0.00463 -2.44651 0.00947
target: 0.41513 0.02734
target: 0.41513 0.02734
fb: 0.33165 0.01909 0.07135 0.16437
fb: 0.30429 0.02919 0.08503 0.17805
dist/lin/ang/drive_left/drive_right/tv_l/tv_r/av_l/av_r/x/y/theta/t_err: 0.02421 0.36780 0.09882 0.27510 0.33348 0.07528 0.18139 0.07528 0.18139 47.04582 -0.00648 -2.39060 0.00850
target: 0.36780 0.01293
target: 0.36780 0.01293
fb: 0.28686 0.03212 0.17710 0.06962
fb: 0.29877 0.03289 0.17114 0.06366
dist/lin/ang/drive_left/drive_right/tv_l/tv_r/av_l/av_r/x/y/theta/t_err: 0.01848 0.32132 -0.05677 0.26589 0.33166 0.10778 0.15078 0.10778 0.15078 47.27151 -0.01542 -2.12954 0.00394
target: 0.32132 -0.00743
target: 0.32132 -0.00743
fb: 0.30650 0.03358 0.16892 -0.10714
fb: 0.29480 0.03233 0.17477 -0.10129
dist/lin/ang/drive_left/drive_right/tv_l/tv_r/av_l/av_r/x/y/theta/t_err: 0.01235 0.26272 -0.14388 0.26247 0.32713 0.15944 0.04553 0.15944 0.04553 47.51270 -0.02379 -1.83795 -0.00115
target: 0.26272 -0.01882
target: 0.26272 -0.01882
fb: 0.30451 0.02989 0.06202 -0.14869
fb: 0.28112 0.01867 0.07372 -0.13700
dist/lin/ang/drive_left/drive_right/tv_l/tv_r/av_l/av_r/x/y/theta/t_err: 0.00627 0.00157 -0.20641 0.26245 0.29979 0.14733 -0.08419 0.14733 -0.08419 47.75237 -0.03089 -1.56270 -0.00595
target: 0.00157 -0.02700
target: 0.00157 -0.02700
fb: 0.24824 -0.00474 -0.62919 -0.74388
fb: 0.21735 -0.03094 -0.61374 -0.72843
dist/lin/ang/drive_left/drive_right/tv_l/tv_r/av_l/av_r/x/y/theta/t_err: 0.00130 0.00033 -0.16016 0.24829 0.18641 0.00719 -0.14614 0.00719 -0.14614 47.94777 -0.03596 -1.45557 -0.00782
target: 0.00033 -0.02095
target: 0.00033 -0.02095
fb: 0.16108 -0.05706 -0.05457 0.05474
fb: 0.13173 -0.07413 -0.05457 0.05474
dist/lin/ang/drive_left/drive_right/tv_l/tv_r/av_l/av_r/x/y/theta/t_err: -0.00192 -0.00048 0.11122 0.20587 0.05760 -0.36600 -0.11994 -0.36600 -0.11994 48.07455 -0.03945 -1.78142 -0.00214
target: -0.00048 0.01455
target: -0.00048 0.01455
fb: 0.09488 -0.06933 -0.21031 0.21162
fb: 0.04855 -0.05233 -0.21031 0.21162
dist/lin/ang/drive_left/drive_right/tv_l/tv_r/av_l/av_r/x/y/theta/t_err: -0.00383 -0.00096 0.40084 0.10087 -0.00378 -0.11003 0.07753 -0.11003 0.07753 48.14922 -0.04210 -2.40775 0.00880
target: -0.00096 0.05243
target: -0.00096 0.05243
fb: 0.03310 -0.03191 -0.24595 0.24823
fb: 0.01743 -0.00773 -0.24595 0.24823
dist/lin/ang/drive_left/drive_right/tv_l/tv_r/av_l/av_r/x/y/theta/t_err: -0.00450 -0.00113 0.40900 0.02517 0.00970 -0.19406 0.19436 -0.19406 0.19436 48.17525 -0.04329 -2.81600 0.01592
target: -0.00113 0.05350
target: -0.00113 0.05350
fb: 0.00375 0.02132 -0.08042 0.08381
fb: 0.00772 0.04975 -0.08042 0.08381
final error: 0.18342, x: -0.17820, y: 0.04343
final local error: 0.18342, forwards: -0.18012, sideways: 0.03463
position: 48.17820 -0.04343 -2.81465
took 1.34000 time to finish turn
dist/lin/ang/drive_left/drive_right/tv_l/tv_r/av_l/av_r/x/y/theta/t_err: -1.22462 -0.08636 0.07707 0.00000 0.00000 0.00000 0.00017 0.00000 0.00017 48.21327 -0.04483 179.64220 0.00532
target: -0.08636 0.01008
target: -0.08636 0.01008
fb: 0.00000 0.00000 -0.29582 -0.19647
fb: 0.00000 0.00000 -0.29582 -0.19647
dist/lin/ang/drive_left/drive_right/tv_l/tv_r/av_l/av_r/x/y/theta/t_err: -1.22462 -0.17272 0.07708 0.00000 0.00000 -0.00017 -0.04364 -0.00017 -0.04364 48.21327 -0.04483 179.64218 0.00532
target: -0.17272 0.01008
target: -0.17272 0.01008
fb: 0.00000 0.00000 -0.28241 -0.27378
fb: 0.00000 0.00000 -0.28241 -0.27378
dist/lin/ang/drive_left/drive_right/tv_l/tv_r/av_l/av_r/x/y/theta/t_err: -1.22462 -0.25908 0.07723 0.00000 0.00000 -0.24622 -0.18514 -0.24622 -0.18514 48.21327 -0.04483 179.64195 0.00532
target: -0.25908 0.01010
target: -0.25908 0.01010
fb: 0.00000 0.00669 -0.44400 -0.43518
fb: 0.00000 0.01010 -0.44400 -0.43518
dist/lin/ang/drive_left/drive_right/tv_l/tv_r/av_l/av_r/x/y/theta/t_err: -1.22462 -0.34544 0.03569 -0.01010 0.01010 -0.27875 -0.27803 -0.27875 -0.27803 48.21327 -0.04483 179.70207 0.00427
target: -0.34544 0.00467
target: -0.34544 0.00467
fb: 0.00000 0.01421 -0.49095 -0.53849
fb: -0.01545 0.01407 -0.48323 -0.53077
dist/lin/ang/drive_left/drive_right/tv_l/tv_r/av_l/av_r/x/y/theta/t_err: -1.22431 -0.43180 -0.01994 -0.02952 -0.00137 -0.40056 -0.39442 -0.40056 -0.39442 48.20111 -0.04478 179.82084 0.00220
target: -0.43180 -0.00261
target: -0.43180 -0.00261
fb: -0.12600 0.01254 -0.48992 -0.56380
fb: -0.21536 0.01254 -0.44523 -0.51911
dist/lin/ang/drive_left/drive_right/tv_l/tv_r/av_l/av_r/x/y/theta/t_err: -1.22000 -0.51816 -0.00738 -0.22791 -0.20282 -0.44711 -0.43992 -0.44711 -0.43992 48.03153 -0.04438 179.87807 0.00120
target: -0.51816 -0.00097
target: -0.51816 -0.00097
fb: -0.26766 0.01115 -0.74939 -0.74120
fb: -0.31797 0.01198 -0.72423 -0.71605
dist/lin/ang/drive_left/drive_right/tv_l/tv_r/av_l/av_r/x/y/theta/t_err: -1.21364 -0.60452 -0.08438 -0.32995 -0.30599 -0.45086 -0.44761 -0.45086 -0.44761 47.78116 -0.04421 180.02571 -0.00137
target: -0.60452 -0.01104
target: -0.60452 -0.01104
fb: -0.33540 0.01164 -0.73472 -0.84554
fb: -0.35482 0.01164 -0.72501 -0.83583
dist/lin/ang/drive_left/drive_right/tv_l/tv_r/av_l/av_r/x/y/theta/t_err: -1.20655 -0.69088 -0.05507 -0.36646 -0.34318 -0.31467 -0.47189 -0.31467 -0.47189 47.50178 -0.04452 180.07601 -0.00226
target: -0.69088 -0.00720
target: -0.69088 -0.00720
fb: -0.41131 0.01094 -0.84058 -0.82117
fb: -0.45390 0.00376 -0.81929 -0.79988
dist/lin/ang/drive_left/drive_right/tv_l/tv_r/av_l/av_r/x/y/theta/t_err: -1.19747 -0.77724 -0.08791 -0.45766 -0.45013 -0.50717 -0.49539 -0.50717 -0.49539 47.14438 -0.04527 180.15459 -0.00366
target: -0.77724 -0.01150
target: -0.77724 -0.01150
fb: -0.45169 -0.00592 -0.85960 -0.91918
fb: -0.48677 -0.00871 -0.84206 -0.90164
dist/lin/ang/drive_left/drive_right/tv_l/tv_r/av_l/av_r/x/y/theta/t_err: -1.18773 -0.86360 -0.01781 -0.47807 -0.49548 -0.54739 -0.40294 -0.54739 -0.40294 46.76109 -0.04616 180.10193 -0.00277
target: -0.86360 -0.00233
target: -0.86360 -0.00233
fb: -0.55672 -0.00982 -0.95249 -0.87866
fb: -0.58762 -0.00732 -0.93704 -0.86322
dist/lin/ang/drive_left/drive_right/tv_l/tv_r/av_l/av_r/x/y/theta/t_err: -1.17598 -0.94996 0.01688 -0.58030 -0.59493 -0.52975 -0.46061 -0.52975 -0.46061 46.29840 -0.04664 180.01811 -0.00132
target: -0.94996 0.00221
target: -0.94996 0.00221
fb: -0.59732 -0.00286 -0.99305 -0.95490
fb: -0.63417 0.00000 -0.97463 -0.93648
dist/lin/ang/drive_left/drive_right/tv_l/tv_r/av_l/av_r/x/y/theta/t_err: -1.16330 -1.03632 -0.00909 -0.63417 -0.63417 -0.51625 -0.49722 -0.51625 -0.49722 45.79905 -0.04669 180.00277 -0.00107
target: -1.03632 -0.00119
target: -1.03632 -0.00119
fb: -0.63991 -0.00341 -1.00000 -1.00000
fb: -0.71383 -0.00725 -0.97548 -1.00000
dist/lin/ang/drive_left/drive_right/tv_l/tv_r/av_l/av_r/x/y/theta/t_err: -1.14902 -1.12268 0.00801 -0.70659 -0.72108 -0.45703 -0.48936 -0.45703 -0.48936 45.23698 -0.04658 179.96809 -0.00047
target: -1.12268 0.00105
target: -1.12268 0.00105
fb: -0.80872 -0.00885 -1.00000 -1.00000
fb: -0.82416 -0.00585 -1.00000 -1.00000
dist/lin/ang/drive_left/drive_right/tv_l/tv_r/av_l/av_r/x/y/theta/t_err: -1.13254 -1.20904 0.03984 -0.81831 -0.83002 -0.52819 -0.67211 -0.52819 -0.67211 44.58803 -0.04583 179.90048 0.00071
target: -1.20904 0.00521
target: -1.20904 0.00521
fb: -0.80298 -0.01387 -1.00000 -1.00000
fb: -0.77760 -0.02334 -1.00000 -1.00000
dist/lin/ang/drive_left/drive_right/tv_l/tv_r/av_l/av_r/x/y/theta/t_err: -1.11698 -1.29540 0.11325 -0.75426 -0.80094 -0.77700 -0.78369 -0.77700 -0.78369 43.97575 -0.04409 179.75255 0.00332
target: -1.29540 0.01481
target: -1.29540 0.01481
fb: -0.84755 -0.03233 -1.00000 -1.00000
fb: -0.92324 -0.03609 -1.00000 -1.00000
dist/lin/ang/drive_left/drive_right/tv_l/tv_r/av_l/av_r/x/y/theta/t_err: -1.09852 -1.38176 0.25231 -0.88715 -0.95933 -0.85400 -0.83414 -0.85400 -0.83414 43.24881 -0.03916 179.46189 0.00849
target: -1.38176 0.03301
target: -1.38176 0.03301
fb: -0.92500 -0.03567 -1.00000 -1.00000
fb: -0.94442 -0.03226 -1.00000 -1.00000
dist/lin/ang/drive_left/drive_right/tv_l/tv_r/av_l/av_r/x/y/theta/t_err: -1.07963 -1.46812 0.33388 -0.91216 -0.97668 -0.87522 -0.86514 -0.87522 -0.86514 42.50522 -0.03021 179.16723 0.01382
target: -1.46812 0.04368
target: -1.46812 0.04368
fb: -0.99892 -0.02404 -1.00000 -1.00000
fb: -1.02783 -0.01895 -1.00000 -1.00000
dist/lin/ang/drive_left/drive_right/tv_l/tv_r/av_l/av_r/x/y/theta/t_err: -1.05908 -1.55448 0.35464 -1.00888 -1.04678 -0.86717 -0.86206 -0.86717 -0.86206 41.69602 -0.01691 178.96105 0.01773
target: -1.55448 0.04639
target: -1.55448 0.04639
fb: -1.05872 -0.02125 -1.00000 -1.00000
fb: -1.10948 -0.02878 -1.00000 -1.00000
dist/lin/ang/drive_left/drive_right/tv_l/tv_r/av_l/av_r/x/y/theta/t_err: -1.03689 -1.64084 0.41967 -1.08070 -1.13825 -0.88033 -0.86992 -0.88033 -0.86992 40.82259 0.00045 178.74903 0.02184
target: -1.64084 0.05490
target: -1.64084 0.05490
fb: -1.18119 -0.03296 -1.00000 -1.00000
fb: -1.23922 -0.03254 -1.00000 -1.00000
dist/lin/ang/drive_left/drive_right/tv_l/tv_r/av_l/av_r/x/y/theta/t_err: -1.01212 -1.70340 0.53074 -1.20668 -1.27176 -0.88533 -0.87711 -0.88533 -0.87711 39.84711 0.02409 178.47263 0.02726
target: -1.70340 0.06943
target: -1.70340 0.06943
fb: -1.23922 -0.02801 -1.00000 -1.00000
fb: -1.28004 -0.01805 -1.00000 -1.00000
dist/lin/ang/drive_left/drive_right/tv_l/tv_r/av_l/av_r/x/y/theta/t_err: -0.98653 -1.69179 0.56637 -1.26200 -1.29809 -0.88239 -0.88414 -0.88239 -0.88414 38.83961 0.05294 178.26795 0.03159
target: -1.69179 0.07409
target: -1.69179 0.07409
fb: -1.36147 -0.01178 -0.94358 -0.80861
fb: -1.36323 -0.01045 -0.94270 -0.80773
dist/lin/ang/drive_left/drive_right/tv_l/tv_r/av_l/av_r/x/y/theta/t_err: -0.95928 -1.68452 0.56588 -1.35278 -1.37368 -0.87044 -0.79789 -0.87044 -0.79789 37.76672 0.08639 178.16459 0.03432
target: -1.68452 0.07402
target: -1.68452 0.07402
fb: -1.37515 -0.01045 -0.92612 -0.83375
fb: -1.37714 -0.01338 -0.92513 -0.83275
dist/lin/ang/drive_left/drive_right/tv_l/tv_r/av_l/av_r/x/y/theta/t_err: -0.93175 -1.67691 0.61068 -1.36376 -1.39051 -0.72036 -0.73322 -0.72036 -0.73322 36.68295 0.12204 178.06020 0.03718
target: -1.67691 0.07988
target: -1.67691 0.07988
fb: -1.39037 -0.01345 -0.94087 -0.78731
fb: -1.48945 -0.01003 -0.89133 -0.73777
dist/lin/ang/drive_left/drive_right/tv_l/tv_r/av_l/av_r/x/y/theta/t_err: -0.90199 -1.66857 0.66361 -1.47942 -1.49948 -0.80008 -0.77361 -0.80008 -0.77361 35.51087 0.16291 177.95190 0.04033
target: -1.66857 0.08681
target: -1.66857 0.08681
fb: -1.42943 -0.01017 -0.92021 -0.74780
fb: -1.37890 -0.00934 -0.94548 -0.77307
dist/lin/ang/drive_left/drive_right/tv_l/tv_r/av_l/av_r/x/y/theta/t_err: -0.87443 -1.66005 0.71242 -1.36956 -1.38824 -0.76931 -0.73061 -0.76931 -0.73061 34.42585 0.20278 177.84148 0.04356
target: -1.66005 0.09319
target: -1.66005 0.09319
fb: -1.36147 -0.01261 -0.94760 -0.77147
fb: -1.47776 -0.01359 -0.88946 -0.71333
dist/lin/ang/drive_left/drive_right/tv_l/tv_r/av_l/av_r/x/y/theta/t_err: -0.84491 -1.64990 0.78455 -1.46417 -1.49134 -0.83706 -0.74331 -0.83706 -0.74331 33.26314 0.24801 177.70943 0.04743
target: -1.64990 0.10263
target: -1.64990 0.10263
fb: -1.56889 -0.01303 -0.84812 -0.63189
fb: -1.49916 -0.01205 -0.88299 -0.66676
dist/lin/ang/drive_left/drive_right/tv_l/tv_r/av_l/av_r/x/y/theta/t_err: -0.81496 -1.64002 0.83721 -1.48711 -1.51121 -0.76981 -0.70617 -0.76981 -0.70617 32.08369 0.29641 177.59482 0.05122
target: -1.64002 0.10952
target: -1.64002 0.10952
fb: -1.55741 -0.00822 -0.83913 -0.63659
fb: -1.65230 -0.00146 -0.79169 -0.58915
dist/lin/ang/drive_left/drive_right/tv_l/tv_r/av_l/av_r/x/y/theta/t_err: -0.78196 -1.63240 0.85844 -1.65083 -1.65376 -0.77153 -0.64850 -0.77153 -0.64850 30.78385 0.35165 177.55201 0.05415
target: -1.63240 0.11229
target: -1.63240 0.11229
fb: -1.57087 0.00711 -0.81785 -0.64858
fb: -1.49144 0.01470 -0.85757 -0.68829
dist/lin/ang/drive_left/drive_right/tv_l/tv_r/av_l/av_r/x/y/theta/t_err: -0.75218 -1.63074 0.81039 -1.50614 -1.47673 -0.77442 -0.61119 -0.77442 -0.61119 29.61053 0.40111 177.63701 0.05479
target: -1.63074 0.10601
target: -1.63074 0.10601
fb: -1.57087 0.02021 -0.79520 -0.71591
fb: -1.53204 0.02571 -0.81462 -0.73532
dist/lin/ang/drive_left/drive_right/tv_l/tv_r/av_l/av_r/x/y/theta/t_err: -0.72158 -1.63330 0.75541 -1.55775 -1.50633 -0.77717 -0.66100 -0.77717 -0.66100 28.40515 0.44903 177.82316 0.05380
target: -1.63330 0.09881
target: -1.63330 0.09881
fb: -1.50490 0.03240 -0.83849 -0.77701
fb: -1.48768 0.03790 -0.84710 -0.78562
dist/lin/ang/drive_left/drive_right/tv_l/tv_r/av_l/av_r/x/y/theta/t_err: -0.69187 -1.64079 0.66635 -1.52559 -1.44978 -0.77222 -0.71097 -0.77222 -0.71097 27.23449 0.49073 178.11479 0.05092
target: -1.64079 0.08716
target: -1.64079 0.08716
fb: -1.50688 0.04013 -0.83617 -0.83042
fb: -1.63486 0.03700 -0.77218 -0.76643
dist/lin/ang/drive_left/drive_right/tv_l/tv_r/av_l/av_r/x/y/theta/t_err: -0.65921 -1.64958 0.60536 -1.67186 -1.59787 -0.78489 -0.75956 -0.78489 -0.75956 25.94777 0.52927 178.44393 0.04755
target: -1.64958 0.07919
target: -1.64958 0.07919
fb: -1.61765 0.03317 -0.80518 -0.77708
fb: -1.59029 0.03024 -0.81886 -0.79076
dist/lin/ang/drive_left/drive_right/tv_l/tv_r/av_l/av_r/x/y/theta/t_err: -0.62744 -1.65643 0.58639 -1.62053 -1.56005 -0.77325 -0.76283 -0.77325 -0.76283 24.69596 0.56010 178.72423 0.04494
target: -1.65643 0.07671
target: -1.65643 0.07671
fb: -1.56315 0.02836 -0.85395 -0.77971
fb: -1.55146 0.02557 -0.85980 -0.78556
dist/lin/ang/drive_left/drive_right/tv_l/tv_r/av_l/av_r/x/y/theta/t_err: -0.59644 -1.66169 0.57258 -1.57703 -1.52588 -0.78264 -0.76675 -0.78264 -0.76675 23.47458 0.58463 178.96637 0.04294
target: -1.66169 0.07490
target: -1.66169 0.07490
fb: -1.63862 0.02529 -0.81652 -0.73864
fb: -1.59603 0.02578 -0.83782 -0.75993
dist/lin/ang/drive_left/drive_right/tv_l/tv_r/av_l/av_r/x/y/theta/t_err: -0.56455 -1.66406 0.56117 -1.62181 -1.57025 -0.82114 -0.75461 -0.82114 -0.75461 22.21803 0.60490 179.18840 0.04138
target: -1.66406 0.07341
target: -1.66406 0.07341
fb: -1.58654 0.02592 -0.83352 -0.75480
fb: -1.65053 0.02494 -0.80152 -0.72281
dist/lin/ang/drive_left/drive_right/tv_l/tv_r/av_l/av_r/x/y/theta/t_err: -0.53156 -1.61822 0.54599 -1.67548 -1.62559 -0.79564 -0.73664 -0.79564 -0.73664 20.91850 0.62083 179.40725 0.04002
target: -1.61822 0.07142
target: -1.61822 0.07142
fb: -1.57286 0.02418 -0.60225 -0.53060
fb: -1.61743 0.02578 -0.57997 -0.50831
dist/lin/ang/drive_left/drive_right/tv_l/tv_r/av_l/av_r/x/y/theta/t_err: -0.49924 -1.57151 0.52831 -1.64321 -1.59165 -0.76708 -0.70822 -0.76708 -0.70822 19.64498 0.63150 179.62379 0.03870
target: -1.57151 0.06911
target: -1.57151 0.06911
fb: -1.64457 0.02634 -0.51735 -0.45171
fb: -1.62913 0.02662 -0.52507 -0.45943
dist/lin/ang/drive_left/drive_right/tv_l/tv_r/av_l/av_r/x/y/theta/t_err: -0.46668 -1.52310 0.50048 -1.65574 -1.60251 -0.61872 -0.56825 -0.61872 -0.56825 18.36221 0.63726 179.85829 0.03716
target: -1.52310 0.06547
target: -1.52310 0.06547
fb: -1.66774 0.02676 -0.44644 -0.39758
fb: -1.58433 0.02536 -0.48814 -0.43929
dist/lin/ang/drive_left/drive_right/tv_l/tv_r/av_l/av_r/x/y/theta/t_err: -0.43502 -1.47360 0.48659 -1.60970 -1.55897 -0.54497 -0.48731 -0.54497 -0.48731 17.11471 0.63792 180.08110 0.03584
target: -1.47360 0.06365
target: -1.47360 0.06365
fb: -1.60199 0.02313 -0.43687 -0.37399
fb: -1.62714 0.02871 -0.42429 -0.36141
dist/lin/ang/drive_left/drive_right/tv_l/tv_r/av_l/av_r/x/y/theta/t_err: -0.40249 -1.41991 0.47644 -1.65585 -1.59844 -0.49894 -0.46303 -0.49894 -0.46303 15.83350 0.63373 180.30125 0.03475
target: -1.41991 0.06232
target: -1.41991 0.06232
fb: -1.44289 0.03470 -0.45201 -0.38647
fb: -1.43142 0.03317 -0.45774 -0.39221
dist/lin/ang/drive_left/drive_right/tv_l/tv_r/av_l/av_r/x/y/theta/t_err: -0.37388 -1.37398 0.40398 -1.46458 -1.39825 -0.52478 -0.46594 -0.52478 -0.46594 14.70643 0.62490 180.58715 0.03222
target: -1.37398 0.05284
target: -1.37398 0.05284
fb: -1.44488 0.03080 -0.39726 -0.41774
fb: -1.37691 0.03191 -0.43124 -0.45172
dist/lin/ang/drive_left/drive_right/tv_l/tv_r/av_l/av_r/x/y/theta/t_err: -0.34636 -1.32729 0.37563 -1.40883 -1.34500 -0.49775 -0.45531 -0.49775 -0.45531 13.62234 0.61117 180.85568 0.02990
target: -1.32729 0.04914
target: -1.32729 0.04914
fb: -1.37691 0.03240 -0.40910 -0.38258
fb: -1.41376 0.03149 -0.39067 -0.36416
dist/lin/ang/drive_left/drive_right/tv_l/tv_r/av_l/av_r/x/y/theta/t_err: -0.31809 -1.27703 0.33435 -1.44526 -1.38227 -0.47431 -0.45119 -0.47431 -0.45119 12.50931 0.59171 181.13887 0.02739
target: -1.27703 0.04374
target: -1.27703 0.04374
fb: -1.48173 0.02996 -0.28544 -0.28134
fb: -1.42171 0.02641 -0.31545 -0.31135
dist/lin/ang/drive_left/drive_right/tv_l/tv_r/av_l/av_r/x/y/theta/t_err: -0.28967 -1.22237 0.32072 -1.44812 -1.39530 -0.45822 -0.41769 -0.45822 -0.41769 11.39013 0.56697 181.39126 0.02545
target: -1.22237 0.04195
target: -1.22237 0.04195
fb: -1.27806 0.02299 -0.33491 -0.30061
fb: -1.24121 0.02083 -0.35333 -0.31903
dist/lin/ang/drive_left/drive_right/tv_l/tv_r/av_l/av_r/x/y/theta/t_err: -0.26485 -1.17113 0.32001 -1.26204 -1.22038 -0.40414 -0.36875 -0.40414 -0.36875 10.41313 0.54145 181.58928 0.02421
target: -1.17113 0.04186
target: -1.17113 0.04186
fb: -1.23746 0.02000 -0.32977 -0.28035
fb: -1.12669 0.02251 -0.38516 -0.33574
dist/lin/ang/drive_left/drive_right/tv_l/tv_r/av_l/av_r/x/y/theta/t_err: -0.24232 -1.12197 0.31182 -1.14919 -1.10418 -0.37867 -0.34561 -0.37867 -0.34561 9.52636 0.51551 181.76719 0.02322
target: -1.12197 0.04079
target: -1.12197 0.04079
fb: -1.14213 0.02669 -0.33588 -0.29665
fb: -1.09381 0.02892 -0.36004 -0.32082
dist/lin/ang/drive_left/drive_right/tv_l/tv_r/av_l/av_r/x/y/theta/t_err: -0.22045 -1.07357 0.25655 -1.12272 -1.06489 -0.36789 -0.33228 -0.36789 -0.33228 8.66555 0.48729 182.00443 0.02119
target: -1.07357 0.03356
target: -1.07357 0.03356
fb: -1.06093 0.02766 -0.30285 -0.32869
fb: -1.06865 0.02606 -0.29899 -0.32483
dist/lin/ang/drive_left/drive_right/tv_l/tv_r/av_l/av_r/x/y/theta/t_err: -0.19908 -1.02364 0.22316 -1.09471 -1.04259 -0.36358 -0.32411 -0.36358 -0.32411 7.82467 0.45611 182.24395 0.01906
target: -1.02364 0.02919
target: -1.02364 0.02919
fb: -1.03180 0.02278 -0.27577 -0.28167
fb: -1.01040 0.02048 -0.28647 -0.29237
dist/lin/ang/drive_left/drive_right/tv_l/tv_r/av_l/av_r/x/y/theta/t_err: -0.17888 -0.97249 0.21979 -1.03088 -0.98991 -0.32783 -0.32833 -0.32783 -0.32833 7.02975 0.42360 182.43832 0.01763
target: -0.97249 0.02875
target: -0.97249 0.02875
fb: -1.00444 0.01909 -0.25539 -0.22651
fb: -0.98723 0.01505 -0.26400 -0.23511
dist/lin/ang/drive_left/drive_right/tv_l/tv_r/av_l/av_r/x/y/theta/t_err: -0.15914 -0.94301 0.22801 -1.00228 -0.97218 -0.29928 -0.31194 -0.29928 -0.31194 6.25315 0.38945 182.59384 0.01693
target: -0.94301 0.02983
target: -0.94301 0.02983
fb: -0.87293 0.00927 -0.38845 -0.34445
fb: -0.89213 0.00509 -0.37885 -0.33485
dist/lin/ang/drive_left/drive_right/tv_l/tv_r/av_l/av_r/x/y/theta/t_err: -0.14128 -0.88851 0.19496 -0.89721 -0.88704 -0.28764 -0.27000 -0.28764 -0.27000 5.55143 0.35712 182.66711 0.01565
target: -0.88851 0.02550
target: -0.88851 0.02550
fb: -0.89786 0.00571 -0.19911 -0.20944
fb: -0.76392 0.00627 -0.26608 -0.27641
dist/lin/ang/drive_left/drive_right/tv_l/tv_r/av_l/av_r/x/y/theta/t_err: -0.12600 -0.83910 0.19285 -0.77019 -0.75765 -0.31606 -0.31261 -0.31606 -0.31261 4.95058 0.32889 182.71655 0.01479
target: -0.83910 0.02523
target: -0.83910 0.02523
fb: -0.80298 0.00557 -0.23991 -0.21415
fb: -0.87867 0.00662 -0.20206 -0.17631
dist/lin/ang/drive_left/drive_right/tv_l/tv_r/av_l/av_r/x/y/theta/t_err: -0.10843 -0.77839 0.17795 -0.88528 -0.87205 -0.25869 -0.25617 -0.25869 -0.25617 4.25951 0.29579 182.76946 0.01386
target: -0.77839 0.02328
target: -0.77839 0.02328
fb: -0.83762 0.00502 -0.11329 -0.10515
fb: -0.77187 0.00537 -0.14617 -0.13803
dist/lin/ang/drive_left/drive_right/tv_l/tv_r/av_l/av_r/x/y/theta/t_err: -0.09299 -0.72086 0.16899 -0.77723 -0.76650 -0.21628 -0.21628 -0.21628 -0.21628 3.65247 0.26619 182.81593 0.01305
target: -0.72086 0.02211
target: -0.72086 0.02211
fb: -0.71383 0.00620 -0.13818 -0.12457
fb: -0.66904 0.00606 -0.16058 -0.14697
dist/lin/ang/drive_left/drive_right/tv_l/tv_r/av_l/av_r/x/y/theta/t_err: -0.07961 -0.66700 0.15241 -0.67510 -0.66298 -0.16700 -0.15758 -0.16700 -0.15758 3.12631 0.24006 182.86940 0.01212
target: -0.66700 0.01994
target: -0.66700 0.01994
fb: -0.63991 0.00836 -0.13478 -0.13302
fb: -0.61674 0.00857 -0.14636 -0.14460
dist/lin/ang/drive_left/drive_right/tv_l/tv_r/av_l/av_r/x/y/theta/t_err: -0.06728 -0.61316 0.12656 -0.62531 -0.60817 -0.16014 -0.15125 -0.16014 -0.15125 2.64131 0.21547 182.94074 0.01087
target: -0.61316 0.01656
target: -0.61316 0.01656
fb: -0.56643 0.00766 -0.11491 -0.12854
fb: -0.56047 0.00683 -0.11789 -0.13152
dist/lin/ang/drive_left/drive_right/tv_l/tv_r/av_l/av_r/x/y/theta/t_err: -0.05607 -0.55977 0.11213 -0.56730 -0.55365 -0.14886 -0.15367 -0.14886 -0.15367 2.20059 0.19256 183.00682 0.00972
target: -0.55977 0.01467
target: -0.55977 0.01467
fb: -0.53510 0.00550 -0.08915 -0.09183
fb: -0.50046 0.00460 -0.10647 -0.10915
dist/lin/ang/drive_left/drive_right/tv_l/tv_r/av_l/av_r/x/y/theta/t_err: -0.04607 -0.50737 0.10917 -0.50505 -0.49586 -0.12147 -0.14544 -0.12147 -0.14544 1.80708 0.17172 183.05294 0.00892
target: -0.50737 0.01428
target: -0.50737 0.01428
fb: -0.48876 0.00251 -0.13907 -0.12831
fb: -0.43624 0.00000 -0.16533 -0.15457
dist/lin/ang/drive_left/drive_right/tv_l/tv_r/av_l/av_r/x/y/theta/t_err: -0.03734 -0.45680 0.11832 -0.43624 -0.43624 -0.12492 -0.11550 -0.12492 -0.11550 1.46407 0.15337 183.06885 0.00864
target: -0.45680 0.01548
target: -0.45680 0.01548
fb: -0.41705 -0.00091 -0.14255 -0.11593
fb: -0.41307 0.00056 -0.14454 -0.11792
dist/lin/ang/drive_left/drive_right/tv_l/tv_r/av_l/av_r/x/y/theta/t_err: -0.02908 -0.40312 0.12805 -0.41363 -0.41252 -0.15383 -0.14650 -0.15383 -0.14650 1.13928 0.13597 183.06481 0.00871
target: -0.40312 0.01675
target: -0.40312 0.01675
fb: -0.38020 0.00237 -0.10921 -0.08021
fb: -0.37821 0.00404 -0.11021 -0.08120
dist/lin/ang/drive_left/drive_right/tv_l/tv_r/av_l/av_r/x/y/theta/t_err: -0.02152 -0.34676 0.10982 -0.38225 -0.37417 -0.13467 -0.11975 -0.13467 -0.11975 0.84191 0.11999 183.08870 0.00829
target: -0.34676 0.01437
target: -0.34676 0.01437
fb: -0.37225 0.00613 -0.04074 -0.04785
fb: -0.34136 0.00899 -0.05619 -0.06330
dist/lin/ang/drive_left/drive_right/tv_l/tv_r/av_l/av_r/x/y/theta/t_err: -0.01469 -0.28653 0.07944 -0.35035 -0.33237 -0.09942 -0.10267 -0.09942 -0.10267 0.57352 0.10539 183.14788 0.00726
target: -0.28653 0.01039
target: -0.28653 0.01039
fb: -0.32768 0.01115 0.08495 0.06801
fb: -0.29281 0.01108 0.06751 0.05057
dist/lin/ang/drive_left/drive_right/tv_l/tv_r/av_l/av_r/x/y/theta/t_err: -0.00884 -0.22224 0.04005 -0.30389 -0.28174 -0.02139 -0.07853 -0.02139 -0.07853 0.34331 0.09255 183.24247 0.00561
target: -0.22224 0.00524
target: -0.22224 0.00524
fb: -0.27362 0.00878 0.13073 0.09627
fb: -0.24824 0.00314 0.11804 0.08358
dist/lin/ang/drive_left/drive_right/tv_l/tv_r/av_l/av_r/x/y/theta/t_err: -0.00388 -0.00097 0.03783 -0.25138 -0.24511 0.07083 0.03458 0.07083 0.03458 0.14816 0.08138 183.30556 0.00451
target: -0.00097 0.00495
target: -0.00097 0.00495
fb: -0.17454 -0.00188 0.47921 0.48812
fb: -0.12026 -0.00460 0.47921 0.48812
dist/lin/ang/drive_left/drive_right/tv_l/tv_r/av_l/av_r/x/y/theta/t_err: -0.00147 -0.00037 0.07997 -0.11566 -0.12486 0.15178 0.07292 0.15178 0.07292 0.05363 0.07593 183.28436 0.00488
target: -0.00037 0.01046
target: -0.00037 0.01046
fb: -0.07944 -0.00718 -0.06977 0.07680
fb: -0.04656 -0.01073 -0.06977 0.07680
dist/lin/ang/drive_left/drive_right/tv_l/tv_r/av_l/av_r/x/y/theta/t_err: -0.00054 -0.00013 0.11976 -0.03583 -0.05729 0.23697 0.37283 0.23697 0.37283 0.01703 0.07385 183.21323 0.00612
target: -0.00013 0.01567
target: -0.00013 0.01567
fb: -0.01743 -0.01268 -0.07253 0.07825
fb: 0.00000 -0.00704 -0.07253 0.07825
decreased max accel to 2.66700
increased max accel to 2.79400
increased max accel to 2.92100
increased max accel to 3.04800
increased max accel to 3.17500
increased max accel to 3.30200
start is 0.00000 0.00000
dist/lin/ang/drive_left/drive_right/tv_l/tv_r/av_l/av_r/x/y/theta/t_err: 1.21920 0.08636 0.00000 0.00000 0.00000 0.00000 -0.00017 0.00000 -0.00017 0.00000 0.00000 -0.00002 0.00000
target: 0.08636 0.00000
target: 0.08636 0.00000
fb: 0.00000 0.00000 0.24369 0.24859
fb: 0.00000 0.00000 0.24369 0.24859
dist/lin/ang/drive_left/drive_right/tv_l/tv_r/av_l/av_r/x/y/theta/t_err: 1.21920 0.17272 -0.00005 0.00000 0.00000 0.08197 -0.00017 0.08197 -0.00017 0.00000 0.00000 0.00007 -0.00000
target: 0.17272 -0.00001
target: 0.17272 -0.00001
fb: 0.00000 0.00000 0.27569 0.28050
fb: 0.00000 0.00000 0.27569 0.28050
dist/lin/ang/drive_left/drive_right/tv_l/tv_r/av_l/av_r/x/y/theta/t_err: 1.21920 0.25908 -0.00009 0.00000 0.00000 0.20958 0.20500 0.20958 0.20500 0.00000 0.00000 0.00017 -0.00000
target: 0.25908 -0.00001
target: 0.25908 -0.00001
fb: 0.00000 0.00105 0.43717 0.44201
fb: 0.00000 0.00843 0.43717 0.44201
dist/lin/ang/drive_left/drive_right/tv_l/tv_r/av_l/av_r/x/y/theta/t_err: 1.21920 0.34544 -0.00224 -0.00843 0.00843 0.24861 0.25206 0.24861 0.25206 0.00000 0.00000 0.00335 -0.00006
target: 0.34544 -0.00029
target: 0.34544 -0.00029
fb: 0.05627 0.00655 0.48560 0.48758
fb: 0.13769 0.00167 0.44489 0.44686
dist/lin/ang/drive_left/drive_right/tv_l/tv_r/av_l/av_r/x/y/theta/t_err: 1.21807 0.43180 -0.04873 0.13602 0.13936 0.38019 0.38994 0.38019 0.38994 0.04431 0.00004 0.07275 -0.00127
target: 0.43180 -0.00637
target: 0.43180 -0.00637
fb: 0.18624 -0.00202 0.52593 0.46755
fb: 0.22110 -0.00523 0.50850 0.45011
dist/lin/ang/drive_left/drive_right/tv_l/tv_r/av_l/av_r/x/y/theta/t_err: 1.21435 0.51816 -0.02488 0.22633 0.21587 0.42469 0.42078 0.42469 0.42078 0.19095 0.00025 0.08187 -0.00143
target: 0.51816 -0.00326
target: 0.51816 -0.00326
fb: 0.24427 -0.00676 0.74248 0.77150
fb: 0.29083 -0.00899 0.71920 0.74822
dist/lin/ang/drive_left/drive_right/tv_l/tv_r/av_l/av_r/x/y/theta/t_err: 1.20946 0.60452 0.01096 0.29982 0.28184 0.44778 0.43000 0.44778 0.43000 0.38329 0.00045 0.03556 -0.00063
target: 0.60452 0.00143
target: 0.60452 0.00143
fb: 0.33937 -0.00955 0.76339 0.81289
fb: 0.39763 -0.00829 0.73427 0.78376
dist/lin/ang/drive_left/drive_right/tv_l/tv_r/av_l/av_r/x/y/theta/t_err: 1.20268 0.69088 0.04398 0.40592 0.38934 0.45328 0.29175 0.45328 0.29175 0.65051 0.00044 -0.04148 0.00071
target: 0.69088 0.00575
target: 0.69088 0.00575
fb: 0.45588 -0.00773 0.78258 0.83460
fb: 0.46361 -0.01345 0.77872 0.83074
dist/lin/ang/drive_left/drive_right/tv_l/tv_r/av_l/av_r/x/y/theta/t_err: 1.19356 0.77724 0.05923 0.47705 0.45016 0.48322 0.51692 0.48322 0.51692 1.00947 -0.00005 -0.11177 0.00195
target: 0.77724 0.00775
target: 0.77724 0.00775
fb: 0.48479 -0.01902 0.85592 0.88976
fb: 0.56423 -0.02000 0.81620 0.85004
dist/lin/ang/drive_left/drive_right/tv_l/tv_r/av_l/av_r/x/y/theta/t_err: 1.18386 0.86360 0.12019 0.58422 0.54423 0.47244 0.55028 0.47244 0.55028 1.39119 -0.00120 -0.24363 0.00428
target: 0.86360 0.01572
target: 0.86360 0.01572
fb: 0.59534 -0.01798 0.84706 0.94548
fb: 0.62844 -0.01812 0.83051 0.92893
dist/lin/ang/drive_left/drive_right/tv_l/tv_r/av_l/av_r/x/y/theta/t_err: 1.17196 0.94996 0.17700 0.64655 0.61032 0.40039 0.51642 0.40039 0.51642 1.85996 -0.00386 -0.40707 0.00719
target: 0.94996 0.02315
target: 0.94996 0.02315
fb: 0.67103 -0.01512 0.88535 0.98891
fb: 0.68647 -0.00857 0.87763 0.98118
dist/lin/ang/drive_left/drive_right/tv_l/tv_r/av_l/av_r/x/y/theta/t_err: 1.15854 1.03632 0.21156 0.69504 0.67790 0.53164 0.52358 0.53164 0.52358 2.38830 -0.00832 -0.55710 0.00991
target: 1.03632 0.02767
target: 1.03632 0.02767
fb: 0.72928 0.00125 0.94495 1.00000
fb: 0.71582 0.00432 0.95168 1.00000
dist/lin/ang/drive_left/drive_right/tv_l/tv_r/av_l/av_r/x/y/theta/t_err: 1.14395 1.12268 0.18277 0.71150 0.72014 0.60964 0.54311 0.60964 0.54311 2.96251 -0.01425 -0.60620 0.01090
target: 1.12268 0.02391
target: 1.12268 0.02391
fb: 0.72531 0.00780 1.00000 1.00000
fb: 0.80077 0.00355 1.00000 1.00000
dist/lin/ang/drive_left/drive_right/tv_l/tv_r/av_l/av_r/x/y/theta/t_err: 1.12945 1.20904 0.12668 0.79722 0.80433 0.43719 0.38039 0.43719 0.38039 3.53359 -0.02005 -0.55307 0.01010
target: 1.20904 0.01657
target: 1.20904 0.01657
fb: 0.80298 -0.01171 1.00000 1.00000
fb: 0.83409 -0.01874 1.00000 1.00000
dist/lin/ang/drive_left/drive_right/tv_l/tv_r/av_l/av_r/x/y/theta/t_err: 1.11339 1.29540 0.16275 0.85284 0.81535 0.70514 0.70975 0.70514 0.70975 4.16583 -0.02606 -0.56840 0.01051
target: 1.29540 0.02129
target: 1.29540 0.02129
fb: 0.82416 -0.01205 1.00000 1.00000
fb: 0.88418 -0.00718 1.00000 1.00000
dist/lin/ang/drive_left/drive_right/tv_l/tv_r/av_l/av_r/x/y/theta/t_err: 1.09691 1.38176 0.25256 0.89136 0.87701 0.84219 0.82439 0.84219 0.82439 4.81473 -0.03326 -0.70352 0.01305
target: 1.38176 0.03304
target: 1.38176 0.03304
fb: 1.02408 -0.00836 1.00000 1.00000
fb: 1.00466 -0.01164 1.00000 1.00000
dist/lin/ang/drive_left/drive_right/tv_l/tv_r/av_l/av_r/x/y/theta/t_err: 1.07643 1.46812 0.24664 1.01630 0.99303 0.86375 0.85056 0.86375 0.85056 5.62103 -0.04366 -0.77192 0.01450
target: 1.46812 0.03226
target: 1.46812 0.03226
fb: 1.04725 -0.01407 1.00000 1.00000
fb: 1.11918 -0.01275 1.00000 1.00000
dist/lin/ang/drive_left/drive_right/tv_l/tv_r/av_l/av_r/x/y/theta/t_err: 1.05548 1.55448 0.29687 1.13193 1.10643 0.86869 0.86425 0.86869 0.86425 6.44555 -0.05556 -0.87993 0.01669
target: 1.55448 0.03883
target: 1.55448 0.03883
fb: 1.09756 -0.01066 1.00000 1.00000
fb: 1.14412 -0.00968 1.00000 1.00000
dist/lin/ang/drive_left/drive_right/tv_l/tv_r/av_l/av_r/x/y/theta/t_err: 1.03354 1.64084 0.32919 1.15380 1.13443 0.87642 0.86667 0.87642 0.86667 7.30965 -0.06961 -0.98488 0.01890
target: 1.64084 0.04306
target: 1.64084 0.04306
fb: 1.21032 -0.00697 1.00000 1.00000
fb: 1.19862 -0.00906 1.00000 1.00000
dist/lin/ang/drive_left/drive_right/tv_l/tv_r/av_l/av_r/x/y/theta/t_err: 1.00933 1.72119 0.34405 1.20768 1.18956 0.87764 0.87250 0.87764 0.87250 8.26251 -0.08667 -1.05947 0.02067
target: 1.72119 0.04500
target: 1.72119 0.04500
fb: 1.26063 -0.01198 1.00000 1.00000
fb: 1.21407 -0.01331 1.00000 1.00000
dist/lin/ang/drive_left/drive_right/tv_l/tv_r/av_l/av_r/x/y/theta/t_err: 0.98413 1.71565 0.38059 1.22738 1.20076 0.89061 0.88839 0.89061 0.88839 9.25494 -0.10575 -1.14531 0.02272
target: 1.71565 0.04978
target: 1.71565 0.04978
fb: 1.29726 -0.01352 0.89621 1.00000
fb: 1.49717 -0.01345 0.79625 0.91224
dist/lin/ang/drive_left/drive_right/tv_l/tv_r/av_l/av_r/x/y/theta/t_err: 0.95819 1.70871 0.43103 1.51062 1.48373 0.89558 0.89283 0.89558 0.89283 10.27618 -0.12720 -1.25587 0.02529
target: 1.70871 0.05638
target: 1.70871 0.05638
fb: 1.44311 -0.00962 0.79875 0.93994
fb: 1.46231 -0.00411 0.78915 0.93034
dist/lin/ang/drive_left/drive_right/tv_l/tv_r/av_l/av_r/x/y/theta/t_err: 0.92934 1.70208 0.46395 1.46642 1.45820 0.76056 0.70564 0.76056 0.70564 11.41219 -0.15311 -1.35035 0.02775
target: 1.70208 0.06069
target: 1.70208 0.06069
fb: 1.52034 -0.00383 0.76280 0.88914
fb: 1.45459 -0.00495 0.79568 0.92202
dist/lin/ang/drive_left/drive_right/tv_l/tv_r/av_l/av_r/x/y/theta/t_err: 0.89894 1.69734 0.47233 1.45953 1.44964 0.76367 0.78042 0.76367 0.78042 12.60897 -0.18184 -1.39714 0.02952
target: 1.69734 0.06179
target: 1.69734 0.06179
fb: 1.41575 -0.00258 0.83199 0.93089
fb: 1.55521 -0.00098 0.76226 0.86116
dist/lin/ang/drive_left/drive_right/tv_l/tv_r/av_l/av_r/x/y/theta/t_err: 0.87064 1.69306 0.49117 1.55618 1.55423 0.75939 0.72944 0.75939 0.72944 13.72339 -0.20938 -1.43305 0.03112
target: 1.69306 0.06425
target: 1.69306 0.06425
fb: 1.55146 0.00167 0.75432 0.86884
fb: 1.52829 0.00084 0.76590 0.88043
dist/lin/ang/drive_left/drive_right/tv_l/tv_r/av_l/av_r/x/y/theta/t_err: 0.83963 1.69013 0.49452 1.52745 1.52912 0.75136 0.80864 0.75136 0.80864 14.94463 -0.23996 -1.42990 0.03222
target: 1.69013 0.06469
target: 1.69013 0.06469
fb: 1.53027 -0.00334 0.77646 0.87333
fb: 1.53226 -0.00091 0.77547 0.87233
dist/lin/ang/drive_left/drive_right/tv_l/tv_r/av_l/av_r/x/y/theta/t_err: 0.80904 1.68687 0.51543 1.53316 1.53135 0.75014 0.74861 0.75014 0.74861 16.14919 -0.26993 -1.43033 0.03344
target: 1.68687 0.06742
target: 1.68687 0.06742
fb: 1.62516 0.00376 0.71254 0.83374
fb: 1.54947 0.00502 0.75038 0.87159
dist/lin/ang/drive_left/drive_right/tv_l/tv_r/av_l/av_r/x/y/theta/t_err: 0.77656 1.68331 0.53769 1.54445 1.55449 0.75081 0.78108 0.75081 0.78108 17.42844 -0.30193 -1.42668 0.03478
target: 1.68331 0.07034
target: 1.68331 0.07034
fb: 1.52255 0.00683 0.75665 0.88334
fb: 1.66002 0.00982 0.68792 0.81461
dist/lin/ang/drive_left/drive_right/tv_l/tv_r/av_l/av_r/x/y/theta/t_err: 0.74612 1.68182 0.52625 1.65020 1.66984 0.73628 0.77342 0.73628 0.77342 18.62694 -0.33132 -1.37818 0.03533
target: 1.68182 0.06884
target: 1.68182 0.06884
fb: 1.66399 0.01366 0.71374 0.79876
fb: 1.60000 0.01589 0.74574 0.83075
dist/lin/ang/drive_left/drive_right/tv_l/tv_r/av_l/av_r/x/y/theta/t_err: 0.71286 1.68200 0.50973 1.58411 1.61589 0.69931 0.77258 0.69931 0.77258 19.93682 -0.36187 -1.28189 0.03527
target: 1.68200 0.06668
target: 1.68200 0.06668
fb: 1.56492 0.01630 0.77451 0.85064
fb: 1.54969 0.01644 0.78212 0.85825
dist/lin/ang/drive_left/drive_right/tv_l/tv_r/av_l/av_r/x/y/theta/t_err: 0.68158 1.68439 0.47596 1.53325 1.56613 0.73578 0.77753 0.73578 0.77753 21.16876 -0.38797 -1.14087 0.03437
target: 1.68439 0.06226
target: 1.68439 0.06226
fb: 1.69312 0.02146 0.73454 0.78444
fb: 1.67944 0.02515 0.74138 0.79128
dist/lin/ang/drive_left/drive_right/tv_l/tv_r/av_l/av_r/x/y/theta/t_err: 0.64774 1.68712 0.45780 1.65429 1.70459 0.74961 0.79428 0.74961 0.79428 22.50169 -0.41273 -0.98311 0.03334
target: 1.68712 0.05989
target: 1.68712 0.05989
fb: 1.63486 0.02515 0.75996 0.82507
fb: 1.70084 0.02585 0.72697 0.79208
dist/lin/ang/drive_left/drive_right/tv_l/tv_r/av_l/av_r/x/y/theta/t_err: 0.61506 1.69264 0.40181 1.67499 1.72669 0.73558 0.78231 0.73558 0.78231 23.78884 -0.43238 -0.76886 0.03128
target: 1.69264 0.05256
target: 1.69264 0.05256
fb: 1.66223 0.02843 0.78962 0.80038
fb: 1.65825 0.03010 0.79161 0.80236
dist/lin/ang/drive_left/drive_right/tv_l/tv_r/av_l/av_r/x/y/theta/t_err: 0.58183 1.69924 0.35624 1.62815 1.68835 0.73867 0.78194 0.73867 0.78194 25.09759 -0.44733 -0.53194 0.02881
target: 1.69924 0.04660
target: 1.69924 0.04660
fb: 1.74343 0.03080 0.75718 0.77222
fb: 1.65825 0.02933 0.79977 0.81481
dist/lin/ang/drive_left/drive_right/tv_l/tv_r/av_l/av_r/x/y/theta/t_err: 0.54698 1.70698 0.30394 1.62892 1.68759 0.76692 0.77786 0.76692 0.77786 26.47033 -0.45692 -0.26995 0.02593
target: 1.70698 0.03976
target: 1.70698 0.03976
fb: 1.63884 0.02843 0.82969 0.82765
fb: 1.65230 0.02669 0.82296 0.82092
dist/lin/ang/drive_left/drive_right/tv_l/tv_r/av_l/av_r/x/y/theta/t_err: 0.51421 1.71474 0.26239 1.62561 1.67898 0.77803 0.78589 0.77803 0.78589 27.76075 -0.46007 -0.01876 0.02305
target: 1.71474 0.03432
target: 1.71474 0.03432
fb: 1.62516 0.02515 0.84096 0.84430
fb: 1.74740 0.02473 0.77983 0.78317
dist/lin/ang/drive_left/drive_right/tv_l/tv_r/av_l/av_r/x/y/theta/t_err: 0.48171 1.72186 0.23047 1.72267 1.77214 0.79925 0.80028 0.79925 0.80028 29.04040 -0.45781 0.21287 0.02043
target: 1.72186 0.03015
target: 1.72186 0.03015
fb: 1.71254 0.02146 0.79831 0.80739
fb: 1.70459 0.01846 0.80228 0.81137
dist/lin/ang/drive_left/drive_right/tv_l/tv_r/av_l/av_r/x/y/theta/t_err: 0.44747 1.67022 0.21395 1.68613 1.72306 0.77597 0.78539 0.77597 0.78539 30.38883 -0.45044 0.41407 0.01834
target: 1.67022 0.02799
target: 1.67022 0.02799
fb: 1.76858 0.01728 0.48064 0.50491
fb: 1.70857 0.01735 0.51065 0.53492
dist/lin/ang/drive_left/drive_right/tv_l/tv_r/av_l/av_r/x/y/theta/t_err: 0.41210 1.60650 0.20915 1.69122 1.72591 0.78761 0.74092 0.78761 0.74092 31.78137 -0.43831 0.57945 0.01691
target: 1.60650 0.02736
target: 1.60650 0.02736
fb: 1.71849 0.01665 0.39277 0.42996
fb: 1.67767 0.01463 0.41318 0.45037
dist/lin/ang/drive_left/drive_right/tv_l/tv_r/av_l/av_r/x/y/theta/t_err: 0.37774 1.54060 0.20364 1.66304 1.69230 0.60608 0.59903 0.60608 0.59903 33.13443 -0.42294 0.72123 0.01586
target: 1.54060 0.02664
target: 1.54060 0.02664
fb: 1.70459 0.01449 0.33192 0.36725
fb: 1.62317 0.01763 0.37263 0.40796
dist/lin/ang/drive_left/drive_right/tv_l/tv_r/av_l/av_r/x/y/theta/t_err: 0.34365 1.47136 0.19705 1.60554 1.64080 0.48286 0.49997 0.48286 0.49997 34.47650 -0.40443 0.85216 0.01502
target: 1.47136 0.02578
target: 1.47136 0.02578
fb: 1.67370 0.01672 0.27217 0.30501
fb: 1.77454 0.01003 0.22175 0.25459
dist/lin/ang/drive_left/drive_right/tv_l/tv_r/av_l/av_r/x/y/theta/t_err: 0.31018 1.40036 0.17317 1.76451 1.78458 0.43289 0.47261 0.43289 0.47261 35.79420 -0.38301 1.00130 0.01389
target: 1.40036 0.02265
target: 1.40036 0.02265
fb: 1.62913 0.00000 0.23498 0.24323
fb: 1.53601 -0.00662 0.28154 0.28979
dist/lin/ang/drive_left/drive_right/tv_l/tv_r/av_l/av_r/x/y/theta/t_err: 0.27760 1.32370 0.22202 1.54263 1.52939 0.34717 0.41136 0.34717 0.41136 37.07676 -0.35972 1.06031 0.01441
target: 1.32370 0.02904
target: 1.32370 0.02904
fb: 1.46805 -0.01226 0.17592 0.27829
fb: 1.49541 -0.00237 0.16224 0.26461
dist/lin/ang/drive_left/drive_right/tv_l/tv_r/av_l/av_r/x/y/theta/t_err: 0.24824 1.24558 0.33313 1.49778 1.49304 0.35436 0.39339 0.35436 0.39339 38.23252 -0.33897 0.98170 0.01756
target: 1.24558 0.04358
target: 1.24558 0.04358
fb: 1.39060 0.01742 0.09128 0.28637
fb: 1.26636 0.02989 0.15339 0.34848
dist/lin/ang/drive_left/drive_right/tv_l/tv_r/av_l/av_r/x/y/theta/t_err: 0.22044 1.17021 0.33032 1.23647 1.29625 0.26506 0.37353 0.26506 0.37353 39.32732 -0.32044 1.00023 0.01947
target: 1.17021 0.04321
target: 1.17021 0.04321
fb: 1.27607 0.03449 0.15819 0.21860
fb: 1.27232 0.03198 0.16006 0.22048
dist/lin/ang/drive_left/drive_right/tv_l/tv_r/av_l/av_r/x/y/theta/t_err: 0.19492 1.10464 0.18563 1.24034 1.30430 0.22619 0.37044 0.22619 0.37044 40.33191 -0.30065 1.26982 0.01702
target: 1.10464 0.02428
target: 1.10464 0.02428
fb: 1.20833 0.02878 0.26777 0.13574
fb: 1.13838 0.03233 0.30274 0.17072
dist/lin/ang/drive_left/drive_right/tv_l/tv_r/av_l/av_r/x/y/theta/t_err: 0.17076 1.06192 0.14352 1.10605 1.17071 0.23425 0.28764 0.23425 0.28764 41.28306 -0.27730 1.53848 0.01441
target: 1.06192 0.01877
target: 1.06192 0.01877
fb: 1.12294 0.03846 0.30620 0.28752
fb: 1.09381 0.04536 0.32077 0.30209
dist/lin/ang/drive_left/drive_right/tv_l/tv_r/av_l/av_r/x/y/theta/t_err: 0.14829 0.98960 0.00443 1.04845 1.13917 0.30306 0.25836 0.30306 0.25836 42.16688 -0.25134 1.83510 0.00923
target: 0.98960 0.00058
target: 0.98960 0.00058
fb: 0.99672 0.05198 0.25433 0.09704
fb: 0.97929 0.04571 0.26305 0.10576
dist/lin/ang/drive_left/drive_right/tv_l/tv_r/av_l/av_r/x/y/theta/t_err: 0.12836 0.92071 -0.14895 0.93358 1.02499 0.31006 0.24861 0.31006 0.24861 42.95120 -0.22357 2.24532 0.00207
target: 0.92071 -0.01948
target: 0.92071 -0.01948
fb: 1.00665 0.03177 0.22221 -0.10668
fb: 0.91750 0.01589 0.26678 0.06573
dist/lin/ang/drive_left/drive_right/tv_l/tv_r/av_l/av_r/x/y/theta/t_err: 0.10823 0.84544 -0.21838 0.90162 0.93339 0.27650 0.10694 0.27650 0.10694 43.74312 -0.18983 2.60566 -0.00422
target: 0.84544 -0.02857
target: 0.84544 -0.02857
fb: 0.86101 0.00258 0.15756 -0.08472
fb: 0.82416 -0.01296 0.17599 -0.06629
dist/lin/ang/drive_left/drive_right/tv_l/tv_r/av_l/av_r/x/y/theta/t_err: 0.09101 0.77527 -0.13783 0.83712 0.81120 0.23869 0.03356 0.23869 0.03356 44.42034 -0.15816 2.71688 -0.00616
target: 0.77527 -0.01803
target: 0.77527 -0.01803
fb: 0.75046 -0.03038 0.07399 0.15018
fb: 0.72928 -0.04578 0.08458 0.16077
dist/lin/ang/drive_left/drive_right/tv_l/tv_r/av_l/av_r/x/y/theta/t_err: 0.07600 0.70846 0.01784 0.77506 0.68350 0.16442 0.03217 0.16442 0.03217 45.01062 -0.13075 2.56147 -0.00345
target: 0.70846 0.00233
target: 0.70846 0.00233
fb: 0.63616 -0.05518 -0.09214 0.21775
fb: 0.56621 -0.06118 0.06088 0.25272
dist/lin/ang/drive_left/drive_right/tv_l/tv_r/av_l/av_r/x/y/theta/t_err: 0.06328 0.64644 0.23941 0.62739 0.50504 0.05272 0.17233 0.05272 0.17233 45.51110 -0.10999 2.14172 0.00388
target: 0.64644 0.03132
target: 0.64644 0.03132
fb: 0.56820 -0.06034 -0.15375 0.27253
fb: 0.52164 -0.05093 -0.13047 0.29581
dist/lin/ang/drive_left/drive_right/tv_l/tv_r/av_l/av_r/x/y/theta/t_err: 0.05191 0.58549 0.42403 0.57257 0.47071 0.03850 0.24058 0.03850 0.24058 45.95826 -0.09533 1.60826 0.01319
target: 0.58549 0.05547
target: 0.58549 0.05547
fb: 0.48501 -0.03184 -0.15784 0.25725
fb: 0.47905 -0.01115 -0.15486 0.26022
dist/lin/ang/drive_left/drive_right/tv_l/tv_r/av_l/av_r/x/y/theta/t_err: 0.04220 0.52791 0.46578 0.49020 0.46790 -0.11275 0.27206 -0.11275 0.27206 46.34005 -0.08607 1.21006 0.02014
target: 0.52791 0.06093
target: 0.52791 0.06093
fb: 0.47508 0.01129 -0.11140 0.14275
fb: 0.41903 0.03560 -0.08338 0.17078
dist/lin/ang/drive_left/drive_right/tv_l/tv_r/av_l/av_r/x/y/theta/t_err: 0.03270 0.46468 0.32596 0.38343 0.45464 -0.12492 0.23833 -0.12492 0.23833 46.71405 -0.07849 1.16085 0.02100
target: 0.46468 0.04264
target: 0.46468 0.04264
fb: 0.38990 0.06111 0.17563 0.07305
fb: 0.38593 0.08647 0.17762 0.07504
dist/lin/ang/drive_left/drive_right/tv_l/tv_r/av_l/av_r/x/y/theta/t_err: 0.02491 0.40557 0.05216 0.29947 0.47240 -0.05597 0.15881 -0.05597 0.15881 47.02098 -0.07139 1.52686 0.01461
target: 0.40557 0.00682
target: 0.40557 0.00682
fb: 0.31025 0.10995 0.27511 -0.12103
fb: 0.29281 0.12333 0.28382 -0.11231
dist/lin/ang/drive_left/drive_right/tv_l/tv_r/av_l/av_r/x/y/theta/t_err: 0.01872 0.35157 -0.34143 0.16949 0.41614 0.15722 0.04894 0.15722 0.04894 47.26513 -0.06339 2.32943 0.00060
target: 0.35157 -0.04466
target: 0.35157 -0.04466
fb: 0.30252 0.12207 0.34724 -0.25893
fb: 0.25795 0.11322 0.36952 -0.23665
dist/lin/ang/drive_left/drive_right/tv_l/tv_r/av_l/av_r/x/y/theta/t_err: 0.01268 0.28935 -0.72634 0.14473 0.37117 0.26347 -0.12111 0.26347 -0.12111 47.50304 -0.05155 3.39571 -0.01801
target: 0.28935 -0.09501
target: 0.28935 -0.09501
fb: 0.22882 0.09121 0.34216 -0.32124
fb: 0.22882 0.05734 0.34216 -0.32124
dist/lin/ang/drive_left/drive_right/tv_l/tv_r/av_l/av_r/x/y/theta/t_err: 0.00811 0.23142 -0.90196 0.17148 0.28617 0.32992 -0.21475 0.32992 -0.21475 47.68280 -0.03934 4.32530 -0.03423
target: 0.23142 -0.11799
target: 0.23142 -0.11799
fb: 0.21139 0.01129 0.20121 -0.24658
fb: 0.21338 -0.03630 0.20021 -0.24758
dist/lin/ang/drive_left/drive_right/tv_l/tv_r/av_l/av_r/x/y/theta/t_err: 0.00388 0.00097 -0.77053 0.24968 0.17708 0.29550 -0.28197 0.29550 -0.28197 47.84873 -0.02609 4.72302 -0.04117
target: 0.00097 -0.10079
target: 0.00097 -0.10079
fb: 0.20565 -0.07469 -0.61173 -0.59696
fb: 0.18999 -0.10869 -0.60389 -0.58912
dist/lin/ang/drive_left/drive_right/tv_l/tv_r/av_l/av_r/x/y/theta/t_err: -0.00023 -0.00006 -0.32523 0.29868 0.08129 0.13825 -0.25681 0.13825 -0.25681 48.01014 -0.01316 4.32881 -0.03429
target: -0.00006 -0.04254
target: -0.00006 -0.04254
fb: 0.16682 -0.13510 -0.27473 0.27546
fb: 0.11254 -0.15872 -0.27473 0.27546
dist/lin/ang/drive_left/drive_right/tv_l/tv_r/av_l/av_r/x/y/theta/t_err: -0.00357 -0.00089 0.19645 0.27126 -0.04619 -0.37558 -0.22569 -0.37558 -0.22569 48.14119 -0.00422 3.32260 -0.01673
target: -0.00089 0.02570
target: -0.00089 0.02570
fb: 0.06774 -0.17614 -0.36533 0.36622
fb: 0.03486 -0.16541 -0.36533 0.36622
final error: 0.19447, x: -0.19447, y: 0.00166
final local error: 0.19447, forwards: -0.19430, sideways: 0.00809
position: 48.19447 -0.00166 1.89496
took 1.28000 time to finish turn
dist/lin/ang/drive_left/drive_right/tv_l/tv_r/av_l/av_r/x/y/theta/t_err: -1.22534 -0.08636 0.05504 0.00000 0.00000 0.00000 0.00000 0.00000 0.00000 48.24189 -0.00152 179.78070 0.00380
target: -0.08636 0.00720
target: -0.08636 0.00720
fb: 0.00000 0.00000 -0.28092 -0.21137
fb: 0.00000 0.00000 -0.28092 -0.21137
dist/lin/ang/drive_left/drive_right/tv_l/tv_r/av_l/av_r/x/y/theta/t_err: -1.22534 -0.17272 0.05504 0.00000 0.00000 -0.08797 -0.04911 -0.08797 -0.04911 48.24189 -0.00152 179.78070 0.00380
target: -0.17272 0.00720
target: -0.17272 0.00720
fb: 0.00000 0.00000 -0.28047 -0.27572
fb: 0.00000 0.00697 -0.28047 -0.27572
dist/lin/ang/drive_left/drive_right/tv_l/tv_r/av_l/av_r/x/y/theta/t_err: -1.22534 -0.25908 0.04327 -0.00697 0.00697 -0.24556 -0.19781 -0.24556 -0.19781 48.24189 -0.00152 179.79777 0.00350
target: -0.25908 0.00566
target: -0.25908 0.00566
fb: 0.00000 0.02627 -0.43401 -0.44517
fb: 0.00000 0.03170 -0.43401 -0.44517
dist/lin/ang/drive_left/drive_right/tv_l/tv_r/av_l/av_r/x/y/theta/t_err: -1.22534 -0.34544 -0.10927 -0.03170 0.03170 -0.28969 -0.28197 -0.28969 -0.28197 48.24189 -0.00152 180.02983 -0.00055
target: -0.34544 -0.01429
target: -0.34544 -0.01429
fb: 0.00000 0.02808 -0.41291 -0.61654
fb: -0.01567 0.02292 -0.40507 -0.60870
dist/lin/ang/drive_left/drive_right/tv_l/tv_r/av_l/av_r/x/y/theta/t_err: -1.22503 -0.43180 -0.16903 -0.03859 0.00726 -0.39064 -0.41428 -0.39064 -0.41428 48.22956 -0.00157 180.26335 -0.00463
target: -0.43180 -0.02211
target: -0.43180 -0.02211
fb: -0.11827 0.01644 -0.47828 -0.58316
fb: -0.23081 0.01178 -0.42201 -0.52689
dist/lin/ang/drive_left/drive_right/tv_l/tv_r/av_l/av_r/x/y/theta/t_err: -1.22041 -0.51816 -0.16129 -0.24258 -0.21903 -0.39681 -0.40914 -0.39681 -0.40914 48.04782 -0.00264 180.39866 -0.00701
target: -0.51816 -0.02110
target: -0.51816 -0.02110
fb: -0.27935 0.00920 -0.72721 -0.75168
fb: -0.30054 0.00592 -0.71662 -0.74109
dist/lin/ang/drive_left/drive_right/tv_l/tv_r/av_l/av_r/x/y/theta/t_err: -1.21440 -0.60452 -0.15352 -0.30646 -0.29462 -0.43822 -0.46817 -0.43822 -0.46817 47.81118 -0.00445 180.47166 -0.00833
target: -0.60452 -0.02008
target: -0.60452 -0.02008
fb: -0.33165 0.00488 -0.78043 -0.80357
fb: -0.35482 0.00787 -0.76885 -0.79199
dist/lin/ang/drive_left/drive_right/tv_l/tv_r/av_l/av_r/x/y/theta/t_err: -1.20731 -0.69088 -0.15892 -0.36269 -0.34695 -0.38328 -0.47636 -0.38328 -0.47636 47.53181 -0.00687 180.52413 -0.00929
target: -0.69088 -0.02079
target: -0.69088 -0.02079
fb: -0.40535 0.00899 -0.81403 -0.85368
fb: -0.46559 0.00704 -0.78391 -0.82356
dist/lin/ang/drive_left/drive_right/tv_l/tv_r/av_l/av_r/x/y/theta/t_err: -1.19800 -0.77724 -0.18673 -0.47263 -0.45855 -0.37919 -0.52272 -0.37919 -0.52272 47.16522 -0.01047 180.59510 -0.01061
target: -0.77724 -0.02443
target: -0.77724 -0.02443
fb: -0.45390 0.00251 -0.85280 -0.92378
fb: -0.46934 -0.00404 -0.84507 -0.91605
dist/lin/ang/drive_left/drive_right/tv_l/tv_r/av_l/av_r/x/y/theta/t_err: -1.18861 -0.86360 -0.15651 -0.46530 -0.47338 -0.48836 -0.45669 -0.48836 -0.45669 46.79568 -0.01436 180.59415 -0.01068
target: -0.86360 -0.02047
target: -0.86360 -0.02047
fb: -0.59534 -0.00467 -0.89755 -0.89499
fb: -0.61674 -0.00369 -0.88684 -0.88429
dist/lin/ang/drive_left/drive_right/tv_l/tv_r/av_l/av_r/x/y/theta/t_err: -1.17628 -0.94996 -0.13052 -0.61305 -0.62044 -0.54242 -0.56742 -0.54242 -0.56742 46.31008 -0.01922 180.55271 -0.01006
target: -0.94996 -0.01707
target: -0.94996 -0.01707
fb: -0.61873 -0.00355 -0.96431 -0.96224
fb: -0.66132 -0.00634 -0.94302 -0.94095
dist/lin/ang/drive_left/drive_right/tv_l/tv_r/av_l/av_r/x/y/theta/t_err: -1.16305 -1.03632 -0.12174 -0.65498 -0.66766 -0.49072 -0.52219 -0.49072 -0.52219 45.78938 -0.02408 180.51132 -0.00945
target: -1.03632 -0.01592
target: -1.03632 -0.01592
fb: -0.67279 -0.00968 -1.00000 -1.00000
fb: -0.69618 -0.01045 -0.99489 -1.00000
dist/lin/ang/drive_left/drive_right/tv_l/tv_r/av_l/av_r/x/y/theta/t_err: -1.14913 -1.12268 -0.07752 -0.68573 -0.70663 -0.53369 -0.54175 -0.53369 -0.54175 45.24122 -0.02855 180.41898 -0.00794
target: -1.12268 -0.01014
target: -1.12268 -0.01014
fb: -0.76216 -0.01317 -1.00000 -1.00000
fb: -0.85726 -0.01017 -1.00000 -0.98507
dist/lin/ang/drive_left/drive_right/tv_l/tv_r/av_l/av_r/x/y/theta/t_err: -1.13198 -1.20904 -0.04840 -0.84709 -0.86743 -0.59442 -0.66322 -0.59442 -0.66322 44.56623 -0.03287 180.31601 -0.00625
target: -1.20904 -0.00633
target: -1.20904 -0.00633
fb: -0.77584 -0.00460 -1.00000 -1.00000
fb: -0.77363 -0.00690 -1.00000 -1.00000
dist/lin/ang/drive_left/drive_right/tv_l/tv_r/av_l/av_r/x/y/theta/t_err: -1.11651 -1.29540 -0.05288 -0.76673 -0.78053 -0.66903 -0.51214 -0.66903 -0.51214 43.95708 -0.03589 180.25668 -0.00530
target: -1.29540 -0.00692
target: -1.29540 -0.00692
fb: -0.93670 -0.00627 -1.00000 -1.00000
fb: -0.94266 -0.00174 -1.00000 -1.00000
dist/lin/ang/drive_left/drive_right/tv_l/tv_r/av_l/av_r/x/y/theta/t_err: -1.09766 -1.38176 -0.04976 -0.94091 -0.94440 -0.81428 -0.77497 -0.81428 -0.77497 43.21483 -0.03890 180.21266 -0.00461
target: -1.38176 -0.00651
target: -1.38176 -0.00651
fb: -0.94266 0.00188 -1.00000 -1.00000
fb: -1.00466 0.00251 -1.00000 -1.00000
dist/lin/ang/drive_left/drive_right/tv_l/tv_r/av_l/av_r/x/y/theta/t_err: -1.07756 -1.46812 -0.07761 -1.00717 -1.00215 -0.85794 -0.83825 -0.85794 -0.83825 42.42377 -0.04187 180.22326 -0.00488
target: -1.46812 -0.01015
target: -1.46812 -0.01015
fb: -1.00268 0.00376 -1.00000 -1.00000
fb: -1.06843 0.00091 -1.00000 -1.00000
dist/lin/ang/drive_left/drive_right/tv_l/tv_r/av_l/av_r/x/y/theta/t_err: -1.05620 -1.55448 -0.08875 -1.06934 -1.06753 -0.86153 -0.85536 -0.86153 -0.85536 41.58249 -0.04533 180.24337 -0.00534
target: -1.55448 -0.01161
target: -1.55448 -0.01161
fb: -1.07439 0.00286 -1.00000 -1.00000
fb: -1.11720 0.00822 -1.00000 -1.00000
dist/lin/ang/drive_left/drive_right/tv_l/tv_r/av_l/av_r/x/y/theta/t_err: -1.03385 -1.64084 -0.11567 -1.12542 -1.10898 -0.87025 -0.86872 -0.87025 -0.86872 40.70282 -0.04938 180.29184 -0.00631
target: -1.64084 -0.01513
target: -1.64084 -0.01513
fb: -1.27409 0.01491 -1.00000 -1.00000
fb: -1.23349 0.01839 -1.00000 -1.00000
dist/lin/ang/drive_left/drive_right/tv_l/tv_r/av_l/av_r/x/y/theta/t_err: -1.00918 -1.72720 -0.19390 -1.25188 -1.21509 -0.87608 -0.87658 -0.87608 -0.87658 39.73159 -0.05539 180.43009 -0.00890
target: -1.72720 -0.02536
target: -1.72720 -0.02536
fb: -1.20061 0.01805 -1.00000 -1.00000
fb: -1.22554 0.01679 -1.00000 -1.00000
dist/lin/ang/drive_left/drive_right/tv_l/tv_r/av_l/av_r/x/y/theta/t_err: -0.98467 -1.74559 -0.24063 -1.24233 -1.20875 -0.89028 -0.88853 -0.89028 -0.88853 38.76663 -0.06386 180.57742 -0.01173
target: -1.74559 -0.03148
target: -1.74559 -0.03148
fb: -1.32837 0.01616 -1.00000 -1.00000
fb: -1.44311 0.01603 -0.95255 -1.00000
dist/lin/ang/drive_left/drive_right/tv_l/tv_r/av_l/av_r/x/y/theta/t_err: -0.95581 -1.73791 -0.28085 -1.45914 -1.42709 -0.89492 -0.89369 -0.89492 -0.89369 37.63039 -0.07667 180.71583 -0.01453
target: -1.73791 -0.03674
target: -1.73791 -0.03674
fb: -1.47202 0.01561 -0.82712 -0.92997
fb: -1.43495 0.01568 -0.84565 -0.94850
dist/lin/ang/drive_left/drive_right/tv_l/tv_r/av_l/av_r/x/y/theta/t_err: -0.92712 -1.73000 -0.32525 -1.45062 -1.41927 -0.72792 -0.86753 -0.72792 -0.86753 36.50062 -0.09212 180.85411 -0.01743
target: -1.73000 -0.04255
target: -1.73000 -0.04255
fb: -1.39435 0.00968 -0.85148 -0.96704
fb: -1.44311 0.00627 -0.82709 -0.94266
dist/lin/ang/drive_left/drive_right/tv_l/tv_r/av_l/av_r/x/y/theta/t_err: -0.89826 -1.72552 -0.31772 -1.44938 -1.43684 -0.77272 -0.74964 -0.77272 -0.74964 35.36445 -0.10979 180.91508 -0.01908
target: -1.72552 -0.04156
target: -1.72552 -0.04156
fb: -1.47798 0.00718 -0.85057 -0.90366
fb: -1.49894 0.01080 -0.84009 -0.89318
dist/lin/ang/drive_left/drive_right/tv_l/tv_r/av_l/av_r/x/y/theta/t_err: -0.86829 -1.72135 -0.33731 -1.50974 -1.48814 -0.77069 -0.78283 -0.77069 -0.78283 34.18434 -0.12906 180.96471 -0.02061
target: -1.72135 -0.04412
target: -1.72135 -0.04412
fb: -1.44664 0.01157 -0.84596 -0.93442
fb: -1.48371 0.01407 -0.82742 -0.91588
dist/lin/ang/drive_left/drive_right/tv_l/tv_r/av_l/av_r/x/y/theta/t_err: -0.83862 -1.71388 -0.40795 -1.49779 -1.46964 -0.79461 -0.78472 -0.79461 -0.78472 33.01624 -0.14987 181.07916 -0.02337
target: -1.71388 -0.05336
target: -1.71388 -0.05336
fb: -1.58853 0.01644 -0.71876 -0.87970
fb: -1.54572 0.01993 -0.74017 -0.90110
dist/lin/ang/drive_left/drive_right/tv_l/tv_r/av_l/av_r/x/y/theta/t_err: -0.80772 -1.70361 -0.48941 -1.56565 -1.52579 -0.76453 -0.80558 -0.76453 -0.80558 31.79939 -0.17439 181.24331 -0.02718
target: -1.70361 -0.06402
target: -1.70361 -0.06402
fb: -1.47378 0.02014 -0.74211 -0.93004
fb: -1.57860 0.01561 -0.68970 -0.87763
dist/lin/ang/drive_left/drive_right/tv_l/tv_r/av_l/av_r/x/y/theta/t_err: -0.77616 -1.69248 -0.55813 -1.59420 -1.56299 -0.73336 -0.81567 -0.73336 -0.81567 30.55674 -0.20335 181.41407 -0.03133
target: -1.69248 -0.07301
target: -1.69248 -0.07301
fb: -1.64457 0.00808 -0.64460 -0.82958
fb: -1.49717 -0.00056 -0.71830 -0.90328
dist/lin/ang/drive_left/drive_right/tv_l/tv_r/av_l/av_r/x/y/theta/t_err: -0.74623 -1.68702 -0.53527 -1.49662 -1.49773 -0.69264 -0.76211 -0.69264 -0.76211 29.37824 -0.23307 181.45819 -0.03338
target: -1.68702 -0.07002
target: -1.68702 -0.07002
fb: -1.55543 -0.00564 -0.76274 -0.83589
fb: -1.65450 -0.00725 -0.71320 -0.78635
dist/lin/ang/drive_left/drive_right/tv_l/tv_r/av_l/av_r/x/y/theta/t_err: -0.71316 -1.68508 -0.51276 -1.64726 -1.66175 -0.70719 -0.79481 -0.70719 -0.79481 28.07589 -0.26579 181.41197 -0.03411
target: -1.68508 -0.06707
target: -1.68508 -0.06707
fb: -1.59802 -0.01352 -0.75558 -0.82519
fb: -1.56492 -0.01603 -0.77213 -0.84174
dist/lin/ang/drive_left/drive_right/tv_l/tv_r/av_l/av_r/x/y/theta/t_err: -0.68188 -1.68723 -0.46274 -1.54889 -1.58094 -0.71797 -0.74722 -0.71797 -0.74722 26.84401 -0.29484 181.27887 -0.03330
target: -1.68723 -0.06053
target: -1.68723 -0.06053
fb: -1.57683 -0.01749 -0.80505 -0.83351
fb: -1.51858 -0.01874 -0.83418 -0.86263
dist/lin/ang/drive_left/drive_right/tv_l/tv_r/av_l/av_r/x/y/theta/t_err: -0.65152 -1.69101 -0.42691 -1.49983 -1.53732 -0.75647 -0.77667 -0.75647 -0.77667 25.64855 -0.31986 181.11245 -0.03189
target: -1.69101 -0.05584
target: -1.69101 -0.05584
fb: -1.57860 -0.01867 -0.80893 -0.84783
fb: -1.74939 -0.01860 -0.72353 -0.76243
dist/lin/ang/drive_left/drive_right/tv_l/tv_r/av_l/av_r/x/y/theta/t_err: -0.61655 -1.69412 -0.41638 -1.73078 -1.76799 -0.78350 -0.79275 -0.78350 -0.79275 24.27130 -0.34461 180.94682 -0.03072
target: -1.69412 -0.05447
target: -1.69412 -0.05447
fb: -1.64457 -0.01756 -0.76212 -0.82895
fb: -1.55719 -0.01644 -0.80581 -0.87264
dist/lin/ang/drive_left/drive_right/tv_l/tv_r/av_l/av_r/x/y/theta/t_err: -0.58542 -1.69681 -0.40587 -1.54075 -1.57364 -0.74161 -0.76708 -0.74161 -0.76708 23.04530 -0.36325 180.79977 -0.02972
target: -1.69681 -0.05309
target: -1.69681 -0.05309
fb: -1.67172 -0.01519 -0.75020 -0.81522
fb: -1.62339 -0.01644 -0.77436 -0.83938
dist/lin/ang/drive_left/drive_right/tv_l/tv_r/av_l/av_r/x/y/theta/t_err: -0.55297 -1.67925 -0.40584 -1.60695 -1.63983 -0.76897 -0.79239 -0.76897 -0.79239 21.76715 -0.37971 180.66704 -0.02908
target: -1.67925 -0.05309
target: -1.67925 -0.05309
fb: -1.59426 -0.01756 -0.68580 -0.76313
fb: -1.62913 -0.01923 -0.66836 -0.74570
dist/lin/ang/drive_left/drive_right/tv_l/tv_r/av_l/av_r/x/y/theta/t_err: -0.52040 -1.63178 -0.37978 -1.60990 -1.64836 -0.75014 -0.77578 -0.75014 -0.77578 20.48444 -0.39293 180.50667 -0.02802
target: -1.63178 -0.04968
target: -1.63178 -0.04968
fb: -1.64259 -0.01784 -0.51634 -0.55843
fb: -1.70857 -0.01798 -0.48336 -0.52544
dist/lin/ang/drive_left/drive_right/tv_l/tv_r/av_l/av_r/x/y/theta/t_err: -0.48624 -1.57934 -0.37426 -1.69059 -1.72654 -0.66628 -0.69981 -0.66628 -0.69981 19.13915 -0.40304 180.35267 -0.02721
target: -1.57934 -0.04896
target: -1.57934 -0.04896
fb: -1.54197 -0.01944 -0.48740 -0.55265
fb: -1.61170 -0.02055 -0.45254 -0.51779
dist/lin/ang/drive_left/drive_right/tv_l/tv_r/av_l/av_r/x/y/theta/t_err: -0.45402 -1.52875 -0.35136 -1.59114 -1.63225 -0.56583 -0.57714 -0.56583 -0.57714 17.87011 -0.40893 180.18552 -0.02612
target: -1.52875 -0.04596
target: -1.52875 -0.04596
fb: -1.72026 -0.02021 -0.37180 -0.41254
fb: -1.59801 -0.01874 -0.43292 -0.47366
dist/lin/ang/drive_left/drive_right/tv_l/tv_r/av_l/av_r/x/y/theta/t_err: -0.42207 -1.47652 -0.33549 -1.57927 -1.61676 -0.50133 -0.52375 -0.50133 -0.52375 16.61184 -0.41113 180.01598 -0.02502
target: -1.47652 -0.04388
target: -1.47652 -0.04388
fb: -1.60971 -0.01874 -0.37022 -0.41641
fb: -1.53204 -0.02028 -0.40906 -0.45524
dist/lin/ang/drive_left/drive_right/tv_l/tv_r/av_l/av_r/x/y/theta/t_err: -0.39144 -1.42445 -0.31859 -1.51176 -1.55231 -0.48253 -0.51108 -0.48253 -0.51108 15.40551 -0.40977 179.84590 -0.02390
target: -1.42445 -0.04168
target: -1.42445 -0.04168
fb: -1.46209 -0.01763 -0.39928 -0.44127
fb: -1.49541 -0.01686 -0.38262 -0.42461
dist/lin/ang/drive_left/drive_right/tv_l/tv_r/av_l/av_r/x/y/theta/t_err: -0.36154 -1.37055 -0.31761 -1.47855 -1.51227 -0.48542 -0.51436 -0.48542 -0.51436 14.22803 -0.40507 179.69677 -0.02317
target: -1.37055 -0.04155
target: -1.37055 -0.04155
fb: -1.45260 -0.01749 -0.33834 -0.39885
fb: -1.38265 -0.01763 -0.37332 -0.43383
dist/lin/ang/drive_left/drive_right/tv_l/tv_r/av_l/av_r/x/y/theta/t_err: -0.33389 -1.31873 -0.30507 -1.36502 -1.40028 -0.45772 -0.48561 -0.45772 -0.48561 13.13935 -0.39790 179.54815 -0.02239
target: -1.31873 -0.03991
target: -1.31873 -0.03991
fb: -1.32087 -0.01979 -0.37324 -0.41789
fb: -1.44885 -0.02341 -0.30925 -0.35389
dist/lin/ang/drive_left/drive_right/tv_l/tv_r/av_l/av_r/x/y/theta/t_err: -0.30492 -1.26256 -0.27816 -1.42544 -1.47226 -0.44472 -0.46764 -0.44472 -0.46764 11.99858 -0.38710 179.36749 -0.02121
target: -1.26256 -0.03639
target: -1.26256 -0.03639
fb: -1.46805 -0.02529 -0.24189 -0.26487
fb: -1.28953 -0.02341 -0.33114 -0.35413
dist/lin/ang/drive_left/drive_right/tv_l/tv_r/av_l/av_r/x/y/theta/t_err: -0.27914 -1.21140 -0.23688 -1.26612 -1.31294 -0.41100 -0.41531 -0.41100 -0.41531 10.98328 -0.37411 179.16193 -0.01942
target: -1.21140 -0.03099
target: -1.21140 -0.03099
fb: -1.29748 -0.02146 -0.31272 -0.31151
fb: -1.31292 -0.02014 -0.30500 -0.30378
dist/lin/ang/drive_left/drive_right/tv_l/tv_r/av_l/av_r/x/y/theta/t_err: -0.25288 -1.15543 -0.22952 -1.29279 -1.33306 -0.38056 -0.39472 -0.38056 -0.39472 9.94962 -0.35736 178.98023 -0.01810
target: -1.15543 -0.03002
target: -1.15543 -0.03002
fb: -1.14235 -0.01986 -0.30067 -0.33805
fb: -1.10948 -0.01819 -0.31711 -0.35449
dist/lin/ang/drive_left/drive_right/tv_l/tv_r/av_l/av_r/x/y/theta/t_err: -0.23070 -1.10583 -0.21135 -1.09129 -1.12766 -0.35181 -0.35931 -0.35181 -0.35931 9.07618 -0.34048 178.81471 -0.01681
target: -1.10583 -0.02765
target: -1.10583 -0.02765
fb: -1.11896 -0.01756 -0.30067 -0.32209
fb: -1.09955 -0.01777 -0.31038 -0.33180
dist/lin/ang/drive_left/drive_right/tv_l/tv_r/av_l/av_r/x/y/theta/t_err: -0.20871 -1.05341 -0.20566 -1.08178 -1.11731 -0.33519 -0.35233 -0.33519 -0.35233 8.21061 -0.32140 178.66614 -0.01584
target: -1.05341 -0.02690
target: -1.05341 -0.02690
fb: -1.08807 -0.01902 -0.25021 -0.28529
fb: -1.04725 -0.02104 -0.27062 -0.30570
dist/lin/ang/drive_left/drive_right/tv_l/tv_r/av_l/av_r/x/y/theta/t_err: -0.18777 -1.00124 -0.17760 -1.02621 -1.06829 -0.33267 -0.34408 -0.33267 -0.34408 7.38625 -0.30102 178.49845 -0.01452
target: -1.00124 -0.02323
target: -1.00124 -0.02323
fb: -1.06071 -0.02007 -0.23299 -0.23679
fb: -1.03180 -0.01888 -0.24744 -0.25124
dist/lin/ang/drive_left/drive_right/tv_l/tv_r/av_l/av_r/x/y/theta/t_err: -0.16713 -0.96640 -0.15666 -1.01292 -1.05069 -0.29722 -0.31039 -0.29722 -0.31039 6.57412 -0.27851 178.32809 -0.01316
target: -0.96640 -0.02049
target: -0.96640 -0.02049
fb: -0.95038 -0.01923 -0.32343 -0.33190
fb: -0.91154 -0.01846 -0.34285 -0.35132
dist/lin/ang/drive_left/drive_right/tv_l/tv_r/av_l/av_r/x/y/theta/t_err: -0.14889 -0.91215 -0.07717 -0.89308 -0.93001 -0.27547 -0.28694 -0.27547 -0.28694 5.85671 -0.25651 178.16327 -0.01028
target: -0.91215 -0.01010
target: -0.91215 -0.01010
fb: -0.89213 -0.01603 -0.26687 -0.19244
fb: -0.83784 -0.01324 -0.29401 -0.21958
dist/lin/ang/drive_left/drive_right/tv_l/tv_r/av_l/av_r/x/y/theta/t_err: -0.13214 -0.85930 -0.06017 -0.82461 -0.85108 -0.30717 -0.28403 -0.30717 -0.28403 5.19735 -0.23459 178.03429 -0.00803
target: -0.85930 -0.00787
target: -0.85930 -0.00787
fb: -0.83012 -0.01038 -0.22007 -0.21618
fb: -0.80276 -0.00516 -0.23375 -0.22986
dist/lin/ang/drive_left/drive_right/tv_l/tv_r/av_l/av_r/x/y/theta/t_err: -0.11609 -0.80541 -0.06436 -0.79760 -0.80791 -0.28731 -0.24144 -0.28731 -0.24144 4.56565 -0.21244 177.95874 -0.00671
target: -0.80541 -0.00842
target: -0.80541 -0.00842
fb: -0.80099 0.00321 -0.16855 -0.19030
fb: -0.78158 0.00941 -0.17826 -0.20001
dist/lin/ang/drive_left/drive_right/tv_l/tv_r/av_l/av_r/x/y/theta/t_err: -0.10045 -0.74922 -0.12658 -0.79098 -0.77217 -0.24178 -0.23358 -0.24178 -0.23358 3.95062 -0.19066 178.00116 -0.00745
target: -0.74922 -0.01656
target: -0.74922 -0.01656
fb: -0.75620 0.00899 -0.09094 -0.19187
fb: -0.74097 0.00397 -0.09855 -0.19948
dist/lin/ang/drive_left/drive_right/tv_l/tv_r/av_l/av_r/x/y/theta/t_err: -0.08563 -0.69175 -0.15429 -0.74495 -0.73700 -0.19011 -0.21472 -0.19011 -0.21472 3.36752 -0.17069 178.06821 -0.00862
target: -0.69175 -0.02018
target: -0.69175 -0.02018
fb: -0.67500 0.00070 -0.09193 -0.15704
fb: -0.66330 -0.00502 -0.09777 -0.16289
dist/lin/ang/drive_left/drive_right/tv_l/tv_r/av_l/av_r/x/y/theta/t_err: -0.07237 -0.63591 -0.12082 -0.65829 -0.66832 -0.12217 -0.19575 -0.12217 -0.19575 2.84553 -0.15311 178.06210 -0.00852
target: -0.63591 -0.01580
target: -0.63591 -0.01580
fb: -0.64962 -0.01435 -0.09926 -0.08644
fb: -0.57018 -0.02041 -0.13898 -0.12616
dist/lin/ang/drive_left/drive_right/tv_l/tv_r/av_l/av_r/x/y/theta/t_err: -0.06097 -0.58368 -0.03293 -0.54977 -0.59060 -0.11122 -0.15503 -0.11122 -0.15503 2.39684 -0.13749 177.93075 -0.00622
target: -0.58368 -0.00431
target: -0.58368 -0.00431
fb: -0.53333 -0.02257 -0.16396 -0.07161
fb: -0.46934 -0.01993 -0.19595 -0.10361
dist/lin/ang/drive_left/drive_right/tv_l/tv_r/av_l/av_r/x/y/theta/t_err: -0.05158 -0.53689 0.03664 -0.44942 -0.48927 -0.15042 -0.12267 -0.15042 -0.12267 2.02754 -0.12359 177.74670 -0.00301
target: -0.53689 0.00479
target: -0.53689 0.00479
fb: -0.45588 -0.01421 -0.17715 -0.09414
fb: -0.47905 -0.00516 -0.16557 -0.08256
dist/lin/ang/drive_left/drive_right/tv_l/tv_r/av_l/av_r/x/y/theta/t_err: -0.04200 -0.48448 0.02374 -0.47390 -0.48421 -0.18497 -0.11192 -0.18497 -0.11192 1.65064 -0.10839 177.64893 -0.00131
target: -0.48448 0.00310
target: -0.48448 0.00310
fb: -0.43051 0.00321 -0.13493 -0.15086
fb: -0.43823 0.00927 -0.13107 -0.14700
dist/lin/ang/drive_left/drive_right/tv_l/tv_r/av_l/av_r/x/y/theta/t_err: -0.03324 -0.43097 -0.04813 -0.44750 -0.42896 -0.16275 -0.12319 -0.16275 -0.12319 1.30586 -0.09432 177.69130 -0.00204
target: -0.43097 -0.00630
target: -0.43097 -0.00630
fb: -0.44794 0.01533 0.04158 -0.13441
fb: -0.41307 0.01735 -0.05390 -0.15184
dist/lin/ang/drive_left/drive_right/tv_l/tv_r/av_l/av_r/x/y/theta/t_err: -0.02497 -0.37357 -0.12465 -0.43042 -0.39573 -0.07581 -0.14542 -0.07581 -0.14542 0.98086 -0.08158 177.82911 -0.00445
target: -0.37357 -0.01631
target: -0.37357 -0.01631
fb: -0.39167 0.01435 0.08062 -0.11426
fb: -0.37821 0.00258 0.07388 -0.12099
dist/lin/ang/drive_left/drive_right/tv_l/tv_r/av_l/av_r/x/y/theta/t_err: -0.01741 -0.31189 -0.13171 -0.38079 -0.37563 -0.00819 -0.13842 -0.00819 -0.13842 0.68326 -0.07060 177.92657 -0.00615
target: -0.31189 -0.01723
target: -0.31189 -0.01723
fb: -0.32989 -0.01296 0.07168 0.04517
fb: -0.28311 -0.02926 0.04829 -0.06605
dist/lin/ang/drive_left/drive_right/tv_l/tv_r/av_l/av_r/x/y/theta/t_err: -0.01175 -0.25623 0.01312 -0.25384 -0.31237 0.05750 -0.06586 0.05750 -0.06586 0.46049 -0.06232 177.77817 -0.00356
target: -0.25623 0.00172
target: -0.25623 0.00172
fb: -0.24626 -0.04557 -0.11390 0.14186
fb: -0.21713 -0.05205 -0.12846 0.12729
dist/lin/ang/drive_left/drive_right/tv_l/tv_r/av_l/av_r/x/y/theta/t_err: -0.00741 -0.00185 0.22627 -0.16508 -0.26918 0.02361 0.00769 0.02361 0.00769 0.28968 -0.05513 177.37507 0.00347
target: -0.00185 0.02960
target: -0.00185 0.02960
fb: -0.19197 -0.05107 0.49685 0.79234
fb: -0.15711 -0.03393 0.40179 0.69728
dist/lin/ang/drive_left/drive_right/tv_l/tv_r/av_l/av_r/x/y/theta/t_err: -0.00428 -0.00107 0.32073 -0.12318 -0.19104 -0.10883 0.19681 -0.10883 0.19681 0.16612 -0.04904 176.98293 0.01032
target: -0.00107 0.04195
target: -0.00107 0.04195
fb: -0.13372 -0.01017 -0.12156 0.12880
fb: -0.10283 0.01582 -0.12156 0.12880
dist/lin/ang/drive_left/drive_right/tv_l/tv_r/av_l/av_r/x/y/theta/t_err: -0.00222 -0.00056 0.16844 -0.11864 -0.08701 0.29550 0.21594 0.29550 0.21594 0.08527 -0.04472 176.95563 0.01080
target: -0.00056 0.02203
target: -0.00056 0.02203
fb: -0.05053 0.02543 0.11472 -0.11797
fb: -0.01169 0.02515 0.11472 -0.11797
start is 0.00000 0.00000
dist/lin/ang/drive_left/drive_right/tv_l/tv_r/av_l/av_r/x/y/theta/t_err: 1.21920 0.08636 0.00000 0.00000 0.00000 0.00017 -0.00017 0.00017 -0.00017 0.00000 0.00000 -0.00001 0.00000
target: 0.08636 0.00000
target: 0.08636 0.00000
fb: 0.00000 0.00000 0.24369 0.24859
fb: 0.00397 0.00000 0.24369 0.24859
dist/lin/ang/drive_left/drive_right/tv_l/tv_r/av_l/av_r/x/y/theta/t_err: 1.21920 0.17272 0.00007 0.00397 0.00397 0.05406 0.08044 0.05406 0.08044 0.00000 0.00000 -0.00010 0.00000
target: 0.17272 0.00001
target: 0.17272 0.00001
fb: 0.00000 0.00000 0.27560 0.28059
fb: -0.00397 0.00111 0.27560 0.28059
dist/lin/ang/drive_left/drive_right/tv_l/tv_r/av_l/av_r/x/y/theta/t_err: 1.21920 0.25908 -0.00010 -0.00509 -0.00286 0.21933 0.22792 0.21933 0.22792 -0.00000 -0.00000 0.00009 -0.00000
target: 0.25908 -0.00001
target: 0.25908 -0.00001
fb: 0.00000 0.01052 0.43725 0.44193
fb: 0.00000 0.01164 0.43725 0.44193
dist/lin/ang/drive_left/drive_right/tv_l/tv_r/av_l/av_r/x/y/theta/t_err: 1.21920 0.34544 -0.02708 -0.01164 0.01164 0.26300 0.30183 0.26300 0.30183 -0.00000 -0.00000 0.03933 -0.00069
target: 0.34544 -0.00354
target: 0.34544 -0.00354
fb: 0.04457 0.00732 0.50824 0.47663
fb: 0.13769 0.00202 0.46168 0.43007
dist/lin/ang/drive_left/drive_right/tv_l/tv_r/av_l/av_r/x/y/theta/t_err: 1.21831 0.43180 -0.07371 0.13567 0.13971 0.38961 0.40825 0.38961 0.40825 0.03510 0.00007 0.13172 -0.00230
target: 0.43180 -0.00964
target: 0.43180 -0.00964
fb: 0.20565 -0.00174 0.51849 0.45557
fb: 0.25221 -0.00105 0.49521 0.43229
dist/lin/ang/drive_left/drive_right/tv_l/tv_r/av_l/av_r/x/y/theta/t_err: 1.21420 0.51816 -0.04112 0.25326 0.25117 0.43719 0.41667 0.43719 0.41667 0.19703 0.00047 0.14251 -0.00250
target: 0.51816 -0.00538
target: 0.51816 -0.00538
fb: 0.28509 0.00000 0.71835 0.75481
fb: 0.31025 0.00000 0.70577 0.74223
dist/lin/ang/drive_left/drive_right/tv_l/tv_r/av_l/av_r/x/y/theta/t_err: 1.20849 0.60452 -0.03375 0.31025 0.31025 0.47156 0.45136 0.47156 0.45136 0.42151 0.00101 0.13828 -0.00243
target: 0.60452 -0.00441
target: 0.60452 -0.00441
fb: 0.37225 -0.00279 0.76763 0.77578
fb: 0.44022 -0.00620 0.73365 0.74180
dist/lin/ang/drive_left/drive_right/tv_l/tv_r/av_l/av_r/x/y/theta/t_err: 1.20105 0.69088 -0.03112 0.44642 0.43401 0.40894 0.44575 0.40894 0.44575 0.71462 0.00172 0.13136 -0.00233
target: 0.69088 -0.00407
target: 0.69088 -0.00407
fb: 0.44419 -0.00523 0.81290 0.81598
fb: 0.50046 -0.00334 0.78477 0.78784
dist/lin/ang/drive_left/drive_right/tv_l/tv_r/av_l/av_r/x/y/theta/t_err: 1.19216 0.77724 -0.00228 0.50380 0.49711 0.47467 0.51844 0.47467 0.51844 1.06437 0.00238 0.08485 -0.00153
target: 0.77724 -0.00030
target: 0.77724 -0.00030
fb: 0.55672 0.00265 0.81734 0.85641
fb: 0.61674 0.00488 0.78733 0.82640
dist/lin/ang/drive_left/drive_right/tv_l/tv_r/av_l/av_r/x/y/theta/t_err: 1.18103 0.86360 -0.01356 0.61187 0.62162 0.48494 0.53781 0.48494 0.53781 1.50274 0.00294 0.07160 -0.00131
target: 0.86360 -0.00177
target: 0.86360 -0.00177
fb: 0.62623 0.00432 0.88586 0.87578
fb: 0.64962 0.00509 0.87417 0.86409
dist/lin/ang/drive_left/drive_right/tv_l/tv_r/av_l/av_r/x/y/theta/t_err: 1.16851 0.94996 -0.04876 0.64453 0.65471 0.52633 0.47858 0.52633 0.47858 1.99583 0.00373 0.11369 -0.00207
target: 0.94996 -0.00638
target: 0.94996 -0.00638
fb: 0.73502 0.00530 0.92730 0.88297
fb: 0.69419 0.00000 0.94771 0.90338
dist/lin/ang/drive_left/drive_right/tv_l/tv_r/av_l/av_r/x/y/theta/t_err: 1.15381 1.03632 -0.06161 0.69419 0.69419 0.60350 0.53439 0.60350 0.53439 2.57459 0.00508 0.15785 -0.00287
target: 1.03632 -0.00806
target: 1.03632 -0.00806
fb: 0.68272 -0.00683 1.00000 0.99988
fb: 0.79327 -0.00752 0.96481 0.94460
dist/lin/ang/drive_left/drive_right/tv_l/tv_r/av_l/av_r/x/y/theta/t_err: 1.14015 1.12268 -0.03077 0.80080 0.78575 0.59647 0.59819 0.59647 0.59819 3.11216 0.00655 0.14023 -0.00259
target: 1.12268 -0.00402
target: 1.12268 -0.00402
fb: 0.84954 -0.00613 0.98692 1.00000
fb: 0.78158 -0.00864 1.00000 1.00000
dist/lin/ang/drive_left/drive_right/tv_l/tv_r/av_l/av_r/x/y/theta/t_err: 1.12316 1.20904 -0.00098 0.79022 0.77294 0.63139 0.43103 0.63139 0.43103 3.78109 0.00786 0.08529 -0.00167
target: 1.20904 -0.00013
target: 1.20904 -0.00013
fb: 0.84755 -0.01860 1.00000 1.00000
fb: 0.96207 -0.02731 1.00000 1.00000
dist/lin/ang/drive_left/drive_right/tv_l/tv_r/av_l/av_r/x/y/theta/t_err: 1.10621 1.29540 0.04423 0.98939 0.93476 0.59717 0.75936 0.59717 0.75936 4.44845 0.00834 -0.01470 0.00007
target: 1.29540 0.00579
target: 1.29540 0.00579
fb: 0.97156 -0.02271 1.00000 1.00000
fb: 0.95788 -0.01414 1.00000 1.00000
dist/lin/ang/drive_left/drive_right/tv_l/tv_r/av_l/av_r/x/y/theta/t_err: 1.08678 1.38176 0.15269 0.97203 0.94374 0.79614 0.84700 0.79614 0.84700 5.21346 0.00669 -0.23279 0.00391
target: 1.38176 0.01997
target: 1.38176 0.01997
fb: 1.02209 -0.00683 1.00000 1.00000
fb: 1.07638 -0.00132 1.00000 1.00000
dist/lin/ang/drive_left/drive_right/tv_l/tv_r/av_l/av_r/x/y/theta/t_err: 1.06634 1.46812 0.13458 1.07770 1.07505 0.85881 0.86003 0.85881 0.86003 6.01824 0.00251 -0.34031 0.00588
target: 1.46812 0.01760
target: 1.46812 0.01760
fb: 1.11698 0.00105 1.00000 1.00000
fb: 1.18318 0.00202 1.00000 1.00000
dist/lin/ang/drive_left/drive_right/tv_l/tv_r/av_l/av_r/x/y/theta/t_err: 1.04400 1.55448 0.09593 1.18115 1.18520 0.87097 0.86633 0.87097 0.86633 6.89774 -0.00285 -0.34839 0.00615
target: 1.55448 0.01255
target: 1.55448 0.01255
fb: 1.19288 -0.00293 1.00000 1.00000
fb: 1.22554 -0.00481 1.00000 1.00000
dist/lin/ang/drive_left/drive_right/tv_l/tv_r/av_l/av_r/x/y/theta/t_err: 1.02014 1.64084 0.09381 1.23035 1.22073 0.88019 0.87247 0.88019 0.87247 7.83700 -0.00849 -0.34699 0.00627
target: 1.64084 0.01227
target: 1.64084 0.01227
fb: 1.27210 -0.00397 1.00000 1.00000
fb: 1.28578 -0.00418 1.00000 1.00000
dist/lin/ang/drive_left/drive_right/tv_l/tv_r/av_l/av_r/x/y/theta/t_err: 0.99470 1.72720 0.12092 1.28996 1.28160 0.88394 0.87658 0.88394 0.87658 8.83864 -0.01483 -0.38098 0.00703
target: 1.72720 0.01582
target: 1.72720 0.01582
fb: 1.32859 -0.00383 1.00000 1.00000
fb: 1.40030 -0.00244 1.00000 1.00000
dist/lin/ang/drive_left/drive_right/tv_l/tv_r/av_l/av_r/x/y/theta/t_err: 0.96813 1.75631 0.13339 1.40274 1.39787 0.89439 0.88686 0.89439 0.88686 9.88474 -0.02213 -0.41509 0.00783
target: 1.75631 0.01745
target: 1.75631 0.01745
fb: 1.41376 -0.00537 1.00000 1.00000
fb: 1.45260 -0.00537 1.00000 1.00000
dist/lin/ang/drive_left/drive_right/tv_l/tv_r/av_l/av_r/x/y/theta/t_err: 0.93985 1.75397 0.14702 1.45797 1.44724 0.90192 0.89678 0.90192 0.89678 10.99791 -0.03050 -0.44980 0.00867
target: 1.75397 0.01923
target: 1.75397 0.01923
fb: 1.48548 -0.00446 0.88377 0.93187
fb: 1.53204 -0.00530 0.86049 0.90859
dist/lin/ang/drive_left/drive_right/tv_l/tv_r/av_l/av_r/x/y/theta/t_err: 0.91015 1.75152 0.16094 1.53733 1.52674 0.82083 0.86786 0.82083 0.86786 12.16754 -0.04002 -0.48402 0.00956
target: 1.75152 0.02105
target: 1.75152 0.02105
fb: 1.59625 -0.00578 0.82432 0.87521
fb: 1.55940 -0.00766 0.84275 0.89364
dist/lin/ang/drive_left/drive_right/tv_l/tv_r/av_l/av_r/x/y/theta/t_err: 0.87822 1.74851 0.18196 1.56706 1.55174 0.79464 0.75511 0.79464 0.75511 13.42438 -0.05110 -0.52610 0.01066
target: 1.74851 0.02380
target: 1.74851 0.02380
fb: 1.48548 -0.01101 0.86870 0.93163
fb: 1.57286 -0.01394 0.82501 0.88794
dist/lin/ang/drive_left/drive_right/tv_l/tv_r/av_l/av_r/x/y/theta/t_err: 0.84851 1.74365 0.22462 1.58680 1.55892 0.80131 0.76214 0.80131 0.76214 14.59400 -0.06254 -0.60513 0.01243
target: 1.74365 0.02938
target: 1.74365 0.02938
fb: 1.62913 -0.01505 0.76854 0.86443
fb: 1.56514 -0.01352 0.80054 0.89643
dist/lin/ang/drive_left/drive_right/tv_l/tv_r/av_l/av_r/x/y/theta/t_err: 0.81593 1.73630 0.28634 1.57865 1.55162 0.76589 0.74964 0.76589 0.74964 15.87669 -0.07743 -0.72813 0.01512
target: 1.73630 0.03746
target: 1.73630 0.03746
fb: 1.62714 -0.01317 0.73630 0.86543
fb: 1.60000 -0.01400 0.74987 0.87900
dist/lin/ang/drive_left/drive_right/tv_l/tv_r/av_l/av_r/x/y/theta/t_err: 0.78340 1.72890 0.32647 1.61401 1.58600 0.76403 0.75819 0.76403 0.75819 17.15778 -0.09506 -0.84520 0.01783
target: 1.72890 0.04271
target: 1.72890 0.04271
fb: 1.60000 -0.01414 0.75210 0.86283
fb: 1.62891 -0.01247 0.73765 0.84838
dist/lin/ang/drive_left/drive_right/tv_l/tv_r/av_l/av_r/x/y/theta/t_err: 0.75140 1.72105 0.37281 1.64138 1.61644 0.73528 0.75697 0.73528 0.75697 18.41746 -0.11498 -0.96479 0.02073
target: 1.72105 0.04877
target: 1.72105 0.04877
fb: 1.62714 -0.00836 0.72184 0.84802
fb: 1.71651 -0.00432 0.67716 0.80334
dist/lin/ang/drive_left/drive_right/tv_l/tv_r/av_l/av_r/x/y/theta/t_err: 0.71887 1.71377 0.40671 1.72083 1.71219 0.72397 0.79256 0.72397 0.79256 19.69848 -0.13774 -1.06266 0.02341
target: 1.71377 0.05320
target: 1.71377 0.05320
fb: 1.62140 -0.00307 0.72475 0.84221
fb: 1.59404 0.00209 0.73844 0.85589
dist/lin/ang/drive_left/drive_right/tv_l/tv_r/av_l/av_r/x/y/theta/t_err: 0.68645 1.70890 0.41084 1.59195 1.59613 0.69678 0.78214 0.69678 0.78214 20.97495 -0.16189 -1.10178 0.02522
target: 1.70890 0.05374
target: 1.70890 0.05374
fb: 1.70261 0.00857 0.70648 0.78962
fb: 1.63111 0.01150 0.74223 0.82536
dist/lin/ang/drive_left/drive_right/tv_l/tv_r/av_l/av_r/x/y/theta/t_err: 0.65241 1.70712 0.39174 1.61962 1.64261 0.71181 0.78350 0.71181 0.78350 22.31534 -0.18738 -1.06480 0.02588
target: 1.70712 0.05124
target: 1.70712 0.05124
fb: 1.64082 0.01324 0.76349 0.81592
fb: 1.65031 0.01665 0.75875 0.81118
dist/lin/ang/drive_left/drive_right/tv_l/tv_r/av_l/av_r/x/y/theta/t_err: 0.61960 1.70828 0.35827 1.63366 1.66696 0.72567 0.78728 0.72567 0.78728 23.60712 -0.21029 -0.96422 0.02545
target: 1.70828 0.04687
target: 1.70828 0.04687
fb: 1.66399 0.02021 0.77609 0.80574
fb: 1.74365 0.02237 0.73626 0.76591
dist/lin/ang/drive_left/drive_right/tv_l/tv_r/av_l/av_r/x/y/theta/t_err: 0.58633 1.71180 0.31749 1.72128 1.76602 0.74400 0.79342 0.74400 0.79342 24.91719 -0.23061 -0.81101 0.02415
target: 1.71180 0.04153
target: 1.71180 0.04153
fb: 1.60000 0.02313 0.82861 0.84251
fb: 1.68518 0.02306 0.78602 0.79992
dist/lin/ang/drive_left/drive_right/tv_l/tv_r/av_l/av_r/x/y/theta/t_err: 0.55434 1.71734 0.26904 1.66211 1.70824 0.74503 0.76758 0.74503 0.76758 26.17694 -0.24646 -0.61879 0.02209
target: 1.71734 0.03519
target: 1.71734 0.03519
fb: 1.81139 0.02237 0.74484 0.74122
fb: 1.66598 0.02111 0.81755 0.81393
dist/lin/ang/drive_left/drive_right/tv_l/tv_r/av_l/av_r/x/y/theta/t_err: 0.51812 1.72299 0.23804 1.64487 1.68709 0.77597 0.77289 0.77597 0.77289 27.60317 -0.25941 -0.41779 0.02001
target: 1.72299 0.03114
target: 1.72299 0.03114
fb: 1.64656 0.01993 0.82525 0.83674
fb: 1.72423 0.02014 0.78641 0.79790
dist/lin/ang/drive_left/drive_right/tv_l/tv_r/av_l/av_r/x/y/theta/t_err: 0.48520 1.72802 0.21703 1.70410 1.74437 0.77631 0.78094 0.77631 0.78094 28.89965 -0.26678 -0.24019 0.01816
target: 1.72802 0.02839
target: 1.72802 0.02839
fb: 1.70084 0.01874 0.79617 0.81575
fb: 1.68518 0.01805 0.80400 0.82358
dist/lin/ang/drive_left/drive_right/tv_l/tv_r/av_l/av_r/x/y/theta/t_err: 0.45118 1.68201 0.19787 1.66713 1.70322 0.77975 0.79069 0.77975 0.79069 30.23889 -0.27046 -0.07308 0.01650
target: 1.68201 0.02588
target: 1.68201 0.02588
fb: 1.70857 0.01756 0.54686 0.56522
fb: 1.71254 0.01735 0.54487 0.56323
dist/lin/ang/drive_left/drive_right/tv_l/tv_r/av_l/av_r/x/y/theta/t_err: 0.41702 1.62105 0.17751 1.69519 1.72989 0.79019 0.76281 0.79019 0.76281 31.58422 -0.27028 0.08737 0.01494
target: 1.62105 0.02322
target: 1.62105 0.02322
fb: 1.64259 0.01456 0.46700 0.48033
fb: 1.70084 0.01226 0.43788 0.45120
dist/lin/ang/drive_left/drive_right/tv_l/tv_r/av_l/av_r/x/y/theta/t_err: 0.38417 1.55907 0.16545 1.68858 1.71311 0.61583 0.62247 0.61583 0.62247 32.87759 -0.26672 0.22874 0.01364
target: 1.55907 0.02164
target: 1.55907 0.02164
fb: 1.82706 0.01108 0.31037 0.33132
fb: 1.75512 0.01017 0.34633 0.36728
dist/lin/ang/drive_left/drive_right/tv_l/tv_r/av_l/av_r/x/y/theta/t_err: 0.34763 1.48403 0.18175 1.74495 1.76530 0.51247 0.53914 0.51247 0.53914 34.31620 -0.25967 0.32877 0.01324
target: 1.48403 0.02378
target: 1.48403 0.02378
fb: 1.61148 0.00829 0.27944 0.33656
fb: 1.61743 0.00460 0.27646 0.33358
dist/lin/ang/drive_left/drive_right/tv_l/tv_r/av_l/av_r/x/y/theta/t_err: 0.31540 1.41376 0.18848 1.61283 1.62203 0.42794 0.48136 0.42794 0.48136 35.58506 -0.25153 0.40727 0.01315
target: 1.41376 0.02466
target: 1.41376 0.02466
fb: 1.63884 0.00599 0.22590 0.27288
fb: 1.49739 0.01380 0.29662 0.34360
dist/lin/ang/drive_left/drive_right/tv_l/tv_r/av_l/av_r/x/y/theta/t_err: 0.28263 1.33676 0.21942 1.48360 1.51119 0.41494 0.45378 0.41494 0.45378 36.87544 -0.24188 0.45047 0.01388
target: 1.33676 0.02870
target: 1.33676 0.02870
fb: 1.47776 0.01714 0.19242 0.27326
fb: 1.42921 0.01672 0.21669 0.29753
dist/lin/ang/drive_left/drive_right/tv_l/tv_r/av_l/av_r/x/y/theta/t_err: 0.25308 1.26634 0.17346 1.41249 1.44593 0.38586 0.43139 0.38586 0.43139 38.03898 -0.23150 0.57654 0.01317
target: 1.26634 0.02269
target: 1.26634 0.02269
fb: 1.39832 0.02014 0.24360 0.22580
fb: 1.40406 0.02669 0.24073 0.22293
dist/lin/ang/drive_left/drive_right/tv_l/tv_r/av_l/av_r/x/y/theta/t_err: 0.22511 1.19667 0.14193 1.37737 1.43074 0.32867 0.39097 0.32867 0.39097 39.13995 -0.21896 0.73204 0.01193
target: 1.19667 0.01857
target: 1.19667 0.01857
fb: 1.29549 0.03198 0.22879 0.22239
fb: 1.26261 0.03317 0.24523 0.23883
dist/lin/ang/drive_left/drive_right/tv_l/tv_r/av_l/av_r/x/y/theta/t_err: 0.19921 1.13092 0.05665 1.22945 1.29578 0.32547 0.33025 0.32547 0.33025 40.15991 -0.20393 0.97514 0.00899
target: 1.13092 0.00741
target: 1.13092 0.00741
fb: 1.16177 0.03184 0.29059 0.20592
fb: 1.09381 0.02460 0.32457 0.23990
dist/lin/ang/drive_left/drive_right/tv_l/tv_r/av_l/av_r/x/y/theta/t_err: 0.17597 1.07801 -0.03128 1.06921 1.11840 0.32475 0.33533 0.32475 0.33533 41.07452 -0.18621 1.25969 0.00490
target: 1.07801 -0.00409
target: 1.07801 -0.00409
fb: 1.21804 0.01986 0.27486 0.17161
fb: 1.20436 0.01721 0.28170 0.17845
dist/lin/ang/drive_left/drive_right/tv_l/tv_r/av_l/av_r/x/y/theta/t_err: 0.15161 1.00062 -0.07256 1.18715 1.22157 0.33453 0.31606 0.33453 0.31606 42.03333 -0.16323 1.46791 0.00126
target: 1.00062 -0.00949
target: 1.00062 -0.00949
fb: 1.05872 0.01484 0.16223 0.10660
fb: 1.01239 0.01122 0.18540 0.12977
dist/lin/ang/drive_left/drive_right/tv_l/tv_r/av_l/av_r/x/y/theta/t_err: 0.13044 0.92811 -0.08075 1.00117 1.02360 0.30372 0.25292 0.30372 0.25292 42.86667 -0.14084 1.61156 -0.00125
target: 0.92811 -0.01056
target: 0.92811 -0.01056
fb: 0.95435 0.00599 0.14919 0.13103
fb: 0.92324 0.00091 0.16475 0.14659
dist/lin/ang/drive_left/drive_right/tv_l/tv_r/av_l/av_r/x/y/theta/t_err: 0.11135 0.85752 -0.07558 0.92233 0.92414 0.23767 0.18600 0.23767 0.18600 43.61781 -0.11911 1.69498 -0.00270
target: 0.85752 -0.00989
target: 0.85752 -0.00989
fb: 0.95016 -0.00439 0.08630 0.08472
fb: 0.81445 -0.00906 0.15415 0.15257
dist/lin/ang/drive_left/drive_right/tv_l/tv_r/av_l/av_r/x/y/theta/t_err: 0.09235 0.78093 -0.03614 0.82351 0.80540 0.19419 0.17725 0.19419 0.17725 44.36564 -0.09694 1.69058 -0.00263
target: 0.78093 -0.00473
target: 0.78093 -0.00473
fb: 0.77187 -0.01087 -0.06001 0.10365
fb: 0.77187 -0.00989 -0.06001 0.10365
dist/lin/ang/drive_left/drive_right/tv_l/tv_r/av_l/av_r/x/y/theta/t_err: 0.07691 0.71267 0.01957 0.78176 0.76197 0.13536 0.14750 0.13536 0.14750 44.97316 -0.07944 1.60699 -0.00117
target: 0.71267 0.00256
target: 0.71267 0.00256
fb: 0.63417 -0.00920 0.08360 0.15808
fb: 0.58188 -0.00669 0.10975 0.18423
dist/lin/ang/drive_left/drive_right/tv_l/tv_r/av_l/av_r/x/y/theta/t_err: 0.06422 0.65126 0.04389 0.58857 0.57519 0.00514 0.13381 0.00514 0.13381 45.47232 -0.06581 1.51880 0.00037
target: 0.65126 0.00574
target: 0.65126 0.00574
fb: 0.54304 0.00550 0.11695 0.15869
fb: 0.47707 0.02035 0.14994 0.19168
dist/lin/ang/drive_left/drive_right/tv_l/tv_r/av_l/av_r/x/y/theta/t_err: 0.05336 0.59365 0.02467 0.45672 0.49741 0.11089 0.17811 0.11089 0.17811 45.89977 -0.05465 1.49086 0.00086
target: 0.59365 0.00323
target: 0.59365 0.00323
fb: 0.50443 0.02989 0.12628 0.11334
fb: 0.47905 0.03282 0.13896 0.12603
dist/lin/ang/drive_left/drive_right/tv_l/tv_r/av_l/av_r/x/y/theta/t_err: 0.04328 0.53459 -0.12317 0.44623 0.51187 0.14183 0.17472 0.14183 0.17472 46.29680 -0.04370 1.68762 -0.00257
target: 0.53459 -0.01611
target: 0.53459 -0.01611
fb: 0.47111 0.03540 0.17205 -0.14610
fb: 0.50994 0.03519 0.15263 -0.16552
dist/lin/ang/drive_left/drive_right/tv_l/tv_r/av_l/av_r/x/y/theta/t_err: 0.03385 0.47282 -0.23998 0.47476 0.54513 0.14819 0.07547 0.14819 0.07547 46.66756 -0.03179 1.98159 -0.00770
target: 0.47282 -0.03139
target: 0.47282 -0.03139
fb: 0.46361 0.03010 0.18481 -0.07771
fb: 0.39189 0.00906 0.22067 0.04598
dist/lin/ang/drive_left/drive_right/tv_l/tv_r/av_l/av_r/x/y/theta/t_err: 0.02458 0.40287 -0.31329 0.38283 0.40095 0.16617 -0.09925 0.16617 -0.09925 47.03236 -0.01824 2.27399 -0.01281
target: 0.40287 -0.04098
target: 0.40287 -0.04098
fb: 0.32194 -0.02230 0.15928 -0.06488
fb: 0.28884 -0.04773 0.17583 -0.04834
dist/lin/ang/drive_left/drive_right/tv_l/tv_r/av_l/av_r/x/y/theta/t_err: 0.01814 0.34610 -0.18640 0.33657 0.24112 0.19778 0.01283 0.19778 0.01283 47.28565 -0.00804 2.27499 -0.01282
target: 0.34610 -0.02438
target: 0.34610 -0.02438
fb: 0.26369 -0.06118 -0.04167 0.15799
fb: 0.23280 -0.06800 0.05183 0.17344
dist/lin/ang/drive_left/drive_right/tv_l/tv_r/av_l/av_r/x/y/theta/t_err: 0.01287 0.29151 0.11863 0.30080 0.16479 0.14750 -0.01403 0.14750 -0.01403 47.49314 -0.00050 1.83317 -0.00511
target: 0.29151 0.01552
target: 0.29151 0.01552
fb: 0.22684 -0.07880 -0.19794 0.26489
fb: 0.23655 -0.08382 -0.20280 0.26004
dist/lin/ang/drive_left/drive_right/tv_l/tv_r/av_l/av_r/x/y/theta/t_err: 0.00834 0.23462 0.35591 0.32037 0.15273 0.02106 0.15331 0.02106 0.15331 47.67169 0.00428 1.20937 0.00577
target: 0.23462 0.04656
target: 0.23462 0.04656
fb: 0.22904 -0.08152 -0.23409 0.19057
fb: 0.20367 -0.06452 -0.22140 0.20326
dist/lin/ang/drive_left/drive_right/tv_l/tv_r/av_l/av_r/x/y/theta/t_err: 0.00376 0.00094 0.58166 0.26819 0.13915 -0.16667 0.23236 -0.16667 0.23236 47.85201 0.00698 0.48709 0.01838
target: 0.00094 0.07609
target: 0.00094 0.07609
fb: 0.18999 -0.02759 -0.78442 -0.42158
fb: 0.15512 0.01714 -0.68990 -0.32705
dist/lin/ang/drive_left/drive_right/tv_l/tv_r/av_l/av_r/x/y/theta/t_err: -0.00004 -0.00001 0.59629 0.13798 0.17226 -0.22567 0.14153 -0.22567 0.14153 48.00161 0.00755 0.00873 0.02673
target: -0.00001 0.07800
target: -0.00001 0.07800
fb: 0.11430 0.04996 -0.10180 0.10289
fb: 0.08341 0.07434 -0.10180 0.10289
dist/lin/ang/drive_left/drive_right/tv_l/tv_r/av_l/av_r/x/y/theta/t_err: -0.00233 -0.00058 0.23891 0.00907 0.15775 -0.23117 -0.20089 -0.23117 -0.20089 48.09161 0.00766 0.22436 0.02297
target: -0.00058 0.03125
target: -0.00058 0.03125
fb: 0.04082 0.08403 0.22710 -0.23471
fb: 0.01743 0.07734 0.22710 -0.23471
final error: 0.12401, x: -0.12375, y: -0.00791
final local error: 0.12401, forwards: -0.12386, sideways: -0.00600
position: 48.12375 0.00791 0.88453
took 1.26000 time to finish turn
dist/lin/ang/drive_left/drive_right/tv_l/tv_r/av_l/av_r/x/y/theta/t_err: -1.22273 -0.08636 -0.43198 0.00000 0.00000 0.00000 0.00017 0.00000 0.00017 48.13904 0.00827 181.71677 -0.02979
target: -0.08636 -0.05651
target: -0.08636 -0.05651
fb: 0.00000 0.00000 0.12649 -0.54073
fb: 0.00000 0.00000 0.12649 -0.54073
dist/lin/ang/drive_left/drive_right/tv_l/tv_r/av_l/av_r/x/y/theta/t_err: -1.22273 -0.17272 -0.43199 0.00000 0.00000 0.04022 -0.10678 0.04022 -0.10678 48.13904 0.00827 181.71678 -0.02979
target: -0.17272 -0.05651
target: -0.17272 -0.05651
fb: 0.00000 0.00000 -0.23778 -0.31841
fb: 0.00000 -0.01421 -0.23778 -0.31841
dist/lin/ang/drive_left/drive_right/tv_l/tv_r/av_l/av_r/x/y/theta/t_err: -1.22273 -0.25908 -0.40557 0.01421 -0.01421 0.00703 -0.38278 0.00703 -0.38278 48.13904 0.00827 181.67847 -0.02912
target: -0.25908 -0.05305
target: -0.25908 -0.05305
fb: 0.00000 -0.03972 -0.41715 -0.46203
fb: 0.00000 -0.06013 -0.41715 -0.46203
dist/lin/ang/drive_left/drive_right/tv_l/tv_r/av_l/av_r/x/y/theta/t_err: -1.22273 -0.34544 -0.15586 0.06013 -0.06013 -0.25772 -0.34375 -0.25772 -0.34375 48.13904 0.00827 181.29202 -0.02238
target: -0.34544 -0.02039
target: -0.34544 -0.02039
fb: 0.00000 -0.07699 -0.64560 -0.38384
fb: 0.00000 -0.08117 -0.64560 -0.38384
dist/lin/ang/drive_left/drive_right/tv_l/tv_r/av_l/av_r/x/y/theta/t_err: -1.22273 -0.43180 0.14272 0.08117 -0.08117 -0.42178 -0.39972 -0.42178 -0.39972 48.13904 0.00827 180.61432 -0.01055
target: -0.43180 0.01867
target: -0.43180 0.01867
fb: -0.06024 -0.07685 -0.74556 -0.37391
fb: -0.17256 -0.06661 -0.68940 -0.31775
dist/lin/ang/drive_left/drive_right/tv_l/tv_r/av_l/av_r/x/y/theta/t_err: -1.21928 -0.51816 0.29127 -0.10595 -0.23917 -0.48064 -0.36719 -0.48064 -0.36719 48.00317 0.00771 179.96930 0.00070
target: -0.51816 0.03810
target: -0.51816 0.03810
fb: -0.23655 -0.05623 -0.87117 -0.65054
fb: -0.25994 -0.04362 -0.85947 -0.63885
dist/lin/ang/drive_left/drive_right/tv_l/tv_r/av_l/av_r/x/y/theta/t_err: -1.21408 -0.60452 0.32835 -0.21632 -0.30355 -0.45942 -0.39456 -0.45942 -0.39456 47.79850 0.00871 179.50890 0.00875
target: -0.60452 0.04295
target: -0.60452 0.04295
fb: -0.29855 -0.02773 -0.85647 -0.76063
fb: -0.33364 -0.02195 -0.83893 -0.74309
dist/lin/ang/drive_left/drive_right/tv_l/tv_r/av_l/av_r/x/y/theta/t_err: -1.20741 -0.69088 0.29285 -0.31169 -0.35558 -0.58692 -0.44044 -0.58692 -0.44044 47.53581 0.01155 179.27171 0.01295
target: -0.69088 0.03831
target: -0.69088 0.03831
fb: -0.36276 -0.01282 -0.85719 -0.85311
fb: -0.41881 -0.00439 -0.82917 -0.82508
dist/lin/ang/drive_left/drive_right/tv_l/tv_r/av_l/av_r/x/y/theta/t_err: -1.19903 -0.77724 0.25716 -0.41442 -0.42320 -0.42194 -0.47583 -0.42194 -0.47583 47.20607 0.01608 179.17675 0.01471
target: -0.77724 0.03364
target: -0.77724 0.03364
fb: -0.46537 -0.00885 -0.88132 -0.88377
fb: -0.51016 -0.00787 -0.85893 -0.86138
dist/lin/ang/drive_left/drive_right/tv_l/tv_r/av_l/av_r/x/y/theta/t_err: -1.18883 -0.86360 0.26563 -0.50229 -0.51804 -0.48169 -0.40553 -0.48169 -0.40553 46.80441 0.02209 179.10835 0.01603
target: -0.86360 0.03475
target: -0.86360 0.03475
fb: -0.59159 -0.00488 -0.92362 -0.87267
fb: -0.59335 0.00000 -0.92273 -0.87179
dist/lin/ang/drive_left/drive_right/tv_l/tv_r/av_l/av_r/x/y/theta/t_err: -1.17697 -0.94996 0.26111 -0.59335 -0.59335 -0.50428 -0.44897 -0.50428 -0.44897 46.33726 0.02953 179.07632 0.01676
target: -0.94996 0.03416
target: -0.94996 0.03416
fb: -0.58188 0.00230 -0.99910 -0.96430
fb: -0.62071 0.00648 -0.97968 -0.94488
dist/lin/ang/drive_left/drive_right/tv_l/tv_r/av_l/av_r/x/y/theta/t_err: -1.16455 -1.03632 0.22790 -0.62719 -0.61423 -0.61444 -0.56314 -0.61444 -0.56314 45.84857 0.03731 179.10833 0.01638
target: -1.03632 0.02981
target: -1.03632 0.02981
fb: -0.67875 0.01094 -1.00000 -1.00000
fb: -0.74274 0.01045 -0.97753 -0.98241
dist/lin/ang/drive_left/drive_right/tv_l/tv_r/av_l/av_r/x/y/theta/t_err: -1.14970 -1.12268 0.18333 -0.75319 -0.73229 -0.48167 -0.45719 -0.48167 -0.45719 45.26380 0.04597 179.19841 0.01501
target: -1.12268 0.02398
target: -1.12268 0.02398
fb: -0.73303 0.01164 -1.00000 -1.00000
fb: -0.71163 0.01310 -1.00000 -1.00000
dist/lin/ang/drive_left/drive_right/tv_l/tv_r/av_l/av_r/x/y/theta/t_err: -1.13547 -1.20904 0.15328 -0.72473 -0.69853 -0.59906 -0.56672 -0.59906 -0.56672 44.70351 0.05332 179.30183 0.01338
target: -1.20904 0.02005
target: -1.20904 0.02005
fb: -0.75841 0.01317 -1.00000 -1.00000
fb: -0.79526 0.00864 -1.00000 -1.00000
dist/lin/ang/drive_left/drive_right/tv_l/tv_r/av_l/av_r/x/y/theta/t_err: -1.11957 -1.29540 0.13173 -0.80390 -0.78662 -0.76314 -0.74844 -0.76314 -0.74844 44.07736 0.06036 179.40225 0.01180
target: -1.29540 0.01723
target: -1.29540 0.01723
fb: -0.80474 0.00620 -1.00000 -1.00000
fb: -0.90183 0.00153 -1.00000 -1.00000
dist/lin/ang/drive_left/drive_right/tv_l/tv_r/av_l/av_r/x/y/theta/t_err: -1.10153 -1.38176 0.14701 -0.90337 -0.90030 -0.83433 -0.82336 -0.83433 -0.82336 43.36729 0.06743 179.44786 0.01119
target: -1.38176 0.01923
target: -1.38176 0.01923
fb: -0.92699 0.00265 -1.00000 -1.00000
fb: -0.97355 0.00732 -1.00000 -1.00000
dist/lin/ang/drive_left/drive_right/tv_l/tv_r/av_l/av_r/x/y/theta/t_err: -1.08206 -1.46812 0.14159 -0.98087 -0.96623 -0.84886 -0.84392 -0.84886 -0.84392 42.60075 0.07456 179.48907 0.01067
target: -1.46812 0.01852
target: -1.46812 0.01852
fb: -1.06093 0.01470 -1.00000 -1.00000
fb: -1.03379 0.01846 -1.00000 -1.00000
dist/lin/ang/drive_left/drive_right/tv_l/tv_r/av_l/av_r/x/y/theta/t_err: -1.06139 -1.55448 0.07268 -1.05225 -1.01532 -0.86017 -0.86033 -0.86017 -0.86033 41.78677 0.08098 179.61877 0.00859
target: -1.55448 0.00951
target: -1.55448 0.00951
fb: -1.12867 0.01519 -1.00000 -1.00000
fb: -1.14412 0.00962 -1.00000 -1.00000
dist/lin/ang/drive_left/drive_right/tv_l/tv_r/av_l/av_r/x/y/theta/t_err: -1.03850 -1.64084 0.04999 -1.15373 -1.13450 -0.86394 -0.86136 -0.86394 -0.86136 40.88590 0.08601 179.73647 0.00670
target: -1.64084 0.00654
target: -1.64084 0.00654
fb: -1.16376 0.00599 -1.00000 -1.00000
fb: -1.22775 0.00592 -1.00000 -1.00000
dist/lin/ang/drive_left/drive_right/tv_l/tv_r/av_l/av_r/x/y/theta/t_err: -1.01395 -1.72720 0.06154 -1.23367 -1.22183 -0.87419 -0.86889 -0.87419 -0.86889 39.91918 0.08996 179.79677 0.00580
target: -1.72720 0.00805
target: -1.72720 0.00805
fb: -1.19068 0.00906 -1.00000 -1.00000
fb: -1.29152 0.00871 -1.00000 -1.00000
dist/lin/ang/drive_left/drive_right/tv_l/tv_r/av_l/av_r/x/y/theta/t_err: -0.98812 -1.76534 0.03503 -1.30023 -1.28281 -0.88069 -0.87656 -0.88069 -0.87656 38.90224 0.09284 179.87557 0.00456
target: -1.76534 0.00458
target: -1.76534 0.00458
fb: -1.29946 0.00982 -1.00000 -1.00000
fb: -1.28578 0.01184 -1.00000 -1.00000
dist/lin/ang/drive_left/drive_right/tv_l/tv_r/av_l/av_r/x/y/theta/t_err: -0.96240 -1.76916 0.01162 -1.29763 -1.27394 -0.88239 -0.87983 -0.88239 -0.87983 37.88982 0.09428 179.96042 0.00318
target: -1.76916 0.00152
target: -1.76916 0.00152
fb: -1.41752 0.01198 -0.96438 -0.99621
fb: -1.37515 0.01073 -0.98556 -1.00000
dist/lin/ang/drive_left/drive_right/tv_l/tv_r/av_l/av_r/x/y/theta/t_err: -0.93490 -1.77343 -0.01456 -1.38588 -1.36442 -0.78144 -0.81669 -0.78144 -0.81669 36.80702 0.09419 180.05245 0.00164
target: -1.77343 -0.00190
target: -1.77343 -0.00190
fb: -1.35573 0.00746 -0.99700 -1.00000
fb: -1.45459 0.00627 -0.94758 -0.98725
dist/lin/ang/drive_left/drive_right/tv_l/tv_r/av_l/av_r/x/y/theta/t_err: -0.90581 -1.77555 -0.00637 -1.46086 -1.44832 -0.74483 -0.85522 -0.74483 -0.85522 35.66168 0.09263 180.09847 0.00088
target: -1.77555 -0.00083
target: -1.77555 -0.00083
fb: -1.48746 0.00418 -0.94547 -0.94326
fb: -1.49717 -0.00578 -0.94061 -0.93840
dist/lin/ang/drive_left/drive_right/tv_l/tv_r/av_l/av_r/x/y/theta/t_err: -0.87587 -1.77493 0.02154 -1.49139 -1.50296 -0.85556 -0.71817 -0.85556 -0.71817 34.48280 0.09054 180.08733 0.00110
target: -1.77493 0.00282
target: -1.77493 0.00282
fb: -1.45657 -0.00481 -0.96343 -0.93310
fb: -1.49717 -0.00195 -0.94312 -0.91280
dist/lin/ang/drive_left/drive_right/tv_l/tv_r/av_l/av_r/x/y/theta/t_err: -0.84592 -1.77274 0.04710 -1.49522 -1.49912 -0.83364 -0.66031 -0.83364 -0.66031 33.30393 0.08925 180.04528 0.00189
target: -1.77274 0.00616
target: -1.77274 0.00616
fb: -1.60971 0.00467 -0.87943 -0.84739
fb: -1.56116 0.01568 -0.90370 -0.87167
dist/lin/ang/drive_left/drive_right/tv_l/tv_r/av_l/av_r/x/y/theta/t_err: -0.81470 -1.77600 -0.01885 -1.57684 -1.54549 -0.78333 -0.74331 -0.78333 -0.74331 32.07466 0.08780 180.11567 0.00072
target: -1.77600 -0.00247
target: -1.77600 -0.00247
fb: -1.54572 0.02334 -0.87653 -0.96379
fb: -1.57286 0.02648 -0.86296 -0.95022
dist/lin/ang/drive_left/drive_right/tv_l/tv_r/av_l/av_r/x/y/theta/t_err: -0.78324 -1.76992 -0.13282 -1.59934 -1.54638 -0.79669 -0.77219 -0.79669 -0.77219 30.83620 0.08322 180.32122 -0.00291
target: -1.76992 -0.01737
target: -1.76992 -0.01737
fb: -1.50092 0.02592 -0.81778 -0.98154
fb: -1.62913 0.02571 -0.75368 -0.91744
dist/lin/ang/drive_left/drive_right/tv_l/tv_r/av_l/av_r/x/y/theta/t_err: -0.75066 -1.75865 -0.20290 -1.65484 -1.60342 -0.79258 -0.77700 -0.79258 -0.77700 29.55346 0.07343 180.54211 -0.00698
target: -1.75865 -0.02654
target: -1.75865 -0.02654
fb: -1.63509 0.02334 -0.73942 -0.86378
fb: -1.53005 0.02014 -0.79194 -0.91630
dist/lin/ang/drive_left/drive_right/tv_l/tv_r/av_l/av_r/x/y/theta/t_err: -0.72006 -1.74834 -0.24920 -1.55019 -1.50992 -0.75700 -0.77803 -0.75700 -0.77803 28.34877 0.05994 180.73562 -0.01072
target: -1.74834 -0.03260
target: -1.74834 -0.03260
fb: -1.63288 0.01944 -0.74483 -0.84931
fb: -1.61942 0.01826 -0.75156 -0.85604
dist/lin/ang/drive_left/drive_right/tv_l/tv_r/av_l/av_r/x/y/theta/t_err: -0.68767 -1.73887 -0.29197 -1.63767 -1.60116 -0.76075 -0.80369 -0.76075 -0.80369 27.07377 0.04173 180.90073 -0.01418
target: -1.73887 -0.03819
target: -1.73887 -0.03819
fb: -1.62140 0.01247 -0.74368 -0.85149
fb: -1.61368 0.00732 -0.74754 -0.85535
dist/lin/ang/drive_left/drive_right/tv_l/tv_r/av_l/av_r/x/y/theta/t_err: -0.65540 -1.73245 -0.29849 -1.62100 -1.60637 -0.74228 -0.80903 -0.74228 -0.80903 25.80333 0.02064 180.99300 -0.01653
target: -1.73245 -0.03905
target: -1.73245 -0.03905
fb: -1.60000 0.00300 -0.78149 -0.84776
fb: -1.68142 -0.00244 -0.74078 -0.80705
dist/lin/ang/drive_left/drive_right/tv_l/tv_r/av_l/av_r/x/y/theta/t_err: -0.62178 -1.72928 -0.28566 -1.67899 -1.68386 -0.73850 -0.81500 -0.73850 -0.81500 24.47958 -0.00260 181.00774 -0.01769
target: -1.72928 -0.03737
target: -1.72928 -0.03737
fb: -1.61743 -0.00906 -0.79541 -0.83664
fb: -1.63884 -0.01094 -0.78471 -0.82594
dist/lin/ang/drive_left/drive_right/tv_l/tv_r/av_l/av_r/x/y/theta/t_err: -0.58901 -1.73027 -0.24220 -1.62790 -1.64978 -0.74944 -0.77922 -0.74944 -0.77922 23.18934 -0.02450 180.93246 -0.01733
target: -1.73027 -0.03168
target: -1.73027 -0.03168
fb: -1.57860 -0.01094 -0.85420 -0.85177
fb: -1.61920 -0.01017 -0.83390 -0.83147
dist/lin/ang/drive_left/drive_right/tv_l/tv_r/av_l/av_r/x/y/theta/t_err: -0.55663 -1.71786 -0.22850 -1.60903 -1.62937 -0.77922 -0.78231 -0.77922 -0.78231 21.91453 -0.04418 180.84440 -0.01675
target: -1.71786 -0.02989
target: -1.71786 -0.02989
fb: -1.75314 -0.00913 -0.68572 -0.71590
fb: -1.64479 -0.00829 -0.73989 -0.77007
dist/lin/ang/drive_left/drive_right/tv_l/tv_r/av_l/av_r/x/y/theta/t_err: -0.52374 -1.66758 -0.22412 -1.63650 -1.65309 -0.77939 -0.76317 -0.77939 -0.76317 20.61955 -0.06232 180.75947 -0.01628
target: -1.66758 -0.02932
target: -1.66758 -0.02932
fb: -1.67767 -0.00815 -0.52107 -0.56142
fb: -1.74144 -0.00843 -0.48918 -0.52954
dist/lin/ang/drive_left/drive_right/tv_l/tv_r/av_l/av_r/x/y/theta/t_err: -0.48891 -1.61118 -0.23615 -1.73301 -1.74987 -0.69436 -0.70653 -0.69436 -0.70653 19.24844 -0.07970 180.69557 -0.01628
target: -1.61118 -0.03089
target: -1.61118 -0.03089
fb: -1.65803 -0.00739 -0.44430 -0.50604
fb: -1.61545 -0.00592 -0.46559 -0.52733
dist/lin/ang/drive_left/drive_right/tv_l/tv_r/av_l/av_r/x/y/theta/t_err: -0.45661 -1.55686 -0.23900 -1.60952 -1.62137 -0.56981 -0.57833 -0.56981 -0.57833 17.97652 -0.09448 180.63595 -0.01635
target: -1.55686 -0.03126
target: -1.55686 -0.03126
fb: -1.57286 -0.00620 -0.45089 -0.50227
fb: -1.62538 -0.00606 -0.42463 -0.47601
dist/lin/ang/drive_left/drive_right/tv_l/tv_r/av_l/av_r/x/y/theta/t_err: -0.42411 -1.49950 -0.25258 -1.61932 -1.63144 -0.48525 -0.51025 -0.48525 -0.51025 16.69677 -0.10810 180.58850 -0.01675
target: -1.49950 -0.03304
target: -1.49950 -0.03304
fb: -1.67194 -0.00495 -0.32945 -0.39580
fb: -1.58058 -0.00808 -0.37512 -0.44148
dist/lin/ang/drive_left/drive_right/tv_l/tv_r/av_l/av_r/x/y/theta/t_err: -0.39250 -1.44204 -0.25156 -1.57250 -1.58867 -0.48286 -0.51383 -0.48286 -0.51383 15.45227 -0.12029 180.52613 -0.01697
target: -1.44204 -0.03291
target: -1.44204 -0.03291
fb: -1.47776 -0.01038 -0.38247 -0.43140
fb: -1.50092 -0.01108 -0.37088 -0.41981
dist/lin/ang/drive_left/drive_right/tv_l/tv_r/av_l/av_r/x/y/theta/t_err: -0.36249 -1.38594 -0.24366 -1.48985 -1.51200 -0.47703 -0.50783 -0.47703 -0.50783 14.27049 -0.13031 180.44555 -0.01691
target: -1.38594 -0.03187
target: -1.38594 -0.03187
fb: -1.50688 -0.01261 -0.32696 -0.36638
fb: -1.39832 -0.01596 -0.38125 -0.42067
dist/lin/ang/drive_left/drive_right/tv_l/tv_r/av_l/av_r/x/y/theta/t_err: -0.33452 -1.33274 -0.22014 -1.38236 -1.41427 -0.45858 -0.47258 -0.45858 -0.47258 13.16947 -0.13784 180.33277 -0.01627
target: -1.33274 -0.02880
target: -1.33274 -0.02880
fb: -1.41376 -0.01665 -0.34793 -0.36477
fb: -1.45459 -0.01575 -0.32752 -0.34436
dist/lin/ang/drive_left/drive_right/tv_l/tv_r/av_l/av_r/x/y/theta/t_err: -0.30543 -1.27557 -0.19474 -1.43884 -1.47033 -0.44044 -0.45225 -0.44044 -0.45225 12.02414 -0.14307 180.19091 -0.01523
target: -1.27557 -0.02547
target: -1.27557 -0.02547
fb: -1.33234 -0.01505 -0.32402 -0.33417
fb: -1.32462 -0.01477 -0.32788 -0.33803
dist/lin/ang/drive_left/drive_right/tv_l/tv_r/av_l/av_r/x/y/theta/t_err: -0.27895 -1.22076 -0.18469 -1.30985 -1.33939 -0.41819 -0.43119 -0.41819 -0.43119 10.98114 -0.14529 180.06215 -0.01432
target: -1.22076 -0.02416
target: -1.22076 -0.02416
fb: -1.41001 -0.01247 -0.23653 -0.26294
fb: -1.24121 -0.01108 -0.32093 -0.34734
dist/lin/ang/drive_left/drive_right/tv_l/tv_r/av_l/av_r/x/y/theta/t_err: -0.25412 -1.16611 -0.18756 -1.23013 -1.25229 -0.37525 -0.38706 -0.37525 -0.38706 10.00381 -0.14547 179.95806 -0.01381
target: -1.16611 -0.02453
target: -1.16611 -0.02453
fb: -1.18891 -0.00822 -0.29009 -0.33216
fb: -1.22576 -0.00801 -0.27166 -0.31373
dist/lin/ang/drive_left/drive_right/tv_l/tv_r/av_l/av_r/x/y/theta/t_err: -0.22961 -1.10806 -0.20887 -1.21775 -1.23378 -0.34789 -0.36739 -0.34789 -0.36739 9.03864 -0.14419 179.88978 -0.01403
target: -1.10806 -0.02732
target: -1.10806 -0.02732
fb: -1.14610 -0.00871 -0.23229 -0.29977
fb: -1.03754 -0.01108 -0.28657 -0.35406
dist/lin/ang/drive_left/drive_right/tv_l/tv_r/av_l/av_r/x/y/theta/t_err: -0.20886 -1.05693 -0.20048 -1.02646 -1.04862 -0.32475 -0.34256 -0.32475 -0.34256 8.22168 -0.14210 179.80928 -0.01395
target: -1.05693 -0.02622
target: -1.05693 -0.02622
fb: -1.11323 -0.01261 -0.24807 -0.27906
fb: -1.11124 -0.01400 -0.24906 -0.28006
dist/lin/ang/drive_left/drive_right/tv_l/tv_r/av_l/av_r/x/y/theta/t_err: -0.18664 -0.99981 -0.18499 -1.09724 -1.12525 -0.30272 -0.33808 -0.30272 -0.33808 7.34670 -0.13840 179.69509 -0.01351
target: -0.99981 -0.02420
target: -0.99981 -0.02420
fb: -1.02011 -0.01832 -0.22416 -0.24404
fb: -1.01239 -0.02118 -0.22802 -0.24790
dist/lin/ang/drive_left/drive_right/tv_l/tv_r/av_l/av_r/x/y/theta/t_err: -0.16639 -0.96426 -0.14454 -0.99120 -1.03357 -0.27600 -0.30422 -0.27600 -0.30422 6.54956 -0.13313 179.53527 -0.01221
target: -0.96426 -0.01891
target: -0.96426 -0.01891
fb: -0.90757 -0.02118 -0.35257 -0.33595
fb: -0.93471 -0.01958 -0.33900 -0.32238
dist/lin/ang/drive_left/drive_right/tv_l/tv_r/av_l/av_r/x/y/theta/t_err: -0.14769 -0.90846 -0.05480 -0.91513 -0.95429 -0.26575 -0.28131 -0.26575 -0.28131 5.81360 -0.12596 179.35790 -0.00912
target: -0.90846 -0.00717
target: -0.90846 -0.00717
fb: -0.90757 -0.01749 -0.25760 -0.16718
fb: -0.81666 -0.01435 -0.30305 -0.21263
dist/lin/ang/drive_left/drive_right/tv_l/tv_r/av_l/av_r/x/y/theta/t_err: -0.13136 -0.85677 -0.03543 -0.80231 -0.83101 -0.29978 -0.28781 -0.29978 -0.28781 5.17062 -0.11793 179.21753 -0.00667
target: -0.85677 -0.00463
target: -0.85677 -0.00463
fb: -0.85925 -0.01219 -0.21139 -0.20036
fb: -0.81644 -0.00592 -0.23279 -0.22176
dist/lin/ang/drive_left/drive_right/tv_l/tv_r/av_l/av_r/x/y/theta/t_err: -0.11504 -0.80176 -0.03645 -0.81052 -0.82236 -0.28681 -0.23014 -0.28681 -0.23014 4.52782 -0.10862 179.13017 -0.00514
target: -0.80176 -0.00477
target: -0.80176 -0.00477
fb: -0.77584 0.00397 -0.17762 -0.19074
fb: -0.78731 0.01191 -0.17188 -0.18500
dist/lin/ang/drive_left/drive_right/tv_l/tv_r/av_l/av_r/x/y/theta/t_err: -0.09929 -0.74486 -0.11203 -0.79923 -0.77540 -0.24025 -0.22586 -0.24025 -0.22586 3.90795 -0.09939 179.18452 -0.00609
target: -0.74486 -0.01465
target: -0.74486 -0.01465
fb: -0.70964 0.01268 -0.10083 -0.21494
fb: -0.68846 0.00815 -0.11142 -0.22553
dist/lin/ang/drive_left/drive_right/tv_l/tv_r/av_l/av_r/x/y/theta/t_err: -0.08552 -0.69128 -0.15808 -0.69661 -0.68031 -0.19147 -0.20911 -0.19147 -0.20911 3.36591 -0.09220 179.28570 -0.00786
target: -0.69128 -0.02068
target: -0.69128 -0.02068
fb: -0.68471 0.00474 -0.09109 -0.17845
fb: -0.64190 -0.00258 -0.11249 -0.19985
dist/lin/ang/drive_left/drive_right/tv_l/tv_r/av_l/av_r/x/y/theta/t_err: -0.07268 -0.63728 -0.13199 -0.63932 -0.64448 -0.14067 -0.21628 -0.14067 -0.21628 2.86052 -0.08607 179.31190 -0.00831
target: -0.63728 -0.01727
target: -0.63728 -0.01727
fb: -0.64190 -0.01317 -0.10639 -0.10421
fb: -0.60527 -0.02223 -0.12470 -0.12252
dist/lin/ang/drive_left/drive_right/tv_l/tv_r/av_l/av_r/x/y/theta/t_err: -0.06058 -0.58180 -0.03006 -0.58304 -0.62750 -0.13211 -0.17658 -0.13211 -0.17658 2.38397 -0.07991 179.18063 -0.00602
target: -0.58180 -0.00393
target: -0.58180 -0.00393
fb: -0.54106 -0.02731 -0.15395 0.08326
fb: -0.52936 -0.02494 -0.15979 0.07742
dist/lin/ang/drive_left/drive_right/tv_l/tv_r/av_l/av_r/x/y/theta/t_err: -0.04999 -0.52854 0.06852 -0.50442 -0.55431 -0.13792 -0.07289 -0.13792 -0.07289 1.96720 -0.07312 178.95456 -0.00208
target: -0.52854 0.00896
target: -0.52854 0.00896
fb: -0.48104 -0.01526 -0.15096 0.09962
fb: -0.44419 0.00383 -0.16939 0.08120
dist/lin/ang/drive_left/drive_right/tv_l/tv_r/av_l/av_r/x/y/theta/t_err: -0.04111 -0.47929 0.02729 -0.44802 -0.44036 -0.16103 0.05767 -0.16103 0.05767 1.61751 -0.06636 178.87128 -0.00062
target: -0.47929 0.00357
target: -0.47929 0.00357
fb: -0.43249 0.02494 -0.11939 -0.16803
fb: -0.40712 0.04376 -0.13208 -0.18072
dist/lin/ang/drive_left/drive_right/tv_l/tv_r/av_l/av_r/x/y/theta/t_err: -0.03296 -0.42918 -0.18747 -0.45087 -0.36336 -0.16047 -0.00992 -0.16047 -0.00992 1.29700 -0.06066 179.13009 -0.00514
target: -0.42918 -0.02452
target: -0.42918 -0.02452
fb: -0.38020 0.05860 0.09880 -0.26984
fb: -0.32591 0.05971 0.07166 -0.29698
dist/lin/ang/drive_left/drive_right/tv_l/tv_r/av_l/av_r/x/y/theta/t_err: -0.02643 -0.38434 -0.42437 -0.38563 -0.26620 -0.10953 -0.19217 -0.10953 -0.19217 1.04039 -0.05784 179.63751 -0.01400
target: -0.38434 -0.05551
target: -0.38434 -0.05551
fb: -0.33937 0.04877 0.14066 -0.29555
fb: -0.34136 0.02515 0.14166 -0.29456
dist/lin/ang/drive_left/drive_right/tv_l/tv_r/av_l/av_r/x/y/theta/t_err: -0.01960 -0.33093 -0.45566 -0.36651 -0.31621 0.05097 -0.27208 0.05097 -0.27208 0.77161 -0.05707 180.00407 -0.02039
target: -0.33093 -0.05961
target: -0.33093 -0.05961
fb: -0.26567 -0.00543 0.04912 -0.15054
fb: -0.23853 -0.04146 -0.04250 -0.16411
dist/lin/ang/drive_left/drive_right/tv_l/tv_r/av_l/av_r/x/y/theta/t_err: -0.01483 -0.28788 -0.20826 -0.19708 -0.27999 0.12353 -0.23767 0.12353 -0.23767 0.58378 -0.05699 179.87720 -0.01818
target: -0.28788 -0.02724
target: -0.28788 -0.02724
fb: -0.22309 -0.07866 -0.21921 0.11848
fb: -0.19970 -0.09769 -0.23091 0.10679
dist/lin/ang/drive_left/drive_right/tv_l/tv_r/av_l/av_r/x/y/theta/t_err: -0.01085 -0.24627 0.22787 -0.10201 -0.29738 -0.02036 -0.06658 -0.02036 -0.06658 0.42655 -0.05572 179.16428 -0.00574
target: -0.24627 0.02981
target: -0.24627 0.02981
fb: -0.18999 -0.10284 -0.35177 0.28457
fb: -0.17851 -0.09796 -0.35751 0.27883
dist/lin/ang/drive_left/drive_right/tv_l/tv_r/av_l/av_r/x/y/theta/t_err: -0.00730 -0.00183 0.52334 -0.08055 -0.27648 -0.19850 0.11875 -0.19850 0.11875 0.28602 -0.05256 178.28449 0.00962
target: -0.00183 0.06846
target: -0.00183 0.06846
fb: -0.18624 -0.08466 0.39966 0.84414
fb: -0.16682 -0.05741 0.30745 0.75193
dist/lin/ang/drive_left/drive_right/tv_l/tv_r/av_l/av_r/x/y/theta/t_err: -0.00398 -0.00099 0.60311 -0.10941 -0.22423 -0.31858 0.28131 -0.31858 0.28131 0.15476 -0.04785 177.61194 0.02136
target: -0.00099 0.07889
target: -0.00099 0.07889
fb: -0.13173 -0.01484 -0.13755 0.14503
fb: -0.10856 0.01470 -0.13755 0.14503
dist/lin/ang/drive_left/drive_right/tv_l/tv_r/av_l/av_r/x/y/theta/t_err: -0.00181 -0.00045 0.36298 -0.12327 -0.09386 0.17864 0.25956 0.17864 0.25956 0.06935 -0.04418 177.53460 0.02271
target: -0.00045 0.04748
target: -0.00045 0.04748
fb: -0.09113 0.03790 0.14948 -0.15254
fb: -0.06774 0.05177 0.14948 -0.15254
increased target to 56.00000
decreased target to 48.00000
increased max accel to 3.42900
increased max accel to 3.55600
start is 0.00000 0.00000
dist/lin/ang/drive_left/drive_right/tv_l/tv_r/av_l/av_r/x/y/theta/t_err: 1.21920 0.08636 -0.00000 0.00000 0.00000 -0.00017 -0.00000 -0.00017 -0.00000 0.00000 0.00000 0.00001 -0.00000
target: 0.08636 -0.00000
target: 0.08636 -0.00000
fb: 0.00000 0.00000 0.24370 0.24859
fb: 0.00000 0.00000 0.24370 0.24859
dist/lin/ang/drive_left/drive_right/tv_l/tv_r/av_l/av_r/x/y/theta/t_err: 1.21920 0.17272 -0.00006 0.00000 0.00000 0.05358 0.02636 0.05358 0.02636 0.00000 0.00000 0.00010 -0.00000
target: 0.17272 -0.00001
target: 0.17272 -0.00001
fb: 0.00000 0.00000 0.27569 0.28050
fb: 0.00000 -0.01052 0.27569 0.28050
dist/lin/ang/drive_left/drive_right/tv_l/tv_r/av_l/av_r/x/y/theta/t_err: 1.21920 0.25908 -0.00038 0.01052 -0.01052 0.21783 0.21250 0.21783 0.21250 0.00000 0.00000 0.00062 -0.00001
target: 0.25908 -0.00005
target: 0.25908 -0.00005
fb: 0.00000 -0.01805 0.43736 0.44182
fb: 0.00000 -0.01233 0.43736 0.44182
dist/lin/ang/drive_left/drive_right/tv_l/tv_r/av_l/av_r/x/y/theta/t_err: 1.21920 0.34544 0.07112 0.01233 -0.01233 0.27822 0.27311 0.27822 0.27311 0.00000 0.00000 -0.10277 0.00179
target: 0.34544 0.00930
target: 0.34544 0.00930
fb: 0.00000 -0.00502 0.46396 0.56549
fb: 0.06598 0.00000 0.43097 0.53250
dist/lin/ang/drive_left/drive_right/tv_l/tv_r/av_l/av_r/x/y/theta/t_err: 1.21920 0.43180 0.08608 0.06598 0.06598 0.39542 0.40039 0.39542 0.40039 0.00000 0.00000 -0.18991 0.00331
target: 0.43180 0.01126
target: 0.43180 0.01126
fb: 0.16285 0.00195 0.48963 0.52723
fb: 0.22507 0.00070 0.45852 0.49612
dist/lin/ang/drive_left/drive_right/tv_l/tv_r/av_l/av_r/x/y/theta/t_err: 1.21594 0.51816 0.04563 0.22438 0.22577 0.42606 0.41050 0.42606 0.41050 0.12822 -0.00043 -0.18587 0.00325
target: 0.51816 0.00597
target: 0.51816 0.00597
fb: 0.27737 -0.00167 0.75760 0.72328
fb: 0.30628 -0.00230 0.74315 0.70883
dist/lin/ang/drive_left/drive_right/tv_l/tv_r/av_l/av_r/x/y/theta/t_err: 1.21040 0.60452 0.04651 0.30857 0.30398 0.43819 0.45686 0.43819 0.45686 0.34662 -0.00112 -0.18408 0.00324
target: 0.60452 0.00608
target: 0.60452 0.00608
fb: 0.34335 -0.00077 0.77888 0.79344
fb: 0.39366 0.00209 0.75372 0.76828
dist/lin/ang/drive_left/drive_right/tv_l/tv_r/av_l/av_r/x/y/theta/t_err: 1.20353 0.69088 0.05688 0.39157 0.39575 0.48133 0.45942 0.48133 0.45942 0.61697 -0.00203 -0.19741 0.00349
target: 0.69088 0.00744
target: 0.69088 0.00744
fb: 0.45765 0.00209 0.79390 0.82152
fb: 0.52958 0.00000 0.75793 0.78555
dist/lin/ang/drive_left/drive_right/tv_l/tv_r/av_l/av_r/x/y/theta/t_err: 1.19438 0.77724 0.03888 0.52958 0.52958 0.49158 0.38258 0.49158 0.38258 0.97732 -0.00321 -0.17898 0.00319
target: 0.77724 0.00509
target: 0.77724 0.00509
fb: 0.54503 -0.00892 0.84715 0.83829
fb: 0.57018 -0.01603 0.83457 0.82571
dist/lin/ang/drive_left/drive_right/tv_l/tv_r/av_l/av_r/x/y/theta/t_err: 1.18348 0.86360 0.06237 0.58621 0.55416 0.51231 0.54036 0.51231 0.54036 1.40648 -0.00458 -0.20059 0.00360
target: 0.86360 0.00816
target: 0.86360 0.00816
fb: 0.61873 -0.01686 0.86249 0.90665
fb: 0.62049 -0.01380 0.86161 0.90577
dist/lin/ang/drive_left/drive_right/tv_l/tv_r/av_l/av_r/x/y/theta/t_err: 1.17110 0.94996 0.14683 0.63429 0.60670 0.52461 0.58708 0.52461 0.58708 1.89366 -0.00684 -0.33500 0.00600
target: 0.94996 0.01921
target: 0.94996 0.01921
fb: 0.67279 -0.00857 0.87083 1.00000
fb: 0.75245 -0.00390 0.83101 0.96183
dist/lin/ang/drive_left/drive_right/tv_l/tv_r/av_l/av_r/x/y/theta/t_err: 1.15765 1.03632 0.16143 0.75635 0.74855 0.63500 0.63806 0.63500 0.63806 2.42341 -0.01048 -0.43839 0.00788
target: 1.03632 0.02112
target: 1.03632 0.02112
fb: 0.76414 -0.00167 0.94367 0.99488
fb: 0.80099 -0.00118 0.92524 0.97645
dist/lin/ang/drive_left/drive_right/tv_l/tv_r/av_l/av_r/x/y/theta/t_err: 1.14236 1.12268 0.13727 0.80218 0.79981 0.60078 0.47875 0.60078 0.47875 3.02507 -0.01526 -0.46548 0.00846
target: 1.12268 0.01796
target: 1.12268 0.01796
fb: 0.79901 -0.00655 1.00000 1.00000
fb: 0.76613 -0.01596 1.00000 1.00000
dist/lin/ang/drive_left/drive_right/tv_l/tv_r/av_l/av_r/x/y/theta/t_err: 1.12638 1.20904 0.14396 0.78209 0.75017 0.61000 0.56053 0.61000 0.56053 3.65419 -0.02045 -0.48931 0.00900
target: 1.20904 0.01883
target: 1.20904 0.01883
fb: 0.88440 -0.01853 1.00000 1.00000
fb: 0.91728 -0.01122 1.00000 1.00000
dist/lin/ang/drive_left/drive_right/tv_l/tv_r/av_l/av_r/x/y/theta/t_err: 1.10870 1.29540 0.23046 0.92850 0.90606 0.68444 0.78078 0.68444 0.78078 4.35054 -0.02721 -0.62498 0.01153
target: 1.29540 0.03015
target: 1.29540 0.03015
fb: 0.92898 -0.00390 1.00000 1.00000
fb: 1.02011 0.00202 1.00000 1.00000
dist/lin/ang/drive_left/drive_right/tv_l/tv_r/av_l/av_r/x/y/theta/t_err: 1.09012 1.38176 0.23196 1.01809 1.02213 0.83367 0.83550 0.83367 0.83550 5.08197 -0.03582 -0.70680 0.01317
target: 1.38176 0.03034
target: 1.38176 0.03034
fb: 1.02982 0.00543 1.00000 1.00000
fb: 1.08609 0.00258 1.00000 1.00000
dist/lin/ang/drive_left/drive_right/tv_l/tv_r/av_l/av_r/x/y/theta/t_err: 1.06952 1.46812 0.18382 1.08351 1.08866 0.86050 0.85536 0.86050 0.85536 5.89279 -0.04571 -0.68206 0.01299
target: 1.46812 0.02405
target: 1.46812 0.02405
fb: 1.17148 0.00000 1.00000 1.00000
fb: 1.15581 -0.00174 1.00000 1.00000
dist/lin/ang/drive_left/drive_right/tv_l/tv_r/av_l/av_r/x/y/theta/t_err: 1.04610 1.55448 0.18579 1.15756 1.15407 0.87011 0.86581 0.87011 0.86581 6.81515 -0.05648 -0.66196 0.01292
target: 1.55448 0.02430
target: 1.55448 0.02430
fb: 1.19465 -0.00279 1.00000 1.00000
fb: 1.24915 -0.00488 1.00000 1.00000
dist/lin/ang/drive_left/drive_right/tv_l/tv_r/av_l/av_r/x/y/theta/t_err: 1.02221 1.64084 0.21018 1.25403 1.24428 0.87314 0.86803 0.87314 0.86803 7.75575 -0.06747 -0.67750 0.01350
target: 1.64084 0.02749
target: 1.64084 0.02749
fb: 1.25092 -0.00488 1.00000 1.00000
fb: 1.33036 -0.00369 1.00000 1.00000
dist/lin/ang/drive_left/drive_right/tv_l/tv_r/av_l/av_r/x/y/theta/t_err: 0.99719 1.72720 0.23580 1.33405 1.32666 0.88497 0.87744 0.88497 0.87744 8.74065 -0.07943 -0.71572 0.01451
target: 1.72720 0.03085
target: 1.72720 0.03085
fb: 1.32263 -0.00327 1.00000 1.00000
fb: 1.35176 -0.00307 1.00000 1.00000
dist/lin/ang/drive_left/drive_right/tv_l/tv_r/av_l/av_r/x/y/theta/t_err: 0.97074 1.73538 0.24768 1.35482 1.34869 0.88925 0.88447 0.88925 0.88447 9.78201 -0.09273 -0.74660 0.01546
target: 1.73538 0.03240
target: 1.73538 0.03240
fb: 1.48371 -0.00348 0.90200 0.96567
fb: 1.45061 -0.00334 0.91855 0.98222
dist/lin/ang/drive_left/drive_right/tv_l/tv_r/av_l/av_r/x/y/theta/t_err: 0.94107 1.73285 0.26076 1.45396 1.44727 0.82303 0.87094 0.82303 0.87094 10.95019 -0.10821 -0.77141 0.01638
target: 1.73285 0.03411
target: 1.73285 0.03411
fb: 1.43495 0.00000 0.87939 0.94677
fb: 1.55940 0.00000 0.81716 0.88454
dist/lin/ang/drive_left/drive_right/tv_l/tv_r/av_l/av_r/x/y/theta/t_err: 0.91237 1.73090 0.26588 1.55940 1.55940 0.75956 0.75253 0.75956 0.75253 12.07996 -0.12360 -0.78266 0.01710
target: 1.73090 0.03478
target: 1.73090 0.03478
fb: 1.50887 -0.00481 0.84719 0.90610
fb: 1.47577 -0.00913 0.86374 0.92265
dist/lin/ang/drive_left/drive_right/tv_l/tv_r/av_l/av_r/x/y/theta/t_err: 0.88220 1.72875 0.27904 1.48490 1.46664 0.76231 0.76708 0.76231 0.76708 13.26794 -0.13986 -0.79418 0.01789
target: 1.72875 0.03650
target: 1.72875 0.03650
fb: 1.50512 -0.00773 0.84047 0.91115
fb: 1.52431 -0.00613 0.83088 0.90155
dist/lin/ang/drive_left/drive_right/tv_l/tv_r/av_l/av_r/x/y/theta/t_err: 0.85210 1.72331 0.33855 1.53045 1.51818 0.78178 0.77408 0.78178 0.77408 14.45295 -0.15705 -0.87152 0.01989
target: 1.72331 0.04429
target: 1.72331 0.04429
fb: 1.61148 -0.00446 0.73662 0.87228
fb: 1.53998 -0.00376 0.77236 0.90803
dist/lin/ang/drive_left/drive_right/tv_l/tv_r/av_l/av_r/x/y/theta/t_err: 0.81988 1.71859 0.35716 1.54374 1.53622 0.77906 0.77050 0.77906 0.77050 15.72167 -0.17702 -0.92522 0.02163
target: 1.71859 0.04672
target: 1.71859 0.04672
fb: 1.54572 -0.00383 0.79057 0.88134
fb: 1.66598 -0.00327 0.73044 0.82121
dist/lin/ang/drive_left/drive_right/tv_l/tv_r/av_l/av_r/x/y/theta/t_err: 0.78898 1.71472 0.37023 1.66925 1.66270 0.75392 0.77289 0.75392 0.77289 16.93860 -0.19704 -0.95801 0.02306
target: 1.71472 0.04843
target: 1.71472 0.04843
fb: 1.58257 -0.00195 0.77410 0.86064
fb: 1.58235 -0.00153 0.77421 0.86075
dist/lin/ang/drive_left/drive_right/tv_l/tv_r/av_l/av_r/x/y/theta/t_err: 0.75733 1.71120 0.38589 1.58388 1.58082 0.74244 0.78181 0.74244 0.78181 18.18454 -0.21809 -0.97702 0.02437
target: 1.71120 0.05048
target: 1.71120 0.05048
fb: 1.65826 0.00000 0.73157 0.82391
fb: 1.58654 0.00314 0.76743 0.85977
dist/lin/ang/drive_left/drive_right/tv_l/tv_r/av_l/av_r/x/y/theta/t_err: 0.72418 1.70781 0.40296 1.58341 1.58968 0.75286 0.81344 0.75286 0.81344 19.49006 -0.24049 -0.98483 0.02562
target: 1.70781 0.05271
target: 1.70781 0.05271
fb: 1.61942 0.00669 0.74610 0.84309
fb: 1.61346 0.00913 0.74908 0.84607
dist/lin/ang/drive_left/drive_right/tv_l/tv_r/av_l/av_r/x/y/theta/t_err: 0.69180 1.70621 0.39501 1.60433 1.62259 0.74072 0.79958 0.74072 0.79958 20.76501 -0.26208 -0.95083 0.02622
target: 1.70621 0.05167
target: 1.70621 0.05167
fb: 1.62118 0.01171 0.76634 0.83247
fb: 1.68937 0.01610 0.73225 0.79838
dist/lin/ang/drive_left/drive_right/tv_l/tv_r/av_l/av_r/x/y/theta/t_err: 0.65939 1.70687 0.37052 1.67327 1.70546 0.74056 0.81072 0.74056 0.81072 22.04138 -0.28234 -0.86504 0.02597
target: 1.70687 0.04847
target: 1.70687 0.04847
fb: 1.61942 0.01951 0.78873 0.83110
fb: 1.67172 0.02062 0.76258 0.80495
dist/lin/ang/drive_left/drive_right/tv_l/tv_r/av_l/av_r/x/y/theta/t_err: 0.62701 1.71036 0.32544 1.65109 1.69234 0.74672 0.79172 0.74672 0.79172 23.31638 -0.30008 -0.71744 0.02468
target: 1.71036 0.04257
target: 1.71036 0.04257
fb: 1.61170 0.02188 0.82318 0.83341
fb: 1.68518 0.02223 0.78644 0.79667
dist/lin/ang/drive_left/drive_right/tv_l/tv_r/av_l/av_r/x/y/theta/t_err: 0.59479 1.71568 0.27998 1.66295 1.70740 0.77050 0.79289 0.77050 0.79289 24.58536 -0.31403 -0.53263 0.02271
target: 1.71568 0.03662
target: 1.71568 0.03662
fb: 1.82309 0.02097 0.73387 0.73568
fb: 1.76108 0.01965 0.76487 0.76668
dist/lin/ang/drive_left/drive_right/tv_l/tv_r/av_l/av_r/x/y/theta/t_err: 0.55833 1.72101 0.25150 1.74143 1.78073 0.76297 0.77392 0.76297 0.77392 26.02082 -0.32503 -0.34102 0.02074
target: 1.72101 0.03290
target: 1.72101 0.03290
fb: 1.66576 0.01874 0.80991 0.82674
fb: 1.63884 0.01603 0.82337 0.84020
dist/lin/ang/drive_left/drive_right/tv_l/tv_r/av_l/av_r/x/y/theta/t_err: 0.52502 1.72556 0.23442 1.62281 1.65486 0.76008 0.75578 0.76008 0.75578 27.33243 -0.33096 -0.17465 0.01906
target: 1.72556 0.03066
target: 1.72556 0.03066
fb: 1.67569 0.01400 0.80078 0.82803
fb: 1.65803 0.01477 0.80961 0.83686
dist/lin/ang/drive_left/drive_right/tv_l/tv_r/av_l/av_r/x/y/theta/t_err: 0.49152 1.72847 0.23410 1.64326 1.67281 0.79564 0.80661 0.79564 0.80661 28.65186 -0.33345 -0.04343 0.01799
target: 1.72847 0.03062
target: 1.72847 0.03062
fb: 1.76285 0.01665 0.74343 0.79037
fb: 1.71651 0.01630 0.76660 0.81354
dist/lin/ang/drive_left/drive_right/tv_l/tv_r/av_l/av_r/x/y/theta/t_err: 0.45626 1.73120 0.22128 1.70020 1.73281 0.77975 0.80231 0.77975 0.80231 30.03993 -0.33294 0.08866 0.01699
target: 1.73120 0.02894
target: 1.73120 0.02894
fb: 1.63884 0.01484 0.81569 0.84565
fb: 1.78028 0.01428 0.74497 0.77492
dist/lin/ang/drive_left/drive_right/tv_l/tv_r/av_l/av_r/x/y/theta/t_err: 0.42349 1.69301 0.19868 1.76600 1.79456 0.76453 0.79908 0.76453 0.79908 31.33035 -0.32931 0.22748 0.01578
target: 1.69301 0.02599
target: 1.69301 0.02599
fb: 1.76285 0.01352 0.56292 0.57739
fb: 1.71055 0.01345 0.58907 0.60354
dist/lin/ang/drive_left/drive_right/tv_l/tv_r/av_l/av_r/x/y/theta/t_err: 0.38824 1.62322 0.19457 1.69710 1.72400 0.72928 0.78400 0.72928 0.78400 32.71840 -0.32232 0.35379 0.01491
target: 1.62322 0.02545
target: 1.62322 0.02545
fb: 1.62714 0.01407 0.43034 0.46579
fb: 1.72997 0.01317 0.37893 0.41438
dist/lin/ang/drive_left/drive_right/tv_l/tv_r/av_l/av_r/x/y/theta/t_err: 0.35570 1.55545 0.18816 1.71680 1.74314 0.60742 0.63550 0.60742 0.63550 33.99958 -0.31318 0.46770 0.01420
target: 1.55545 0.02461
target: 1.55545 0.02461
fb: 1.85221 0.01268 0.26602 0.29759
fb: 1.63288 0.01101 0.37569 0.40726
dist/lin/ang/drive_left/drive_right/tv_l/tv_r/av_l/av_r/x/y/theta/t_err: 0.31866 1.47287 0.19517 1.62187 1.64389 0.49792 0.53883 0.49792 0.53883 35.45796 -0.30000 0.57209 0.01393
target: 1.47287 0.02553
target: 1.47287 0.02553
fb: 1.62140 0.01108 0.23844 0.28698
fb: 1.67370 0.01435 0.21229 0.26083
dist/lin/ang/drive_left/drive_right/tv_l/tv_r/av_l/av_r/x/y/theta/t_err: 0.28623 1.39626 0.19598 1.65935 1.68805 0.43069 0.46728 0.43069 0.46728 36.73458 -0.28617 0.66574 0.01378
target: 1.39626 0.02564
target: 1.39626 0.02564
fb: 1.57661 0.01923 0.21852 0.25983
fb: 1.52056 0.02028 0.24655 0.28785
dist/lin/ang/drive_left/drive_right/tv_l/tv_r/av_l/av_r/x/y/theta/t_err: 0.25470 1.31832 0.17674 1.50029 1.54084 0.36153 0.40911 0.36153 0.40911 37.97591 -0.27052 0.78988 0.01319
target: 1.31832 0.02312
target: 1.31832 0.02312
fb: 1.55543 0.01986 0.16631 0.18059
fb: 1.43715 0.02508 0.22544 0.23972
dist/lin/ang/drive_left/drive_right/tv_l/tv_r/av_l/av_r/x/y/theta/t_err: 0.22360 1.23792 0.13600 1.41207 1.46224 0.33536 0.39219 0.33536 0.39219 39.20051 -0.25182 0.96347 0.01179
target: 1.23792 0.01779
target: 1.23792 0.01779
fb: 1.34205 0.02773 0.20613 0.18788
fb: 1.39435 0.03219 0.17999 0.16174
dist/lin/ang/drive_left/drive_right/tv_l/tv_r/av_l/av_r/x/y/theta/t_err: 0.19676 1.16578 0.07312 1.36216 1.42654 0.32475 0.34017 0.32475 0.34017 40.25706 -0.23208 1.18305 0.00932
target: 1.16578 0.00956
target: 1.16578 0.00956
fb: 1.28380 0.02857 0.22112 0.16573
fb: 1.19068 0.02285 0.26768 0.21229
dist/lin/ang/drive_left/drive_right/tv_l/tv_r/av_l/av_r/x/y/theta/t_err: 0.17108 1.10306 -0.00771 1.16782 1.21353 0.29789 0.29622 0.29789 0.29622 41.26765 -0.20892 1.45085 0.00570
target: 1.10306 -0.00101
target: 1.10306 -0.00101
fb: 1.18318 0.01637 0.26963 0.17890
fb: 1.14235 0.01212 0.29004 0.19931
dist/lin/ang/drive_left/drive_right/tv_l/tv_r/av_l/av_r/x/y/theta/t_err: 0.14742 1.02394 -0.04438 1.13023 1.15448 0.31706 0.30064 0.31706 0.30064 42.19895 -0.18375 1.63513 0.00248
target: 1.02394 -0.00581
target: 1.02394 -0.00581
fb: 1.12294 0.00746 0.13928 0.09403
fb: 1.05321 0.00404 0.17414 0.12889
dist/lin/ang/drive_left/drive_right/tv_l/tv_r/av_l/av_r/x/y/theta/t_err: 0.12496 0.94272 -0.02922 1.04917 1.05725 0.28472 0.26128 0.28472 0.26128 43.08276 -0.15772 1.72977 0.00083
target: 0.94272 -0.00382
target: 0.94272 -0.00382
fb: 1.02187 0.00181 0.07562 0.09400
fb: 1.01614 -0.00188 0.07849 0.09686
dist/lin/ang/drive_left/drive_right/tv_l/tv_r/av_l/av_r/x/y/theta/t_err: 0.10452 0.86219 -0.00915 1.01802 1.01426 0.20069 0.17814 0.20069 0.17814 43.88702 -0.13317 1.76056 0.00030
target: 0.86219 -0.00120
target: 0.86219 -0.00120
fb: 0.91154 -0.00683 -0.06252 0.08312
fb: 0.87072 -0.00885 0.07593 0.10353
dist/lin/ang/drive_left/drive_right/tv_l/tv_r/av_l/av_r/x/y/theta/t_err: 0.08629 0.78340 0.02694 0.87957 0.86187 0.08197 0.13433 0.08197 0.13433 44.60443 -0.11126 1.72769 0.00087
target: 0.78340 0.00352
target: 0.78340 0.00352
fb: 0.87094 -0.00711 -0.11964 -0.07669
fb: 0.74097 -0.00125 0.06339 0.11613
dist/lin/ang/drive_left/drive_right/tv_l/tv_r/av_l/av_r/x/y/theta/t_err: 0.06887 0.69988 0.06430 0.74223 0.73972 0.02106 0.10917 0.02106 0.10917 45.28991 -0.09104 1.65271 0.00218
target: 0.69988 0.00841
target: 0.69988 0.00841
fb: 0.64565 0.00850 -0.10601 0.07274
fb: 0.57592 0.01442 -0.07115 0.10760
dist/lin/ang/drive_left/drive_right/tv_l/tv_r/av_l/av_r/x/y/theta/t_err: 0.05596 0.63087 0.02215 0.56150 0.59034 0.00514 0.09292 0.00514 0.09292 45.79809 -0.07640 1.66638 0.00194
target: 0.63087 0.00290
target: 0.63087 0.00290
fb: 0.48876 0.01470 0.13615 0.09581
fb: 0.46537 0.02021 0.14784 0.10750
dist/lin/ang/drive_left/drive_right/tv_l/tv_r/av_l/av_r/x/y/theta/t_err: 0.04619 0.57313 -0.05477 0.44516 0.48558 0.01797 0.11089 0.01797 0.11089 46.18277 -0.06482 1.78662 -0.00016
target: 0.57313 -0.00716
target: 0.57313 -0.00716
fb: 0.41307 0.03038 0.19370 0.09889
fb: 0.35305 0.03505 0.22371 0.12890
dist/lin/ang/drive_left/drive_right/tv_l/tv_r/av_l/av_r/x/y/theta/t_err: 0.03793 0.51935 -0.14045 0.31801 0.38810 0.15261 0.11139 0.15261 0.11139 46.50785 -0.05422 1.98699 -0.00366
target: 0.51935 -0.01837
target: 0.51935 -0.01837
fb: 0.39763 0.03233 0.18093 -0.06708
fb: 0.41307 0.02460 0.17321 -0.07480
dist/lin/ang/drive_left/drive_right/tv_l/tv_r/av_l/av_r/x/y/theta/t_err: 0.02997 0.46170 -0.25836 0.38848 0.43767 0.19867 0.07956 0.19867 0.07956 46.82072 -0.04250 2.28483 -0.00885
target: 0.46170 -0.03380
target: 0.46170 -0.03380
fb: 0.37821 0.01101 0.22834 0.04914
fb: 0.33937 -0.01073 0.24776 0.06856
dist/lin/ang/drive_left/drive_right/tv_l/tv_r/av_l/av_r/x/y/theta/t_err: 0.02241 0.39921 -0.25319 0.35010 0.32864 0.19303 -0.01728 0.19303 -0.01728 47.11827 -0.03009 2.46585 -0.01201
target: 0.39921 -0.03312
target: 0.39921 -0.03312
fb: 0.28708 -0.03115 0.13696 0.10356
fb: 0.27163 -0.03951 0.14468 0.11128
dist/lin/ang/drive_left/drive_right/tv_l/tv_r/av_l/av_r/x/y/theta/t_err: 0.01667 0.34429 -0.07793 0.31114 0.23213 0.19608 0.07786 0.19608 0.07786 47.34411 -0.02054 2.32620 -0.00958
target: 0.34429 -0.01019
target: 0.34429 -0.01019
fb: 0.25199 -0.04013 -0.07165 0.20395
fb: 0.24228 -0.03888 -0.06680 0.20881
dist/lin/ang/drive_left/drive_right/tv_l/tv_r/av_l/av_r/x/y/theta/t_err: 0.01163 0.28757 0.09890 0.28116 0.20340 0.07494 0.12664 0.07494 0.12664 47.54239 -0.01304 1.98131 -0.00356
target: 0.28757 0.01294
target: 0.28757 0.01294
fb: 0.26192 -0.03595 -0.14600 0.16246
fb: 0.25420 -0.03449 -0.14213 0.16633
dist/lin/ang/drive_left/drive_right/tv_l/tv_r/av_l/av_r/x/y/theta/t_err: 0.00639 0.00160 0.17780 0.28869 0.21971 -0.07375 0.17881 -0.07375 0.17881 47.74852 -0.00653 1.64859 0.00225
target: 0.00160 0.02326
target: 0.00160 0.02326
fb: 0.25023 -0.03268 -0.79672 -0.67757
fb: 0.25398 -0.01519 -0.79859 -0.67944
dist/lin/ang/drive_left/drive_right/tv_l/tv_r/av_l/av_r/x/y/theta/t_err: 0.00139 0.00035 0.23866 0.26917 0.23879 -0.20378 0.05922 -0.20378 0.05922 47.94548 -0.00139 1.34972 0.00747
target: 0.00035 0.03122
target: 0.00035 0.03122
fb: 0.21514 0.00982 -0.20554 -0.09694
fb: 0.17057 0.03574 -0.09814 0.09829
dist/lin/ang/drive_left/drive_right/tv_l/tv_r/av_l/av_r/x/y/theta/t_err: -0.00292 -0.00073 0.16637 0.13483 0.20631 -0.50528 -0.26469 -0.50528 -0.26469 48.11485 0.00241 1.26542 0.00894
target: -0.00073 0.02176
target: -0.00073 0.02176
fb: 0.12225 0.05065 0.06457 -0.07431
fb: 0.06421 0.05651 0.06457 -0.07431
final error: 0.21113, x: -0.21107, y: -0.00474
final local error: 0.21113, forwards: -0.21112, sideways: 0.00116
position: 48.21107 0.00474 1.60105
took 1.24000 time to finish turn
dist/lin/ang/drive_left/drive_right/tv_l/tv_r/av_l/av_r/x/y/theta/t_err: -1.22607 -0.08636 -0.62993 0.00000 0.00000 0.00017 -0.00033 0.00017 -0.00033 48.27063 0.00697 182.49742 -0.04344
target: -0.08636 -0.08240
target: -0.08636 -0.08240
fb: 0.00000 0.00000 0.26037 -0.67461
fb: 0.00000 0.00000 0.26037 -0.67461
dist/lin/ang/drive_left/drive_right/tv_l/tv_r/av_l/av_r/x/y/theta/t_err: -1.22607 -0.17272 -0.62993 0.00000 0.00000 0.05561 -0.02722 0.05561 -0.02722 48.27063 0.00697 182.49741 -0.04344
target: -0.17272 -0.08240
target: -0.17272 -0.08240
fb: 0.00000 0.00000 -0.22044 -0.33575
fb: 0.00000 0.00000 -0.22044 -0.33575
dist/lin/ang/drive_left/drive_right/tv_l/tv_r/av_l/av_r/x/y/theta/t_err: -1.22607 -0.25908 -0.62980 0.00000 0.00000 0.19319 -0.41939 0.19319 -0.41939 48.27063 0.00697 182.49722 -0.04344
target: -0.25908 -0.08238
target: -0.25908 -0.08238
fb: 0.00000 -0.01665 -0.38202 -0.49716
fb: -0.00397 -0.04724 -0.38003 -0.49517
dist/lin/ang/drive_left/drive_right/tv_l/tv_r/av_l/av_r/x/y/theta/t_err: -1.22599 -0.34544 -0.47796 0.04327 -0.05121 -0.17742 -0.29825 -0.17742 -0.29825 48.26750 0.00684 182.27670 -0.03959
target: -0.34544 -0.06252
target: -0.34544 -0.06252
fb: -0.00000 -0.07002 -0.55976 -0.46968
fb: 0.00000 -0.08647 -0.55976 -0.46968
dist/lin/ang/drive_left/drive_right/tv_l/tv_r/av_l/av_r/x/y/theta/t_err: -1.22599 -0.43180 -0.13015 0.08647 -0.08647 -0.36156 -0.41683 -0.36156 -0.41683 48.26750 0.00686 181.63274 -0.02835
target: -0.43180 -0.01702
target: -0.43180 -0.01702
fb: -0.05627 -0.09511 -0.75261 -0.37083
fb: -0.14541 -0.09016 -0.70804 -0.32626
dist/lin/ang/drive_left/drive_right/tv_l/tv_r/av_l/av_r/x/y/theta/t_err: -1.22309 -0.51816 0.14765 -0.05525 -0.23557 -0.46078 -0.41508 -0.46078 -0.41508 48.15303 0.00453 180.81945 -0.01421
target: -0.51816 0.01931
target: -0.51816 0.01931
fb: -0.23478 -0.07699 -0.93554 -0.58793
fb: -0.29281 -0.06410 -0.90653 -0.55891
dist/lin/ang/drive_left/drive_right/tv_l/tv_r/av_l/av_r/x/y/theta/t_err: -1.21723 -0.60452 0.23735 -0.22871 -0.35692 -0.40364 -0.35469 -0.40364 -0.35469 47.92247 0.00261 180.17406 -0.00298
target: -0.60452 0.03105
target: -0.60452 0.03105
fb: -0.30627 -0.04640 -0.87561 -0.73377
fb: -0.33761 -0.03672 -0.85995 -0.71810
dist/lin/ang/drive_left/drive_right/tv_l/tv_r/av_l/av_r/x/y/theta/t_err: -1.21048 -0.69088 0.22568 -0.30089 -0.37433 -0.40536 -0.47056 -0.40536 -0.47056 47.65664 0.00281 179.78421 0.00383
target: -0.69088 0.02952
target: -0.69088 0.02952
fb: -0.37049 -0.03623 -0.86147 -0.84110
fb: -0.35879 -0.04083 -0.86732 -0.84695
dist/lin/ang/drive_left/drive_right/tv_l/tv_r/av_l/av_r/x/y/theta/t_err: -1.20330 -0.77724 0.28557 -0.31796 -0.39962 -0.45242 -0.41408 -0.45242 -0.41408 47.37413 0.00464 179.45267 0.00965
target: -0.77724 0.03736
target: -0.77724 0.03736
fb: -0.42676 -0.03749 -0.95938 -0.84433
fb: -0.53907 -0.03128 -0.90322 -0.78818
dist/lin/ang/drive_left/drive_right/tv_l/tv_r/av_l/av_r/x/y/theta/t_err: -1.19252 -0.86360 0.35694 -0.50779 -0.57036 -0.38275 -0.63244 -0.38275 -0.63244 46.94970 0.00992 179.14439 0.01514
target: -0.86360 0.04669
target: -0.86360 0.04669
fb: -0.53708 -0.03317 -0.99590 -0.85489
fb: -0.51965 -0.04661 -1.00000 -0.86361
dist/lin/ang/drive_left/drive_right/tv_l/tv_r/av_l/av_r/x/y/theta/t_err: -1.18213 -0.94996 0.44548 -0.47304 -0.56627 -0.35350 -0.41889 -0.35350 -0.41889 46.54059 0.01710 178.82569 0.02086
target: -0.94996 0.05827
target: -0.94996 0.05827
fb: -0.58960 -0.05936 -1.00000 -0.88950
fb: -0.62270 -0.06118 -1.00000 -0.87295
dist/lin/ang/drive_left/drive_right/tv_l/tv_r/av_l/av_r/x/y/theta/t_err: -1.16968 -1.03632 0.66878 -0.56152 -0.68388 -0.69383 -0.51247 -0.69383 -0.51247 46.05043 0.02927 178.30977 0.03014
target: -1.03632 0.08748
target: -1.03632 0.08748
fb: -0.63616 -0.05532 -1.00000 -0.84607
fb: -0.67279 -0.04306 -1.00000 -0.82775
dist/lin/ang/drive_left/drive_right/tv_l/tv_r/av_l/av_r/x/y/theta/t_err: -1.15623 -1.12268 0.76451 -0.62973 -0.71585 -0.83414 -0.41167 -0.83414 -0.41167 45.52097 0.04710 177.85753 0.03843
target: -1.12268 0.10001
target: -1.12268 0.10001
fb: -0.70986 -0.02926 -1.00000 -0.95465
fb: -0.75267 -0.01721 -1.00000 -0.93325
dist/lin/ang/drive_left/drive_right/tv_l/tv_r/av_l/av_r/x/y/theta/t_err: -1.14119 -1.20904 0.74335 -0.73546 -0.76988 -0.88053 -0.43803 -0.88053 -0.43803 44.92879 0.07064 177.61832 0.04314
target: -1.20904 0.09724
target: -1.20904 0.09724
fb: -0.76789 -0.00899 -1.00000 -1.00000
fb: -0.79504 0.00000 -1.00000 -1.00000
dist/lin/ang/drive_left/drive_right/tv_l/tv_r/av_l/av_r/x/y/theta/t_err: -1.12531 -1.29540 0.68459 -0.79504 -0.79504 -0.89044 -0.51144 -0.89044 -0.51144 44.30333 0.09705 177.56810 0.04464
target: -1.29540 0.08955
target: -1.29540 0.08955
fb: -0.81644 0.01178 -1.00000 -1.00000
fb: -0.85329 0.02592 -1.00000 -1.00000
dist/lin/ang/drive_left/drive_right/tv_l/tv_r/av_l/av_r/x/y/theta/t_err: -1.10826 -1.38176 0.57874 -0.87921 -0.82737 -0.87111 -0.62214 -0.87111 -0.62214 43.63203 0.12489 177.70591 0.04290
target: -1.38176 0.07570
target: -1.38176 0.07570
fb: -0.92324 0.04417 -1.00000 -1.00000
fb: -0.92324 0.05874 -1.00000 -1.00000
dist/lin/ang/drive_left/drive_right/tv_l/tv_r/av_l/av_r/x/y/theta/t_err: -1.08981 -1.46812 0.36027 -0.98197 -0.86450 -0.85483 -0.77547 -0.85483 -0.77547 42.90556 0.15160 178.12412 0.03627
target: -1.46812 0.04713
target: -1.46812 0.04713
fb: -0.92898 0.06194 -1.00000 -1.00000
fb: -1.01040 0.05909 -1.00000 -1.00000
dist/lin/ang/drive_left/drive_right/tv_l/tv_r/av_l/av_r/x/y/theta/t_err: -1.06961 -1.55448 0.18559 -1.06948 -0.95131 -0.86325 -0.82697 -0.86325 -0.82697 42.11028 0.17390 178.65200 0.02766
target: -1.55448 0.02428
target: -1.55448 0.02428
fb: -1.08211 0.05421 -1.00000 -1.00000
fb: -1.10925 0.05212 -1.00000 -1.00000
dist/lin/ang/drive_left/drive_right/tv_l/tv_r/av_l/av_r/x/y/theta/t_err: -1.04743 -1.64084 0.09615 -1.16137 -1.05714 -0.87489 -0.86292 -0.87489 -0.86292 41.23702 0.19083 179.12276 0.01994
target: -1.64084 0.01258
target: -1.64084 0.01258
fb: -1.03953 0.05309 -1.00000 -1.00000
fb: -1.15405 0.05247 -1.00000 -1.00000
dist/lin/ang/drive_left/drive_right/tv_l/tv_r/av_l/av_r/x/y/theta/t_err: -1.02435 -1.72720 -0.01556 -1.20651 -1.10158 -0.87675 -0.87194 -0.87675 -0.87194 40.32838 0.20080 179.58483 0.01223
target: -1.72720 -0.00204
target: -1.72720 -0.00204
fb: -1.32462 0.05240 -1.00000 -1.00000
fb: -1.22179 0.04933 -1.00000 -1.00000
dist/lin/ang/drive_left/drive_right/tv_l/tv_r/av_l/av_r/x/y/theta/t_err: -0.99992 -1.76548 -0.12754 -1.27112 -1.17246 -0.87233 -0.86836 -0.87233 -0.86836 39.36635 0.20408 180.03870 0.00451
target: -1.76548 -0.01668
target: -1.76548 -0.01668
fb: -1.22775 0.04647 -1.00000 -1.00000
fb: -1.33808 0.04445 -1.00000 -1.00000
dist/lin/ang/drive_left/drive_right/tv_l/tv_r/av_l/av_r/x/y/theta/t_err: -0.97316 -1.77098 -0.21242 -1.38253 -1.29362 -0.88875 -0.88447 -0.88875 -0.88447 38.31276 0.19957 180.44308 -0.00252
target: -1.77098 -0.02779
target: -1.77098 -0.02779
fb: -1.34006 0.04557 -0.95566 -1.00000
fb: -1.41972 0.04557 -0.91583 -1.00000
dist/lin/ang/drive_left/drive_right/tv_l/tv_r/av_l/av_r/x/y/theta/t_err: -0.94476 -1.75188 -0.30963 -1.46529 -1.37415 -0.80200 -0.89847 -0.80200 -0.89847 37.19494 0.18705 180.82879 -0.00944
target: -1.75188 -0.04050
target: -1.75188 -0.04050
fb: -1.34580 0.04020 -0.82120 -0.99620
fb: -1.37691 0.03414 -0.80565 -0.98064
dist/lin/ang/drive_left/drive_right/tv_l/tv_r/av_l/av_r/x/y/theta/t_err: -0.91723 -1.73496 -0.38064 -1.41106 -1.34277 -0.77169 -0.82458 -0.77169 -0.82458 36.11092 0.16792 181.16075 -0.01561
target: -1.73496 -0.04979
target: -1.73496 -0.04979
fb: -1.52454 0.02411 -0.73438 -0.89098
fb: -1.43142 0.01826 -0.78094 -0.93754
dist/lin/ang/drive_left/drive_right/tv_l/tv_r/av_l/av_r/x/y/theta/t_err: -0.88860 -1.72404 -0.38491 -1.44967 -1.41316 -0.75664 -0.74125 -0.75664 -0.74125 34.98410 0.14302 181.35858 -0.01962
target: -1.72404 -0.05035
target: -1.72404 -0.05035
fb: -1.44091 0.01930 -0.82909 -0.90786
fb: -1.42546 0.01839 -0.83682 -0.91558
dist/lin/ang/drive_left/drive_right/tv_l/tv_r/av_l/av_r/x/y/theta/t_err: -0.86010 -1.71558 -0.40777 -1.44385 -1.40706 -0.75817 -0.72325 -0.75817 -0.72325 33.86204 0.11504 181.49774 -0.02274
target: -1.71558 -0.05334
target: -1.71558 -0.05334
fb: -1.41774 0.01728 -0.82994 -0.93459
fb: -1.53579 0.01749 -0.77091 -0.87556
dist/lin/ang/drive_left/drive_right/tv_l/tv_r/av_l/av_r/x/y/theta/t_err: -0.82939 -1.70699 -0.45559 -1.55328 -1.51830 -0.78108 -0.75306 -0.78108 -0.75306 32.65320 0.08203 181.62952 -0.02593
target: -1.70699 -0.05960
target: -1.70699 -0.05960
fb: -1.51858 0.01596 -0.75224 -0.89465
fb: -1.52829 0.01540 -0.74738 -0.88979
dist/lin/ang/drive_left/drive_right/tv_l/tv_r/av_l/av_r/x/y/theta/t_err: -0.79884 -1.69797 -0.50864 -1.54368 -1.51289 -0.76539 -0.76383 -0.76539 -0.76383 31.45036 0.04638 181.76254 -0.02929
target: -1.69797 -0.06654
target: -1.69797 -0.06654
fb: -1.62516 0.01442 -0.68128 -0.83914
fb: -1.56712 0.01442 -0.71029 -0.86816
dist/lin/ang/drive_left/drive_right/tv_l/tv_r/av_l/av_r/x/y/theta/t_err: -0.76751 -1.68833 -0.56693 -1.58155 -1.55270 -0.72908 -0.76058 -0.72908 -0.76058 30.21703 0.00703 181.89772 -0.03289
target: -1.68833 -0.07416
target: -1.68833 -0.07416
fb: -1.56116 0.01380 -0.69388 -0.86811
fb: -1.53601 0.00996 -0.70646 -0.88069
dist/lin/ang/drive_left/drive_right/tv_l/tv_r/av_l/av_r/x/y/theta/t_err: -0.73681 -1.67934 -0.61037 -1.54597 -1.52605 -0.69844 -0.79667 -0.69844 -0.79667 29.00828 -0.03426 182.01036 -0.03627
target: -1.67934 -0.07984
target: -1.67934 -0.07984
fb: -1.46231 0.00599 -0.74258 -0.90695
fb: -1.56690 0.00230 -0.69028 -0.85466
dist/lin/ang/drive_left/drive_right/tv_l/tv_r/av_l/av_r/x/y/theta/t_err: -0.70549 -1.67285 -0.62246 -1.56920 -1.56460 -0.70408 -0.79344 -0.70408 -0.79344 27.77528 -0.07813 182.05693 -0.03871
target: -1.67285 -0.08142
target: -1.67285 -0.08142
fb: -1.55543 -0.00132 -0.71757 -0.84713
fb: -1.47400 -0.00739 -0.75828 -0.88784
dist/lin/ang/drive_left/drive_right/tv_l/tv_r/av_l/av_r/x/y/theta/t_err: -0.67604 -1.66999 -0.60418 -1.46662 -1.48139 -0.70464 -0.78194 -0.70464 -0.78194 26.61539 -0.11959 182.02279 -0.03980
target: -1.66999 -0.07903
target: -1.66999 -0.07903
fb: -1.55918 -0.01296 -0.74701 -0.83762
fb: -1.55918 -0.01568 -0.74701 -0.83762
dist/lin/ang/drive_left/drive_right/tv_l/tv_r/av_l/av_r/x/y/theta/t_err: -0.64488 -1.67073 -0.56590 -1.54350 -1.57486 -0.72994 -0.79342 -0.72994 -0.79342 25.38841 -0.16172 181.89907 -0.03951
target: -1.67073 -0.07403
target: -1.67073 -0.07403
fb: -1.51659 -0.02007 -0.79859 -0.85893
fb: -1.62714 -0.02348 -0.74331 -0.80366
dist/lin/ang/drive_left/drive_right/tv_l/tv_r/av_l/av_r/x/y/theta/t_err: -0.61236 -1.67383 -0.52672 -1.60366 -1.65062 -0.73697 -0.80300 -0.73697 -0.80300 24.10783 -0.20216 181.71650 -0.03834
target: -1.67383 -0.06890
target: -1.67383 -0.06890
fb: -1.61567 -0.02689 -0.76523 -0.81767
fb: -1.66024 -0.02599 -0.74295 -0.79538
dist/lin/ang/drive_left/drive_right/tv_l/tv_r/av_l/av_r/x/y/theta/t_err: -0.57918 -1.67841 -0.48783 -1.63425 -1.68623 -0.74519 -0.78042 -0.74519 -0.78042 22.80107 -0.23873 181.49821 -0.03662
target: -1.67841 -0.06381
target: -1.67841 -0.06381
fb: -1.62118 -0.02362 -0.77579 -0.82175
fb: -1.57860 -0.02195 -0.79709 -0.84304
dist/lin/ang/drive_left/drive_right/tv_l/tv_r/av_l/av_r/x/y/theta/t_err: -0.54763 -1.65519 -0.47283 -1.55665 -1.60054 -0.73886 -0.77753 -0.73886 -0.77753 21.55845 -0.26894 181.29903 -0.03515
target: -1.65519 -0.06185
target: -1.65519 -0.06185
fb: -1.61545 -0.02209 -0.63358 -0.70501
fb: -1.60596 -0.02237 -0.63833 -0.70976
dist/lin/ang/drive_left/drive_right/tv_l/tv_r/av_l/av_r/x/y/theta/t_err: -0.51553 -1.60925 -0.45827 -1.58359 -1.62832 -0.76486 -0.77119 -0.76486 -0.77119 20.29419 -0.29543 181.10524 -0.03385
target: -1.60925 -0.05995
target: -1.60925 -0.05995
fb: -1.67370 -0.02299 -0.47274 -0.54211
fb: -1.56116 -0.02299 -0.52901 -0.59838
dist/lin/ang/drive_left/drive_right/tv_l/tv_r/av_l/av_r/x/y/theta/t_err: -0.48432 -1.56339 -0.43301 -1.53817 -1.58416 -0.63961 -0.68253 -0.63961 -0.68253 19.06512 -0.31702 180.90283 -0.03238
target: -1.56339 -0.05664
target: -1.56339 -0.05664
fb: -1.58853 -0.02181 -0.48240 -0.53470
fb: -1.66002 -0.02153 -0.44666 -0.49895
dist/lin/ang/drive_left/drive_right/tv_l/tv_r/av_l/av_r/x/y/theta/t_err: -0.45114 -1.51138 -0.42818 -1.63849 -1.68155 -0.53983 -0.58553 -0.53983 -0.58553 17.75815 -0.33549 180.71313 -0.03134
target: -1.51138 -0.05601
target: -1.51138 -0.05601
fb: -1.57087 -0.02167 -0.40764 -0.48311
fb: -1.57087 -0.02000 -0.40764 -0.48311
dist/lin/ang/drive_left/drive_right/tv_l/tv_r/av_l/av_r/x/y/theta/t_err: -0.41973 -1.45985 -0.41986 -1.55088 -1.59087 -0.47361 -0.53061 -0.47361 -0.53061 16.52131 -0.34890 180.53556 -0.03046
target: -1.45985 -0.05492
target: -1.45985 -0.05492
fb: -1.51262 -0.01895 -0.39448 -0.46435
fb: -1.51085 -0.02564 -0.39536 -0.46523
dist/lin/ang/drive_left/drive_right/tv_l/tv_r/av_l/av_r/x/y/theta/t_err: -0.38953 -1.40851 -0.40311 -1.48521 -1.53650 -0.49075 -0.52122 -0.49075 -0.52122 15.33170 -0.35816 180.35116 -0.02949
target: -1.40851 -0.05273
target: -1.40851 -0.05273
fb: -1.55940 -0.03205 -0.33159 -0.38854
fb: -1.41972 -0.03477 -0.40143 -0.45838
dist/lin/ang/drive_left/drive_right/tv_l/tv_r/av_l/av_r/x/y/theta/t_err: -0.36115 -1.36192 -0.32268 -1.38495 -1.45449 -0.47381 -0.51075 -0.47381 -0.51075 14.21382 -0.36248 180.07644 -0.02683
target: -1.36192 -0.04221
target: -1.36192 -0.04221
fb: -1.40406 -0.03073 -0.43032 -0.39816
fb: -1.44863 -0.02843 -0.40803 -0.37588
dist/lin/ang/drive_left/drive_right/tv_l/tv_r/av_l/av_r/x/y/theta/t_err: -0.33219 -1.31109 -0.29488 -1.42020 -1.47706 -0.45103 -0.48067 -0.45103 -0.48067 13.07316 -0.36139 179.81726 -0.02445
target: -1.31109 -0.03857
target: -1.31109 -0.03857
fb: -1.36919 -0.03003 -0.35594 -0.38084
fb: -1.35176 -0.02954 -0.36465 -0.38955
dist/lin/ang/drive_left/drive_right/tv_l/tv_r/av_l/av_r/x/y/theta/t_err: -0.30516 -1.26157 -0.25586 -1.32222 -1.38130 -0.44350 -0.44506 -0.44350 -0.44506 12.00880 -0.35561 179.56148 -0.02195
target: -1.26157 -0.03347
target: -1.26157 -0.03347
fb: -1.32065 -0.02857 -0.35040 -0.35521
fb: -1.26636 -0.02627 -0.37754 -0.38235
dist/lin/ang/drive_left/drive_right/tv_l/tv_r/av_l/av_r/x/y/theta/t_err: -0.27984 -1.21272 -0.22253 -1.24010 -1.29263 -0.41664 -0.43375 -0.41664 -0.43375 11.01172 -0.34583 179.31996 -0.01953
target: -1.21272 -0.02911
target: -1.21272 -0.02911
fb: -1.32859 -0.02404 -0.30414 -0.30976
fb: -1.29373 -0.02014 -0.32157 -0.32719
dist/lin/ang/drive_left/drive_right/tv_l/tv_r/av_l/av_r/x/y/theta/t_err: -0.25397 -1.15802 -0.22414 -1.27359 -1.31386 -0.39578 -0.40778 -0.39578 -0.40778 9.99313 -0.33203 179.13022 -0.01803
target: -1.15802 -0.02932
target: -1.15802 -0.02932
fb: -1.16552 -0.01686 -0.29177 -0.33877
fb: -1.11301 -0.01519 -0.31803 -0.36503
dist/lin/ang/drive_left/drive_right/tv_l/tv_r/av_l/av_r/x/y/theta/t_err: -0.23171 -1.10749 -0.23039 -1.09782 -1.12820 -0.35539 -0.36500 -0.35539 -0.36500 9.11686 -0.31765 178.99262 -0.01725
target: -1.10749 -0.03014
target: -1.10749 -0.03014
fb: -1.14610 -0.01387 -0.26881 -0.32233
fb: -1.11720 -0.01387 -0.28327 -0.33678
dist/lin/ang/drive_left/drive_right/tv_l/tv_r/av_l/av_r/x/y/theta/t_err: -0.20937 -1.05342 -0.23388 -1.10333 -1.13106 -0.33539 -0.35897 -0.33539 -0.35897 8.23733 -0.30128 178.87001 -0.01684
target: -1.05342 -0.03059
target: -1.05342 -0.03059
fb: -1.05321 -0.01477 -0.25321 -0.30405
fb: -1.06270 -0.01728 -0.24846 -0.29931
dist/lin/ang/drive_left/drive_right/tv_l/tv_r/av_l/av_r/x/y/theta/t_err: -0.18812 -0.99939 -0.22259 -1.04542 -1.07997 -0.30919 -0.34836 -0.30919 -0.34836 7.40075 -0.28384 178.73700 -0.01629
target: -0.99939 -0.02912
target: -0.99939 -0.02912
fb: -1.05696 -0.01895 -0.21192 -0.24333
fb: -0.95612 -0.02132 -0.26234 -0.29376
dist/lin/ang/drive_left/drive_right/tv_l/tv_r/av_l/av_r/x/y/theta/t_err: -0.16900 -0.97178 -0.18858 -0.93480 -0.97744 -0.27908 -0.31858 -0.27908 -0.31858 6.64810 -0.26625 178.57090 -0.01509
target: -0.97178 -0.02467
target: -0.97178 -0.02467
fb: -0.95413 -0.02341 -0.36024 -0.35892
fb: -0.94464 -0.02439 -0.36498 -0.36367
dist/lin/ang/drive_left/drive_right/tv_l/tv_r/av_l/av_r/x/y/theta/t_err: -0.15009 -0.91582 -0.07985 -0.92026 -0.96903 -0.27497 -0.30422 -0.27497 -0.30422 5.90455 -0.24649 178.36945 -0.01157
target: -0.91582 -0.01045
target: -0.91582 -0.01045
fb: -0.86697 -0.02432 -0.29294 -0.18455
fb: -0.87072 -0.02453 -0.29106 -0.18268
dist/lin/ang/drive_left/drive_right/tv_l/tv_r/av_l/av_r/x/y/theta/t_err: -0.13268 -0.86107 -0.02309 -0.84620 -0.89525 -0.31486 -0.31381 -0.31486 -0.31381 5.21926 -0.22574 178.15961 -0.00791
target: -0.86107 -0.00302
target: -0.86107 -0.00302
fb: -0.78533 -0.02237 -0.26315 -0.20595
fb: -0.79128 -0.01902 -0.26017 -0.20297
dist/lin/ang/drive_left/drive_right/tv_l/tv_r/av_l/av_r/x/y/theta/t_err: -0.11686 -0.80810 0.01104 -0.77226 -0.81031 -0.29925 -0.23614 -0.29925 -0.23614 4.59656 -0.20467 177.97729 -0.00472
target: -0.80810 0.00144
target: -0.80810 0.00144
fb: -0.88440 -0.01212 -0.16214 -0.12557
fb: -0.80298 0.00000 -0.20285 -0.16628
dist/lin/ang/drive_left/drive_right/tv_l/tv_r/av_l/av_r/x/y/theta/t_err: -0.10080 -0.75053 -0.01915 -0.80298 -0.80298 -0.26831 -0.21528 -0.26831 -0.21528 3.96470 -0.18185 177.90570 -0.00348
target: -0.75053 -0.00251
target: -0.75053 -0.00251
fb: -0.70611 0.01024 -0.13991 -0.18431
fb: -0.70192 0.01449 -0.14201 -0.18640
dist/lin/ang/drive_left/drive_right/tv_l/tv_r/av_l/av_r/x/y/theta/t_err: -0.08676 -0.69631 -0.11873 -0.71641 -0.68742 -0.21097 -0.17967 -0.21097 -0.17967 3.41237 -0.16207 178.00483 -0.00521
target: -0.69631 -0.01553
target: -0.69631 -0.01553
fb: -0.67875 0.01533 -0.06801 -0.21150
fb: -0.68073 0.01414 -0.06702 -0.21051
dist/lin/ang/drive_left/drive_right/tv_l/tv_r/av_l/av_r/x/y/theta/t_err: -0.07315 -0.63933 -0.16921 -0.69488 -0.66659 -0.16186 -0.20108 -0.16186 -0.20108 2.87666 -0.14405 178.14079 -0.00758
target: -0.63933 -0.02213
target: -0.63933 -0.02213
fb: -0.64764 0.00843 0.07289 -0.13966
fb: -0.59931 -0.00237 -0.06932 -0.16382
dist/lin/ang/drive_left/drive_right/tv_l/tv_r/av_l/av_r/x/y/theta/t_err: -0.06116 -0.58460 -0.14465 -0.59694 -0.60168 -0.07769 -0.19867 -0.07769 -0.19867 2.40500 -0.12903 178.19122 -0.00846
target: -0.58460 -0.01892
target: -0.58460 -0.01892
fb: -0.56820 -0.01693 -0.09032 -0.09212
fb: -0.47905 -0.03289 -0.13489 -0.13670
dist/lin/ang/drive_left/drive_right/tv_l/tv_r/av_l/av_r/x/y/theta/t_err: -0.05158 -0.53688 0.00145 -0.44616 -0.51194 -0.06450 -0.16103 -0.06450 -0.16103 2.02800 -0.11669 178.01121 -0.00532
target: -0.53688 0.00019
target: -0.53688 0.00019
fb: -0.46559 -0.04543 -0.21055 0.08423
fb: -0.47707 -0.05100 -0.20481 0.08996
dist/lin/ang/drive_left/drive_right/tv_l/tv_r/av_l/av_r/x/y/theta/t_err: -0.04205 -0.48473 0.20069 -0.42606 -0.52807 -0.14064 -0.07203 -0.14064 -0.07203 1.65262 -0.10244 177.60829 0.00172
target: -0.48473 0.02625
target: -0.48473 0.02625
fb: -0.44992 -0.04529 -0.26635 0.08633
fb: -0.44794 -0.02801 -0.26734 0.08533
dist/lin/ang/drive_left/drive_right/tv_l/tv_r/av_l/av_r/x/y/theta/t_err: -0.03309 -0.43004 0.26470 -0.41993 -0.47595 -0.20358 0.05958 -0.20358 0.05958 1.30027 -0.08658 177.26042 0.00779
target: -0.43004 0.03463
target: -0.43004 0.03463
fb: -0.38020 -0.00481 -0.17454 -0.05767
fb: -0.34335 0.02055 -0.19296 -0.07610
dist/lin/ang/drive_left/drive_right/tv_l/tv_r/av_l/av_r/x/y/theta/t_err: -0.02623 -0.38283 0.10110 -0.36390 -0.32279 -0.24181 0.01558 -0.24181 0.01558 1.03024 -0.07357 177.27756 0.00749
target: -0.38283 0.01322
target: -0.38283 0.01322
fb: -0.32768 0.04369 0.05166 -0.20616
fb: -0.27737 0.06027 -0.05154 -0.23132
dist/lin/ang/drive_left/drive_right/tv_l/tv_r/av_l/av_r/x/y/theta/t_err: -0.02067 -0.33990 -0.17923 -0.33764 -0.21710 -0.16992 -0.11500 -0.16992 -0.11500 0.81205 -0.06389 177.69503 0.00020
target: -0.33990 -0.02344
target: -0.33990 -0.02344
fb: -0.27737 0.06563 0.14858 -0.29580
fb: -0.28112 0.06229 0.15046 -0.29392
dist/lin/ang/drive_left/drive_right/tv_l/tv_r/av_l/av_r/x/y/theta/t_err: -0.01504 -0.28994 -0.38378 -0.34341 -0.21883 -0.02908 -0.21097 -0.02908 -0.21097 0.59084 -0.05605 178.25596 -0.00959
target: -0.28994 -0.05020
target: -0.28994 -0.05020
fb: -0.27340 0.05706 0.17744 -0.21359
fb: -0.26766 0.05212 0.17457 -0.21646
dist/lin/ang/drive_left/drive_right/tv_l/tv_r/av_l/av_r/x/y/theta/t_err: -0.00968 -0.23260 -0.47616 -0.31978 -0.21554 0.12492 -0.26572 0.12492 -0.26572 0.38015 -0.05054 178.74497 -0.01812
target: -0.23260 -0.06229
target: -0.23260 -0.06229
fb: -0.23456 0.03693 0.16474 -0.11042
fb: -0.21911 0.00390 0.15701 -0.11815
dist/lin/ang/drive_left/drive_right/tv_l/tv_r/av_l/av_r/x/y/theta/t_err: -0.00529 -0.00132 -0.42875 -0.22302 -0.21521 0.14903 -0.19661 0.14903 -0.19661 0.20765 -0.04722 178.98571 -0.02232
target: -0.00132 -0.05608
target: -0.00132 -0.05608
fb: -0.20190 -0.03268 0.61104 0.59659
fb: -0.16483 -0.05943 0.51075 0.49630
dist/lin/ang/drive_left/drive_right/tv_l/tv_r/av_l/av_r/x/y/theta/t_err: -0.00200 -0.00050 -0.09381 -0.10540 -0.22427 0.18394 -0.09103 0.18394 -0.09103 0.07789 -0.04464 178.65223 -0.01650
target: -0.00050 -0.01227
target: -0.00050 -0.01227
fb: -0.14718 -0.07741 -0.22650 0.23432
fb: -0.12423 -0.09392 -0.22650 0.23432
dist/lin/ang/drive_left/drive_right/tv_l/tv_r/av_l/av_r/x/y/theta/t_err: 0.00047 0.00012 0.24958 -0.03031 -0.21815 0.20603 0.34614 0.20603 0.34614 -0.01989 -0.04181 177.94308 -0.00413
target: 0.00012 0.03265
target: 0.00012 0.03265
fb: -0.07966 -0.10465 -0.26175 0.26920
fb: -0.04457 -0.09504 -0.26175 0.26920
increased max accel to 3.68300
increased max accel to 3.81000
increased max accel to 3.93700
increased max accel to 4.06400
start is 0.00000 0.00000
dist/lin/ang/drive_left/drive_right/tv_l/tv_r/av_l/av_r/x/y/theta/t_err: 1.21920 0.08636 -0.00000 0.00000 0.00000 -0.00017 0.00000 -0.00017 0.00000 0.00000 0.00000 0.00002 -0.00000
target: 0.08636 -0.00000
target: 0.08636 -0.00000
fb: 0.00000 0.00000 0.24370 0.24859
fb: 0.00000 0.00000 0.24370 0.24859
dist/lin/ang/drive_left/drive_right/tv_l/tv_r/av_l/av_r/x/y/theta/t_err: 1.21920 0.17272 -0.00002 0.00000 0.00000 -0.00017 0.05322 -0.00017 0.05322 0.00000 0.00000 0.00004 -0.00000
target: 0.17272 -0.00000
target: 0.17272 -0.00000
fb: 0.00000 0.00000 0.27566 0.28053
fb: 0.00000 0.00000 0.27566 0.28053
dist/lin/ang/drive_left/drive_right/tv_l/tv_r/av_l/av_r/x/y/theta/t_err: 1.21920 0.25908 0.00008 0.00000 0.00000 0.20583 0.22089 0.20583 0.22089 0.00000 0.00000 -0.00008 0.00000
target: 0.25908 0.00001
target: 0.25908 0.00001
fb: 0.00000 0.00411 0.43708 0.44210
fb: 0.00000 0.02007 0.43708 0.44210
dist/lin/ang/drive_left/drive_right/tv_l/tv_r/av_l/av_r/x/y/theta/t_err: 1.21920 0.34544 -0.00670 -0.02007 0.02007 0.26625 0.28886 0.26625 0.28886 0.00000 0.00000 0.00966 -0.00017
target: 0.34544 -0.00088
target: 0.34544 -0.00088
fb: 0.00000 0.01839 0.51685 0.51260
fb: 0.07944 0.00794 0.47713 0.47288
dist/lin/ang/drive_left/drive_right/tv_l/tv_r/av_l/av_r/x/y/theta/t_err: 1.21920 0.43180 -0.11395 0.07149 0.08738 0.39250 0.41064 0.39250 0.41064 0.00000 0.00000 0.17141 -0.00299
target: 0.43180 -0.01491
target: 0.43180 -0.01491
fb: 0.18028 0.00167 0.57039 0.42904
fb: 0.22507 -0.00181 0.54800 0.40664
dist/lin/ang/drive_left/drive_right/tv_l/tv_r/av_l/av_r/x/y/theta/t_err: 1.21559 0.51816 -0.08522 0.22688 0.22326 0.45364 0.41492 0.45364 0.41492 0.14195 0.00052 0.23147 -0.00405
target: 0.51816 -0.01115
target: 0.51816 -0.01115
fb: 0.24250 -0.00453 0.74578 0.76997
fb: 0.29281 -0.00759 0.72062 0.74482
dist/lin/ang/drive_left/drive_right/tv_l/tv_r/av_l/av_r/x/y/theta/t_err: 1.21074 0.60452 -0.04510 0.30041 0.28522 0.49111 0.42194 0.49111 0.42194 0.33290 0.00127 0.21079 -0.00371
target: 0.60452 -0.00590
target: 0.60452 -0.00590
fb: 0.35879 -0.01087 0.75608 0.80078
fb: 0.37424 -0.01178 0.74836 0.79306
dist/lin/ang/drive_left/drive_right/tv_l/tv_r/av_l/av_r/x/y/theta/t_err: 1.20357 0.69088 -0.00554 0.38601 0.36246 0.42228 0.38022 0.42228 0.38022 0.61541 0.00215 0.13981 -0.00249
target: 0.69088 -0.00072
target: 0.69088 -0.00072
fb: 0.43426 -0.01554 0.79388 0.84493
fb: 0.50619 -0.01498 0.75791 0.80896
dist/lin/ang/drive_left/drive_right/tv_l/tv_r/av_l/av_r/x/y/theta/t_err: 1.19488 0.77724 0.03923 0.52117 0.49121 0.52444 0.42178 0.52444 0.42178 0.95734 0.00265 0.02999 -0.00058
target: 0.77724 0.00513
target: 0.77724 0.00513
fb: 0.51987 -0.01400 0.82275 0.88785
fb: 0.54701 -0.01888 0.80918 0.87428
dist/lin/ang/drive_left/drive_right/tv_l/tv_r/av_l/av_r/x/y/theta/t_err: 1.18449 0.86360 0.07915 0.56590 0.52813 0.55403 0.46767 0.55403 0.46767 1.36669 0.00242 -0.09675 0.00164
target: 0.86360 0.01035
target: 0.86360 0.01035
fb: 0.60703 -0.02014 0.85719 0.92365
fb: 0.60880 -0.01714 0.85631 0.92277
dist/lin/ang/drive_left/drive_right/tv_l/tv_r/av_l/av_r/x/y/theta/t_err: 1.17235 0.94996 0.13503 0.62594 0.59166 0.52308 0.43856 0.52308 0.43856 1.84467 0.00094 -0.25640 0.00445
target: 0.94996 0.01766
target: 0.94996 0.01766
fb: 0.63219 -0.01839 0.90899 1.00000
fb: 0.64013 -0.02334 0.90502 1.00000
dist/lin/ang/drive_left/drive_right/tv_l/tv_r/av_l/av_r/x/y/theta/t_err: 1.15970 1.03632 0.17502 0.66347 0.61679 0.65003 0.59717 0.65003 0.59717 2.34245 -0.00200 -0.41290 0.00725
target: 1.03632 0.02289
target: 1.03632 0.02289
fb: 0.70015 -0.02787 0.95953 1.00000
fb: 0.79702 -0.02153 0.91109 0.99457
dist/lin/ang/drive_left/drive_right/tv_l/tv_r/av_l/av_r/x/y/theta/t_err: 1.14570 1.12268 0.25487 0.81855 0.77549 0.29719 0.38756 0.29719 0.38756 2.89373 -0.00702 -0.62370 0.01104
target: 1.12268 0.03334
target: 1.12268 0.03334
fb: 0.73899 -0.01819 0.98832 1.00000
fb: 0.70214 -0.01150 1.00000 1.00000
dist/lin/ang/drive_left/drive_right/tv_l/tv_r/av_l/av_r/x/y/theta/t_err: 1.13092 1.20904 0.29657 0.71363 0.69064 0.57303 0.51331 0.57303 0.51331 3.47556 -0.01432 -0.81214 0.01450
target: 1.20904 0.03879
target: 1.20904 0.03879
fb: 0.75620 -0.00948 1.00000 1.00000
fb: 0.80673 -0.01129 1.00000 1.00000
dist/lin/ang/drive_left/drive_right/tv_l/tv_r/av_l/av_r/x/y/theta/t_err: 1.11580 1.29540 0.28534 0.81802 0.79544 0.57511 0.63789 0.57511 0.63789 4.07093 -0.02333 -0.90915 0.01640
target: 1.29540 0.03733
target: 1.29540 0.03733
fb: 0.85925 -0.01198 1.00000 1.00000
fb: 0.94641 -0.01087 1.00000 1.00000
dist/lin/ang/drive_left/drive_right/tv_l/tv_r/av_l/av_r/x/y/theta/t_err: 1.09862 1.38176 0.31407 0.95728 0.93554 0.69214 0.76128 0.69214 0.76128 4.74740 -0.03462 -1.00436 0.01833
target: 1.38176 0.04108
target: 1.38176 0.04108
fb: 0.92500 -0.01031 1.00000 1.00000
fb: 0.93096 -0.01198 1.00000 1.00000
dist/lin/ang/drive_left/drive_right/tv_l/tv_r/av_l/av_r/x/y/theta/t_err: 1.08012 1.46812 0.34161 0.94295 0.91898 0.83672 0.84117 0.83672 0.84117 5.47563 -0.04795 -1.09561 0.02025
target: 1.46812 0.04469
target: 1.46812 0.04469
fb: 0.99892 -0.00613 1.00000 1.00000
fb: 1.00643 0.00000 1.00000 1.00000
dist/lin/ang/drive_left/drive_right/tv_l/tv_r/av_l/av_r/x/y/theta/t_err: 1.06015 1.55448 0.36433 1.00643 1.00643 0.86050 0.85433 0.86050 0.85433 6.26203 -0.06360 -1.17548 0.02204
target: 1.55448 0.04766
target: 1.55448 0.04766
fb: 1.04725 0.00000 1.00000 1.00000
fb: 1.09006 0.00181 1.00000 1.00000
dist/lin/ang/drive_left/drive_right/tv_l/tv_r/av_l/av_r/x/y/theta/t_err: 1.03921 1.64084 0.34106 1.08825 1.09187 0.86275 0.85742 0.86275 0.85742 7.08646 -0.08060 -1.18107 0.02258
target: 1.64084 0.04461
target: 1.64084 0.04461
fb: 1.17523 -0.00460 1.00000 1.00000
fb: 1.26835 -0.00404 1.00000 1.00000
dist/lin/ang/drive_left/drive_right/tv_l/tv_r/av_l/av_r/x/y/theta/t_err: 1.01571 1.71420 0.35395 1.27239 1.26431 0.86461 0.86103 0.86461 0.86103 8.01164 -0.09966 -1.18957 0.02325
target: 1.71420 0.04630
target: 1.71420 0.04630
fb: 1.23724 -0.00167 1.00000 1.00000
fb: 1.28181 -0.00230 1.00000 1.00000
dist/lin/ang/drive_left/drive_right/tv_l/tv_r/av_l/av_r/x/y/theta/t_err: 0.99097 1.71163 0.37476 1.28411 1.27951 0.88481 0.87797 0.88481 0.87797 8.98563 -0.12007 -1.21055 0.02421
target: 1.71163 0.04902
target: 1.71163 0.04902
fb: 1.34602 -0.00209 0.88983 0.98628
fb: 1.29946 0.00000 0.91311 1.00000
dist/lin/ang/drive_left/drive_right/tv_l/tv_r/av_l/av_r/x/y/theta/t_err: 0.96406 1.70919 0.38676 1.29946 1.29946 0.84803 0.77289 0.84803 0.77289 10.04525 -0.14258 -1.22354 0.02511
target: 1.70919 0.05059
target: 1.70919 0.05059
fb: 1.36721 -0.00105 0.88165 0.96982
fb: 1.44289 -0.00543 0.84381 0.93198
dist/lin/ang/drive_left/drive_right/tv_l/tv_r/av_l/av_r/x/y/theta/t_err: 0.93672 1.70662 0.40176 1.44833 1.43746 0.76792 0.72208 0.76792 0.72208 11.12155 -0.16570 -1.23594 0.02606
target: 1.70662 0.05255
target: 1.70662 0.05255
fb: 1.38486 -0.00766 0.86691 0.96124
fb: 1.41972 -0.01205 0.84947 0.94381
dist/lin/ang/drive_left/drive_right/tv_l/tv_r/av_l/av_r/x/y/theta/t_err: 0.90903 1.70233 0.44100 1.43178 1.40767 0.78608 0.73800 0.78608 0.73800 12.21172 -0.18957 -1.28137 0.02766
target: 1.70233 0.05769
target: 1.70233 0.05769
fb: 1.42546 -0.01547 0.81808 0.94783
fb: 1.43517 -0.01902 0.81322 0.94298
dist/lin/ang/drive_left/drive_right/tv_l/tv_r/av_l/av_r/x/y/theta/t_err: 0.88054 1.69497 0.50946 1.45419 1.41615 0.77789 0.85486 0.77789 0.85486 13.33383 -0.21558 -1.38576 0.03040
target: 1.69497 0.06664
target: 1.69497 0.06664
fb: 1.56315 -0.02090 0.70708 0.88322
fb: 1.45834 -0.01686 0.75948 0.93563
dist/lin/ang/drive_left/drive_right/tv_l/tv_r/av_l/av_r/x/y/theta/t_err: 0.84929 1.68402 0.60290 1.47520 1.44148 0.78231 0.82183 0.78231 0.82183 14.56425 -0.24709 -1.55369 0.03451
target: 1.68402 0.07886
target: 1.68402 0.07886
fb: 1.52034 -0.00899 0.68125 0.90316
fb: 1.63288 -0.00425 0.62498 0.84689
dist/lin/ang/drive_left/drive_right/tv_l/tv_r/av_l/av_r/x/y/theta/t_err: 0.81890 1.67473 0.63847 1.63713 1.62863 0.72653 0.77544 0.72653 0.77544 15.76089 -0.28108 -1.67791 0.03800
target: 1.67473 0.08352
target: 1.67473 0.08352
fb: 1.50115 -0.00111 0.71998 0.88000
fb: 1.53226 0.00223 0.70442 0.86444
dist/lin/ang/drive_left/drive_right/tv_l/tv_r/av_l/av_r/x/y/theta/t_err: 0.78890 1.66924 0.63300 1.53003 1.53449 0.65500 0.77239 0.65500 0.77239 16.94238 -0.31616 -1.71307 0.04008
target: 1.66924 0.08280
target: 1.66924 0.08280
fb: 1.57860 0.00453 0.71608 0.82682
fb: 1.51836 0.01031 0.74620 0.85694
dist/lin/ang/drive_left/drive_right/tv_l/tv_r/av_l/av_r/x/y/theta/t_err: 0.75736 1.66614 0.62753 1.50805 1.52867 0.69506 0.77550 0.69506 0.77550 18.18482 -0.35305 -1.68519 0.04125
target: 1.66614 0.08209
target: 1.66614 0.08209
fb: 1.54770 0.01512 0.73873 0.84851
fb: 1.55366 0.01777 0.73575 0.84553
dist/lin/ang/drive_left/drive_right/tv_l/tv_r/av_l/av_r/x/y/theta/t_err: 0.72643 1.66609 0.59890 1.53590 1.57143 0.72431 0.75956 0.72431 0.75956 19.40298 -0.38796 -1.58742 0.04127
target: 1.66609 0.07834
target: 1.66609 0.07834
fb: 1.53601 0.01763 0.77289 0.85038
fb: 1.65031 0.01770 0.71574 0.79323
dist/lin/ang/drive_left/drive_right/tv_l/tv_r/av_l/av_r/x/y/theta/t_err: 0.69574 1.66849 0.56260 1.63261 1.66801 0.73475 0.79428 0.73475 0.79428 20.61202 -0.41984 -1.43447 0.04036
target: 1.66849 0.07359
target: 1.66849 0.07359
fb: 1.64060 0.02035 0.74025 0.80235
fb: 1.59228 0.02104 0.76441 0.82651
dist/lin/ang/drive_left/drive_right/tv_l/tv_r/av_l/av_r/x/y/theta/t_err: 0.66295 1.67073 0.55175 1.57124 1.61332 0.72444 0.76519 0.72444 0.76519 21.90347 -0.45050 -1.27507 0.03952
target: 1.67073 0.07217
target: 1.67073 0.07217
fb: 1.62913 0.02278 0.73340 0.82356
fb: 1.61346 0.02383 0.74123 0.83139
dist/lin/ang/drive_left/drive_right/tv_l/tv_r/av_l/av_r/x/y/theta/t_err: 0.63039 1.67429 0.51984 1.58963 1.63729 0.73458 0.78556 0.73458 0.78556 23.18597 -0.47694 -1.08588 0.03817
target: 1.67429 0.06800
target: 1.67429 0.06800
fb: 1.62339 0.02292 0.75997 0.81975
fb: 1.67966 0.02432 0.73183 0.79161
dist/lin/ang/drive_left/drive_right/tv_l/tv_r/av_l/av_r/x/y/theta/t_err: 0.59795 1.67865 0.48864 1.65534 1.70398 0.73578 0.78058 0.73578 0.78058 24.46404 -0.49885 -0.87875 0.03653
target: 1.67865 0.06392
target: 1.67865 0.06392
fb: 1.62516 0.02515 0.76853 0.82369
fb: 1.62317 0.02473 0.76952 0.82468
dist/lin/ang/drive_left/drive_right/tv_l/tv_r/av_l/av_r/x/y/theta/t_err: 0.56547 1.68342 0.45871 1.59844 1.64790 0.73711 0.77494 0.73711 0.77494 25.74358 -0.51611 -0.66163 0.03473
target: 1.68342 0.06000
target: 1.68342 0.06000
fb: 1.61170 0.02564 0.78319 0.83458
fb: 1.58831 0.02550 0.79488 0.84628
dist/lin/ang/drive_left/drive_right/tv_l/tv_r/av_l/av_r/x/y/theta/t_err: 0.53325 1.68828 0.43165 1.56280 1.61381 0.75747 0.79858 0.75747 0.79858 27.01257 -0.52845 -0.44325 0.03291
target: 1.68828 0.05646
target: 1.68828 0.05646
fb: 1.77256 0.02662 0.70818 0.75822
fb: 1.71452 0.02864 0.73719 0.78723
dist/lin/ang/drive_left/drive_right/tv_l/tv_r/av_l/av_r/x/y/theta/t_err: 0.49782 1.69267 0.41216 1.68589 1.74316 0.75153 0.79017 0.75153 0.79017 28.40826 -0.53648 -0.22275 0.03126
target: 1.69267 0.05392
target: 1.69267 0.05392
fb: 1.64060 0.02968 0.77357 0.82912
fb: 1.74144 0.02926 0.72315 0.77870
dist/lin/ang/drive_left/drive_right/tv_l/tv_r/av_l/av_r/x/y/theta/t_err: 0.46502 1.69881 0.36276 1.71218 1.77071 0.73339 0.76828 0.73339 0.76828 29.70007 -0.53867 0.02612 0.02897
target: 1.69881 0.04745
target: 1.69881 0.04745
fb: 1.64855 0.02919 0.80410 0.81578
fb: 1.59426 0.02940 0.83125 0.84292
dist/lin/ang/drive_left/drive_right/tv_l/tv_r/av_l/av_r/x/y/theta/t_err: 0.43206 1.70540 0.32329 1.56486 1.62367 0.74500 0.77156 0.74500 0.77156 30.99813 -0.53524 0.28363 0.02652
target: 1.70540 0.04229
target: 1.70540 0.04229
fb: 1.73394 0.03066 0.76678 0.78324
fb: 1.74343 0.02954 0.76204 0.77849
dist/lin/ang/drive_left/drive_right/tv_l/tv_r/av_l/av_r/x/y/theta/t_err: 0.39739 1.71210 0.28633 1.71389 1.77297 0.78592 0.78881 0.78592 0.78881 32.36340 -0.52526 0.54690 0.02403
target: 1.71210 0.03745
target: 1.71210 0.03745
fb: 1.62118 0.02669 0.83150 0.84444
fb: 1.75534 0.02501 0.76442 0.77736
dist/lin/ang/drive_left/drive_right/tv_l/tv_r/av_l/av_r/x/y/theta/t_err: 0.36498 1.66472 0.25497 1.73033 1.78036 0.77700 0.77514 0.77700 0.77514 33.63984 -0.51033 0.79390 0.02167
target: 1.66472 0.03335
target: 1.66472 0.03335
fb: 1.77256 0.02313 0.49583 0.50982
fb: 1.66973 0.02202 0.54724 0.56124
dist/lin/ang/drive_left/drive_right/tv_l/tv_r/av_l/av_r/x/y/theta/t_err: 0.32954 1.58560 0.25451 1.64771 1.69175 0.72053 0.77717 0.72053 0.77717 35.03538 -0.48848 1.00292 0.02016
target: 1.58560 0.03329
target: 1.58560 0.03329
fb: 1.68142 0.02223 0.32414 0.37437
fb: 1.65428 0.02146 0.33771 0.38794
dist/lin/ang/drive_left/drive_right/tv_l/tv_r/av_l/av_r/x/y/theta/t_err: 0.29591 1.50544 0.24382 1.63282 1.67574 0.57817 0.60917 0.57817 0.60917 36.35909 -0.46314 1.19373 0.01893
target: 1.50544 0.03189
target: 1.50544 0.03189
fb: 1.56139 0.01895 0.31397 0.35022
fb: 1.64855 0.01805 0.27039 0.30664
dist/lin/ang/drive_left/drive_right/tv_l/tv_r/av_l/av_r/x/y/theta/t_err: 0.26469 1.42604 0.23510 1.63050 1.66659 0.44864 0.49042 0.44864 0.49042 37.58822 -0.43565 1.36851 0.01793
target: 1.42604 0.03075
target: 1.42604 0.03075
fb: 1.76858 0.01749 0.14069 0.17767
fb: 1.68142 0.01867 0.18427 0.22125
dist/lin/ang/drive_left/drive_right/tv_l/tv_r/av_l/av_r/x/y/theta/t_err: 0.22932 1.32728 0.26151 1.66275 1.70010 0.35128 0.40464 0.35128 0.40464 38.98037 -0.40066 1.51384 0.01797
target: 1.32728 0.03421
target: 1.32728 0.03421
fb: 1.56315 0.02223 -0.06504 0.13588
fb: 1.44091 0.02641 0.11413 0.19700
dist/lin/ang/drive_left/drive_right/tv_l/tv_r/av_l/av_r/x/y/theta/t_err: 0.19807 1.23414 0.24778 1.41450 1.46731 0.22961 0.31383 0.22961 0.31383 40.21072 -0.36650 1.68281 0.01765
target: 1.23414 0.03241
target: 1.23414 0.03241
fb: 1.47003 0.02306 0.06203 0.09518
fb: 1.37890 0.02285 0.10759 0.14074
dist/lin/ang/drive_left/drive_right/tv_l/tv_r/av_l/av_r/x/y/theta/t_err: 0.16867 1.17088 0.21718 1.35605 1.40175 0.16306 0.27806 0.16306 0.27806 41.36766 -0.33029 1.89604 0.01667
target: 1.17088 0.02841
target: 1.17088 0.02841
fb: 1.23746 0.02689 0.25282 0.26069
fb: 1.22951 0.02996 0.25679 0.26466
dist/lin/ang/drive_left/drive_right/tv_l/tv_r/av_l/av_r/x/y/theta/t_err: 0.14391 1.08152 0.09683 1.19955 1.25947 0.17214 0.24211 0.17214 0.24211 42.34144 -0.29634 2.10614 0.01300
target: 1.08152 0.01267
target: 1.08152 0.01267
fb: 1.18693 0.03393 0.15566 -0.09113
fb: 1.12889 0.03379 0.18468 0.06572
dist/lin/ang/drive_left/drive_right/tv_l/tv_r/av_l/av_r/x/y/theta/t_err: 0.12018 0.98833 0.00144 1.09510 1.16269 0.24861 0.26181 0.24861 0.26181 43.27532 -0.25990 2.37748 0.00826
target: 0.98833 0.00019
target: 0.98833 0.00019
fb: 1.03555 0.03665 0.12485 -0.10935
fb: 0.96958 0.03163 0.15784 -0.07636
dist/lin/ang/drive_left/drive_right/tv_l/tv_r/av_l/av_r/x/y/theta/t_err: 0.09947 0.89918 -0.08758 0.93794 1.00121 0.21558 0.10164 0.21558 0.10164 44.08993 -0.22404 2.67833 0.00301
target: 0.89918 -0.01146
target: 0.89918 -0.01146
fb: 0.93295 0.02292 0.11509 -0.12728
fb: 0.85925 0.01157 0.15194 -0.09043
dist/lin/ang/drive_left/drive_right/tv_l/tv_r/av_l/av_r/x/y/theta/t_err: 0.08082 0.81049 -0.13079 0.84768 0.87081 0.17197 -0.04739 0.17197 -0.04739 44.82365 -0.18800 2.93143 -0.00140
target: 0.81049 -0.01711
target: 0.81049 -0.01711
fb: 0.79128 -0.00467 0.08383 -0.11228
fb: 0.74649 -0.02418 0.10622 -0.08988
dist/lin/ang/drive_left/drive_right/tv_l/tv_r/av_l/av_r/x/y/theta/t_err: 0.06499 0.72682 -0.05833 0.77067 0.72231 0.15125 -0.08403 0.15125 -0.08403 45.44587 -0.15566 2.98650 -0.00237
target: 0.72682 -0.00763
target: 0.72682 -0.00763
fb: 0.65734 -0.04250 -0.09784 0.10077
fb: 0.55474 -0.05888 0.07151 0.15207
dist/lin/ang/drive_left/drive_right/tv_l/tv_r/av_l/av_r/x/y/theta/t_err: 0.05184 0.64914 0.14162 0.61361 0.49586 0.08078 -0.05442 0.08078 -0.05442 45.96280 -0.12959 2.73133 0.00209
target: 0.64914 0.01853
target: 0.64914 0.01853
fb: 0.50421 -0.07239 -0.16063 0.22305
fb: 0.45588 -0.07832 -0.13647 0.24721
dist/lin/ang/drive_left/drive_right/tv_l/tv_r/av_l/av_r/x/y/theta/t_err: 0.04175 0.58252 0.40796 0.53420 0.37757 -0.01369 0.14356 -0.01369 0.14356 46.35944 -0.11241 2.18349 0.01165
target: 0.58252 0.05337
target: 0.58252 0.05337
fb: 0.40932 -0.07023 -0.19203 0.31644
fb: 0.38395 -0.05198 -0.17935 0.32913
dist/lin/ang/drive_left/drive_right/tv_l/tv_r/av_l/av_r/x/y/theta/t_err: 0.03354 0.52216 0.62856 0.43592 0.33197 -0.13311 0.22947 -0.13311 0.22947 46.68157 -0.10197 1.51678 0.02329
target: 0.52216 0.08222
target: 0.52216 0.08222
fb: 0.38968 -0.02989 -0.20460 0.28864
fb: 0.38196 -0.01150 -0.20073 0.29250
dist/lin/ang/drive_left/drive_right/tv_l/tv_r/av_l/av_r/x/y/theta/t_err: 0.02574 0.45738 0.62025 0.39346 0.37046 -0.16494 0.29858 -0.16494 0.29858 46.98833 -0.09508 1.10687 0.03044
target: 0.45738 0.08113
target: 0.45738 0.08113
fb: 0.34136 0.01171 0.08724 0.19107
fb: 0.30076 0.04822 0.10754 0.21138
dist/lin/ang/drive_left/drive_right/tv_l/tv_r/av_l/av_r/x/y/theta/t_err: 0.01891 0.39204 0.47315 0.25254 0.34897 -0.08553 0.27189 -0.08553 0.27189 47.25707 -0.09010 1.06080 0.03124
target: 0.39204 0.06189
target: 0.39204 0.06189
fb: 0.23655 0.09162 0.17626 0.09091
fb: 0.17829 0.10305 0.20539 0.12004
dist/lin/ang/drive_left/drive_right/tv_l/tv_r/av_l/av_r/x/y/theta/t_err: 0.01420 0.33968 0.09357 0.07524 0.28134 0.11175 0.19625 0.11175 0.19625 47.44329 -0.08605 1.58223 0.02214
target: 0.33968 0.01224
target: 0.33968 0.01224
fb: 0.14563 0.10256 0.37224 -0.14118
fb: 0.11055 0.09880 0.38978 -0.12364
dist/lin/ang/drive_left/drive_right/tv_l/tv_r/av_l/av_r/x/y/theta/t_err: 0.01131 0.30319 -0.29752 0.01175 0.20935 0.23425 0.09414 0.23425 0.09414 47.55789 -0.08207 2.47953 0.00648
target: 0.30319 -0.03892
target: 0.30319 -0.03892
fb: 0.11629 0.09232 0.42795 -0.16756
fb: 0.17256 0.07720 0.39982 -0.19569
dist/lin/ang/drive_left/drive_right/tv_l/tv_r/av_l/av_r/x/y/theta/t_err: 0.00901 0.27055 -0.48798 0.09535 0.24976 0.35950 -0.10264 0.35950 -0.10264 47.64933 -0.07738 3.32371 -0.00825
target: 0.27055 -0.06383
target: 0.27055 -0.06383
fb: 0.22110 0.05943 0.25347 -0.13923
fb: 0.23478 0.02857 0.24663 -0.14607
dist/lin/ang/drive_left/drive_right/tv_l/tv_r/av_l/av_r/x/y/theta/t_err: 0.00460 0.00115 -0.56140 0.20621 0.26335 0.33161 -0.16783 0.33161 -0.16783 47.82307 -0.06624 3.96450 -0.01943
target: 0.00115 -0.07344
target: 0.00115 -0.07344
fb: 0.21911 -0.00404 -0.59397 -0.78371
fb: 0.18028 -0.03825 -0.57455 -0.76429
dist/lin/ang/drive_left/drive_right/tv_l/tv_r/av_l/av_r/x/y/theta/t_err: 0.00022 0.00006 -0.40338 0.21853 0.14203 0.12986 -0.13533 0.12986 -0.13533 47.99516 -0.05396 4.14086 -0.02251
target: 0.00006 -0.05277
target: 0.00006 -0.05277
fb: 0.15314 -0.07316 -0.09886 0.09941
fb: 0.12026 -0.09727 -0.09886 0.09941
final error: 0.12413, x: -0.11545, y: 0.04559
final local error: 0.12413, forwards: -0.11225, sideways: 0.05300
position: 48.11545 -0.04559 3.72774
took 1.26000 time to finish turn
dist/lin/ang/drive_left/drive_right/tv_l/tv_r/av_l/av_r/x/y/theta/t_err: -1.22605 -0.08636 -0.30435 0.00000 0.00000 0.00000 0.00000 0.00000 0.00000 48.26957 -0.03869 181.15669 -0.02099
target: -0.08636 -0.03981
target: -0.08636 -0.03981
fb: 0.00000 0.00000 0.04018 -0.45442
fb: 0.00000 0.00000 0.04018 -0.45442
dist/lin/ang/drive_left/drive_right/tv_l/tv_r/av_l/av_r/x/y/theta/t_err: -1.22605 -0.17272 -0.30436 0.00000 0.00000 0.03283 -0.29756 0.03283 -0.29756 48.26957 -0.03869 181.15671 -0.02099
target: -0.17272 -0.03981
target: -0.17272 -0.03981
fb: 0.00000 0.00000 -0.24897 -0.30723
fb: 0.00000 -0.00125 -0.24897 -0.30723
dist/lin/ang/drive_left/drive_right/tv_l/tv_r/av_l/av_r/x/y/theta/t_err: -1.22605 -0.25908 -0.30242 0.00125 -0.00125 -0.16186 -0.30631 -0.16186 -0.30631 48.26957 -0.03869 181.15391 -0.02094
target: -0.25908 -0.03956
target: -0.25908 -0.03956
fb: 0.00000 -0.01679 -0.41178 -0.46740
fb: 0.00000 -0.03686 -0.41178 -0.46740
dist/lin/ang/drive_left/drive_right/tv_l/tv_r/av_l/av_r/x/y/theta/t_err: -1.22605 -0.34544 -0.17286 0.03686 -0.03686 -0.34361 -0.39628 -0.34361 -0.39628 48.26957 -0.03869 180.96420 -0.01763
target: -0.34544 -0.02261
target: -0.34544 -0.02261
fb: 0.00000 -0.04306 -0.57340 -0.45605
fb: -0.03288 -0.04320 -0.55696 -0.43961
dist/lin/ang/drive_left/drive_right/tv_l/tv_r/av_l/av_r/x/y/theta/t_err: -1.22539 -0.43180 0.00719 0.01032 -0.07608 -0.41633 -0.40706 -0.41633 -0.40706 48.24369 -0.03900 180.58258 -0.01098
target: -0.43180 0.00094
target: -0.43180 0.00094
fb: -0.13195 -0.03776 -0.62804 -0.41972
fb: -0.21338 -0.03226 -0.58733 -0.37900
dist/lin/ang/drive_left/drive_right/tv_l/tv_r/av_l/av_r/x/y/theta/t_err: -1.22112 -0.51816 0.05753 -0.18112 -0.24564 -0.44453 -0.38619 -0.44453 -0.38619 48.07568 -0.04021 180.26666 -0.00549
target: -0.51816 0.00753
target: -0.51816 0.00753
fb: -0.25199 -0.02919 -0.78515 -0.72111
fb: -0.27935 -0.02655 -0.77147 -0.70742
dist/lin/ang/drive_left/drive_right/tv_l/tv_r/av_l/av_r/x/y/theta/t_err: -1.21554 -0.60452 0.09429 -0.25281 -0.30590 -0.46697 -0.48153 -0.46697 -0.48153 47.85571 -0.04073 180.01356 -0.00109
target: -0.60452 0.01233
target: -0.60452 0.01233
fb: -0.30054 -0.02216 -0.83478 -0.78034
fb: -0.34511 -0.01665 -0.81249 -0.75806
dist/lin/ang/drive_left/drive_right/tv_l/tv_r/av_l/av_r/x/y/theta/t_err: -1.20863 -0.69088 0.10942 -0.32846 -0.36176 -0.47364 -0.48150 -0.47364 -0.48150 47.58397 -0.04032 179.83218 0.00208
target: -0.69088 0.01431
target: -0.69088 0.01431
fb: -0.38991 -0.01435 -0.85735 -0.82581
fb: -0.40535 -0.01937 -0.84963 -0.81808
dist/lin/ang/drive_left/drive_right/tv_l/tv_r/av_l/av_r/x/y/theta/t_err: -1.20053 -0.77724 0.13100 -0.38598 -0.42472 -0.51211 -0.50186 -0.51211 -0.50186 47.26480 -0.03900 179.68722 0.00463
target: -0.77724 0.01714
target: -0.77724 0.01714
fb: -0.48302 -0.02041 -0.89515 -0.85230
fb: -0.53532 -0.02062 -0.86900 -0.82615
dist/lin/ang/drive_left/drive_right/tv_l/tv_r/av_l/av_r/x/y/theta/t_err: -1.18982 -0.86360 0.19307 -0.51470 -0.55594 -0.42317 -0.45497 -0.42317 -0.45497 46.84330 -0.03606 179.50779 0.00782
target: -0.86360 0.02526
target: -0.86360 0.02526
fb: -0.56047 -0.01554 -0.96437 -0.86303
fb: -0.59931 -0.01359 -0.94495 -0.84361
dist/lin/ang/drive_left/drive_right/tv_l/tv_r/av_l/av_r/x/y/theta/t_err: -1.17783 -0.94996 0.20818 -0.58572 -0.61290 -0.47311 -0.44864 -0.47311 -0.44864 46.37142 -0.03144 179.37559 0.01022
target: -0.94996 0.02723
target: -0.94996 0.02723
fb: -0.57967 -0.00836 -1.00000 -0.95849
fb: -0.57393 -0.00892 -1.00000 -0.96136
dist/lin/ang/drive_left/drive_right/tv_l/tv_r/av_l/av_r/x/y/theta/t_err: -1.16636 -1.03632 0.20936 -0.56502 -0.58285 -0.40536 -0.51675 -0.40536 -0.51675 45.91954 -0.02617 179.29305 0.01177
target: -1.03632 0.02739
target: -1.03632 0.02739
fb: -0.59931 -0.00704 -1.00000 -1.00000
fb: -0.61299 -0.00906 -1.00000 -1.00000
dist/lin/ang/drive_left/drive_right/tv_l/tv_r/av_l/av_r/x/y/theta/t_err: -1.15410 -1.12268 0.22208 -0.60393 -0.62205 -0.62661 -0.50922 -0.62661 -0.50922 45.43691 -0.01995 179.22595 0.01307
target: -1.12268 0.02905
target: -1.12268 0.02905
fb: -0.68846 -0.01352 -1.00000 -1.00000
fb: -0.77959 -0.00920 -1.00000 -1.00000
dist/lin/ang/drive_left/drive_right/tv_l/tv_r/av_l/av_r/x/y/theta/t_err: -1.13851 -1.20904 0.26399 -0.77039 -0.78879 -0.78661 -0.72039 -0.78661 -0.72039 44.82312 -0.01112 179.12888 0.01496
target: -1.20904 0.03453
target: -1.20904 0.03453
fb: -0.77981 -0.00488 -1.00000 -1.00000
fb: -0.78930 -0.00390 -1.00000 -1.00000
dist/lin/ang/drive_left/drive_right/tv_l/tv_r/av_l/av_r/x/y/theta/t_err: -1.12272 -1.29540 0.25565 -0.78540 -0.79320 -0.82214 -0.78675 -0.82214 -0.78675 44.20170 -0.00140 179.08501 0.01594
target: -1.29540 0.03344
target: -1.29540 0.03344
fb: -0.84932 -0.00188 -1.00000 -1.00000
fb: -0.89014 -0.00118 -1.00000 -1.00000
dist/lin/ang/drive_left/drive_right/tv_l/tv_r/av_l/av_r/x/y/theta/t_err: -1.10492 -1.38176 0.24979 -0.88896 -0.89132 -0.84511 -0.83758 -0.84511 -0.83758 43.50089 0.00989 179.07274 0.01641
target: -1.38176 0.03268
target: -1.38176 0.03268
fb: -0.87867 -0.00286 -1.00000 -1.00000
fb: -0.95612 -0.00202 -1.00000 -1.00000
dist/lin/ang/drive_left/drive_right/tv_l/tv_r/av_l/av_r/x/y/theta/t_err: -1.08580 -1.46812 0.25694 -0.95410 -0.95814 -0.86647 -0.86664 -0.86647 -0.86664 42.74815 0.02215 179.06187 0.01689
target: -1.46812 0.03361
target: -1.46812 0.03361
fb: -1.01812 0.00425 -1.00000 -1.00000
fb: -1.02408 0.00662 -1.00000 -1.00000
dist/lin/ang/drive_left/drive_right/tv_l/tv_r/av_l/av_r/x/y/theta/t_err: -1.06532 -1.55448 0.23447 -1.03070 -1.01746 -0.86908 -0.86906 -0.86908 -0.86906 41.94189 0.03516 179.09540 0.01663
target: -1.55448 0.03067
target: -1.55448 0.03067
fb: -1.08410 0.01066 -1.00000 -1.00000
fb: -1.01812 0.01073 -1.00000 -1.00000
dist/lin/ang/drive_left/drive_right/tv_l/tv_r/av_l/av_r/x/y/theta/t_err: -1.04496 -1.64084 0.19102 -1.02885 -1.00739 -0.85844 -0.85592 -0.85844 -0.85592 41.14031 0.04722 179.18575 0.01536
target: -1.64084 0.02499
target: -1.64084 0.02499
fb: -1.15581 0.00592 -1.00000 -1.00000
fb: -1.23547 0.00348 -1.00000 -1.00000
dist/lin/ang/drive_left/drive_right/tv_l/tv_r/av_l/av_r/x/y/theta/t_err: -1.02026 -1.72720 0.20354 -1.23896 -1.23199 -0.86903 -0.86614 -0.86903 -0.86614 40.16759 0.06061 179.23423 0.01487
target: -1.72720 0.02663
target: -1.72720 0.02663
fb: -1.12294 0.00293 -1.00000 -1.00000
fb: -1.28181 0.00174 -1.00000 -1.00000
dist/lin/ang/drive_left/drive_right/tv_l/tv_r/av_l/av_r/x/y/theta/t_err: -0.99462 -1.73717 0.21271 -1.28355 -1.28007 -0.87967 -0.87831 -0.87967 -0.87831 39.15838 0.07385 179.26013 0.01480
target: -1.73717 0.02782
target: -1.73717 0.02782
fb: -1.30719 0.00397 -1.00000 -1.00000
fb: -1.28203 0.00557 -1.00000 -1.00000
dist/lin/ang/drive_left/drive_right/tv_l/tv_r/av_l/av_r/x/y/theta/t_err: -0.96899 -1.73782 0.20527 -1.28760 -1.27646 -0.88653 -0.88461 -0.88653 -0.88461 38.14898 0.08658 179.29563 0.01456
target: -1.73782 0.02685
target: -1.73782 0.02685
fb: -1.38287 0.00502 -0.96681 -0.94588
fb: -1.35948 0.00000 -0.97851 -0.95757
dist/lin/ang/drive_left/drive_right/tv_l/tv_r/av_l/av_r/x/y/theta/t_err: -0.94180 -1.73780 0.21148 -1.35948 -1.35948 -0.70717 -0.70958 -0.70717 -0.70958 37.07860 0.09946 179.31883 0.01457
target: -1.73780 0.02766
target: -1.73780 0.02766
fb: -1.35948 -0.00279 -0.98441 -0.94630
fb: -1.36345 -0.00216 -0.98242 -0.94432
dist/lin/ang/drive_left/drive_right/tv_l/tv_r/av_l/av_r/x/y/theta/t_err: -0.91453 -1.73543 0.24546 -1.36129 -1.36561 -0.66819 -0.71164 -0.66819 -0.71164 36.00509 0.11244 179.29450 0.01544
target: -1.73543 0.03211
target: -1.73543 0.03211
fb: -1.40008 -0.00063 -0.97191 -0.89515
fb: -1.44664 -0.00202 -0.94863 -0.87187
dist/lin/ang/drive_left/drive_right/tv_l/tv_r/av_l/av_r/x/y/theta/t_err: -0.88560 -1.73298 0.25937 -1.44462 -1.44866 -0.67794 -0.71728 -0.67794 -0.71728 34.86609 0.12667 179.27216 0.01634
target: -1.73298 0.03393
target: -1.73298 0.03393
fb: -1.43715 -0.00934 -0.94018 -0.88461
fb: -1.46430 -0.01198 -0.92661 -0.87104
dist/lin/ang/drive_left/drive_right/tv_l/tv_r/av_l/av_r/x/y/theta/t_err: -0.85632 -1.72697 0.32403 -1.45231 -1.47628 -0.87128 -0.75492 -0.87128 -0.75492 33.71321 0.14216 179.17919 0.01854
target: -1.72697 0.04239
target: -1.72697 0.04239
fb: -1.46805 -0.01212 -0.94059 -0.81394
fb: -1.48945 -0.01178 -0.92989 -0.80324
dist/lin/ang/drive_left/drive_right/tv_l/tv_r/av_l/av_r/x/y/theta/t_err: -0.82654 -1.71937 0.37953 -1.47768 -1.50123 -0.80850 -0.76503 -0.80850 -0.76503 32.54055 0.16024 179.05920 0.02134
target: -1.71937 0.04965
target: -1.71937 0.04965
fb: -1.55344 -0.01275 -0.88406 -0.75845
fb: -1.53402 -0.01045 -0.89377 -0.76816
dist/lin/ang/drive_left/drive_right/tv_l/tv_r/av_l/av_r/x/y/theta/t_err: -0.79587 -1.71246 0.41038 -1.52357 -1.54448 -0.76947 -0.74981 -0.76947 -0.74981 31.33284 0.18109 178.96186 0.02390
target: -1.71246 0.05368
target: -1.71246 0.05368
fb: -1.51284 -0.00718 -0.88904 -0.78705
fb: -1.55344 -0.00453 -0.86874 -0.76675
dist/lin/ang/drive_left/drive_right/tv_l/tv_r/av_l/av_r/x/y/theta/t_err: -0.76481 -1.70733 0.42170 -1.54891 -1.55797 -0.76536 -0.75836 -0.76536 -0.75836 30.10987 0.20387 178.90961 0.02580
target: -1.70733 0.05516
target: -1.70733 0.05516
fb: -1.51461 -0.00355 -0.88008 -0.79910
fb: -1.55741 -0.00244 -0.85868 -0.77769
dist/lin/ang/drive_left/drive_right/tv_l/tv_r/av_l/av_r/x/y/theta/t_err: -0.73367 -1.70309 0.43634 -1.55498 -1.55985 -0.76725 -0.75939 -0.76725 -0.75939 28.88379 0.22751 178.88273 0.02738
target: -1.70309 0.05708
target: -1.70309 0.05708
fb: -1.58257 -0.00188 -0.84906 -0.76159
fb: -1.50490 -0.00237 -0.88789 -0.80042
dist/lin/ang/drive_left/drive_right/tv_l/tv_r/av_l/av_r/x/y/theta/t_err: -0.70358 -1.69882 0.45988 -1.50253 -1.50727 -0.76403 -0.75922 -0.76403 -0.75922 27.69906 0.25086 178.85905 0.02897
target: -1.69882 0.06016
target: -1.69882 0.06016
fb: -1.52431 -0.00251 -0.88144 -0.77936
fb: -1.59426 -0.00272 -0.84646 -0.74439
dist/lin/ang/drive_left/drive_right/tv_l/tv_r/av_l/av_r/x/y/theta/t_err: -0.67171 -1.69404 0.49047 -1.59155 -1.59698 -0.81531 -0.75733 -0.81531 -0.75733 26.44399 0.27611 178.83625 0.03075
target: -1.69404 0.06416
target: -1.69404 0.06416
fb: -1.61942 -0.00341 -0.83437 -0.71863
fb: -1.65031 -0.00056 -0.81892 -0.70318
dist/lin/ang/drive_left/drive_right/tv_l/tv_r/av_l/av_r/x/y/theta/t_err: -0.63872 -1.68871 0.52481 -1.64975 -1.65087 -0.78247 -0.71456 -0.78247 -0.71456 25.14481 0.30283 178.81357 0.03275
target: -1.68871 0.06865
target: -1.68871 0.06865
fb: -1.53998 0.00056 -0.87219 -0.74601
fb: -1.57087 0.00237 -0.85675 -0.73057
dist/lin/ang/drive_left/drive_right/tv_l/tv_r/av_l/av_r/x/y/theta/t_err: -0.60732 -1.68488 0.53160 -1.57324 -1.56851 -0.79069 -0.72189 -0.79069 -0.72189 23.90816 0.32832 178.82806 0.03419
target: -1.68488 0.06954
target: -1.68488 0.06954
fb: -1.67172 0.00669 -0.79325 -0.69831
fb: -1.61170 0.01164 -0.82326 -0.72832
dist/lin/ang/drive_left/drive_right/tv_l/tv_r/av_l/av_r/x/y/theta/t_err: -0.57511 -1.68328 0.51937 -1.62333 -1.60006 -0.76981 -0.70122 -0.76981 -0.70122 22.63936 0.35358 178.90171 0.03479
target: -1.68328 0.06794
target: -1.68328 0.06794
fb: -1.63487 0.01400 -0.80689 -0.73648
fb: -1.58654 0.01561 -0.83105 -0.76064
dist/lin/ang/drive_left/drive_right/tv_l/tv_r/av_l/av_r/x/y/theta/t_err: -0.54340 -1.65028 0.49606 -1.60215 -1.57093 -0.77856 -0.71814 -0.77856 -0.71814 21.39032 0.37622 179.02666 0.03457
target: -1.65028 0.06489
target: -1.65028 0.06489
fb: -1.57286 0.01846 -0.67363 -0.62033
fb: -1.67944 0.01902 -0.62034 -0.56704
dist/lin/ang/drive_left/drive_right/tv_l/tv_r/av_l/av_r/x/y/theta/t_err: -0.50983 -1.59962 0.48374 -1.69846 -1.66042 -0.72431 -0.67108 -0.72431 -0.67108 20.06809 0.39695 179.17771 0.03413
target: -1.59962 0.06328
target: -1.59962 0.06328
fb: -1.65627 0.01867 -0.52054 -0.45642
fb: -1.61545 0.01846 -0.54095 -0.47683
dist/lin/ang/drive_left/drive_right/tv_l/tv_r/av_l/av_r/x/y/theta/t_err: -0.47754 -1.54958 0.47144 -1.63391 -1.59698 -0.60658 -0.55972 -0.60658 -0.55972 18.79619 0.41340 179.33848 0.03354
target: -1.54958 0.06167
target: -1.54958 0.06167
fb: -1.58257 0.01846 -0.51326 -0.45122
fb: -1.56315 0.01819 -0.52297 -0.46093
dist/lin/ang/drive_left/drive_right/tv_l/tv_r/av_l/av_r/x/y/theta/t_err: -0.44629 -1.49951 0.46160 -1.58134 -1.54497 -0.53933 -0.48697 -0.53933 -0.48697 17.56543 0.42583 179.50304 0.03291
target: -1.49951 0.06038
target: -1.49951 0.06038
fb: -1.64833 0.01895 -0.43519 -0.37195
fb: -1.55940 0.02146 -0.47965 -0.41641
dist/lin/ang/drive_left/drive_right/tv_l/tv_r/av_l/av_r/x/y/theta/t_err: -0.41512 -1.44749 0.45482 -1.58086 -1.53794 -0.50169 -0.47789 -0.50169 -0.47789 16.33759 0.43477 179.67117 0.03234
target: -1.44749 0.05949
target: -1.44749 0.05949
fb: -1.49916 0.02745 -0.45581 -0.39012
fb: -1.51659 0.03379 -0.44710 -0.38141
dist/lin/ang/drive_left/drive_right/tv_l/tv_r/av_l/av_r/x/y/theta/t_err: -0.38480 -1.39826 0.38614 -1.55038 -1.48280 -0.52447 -0.47381 -0.52447 -0.47381 15.14343 0.43917 179.92814 0.03025
target: -1.39826 0.05051
target: -1.39826 0.05051
fb: -1.42546 0.03463 -0.41650 -0.43567
fb: -1.43120 0.02982 -0.41363 -0.43281
dist/lin/ang/drive_left/drive_right/tv_l/tv_r/av_l/av_r/x/y/theta/t_err: -0.35619 -1.35119 0.32877 -1.46102 -1.40138 -0.50461 -0.45789 -0.50461 -0.45789 14.01650 0.43765 180.21467 0.02747
target: -1.35119 0.04301
target: -1.35119 0.04301
fb: -1.41575 0.02710 -0.38875 -0.40463
fb: -1.38662 0.02341 -0.40331 -0.41920
dist/lin/ang/drive_left/drive_right/tv_l/tv_r/av_l/av_r/x/y/theta/t_err: -0.32847 -1.30131 0.32574 -1.41003 -1.36321 -0.46950 -0.43994 -0.46950 -0.43994 12.92469 0.43127 180.44261 0.02563
target: -1.30131 0.04261
target: -1.30131 0.04261
fb: -1.46628 0.02021 -0.33852 -0.29093
fb: -1.37691 0.02076 -0.38320 -0.33561
dist/lin/ang/drive_left/drive_right/tv_l/tv_r/av_l/av_r/x/y/theta/t_err: -0.30094 -1.24726 0.33788 -1.39768 -1.35615 -0.43750 -0.41733 -0.43750 -0.41733 11.84056 0.42130 180.61822 0.02478
target: -1.24726 0.04420
target: -1.24726 0.04420
fb: -1.28975 0.02118 -0.37090 -0.30327
fb: -1.34028 0.01965 -0.34563 -0.27800
dist/lin/ang/drive_left/drive_right/tv_l/tv_r/av_l/av_r/x/y/theta/t_err: -0.27414 -1.19210 0.32423 -1.35993 -1.32064 -0.42058 -0.38481 -0.42058 -0.38481 10.78529 0.40825 180.79900 0.02389
target: -1.19210 0.04241
target: -1.19210 0.04241
fb: -1.26636 0.01937 -0.31150 -0.27657
fb: -1.17126 0.01860 -0.35906 -0.32413
dist/lin/ang/drive_left/drive_right/tv_l/tv_r/av_l/av_r/x/y/theta/t_err: -0.25072 -1.14153 0.31369 -1.18986 -1.15266 -0.37883 -0.33672 -0.37883 -0.33672 9.86315 0.39405 180.96652 0.02306
target: -1.14153 0.04103
target: -1.14153 0.04103
fb: -1.14809 0.02174 -0.34386 -0.30710
fb: -1.12492 0.02334 -0.35545 -0.31868
dist/lin/ang/drive_left/drive_right/tv_l/tv_r/av_l/av_r/x/y/theta/t_err: -0.22823 -1.09128 0.28475 -1.14826 -1.10158 -0.36928 -0.33075 -0.36928 -0.33075 8.97754 0.37765 181.15945 0.02180
target: -1.09128 0.03725
target: -1.09128 0.03725
fb: -1.10925 0.02669 -0.30541 -0.29533
fb: -1.04725 0.02620 -0.33642 -0.32634
dist/lin/ang/drive_left/drive_right/tv_l/tv_r/av_l/av_r/x/y/theta/t_err: -0.20729 -1.04311 0.24175 -1.07345 -1.02105 -0.35386 -0.32206 -0.35386 -0.32206 8.15314 0.35941 181.38272 0.01992
target: -1.04311 0.03162
target: -1.04311 0.03162
fb: -1.06667 0.02460 -0.27906 -0.29304
fb: -1.12095 0.02292 -0.25192 -0.26590
dist/lin/ang/drive_left/drive_right/tv_l/tv_r/av_l/av_r/x/y/theta/t_err: -0.18488 -0.98740 0.23029 -1.14387 -1.09803 -0.33367 -0.31519 -0.33367 -0.31519 7.27080 0.33648 181.59324 0.01844
target: -0.98740 0.03012
target: -0.98740 0.03012
fb: -0.99495 0.01958 -0.25161 -0.23042
fb: -0.93096 0.01909 -0.28361 -0.26241
dist/lin/ang/drive_left/drive_right/tv_l/tv_r/av_l/av_r/x/y/theta/t_err: -0.16626 -0.96388 0.22116 -0.95005 -0.91187 -0.29072 -0.27856 -0.29072 -0.27856 6.53807 0.31495 181.76844 0.01727
target: -0.96388 0.02893
target: -0.96388 0.02893
fb: -0.92898 0.01895 -0.39248 -0.37012
fb: -0.90559 0.01749 -0.40417 -0.38182
dist/lin/ang/drive_left/drive_right/tv_l/tv_r/av_l/av_r/x/y/theta/t_err: -0.14813 -0.90981 0.13867 -0.92307 -0.88810 -0.30458 -0.29978 -0.30458 -0.29978 5.82539 0.29191 181.93050 0.01444
target: -0.90981 0.01814
target: -0.90981 0.01814
fb: -0.87844 0.01707 -0.19591 -0.27433
fb: -0.81269 0.01693 -0.22879 -0.30721
dist/lin/ang/drive_left/drive_right/tv_l/tv_r/av_l/av_r/x/y/theta/t_err: -0.13188 -0.85846 0.10516 -0.82962 -0.79576 -0.28558 -0.30747 -0.28558 -0.30747 5.18587 0.26952 182.08167 0.01180
target: -0.85846 0.01376
target: -0.85846 0.01376
fb: -0.84380 0.01512 -0.20324 -0.22983
fb: -0.80298 0.01150 -0.22365 -0.25024
dist/lin/ang/drive_left/drive_right/tv_l/tv_r/av_l/av_r/x/y/theta/t_err: -0.11583 -0.80451 0.08574 -0.81448 -0.79148 -0.24197 -0.27136 -0.24197 -0.27136 4.55404 0.24588 182.20553 0.00964
target: -0.80451 0.01122
target: -0.80451 0.01122
fb: -0.80673 0.00502 -0.16880 -0.18217
fb: -0.83762 -0.00063 -0.15335 -0.16673
dist/lin/ang/drive_left/drive_right/tv_l/tv_r/av_l/av_r/x/y/theta/t_err: -0.09908 -0.74407 0.11504 -0.83700 -0.83825 -0.20825 -0.23392 -0.20825 -0.23392 3.89499 0.22022 182.24141 0.00901
target: -0.74407 0.01505
target: -0.74407 0.01505
fb: -0.72134 -0.00537 -0.16170 -0.11252
fb: -0.71758 -0.00787 -0.16357 -0.11440
dist/lin/ang/drive_left/drive_right/tv_l/tv_r/av_l/av_r/x/y/theta/t_err: -0.08472 -0.68806 0.16555 -0.70971 -0.72546 -0.17831 -0.16614 -0.17831 -0.16614 3.33039 0.19834 182.19086 0.00990
target: -0.68806 0.02166
target: -0.68806 0.02166
fb: -0.71185 -0.00592 -0.15010 -0.06706
fb: -0.64013 -0.00202 -0.18596 -0.10292
dist/lin/ang/drive_left/drive_right/tv_l/tv_r/av_l/av_r/x/y/theta/t_err: -0.07192 -0.63394 0.17177 -0.63811 -0.64215 -0.17811 -0.10747 -0.17811 -0.10747 2.82671 0.17929 182.14984 0.01061
target: -0.63394 0.02247
target: -0.63394 0.02247
fb: -0.61873 0.00272 -0.12937 -0.09733
fb: -0.58364 0.00996 -0.14692 -0.11487
dist/lin/ang/drive_left/drive_right/tv_l/tv_r/av_l/av_r/x/y/theta/t_err: -0.06025 -0.58023 0.12546 -0.59361 -0.57368 -0.15689 -0.11686 -0.15689 -0.11686 2.36748 0.16194 182.19105 0.00989
target: -0.58023 0.01641
target: -0.58023 0.01641
fb: -0.51965 0.01763 -0.09661 -0.13450
fb: -0.50818 0.02041 -0.10235 -0.14024
dist/lin/ang/drive_left/drive_right/tv_l/tv_r/av_l/av_r/x/y/theta/t_err: -0.05009 -0.52905 0.03643 -0.52859 -0.48776 -0.12306 -0.14031 -0.12306 -0.14031 1.96765 0.14613 182.34628 0.00718
target: -0.52905 0.00477
target: -0.52905 0.00477
fb: -0.49075 0.02021 0.07638 -0.14541
fb: -0.49075 0.01616 0.07638 -0.14541
dist/lin/ang/drive_left/drive_right/tv_l/tv_r/av_l/av_r/x/y/theta/t_err: -0.04028 -0.47442 -0.01075 -0.50691 -0.47458 0.01781 -0.14992 0.01781 -0.14992 1.58158 0.12971 182.51296 0.00427
target: -0.47442 -0.00141
target: -0.47442 -0.00141
fb: -0.49847 0.00739 -0.06456 -0.12688
fb: -0.42653 -0.00808 -0.10052 -0.16285
dist/lin/ang/drive_left/drive_right/tv_l/tv_r/av_l/av_r/x/y/theta/t_err: -0.03175 -0.42120 0.04401 -0.41845 -0.43462 -0.06144 -0.14253 -0.06144 -0.14253 1.24606 0.11483 182.53902 0.00382
target: -0.42120 0.00576
target: -0.42120 0.00576
fb: -0.37622 -0.02473 -0.14701 -0.07971
fb: -0.36276 -0.03797 -0.15374 -0.08644
dist/lin/ang/drive_left/drive_right/tv_l/tv_r/av_l/av_r/x/y/theta/t_err: -0.02449 -0.36990 0.22156 -0.32479 -0.40074 -0.13656 -0.10781 -0.13656 -0.10781 0.96068 0.10268 182.29798 0.00803
target: -0.36990 0.02898
target: -0.36990 0.02898
fb: -0.32194 -0.04160 -0.22121 0.10959
fb: -0.29480 -0.03686 -0.23478 0.09602
dist/lin/ang/drive_left/drive_right/tv_l/tv_r/av_l/av_r/x/y/theta/t_err: -0.01858 -0.32222 0.35676 -0.25794 -0.33166 -0.19936 0.04553 -0.19936 0.04553 0.72871 0.09409 181.94931 0.01411
target: -0.32222 0.04667
target: -0.32222 0.04667
fb: -0.29480 -0.02655 -0.18743 0.11722
fb: -0.27913 -0.00704 -0.19527 0.10938
dist/lin/ang/drive_left/drive_right/tv_l/tv_r/av_l/av_r/x/y/theta/t_err: -0.01299 -0.26944 0.33010 -0.27210 -0.28617 -0.19372 0.09342 -0.19372 0.09342 0.50903 0.08702 181.76730 0.01729
target: -0.26944 0.04318
target: -0.26944 0.04318
fb: -0.24427 0.01902 -0.05897 0.05044
fb: -0.19793 0.04313 -0.08214 -0.06056
dist/lin/ang/drive_left/drive_right/tv_l/tv_r/av_l/av_r/x/y/theta/t_err: -0.00904 -0.22475 0.10088 -0.24106 -0.15480 -0.10744 0.02892 -0.10744 0.02892 0.35326 0.08202 181.98460 0.01350
target: -0.22475 0.01320
target: -0.22475 0.01320
fb: -0.16880 0.06320 0.14335 -0.19177
fb: -0.17256 0.07797 0.14523 -0.18989
dist/lin/ang/drive_left/drive_right/tv_l/tv_r/av_l/av_r/x/y/theta/t_err: -0.00561 -0.00140 -0.20493 -0.25052 -0.09459 0.06450 -0.14992 0.06450 -0.14992 0.21750 0.07665 182.56571 0.00335
target: -0.00140 -0.02681
target: -0.00140 -0.02681
fb: -0.17057 0.08201 0.68317 0.29213
fb: -0.17057 0.07657 0.68317 0.29213
dist/lin/ang/drive_left/drive_right/tv_l/tv_r/av_l/av_r/x/y/theta/t_err: -0.00221 -0.00055 -0.43224 -0.24714 -0.09400 0.38686 0.14631 0.38686 0.14631 0.08337 0.06980 183.26322 -0.00882
target: -0.00055 -0.05654
target: -0.00055 -0.05654
fb: -0.16108 0.06954 0.21220 -0.21412
fb: -0.11651 0.05170 0.21220 -0.21412
dist/lin/ang/drive_left/drive_right/tv_l/tv_r/av_l/av_r/x/y/theta/t_err: 0.00010 0.00002 -0.51615 -0.16821 -0.06481 0.28506 -0.10028 0.28506 -0.10028 -0.00820 0.06415 183.82640 -0.01865
target: 0.00002 -0.06752
target: 0.00002 -0.06752
fb: -0.06598 0.03247 0.13482 -0.13738
fb: -0.02516 0.01456 0.13482 -0.13738
dist/lin/ang/drive_left/drive_right/tv_l/tv_r/av_l/av_r/x/y/theta/t_err: 0.00060 0.00015 -0.44109 -0.03972 -0.01059 0.15706 -0.13961 0.15706 -0.13961 -0.02796 0.06280 184.07396 -0.02297
target: 0.00015 -0.05770
target: 0.00015 -0.05770
fb: -0.00375 -0.00634 -0.04425 0.04975
fb: 0.00000 -0.02257 -0.04425 0.04975
decreased max accel to 3.93700
decreased max accel to 3.81000
decreased max accel to 3.68300
start is 0.00000 0.00000
dist/lin/ang/drive_left/drive_right/tv_l/tv_r/av_l/av_r/x/y/theta/t_err: 1.21920 0.08636 0.00003 0.00000 0.00000 -0.00017 0.00000 -0.00017 0.00000 0.00000 0.00000 -0.00012 0.00000
target: 0.08636 0.00000
target: 0.08636 0.00000
fb: 0.00000 0.00000 0.24368 0.24861
fb: 0.00000 0.00000 0.24368 0.24861
dist/lin/ang/drive_left/drive_right/tv_l/tv_r/av_l/av_r/x/y/theta/t_err: 1.21920 0.17272 -0.00004 0.00000 0.00000 0.05372 0.05425 0.05372 0.05425 0.00000 0.00000 -0.00002 0.00000
target: 0.17272 -0.00001
target: 0.17272 -0.00001
fb: 0.00000 0.00000 0.27570 0.28050
fb: 0.00000 0.00000 0.27570 0.28050
dist/lin/ang/drive_left/drive_right/tv_l/tv_r/av_l/av_r/x/y/theta/t_err: 1.21920 0.25908 0.00001 0.00000 0.00000 0.21353 0.22092 0.21353 0.22092 0.00000 0.00000 -0.00003 0.00000
target: 0.25908 0.00000
target: 0.25908 0.00000
fb: 0.00000 -0.00704 0.43711 0.44207
fb: 0.00000 -0.00523 0.43711 0.44207
dist/lin/ang/drive_left/drive_right/tv_l/tv_r/av_l/av_r/x/y/theta/t_err: 1.21920 0.34544 0.01194 0.00523 -0.00523 0.26161 0.28628 0.26161 0.28628 0.00000 0.00000 -0.01733 0.00030
target: 0.34544 0.00156
target: 0.34544 0.00156
fb: 0.00000 0.00000 0.50421 0.52524
fb: 0.07569 0.00293 0.46637 0.48739
dist/lin/ang/drive_left/drive_right/tv_l/tv_r/av_l/av_r/x/y/theta/t_err: 1.21920 0.43180 0.02929 0.07276 0.07861 0.38619 0.38550 0.38619 0.38550 0.00000 0.00000 -0.05346 0.00093
target: 0.43180 0.00383
target: 0.43180 0.00383
fb: 0.18822 0.00321 0.48051 0.51098
fb: 0.24228 0.00376 0.45348 0.48394
dist/lin/ang/drive_left/drive_right/tv_l/tv_r/av_l/av_r/x/y/theta/t_err: 1.21544 0.51816 -0.00618 0.23852 0.24605 0.43822 0.42744 0.43822 0.42744 0.14821 -0.00010 -0.02475 0.00043
target: 0.51816 -0.00081
target: 0.51816 -0.00081
fb: 0.26943 0.00355 0.76319 0.72564
fb: 0.31422 0.00056 0.74079 0.70324
dist/lin/ang/drive_left/drive_right/tv_l/tv_r/av_l/av_r/x/y/theta/t_err: 1.21005 0.60452 -0.01502 0.31366 0.31478 0.45942 0.42967 0.45942 0.42967 0.36035 -0.00013 0.00621 -0.00011
target: 0.60452 -0.00196
target: 0.60452 -0.00196
fb: 0.37446 -0.00258 0.77443 0.76677
fb: 0.38593 -0.00509 0.76869 0.76103
dist/lin/ang/drive_left/drive_right/tv_l/tv_r/av_l/av_r/x/y/theta/t_err: 1.20256 0.69088 -0.00161 0.39102 0.38085 0.34083 0.46369 0.34083 0.46369 0.65520 -0.00008 0.00627 -0.00011
target: 0.69088 -0.00021
target: 0.69088 -0.00021
fb: 0.45169 -0.00167 0.80021 0.82116
fb: 0.53333 0.00948 0.75939 0.78034
dist/lin/ang/drive_left/drive_right/tv_l/tv_r/av_l/av_r/x/y/theta/t_err: 1.19352 0.77724 0.02173 0.52386 0.54281 0.54822 0.55422 0.54822 0.55422 1.01086 -0.00017 -0.02742 0.00048
target: 0.77724 0.00284
target: 0.77724 0.00284
fb: 0.52958 0.01366 0.83204 0.86885
fb: 0.56246 0.00836 0.81560 0.85241
dist/lin/ang/drive_left/drive_right/tv_l/tv_r/av_l/av_r/x/y/theta/t_err: 1.18293 0.86360 -0.05495 0.55410 0.57082 0.50444 0.46714 0.50444 0.46714 1.42786 -0.00011 0.06235 -0.00109
target: 0.86360 -0.00719
target: 0.86360 -0.00719
fb: 0.60703 -0.00265 0.93758 0.84326
fb: 0.60130 -0.00362 0.94045 0.84613
dist/lin/ang/drive_left/drive_right/tv_l/tv_r/av_l/av_r/x/y/theta/t_err: 1.17079 0.94996 -0.04667 0.60492 0.59767 0.47603 0.52872 0.47603 0.52872 1.90584 0.00070 0.10622 -0.00187
target: 0.94996 -0.00611
target: 0.94996 -0.00611
fb: 0.66132 0.00000 0.93838 0.94559
fb: 0.72134 0.00160 0.90837 0.91558
dist/lin/ang/drive_left/drive_right/tv_l/tv_r/av_l/av_r/x/y/theta/t_err: 1.15757 1.03632 -0.01486 0.71973 0.72294 0.44353 0.59083 0.44353 0.59083 2.42656 0.00154 0.08740 -0.00156
target: 1.03632 -0.00194
target: 1.03632 -0.00194
fb: 0.70788 0.00160 0.97712 1.00000
fb: 0.79901 0.00362 0.93156 0.97212
dist/lin/ang/drive_left/drive_right/tv_l/tv_r/av_l/av_r/x/y/theta/t_err: 1.14341 1.12268 -0.03109 0.79538 0.80263 0.46833 0.49928 0.46833 0.49928 2.98394 0.00245 0.09851 -0.00177
target: 1.12268 -0.00407
target: 1.12268 -0.00407
fb: 0.79504 0.00509 1.00000 1.00000
fb: 0.77010 0.00390 1.00000 1.00000
dist/lin/ang/drive_left/drive_right/tv_l/tv_r/av_l/av_r/x/y/theta/t_err: 1.12751 1.20904 -0.05251 0.76620 0.77400 0.49931 0.58622 0.49931 0.58622 3.60995 0.00372 0.13570 -0.00245
target: 1.20904 -0.00687
target: 1.20904 -0.00687
fb: 0.82041 0.00334 1.00000 1.00000
fb: 0.82990 0.00766 1.00000 1.00000
dist/lin/ang/drive_left/drive_right/tv_l/tv_r/av_l/av_r/x/y/theta/t_err: 1.11110 1.29540 -0.06039 0.82224 0.83756 0.70789 0.67314 0.70789 0.67314 4.25594 0.00543 0.16940 -0.00308
target: 1.29540 -0.00790
target: 1.29540 -0.00790
fb: 0.92699 0.00474 1.00000 1.00000
fb: 0.95612 0.00230 1.00000 1.00000
dist/lin/ang/drive_left/drive_right/tv_l/tv_r/av_l/av_r/x/y/theta/t_err: 1.09256 1.38176 -0.08309 0.95382 0.95842 0.82803 0.81414 0.82803 0.81414 4.98585 0.00796 0.22164 -0.00405
target: 1.38176 -0.01087
target: 1.38176 -0.01087
fb: 0.97355 0.00725 1.00000 1.00000
fb: 1.06093 0.00704 1.00000 1.00000
dist/lin/ang/drive_left/drive_right/tv_l/tv_r/av_l/av_r/x/y/theta/t_err: 1.07309 1.46812 -0.09095 1.05389 1.06797 0.86067 0.84922 0.86067 0.84922 5.75242 0.01118 0.26375 -0.00487
target: 1.46812 -0.01190
target: 1.46812 -0.01190
fb: 1.07263 0.00613 1.00000 1.00000
fb: 1.09182 0.00272 1.00000 1.00000
dist/lin/ang/drive_left/drive_right/tv_l/tv_r/av_l/av_r/x/y/theta/t_err: 1.05164 1.55448 -0.11848 1.08911 1.09454 0.86753 0.86100 0.86753 0.86100 6.59699 0.01553 0.32690 -0.00608
target: 1.55448 -0.01550
target: 1.55448 -0.01550
fb: 1.09955 -0.00230 1.00000 1.00000
fb: 1.16751 0.00000 1.00000 1.00000
dist/lin/ang/drive_left/drive_right/tv_l/tv_r/av_l/av_r/x/y/theta/t_err: 1.02965 1.64084 -0.10269 1.16751 1.16751 0.87161 0.86428 0.87161 0.86428 7.46276 0.02064 0.34028 -0.00645
target: 1.64084 -0.01343
target: 1.64084 -0.01343
fb: 1.27232 0.00091 1.00000 1.00000
fb: 1.24717 0.00077 1.00000 1.00000
dist/lin/ang/drive_left/drive_right/tv_l/tv_r/av_l/av_r/x/y/theta/t_err: 1.00420 1.72720 -0.09905 1.24640 1.24793 0.87592 0.86786 0.87592 0.86786 8.46457 0.02656 0.33902 -0.00659
target: 1.72720 -0.01296
target: 1.72720 -0.01296
fb: 1.29748 0.00084 1.00000 1.00000
fb: 1.37691 0.00000 1.00000 1.00000
dist/lin/ang/drive_left/drive_right/tv_l/tv_r/av_l/av_r/x/y/theta/t_err: 0.97825 1.75880 -0.10879 1.37691 1.37691 0.88617 0.87811 0.88617 0.87811 9.48619 0.03270 0.34809 -0.00692
target: 1.75880 -0.01423
target: 1.75880 -0.01423
fb: 1.35551 -0.00153 1.00000 1.00000
fb: 1.42347 -0.00146 1.00000 1.00000
dist/lin/ang/drive_left/drive_right/tv_l/tv_r/av_l/av_r/x/y/theta/t_err: 0.95114 1.75843 -0.10563 1.42494 1.42201 0.89644 0.89058 0.89644 0.89058 10.55350 0.03915 0.34441 -0.00706
target: 1.75843 -0.01382
target: 1.75843 -0.01382
fb: 1.49717 -0.00167 0.91819 0.90969
fb: 1.43517 0.00000 0.94919 0.94070
dist/lin/ang/drive_left/drive_right/tv_l/tv_r/av_l/av_r/x/y/theta/t_err: 0.92120 1.75827 -0.10472 1.43517 1.43517 0.86717 0.85725 0.86717 0.85725 11.73236 0.04615 0.33489 -0.00712
target: 1.75827 -0.01370
target: 1.75827 -0.01370
fb: 1.49916 0.00258 0.91908 0.90809
fb: 1.50490 0.00000 0.91621 0.90522
dist/lin/ang/drive_left/drive_right/tv_l/tv_r/av_l/av_r/x/y/theta/t_err: 0.89122 1.75690 -0.12272 1.50490 1.50490 0.78333 0.78008 0.78333 0.78008 12.91278 0.05315 0.34931 -0.00761
target: 1.75690 -0.01605
target: 1.75690 -0.01605
fb: 1.48945 -0.00502 0.93062 0.89421
fb: 1.58455 -0.00467 0.88307 0.84666
dist/lin/ang/drive_left/drive_right/tv_l/tv_r/av_l/av_r/x/y/theta/t_err: 0.86143 1.75713 -0.10714 1.58922 1.57989 0.75750 0.71578 0.75750 0.71578 14.08555 0.06018 0.32976 -0.00753
target: 1.75713 -0.01401
target: 1.75713 -0.01401
fb: 1.45084 -0.00341 0.93536 0.94121
fb: 1.50490 -0.00453 0.90832 0.91418
dist/lin/ang/drive_left/drive_right/tv_l/tv_r/av_l/av_r/x/y/theta/t_err: 0.83241 1.75841 -0.09089 1.50943 1.50037 0.78522 0.74583 0.78522 0.74583 15.22792 0.06634 0.28891 -0.00707
target: 1.75841 -0.01189
target: 1.75841 -0.01189
fb: 1.62891 -0.00655 0.84987 0.85937
fb: 1.51659 -0.00857 0.90603 0.91553
dist/lin/ang/drive_left/drive_right/tv_l/tv_r/av_l/av_r/x/y/theta/t_err: 0.79984 1.75970 -0.08401 1.52516 1.50802 0.80950 0.73081 0.80950 0.73081 16.51051 0.07237 0.24644 -0.00660
target: 1.75970 -0.01099
target: 1.75970 -0.01099
fb: 1.59426 -0.01296 0.87333 0.87301
fb: 1.60971 -0.01394 0.86561 0.86528
dist/lin/ang/drive_left/drive_right/tv_l/tv_r/av_l/av_r/x/y/theta/t_err: 0.76795 1.76299 -0.04860 1.62365 1.59577 0.81892 0.75803 0.81892 0.75803 17.76583 0.07693 0.16402 -0.00541
target: 1.76299 -0.00636
target: 1.76299 -0.00636
fb: 1.60000 -0.01735 0.86159 0.90105
fb: 1.66399 -0.02062 0.82959 0.86906
dist/lin/ang/drive_left/drive_right/tv_l/tv_r/av_l/av_r/x/y/theta/t_err: 0.73595 1.76890 0.00590 1.68462 1.64337 0.83519 0.75956 0.83519 0.75956 19.02567 0.07909 0.03112 -0.00327
target: 1.76890 0.00077
target: 1.76890 0.00077
fb: 1.60971 -0.02209 0.85657 0.92808
fb: 1.62714 -0.02390 0.84785 0.91936
dist/lin/ang/drive_left/drive_right/tv_l/tv_r/av_l/av_r/x/y/theta/t_err: 0.70376 1.77745 0.07409 1.65104 1.60324 0.80578 0.74775 0.80578 0.74775 20.29316 0.07784 -0.14976 -0.00020
target: 1.77745 0.00969
target: 1.77745 0.00969
fb: 1.66399 -0.02613 0.83375 0.93332
fb: 1.55344 -0.02850 0.88902 0.98859
dist/lin/ang/drive_left/drive_right/tv_l/tv_r/av_l/av_r/x/y/theta/t_err: 0.67048 1.76770 0.15134 1.58194 1.52494 0.80489 0.75358 0.80489 0.75358 21.60338 0.07196 -0.36862 0.00371
target: 1.76770 0.01980
target: 1.76770 0.01980
fb: 1.62317 -0.02885 0.75993 0.88371
fb: 1.61942 -0.02926 0.76180 0.88559
dist/lin/ang/drive_left/drive_right/tv_l/tv_r/av_l/av_r/x/y/theta/t_err: 0.63801 1.75473 0.23918 1.64868 1.59015 0.81756 0.75614 0.81756 0.75614 22.88141 0.06081 -0.62011 0.00840
target: 1.75473 0.03129
target: 1.75473 0.03129
fb: 1.67370 -0.03003 0.69605 0.84768
fb: 1.78999 -0.02815 0.63791 0.78954
dist/lin/ang/drive_left/drive_right/tv_l/tv_r/av_l/av_r/x/y/theta/t_err: 0.60454 1.74082 0.32186 1.81814 1.76184 0.74656 0.81361 0.74656 0.81361 24.19917 0.04340 -0.87602 0.01347
target: 1.74082 0.04210
target: 1.74082 0.04210
fb: 1.62538 -0.02153 0.69961 0.85964
fb: 1.70680 -0.01540 0.65890 0.81893
dist/lin/ang/drive_left/drive_right/tv_l/tv_r/av_l/av_r/x/y/theta/t_err: 0.57204 1.72745 0.38877 1.72220 1.69140 0.67572 0.77839 0.67572 0.77839 25.47880 0.02116 -1.10607 0.01837
target: 1.72745 0.05086
target: 1.72745 0.05086
fb: 1.83258 -0.01066 0.58941 0.74261
fb: 1.67172 -0.00627 0.66984 0.82304
dist/lin/ang/drive_left/drive_right/tv_l/tv_r/av_l/av_r/x/y/theta/t_err: 0.53539 1.71817 0.40145 1.67799 1.66544 0.65342 0.77564 0.65342 0.77564 26.92147 -0.00834 -1.22562 0.02179
target: 1.71817 0.05251
target: 1.71817 0.05251
fb: 1.61942 -0.00105 0.73467 0.82623
fb: 1.72225 0.00209 0.68326 0.77482
dist/lin/ang/drive_left/drive_right/tv_l/tv_r/av_l/av_r/x/y/theta/t_err: 0.50301 1.71204 0.40555 1.72016 1.72434 0.63858 0.78881 0.63858 0.78881 28.19630 -0.03627 -1.27340 0.02406
target: 1.71204 0.05305
target: 1.71204 0.05305
fb: 1.57860 0.00557 0.76678 0.84896
fb: 1.69687 0.01157 0.70765 0.78982
dist/lin/ang/drive_left/drive_right/tv_l/tv_r/av_l/av_r/x/y/theta/t_err: 0.47145 1.70881 0.39607 1.68530 1.70844 0.68819 0.77889 0.68819 0.77889 29.43899 -0.06374 -1.25011 0.02525
target: 1.70881 0.05181
target: 1.70881 0.05181
fb: 1.84052 0.01805 0.65335 0.71786
fb: 1.68915 0.02348 0.72903 0.79354
dist/lin/ang/drive_left/drive_right/tv_l/tv_r/av_l/av_r/x/y/theta/t_err: 0.43465 1.70876 0.36694 1.66567 1.71263 0.71317 0.77464 0.71317 0.77464 30.88790 -0.09410 -1.13295 0.02527
target: 1.70876 0.04800
target: 1.70876 0.04800
fb: 1.68937 0.02487 0.75567 0.79197
fb: 1.66223 0.02592 0.76924 0.80554
dist/lin/ang/drive_left/drive_right/tv_l/tv_r/av_l/av_r/x/y/theta/t_err: 0.40088 1.65562 0.30345 1.63631 1.68815 0.69861 0.75919 0.69861 0.75919 32.21789 -0.11805 -0.92804 0.02368
target: 1.65562 0.03969
target: 1.65562 0.03969
fb: 1.65428 0.02683 0.53830 0.52295
fb: 1.68716 0.02871 0.52186 0.50651
dist/lin/ang/drive_left/drive_right/tv_l/tv_r/av_l/av_r/x/y/theta/t_err: 0.36780 1.59103 0.26163 1.65845 1.71587 0.74331 0.76281 0.74331 0.76281 33.52035 -0.13651 -0.69797 0.02161
target: 1.59103 0.03422
target: 1.59103 0.03422
fb: 1.68142 0.03344 0.41093 0.41372
fb: 1.67569 0.03560 0.41380 0.41659
dist/lin/ang/drive_left/drive_right/tv_l/tv_r/av_l/av_r/x/y/theta/t_err: 0.33418 1.52271 0.21194 1.64008 1.71129 0.62933 0.60608 0.62933 0.60608 34.84423 -0.14972 -0.43902 0.01904
target: 1.52271 0.02772
target: 1.52271 0.02772
fb: 1.68915 0.03519 0.33894 0.32370
fb: 1.63685 0.03282 0.36508 0.34985
dist/lin/ang/drive_left/drive_right/tv_l/tv_r/av_l/av_r/x/y/theta/t_err: 0.30040 1.45175 0.13657 1.60403 1.66967 0.51158 0.50853 0.51158 0.50853 36.17425 -0.15632 -0.13130 0.01551
target: 1.45175 0.01787
target: 1.45175 0.01787
fb: 1.58257 0.02843 0.33876 0.28002
fb: 1.65031 0.02292 0.30488 0.24615
dist/lin/ang/drive_left/drive_right/tv_l/tv_r/av_l/av_r/x/y/theta/t_err: 0.26875 1.38015 0.09717 1.62739 1.67323 0.43736 0.45036 0.43736 0.45036 37.42037 -0.15607 0.14179 0.01228
target: 1.38015 0.01271
target: 1.38015 0.01271
fb: 1.53800 0.01888 0.27552 0.25215
fb: 1.46628 0.01519 0.31138 0.28801
dist/lin/ang/drive_left/drive_right/tv_l/tv_r/av_l/av_r/x/y/theta/t_err: 0.23799 1.30258 0.10442 1.45109 1.48147 0.41017 0.39269 0.41017 0.39269 38.63138 -0.15109 0.32732 0.01041
target: 1.30258 0.01366
target: 1.30258 0.01366
fb: 1.43120 0.01456 0.20629 0.23907
fb: 1.37890 0.01512 0.23244 0.26522
dist/lin/ang/drive_left/drive_right/tv_l/tv_r/av_l/av_r/x/y/theta/t_err: 0.20937 1.22384 0.10795 1.36378 1.39402 0.39286 0.37731 0.39286 0.37731 39.75828 -0.14334 0.46221 0.00932
target: 1.22384 0.01412
target: 1.22384 0.01412
fb: 1.30719 0.01700 0.19375 0.22270
fb: 1.28380 0.01979 0.20545 0.23439
dist/lin/ang/drive_left/drive_right/tv_l/tv_r/av_l/av_r/x/y/theta/t_err: 0.18323 1.14715 0.08553 1.26401 1.30358 0.35131 0.35694 0.35131 0.35694 40.78752 -0.13390 0.60137 0.00807
target: 1.14715 0.01119
target: 1.14715 0.01119
fb: 1.32462 0.01874 0.14063 0.13503
fb: 1.27806 0.01282 0.16391 0.15831
dist/lin/ang/drive_left/drive_right/tv_l/tv_r/av_l/av_r/x/y/theta/t_err: 0.15674 1.07449 0.04567 1.26524 1.29088 0.30903 0.32219 0.30903 0.32219 41.83045 -0.12148 0.76922 0.00626
target: 1.07449 0.00597
target: 1.07449 0.00597
fb: 1.21980 0.00397 0.15673 0.12357
fb: 1.14235 0.00327 0.19546 0.16230
dist/lin/ang/drive_left/drive_right/tv_l/tv_r/av_l/av_r/x/y/theta/t_err: 0.13234 0.98732 0.02987 1.13908 1.14563 0.24381 0.24864 0.24381 0.24864 42.79083 -0.10770 0.85759 0.00472
target: 0.98732 0.00391
target: 0.98732 0.00391
fb: 1.12492 0.00934 -0.06406 -0.08154
fb: 1.02585 0.01881 0.10352 0.09583
dist/lin/ang/drive_left/drive_right/tv_l/tv_r/av_l/av_r/x/y/theta/t_err: 0.10984 0.89949 0.03530 1.00703 1.04466 0.20753 0.19028 0.20753 0.19028 43.67649 -0.09415 0.90564 0.00388
target: 0.89949 0.00462
target: 0.89949 0.00462
fb: 0.95987 0.02536 -0.07719 -0.06878
fb: 0.88065 0.02501 0.08047 0.09866
dist/lin/ang/drive_left/drive_right/tv_l/tv_r/av_l/av_r/x/y/theta/t_err: 0.09065 0.81713 -0.06527 0.85564 0.90566 0.12833 0.11036 0.12833 0.11036 44.43218 -0.08115 1.08194 0.00080
target: 0.81713 -0.00854
target: 0.81713 -0.00854
fb: 0.84182 0.02174 0.11791 -0.13423
fb: 0.81644 0.01770 0.13060 -0.12154
dist/lin/ang/drive_left/drive_right/tv_l/tv_r/av_l/av_r/x/y/theta/t_err: 0.07381 0.73735 -0.13274 0.79874 0.83414 0.10506 0.07958 0.10506 0.07958 45.09488 -0.06735 1.29138 -0.00285
target: 0.73735 -0.01736
target: 0.73735 -0.01736
fb: 0.70015 0.01289 0.11286 -0.11218
fb: 0.62248 0.01045 0.15170 -0.07335
dist/lin/ang/drive_left/drive_right/tv_l/tv_r/av_l/av_r/x/y/theta/t_err: 0.05981 0.66373 -0.13910 0.61203 0.63293 0.14322 -0.09175 0.14322 -0.09175 45.64602 -0.05421 1.43318 -0.00533
target: 0.66373 -0.01820
target: 0.66373 -0.01820
fb: 0.57195 0.00481 0.09912 0.07267
fb: 0.52760 -0.00697 0.12130 0.09484
dist/lin/ang/drive_left/drive_right/tv_l/tv_r/av_l/av_r/x/y/theta/t_err: 0.04837 0.59689 -0.13118 0.53456 0.52063 0.14358 -0.05422 0.14358 -0.05422 46.09623 -0.04260 1.51142 -0.00669
target: 0.59689 -0.01716
target: 0.59689 -0.01716
fb: 0.47707 -0.02620 0.10368 0.09539
fb: 0.41881 -0.04459 0.13281 0.12452
dist/lin/ang/drive_left/drive_right/tv_l/tv_r/av_l/av_r/x/y/theta/t_err: 0.03883 0.53479 -0.02290 0.46340 0.37422 0.12747 0.09550 0.12747 0.09550 46.47174 -0.03292 1.40388 -0.00482
target: 0.53479 -0.00300
target: 0.53479 -0.00300
fb: 0.38218 -0.05344 -0.07310 0.17373
fb: 0.36850 -0.05191 -0.06625 0.18057
dist/lin/ang/drive_left/drive_right/tv_l/tv_r/av_l/av_r/x/y/theta/t_err: 0.03118 0.47926 0.20839 0.42041 0.31659 0.08692 0.12528 0.08692 0.12528 46.77261 -0.02655 1.00033 0.00223
target: 0.47926 0.02726
target: 0.47926 0.02726
fb: 0.37622 -0.04459 -0.07563 0.31613
fb: 0.35305 -0.02683 -0.06405 0.32771
dist/lin/ang/drive_left/drive_right/tv_l/tv_r/av_l/av_r/x/y/theta/t_err: 0.02366 0.41744 0.33220 0.37988 0.32623 -0.04092 0.18289 -0.04092 0.18289 47.06882 -0.02258 0.56532 0.00982
target: 0.41744 0.04346
target: 0.41744 0.04346
fb: 0.29281 -0.00481 -0.04791 0.23903
fb: 0.25001 0.01623 0.05154 0.26043
dist/lin/ang/drive_left/drive_right/tv_l/tv_r/av_l/av_r/x/y/theta/t_err: 0.01780 0.36209 0.26988 0.23377 0.26624 -0.04828 0.28456 -0.04828 0.28456 47.29938 -0.02077 0.38040 0.01305
target: 0.36209 0.03530
target: 0.36209 0.03530
fb: 0.21911 0.03951 0.14682 0.12564
fb: 0.22904 0.06257 0.14185 0.12068
dist/lin/ang/drive_left/drive_right/tv_l/tv_r/av_l/av_r/x/y/theta/t_err: 0.01342 0.31438 0.05621 0.16648 0.29161 0.04825 0.24878 0.04825 0.24878 47.47190 -0.01941 0.57330 0.00968
target: 0.31438 0.00735
target: 0.31438 0.00735
fb: 0.22507 0.07818 0.22544 -0.09920
fb: 0.23059 0.08466 0.22268 -0.10196
dist/lin/ang/drive_left/drive_right/tv_l/tv_r/av_l/av_r/x/y/theta/t_err: 0.00892 0.25632 -0.25587 0.14593 0.31524 0.13842 0.13675 0.13842 0.13675 47.64910 -0.01682 1.14806 -0.00035
target: 0.25632 -0.03347
target: 0.25632 -0.03347
fb: 0.23081 0.08556 0.23662 -0.25857
fb: 0.21735 0.08159 0.24335 -0.25184
dist/lin/ang/drive_left/drive_right/tv_l/tv_r/av_l/av_r/x/y/theta/t_err: 0.00431 0.00108 -0.51372 0.13576 0.29894 0.20653 -0.08933 0.20653 -0.08933 47.83078 -0.01205 1.88585 -0.01323
target: 0.00108 -0.06720
target: 0.00108 -0.06720
fb: 0.20543 0.07142 -0.45449 -0.85300
fb: 0.18028 0.04410 -0.44191 -0.84042
dist/lin/ang/drive_left/drive_right/tv_l/tv_r/av_l/av_r/x/y/theta/t_err: 0.00020 0.00005 -0.66642 0.13617 0.22438 0.17317 -0.24125 0.17317 -0.24125 47.99242 -0.00576 2.57431 -0.02524
target: 0.00005 -0.08717
target: 0.00005 -0.08717
fb: 0.16880 0.00843 0.18528 -0.19425
fb: 0.15512 -0.02062 0.18528 -0.19425
dist/lin/ang/drive_left/drive_right/tv_l/tv_r/av_l/av_r/x/y/theta/t_err: -0.00318 -0.00079 -0.57605 0.17575 0.13450 -0.18839 -0.27567 -0.18839 -0.27567 48.12518 0.00065 2.87896 -0.03056
target: -0.00079 -0.07535
target: -0.00079 -0.07535
fb: 0.11827 -0.04250 -0.04372 0.04465
fb: 0.08540 -0.05281 -0.04372 0.04465
dist/lin/ang/drive_left/drive_right/tv_l/tv_r/av_l/av_r/x/y/theta/t_err: -0.00554 -0.00139 -0.28824 0.13821 0.03258 0.06025 -0.16494 0.06025 -0.16494 48.21819 0.00521 2.65429 -0.02664
target: -0.00139 -0.03770
target: -0.00139 -0.03770
fb: 0.06201 -0.06605 -0.18488 0.18638
fb: 0.04855 -0.06821 -0.18488 0.18638
final error: 0.26707, x: -0.26697, y: -0.00729
final local error: 0.26707, forwards: -0.26706, sideways: 0.00275
position: 48.26697 0.00729 2.15400
took 1.28000 time to finish turn
dist/lin/ang/drive_left/drive_right/tv_l/tv_r/av_l/av_r/x/y/theta/t_err: -1.22676 -0.08636 -0.47544 0.00000 0.00000 0.00017 0.00000 0.00017 0.00000 48.29754 0.00829 181.88848 -0.03279
target: -0.08636 -0.06219
target: -0.08636 -0.06219
fb: 0.00000 0.00000 0.15588 -0.57012
fb: 0.00000 0.00000 0.15588 -0.57012
dist/lin/ang/drive_left/drive_right/tv_l/tv_r/av_l/av_r/x/y/theta/t_err: -1.22676 -0.17272 -0.47545 0.00000 0.00000 0.10439 -0.32269 0.10439 -0.32269 48.29754 0.00829 181.88850 -0.03279
target: -0.17272 -0.06219
target: -0.17272 -0.06219
fb: -0.00375 0.00000 -0.23397 -0.32222
fb: -0.00199 -0.00488 -0.23397 -0.32222
dist/lin/ang/drive_left/drive_right/tv_l/tv_r/av_l/av_r/x/y/theta/t_err: -1.22672 -0.25908 -0.46799 0.00289 -0.00686 -0.13792 -0.34583 -0.13792 -0.34583 48.29597 0.00823 181.87763 -0.03260
target: -0.25908 -0.06122
target: -0.25908 -0.06122
fb: 0.00177 -0.02132 -0.40140 -0.47954
fb: 0.00000 -0.04466 -0.40052 -0.47866
dist/lin/ang/drive_left/drive_right/tv_l/tv_r/av_l/av_r/x/y/theta/t_err: -1.22672 -0.34544 -0.30429 0.04466 -0.04466 -0.33586 -0.40381 -0.33586 -0.40381 48.29597 0.00823 181.63334 -0.02834
target: -0.34544 -0.03980
target: -0.34544 -0.03980
fb: 0.00000 -0.06334 -0.58197 -0.44748
fb: -0.02516 -0.06550 -0.56939 -0.43490
dist/lin/ang/drive_left/drive_right/tv_l/tv_r/av_l/av_r/x/y/theta/t_err: -1.22621 -0.43180 -0.03322 0.04034 -0.09065 -0.44608 -0.40878 -0.44608 -0.40878 48.27617 0.00781 181.08502 -0.01878
target: -0.43180 -0.00435
target: -0.43180 -0.00435
fb: -0.11430 -0.06020 -0.68691 -0.37850
fb: -0.20742 -0.05038 -0.64035 -0.33194
dist/lin/ang/drive_left/drive_right/tv_l/tv_r/av_l/av_r/x/y/theta/t_err: -1.22207 -0.51816 0.07562 -0.15704 -0.25780 -0.46044 -0.35522 -0.46044 -0.35522 48.11286 0.00552 180.57774 -0.00997
target: -0.51816 0.00989
target: -0.51816 0.00989
fb: -0.24824 -0.04062 -0.82305 -0.68696
fb: -0.28509 -0.03052 -0.80462 -0.66854
dist/lin/ang/drive_left/drive_right/tv_l/tv_r/av_l/av_r/x/y/theta/t_err: -1.21637 -0.60452 0.08324 -0.25457 -0.31561 -0.49811 -0.47158 -0.49811 -0.47158 47.88839 0.00398 180.24552 -0.00420
target: -0.60452 0.01089
target: -0.60452 0.01089
fb: -0.32591 -0.02153 -0.80396 -0.78578
fb: -0.34136 -0.01714 -0.79624 -0.77806
dist/lin/ang/drive_left/drive_right/tv_l/tv_r/av_l/av_r/x/y/theta/t_err: -1.20954 -0.69088 0.06118 -0.32422 -0.35850 -0.41100 -0.51161 -0.41100 -0.51161 47.61960 0.00327 180.06757 -0.00111
target: -0.69088 0.00800
target: -0.69088 0.00800
fb: -0.38968 -0.01108 -0.83135 -0.85203
fb: -0.47133 -0.00955 -0.79053 -0.81121
dist/lin/ang/drive_left/drive_right/tv_l/tv_r/av_l/av_r/x/y/theta/t_err: -1.20011 -0.77724 0.05008 -0.46178 -0.48087 -0.44778 -0.47431 -0.44778 -0.47431 47.24848 0.00318 179.97150 0.00056
target: -0.77724 0.00655
target: -0.77724 0.00655
fb: -0.47707 -0.01338 -0.87180 -0.88161
fb: -0.49648 -0.01512 -0.86209 -0.87190
dist/lin/ang/drive_left/drive_right/tv_l/tv_r/av_l/av_r/x/y/theta/t_err: -1.19018 -0.86360 0.09630 -0.48136 -0.51160 -0.45225 -0.52667 -0.45225 -0.52667 46.85755 0.00382 179.84450 0.00280
target: -0.86360 0.01260
target: -0.86360 0.01260
fb: -0.56070 -0.01191 -0.94645 -0.88073
fb: -0.58563 -0.00836 -0.93398 -0.86826
dist/lin/ang/drive_left/drive_right/tv_l/tv_r/av_l/av_r/x/y/theta/t_err: -1.17847 -0.94996 0.10965 -0.57727 -0.59399 -0.42144 -0.55800 -0.42144 -0.55800 46.39642 0.00549 179.74635 0.00455
target: -0.94996 0.01434
target: -0.94996 0.01434
fb: -0.59534 -0.00732 -0.98962 -0.96033
fb: -0.58762 -0.01143 -0.99348 -0.96419
dist/lin/ang/drive_left/drive_right/tv_l/tv_r/av_l/av_r/x/y/theta/t_err: -1.16672 -1.03632 0.12398 -0.57619 -0.59904 -0.46953 -0.56297 -0.46953 -0.56297 45.93374 0.00783 179.66510 0.00602
target: -1.03632 0.01622
target: -1.03632 0.01622
fb: -0.64190 -0.01407 -1.00000 -1.00000
fb: -0.71185 -0.01366 -1.00000 -0.97898
dist/lin/ang/drive_left/drive_right/tv_l/tv_r/av_l/av_r/x/y/theta/t_err: -1.15248 -1.12268 0.17081 -0.69819 -0.72550 -0.67522 -0.47258 -0.67522 -0.47258 45.37324 0.01167 179.54883 0.00813
target: -1.12268 0.02234
target: -1.12268 0.02234
fb: -0.72729 -0.01916 -1.00000 -1.00000
fb: -0.76017 -0.01275 -1.00000 -1.00000
dist/lin/ang/drive_left/drive_right/tv_l/tv_r/av_l/av_r/x/y/theta/t_err: -1.13728 -1.20904 0.22187 -0.74742 -0.77292 -0.83603 -0.42078 -0.83603 -0.42078 44.77471 0.01719 179.40529 0.01076
target: -1.20904 0.02902
target: -1.20904 0.02902
fb: -0.75642 -0.00537 -1.00000 -1.00000
fb: -0.78356 0.00975 -1.00000 -1.00000
dist/lin/ang/drive_left/drive_right/tv_l/tv_r/av_l/av_r/x/y/theta/t_err: -1.12161 -1.29540 0.16885 -0.79332 -0.77381 -0.86153 -0.71781 -0.86153 -0.71781 44.15777 0.02382 179.39565 0.01109
target: -1.29540 0.02209
target: -1.29540 0.02209
fb: -0.84358 0.01979 -1.00000 -1.00000
fb: -0.86498 0.02369 -1.00000 -1.00000
dist/lin/ang/drive_left/drive_right/tv_l/tv_r/av_l/av_r/x/y/theta/t_err: -1.10431 -1.38176 0.04280 -0.88867 -0.84129 -0.86328 -0.81994 -0.86328 -0.81994 43.47670 0.02999 179.57538 0.00810
target: -1.38176 0.00560
target: -1.38176 0.00560
fb: -0.89985 0.01958 -1.00000 -1.00000
fb: -0.95215 0.01610 -1.00000 -1.00000
dist/lin/ang/drive_left/drive_right/tv_l/tv_r/av_l/av_r/x/y/theta/t_err: -1.08527 -1.46812 0.00551 -0.96824 -0.93605 -0.86544 -0.85367 -0.86544 -0.85367 42.72700 0.03437 179.74434 0.00527
target: -1.46812 0.00072
target: -1.46812 0.00072
fb: -0.98127 0.01644 -1.00000 -1.00000
fb: -1.06865 0.02139 -1.00000 -1.00000
dist/lin/ang/drive_left/drive_right/tv_l/tv_r/av_l/av_r/x/y/theta/t_err: -1.06389 -1.55448 -0.02834 -1.09004 -1.04726 -0.86769 -0.86681 -0.86769 -0.86681 41.88554 0.03696 179.90069 0.00262
target: -1.55448 -0.00371
target: -1.55448 -0.00371
fb: -1.09977 0.02480 -1.00000 -1.00000
fb: -1.07439 0.02487 -1.00000 -1.00000
dist/lin/ang/drive_left/drive_right/tv_l/tv_r/av_l/av_r/x/y/theta/t_err: -1.04241 -1.64084 -0.10533 -1.09926 -1.04952 -0.87161 -0.86819 -0.87161 -0.86819 41.03957 0.03689 180.10943 -0.00101
target: -1.64084 -0.01378
target: -1.64084 -0.01378
fb: -1.18097 0.01679 -1.00000 -1.00000
fb: -1.16751 0.01101 -1.00000 -1.00000
dist/lin/ang/drive_left/drive_right/tv_l/tv_r/av_l/av_r/x/y/theta/t_err: -1.01906 -1.72720 -0.11324 -1.17852 -1.15650 -0.87694 -0.87317 -0.87694 -0.87317 40.12027 0.03395 180.24940 -0.00351
target: -1.72720 -0.01481
target: -1.72720 -0.01481
fb: -1.20237 0.01205 -1.00000 -1.00000
fb: -1.24319 0.01303 -1.00000 -1.00000
dist/lin/ang/drive_left/drive_right/tv_l/tv_r/av_l/av_r/x/y/theta/t_err: -0.99419 -1.76253 -0.13248 -1.25622 -1.23017 -0.88467 -0.88206 -0.88467 -0.88206 39.14139 0.02877 180.36144 -0.00557
target: -1.76253 -0.01733
target: -1.76253 -0.01733
fb: -1.28402 0.01212 -1.00000 -1.00000
fb: -1.36721 0.01380 -1.00000 -1.00000
dist/lin/ang/drive_left/drive_right/tv_l/tv_r/av_l/av_r/x/y/theta/t_err: -0.96685 -1.75635 -0.16930 -1.38100 -1.35341 -0.89317 -0.89114 -0.89317 -0.89114 38.06488 0.02090 180.47913 -0.00781
target: -1.75635 -0.02215
target: -1.75635 -0.02215
fb: -1.29924 0.01477 -0.94807 -1.00000
fb: -1.38287 0.01373 -0.90626 -0.98557
dist/lin/ang/drive_left/drive_right/tv_l/tv_r/av_l/av_r/x/y/theta/t_err: -0.93919 -1.75000 -0.20437 -1.39660 -1.36915 -0.74603 -0.82203 -0.74603 -0.82203 36.97605 0.01064 180.59628 -0.01012
target: -1.75000 -0.02673
target: -1.75000 -0.02673
fb: -1.45260 0.01080 -0.86291 -0.94632
fb: -1.42149 0.00251 -0.87846 -0.96187
dist/lin/ang/drive_left/drive_right/tv_l/tv_r/av_l/av_r/x/y/theta/t_err: -0.91076 -1.74593 -0.20521 -1.42400 -1.41898 -0.74225 -0.73906 -0.74225 -0.73906 35.85684 -0.00183 180.66169 -0.01160
target: -1.74593 -0.02684
target: -1.74593 -0.02684
fb: -1.44686 0.00181 -0.89129 -0.93452
fb: -1.33433 0.00216 -0.94756 -0.99079
dist/lin/ang/drive_left/drive_right/tv_l/tv_r/av_l/av_r/x/y/theta/t_err: -0.88408 -1.74522 -0.17851 -1.33649 -1.33217 -0.76194 -0.74192 -0.76194 -0.74192 34.80626 -0.01395 180.65661 -0.01186
target: -1.74522 -0.02335
target: -1.74522 -0.02335
fb: -1.43120 0.00537 -0.93041 -0.93656
fb: -1.59426 0.00132 -0.84887 -0.85502
dist/lin/ang/drive_left/drive_right/tv_l/tv_r/av_l/av_r/x/y/theta/t_err: -0.85220 -1.74347 -0.19715 -1.59559 -1.59294 -0.74072 -0.78042 -0.74072 -0.78042 33.55102 -0.02846 180.66749 -0.01250
target: -1.74347 -0.02579
target: -1.74347 -0.02579
fb: -1.40428 0.00160 -0.90984 -0.97262
fb: -1.51262 0.00132 -0.85567 -0.91845
dist/lin/ang/drive_left/drive_right/tv_l/tv_r/av_l/av_r/x/y/theta/t_err: -0.82195 -1.74177 -0.20572 -1.51394 -1.51130 -0.79394 -0.79053 -0.79394 -0.79053 32.36006 -0.04246 180.67645 -0.01312
target: -1.74177 -0.02691
target: -1.74177 -0.02691
fb: -1.67172 -0.00111 -0.77994 -0.83237
fb: -1.56712 0.00070 -0.83223 -0.88466
dist/lin/ang/drive_left/drive_right/tv_l/tv_r/av_l/av_r/x/y/theta/t_err: -0.79061 -1.74036 -0.21053 -1.56782 -1.56643 -0.76247 -0.77239 -0.76247 -0.77239 31.12619 -0.05698 180.67620 -0.01363
target: -1.74036 -0.02754
target: -1.74036 -0.02754
fb: -1.54175 0.00662 -0.84660 -0.89544
fb: -1.44091 0.00704 -0.89702 -0.94586
dist/lin/ang/drive_left/drive_right/tv_l/tv_r/av_l/av_r/x/y/theta/t_err: -0.76179 -1.73675 -0.24988 -1.44794 -1.43387 -0.80283 -0.78128 -0.80283 -0.78128 29.99171 -0.07078 180.72160 -0.01495
target: -1.73675 -0.03269
target: -1.73675 -0.03269
fb: -1.53998 0.00362 -0.81158 -0.90799
fb: -1.65053 0.00474 -0.75630 -0.85271
dist/lin/ang/drive_left/drive_right/tv_l/tv_r/av_l/av_r/x/y/theta/t_err: -0.72878 -1.73261 -0.27677 -1.65527 -1.64579 -0.78231 -0.77342 -0.78231 -0.77342 28.69218 -0.08765 180.76872 -0.01647
target: -1.73261 -0.03620
target: -1.73261 -0.03620
fb: -1.57286 0.00739 -0.79424 -0.88069
fb: -1.53778 0.00822 -0.81179 -0.89823
dist/lin/ang/drive_left/drive_right/tv_l/tv_r/av_l/av_r/x/y/theta/t_err: -0.69803 -1.72750 -0.31301 -1.54600 -1.52955 -0.78522 -0.78111 -0.78522 -0.78111 27.48145 -0.10454 180.83339 -0.01835
target: -1.72750 -0.04094
target: -1.72750 -0.04094
fb: -1.61148 0.00766 -0.75771 -0.86151
fb: -1.65252 0.00530 -0.73718 -0.84099
dist/lin/ang/drive_left/drive_right/tv_l/tv_r/av_l/av_r/x/y/theta/t_err: -0.66499 -1.72216 -0.34369 -1.65781 -1.64722 -0.75733 -0.77958 -0.75733 -0.77958 26.18041 -0.12417 180.89220 -0.02031
target: -1.72216 -0.04496
target: -1.72216 -0.04496
fb: -1.60971 0.00502 -0.75341 -0.85604
fb: -1.68915 0.00279 -0.71369 -0.81633
dist/lin/ang/drive_left/drive_right/tv_l/tv_r/av_l/av_r/x/y/theta/t_err: -0.63121 -1.71778 -0.35848 -1.69193 -1.68636 -0.73731 -0.76914 -0.73731 -0.76914 24.85054 -0.14527 180.92172 -0.02193
target: -1.71778 -0.04689
target: -1.71778 -0.04689
fb: -1.63487 -0.00111 -0.74871 -0.83522
fb: -1.59029 -0.00474 -0.77100 -0.85751
dist/lin/ang/drive_left/drive_right/tv_l/tv_r/av_l/av_r/x/y/theta/t_err: -0.59942 -1.71521 -0.35545 -1.58555 -1.59503 -0.73031 -0.77819 -0.73031 -0.77819 23.59850 -0.16533 180.90953 -0.02288
target: -1.71521 -0.04650
target: -1.71521 -0.04650
fb: -1.60199 -0.00571 -0.78086 -0.84586
fb: -1.58058 -0.00683 -0.79156 -0.85656
dist/lin/ang/drive_left/drive_right/tv_l/tv_r/av_l/av_r/x/y/theta/t_err: -0.56781 -1.71411 -0.34786 -1.57375 -1.58741 -0.76589 -0.76983 -0.76589 -0.76983 22.35410 -0.18462 180.86110 -0.02329
target: -1.71411 -0.04550
target: -1.71411 -0.04550
fb: -1.67569 -0.00857 -0.75220 -0.81050
fb: -1.63288 -0.00955 -0.77360 -0.83190
dist/lin/ang/drive_left/drive_right/tv_l/tv_r/av_l/av_r/x/y/theta/t_err: -0.53516 -1.66721 -0.33707 -1.62333 -1.64242 -0.75733 -0.77378 -0.75733 -0.77378 21.06850 -0.20308 180.78116 -0.02327
target: -1.66721 -0.04409
target: -1.66721 -0.04409
fb: -1.63685 -0.00850 -0.54851 -0.60111
fb: -1.72423 -0.00885 -0.50482 -0.55742
dist/lin/ang/drive_left/drive_right/tv_l/tv_r/av_l/av_r/x/y/theta/t_err: -0.50069 -1.61232 -0.34194 -1.71538 -1.73308 -0.64833 -0.65347 -0.64833 -0.65347 19.71095 -0.22062 180.69864 -0.02339
target: -1.61232 -0.04473
target: -1.61232 -0.04473
fb: -1.59228 -0.01045 -0.47924 -0.55109
fb: -1.60574 -0.00996 -0.47251 -0.54436
dist/lin/ang/drive_left/drive_right/tv_l/tv_r/av_l/av_r/x/y/theta/t_err: -0.46858 -1.55941 -0.34488 -1.59577 -1.61570 -0.54172 -0.56947 -0.54172 -0.56947 18.44667 -0.23510 180.61811 -0.02353
target: -1.55941 -0.04511
target: -1.55941 -0.04511
fb: -1.61942 -0.00766 -0.42624 -0.49629
fb: -1.60596 -0.00620 -0.43297 -0.50302
dist/lin/ang/drive_left/drive_right/tv_l/tv_r/av_l/av_r/x/y/theta/t_err: -0.43647 -1.50339 -0.36857 -1.59976 -1.61216 -0.47261 -0.52650 -0.47261 -0.52650 17.18220 -0.24806 180.56085 -0.02422
target: -1.50339 -0.04821
target: -1.50339 -0.04821
fb: -1.21407 -0.00516 -0.55115 -0.64974
fb: -1.50865 -0.00920 -0.40386 -0.50245
dist/lin/ang/drive_left/drive_right/tv_l/tv_r/av_l/av_r/x/y/theta/t_err: -0.40631 -1.44870 -0.38257 -1.49945 -1.51785 -0.52050 -0.57561 -0.52050 -0.57561 15.99434 -0.25903 180.50557 -0.02502
target: -1.44870 -0.05004
target: -1.44870 -0.05004
fb: -1.93342 -0.01603 -0.15146 -0.24105
fb: -1.54572 -0.02000 -0.34531 -0.43490
dist/lin/ang/drive_left/drive_right/tv_l/tv_r/av_l/av_r/x/y/theta/t_err: -0.37540 -1.39370 -0.34152 -1.52572 -1.56572 -0.39836 -0.48594 -0.39836 -0.48594 14.77727 -0.26835 180.36222 -0.02448
target: -1.39370 -0.04467
target: -1.39370 -0.04467
fb: -1.45260 -0.02341 -0.37651 -0.39405
fb: -1.44488 -0.02864 -0.38037 -0.39791
dist/lin/ang/drive_left/drive_right/tv_l/tv_r/av_l/av_r/x/y/theta/t_err: -0.34652 -1.34299 -0.28047 -1.41624 -1.47351 -0.42947 -0.47433 -0.42947 -0.47433 13.63959 -0.27346 180.14596 -0.02259
target: -1.34299 -0.03669
target: -1.34299 -0.03669
fb: -1.39457 -0.03087 -0.39361 -0.37687
fb: -1.37691 -0.03254 -0.40244 -0.38569
dist/lin/ang/drive_left/drive_right/tv_l/tv_r/av_l/av_r/x/y/theta/t_err: -0.31898 -1.29468 -0.20820 -1.34438 -1.40945 -0.44900 -0.45381 -0.44900 -0.45381 12.55540 -0.27362 179.87288 -0.01957
target: -1.29468 -0.02724
target: -1.29468 -0.02724
fb: -1.40406 -0.03456 -0.36743 -0.32477
fb: -1.29946 -0.03080 -0.41973 -0.37707
dist/lin/ang/drive_left/drive_right/tv_l/tv_r/av_l/av_r/x/y/theta/t_err: -0.29300 -1.24775 -0.14414 -1.26867 -1.33026 -0.41886 -0.42828 -0.41886 -0.42828 11.53222 -0.26877 179.58369 -0.01604
target: -1.24775 -0.01885
target: -1.24775 -0.01885
fb: -1.34006 -0.02460 -0.36297 -0.31870
fb: -1.28380 -0.01909 -0.39110 -0.34683
dist/lin/ang/drive_left/drive_right/tv_l/tv_r/av_l/av_r/x/y/theta/t_err: -0.26732 -1.19591 -0.14664 -1.26470 -1.30289 -0.41017 -0.39850 -0.41017 -0.39850 10.52140 -0.25962 179.38070 -0.01386
target: -1.19591 -0.01918
target: -1.19591 -0.01918
fb: -1.19090 -0.01519 -0.33131 -0.36580
fb: -1.20458 -0.01101 -0.32447 -0.35896
dist/lin/ang/drive_left/drive_right/tv_l/tv_r/av_l/av_r/x/y/theta/t_err: -0.24324 -1.14208 -0.17183 -1.19357 -1.21559 -0.37525 -0.37286 -0.37525 -0.37286 9.57298 -0.24837 179.26567 -0.01312
target: -1.14208 -0.02248
target: -1.14208 -0.02248
fb: -0.57989 -0.00697 -0.56423 -0.62981
fb: -1.07439 -0.00167 -0.31698 -0.38256
dist/lin/ang/drive_left/drive_right/tv_l/tv_r/av_l/av_r/x/y/theta/t_err: -0.22175 -1.08972 -0.20774 -1.07272 -1.07606 -0.39286 -0.43358 -0.39286 -0.43358 8.72708 -0.23697 179.22183 -0.01356
target: -1.08972 -0.02717
target: -1.08972 -0.02717
fb: -1.64457 -0.00111 0.13745 -0.06504
fb: -1.13441 -0.00578 -0.23567 -0.32012
dist/lin/ang/drive_left/drive_right/tv_l/tv_r/av_l/av_r/x/y/theta/t_err: -0.19906 -1.03051 -0.24442 -1.12863 -1.14019 -0.13106 -0.26606 -0.13106 -0.26606 7.83392 -0.22475 179.20309 -0.01477
target: -1.03051 -0.03197
target: -1.03051 -0.03197
fb: -1.09756 -0.01143 -0.16914 -0.26089
fb: -0.97752 -0.01798 -0.22916 -0.32091
dist/lin/ang/drive_left/drive_right/tv_l/tv_r/av_l/av_r/x/y/theta/t_err: -0.17952 -0.97928 -0.19699 -0.95954 -0.99550 -0.22125 -0.30542 -0.22125 -0.30542 7.06431 -0.21344 179.09084 -0.01434
target: -0.97928 -0.02577
target: -0.97928 -0.02577
fb: -0.94067 -0.02062 -0.28646 -0.27082
fb: -0.95810 -0.02689 -0.27775 -0.26211
dist/lin/ang/drive_left/drive_right/tv_l/tv_r/av_l/av_r/x/y/theta/t_err: -0.16035 -0.94661 -0.13661 -0.93121 -0.98500 -0.27225 -0.30286 -0.27225 -0.30286 6.31001 -0.20029 178.89999 -0.01253
target: -0.94661 -0.01787
target: -0.94661 -0.01787
fb: -0.88815 -0.03177 -0.37012 -0.32864
fb: -0.82041 -0.03533 -0.40399 -0.36251
dist/lin/ang/drive_left/drive_right/tv_l/tv_r/av_l/av_r/x/y/theta/t_err: -0.14394 -0.89686 0.01513 -0.78509 -0.85574 -0.32150 -0.29672 -0.32150 -0.29672 5.66417 -0.18637 178.61445 -0.00755
target: -0.89686 0.00198
target: -0.89686 0.00198
fb: -0.85351 -0.03059 -0.34089 -0.16520
fb: -0.88043 -0.02313 -0.32743 -0.15174
dist/lin/ang/drive_left/drive_right/tv_l/tv_r/av_l/av_r/x/y/theta/t_err: -0.12634 -0.84022 0.06004 -0.85730 -0.90356 -0.35589 -0.26264 -0.35589 -0.26264 4.97116 -0.16806 178.36859 -0.00326
target: -0.84022 0.00785
target: -0.84022 0.00785
fb: -0.81048 -0.01610 -0.22434 -0.16651
fb: -0.77385 -0.00808 -0.24265 -0.18483
dist/lin/ang/drive_left/drive_right/tv_l/tv_r/av_l/av_r/x/y/theta/t_err: -0.11086 -0.78708 0.03444 -0.76577 -0.78193 -0.27686 -0.19353 -0.27686 -0.19353 4.36209 -0.14999 178.25010 -0.00119
target: -0.78708 0.00451
target: -0.78708 0.00451
fb: -0.77584 0.00439 -0.16347 -0.19308
fb: -0.74473 0.02000 -0.17902 -0.20864
dist/lin/ang/drive_left/drive_right/tv_l/tv_r/av_l/av_r/x/y/theta/t_err: -0.09597 -0.73230 -0.06956 -0.76472 -0.72473 -0.20447 -0.20192 -0.20447 -0.20192 3.77596 -0.13229 178.32598 -0.00251
target: -0.73230 -0.00910
target: -0.73230 -0.00910
fb: -0.67301 0.03128 -0.10315 -0.24327
fb: -0.69817 0.03254 -0.09057 -0.23069
dist/lin/ang/drive_left/drive_right/tv_l/tv_r/av_l/av_r/x/y/theta/t_err: -0.08200 -0.67691 -0.22619 -0.73070 -0.66563 -0.15675 -0.23475 -0.15675 -0.23475 3.22642 -0.11756 178.60119 -0.00732
target: -0.67691 -0.02959
target: -0.67691 -0.02959
fb: -0.72906 0.02285 0.14048 -0.20703
fb: -0.63219 0.00746 0.09205 -0.25547
dist/lin/ang/drive_left/drive_right/tv_l/tv_r/av_l/av_r/x/y/theta/t_err: -0.06935 -0.62253 -0.21874 -0.63964 -0.62473 0.02842 -0.22486 0.02842 -0.22486 2.72876 -0.10621 178.76456 -0.01017
target: -0.62253 -0.02861
target: -0.62253 -0.02861
fb: -0.58784 -0.00878 -0.09986 -0.13482
fb: -0.56246 -0.02829 -0.11255 -0.14751
dist/lin/ang/drive_left/drive_right/tv_l/tv_r/av_l/av_r/x/y/theta/t_err: -0.05811 -0.56982 -0.06495 -0.53417 -0.59075 -0.06758 -0.17914 -0.06758 -0.17914 2.28599 -0.09638 178.64489 -0.00808
target: -0.56982 -0.00850
target: -0.56982 -0.00850
fb: -0.50994 -0.04856 -0.19712 0.09503
fb: -0.48677 -0.06285 -0.20870 0.08345
dist/lin/ang/drive_left/drive_right/tv_l/tv_r/av_l/av_r/x/y/theta/t_err: -0.04838 -0.51993 0.19395 -0.42393 -0.54962 -0.17317 0.00322 -0.17317 0.00322 1.90285 -0.08596 178.19360 -0.00020
target: -0.51993 0.02537
target: -0.51993 0.02537
fb: -0.46162 -0.05978 -0.27170 0.18963
fb: -0.44022 -0.03832 -0.28240 0.17893
dist/lin/ang/drive_left/drive_right/tv_l/tv_r/av_l/av_r/x/y/theta/t_err: -0.03958 -0.47027 0.31473 -0.40189 -0.47854 -0.24333 0.12831 -0.24333 0.12831 1.55644 -0.07355 177.73279 0.00784
target: -0.47027 0.04117
target: -0.47027 0.04117
fb: -0.41705 -0.01150 -0.23899 -0.04652
fb: -0.36850 0.01373 -0.26326 -0.07079
dist/lin/ang/drive_left/drive_right/tv_l/tv_r/av_l/av_r/x/y/theta/t_err: -0.03221 -0.42423 0.14465 -0.38223 -0.35477 -0.24831 -0.00308 -0.24831 -0.00308 1.26652 -0.06182 177.68784 0.00862
target: -0.42423 0.01892
target: -0.42423 0.01892
fb: -0.31598 0.03895 -0.07059 -0.25037
fb: -0.31223 0.05853 -0.07246 -0.25225
dist/lin/ang/drive_left/drive_right/tv_l/tv_r/av_l/av_r/x/y/theta/t_err: -0.02596 -0.38087 -0.13703 -0.37076 -0.25371 -0.12969 -0.18856 -0.12969 -0.18856 1.02084 -0.05263 178.06798 0.00199
target: -0.38087 -0.01792
target: -0.38087 -0.01792
fb: -0.30054 0.06786 0.12247 -0.31610
fb: -0.29480 0.06584 0.11960 -0.31897
dist/lin/ang/drive_left/drive_right/tv_l/tv_r/av_l/av_r/x/y/theta/t_err: -0.02006 -0.33479 -0.37241 -0.36064 -0.22896 0.06158 -0.27822 0.06158 -0.27822 0.78881 -0.04600 178.64999 -0.00817
target: -0.33479 -0.04871
target: -0.33479 -0.04871
fb: -0.29480 0.06013 0.15852 -0.26681
fb: -0.28112 0.05149 0.15168 -0.27365
dist/lin/ang/drive_left/drive_right/tv_l/tv_r/av_l/av_r/x/y/theta/t_err: -0.01443 -0.28395 -0.46588 -0.33261 -0.22963 0.12697 -0.26506 0.12697 -0.26506 0.56750 -0.04179 179.15393 -0.01696
target: -0.28395 -0.06094
target: -0.28395 -0.06094
fb: -0.29304 0.02961 0.13603 -0.13861
fb: -0.27340 -0.00216 0.12622 -0.14842
dist/lin/ang/drive_left/drive_right/tv_l/tv_r/av_l/av_r/x/y/theta/t_err: -0.00896 -0.22373 -0.37157 -0.27124 -0.27556 0.12336 -0.16939 0.12336 -0.16939 0.35224 -0.03906 179.33609 -0.02014
target: -0.22373 -0.04861
target: -0.22373 -0.04861
fb: -0.23655 -0.03233 0.06013 0.11092
fb: -0.22309 -0.05316 0.05340 0.10419
dist/lin/ang/drive_left/drive_right/tv_l/tv_r/av_l/av_r/x/y/theta/t_err: -0.00450 -0.00113 -0.07180 -0.16992 -0.27625 0.06844 0.03628 0.06844 0.03628 0.17660 -0.03662 179.01655 -0.01457
target: -0.00113 -0.00939
target: -0.00113 -0.00939
fb: -0.19396 -0.07044 0.41007 0.75530
fb: -0.17454 -0.08389 0.31365 0.65888
dist/lin/ang/drive_left/drive_right/tv_l/tv_r/av_l/av_r/x/y/theta/t_err: -0.00102 -0.00025 0.23074 -0.09065 -0.25843 0.24486 0.31039 0.24486 0.31039 0.03920 -0.03353 178.37547 -0.00338
target: -0.00025 0.03018
target: -0.00025 0.03018
fb: -0.14917 -0.08877 -0.23569 0.24387
fb: -0.11827 -0.08326 -0.23569 0.24387
dist/lin/ang/drive_left/drive_right/tv_l/tv_r/av_l/av_r/x/y/theta/t_err: 0.00134 0.00033 0.47066 -0.03501 -0.20154 -0.05117 0.25481 -0.05117 0.25481 -0.05387 -0.03029 177.62171 0.00978
target: 0.00033 0.06157
target: 0.00033 0.06157
fb: -0.07767 -0.07372 -0.22020 0.22769
fb: -0.03111 -0.05177 -0.22020 0.22769
start is 0.00000 0.00000
dist/lin/ang/drive_left/drive_right/tv_l/tv_r/av_l/av_r/x/y/theta/t_err: 1.21920 0.08636 0.00001 0.00000 0.00000 -0.00017 0.00000 -0.00017 0.00000 0.00000 0.00000 -0.00005 0.00000
target: 0.08636 0.00000
target: 0.08636 0.00000
fb: 0.00000 0.00000 0.24369 0.24860
fb: 0.00000 0.00000 0.24369 0.24860
dist/lin/ang/drive_left/drive_right/tv_l/tv_r/av_l/av_r/x/y/theta/t_err: 1.21920 0.17272 0.00023 0.00000 0.00000 0.02789 0.05425 0.02789 0.05425 0.00000 0.00000 -0.00036 0.00001
target: 0.17272 0.00003
target: 0.17272 0.00003
fb: 0.00000 0.00000 0.27550 0.28069
fb: 0.00000 0.00000 0.27550 0.28069
dist/lin/ang/drive_left/drive_right/tv_l/tv_r/av_l/av_r/x/y/theta/t_err: 1.21920 0.25908 -0.00011 0.00000 0.00000 0.21200 0.21989 0.21200 0.21989 0.00000 0.00000 -0.00007 0.00000
target: 0.25908 -0.00001
target: 0.25908 -0.00001
fb: 0.00000 0.01178 0.43735 0.44183
fb: 0.00000 0.01965 0.43735 0.44183
dist/lin/ang/drive_left/drive_right/tv_l/tv_r/av_l/av_r/x/y/theta/t_err: 1.21920 0.34544 -0.02404 -0.01965 0.01965 0.26572 0.28883 0.26572 0.28883 0.00000 0.00000 0.03482 -0.00061
target: 0.34544 -0.00314
target: 0.34544 -0.00314
fb: 0.00000 0.01651 0.52847 0.50098
fb: 0.09135 0.00613 0.48279 0.45530
dist/lin/ang/drive_left/drive_right/tv_l/tv_r/av_l/av_r/x/y/theta/t_err: 1.21920 0.43180 -0.12030 0.08522 0.09748 0.38961 0.40142 0.38961 0.40142 0.00000 0.00000 0.19654 -0.00343
target: 0.43180 -0.01574
target: 0.43180 -0.01574
fb: 0.19396 -0.00286 0.55764 0.42811
fb: 0.23655 -0.00683 0.53635 0.40682
dist/lin/ang/drive_left/drive_right/tv_l/tv_r/av_l/av_r/x/y/theta/t_err: 1.21532 0.51816 -0.07535 0.24338 0.22972 0.44489 0.42725 0.44489 0.42725 0.15272 0.00060 0.23298 -0.00408
target: 0.51816 -0.00986
target: 0.51816 -0.00986
fb: 0.28134 -0.00815 0.71595 0.76096
fb: 0.30252 -0.00850 0.70536 0.75037
dist/lin/ang/drive_left/drive_right/tv_l/tv_r/av_l/av_r/x/y/theta/t_err: 1.20969 0.60452 -0.01892 0.31102 0.29402 0.45447 0.42383 0.45447 0.42383 0.37425 0.00139 0.17368 -0.00306
target: 0.60452 -0.00248
target: 0.60452 -0.00248
fb: 0.34313 -0.00989 0.75202 0.82051
fb: 0.40138 -0.01129 0.72289 0.79139
dist/lin/ang/drive_left/drive_right/tv_l/tv_r/av_l/av_r/x/y/theta/t_err: 1.20283 0.69088 0.00846 0.41267 0.39009 0.46419 0.32581 0.46419 0.32581 0.64443 0.00203 0.09626 -0.00172
target: 0.69088 0.00111
target: 0.69088 0.00111
fb: 0.41131 -0.01463 0.81129 0.85046
fb: 0.46934 -0.02244 0.78228 0.82144
dist/lin/ang/drive_left/drive_right/tv_l/tv_r/av_l/av_r/x/y/theta/t_err: 1.19461 0.77724 0.04627 0.49178 0.44691 0.48817 0.51692 0.48817 0.51692 0.96829 0.00230 -0.00744 0.00008
target: 0.77724 0.00605
target: 0.77724 0.00605
fb: 0.53333 -0.02355 0.81950 0.87764
fb: 0.55849 -0.02125 0.80692 0.86506
dist/lin/ang/drive_left/drive_right/tv_l/tv_r/av_l/av_r/x/y/theta/t_err: 1.18394 0.86360 0.13028 0.57974 0.53724 0.49878 0.55817 0.49878 0.55817 1.38824 0.00159 -0.19387 0.00335
target: 0.86360 0.01704
target: 0.86360 0.01704
fb: 0.63020 -0.01456 0.81517 0.94250
fb: 0.63241 -0.01881 0.81407 0.94139
dist/lin/ang/drive_left/drive_right/tv_l/tv_r/av_l/av_r/x/y/theta/t_err: 1.17133 0.94996 0.16505 0.65122 0.61360 0.39733 0.46561 0.39733 0.46561 1.88446 -0.00089 -0.35978 0.00630
target: 0.94996 0.02159
target: 0.94996 0.02159
fb: 0.63417 -0.02153 0.91779 0.99331
fb: 0.68449 -0.02404 0.89264 0.96816
dist/lin/ang/drive_left/drive_right/tv_l/tv_r/av_l/av_r/x/y/theta/t_err: 1.15865 1.03632 0.21246 0.70852 0.66045 0.67983 0.59100 0.67983 0.59100 2.38379 -0.00476 -0.53060 0.00937
target: 1.03632 0.02779
target: 1.03632 0.02779
fb: 0.68669 -0.02355 0.95861 1.00000
fb: 0.74097 -0.02237 0.93147 1.00000
dist/lin/ang/drive_left/drive_right/tv_l/tv_r/av_l/av_r/x/y/theta/t_err: 1.14492 1.12268 0.28175 0.76334 0.71861 0.58125 0.50800 0.58125 0.50800 2.92446 -0.01072 -0.73466 0.01306
target: 1.12268 0.03686
target: 1.12268 0.03686
fb: 0.78334 -0.02606 0.97000 1.00000
fb: 0.75443 -0.02606 0.98445 1.00000
dist/lin/ang/drive_left/drive_right/tv_l/tv_r/av_l/av_r/x/y/theta/t_err: 1.12925 1.20904 0.33628 0.78049 0.72838 0.50783 0.72978 0.50783 0.72978 3.54120 -0.01965 -0.93606 0.01678
target: 1.20904 0.04399
target: 1.20904 0.04399
fb: 0.83409 -0.01456 1.00000 1.00000
fb: 0.88815 0.00258 1.00000 1.00000
dist/lin/ang/drive_left/drive_right/tv_l/tv_r/av_l/av_r/x/y/theta/t_err: 1.11257 1.29540 0.38791 0.88558 0.89073 0.57542 0.83433 0.57542 0.83433 4.19785 -0.03165 -1.12974 0.02044
target: 1.29540 0.05074
target: 1.29540 0.05074
fb: 0.91132 0.01658 1.00000 1.00000
fb: 0.97929 0.02954 1.00000 1.00000
dist/lin/ang/drive_left/drive_right/tv_l/tv_r/av_l/av_r/x/y/theta/t_err: 1.09435 1.38176 0.27368 0.94974 1.00883 0.56636 0.87078 0.56636 0.87078 4.91529 -0.04566 -1.07750 0.01987
target: 1.38176 0.03580
target: 1.38176 0.03580
fb: 0.95038 0.04083 1.00000 1.00000
fb: 0.98348 0.04738 1.00000 1.00000
dist/lin/ang/drive_left/drive_right/tv_l/tv_r/av_l/av_r/x/y/theta/t_err: 1.07535 1.46812 0.09974 0.93610 1.03086 0.77339 0.85981 0.77339 0.85981 5.66352 -0.05802 -0.78654 0.01510
target: 1.46812 0.01305
target: 1.46812 0.01305
fb: 1.02209 0.05198 1.00000 1.00000
fb: 1.07439 0.05504 1.00000 1.00000
dist/lin/ang/drive_left/drive_right/tv_l/tv_r/av_l/av_r/x/y/theta/t_err: 1.05491 1.55448 -0.06516 1.01935 1.12943 0.85367 0.86000 0.85367 0.86000 6.46828 -0.06622 -0.36164 0.00791
target: 1.55448 -0.00852
target: 1.55448 -0.00852
fb: 1.15978 0.05219 1.00000 1.00000
fb: 1.15008 0.04738 1.00000 1.00000
dist/lin/ang/drive_left/drive_right/tv_l/tv_r/av_l/av_r/x/y/theta/t_err: 1.03171 1.64084 -0.20516 1.10270 1.19746 0.86772 0.86458 0.86772 0.86458 7.38149 -0.06822 0.10711 -0.00019
target: 1.64084 -0.02684
target: 1.64084 -0.02684
fb: 1.22378 0.04348 1.00000 1.00000
fb: 1.26835 0.03728 1.00000 1.00000
dist/lin/ang/drive_left/drive_right/tv_l/tv_r/av_l/av_r/x/y/theta/t_err: 1.00724 1.72720 -0.28707 1.23107 1.30563 0.88000 0.87400 0.88000 0.87400 8.34508 -0.06279 0.51402 -0.00739
target: 1.72720 -0.03755
target: 1.72720 -0.03755
fb: 1.23525 0.03574 1.00000 1.00000
fb: 1.31094 0.03282 1.00000 1.00000
dist/lin/ang/drive_left/drive_right/tv_l/tv_r/av_l/av_r/x/y/theta/t_err: 0.98253 1.74083 -0.34703 1.27812 1.34375 0.88667 0.88175 0.88667 0.88175 9.31764 -0.05120 0.84711 -0.01346
target: 1.74083 -0.04539
target: 1.74083 -0.04539
fb: 1.38089 0.02773 1.00000 0.94947
fb: 1.36147 0.02592 1.00000 0.95918
dist/lin/ang/drive_left/drive_right/tv_l/tv_r/av_l/av_r/x/y/theta/t_err: 0.95492 1.72673 -0.39939 1.33555 1.38739 0.89389 0.84681 0.89389 0.84681 10.40479 -0.03249 1.11699 -0.01863
target: 1.72673 -0.05224
target: 1.72673 -0.05224
fb: 1.43914 0.02355 0.92182 0.79644
fb: 1.44289 0.01003 0.91994 0.79456
dist/lin/ang/drive_left/drive_right/tv_l/tv_r/av_l/av_r/x/y/theta/t_err: 0.92614 1.71449 -0.44855 1.43286 1.45292 0.84133 0.79975 0.84133 0.79975 11.53771 -0.00808 1.33893 -0.02315
target: 1.71449 -0.05867
target: 1.71449 -0.05867
fb: 1.41575 0.00000 0.93222 0.80199
fb: 1.39633 -0.00244 0.94193 0.81170
dist/lin/ang/drive_left/drive_right/tv_l/tv_r/av_l/av_r/x/y/theta/t_err: 0.89784 1.70889 -0.41764 1.39877 1.39389 0.78933 0.73131 0.78933 0.73131 12.65215 0.01894 1.41449 -0.02522
target: 1.70889 -0.05463
target: 1.70889 -0.05463
fb: 1.45635 -0.00341 0.88354 0.85297
fb: 1.54572 -0.00516 0.83885 0.80828
dist/lin/ang/drive_left/drive_right/tv_l/tv_r/av_l/av_r/x/y/theta/t_err: 0.86872 1.70767 -0.38354 1.55087 1.54056 0.74533 0.75819 0.74533 0.75819 13.79854 0.04707 1.39217 -0.02567
target: 1.70767 -0.05017
target: 1.70767 -0.05017
fb: 1.57882 -0.00627 0.83388 0.81305
fb: 1.55918 -0.00543 0.84370 0.82287
dist/lin/ang/drive_left/drive_right/tv_l/tv_r/av_l/av_r/x/y/theta/t_err: 0.83715 1.70747 -0.37528 1.56461 1.55374 0.78111 0.75408 0.78111 0.75408 15.04135 0.07675 1.34194 -0.02575
target: 1.70747 -0.04909
target: 1.70747 -0.04909
fb: 1.47577 -0.00495 0.90374 0.85394
fb: 1.52255 -0.00641 0.88035 0.83055
dist/lin/ang/drive_left/drive_right/tv_l/tv_r/av_l/av_r/x/y/theta/t_err: 0.80765 1.70726 -0.37642 1.52896 1.51614 0.76881 0.76675 0.76881 0.76675 16.20306 0.10344 1.29338 -0.02583
target: 1.70726 -0.04924
target: 1.70726 -0.04924
fb: 1.60000 -0.00822 0.84706 0.78599
fb: 1.62913 -0.01024 0.83250 0.77143
dist/lin/ang/drive_left/drive_right/tv_l/tv_r/av_l/av_r/x/y/theta/t_err: 0.77566 1.70682 -0.38097 1.63937 1.61889 0.77186 0.73300 0.77186 0.73300 17.46260 0.13135 1.24274 -0.02599
target: 1.70682 -0.04984
target: 1.70682 -0.04984
fb: 1.53204 -0.01338 0.88211 0.81622
fb: 1.57661 -0.01582 0.85983 0.79393
dist/lin/ang/drive_left/drive_right/tv_l/tv_r/av_l/av_r/x/y/theta/t_err: 0.74503 1.70868 -0.34954 1.59243 1.56079 0.79736 0.75097 0.79736 0.75097 18.66866 0.15658 1.14366 -0.02530
target: 1.70868 -0.04572
target: 1.70868 -0.04572
fb: 1.66995 -0.01644 0.80013 0.78213
fb: 1.60397 -0.01853 0.83312 0.81512
dist/lin/ang/drive_left/drive_right/tv_l/tv_r/av_l/av_r/x/y/theta/t_err: 0.71164 1.71212 -0.31651 1.62251 1.58544 0.79481 0.75803 0.79481 0.75803 19.98335 0.18128 1.00581 -0.02402
target: 1.71212 -0.04140
target: 1.71212 -0.04140
fb: 1.59801 -0.01937 0.84169 0.83135
fb: 1.65803 -0.01819 0.81168 0.80134
dist/lin/ang/drive_left/drive_right/tv_l/tv_r/av_l/av_r/x/y/theta/t_err: 0.67969 1.71714 -0.27494 1.67622 1.63985 0.79753 0.77153 0.79753 0.77153 21.24147 0.20154 0.83851 -0.02217
target: 1.71714 -0.03596
target: 1.71714 -0.03596
fb: 1.62714 -0.01937 0.82938 0.83639
fb: 1.63310 -0.02062 0.82640 0.83341
dist/lin/ang/drive_left/drive_right/tv_l/tv_r/av_l/av_r/x/y/theta/t_err: 0.64715 1.72187 -0.25251 1.65372 1.61248 0.79583 0.77700 0.79583 0.77700 22.52257 0.21856 0.67857 -0.02042
target: 1.72187 -0.03303
target: 1.72187 -0.03303
fb: 1.65627 -0.01902 0.82723 0.81564
fb: 1.66399 -0.01749 0.82336 0.81178
dist/lin/ang/drive_left/drive_right/tv_l/tv_r/av_l/av_r/x/y/theta/t_err: 0.61403 1.72741 -0.21549 1.68148 1.64650 0.80747 0.79581 0.80747 0.79581 23.82665 0.23199 0.50330 -0.01838
target: 1.72741 -0.02819
target: 1.72741 -0.02819
fb: 1.72997 -0.01575 0.78687 0.79894
fb: 1.67370 -0.01819 0.81500 0.82708
dist/lin/ang/drive_left/drive_right/tv_l/tv_r/av_l/av_r/x/y/theta/t_err: 0.57944 1.73155 -0.20651 1.69189 1.65552 0.80436 0.78319 0.80436 0.78319 25.18879 0.24219 0.35779 -0.01686
target: 1.73155 -0.02701
target: 1.73155 -0.02701
fb: 1.58433 -0.01867 0.87354 0.85419
fb: 1.75314 -0.01826 0.78913 0.76978
dist/lin/ang/drive_left/drive_right/tv_l/tv_r/av_l/av_r/x/y/theta/t_err: 0.54775 1.73643 -0.17377 1.77139 1.73488 0.79769 0.79258 0.79769 0.79258 26.43628 0.24832 0.20375 -0.01507
target: 1.73643 -0.02273
target: 1.73643 -0.02273
fb: 1.76682 -0.01867 0.77288 0.78724
fb: 1.69312 -0.02028 0.80973 0.82409
dist/lin/ang/drive_left/drive_right/tv_l/tv_r/av_l/av_r/x/y/theta/t_err: 0.51242 1.74168 -0.14267 1.71339 1.67284 0.78333 0.77219 0.78333 0.77219 27.82747 0.25138 0.03952 -0.01315
target: 1.74168 -0.01866
target: 1.74168 -0.01866
fb: 1.75910 -0.02028 0.78124 0.79912
fb: 1.69312 -0.01777 0.81423 0.83211
dist/lin/ang/drive_left/drive_right/tv_l/tv_r/av_l/av_r/x/y/theta/t_err: 0.47724 1.74780 -0.10255 1.71089 1.67535 0.77958 0.79017 0.77958 0.79017 29.21259 0.25022 -0.13743 -0.01092
target: 1.74780 -0.01341
target: 1.74780 -0.01341
fb: 1.72401 -0.01526 0.79899 0.83454
fb: 1.68915 -0.01373 0.81642 0.85198
dist/lin/ang/drive_left/drive_right/tv_l/tv_r/av_l/av_r/x/y/theta/t_err: 0.44276 1.75308 -0.08248 1.70287 1.67542 0.79208 0.80558 0.79208 0.80558 30.57007 0.24506 -0.28990 -0.00900
target: 1.75308 -0.01079
target: 1.75308 -0.01079
fb: 1.72622 -0.01219 0.80939 0.82485
fb: 1.81713 -0.01073 0.76393 0.77940
dist/lin/ang/drive_left/drive_right/tv_l/tv_r/av_l/av_r/x/y/theta/t_err: 0.40824 1.71347 -0.07642 1.82786 1.80640 0.79617 0.80333 0.79617 0.80333 31.92927 0.23669 -0.40663 -0.00763
target: 1.71347 -0.01000
target: 1.71347 -0.01000
fb: 1.75314 -0.01038 0.58802 0.58802
fb: 1.74564 -0.00920 0.59177 0.59177
dist/lin/ang/drive_left/drive_right/tv_l/tv_r/av_l/av_r/x/y/theta/t_err: 0.37318 1.64063 -0.07393 1.75483 1.73644 0.73286 0.73492 0.73286 0.73492 33.30965 0.22581 -0.49672 -0.00670
target: 1.64063 -0.00967
target: 1.64063 -0.00967
fb: 1.77829 -0.00836 0.37803 0.37421
fb: 1.64060 -0.00843 0.44688 0.44306
dist/lin/ang/drive_left/drive_right/tv_l/tv_r/av_l/av_r/x/y/theta/t_err: 0.33761 1.56249 -0.06500 1.64903 1.63217 0.61258 0.60522 0.61258 0.60522 34.70982 0.21264 -0.57937 -0.00589
target: 1.56249 -0.00850
target: 1.56249 -0.00850
fb: 1.60596 -0.00934 0.36725 0.37251
fb: 1.75711 -0.01136 0.29167 0.29693
dist/lin/ang/drive_left/drive_right/tv_l/tv_r/av_l/av_r/x/y/theta/t_err: 0.30550 1.48841 -0.04988 1.76847 1.74575 0.49722 0.50903 0.49722 0.50903 35.97428 0.19891 -0.66178 -0.00499
target: 1.48841 -0.00653
target: 1.48841 -0.00653
fb: 1.65627 -0.01400 0.28587 0.30099
fb: 1.55344 -0.01582 0.33728 0.35241
dist/lin/ang/drive_left/drive_right/tv_l/tv_r/av_l/av_r/x/y/theta/t_err: 0.27237 1.40832 -0.01995 1.56926 1.53763 0.42847 0.44128 0.42847 0.44128 37.27833 0.18278 -0.76681 -0.00366
target: 1.40832 -0.00261
target: 1.40832 -0.00261
fb: 1.56116 -0.01477 0.22513 0.26289
fb: 1.57860 -0.01289 0.21641 0.25417
dist/lin/ang/drive_left/drive_right/tv_l/tv_r/av_l/av_r/x/y/theta/t_err: 0.24115 1.32975 0.03425 1.59149 1.56571 0.41889 0.43169 0.41889 0.43169 38.50746 0.16483 -0.91168 -0.00145
target: 1.32975 0.00448
target: 1.32975 0.00448
fb: 1.56690 -0.01184 0.13768 0.21344
fb: 1.43715 -0.00599 0.20255 0.27831
dist/lin/ang/drive_left/drive_right/tv_l/tv_r/av_l/av_r/x/y/theta/t_err: 0.20981 1.24234 0.05285 1.44315 1.43116 0.33025 0.36258 0.33025 0.36258 39.74106 0.14396 -1.02269 0.00042
target: 1.24234 0.00691
target: 1.24234 0.00691
fb: 1.38287 -0.00230 0.13409 0.17114
fb: 1.36721 -0.00118 0.14192 0.17897
dist/lin/ang/drive_left/drive_right/tv_l/tv_r/av_l/av_r/x/y/theta/t_err: 0.18215 1.15583 0.04391 1.36839 1.36602 0.28817 0.33214 0.28817 0.33214 40.82976 0.12400 -1.06970 0.00138
target: 1.15583 0.00574
target: 1.15583 0.00574
fb: 1.24319 -0.00279 0.14568 0.14866
fb: 1.22378 -0.00237 0.15539 0.15837
dist/lin/ang/drive_left/drive_right/tv_l/tv_r/av_l/av_r/x/y/theta/t_err: 0.15729 1.07637 0.03691 1.22615 1.22141 0.24161 0.28011 0.24161 0.28011 41.80848 0.10567 -1.08121 0.00181
target: 1.07637 0.00483
target: 1.07637 0.00483
fb: 1.21208 0.00000 0.11654 0.12052
fb: 1.13264 0.00118 0.15626 0.16024
dist/lin/ang/drive_left/drive_right/tv_l/tv_r/av_l/av_r/x/y/theta/t_err: 0.13305 0.98996 0.03606 1.13146 1.13383 0.20875 0.22756 0.20875 0.22756 42.76270 0.08751 -1.09553 0.00206
target: 0.98996 0.00472
target: 0.98996 0.00472
fb: 1.10925 0.00202 -0.06019 0.06886
fb: 1.03754 0.00160 0.09371 0.10471
dist/lin/ang/drive_left/drive_right/tv_l/tv_r/av_l/av_r/x/y/theta/t_err: 0.11086 0.90366 0.01949 1.03594 1.03914 0.15947 0.17606 0.15947 0.17606 43.63597 0.07091 -1.08056 0.00179
target: 0.90366 0.00255
target: 0.90366 0.00255
fb: 0.98922 0.00000 -0.06761 -0.08786
fb: 0.93295 0.00293 0.07857 0.06810
dist/lin/ang/drive_left/drive_right/tv_l/tv_r/av_l/av_r/x/y/theta/t_err: 0.09108 0.81907 0.02089 0.93002 0.93587 0.10025 0.08658 0.10025 0.08658 44.41475 0.05629 -1.07311 0.00166
target: 0.81907 0.00273
target: 0.81907 0.00273
fb: 0.83961 0.00606 -0.07374 -0.07268
fb: 0.78158 0.00843 0.07333 0.08417
dist/lin/ang/drive_left/drive_right/tv_l/tv_r/av_l/av_r/x/y/theta/t_err: 0.07428 0.73971 0.00155 0.77314 0.79001 0.06894 0.03661 0.06894 0.03661 45.07574 0.04405 -1.04035 0.00109
target: 0.73971 0.00020
target: 0.73971 0.00020
fb: 0.72354 0.01394 0.06493 -0.07991
fb: 0.61674 0.02104 0.11833 0.10132
dist/lin/ang/drive_left/drive_right/tv_l/tv_r/av_l/av_r/x/y/theta/t_err: 0.05981 0.66377 -0.04653 0.59570 0.63778 0.07339 0.02514 0.07339 0.02514 45.64537 0.03411 -0.94986 -0.00049
target: 0.66377 -0.00609
target: 0.66377 -0.00609
fb: 0.50994 0.02048 0.13730 0.07795
fb: 0.49053 0.01219 0.14701 0.08766
dist/lin/ang/drive_left/drive_right/tv_l/tv_r/av_l/av_r/x/y/theta/t_err: 0.04961 0.60454 -0.13094 0.47833 0.50272 0.11447 0.09083 0.11447 0.09083 46.04686 0.02805 -0.77016 -0.00362
target: 0.60454 -0.01713
target: 0.60454 -0.01713
fb: 0.48479 0.00084 0.19155 0.07461
fb: 0.44794 -0.00718 0.20998 0.09304
dist/lin/ang/drive_left/drive_right/tv_l/tv_r/av_l/av_r/x/y/theta/t_err: 0.03992 0.54226 -0.10730 0.45512 0.44076 0.15281 0.10097 0.15281 0.10097 46.42855 0.02326 -0.69072 -0.00501
target: 0.54226 -0.01404
target: 0.54226 -0.01404
fb: 0.38991 -0.01171 0.10441 0.11876
fb: 0.37446 -0.01554 0.11213 0.12648
dist/lin/ang/drive_left/drive_right/tv_l/tv_r/av_l/av_r/x/y/theta/t_err: 0.03212 0.48642 -0.02499 0.39000 0.35892 0.18636 0.11106 0.18636 0.11106 46.73554 0.01941 -0.75983 -0.00380
target: 0.48642 -0.00327
target: 0.48642 -0.00327
fb: 0.35482 -0.01735 0.12686 0.22428
fb: 0.34313 -0.01965 0.13271 0.23012
dist/lin/ang/drive_left/drive_right/tv_l/tv_r/av_l/av_r/x/y/theta/t_err: 0.02502 0.42934 0.03928 0.36277 0.32348 0.12611 0.15331 0.12611 0.15331 47.01490 0.01540 -0.89679 -0.00141
target: 0.42934 0.00514
target: 0.42934 0.00514
fb: 0.34136 -0.02007 0.08644 0.17387
fb: 0.29679 -0.01874 0.10872 0.19616
dist/lin/ang/drive_left/drive_right/tv_l/tv_r/av_l/av_r/x/y/theta/t_err: 0.01820 0.36612 0.09722 0.31553 0.27804 0.12150 0.19797 0.12150 0.19797 47.28364 0.01081 -1.06753 0.00157
target: 0.36612 0.01272
target: 0.36612 0.01272
fb: 0.29877 -0.01644 0.03909 0.12924
fb: 0.32194 -0.01442 -0.05054 0.11766
dist/lin/ang/drive_left/drive_right/tv_l/tv_r/av_l/av_r/x/y/theta/t_err: 0.01222 0.30004 0.13221 0.33636 0.30752 0.08519 0.16886 0.08519 0.16886 47.51885 0.00608 -1.22634 0.00434
target: 0.30004 0.01729
target: 0.30004 0.01729
fb: 0.30252 -0.00808 -0.09358 0.05372
fb: 0.28708 0.00613 -0.08586 0.06145
dist/lin/ang/drive_left/drive_right/tv_l/tv_r/av_l/av_r/x/y/theta/t_err: 0.00617 0.00154 0.13941 0.28095 0.29321 -0.03950 0.10456 -0.03950 0.10456 47.75700 0.00074 -1.33729 0.00628
target: 0.00154 0.01824
target: 0.00154 0.01824
fb: 0.27737 0.02494 -0.78982 -0.76180
fb: 0.23280 0.04466 -0.76753 -0.73951
dist/lin/ang/drive_left/drive_right/tv_l/tv_r/av_l/av_r/x/y/theta/t_err: 0.00062 0.00016 0.02292 0.18813 0.27746 -0.15125 -0.03731 -0.15125 -0.03731 47.97534 -0.00425 -1.23854 0.00455
target: 0.00016 0.00300
target: 0.00016 0.00300
fb: 0.20168 0.06340 -0.07594 -0.21396
fb: 0.15512 0.06912 0.10287 -0.11320
dist/lin/ang/drive_left/drive_right/tv_l/tv_r/av_l/av_r/x/y/theta/t_err: -0.00341 -0.00085 -0.23243 0.08601 0.22424 -0.28711 -0.36208 -0.28711 -0.36208 48.13412 -0.00715 -0.80565 -0.00300
target: -0.00085 -0.03040
target: -0.00085 -0.03040
fb: 0.09312 0.06020 0.20737 -0.21693
fb: 0.04457 0.04027 0.20737 -0.21693
dist/lin/ang/drive_left/drive_right/tv_l/tv_r/av_l/av_r/x/y/theta/t_err: -0.00527 -0.00132 -0.44639 0.00430 0.08485 0.07992 -0.17075 0.07992 -0.17075 48.20744 -0.00783 -0.22132 -0.01320
target: -0.00132 -0.05839
target: -0.00132 -0.05839
fb: 0.01147 0.01373 0.20267 -0.21040
fb: -0.00000 -0.00878 0.20267 -0.21040
dist/lin/ang/drive_left/drive_right/tv_l/tv_r/av_l/av_r/x/y/theta/t_err: -0.00550 -0.00137 -0.39201 0.00878 -0.00878 0.18067 -0.19233 0.18067 -0.19233 48.21647 -0.00785 0.06963 -0.01828
target: -0.00137 -0.05128
target: -0.00137 -0.05128
fb: -0.00000 -0.02453 0.04075 -0.04689
fb: 0.00375 -0.04229 0.04075 -0.04689
final error: 0.21662, x: -0.21647, y: 0.00785
final local error: 0.21662, forwards: -0.21648, sideways: 0.00770
position: 48.21647 -0.00785 -0.03829
took 1.28000 time to finish turn
dist/lin/ang/drive_left/drive_right/tv_l/tv_r/av_l/av_r/x/y/theta/t_err: -1.22470 -0.08636 0.47059 0.00000 0.00000 -0.00033 0.00000 -0.00033 0.00000 48.21647 -0.00785 178.13119 0.03245
target: -0.08636 0.06156
target: -0.08636 0.06156
fb: 0.00000 0.00000 -0.56195 0.15749
fb: 0.00000 0.00000 -0.56195 0.15749
dist/lin/ang/drive_left/drive_right/tv_l/tv_r/av_l/av_r/x/y/theta/t_err: -1.22470 -0.17272 0.47058 0.00000 0.00000 -0.11550 0.03356 -0.11550 0.03356 48.21647 -0.00785 178.13120 0.03245
target: -0.17272 0.06156
target: -0.17272 0.06156
fb: 0.00000 0.00000 -0.31689 -0.23930
fb: 0.00000 0.00216 -0.31689 -0.23930
dist/lin/ang/drive_left/drive_right/tv_l/tv_r/av_l/av_r/x/y/theta/t_err: -1.22470 -0.25908 0.47063 -0.00216 0.00216 -0.40400 0.07394 -0.40400 0.07394 48.21647 -0.00785 178.13113 0.03246
target: -0.25908 0.06156
target: -0.25908 0.06156
fb: 0.00000 0.02453 -0.47842 -0.40076
fb: 0.00000 0.04355 -0.47842 -0.40076
dist/lin/ang/drive_left/drive_right/tv_l/tv_r/av_l/av_r/x/y/theta/t_err: -1.22470 -0.34544 0.41155 -0.04355 0.04355 -0.35369 -0.21581 -0.35369 -0.21581 48.21647 -0.00785 178.21678 0.03096
target: -0.34544 0.05383
target: -0.34544 0.05383
fb: 0.00000 0.05943 -0.51357 -0.51588
fb: -0.00772 0.06027 -0.50971 -0.51202
dist/lin/ang/drive_left/drive_right/tv_l/tv_r/av_l/av_r/x/y/theta/t_err: -1.22470 -0.43180 0.16669 -0.06799 0.05255 -0.43892 -0.37114 -0.43892 -0.37114 48.21647 -0.00785 178.62617 0.02382
target: -0.43180 0.02180
target: -0.43180 0.02180
fb: -0.08319 0.05233 -0.41629 -0.68024
fb: -0.19572 0.04222 -0.36002 -0.62397
dist/lin/ang/drive_left/drive_right/tv_l/tv_r/av_l/av_r/x/y/theta/t_err: -1.22303 -0.51816 0.00195 -0.23795 -0.15350 -0.44933 -0.42725 -0.44933 -0.42725 48.15098 -0.00669 179.12560 0.01512
target: -0.51816 0.00026
target: -0.51816 0.00026
fb: -0.25221 0.03442 -0.65357 -0.85247
fb: -0.28708 0.03094 -0.63614 -0.83504
dist/lin/ang/drive_left/drive_right/tv_l/tv_r/av_l/av_r/x/y/theta/t_err: -1.21799 -0.60452 -0.02244 -0.31801 -0.25614 -0.42264 -0.43292 -0.42264 -0.43292 47.95240 -0.00431 179.47901 0.00900
target: -0.60452 -0.00293
target: -0.60452 -0.00293
fb: -0.31025 0.02843 -0.78369 -0.82172
fb: -0.34533 0.02683 -0.76615 -0.80418
dist/lin/ang/drive_left/drive_right/tv_l/tv_r/av_l/av_r/x/y/theta/t_err: -1.21179 -0.69088 -0.05091 -0.37216 -0.31851 -0.38961 -0.48150 -0.38961 -0.48150 47.70812 -0.00268 179.74415 0.00441
target: -0.69088 -0.00666
target: -0.69088 -0.00666
fb: -0.37622 0.02167 -0.82448 -0.87236
fb: -0.39564 0.01923 -0.81477 -0.86265
dist/lin/ang/drive_left/drive_right/tv_l/tv_r/av_l/av_r/x/y/theta/t_err: -1.20426 -0.77724 -0.08514 -0.41487 -0.37641 -0.34922 -0.48714 -0.34922 -0.48714 47.41188 -0.00194 179.96126 0.00064
target: -0.77724 -0.01114
target: -0.77724 -0.01114
fb: -0.47331 0.01101 -0.84821 -0.90895
fb: -0.49648 0.01630 -0.83662 -0.89736
dist/lin/ang/drive_left/drive_right/tv_l/tv_r/av_l/av_r/x/y/theta/t_err: -1.19480 -0.86360 -0.09259 -0.51279 -0.48018 -0.47961 -0.47997 -0.47961 -0.47997 47.03919 -0.00224 180.10854 -0.00194
target: -0.86360 -0.01211
target: -0.86360 -0.01211
fb: -0.47309 0.02174 -0.94210 -0.97268
fb: -0.56423 0.02808 -0.89653 -0.92712
dist/lin/ang/drive_left/drive_right/tv_l/tv_r/av_l/av_r/x/y/theta/t_err: -1.18533 -0.94996 -0.13416 -0.59231 -0.53615 -0.56278 -0.47686 -0.56278 -0.47686 46.66668 -0.00341 180.26084 -0.00463
target: -0.94996 -0.01755
target: -0.94996 -0.01755
fb: -0.59159 0.02655 -0.93780 -1.00000
fb: -0.57791 0.03142 -0.94464 -1.00000
dist/lin/ang/drive_left/drive_right/tv_l/tv_r/av_l/av_r/x/y/theta/t_err: -1.17350 -1.03632 -0.23547 -0.60933 -0.54648 -0.53492 -0.43086 -0.53492 -0.43086 46.20087 -0.00646 180.50128 -0.00889
target: -1.03632 -0.03080
target: -1.03632 -0.03080
fb: -0.61873 0.03386 -0.95884 -1.00000
fb: -0.64984 0.03010 -0.94329 -1.00000
dist/lin/ang/drive_left/drive_right/tv_l/tv_r/av_l/av_r/x/y/theta/t_err: -1.16113 -1.12268 -0.32535 -0.67994 -0.61974 -0.51917 -0.59256 -0.51917 -0.59256 45.71371 -0.01188 180.77937 -0.01386
target: -1.12268 -0.04256
target: -1.12268 -0.04256
fb: -0.75245 0.02090 -0.96951 -1.00000
fb: -0.57393 0.01449 -1.00000 -1.00000
dist/lin/ang/drive_left/drive_right/tv_l/tv_r/av_l/av_r/x/y/theta/t_err: -1.14608 -1.20904 -0.37442 -0.58843 -0.55944 -0.62353 -0.77325 -0.62353 -0.77325 45.12131 -0.02133 181.01872 -0.01825
target: -1.20904 -0.04898
target: -1.20904 -0.04898
fb: -0.71957 0.00955 -1.00000 -1.00000
fb: -0.97752 0.00453 -0.95536 -1.00000
dist/lin/ang/drive_left/drive_right/tv_l/tv_r/av_l/av_r/x/y/theta/t_err: -1.13169 -1.29540 -0.35314 -0.98205 -0.97299 -0.36994 -0.85500 -0.36994 -0.85500 44.55482 -0.03217 181.13277 -0.02049
target: -1.29540 -0.04619
target: -1.29540 -0.04619
fb: -0.80474 -0.00871 -1.00000 -1.00000
fb: -0.83784 -0.02467 -1.00000 -1.00000
dist/lin/ang/drive_left/drive_right/tv_l/tv_r/av_l/av_r/x/y/theta/t_err: -1.11560 -1.38176 -0.30976 -0.81318 -0.86251 -0.57322 -0.87403 -0.57322 -0.87403 43.92129 -0.04485 181.13393 -0.02081
target: -1.38176 -0.04052
target: -1.38176 -0.04052
fb: -0.86498 -0.03644 -1.00000 -1.00000
fb: -0.87072 -0.04243 -1.00000 -1.00000
dist/lin/ang/drive_left/drive_right/tv_l/tv_r/av_l/av_r/x/y/theta/t_err: -1.09830 -1.46812 -0.14930 -0.82829 -0.91315 -0.58128 -0.88258 -0.58128 -0.88258 43.24031 -0.05711 180.89559 -0.01695
target: -1.46812 -0.01953
target: -1.46812 -0.01953
fb: -0.67875 -0.04710 -1.00000 -1.00000
fb: -0.69243 -0.04808 -1.00000 -1.00000
dist/lin/ang/drive_left/drive_right/tv_l/tv_r/av_l/av_r/x/y/theta/t_err: -1.08473 -1.55448 0.00637 -0.64435 -0.74050 -0.75203 -0.87539 -0.75203 -0.87539 42.70591 -0.06407 180.51953 -0.01057
target: -1.55448 0.00083
target: -1.55448 0.00083
fb: -1.27034 -0.04975 -1.00000 -1.00000
fb: -1.02584 -0.05093 -1.00000 -1.00000
dist/lin/ang/drive_left/drive_right/tv_l/tv_r/av_l/av_r/x/y/theta/t_err: -1.05933 -1.64084 0.13946 -0.97491 -1.07678 -0.85758 -0.87847 -0.85758 -0.87847 41.70566 -0.06891 180.08626 -0.00316
target: -1.64084 0.01824
target: -1.64084 0.01824
fb: -1.03555 -0.05699 -1.00000 -1.00000
fb: -1.02408 -0.06159 -1.00000 -1.00000
dist/lin/ang/drive_left/drive_right/tv_l/tv_r/av_l/av_r/x/y/theta/t_err: -1.03861 -1.72720 0.27587 -0.96249 -1.08567 -0.87506 -0.87436 -0.87506 -0.87436 40.89027 -0.06597 179.62191 0.00499
target: -1.72720 0.03609
target: -1.72720 0.03609
fb: -1.08233 -0.06354 -1.00000 -1.00000
fb: -1.47400 -0.06118 -1.00000 -1.00000
dist/lin/ang/drive_left/drive_right/tv_l/tv_r/av_l/av_r/x/y/theta/t_err: -1.01697 -1.73812 0.44626 -1.41283 -1.53518 -0.87694 -0.87108 -0.87694 -0.87108 40.03811 -0.05526 179.09281 0.01445
target: -1.73812 0.05838
target: -1.73812 0.05838
fb: -0.87844 -0.05602 -1.00000 -1.00000
fb: -1.22753 -0.05079 -1.00000 -0.93912
dist/lin/ang/drive_left/drive_right/tv_l/tv_r/av_l/av_r/x/y/theta/t_err: -0.99940 -1.71320 0.57190 -1.17673 -1.27832 -0.88375 -0.88189 -0.88375 -0.88189 39.34656 -0.04179 178.58548 0.02363
target: -1.71320 0.07481
target: -1.71320 0.07481
fb: -1.25665 -0.04808 -1.00000 -0.77380
fb: -1.41178 -0.04327 -0.93814 -0.69624
dist/lin/ang/drive_left/drive_right/tv_l/tv_r/av_l/av_r/x/y/theta/t_err: -0.97428 -1.69066 0.67410 -1.36851 -1.45505 -0.90822 -0.67931 -0.90822 -0.67931 38.35744 -0.01451 178.14378 0.03202
target: -1.69066 0.08818
target: -1.69066 0.08818
fb: -1.67767 -0.02940 -0.78934 -0.55710
fb: -0.99120 -0.02028 -1.00000 -0.90034
dist/lin/ang/drive_left/drive_right/tv_l/tv_r/av_l/av_r/x/y/theta/t_err: -0.94075 -1.67120 0.75335 -0.97093 -1.01148 -0.72994 -0.69044 -0.72994 -0.69044 37.03726 0.03191 177.79552 0.03934
target: -1.67120 0.09855
target: -1.67120 0.09855
fb: -1.41575 -0.01672 -0.90837 -0.68924
fb: -1.34580 -0.00857 -0.94334 -0.72422
dist/lin/ang/drive_left/drive_right/tv_l/tv_r/av_l/av_r/x/y/theta/t_err: -0.91246 -1.65978 0.74149 -1.33723 -1.35437 -0.78161 -0.73472 -0.78161 -0.73472 35.92340 0.07697 177.62073 0.04367
target: -1.65978 0.09699
target: -1.65978 0.09699
fb: -1.24121 0.00091 -0.96267 -0.85287
fb: -1.35772 0.00711 -0.90441 -0.79462
dist/lin/ang/drive_left/drive_right/tv_l/tv_r/av_l/av_r/x/y/theta/t_err: -0.88766 -1.65344 0.72853 -1.36482 -1.35061 -0.78744 -0.70397 -0.78744 -0.70397 34.94695 0.11838 177.55378 0.04608
target: -1.65344 0.09530
target: -1.65344 0.09530
fb: -1.47400 0.00975 -0.85906 -0.75283
fb: -1.36919 0.00216 -0.91147 -0.80524
dist/lin/ang/drive_left/drive_right/tv_l/tv_r/av_l/av_r/x/y/theta/t_err: -0.85821 -1.65121 0.70185 -1.37135 -1.36703 -0.75783 -0.75133 -0.75783 -0.75133 33.78736 0.16751 177.59493 0.04693
target: -1.65121 0.09181
target: -1.65121 0.09181
fb: -1.15383 -0.00355 -1.00000 -0.93772
fb: -1.83853 -0.00864 -0.68077 -0.59537
dist/lin/ang/drive_left/drive_right/tv_l/tv_r/av_l/av_r/x/y/theta/t_err: -0.83516 -1.64772 0.73309 -1.82989 -1.84717 -0.77853 -0.77753 -0.77853 -0.77753 32.87963 0.20556 177.59286 0.04826
target: -1.64772 0.09589
target: -1.64772 0.09589
fb: -1.47202 -0.01282 -0.89270 -0.73363
fb: -1.22951 -0.01268 -1.00000 -0.85488
dist/lin/ang/drive_left/drive_right/tv_l/tv_r/av_l/av_r/x/y/theta/t_err: -0.80575 -1.63921 0.82869 -1.21683 -1.24219 -0.73097 -0.69983 -0.73097 -0.69983 31.72161 0.25486 177.50807 0.05153
target: -1.63921 0.10840
target: -1.63921 0.10840
fb: -1.53998 -0.00634 -0.87711 -0.62550
fb: -1.51262 -0.00056 -0.89079 -0.63918
dist/lin/ang/drive_left/drive_right/tv_l/tv_r/av_l/av_r/x/y/theta/t_err: -0.77500 -1.63009 0.88581 -1.51206 -1.51318 -0.77172 -0.74467 -0.77172 -0.74467 30.51021 0.30852 177.42594 0.05504
target: -1.63009 0.11587
target: -1.63009 0.11587
fb: -1.55521 0.00000 -0.84112 -0.62478
fb: -1.39457 0.00613 -0.92144 -0.70510
dist/lin/ang/drive_left/drive_right/tv_l/tv_r/av_l/av_r/x/y/theta/t_err: -0.74394 -1.62402 0.89081 -1.40070 -1.38844 -0.79906 -0.63431 -0.79906 -0.63431 29.28688 0.36359 177.42330 0.05739
target: -1.62402 0.11653
target: -1.62402 0.11653
fb: -1.50887 0.01742 -0.84067 -0.68483
fb: -1.65803 0.02606 -0.76609 -0.61025
dist/lin/ang/drive_left/drive_right/tv_l/tv_r/av_l/av_r/x/y/theta/t_err: -0.71382 -1.62162 0.86878 -1.68409 -1.63198 -0.80900 -0.67125 -0.80900 -0.67125 28.09996 0.41624 177.50747 0.05831
target: -1.62162 0.11365
target: -1.62162 0.11365
fb: -1.47202 0.03303 -0.85379 -0.73362
fb: -1.51858 0.03616 -0.83051 -0.71034
dist/lin/ang/drive_left/drive_right/tv_l/tv_r/av_l/av_r/x/y/theta/t_err: -0.68443 -1.62573 0.78277 -1.55474 -1.48242 -0.77511 -0.66236 -0.77511 -0.66236 26.94190 0.46456 177.73775 0.05672
target: -1.62573 0.10239
target: -1.62573 0.10239
fb: -1.85221 0.03630 -0.64824 -0.61849
fb: -1.56514 0.03658 -0.79178 -0.76203
dist/lin/ang/drive_left/drive_right/tv_l/tv_r/av_l/av_r/x/y/theta/t_err: -0.64744 -1.63156 0.73358 -1.60172 -1.52856 -0.75100 -0.67397 -0.75100 -0.67397 25.48444 0.51803 178.04340 0.05447
target: -1.63156 0.09596
target: -1.63156 0.09596
fb: -1.32065 0.03560 -0.94360 -0.87911
fb: -1.84824 0.03742 -0.67980 -0.61531
dist/lin/ang/drive_left/drive_right/tv_l/tv_r/av_l/av_r/x/y/theta/t_err: -0.62106 -1.64031 0.65678 -1.88566 -1.81083 -0.76778 -0.72244 -0.76778 -0.72244 24.44507 0.55039 178.36175 0.05110
target: -1.64031 0.08591
target: -1.64031 0.08591
fb: -1.48945 0.03790 -0.85590 -0.83739
fb: -1.28777 0.03595 -0.95674 -0.93823
dist/lin/ang/drive_left/drive_right/tv_l/tv_r/av_l/av_r/x/y/theta/t_err: -0.59131 -1.64863 0.61517 -1.32372 -1.25181 -0.75886 -0.68908 -0.75886 -0.68908 23.27268 0.58127 178.68524 0.04792
target: -1.64863 0.08047
target: -1.64863 0.08047
fb: -1.61743 0.03505 -0.81478 -0.76216
fb: -1.55741 0.03567 -0.84479 -0.79217
dist/lin/ang/drive_left/drive_right/tv_l/tv_r/av_l/av_r/x/y/theta/t_err: -0.55900 -1.64603 0.58515 -1.59309 -1.52174 -0.80267 -0.77564 -0.80267 -0.77564 21.99938 0.60715 178.99444 0.04514
target: -1.64603 0.07654
target: -1.64603 0.07654
fb: -1.87163 0.03470 -0.64583 -0.58481
fb: -1.57264 0.03254 -0.79533 -0.73430
dist/lin/ang/drive_left/drive_right/tv_l/tv_r/av_l/av_r/x/y/theta/t_err: -0.52160 -1.59551 0.56852 -1.60518 -1.54010 -0.76314 -0.74536 -0.76314 -0.74536 20.52581 0.62887 179.29322 0.04296
target: -1.59551 0.07437
target: -1.59551 0.07437
fb: -1.31491 0.03156 -0.69296 -0.61905
fb: -1.59051 0.03219 -0.55516 -0.48124
dist/lin/ang/drive_left/drive_right/tv_l/tv_r/av_l/av_r/x/y/theta/t_err: -0.49532 -1.56207 0.50666 -1.62270 -1.55832 -0.74039 -0.68150 -0.74039 -0.68150 19.49050 0.63868 179.58393 0.04002
target: -1.56207 0.06628
target: -1.56207 0.06628
fb: -1.87715 0.03205 -0.41763 -0.40780
fb: -1.57860 0.03303 -0.56691 -0.55707
dist/lin/ang/drive_left/drive_right/tv_l/tv_r/av_l/av_r/x/y/theta/t_err: -0.45781 -1.50601 0.50971 -1.61162 -1.54557 -0.61819 -0.57919 -0.61819 -0.57919 18.01245 0.64551 179.86187 0.03823
target: -1.50601 0.06668
target: -1.50601 0.06668
fb: -1.26261 0.03303 -0.62180 -0.53496
fb: -1.57860 0.03038 -0.46381 -0.37696
dist/lin/ang/drive_left/drive_right/tv_l/tv_r/av_l/av_r/x/y/theta/t_err: -0.43257 -1.47058 0.44093 -1.60898 -1.54822 -0.54275 -0.49553 -0.54275 -0.49553 17.01826 0.64514 180.14494 0.03536
target: -1.47058 0.05768
target: -1.47058 0.05768
fb: -1.54175 0.02745 -0.48419 -0.49394
fb: -1.52829 0.03052 -0.49092 -0.50067
dist/lin/ang/drive_left/drive_right/tv_l/tv_r/av_l/av_r/x/y/theta/t_err: -0.40176 -1.42134 0.44028 -1.55880 -1.49777 -0.51264 -0.47225 -0.51264 -0.47225 15.80430 0.63940 180.39582 0.03353
target: -1.42134 0.05759
target: -1.42134 0.05759
fb: -1.55741 0.03010 -0.41634 -0.34595
fb: -1.50291 0.02759 -0.44359 -0.37320
dist/lin/ang/drive_left/drive_right/tv_l/tv_r/av_l/av_r/x/y/theta/t_err: -0.37063 -1.36923 0.41180 -1.53050 -1.47532 -0.53061 -0.50133 -0.53061 -0.50133 14.57805 0.62818 180.65429 0.03164
target: -1.36923 0.05387
target: -1.36923 0.05387
fb: -1.46032 0.02418 -0.38701 -0.35434
fb: -1.44686 0.02571 -0.39374 -0.36107
dist/lin/ang/drive_left/drive_right/tv_l/tv_r/av_l/av_r/x/y/theta/t_err: -0.34143 -1.31735 0.39891 -1.47257 -1.42115 -0.51350 -0.45397 -0.51350 -0.45397 13.42829 0.61261 180.88589 0.03013
target: -1.31735 0.05218
target: -1.31735 0.05218
fb: -1.40030 0.02829 -0.37876 -0.32996
fb: -1.40803 0.02926 -0.37490 -0.32610
dist/lin/ang/drive_left/drive_right/tv_l/tv_r/av_l/av_r/x/y/theta/t_err: -0.31344 -1.26482 0.38481 -1.43729 -1.37876 -0.45978 -0.41733 -0.45978 -0.41733 12.32586 0.59352 181.10614 0.02881
target: -1.26482 0.05034
target: -1.26482 0.05034
fb: -1.29549 0.02808 -0.37875 -0.33380
fb: -1.34404 0.03101 -0.35448 -0.30953
dist/lin/ang/drive_left/drive_right/tv_l/tv_r/av_l/av_r/x/y/theta/t_err: -0.28754 -1.21507 0.34289 -1.37504 -1.31303 -0.44114 -0.40675 -0.44114 -0.40675 11.30602 0.57175 181.35289 0.02691
target: -1.21507 0.04485
target: -1.21507 0.04485
fb: -1.43914 0.03142 -0.25266 -0.24777
fb: -1.26239 0.03135 -0.34103 -0.33614
dist/lin/ang/drive_left/drive_right/tv_l/tv_r/av_l/av_r/x/y/theta/t_err: -0.25877 -1.15640 0.30932 -1.29375 -1.23104 -0.40553 -0.36447 -0.40553 -0.36447 10.17322 0.54240 181.62722 0.02487
target: -1.15640 0.04046
target: -1.15640 0.04046
fb: -1.19068 0.03087 -0.28979 -0.28090
fb: -1.22775 0.02648 -0.27125 -0.26236
dist/lin/ang/drive_left/drive_right/tv_l/tv_r/av_l/av_r/x/y/theta/t_err: -0.23496 -1.10654 0.25593 -1.25423 -1.20127 -0.37064 -0.33483 -0.37064 -0.33483 9.23612 0.51343 181.90883 0.02222
target: -1.10654 0.03348
target: -1.10654 0.03348
fb: -1.11124 0.02599 -0.30291 -0.32669
fb: -1.08807 0.02292 -0.31449 -0.33827
dist/lin/ang/drive_left/drive_right/tv_l/tv_r/av_l/av_r/x/y/theta/t_err: -0.21274 -1.05604 0.24773 -1.11099 -1.06515 -0.34019 -0.32289 -0.34019 -0.32289 8.36167 0.48262 182.13834 0.02033
target: -1.05604 0.03241
target: -1.05604 0.03241
fb: -1.10550 0.02118 -0.28318 -0.25514
fb: -1.21583 0.01603 -0.22802 -0.19998
dist/lin/ang/drive_left/drive_right/tv_l/tv_r/av_l/av_r/x/y/theta/t_err: -0.19063 -1.00168 0.24453 -1.23186 -1.19981 -0.32783 -0.32342 -0.32783 -0.32342 7.49186 0.44869 182.33530 0.01906
target: -1.00168 0.03199
target: -1.00168 0.03199
fb: -1.03555 0.01205 -0.25580 -0.22239
fb: -0.98922 0.00920 -0.27897 -0.24556
dist/lin/ang/drive_left/drive_right/tv_l/tv_r/av_l/av_r/x/y/theta/t_err: -0.16993 -0.97445 0.27215 -0.99841 -0.98002 -0.28747 -0.26453 -0.28747 -0.26453 6.67718 0.41463 182.46741 0.01895
target: -0.97445 0.03560
target: -0.97445 0.03560
fb: -0.96781 0.01129 -0.39397 -0.31942
fb: -0.90360 0.01212 -0.42607 -0.35153
dist/lin/ang/drive_left/drive_right/tv_l/tv_r/av_l/av_r/x/y/theta/t_err: -0.15054 -0.91719 0.21449 -0.91572 -0.89148 -0.29086 -0.26608 -0.29086 -0.26608 5.91585 0.38136 182.55492 0.01743
target: -0.91719 0.02806
target: -0.91719 0.02806
fb: -0.84954 0.01115 -0.22559 -0.26150
fb: -0.70015 0.01414 -0.30029 -0.33620
dist/lin/ang/drive_left/drive_right/tv_l/tv_r/av_l/av_r/x/y/theta/t_err: -0.13356 -0.86390 0.18479 -0.71430 -0.68601 -0.35353 -0.30011 -0.35353 -0.30011 5.24760 0.35108 182.65339 0.01571
target: -0.86390 0.02417
target: -0.86390 0.02417
fb: -0.81445 0.01568 -0.22431 -0.23246
fb: -0.81644 0.01791 -0.22331 -0.23146
dist/lin/ang/drive_left/drive_right/tv_l/tv_r/av_l/av_r/x/y/theta/t_err: -0.11728 -0.80953 0.14226 -0.83435 -0.79853 -0.27872 -0.30219 -0.27872 -0.30219 4.60702 0.32077 182.77740 0.01354
target: -0.80953 0.01861
target: -0.80953 0.01861
fb: -0.86498 0.01714 -0.13389 -0.16457
fb: -0.78952 0.01101 -0.17163 -0.20230
dist/lin/ang/drive_left/drive_right/tv_l/tv_r/av_l/av_r/x/y/theta/t_err: -0.09998 -0.74746 0.09043 -0.80053 -0.77851 -0.24092 -0.24211 -0.24092 -0.24211 3.92677 0.28688 182.93107 0.01086
target: -0.74746 0.01183
target: -0.74746 0.01183
fb: -0.73502 0.00850 -0.10155 -0.15222
fb: -0.75046 0.00746 -0.09383 -0.14449
dist/lin/ang/drive_left/drive_right/tv_l/tv_r/av_l/av_r/x/y/theta/t_err: -0.08529 -0.69034 0.09371 -0.75792 -0.74301 -0.18003 -0.20706 -0.18003 -0.20706 3.34880 0.25678 183.02358 0.00925
target: -0.69034 0.01226
target: -0.69034 0.01226
fb: -0.67875 0.00397 -0.13017 -0.11533
fb: -0.74473 -0.00084 -0.09718 -0.08234
dist/lin/ang/drive_left/drive_right/tv_l/tv_r/av_l/av_r/x/y/theta/t_err: -0.07171 -0.63303 0.09683 -0.74389 -0.74556 -0.13367 -0.16719 -0.13367 -0.16719 2.81511 0.22833 183.07760 0.00830
target: -0.63303 0.01267
target: -0.63303 0.01267
fb: -0.61873 -0.00481 -0.10738 -0.09213
fb: -0.44794 -0.00578 -0.19277 -0.17753
dist/lin/ang/drive_left/drive_right/tv_l/tv_r/av_l/av_r/x/y/theta/t_err: -0.05934 -0.57583 0.13156 -0.44216 -0.45372 -0.12319 -0.11806 -0.12319 -0.11806 2.32863 0.20219 183.06141 0.00859
target: -0.57583 0.01721
target: -0.57583 0.01721
fb: -0.57791 -0.00502 -0.09777 0.08867
fb: -0.54304 -0.00341 -0.11520 0.07124
dist/lin/ang/drive_left/drive_right/tv_l/tv_r/av_l/av_r/x/y/theta/t_err: -0.04778 -0.51670 0.15896 -0.53963 -0.54646 -0.16511 -0.10711 -0.16511 -0.10711 1.87422 0.17809 183.01141 0.00946
target: -0.51670 0.02079
target: -0.51670 0.02079
fb: -0.53135 0.00125 0.06046 0.12506
fb: -0.51016 0.01157 -0.06818 0.11447
dist/lin/ang/drive_left/drive_right/tv_l/tv_r/av_l/av_r/x/y/theta/t_err: -0.03715 -0.45562 0.15054 -0.52173 -0.49860 -0.08472 0.05747 -0.08472 0.05747 1.45641 0.15621 182.99199 0.00980
target: -0.45562 0.01969
target: -0.45562 0.01969
fb: -0.43448 0.02390 -0.10425 -0.09268
fb: -0.36056 0.02787 -0.14121 -0.12964
dist/lin/ang/drive_left/drive_right/tv_l/tv_r/av_l/av_r/x/y/theta/t_err: -0.02846 -0.39882 0.05310 -0.38843 -0.33269 -0.06656 0.05064 -0.06656 0.05064 1.11478 0.13807 183.12103 0.00755
target: -0.39882 0.00695
target: -0.39882 0.00695
fb: -0.30650 0.03226 -0.06645 -0.17675
fb: -0.26589 0.03693 -0.08675 -0.19705
dist/lin/ang/drive_left/drive_right/tv_l/tv_r/av_l/av_r/x/y/theta/t_err: -0.02234 -0.35334 -0.06518 -0.30282 -0.22897 -0.12817 -0.11686 -0.12817 -0.11686 0.87383 0.12442 183.37428 0.00313
target: -0.35334 -0.00853
target: -0.35334 -0.00853
fb: -0.24052 0.03386 -0.05988 -0.21545
fb: -0.25596 0.02773 -0.05215 -0.20773
dist/lin/ang/drive_left/drive_right/tv_l/tv_r/av_l/av_r/x/y/theta/t_err: -0.01754 -0.31309 -0.16810 -0.28370 -0.22823 -0.08708 -0.17692 -0.08708 -0.17692 0.68481 0.11276 183.68384 -0.00228
target: -0.31309 -0.02199
target: -0.31309 -0.02199
fb: -0.28686 0.02048 0.06588 -0.16768
fb: -0.26369 0.00989 0.05430 -0.17927
dist/lin/ang/drive_left/drive_right/tv_l/tv_r/av_l/av_r/x/y/theta/t_err: -0.01181 -0.25691 -0.18854 -0.27358 -0.25379 -0.04003 -0.19389 -0.04003 -0.19389 0.45943 0.09777 183.90942 -0.00621
target: -0.25691 -0.02466
target: -0.25691 -0.02466
fb: -0.24250 -0.00153 0.07767 -0.06238
fb: -0.23081 -0.01916 0.07183 -0.06823
dist/lin/ang/drive_left/drive_right/tv_l/tv_r/av_l/av_r/x/y/theta/t_err: -0.00696 -0.00174 -0.13340 -0.21165 -0.24997 0.04364 -0.14594 0.04364 -0.14594 0.26894 0.08460 183.97221 -0.00731
target: -0.00174 -0.01745
target: -0.00174 -0.01745
fb: -0.19197 -0.03714 0.62308 0.66950
fb: -0.15910 -0.05114 0.52796 0.57438
dist/lin/ang/drive_left/drive_right/tv_l/tv_r/av_l/av_r/x/y/theta/t_err: -0.00312 -0.00078 0.03636 -0.10795 -0.21024 0.10883 -0.00017 0.10883 -0.00017 0.11813 0.07434 183.76571 -0.00371
target: -0.00078 0.00476
target: -0.00078 0.00476
fb: -0.13195 -0.06354 -0.14051 0.14867
fb: -0.11629 -0.07476 -0.14051 0.14867
dist/lin/ang/drive_left/drive_right/tv_l/tv_r/av_l/av_r/x/y/theta/t_err: -0.00046 -0.00012 0.27142 -0.04153 -0.19105 0.26589 0.33708 0.26589 0.33708 0.01443 0.06791 183.29405 0.00453
target: -0.00012 0.03550
target: -0.00012 0.03550
fb: -0.08517 -0.07128 -0.19989 0.20735
fb: -0.04656 -0.04717 -0.19989 0.20735
dist/lin/ang/drive_left/drive_right/tv_l/tv_r/av_l/av_r/x/y/theta/t_err: 0.00126 0.00031 0.50516 0.00061 -0.09373 -0.10008 0.16597 -0.10008 0.16597 -0.05255 0.06439 182.65649 0.01565
target: 0.00031 0.06608
target: 0.00031 0.06608
fb: -0.02339 -0.02202 -0.21991 0.22676
fb: -0.01346 0.00181 -0.21991 0.22676
start is 0.00000 0.00000
dist/lin/ang/drive_left/drive_right/tv_l/tv_r/av_l/av_r/x/y/theta/t_err: 1.21920 0.08636 -0.00007 0.00000 0.00000 -0.00000 0.00017 -0.00000 0.00017 0.00000 0.00000 0.00028 -0.00000
target: 0.08636 -0.00001
target: 0.08636 -0.00001
fb: 0.00000 0.00000 0.24374 0.24854
fb: 0.00000 0.00000 0.24374 0.24854
dist/lin/ang/drive_left/drive_right/tv_l/tv_r/av_l/av_r/x/y/theta/t_err: 1.21920 0.17272 0.00003 0.00000 0.00000 -0.00033 0.02600 -0.00033 0.02600 0.00000 0.00000 0.00013 -0.00000
target: 0.17272 0.00000
target: 0.17272 0.00000
fb: 0.00000 0.00000 0.27559 0.28060
fb: 0.00000 0.00000 0.27559 0.28060
dist/lin/ang/drive_left/drive_right/tv_l/tv_r/av_l/av_r/x/y/theta/t_err: 1.21920 0.25908 -0.00019 0.00000 0.00000 0.20497 0.21303 0.20497 0.21303 0.00000 0.00000 0.00036 -0.00001
target: 0.25908 -0.00002
target: 0.25908 -0.00002
fb: 0.00000 0.01198 0.43729 0.44189
fb: 0.00000 0.01909 0.43729 0.44189
dist/lin/ang/drive_left/drive_right/tv_l/tv_r/av_l/av_r/x/y/theta/t_err: 1.21920 0.34544 -0.02665 -0.01909 0.01909 0.26642 0.26794 0.26642 0.26794 0.00000 0.00000 0.03887 -0.00068
target: 0.34544 -0.00349
target: 0.34544 -0.00349
fb: 0.00000 0.01540 0.53019 0.49926
fb: 0.05053 0.00550 0.50492 0.47399
dist/lin/ang/drive_left/drive_right/tv_l/tv_r/av_l/av_r/x/y/theta/t_err: 1.21920 0.43180 -0.11586 0.04503 0.05604 0.39561 0.39767 0.39561 0.39767 0.00000 0.00000 0.19266 -0.00336
target: 0.43180 -0.01516
target: 0.43180 -0.01516
fb: 0.14365 0.00000 0.57825 0.45781
fb: 0.21139 -0.00279 0.54438 0.42394
dist/lin/ang/drive_left/drive_right/tv_l/tv_r/av_l/av_r/x/y/theta/t_err: 1.21633 0.51816 -0.07835 0.21418 0.20860 0.42947 0.42894 0.42947 0.42894 0.11311 0.00044 0.23505 -0.00411
target: 0.51816 -0.01025
target: 0.51816 -0.01025
fb: 0.25596 -0.00557 0.73328 0.76901
fb: 0.26965 -0.00815 0.72644 0.76217
dist/lin/ang/drive_left/drive_right/tv_l/tv_r/av_l/av_r/x/y/theta/t_err: 1.21121 0.60452 -0.04030 0.27780 0.26149 0.47911 0.44078 0.47911 0.44078 0.31465 0.00123 0.20608 -0.00362
target: 0.60452 -0.00527
target: 0.60452 -0.00527
fb: 0.31996 -0.00843 0.77630 0.81940
fb: 0.36652 -0.00655 0.75302 0.79613
dist/lin/ang/drive_left/drive_right/tv_l/tv_r/av_l/av_r/x/y/theta/t_err: 1.20481 0.69088 -0.00523 0.37306 0.35997 0.50853 0.59578 0.50853 0.59578 0.56659 0.00197 0.13657 -0.00243
target: 0.69088 -0.00068
target: 0.69088 -0.00068
fb: 0.38020 -0.00578 0.82353 0.86934
fb: 0.47111 -0.00418 0.77807 0.82389
dist/lin/ang/drive_left/drive_right/tv_l/tv_r/av_l/av_r/x/y/theta/t_err: 1.19720 0.77724 0.00155 0.47529 0.46693 0.40056 0.55936 0.40056 0.55936 0.86595 0.00253 0.08263 -0.00150
target: 0.77724 0.00020
target: 0.77724 0.00020
fb: 0.52362 0.00070 0.84654 0.86030
fb: 0.54503 0.00446 0.83584 0.84960
dist/lin/ang/drive_left/drive_right/tv_l/tv_r/av_l/av_r/x/y/theta/t_err: 1.18673 0.86360 -0.00756 0.54057 0.54949 0.45736 0.49861 0.45736 0.49861 1.27826 0.00302 0.06151 -0.00114
target: 0.86360 -0.00099
target: 0.86360 -0.00099
fb: 0.57592 0.00641 0.90921 0.90274
fb: 0.57989 0.00341 0.90723 0.90076
dist/lin/ang/drive_left/drive_right/tv_l/tv_r/av_l/av_r/x/y/theta/t_err: 1.17521 0.94996 -0.04968 0.57648 0.58331 0.48306 0.52017 0.48306 0.52017 1.73174 0.00367 0.10879 -0.00198
target: 0.94996 -0.00650
target: 0.94996 -0.00650
fb: 0.62447 0.00397 0.98673 0.93409
fb: 0.65359 -0.00195 0.97216 0.91952
dist/lin/ang/drive_left/drive_right/tv_l/tv_r/av_l/av_r/x/y/theta/t_err: 1.16272 1.03632 -0.05198 0.65554 0.65164 0.61275 0.47189 0.61275 0.47189 2.22344 0.00475 0.14118 -0.00257
target: 1.03632 -0.00680
target: 1.03632 -0.00680
fb: 0.69044 -0.01233 1.00000 1.00000
fb: 0.74075 -0.00906 0.98401 0.97792
dist/lin/ang/drive_left/drive_right/tv_l/tv_r/av_l/av_r/x/y/theta/t_err: 1.14892 1.12268 -0.01026 0.74981 0.73170 0.51283 0.51006 0.51283 0.51006 2.76710 0.00598 0.10042 -0.00188
target: 1.12268 -0.00134
target: 1.12268 -0.00134
fb: 0.71957 -0.00655 1.00000 1.00000
fb: 0.74473 -0.00251 1.00000 1.00000
dist/lin/ang/drive_left/drive_right/tv_l/tv_r/av_l/av_r/x/y/theta/t_err: 1.13452 1.20904 0.02479 0.74723 0.74222 0.65792 0.53144 0.65792 0.53144 3.33369 0.00657 0.02397 -0.00057
target: 1.20904 0.00324
target: 1.20904 0.00324
fb: 0.79504 -0.00258 1.00000 1.00000
fb: 0.78158 -0.00836 1.00000 1.00000
dist/lin/ang/drive_left/drive_right/tv_l/tv_r/av_l/av_r/x/y/theta/t_err: 1.11862 1.29540 0.00625 0.78994 0.77321 0.65567 0.69947 0.65567 0.69947 3.95970 0.00671 0.00271 -0.00020
target: 1.29540 0.00082
target: 1.29540 0.00082
fb: 0.84182 -0.00773 1.00000 1.00000
fb: 0.86123 -0.00202 1.00000 1.00000
dist/lin/ang/drive_left/drive_right/tv_l/tv_r/av_l/av_r/x/y/theta/t_err: 1.10179 1.38176 0.04179 0.86325 0.85921 0.81378 0.82028 0.81378 0.82028 4.62255 0.00637 -0.06179 0.00093
target: 1.38176 0.00547
target: 1.38176 0.00547
fb: 0.96384 0.00258 1.00000 1.00000
fb: 1.05894 0.00321 1.00000 1.00000
dist/lin/ang/drive_left/drive_right/tv_l/tv_r/av_l/av_r/x/y/theta/t_err: 1.08251 1.46812 0.02017 1.05574 1.06215 0.85383 0.84783 0.85383 0.84783 5.38147 0.00544 -0.07035 0.00110
target: 1.46812 0.00264
target: 1.46812 0.00264
fb: 1.00466 0.00167 1.00000 1.00000
fb: 1.05100 -0.00516 1.00000 1.00000
dist/lin/ang/drive_left/drive_right/tv_l/tv_r/av_l/av_r/x/y/theta/t_err: 1.06242 1.55448 -0.00177 1.05616 1.04584 0.86219 0.85828 0.86219 0.85828 6.17255 0.00467 -0.04373 0.00065
target: 1.55448 -0.00023
target: 1.55448 -0.00023
fb: 1.12470 -0.00725 1.00000 1.00000
fb: 1.10948 -0.00683 1.00000 1.00000
dist/lin/ang/drive_left/drive_right/tv_l/tv_r/av_l/av_r/x/y/theta/t_err: 1.03992 1.64084 0.03797 1.11630 1.10265 0.86872 0.86511 0.86872 0.86511 7.05814 0.00373 -0.08393 0.00137
target: 1.64084 0.00497
target: 1.64084 0.00497
fb: 1.15008 -0.00752 1.00000 1.00000
fb: 1.25268 -0.00279 1.00000 1.00000
dist/lin/ang/drive_left/drive_right/tv_l/tv_r/av_l/av_r/x/y/theta/t_err: 1.01692 1.72720 0.06243 1.25547 1.24990 0.87353 0.86700 0.87353 0.86700 7.96371 0.00191 -0.14311 0.00245
target: 1.72720 0.00817
target: 1.72720 0.00817
fb: 1.22378 -0.00425 1.00000 1.00000
fb: 1.27431 -0.00418 1.00000 1.00000
dist/lin/ang/drive_left/drive_right/tv_l/tv_r/av_l/av_r/x/y/theta/t_err: 0.99245 1.76901 0.06655 1.27849 1.27013 0.88667 0.87933 0.88667 0.87933 8.92731 -0.00081 -0.18418 0.00324
target: 1.76901 0.00870
target: 1.76901 0.00870
fb: 1.29549 -0.00111 1.00000 1.00000
fb: 1.36522 -0.00286 1.00000 1.00000
dist/lin/ang/drive_left/drive_right/tv_l/tv_r/av_l/av_r/x/y/theta/t_err: 0.96654 1.76771 0.06533 1.36808 1.36236 0.89678 0.89217 0.89678 0.89217 9.94737 -0.00430 -0.20562 0.00370
target: 1.76771 0.00855
target: 1.76771 0.00855
fb: 1.49916 -0.00467 0.90953 0.92586
fb: 1.44289 -0.00118 0.93766 0.95399
dist/lin/ang/drive_left/drive_right/tv_l/tv_r/av_l/av_r/x/y/theta/t_err: 0.93655 1.76613 0.07627 1.44408 1.44171 0.82956 0.85506 0.82956 0.85506 11.12780 -0.00881 -0.23118 0.00427
target: 1.76613 0.00998
target: 1.76613 0.00998
fb: 1.45657 -0.00063 0.92010 0.95265
fb: 1.41399 -0.00488 0.94139 0.97394
dist/lin/ang/drive_left/drive_right/tv_l/tv_r/av_l/av_r/x/y/theta/t_err: 0.90742 1.76550 0.07100 1.41886 1.40911 0.76211 0.81086 0.76211 0.81086 12.27470 -0.01348 -0.23636 0.00450
target: 1.76550 0.00929
target: 1.76550 0.00929
fb: 1.47003 -0.00599 0.92660 0.93915
fb: 1.57463 -0.00125 0.87431 0.88685
dist/lin/ang/drive_left/drive_right/tv_l/tv_r/av_l/av_r/x/y/theta/t_err: 0.87802 1.76284 0.10313 1.57588 1.57337 0.78111 0.72428 0.78111 0.72428 13.43220 -0.01870 -0.28186 0.00546
target: 1.76284 0.01349
target: 1.76284 0.01349
fb: 1.58058 0.00000 0.83602 0.89821
fb: 1.53601 0.00000 0.85830 0.92050
dist/lin/ang/drive_left/drive_right/tv_l/tv_r/av_l/av_r/x/y/theta/t_err: 0.84641 1.76148 0.09863 1.53601 1.53601 0.77869 0.72808 0.77869 0.72808 14.67673 -0.02503 -0.29803 0.00595
target: 1.76148 0.01290
target: 1.76148 0.01290
fb: 1.53204 -0.00111 0.88616 0.90445
fb: 1.55344 -0.00314 0.87546 0.89375
dist/lin/ang/drive_left/drive_right/tv_l/tv_r/av_l/av_r/x/y/theta/t_err: 0.81577 1.76102 0.09290 1.55658 1.55031 0.78878 0.77275 0.78878 0.77275 15.88305 -0.03126 -0.29486 0.00612
target: 1.76102 0.01215
target: 1.76102 0.01215
fb: 1.52829 -0.00509 0.89244 0.90828
fb: 1.63685 -0.00599 0.83816 0.85400
dist/lin/ang/drive_left/drive_right/tv_l/tv_r/av_l/av_r/x/y/theta/t_err: 0.78521 1.75868 0.12220 1.64284 1.63086 0.79994 0.78794 0.79994 0.78794 17.08640 -0.03777 -0.32917 0.00697
target: 1.75868 0.01599
target: 1.75868 0.01599
fb: 1.60772 -0.00599 0.81989 0.88210
fb: 1.60000 -0.00648 0.82375 0.88596
dist/lin/ang/drive_left/drive_right/tv_l/tv_r/av_l/av_r/x/y/theta/t_err: 0.75305 1.75570 0.14375 1.60648 1.59352 0.79256 0.77236 0.79256 0.77236 18.35231 -0.04551 -0.37321 0.00805
target: 1.75570 0.01880
target: 1.75570 0.01880
fb: 1.67370 -0.00808 0.78428 0.84114
fb: 1.60199 -0.00662 0.82014 0.87700
dist/lin/ang/drive_left/drive_right/tv_l/tv_r/av_l/av_r/x/y/theta/t_err: 0.71958 1.75131 0.17969 1.60861 1.59537 0.78933 0.81653 0.78933 0.81653 19.67015 -0.05484 -0.44161 0.00964
target: 1.75131 0.02351
target: 1.75131 0.02351
fb: 1.57087 -0.00383 0.81445 0.89455
fb: 1.57661 -0.00279 0.81158 0.89168
dist/lin/ang/drive_left/drive_right/tv_l/tv_r/av_l/av_r/x/y/theta/t_err: 0.68816 1.74792 0.18850 1.57940 1.57382 0.78897 0.79242 0.78897 0.79242 20.90702 -0.06492 -0.48583 0.01088
target: 1.74792 0.02466
target: 1.74792 0.02466
fb: 1.71055 -0.00216 0.76074 0.81043
fb: 1.78822 0.00000 0.72191 0.77160
dist/lin/ang/drive_left/drive_right/tv_l/tv_r/av_l/av_r/x/y/theta/t_err: 0.65396 1.74493 0.20079 1.78822 1.78822 0.78233 0.83533 0.78233 0.83533 22.25385 -0.07671 -0.51492 0.01197
target: 1.74493 0.02627
target: 1.74493 0.02627
fb: 1.65252 0.00307 0.78547 0.84142
fb: 1.70658 0.00446 0.75844 0.81439
dist/lin/ang/drive_left/drive_right/tv_l/tv_r/av_l/av_r/x/y/theta/t_err: 0.62091 1.74378 0.19005 1.70212 1.71104 0.74158 0.77325 0.74158 0.77325 23.55500 -0.08833 -0.50258 0.01239
target: 1.74378 0.02486
target: 1.74378 0.02486
fb: 1.77256 0.00704 0.74629 0.77324
fb: 1.69908 0.00899 0.78303 0.80998
dist/lin/ang/drive_left/drive_right/tv_l/tv_r/av_l/av_r/x/y/theta/t_err: 0.58546 1.74386 0.17838 1.69009 1.70807 0.74914 0.78761 0.74914 0.78761 24.95066 -0.10013 -0.45897 0.01235
target: 1.74386 0.02333
target: 1.74386 0.02333
fb: 1.68540 0.00913 0.79644 0.82025
fb: 1.75115 0.00822 0.76356 0.78738
dist/lin/ang/drive_left/drive_right/tv_l/tv_r/av_l/av_r/x/y/theta/t_err: 0.55175 1.74560 0.15414 1.74293 1.75937 0.76486 0.79069 0.76486 0.79069 26.27771 -0.10986 -0.38183 0.01172
target: 1.74560 0.02016
target: 1.74560 0.02016
fb: 1.69290 0.00996 0.81040 0.81517
fb: 1.67944 0.01108 0.81713 0.82190
dist/lin/ang/drive_left/drive_right/tv_l/tv_r/av_l/av_r/x/y/theta/t_err: 0.51790 1.74746 0.14319 1.66836 1.69052 0.77050 0.78728 0.77050 0.78728 27.61068 -0.11787 -0.30154 0.01104
target: 1.74746 0.01873
target: 1.74746 0.01873
fb: 1.63884 0.01024 0.83276 0.85126
fb: 1.68738 0.00913 0.80849 0.82699
dist/lin/ang/drive_left/drive_right/tv_l/tv_r/av_l/av_r/x/y/theta/t_err: 0.48512 1.74966 0.12841 1.67825 1.69651 0.80383 0.80658 0.80383 0.80658 28.90109 -0.12371 -0.21565 0.01024
target: 1.74966 0.01680
target: 1.74966 0.01680
fb: 1.86965 0.00955 0.72430 0.73570
fb: 1.76086 0.00906 0.77869 0.79009
dist/lin/ang/drive_left/drive_right/tv_l/tv_r/av_l/av_r/x/y/theta/t_err: 0.44773 1.75165 0.11998 1.75180 1.76992 0.78983 0.77972 0.78983 0.77972 30.37324 -0.12815 -0.12886 0.00952
target: 1.75165 0.01569
target: 1.75165 0.01569
fb: 1.66598 0.00801 0.82406 0.84145
fb: 1.79197 0.00808 0.76106 0.77845
dist/lin/ang/drive_left/drive_right/tv_l/tv_r/av_l/av_r/x/y/theta/t_err: 0.41441 1.72269 0.11717 1.78389 1.80006 0.76092 0.78008 0.76092 0.78008 31.68503 -0.13023 -0.05783 0.00899
target: 1.72269 0.01533
target: 1.72269 0.01533
fb: 1.78602 0.00697 0.61084 0.63434
fb: 1.72423 0.00697 0.64173 0.66523
dist/lin/ang/drive_left/drive_right/tv_l/tv_r/av_l/av_r/x/y/theta/t_err: 0.37869 1.64740 0.12086 1.71726 1.73120 0.74533 0.75150 0.74533 0.75150 33.09135 -0.13094 0.00184 0.00875
target: 1.64740 0.01581
target: 1.64740 0.01581
fb: 1.76682 0.00871 0.36236 0.39410
fb: 1.72997 0.01031 0.38079 0.41252
dist/lin/ang/drive_left/drive_right/tv_l/tv_r/av_l/av_r/x/y/theta/t_err: 0.34336 1.56949 0.11362 1.71966 1.74028 0.63175 0.64817 0.63175 0.64817 34.48254 -0.13010 0.06933 0.00841
target: 1.56949 0.01486
target: 1.56949 0.01486
fb: 1.65826 0.00934 0.34226 0.35979
fb: 1.71629 0.00376 0.31324 0.33077
dist/lin/ang/drive_left/drive_right/tv_l/tv_r/av_l/av_r/x/y/theta/t_err: 0.31020 1.49327 0.09668 1.71253 1.72005 0.49364 0.51894 0.49364 0.51894 35.78825 -0.12757 0.15313 0.00777
target: 1.49327 0.01265
target: 1.49327 0.01265
fb: 1.77256 -0.00376 0.22964 0.23274
fb: 1.72225 -0.00432 0.25480 0.25789
dist/lin/ang/drive_left/drive_right/tv_l/tv_r/av_l/av_r/x/y/theta/t_err: 0.27475 1.40356 0.14488 1.72657 1.71793 0.40911 0.44161 0.40911 0.44161 37.18396 -0.12355 0.16242 0.00859
target: 1.40356 0.01895
target: 1.40356 0.01895
fb: 1.60971 -0.00077 0.13281 0.22096
fb: 1.53204 -0.00091 0.17164 0.25979
dist/lin/ang/drive_left/drive_right/tv_l/tv_r/av_l/av_r/x/y/theta/t_err: 0.24255 1.31518 0.19305 1.53294 1.53113 0.34597 0.37200 0.34597 0.37200 38.45144 -0.12032 0.13050 0.01032
target: 1.31518 0.02525
target: 1.31518 0.02525
fb: 1.58831 0.00125 0.06412 0.16061
fb: 1.46231 0.00613 0.12712 0.22361
dist/lin/ang/drive_left/drive_right/tv_l/tv_r/av_l/av_r/x/y/theta/t_err: 0.21079 1.22289 0.21447 1.45618 1.46844 0.24092 0.35094 0.24092 0.35094 39.70208 -0.11759 0.12645 0.01196
target: 1.22289 0.02805
target: 1.22289 0.02805
fb: 1.36743 0.01115 0.08871 0.15738
fb: 1.40406 0.01686 0.07039 0.13907
dist/lin/ang/drive_left/drive_right/tv_l/tv_r/av_l/av_r/x/y/theta/t_err: 0.18344 1.13973 0.19731 1.38719 1.42092 0.18531 0.30525 0.18531 0.30525 40.77879 -0.11469 0.18990 0.01257
target: 1.13973 0.02581
target: 1.13973 0.02581
fb: 1.26239 0.02223 0.12620 0.14639
fb: 1.19090 0.02390 0.16195 0.18214
dist/lin/ang/drive_left/drive_right/tv_l/tv_r/av_l/av_r/x/y/theta/t_err: 0.15820 1.07948 0.14281 1.16700 1.21480 0.14647 0.24692 0.14647 0.24692 41.77279 -0.11017 0.35066 0.01157
target: 1.07948 0.01868
target: 1.07948 0.01868
fb: 1.14809 0.03073 0.24688 0.21350
fb: 1.06468 0.03707 0.28858 0.25520
dist/lin/ang/drive_left/drive_right/tv_l/tv_r/av_l/av_r/x/y/theta/t_err: 0.13523 0.99805 0.01047 1.02761 1.10175 0.22450 0.26897 0.22450 0.26897 42.67676 -0.10299 0.57880 0.00759
target: 0.99805 0.00137
target: 0.99805 0.00137
fb: 1.03754 0.04167 0.20068 -0.07543
fb: 0.96781 0.03644 0.23554 0.08727
dist/lin/ang/drive_left/drive_right/tv_l/tv_r/av_l/av_r/x/y/theta/t_err: 0.11448 0.91831 -0.12101 0.93137 1.00425 0.26881 0.21953 0.26881 0.21953 43.49366 -0.09248 0.91391 0.00174
target: 0.91831 -0.01583
target: 0.91831 -0.01583
fb: 0.93692 0.02801 0.19612 -0.10209
fb: 0.94442 0.01707 0.19237 -0.10584
dist/lin/ang/drive_left/drive_right/tv_l/tv_r/av_l/av_r/x/y/theta/t_err: 0.09575 0.83980 -0.18120 0.92735 0.96149 0.23856 0.07783 0.23856 0.07783 44.23126 -0.07868 1.21331 -0.00349
target: 0.83980 -0.02370
target: 0.83980 -0.02370
fb: 0.85329 0.00711 0.13468 -0.09021
fb: 0.81843 -0.00523 0.15211 -0.07278
dist/lin/ang/drive_left/drive_right/tv_l/tv_r/av_l/av_r/x/y/theta/t_err: 0.07868 0.76129 -0.14137 0.82365 0.81320 0.20719 -0.07033 0.20719 -0.07033 44.90297 -0.06359 1.34503 -0.00579
target: 0.76129 -0.01849
target: 0.76129 -0.01849
fb: 0.82813 -0.01603 -0.10472 -0.08690
fb: 0.72928 -0.02369 0.06276 0.09037
dist/lin/ang/drive_left/drive_right/tv_l/tv_r/av_l/av_r/x/y/theta/t_err: 0.06212 0.67643 -0.03575 0.75297 0.70559 0.12456 -0.06808 0.12456 -0.06808 45.55487 -0.04853 1.27519 -0.00457
target: 0.67643 -0.00468
target: 0.67643 -0.00468
fb: 0.64962 -0.03010 -0.16611 0.07545
fb: 0.57989 -0.03526 -0.13125 0.11032
dist/lin/ang/drive_left/drive_right/tv_l/tv_r/av_l/av_r/x/y/theta/t_err: 0.04913 0.60155 0.08658 0.61515 0.54464 0.01797 0.06006 0.01797 0.06006 46.06628 -0.03804 1.05355 -0.00070
target: 0.60155 0.01133
target: 0.60155 0.01133
fb: 0.52362 -0.03275 -0.15199 0.13061
fb: 0.43624 -0.01986 -0.10830 0.17430
dist/lin/ang/drive_left/drive_right/tv_l/tv_r/av_l/av_r/x/y/theta/t_err: 0.03865 0.53359 0.19578 0.45610 0.41639 -0.11208 0.11672 -0.11208 0.11672 46.47853 -0.03151 0.75488 0.00451
target: 0.53359 0.02561
target: 0.53359 0.02561
fb: 0.36276 0.00000 -0.10763 0.17861
fb: 0.32591 0.02334 -0.08921 0.19703
dist/lin/ang/drive_left/drive_right/tv_l/tv_r/av_l/av_r/x/y/theta/t_err: 0.03140 0.48090 0.15205 0.30257 0.34926 -0.10094 0.15844 -0.10094 0.15844 46.76415 -0.02817 0.62927 0.00671
target: 0.48090 0.01989
target: 0.48090 0.01989
fb: 0.28884 0.04877 0.22003 0.20010
fb: 0.26942 0.07218 0.22974 0.20981
dist/lin/ang/drive_left/drive_right/tv_l/tv_r/av_l/av_r/x/y/theta/t_err: 0.02562 0.43443 -0.08284 0.19724 0.34161 0.01028 0.18106 0.01028 0.18106 46.99156 -0.02526 0.89048 0.00215
target: 0.43443 -0.01084
target: 0.43443 -0.01084
fb: 0.25420 0.08549 0.34244 0.05629
fb: 0.24824 0.08856 0.34542 0.05927
dist/lin/ang/drive_left/drive_right/tv_l/tv_r/av_l/av_r/x/y/theta/t_err: 0.02054 0.38895 -0.42030 0.15968 0.33680 0.23306 0.18136 0.23306 0.18136 47.19168 -0.02107 1.54530 -0.00928
target: 0.38895 -0.05498
target: 0.38895 -0.05498
fb: 0.24824 0.08758 0.39783 -0.15607
fb: 0.25795 0.08493 0.39298 -0.16092
dist/lin/ang/drive_left/drive_right/tv_l/tv_r/av_l/av_r/x/y/theta/t_err: 0.01557 0.33867 -0.66363 0.17302 0.34289 0.33675 0.05542 0.33675 0.05542 47.38703 -0.01447 2.31271 -0.02268
target: 0.33867 -0.08681
target: 0.33867 -0.08681
fb: 0.25001 0.06536 0.30951 -0.17623
fb: 0.27935 0.02487 0.29483 -0.19091
dist/lin/ang/drive_left/drive_right/tv_l/tv_r/av_l/av_r/x/y/theta/t_err: 0.01057 0.27900 -0.80187 0.25448 0.30423 0.34750 -0.13261 0.34750 -0.13261 47.58367 -0.00531 2.99892 -0.03465
target: 0.27900 -0.10489
target: 0.27900 -0.10489
fb: 0.28509 -0.01937 0.17150 -0.21474
fb: 0.23081 -0.05351 0.19864 -0.18760
dist/lin/ang/drive_left/drive_right/tv_l/tv_r/av_l/av_r/x/y/theta/t_err: 0.00486 0.00122 -0.59006 0.28432 0.17730 0.27531 -0.17367 0.27531 -0.17367 47.80782 0.00686 3.12600 -0.03687
target: 0.00122 -0.07719
target: 0.00122 -0.07719
fb: 0.20168 -0.07859 -0.76733 -0.62629
fb: 0.18425 -0.10012 -0.75862 -0.61758
dist/lin/ang/drive_left/drive_right/tv_l/tv_r/av_l/av_r/x/y/theta/t_err: 0.00083 0.00021 -0.17455 0.28437 0.08413 0.15864 -0.19731 0.15864 -0.19731 47.96642 0.01489 2.60372 -0.02775
target: 0.00021 -0.02283
target: 0.00021 -0.02283
fb: 0.17851 -0.12193 -0.35940 0.18212
fb: 0.16880 -0.14451 -0.27025 0.27127
dist/lin/ang/drive_left/drive_right/tv_l/tv_r/av_l/av_r/x/y/theta/t_err: -0.00273 -0.00068 0.23742 0.31331 0.02430 -0.43206 -0.23578 -0.43206 -0.23578 48.10689 0.02018 1.67559 -0.01156
target: -0.00068 0.03106
target: -0.00068 0.03106
fb: 0.13570 -0.14813 -0.30437 0.30520
fb: 0.11055 -0.12981 -0.30437 0.30520
dist/lin/ang/drive_left/drive_right/tv_l/tv_r/av_l/av_r/x/y/theta/t_err: -0.00543 -0.00136 0.70215 0.24036 -0.01926 -0.29006 0.16133 -0.29006 0.16133 48.21372 0.02224 0.41407 0.01046
target: -0.00136 0.09185
target: -0.00136 0.09185
fb: 0.09886 -0.09782 -0.37597 0.37716
fb: 0.08517 -0.05581 -0.37597 0.37716
final error: 0.29239, x: -0.29156, y: -0.02206
final local error: 0.29239, forwards: -0.29129, sideways: -0.02535
position: 48.29156 0.02206 -0.64782
took 1.28000 time to finish turn
dist/lin/ang/drive_left/drive_right/tv_l/tv_r/av_l/av_r/x/y/theta/t_err: -1.23142 -0.08636 -0.20998 0.00000 0.00000 0.00000 0.00000 0.00000 0.00000 48.48092 0.02094 180.85448 -0.01448
target: -0.08636 -0.02747
target: -0.08636 -0.02747
fb: 0.00000 0.00000 -0.10169 -0.39060
fb: 0.00000 0.00000 -0.10169 -0.39060
dist/lin/ang/drive_left/drive_right/tv_l/tv_r/av_l/av_r/x/y/theta/t_err: -1.23142 -0.17272 -0.20997 0.00000 0.00000 -0.02428 -0.09308 -0.02428 -0.09308 48.48092 0.02094 180.85446 -0.01448
target: -0.17272 -0.02747
target: -0.17272 -0.02747
fb: 0.00000 0.00000 -0.25725 -0.29894
fb: 0.00000 -0.00801 -0.25725 -0.29894
dist/lin/ang/drive_left/drive_right/tv_l/tv_r/av_l/av_r/x/y/theta/t_err: -1.23142 -0.25908 -0.20992 0.00801 -0.00801 -0.12525 -0.30678 -0.12525 -0.30678 48.48092 0.02094 180.85438 -0.01448
target: -0.25908 -0.02746
target: -0.25908 -0.02746
fb: 0.00000 -0.02097 -0.41877 -0.46041
fb: 0.00000 -0.02383 -0.41877 -0.46041
dist/lin/ang/drive_left/drive_right/tv_l/tv_r/av_l/av_r/x/y/theta/t_err: -1.23142 -0.34544 -0.13763 0.02383 -0.02383 -0.25700 -0.32697 -0.25700 -0.32697 48.48092 0.02094 180.74946 -0.01265
target: -0.34544 -0.01800
target: -0.34544 -0.01800
fb: 0.00000 -0.02494 -0.54277 -0.48667
fb: -0.01545 -0.02494 -0.53505 -0.47895
dist/lin/ang/drive_left/drive_right/tv_l/tv_r/av_l/av_r/x/y/theta/t_err: -1.23142 -0.43180 -0.04055 0.00950 -0.04039 -0.39594 -0.41786 -0.39594 -0.41786 48.48092 0.02094 180.54225 -0.00903
target: -0.43180 -0.00530
target: -0.43180 -0.00530
fb: -0.11055 -0.02634 -0.58572 -0.48344
fb: -0.21911 -0.02041 -0.53144 -0.42916
dist/lin/ang/drive_left/drive_right/tv_l/tv_r/av_l/av_r/x/y/theta/t_err: -1.22920 -0.51816 -0.05196 -0.19870 -0.23953 -0.44589 -0.43033 -0.44589 -0.43033 48.39387 0.02019 180.42681 -0.00703
target: -0.51816 -0.00680
target: -0.51816 -0.00680
fb: -0.26170 -0.02041 -0.73436 -0.76220
fb: -0.30848 -0.00878 -0.71097 -0.73881
dist/lin/ang/drive_left/drive_right/tv_l/tv_r/av_l/av_r/x/y/theta/t_err: -1.22397 -0.60452 0.03743 -0.29970 -0.31726 -0.44622 -0.46011 -0.44622 -0.46011 48.18781 0.01922 180.22355 -0.00350
target: -0.60452 0.00490
target: -0.60452 0.00490
fb: -0.34136 -0.00878 -0.84036 -0.73394
fb: -0.36850 -0.00620 -0.82679 -0.72037
dist/lin/ang/drive_left/drive_right/tv_l/tv_r/av_l/av_r/x/y/theta/t_err: -1.21714 -0.69088 0.02784 -0.36230 -0.37470 -0.48714 -0.24708 -0.48714 -0.24708 47.91903 0.01857 180.10885 -0.00151
target: -0.69088 0.00364
target: -0.69088 0.00364
fb: -0.41506 -0.00467 -0.82307 -0.83493
fb: -0.44198 0.00537 -0.80961 -0.82147
dist/lin/ang/drive_left/drive_right/tv_l/tv_r/av_l/av_r/x/y/theta/t_err: -1.20884 -0.77724 0.01511 -0.44735 -0.43662 -0.56431 -0.45789 -0.56431 -0.45789 47.59221 0.01811 180.05473 -0.00057
target: -0.77724 0.00198
target: -0.77724 0.00198
fb: -0.47133 0.01714 -0.87064 -0.88850
fb: -0.45787 0.02494 -0.87737 -0.89523
dist/lin/ang/drive_left/drive_right/tv_l/tv_r/av_l/av_r/x/y/theta/t_err: -1.19942 -0.86360 -0.05850 -0.48281 -0.43292 -0.40192 -0.49469 -0.40192 -0.49469 47.22108 0.01760 180.12705 -0.00184
target: -0.86360 -0.00765
target: -0.86360 -0.00765
fb: -0.54481 0.02808 -0.87029 -0.97278
fb: -0.63594 0.01909 -0.82472 -0.92721
dist/lin/ang/drive_left/drive_right/tv_l/tv_r/av_l/av_r/x/y/theta/t_err: -1.18852 -0.94996 -0.18589 -0.65503 -0.61685 -0.73578 -0.49453 -0.73578 -0.49453 46.79210 0.01573 180.35580 -0.00587
target: -0.94996 -0.02432
target: -0.94996 -0.02432
fb: -0.57989 0.02202 -0.88859 -1.00000
fb: -0.60328 0.02815 -0.87690 -1.00000
dist/lin/ang/drive_left/drive_right/tv_l/tv_r/av_l/av_r/x/y/theta/t_err: -1.17692 -1.03632 -0.21177 -0.63143 -0.57513 -0.53489 -0.48508 -0.53489 -0.48508 46.33551 0.01219 180.53525 -0.00908
target: -1.03632 -0.02770
target: -1.03632 -0.02770
fb: -0.69243 0.02787 -0.96848 -1.00000
fb: -0.72928 0.02829 -0.95005 -1.00000
dist/lin/ang/drive_left/drive_right/tv_l/tv_r/av_l/av_r/x/y/theta/t_err: -1.16307 -1.12268 -0.30190 -0.75757 -0.70099 -0.55817 -0.62008 -0.55817 -0.62008 45.79033 0.00594 180.77457 -0.01339
target: -1.12268 -0.03949
target: -1.12268 -0.03949
fb: -0.75245 0.02759 -0.97141 -1.00000
fb: -0.82218 0.02460 -0.93655 -1.00000
dist/lin/ang/drive_left/drive_right/tv_l/tv_r/av_l/av_r/x/y/theta/t_err: -1.14803 -1.20904 -0.36969 -0.84677 -0.79758 -0.52547 -0.74072 -0.52547 -0.74072 45.19792 -0.00335 181.01751 -0.01783
target: -1.20904 -0.04836
target: -1.20904 -0.04836
fb: -0.81644 0.01651 -1.00000 -1.00000
fb: -0.85152 0.01010 -1.00000 -1.00000
dist/lin/ang/drive_left/drive_right/tv_l/tv_r/av_l/av_r/x/y/theta/t_err: -1.13170 -1.29540 -0.40956 -0.86163 -0.84142 -0.43753 -0.81606 -0.43753 -0.81606 44.55518 -0.01595 181.22025 -0.02166
target: -1.29540 -0.05357
target: -1.29540 -0.05357
fb: -0.87867 0.00084 -1.00000 -1.00000
fb: -0.88617 -0.00948 -1.00000 -1.00000
dist/lin/ang/drive_left/drive_right/tv_l/tv_r/av_l/av_r/x/y/theta/t_err: -1.11413 -1.38176 -0.36758 -0.87669 -0.89564 -0.72842 -0.85025 -0.72842 -0.85025 43.86348 -0.03112 181.27783 -0.02301
target: -1.38176 -0.04808
target: -1.38176 -0.04808
fb: -0.94244 -0.01477 -1.00000 -1.00000
fb: -0.92898 -0.01756 -1.00000 -1.00000
dist/lin/ang/drive_left/drive_right/tv_l/tv_r/av_l/av_r/x/y/theta/t_err: -1.09529 -1.46812 -0.28703 -0.91142 -0.94653 -0.84442 -0.86203 -0.84442 -0.86203 43.12158 -0.04719 181.18812 -0.02183
target: -1.46812 -0.03755
target: -1.46812 -0.03755
fb: -1.00069 -0.01707 -1.00000 -1.00000
fb: -1.10352 -0.01352 -1.00000 -1.00000
dist/lin/ang/drive_left/drive_right/tv_l/tv_r/av_l/av_r/x/y/theta/t_err: -1.07528 -1.55448 -0.22624 -1.09000 -1.11703 -0.86342 -0.86717 -0.86342 -0.86717 42.33378 -0.06243 181.03533 -0.01954
target: -1.55448 -0.02959
target: -1.55448 -0.02959
fb: -1.06865 -0.01359 -1.00000 -1.00000
fb: -1.10749 -0.01951 -1.00000 -1.00000
dist/lin/ang/drive_left/drive_right/tv_l/tv_r/av_l/av_r/x/y/theta/t_err: -1.05391 -1.64084 -0.21365 -1.08798 -1.12700 -0.87436 -0.87008 -0.87436 -0.87008 41.49245 -0.07675 180.91266 -0.01778
target: -1.64084 -0.02795
target: -1.64084 -0.02795
fb: -1.09977 -0.02480 -1.00000 -1.00000
fb: -1.19840 -0.02467 -1.00000 -1.00000
dist/lin/ang/drive_left/drive_right/tv_l/tv_r/av_l/av_r/x/y/theta/t_err: -1.03192 -1.72720 -0.14993 -1.17374 -1.22307 -0.88208 -0.87781 -0.88208 -0.87781 40.62658 -0.08936 180.73616 -0.01505
target: -1.72720 -0.01961
target: -1.72720 -0.01961
fb: -1.29726 -0.01965 -1.00000 -1.00000
fb: -1.24121 -0.01136 -1.00000 -1.00000
dist/lin/ang/drive_left/drive_right/tv_l/tv_r/av_l/av_r/x/y/theta/t_err: -1.00597 -1.74472 -0.09953 -1.22985 -1.25257 -0.87964 -0.87881 -0.87964 -0.87881 39.60518 -0.10077 180.54428 -0.01204
target: -1.74472 -0.01302
target: -1.74472 -0.01302
fb: -1.32859 -0.00822 -1.00000 -1.00000
fb: -1.35772 -0.01087 -1.00000 -1.00000
dist/lin/ang/drive_left/drive_right/tv_l/tv_r/av_l/av_r/x/y/theta/t_err: -0.97940 -1.74858 -0.11896 -1.34685 -1.36859 -0.88719 -0.88431 -0.88719 -0.88431 38.55909 -0.10972 180.44628 -0.01063
target: -1.74858 -0.01556
target: -1.74858 -0.01556
fb: -1.33234 -0.01178 -0.97931 -1.00000
fb: -1.38861 -0.01366 -0.95117 -1.00000
dist/lin/ang/drive_left/drive_right/tv_l/tv_r/av_l/av_r/x/y/theta/t_err: -0.95276 -1.75257 -0.09689 -1.37495 -1.40227 -0.82456 -0.90142 -0.82456 -0.90142 37.51003 -0.11702 180.34743 -0.00918
target: -1.75257 -0.01267
target: -1.75257 -0.01267
fb: -1.37515 -0.01630 -0.98838 -0.98568
fb: -1.41950 -0.01777 -0.96621 -0.96350
dist/lin/ang/drive_left/drive_right/tv_l/tv_r/av_l/av_r/x/y/theta/t_err: -0.92526 -1.75811 -0.05385 -1.40173 -1.43727 -0.74689 -0.81842 -0.74689 -0.81842 36.42724 -0.12242 180.21859 -0.00718
target: -1.75811 -0.00704
target: -1.75811 -0.00704
fb: -1.53005 -0.02195 -0.93827 -0.90333
fb: -1.47202 -0.02724 -0.96728 -0.93235
dist/lin/ang/drive_left/drive_right/tv_l/tv_r/av_l/av_r/x/y/theta/t_err: -0.89466 -1.76627 0.01257 -1.44478 -1.49926 -0.76164 -0.79583 -0.76164 -0.79583 35.22248 -0.12528 180.03818 -0.00422
target: -1.76627 0.00164
target: -1.76627 0.00164
fb: -1.46032 -0.03045 -1.00000 -0.93657
fb: -1.48945 -0.03414 -0.99611 -0.92200
dist/lin/ang/drive_left/drive_right/tv_l/tv_r/av_l/av_r/x/y/theta/t_err: -0.86545 -1.77687 0.12168 -1.45531 -1.52359 -0.80011 -0.84475 -0.80011 -0.84475 34.07262 -0.12340 179.76915 0.00041
target: -1.77687 0.01592
target: -1.77687 0.01592
fb: -1.51483 -0.03442 -1.00000 -0.89402
fb: -1.56889 -0.03498 -1.00000 -0.86699
dist/lin/ang/drive_left/drive_right/tv_l/tv_r/av_l/av_r/x/y/theta/t_err: -0.83515 -1.76179 0.22062 -1.53391 -1.60386 -0.82356 -0.78967 -0.82356 -0.78967 32.87988 -0.11540 179.46411 0.00584
target: -1.76179 0.02886
target: -1.76179 0.02886
fb: -1.54947 -0.03749 -0.90642 -0.75757
fb: -1.58058 -0.03421 -0.89086 -0.74201
dist/lin/ang/drive_left/drive_right/tv_l/tv_r/av_l/av_r/x/y/theta/t_err: -0.80417 -1.74582 0.31377 -1.54637 -1.61479 -0.79208 -0.80167 -0.79208 -0.80167 31.65991 -0.10075 179.15066 0.01164
target: -1.74582 0.04104
target: -1.74582 0.04104
fb: -1.65031 -0.03135 -0.84266 -0.68428
fb: -1.61170 -0.03038 -0.86196 -0.70359
dist/lin/ang/drive_left/drive_right/tv_l/tv_r/av_l/av_r/x/y/theta/t_err: -0.77116 -1.73056 0.38935 -1.58132 -1.64207 -0.79033 -0.73592 -0.79033 -0.73592 30.36065 -0.07822 178.86545 0.01723
target: -1.73056 0.05093
target: -1.73056 0.05093
fb: -1.60397 -0.02836 -0.85103 -0.70007
fb: -1.60971 -0.02230 -0.84816 -0.69720
dist/lin/ang/drive_left/drive_right/tv_l/tv_r/av_l/av_r/x/y/theta/t_err: -0.73909 -1.71615 0.45940 -1.58741 -1.63201 -0.79683 -0.69761 -0.79683 -0.69761 29.09799 -0.05029 178.60996 0.02253
target: -1.71615 0.06009
target: -1.71615 0.06009
fb: -1.53998 -0.01519 -0.87622 -0.71948
fb: -1.55146 -0.00662 -0.87048 -0.71375
dist/lin/ang/drive_left/drive_right/tv_l/tv_r/av_l/av_r/x/y/theta/t_err: -0.70830 -1.70515 0.48792 -1.54484 -1.55808 -0.79769 -0.69264 -0.79769 -0.69264 27.88581 -0.01894 178.43625 0.02661
target: -1.70515 0.06383
target: -1.70515 0.06383
fb: -1.60772 0.00105 -0.82396 -0.71111
fb: -1.57109 0.00523 -0.84227 -0.72942
dist/lin/ang/drive_left/drive_right/tv_l/tv_r/av_l/av_r/x/y/theta/t_err: -0.67616 -1.69929 0.47198 -1.57632 -1.56587 -0.81244 -0.70325 -0.81244 -0.70325 26.62038 0.01636 178.38551 0.02879
target: -1.69929 0.06174
target: -1.69929 0.06174
fb: -1.54572 0.01129 -0.84267 -0.78496
fb: -1.67547 0.01575 -0.77780 -0.72009
dist/lin/ang/drive_left/drive_right/tv_l/tv_r/av_l/av_r/x/y/theta/t_err: -0.64526 -1.69834 0.43157 -1.69121 -1.65972 -0.80661 -0.72447 -0.80661 -0.72447 25.40375 0.05017 178.44302 0.02915
target: -1.69834 0.05645
target: -1.69834 0.05645
fb: -1.73372 0.01763 -0.74946 -0.72762
fb: -1.63884 0.01958 -0.79690 -0.77506
dist/lin/ang/drive_left/drive_right/tv_l/tv_r/av_l/av_r/x/y/theta/t_err: -0.61060 -1.70039 0.39235 -1.65842 -1.61926 -0.76539 -0.73014 -0.76539 -0.73014 24.03908 0.08579 178.57831 0.02838
target: -1.70039 0.05132
target: -1.70039 0.05132
fb: -1.65031 0.02306 -0.80235 -0.78600
fb: -1.69312 0.02278 -0.78094 -0.76460
dist/lin/ang/drive_left/drive_right/tv_l/tv_r/av_l/av_r/x/y/theta/t_err: -0.57760 -1.70490 0.34527 -1.71590 -1.67034 -0.77169 -0.74431 -0.77169 -0.74431 22.73997 0.11596 178.76214 0.02670
target: -1.70490 0.04516
target: -1.70490 0.04516
fb: -1.60794 0.02048 -0.82868 -0.82984
fb: -1.58632 0.01860 -0.83949 -0.84065
dist/lin/ang/drive_left/drive_right/tv_l/tv_r/av_l/av_r/x/y/theta/t_err: -0.54545 -1.67884 0.31609 -1.60492 -1.56772 -0.78300 -0.76056 -0.78300 -0.76056 21.47413 0.14128 178.95006 0.02490
target: -1.67884 0.04135
target: -1.67884 0.04135
fb: -1.69488 0.01819 -0.64716 -0.63234
fb: -1.63685 0.01686 -0.67618 -0.66135
dist/lin/ang/drive_left/drive_right/tv_l/tv_r/av_l/av_r/x/y/theta/t_err: -0.51157 -1.62915 0.31024 -1.65371 -1.61999 -0.77153 -0.78864 -0.77153 -0.78864 20.13976 0.16377 179.11281 0.02362
target: -1.62915 0.04058
target: -1.62915 0.04058
fb: -1.67172 0.01526 -0.53223 -0.49093
fb: -1.60199 0.01373 -0.56710 -0.52580
dist/lin/ang/drive_left/drive_right/tv_l/tv_r/av_l/av_r/x/y/theta/t_err: -0.47814 -1.57736 0.30537 -1.61571 -1.58826 -0.67158 -0.64936 -0.67158 -0.64936 18.82358 0.18244 179.25595 0.02268
target: -1.57736 0.03995
target: -1.57736 0.03995
fb: -1.62339 0.01310 -0.50093 -0.45929
fb: -1.76483 0.01261 -0.43021 -0.38856
dist/lin/ang/drive_left/drive_right/tv_l/tv_r/av_l/av_r/x/y/theta/t_err: -0.44568 -1.52428 0.30585 -1.77744 -1.75222 -0.58400 -0.55356 -0.58400 -0.55356 17.54541 0.19753 179.37901 0.02210
target: -1.52428 0.04001
target: -1.52428 0.04001
fb: -1.52431 0.01282 -0.50013 -0.45206
fb: -1.60199 0.01240 -0.46129 -0.41322
dist/lin/ang/drive_left/drive_right/tv_l/tv_r/av_l/av_r/x/y/theta/t_err: -0.41520 -1.47205 0.30647 -1.61439 -1.58958 -0.51967 -0.48508 -0.51967 -0.48508 16.34522 0.20946 179.48839 0.02174
target: -1.47205 0.04009
target: -1.47205 0.04009
fb: -1.73571 0.01352 -0.35043 -0.30205
fb: -1.54770 0.01616 -0.44443 -0.39605
dist/lin/ang/drive_left/drive_right/tv_l/tv_r/av_l/av_r/x/y/theta/t_err: -0.38050 -1.40896 0.31933 -1.56387 -1.53154 -0.52136 -0.48511 -0.52136 -0.48511 14.97857 0.22048 179.59163 0.02185
target: -1.40896 0.04177
target: -1.40896 0.04177
fb: -1.49916 0.02041 -0.37610 -0.31100
fb: -1.45061 0.02327 -0.40037 -0.33527
dist/lin/ang/drive_left/drive_right/tv_l/tv_r/av_l/av_r/x/y/theta/t_err: -0.35052 -1.35412 0.28344 -1.47389 -1.42734 -0.49622 -0.46356 -0.49622 -0.46356 13.79815 0.22743 179.74094 0.02100
target: -1.35412 0.03708
target: -1.35412 0.03708
fb: -1.47003 0.02738 -0.34187 -0.34042
fb: -1.53204 0.02292 -0.31087 -0.30942
dist/lin/ang/drive_left/drive_right/tv_l/tv_r/av_l/av_r/x/y/theta/t_err: -0.32113 -1.30013 0.22662 -1.55496 -1.50911 -0.47072 -0.43086 -0.47072 -0.43086 12.64065 0.23052 179.95441 0.01903
target: -1.30013 0.02964
target: -1.30013 0.02964
fb: -1.40604 0.01449 -0.31079 -0.34389
fb: -1.40803 0.01003 -0.30980 -0.34290
dist/lin/ang/drive_left/drive_right/tv_l/tv_r/av_l/av_r/x/y/theta/t_err: -0.29301 -1.24485 0.21648 -1.41806 -1.39799 -0.44522 -0.41083 -0.44522 -0.41083 11.53353 0.22953 180.13601 0.01752
target: -1.24485 0.02832
target: -1.24485 0.02832
fb: -1.45856 0.01219 -0.25563 -0.23551
fb: -1.27409 0.01693 -0.34787 -0.32775
dist/lin/ang/drive_left/drive_right/tv_l/tv_r/av_l/av_r/x/y/theta/t_err: -0.26384 -1.18096 0.26074 -1.29102 -1.25716 -0.40653 -0.40278 -0.40653 -0.40278 10.38506 0.22587 180.23226 0.01769
target: -1.18096 0.03411
target: -1.18096 0.03411
fb: -1.22554 0.01554 -0.31536 -0.22339
fb: -1.24915 0.01380 -0.30356 -0.21158
dist/lin/ang/drive_left/drive_right/tv_l/tv_r/av_l/av_r/x/y/theta/t_err: -0.23934 -1.12624 0.22391 -1.26295 -1.23536 -0.37472 -0.34906 -0.37472 -0.34906 9.42008 0.22071 180.37579 0.01687
target: -1.12624 0.02929
target: -1.12624 0.02929
fb: -1.15008 0.01129 -0.28898 -0.29888
fb: -1.18295 0.00920 -0.27254 -0.28244
dist/lin/ang/drive_left/drive_right/tv_l/tv_r/av_l/av_r/x/y/theta/t_err: -0.21634 -1.07134 0.23106 -1.19215 -1.17376 -0.35336 -0.30067 -0.35336 -0.30067 8.51454 0.21382 180.49175 0.01652
target: -1.07134 0.03022
target: -1.07134 0.03022
fb: -1.13264 0.00857 -0.27347 -0.23030
fb: -1.05299 0.01184 -0.31330 -0.27013
dist/lin/ang/drive_left/drive_right/tv_l/tv_r/av_l/av_r/x/y/theta/t_err: -0.19369 -1.01299 0.25727 -1.06483 -1.04114 -0.32661 -0.30817 -0.32661 -0.30817 7.62273 0.20554 180.57216 0.01697
target: -1.01299 0.03365
target: -1.01299 0.03365
fb: -1.07263 0.01421 -0.25008 -0.17982
fb: -1.02805 0.01407 -0.27236 -0.20211
dist/lin/ang/drive_left/drive_right/tv_l/tv_r/av_l/av_r/x/y/theta/t_err: -0.17224 -0.98105 0.25309 -1.04213 -1.01398 -0.30903 -0.28231 -0.30903 -0.28231 6.77819 0.19638 180.67694 0.01715
target: -0.98105 0.03311
target: -0.98105 0.03311
fb: -1.01216 0.01157 -0.33859 -0.30481
fb: -0.94442 0.00920 -0.37246 -0.33869
dist/lin/ang/drive_left/drive_right/tv_l/tv_r/av_l/av_r/x/y/theta/t_err: -0.15198 -0.92154 0.16745 -0.95362 -0.93522 -0.29569 -0.25256 -0.29569 -0.25256 5.98128 0.18610 180.79475 0.01509
target: -0.92154 0.02190
target: -0.92154 0.02190
fb: -0.88837 0.01247 -0.18051 -0.25762
fb: -0.85130 0.01756 -0.19904 -0.27615
dist/lin/ang/drive_left/drive_right/tv_l/tv_r/av_l/av_r/x/y/theta/t_err: -0.13421 -0.86601 0.15291 -0.86886 -0.83375 -0.29514 -0.27961 -0.29514 -0.27961 5.28185 0.17582 180.89040 0.01342
target: -0.86601 0.02000
target: -0.86601 0.02000
fb: -0.87072 0.01881 -0.19527 -0.19117
fb: -0.88242 0.01693 -0.18942 -0.18532
dist/lin/ang/drive_left/drive_right/tv_l/tv_r/av_l/av_r/x/y/theta/t_err: -0.11680 -0.80790 0.09091 -0.89935 -0.86549 -0.23750 -0.26383 -0.23750 -0.26383 4.59634 0.16425 181.04087 0.01080
target: -0.80790 0.01189
target: -0.80790 0.01189
fb: -0.79128 0.01484 -0.13833 -0.20093
fb: -0.76216 0.00801 -0.15290 -0.21549
dist/lin/ang/drive_left/drive_right/tv_l/tv_r/av_l/av_r/x/y/theta/t_err: -0.10098 -0.75119 0.05634 -0.77017 -0.75414 -0.20242 -0.22228 -0.20242 -0.22228 3.97340 0.15213 181.18625 0.00826
target: -0.75119 0.00737
target: -0.75119 0.00737
fb: -0.73700 0.00341 -0.13258 -0.16890
fb: -0.71383 0.00132 -0.14417 -0.18048
dist/lin/ang/drive_left/drive_right/tv_l/tv_r/av_l/av_r/x/y/theta/t_err: -0.08624 -0.69421 0.07707 -0.71516 -0.71251 -0.17178 -0.20889 -0.17178 -0.20889 3.39321 0.13975 181.24819 0.00718
target: -0.69421 0.01008
target: -0.69421 0.01008
fb: -0.67478 -0.00202 -0.14506 -0.11260
fb: -0.63991 -0.00550 -0.16249 -0.13003
dist/lin/ang/drive_left/drive_right/tv_l/tv_r/av_l/av_r/x/y/theta/t_err: -0.07275 -0.63759 0.10088 -0.63441 -0.64542 -0.15553 -0.18003 -0.15553 -0.18003 2.86202 0.12812 181.25286 0.00710
target: -0.63759 0.01320
target: -0.63759 0.01320
fb: -0.59159 -0.00843 -0.14039 -0.10008
fb: -0.55275 -0.00996 -0.15981 -0.11950
dist/lin/ang/drive_left/drive_right/tv_l/tv_r/av_l/av_r/x/y/theta/t_err: -0.06092 -0.58344 0.13961 -0.54279 -0.56272 -0.16714 -0.14389 -0.16714 -0.14389 2.39631 0.11812 181.19963 0.00803
target: -0.58344 0.01826
target: -0.58344 0.01826
fb: -0.56047 -0.00606 -0.12867 -0.06396
fb: -0.53731 0.00084 -0.14026 -0.07555
dist/lin/ang/drive_left/drive_right/tv_l/tv_r/av_l/av_r/x/y/theta/t_err: -0.04970 -0.52702 0.16669 -0.53814 -0.53647 -0.15364 -0.11961 -0.15364 -0.11961 1.95508 0.10918 181.12665 0.00930
target: -0.52702 0.02181
target: -0.52702 0.02181
fb: -0.52362 0.00634 -0.08216 0.10146
fb: -0.48280 0.01080 -0.10257 0.08105
dist/lin/ang/drive_left/drive_right/tv_l/tv_r/av_l/av_r/x/y/theta/t_err: -0.03923 -0.46822 0.12182 -0.49360 -0.47200 -0.13589 -0.05544 -0.13589 -0.05544 1.54286 0.10105 181.14556 0.00897
target: -0.46822 0.01594
target: -0.46822 0.01594
fb: -0.43845 0.01582 -0.09382 -0.13019
fb: -0.40932 0.02139 -0.10838 -0.14475
dist/lin/ang/drive_left/drive_right/tv_l/tv_r/av_l/av_r/x/y/theta/t_err: -0.03047 -0.41261 0.05620 -0.43071 -0.38793 -0.11825 -0.01061 -0.11825 -0.01061 1.19770 0.09386 181.25270 0.00710
target: -0.41261 0.00735
target: -0.41261 0.00735
fb: -0.33342 0.02899 -0.08637 -0.15866
fb: -0.31400 0.03672 -0.09607 -0.16837
dist/lin/ang/drive_left/drive_right/tv_l/tv_r/av_l/av_r/x/y/theta/t_err: -0.02380 -0.36471 -0.03621 -0.35072 -0.27728 -0.11225 -0.13758 -0.11225 -0.13758 0.93524 0.08771 181.45456 0.00358
target: -0.36471 -0.00474
target: -0.36471 -0.00474
fb: -0.32790 0.03679 0.03903 -0.15905
fb: -0.32591 0.02885 -0.04000 -0.16004
dist/lin/ang/drive_left/drive_right/tv_l/tv_r/av_l/av_r/x/y/theta/t_err: -0.01725 -0.31051 -0.16688 -0.35476 -0.29707 -0.06158 -0.15347 -0.06158 -0.15347 0.67715 0.08046 181.77185 -0.00196
target: -0.31051 -0.02183
target: -0.31051 -0.02183
fb: -0.30826 0.02041 0.12295 -0.14307
fb: -0.29480 0.00989 0.11622 -0.14980
dist/lin/ang/drive_left/drive_right/tv_l/tv_r/av_l/av_r/x/y/theta/t_err: -0.01110 -0.24900 -0.18908 -0.30469 -0.28491 0.00514 -0.15125 0.00514 -0.15125 0.43456 0.07244 182.00488 -0.00603
target: -0.24900 -0.02473
target: -0.24900 -0.02473
fb: -0.27737 -0.00502 0.11375 0.05935
fb: -0.23280 -0.02083 0.09146 -0.05077
dist/lin/ang/drive_left/drive_right/tv_l/tv_r/av_l/av_r/x/y/theta/t_err: -0.00555 -0.00139 -0.12253 -0.21196 -0.25363 0.09667 -0.07169 0.09667 -0.07169 0.21630 0.06464 182.05584 -0.00692
target: -0.00139 -0.01603
target: -0.00139 -0.01603
fb: -0.18999 -0.03728 0.59960 0.66137
fb: -0.15689 -0.05386 0.50530 0.56706
dist/lin/ang/drive_left/drive_right/tv_l/tv_r/av_l/av_r/x/y/theta/t_err: -0.00174 -0.00044 0.04824 -0.10303 -0.21075 0.18975 0.03133 0.18975 0.03133 0.06679 0.05949 181.84037 -0.00316
target: -0.00044 0.00631
target: -0.00044 0.00631
fb: -0.14365 -0.06793 -0.14204 0.15041
fb: -0.11254 -0.08117 -0.14204 0.15041
dist/lin/ang/drive_left/drive_right/tv_l/tv_r/av_l/av_r/x/y/theta/t_err: 0.00114 0.00029 0.29799 -0.03136 -0.19371 0.16172 0.38567 0.16172 0.38567 -0.04628 0.05632 181.34174 0.00555
target: 0.00029 0.03898
target: 0.00029 0.03898
fb: -0.06002 -0.08138 -0.21060 0.21859
fb: -0.02714 -0.06215 -0.21060 0.21859
dist/lin/ang/drive_left/drive_right/tv_l/tv_r/av_l/av_r/x/y/theta/t_err: 0.00236 0.00059 0.55982 0.03501 -0.08929 -0.10097 0.16647 -0.10097 0.16647 -0.09353 0.05545 180.64635 0.01768
target: 0.00059 0.07323
target: 0.00059 0.07323
fb: -0.00772 -0.03477 -0.24139 0.24794
fb: 0.00000 -0.00766 -0.24139 0.24794
decreased max accel to 3.55600
start is 0.00000 0.00000
dist/lin/ang/drive_left/drive_right/tv_l/tv_r/av_l/av_r/x/y/theta/t_err: 1.21920 0.08636 0.00000 0.00000 0.00000 -0.00000 0.00000 -0.00000 0.00000 0.00000 0.00000 -0.00000 0.00000
target: 0.08636 0.00000
target: 0.08636 0.00000
fb: 0.00000 0.00000 0.24370 0.24859
fb: 0.00000 0.00000 0.24370 0.24859
dist/lin/ang/drive_left/drive_right/tv_l/tv_r/av_l/av_r/x/y/theta/t_err: 1.21920 0.17272 0.00007 0.00000 0.00000 0.02825 0.05544 0.02825 0.05544 0.00000 0.00000 -0.00011 0.00000
target: 0.17272 0.00001
target: 0.17272 0.00001
fb: 0.00000 0.00000 0.27560 0.28059
fb: 0.00000 0.00000 0.27560 0.28059
dist/lin/ang/drive_left/drive_right/tv_l/tv_r/av_l/av_r/x/y/theta/t_err: 1.21920 0.25908 -0.00007 0.00000 0.00000 0.20547 0.22108 0.20547 0.22108 0.00000 0.00000 0.00003 -0.00000
target: 0.25908 -0.00001
target: 0.25908 -0.00001
fb: 0.00000 0.00690 0.43723 0.44195
fb: 0.00000 0.01240 0.43723 0.44195
dist/lin/ang/drive_left/drive_right/tv_l/tv_r/av_l/av_r/x/y/theta/t_err: 1.21920 0.34544 -0.01365 -0.01240 0.01240 0.26439 0.28664 0.26439 0.28664 0.00000 0.00000 0.01982 -0.00035
target: 0.34544 -0.00179
target: 0.34544 -0.00179
fb: 0.00971 0.00683 0.51661 0.50312
fb: 0.09687 -0.00084 0.47303 0.45954
dist/lin/ang/drive_left/drive_right/tv_l/tv_r/av_l/av_r/x/y/theta/t_err: 1.21901 0.43180 -0.06894 0.09771 0.09603 0.39303 0.40808 0.39303 0.40808 0.00764 0.00001 0.11253 -0.00196
target: 0.43180 -0.00902
target: 0.43180 -0.00902
fb: 0.18425 -0.00188 0.53387 0.46159
fb: 0.21934 0.00118 0.51633 0.44405
dist/lin/ang/drive_left/drive_right/tv_l/tv_r/av_l/av_r/x/y/theta/t_err: 1.21532 0.51816 -0.02756 0.21815 0.22052 0.44144 0.37592 0.44144 0.37592 0.15272 0.00030 0.11084 -0.00194
target: 0.51816 -0.00360
target: 0.51816 -0.00360
fb: 0.27538 0.00000 0.71684 0.76603
fb: 0.31797 -0.00432 0.69555 0.74474
dist/lin/ang/drive_left/drive_right/tv_l/tv_r/av_l/av_r/x/y/theta/t_err: 1.20981 0.60452 -0.03141 0.32229 0.31365 0.46608 0.43819 0.46608 0.43819 0.36956 0.00073 0.11507 -0.00202
target: 0.60452 -0.00411
target: 0.60452 -0.00411
fb: 0.36078 -0.01010 0.77977 0.77511
fb: 0.39961 -0.01171 0.76036 0.75569
dist/lin/ang/drive_left/drive_right/tv_l/tv_r/av_l/av_r/x/y/theta/t_err: 1.20260 0.69088 0.00467 0.41132 0.38791 0.49947 0.43136 0.49947 0.43136 0.65364 0.00120 0.06515 -0.00116
target: 0.69088 0.00061
target: 0.69088 0.00061
fb: 0.40712 -0.01303 0.80860 0.85735
fb: 0.45169 -0.01387 0.78631 0.83506
dist/lin/ang/drive_left/drive_right/tv_l/tv_r/av_l/av_r/x/y/theta/t_err: 1.19446 0.77724 0.05738 0.46556 0.43782 0.50375 0.49556 0.50375 0.49556 0.97420 0.00127 -0.04262 0.00072
target: 0.77724 0.00751
target: 0.77724 0.00751
fb: 0.50818 -0.01157 0.82234 0.89995
fb: 0.55474 -0.00962 0.79906 0.87667
dist/lin/ang/drive_left/drive_right/tv_l/tv_r/av_l/av_r/x/y/theta/t_err: 1.18429 0.86360 0.08759 0.56435 0.54512 0.53403 0.46508 0.53403 0.46508 1.37434 0.00057 -0.15376 0.00267
target: 0.86360 0.01146
target: 0.86360 0.01146
fb: 0.59534 -0.00982 0.86801 0.92452
fb: 0.60703 -0.01414 0.86217 0.91867
dist/lin/ang/drive_left/drive_right/tv_l/tv_r/av_l/av_r/x/y/theta/t_err: 1.17239 0.94996 0.09802 0.62118 0.59289 0.55544 0.50133 0.55544 0.50133 1.84311 -0.00103 -0.23777 0.00417
target: 0.94996 0.01282
target: 0.94996 0.01282
fb: 0.62844 -0.01812 0.94087 0.97598
fb: 0.67676 -0.02111 0.91671 0.95181
dist/lin/ang/drive_left/drive_right/tv_l/tv_r/av_l/av_r/x/y/theta/t_err: 1.15982 1.03632 0.15495 0.69787 0.65565 0.65944 0.44522 0.65944 0.44522 2.33794 -0.00363 -0.37151 0.00656
target: 1.03632 0.02027
target: 1.03632 0.02027
fb: 0.70214 -0.02676 0.95032 1.00000
fb: 0.72156 -0.02480 0.94061 1.00000
dist/lin/ang/drive_left/drive_right/tv_l/tv_r/av_l/av_r/x/y/theta/t_err: 1.14577 1.12268 0.23602 0.74636 0.69675 0.60844 0.53883 0.60844 0.53883 2.89078 -0.00812 -0.57005 0.01013
target: 1.12268 0.03087
target: 1.12268 0.03087
fb: 0.77959 -0.02292 0.96895 1.00000
fb: 0.79327 -0.01805 0.96211 1.00000
dist/lin/ang/drive_left/drive_right/tv_l/tv_r/av_l/av_r/x/y/theta/t_err: 1.13018 1.20904 0.30100 0.81132 0.77522 0.58689 0.77667 0.58689 0.77667 3.50459 -0.01543 -0.78406 0.01403
target: 1.20904 0.03937
target: 1.20904 0.03937
fb: 0.80673 -0.00913 1.00000 1.00000
fb: 0.84932 0.00244 1.00000 1.00000
dist/lin/ang/drive_left/drive_right/tv_l/tv_r/av_l/av_r/x/y/theta/t_err: 1.11405 1.29540 0.30685 0.84688 0.85176 0.60075 0.84700 0.60075 0.84700 4.13974 -0.02498 -0.92127 0.01665
target: 1.29540 0.04014
target: 1.29540 0.04014
fb: 0.90581 0.01373 1.00000 1.00000
fb: 0.99694 0.02348 1.00000 1.00000
dist/lin/ang/drive_left/drive_right/tv_l/tv_r/av_l/av_r/x/y/theta/t_err: 1.09594 1.38176 0.21613 0.97346 1.02042 0.63228 0.86872 0.63228 0.86872 4.85288 -0.03627 -0.86908 0.01601
target: 1.38176 0.02827
target: 1.38176 0.02827
fb: 1.00444 0.02515 1.00000 1.00000
fb: 1.00643 0.02522 1.00000 1.00000
dist/lin/ang/drive_left/drive_right/tv_l/tv_r/av_l/av_r/x/y/theta/t_err: 1.07585 1.46812 0.10454 0.98120 1.03165 0.80883 0.85675 0.80883 0.85675 5.64371 -0.04698 -0.66863 0.01278
target: 1.46812 0.01368
target: 1.46812 0.01368
fb: 1.09977 0.02585 1.00000 1.00000
fb: 1.10352 0.02745 1.00000 1.00000
dist/lin/ang/drive_left/drive_right/tv_l/tv_r/av_l/av_r/x/y/theta/t_err: 1.05386 1.55448 0.03966 1.07607 1.13097 0.86153 0.86394 0.86153 0.86394 6.50962 -0.05536 -0.44448 0.00909
target: 1.55448 0.00519
target: 1.55448 0.00519
fb: 1.11698 0.02899 1.00000 1.00000
fb: 1.10175 0.02264 1.00000 1.00000
dist/lin/ang/drive_left/drive_right/tv_l/tv_r/av_l/av_r/x/y/theta/t_err: 1.03152 1.64084 -0.03260 1.07911 1.12440 0.87744 0.87214 0.87744 0.87214 7.38912 -0.06026 -0.19740 0.00493
target: 1.64084 -0.00426
target: 1.64084 -0.00426
fb: 1.22951 0.01491 1.00000 1.00000
fb: 1.37493 0.00975 1.00000 1.00000
dist/lin/ang/drive_left/drive_right/tv_l/tv_r/av_l/av_r/x/y/theta/t_err: 1.00693 1.72720 -0.04992 1.36517 1.38468 0.87369 0.87111 0.87369 0.87111 8.35724 -0.06179 -0.01704 0.00186
target: 1.72720 -0.00653
target: 1.72720 -0.00653
fb: 1.26261 0.00996 1.00000 1.00000
fb: 1.27034 0.00864 1.00000 1.00000
dist/lin/ang/drive_left/drive_right/tv_l/tv_r/av_l/av_r/x/y/theta/t_err: 0.98168 1.77719 -0.03495 1.26170 1.27898 0.89525 0.89097 0.89525 0.89097 9.35142 -0.06129 0.07425 0.00029
target: 1.77719 -0.00457
target: 1.77719 -0.00457
fb: 1.41972 0.00676 1.00000 1.00000
fb: 1.45459 0.00585 1.00000 1.00000
dist/lin/ang/drive_left/drive_right/tv_l/tv_r/av_l/av_r/x/y/theta/t_err: 0.95328 1.77532 -0.04532 1.44873 1.46044 0.89950 0.89525 0.89950 0.89525 10.46931 -0.05910 0.14544 -0.00096
target: 1.77532 -0.00593
target: 1.77532 -0.00593
fb: 1.46805 0.00509 0.94477 0.93093
fb: 1.54175 0.00481 0.90792 0.89408
dist/lin/ang/drive_left/drive_right/tv_l/tv_r/av_l/av_r/x/y/theta/t_err: 0.92392 1.77252 -0.05375 1.53694 1.54655 0.87317 0.90106 0.87317 0.90106 11.62525 -0.05555 0.20043 -0.00197
target: 1.77252 -0.00703
target: 1.77252 -0.00703
fb: 1.50490 0.00606 0.91970 0.90665
fb: 1.51659 0.00432 0.91385 0.90081
dist/lin/ang/drive_left/drive_right/tv_l/tv_r/av_l/av_r/x/y/theta/t_err: 0.89382 1.76993 -0.06539 1.51227 1.52091 0.78453 0.76075 0.78453 0.76075 12.81020 -0.05095 0.24928 -0.00290
target: 1.76993 -0.00855
target: 1.76993 -0.00855
fb: 1.50115 0.00000 0.92297 0.90411
fb: 1.51858 -0.00132 0.91426 0.89539
dist/lin/ang/drive_left/drive_right/tv_l/tv_r/av_l/av_r/x/y/theta/t_err: 0.86380 1.76861 -0.06087 1.51990 1.51725 0.80764 0.78403 0.80764 0.78403 13.99219 -0.04548 0.27019 -0.00338
target: 1.76861 -0.00796
target: 1.76861 -0.00796
fb: 1.59029 -0.00348 0.87236 0.87332
fb: 1.53204 -0.00111 0.90149 0.90245
dist/lin/ang/drive_left/drive_right/tv_l/tv_r/av_l/av_r/x/y/theta/t_err: 0.83199 1.76867 -0.04817 1.53315 1.53092 0.78758 0.77342 0.78758 0.77342 15.24437 -0.03964 0.26172 -0.00336
target: 1.76867 -0.00630
target: 1.76867 -0.00630
fb: 1.57485 0.00000 0.87972 0.89253
fb: 1.64259 0.00000 0.84584 0.85866
dist/lin/ang/drive_left/drive_right/tv_l/tv_r/av_l/av_r/x/y/theta/t_err: 0.80050 1.76826 -0.05444 1.64259 1.64259 0.79719 0.79139 0.79719 0.79139 16.48440 -0.03399 0.26252 -0.00350
target: 1.76826 -0.00712
target: 1.76826 -0.00712
fb: 1.59603 -0.00272 0.87863 0.86801
fb: 1.61765 -0.00404 0.86781 0.85720
dist/lin/ang/drive_left/drive_right/tv_l/tv_r/av_l/av_r/x/y/theta/t_err: 0.76858 1.76823 -0.05129 1.62169 1.61361 0.78281 0.79617 0.78281 0.79617 17.74110 -0.02828 0.25498 -0.00352
target: 1.76823 -0.00671
target: 1.76823 -0.00671
fb: 1.61170 -0.00174 0.86642 0.86744
fb: 1.62891 -0.00244 0.85782 0.85883
dist/lin/ang/drive_left/drive_right/tv_l/tv_r/av_l/av_r/x/y/theta/t_err: 0.73634 1.76948 -0.03322 1.63135 1.62647 0.80592 0.77872 0.80592 0.77872 19.01014 -0.02303 0.22118 -0.00307
target: 1.76948 -0.00435
target: 1.76948 -0.00435
fb: 1.68915 -0.00369 0.82359 0.84535
fb: 1.65053 -0.00620 0.84290 0.86465
dist/lin/ang/drive_left/drive_right/tv_l/tv_r/av_l/av_r/x/y/theta/t_err: 0.70256 1.77014 -0.03502 1.65673 1.64433 0.80728 0.78558 0.80728 0.78558 20.34017 -0.01813 0.19954 -0.00283
target: 1.77014 -0.00458
target: 1.77014 -0.00458
fb: 1.66024 -0.00752 0.84817 0.84622
fb: 1.72026 -0.00864 0.81816 0.81621
dist/lin/ang/drive_left/drive_right/tv_l/tv_r/av_l/av_r/x/y/theta/t_err: 0.66936 1.77235 -0.00952 1.72890 1.71162 0.80847 0.78572 0.80847 0.78572 21.64744 -0.01411 0.14700 -0.00203
target: 1.77235 -0.00125
target: 1.77235 -0.00125
fb: 1.66399 -0.00843 0.83620 0.87085
fb: 1.66002 -0.00927 0.83819 0.87284
dist/lin/ang/drive_left/drive_right/tv_l/tv_r/av_l/av_r/x/y/theta/t_err: 0.63608 1.77574 0.01868 1.66929 1.65075 0.80453 0.78694 0.80453 0.78694 22.95767 -0.01159 0.07306 -0.00081
target: 1.77574 0.00244
target: 1.77574 0.00244
fb: 1.78602 -0.01045 0.77891 0.82169
fb: 1.73571 -0.00948 0.80406 0.84685
dist/lin/ang/drive_left/drive_right/tv_l/tv_r/av_l/av_r/x/y/theta/t_err: 0.60035 1.77621 0.04567 1.74518 1.72623 0.81431 0.82767 0.81431 0.82767 24.36398 -0.01081 -0.01059 0.00064
target: 1.77621 0.00597
target: 1.77621 0.00597
fb: 1.72997 -0.00752 0.79405 0.84014
fb: 1.71452 -0.00599 0.80178 0.84787
dist/lin/ang/drive_left/drive_right/tv_l/tv_r/av_l/av_r/x/y/theta/t_err: 0.56576 1.77207 0.06811 1.72052 1.70853 0.78831 0.81139 0.78831 0.81139 25.72616 -0.01211 -0.09094 0.00213
target: 1.77207 0.00891
target: 1.77207 0.00891
fb: 1.64656 -0.00481 0.81425 0.85892
fb: 1.78624 -0.00279 0.74441 0.78908
dist/lin/ang/drive_left/drive_right/tv_l/tv_r/av_l/av_r/x/y/theta/t_err: 0.53282 1.76926 0.07092 1.78902 1.78345 0.79617 0.81911 0.79617 0.81911 27.02266 -0.01477 -0.13980 0.00314
target: 1.76926 0.00928
target: 1.76926 0.00928
fb: 1.76483 -0.00181 0.76917 0.79121
fb: 1.72401 -0.00070 0.78959 0.81162
dist/lin/ang/drive_left/drive_right/tv_l/tv_r/av_l/av_r/x/y/theta/t_err: 0.49753 1.76717 0.07540 1.72471 1.72331 0.75511 0.77753 0.75511 0.77753 28.41229 -0.01851 -0.16923 0.00390
target: 1.76717 0.00986
target: 1.76717 0.00986
fb: 1.77653 -0.00056 0.76291 0.78771
fb: 1.73968 0.00000 0.78134 0.80614
dist/lin/ang/drive_left/drive_right/tv_l/tv_r/av_l/av_r/x/y/theta/t_err: 0.46200 1.76581 0.07585 1.73968 1.73968 0.76433 0.78367 0.76433 0.78367 29.81112 -0.02281 -0.17955 0.00439
target: 1.76581 0.00992
target: 1.76581 0.00992
fb: 1.77454 0.00070 0.76797 0.78808
fb: 1.68341 0.00132 0.81353 0.83365
dist/lin/ang/drive_left/drive_right/tv_l/tv_r/av_l/av_r/x/y/theta/t_err: 0.42651 1.72902 0.07357 1.68209 1.68473 0.76503 0.77647 0.76503 0.77647 31.20839 -0.02712 -0.17328 0.00464
target: 1.72902 0.00962
target: 1.72902 0.00962
fb: 1.73769 0.00216 0.61294 0.62942
fb: 1.89282 0.00000 0.53537 0.55186
dist/lin/ang/drive_left/drive_right/tv_l/tv_r/av_l/av_r/x/y/theta/t_err: 0.39175 1.65632 0.07880 1.89282 1.89282 0.74553 0.75631 0.74553 0.75631 32.57665 -0.03117 -0.16673 0.00493
target: 1.65632 0.01031
target: 1.65632 0.01031
fb: 1.74740 0.00077 0.39335 0.41953
fb: 1.72026 0.00362 0.40692 0.43310
dist/lin/ang/drive_left/drive_right/tv_l/tv_r/av_l/av_r/x/y/theta/t_err: 0.35681 1.57939 0.09268 1.71664 1.72388 0.60811 0.62522 0.60811 0.62522 33.95255 -0.03521 -0.16962 0.00547
target: 1.57939 0.01212
target: 1.57939 0.01212
fb: 1.79595 0.00411 0.27574 0.31449
fb: 1.69312 0.00132 0.32716 0.36590
dist/lin/ang/drive_left/drive_right/tv_l/tv_r/av_l/av_r/x/y/theta/t_err: 0.32089 1.49782 0.07880 1.69180 1.69444 0.45975 0.51778 0.45975 0.51778 35.36668 -0.03901 -0.13562 0.00546
target: 1.49782 0.01031
target: 1.49782 0.01031
fb: 1.71629 -0.00293 0.24025 0.24381
fb: 1.74917 -0.00718 0.22381 0.22737
dist/lin/ang/drive_left/drive_right/tv_l/tv_r/av_l/av_r/x/y/theta/t_err: 0.28656 1.41382 0.10792 1.75634 1.74199 0.39356 0.44369 0.39356 0.44369 36.71808 -0.04215 -0.14030 0.00618
target: 1.41382 0.01412
target: 1.41382 0.01412
fb: 1.57087 -0.01219 0.19891 0.25812
fb: 1.51284 -0.00355 0.22793 0.28714
dist/lin/ang/drive_left/drive_right/tv_l/tv_r/av_l/av_r/x/y/theta/t_err: 0.25515 1.32918 0.18206 1.51639 1.50929 0.33708 0.36531 0.33708 0.36531 37.95498 -0.04593 -0.22637 0.00852
target: 1.32918 0.02382
target: 1.32918 0.02382
fb: 1.45459 0.00641 0.14438 0.26953
fb: 1.44488 0.01143 0.14923 0.27438
dist/lin/ang/drive_left/drive_right/tv_l/tv_r/av_l/av_r/x/y/theta/t_err: 0.22606 1.24853 0.17571 1.43345 1.45630 0.30561 0.36822 0.30561 0.36822 39.10032 -0.05080 -0.23694 0.00984
target: 1.24853 0.02298
target: 1.24853 0.02298
fb: 1.44863 0.01498 0.13775 0.16696
fb: 1.30123 0.00704 0.21145 0.24066
dist/lin/ang/drive_left/drive_right/tv_l/tv_r/av_l/av_r/x/y/theta/t_err: 0.19708 1.16691 0.11833 1.29419 1.30827 0.24758 0.34906 0.24758 0.34906 40.24096 -0.05455 -0.12578 0.00923
target: 1.16691 0.01548
target: 1.16691 0.01548
fb: 1.29946 -0.00105 0.16921 0.12823
fb: 1.30321 -0.00160 0.16733 0.12635
dist/lin/ang/drive_left/drive_right/tv_l/tv_r/av_l/av_r/x/y/theta/t_err: 0.17110 1.10310 0.15561 1.30482 1.30161 0.23714 0.30064 0.23714 0.30064 41.26416 -0.05624 -0.08194 0.00978
target: 1.10310 0.02036
target: 1.10310 0.02036
fb: 1.16949 0.00418 0.18832 0.26526
fb: 1.15603 0.00948 0.19505 0.27199
dist/lin/ang/drive_left/drive_right/tv_l/tv_r/av_l/av_r/x/y/theta/t_err: 0.14770 1.02490 0.14133 1.14656 1.16551 0.24281 0.24536 0.24281 0.24536 42.18502 -0.05762 -0.08127 0.00977
target: 1.02490 0.01849
target: 1.02490 0.01849
fb: 1.12294 0.01101 0.11440 0.12807
fb: 1.03953 0.01366 0.15611 0.16978
dist/lin/ang/drive_left/drive_right/tv_l/tv_r/av_l/av_r/x/y/theta/t_err: 0.12524 0.94378 0.08401 1.02587 1.05318 0.21797 0.26181 0.21797 0.26181 43.06922 -0.05829 0.00230 0.00831
target: 0.94378 0.01099
target: 0.94378 0.01099
fb: 1.03754 0.01359 0.10185 -0.07309
fb: 0.95016 0.01136 0.14554 0.09843
dist/lin/ang/drive_left/drive_right/tv_l/tv_r/av_l/av_r/x/y/theta/t_err: 0.10449 0.86207 0.03942 0.93880 0.96152 0.18103 0.17625 0.18103 0.17625 43.88618 -0.05742 0.11986 0.00626
target: 0.86207 0.00516
target: 0.86207 0.00516
fb: 0.90382 0.01226 0.08834 -0.07949
fb: 0.85925 0.01484 0.11063 0.07063
dist/lin/ang/drive_left/drive_right/tv_l/tv_r/av_l/av_r/x/y/theta/t_err: 0.08642 0.78397 0.02000 0.84441 0.87409 0.16169 0.08383 0.16169 0.08383 44.59785 -0.05529 0.22245 0.00447
target: 0.78397 0.00262
target: 0.78397 0.00262
fb: 0.77562 0.01930 0.08267 0.06883
fb: 0.71163 0.02202 0.11467 0.10082
dist/lin/ang/drive_left/drive_right/tv_l/tv_r/av_l/av_r/x/y/theta/t_err: 0.07091 0.71015 -0.03212 0.68961 0.73364 0.13639 0.07461 0.13639 0.07461 45.20856 -0.05223 0.36297 0.00201
target: 0.71015 -0.00420
target: 0.71015 -0.00420
fb: 0.68471 0.01366 0.10175 -0.08761
fb: 0.65558 0.00000 0.11631 -0.07305
dist/lin/ang/drive_left/drive_right/tv_l/tv_r/av_l/av_r/x/y/theta/t_err: 0.05722 0.63791 -0.08512 0.65558 0.65558 0.12353 0.06831 0.12353 0.06831 45.74769 -0.04796 0.52878 -0.00088
target: 0.63791 -0.01113
target: 0.63791 -0.01113
fb: 0.54106 -0.00906 0.11931 -0.08043
fb: 0.46361 -0.01442 0.15803 0.08612
dist/lin/ang/drive_left/drive_right/tv_l/tv_r/av_l/av_r/x/y/theta/t_err: 0.04640 0.57443 -0.00159 0.47803 0.44918 0.12425 -0.05406 0.12425 -0.05406 46.17370 -0.04400 0.51257 -0.00060
target: 0.57443 -0.00021
target: 0.57443 -0.00021
fb: 0.44992 -0.02083 -0.06367 0.15778
fb: 0.44220 -0.02982 -0.05981 0.16164
dist/lin/ang/drive_left/drive_right/tv_l/tv_r/av_l/av_r/x/y/theta/t_err: 0.03740 0.51571 0.08939 0.47202 0.41238 0.10197 0.07203 0.10197 0.07203 46.52796 -0.04123 0.37034 0.00188
target: 0.51571 0.01169
target: 0.51571 0.01169
fb: 0.39167 -0.04271 -0.08134 0.16479
fb: 0.34908 -0.04473 -0.06004 0.18609
dist/lin/ang/drive_left/drive_right/tv_l/tv_r/av_l/av_r/x/y/theta/t_err: 0.02956 0.45849 0.22852 0.39381 0.30435 -0.03900 0.15414 -0.03900 0.15414 46.83636 -0.03991 0.07851 0.00698
target: 0.45849 0.02989
target: 0.45849 0.02989
fb: 0.34533 -0.03115 0.04888 0.25763
fb: 0.33540 -0.01171 0.05385 0.26259
dist/lin/ang/drive_left/drive_right/tv_l/tv_r/av_l/av_r/x/y/theta/t_err: 0.02264 0.40131 0.34390 0.34711 0.32370 -0.02875 0.18975 -0.02875 0.18975 47.10827 -0.04044 -0.27356 0.01312
target: 0.40131 0.04499
target: 0.40131 0.04499
fb: 0.32569 0.00808 -0.06516 0.21390
fb: 0.30451 0.02606 -0.05457 0.22450
dist/lin/ang/drive_left/drive_right/tv_l/tv_r/av_l/av_r/x/y/theta/t_err: 0.01613 0.33870 0.23118 0.27845 0.33057 0.03117 0.23953 0.03117 0.23953 47.36472 -0.04189 -0.33289 0.01416
target: 0.33870 0.03024
target: 0.33870 0.03024
fb: 0.27538 0.03595 0.11686 -0.05826
fb: 0.25795 0.04870 0.12557 -0.04955
dist/lin/ang/drive_left/drive_right/tv_l/tv_r/av_l/av_r/x/y/theta/t_err: 0.01063 0.27492 0.03733 0.20925 0.30665 0.00003 0.15808 0.00003 0.15808 47.58155 -0.04274 -0.08925 0.00991
target: 0.27492 0.00488
target: 0.27492 0.00488
fb: 0.21338 0.06285 0.15479 -0.14983
fb: 0.19970 0.06619 0.16163 -0.14299
dist/lin/ang/drive_left/drive_right/tv_l/tv_r/av_l/av_r/x/y/theta/t_err: 0.00637 0.00159 -0.17239 0.13350 0.26589 0.11344 -0.05664 0.11344 -0.05664 47.74956 -0.04243 0.36915 0.00191
target: 0.00159 -0.02255
target: 0.00159 -0.02255
fb: 0.18822 0.06438 -0.53984 -0.82185
fb: 0.17851 0.05741 -0.44652 -0.72853
dist/lin/ang/drive_left/drive_right/tv_l/tv_r/av_l/av_r/x/y/theta/t_err: 0.00261 0.00065 -0.36680 0.12110 0.23593 0.09169 -0.20567 0.09169 -0.20567 47.89776 -0.04079 0.94129 -0.00808
target: 0.00065 -0.04798
target: 0.00065 -0.04798
fb: 0.17256 0.03867 0.18398 -0.19214
fb: 0.12798 0.01498 0.18398 -0.19214
dist/lin/ang/drive_left/drive_right/tv_l/tv_r/av_l/av_r/x/y/theta/t_err: -0.00083 -0.00021 -0.43026 0.11300 0.14296 -0.12114 -0.21147 -0.12114 -0.21147 48.03360 -0.03801 1.39544 -0.01601
target: -0.00021 -0.05628
target: -0.00021 -0.05628
fb: 0.09113 -0.00181 0.11229 -0.12078
fb: 0.05428 -0.01909 0.11229 -0.12078
final error: 0.11138, x: -0.10534, y: 0.03618
final local error: 0.11138, forwards: -0.10436, sideways: 0.03892
position: 48.10534 -0.03618 1.49301
took 1.24000 time to finish turn
dist/lin/ang/drive_left/drive_right/tv_l/tv_r/av_l/av_r/x/y/theta/t_err: -1.22381 -0.08636 0.06697 0.00000 0.00000 0.00000 0.00000 0.00000 0.00000 48.18160 -0.03521 179.69349 0.00462
target: -0.08636 0.00876
target: -0.08636 0.00876
fb: 0.00000 0.00000 -0.28899 -0.20330
fb: 0.00000 0.00000 -0.28899 -0.20330
dist/lin/ang/drive_left/drive_right/tv_l/tv_r/av_l/av_r/x/y/theta/t_err: -1.22381 -0.17272 0.06697 0.00000 0.00000 -0.06417 -0.06775 -0.06417 -0.06775 48.18160 -0.03521 179.69348 0.00462
target: -0.17272 0.00876
target: -0.17272 0.00876
fb: 0.00000 0.00000 -0.28152 -0.27467
fb: 0.00000 -0.00056 -0.28152 -0.27467
dist/lin/ang/drive_left/drive_right/tv_l/tv_r/av_l/av_r/x/y/theta/t_err: -1.22381 -0.25908 0.06697 0.00056 -0.00056 -0.24572 -0.19933 -0.24572 -0.19933 48.18160 -0.03521 179.69349 0.00462
target: -0.25908 0.00876
target: -0.25908 0.00876
fb: 0.00000 0.00209 -0.44301 -0.43617
fb: 0.00000 0.00000 -0.44301 -0.43617
dist/lin/ang/drive_left/drive_right/tv_l/tv_r/av_l/av_r/x/y/theta/t_err: -1.22381 -0.34544 0.06118 0.00000 0.00000 -0.29547 -0.29175 -0.29547 -0.29175 48.18160 -0.03521 179.70189 0.00447
target: -0.34544 0.00800
target: -0.34544 0.00800
fb: -0.01920 -0.00056 -0.50463 -0.50562
fb: -0.10084 0.00000 -0.46381 -0.46479
dist/lin/ang/drive_left/drive_right/tv_l/tv_r/av_l/av_r/x/y/theta/t_err: -1.22343 -0.43180 0.06533 -0.10084 -0.10084 -0.41133 -0.39611 -0.41133 -0.39611 48.16649 -0.03513 179.70127 0.00448
target: -0.43180 0.00855
target: -0.43180 0.00855
fb: -0.18249 0.00070 -0.50434 -0.49289
fb: -0.23257 0.00000 -0.47929 -0.46785
dist/lin/ang/drive_left/drive_right/tv_l/tv_r/av_l/av_r/x/y/theta/t_err: -1.21978 -0.51816 0.06587 -0.23257 -0.23257 -0.45089 -0.43361 -0.45089 -0.43361 48.02280 -0.03438 179.70081 0.00451
target: -0.51816 0.00862
target: -0.51816 0.00862
fb: -0.27538 -0.00118 -0.74487 -0.73800
fb: -0.29877 -0.00265 -0.73318 -0.72630
dist/lin/ang/drive_left/drive_right/tv_l/tv_r/av_l/av_r/x/y/theta/t_err: -1.21427 -0.60452 0.06981 -0.29613 -0.30142 -0.48750 -0.45786 -0.48750 -0.45786 47.80597 -0.03324 179.69549 0.00462
target: -0.60452 0.00913
target: -0.60452 0.00913
fb: -0.37998 -0.00293 -0.77359 -0.76209
fb: -0.42653 0.00091 -0.75031 -0.73881
dist/lin/ang/drive_left/drive_right/tv_l/tv_r/av_l/av_r/x/y/theta/t_err: -1.20667 -0.69088 0.08241 -0.42744 -0.42563 -0.53558 -0.40622 -0.53558 -0.40622 47.50678 -0.03159 179.67485 0.00501
target: -0.69088 0.01078
target: -0.69088 0.01078
fb: -0.43448 0.00550 -0.83121 -0.80738
fb: -0.47530 0.00711 -0.81080 -0.78697
dist/lin/ang/drive_left/drive_right/tv_l/tv_r/av_l/av_r/x/y/theta/t_err: -1.19798 -0.77724 0.06169 -0.48241 -0.46819 -0.57456 -0.51094 -0.57456 -0.51094 47.16467 -0.02968 179.69278 0.00473
target: -0.77724 0.00807
target: -0.77724 0.00807
fb: -0.48104 0.00899 -0.86517 -0.88426
fb: -0.50619 0.01463 -0.85259 -0.87168
dist/lin/ang/drive_left/drive_right/tv_l/tv_r/av_l/av_r/x/y/theta/t_err: -1.18836 -0.86360 0.02449 -0.52082 -0.49156 -0.53950 -0.50186 -0.53950 -0.50186 46.78591 -0.02785 179.75875 0.00362
target: -0.86360 0.00320
target: -0.86360 0.00320
fb: -0.58166 0.01512 -0.88056 -0.92565
fb: -0.62645 0.01366 -0.85817 -0.90326
dist/lin/ang/drive_left/drive_right/tv_l/tv_r/av_l/av_r/x/y/theta/t_err: -1.17673 -0.94996 -0.03178 -0.64011 -0.61280 -0.57800 -0.46217 -0.57800 -0.46217 46.32791 -0.02642 179.88231 0.00148
target: -0.94996 -0.00416
target: -0.94996 -0.00416
fb: -0.64786 0.01484 -0.90998 -0.98744
fb: -0.69022 0.01777 -0.88880 -0.96626
dist/lin/ang/drive_left/drive_right/tv_l/tv_r/av_l/av_r/x/y/theta/t_err: -1.16377 -1.03632 -0.06463 -0.70799 -0.67246 -0.54806 -0.51264 -0.54806 -0.51264 45.81779 -0.02594 180.00750 -0.00070
target: -1.03632 -0.00845
target: -1.03632 -0.00845
fb: -0.75046 0.01038 -0.94825 -1.00000
fb: -0.78952 0.01428 -0.92872 -0.98445
dist/lin/ang/drive_left/drive_right/tv_l/tv_r/av_l/av_r/x/y/theta/t_err: -1.14876 -1.12268 -0.09824 -0.80380 -0.77524 -0.55764 -0.54258 -0.55764 -0.54258 45.22688 -0.02674 180.13390 -0.00293
target: -1.12268 -0.01285
target: -1.12268 -0.01285
fb: -0.73700 0.01178 -1.00000 -1.00000
fb: -0.80673 0.01484 -0.99539 -1.00000
dist/lin/ang/drive_left/drive_right/tv_l/tv_r/av_l/av_r/x/y/theta/t_err: -1.13402 -1.20904 -0.12233 -0.82157 -0.79189 -0.54603 -0.60367 -0.54603 -0.60367 44.64656 -0.02867 180.24683 -0.00495
target: -1.20904 -0.01600
target: -1.20904 -0.01600
fb: -0.89014 0.01407 -1.00000 -1.00000
fb: -0.84159 0.01456 -1.00000 -1.00000
dist/lin/ang/drive_left/drive_right/tv_l/tv_r/av_l/av_r/x/y/theta/t_err: -1.11622 -1.29540 -0.16588 -0.85616 -0.82703 -0.52514 -0.72103 -0.52514 -0.72103 43.94568 -0.03246 180.37781 -0.00733
target: -1.29540 -0.02170
target: -1.29540 -0.02170
fb: -0.81843 0.01059 -1.00000 -1.00000
fb: -0.85726 0.00857 -1.00000 -1.00000
dist/lin/ang/drive_left/drive_right/tv_l/tv_r/av_l/av_r/x/y/theta/t_err: -1.09985 -1.38176 -0.19060 -0.86583 -0.84869 -0.79617 -0.81958 -0.79617 -0.81958 43.30126 -0.03740 180.49289 -0.00947
target: -1.38176 -0.02493
target: -1.38176 -0.02493
fb: -0.93096 0.01045 -1.00000 -1.00000
fb: -1.05894 0.00829 -1.00000 -1.00000
dist/lin/ang/drive_left/drive_right/tv_l/tv_r/av_l/av_r/x/y/theta/t_err: -1.08123 -1.46812 -0.19455 -1.06724 -1.05065 -0.86033 -0.86186 -0.86033 -0.86186 42.56826 -0.04417 180.56602 -0.01092
target: -1.46812 -0.02545
target: -1.46812 -0.02545
fb: -1.05894 0.00000 -1.00000 -1.00000
fb: -1.02386 -0.00355 -1.00000 -1.00000
dist/lin/ang/drive_left/drive_right/tv_l/tv_r/av_l/av_r/x/y/theta/t_err: -1.06006 -1.55448 -0.20021 -1.02031 -1.02741 -0.86597 -0.86017 -0.86597 -0.86017 41.73449 -0.05282 180.61376 -0.01198
target: -1.55448 -0.02619
target: -1.55448 -0.02619
fb: -1.14610 -0.00077 -1.00000 -1.00000
fb: -1.16376 0.00697 -1.00000 -1.00000
dist/lin/ang/drive_left/drive_right/tv_l/tv_r/av_l/av_r/x/y/theta/t_err: -1.03714 -1.64084 -0.17748 -1.17073 -1.15679 -0.86906 -0.86942 -0.86906 -0.86942 40.83209 -0.06241 180.60421 -0.01207
target: -1.64084 -0.02322
target: -1.64084 -0.02322
fb: -1.14633 0.01212 -1.00000 -1.00000
fb: -1.14412 0.01331 -1.00000 -1.00000
dist/lin/ang/drive_left/drive_right/tv_l/tv_r/av_l/av_r/x/y/theta/t_err: -1.01421 -1.72720 -0.23927 -1.15743 -1.13081 -0.88156 -0.88275 -0.88156 -0.88275 39.92953 -0.07245 180.68094 -0.01370
target: -1.72720 -0.03130
target: -1.72720 -0.03130
fb: -1.24297 0.01087 -1.00000 -1.00000
fb: -1.34028 0.00955 -1.00000 -1.00000
dist/lin/ang/drive_left/drive_right/tv_l/tv_r/av_l/av_r/x/y/theta/t_err: -0.98935 -1.73426 -0.28431 -1.34983 -1.33074 -0.89319 -0.89147 -0.89319 -0.89147 38.95089 -0.08504 180.78408 -0.01587
target: -1.73426 -0.03719
target: -1.73426 -0.03719
fb: -1.29946 0.00746 -0.96588 -1.00000
fb: -1.32263 0.00383 -0.95429 -1.00000
dist/lin/ang/drive_left/drive_right/tv_l/tv_r/av_l/av_r/x/y/theta/t_err: -0.96337 -1.72974 -0.29555 -1.32646 -1.31880 -0.84886 -0.89336 -0.84886 -0.89336 37.92780 -0.09968 180.85354 -0.01753
target: -1.72974 -0.03866
target: -1.72974 -0.03866
fb: -1.38287 0.00265 -0.89268 -0.96399
fb: -1.39435 -0.00550 -0.88694 -0.95826
dist/lin/ang/drive_left/drive_right/tv_l/tv_r/av_l/av_r/x/y/theta/t_err: -0.93572 -1.72630 -0.30411 -1.38884 -1.39985 -0.75492 -0.77786 -0.75492 -0.77786 36.83905 -0.11634 180.89570 -0.01879
target: -1.72630 -0.03978
target: -1.72630 -0.03978
fb: -1.40207 -0.01122 -0.88507 -0.95472
fb: -1.34602 -0.01080 -0.91310 -0.98275
dist/lin/ang/drive_left/drive_right/tv_l/tv_r/av_l/av_r/x/y/theta/t_err: -0.90768 -1.72816 -0.24543 -1.33522 -1.35682 -0.76792 -0.80319 -0.76792 -0.80319 35.73518 -0.13306 180.82408 -0.01811
target: -1.72816 -0.03210
target: -1.72816 -0.03210
fb: -1.42347 -0.01261 -0.94200 -0.92221
fb: -1.51262 -0.01561 -0.89743 -0.87764
dist/lin/ang/drive_left/drive_right/tv_l/tv_r/av_l/av_r/x/y/theta/t_err: -0.87921 -1.73322 -0.18920 -1.49701 -1.52823 -0.70617 -0.72447 -0.70617 -0.72447 34.61443 -0.14781 180.68637 -0.01625
target: -1.73322 -0.02475
target: -1.73322 -0.02475
fb: -1.38486 -0.01651 -0.98219 -0.95543
fb: -1.39060 -0.01505 -0.97932 -0.95256
dist/lin/ang/drive_left/drive_right/tv_l/tv_r/av_l/av_r/x/y/theta/t_err: -0.85152 -1.73933 -0.14712 -1.37555 -1.40565 -0.68769 -0.71628 -0.68769 -0.71628 33.52406 -0.15942 180.53021 -0.01401
target: -1.73933 -0.01924
target: -1.73933 -0.01924
fb: -1.50291 -0.01289 -0.92834 -0.91087
fb: -1.57286 -0.01345 -0.89336 -0.87589
dist/lin/ang/drive_left/drive_right/tv_l/tv_r/av_l/av_r/x/y/theta/t_err: -0.82147 -1.74358 -0.14184 -1.55941 -1.58631 -0.71628 -0.82953 -0.71628 -0.82953 32.34070 -0.16909 180.41420 -0.01246
target: -1.74358 -0.01855
target: -1.74358 -0.01855
fb: -1.59625 -0.01623 -0.85686 -0.88179
fb: -1.52056 -0.01414 -0.89470 -0.91963
dist/lin/ang/drive_left/drive_right/tv_l/tv_r/av_l/av_r/x/y/theta/t_err: -0.78954 -1.74740 -0.12558 -1.50642 -1.53471 -0.77444 -0.75836 -0.77444 -0.75836 31.08384 -0.17707 180.30752 -0.01106
target: -1.74740 -0.01643
target: -1.74740 -0.01643
fb: -1.55146 -0.01129 -0.88893 -0.89808
fb: -1.61148 -0.00955 -0.85892 -0.86807
dist/lin/ang/drive_left/drive_right/tv_l/tv_r/av_l/av_r/x/y/theta/t_err: -0.75851 -1.75216 -0.09204 -1.60193 -1.62102 -0.80764 -0.78214 -0.80764 -0.78214 29.86223 -0.18224 180.18506 -0.00933
target: -1.75216 -0.01204
target: -1.75216 -0.01204
fb: -1.48746 -0.00606 -0.94210 -0.92505
fb: -1.49541 -0.00537 -0.93813 -0.92107
dist/lin/ang/drive_left/drive_right/tv_l/tv_r/av_l/av_r/x/y/theta/t_err: -0.72877 -1.75507 -0.09357 -1.49004 -1.50077 -0.80047 -0.77050 -0.80047 -0.77050 28.69100 -0.18516 180.10440 -0.00828
target: -1.75507 -0.01224
target: -1.75507 -0.01224
fb: -1.52829 -0.00091 -0.89618 -0.92067
fb: -1.50887 0.00474 -0.90588 -0.93038
dist/lin/ang/drive_left/drive_right/tv_l/tv_r/av_l/av_r/x/y/theta/t_err: -0.69820 -1.75541 -0.11513 -1.51361 -1.50413 -0.77958 -0.84067 -0.77958 -0.84067 27.48763 -0.18697 180.07737 -0.00815
target: -1.75541 -0.01506
target: -1.75541 -0.01506
fb: -1.66002 0.00258 -0.80666 -0.85851
fb: -1.63487 -0.00425 -0.81924 -0.87109
dist/lin/ang/drive_left/drive_right/tv_l/tv_r/av_l/av_r/x/y/theta/t_err: -0.66500 -1.75342 -0.14684 -1.63061 -1.63912 -0.82336 -0.75203 -0.82336 -0.75203 26.18053 -0.18897 180.09508 -0.00888
target: -1.75342 -0.01921
target: -1.75342 -0.01921
fb: -1.61567 -0.00334 -0.80891 -0.87828
fb: -1.70084 -0.00286 -0.76632 -0.83569
dist/lin/ang/drive_left/drive_right/tv_l/tv_r/av_l/av_r/x/y/theta/t_err: -0.63269 -1.75381 -0.12303 -1.69799 -1.70370 -0.79600 -0.77253 -0.79600 -0.77253 24.90835 -0.19071 180.06170 -0.00873
target: -1.75381 -0.01609
target: -1.75381 -0.01609
fb: -1.63288 -0.00174 -0.84501 -0.84484
fb: -1.64060 -0.00132 -0.84115 -0.84098
dist/lin/ang/drive_left/drive_right/tv_l/tv_r/av_l/av_r/x/y/theta/t_err: -0.60003 -1.75351 -0.13100 -1.63928 -1.64193 -0.77222 -0.76553 -0.77222 -0.76553 23.62262 -0.19181 180.04150 -0.00884
target: -1.75351 -0.01714
target: -1.75351 -0.01714
fb: -1.61545 0.00000 -0.83124 -0.86988
fb: -1.53800 -0.00111 -0.86996 -0.90860
dist/lin/ang/drive_left/drive_right/tv_l/tv_r/av_l/av_r/x/y/theta/t_err: -0.56773 -1.75209 -0.14859 -1.53688 -1.53911 -0.80936 -0.80675 -0.80936 -0.80675 22.35061 -0.19273 180.04218 -0.00936
target: -1.75209 -0.01944
target: -1.75209 -0.01944
fb: -1.67767 -0.00056 -0.78718 -0.84022
fb: -1.72997 0.00000 -0.76103 -0.81407
dist/lin/ang/drive_left/drive_right/tv_l/tv_r/av_l/av_r/x/y/theta/t_err: -0.53417 -1.70156 -0.15007 -1.72997 -1.72997 -0.80247 -0.78811 -0.80247 -0.78811 21.02961 -0.19355 180.02977 -0.00972
target: -1.70156 -0.01963
target: -1.70156 -0.01963
fb: -1.61743 0.00000 -0.58415 -0.61846
fb: -1.73769 0.00000 -0.52403 -0.55833
dist/lin/ang/drive_left/drive_right/tv_l/tv_r/av_l/av_r/x/y/theta/t_err: -0.50183 -1.64747 -0.16795 -1.73769 -1.73769 -0.75081 -0.73800 -0.75081 -0.73800 19.75604 -0.19424 180.03287 -0.01041
target: -1.64747 -0.02197
target: -1.64747 -0.02197
fb: -1.71629 -0.00105 -0.46001 -0.51670
fb: -1.63288 -0.00146 -0.50171 -0.55840
dist/lin/ang/drive_left/drive_right/tv_l/tv_r/av_l/av_r/x/y/theta/t_err: -0.46750 -1.58848 -0.17698 -1.63142 -1.63434 -0.60094 -0.60622 -0.60094 -0.60622 18.40463 -0.19496 180.02716 -0.01107
target: -1.58848 -0.02315
target: -1.58848 -0.02315
fb: -1.64855 0.00000 -0.42496 -0.47278
fb: -1.62516 0.00209 -0.43666 -0.48448
dist/lin/ang/drive_left/drive_right/tv_l/tv_r/av_l/av_r/x/y/theta/t_err: -0.43454 -1.52939 -0.19412 -1.62725 -1.62307 -0.50906 -0.54225 -0.50906 -0.54225 17.10657 -0.19557 180.02788 -0.01192
target: -1.52939 -0.02539
target: -1.52939 -0.02539
fb: -1.67767 0.00244 -0.34993 -0.41024
fb: -1.60794 0.00000 -0.38480 -0.44511
dist/lin/ang/drive_left/drive_right/tv_l/tv_r/av_l/av_r/x/y/theta/t_err: -0.40098 -1.46646 -0.21914 -1.60794 -1.60794 -0.47500 -0.52700 -0.47500 -0.52700 15.78556 -0.19631 180.03757 -0.01309
target: -1.46646 -0.02867
target: -1.46646 -0.02867
fb: -1.45635 -0.00125 -0.38102 -0.45496
fb: -1.53402 -0.00794 -0.34219 -0.41612
dist/lin/ang/drive_left/drive_right/tv_l/tv_r/av_l/av_r/x/y/theta/t_err: -0.37186 -1.40969 -0.23443 -1.52608 -1.54197 -0.47517 -0.50989 -0.47517 -0.50989 14.63883 -0.19715 180.04317 -0.01422
target: -1.40969 -0.03067
target: -1.40969 -0.03067
fb: -1.47400 -0.01198 -0.34955 -0.41467
fb: -1.45834 -0.00941 -0.35738 -0.42250
dist/lin/ang/drive_left/drive_right/tv_l/tv_r/av_l/av_r/x/y/theta/t_err: -0.34238 -1.35300 -0.20009 -1.44893 -1.46774 -0.45139 -0.49656 -0.45139 -0.49656 13.47820 -0.19738 179.96694 -0.01407
target: -1.35300 -0.02617
target: -1.35300 -0.02617
fb: -1.49717 -0.01338 -0.31882 -0.31943
fb: -1.39435 -0.02014 -0.37023 -0.37085
dist/lin/ang/drive_left/drive_right/tv_l/tv_r/av_l/av_r/x/y/theta/t_err: -0.31244 -1.29324 -0.18929 -1.37421 -1.41448 -0.43597 -0.46147 -0.43597 -0.46147 12.29932 -0.19584 179.87243 -0.01369
target: -1.29324 -0.02476
target: -1.29324 -0.02476
fb: -1.47400 -0.02251 -0.25082 -0.27721
fb: -1.40030 -0.01993 -0.28767 -0.31406
dist/lin/ang/drive_left/drive_right/tv_l/tv_r/av_l/av_r/x/y/theta/t_err: -0.28296 -1.23400 -0.13185 -1.38038 -1.42023 -0.43514 -0.43531 -0.43514 -0.43531 11.13870 -0.19161 179.70237 -0.01201
target: -1.23400 -0.01725
target: -1.23400 -0.01725
fb: -1.26835 -0.01812 -0.33422 -0.29558
fb: -1.26063 -0.01366 -0.33808 -0.29944
dist/lin/ang/drive_left/drive_right/tv_l/tv_r/av_l/av_r/x/y/theta/t_err: -0.25760 -1.18109 -0.09514 -1.24697 -1.27428 -0.37864 -0.40228 -0.37864 -0.40228 10.14002 -0.18485 179.52900 -0.01001
target: -1.18109 -0.01245
target: -1.18109 -0.01245
fb: -1.23724 -0.01240 -0.31795 -0.29725
fb: -1.16949 -0.01143 -0.35182 -0.33112
dist/lin/ang/drive_left/drive_right/tv_l/tv_r/av_l/av_r/x/y/theta/t_err: -0.23286 -1.12473 -0.10501 -1.15807 -1.18092 -0.36514 -0.36119 -0.36514 -0.36119 9.16586 -0.17588 179.41591 -0.00899
target: -1.12473 -0.01374
target: -1.12473 -0.01374
fb: -1.12691 -0.00955 -0.27965 -0.31546
fb: -1.14412 -0.00690 -0.27105 -0.30685
dist/lin/ang/drive_left/drive_right/tv_l/tv_r/av_l/av_r/x/y/theta/t_err: -0.21032 -1.07012 -0.10194 -1.13722 -1.15102 -0.35556 -0.35161 -0.35556 -0.35161 8.27858 -0.16611 179.32446 -0.00827
target: -1.07012 -0.01333
target: -1.07012 -0.01333
fb: -1.16155 -0.00530 -0.22751 -0.24751
fb: -1.04924 -0.00606 -0.28367 -0.30367
dist/lin/ang/drive_left/drive_right/tv_l/tv_r/av_l/av_r/x/y/theta/t_err: -0.18709 -1.00931 -0.11941 -1.04317 -1.05530 -0.31417 -0.32989 -0.31417 -0.32989 7.36404 -0.15486 179.26847 -0.00826
target: -1.00931 -0.01562
target: -1.00931 -0.01562
fb: -1.03578 -0.00871 -0.19658 -0.24378
fb: -1.01239 -0.00815 -0.20827 -0.25547
dist/lin/ang/drive_left/drive_right/tv_l/tv_r/av_l/av_r/x/y/theta/t_err: -0.16637 -0.96421 -0.11750 -1.00423 -1.02054 -0.28761 -0.30578 -0.28761 -0.30578 6.54855 -0.14405 179.20972 -0.00820
target: -0.96421 -0.01537
target: -0.96421 -0.01537
fb: -0.90360 -0.00690 -0.29595 -0.31995
fb: -0.92699 -0.00599 -0.28426 -0.30826
dist/lin/ang/drive_left/drive_right/tv_l/tv_r/av_l/av_r/x/y/theta/t_err: -0.14830 -0.91032 -0.07428 -0.92100 -0.93298 -0.25342 -0.28372 -0.25342 -0.28372 5.83712 -0.13383 179.14497 -0.00707
target: -0.91032 -0.00972
target: -0.91032 -0.00972
fb: -0.92125 -0.00836 -0.23103 -0.19879
fb: -0.88065 -0.00906 -0.25133 -0.21909
dist/lin/ang/drive_left/drive_right/tv_l/tv_r/av_l/av_r/x/y/theta/t_err: -0.12987 -0.85190 -0.06235 -0.87159 -0.88971 -0.27650 -0.28386 -0.27650 -0.28386 5.11181 -0.12266 179.08668 -0.00605
target: -0.85190 -0.00816
target: -0.85190 -0.00816
fb: -0.80872 -0.00941 -0.19856 -0.20102
fb: -0.80077 -0.00592 -0.20253 -0.20499
dist/lin/ang/drive_left/drive_right/tv_l/tv_r/av_l/av_r/x/y/theta/t_err: -0.11370 -0.79709 -0.03464 -0.79485 -0.80670 -0.25069 -0.23989 -0.25069 -0.23989 4.47512 -0.11211 179.00960 -0.00471
target: -0.79709 -0.00453
target: -0.79709 -0.00453
fb: -0.79327 0.00000 -0.18254 -0.16152
fb: -0.71957 0.00216 -0.21939 -0.19837
dist/lin/ang/drive_left/drive_right/tv_l/tv_r/av_l/av_r/x/y/theta/t_err: -0.09784 -0.73939 -0.04469 -0.72173 -0.71741 -0.22178 -0.21850 -0.22178 -0.21850 3.85059 -0.10107 178.97539 -0.00411
target: -0.73939 -0.00585
target: -0.73939 -0.00585
fb: -0.75819 0.00000 -0.11285 -0.13799
fb: -0.74671 0.00125 -0.11858 -0.14372
dist/lin/ang/drive_left/drive_right/tv_l/tv_r/av_l/av_r/x/y/theta/t_err: -0.08267 -0.67968 -0.06907 -0.74797 -0.74546 -0.19969 -0.19456 -0.19969 -0.19456 3.25369 -0.09048 178.98909 -0.00435
target: -0.67968 -0.00903
target: -0.67968 -0.00903
fb: -0.64013 0.00467 -0.09885 -0.14509
fb: -0.59931 0.00467 -0.11926 -0.16550
dist/lin/ang/drive_left/drive_right/tv_l/tv_r/av_l/av_r/x/y/theta/t_err: -0.06987 -0.62484 -0.08015 -0.60398 -0.59464 -0.13808 -0.15967 -0.13808 -0.15967 2.74972 -0.08166 179.01385 -0.00478
target: -0.62484 -0.01048
target: -0.62484 -0.01048
fb: -0.58960 0.00000 -0.10049 -0.13298
fb: -0.51789 -0.00662 -0.13635 -0.16884
dist/lin/ang/drive_left/drive_right/tv_l/tv_r/av_l/av_r/x/y/theta/t_err: -0.05808 -0.56967 -0.08990 -0.51127 -0.52451 -0.12339 -0.16753 -0.12339 -0.16753 2.28554 -0.07382 179.04366 -0.00530
target: -0.56967 -0.01176
target: -0.56967 -0.01176
fb: -0.51392 -0.01129 -0.08672 -0.11930
fb: -0.55077 -0.01373 -0.06830 -0.10087
dist/lin/ang/drive_left/drive_right/tv_l/tv_r/av_l/av_r/x/y/theta/t_err: -0.04780 -0.51682 -0.03222 -0.53704 -0.56449 -0.12886 -0.15792 -0.12886 -0.15792 1.88094 -0.06687 178.97885 -0.00417
target: -0.51682 -0.00421
target: -0.51682 -0.00421
fb: -0.49648 -0.01526 -0.10126 0.08352
fb: -0.45368 -0.01505 -0.12267 -0.06571
dist/lin/ang/drive_left/drive_right/tv_l/tv_r/av_l/av_r/x/y/theta/t_err: -0.03787 -0.46002 0.02372 -0.43863 -0.46873 -0.10267 -0.07700 -0.10267 -0.07700 1.49008 -0.05951 178.85670 -0.00204
target: -0.46002 0.00310
target: -0.46002 0.00310
fb: -0.41506 -0.01303 -0.15313 -0.08801
fb: -0.35107 -0.00244 -0.18513 -0.12001
dist/lin/ang/drive_left/drive_right/tv_l/tv_r/av_l/av_r/x/y/theta/t_err: -0.02957 -0.40650 0.05667 -0.34863 -0.35351 -0.13331 -0.06811 -0.13331 -0.06811 1.16333 -0.05264 178.73158 0.00014
target: -0.40650 0.00741
target: -0.40650 0.00741
fb: -0.34511 0.00934 -0.13744 -0.09361
fb: -0.33937 0.01400 -0.14031 -0.09648
dist/lin/ang/drive_left/drive_right/tv_l/tv_r/av_l/av_r/x/y/theta/t_err: -0.02267 -0.35591 -0.00203 -0.35338 -0.32537 -0.16186 -0.11414 -0.16186 -0.11414 0.89166 -0.04658 178.73755 0.00004
target: -0.35591 -0.00027
target: -0.35591 -0.00027
fb: -0.32967 0.01289 -0.04792 -0.12228
fb: -0.31422 0.01017 -0.05564 -0.13000
dist/lin/ang/drive_left/drive_right/tv_l/tv_r/av_l/av_r/x/y/theta/t_err: -0.01607 -0.29970 -0.08101 -0.32439 -0.30405 -0.12389 -0.11019 -0.12389 -0.11019 0.63213 -0.04114 178.85589 -0.00203
target: -0.29970 -0.01060
target: -0.29970 -0.01060
fb: -0.31996 0.00955 0.10427 -0.08585
fb: -0.33540 0.01038 0.11199 -0.07813
dist/lin/ang/drive_left/drive_right/tv_l/tv_r/av_l/av_r/x/y/theta/t_err: -0.00967 -0.23250 -0.09182 -0.34578 -0.32502 -0.03303 -0.11858 -0.03303 -0.11858 0.38025 -0.03632 178.94646 -0.00361
target: -0.23250 -0.01201
target: -0.23250 -0.01201
fb: -0.29105 0.00627 0.13108 0.10716
fb: -0.25023 -0.01094 0.11067 0.08675
dist/lin/ang/drive_left/drive_right/tv_l/tv_r/av_l/av_r/x/y/theta/t_err: -0.00385 -0.00096 -0.10829 -0.23929 -0.26117 0.09239 -0.04447 0.09239 -0.04447 0.15111 -0.03227 179.02768 -0.00502
target: -0.00096 -0.01417
target: -0.00096 -0.01417
fb: -0.20941 -0.02982 0.62515 0.59166
fb: -0.15512 -0.03609 0.52093 0.48744
dist/lin/ang/drive_left/drive_right/tv_l/tv_r/av_l/av_r/x/y/theta/t_err: 0.00033 0.00008 0.02178 -0.11903 -0.19122 0.13006 0.14306 0.13006 0.14306 -0.01375 -0.02935 178.89041 -0.00263
target: 0.00008 0.00285
target: 0.00008 0.00285
fb: -0.09687 -0.03219 -0.11538 0.12452
fb: -0.04855 -0.02592 -0.11538 0.12452
dist/lin/ang/drive_left/drive_right/tv_l/tv_r/av_l/av_r/x/y/theta/t_err: 0.00227 0.00057 0.16916 -0.02263 -0.07446 0.18514 0.27106 0.18514 0.27106 -0.09001 -0.02769 178.58975 0.00262
target: 0.00057 0.02213
target: 0.00057 0.02213
fb: -0.01169 -0.01770 -0.13943 0.14667
fb: 0.00000 -0.00369 -0.13943 0.14667
start is 0.00000 0.00000
dist/lin/ang/drive_left/drive_right/tv_l/tv_r/av_l/av_r/x/y/theta/t_err: 1.21920 0.08636 0.00000 0.00000 0.00000 0.00000 0.00033 0.00000 0.00033 0.00000 0.00000 -0.00002 0.00000
target: 0.08636 0.00000
target: 0.08636 0.00000
fb: 0.00000 0.00000 0.24369 0.24859
fb: 0.00000 0.00000 0.24369 0.24859
dist/lin/ang/drive_left/drive_right/tv_l/tv_r/av_l/av_r/x/y/theta/t_err: 1.21920 0.17272 -0.00003 0.00000 0.00000 0.05358 0.02706 0.05358 0.02706 0.00000 0.00000 0.00004 -0.00000
target: 0.17272 -0.00000
target: 0.17272 -0.00000
fb: 0.00000 0.00000 0.27568 0.28052
fb: 0.00000 0.00063 0.27568 0.28052
dist/lin/ang/drive_left/drive_right/tv_l/tv_r/av_l/av_r/x/y/theta/t_err: 1.21920 0.25908 -0.00047 -0.00063 0.00063 0.22175 0.21150 0.22175 0.21150 0.00000 0.00000 0.00071 -0.00001
target: 0.25908 -0.00006
target: 0.25908 -0.00006
fb: 0.00000 0.01129 0.43744 0.44174
fb: 0.02317 0.01568 0.42586 0.43015
dist/lin/ang/drive_left/drive_right/tv_l/tv_r/av_l/av_r/x/y/theta/t_err: 1.21920 0.34544 -0.02766 0.00749 0.03885 0.28608 0.26897 0.28608 0.26897 0.00000 0.00000 0.04057 -0.00071
target: 0.34544 -0.00362
target: 0.34544 -0.00362
fb: 0.09113 0.00941 0.48514 0.45318
fb: 0.16483 0.00056 0.44829 0.41633
dist/lin/ang/drive_left/drive_right/tv_l/tv_r/av_l/av_r/x/y/theta/t_err: 1.21738 0.43180 -0.08925 0.16428 0.16539 0.38514 0.37933 0.38514 0.37933 0.07176 0.00015 0.15497 -0.00271
target: 0.43180 -0.01168
target: 0.43180 -0.01168
fb: 0.20742 -0.00467 0.52778 0.44451
fb: 0.22904 -0.00550 0.51697 0.43370
dist/lin/ang/drive_left/drive_right/tv_l/tv_r/av_l/av_r/x/y/theta/t_err: 1.21323 0.51816 -0.03993 0.23455 0.22354 0.42178 0.39389 0.42178 0.39389 0.23508 0.00061 0.15537 -0.00272
target: 0.51816 -0.00522
target: 0.51816 -0.00522
fb: 0.26567 -0.00425 0.71810 0.77448
fb: 0.31996 -0.00474 0.69096 0.74734
dist/lin/ang/drive_left/drive_right/tv_l/tv_r/av_l/av_r/x/y/theta/t_err: 1.20792 0.60452 -0.01063 0.32469 0.31522 0.45394 0.41783 0.45394 0.41783 0.44427 0.00109 0.11291 -0.00199
target: 0.60452 -0.00139
target: 0.60452 -0.00139
fb: 0.33761 -0.00648 0.77003 0.80802
fb: 0.38395 -0.00787 0.74686 0.78485
dist/lin/ang/drive_left/drive_right/tv_l/tv_r/av_l/av_r/x/y/theta/t_err: 1.20116 0.69088 0.00080 0.39182 0.37607 0.45033 0.39047 0.45033 0.39047 0.71010 0.00152 0.06929 -0.00124
target: 0.69088 0.00010
target: 0.69088 0.00010
fb: 0.42477 -0.00829 0.81463 0.83367
fb: 0.44992 -0.00920 0.80205 0.82109
dist/lin/ang/drive_left/drive_right/tv_l/tv_r/av_l/av_r/x/y/theta/t_err: 1.19267 0.77724 0.03104 0.45912 0.44073 0.46131 0.48972 0.46131 0.48972 1.04457 0.00173 -0.00212 0.00000
target: 0.77724 0.00406
target: 0.77724 0.00406
fb: 0.51965 -0.00871 0.83213 0.87869
fb: 0.55077 -0.00725 0.81657 0.86313
dist/lin/ang/drive_left/drive_right/tv_l/tv_r/av_l/av_r/x/y/theta/t_err: 1.18227 0.86360 0.05229 0.55801 0.54352 0.50117 0.55967 0.50117 0.55967 1.45374 0.00143 -0.07762 0.00132
target: 0.86360 0.00684
target: 0.86360 0.00684
fb: 0.58563 -0.00620 0.88124 0.92101
fb: 0.64962 -0.00543 0.84924 0.88901
dist/lin/ang/drive_left/drive_right/tv_l/tv_r/av_l/av_r/x/y/theta/t_err: 1.17056 0.94996 0.06147 0.65506 0.64419 0.45464 0.43597 0.45464 0.43597 1.91487 0.00054 -0.13785 0.00239
target: 0.94996 0.00804
target: 0.94996 0.00804
fb: 0.63417 -0.00376 0.94194 0.96917
fb: 0.63241 -0.00564 0.94282 0.97005
dist/lin/ang/drive_left/drive_right/tv_l/tv_r/av_l/av_r/x/y/theta/t_err: 1.15788 1.03632 0.06187 0.63805 0.62677 0.58142 0.52975 0.58142 0.52975 2.41422 -0.00083 -0.17552 0.00308
target: 1.03632 0.00809
target: 1.03632 0.00809
fb: 0.67301 -0.00613 1.00000 1.00000
fb: 0.69618 -0.00739 0.99474 1.00000
dist/lin/ang/drive_left/drive_right/tv_l/tv_r/av_l/av_r/x/y/theta/t_err: 1.14442 1.12268 0.07943 0.70357 0.68879 0.62353 0.50600 0.62353 0.50600 2.94414 -0.00266 -0.22358 0.00396
target: 1.12268 0.01039
target: 1.12268 0.01039
fb: 0.79526 -0.01150 1.00000 1.00000
fb: 0.83012 -0.01282 0.99479 1.00000
dist/lin/ang/drive_left/drive_right/tv_l/tv_r/av_l/av_r/x/y/theta/t_err: 1.12851 1.20904 0.10803 0.84294 0.81730 0.50717 0.53503 0.50717 0.53503 3.57032 -0.00545 -0.29332 0.00524
target: 1.20904 0.01413
target: 1.20904 0.01413
fb: 0.77187 -0.01282 1.00000 1.00000
fb: 0.84159 -0.00850 1.00000 1.00000
dist/lin/ang/drive_left/drive_right/tv_l/tv_r/av_l/av_r/x/y/theta/t_err: 1.11308 1.29540 0.15931 0.85010 0.83309 0.48833 0.77222 0.48833 0.77222 4.17808 -0.00918 -0.40917 0.00735
target: 1.29540 0.02084
target: 1.29540 0.02084
fb: 0.88440 0.00209 1.00000 1.00000
fb: 0.90581 0.00927 1.00000 1.00000
dist/lin/ang/drive_left/drive_right/tv_l/tv_r/av_l/av_r/x/y/theta/t_err: 1.09539 1.38176 0.14206 0.89654 0.91507 0.54481 0.85039 0.54481 0.85039 4.87444 -0.01453 -0.45331 0.00825
target: 1.38176 0.01858
target: 1.38176 0.01858
fb: 1.00069 0.02237 1.00000 1.00000
fb: 0.97355 0.03623 1.00000 1.00000
dist/lin/ang/drive_left/drive_right/tv_l/tv_r/av_l/av_r/x/y/theta/t_err: 1.07538 1.46812 0.04219 0.93732 1.00978 0.71711 0.85758 0.71711 0.85758 5.66237 -0.02007 -0.33317 0.00629
target: 1.46812 0.00552
target: 1.46812 0.00552
fb: 0.99672 0.05156 1.00000 1.00000
fb: 1.02386 0.05351 1.00000 1.00000
dist/lin/ang/drive_left/drive_right/tv_l/tv_r/av_l/av_r/x/y/theta/t_err: 1.05544 1.55448 -0.15652 0.97035 1.07737 0.85675 0.86528 0.85675 0.86528 6.44718 -0.02227 0.02968 0.00002
target: 1.55448 -0.02047
target: 1.55448 -0.02047
fb: 1.05321 0.04689 1.00000 1.00000
fb: 1.14434 0.03978 1.00000 1.00000
dist/lin/ang/drive_left/drive_right/tv_l/tv_r/av_l/av_r/x/y/theta/t_err: 1.03438 1.64084 -0.30925 1.10455 1.18412 0.86856 0.86889 0.86856 0.86889 7.27647 -0.01846 0.47390 -0.00782
target: 1.64084 -0.04045
target: 1.64084 -0.04045
fb: 1.15780 0.03567 1.00000 1.00000
fb: 1.21407 0.03365 1.00000 1.00000
dist/lin/ang/drive_left/drive_right/tv_l/tv_r/av_l/av_r/x/y/theta/t_err: 1.01122 1.72720 -0.35935 1.18041 1.24772 0.87217 0.86583 0.87217 0.86583 8.18806 -0.00808 0.81638 -0.01405
target: 1.72720 -0.04701
target: 1.72720 -0.04701
fb: 1.15780 0.03268 1.00000 1.00000
fb: 1.23724 0.02585 1.00000 1.00000
dist/lin/ang/drive_left/drive_right/tv_l/tv_r/av_l/av_r/x/y/theta/t_err: 0.98807 1.72413 -0.42260 1.21139 1.26309 0.88342 0.88106 0.88342 0.88106 9.09958 0.00715 1.11180 -0.01959
target: 1.72413 -0.05528
target: 1.72413 -0.05528
fb: 1.40604 0.01874 0.98857 0.84629
fb: 1.32660 0.01630 1.00000 0.88601
dist/lin/ang/drive_left/drive_right/tv_l/tv_r/av_l/av_r/x/y/theta/t_err: 0.95996 1.71266 -0.45140 1.31030 1.34291 0.81444 0.77819 0.81444 0.77819 10.20645 0.03076 1.31846 -0.02383
target: 1.71266 -0.05905
target: 1.71266 -0.05905
fb: 1.36345 0.01380 0.94804 0.84128
fb: 1.45657 0.01024 0.90148 0.79472
dist/lin/ang/drive_left/drive_right/tv_l/tv_r/av_l/av_r/x/y/theta/t_err: 0.93270 1.70383 -0.47495 1.44633 1.46681 0.72056 0.73047 0.72056 0.73047 11.27972 0.05692 1.46409 -0.02710
target: 1.70383 -0.06213
target: 1.70383 -0.06213
fb: 1.39633 0.00794 0.93310 0.82837
fb: 1.41376 0.00725 0.92438 0.81965
dist/lin/ang/drive_left/drive_right/tv_l/tv_r/av_l/av_r/x/y/theta/t_err: 0.90478 1.69735 -0.48841 1.40652 1.42101 0.73319 0.73403 0.73319 0.73403 12.37881 0.08592 1.55311 -0.02952
target: 1.69735 -0.06389
target: 1.69735 -0.06389
fb: 1.48349 0.00411 0.88824 0.79303
fb: 1.43517 0.00467 0.91241 0.81719
dist/lin/ang/drive_left/drive_right/tv_l/tv_r/av_l/av_r/x/y/theta/t_err: 0.87512 1.69248 -0.49982 1.43050 1.43984 0.73783 0.73886 0.73783 0.73886 13.54647 0.11813 1.59899 -0.03134
target: 1.69248 -0.06538
target: 1.69248 -0.06538
fb: 1.48173 0.00620 0.89096 0.79616
fb: 1.47776 0.00502 0.89294 0.79815
dist/lin/ang/drive_left/drive_right/tv_l/tv_r/av_l/av_r/x/y/theta/t_err: 0.84551 1.68733 -0.53065 1.47274 1.48277 0.74417 0.74928 0.74417 0.74928 14.71272 0.15112 1.64595 -0.03327
target: 1.68733 -0.06941
target: 1.68733 -0.06941
fb: 1.46827 0.00321 0.90597 0.78290
fb: 1.57860 0.00209 0.85080 0.72773
dist/lin/ang/drive_left/drive_right/tv_l/tv_r/av_l/av_r/x/y/theta/t_err: 0.81616 1.68190 -0.56279 1.57651 1.58069 0.76983 0.76194 0.76983 0.76194 15.86834 0.18487 1.69307 -0.03530
target: 1.68190 -0.07362
target: 1.68190 -0.07362
fb: 1.50291 -0.00251 0.88623 0.75598
fb: 1.50512 -0.00446 0.88513 0.75488
dist/lin/ang/drive_left/drive_right/tv_l/tv_r/av_l/av_r/x/y/theta/t_err: 0.78612 1.67791 -0.57125 1.50958 1.50066 0.77358 0.73544 0.77358 0.73544 17.05121 0.22001 1.70150 -0.03681
target: 1.67791 -0.07472
target: 1.67791 -0.07472
fb: 1.47400 -0.00620 0.88957 0.78570
fb: 1.51836 -0.01136 0.86739 0.76353
dist/lin/ang/drive_left/drive_right/tv_l/tv_r/av_l/av_r/x/y/theta/t_err: 0.75666 1.67626 -0.55828 1.52971 1.50700 0.85483 0.74225 0.85483 0.74225 18.21135 0.25407 1.65582 -0.03743
target: 1.67626 -0.07303
target: 1.67626 -0.07303
fb: 1.60971 -0.01895 0.81582 0.73945
fb: 1.62538 -0.02251 0.80799 0.73162
dist/lin/ang/drive_left/drive_right/tv_l/tv_r/av_l/av_r/x/y/theta/t_err: 0.72449 1.67730 -0.52720 1.64788 1.60287 0.77631 0.74447 0.77631 0.74447 19.47834 0.28961 1.54023 -0.03704
target: 1.67730 -0.06896
target: 1.67730 -0.06896
fb: 1.65428 -0.02292 0.79187 0.74228
fb: 1.60375 -0.02383 0.81713 0.76755
dist/lin/ang/drive_left/drive_right/tv_l/tv_r/av_l/av_r/x/y/theta/t_err: 0.69142 1.68161 -0.47292 1.62758 1.57992 0.78161 0.72808 0.78161 0.72808 20.78050 0.32255 1.35010 -0.03541
target: 1.68161 -0.06186
target: 1.68161 -0.06186
fb: 1.57087 -0.02536 0.83216 0.81940
fb: 1.56514 -0.02843 0.83503 0.82227
dist/lin/ang/drive_left/drive_right/tv_l/tv_r/av_l/av_r/x/y/theta/t_err: 0.66002 1.68709 -0.43214 1.59356 1.53671 0.79189 0.75342 0.79189 0.75342 22.01712 0.34950 1.14038 -0.03335
target: 1.68709 -0.05653
target: 1.68709 -0.05653
fb: 1.69113 -0.03115 0.78610 0.76459
fb: 1.68915 -0.02836 0.78709 0.76558
dist/lin/ang/drive_left/drive_right/tv_l/tv_r/av_l/av_r/x/y/theta/t_err: 0.62622 1.69441 -0.37549 1.71751 1.66079 0.79839 0.77869 0.79839 0.77869 23.34851 0.37307 0.88714 -0.03062
target: 1.69441 -0.04912
target: 1.69441 -0.04912
fb: 1.66399 -0.02766 0.79933 0.80645
fb: 1.71827 -0.02808 0.77219 0.77931
dist/lin/ang/drive_left/drive_right/tv_l/tv_r/av_l/av_r/x/y/theta/t_err: 0.59295 1.70184 -0.33441 1.74635 1.69019 0.77719 0.75906 0.77719 0.75906 24.65862 0.39044 0.63698 -0.02784
target: 1.70184 -0.04374
target: 1.70184 -0.04374
fb: 1.66796 -0.02717 0.81016 0.80616
fb: 1.64656 -0.02543 0.82087 0.81686
dist/lin/ang/drive_left/drive_right/tv_l/tv_r/av_l/av_r/x/y/theta/t_err: 0.55961 1.70927 -0.29466 1.67199 1.62113 0.77514 0.76436 0.77514 0.76436 25.97193 0.40225 0.39097 -0.02508
target: 1.70927 -0.03854
target: 1.70927 -0.03854
fb: 1.66002 -0.02473 0.81819 0.81959
fb: 1.66399 -0.02446 0.81620 0.81761
dist/lin/ang/drive_left/drive_right/tv_l/tv_r/av_l/av_r/x/y/theta/t_err: 0.52642 1.71562 -0.27073 1.68845 1.63954 0.80114 0.78281 0.80114 0.78281 27.27901 0.40866 0.17241 -0.02273
target: 1.71562 -0.03541
target: 1.71562 -0.03541
fb: 1.72600 -0.02383 0.79390 0.78088
fb: 1.67966 -0.02188 0.81707 0.80405
dist/lin/ang/drive_left/drive_right/tv_l/tv_r/av_l/av_r/x/y/theta/t_err: 0.49190 1.72189 -0.23818 1.70154 1.65778 0.79922 0.78711 0.79922 0.78711 28.63807 0.41015 -0.04383 -0.02042
target: 1.72189 -0.03116
target: 1.72189 -0.03116
fb: 1.65825 -0.02111 0.82520 0.82803
fb: 1.77454 -0.01951 0.76706 0.76989
dist/lin/ang/drive_left/drive_right/tv_l/tv_r/av_l/av_r/x/y/theta/t_err: 0.45874 1.72727 -0.21774 1.79405 1.75503 0.80081 0.78711 0.80081 0.78711 29.94377 0.40689 -0.23476 -0.01843
target: 1.72727 -0.02848
target: 1.72727 -0.02848
fb: 1.72798 -0.01860 0.79704 0.78921
fb: 1.71232 -0.01902 0.80487 0.79704
dist/lin/ang/drive_left/drive_right/tv_l/tv_r/av_l/av_r/x/y/theta/t_err: 0.42419 1.69136 -0.20762 1.73134 1.69330 0.77667 0.76794 0.77667 0.76794 31.30437 0.39938 -0.40069 -0.01692
target: 1.69136 -0.02716
target: 1.69136 -0.02716
fb: 1.76881 -0.02181 0.58396 0.56572
fb: 1.71452 -0.02334 0.61110 0.59287
dist/lin/ang/drive_left/drive_right/tv_l/tv_r/av_l/av_r/x/y/theta/t_err: 0.38882 1.62356 -0.17957 1.73786 1.69118 0.77272 0.74108 0.77272 0.74108 32.69708 0.38757 -0.57665 -0.01526
target: 1.62356 -0.02349
target: 1.62356 -0.02349
fb: 1.65031 -0.02125 0.44084 0.44857
fb: 1.68540 -0.01867 0.42330 0.43103
dist/lin/ang/drive_left/drive_right/tv_l/tv_r/av_l/av_r/x/y/theta/t_err: 0.35582 1.55850 -0.13447 1.70407 1.66672 0.64097 0.61086 0.64097 0.61086 33.99645 0.37225 -0.77437 -0.01306
target: 1.55850 -0.01759
target: 1.55850 -0.01759
fb: 1.77851 -0.01770 0.31446 0.35012
fb: 1.75512 -0.01805 0.32616 0.36182
dist/lin/ang/drive_left/drive_right/tv_l/tv_r/av_l/av_r/x/y/theta/t_err: 0.32025 1.48232 -0.12556 1.77317 1.73708 0.54119 0.52531 0.54119 0.52531 35.39669 0.35125 -0.94064 -0.01144
target: 1.48232 -0.01642
target: 1.48232 -0.01642
fb: 1.70261 -0.02355 0.25903 0.25359
fb: 1.65803 -0.02752 0.28131 0.27587
dist/lin/ang/drive_left/drive_right/tv_l/tv_r/av_l/av_r/x/y/theta/t_err: 0.28620 1.40546 -0.09148 1.68556 1.63051 0.44214 0.45467 0.44214 0.45467 36.73711 0.32728 -1.11671 -0.00956
target: 1.40546 -0.01197
target: 1.40546 -0.01197
fb: 1.61942 -0.03024 0.21010 0.24021
fb: 1.52630 -0.02808 0.25666 0.28677
dist/lin/ang/drive_left/drive_right/tv_l/tv_r/av_l/av_r/x/y/theta/t_err: 0.25381 1.33093 0.00139 1.55438 1.49822 0.40397 0.40553 0.40397 0.40553 38.01195 0.29964 -1.37368 -0.00602
target: 1.33093 0.00018
target: 1.33093 0.00018
fb: 1.44885 -0.02230 0.19410 0.30963
fb: 1.43517 -0.01554 0.20094 0.31647
dist/lin/ang/drive_left/drive_right/tv_l/tv_r/av_l/av_r/x/y/theta/t_err: 0.22483 1.25987 0.05750 1.45071 1.41963 0.36325 0.37592 0.36325 0.37592 39.15238 0.26981 -1.61199 -0.00235
target: 1.25987 0.00752
target: 1.25987 0.00752
fb: 1.41376 -0.00892 0.17751 0.25954
fb: 1.39060 -0.01240 0.18909 0.27112
dist/lin/ang/drive_left/drive_right/tv_l/tv_r/av_l/av_r/x/y/theta/t_err: 0.19656 1.18143 0.03946 1.40300 1.37819 0.31619 0.37950 0.31619 0.37950 40.26510 0.23722 -1.72861 -0.00049
target: 1.18143 0.00516
target: 1.18143 0.00516
fb: 1.31094 -0.01359 0.17317 0.16468
fb: 1.26063 -0.01435 0.19832 0.18984
dist/lin/ang/drive_left/drive_right/tv_l/tv_r/av_l/av_r/x/y/theta/t_err: 0.17034 1.10066 0.06859 1.27498 1.24627 0.28319 0.34717 0.28319 0.34717 41.29684 0.20519 -1.83505 0.00143
target: 1.10066 0.00897
target: 1.10066 0.00897
fb: 1.23944 -0.01066 0.09569 0.14778
fb: 1.18494 -0.00711 0.12294 0.17504
dist/lin/ang/drive_left/drive_right/tv_l/tv_r/av_l/av_r/x/y/theta/t_err: 0.14555 1.01742 0.09931 1.19205 1.17783 0.24417 0.28764 0.24417 0.28764 42.27225 0.17292 -1.94908 0.00342
target: 1.01742 0.01299
target: 1.01742 0.01299
fb: 1.15581 0.00098 -0.06986 0.10746
fb: 1.08211 0.00251 0.08504 0.14431
dist/lin/ang/drive_left/drive_right/tv_l/tv_r/av_l/av_r/x/y/theta/t_err: 0.12243 0.93314 0.07637 1.07961 1.08462 0.14631 0.23183 0.14631 0.23183 43.18180 0.14153 -1.98798 0.00410
target: 0.93314 0.00999
target: 0.93314 0.00999
fb: 1.03754 -0.00237 0.05995 -0.07587
fb: 1.02783 -0.00174 0.06480 -0.07102
dist/lin/ang/drive_left/drive_right/tv_l/tv_r/av_l/av_r/x/y/theta/t_err: 0.10168 0.85039 0.05439 1.02957 1.02609 0.10267 0.14836 0.10267 0.14836 43.99827 0.11329 -1.98072 0.00397
target: 0.85039 0.00711
target: 0.85039 0.00711
fb: 0.93295 0.00634 -0.07366 -0.09421
fb: 0.84579 0.01547 0.08797 0.07720
dist/lin/ang/drive_left/drive_right/tv_l/tv_r/av_l/av_r/x/y/theta/t_err: 0.08302 0.76842 0.05086 0.83032 0.86126 0.04517 -0.03750 0.04517 -0.03750 44.73243 0.08787 -1.97101 0.00380
target: 0.76842 0.00665
target: 0.76842 0.00665
fb: 0.76591 0.01916 -0.07228 -0.07180
fb: 0.74274 0.01575 -0.06070 0.06762
dist/lin/ang/drive_left/drive_right/tv_l/tv_r/av_l/av_r/x/y/theta/t_err: 0.06771 0.69393 -0.04266 0.72699 0.75849 0.04978 0.01781 0.04978 0.01781 45.33518 0.06779 -1.82920 0.00132
target: 0.69393 -0.00558
target: 0.69393 -0.00558
fb: 0.70611 0.00794 0.09891 -0.14106
fb: 0.61079 0.00244 0.14657 -0.09340
dist/lin/ang/drive_left/drive_right/tv_l/tv_r/av_l/av_r/x/y/theta/t_err: 0.05359 0.61733 -0.06389 0.60835 0.61322 -0.02361 0.00753 -0.02361 0.00753 45.89090 0.05068 -1.70866 -0.00078
target: 0.61733 -0.00836
target: 0.61733 -0.00836
fb: 0.50222 0.00146 0.08199 -0.07665
fb: 0.42874 -0.00230 0.11873 0.08793
dist/lin/ang/drive_left/drive_right/tv_l/tv_r/av_l/av_r/x/y/theta/t_err: 0.04354 0.55648 -0.02835 0.43104 0.42644 0.13106 -0.07683 0.13106 -0.07683 46.28618 0.03898 -1.68393 -0.00121
target: 0.55648 -0.00371
target: 0.55648 -0.00371
fb: 0.40138 -0.01589 0.10338 0.14559
fb: 0.37998 -0.03400 0.11408 0.15630
dist/lin/ang/drive_left/drive_right/tv_l/tv_r/av_l/av_r/x/y/theta/t_err: 0.03551 0.50256 0.01948 0.41398 0.34597 0.11719 0.07083 0.11719 0.07083 46.60209 0.02962 -1.73764 -0.00027
target: 0.50256 0.00255
target: 0.50256 0.00255
fb: 0.36078 -0.04759 0.15819 0.22279
fb: 0.32591 -0.05093 0.17562 0.24023
dist/lin/ang/drive_left/drive_right/tv_l/tv_r/av_l/av_r/x/y/theta/t_err: 0.02830 0.44860 0.21824 0.37685 0.27498 0.12300 0.16050 0.12300 0.16050 46.88601 0.02031 -2.05995 0.00535
target: 0.44860 0.02855
target: 0.44860 0.02855
fb: 0.32194 -0.04675 -0.05378 0.30141
fb: 0.35482 -0.04153 -0.07022 0.28497
dist/lin/ang/drive_left/drive_right/tv_l/tv_r/av_l/av_r/x/y/theta/t_err: 0.02185 0.39422 0.37483 0.39635 0.31329 0.13928 0.22725 0.13928 0.22725 47.13931 0.01022 -2.49107 0.01288
target: 0.39422 0.04903
target: 0.39422 0.04903
fb: 0.36276 -0.03686 -0.11120 0.22179
fb: 0.33937 -0.01784 -0.09950 0.23349
dist/lin/ang/drive_left/drive_right/tv_l/tv_r/av_l/av_r/x/y/theta/t_err: 0.01459 0.32215 0.43002 0.35721 0.32154 -0.05439 0.26572 -0.05439 0.26572 47.42464 -0.00307 -2.84400 0.01904
target: 0.32215 0.05625
target: 0.32215 0.05625
fb: 0.29458 0.01010 -0.12037 0.10293
fb: 0.23478 0.03693 -0.09047 0.13283
dist/lin/ang/drive_left/drive_right/tv_l/tv_r/av_l/av_r/x/y/theta/t_err: 0.00870 0.24874 0.33757 0.19785 0.27171 -0.09258 0.22431 -0.09258 0.22431 47.65629 -0.01487 -2.93327 0.02059
target: 0.24874 0.04416
target: 0.24874 0.04416
fb: 0.21536 0.06013 -0.05229 -0.10686
fb: 0.19197 0.07386 -0.04060 -0.09516
dist/lin/ang/drive_left/drive_right/tv_l/tv_r/av_l/av_r/x/y/theta/t_err: 0.00440 0.00110 0.03967 0.11812 0.26583 -0.08042 0.13244 -0.08042 0.13244 47.82567 -0.02307 -2.55765 0.01404
target: 0.00110 0.00519
target: 0.00110 0.00519
fb: 0.16483 0.08960 -0.36201 -0.71067
fb: 0.16483 0.09922 -0.36201 -0.71067
dist/lin/ang/drive_left/drive_right/tv_l/tv_r/av_l/av_r/x/y/theta/t_err: 0.00111 0.00028 -0.26986 0.06561 0.26405 -0.11261 -0.06931 -0.11261 -0.06931 47.95536 -0.02813 -1.87094 0.00205
target: 0.00028 -0.03530
target: 0.00028 -0.03530
fb: 0.15314 0.10633 0.24334 -0.25131
fb: 0.11827 0.10598 0.24334 -0.25131
dist/lin/ang/drive_left/drive_right/tv_l/tv_r/av_l/av_r/x/y/theta/t_err: -0.00194 -0.00049 -0.57986 0.01230 0.22425 -0.18956 -0.48392 -0.18956 -0.48392 48.07590 -0.03119 -0.98665 -0.01338
target: -0.00049 -0.07585
target: -0.00049 -0.07585
fb: 0.07370 0.09692 0.27062 -0.27892
fb: 0.04082 0.07553 0.27062 -0.27892
dist/lin/ang/drive_left/drive_right/tv_l/tv_r/av_l/av_r/x/y/theta/t_err: -0.00340 -0.00085 -0.81793 -0.03471 0.11635 0.15894 -0.24672 0.15894 -0.24672 48.13393 -0.03180 -0.08164 -0.02918
target: -0.00085 -0.10699
target: -0.00085 -0.10699
fb: 0.01942 0.05344 0.24980 -0.25679
fb: 0.00375 0.02494 0.24980 -0.25679
final error: 0.15256, x: -0.14922, y: 0.03176
final local error: 0.15256, forwards: -0.14892, sideways: 0.03315
position: 48.14922 -0.03176 0.53267
took 1.28000 time to finish turn
dist/lin/ang/drive_left/drive_right/tv_l/tv_r/av_l/av_r/x/y/theta/t_err: -1.22338 -0.08636 0.46254 0.00000 0.00000 0.00000 0.00017 0.00000 0.00017 48.16451 -0.03166 178.13464 0.03190
target: -0.08636 0.06050
target: -0.08636 0.06050
fb: 0.00000 0.00000 -0.55651 0.15205
fb: 0.00000 0.00000 -0.55651 0.15205
dist/lin/ang/drive_left/drive_right/tv_l/tv_r/av_l/av_r/x/y/theta/t_err: -1.22338 -0.17272 0.46254 0.00000 0.00000 -0.02875 0.03303 -0.02875 0.03303 48.16451 -0.03166 178.13464 0.03190
target: -0.17272 0.06051
target: -0.17272 0.06051
fb: 0.00000 0.00000 -0.31619 -0.24000
fb: 0.00000 0.00188 -0.31619 -0.24000
dist/lin/ang/drive_left/drive_right/tv_l/tv_r/av_l/av_r/x/y/theta/t_err: -1.22338 -0.25908 0.46254 -0.00188 0.00188 -0.38722 0.07494 -0.38722 0.07494 48.16451 -0.03166 178.13464 0.03190
target: -0.25908 0.06050
target: -0.25908 0.06050
fb: 0.00000 0.02348 -0.47768 -0.40150
fb: 0.00000 0.04118 -0.47768 -0.40150
dist/lin/ang/drive_left/drive_right/tv_l/tv_r/av_l/av_r/x/y/theta/t_err: -1.22338 -0.34544 0.40709 -0.04118 0.04118 -0.35522 -0.22553 -0.35522 -0.22553 48.16451 -0.03166 178.21508 0.03050
target: -0.34544 0.05325
target: -0.34544 0.05325
fb: 0.00000 0.05783 -0.51531 -0.51413
fb: 0.00000 0.06313 -0.51531 -0.51413
dist/lin/ang/drive_left/drive_right/tv_l/tv_r/av_l/av_r/x/y/theta/t_err: -1.22338 -0.43180 0.17016 -0.06313 0.06313 -0.42844 -0.37661 -0.42844 -0.37661 48.16451 -0.03166 178.60966 0.02361
target: -0.43180 0.02226
target: -0.43180 0.02226
fb: -0.05803 0.05992 -0.43384 -0.68784
fb: -0.17057 0.05428 -0.37757 -0.63157
dist/lin/ang/drive_left/drive_right/tv_l/tv_r/av_l/av_r/x/y/theta/t_err: -1.22222 -0.51816 -0.02935 -0.22485 -0.11629 -0.42642 -0.44367 -0.42642 -0.44367 48.11882 -0.03087 179.14968 0.01420
target: -0.51816 -0.00384
target: -0.51816 -0.00384
fb: -0.25994 0.04327 -0.62650 -0.87182
fb: -0.31620 0.03135 -0.59836 -0.84369
dist/lin/ang/drive_left/drive_right/tv_l/tv_r/av_l/av_r/x/y/theta/t_err: -1.21702 -0.60452 -0.10057 -0.34756 -0.28485 -0.41853 -0.44250 -0.41853 -0.44250 47.91416 -0.02872 179.59662 0.00644
target: -0.60452 -0.01316
target: -0.60452 -0.01316
fb: -0.35879 0.02418 -0.72500 -0.83186
fb: -0.37049 0.02264 -0.71916 -0.82601
dist/lin/ang/drive_left/drive_right/tv_l/tv_r/av_l/av_r/x/y/theta/t_err: -1.20984 -0.69088 -0.08495 -0.39313 -0.34784 -0.49483 -0.47517 -0.49483 -0.47517 47.63165 -0.02744 179.85665 0.00193
target: -0.69088 -0.01111
target: -0.69088 -0.01111
fb: -0.41109 0.02146 -0.83001 -0.83196
fb: -0.49053 0.02216 -0.79029 -0.79224
dist/lin/ang/drive_left/drive_right/tv_l/tv_r/av_l/av_r/x/y/theta/t_err: -1.20162 -0.77724 -0.10537 -0.51268 -0.46837 -0.48183 -0.49811 -0.48183 -0.49811 47.30796 -0.02722 180.05004 -0.00145
target: -0.77724 -0.01378
target: -0.77724 -0.01378
fb: -0.47331 0.02160 -0.85457 -0.90259
fb: -0.48479 0.02062 -0.84883 -0.89685
dist/lin/ang/drive_left/drive_right/tv_l/tv_r/av_l/av_r/x/y/theta/t_err: -1.19216 -0.86360 -0.15510 -0.50541 -0.46416 -0.43156 -0.52017 -0.43156 -0.52017 46.93527 -0.02815 180.24316 -0.00484
target: -0.86360 -0.02029
target: -0.86360 -0.02029
fb: -0.55474 0.02041 -0.87091 -0.96223
fb: -0.57018 0.01644 -0.86318 -0.95451
dist/lin/ang/drive_left/drive_right/tv_l/tv_r/av_l/av_r/x/y/theta/t_err: -1.18106 -0.94996 -0.19736 -0.58663 -0.55374 -0.52000 -0.53933 -0.52000 -0.53933 46.49848 -0.03071 180.42408 -0.00806
target: -0.94996 -0.02582
target: -0.94996 -0.02582
fb: -0.55275 0.01143 -0.95127 -1.00000
fb: -0.64786 0.01038 -0.90372 -0.99371
dist/lin/ang/drive_left/drive_right/tv_l/tv_r/av_l/av_r/x/y/theta/t_err: -1.17001 -1.03632 -0.21293 -0.65824 -0.63747 -0.54328 -0.56483 -0.54328 -0.56483 46.06325 -0.03447 180.55833 -0.01049
target: -1.03632 -0.02785
target: -1.03632 -0.02785
fb: -0.74848 0.00516 -0.94642 -1.00000
fb: -0.73899 0.00425 -0.95116 -1.00000
dist/lin/ang/drive_left/drive_right/tv_l/tv_r/av_l/av_r/x/y/theta/t_err: -1.15504 -1.12268 -0.20899 -0.74324 -0.73474 -0.52344 -0.57406 -0.52344 -0.57406 45.47394 -0.04063 180.63246 -0.01193
target: -1.12268 -0.02734
target: -1.12268 -0.02734
fb: -0.76812 0.00446 -1.00000 -1.00000
fb: -0.78334 0.00453 -1.00000 -1.00000
dist/lin/ang/drive_left/drive_right/tv_l/tv_r/av_l/av_r/x/y/theta/t_err: -1.13968 -1.20904 -0.20601 -0.78787 -0.77881 -0.57050 -0.61872 -0.57050 -0.61872 44.86916 -0.04752 180.67084 -0.01277
target: -1.20904 -0.02695
target: -1.20904 -0.02695
fb: -0.80872 0.00327 -1.00000 -1.00000
fb: -0.88837 -0.00070 -1.00000 -1.00000
dist/lin/ang/drive_left/drive_right/tv_l/tv_r/av_l/av_r/x/y/theta/t_err: -1.12350 -1.29540 -0.21868 -0.88768 -0.88907 -0.71025 -0.79172 -0.71025 -0.79172 44.23242 -0.05520 180.70870 -0.01362
target: -1.29540 -0.02861
target: -1.29540 -0.02861
fb: -0.87271 0.00000 -1.00000 -1.00000
fb: -0.87072 0.00167 -1.00000 -1.00000
dist/lin/ang/drive_left/drive_right/tv_l/tv_r/av_l/av_r/x/y/theta/t_err: -1.10605 -1.38176 -0.21121 -0.87239 -0.86905 -0.82611 -0.83844 -0.82611 -0.83844 43.54530 -0.06374 180.71630 -0.01397
target: -1.38176 -0.02763
target: -1.38176 -0.02763
fb: -0.93074 0.00704 -1.00000 -1.00000
fb: -0.99694 0.01164 -1.00000 -1.00000
dist/lin/ang/drive_left/drive_right/tv_l/tv_r/av_l/av_r/x/y/theta/t_err: -1.08744 -1.46812 -0.23553 -1.00857 -0.98530 -0.86017 -0.86408 -0.86017 -0.86408 42.81249 -0.07306 180.75030 -0.01480
target: -1.46812 -0.03081
target: -1.46812 -0.03081
fb: -1.07638 0.01435 -1.00000 -1.00000
fb: -1.03158 0.01226 -1.00000 -1.00000
dist/lin/ang/drive_left/drive_right/tv_l/tv_r/av_l/av_r/x/y/theta/t_err: -1.06591 -1.55448 -0.29896 -1.04385 -1.01932 -0.86514 -0.86614 -0.86514 -0.86614 41.96504 -0.08488 180.85451 -0.01694
target: -1.55448 -0.03911
target: -1.55448 -0.03911
fb: -1.10175 0.01024 -1.00000 -1.00000
fb: -1.14037 0.01198 -1.00000 -1.00000
dist/lin/ang/drive_left/drive_right/tv_l/tv_r/av_l/av_r/x/y/theta/t_err: -1.04388 -1.64084 -0.33352 -1.15235 -1.12838 -0.87572 -0.87386 -0.87572 -0.87386 41.09763 -0.09871 180.96035 -0.01916
target: -1.64084 -0.04363
target: -1.64084 -0.04363
fb: -1.12669 0.01366 -1.00000 -1.00000
fb: -1.21804 0.01101 -1.00000 -1.00000
dist/lin/ang/drive_left/drive_right/tv_l/tv_r/av_l/av_r/x/y/theta/t_err: -1.02135 -1.71914 -0.36731 -1.22905 -1.20703 -0.88239 -0.88189 -0.88239 -0.88189 40.21061 -0.11440 181.06470 -0.02143
target: -1.71914 -0.04805
target: -1.71914 -0.04805
fb: -1.23349 0.00676 -1.00000 -1.00000
fb: -1.24893 0.00578 -1.00000 -1.00000
dist/lin/ang/drive_left/drive_right/tv_l/tv_r/av_l/av_r/x/y/theta/t_err: -0.99669 -1.71374 -0.38964 -1.25472 -1.24315 -0.88806 -0.88514 -0.88806 -0.88514 39.23954 -0.13322 181.14770 -0.02343
target: -1.71374 -0.05097
target: -1.71374 -0.05097
fb: -1.35551 0.00571 -0.87345 -0.97430
fb: -1.38287 0.00376 -0.85977 -0.96062
dist/lin/ang/drive_left/drive_right/tv_l/tv_r/av_l/av_r/x/y/theta/t_err: -0.96959 -1.70994 -0.39524 -1.38663 -1.37911 -0.85453 -0.80814 -0.85453 -0.80814 38.17244 -0.15502 181.19014 -0.02483
target: -1.70994 -0.05170
target: -1.70994 -0.05170
fb: -1.37515 0.00132 -0.87597 -0.95810
fb: -1.36323 0.00216 -0.88193 -0.96406
dist/lin/ang/drive_left/drive_right/tv_l/tv_r/av_l/av_r/x/y/theta/t_err: -0.94209 -1.70686 -0.40529 -1.36539 -1.36107 -0.75236 -0.74381 -0.75236 -0.74381 37.08988 -0.17777 181.21378 -0.02598
target: -1.70686 -0.05302
target: -1.70686 -0.05302
fb: -1.40030 0.00105 -0.85993 -0.94906
fb: -1.37316 0.00411 -0.87350 -0.96263
dist/lin/ang/drive_left/drive_right/tv_l/tv_r/av_l/av_r/x/y/theta/t_err: -0.91410 -1.70458 -0.41014 -1.37727 -1.36905 -0.76297 -0.74842 -0.76297 -0.74842 35.98753 -0.20119 181.21663 -0.02682
target: -1.70458 -0.05365
target: -1.70458 -0.05365
fb: -1.34580 0.00467 -0.89097 -0.97481
fb: -1.51085 0.00132 -0.80844 -0.89229
dist/lin/ang/drive_left/drive_right/tv_l/tv_r/av_l/av_r/x/y/theta/t_err: -0.88719 -1.70174 -0.43067 -1.51218 -1.50953 -0.76092 -0.74808 -0.76092 -0.74808 34.92808 -0.22382 181.23030 -0.02788
target: -1.70174 -0.05634
target: -1.70174 -0.05634
fb: -1.51858 0.00000 -0.78873 -0.89464
fb: -1.46805 0.00348 -0.81400 -0.91990
dist/lin/ang/drive_left/drive_right/tv_l/tv_r/av_l/av_r/x/y/theta/t_err: -0.85683 -1.69913 -0.44270 -1.47153 -1.46456 -0.74589 -0.80711 -0.74589 -0.80711 33.73263 -0.24951 181.22938 -0.02885
target: -1.69913 -0.05791
target: -1.69913 -0.05791
fb: -1.50115 0.00307 -0.79992 -0.89793
fb: -1.46430 -0.00146 -0.81835 -0.91636
dist/lin/ang/drive_left/drive_right/tv_l/tv_r/av_l/av_r/x/y/theta/t_err: -0.82682 -1.69480 -0.48215 -1.46283 -1.46576 -0.76761 -0.75681 -0.76761 -0.75681 32.55090 -0.27518 181.26133 -0.03047
target: -1.69480 -0.06307
target: -1.69480 -0.06307
fb: -1.51858 0.00000 -0.76080 -0.89801
fb: -1.60971 0.00139 -0.71524 -0.85245
dist/lin/ang/drive_left/drive_right/tv_l/tv_r/av_l/av_r/x/y/theta/t_err: -0.79647 -1.69151 -0.49049 -1.61110 -1.60832 -0.77325 -0.76844 -0.77325 -0.76844 31.35546 -0.30156 181.26532 -0.03170
target: -1.69151 -0.06416
target: -1.69151 -0.06416
fb: -1.54373 0.00000 -0.76692 -0.86896
fb: -1.53976 -0.00237 -0.76891 -0.87094
dist/lin/ang/drive_left/drive_right/tv_l/tv_r/av_l/av_r/x/y/theta/t_err: -0.76561 -1.68802 -0.51125 -1.53739 -1.54213 -0.72944 -0.76178 -0.72944 -0.76178 30.14022 -0.32843 181.26686 -0.03301
target: -1.68802 -0.06688
target: -1.68802 -0.06688
fb: -1.48173 -0.00474 -0.78486 -0.90515
fb: -1.49916 -0.00585 -0.77615 -0.89644
dist/lin/ang/drive_left/drive_right/tv_l/tv_r/av_l/av_r/x/y/theta/t_err: -0.73599 -1.68576 -0.51214 -1.49331 -1.50501 -0.75050 -0.75147 -0.75050 -0.75147 28.97379 -0.35402 181.23977 -0.03386
target: -1.68576 -0.06699
target: -1.68576 -0.06699
fb: -1.60772 -0.00481 -0.73631 -0.83337
fb: -1.53027 -0.00244 -0.77504 -0.87209
dist/lin/ang/drive_left/drive_right/tv_l/tv_r/av_l/av_r/x/y/theta/t_err: -0.70385 -1.68413 -0.51500 -1.52783 -1.53271 -0.75644 -0.75031 -0.75644 -0.75031 27.70815 -0.38083 181.18731 -0.03447
target: -1.68413 -0.06737
target: -1.68413 -0.06737
fb: -1.54572 -0.00125 -0.76698 -0.86686
fb: -1.62118 -0.00307 -0.72925 -0.82912
dist/lin/ang/drive_left/drive_right/tv_l/tv_r/av_l/av_r/x/y/theta/t_err: -0.67296 -1.68125 -0.54254 -1.61812 -1.62425 -0.75203 -0.76742 -0.75203 -0.76742 26.49130 -0.40572 181.15937 -0.03555
target: -1.68125 -0.07097
target: -1.68125 -0.07097
fb: -1.59206 -0.00523 -0.71921 -0.85297
fb: -1.62339 -0.00746 -0.70355 -0.83731
dist/lin/ang/drive_left/drive_right/tv_l/tv_r/av_l/av_r/x/y/theta/t_err: -0.64114 -1.67803 -0.56330 -1.61594 -1.63085 -0.72381 -0.77236 -0.72381 -0.77236 25.23796 -0.43076 181.12837 -0.03676
target: -1.67803 -0.07368
target: -1.67803 -0.07368
fb: -1.58853 -0.00836 -0.71888 -0.84829
fb: -1.57286 -0.01164 -0.72671 -0.85612
dist/lin/ang/drive_left/drive_right/tv_l/tv_r/av_l/av_r/x/y/theta/t_err: -0.60939 -1.67566 -0.56833 -1.56122 -1.58450 -0.70325 -0.77119 -0.70325 -0.77119 23.98739 -0.45484 181.07113 -0.03765
target: -1.67566 -0.07434
target: -1.67566 -0.07434
fb: -1.62118 -0.01394 -0.71260 -0.82436
fb: -1.58058 -0.01630 -0.73290 -0.84466
dist/lin/ang/drive_left/drive_right/tv_l/tv_r/av_l/av_r/x/y/theta/t_err: -0.57699 -1.67465 -0.56106 -1.56428 -1.59689 -0.71008 -0.77700 -0.71008 -0.77700 22.71107 -0.47769 180.97434 -0.03804
target: -1.67465 -0.07339
target: -1.67465 -0.07339
fb: -1.60397 -0.01853 -0.73359 -0.82961
fb: -1.51085 -0.02202 -0.78015 -0.87617
dist/lin/ang/drive_left/drive_right/tv_l/tv_r/av_l/av_r/x/y/theta/t_err: -0.54493 -1.64482 -0.53266 -1.48884 -1.53287 -0.71950 -0.77325 -0.71950 -0.77325 21.44825 -0.49754 180.82305 -0.03756
target: -1.64482 -0.06968
target: -1.64482 -0.06968
fb: -1.58831 -0.02439 -0.61393 -0.68007
fb: -1.72004 -0.02599 -0.54807 -0.61420
dist/lin/ang/drive_left/drive_right/tv_l/tv_r/av_l/av_r/x/y/theta/t_err: -0.51319 -1.59948 -0.49330 -1.69405 -1.74603 -0.72719 -0.76692 -0.72719 -0.76692 20.19772 -0.51320 180.62203 -0.03626
target: -1.59948 -0.06453
target: -1.59948 -0.06453
fb: -1.61170 -0.02522 -0.50875 -0.55505
fb: -1.62339 -0.02257 -0.50290 -0.54920
dist/lin/ang/drive_left/drive_right/tv_l/tv_r/av_l/av_r/x/y/theta/t_err: -0.48097 -1.55199 -0.46890 -1.60082 -1.64597 -0.58622 -0.63753 -0.58622 -0.63753 18.92872 -0.52461 180.40750 -0.03482
target: -1.55199 -0.06134
target: -1.55199 -0.06134
fb: -1.66774 -0.02271 -0.42225 -0.48184
fb: -1.58455 -0.02014 -0.46384 -0.52343
dist/lin/ang/drive_left/drive_right/tv_l/tv_r/av_l/av_r/x/y/theta/t_err: -0.44764 -1.49964 -0.46497 -1.56442 -1.60469 -0.51417 -0.56481 -0.51417 -0.56481 17.61555 -0.53163 180.20849 -0.03381
target: -1.49964 -0.06082
target: -1.49964 -0.06082
fb: -1.51858 -0.01909 -0.41795 -0.50092
fb: -1.55344 -0.02069 -0.40052 -0.48349
dist/lin/ang/drive_left/drive_right/tv_l/tv_r/av_l/av_r/x/y/theta/t_err: -0.41728 -1.44937 -0.46498 -1.53275 -1.57414 -0.47297 -0.52786 -0.47297 -0.52786 16.41982 -0.53417 180.03723 -0.03317
target: -1.44937 -0.06082
target: -1.44937 -0.06082
fb: -1.54572 -0.02571 -0.36458 -0.45215
fb: -1.51262 -0.02968 -0.38113 -0.46870
dist/lin/ang/drive_left/drive_right/tv_l/tv_r/av_l/av_r/x/y/theta/t_err: -0.38639 -1.39664 -0.44583 -1.48294 -1.54230 -0.48936 -0.52822 -0.48936 -0.52822 15.20272 -0.53298 179.84169 -0.03228
target: -1.39664 -0.05832
target: -1.39664 -0.05832
fb: -1.37118 -0.02571 -0.40696 -0.46857
fb: -1.40604 -0.02613 -0.38953 -0.45114
dist/lin/ang/drive_left/drive_right/tv_l/tv_r/av_l/av_r/x/y/theta/t_err: -0.35898 -1.35009 -0.39574 -1.37991 -1.43217 -0.45089 -0.51897 -0.45089 -0.51897 14.12307 -0.52784 179.60426 -0.03045
target: -1.35009 -0.05177
target: -1.35009 -0.05177
fb: -1.52829 -0.02947 -0.33332 -0.34969
fb: -1.36721 -0.03400 -0.41386 -0.43023
dist/lin/ang/drive_left/drive_right/tv_l/tv_r/av_l/av_r/x/y/theta/t_err: -0.32842 -1.29409 -0.38854 -1.33320 -1.40121 -0.44333 -0.48853 -0.44333 -0.48853 12.91974 -0.51720 179.37534 -0.02911
target: -1.29409 -0.05082
target: -1.29409 -0.05082
fb: -1.36522 -0.03665 -0.30147 -0.36702
fb: -1.43142 -0.03749 -0.26837 -0.33392
dist/lin/ang/drive_left/drive_right/tv_l/tv_r/av_l/av_r/x/y/theta/t_err: -0.30113 -1.24472 -0.30983 -1.39393 -1.46890 -0.42864 -0.45328 -0.42864 -0.45328 11.84487 -0.50262 179.07516 -0.02627
target: -1.24472 -0.04053
target: -1.24472 -0.04053
fb: -1.35772 -0.03407 -0.33572 -0.30325
fb: -1.32462 -0.03184 -0.35227 -0.31980
dist/lin/ang/drive_left/drive_right/tv_l/tv_r/av_l/av_r/x/y/theta/t_err: -0.27398 -1.19315 -0.25760 -1.29278 -1.35646 -0.38175 -0.42400 -0.38175 -0.42400 10.77599 -0.48242 178.76286 -0.02315
target: -1.19315 -0.03370
target: -1.19315 -0.03370
fb: -1.24893 -0.03205 -0.32332 -0.31282
fb: -1.18494 -0.02731 -0.35532 -0.34482
dist/lin/ang/drive_left/drive_right/tv_l/tv_r/av_l/av_r/x/y/theta/t_err: -0.24901 -1.14238 -0.22774 -1.15763 -1.21225 -0.37336 -0.37847 -0.37336 -0.37847 9.79286 -0.45887 178.48693 -0.02041
target: -1.14238 -0.02979
target: -1.14238 -0.02979
fb: -1.16751 -0.02320 -0.31044 -0.32102
fb: -1.09756 -0.01603 -0.34542 -0.35599
dist/lin/ang/drive_left/drive_right/tv_l/tv_r/av_l/av_r/x/y/theta/t_err: -0.22567 -1.09097 -0.21645 -1.08153 -1.11358 -0.36189 -0.36067 -0.36189 -0.36067 8.87394 -0.43273 178.26254 -0.01840
target: -1.09097 -0.02831
target: -1.09097 -0.02831
fb: -1.10925 -0.01268 -0.28021 -0.31063
fb: -1.11720 -0.00982 -0.27624 -0.30666
dist/lin/ang/drive_left/drive_right/tv_l/tv_r/av_l/av_r/x/y/theta/t_err: -0.20348 -1.03680 -0.24660 -1.10737 -1.12702 -0.34772 -0.35353 -0.34772 -0.35353 8.00095 -0.40510 178.12645 -0.01789
target: -1.03680 -0.03226
target: -1.03680 -0.03226
fb: -1.02982 -0.01066 -0.23253 -0.31697
fb: -1.05497 -0.01198 -0.21996 -0.30439
dist/lin/ang/drive_left/drive_right/tv_l/tv_r/av_l/av_r/x/y/theta/t_err: -0.18289 -0.98236 -0.27410 -1.04299 -1.06696 -0.30936 -0.33311 -0.30936 -0.33311 7.19052 -0.37797 178.03728 -0.01826
target: -0.98236 -0.03586
target: -0.98236 -0.03586
fb: -1.01437 -0.01205 -0.18874 -0.27484
fb: -0.95612 -0.01296 -0.21787 -0.30397
dist/lin/ang/drive_left/drive_right/tv_l/tv_r/av_l/av_r/x/y/theta/t_err: -0.16261 -0.95323 -0.28183 -0.94316 -0.96908 -0.26058 -0.31606 -0.26058 -0.31606 6.39229 -0.34995 177.93747 -0.01869
target: -0.95323 -0.03687
target: -0.95323 -0.03687
fb: -0.89411 -0.01763 -0.33454 -0.39869
fb: -0.86300 -0.02125 -0.35009 -0.41424
dist/lin/ang/drive_left/drive_right/tv_l/tv_r/av_l/av_r/x/y/theta/t_err: -0.14470 -0.89922 -0.18631 -0.84175 -0.88425 -0.24897 -0.30678 -0.24897 -0.30678 5.68875 -0.32394 177.81456 -0.01655
target: -0.89922 -0.02437
target: -0.89922 -0.02437
fb: -0.88043 -0.02446 -0.26180 -0.18762
fb: -0.82813 -0.02717 -0.28795 -0.21376
dist/lin/ang/drive_left/drive_right/tv_l/tv_r/av_l/av_r/x/y/theta/t_err: -0.12710 -0.84276 -0.10965 -0.80096 -0.85531 -0.30336 -0.35094 -0.30336 -0.35094 4.99604 -0.29643 177.62557 -0.01325
target: -0.84276 -0.01434
target: -0.84276 -0.01434
fb: -0.84557 -0.02954 -0.21362 -0.14815
fb: -0.76613 -0.02871 -0.25334 -0.18787
dist/lin/ang/drive_left/drive_right/tv_l/tv_r/av_l/av_r/x/y/theta/t_err: -0.11020 -0.78473 -0.02783 -0.73742 -0.79484 -0.28336 -0.23478 -0.28336 -0.23478 4.33087 -0.26748 177.38727 -0.00909
target: -0.78473 -0.00364
target: -0.78473 -0.00364
fb: -0.79504 -0.01839 -0.18991 -0.10399
fb: -0.84557 -0.00676 -0.16465 -0.07873
dist/lin/ang/drive_left/drive_right/tv_l/tv_r/av_l/av_r/x/y/theta/t_err: -0.09430 -0.72593 0.01874 -0.83881 -0.85233 -0.24894 -0.19164 -0.24894 -0.19164 3.70558 -0.23756 177.16890 -0.00528
target: -0.72593 0.00245
target: -0.72593 0.00245
fb: -0.72156 0.00105 -0.15340 -0.10075
fb: -0.66904 0.01073 -0.17966 -0.12701
dist/lin/ang/drive_left/drive_right/tv_l/tv_r/av_l/av_r/x/y/theta/t_err: -0.07987 -0.66809 -0.04830 -0.67977 -0.65831 -0.19575 -0.11806 -0.19575 -0.11806 3.13813 -0.20921 177.12793 -0.00456
target: -0.66809 -0.00632
target: -0.66809 -0.00632
fb: -0.62645 0.01784 -0.07931 -0.17213
fb: -0.53731 0.02083 -0.12388 -0.21670
dist/lin/ang/drive_left/drive_right/tv_l/tv_r/av_l/av_r/x/y/theta/t_err: -0.06734 -0.61344 -0.14185 -0.55814 -0.51647 -0.16717 -0.15058 -0.16717 -0.15058 2.64546 -0.18488 177.23771 -0.00648
target: -0.61344 -0.01856
target: -0.61344 -0.01856
fb: -0.55452 0.02055 0.06355 -0.19489
fb: -0.61851 0.01178 0.09555 -0.16289
dist/lin/ang/drive_left/drive_right/tv_l/tv_r/av_l/av_r/x/y/theta/t_err: -0.05625 -0.56064 -0.21917 -0.63028 -0.60673 -0.09136 -0.20103 -0.09136 -0.20103 2.20931 -0.16457 177.41933 -0.00965
target: -0.56064 -0.02867
target: -0.56064 -0.02867
fb: -0.57416 -0.00453 0.11135 -0.14148
fb: -0.51590 -0.02564 0.08222 -0.17060
dist/lin/ang/drive_left/drive_right/tv_l/tv_r/av_l/av_r/x/y/theta/t_err: -0.04476 -0.50013 -0.18513 -0.49026 -0.54154 0.06569 -0.17450 0.06569 -0.17450 1.75766 -0.14459 177.48492 -0.01079
target: -0.50013 -0.02422
target: -0.50013 -0.02422
fb: -0.47309 -0.04668 -0.12040 -0.11767
fb: -0.43073 -0.06368 -0.14158 -0.13886
dist/lin/ang/drive_left/drive_right/tv_l/tv_r/av_l/av_r/x/y/theta/t_err: -0.03531 -0.44419 0.02857 -0.36704 -0.49441 0.02858 -0.16342 0.02858 -0.16342 1.38553 -0.12753 177.21644 -0.00611
target: -0.44419 0.00374
target: -0.44419 0.00374
fb: -0.36850 -0.07643 -0.25763 0.08192
fb: -0.31400 -0.07671 -0.28488 0.05467
dist/lin/ang/drive_left/drive_right/tv_l/tv_r/av_l/av_r/x/y/theta/t_err: -0.02795 -0.39522 0.31165 -0.23728 -0.39071 -0.15294 -0.08572 -0.15294 -0.08572 1.09579 -0.11212 176.63590 0.00402
target: -0.39522 0.04077
target: -0.39522 0.04077
fb: -0.32790 -0.06515 -0.31492 0.15592
fb: -0.31620 -0.04222 -0.32076 0.15007
dist/lin/ang/drive_left/drive_right/tv_l/tv_r/av_l/av_r/x/y/theta/t_err: -0.02141 -0.34586 0.49726 -0.27398 -0.35843 -0.25683 0.05561 -0.25683 0.05561 0.83814 -0.09543 175.99925 0.01514
target: -0.34586 0.06505
target: -0.34586 0.06505
fb: -0.28112 -0.01589 -0.25347 0.13514
fb: -0.27538 0.01610 -0.25634 0.13227
dist/lin/ang/drive_left/drive_right/tv_l/tv_r/av_l/av_r/x/y/theta/t_err: -0.01579 -0.29703 0.43027 -0.29148 -0.25929 -0.29586 0.12764 -0.29586 0.12764 0.61737 -0.07927 175.69347 0.02047
target: -0.29703 0.05628
target: -0.29703 0.05628
fb: -0.24052 0.05281 -0.07780 -0.08613
fb: -0.22309 0.08605 -0.08651 -0.09485
dist/lin/ang/drive_left/drive_right/tv_l/tv_r/av_l/av_r/x/y/theta/t_err: -0.01097 -0.24764 0.14124 -0.30914 -0.13704 -0.22242 0.06672 -0.22242 0.06672 0.42851 -0.06528 175.91919 0.01653
target: -0.24764 0.01848
target: -0.24764 0.01848
fb: -0.21713 0.10556 0.18867 -0.20979
fb: -0.19197 0.10765 0.17610 -0.22236
dist/lin/ang/drive_left/drive_right/tv_l/tv_r/av_l/av_r/x/y/theta/t_err: -0.00662 -0.00165 -0.30258 -0.29962 -0.08432 -0.04194 -0.10336 -0.04194 -0.10336 0.25790 -0.05418 176.70581 0.00280
target: -0.00165 -0.03958
target: -0.00165 -0.03958
fb: -0.18624 0.10096 0.91044 0.33980
fb: -0.18999 0.09594 0.91231 0.34167
dist/lin/ang/drive_left/drive_right/tv_l/tv_r/av_l/av_r/x/y/theta/t_err: -0.00288 -0.00072 -0.59370 -0.28593 -0.09404 0.19028 -0.14233 0.19028 -0.14233 0.11144 -0.04698 177.62596 -0.01326
target: -0.00072 -0.07766
target: -0.00072 -0.07766
fb: -0.16285 0.08082 0.26403 -0.26572
fb: -0.12026 0.05463 0.26403 -0.26572
dist/lin/ang/drive_left/drive_right/tv_l/tv_r/av_l/av_r/x/y/theta/t_err: 0.00039 0.00010 -0.74439 -0.17488 -0.06563 0.40208 0.15708 0.40208 0.15708 -0.01671 -0.04254 178.42691 -0.02724
target: 0.00010 -0.09737
target: 0.00010 -0.09737
fb: -0.07193 0.02613 0.19464 -0.19619
fb: -0.03884 0.00077 0.19464 -0.19619
dist/lin/ang/drive_left/drive_right/tv_l/tv_r/av_l/av_r/x/y/theta/t_err: 0.00184 0.00046 -0.67899 -0.03960 -0.03807 0.25444 -0.16239 0.25444 -0.16239 -0.07334 -0.04118 178.83898 -0.03443
target: 0.00046 -0.08882
target: 0.00046 -0.08882
fb: -0.02317 -0.02153 0.06093 -0.06403
fb: -0.01169 -0.03832 0.06093 -0.06403
start is 0.00000 0.00000
dist/lin/ang/drive_left/drive_right/tv_l/tv_r/av_l/av_r/x/y/theta/t_err: 1.21920 0.08636 0.00001 0.00000 0.00000 0.00000 -0.00017 0.00000 -0.00017 0.00000 0.00000 -0.00004 0.00000
target: 0.08636 0.00000
target: 0.08636 0.00000
fb: 0.00000 0.00000 0.24369 0.24860
fb: 0.00000 0.00000 0.24369 0.24860
dist/lin/ang/drive_left/drive_right/tv_l/tv_r/av_l/av_r/x/y/theta/t_err: 1.21920 0.17272 -0.00021 0.00000 0.00000 0.05250 0.05406 0.05250 0.05406 0.00000 0.00000 0.00027 -0.00000
target: 0.17272 -0.00003
target: 0.17272 -0.00003
fb: 0.00000 0.00000 0.27579 0.28040
fb: 0.00000 0.00000 0.27579 0.28040
dist/lin/ang/drive_left/drive_right/tv_l/tv_r/av_l/av_r/x/y/theta/t_err: 1.21920 0.25908 -0.00042 0.00000 0.00000 0.21800 0.22022 0.21800 0.22022 0.00000 0.00000 0.00078 -0.00001
target: 0.25908 -0.00005
target: 0.25908 -0.00005
fb: 0.00000 -0.00495 0.43730 0.44187
fb: 0.00000 -0.00230 0.43730 0.44187
dist/lin/ang/drive_left/drive_right/tv_l/tv_r/av_l/av_r/x/y/theta/t_err: 1.21920 0.34544 0.01008 0.00230 -0.00230 0.27906 0.28814 0.27906 0.28814 0.00000 0.00000 -0.01412 0.00025
target: 0.34544 0.00132
target: 0.34544 0.00132
fb: 0.02714 0.00174 0.49164 0.51066
fb: 0.10856 0.00488 0.45093 0.46995
dist/lin/ang/drive_left/drive_right/tv_l/tv_r/av_l/av_r/x/y/theta/t_err: 1.21866 0.43180 0.00966 0.10369 0.11344 0.38775 0.39767 0.38775 0.39767 0.02137 -0.00001 -0.02293 0.00040
target: 0.43180 0.00126
target: 0.43180 0.00126
fb: 0.19992 0.00502 0.48685 0.49294
fb: 0.24648 0.00314 0.46357 0.46966
dist/lin/ang/drive_left/drive_right/tv_l/tv_r/av_l/av_r/x/y/theta/t_err: 1.21466 0.51816 -0.02406 0.24334 0.24961 0.43033 0.42331 0.43033 0.42331 0.17879 -0.00001 0.02039 -0.00036
target: 0.51816 -0.00315
target: 0.51816 -0.00315
fb: 0.26369 0.00098 0.76659 0.72798
fb: 0.30429 -0.00077 0.74628 0.70768
dist/lin/ang/drive_left/drive_right/tv_l/tv_r/av_l/av_r/x/y/theta/t_err: 1.20939 0.60452 -0.02130 0.30506 0.30352 0.44608 0.45206 0.44608 0.45206 0.38641 0.00011 0.04366 -0.00076
target: 0.60452 -0.00279
target: 0.60452 -0.00279
fb: 0.36078 -0.00348 0.77500 0.77988
fb: 0.39763 -0.00676 0.75657 0.76146
dist/lin/ang/drive_left/drive_right/tv_l/tv_r/av_l/av_r/x/y/theta/t_err: 1.20217 0.69088 -0.00272 0.40439 0.39087 0.40297 0.40792 0.40297 0.40792 0.67049 0.00031 0.03129 -0.00055
target: 0.69088 -0.00036
target: 0.69088 -0.00036
fb: 0.43051 -0.00697 0.80786 0.83470
fb: 0.44992 -0.00488 0.79815 0.82499
dist/lin/ang/drive_left/drive_right/tv_l/tv_r/av_l/av_r/x/y/theta/t_err: 1.19356 0.77724 0.03205 0.45480 0.44505 0.51558 0.42758 0.51558 0.42758 1.00947 0.00033 -0.02685 0.00046
target: 0.77724 0.00419
target: 0.77724 0.00419
fb: 0.46537 -0.00543 0.85651 0.90859
fb: 0.56047 -0.00871 0.80896 0.86103
dist/lin/ang/drive_left/drive_right/tv_l/tv_r/av_l/av_r/x/y/theta/t_err: 1.18425 0.86360 0.03684 0.56918 0.55177 0.57097 0.36258 0.57097 0.36258 1.37591 0.00001 -0.07020 0.00122
target: 0.86360 0.00482
target: 0.86360 0.00482
fb: 0.61476 -0.01226 0.87772 0.89540
fb: 0.61476 -0.01470 0.87772 0.89540
dist/lin/ang/drive_left/drive_right/tv_l/tv_r/av_l/av_r/x/y/theta/t_err: 1.17196 0.94996 0.07232 0.62946 0.60006 0.45719 0.44539 0.45719 0.44539 1.85997 -0.00087 -0.14824 0.00261
target: 0.94996 0.00946
target: 0.94996 0.00946
fb: 0.65756 -0.01080 0.91381 0.97390
fb: 0.61674 -0.00662 0.93422 0.99432
dist/lin/ang/drive_left/drive_right/tv_l/tv_r/av_l/av_r/x/y/theta/t_err: 1.15881 1.03632 0.11860 0.62336 0.61012 0.58175 0.58364 0.58175 0.58364 2.37773 -0.00275 -0.26308 0.00465
target: 1.03632 0.01551
target: 1.03632 0.01551
fb: 0.66705 -0.00070 0.97732 1.00000
fb: 0.74097 -0.00279 0.94036 1.00000
dist/lin/ang/drive_left/drive_right/tv_l/tv_r/av_l/av_r/x/y/theta/t_err: 1.14546 1.12268 0.09761 0.74376 0.73819 0.55319 0.52272 0.55319 0.52272 2.90296 -0.00542 -0.30339 0.00542
target: 1.12268 0.01277
target: 1.12268 0.01277
fb: 0.72928 -0.00739 1.00000 1.00000
fb: 0.80673 -0.00648 1.00000 1.00000
dist/lin/ang/drive_left/drive_right/tv_l/tv_r/av_l/av_r/x/y/theta/t_err: 1.13088 1.20904 0.10112 0.81321 0.80025 0.59750 0.59183 0.59750 0.59183 3.47719 -0.00856 -0.33204 0.00599
target: 1.20904 0.01323
target: 1.20904 0.01323
fb: 0.82813 -0.00439 1.00000 1.00000
fb: 0.82416 0.00000 1.00000 1.00000
dist/lin/ang/drive_left/drive_right/tv_l/tv_r/av_l/av_r/x/y/theta/t_err: 1.11432 1.29540 0.12606 0.82416 0.82416 0.55406 0.78486 0.55406 0.78486 4.12925 -0.01265 -0.38346 0.00698
target: 1.29540 0.01649
target: 1.29540 0.01649
fb: 0.89786 0.00557 1.00000 1.00000
fb: 0.91154 0.01066 1.00000 1.00000
dist/lin/ang/drive_left/drive_right/tv_l/tv_r/av_l/av_r/x/y/theta/t_err: 1.09636 1.38176 0.09567 0.90088 0.92220 0.74089 0.83739 0.74089 0.83739 4.83621 -0.01735 -0.36889 0.00684
target: 1.38176 0.01251
target: 1.38176 0.01251
fb: 0.96207 0.01554 1.00000 1.00000
fb: 0.99694 0.01937 1.00000 1.00000
dist/lin/ang/drive_left/drive_right/tv_l/tv_r/av_l/av_r/x/y/theta/t_err: 1.07712 1.46812 0.02962 0.97757 1.01631 0.83464 0.85486 0.83464 0.85486 5.59374 -0.02158 -0.26186 0.00508
target: 1.46812 0.00387
target: 1.46812 0.00387
fb: 1.01614 0.02174 1.00000 1.00000
fb: 1.12294 0.02097 1.00000 1.00000
dist/lin/ang/drive_left/drive_right/tv_l/tv_r/av_l/av_r/x/y/theta/t_err: 1.05680 1.55448 -0.04319 1.10196 1.14391 0.86256 0.85725 0.86256 0.85725 6.39384 -0.02401 -0.08847 0.00212
target: 1.55448 -0.00565
target: 1.55448 -0.00565
fb: 1.12867 0.01965 1.00000 1.00000
fb: 1.15008 0.01380 1.00000 1.00000
dist/lin/ang/drive_left/drive_right/tv_l/tv_r/av_l/av_r/x/y/theta/t_err: 1.03422 1.64084 -0.09315 1.13628 1.16387 0.86853 0.86308 0.86853 0.86308 7.28256 -0.02398 0.09193 -0.00102
target: 1.64084 -0.01218
target: 1.64084 -0.01218
fb: 1.14037 0.00864 1.00000 1.00000
fb: 1.25864 0.00780 1.00000 1.00000
dist/lin/ang/drive_left/drive_right/tv_l/tv_r/av_l/av_r/x/y/theta/t_err: 1.01142 1.72720 -0.09342 1.25084 1.26644 0.87317 0.86942 0.87317 0.86942 8.18049 -0.02161 0.20344 -0.00301
target: 1.72720 -0.01222
target: 1.72720 -0.01222
fb: 1.37118 0.00620 1.00000 1.00000
fb: 1.27607 0.00390 1.00000 1.00000
dist/lin/ang/drive_left/drive_right/tv_l/tv_r/av_l/av_r/x/y/theta/t_err: 0.98399 1.76623 -0.09218 1.27217 1.27997 0.88603 0.88175 0.88603 0.88175 9.26014 -0.01717 0.26818 -0.00424
target: 1.76623 -0.01206
target: 1.76623 -0.01206
fb: 1.35750 0.00195 1.00000 1.00000
fb: 1.43715 0.00209 1.00000 1.00000
dist/lin/ang/drive_left/drive_right/tv_l/tv_r/av_l/av_r/x/y/theta/t_err: 0.95684 1.76448 -0.08638 1.43506 1.43924 0.89250 0.88908 0.89250 0.88908 10.32903 -0.01183 0.29697 -0.00487
target: 1.76448 -0.01130
target: 1.76448 -0.01130
fb: 1.38089 0.00446 0.97307 0.97106
fb: 1.39633 0.00432 0.96535 0.96333
dist/lin/ang/drive_left/drive_right/tv_l/tv_r/av_l/av_r/x/y/theta/t_err: 0.92923 1.76272 -0.09568 1.39201 1.40065 0.86872 0.79789 0.86872 0.79789 11.41632 -0.00598 0.32472 -0.00550
target: 1.76272 -0.01252
target: 1.76272 -0.01252
fb: 1.53027 0.00000 0.90644 0.88503
fb: 1.54572 -0.00362 0.89872 0.87730
dist/lin/ang/drive_left/drive_right/tv_l/tv_r/av_l/av_r/x/y/theta/t_err: 0.89862 1.76073 -0.10834 1.54934 1.54210 0.80283 0.77425 0.80283 0.77425 12.62124 0.00125 0.35472 -0.00623
target: 1.76073 -0.01417
target: 1.76073 -0.01417
fb: 1.48173 -0.00530 0.93103 0.90343
fb: 1.41752 -0.00432 0.96314 0.93553
dist/lin/ang/drive_left/drive_right/tv_l/tv_r/av_l/av_r/x/y/theta/t_err: 0.86899 1.76148 -0.07945 1.42184 1.41320 0.78111 0.79958 0.78111 0.79958 13.78793 0.00824 0.32723 -0.00595
target: 1.76148 -0.01039
target: 1.76148 -0.01039
fb: 1.54748 -0.00334 0.88287 0.90925
fb: 1.66796 -0.00327 0.82263 0.84901
dist/lin/ang/drive_left/drive_right/tv_l/tv_r/av_l/av_r/x/y/theta/t_err: 0.83804 1.76271 -0.06874 1.67124 1.66469 0.81225 0.82903 0.81225 0.82903 15.00641 0.01476 0.28992 -0.00551
target: 1.76271 -0.00899
target: 1.76271 -0.00899
fb: 1.53800 -0.00369 0.90038 0.90724
fb: 1.55344 -0.00300 0.89266 0.89951
dist/lin/ang/drive_left/drive_right/tv_l/tv_r/av_l/av_r/x/y/theta/t_err: 0.80728 1.76343 -0.06967 1.55644 1.55045 0.77136 0.82200 0.77136 0.82200 16.21741 0.02064 0.26357 -0.00525
target: 1.76343 -0.00911
target: 1.76343 -0.00911
fb: 1.60199 -0.00084 0.87390 0.86690
fb: 1.60397 0.00000 0.87291 0.86591
dist/lin/ang/drive_left/drive_right/tv_l/tv_r/av_l/av_r/x/y/theta/t_err: 0.77524 1.76378 -0.07106 1.60397 1.60397 0.79311 0.82647 0.79311 0.82647 17.47881 0.02617 0.24430 -0.00512
target: 1.76378 -0.00929
target: 1.76378 -0.00929
fb: 1.62913 0.00216 0.85961 0.85182
fb: 1.67547 0.00279 0.83644 0.82865
dist/lin/ang/drive_left/drive_right/tv_l/tv_r/av_l/av_r/x/y/theta/t_err: 0.74266 1.76293 -0.08648 1.67268 1.67825 0.83228 0.83453 0.83228 0.83453 18.76157 0.03166 0.24911 -0.00543
target: 1.76293 -0.01131
target: 1.76293 -0.01131
fb: 1.64060 0.00139 0.85787 0.83085
fb: 1.64656 0.00251 0.85489 0.82787
dist/lin/ang/drive_left/drive_right/tv_l/tv_r/av_l/av_r/x/y/theta/t_err: 0.70984 1.76129 -0.10219 1.64405 1.64907 0.80747 0.81347 0.80747 0.81347 20.05337 0.03752 0.26824 -0.00602
target: 1.76129 -0.01337
target: 1.76129 -0.01337
fb: 1.66995 0.00321 0.84011 0.80999
fb: 1.66024 0.00174 0.84496 0.81484
dist/lin/ang/drive_left/drive_right/tv_l/tv_r/av_l/av_r/x/y/theta/t_err: 0.67645 1.75931 -0.11555 1.65850 1.66198 0.82303 0.80608 0.82303 0.80608 21.36828 0.04391 0.29160 -0.00674
target: 1.75931 -0.01511
target: 1.75931 -0.01511
fb: 1.74343 -0.00139 0.80003 0.77035
fb: 1.68341 -0.00188 0.83004 0.80036
dist/lin/ang/drive_left/drive_right/tv_l/tv_r/av_l/av_r/x/y/theta/t_err: 0.64158 1.75792 -0.11770 1.68529 1.68153 0.81275 0.79258 0.81275 0.79258 22.74104 0.05107 0.29922 -0.00724
target: 1.75792 -0.01540
target: 1.75792 -0.01540
fb: 1.68915 -0.00223 0.82179 0.80492
fb: 1.79771 -0.00300 0.76751 0.75064
dist/lin/ang/drive_left/drive_right/tv_l/tv_r/av_l/av_r/x/y/theta/t_err: 0.60780 1.75772 -0.10787 1.80071 1.79472 0.80917 0.78642 0.80917 0.78642 24.07106 0.05782 0.28074 -0.00732
target: 1.75772 -0.01411
target: 1.75772 -0.01411
fb: 1.71452 -0.00488 0.80581 0.80477
fb: 1.74542 -0.00690 0.79036 0.78932
dist/lin/ang/drive_left/drive_right/tv_l/tv_r/av_l/av_r/x/y/theta/t_err: 0.57351 1.75791 -0.10332 1.75231 1.73852 0.77869 0.76058 0.77869 0.76058 25.42106 0.06416 0.25236 -0.00725
target: 1.75791 -0.01352
target: 1.75791 -0.01352
fb: 1.80543 -0.00732 0.76480 0.75834
fb: 1.72423 -0.00906 0.80540 0.79894
dist/lin/ang/drive_left/drive_right/tv_l/tv_r/av_l/av_r/x/y/theta/t_err: 0.53740 1.75965 -0.08020 1.73329 1.71517 0.77600 0.76400 0.77600 0.76400 26.84266 0.06969 0.19037 -0.00662
target: 1.75965 -0.01049
target: 1.75965 -0.01049
fb: 1.73394 -0.00934 0.79535 0.81481
fb: 1.70857 -0.00871 0.80804 0.82750
dist/lin/ang/drive_left/drive_right/tv_l/tv_r/av_l/av_r/x/y/theta/t_err: 0.50272 1.76257 -0.05416 1.71727 1.69986 0.78008 0.77086 0.78008 0.77086 28.20796 0.07325 0.10645 -0.00556
target: 1.76257 -0.00708
target: 1.76257 -0.00708
fb: 1.70084 -0.00759 0.81530 0.84276
fb: 1.79396 -0.00662 0.76874 0.79620
dist/lin/ang/drive_left/drive_right/tv_l/tv_r/av_l/av_r/x/y/theta/t_err: 0.46870 1.76537 -0.04069 1.80058 1.78734 0.79414 0.79961 0.79414 0.79961 29.54720 0.07479 0.02840 -0.00455
target: 1.76537 -0.00532
target: 1.76537 -0.00532
fb: 1.76086 -0.00516 0.79355 0.80857
fb: 1.74343 -0.00321 0.80227 0.81729
dist/lin/ang/drive_left/drive_right/tv_l/tv_r/av_l/av_r/x/y/theta/t_err: 0.43349 1.74496 -0.04291 1.74663 1.74022 0.77581 0.79289 0.77581 0.79289 30.93371 0.07481 -0.02396 -0.00397
target: 1.74496 -0.00561
target: 1.74496 -0.00561
fb: 1.69886 -0.00251 0.72257 0.71872
fb: 1.76108 -0.00376 0.69145 0.68761
dist/lin/ang/drive_left/drive_right/tv_l/tv_r/av_l/av_r/x/y/theta/t_err: 0.39951 1.67579 -0.04835 1.76484 1.75732 0.76808 0.76692 0.76808 0.76692 32.27139 0.07387 -0.05517 -0.00373
target: 1.67579 -0.00633
target: 1.67579 -0.00633
fb: 1.89480 -0.00446 0.36891 0.36025
fb: 1.74740 -0.00474 0.44261 0.43395
dist/lin/ang/drive_left/drive_right/tv_l/tv_r/av_l/av_r/x/y/theta/t_err: 0.36162 1.59502 -0.04316 1.75214 1.74266 0.67467 0.66681 0.67467 0.66681 33.76336 0.07198 -0.09167 -0.00346
target: 1.59502 -0.00565
target: 1.59502 -0.00565
fb: 1.71452 -0.00509 0.33239 0.33711
fb: 1.77454 -0.00634 0.30238 0.30710
dist/lin/ang/drive_left/drive_right/tv_l/tv_r/av_l/av_r/x/y/theta/t_err: 0.32732 1.51861 -0.03202 1.78088 1.76820 0.53778 0.53781 0.53778 0.53781 35.11338 0.06928 -0.13626 -0.00300
target: 1.51861 -0.00419
target: 1.51861 -0.00419
fb: 1.67370 -0.01073 0.29610 0.30971
fb: 1.69290 -0.01568 0.28650 0.30011
dist/lin/ang/drive_left/drive_right/tv_l/tv_r/av_l/av_r/x/y/theta/t_err: 0.29385 1.44101 -0.00588 1.70858 1.67722 0.41664 0.43581 0.41664 0.43581 36.43124 0.06545 -0.20689 -0.00205
target: 1.44101 -0.00077
target: 1.44101 -0.00077
fb: 1.66774 -0.01895 0.21256 0.24835
fb: 1.53601 -0.02355 0.27843 0.31421
dist/lin/ang/drive_left/drive_right/tv_l/tv_r/av_l/av_r/x/y/theta/t_err: 0.26050 1.36030 0.06628 1.55956 1.51246 0.38808 0.41458 0.38808 0.41458 37.74441 0.05919 -0.35262 0.00038
target: 1.36030 0.00867
target: 1.36030 0.00867
fb: 1.51085 -0.02355 0.17164 0.27419
fb: 1.52255 -0.01693 0.16579 0.26834
dist/lin/ang/drive_left/drive_right/tv_l/tv_r/av_l/av_r/x/y/theta/t_err: 0.23028 1.27494 0.08531 1.53948 1.50562 0.34703 0.40603 0.34703 0.40603 38.93403 0.05028 -0.45535 0.00240
target: 1.27494 0.01116
target: 1.27494 0.01116
fb: 1.40803 -0.00153 0.15624 0.19951
fb: 1.37294 0.00439 0.17379 0.21705
dist/lin/ang/drive_left/drive_right/tv_l/tv_r/av_l/av_r/x/y/theta/t_err: 0.20212 1.18596 0.21422 1.36855 1.37733 0.28731 0.34906 0.28731 0.34906 40.04265 0.03859 -0.67569 0.00694
target: 1.18596 0.02802
target: 1.18596 0.02802
fb: 1.35750 0.00439 -0.10799 0.20522
fb: 1.28975 0.00599 -0.07412 0.23909
dist/lin/ang/drive_left/drive_right/tv_l/tv_r/av_l/av_r/x/y/theta/t_err: 0.17497 1.11552 0.13096 1.28376 1.29575 0.20686 0.31483 0.20686 0.31483 41.11147 0.02620 -0.65968 0.00771
target: 1.11552 0.01713
target: 1.11552 0.01713
fb: 1.27629 0.00948 0.19280 0.12352
fb: 1.16177 0.01707 0.25007 0.18079
dist/lin/ang/drive_left/drive_right/tv_l/tv_r/av_l/av_r/x/y/theta/t_err: 0.14944 1.03093 0.06811 1.14470 1.17884 0.04397 0.28542 0.04397 0.28542 42.11637 0.01513 -0.59631 0.00660
target: 1.03093 0.00891
target: 1.03093 0.00891
fb: 1.12271 0.02641 0.12945 0.07311
fb: 1.10352 0.03567 0.13905 0.08270
dist/lin/ang/drive_left/drive_right/tv_l/tv_r/av_l/av_r/x/y/theta/t_err: 0.12699 0.95034 -0.02199 1.06784 1.13919 0.23525 0.21647 0.23525 0.21647 43.00036 0.00708 -0.42551 0.00362
target: 0.95034 -0.00288
target: 0.95034 -0.00288
fb: 0.99495 0.04306 0.15984 -0.07227
fb: 0.95810 0.04153 0.17827 0.07399
dist/lin/ang/drive_left/drive_right/tv_l/tv_r/av_l/av_r/x/y/theta/t_err: 0.10709 0.87272 -0.17399 0.91658 0.99963 0.18497 0.08147 0.18497 0.08147 43.78378 0.00329 -0.09693 -0.00211
target: 0.87272 -0.02276
target: 0.87272 -0.02276
fb: 0.88043 0.03275 0.20804 -0.12365
fb: 0.84358 0.02111 0.22647 -0.10522
dist/lin/ang/drive_left/drive_right/tv_l/tv_r/av_l/av_r/x/y/theta/t_err: 0.08948 0.79775 -0.26260 0.82247 0.86469 0.19850 0.03883 0.19850 0.03883 44.47703 0.00411 0.23957 -0.00798
target: 0.79775 -0.03435
target: 0.79775 -0.03435
fb: 0.83409 0.00871 0.14395 -0.12870
fb: 0.71758 -0.00286 0.20221 -0.07045
dist/lin/ang/drive_left/drive_right/tv_l/tv_r/av_l/av_r/x/y/theta/t_err: 0.07280 0.71955 -0.22403 0.72044 0.71473 0.21183 -0.08400 0.21183 -0.08400 45.13378 0.00786 0.39659 -0.01073
target: 0.71955 -0.02930
target: 0.71955 -0.02930
fb: 0.68846 -0.01756 -0.06367 0.06599
fb: 0.65933 -0.03616 0.06894 0.08056
dist/lin/ang/drive_left/drive_right/tv_l/tv_r/av_l/av_r/x/y/theta/t_err: 0.05903 0.64794 -0.11565 0.69549 0.62317 0.16119 -0.01231 0.16119 -0.01231 45.67586 0.01148 0.33876 -0.00972
target: 0.64794 -0.01513
target: 0.64794 -0.01513
fb: 0.57791 -0.05414 -0.09784 0.13294
fb: 0.50421 -0.07002 -0.06099 0.16979
dist/lin/ang/drive_left/drive_right/tv_l/tv_r/av_l/av_r/x/y/theta/t_err: 0.04748 0.58107 0.10309 0.57423 0.43418 0.02464 0.10678 0.02464 0.10678 46.13090 0.01300 -0.01512 -0.00354
target: 0.58107 0.01348
target: 0.58107 0.01348
fb: 0.42852 -0.07302 -0.14923 0.24976
fb: 0.37049 -0.05658 -0.12021 0.27877
dist/lin/ang/drive_left/drive_right/tv_l/tv_r/av_l/av_r/x/y/theta/t_err: 0.03891 0.52602 0.37067 0.42706 0.31391 -0.07358 0.18106 -0.07358 0.18106 46.46831 0.01129 -0.62723 0.00714
target: 0.52602 0.04849
target: 0.52602 0.04849
fb: 0.36078 -0.03017 -0.17044 0.33291
fb: 0.32194 -0.00627 -0.15103 0.35233
dist/lin/ang/drive_left/drive_right/tv_l/tv_r/av_l/av_r/x/y/theta/t_err: 0.03169 0.47473 0.40108 0.32821 0.31567 -0.12625 0.27053 -0.12625 0.27053 46.75236 0.00700 -1.05876 0.01468
target: 0.47473 0.05247
target: 0.47473 0.05247
fb: 0.29105 0.01735 0.15087 0.26187
fb: 0.25199 0.04097 0.17040 0.28140
dist/lin/ang/drive_left/drive_right/tv_l/tv_r/av_l/av_r/x/y/theta/t_err: 0.02587 0.42891 0.21496 0.21102 0.29296 -0.07803 0.30117 -0.07803 0.30117 46.98149 0.00265 -1.06190 0.01473
target: 0.42891 0.02812
target: 0.42891 0.02812
fb: 0.23456 0.07218 0.29399 0.11744
fb: 0.26391 0.10291 0.27931 0.10277
dist/lin/ang/drive_left/drive_right/tv_l/tv_r/av_l/av_r/x/y/theta/t_err: 0.02118 0.38810 -0.08351 0.16100 0.36682 0.16528 0.22208 0.16528 0.22208 47.16616 -0.00015 -0.63096 0.00721
target: 0.38810 -0.01092
target: 0.38810 -0.01092
fb: 0.28112 0.11963 0.33749 -0.11148
fb: 0.28112 0.12570 0.33749 -0.11148
dist/lin/ang/drive_left/drive_right/tv_l/tv_r/av_l/av_r/x/y/theta/t_err: 0.01556 0.33263 -0.53435 0.15542 0.40681 0.26881 0.04361 0.26881 0.04361 47.38751 -0.00088 0.29575 -0.00897
target: 0.33263 -0.06990
target: 0.33263 -0.06990
fb: 0.28333 0.12096 0.38803 -0.31935
fb: 0.27163 0.10305 0.39388 -0.31350
dist/lin/ang/drive_left/drive_right/tv_l/tv_r/av_l/av_r/x/y/theta/t_err: 0.00989 0.26517 -0.87633 0.16858 0.37468 0.31964 -0.15519 0.31964 -0.15519 47.61058 0.00240 1.37833 -0.02786
target: 0.26517 -0.11463
target: 0.26517 -0.11463
fb: 0.24824 0.07372 0.28880 -0.35036
fb: 0.23655 0.03254 0.29465 -0.34451
dist/lin/ang/drive_left/drive_right/tv_l/tv_r/av_l/av_r/x/y/theta/t_err: 0.00492 0.00123 -0.97771 0.20401 0.26909 0.34972 -0.28764 0.34972 -0.28764 47.80594 0.00860 2.21056 -0.04238
target: 0.00123 -0.12789
target: 0.00123 -0.12789
fb: 0.21713 -0.01136 -0.52904 -0.82466
fb: 0.20565 -0.04912 -0.52330 -0.81893
dist/lin/ang/drive_left/drive_right/tv_l/tv_r/av_l/av_r/x/y/theta/t_err: 0.00057 0.00014 -0.74250 0.25478 0.15653 0.22175 -0.36072 0.22175 -0.36072 47.97677 0.01560 2.39611 -0.04562
target: 0.00014 -0.09713
target: 0.00014 -0.09713
fb: 0.18624 -0.08605 -0.20757 -0.06570
fb: 0.16086 -0.11685 -0.11452 0.11518
dist/lin/ang/drive_left/drive_right/tv_l/tv_r/av_l/av_r/x/y/theta/t_err: -0.00315 -0.00079 -0.30677 0.27771 0.04401 -0.24878 -0.17456 -0.24878 -0.17456 48.12330 0.02122 1.88150 -0.03664
target: -0.00079 -0.04013
target: -0.00079 -0.04013
fb: 0.14917 -0.13977 -0.27078 0.27137
fb: 0.11629 -0.14263 -0.27078 0.27137
dist/lin/ang/drive_left/drive_right/tv_l/tv_r/av_l/av_r/x/y/theta/t_err: -0.00612 -0.00153 0.20458 0.25891 -0.02634 -0.17539 0.09069 -0.17539 0.09069 48.24072 0.02408 0.81408 -0.01801
target: -0.00153 0.02676
target: -0.00153 0.02676
fb: 0.08341 -0.12855 -0.36001 0.36079
fb: 0.06223 -0.10256 -0.36001 0.36079
final error: 0.30736, x: -0.30639, y: -0.02434
final local error: 0.30736, forwards: -0.30622, sideways: -0.02647
position: 48.30639 0.02434 -0.39807
took 1.28000 time to finish turn
dist/lin/ang/drive_left/drive_right/tv_l/tv_r/av_l/av_r/x/y/theta/t_err: -1.22989 -0.08636 -0.09497 0.00000 0.00000 -0.00017 0.00017 -0.00017 0.00017 48.42105 0.02391 180.40355 -0.00655
target: -0.08636 -0.01242
target: -0.08636 -0.01242
fb: 0.00000 0.00000 -0.17947 -0.31281
fb: 0.00000 0.00000 -0.17947 -0.31281
dist/lin/ang/drive_left/drive_right/tv_l/tv_r/av_l/av_r/x/y/theta/t_err: -1.22989 -0.17272 -0.09497 0.00000 0.00000 -0.01881 -0.09256 -0.01881 -0.09256 48.42105 0.02391 180.40355 -0.00655
target: -0.17272 -0.01242
target: -0.17272 -0.01242
fb: 0.00000 0.00000 -0.26733 -0.28887
fb: 0.00000 -0.00634 -0.26733 -0.28887
dist/lin/ang/drive_left/drive_right/tv_l/tv_r/av_l/av_r/x/y/theta/t_err: -1.22989 -0.25908 -0.08087 0.00634 -0.00634 -0.15708 -0.26506 -0.15708 -0.26506 48.42105 0.02391 180.38310 -0.00619
target: -0.25908 -0.01058
target: -0.25908 -0.01058
fb: 0.00000 -0.01317 -0.43836 -0.44082
fb: 0.00000 -0.01331 -0.43836 -0.44082
dist/lin/ang/drive_left/drive_right/tv_l/tv_r/av_l/av_r/x/y/theta/t_err: -1.22989 -0.34544 -0.01364 0.01331 -0.01331 -0.26592 -0.29294 -0.26592 -0.29294 48.42105 0.02391 180.27265 -0.00426
target: -0.34544 -0.00178
target: -0.34544 -0.00178
fb: 0.00000 -0.01331 -0.55065 -0.47880
fb: 0.00000 -0.01136 -0.55065 -0.47880
dist/lin/ang/drive_left/drive_right/tv_l/tv_r/av_l/av_r/x/y/theta/t_err: -1.22989 -0.43180 0.01437 0.01136 -0.01136 -0.39031 -0.39492 -0.39031 -0.39492 48.42105 0.02391 180.16211 -0.00234
target: -0.43180 0.00188
target: -0.43180 0.00188
fb: -0.06598 -0.00982 -0.57217 -0.54157
fb: -0.17454 -0.00662 -0.51789 -0.48728
dist/lin/ang/drive_left/drive_right/tv_l/tv_r/av_l/av_r/x/y/theta/t_err: -1.22640 -0.51816 0.02075 -0.16792 -0.18116 -0.47125 -0.43119 -0.47125 -0.43119 48.28362 0.02364 180.08265 -0.00095
target: -0.51816 0.00271
target: -0.51816 0.00271
fb: -0.25221 -0.00063 -0.75594 -0.75010
fb: -0.30848 0.00111 -0.72781 -0.72197
dist/lin/ang/drive_left/drive_right/tv_l/tv_r/av_l/av_r/x/y/theta/t_err: -1.22023 -0.60452 -0.00901 -0.30960 -0.30737 -0.46489 -0.44506 -0.46489 -0.44506 48.04072 0.02332 180.07544 -0.00083
target: -0.60452 -0.00118
target: -0.60452 -0.00118
fb: -0.32967 0.00146 -0.77200 -0.81399
fb: -0.39939 0.00244 -0.73714 -0.77913
dist/lin/ang/drive_left/drive_right/tv_l/tv_r/av_l/av_r/x/y/theta/t_err: -1.21225 -0.69088 -0.02150 -0.40183 -0.39695 -0.47433 -0.44744 -0.47433 -0.44744 47.72624 0.02286 180.08878 -0.00107
target: -0.69088 -0.00281
target: -0.69088 -0.00281
fb: -0.46934 0.00355 -0.78991 -0.81382
fb: -0.46559 0.00188 -0.79178 -0.81569
dist/lin/ang/drive_left/drive_right/tv_l/tv_r/av_l/av_r/x/y/theta/t_err: -1.20293 -0.77724 -0.03127 -0.46747 -0.46371 -0.51964 -0.41050 -0.51964 -0.41050 47.35963 0.02222 180.11106 -0.00147
target: -0.77724 -0.00409
target: -0.77724 -0.00409
fb: -0.50023 0.00000 -0.85387 -0.87637
fb: -0.51193 0.00000 -0.84802 -0.87052
dist/lin/ang/drive_left/drive_right/tv_l/tv_r/av_l/av_r/x/y/theta/t_err: -1.19270 -0.86360 -0.01939 -0.51193 -0.51193 -0.51264 -0.61497 -0.51264 -0.61497 46.95654 0.02144 180.10756 -0.00142
target: -0.86360 -0.00254
target: -0.86360 -0.00254
fb: -0.52958 -0.00627 -0.93165 -0.92664
fb: -0.59732 -0.00390 -0.89778 -0.89277
dist/lin/ang/drive_left/drive_right/tv_l/tv_r/av_l/av_r/x/y/theta/t_err: -1.18075 -0.94996 0.00699 -0.59342 -0.60123 -0.57664 -0.34169 -0.57664 -0.34169 46.48620 0.02073 180.06694 -0.00072
target: -0.94996 0.00091
target: -0.94996 0.00091
fb: -0.62248 0.00550 -0.97471 -0.94809
fb: -0.64962 0.01317 -0.96114 -0.93452
dist/lin/ang/drive_left/drive_right/tv_l/tv_r/av_l/av_r/x/y/theta/t_err: -1.16776 -1.03632 -0.05545 -0.66279 -0.63645 -0.57800 -0.50547 -0.57800 -0.50547 45.97469 0.01992 180.13145 -0.00186
target: -1.03632 -0.00725
target: -1.03632 -0.00725
fb: -0.71758 0.01798 -0.94808 -1.00000
fb: -0.73524 0.01038 -0.93925 -1.00000
dist/lin/ang/drive_left/drive_right/tv_l/tv_r/av_l/av_r/x/y/theta/t_err: -1.15305 -1.12268 -0.11232 -0.74562 -0.72486 -0.48614 -0.42861 -0.48614 -0.42861 45.39577 0.01792 180.25304 -0.00402
target: -1.12268 -0.01469
target: -1.12268 -0.01469
fb: -0.72156 0.00592 -1.00000 -1.00000
fb: -0.72906 0.00153 -1.00000 -1.00000
dist/lin/ang/drive_left/drive_right/tv_l/tv_r/av_l/av_r/x/y/theta/t_err: -1.13847 -1.20904 -0.08586 -0.73059 -0.72753 -0.59869 -0.64458 -0.59869 -0.64458 44.82171 0.01515 180.28973 -0.00472
target: -1.20904 -0.01123
target: -1.20904 -0.01123
fb: -0.77562 -0.00404 -1.00000 -1.00000
fb: -0.85329 -0.00704 -1.00000 -1.00000
dist/lin/ang/drive_left/drive_right/tv_l/tv_r/av_l/av_r/x/y/theta/t_err: -1.12141 -1.29540 -0.04792 -0.84625 -0.86033 -0.75289 -0.80625 -0.75289 -0.80625 44.14984 0.01191 180.25609 -0.00420
target: -1.29540 -0.00627
target: -1.29540 -0.00627
fb: -0.85925 -0.00530 -1.00000 -1.00000
fb: -0.87867 0.00000 -1.00000 -1.00000
dist/lin/ang/drive_left/drive_right/tv_l/tv_r/av_l/av_r/x/y/theta/t_err: -1.10383 -1.38176 -0.04369 -0.87867 -0.87867 -0.84253 -0.85144 -0.84253 -0.85144 43.45798 0.00904 180.22759 -0.00376
target: -1.38176 -0.00572
target: -1.38176 -0.00572
fb: -0.94067 0.00523 -1.00000 -1.00000
fb: -0.95810 0.01101 -1.00000 -1.00000
dist/lin/ang/drive_left/drive_right/tv_l/tv_r/av_l/av_r/x/y/theta/t_err: -1.08467 -1.46812 -0.09799 -0.96911 -0.94709 -0.86667 -0.87078 -0.86667 -0.87078 42.70358 0.00572 180.28632 -0.00486
target: -1.46812 -0.01282
target: -1.46812 -0.01282
fb: -1.02982 0.00690 -1.00000 -1.00000
fb: -1.04129 0.00216 -1.00000 -1.00000
dist/lin/ang/drive_left/drive_right/tv_l/tv_r/av_l/av_r/x/y/theta/t_err: -1.06385 -1.55448 -0.11207 -1.04345 -1.03913 -0.87658 -0.87489 -0.87658 -0.87489 41.88368 0.00119 180.34055 -0.00592
target: -1.55448 -0.01466
target: -1.55448 -0.01466
fb: -1.05497 0.00000 -1.00000 -1.00000
fb: -1.14831 0.00000 -1.00000 -1.00000
dist/lin/ang/drive_left/drive_right/tv_l/tv_r/av_l/av_r/x/y/theta/t_err: -1.04088 -1.64084 -0.09031 -1.14831 -1.14831 -0.88189 -0.87883 -0.88189 -0.87883 40.97951 -0.00418 180.33965 -0.00603
target: -1.64084 -0.01181
target: -1.64084 -0.01181
fb: -1.16751 0.00105 -1.00000 -1.00000
fb: -1.11124 0.00216 -1.00000 -1.00000
dist/lin/ang/drive_left/drive_right/tv_l/tv_r/av_l/av_r/x/y/theta/t_err: -1.01866 -1.72720 -0.10053 -1.11340 -1.10908 -0.88139 -0.88103 -0.88139 -0.88103 40.10453 -0.00944 180.35100 -0.00636
target: -1.72720 -0.01315
target: -1.72720 -0.01315
fb: -1.20039 0.00286 -1.00000 -1.00000
fb: -1.32065 0.00460 -1.00000 -1.00000
dist/lin/ang/drive_left/drive_right/tv_l/tv_r/av_l/av_r/x/y/theta/t_err: -0.99224 -1.75847 -0.11915 -1.32524 -1.31605 -0.88567 -0.88531 -0.88567 -0.88531 39.06467 -0.01604 180.38000 -0.00704
target: -1.75847 -0.01559
target: -1.75847 -0.01559
fb: -1.29373 0.00286 -1.00000 -1.00000
fb: -1.30917 -0.00167 -1.00000 -1.00000
dist/lin/ang/drive_left/drive_right/tv_l/tv_r/av_l/av_r/x/y/theta/t_err: -0.96606 -1.75735 -0.11822 -1.30750 -1.31084 -0.88925 -0.88653 -0.88925 -0.88653 38.03385 -0.02305 180.39216 -0.00745
target: -1.75735 -0.01546
target: -1.75735 -0.01546
fb: -1.33808 -0.00286 -0.97650 -1.00000
fb: -1.37691 -0.00167 -0.95708 -0.98300
dist/lin/ang/drive_left/drive_right/tv_l/tv_r/av_l/av_r/x/y/theta/t_err: -0.93852 -1.75817 -0.09630 -1.37524 -1.37859 -0.89831 -0.89422 -0.89831 -0.89422 36.94969 -0.03021 180.36302 -0.00715
target: -1.75817 -0.01260
target: -1.75817 -0.01260
fb: -1.42546 -0.00195 -0.95561 -0.95298
fb: -1.42149 -0.00773 -0.95760 -0.95496
dist/lin/ang/drive_left/drive_right/tv_l/tv_r/av_l/av_r/x/y/theta/t_err: -0.91009 -1.75974 -0.08124 -1.41375 -1.42922 -0.86222 -0.69539 -0.86222 -0.69539 35.83043 -0.03695 180.31815 -0.00658
target: -1.75974 -0.01063
target: -1.75974 -0.01063
fb: -1.44488 -0.00404 -0.94763 -0.95043
fb: -1.52630 0.00153 -0.90691 -0.90972
dist/lin/ang/drive_left/drive_right/tv_l/tv_r/av_l/av_r/x/y/theta/t_err: -0.87957 -1.76127 -0.07362 -1.52783 -1.52477 -0.90942 -0.87094 -0.90942 -0.87094 34.62864 -0.04304 180.27434 -0.00603
target: -1.76127 -0.00963
target: -1.76127 -0.00963
fb: -1.56514 0.00139 -0.88499 -0.89523
fb: -1.54373 0.00000 -0.89570 -0.90594
dist/lin/ang/drive_left/drive_right/tv_l/tv_r/av_l/av_r/x/y/theta/t_err: -0.84869 -1.76010 -0.10412 -1.54373 -1.54373 -0.78486 -0.74603 -0.78486 -0.74603 33.41311 -0.04898 180.28573 -0.00645
target: -1.76010 -0.01362
target: -1.76010 -0.01362
fb: -1.47974 0.00084 -0.89075 -0.95120
fb: -1.51085 0.00300 -0.87520 -0.93564
dist/lin/ang/drive_left/drive_right/tv_l/tv_r/av_l/av_r/x/y/theta/t_err: -0.81848 -1.75922 -0.10618 -1.51385 -1.50786 -0.83417 -0.76228 -0.83417 -0.76228 32.22348 -0.05495 180.29032 -0.00677
target: -1.75922 -0.01389
target: -1.75922 -0.01389
fb: -1.63089 0.00746 -0.83206 -0.85940
fb: -1.66598 0.01129 -0.81452 -0.84186
dist/lin/ang/drive_left/drive_right/tv_l/tv_r/av_l/av_r/x/y/theta/t_err: -0.78516 -1.75517 -0.15622 -1.67727 -1.65469 -0.81003 -0.78900 -0.81003 -0.78900 30.91170 -0.06225 180.35680 -0.00824
target: -1.75517 -0.02044
target: -1.75517 -0.02044
fb: -1.59802 0.01059 -0.79950 -0.89209
fb: -1.60574 0.00787 -0.79564 -0.88823
dist/lin/ang/drive_left/drive_right/tv_l/tv_r/av_l/av_r/x/y/theta/t_err: -0.75305 -1.75066 -0.18417 -1.61361 -1.59786 -0.77736 -0.78658 -0.77736 -0.78658 29.64737 -0.07098 180.42883 -0.00988
target: -1.75066 -0.02409
target: -1.75066 -0.02409
fb: -1.63310 0.00606 -0.78659 -0.85807
fb: -1.59625 0.00676 -0.80502 -0.87649
dist/lin/ang/drive_left/drive_right/tv_l/tv_r/av_l/av_r/x/y/theta/t_err: -0.72112 -1.74612 -0.20854 -1.60301 -1.58949 -0.77700 -0.78847 -0.77700 -0.78847 28.39053 -0.08112 180.49701 -0.01153
target: -1.74612 -0.02728
target: -1.74612 -0.02728
fb: -1.62516 0.00648 -0.78627 -0.85779
fb: -1.63685 0.00495 -0.78042 -0.85194
dist/lin/ang/drive_left/drive_right/tv_l/tv_r/av_l/av_r/x/y/theta/t_err: -0.68839 -1.74208 -0.22544 -1.64180 -1.63190 -0.78369 -0.78078 -0.78369 -0.78078 27.10172 -0.09294 180.54871 -0.01301
target: -1.74208 -0.02949
target: -1.74208 -0.02949
fb: -1.64259 0.00383 -0.77878 -0.84448
fb: -1.67348 0.00181 -0.76333 -0.82903
dist/lin/ang/drive_left/drive_right/tv_l/tv_r/av_l/av_r/x/y/theta/t_err: -0.65492 -1.73887 -0.23491 -1.67529 -1.67167 -0.77033 -0.79842 -0.77033 -0.79842 25.78408 -0.10592 180.57701 -0.01418
target: -1.73887 -0.03073
target: -1.73887 -0.03073
fb: -1.64656 -0.00195 -0.78074 -0.83934
fb: -1.65252 -0.00523 -0.77777 -0.83637
dist/lin/ang/drive_left/drive_right/tv_l/tv_r/av_l/av_r/x/y/theta/t_err: -0.62187 -1.73833 -0.21339 -1.64729 -1.65774 -0.76178 -0.78061 -0.76178 -0.78061 24.48295 -0.11875 180.54578 -0.01438
target: -1.73833 -0.02791
target: -1.73833 -0.02791
fb: -1.65428 -0.00648 -0.80720 -0.82554
fb: -1.65428 -0.00648 -0.80720 -0.82554
dist/lin/ang/drive_left/drive_right/tv_l/tv_r/av_l/av_r/x/y/theta/t_err: -0.58879 -1.73867 -0.20352 -1.64780 -1.66076 -0.77033 -0.79922 -0.77033 -0.79922 23.18042 -0.13055 180.49385 -0.01425
target: -1.73867 -0.02662
target: -1.73867 -0.02662
fb: -1.71651 -0.00815 -0.77392 -0.80426
fb: -1.65230 -0.00773 -0.80603 -0.83637
dist/lin/ang/drive_left/drive_right/tv_l/tv_r/av_l/av_r/x/y/theta/t_err: -0.55575 -1.72421 -0.19292 -1.64456 -1.66003 -0.78419 -0.79464 -0.78419 -0.79464 21.87944 -0.14106 180.42725 -0.01390
target: -1.72421 -0.02524
target: -1.72421 -0.02524
fb: -1.63685 -0.00739 -0.74274 -0.77034
fb: -1.75512 -0.00850 -0.68360 -0.71120
dist/lin/ang/drive_left/drive_right/tv_l/tv_r/av_l/av_r/x/y/theta/t_err: -0.52065 -1.66982 -0.18746 -1.74662 -1.76362 -0.77922 -0.79119 -0.77922 -0.79119 20.49748 -0.15047 180.35552 -0.01355
target: -1.66982 -0.02452
target: -1.66982 -0.02452
fb: -1.62714 -0.00906 -0.53575 -0.56841
fb: -1.68540 -0.00794 -0.50662 -0.53928
dist/lin/ang/drive_left/drive_right/tv_l/tv_r/av_l/av_r/x/y/theta/t_err: -0.48695 -1.61565 -0.18411 -1.67745 -1.69334 -0.69914 -0.70586 -0.69914 -0.70586 19.17042 -0.15787 180.28643 -0.01323
target: -1.61565 -0.02408
target: -1.61565 -0.02408
fb: -1.71430 -0.00843 -0.44282 -0.47732
fb: -1.60971 -0.00808 -0.49512 -0.52962
dist/lin/ang/drive_left/drive_right/tv_l/tv_r/av_l/av_r/x/y/theta/t_err: -0.45475 -1.56207 -0.18010 -1.60163 -1.61779 -0.58844 -0.57869 -0.58844 -0.57869 17.90295 -0.16340 180.21823 -0.01294
target: -1.56207 -0.02356
target: -1.56207 -0.02356
fb: -1.70680 -0.00599 -0.40080 -0.43379
fb: -1.59802 -0.00474 -0.45520 -0.48819
dist/lin/ang/drive_left/drive_right/tv_l/tv_r/av_l/av_r/x/y/theta/t_err: -0.42280 -1.50587 -0.19279 -1.59328 -1.60275 -0.51264 -0.51403 -0.51264 -0.51403 16.64467 -0.16768 180.17154 -0.01307
target: -1.50587 -0.02522
target: -1.50587 -0.02522
fb: -1.60971 0.00000 -0.37675 -0.43158
fb: -1.60971 0.00355 -0.37675 -0.43158
dist/lin/ang/drive_left/drive_right/tv_l/tv_r/av_l/av_r/x/y/theta/t_err: -0.39060 -1.44434 -0.24287 -1.61326 -1.60616 -0.48697 -0.52119 -0.48697 -0.52119 15.37719 -0.17151 180.18716 -0.01442
target: -1.44434 -0.03177
target: -1.44434 -0.03177
fb: -1.48349 0.00098 -0.33607 -0.44364
fb: -1.56116 -0.00627 -0.29723 -0.40481
dist/lin/ang/drive_left/drive_right/tv_l/tv_r/av_l/av_r/x/y/theta/t_err: -0.35939 -1.38302 -0.25247 -1.55489 -1.56744 -0.49911 -0.50939 -0.49911 -0.50939 14.14793 -0.17559 180.17803 -0.01552
target: -1.38302 -0.03303
target: -1.38302 -0.03303
fb: -1.52431 -0.00975 -0.28368 -0.34523
fb: -1.48570 -0.00948 -0.30299 -0.36453
dist/lin/ang/drive_left/drive_right/tv_l/tv_r/av_l/av_r/x/y/theta/t_err: -0.32967 -1.32487 -0.22028 -1.47622 -1.49518 -0.44831 -0.47447 -0.44831 -0.47447 12.97810 -0.17838 180.09480 -0.01540
target: -1.32487 -0.02881
target: -1.32487 -0.02881
fb: -1.51085 -0.01108 -0.27751 -0.28417
fb: -1.37890 -0.01331 -0.34348 -0.35015
dist/lin/ang/drive_left/drive_right/tv_l/tv_r/av_l/av_r/x/y/theta/t_err: -0.30210 -1.26909 -0.20669 -1.36559 -1.39221 -0.40944 -0.42794 -0.40944 -0.42794 11.89235 -0.17930 179.99440 -0.01498
target: -1.26909 -0.02704
target: -1.26909 -0.02704
fb: -1.40604 -0.01589 -0.27882 -0.30497
fb: -1.33808 -0.01247 -0.31280 -0.33895
dist/lin/ang/drive_left/drive_right/tv_l/tv_r/av_l/av_r/x/y/theta/t_err: -0.27534 -1.21308 -0.18609 -1.32561 -1.35055 -0.41544 -0.42469 -0.41544 -0.42469 10.83874 -0.17809 179.87172 -0.01419
target: -1.21308 -0.02434
target: -1.21308 -0.02434
fb: -1.27034 -0.00934 -0.30069 -0.31491
fb: -1.33631 -0.00794 -0.26770 -0.28192
dist/lin/ang/drive_left/drive_right/tv_l/tv_r/av_l/av_r/x/y/theta/t_err: -0.24862 -1.15246 -0.21128 -1.32837 -1.34426 -0.38022 -0.39356 -0.38022 -0.39356 9.78653 -0.17503 179.79646 -0.01433
target: -1.15246 -0.02764
target: -1.15246 -0.02764
fb: -1.23547 -0.00885 -0.21527 -0.28777
fb: -1.15581 -0.00864 -0.25509 -0.32760
dist/lin/ang/drive_left/drive_right/tv_l/tv_r/av_l/av_r/x/y/theta/t_err: -0.22550 -1.09734 -0.21338 -1.14717 -1.16445 -0.33828 -0.34817 -0.33828 -0.34817 8.87645 -0.17123 179.72405 -0.01447
target: -1.09734 -0.02791
target: -1.09734 -0.02791
fb: -1.13242 -0.00766 -0.25198 -0.29763
fb: -1.11323 -0.00766 -0.26158 -0.30723
dist/lin/ang/drive_left/drive_right/tv_l/tv_r/av_l/av_r/x/y/theta/t_err: -0.20324 -1.04118 -0.22385 -1.10556 -1.12089 -0.30900 -0.34003 -0.30900 -0.34003 7.99991 -0.16650 179.65717 -0.01483
target: -1.04118 -0.02928
target: -1.04118 -0.02928
fb: -1.09381 -0.01115 -0.21017 -0.26746
fb: -1.01437 -0.01352 -0.24989 -0.30718
dist/lin/ang/drive_left/drive_right/tv_l/tv_r/av_l/av_r/x/y/theta/t_err: -0.18296 -0.98804 -0.21047 -1.00085 -1.02789 -0.28867 -0.31464 -0.28867 -0.31464 7.20121 -0.16112 179.56120 -0.01471
target: -0.98804 -0.02753
target: -0.98804 -0.02753
fb: -1.00665 -0.01616 -0.23258 -0.25940
fb: -1.04129 -0.01756 -0.21525 -0.24208
dist/lin/ang/drive_left/drive_right/tv_l/tv_r/av_l/av_r/x/y/theta/t_err: -0.16213 -0.95184 -0.18600 -1.02373 -1.05885 -0.26761 -0.30458 -0.26761 -0.30458 6.38133 -0.15390 179.42179 -0.01402
target: -0.95184 -0.02433
target: -0.95184 -0.02433
fb: -0.93273 -0.01839 -0.31304 -0.32248
fb: -0.86896 -0.01902 -0.34493 -0.35436
dist/lin/ang/drive_left/drive_right/tv_l/tv_r/av_l/av_r/x/y/theta/t_err: -0.14474 -0.89935 -0.09209 -0.84994 -0.88798 -0.24758 -0.28131 -0.24758 -0.28131 5.69715 -0.14603 179.26049 -0.01121
target: -0.89935 -0.01205
target: -0.89935 -0.01205
fb: -0.86498 -0.01770 -0.28302 -0.19422
fb: -0.86300 -0.01749 -0.28401 -0.19521
dist/lin/ang/drive_left/drive_right/tv_l/tv_r/av_l/av_r/x/y/theta/t_err: -0.12749 -0.84404 -0.05734 -0.84551 -0.88049 -0.29342 -0.30131 -0.29342 -0.30131 5.01770 -0.13634 179.10798 -0.00854
target: -0.84404 -0.00750
target: -0.84404 -0.00750
fb: -0.84755 -0.01526 -0.19831 -0.17301
fb: -0.78930 -0.01045 -0.22744 -0.20214
dist/lin/ang/drive_left/drive_right/tv_l/tv_r/av_l/av_r/x/y/theta/t_err: -0.11170 -0.79007 -0.04215 -0.77885 -0.79975 -0.28181 -0.22842 -0.28181 -0.22842 4.39629 -0.12600 178.98943 -0.00647
target: -0.79007 -0.00551
target: -0.79007 -0.00551
fb: -0.77385 -0.00167 -0.18115 -0.17619
fb: -0.78158 0.00627 -0.17729 -0.17233
dist/lin/ang/drive_left/drive_right/tv_l/tv_r/av_l/av_r/x/y/theta/t_err: -0.09607 -0.73271 -0.09731 -0.78785 -0.77530 -0.23219 -0.21233 -0.23219 -0.21233 3.78097 -0.11506 178.99441 -0.00656
target: -0.73271 -0.01273
target: -0.73271 -0.01273
fb: -0.71957 0.00606 -0.09624 -0.18371
fb: -0.67301 0.00460 -0.11952 -0.20699
dist/lin/ang/drive_left/drive_right/tv_l/tv_r/av_l/av_r/x/y/theta/t_err: -0.08261 -0.67944 -0.13223 -0.67761 -0.66841 -0.19506 -0.18786 -0.19506 -0.18786 3.25112 -0.10603 179.04822 -0.00750
target: -0.67944 -0.01730
target: -0.67944 -0.01730
fb: -0.65933 0.00460 -0.10306 -0.17279
fb: -0.62049 0.00056 -0.12248 -0.19221
dist/lin/ang/drive_left/drive_right/tv_l/tv_r/av_l/av_r/x/y/theta/t_err: -0.07020 -0.62633 -0.12948 -0.62105 -0.61994 -0.13844 -0.20328 -0.13844 -0.20328 2.76261 -0.09807 179.07828 -0.00802
target: -0.62633 -0.01694
target: -0.62633 -0.01694
fb: -0.59159 -0.00732 -0.11160 -0.13644
fb: -0.53929 -0.01387 -0.13775 -0.16259
dist/lin/ang/drive_left/drive_right/tv_l/tv_r/av_l/av_r/x/y/theta/t_err: -0.05942 -0.57621 -0.06522 -0.52543 -0.55316 -0.13567 -0.18806 -0.13567 -0.18806 2.33802 -0.09103 179.00410 -0.00673
target: -0.57621 -0.00853
target: -0.57621 -0.00853
fb: -0.56621 -0.02021 -0.13247 -0.07361
fb: -0.58762 -0.02195 -0.12177 0.06492
dist/lin/ang/drive_left/drive_right/tv_l/tv_r/av_l/av_r/x/y/theta/t_err: -0.04767 -0.51611 0.02238 -0.56567 -0.60956 -0.14286 -0.15539 -0.14286 -0.15539 1.87542 -0.08234 178.83009 -0.00369
target: -0.51611 0.00293
target: -0.51611 0.00293
fb: -0.52760 -0.01965 -0.07848 0.15110
fb: -0.50421 -0.01087 -0.09018 0.13940
dist/lin/ang/drive_left/drive_right/tv_l/tv_r/av_l/av_r/x/y/theta/t_err: -0.03759 -0.45830 0.04760 -0.49334 -0.51508 -0.12614 0.02653 -0.12614 0.02653 1.47850 -0.07368 178.68336 -0.00113
target: -0.45830 0.00623
target: -0.45830 0.00623
fb: -0.42278 0.00321 -0.12974 -0.09659
fb: -0.42852 0.01798 -0.12687 -0.09372
dist/lin/ang/drive_left/drive_right/tv_l/tv_r/av_l/av_r/x/y/theta/t_err: -0.02902 -0.40266 -0.05934 -0.44650 -0.41054 -0.11431 0.05906 -0.11431 0.05906 1.14117 -0.06603 178.74562 -0.00222
target: -0.40266 -0.00776
target: -0.40266 -0.00776
fb: -0.34710 0.03240 0.04168 -0.17758
fb: -0.23853 0.04048 -0.09065 -0.23186
dist/lin/ang/drive_left/drive_right/tv_l/tv_r/av_l/av_r/x/y/theta/t_err: -0.02424 -0.36803 -0.23844 -0.27901 -0.19805 -0.08694 -0.10628 -0.08694 -0.10628 0.95338 -0.06242 179.04481 -0.00744
target: -0.36803 -0.03119
target: -0.36803 -0.03119
fb: -0.31025 0.03609 0.06954 -0.26604
fb: -0.30650 0.02035 0.06767 -0.26791
dist/lin/ang/drive_left/drive_right/tv_l/tv_r/av_l/av_r/x/y/theta/t_err: -0.01810 -0.31806 -0.29713 -0.32684 -0.28615 -0.04483 -0.20994 -0.04483 -0.20994 0.71207 -0.05902 179.31931 -0.01223
target: -0.31806 -0.03887
target: -0.31806 -0.03887
fb: -0.29105 0.00230 0.06838 -0.13574
fb: -0.28112 -0.01867 0.06341 -0.14071
dist/lin/ang/drive_left/drive_right/tv_l/tv_r/av_l/av_r/x/y/theta/t_err: -0.01248 -0.26409 -0.15937 -0.26245 -0.29979 0.04519 -0.22483 0.04519 -0.22483 0.49073 -0.05642 179.29321 -0.01178
target: -0.26409 -0.02085
target: -0.26409 -0.02085
fb: -0.23655 -0.04271 -0.10971 0.10748
fb: -0.20367 -0.06327 -0.12615 0.09104
dist/lin/ang/drive_left/drive_right/tv_l/tv_r/av_l/av_r/x/y/theta/t_err: -0.00842 -0.21687 0.11412 -0.14040 -0.26693 0.01453 -0.11328 0.01453 -0.11328 0.33038 -0.05395 178.87999 -0.00456
target: -0.21687 0.01493
target: -0.21687 0.01493
fb: -0.18800 -0.07462 -0.21025 0.21467
fb: -0.17079 -0.07434 -0.21885 0.20607
dist/lin/ang/drive_left/drive_right/tv_l/tv_r/av_l/av_r/x/y/theta/t_err: -0.00501 -0.00125 0.37577 -0.09645 -0.24513 -0.12542 0.08350 -0.12542 0.08350 0.19594 -0.05060 178.23892 0.00662
target: -0.00125 0.04916
target: -0.00125 0.04916
fb: -0.16108 -0.06550 0.28284 0.66164
fb: -0.14343 -0.04292 0.28284 0.66164
dist/lin/ang/drive_left/drive_right/tv_l/tv_r/av_l/av_r/x/y/theta/t_err: -0.00216 -0.00054 0.44656 -0.10051 -0.18635 -0.11650 0.20106 -0.11650 0.20106 0.08308 -0.04662 177.73051 0.01550
target: -0.00054 0.05841
target: -0.00054 0.05841
fb: -0.10856 -0.01505 -0.11860 0.12595
fb: -0.07966 0.01150 -0.11860 0.12595
dist/lin/ang/drive_left/drive_right/tv_l/tv_r/av_l/av_r/x/y/theta/t_err: -0.00056 -0.00014 0.27586 -0.09115 -0.06816 0.14650 0.48219 0.14650 0.48219 0.02041 -0.04406 177.65633 0.01679
target: -0.00014 0.03609
target: -0.00014 0.03609
fb: -0.05053 0.03519 0.11607 -0.11948
fb: -0.02516 0.05045 0.11607 -0.11948
increased max accel to 3.68300
decreased max accel to 3.55600
increased target to 56.00000
increased target to 64.00000
decreased target to 56.00000
decreased target to 48.00000
increased slew to 4.44500
increased slew to 4.57200
increased slew to 4.69900
increased slew to 4.82600
increased slew to 4.95300
increased slew to 5.08000
increased slew to 5.20700
increased slew to 5.33400
increased slew to 5.46100
increased slew to 5.58800
start is 0.00000 0.00000
dist/lin/ang/drive_left/drive_right/tv_l/tv_r/av_l/av_r/x/y/theta/t_err: 1.21920 0.11176 0.00000 0.00000 0.00000 0.00017 0.00000 0.00017 0.00000 0.00000 0.00000 -0.00002 0.00000
target: 0.11176 0.00000
target: 0.11176 0.00000
fb: 0.00000 0.00000 0.30389 0.30879
fb: 0.00000 0.00000 0.30389 0.30879
dist/lin/ang/drive_left/drive_right/tv_l/tv_r/av_l/av_r/x/y/theta/t_err: 1.21920 0.22352 0.00002 0.00000 0.00000 0.05697 0.00000 0.05697 0.00000 0.00000 0.00000 -0.00003 0.00000
target: 0.22352 0.00000
target: 0.22352 0.00000
fb: 0.00000 0.00000 0.45700 0.46191
fb: 0.00000 -0.00209 0.45700 0.46191
dist/lin/ang/drive_left/drive_right/tv_l/tv_r/av_l/av_r/x/y/theta/t_err: 1.21920 0.33528 -0.00004 0.00209 -0.00209 0.28506 0.24694 0.28506 0.24694 0.00000 0.00000 0.00004 -0.00000
target: 0.33528 -0.00001
target: 0.33528 -0.00001
fb: 0.00000 -0.01902 0.55427 0.55910
fb: 0.00000 -0.01623 0.55427 0.55910
dist/lin/ang/drive_left/drive_right/tv_l/tv_r/av_l/av_r/x/y/theta/t_err: 1.21920 0.44704 0.04607 0.01623 -0.01623 0.41031 0.40278 0.41031 0.40278 0.00000 0.00000 -0.06680 0.00117
target: 0.44704 0.00603
target: 0.44704 0.00603
fb: 0.04656 -0.00683 0.59701 0.66426
fb: 0.15910 -0.00369 0.54074 0.60799
dist/lin/ang/drive_left/drive_right/tv_l/tv_r/av_l/av_r/x/y/theta/t_err: 1.21827 0.55880 0.09326 0.16279 0.15540 0.46525 0.48883 0.46525 0.48883 0.03666 -0.00010 -0.17743 0.00310
target: 0.55880 0.01220
target: 0.55880 0.01220
fb: 0.22882 -0.00251 0.86473 0.94197
fb: 0.24626 -0.00334 0.85602 0.93325
dist/lin/ang/drive_left/drive_right/tv_l/tv_r/av_l/av_r/x/y/theta/t_err: 1.21369 0.67056 0.06497 0.24960 0.24291 0.48253 0.48422 0.48253 0.48422 0.21684 -0.00071 -0.20576 0.00361
target: 0.67056 0.00850
target: 0.67056 0.00850
fb: 0.31422 -0.00523 0.97075 0.95426
fb: 0.36850 -0.00704 0.94360 0.92712
dist/lin/ang/drive_left/drive_right/tv_l/tv_r/av_l/av_r/x/y/theta/t_err: 1.20741 0.78232 0.07599 0.37554 0.36146 0.44608 0.48306 0.44608 0.48306 0.46425 -0.00167 -0.23898 0.00421
target: 0.78232 0.00994
target: 0.78232 0.00994
fb: 0.40910 -0.00592 1.00000 1.00000
fb: 0.45765 -0.00237 0.97674 1.00000
dist/lin/ang/drive_left/drive_right/tv_l/tv_r/av_l/av_r/x/y/theta/t_err: 1.19923 0.89408 0.09915 0.46002 0.45528 0.49653 0.45000 0.49653 0.45000 0.78637 -0.00317 -0.29250 0.00517
target: 0.89408 0.01297
target: 0.89408 0.01297
fb: 0.46559 0.00000 1.00000 1.00000
fb: 0.50046 -0.00655 1.00000 1.00000
dist/lin/ang/drive_left/drive_right/tv_l/tv_r/av_l/av_r/x/y/theta/t_err: 1.18991 1.00584 0.08603 0.50700 0.49391 0.51281 0.54461 0.51281 0.54461 1.15298 -0.00510 -0.30612 0.00545
target: 1.00584 0.01125
target: 1.00584 0.01125
fb: 0.54481 -0.01366 1.00000 1.00000
fb: 0.60703 -0.01324 1.00000 1.00000
dist/lin/ang/drive_left/drive_right/tv_l/tv_r/av_l/av_r/x/y/theta/t_err: 1.17902 1.11760 0.12870 0.62027 0.59380 0.74619 0.75886 0.74619 0.75886 1.58195 -0.00758 -0.37501 0.00671
target: 1.11760 0.01683
target: 1.11760 0.01683
fb: 0.68073 -0.01184 1.00000 1.00000
fb: 0.71736 -0.01303 1.00000 1.00000
dist/lin/ang/drive_left/drive_right/tv_l/tv_r/av_l/av_r/x/y/theta/t_err: 1.16540 1.22936 0.17697 0.73039 0.70433 0.80181 0.81189 0.80181 0.81189 2.11795 -0.01163 -0.48545 0.00873
target: 1.22936 0.02315
target: 1.22936 0.02315
fb: 0.75642 -0.01178 1.00000 1.00000
fb: 0.82637 -0.00787 1.00000 1.00000
dist/lin/ang/drive_left/drive_right/tv_l/tv_r/av_l/av_r/x/y/theta/t_err: 1.15028 1.34112 0.20547 0.83424 0.81850 0.83672 0.83211 0.83672 0.83211 2.71353 -0.01725 -0.59265 0.01072
target: 1.34112 0.02688
target: 1.34112 0.02688
fb: 0.80872 -0.00955 1.00000 1.00000
fb: 0.86300 -0.01157 1.00000 1.00000
dist/lin/ang/drive_left/drive_right/tv_l/tv_r/av_l/av_r/x/y/theta/t_err: 1.13410 1.45288 0.21532 0.87456 0.85143 0.85519 0.85072 0.85519 0.85072 3.35027 -0.02425 -0.67012 0.01224
target: 1.45288 0.02817
target: 1.45288 0.02817
fb: 0.94641 -0.01463 1.00000 1.00000
fb: 0.89786 -0.01721 1.00000 1.00000
dist/lin/ang/drive_left/drive_right/tv_l/tv_r/av_l/av_r/x/y/theta/t_err: 1.11518 1.56464 0.26123 0.91507 0.88065 0.86153 0.86033 0.86153 0.86033 4.09542 -0.03361 -0.77888 0.01436
target: 1.56464 0.03417
target: 1.56464 0.03417
fb: 1.03754 -0.01435 1.00000 1.00000
fb: 1.11521 -0.01157 1.00000 1.00000
dist/lin/ang/drive_left/drive_right/tv_l/tv_r/av_l/av_r/x/y/theta/t_err: 1.09443 1.67640 0.31307 1.12678 1.10365 0.86992 0.86411 0.86992 0.86411 4.91229 -0.04577 -0.91399 0.01701
target: 1.67640 0.04095
target: 1.67640 0.04095
fb: 1.12889 -0.00376 1.00000 1.00000
fb: 1.21605 -0.00300 1.00000 1.00000
dist/lin/ang/drive_left/drive_right/tv_l/tv_r/av_l/av_r/x/y/theta/t_err: 1.07185 1.72669 0.31113 1.21905 1.21306 0.88225 0.87197 0.88225 0.87197 5.80106 -0.06063 -0.98597 0.01865
target: 1.72669 0.04070
target: 1.72669 0.04070
fb: 1.20237 -0.00355 1.00000 1.00000
fb: 1.24695 -0.00307 1.00000 1.00000
dist/lin/ang/drive_left/drive_right/tv_l/tv_r/av_l/av_r/x/y/theta/t_err: 1.04781 1.72433 0.30468 1.25001 1.24388 0.88942 0.88394 0.88942 0.88394 6.74766 -0.07716 -1.01092 0.01951
target: 1.72433 0.03986
target: 1.72433 0.03986
fb: 1.26835 -0.00502 0.96325 1.00000
fb: 1.31491 -0.00578 0.93997 0.99205
dist/lin/ang/drive_left/drive_right/tv_l/tv_r/av_l/av_r/x/y/theta/t_err: 1.02245 1.72131 0.32696 1.32069 1.30913 0.76331 0.88669 0.76331 0.88669 7.74620 -0.09504 -1.04664 0.02063
target: 1.72131 0.04277
target: 1.72131 0.04277
fb: 1.42745 -0.00509 0.85944 0.94925
fb: 1.36522 0.00432 0.89056 0.98036
dist/lin/ang/drive_left/drive_right/tv_l/tv_r/av_l/av_r/x/y/theta/t_err: 0.99391 1.71775 0.35107 1.36090 1.36954 0.72311 0.71764 0.72311 0.71764 8.86998 -0.11599 -1.08743 0.02194
target: 1.71775 0.04592
target: 1.71775 0.04592
fb: 1.35948 0.00669 0.88482 0.98101
fb: 1.43715 0.00871 0.84599 0.94217
dist/lin/ang/drive_left/drive_right/tv_l/tv_r/av_l/av_r/x/y/theta/t_err: 0.96672 1.71761 0.32022 1.42844 1.44586 0.71472 0.73081 0.71472 0.73081 9.94025 -0.13611 -1.05532 0.02200
target: 1.71761 0.04189
target: 1.71761 0.04189
fb: 1.38089 0.00941 0.92274 0.94882
fb: 1.42546 0.00732 0.90046 0.92653
dist/lin/ang/drive_left/drive_right/tv_l/tv_r/av_l/av_r/x/y/theta/t_err: 0.93911 1.71955 0.29058 1.41814 1.43278 0.75269 0.73097 0.75269 0.73097 11.02739 -0.15545 -0.97820 0.02128
target: 1.71955 0.03801
target: 1.71955 0.03801
fb: 1.45260 0.00516 0.89888 0.92118
fb: 1.45834 0.00725 0.89601 0.91831
dist/lin/ang/drive_left/drive_right/tv_l/tv_r/av_l/av_r/x/y/theta/t_err: 0.91007 1.72058 0.29358 1.45109 1.46558 0.74533 0.77444 0.74533 0.77444 12.17101 -0.17436 -0.91860 0.02090
target: 1.72058 0.03840
target: 1.72058 0.03840
fb: 1.54175 0.00836 0.83209 0.89335
fb: 1.47974 0.00906 0.86309 0.92435
dist/lin/ang/drive_left/drive_right/tv_l/tv_r/av_l/av_r/x/y/theta/t_err: 0.87924 1.72179 0.28530 1.47068 1.48880 0.80969 0.77253 0.80969 0.77253 13.38484 -0.19316 -0.85197 0.02045
target: 1.72179 0.03732
target: 1.72179 0.03732
fb: 1.50688 0.00892 0.85876 0.90529
fb: 1.47996 0.00683 0.87222 0.91875
dist/lin/ang/drive_left/drive_right/tv_l/tv_r/av_l/av_r/x/y/theta/t_err: 0.84911 1.72359 0.27039 1.47313 1.48679 0.77650 0.78267 0.77650 0.78267 14.57125 -0.20996 -0.77393 0.01979
target: 1.72359 0.03537
target: 1.72359 0.03537
fb: 1.52233 0.00557 0.86020 0.89630
fb: 1.63487 0.00557 0.80393 0.84004
dist/lin/ang/drive_left/drive_right/tv_l/tv_r/av_l/av_r/x/y/theta/t_err: 0.81867 1.72436 0.27570 1.62929 1.64044 0.79069 0.78247 0.79069 0.78247 15.76983 -0.22551 -0.71662 0.01950
target: 1.72436 0.03606
target: 1.72436 0.03606
fb: 1.44289 0.00397 0.88415 0.94500
fb: 1.50688 0.00237 0.85216 0.91301
dist/lin/ang/drive_left/drive_right/tv_l/tv_r/av_l/av_r/x/y/theta/t_err: 0.78981 1.72458 0.27966 1.50451 1.50925 0.77633 0.78933 0.77633 0.78933 16.90588 -0.23927 -0.67205 0.01942
target: 1.72458 0.03658
target: 1.72458 0.03658
fb: 1.68540 0.00272 0.76133 0.82128
fb: 1.58831 0.00279 0.80987 0.86982
dist/lin/ang/drive_left/drive_right/tv_l/tv_r/av_l/av_r/x/y/theta/t_err: 0.75611 1.72362 0.29556 1.58552 1.59109 0.76108 0.76622 0.76108 0.76622 18.23288 -0.25450 -0.64327 0.01978
target: 1.72362 0.03866
target: 1.72362 0.03866
fb: 1.60397 0.00265 0.78805 0.86485
fb: 1.67944 0.00404 0.75032 0.82712
dist/lin/ang/drive_left/drive_right/tv_l/tv_r/av_l/av_r/x/y/theta/t_err: 0.72404 1.72232 0.30571 1.67540 1.68348 0.77492 0.79842 0.77492 0.79842 19.49577 -0.26842 -0.62107 0.02026
target: 1.72232 0.03999
target: 1.72232 0.03999
fb: 1.59404 0.00669 0.79295 0.86475
fb: 1.63509 0.00648 0.77243 0.84423
dist/lin/ang/drive_left/drive_right/tv_l/tv_r/av_l/av_r/x/y/theta/t_err: 0.69217 1.72162 0.30388 1.62861 1.64157 0.75492 0.78111 0.75492 0.78111 20.75085 -0.28170 -0.58304 0.02051
target: 1.72162 0.03975
target: 1.72162 0.03975
fb: 1.70680 0.00676 0.74556 0.80294
fb: 1.63089 0.00808 0.78352 0.84089
dist/lin/ang/drive_left/drive_right/tv_l/tv_r/av_l/av_r/x/y/theta/t_err: 0.65804 1.72153 0.29876 1.62281 1.63898 0.75936 0.78247 0.75936 0.78247 22.09473 -0.29469 -0.52549 0.02055
target: 1.72153 0.03908
target: 1.72153 0.03908
fb: 1.62516 0.00759 0.79112 0.84372
fb: 1.62140 0.00766 0.79299 0.84560
dist/lin/ang/drive_left/drive_right/tv_l/tv_r/av_l/av_r/x/y/theta/t_err: 0.62554 1.72175 0.29469 1.61374 1.62907 0.76556 0.79856 0.76556 0.79856 23.37433 -0.30572 -0.46128 0.02046
target: 1.72175 0.03855
target: 1.72175 0.03855
fb: 1.66399 0.00927 0.77289 0.82602
fb: 1.72026 0.01017 0.74476 0.79788
dist/lin/ang/drive_left/drive_right/tv_l/tv_r/av_l/av_r/x/y/theta/t_err: 0.59227 1.72225 0.28951 1.71009 1.73043 0.77819 0.80642 0.77819 0.80642 24.68452 -0.31540 -0.38705 0.02028
target: 1.72225 0.03787
target: 1.72225 0.03787
fb: 1.69113 0.01191 0.76197 0.81289
fb: 1.70658 0.01066 0.75425 0.80517
dist/lin/ang/drive_left/drive_right/tv_l/tv_r/av_l/av_r/x/y/theta/t_err: 0.55845 1.72359 0.27455 1.69592 1.71724 0.74603 0.78453 0.74603 0.78453 26.01610 -0.32336 -0.29104 0.01979
target: 1.72359 0.03591
target: 1.72359 0.03591
fb: 1.76682 0.00989 0.73581 0.77258
fb: 1.61743 0.01087 0.81050 0.84728
dist/lin/ang/drive_left/drive_right/tv_l/tv_r/av_l/av_r/x/y/theta/t_err: 0.52312 1.72448 0.27399 1.60656 1.62830 0.74417 0.77683 0.74417 0.77683 27.40728 -0.32923 -0.19902 0.01946
target: 1.72448 0.03584
target: 1.72448 0.03584
fb: 1.66201 0.01282 0.77878 0.83241
fb: 1.75137 0.01331 0.73409 0.78773
dist/lin/ang/drive_left/drive_right/tv_l/tv_r/av_l/av_r/x/y/theta/t_err: 0.48989 1.72530 0.27027 1.73807 1.76468 0.77292 0.78694 0.77292 0.78694 28.71595 -0.33275 -0.10918 0.01916
target: 1.72530 0.03535
target: 1.72530 0.03535
fb: 1.65826 0.01575 0.78330 0.83257
fb: 1.76483 0.01770 0.73001 0.77928
dist/lin/ang/drive_left/drive_right/tv_l/tv_r/av_l/av_r/x/y/theta/t_err: 0.45673 1.72719 0.25024 1.74714 1.78253 0.74364 0.79036 0.74364 0.79036 30.02166 -0.33395 0.00643 0.01846
target: 1.72719 0.03273
target: 1.72719 0.03273
fb: 1.71232 0.01700 0.77368 0.80022
fb: 1.62913 0.01714 0.81527 0.84181
dist/lin/ang/drive_left/drive_right/tv_l/tv_r/av_l/av_r/x/y/theta/t_err: 0.42249 1.68738 0.21570 1.61199 1.64627 0.74142 0.77733 0.74142 0.77733 31.36994 -0.33203 0.16146 0.01714
target: 1.68738 0.02822
target: 1.68738 0.02822
fb: 1.76682 0.01798 0.55486 0.55825
fb: 1.76660 0.01874 0.55497 0.55836
dist/lin/ang/drive_left/drive_right/tv_l/tv_r/av_l/av_r/x/y/theta/t_err: 0.38716 1.61815 0.20402 1.74786 1.78534 0.75083 0.75183 0.75083 0.75183 32.76112 -0.32627 0.30886 0.01602
target: 1.61815 0.02669
target: 1.61815 0.02669
fb: 1.71827 0.01798 0.38601 0.41421
fb: 1.68341 0.01888 0.40344 0.43164
dist/lin/ang/drive_left/drive_right/tv_l/tv_r/av_l/av_r/x/y/theta/t_err: 0.35279 1.54788 0.18011 1.66453 1.70229 0.60231 0.61014 0.60231 0.61014 34.11406 -0.31706 0.46596 0.01470
target: 1.54788 0.02356
target: 1.54788 0.02356
fb: 1.70879 0.01805 0.33188 0.34142
fb: 1.75336 0.01630 0.30959 0.31913
dist/lin/ang/drive_left/drive_right/tv_l/tv_r/av_l/av_r/x/y/theta/t_err: 0.31862 1.47395 0.16288 1.73706 1.76966 0.47586 0.50100 0.47586 0.50100 35.45950 -0.30425 0.62058 0.01343
target: 1.47395 0.02131
target: 1.47395 0.02131
fb: 1.64259 0.01108 0.28055 0.29488
fb: 1.61743 0.00829 0.29313 0.30746
dist/lin/ang/drive_left/drive_right/tv_l/tv_r/av_l/av_r/x/y/theta/t_err: 0.28577 1.39764 0.16356 1.60914 1.62572 0.40536 0.44008 0.40536 0.44008 36.75278 -0.28873 0.74645 0.01264
target: 1.39764 0.02140
target: 1.39764 0.02140
fb: 1.59802 0.00829 0.21317 0.24864
fb: 1.51858 0.00759 0.25289 0.28836
dist/lin/ang/drive_left/drive_right/tv_l/tv_r/av_l/av_r/x/y/theta/t_err: 0.25382 1.31630 0.19995 1.51098 1.52617 0.37747 0.40603 0.37747 0.40603 38.01095 -0.27164 0.80936 0.01306
target: 1.31630 0.02616
target: 1.31630 0.02616
fb: 1.47776 0.00885 0.15490 0.23874
fb: 1.44091 0.01212 0.17333 0.25716
dist/lin/ang/drive_left/drive_right/tv_l/tv_r/av_l/av_r/x/y/theta/t_err: 0.22426 1.23628 0.21012 1.42878 1.45303 0.32372 0.36739 0.32372 0.36739 39.17441 -0.25454 0.87361 0.01359
target: 1.23628 0.02749
target: 1.23628 0.02749
fb: 1.41575 0.01505 0.13283 0.18751
fb: 1.41376 0.01679 0.13382 0.18850
dist/lin/ang/drive_left/drive_right/tv_l/tv_r/av_l/av_r/x/y/theta/t_err: 0.19595 1.15580 0.19274 1.39697 1.43056 0.24950 0.32733 0.24950 0.32733 40.28903 -0.23653 0.98473 0.01348
target: 1.15580 0.02521
target: 1.15580 0.02521
fb: 1.25864 0.01735 0.15400 0.17314
fb: 1.23724 0.01867 0.16471 0.18385
dist/lin/ang/drive_left/drive_right/tv_l/tv_r/av_l/av_r/x/y/theta/t_err: 0.17078 1.10208 0.16677 1.21856 1.25591 0.21694 0.29706 0.21694 0.29706 41.27992 -0.21832 1.13006 0.01275
target: 1.10208 0.02182
target: 1.10208 0.02182
fb: 1.25489 0.01832 0.22130 0.22574
fb: 1.14434 0.02508 0.27658 0.28101
dist/lin/ang/drive_left/drive_right/tv_l/tv_r/av_l/av_r/x/y/theta/t_err: 0.14567 1.01786 0.07606 1.11926 1.16942 0.25617 0.29069 0.25617 0.29069 42.26780 -0.19751 1.28795 0.01000
target: 1.01786 0.00995
target: 1.01786 0.00995
fb: 1.11323 0.03317 0.13944 -0.07616
fb: 1.03555 0.03978 0.17827 0.09051
dist/lin/ang/drive_left/drive_right/tv_l/tv_r/av_l/av_r/x/y/theta/t_err: 0.12342 0.93687 -0.01685 0.99577 1.07534 0.25614 0.19797 0.25614 0.19797 43.14409 -0.17616 1.52265 0.00590
target: 0.93687 -0.00220
target: 0.93687 -0.00220
fb: 0.97929 0.04027 0.15504 -0.07949
fb: 0.91552 0.03498 0.18693 0.08023
dist/lin/ang/drive_left/drive_right/tv_l/tv_r/av_l/av_r/x/y/theta/t_err: 0.10383 0.85934 -0.15018 0.88054 0.95049 0.20156 0.07203 0.20156 0.07203 43.91485 -0.15338 1.86459 -0.00007
target: 0.85934 -0.01964
target: 0.85934 -0.01964
fb: 0.93295 0.02912 0.15688 -0.14865
fb: 0.95413 0.02160 0.14629 -0.15925
dist/lin/ang/drive_left/drive_right/tv_l/tv_r/av_l/av_r/x/y/theta/t_err: 0.08518 0.77832 -0.20100 0.93253 0.97573 0.20294 0.03972 0.20294 0.03972 44.64899 -0.12744 2.15473 -0.00513
target: 0.77832 -0.02629
target: 0.77832 -0.02629
fb: 0.84932 0.01289 0.06679 -0.15060
fb: 0.76789 0.00223 0.10751 -0.10989
dist/lin/ang/drive_left/drive_right/tv_l/tv_r/av_l/av_r/x/y/theta/t_err: 0.06819 0.69640 -0.18907 0.76566 0.77012 0.14853 -0.11158 0.14853 -0.11158 45.31723 -0.10123 2.32106 -0.00803
target: 0.69640 -0.02473
target: 0.69640 -0.02473
fb: 0.70788 -0.00982 -0.09672 -0.12015
fb: 0.64587 -0.02244 -0.06572 -0.08915
dist/lin/ang/drive_left/drive_right/tv_l/tv_r/av_l/av_r/x/y/theta/t_err: 0.05403 0.61991 -0.10966 0.66831 0.62343 0.05183 -0.10419 0.05183 -0.10419 45.87416 -0.07858 2.31114 -0.00786
target: 0.61991 -0.01435
target: 0.61991 -0.01435
fb: 0.54128 -0.03435 -0.10807 0.08963
fb: 0.42676 -0.03937 0.06724 0.14689
dist/lin/ang/drive_left/drive_right/tv_l/tv_r/av_l/av_r/x/y/theta/t_err: 0.04321 0.55434 0.04075 0.46612 0.38739 -0.06144 -0.04022 -0.06144 -0.04022 46.30004 -0.06209 2.08669 -0.00394
target: 0.55434 0.00533
target: 0.55434 0.00533
fb: 0.38968 -0.03832 -0.10326 0.20434
fb: 0.37622 -0.02940 -0.09653 0.21107
dist/lin/ang/drive_left/drive_right/tv_l/tv_r/av_l/av_r/x/y/theta/t_err: 0.03541 0.50186 0.17778 0.40563 0.34682 -0.00411 0.13125 -0.00411 0.13125 46.60671 -0.05186 1.74587 0.00200
target: 0.50186 0.02326
target: 0.50186 0.02326
fb: 0.32591 -0.01568 0.11147 0.30885
fb: 0.28884 0.00307 0.13000 0.32739
dist/lin/ang/drive_left/drive_right/tv_l/tv_r/av_l/av_r/x/y/theta/t_err: 0.02889 0.45331 0.18793 0.28578 0.29191 -0.00239 0.21800 -0.00239 0.21800 46.86323 -0.04461 1.51543 0.00603
target: 0.45331 0.02458
target: 0.45331 0.02458
fb: 0.26369 0.02362 0.18203 0.23182
fb: 0.24250 0.03728 0.19262 0.24241
dist/lin/ang/drive_left/drive_right/tv_l/tv_r/av_l/av_r/x/y/theta/t_err: 0.02362 0.40986 0.03951 0.20523 0.27978 0.13689 0.28078 0.13689 0.28078 47.07078 -0.03907 1.58487 0.00481
target: 0.40986 0.00517
target: 0.40986 0.00517
fb: 0.24052 0.04668 0.27236 0.10944
fb: 0.32194 0.05309 0.23164 0.06872
dist/lin/ang/drive_left/drive_right/tv_l/tv_r/av_l/av_r/x/y/theta/t_err: 0.01881 0.36577 -0.16797 0.26885 0.37503 0.19611 0.21131 0.19611 0.21131 47.26008 -0.03328 1.92979 -0.00121
target: 0.36577 -0.02197
target: 0.36577 -0.02197
fb: 0.35305 0.05672 0.22939 -0.12726
fb: 0.32393 0.05525 0.24395 -0.11270
dist/lin/ang/drive_left/drive_right/tv_l/tv_r/av_l/av_r/x/y/theta/t_err: 0.01175 0.28910 -0.34307 0.26867 0.37918 0.22944 0.05442 0.22944 0.05442 47.53788 -0.02284 2.40206 -0.00945
target: 0.28910 -0.04488
target: 0.28910 -0.04488
fb: 0.29083 0.04912 0.12492 -0.22429
fb: 0.22684 0.03735 0.15692 -0.19230
dist/lin/ang/drive_left/drive_right/tv_l/tv_r/av_l/av_r/x/y/theta/t_err: 0.00594 0.00148 -0.45785 0.18949 0.26418 0.21694 -0.10367 0.21694 -0.10367 47.76664 -0.01235 2.86747 -0.01757
target: 0.00148 -0.05989
target: 0.00148 -0.05989
fb: 0.19396 0.01819 -0.60225 -0.82253
fb: 0.19595 -0.00502 -0.60325 -0.82353
dist/lin/ang/drive_left/drive_right/tv_l/tv_r/av_l/av_r/x/y/theta/t_err: 0.00206 0.00051 -0.44983 0.20096 0.19093 0.09547 -0.17453 0.09547 -0.17453 47.91915 -0.00429 3.15039 -0.02251
target: 0.00051 -0.05884
target: 0.00051 -0.05884
fb: 0.19595 -0.02975 -0.10379 -0.17808
fb: 0.17653 -0.05386 0.07197 -0.08037
dist/lin/ang/drive_left/drive_right/tv_l/tv_r/av_l/av_r/x/y/theta/t_err: -0.00186 -0.00047 -0.25349 0.23039 0.12267 -0.35881 -0.57936 -0.35881 -0.57936 48.07321 0.00412 3.04466 -0.02066
target: -0.00047 -0.03316
target: -0.00047 -0.03316
fb: 0.13571 -0.07253 -0.13451 0.13514
fb: 0.09488 -0.07790 -0.13451 0.13514
dist/lin/ang/drive_left/drive_right/tv_l/tv_r/av_l/av_r/x/y/theta/t_err: -0.00458 -0.00114 0.05125 0.17278 0.01699 -0.02444 -0.13894 -0.02444 -0.13894 48.17993 0.00942 2.53570 -0.01178
target: -0.00114 0.00670
target: -0.00114 0.00670
fb: 0.06201 -0.07309 -0.22468 0.22601
fb: 0.04082 -0.05957 -0.22468 0.22601
dist/lin/ang/drive_left/drive_right/tv_l/tv_r/av_l/av_r/x/y/theta/t_err: -0.00582 -0.00145 0.28703 0.10039 -0.01875 -0.12356 0.10044 -0.12356 0.10044 48.22871 0.01134 1.87158 -0.00019
target: -0.00145 0.03755
target: -0.00145 0.03755
fb: 0.02714 -0.03463 -0.20412 0.20670
fb: 0.00772 -0.00683 -0.20412 0.20670
final error: 0.25036, x: -0.25008, y: -0.01196
final local error: 0.25036, forwards: -0.25029, sideways: -0.00579
position: 48.25008 0.01196 1.41281
took 1.26000 time to finish turn
dist/lin/ang/drive_left/drive_right/tv_l/tv_r/av_l/av_r/x/y/theta/t_err: -1.22555 -0.08636 -0.77517 0.00000 0.00000 0.00000 0.00000 0.00000 0.00000 48.25008 0.01196 183.07724 -0.05346
target: -0.08636 -0.10140
target: -0.08636 -0.10140
fb: 0.00000 0.00000 0.35859 -0.77283
fb: 0.00000 0.00000 0.35859 -0.77283
dist/lin/ang/drive_left/drive_right/tv_l/tv_r/av_l/av_r/x/y/theta/t_err: -1.22555 -0.17272 -0.77518 0.00000 0.00000 0.05939 -0.12697 0.05939 -0.12697 48.25008 0.01196 183.07726 -0.05346
target: -0.17272 -0.10140
target: -0.17272 -0.10140
fb: 0.00000 0.00000 -0.20770 -0.34849
fb: 0.00000 -0.00084 -0.20770 -0.34849
dist/lin/ang/drive_left/drive_right/tv_l/tv_r/av_l/av_r/x/y/theta/t_err: -1.22555 -0.25908 -0.77385 0.00084 -0.00084 0.24244 -0.42178 0.24244 -0.42178 48.25008 0.01196 183.07533 -0.05343
target: -0.25908 -0.10123
target: -0.25908 -0.10123
fb: 0.00000 -0.02390 -0.37011 -0.50907
fb: 0.00000 -0.05511 -0.37011 -0.50907
dist/lin/ang/drive_left/drive_right/tv_l/tv_r/av_l/av_r/x/y/theta/t_err: -1.22555 -0.34544 -0.57928 0.05511 -0.05511 -0.17217 -0.33744 -0.17217 -0.33744 48.25008 0.01196 182.79188 -0.04848
target: -0.34544 -0.07578
target: -0.34544 -0.07578
fb: 0.00000 -0.07065 -0.57604 -0.45341
fb: 0.00000 -0.08779 -0.57604 -0.45341
dist/lin/ang/drive_left/drive_right/tv_l/tv_r/av_l/av_r/x/y/theta/t_err: -1.22555 -0.43180 -0.24792 0.08779 -0.08779 -0.37611 -0.44011 -0.37611 -0.44011 48.25008 0.01196 182.13184 -0.03696
target: -0.43180 -0.03243
target: -0.43180 -0.03243
fb: 0.00000 -0.08953 -0.76074 -0.41898
fb: -0.06973 -0.08445 -0.72587 -0.38411
dist/lin/ang/drive_left/drive_right/tv_l/tv_r/av_l/av_r/x/y/theta/t_err: -1.22416 -0.51816 -0.00203 0.01472 -0.15418 -0.46319 -0.41561 -0.46319 -0.41561 48.19519 0.01048 181.35567 -0.02344
target: -0.51816 -0.00027
target: -0.51816 -0.00027
fb: -0.16086 -0.07532 -0.94061 -0.65679
fb: -0.23280 -0.06013 -0.90464 -0.62082
dist/lin/ang/drive_left/drive_right/tv_l/tv_r/av_l/av_r/x/y/theta/t_err: -1.21950 -0.60452 0.08243 -0.17267 -0.29293 -0.43136 -0.44694 -0.43136 -0.44694 48.01192 0.00728 180.73925 -0.01275
target: -0.60452 0.01078
target: -0.60452 0.01078
fb: -0.30076 -0.04146 -0.86170 -0.75320
fb: -0.32768 -0.03407 -0.84824 -0.73973
dist/lin/ang/drive_left/drive_right/tv_l/tv_r/av_l/av_r/x/y/theta/t_err: -1.21295 -0.69088 0.05838 -0.29361 -0.36175 -0.43086 -0.44369 -0.43086 -0.44369 47.75391 0.00482 180.38348 -0.00659
target: -0.69088 0.00764
target: -0.69088 0.00764
fb: -0.36652 -0.03121 -0.84151 -0.86504
fb: -0.41903 -0.03233 -0.81525 -0.83878
dist/lin/ang/drive_left/drive_right/tv_l/tv_r/av_l/av_r/x/y/theta/t_err: -1.20457 -0.77724 0.09612 -0.38670 -0.45136 -0.59442 -0.41717 -0.59442 -0.41717 47.42397 0.00343 180.10377 -0.00174
target: -0.77724 0.01257
target: -0.77724 0.01257
fb: -0.43823 -0.02912 -0.92400 -0.86824
fb: -0.41307 -0.02195 -0.93658 -0.88082
dist/lin/ang/drive_left/drive_right/tv_l/tv_r/av_l/av_r/x/y/theta/t_err: -1.19631 -0.86360 0.13851 -0.39113 -0.43502 -0.38261 -0.52186 -0.38261 -0.52186 47.09872 0.00353 179.86644 0.00241
target: -0.86360 0.01812
target: -0.86360 0.01812
fb: -0.50046 -0.01993 -0.97801 -0.90941
fb: -0.57217 -0.01986 -0.94216 -0.87355
dist/lin/ang/drive_left/drive_right/tv_l/tv_r/av_l/av_r/x/y/theta/t_err: -1.18486 -0.94996 0.15202 -0.55231 -0.59203 -0.47839 -0.58247 -0.47839 -0.58247 46.64819 0.00521 179.69863 0.00537
target: -0.94996 0.01989
target: -0.94996 0.01989
fb: -0.53532 -0.02202 -1.00000 -0.98653
fb: -0.59732 -0.02055 -0.99243 -0.95553
dist/lin/ang/drive_left/drive_right/tv_l/tv_r/av_l/av_r/x/y/theta/t_err: -1.17292 -1.03632 0.21016 -0.57677 -0.61788 -0.44025 -0.48133 -0.44025 -0.48133 46.17787 0.00850 179.51092 0.00872
target: -1.03632 0.02749
target: -1.03632 0.02749
fb: -0.61652 -0.01505 -1.00000 -0.99330
fb: -0.66507 -0.01268 -1.00000 -0.96903
dist/lin/ang/drive_left/drive_right/tv_l/tv_r/av_l/av_r/x/y/theta/t_err: -1.15962 -1.12268 0.22379 -0.65239 -0.67775 -0.51078 -0.60178 -0.51078 -0.60178 45.65422 0.01366 179.37631 0.01118
target: -1.12268 0.02927
target: -1.12268 0.02927
fb: -0.74473 -0.01087 -1.00000 -1.00000
fb: -0.67500 -0.00843 -1.00000 -1.00000
dist/lin/ang/drive_left/drive_right/tv_l/tv_r/av_l/av_r/x/y/theta/t_err: -1.14612 -1.20904 0.22770 -0.66657 -0.68343 -0.60128 -0.59289 -0.60128 -0.59289 45.12276 0.01985 179.28934 0.01284
target: -1.20904 0.02978
target: -1.20904 0.02978
fb: -0.74296 -0.00223 -1.00000 -1.00000
fb: -0.84358 0.00118 -1.00000 -1.00000
dist/lin/ang/drive_left/drive_right/tv_l/tv_r/av_l/av_r/x/y/theta/t_err: -1.12925 -1.29540 0.20392 -0.84477 -0.84240 -0.73200 -0.67433 -0.73200 -0.67433 44.45858 0.02824 179.27486 0.01329
target: -1.29540 0.02668
target: -1.29540 0.02668
fb: -0.81644 0.00000 -1.00000 -1.00000
fb: -0.83211 -0.00174 -1.00000 -1.00000
dist/lin/ang/drive_left/drive_right/tv_l/tv_r/av_l/av_r/x/y/theta/t_err: -1.11261 -1.38176 0.20084 -0.83036 -0.83385 -0.83056 -0.81106 -0.83056 -0.81106 43.80343 0.03652 179.27446 0.01350
target: -1.38176 0.02627
target: -1.38176 0.02627
fb: -0.91530 -0.00418 -1.00000 -1.00000
fb: -0.94442 -0.00334 -1.00000 -1.00000
dist/lin/ang/drive_left/drive_right/tv_l/tv_r/av_l/av_r/x/y/theta/t_err: -1.09372 -1.46812 0.22376 -0.94108 -0.94777 -0.85111 -0.84700 -0.85111 -0.84700 43.05985 0.04611 179.24735 0.01421
target: -1.46812 0.02927
target: -1.46812 0.02927
fb: -0.99892 0.00000 -1.00000 -1.00000
fb: -1.11323 0.00160 -1.00000 -1.00000
dist/lin/ang/drive_left/drive_right/tv_l/tv_r/av_l/av_r/x/y/theta/t_err: -1.07146 -1.55448 0.22057 -1.11483 -1.11162 -0.87008 -0.86906 -0.87008 -0.86906 42.18337 0.05769 179.24323 0.01458
target: -1.55448 0.02885
target: -1.55448 0.02885
fb: -1.04725 0.00105 -1.00000 -1.00000
fb: -1.04725 -0.00404 -1.00000 -1.00000
dist/lin/ang/drive_left/drive_right/tv_l/tv_r/av_l/av_r/x/y/theta/t_err: -1.05052 -1.64084 0.23161 -1.04321 -1.05129 -0.88242 -0.87622 -0.88242 -0.87622 41.35884 0.06862 179.23054 0.01509
target: -1.64084 0.03030
target: -1.64084 0.03030
fb: -1.09756 -0.01017 -1.00000 -1.00000
fb: -1.15383 -0.01108 -1.00000 -1.00000
dist/lin/ang/drive_left/drive_right/tv_l/tv_r/av_l/av_r/x/y/theta/t_err: -1.02744 -1.72720 0.28654 -1.14275 -1.16491 -0.88019 -0.87403 -0.88019 -0.87403 40.45040 0.08143 179.15255 0.01680
target: -1.72720 0.03748
target: -1.72720 0.03748
fb: -1.23944 -0.00822 -1.00000 -1.00000
fb: -1.22576 -0.00564 -1.00000 -1.00000
dist/lin/ang/drive_left/drive_right/tv_l/tv_r/av_l/av_r/x/y/theta/t_err: -1.00293 -1.72777 0.30070 -1.22012 -1.23141 -0.87506 -0.87267 -0.87506 -0.87267 39.48535 0.09626 179.09414 0.01825
target: -1.72777 0.03933
target: -1.72777 0.03933
fb: -1.27012 0.00000 -1.00000 -0.97173
fb: -1.23746 0.00153 -1.00000 -0.98806
dist/lin/ang/drive_left/drive_right/tv_l/tv_r/av_l/av_r/x/y/theta/t_err: -0.97819 -1.72651 0.28291 -1.23899 -1.23592 -0.89336 -0.82783 -0.89336 -0.82783 38.51109 0.11169 179.09406 0.01871
target: -1.72651 0.03701
target: -1.72651 0.03701
fb: -1.28402 0.00125 -0.99904 -0.97665
fb: -1.42722 0.00300 -0.92744 -0.90505
dist/lin/ang/drive_left/drive_right/tv_l/tv_r/av_l/av_r/x/y/theta/t_err: -0.94965 -1.72559 0.28468 -1.43022 -1.42423 -0.86939 -0.74244 -0.86939 -0.74244 37.38743 0.12934 179.10673 0.01905
target: -1.72559 0.03724
target: -1.72559 0.03724
fb: -1.33609 0.00711 -0.98519 -0.93949
fb: -1.36544 0.01282 -0.97052 -0.92481
dist/lin/ang/drive_left/drive_right/tv_l/tv_r/av_l/av_r/x/y/theta/t_err: -0.92234 -1.72735 0.25072 -1.37826 -1.35262 -0.78267 -0.72669 -0.78267 -0.72669 36.31241 0.14556 179.17518 0.01840
target: -1.72735 0.03280
target: -1.72735 0.03280
fb: -1.45084 0.01993 -0.91611 -0.91841
fb: -1.36147 0.01756 -0.96080 -0.96309
dist/lin/ang/drive_left/drive_right/tv_l/tv_r/av_l/av_r/x/y/theta/t_err: -0.89512 -1.73256 0.19121 -1.37903 -1.34391 -0.77869 -0.76383 -0.77869 -0.76383 35.24048 0.15971 179.31491 0.01649
target: -1.73256 0.02501
target: -1.73256 0.02501
fb: -1.41178 0.01421 -0.93397 -0.97679
fb: -1.46231 0.01129 -0.90870 -0.95152
dist/lin/ang/drive_left/drive_right/tv_l/tv_r/av_l/av_r/x/y/theta/t_err: -0.86587 -1.73604 0.18874 -1.47360 -1.45102 -0.75614 -0.74878 -0.75614 -0.74878 34.08912 0.17240 179.41804 0.01521
target: -1.73604 0.02469
target: -1.73604 0.02469
fb: -1.45834 0.00857 -0.94027 -0.91637
fb: -1.53005 0.00592 -0.90441 -0.88052
dist/lin/ang/drive_left/drive_right/tv_l/tv_r/av_l/av_r/x/y/theta/t_err: -0.83528 -1.73754 0.19890 -1.53597 -1.52413 -0.79344 -0.76383 -0.79344 -0.76383 32.88441 0.18394 179.48025 0.01466
target: -1.73754 0.02602
target: -1.73754 0.02602
fb: -1.49342 0.00766 -0.92452 -0.88397
fb: -1.54572 0.00718 -0.89837 -0.85782
dist/lin/ang/drive_left/drive_right/tv_l/tv_r/av_l/av_r/x/y/theta/t_err: -0.80437 -1.73889 0.19317 -1.55290 -1.53854 -0.79617 -0.78367 -0.79617 -0.78367 31.66736 0.19431 179.53958 0.01417
target: -1.73889 0.02527
target: -1.73889 0.02527
fb: -1.55918 0.00606 -0.88239 -0.86156
fb: -1.49541 0.00369 -0.91428 -0.89345
dist/lin/ang/drive_left/drive_right/tv_l/tv_r/av_l/av_r/x/y/theta/t_err: -0.77446 -1.73950 0.19673 -1.49910 -1.49172 -0.79856 -0.81053 -0.79856 -0.81053 30.48990 0.20330 179.58275 0.01395
target: -1.73950 0.02573
target: -1.73950 0.02573
fb: -1.58654 0.00404 -0.87209 -0.83968
fb: -1.55719 0.00286 -0.88676 -0.85436
dist/lin/ang/drive_left/drive_right/tv_l/tv_r/av_l/av_r/x/y/theta/t_err: -0.74332 -1.73916 0.20719 -1.56005 -1.55434 -0.79481 -0.82047 -0.79481 -0.82047 29.26380 0.21193 179.60853 0.01407
target: -1.73916 0.02710
target: -1.73916 0.02710
fb: -1.58058 0.00000 -0.87594 -0.83360
fb: -1.63487 -0.00153 -0.84880 -0.80646
dist/lin/ang/drive_left/drive_right/tv_l/tv_r/av_l/av_r/x/y/theta/t_err: -0.71063 -1.73771 0.22495 -1.63333 -1.63640 -0.79839 -0.81583 -0.79839 -0.81583 27.97653 0.22061 179.61512 0.01460
target: -1.73771 0.02943
target: -1.73771 0.02943
fb: -1.48173 -0.00167 -0.92549 -0.87143
fb: -1.60199 -0.00376 -0.86536 -0.81130
dist/lin/ang/drive_left/drive_right/tv_l/tv_r/av_l/av_r/x/y/theta/t_err: -0.67859 -1.73425 0.26187 -1.59822 -1.60575 -0.78781 -0.80200 -0.78781 -0.80200 26.71516 0.22941 179.58261 0.01587
target: -1.73425 0.03426
target: -1.73425 0.03426
fb: -1.68142 -0.00599 -0.82892 -0.74582
fb: -1.63685 -0.00578 -0.85121 -0.76811
dist/lin/ang/drive_left/drive_right/tv_l/tv_r/av_l/av_r/x/y/theta/t_err: -0.64586 -1.72952 0.29858 -1.63107 -1.64263 -0.80094 -0.79806 -0.80094 -0.79806 25.42633 0.23938 179.53074 0.01760
target: -1.72952 0.03906
target: -1.72952 0.03906
fb: -1.70084 -0.00460 -0.81298 -0.72370
fb: -1.60971 -0.00244 -0.85854 -0.76926
dist/lin/ang/drive_left/drive_right/tv_l/tv_r/av_l/av_r/x/y/theta/t_err: -0.61367 -1.72504 0.32041 -1.60727 -1.61215 -0.78708 -0.74294 -0.78708 -0.74294 24.15889 0.25028 179.49040 0.01925
target: -1.72504 0.04191
target: -1.72504 0.04191
fb: -1.62714 0.00056 -0.83985 -0.76425
fb: -1.60574 0.00390 -0.85055 -0.77495
dist/lin/ang/drive_left/drive_right/tv_l/tv_r/av_l/av_r/x/y/theta/t_err: -0.58156 -1.72294 0.30969 -1.60964 -1.60184 -0.79719 -0.74261 -0.79719 -0.74261 22.89458 0.26142 179.50680 0.02003
target: -1.72294 0.04051
target: -1.72294 0.04051
fb: -1.64082 0.00850 -0.82054 -0.78515
fb: -1.60199 0.01303 -0.83996 -0.80457
dist/lin/ang/drive_left/drive_right/tv_l/tv_r/av_l/av_r/x/y/theta/t_err: -0.54953 -1.69885 0.27918 -1.61502 -1.58896 -0.80081 -0.75972 -0.80081 -0.75972 21.63321 0.27151 179.58790 0.01974
target: -1.69885 0.03652
target: -1.69885 0.03652
fb: -1.66002 0.01254 -0.68670 -0.67994
fb: -1.79970 0.01059 -0.61687 -0.61010
dist/lin/ang/drive_left/drive_right/tv_l/tv_r/av_l/av_r/x/y/theta/t_err: -0.51354 -1.64331 0.27061 -1.81029 -1.78911 -0.78075 -0.75631 -0.78075 -0.75631 20.21616 0.28050 179.68647 0.01935
target: -1.64331 0.03540
target: -1.64331 0.03540
fb: -1.70481 0.00989 -0.50007 -0.46892
fb: -1.62714 0.01066 -0.53890 -0.50776
dist/lin/ang/drive_left/drive_right/tv_l/tv_r/av_l/av_r/x/y/theta/t_err: -0.48100 -1.59145 0.26402 -1.63780 -1.61648 -0.64389 -0.63414 -0.64389 -0.63414 18.93496 0.28646 179.78222 0.01893
target: -1.59145 0.03454
target: -1.59145 0.03454
fb: -1.61743 0.01101 -0.51182 -0.47945
fb: -1.63884 0.01129 -0.50111 -0.46875
dist/lin/ang/drive_left/drive_right/tv_l/tv_r/av_l/av_r/x/y/theta/t_err: -0.44823 -1.53722 0.25905 -1.65012 -1.62755 -0.56156 -0.54325 -0.56156 -0.54325 17.64454 0.29028 179.88034 0.01854
target: -1.53722 0.03389
target: -1.53722 0.03389
fb: -1.62516 0.01101 -0.44963 -0.41620
fb: -1.48371 0.01261 -0.52035 -0.48692
dist/lin/ang/drive_left/drive_right/tv_l/tv_r/av_l/av_r/x/y/theta/t_err: -0.41856 -1.48678 0.24681 -1.49632 -1.47110 -0.50836 -0.48406 -0.50836 -0.48406 16.47626 0.29172 179.98411 0.01798
target: -1.48678 0.03228
target: -1.48678 0.03228
fb: -1.57286 0.01644 -0.43960 -0.41683
fb: -1.66399 0.01414 -0.39403 -0.37126
dist/lin/ang/drive_left/drive_right/tv_l/tv_r/av_l/av_r/x/y/theta/t_err: -0.38529 -1.42815 0.23090 -1.67814 -1.64985 -0.54361 -0.50872 -0.54361 -0.50872 15.16603 0.29071 180.11115 0.01723
target: -1.42815 0.03020
target: -1.42815 0.03020
fb: -1.51063 0.01017 -0.38103 -0.36532
fb: -1.48173 0.01254 -0.39549 -0.37977
dist/lin/ang/drive_left/drive_right/tv_l/tv_r/av_l/av_r/x/y/theta/t_err: -0.35566 -1.37311 0.23195 -1.49427 -1.46919 -0.52119 -0.48114 -0.52119 -0.48114 13.99932 0.28739 180.21493 0.01677
target: -1.37311 0.03034
target: -1.37311 0.03034
fb: -1.48769 0.01428 -0.36679 -0.33089
fb: -1.46032 0.01442 -0.38047 -0.34457
dist/lin/ang/drive_left/drive_right/tv_l/tv_r/av_l/av_r/x/y/theta/t_err: -0.32646 -1.31721 0.21129 -1.47475 -1.44590 -0.47258 -0.44781 -0.47258 -0.44781 12.84948 0.28188 180.34190 0.01597
target: -1.31721 0.02764
target: -1.31721 0.02764
fb: -1.44863 0.01533 -0.31734 -0.31056
fb: -1.44664 0.01338 -0.31834 -0.31156
dist/lin/ang/drive_left/drive_right/tv_l/tv_r/av_l/av_r/x/y/theta/t_err: -0.29753 -1.25877 0.20591 -1.46002 -1.43326 -0.45325 -0.41906 -0.45325 -0.41906 11.71042 0.27385 180.46197 0.01532
target: -1.25877 0.02693
target: -1.25877 0.02693
fb: -1.37118 0.01394 -0.30123 -0.27738
fb: -1.35772 0.01749 -0.30796 -0.28411
dist/lin/ang/drive_left/drive_right/tv_l/tv_r/av_l/av_r/x/y/theta/t_err: -0.27037 -1.20165 0.18688 -1.37521 -1.34023 -0.41650 -0.40622 -0.41650 -0.40622 10.64139 0.26404 180.59482 0.01443
target: -1.20165 0.02445
target: -1.20165 0.02445
fb: -1.26063 0.01547 -0.30001 -0.29550
fb: -1.19266 0.01394 -0.33399 -0.32948
dist/lin/ang/drive_left/drive_right/tv_l/tv_r/av_l/av_r/x/y/theta/t_err: -0.24652 -1.14949 0.16389 -1.20660 -1.17873 -0.38003 -0.35914 -0.38003 -0.35914 9.70235 0.25310 180.73345 0.01328
target: -1.14949 0.02144
target: -1.14949 0.02144
fb: -1.23922 0.01171 -0.27874 -0.28289
fb: -1.12867 0.01045 -0.33401 -0.33816
dist/lin/ang/drive_left/drive_right/tv_l/tv_r/av_l/av_r/x/y/theta/t_err: -0.22395 -1.09651 0.17197 -1.13912 -1.11822 -0.35947 -0.33756 -0.35947 -0.33756 8.81372 0.24096 180.83505 0.01276
target: -1.09651 0.02250
target: -1.09651 0.02250
fb: -1.11323 0.00927 -0.30913 -0.27524
fb: -1.12492 0.01038 -0.30328 -0.26939
dist/lin/ang/drive_left/drive_right/tv_l/tv_r/av_l/av_r/x/y/theta/t_err: -0.20146 -1.04019 0.17970 -1.13530 -1.11454 -0.34597 -0.33447 -0.34597 -0.33447 7.92805 0.22743 180.91987 0.01262
target: -1.04019 0.02351
target: -1.04019 0.02351
fb: -1.05894 0.00829 -0.27215 -0.23728
fb: -0.99098 0.00550 -0.30613 -0.27126
dist/lin/ang/drive_left/drive_right/tv_l/tv_r/av_l/av_r/x/y/theta/t_err: -0.18164 -0.98759 0.18608 -0.99649 -0.98548 -0.33283 -0.30442 -0.33283 -0.30442 7.14786 0.21442 180.99048 0.01270
target: -0.98759 0.02434
target: -0.98759 0.02434
fb: -1.02011 0.00530 -0.25823 -0.22378
fb: -1.07836 0.00857 -0.22910 -0.19466
dist/lin/ang/drive_left/drive_right/tv_l/tv_r/av_l/av_r/x/y/theta/t_err: -0.16007 -0.94577 0.20889 -1.08693 -1.06979 -0.30389 -0.27789 -0.30389 -0.27789 6.29889 0.19937 181.04929 0.01333
target: -0.94577 0.02733
target: -0.94577 0.02733
fb: -0.96384 0.01094 -0.30311 -0.24529
fb: -0.88043 0.01247 -0.34482 -0.28699
dist/lin/ang/drive_left/drive_right/tv_l/tv_r/av_l/av_r/x/y/theta/t_err: -0.14245 -0.89220 0.12585 -0.89290 -0.86796 -0.27650 -0.24092 -0.27650 -0.24092 5.60577 0.18611 181.14705 0.01162
target: -0.89220 0.01646
target: -0.89220 0.01646
fb: -0.86697 0.01359 -0.18615 -0.26746
fb: -0.86697 0.01519 -0.18615 -0.26746
dist/lin/ang/drive_left/drive_right/tv_l/tv_r/av_l/av_r/x/y/theta/t_err: -0.12512 -0.83615 0.08426 -0.88216 -0.85178 -0.27892 -0.25561 -0.27892 -0.25561 4.92326 0.17175 181.26924 0.00949
target: -0.83615 0.01102
target: -0.83615 0.01102
fb: -0.81247 0.01512 -0.17318 -0.21293
fb: -0.77562 0.01310 -0.19161 -0.23136
dist/lin/ang/drive_left/drive_right/tv_l/tv_r/av_l/av_r/x/y/theta/t_err: -0.10961 -0.78262 0.04995 -0.78872 -0.76252 -0.22706 -0.25425 -0.22706 -0.25425 4.31271 0.15754 181.39636 0.00727
target: -0.78262 0.00653
target: -0.78262 0.00653
fb: -0.76613 0.00982 -0.15890 -0.19606
fb: -0.75267 0.00376 -0.16563 -0.20279
dist/lin/ang/drive_left/drive_right/tv_l/tv_r/av_l/av_r/x/y/theta/t_err: -0.09456 -0.72690 0.05443 -0.75643 -0.74891 -0.20567 -0.23750 -0.20567 -0.23750 3.72024 0.14266 181.47031 0.00598
target: -0.72690 0.00712
target: -0.72690 0.00712
fb: -0.72531 0.00000 -0.14306 -0.13371
fb: -0.69022 -0.00362 -0.16060 -0.15125
dist/lin/ang/drive_left/drive_right/tv_l/tv_r/av_l/av_r/x/y/theta/t_err: -0.08075 -0.67174 0.09210 -0.68660 -0.69385 -0.17628 -0.21219 -0.17628 -0.21219 3.17694 0.12871 181.46247 0.00612
target: -0.67174 0.01205
target: -0.67174 0.01205
fb: -0.60505 -0.00739 -0.17804 -0.12298
fb: -0.59357 -0.00801 -0.18378 -0.12872
dist/lin/ang/drive_left/drive_right/tv_l/tv_r/av_l/av_r/x/y/theta/t_err: -0.06888 -0.62040 0.13200 -0.58556 -0.60159 -0.17725 -0.16783 -0.17725 -0.16783 2.70970 0.11703 181.39963 0.00721
target: -0.62040 0.01727
target: -0.62040 0.01727
fb: -0.61873 -0.00585 -0.14448 -0.07975
fb: -0.54304 -0.00209 -0.18232 -0.11759
dist/lin/ang/drive_left/drive_right/tv_l/tv_r/av_l/av_r/x/y/theta/t_err: -0.05802 -0.56938 0.13377 -0.54095 -0.54513 -0.18242 -0.13808 -0.18242 -0.13808 2.28223 0.10677 181.35728 0.00795
target: -0.56938 0.01750
target: -0.56938 0.01750
fb: -0.56047 0.00376 -0.10617 -0.08598
fb: -0.59159 0.01171 -0.09061 -0.07042
dist/lin/ang/drive_left/drive_right/tv_l/tv_r/av_l/av_r/x/y/theta/t_err: -0.04619 -0.50802 0.07932 -0.60329 -0.57988 -0.16872 -0.11925 -0.16872 -0.11925 1.81655 0.09560 181.40947 0.00704
target: -0.50802 0.01038
target: -0.50802 0.01038
fb: -0.50818 0.01721 0.12088 0.07516
fb: -0.46912 0.01749 0.10135 -0.07220
dist/lin/ang/drive_left/drive_right/tv_l/tv_r/av_l/av_r/x/y/theta/t_err: -0.03681 -0.45352 -0.00149 -0.48661 -0.45163 -0.06947 -0.06450 -0.06947 -0.06450 1.44729 0.08603 181.55971 0.00442
target: -0.45352 -0.00019
target: -0.45352 -0.00019
fb: -0.44022 0.01526 -0.05676 -0.15705
fb: -0.35879 0.00822 -0.09747 -0.19776
dist/lin/ang/drive_left/drive_right/tv_l/tv_r/av_l/av_r/x/y/theta/t_err: -0.02963 -0.40693 -0.01650 -0.36701 -0.35057 0.05475 -0.08350 0.05475 -0.08350 1.16489 0.07803 181.67658 0.00238
target: -0.40693 -0.00216
target: -0.40693 -0.00216
fb: -0.31620 -0.00474 -0.13149 -0.15695
fb: -0.29679 -0.01784 -0.14120 -0.16666
dist/lin/ang/drive_left/drive_right/tv_l/tv_r/av_l/av_r/x/y/theta/t_err: -0.02370 -0.36389 0.08120 -0.27895 -0.31462 -0.10539 -0.16786 -0.10539 -0.16786 0.93129 0.07127 181.60883 0.00356
target: -0.36389 0.01062
target: -0.36389 0.01062
fb: -0.28112 -0.02327 -0.19359 -0.06923
fb: -0.29877 -0.02390 -0.18476 -0.06041
dist/lin/ang/drive_left/drive_right/tv_l/tv_r/av_l/av_r/x/y/theta/t_err: -0.01772 -0.31464 0.19111 -0.27487 -0.32267 -0.15297 -0.13519 -0.15297 -0.13519 0.69612 0.06509 181.40653 0.00709
target: -0.31464 0.02500
target: -0.31464 0.02500
fb: -0.30826 -0.02230 -0.14159 0.10424
fb: -0.30451 -0.02028 -0.14347 0.10237
dist/lin/ang/drive_left/drive_right/tv_l/tv_r/av_l/av_r/x/y/theta/t_err: -0.01162 -0.25485 0.23266 -0.28423 -0.32479 -0.16564 -0.01797 -0.16564 -0.01797 0.45641 0.05961 181.21821 0.01038
target: -0.25485 0.03043
target: -0.25485 0.03043
fb: -0.29304 -0.01686 -0.03948 0.13317
fb: -0.25001 -0.01157 -0.06099 0.11166
dist/lin/ang/drive_left/drive_right/tv_l/tv_r/av_l/av_r/x/y/theta/t_err: -0.00662 -0.00165 0.24406 -0.23844 -0.26157 -0.11175 0.08861 -0.11175 0.08861 0.25960 0.05566 181.08249 0.01275
target: -0.00165 0.03193
target: -0.00165 0.03193
fb: -0.20543 0.00160 0.61858 0.67967
fb: -0.17079 0.01693 0.51669 0.57778
dist/lin/ang/drive_left/drive_right/tv_l/tv_r/av_l/av_r/x/y/theta/t_err: -0.00320 -0.00080 0.15060 -0.18772 -0.15386 0.03200 0.13006 0.03200 0.13006 0.12514 0.05311 181.13216 0.01188
target: -0.00080 0.01970
target: -0.00080 0.01970
fb: -0.15137 0.03310 0.08225 -0.08432
fb: -0.13769 0.05017 0.08225 -0.08432
dist/lin/ang/drive_left/drive_right/tv_l/tv_r/av_l/av_r/x/y/theta/t_err: -0.00046 -0.00011 -0.05421 -0.18786 -0.08752 0.28678 0.22622 0.28678 0.22622 0.01675 0.05070 181.46067 0.00615
target: -0.00011 -0.00709
target: -0.00011 -0.00709
fb: -0.10283 0.05135 0.16566 -0.16790
fb: -0.07171 0.03533 0.16566 -0.16790
start is 0.00000 0.00000
dist/lin/ang/drive_left/drive_right/tv_l/tv_r/av_l/av_r/x/y/theta/t_err: 1.21920 0.11176 0.00002 0.00000 0.00000 0.00017 -0.00033 0.00017 -0.00033 0.00000 0.00000 -0.00007 0.00000
target: 0.11176 0.00000
target: 0.11176 0.00000
fb: 0.00000 0.00000 0.30388 0.30880
fb: 0.00000 0.00000 0.30388 0.30880
dist/lin/ang/drive_left/drive_right/tv_l/tv_r/av_l/av_r/x/y/theta/t_err: 1.21920 0.22352 -0.00007 0.00000 0.00000 0.03336 0.02842 0.03336 0.02842 0.00000 0.00000 0.00005 -0.00000
target: 0.22352 -0.00001
target: 0.22352 -0.00001
fb: 0.00000 0.00000 0.45706 0.46184
fb: 0.00000 0.00000 0.45706 0.46184
dist/lin/ang/drive_left/drive_right/tv_l/tv_r/av_l/av_r/x/y/theta/t_err: 1.21920 0.33528 -0.00015 0.00000 0.00000 0.27069 0.27019 0.27069 0.27019 0.00000 0.00000 0.00024 -0.00000
target: 0.33528 -0.00002
target: 0.33528 -0.00002
fb: 0.00000 -0.00982 0.55429 0.55907
fb: 0.00000 -0.01184 0.55429 0.55907
dist/lin/ang/drive_left/drive_right/tv_l/tv_r/av_l/av_r/x/y/theta/t_err: 1.21920 0.44704 0.01913 0.01184 -0.01184 0.41150 0.39717 0.41150 0.39717 0.00000 0.00000 -0.02759 0.00048
target: 0.44704 0.00250
target: 0.44704 0.00250
fb: 0.00971 -0.01101 0.63359 0.66453
fb: 0.11629 -0.01129 0.58030 0.61124
dist/lin/ang/drive_left/drive_right/tv_l/tv_r/av_l/av_r/x/y/theta/t_err: 1.21901 0.55880 0.07861 0.12757 0.10500 0.47261 0.48936 0.47261 0.48936 0.00764 -0.00001 -0.13147 0.00229
target: 0.55880 0.01028
target: 0.55880 0.01028
fb: 0.23655 -0.00913 0.85492 0.94406
fb: 0.26567 -0.00787 0.84036 0.92950
dist/lin/ang/drive_left/drive_right/tv_l/tv_r/av_l/av_r/x/y/theta/t_err: 1.21427 0.67056 0.09548 0.27355 0.25780 0.42881 0.45550 0.42881 0.45550 0.19390 -0.00060 -0.22099 0.00387
target: 0.67056 0.01249
target: 0.67056 0.01249
fb: 0.29480 -0.00794 0.95120 0.99323
fb: 0.32393 -0.00801 0.93664 0.97866
dist/lin/ang/drive_left/drive_right/tv_l/tv_r/av_l/av_r/x/y/theta/t_err: 1.20838 0.78232 0.10432 0.33194 0.31592 0.48542 0.48681 0.48542 0.48681 0.42603 -0.00164 -0.28968 0.00509
target: 0.78232 0.01365
target: 0.78232 0.01365
fb: 0.37225 -0.00530 1.00000 1.00000
fb: 0.44794 -0.00293 0.98039 1.00000
dist/lin/ang/drive_left/drive_right/tv_l/tv_r/av_l/av_r/x/y/theta/t_err: 1.20093 0.89408 0.11640 0.45086 0.44501 0.43017 0.50850 0.43017 0.50850 0.71913 -0.00330 -0.34944 0.00617
target: 0.89408 0.01523
target: 0.89408 0.01523
fb: 0.47331 0.00362 1.00000 1.00000
fb: 0.49450 0.00718 1.00000 1.00000
dist/lin/ang/drive_left/drive_right/tv_l/tv_r/av_l/av_r/x/y/theta/t_err: 1.19147 1.00584 0.09516 0.48732 0.50167 0.55950 0.58039 0.55950 0.58039 1.09181 -0.00562 -0.35486 0.00631
target: 1.00584 0.01245
target: 1.00584 0.01245
fb: 0.55077 0.00571 1.00000 1.00000
fb: 0.59556 0.00948 1.00000 1.00000
dist/lin/ang/drive_left/drive_right/tv_l/tv_r/av_l/av_r/x/y/theta/t_err: 1.18045 1.11760 0.05587 0.58608 0.60504 0.54689 0.75442 0.54689 0.75442 1.52548 -0.00809 -0.30000 0.00541
target: 1.11760 0.00731
target: 1.11760 0.00731
fb: 0.64587 0.01784 1.00000 1.00000
fb: 0.64962 0.02216 1.00000 1.00000
dist/lin/ang/drive_left/drive_right/tv_l/tv_r/av_l/av_r/x/y/theta/t_err: 1.16754 1.22936 0.00872 0.62746 0.67178 0.69881 0.81842 0.69881 0.81842 2.03403 -0.01036 -0.19592 0.00364
target: 1.22936 0.00114
target: 1.22936 0.00114
fb: 0.75443 0.02418 1.00000 1.00000
fb: 0.84954 0.02097 1.00000 1.00000
dist/lin/ang/drive_left/drive_right/tv_l/tv_r/av_l/av_r/x/y/theta/t_err: 1.15245 1.34112 -0.08046 0.82857 0.87051 0.77975 0.83603 0.77975 0.83603 2.62808 -0.01132 -0.00117 0.00027
target: 1.34112 -0.01052
target: 1.34112 -0.01052
fb: 0.80872 0.01561 1.00000 1.00000
fb: 0.83762 0.01136 1.00000 1.00000
dist/lin/ang/drive_left/drive_right/tv_l/tv_r/av_l/av_r/x/y/theta/t_err: 1.13627 1.45288 -0.11389 0.82627 0.84898 0.83261 0.84031 0.83261 0.84031 3.26486 -0.01032 0.16863 -0.00271
target: 1.45288 -0.01490
target: 1.45288 -0.01490
fb: 0.93670 0.00975 1.00000 1.00000
fb: 0.95612 0.00941 1.00000 1.00000
dist/lin/ang/drive_left/drive_right/tv_l/tv_r/av_l/av_r/x/y/theta/t_err: 1.11754 1.56464 -0.10991 0.94671 0.96552 0.85128 0.84853 0.85128 0.84853 4.00241 -0.00746 0.26751 -0.00450
target: 1.56464 -0.01438
target: 1.56464 -0.01438
fb: 0.97730 0.01191 1.00000 1.00000
fb: 1.03577 0.01303 1.00000 1.00000
dist/lin/ang/drive_left/drive_right/tv_l/tv_r/av_l/av_r/x/y/theta/t_err: 1.09799 1.67640 -0.13278 1.02275 1.04880 0.86100 0.85606 0.86100 0.85606 4.77193 -0.00325 0.36007 -0.00621
target: 1.67640 -0.01737
target: 1.67640 -0.01737
fb: 1.11521 0.01122 1.00000 1.00000
fb: 1.18869 0.01087 1.00000 1.00000
dist/lin/ang/drive_left/drive_right/tv_l/tv_r/av_l/av_r/x/y/theta/t_err: 1.07569 1.75497 -0.17319 1.17782 1.19956 0.87128 0.86750 0.87128 0.86750 5.65003 0.00316 0.47211 -0.00831
target: 1.75497 -0.02266
target: 1.75497 -0.02266
fb: 1.15780 0.01171 1.00000 1.00000
fb: 1.23746 0.01442 1.00000 1.00000
dist/lin/ang/drive_left/drive_right/tv_l/tv_r/av_l/av_r/x/y/theta/t_err: 1.05253 1.74957 -0.19801 1.22303 1.25188 0.88686 0.88086 0.88686 0.88086 6.56164 0.01145 0.57290 -0.01028
target: 1.74957 -0.02590
target: 1.74957 -0.02590
fb: 1.22003 0.01261 1.00000 0.99550
fb: 1.28578 0.00627 1.00000 0.96262
dist/lin/ang/drive_left/drive_right/tv_l/tv_r/av_l/av_r/x/y/theta/t_err: 1.02814 1.74317 -0.24106 1.27951 1.29205 0.89492 0.79786 0.89492 0.79786 7.52223 0.02203 0.69111 -0.01261
target: 1.74317 -0.03153
target: 1.74317 -0.03153
fb: 1.42722 0.00111 0.95421 0.86756
fb: 1.39633 -0.00948 0.96966 0.88300
dist/lin/ang/drive_left/drive_right/tv_l/tv_r/av_l/av_r/x/y/theta/t_err: 0.99959 1.73985 -0.23068 1.40581 1.38686 0.82064 0.72308 0.82064 0.72308 8.64594 0.03613 0.73915 -0.01382
target: 1.73985 -0.03018
target: 1.73985 -0.03018
fb: 1.34801 -0.02014 0.97074 0.94881
fb: 1.38662 -0.02244 0.95143 0.92950
dist/lin/ang/drive_left/drive_right/tv_l/tv_r/av_l/av_r/x/y/theta/t_err: 0.97264 1.74411 -0.13901 1.40906 1.36419 0.75906 0.71164 0.75906 0.71164 9.70729 0.04906 0.62934 -0.01227
target: 1.74411 -0.01818
target: 1.74411 -0.01818
fb: 1.39435 -0.02076 0.92585 1.00000
fb: 1.37713 -0.01923 0.93446 1.00000
dist/lin/ang/drive_left/drive_right/tv_l/tv_r/av_l/av_r/x/y/theta/t_err: 0.94475 1.75196 -0.06498 1.39637 1.35790 0.76539 0.72842 0.76539 0.72842 10.80515 0.05943 0.44749 -0.00941
target: 1.75196 -0.00850
target: 1.75196 -0.00850
fb: 1.50490 -0.01874 0.89600 0.97805
fb: 1.45635 -0.01874 0.92027 1.00000
dist/lin/ang/drive_left/drive_right/tv_l/tv_r/av_l/av_r/x/y/theta/t_err: 0.91465 1.75929 -0.03130 1.47509 1.43761 0.78625 0.73439 0.78625 0.73439 11.99008 0.06687 0.28015 -0.00675
target: 1.75929 -0.00409
target: 1.75929 -0.00409
fb: 1.46054 -0.02083 0.94360 0.98407
fb: 1.54770 -0.02467 0.90002 0.94049
dist/lin/ang/drive_left/drive_right/tv_l/tv_r/av_l/av_r/x/y/theta/t_err: 0.88544 1.76692 0.01118 1.57237 1.52304 0.78486 0.75047 0.78486 0.75047 13.14011 0.07080 0.11206 -0.00399
target: 1.76692 0.00146
target: 1.76692 0.00146
fb: 1.47378 -0.02467 0.93623 0.99451
fb: 1.50115 -0.02655 0.92255 0.98082
dist/lin/ang/drive_left/drive_right/tv_l/tv_r/av_l/av_r/x/y/theta/t_err: 0.85597 1.77695 0.08475 1.52769 1.47460 0.80214 0.76022 0.80214 0.76022 14.30057 0.07098 -0.09905 -0.00038
target: 1.77695 0.01109
target: 1.77695 0.01109
fb: 1.51858 -0.02850 0.90778 1.00000
fb: 1.48349 -0.03045 0.92533 1.00000
dist/lin/ang/drive_left/drive_right/tv_l/tv_r/av_l/av_r/x/y/theta/t_err: 0.82560 1.76734 0.16097 1.51394 1.45304 0.80267 0.74672 0.80267 0.74672 15.49629 0.06652 -0.33705 0.00384
target: 1.76734 0.02106
target: 1.76734 0.02106
fb: 1.56315 -0.03052 0.78998 0.91423
fb: 1.45856 -0.03553 0.84228 0.96652
dist/lin/ang/drive_left/drive_right/tv_l/tv_r/av_l/av_r/x/y/theta/t_err: 0.79433 1.75430 0.24202 1.49409 1.42302 0.80883 0.71197 0.80883 0.71197 16.72708 0.05649 -0.59366 0.00855
target: 1.75430 0.03166
target: 1.75430 0.03166
fb: 1.52233 -0.03728 0.77484 0.91898
fb: 1.66774 -0.04132 0.70214 0.84627
dist/lin/ang/drive_left/drive_right/tv_l/tv_r/av_l/av_r/x/y/theta/t_err: 0.76389 1.73858 0.35037 1.70906 1.62643 0.79550 0.74142 0.79550 0.74142 17.92566 0.04069 -0.89598 0.01428
target: 1.73858 0.04583
target: 1.73858 0.04583
fb: 1.54770 -0.04362 0.71153 0.90678
fb: 1.58654 -0.04341 0.69211 0.88736
dist/lin/ang/drive_left/drive_right/tv_l/tv_r/av_l/av_r/x/y/theta/t_err: 0.73294 1.71900 0.49134 1.62995 1.54313 0.72258 0.76211 0.72258 0.76211 19.14410 0.01783 -1.26612 0.02148
target: 1.71900 0.06427
target: 1.71900 0.06427
fb: 1.59029 -0.03888 0.62541 0.88377
fb: 1.59603 -0.03101 0.62255 0.88090
dist/lin/ang/drive_left/drive_right/tv_l/tv_r/av_l/av_r/x/y/theta/t_err: 0.70114 1.69868 0.60930 1.62703 1.56502 0.67931 0.81003 0.67931 0.81003 20.39590 -0.01387 -1.63396 0.02902
target: 1.69868 0.07970
target: 1.69868 0.07970
fb: 1.65230 -0.02251 0.57615 0.82807
fb: 1.55918 -0.01289 0.62271 0.87463
dist/lin/ang/drive_left/drive_right/tv_l/tv_r/av_l/av_r/x/y/theta/t_err: 0.66812 1.68265 0.65792 1.57207 1.54629 0.62781 0.78486 0.62781 0.78486 21.69630 -0.05404 -1.88898 0.03502
target: 1.68265 0.08606
target: 1.68265 0.08606
fb: 1.62140 -0.00327 0.63068 0.80948
fb: 1.68937 0.00300 0.59670 0.77550
dist/lin/ang/drive_left/drive_right/tv_l/tv_r/av_l/av_r/x/y/theta/t_err: 0.63571 1.67355 0.64314 1.68637 1.69236 0.62008 0.77733 0.62008 0.77733 22.97226 -0.09741 -1.97995 0.03845
target: 1.67355 0.08413
target: 1.67355 0.08413
fb: 1.59625 0.00746 0.70136 0.80292
fb: 1.61743 0.01233 0.69076 0.79233
dist/lin/ang/drive_left/drive_right/tv_l/tv_r/av_l/av_r/x/y/theta/t_err: 0.60381 1.66972 0.61472 1.60510 1.62977 0.63497 0.76622 0.63497 0.76622 24.22841 -0.14061 -1.94706 0.03990
target: 1.66972 0.08041
target: 1.66972 0.08041
fb: 1.60949 0.01749 0.72281 0.80333
fb: 1.62516 0.02195 0.71498 0.79549
dist/lin/ang/drive_left/drive_right/tv_l/tv_r/av_l/av_r/x/y/theta/t_err: 0.57165 1.66964 0.57968 1.60321 1.64710 0.69181 0.77581 0.69181 0.77581 25.49503 -0.18244 -1.82317 0.03993
target: 1.66964 0.07583
target: 1.66964 0.07583
fb: 1.68540 0.02836 0.70677 0.77335
fb: 1.63685 0.03310 0.73105 0.79762
dist/lin/ang/drive_left/drive_right/tv_l/tv_r/av_l/av_r/x/y/theta/t_err: 0.53796 1.67300 0.52890 1.60375 1.66995 0.70483 0.77375 0.70483 0.77375 26.82151 -0.22240 -1.61341 0.03866
target: 1.67300 0.06919
target: 1.67300 0.06919
fb: 1.62140 0.03700 0.76925 0.80841
fb: 1.66598 0.04006 0.74696 0.78612
dist/lin/ang/drive_left/drive_right/tv_l/tv_r/av_l/av_r/x/y/theta/t_err: 0.50556 1.68063 0.44696 1.62591 1.70604 0.73064 0.77256 0.73064 0.77256 28.09779 -0.25511 -1.31588 0.03578
target: 1.68063 0.05847
target: 1.68063 0.05847
fb: 1.61147 0.04473 0.82381 0.81192
fb: 1.60375 0.05149 0.82767 0.81578
dist/lin/ang/drive_left/drive_right/tv_l/tv_r/av_l/av_r/x/y/theta/t_err: 0.47335 1.69145 0.35839 1.55226 1.65524 0.75389 0.77492 0.75389 0.77492 29.36641 -0.28044 -0.95523 0.03172
target: 1.69145 0.04688
target: 1.69145 0.04688
fb: 1.62140 0.05414 0.85316 0.81795
fb: 1.61368 0.05198 0.85702 0.82181
dist/lin/ang/drive_left/drive_right/tv_l/tv_r/av_l/av_r/x/y/theta/t_err: 0.44093 1.70015 0.23078 1.56170 1.66566 0.80078 0.79328 0.80078 0.79328 30.64300 -0.29691 -0.50507 0.02592
target: 1.70015 0.03019
target: 1.70015 0.03019
fb: 1.69886 0.04849 0.84800 0.74447
fb: 1.66201 0.04306 0.86643 0.76290
dist/lin/ang/drive_left/drive_right/tv_l/tv_r/av_l/av_r/x/y/theta/t_err: 0.40696 1.64888 0.13865 1.61895 1.70507 0.82511 0.78144 0.82511 0.78144 31.98066 -0.30332 -0.05628 0.01991
target: 1.64888 0.01814
target: 1.64888 0.01814
fb: 1.63310 0.03776 0.58150 0.50355
fb: 1.73968 0.03170 0.52821 0.45026
dist/lin/ang/drive_left/drive_right/tv_l/tv_r/av_l/av_r/x/y/theta/t_err: 0.37431 1.59332 0.09927 1.70798 1.77138 0.76744 0.72225 0.76744 0.72225 33.26656 -0.30037 0.30174 0.01512
target: 1.59332 0.01299
target: 1.59332 0.01299
fb: 1.69886 0.02892 0.45326 0.43047
fb: 1.66002 0.02759 0.47268 0.44988
dist/lin/ang/drive_left/drive_right/tv_l/tv_r/av_l/av_r/x/y/theta/t_err: 0.34033 1.52769 0.08070 1.63243 1.68761 0.59342 0.57389 0.59342 0.57389 34.60420 -0.29015 0.57553 0.01161
target: 1.52769 0.01056
target: 1.52769 0.01056
fb: 1.68540 0.02467 0.34929 0.34768
fb: 1.58257 0.01937 0.40070 0.39910
dist/lin/ang/drive_left/drive_right/tv_l/tv_r/av_l/av_r/x/y/theta/t_err: 0.30663 1.45684 0.05121 1.56320 1.60194 0.49792 0.47467 0.49792 0.47467 35.93119 -0.27410 0.80570 0.00865
target: 1.45684 0.00670
target: 1.45684 0.00670
fb: 1.60000 0.00934 0.31558 0.29589
fb: 1.56116 -0.00077 0.33500 0.31530
dist/lin/ang/drive_left/drive_right/tv_l/tv_r/av_l/av_r/x/y/theta/t_err: 0.27463 1.38237 0.05897 1.56193 1.56040 0.43789 0.45703 0.43789 0.45703 37.19088 -0.25456 0.95007 0.00696
target: 1.38237 0.00771
target: 1.38237 0.00771
fb: 1.46032 -0.00056 0.28050 0.30597
fb: 1.53998 0.00376 0.24067 0.26614
dist/lin/ang/drive_left/drive_right/tv_l/tv_r/av_l/av_r/x/y/theta/t_err: 0.24542 1.30477 0.14010 1.53622 1.54374 0.42572 0.42931 0.42572 0.42931 38.34058 -0.23554 0.94107 0.00795
target: 1.30477 0.01833
target: 1.30477 0.01833
fb: 1.50887 0.00850 0.12271 0.24872
fb: 1.41001 0.01526 0.17214 0.29815
dist/lin/ang/drive_left/drive_right/tv_l/tv_r/av_l/av_r/x/y/theta/t_err: 0.21525 1.22139 0.12645 1.39475 1.42527 0.33861 0.36358 0.33861 0.36358 39.52850 -0.21569 0.98658 0.00824
target: 1.22139 0.01654
target: 1.22139 0.01654
fb: 1.46032 0.01700 0.10488 0.11684
fb: 1.39810 0.01191 0.13599 0.14796
dist/lin/ang/drive_left/drive_right/tv_l/tv_r/av_l/av_r/x/y/theta/t_err: 0.18604 1.13764 0.07221 1.38618 1.41001 0.24808 0.33128 0.24808 0.33128 40.67817 -0.19460 1.11905 0.00704
target: 1.13764 0.00945
target: 1.13764 0.00945
fb: 1.31292 0.00627 0.12948 0.08408
fb: 1.24319 0.00759 0.16435 0.11894
dist/lin/ang/drive_left/drive_right/tv_l/tv_r/av_l/av_r/x/y/theta/t_err: 0.15978 1.06601 0.07900 1.23560 1.25079 0.19281 0.23647 0.19281 0.23647 41.71175 -0.17345 1.21012 0.00646
target: 1.06601 0.01033
target: 1.06601 0.01033
fb: 1.18891 0.01122 0.13818 0.16577
fb: 1.19664 0.01596 0.13432 0.16191
dist/lin/ang/drive_left/drive_right/tv_l/tv_r/av_l/av_r/x/y/theta/t_err: 0.13600 0.98349 0.04004 1.18068 1.21259 0.19489 0.19131 0.19489 0.19131 42.64768 -0.15309 1.28783 0.00510
target: 0.98349 0.00524
target: 0.98349 0.00524
fb: 1.07814 0.02146 0.10519 0.07202
fb: 1.01239 0.02696 0.13806 0.10489
dist/lin/ang/drive_left/drive_right/tv_l/tv_r/av_l/av_r/x/y/theta/t_err: 0.11444 0.90217 -0.03205 0.98542 1.03935 0.16564 0.17556 0.16564 0.17556 43.49638 -0.13300 1.44159 0.00242
target: 0.90217 -0.00419
target: 0.90217 -0.00419
fb: 1.01238 0.02794 0.09461 -0.11810
fb: 0.92125 0.02899 0.14018 -0.07254
dist/lin/ang/drive_left/drive_right/tv_l/tv_r/av_l/av_r/x/y/theta/t_err: 0.09419 0.81848 -0.12603 0.89227 0.95024 0.15108 0.09394 0.15108 0.09394 44.29324 -0.11136 1.67522 -0.00166
target: 0.81848 -0.01649
target: 0.81848 -0.01649
fb: 0.85726 0.02933 0.10760 -0.14742
fb: 0.78731 0.02508 0.14257 -0.11245
dist/lin/ang/drive_left/drive_right/tv_l/tv_r/av_l/av_r/x/y/theta/t_err: 0.07705 0.74025 -0.19708 0.76223 0.81240 0.14747 -0.06142 0.14747 -0.06142 44.96791 -0.09014 1.92615 -0.00604
target: 0.74025 -0.02578
target: 0.74025 -0.02578
fb: 0.73303 0.01219 0.11300 -0.12754
fb: 0.70986 0.00174 0.12458 -0.11596
dist/lin/ang/drive_left/drive_right/tv_l/tv_r/av_l/av_r/x/y/theta/t_err: 0.06239 0.66610 -0.21452 0.70812 0.71160 0.14767 -0.10456 0.14767 -0.10456 45.54474 -0.06967 2.11026 -0.00925
target: 0.66610 -0.02806
target: 0.66610 -0.02806
fb: 0.62645 -0.00850 0.08506 -0.09549
fb: 0.61277 -0.02278 0.09190 -0.08865
dist/lin/ang/drive_left/drive_right/tv_l/tv_r/av_l/av_r/x/y/theta/t_err: 0.04986 0.59547 -0.12905 0.63555 0.58999 0.12528 -0.10047 0.12528 -0.10047 46.03767 -0.05144 2.10281 -0.00912
target: 0.59547 -0.01688
target: 0.59547 -0.01688
fb: 0.52958 -0.03846 -0.10290 0.09852
fb: 0.42102 -0.05281 0.06943 0.15280
dist/lin/ang/drive_left/drive_right/tv_l/tv_r/av_l/av_r/x/y/theta/t_err: 0.03927 0.52846 0.02934 0.47383 0.36820 0.04092 -0.05664 0.04092 -0.05664 46.45440 -0.03679 1.86834 -0.00503
target: 0.52846 0.00384
target: 0.52846 0.00384
fb: 0.39741 -0.06661 -0.14018 0.17480
fb: 0.35085 -0.06675 -0.11690 0.19808
dist/lin/ang/drive_left/drive_right/tv_l/tv_r/av_l/av_r/x/y/theta/t_err: 0.03132 0.47197 0.26708 0.41760 0.28410 -0.00922 0.12678 -0.00922 0.12678 46.76719 -0.02784 1.37510 0.00358
target: 0.47197 0.03494
target: 0.47197 0.03494
fb: 0.30848 -0.05393 -0.05898 0.35066
fb: 0.27935 -0.03233 -0.04442 0.36522
dist/lin/ang/drive_left/drive_right/tv_l/tv_r/av_l/av_r/x/y/theta/t_err: 0.02515 0.42293 0.43018 0.31168 0.24703 -0.08178 0.19694 -0.08178 0.19694 47.01005 -0.02321 0.82634 0.01315
target: 0.42293 0.05627
target: 0.42293 0.05627
fb: 0.23456 -0.00822 0.05791 0.33022
fb: 0.19396 0.01700 0.07821 0.35052
dist/lin/ang/drive_left/drive_right/tv_l/tv_r/av_l/av_r/x/y/theta/t_err: 0.02046 0.38144 0.34832 0.17696 0.21096 -0.01386 0.32425 -0.01386 0.32425 47.19473 -0.02098 0.59776 0.01714
target: 0.38144 0.04556
target: 0.38144 0.04556
fb: 0.19793 0.04355 0.20660 0.17617
fb: 0.23280 0.06334 0.18917 0.15874
dist/lin/ang/drive_left/drive_right/tv_l/tv_r/av_l/av_r/x/y/theta/t_err: 0.01650 0.34257 0.10640 0.16946 0.29613 0.09669 0.31089 0.09669 0.31089 47.35057 -0.01913 0.80401 0.01354
target: 0.34257 0.01392
target: 0.34257 0.01392
fb: 0.25398 0.07825 0.26540 -0.08370
fb: 0.25795 0.08173 0.26341 -0.08569
dist/lin/ang/drive_left/drive_right/tv_l/tv_r/av_l/av_r/x/y/theta/t_err: 0.01142 0.28503 -0.20522 0.17622 0.33968 0.18753 0.13944 0.18753 0.13944 47.55052 -0.01535 1.38655 0.00338
target: 0.28503 -0.02684
target: 0.28503 -0.02684
fb: 0.24626 0.07664 0.25020 -0.23557
fb: 0.21139 0.07058 0.26764 -0.21814
dist/lin/ang/drive_left/drive_right/tv_l/tv_r/av_l/av_r/x/y/theta/t_err: 0.00650 0.00162 -0.43220 0.14081 0.28197 0.24314 -0.07306 0.24314 -0.07306 47.74433 -0.00948 2.08449 -0.00880
target: 0.00162 -0.05654
target: 0.00162 -0.05654
fb: 0.19396 0.05860 -0.52991 -0.87778
fb: 0.21911 0.03358 -0.54248 -0.89035
dist/lin/ang/drive_left/drive_right/tv_l/tv_r/av_l/av_r/x/y/theta/t_err: 0.00262 0.00065 -0.53148 0.18553 0.25270 0.18617 -0.21047 0.18617 -0.21047 47.89692 -0.00310 2.67024 -0.01903
target: 0.00065 -0.06952
target: 0.00065 -0.06952
fb: 0.20367 -0.00481 0.04084 -0.25215
fb: 0.18226 -0.03421 0.05155 -0.24144
dist/lin/ang/drive_left/drive_right/tv_l/tv_r/av_l/av_r/x/y/theta/t_err: -0.00145 -0.00036 -0.41241 0.21648 0.14805 -0.25100 -0.17197 -0.25100 -0.17197 48.05710 0.00474 2.86824 -0.02248
target: -0.00036 -0.05395
target: -0.00036 -0.05395
fb: 0.16285 -0.05560 -0.07514 0.07570
fb: 0.10856 -0.06696 -0.07514 0.07570
dist/lin/ang/drive_left/drive_right/tv_l/tv_r/av_l/av_r/x/y/theta/t_err: -0.00471 -0.00118 -0.08774 0.17552 0.04161 0.01542 -0.19025 0.01542 -0.19025 48.18517 0.01086 2.52262 -0.01645
target: -0.00118 -0.01148
target: -0.00118 -0.01148
fb: 0.06995 -0.07588 -0.22451 0.22528
fb: 0.04656 -0.07121 -0.22451 0.22528
final error: 0.24056, x: -0.24021, y: -0.01303
final local error: 0.24056, forwards: -0.24051, sideways: -0.00498
position: 48.24021 0.01303 1.91743
took 1.26000 time to finish turn
dist/lin/ang/drive_left/drive_right/tv_l/tv_r/av_l/av_r/x/y/theta/t_err: -1.22600 -0.08636 -0.44373 0.00000 0.00000 0.00033 0.00017 0.00033 0.00017 48.26765 0.01379 181.76974 -0.03060
target: -0.08636 -0.05804
target: -0.08636 -0.05804
fb: 0.00000 0.00000 0.13444 -0.54868
fb: 0.00000 0.00000 0.13444 -0.54868
dist/lin/ang/drive_left/drive_right/tv_l/tv_r/av_l/av_r/x/y/theta/t_err: -1.22600 -0.17272 -0.44371 0.00000 0.00000 0.04281 -0.02789 0.04281 -0.02789 48.26765 0.01379 181.76971 -0.03060
target: -0.17272 -0.05804
target: -0.17272 -0.05804
fb: 0.00000 0.00000 -0.23678 -0.31942
fb: 0.00000 0.00000 -0.23678 -0.31942
dist/lin/ang/drive_left/drive_right/tv_l/tv_r/av_l/av_r/x/y/theta/t_err: -1.22600 -0.25908 -0.44379 0.00000 0.00000 0.04928 -0.38192 0.04928 -0.38192 48.26765 0.01379 181.76981 -0.03060
target: -0.25908 -0.05805
target: -0.25908 -0.05805
fb: 0.00000 -0.01212 -0.39820 -0.48098
fb: 0.00000 -0.03351 -0.39820 -0.48098
dist/lin/ang/drive_left/drive_right/tv_l/tv_r/av_l/av_r/x/y/theta/t_err: -1.22600 -0.34544 -0.33616 0.03351 -0.03351 -0.22842 -0.32461 -0.22842 -0.32461 48.26765 0.01379 181.61375 -0.02788
target: -0.34544 -0.04397
target: -0.34544 -0.04397
fb: 0.00000 -0.05393 -0.54617 -0.48328
fb: 0.00000 -0.05818 -0.54617 -0.48328
dist/lin/ang/drive_left/drive_right/tv_l/tv_r/av_l/av_r/x/y/theta/t_err: -1.22600 -0.43180 -0.07815 0.05818 -0.05818 -0.36172 -0.43444 -0.36172 -0.43444 48.26765 0.01379 181.14074 -0.01962
target: -0.43180 -0.01022
target: -0.43180 -0.01022
fb: -0.02714 -0.05686 -0.71886 -0.43371
fb: -0.12225 -0.04996 -0.67131 -0.38616
dist/lin/ang/drive_left/drive_right/tv_l/tv_r/av_l/av_r/x/y/theta/t_err: -1.22355 -0.51816 0.04675 -0.07229 -0.17220 -0.48817 -0.44008 -0.48817 -0.44008 48.17141 0.01241 180.65857 -0.01124
target: -0.51816 0.00611
target: -0.51816 0.00611
fb: -0.22309 -0.04320 -0.84255 -0.69262
fb: -0.26942 -0.03630 -0.81938 -0.66945
dist/lin/ang/drive_left/drive_right/tv_l/tv_r/av_l/av_r/x/y/theta/t_err: -1.21817 -0.60452 0.08474 -0.23312 -0.30573 -0.40603 -0.40964 -0.40603 -0.40964 47.95927 0.01068 180.29732 -0.00497
target: -0.60452 0.01109
target: -0.60452 0.01109
fb: -0.40910 -0.02731 -0.78038 -0.72617
fb: -0.46559 -0.02864 -0.75214 -0.69793
dist/lin/ang/drive_left/drive_right/tv_l/tv_r/av_l/av_r/x/y/theta/t_err: -1.20885 -0.69088 0.09905 -0.43695 -0.49423 -0.37200 -0.36053 -0.37200 -0.36053 47.59266 0.00953 180.04789 -0.00064
target: -0.69088 0.01296
target: -0.69088 0.01296
fb: -0.30848 -0.02648 -0.89667 -0.86791
fb: -0.39939 -0.02738 -0.85122 -0.82245
dist/lin/ang/drive_left/drive_right/tv_l/tv_r/av_l/av_r/x/y/theta/t_err: -1.20087 -0.77724 0.15725 -0.37201 -0.42678 -0.52189 -0.45772 -0.52189 -0.45772 47.27818 0.01007 179.80715 0.00358
target: -0.77724 0.02057
target: -0.77724 0.02057
fb: -0.42278 -0.02487 -0.94913 -0.85856
fb: -0.39961 -0.02494 -0.96071 -0.87014
dist/lin/ang/drive_left/drive_right/tv_l/tv_r/av_l/av_r/x/y/theta/t_err: -1.19287 -0.86360 0.20417 -0.37467 -0.42456 -0.45361 -0.33881 -0.45361 -0.33881 46.96353 0.01183 179.58850 0.00743
target: -0.86360 0.02671
target: -0.86360 0.02671
fb: -0.52738 -0.02076 -0.97297 -0.88753
fb: -0.51590 -0.01484 -0.97871 -0.89327
dist/lin/ang/drive_left/drive_right/tv_l/tv_r/av_l/av_r/x/y/theta/t_err: -1.18256 -0.94996 0.22816 -0.50106 -0.53074 -0.49828 -0.53317 -0.49828 -0.53317 46.55732 0.01539 179.41840 0.01048
target: -0.94996 0.02985
target: -0.94996 0.02985
fb: -0.54701 -0.00467 -1.00000 -0.96784
fb: -0.62645 0.00181 -0.99071 -0.92812
dist/lin/ang/drive_left/drive_right/tv_l/tv_r/av_l/av_r/x/y/theta/t_err: -1.17003 -1.03632 0.17695 -0.62826 -0.62464 -0.66272 -0.57269 -0.66272 -0.57269 46.06408 0.02059 179.38886 0.01111
target: -1.03632 0.02315
target: -1.03632 0.02315
fb: -0.64764 0.00272 -1.00000 -1.00000
fb: -0.67875 -0.00446 -0.99447 -1.00000
dist/lin/ang/drive_left/drive_right/tv_l/tv_r/av_l/av_r/x/y/theta/t_err: -1.15645 -1.12268 0.16228 -0.67429 -0.68321 -0.36067 -0.52103 -0.36067 -0.52103 45.52966 0.02623 179.39461 0.01114
target: -1.12268 0.02123
target: -1.12268 0.02123
fb: -0.68669 -0.01031 -1.00000 -1.00000
fb: -0.66507 -0.01721 -1.00000 -1.00000
dist/lin/ang/drive_left/drive_right/tv_l/tv_r/av_l/av_r/x/y/theta/t_err: -1.14315 -1.20904 0.24022 -0.64786 -0.68228 -0.51300 -0.64608 -0.51300 -0.64608 45.00602 0.03217 179.28847 0.01313
target: -1.20904 0.03142
target: -1.20904 0.03142
fb: -0.72906 -0.02348 -1.00000 -1.00000
fb: -0.75443 -0.02912 -1.00000 -1.00000
dist/lin/ang/drive_left/drive_right/tv_l/tv_r/av_l/av_r/x/y/theta/t_err: -1.12807 -1.29540 0.34813 -0.72531 -0.78356 -0.70942 -0.76981 -0.70942 -0.76981 44.41204 0.04061 179.07117 0.01713
target: -1.29540 0.04554
target: -1.29540 0.04554
fb: -0.81467 -0.02968 -1.00000 -1.00000
fb: -0.88065 -0.02857 -1.00000 -1.00000
dist/lin/ang/drive_left/drive_right/tv_l/tv_r/av_l/av_r/x/y/theta/t_err: -1.11046 -1.38176 0.43576 -0.85208 -0.90922 -0.81294 -0.82883 -0.81294 -0.82883 43.71873 0.05340 178.81687 0.02187
target: -1.38176 0.05700
target: -1.38176 0.05700
fb: -1.11698 -0.02683 -1.00000 -1.00000
fb: -0.92302 -0.02961 -1.00000 -1.00000
dist/lin/ang/drive_left/drive_right/tv_l/tv_r/av_l/av_r/x/y/theta/t_err: -1.09200 -1.46812 0.49819 -0.89341 -0.95263 -0.85072 -0.84989 -0.85072 -0.84989 42.99212 0.06953 178.57692 0.02645
target: -1.46812 0.06517
target: -1.46812 0.06517
fb: -1.00665 -0.02968 -1.00000 -1.00000
fb: -0.99495 -0.02940 -1.00000 -1.00000
dist/lin/ang/drive_left/drive_right/tv_l/tv_r/av_l/av_r/x/y/theta/t_err: -1.07211 -1.55448 0.58447 -0.96555 -1.02436 -0.86803 -0.86717 -0.86803 -0.86717 42.20897 0.09029 178.31543 0.03154
target: -1.55448 0.07645
target: -1.55448 0.07645
fb: -0.98900 -0.02885 -1.00000 -1.00000
fb: -1.34006 -0.02773 -1.00000 -1.00000
dist/lin/ang/drive_left/drive_right/tv_l/tv_r/av_l/av_r/x/y/theta/t_err: -1.04532 -1.64084 0.66239 -1.31233 -1.36779 -0.88089 -0.87711 -0.88089 -0.87711 41.15433 0.12345 178.06731 0.03673
target: -1.64084 0.08665
target: -1.64084 0.08665
fb: -1.13662 -0.02843 -1.00000 -1.00000
fb: -1.13838 -0.02662 -1.00000 -1.00000
dist/lin/ang/drive_left/drive_right/tv_l/tv_r/av_l/av_r/x/y/theta/t_err: -1.02257 -1.66493 0.72930 -1.11177 -1.16500 -0.86733 -0.86356 -0.86733 -0.86356 40.25854 0.15558 177.83154 0.04171
target: -1.66493 0.09540
target: -1.66493 0.09540
fb: -1.12095 -0.02306 -1.00000 -1.00000
fb: -1.21605 -0.02216 -1.00000 -0.96693
dist/lin/ang/drive_left/drive_right/tv_l/tv_r/av_l/av_r/x/y/theta/t_err: -0.99828 -1.65323 0.78054 -1.19390 -1.23821 -0.87556 -0.87369 -0.87556 -0.87369 39.30177 0.19357 177.63741 0.04616
target: -1.65323 0.10210
target: -1.65323 0.10210
fb: -1.33808 -0.02069 -0.94775 -0.75682
fb: -1.26835 -0.01777 -0.98262 -0.79168
dist/lin/ang/drive_left/drive_right/tv_l/tv_r/av_l/av_r/x/y/theta/t_err: -0.97294 -1.64236 0.83353 -1.25058 -1.28612 -0.86700 -0.66631 -0.86700 -0.66631 38.30398 0.23618 177.47031 0.05032
target: -1.64236 0.10903
target: -1.64236 0.10903
fb: -1.27431 -0.01261 -0.97872 -0.77644
fb: -1.34006 -0.00739 -0.94584 -0.74356
dist/lin/ang/drive_left/drive_right/tv_l/tv_r/av_l/av_r/x/y/theta/t_err: -0.94617 -1.63374 0.86060 -1.33268 -1.34745 -0.69489 -0.70875 -0.69489 -0.70875 37.24989 0.28383 177.36358 0.05363
target: -1.63374 0.11258
target: -1.63374 0.11258
fb: -1.28953 -0.00439 -0.95933 -0.78280
fb: -1.33058 -0.00627 -0.93881 -0.76228
dist/lin/ang/drive_left/drive_right/tv_l/tv_r/av_l/av_r/x/y/theta/t_err: -0.91960 -1.62675 0.88412 -1.32431 -1.33685 -0.71403 -0.72036 -0.71403 -0.72036 36.20333 0.33261 177.29901 0.05633
target: -1.62675 0.11565
target: -1.62675 0.11565
fb: -1.31292 -0.00892 -0.94783 -0.77135
fb: -1.38067 -0.01477 -0.91396 -0.73748
dist/lin/ang/drive_left/drive_right/tv_l/tv_r/av_l/av_r/x/y/theta/t_err: -0.89204 -1.61714 0.96385 -1.36589 -1.39544 -0.74450 -0.73731 -0.74450 -0.73731 35.11745 0.38489 177.18721 0.06005
target: -1.61714 0.12608
target: -1.61714 0.12608
fb: -1.48769 -0.01449 -0.88126 -0.62463
fb: -1.38861 -0.01519 -0.93079 -0.67417
dist/lin/ang/drive_left/drive_right/tv_l/tv_r/av_l/av_r/x/y/theta/t_err: -0.86432 -1.60576 1.04596 -1.37342 -1.40380 -0.72019 -0.72311 -0.72019 -0.72311 34.02544 0.43988 177.04580 0.06449
target: -1.60576 0.13682
target: -1.60576 0.13682
fb: -1.44488 -0.01547 -0.89379 -0.61995
fb: -1.44113 -0.00927 -0.89566 -0.62182
dist/lin/ang/drive_left/drive_right/tv_l/tv_r/av_l/av_r/x/y/theta/t_err: -0.83556 -1.59495 1.10238 -1.43186 -1.45039 -0.71147 -0.65517 -0.71147 -0.65517 32.89226 0.49954 176.93253 0.06872
target: -1.59495 0.14420
target: -1.59495 0.14420
fb: -1.39810 -0.00098 -0.89945 -0.64596
fb: -1.48548 0.00383 -0.85576 -0.60227
dist/lin/ang/drive_left/drive_right/tv_l/tv_r/av_l/av_r/x/y/theta/t_err: -0.80592 -1.58828 1.10019 -1.48931 -1.48165 -0.81222 -0.61083 -0.81222 -0.61083 31.72428 0.56232 176.92750 0.07135
target: -1.58828 0.14392
target: -1.58828 0.14392
fb: -1.46827 0.01331 -0.84016 -0.65605
fb: -1.41575 0.02383 -0.86641 -0.68231
dist/lin/ang/drive_left/drive_right/tv_l/tv_r/av_l/av_r/x/y/theta/t_err: -0.77768 -1.58761 1.04492 -1.43958 -1.39192 -0.70633 -0.61667 -0.70633 -0.61667 30.61106 0.62099 177.05916 0.07161
target: -1.58761 0.13669
target: -1.58761 0.13669
fb: -1.37691 0.02857 -0.87316 -0.76122
fb: -1.47599 0.03038 -0.82362 -0.71169
dist/lin/ang/drive_left/drive_right/tv_l/tv_r/av_l/av_r/x/y/theta/t_err: -0.74823 -1.59184 0.97261 -1.50637 -1.44561 -0.73628 -0.67758 -0.73628 -0.67758 29.45026 0.67801 177.31120 0.06995
target: -1.59184 0.12723
target: -1.59184 0.12723
fb: -1.45657 0.03282 -0.84037 -0.76118
fb: -1.46032 0.03331 -0.83850 -0.75930
dist/lin/ang/drive_left/drive_right/tv_l/tv_r/av_l/av_r/x/y/theta/t_err: -0.71910 -1.59744 0.92724 -1.49363 -1.42702 -0.75103 -0.71644 -0.75103 -0.71644 28.30153 0.72897 177.59399 0.06774
target: -1.59744 0.12129
target: -1.59744 0.12129
fb: -1.57286 0.03247 -0.80473 -0.70178
fb: -1.57286 0.03198 -0.80473 -0.70178
dist/lin/ang/drive_left/drive_right/tv_l/tv_r/av_l/av_r/x/y/theta/t_err: -0.68771 -1.60255 0.90322 -1.60484 -1.54088 -0.75956 -0.72158 -0.75956 -0.72158 27.06402 0.77780 177.87941 0.06574
target: -1.60255 0.11815
target: -1.60255 0.11815
fb: -1.53777 0.03121 -0.83540 -0.71154
fb: -1.48945 0.02926 -0.85957 -0.73570
dist/lin/ang/drive_left/drive_right/tv_l/tv_r/av_l/av_r/x/y/theta/t_err: -0.65798 -1.60672 0.88878 -1.51871 -1.46019 -0.77325 -0.69658 -0.77325 -0.69658 25.89194 0.81848 178.13737 0.06411
target: -1.60672 0.11626
target: -1.60672 0.11626
fb: -1.49916 0.03156 -0.85916 -0.72655
fb: -1.50688 0.03386 -0.85530 -0.72268
dist/lin/ang/drive_left/drive_right/tv_l/tv_r/av_l/av_r/x/y/theta/t_err: -0.62791 -1.61150 0.85605 -1.54074 -1.47302 -0.79583 -0.70806 -0.79583 -0.70806 24.70595 0.85419 178.41362 0.06225
target: -1.61150 0.11198
target: -1.61150 0.11198
fb: -1.59228 0.03435 -0.80571 -0.70037
fb: -1.53976 0.03839 -0.83196 -0.72663
dist/lin/ang/drive_left/drive_right/tv_l/tv_r/av_l/av_r/x/y/theta/t_err: -0.59717 -1.61737 0.81237 -1.57815 -1.50137 -0.82508 -0.70378 -0.82508 -0.70378 23.49393 0.88467 178.72079 0.05996
target: -1.61737 0.10627
target: -1.61737 0.10627
fb: -1.44488 0.04215 -0.87888 -0.79408
fb: -1.55168 0.04194 -0.82548 -0.74068
dist/lin/ang/drive_left/drive_right/tv_l/tv_r/av_l/av_r/x/y/theta/t_err: -0.56619 -1.62566 0.74257 -1.59362 -1.50973 -0.78608 -0.73061 -0.78608 -0.73061 22.27236 0.90800 179.08295 0.05675
target: -1.62566 0.09714
target: -1.62566 0.09714
fb: -1.65428 0.04285 -0.76990 -0.72811
fb: -1.51836 0.03839 -0.83786 -0.79607
dist/lin/ang/drive_left/drive_right/tv_l/tv_r/av_l/av_r/x/y/theta/t_err: -0.53587 -1.58995 0.70109 -1.55675 -1.47997 -0.78864 -0.72925 -0.78864 -0.72925 21.07690 0.92352 179.43398 0.05367
target: -1.58995 0.09171
target: -1.58995 0.09171
fb: -1.57286 0.03581 -0.61513 -0.54723
fb: -1.67370 0.03484 -0.56471 -0.49680
dist/lin/ang/drive_left/drive_right/tv_l/tv_r/av_l/av_r/x/y/theta/t_err: -0.50244 -1.54472 0.69497 -1.70854 -1.63886 -0.75442 -0.69983 -0.75442 -0.69983 19.75907 0.93301 179.74923 0.05156
target: -1.54472 0.09091
target: -1.54472 0.09091
fb: -1.64259 0.03602 -0.52126 -0.41278
fb: -1.58654 0.03526 -0.54929 -0.44080
dist/lin/ang/drive_left/drive_right/tv_l/tv_r/av_l/av_r/x/y/theta/t_err: -0.47075 -1.50011 0.66630 -1.62180 -1.55128 -0.59769 -0.53608 -0.59769 -0.53608 18.50982 0.93522 180.05619 0.04950
target: -1.50011 0.08716
target: -1.50011 0.08716
fb: -1.55741 0.03393 -0.50989 -0.43294
fb: -1.53601 0.03379 -0.52059 -0.44364
dist/lin/ang/drive_left/drive_right/tv_l/tv_r/av_l/av_r/x/y/theta/t_err: -0.44007 -1.45504 0.63828 -1.56980 -1.50222 -0.54447 -0.45739 -0.54447 -0.45739 17.30038 0.93093 180.35917 0.04749
target: -1.45504 0.08349
target: -1.45504 0.08349
fb: -1.47400 0.03693 -0.50662 -0.43378
fb: -1.54947 0.04313 -0.46888 -0.39604
dist/lin/ang/drive_left/drive_right/tv_l/tv_r/av_l/av_r/x/y/theta/t_err: -0.40911 -1.40796 0.59939 -1.59260 -1.50634 -0.52550 -0.47036 -0.52550 -0.47036 16.08037 0.91992 180.68264 0.04523
target: -1.40796 0.07841
target: -1.40796 0.07841
fb: -1.50291 0.04829 -0.43146 -0.37820
fb: -1.36743 0.04801 -0.49921 -0.44594
dist/lin/ang/drive_left/drive_right/tv_l/tv_r/av_l/av_r/x/y/theta/t_err: -0.38179 -1.36948 0.48518 -1.41543 -1.31942 -0.54089 -0.47553 -0.54089 -0.47553 15.00379 0.90325 181.10117 0.04091
target: -1.36948 0.06347
target: -1.36948 0.06347
fb: -1.41376 0.04390 -0.42100 -0.47640
fb: -1.42921 0.04306 -0.41327 -0.46868
dist/lin/ang/drive_left/drive_right/tv_l/tv_r/av_l/av_r/x/y/theta/t_err: -0.35322 -1.32479 0.45082 -1.47227 -1.38615 -0.51519 -0.45808 -0.51519 -0.45808 13.87871 0.87797 181.48228 0.03731
target: -1.32479 0.05897
target: -1.32479 0.05897
fb: -1.45657 0.04292 -0.37808 -0.34546
fb: -1.42546 0.04229 -0.39363 -0.36102
dist/lin/ang/drive_left/drive_right/tv_l/tv_r/av_l/av_r/x/y/theta/t_err: -0.32473 -1.27712 0.40590 -1.46775 -1.38317 -0.47739 -0.46319 -0.47739 -0.46319 12.75678 0.84550 181.85034 0.03389
target: -1.27712 0.05310
target: -1.27712 0.05310
fb: -1.34779 0.04013 -0.36698 -0.35462
fb: -1.39633 0.03477 -0.34270 -0.33035
dist/lin/ang/drive_left/drive_right/tv_l/tv_r/av_l/av_r/x/y/theta/t_err: -0.29682 -1.22659 0.37726 -1.43110 -1.36156 -0.45083 -0.41700 -0.45083 -0.41700 11.65799 0.80671 182.18239 0.03100
target: -1.22659 0.04935
target: -1.22659 0.04935
fb: -1.29373 0.02947 -0.34357 -0.31704
fb: -1.23547 0.02738 -0.37270 -0.34616
dist/lin/ang/drive_left/drive_right/tv_l/tv_r/av_l/av_r/x/y/theta/t_err: -0.27212 -1.17778 0.37871 -1.26285 -1.20809 -0.40997 -0.38792 -0.40997 -0.38792 10.68597 0.76746 182.43449 0.02921
target: -1.17778 0.04954
target: -1.17778 0.04954
fb: -1.19840 0.02794 -0.37149 -0.30924
fb: -1.14809 0.02745 -0.39665 -0.33439
dist/lin/ang/drive_left/drive_right/tv_l/tv_r/av_l/av_r/x/y/theta/t_err: -0.24917 -1.13009 0.35518 -1.17554 -1.12064 -0.38944 -0.36325 -0.38944 -0.36325 9.78286 0.72715 182.67659 0.02748
target: -1.13009 0.04646
target: -1.13009 0.04646
fb: -1.18693 0.02641 -0.32154 -0.29278
fb: -1.09955 0.02467 -0.36523 -0.33647
dist/lin/ang/drive_left/drive_right/tv_l/tv_r/av_l/av_r/x/y/theta/t_err: -0.22719 -1.08157 0.34102 -1.12421 -1.07488 -0.38447 -0.34119 -0.38447 -0.34119 8.91810 0.68507 182.90166 0.02602
target: -1.08157 0.04461
target: -1.08157 0.04461
fb: -1.08410 0.02508 -0.32967 -0.29231
fb: -1.16177 0.02564 -0.29083 -0.25347
dist/lin/ang/drive_left/drive_right/tv_l/tv_r/av_l/av_r/x/y/theta/t_err: -0.20396 -1.02654 0.33460 -1.18741 -1.13613 -0.36600 -0.33483 -0.36600 -0.33483 8.00458 0.63704 183.12119 0.02494
target: -1.02654 0.04377
target: -1.02654 0.04377
fb: -1.05122 0.02453 -0.27394 -0.22857
fb: -0.98900 0.02306 -0.30506 -0.25968
dist/lin/ang/drive_left/drive_right/tv_l/tv_r/av_l/av_r/x/y/theta/t_err: -0.18419 -0.97732 0.31514 -1.01206 -0.96593 -0.33708 -0.29617 -0.33708 -0.29617 7.22708 0.59317 183.33051 0.02376
target: -0.97732 0.04122
target: -0.97732 0.04122
fb: -0.97929 0.02195 -0.27895 -0.25229
fb: -0.95038 0.02522 -0.29341 -0.26674
dist/lin/ang/drive_left/drive_right/tv_l/tv_r/av_l/av_r/x/y/theta/t_err: -0.16518 -0.96075 0.30689 -0.97560 -0.92516 -0.30389 -0.27086 -0.30389 -0.27086 6.48009 0.54841 183.53052 0.02281
target: -0.96075 0.04014
target: -0.96075 0.04014
fb: -0.92522 0.02467 -0.42735 -0.38893
fb: -0.84557 0.02264 -0.46718 -0.42876
dist/lin/ang/drive_left/drive_right/tv_l/tv_r/av_l/av_r/x/y/theta/t_err: -0.14824 -0.91015 0.18684 -0.86821 -0.82292 -0.30614 -0.27719 -0.30614 -0.27719 5.81563 0.50622 183.73926 0.01917
target: -0.91015 0.02444
target: -0.91015 0.02444
fb: -0.81843 0.02062 -0.22220 -0.33641
fb: -0.82041 0.01846 -0.22120 -0.33541
dist/lin/ang/drive_left/drive_right/tv_l/tv_r/av_l/av_r/x/y/theta/t_err: -0.13184 -0.85833 0.15923 -0.83888 -0.80195 -0.39697 -0.36925 -0.39697 -0.36925 5.17108 0.46310 183.91142 0.01616
target: -0.85833 0.02083
target: -0.85833 0.02083
fb: -0.87469 0.01707 -0.19399 -0.20416
fb: -0.89588 0.01477 -0.18340 -0.19357
dist/lin/ang/drive_left/drive_right/tv_l/tv_r/av_l/av_r/x/y/theta/t_err: -0.11393 -0.79790 0.13593 -0.91065 -0.88111 -0.26981 -0.32222 -0.26981 -0.32222 4.46737 0.41410 184.05418 0.01367
target: -0.79790 0.01778
target: -0.79790 0.01778
fb: -0.79702 0.01108 -0.14382 -0.15296
fb: -0.80695 -0.00070 -0.13886 -0.14800
dist/lin/ang/drive_left/drive_right/tv_l/tv_r/av_l/av_r/x/y/theta/t_err: -0.09779 -0.73924 0.15346 -0.80625 -0.80765 -0.21511 -0.21544 -0.21511 -0.21544 3.83360 0.36869 184.11911 0.01254
target: -0.73924 0.02007
target: -0.73924 0.02007
fb: -0.82813 -0.01003 -0.10748 -0.06543
fb: -0.69993 -0.00690 -0.17158 -0.12953
dist/lin/ang/drive_left/drive_right/tv_l/tv_r/av_l/av_r/x/y/theta/t_err: -0.08379 -0.68428 0.23334 -0.69303 -0.70683 -0.16631 -0.16203 -0.16631 -0.16203 3.28387 0.32944 184.04434 0.01384
target: -0.68428 0.03052
target: -0.68428 0.03052
fb: -0.62447 -0.00160 -0.21774 -0.08823
fb: -0.60130 0.00327 -0.22932 -0.09982
dist/lin/ang/drive_left/drive_right/tv_l/tv_r/av_l/av_r/x/y/theta/t_err: -0.07177 -0.63327 0.20248 -0.60457 -0.59802 -0.17297 -0.13178 -0.17297 -0.13178 2.81158 0.29611 184.04177 0.01389
target: -0.63327 0.02649
target: -0.63327 0.02649
fb: -0.59534 0.00704 -0.13378 -0.14002
fb: -0.63616 0.01059 -0.11337 -0.11961
dist/lin/ang/drive_left/drive_right/tv_l/tv_r/av_l/av_r/x/y/theta/t_err: -0.05905 -0.57441 0.15417 -0.64675 -0.62557 -0.21611 -0.12164 -0.21611 -0.12164 2.31193 0.26053 184.11023 0.01269
target: -0.57441 0.02017
target: -0.57441 0.02017
fb: -0.60902 0.01456 0.09063 0.06522
fb: -0.55650 0.01749 0.06438 -0.08887
dist/lin/ang/drive_left/drive_right/tv_l/tv_r/av_l/av_r/x/y/theta/t_err: -0.04792 -0.51748 0.09380 -0.57399 -0.53901 -0.11842 -0.09086 -0.11842 -0.09086 1.87490 0.22865 184.24113 0.01041
target: -0.51748 0.01227
target: -0.51748 0.01227
fb: -0.53135 0.01909 0.10836 -0.06963
fb: -0.44992 0.01519 0.06765 -0.11034
dist/lin/ang/drive_left/drive_right/tv_l/tv_r/av_l/av_r/x/y/theta/t_err: -0.03893 -0.46641 0.04504 -0.46511 -0.43474 0.05153 -0.07700 0.05153 -0.07700 1.52164 0.20201 184.39469 0.00773
target: -0.46641 0.00589
target: -0.46641 0.00589
fb: -0.36652 0.00718 -0.13464 -0.18904
fb: -0.31047 -0.00746 -0.16266 -0.21706
dist/lin/ang/drive_left/drive_right/tv_l/tv_r/av_l/av_r/x/y/theta/t_err: -0.03272 -0.42760 0.09384 -0.30301 -0.31792 -0.00908 -0.12747 -0.00908 -0.12747 1.27790 0.18316 184.42110 0.00727
target: -0.42760 0.01228
target: -0.42760 0.01228
fb: -0.29679 -0.02446 -0.22198 -0.15297
fb: -0.32371 -0.03491 -0.20852 -0.13951
dist/lin/ang/drive_left/drive_right/tv_l/tv_r/av_l/av_r/x/y/theta/t_err: -0.02624 -0.38291 0.26428 -0.28880 -0.35861 -0.16683 -0.18225 -0.16683 -0.18225 1.02374 0.16396 184.19060 0.01129
target: -0.38291 0.03457
target: -0.38291 0.03457
fb: -0.31422 -0.03581 -0.24913 0.08078
fb: -0.32989 -0.03331 -0.24130 0.08861
dist/lin/ang/drive_left/drive_right/tv_l/tv_r/av_l/av_r/x/y/theta/t_err: -0.01963 -0.33118 0.37390 -0.29658 -0.36319 -0.21047 -0.09444 -0.21047 -0.09444 0.76463 0.14570 183.88569 0.01661
target: -0.33118 0.04891
target: -0.33118 0.04891
fb: -0.32393 -0.03066 -0.15903 0.11851
fb: -0.29281 -0.02460 -0.17459 0.10295
dist/lin/ang/drive_left/drive_right/tv_l/tv_r/av_l/av_r/x/y/theta/t_err: -0.01376 -0.27730 0.41545 -0.26822 -0.31741 -0.20683 0.06675 -0.20683 0.06675 0.53456 0.13060 183.63244 0.02103
target: -0.27730 0.05435
target: -0.27730 0.05435
fb: -0.25596 -0.00118 -0.10540 0.09928
fb: -0.18999 0.02404 -0.13839 0.06629
dist/lin/ang/drive_left/drive_right/tv_l/tv_r/av_l/av_r/x/y/theta/t_err: -0.00996 -0.23595 0.27156 -0.21403 -0.16595 -0.14511 0.09053 -0.14511 0.09053 0.38526 0.12113 183.68087 0.02019
target: -0.23595 0.03552
target: -0.23595 0.03552
fb: -0.17057 0.04459 0.06262 -0.14212
fb: -0.17454 0.06048 0.06461 -0.14013
dist/lin/ang/drive_left/drive_right/tv_l/tv_r/av_l/av_r/x/y/theta/t_err: -0.00649 -0.00162 0.00270 -0.23502 -0.11406 -0.08144 0.01697 -0.08144 0.01697 0.24814 0.11186 184.10151 0.01284
target: -0.00162 0.00035
target: -0.00162 0.00035
fb: -0.16285 0.07163 0.66511 0.35395
fb: -0.16880 0.06961 0.66511 0.35395
dist/lin/ang/drive_left/drive_right/tv_l/tv_r/av_l/av_r/x/y/theta/t_err: -0.00314 -0.00078 -0.23485 -0.23841 -0.09920 0.12011 -0.08333 0.12011 -0.08333 0.11562 0.10163 184.71232 0.00218
target: -0.00078 -0.03072
target: -0.00078 -0.03072
fb: -0.17851 0.06194 0.20082 -0.20295
fb: -0.15314 0.04668 0.20082 -0.20295
dist/lin/ang/drive_left/drive_right/tv_l/tv_r/av_l/av_r/x/y/theta/t_err: -0.00010 -0.00002 -0.31342 -0.19982 -0.10645 0.38639 0.21047 0.38639 0.21047 -0.00451 0.09121 185.21287 -0.00655
target: -0.00002 -0.04100
target: -0.00002 -0.04100
fb: -0.07767 0.03658 0.11425 -0.11612
fb: -0.01368 0.01881 0.11425 -0.11612
dist/lin/ang/drive_left/drive_right/tv_l/tv_r/av_l/av_r/x/y/theta/t_err: 0.00017 0.00004 -0.28305 -0.03249 0.00513 0.16461 -0.11928 0.16461 -0.11928 -0.01524 0.09022 185.48563 -0.01131
target: 0.00004 -0.03703
target: 0.00004 -0.03703
fb: 0.00000 -0.00153 0.04611 -0.05071
fb: 0.00000 -0.01860 0.04611 -0.05071
increased slew to 5.71500
increased slew to 5.84200
increased slew to 5.96900
increased slew to 6.09600
increased slew to 6.22300
increased slew to 6.35000
increased slew to 6.47700
increased slew to 6.60400
increased slew to 6.73100
increased slew to 6.85800
increased slew to 6.98500
increased slew to 7.11200
increased slew to 7.23900
increased slew to 7.36600
increased slew to 7.49300
start is 0.00000 0.00000
dist/lin/ang/drive_left/drive_right/tv_l/tv_r/av_l/av_r/x/y/theta/t_err: 1.21920 0.14986 0.00002 0.00000 0.00000 0.00033 0.00017 0.00033 0.00017 0.00000 0.00000 -0.00010 0.00000
target: 0.14986 0.00000
target: 0.14986 0.00000
fb: 0.00000 0.00000 0.39417 0.39910
fb: 0.00000 0.00000 0.39417 0.39910
dist/lin/ang/drive_left/drive_right/tv_l/tv_r/av_l/av_r/x/y/theta/t_err: 1.21920 0.29972 0.00010 0.00000 0.00000 0.02842 0.08814 0.02842 0.08814 0.00000 0.00000 -0.00021 0.00000
target: 0.29972 0.00001
target: 0.29972 0.00001
fb: 0.00000 0.00000 0.59944 0.60445
fb: 0.00000 -0.00871 0.59944 0.60445
dist/lin/ang/drive_left/drive_right/tv_l/tv_r/av_l/av_r/x/y/theta/t_err: 1.21920 0.44958 -0.00024 0.00871 -0.00871 0.33486 0.40483 0.33486 0.40483 0.00000 0.00000 0.00021 -0.00000
target: 0.44958 -0.00003
target: 0.44958 -0.00003
fb: 0.00000 -0.01254 0.73010 0.73455
fb: 0.00177 -0.01178 0.72922 0.73367
dist/lin/ang/drive_left/drive_right/tv_l/tv_r/av_l/av_r/x/y/theta/t_err: 1.21920 0.59944 0.05214 0.01354 -0.01001 0.50597 0.48597 0.50597 0.48597 0.00000 0.00000 -0.07550 0.00132
target: 0.59944 0.00682
target: 0.59944 0.00682
fb: 0.08517 -0.01031 1.00000 1.00000
fb: 0.20963 -0.00509 1.00000 1.00000
dist/lin/ang/drive_left/drive_right/tv_l/tv_r/av_l/av_r/x/y/theta/t_err: 1.21750 0.74930 0.08631 0.21471 0.20454 0.44642 0.47006 0.44642 0.47006 0.06707 -0.00018 -0.17277 0.00302
target: 0.74930 0.01129
target: 0.74930 0.01129
fb: 0.25795 -0.00321 1.00000 1.00000
fb: 0.28311 -0.00355 1.00000 1.00000
dist/lin/ang/drive_left/drive_right/tv_l/tv_r/av_l/av_r/x/y/theta/t_err: 1.21234 0.89916 0.07227 0.28666 0.27955 0.46097 0.52033 0.46097 0.52033 0.27018 -0.00087 -0.21326 0.00374
target: 0.89916 0.00945
target: 0.89916 0.00945
fb: 0.31422 -0.00704 1.00000 1.00000
fb: 0.37424 -0.00843 1.00000 1.00000
dist/lin/ang/drive_left/drive_right/tv_l/tv_r/av_l/av_r/x/y/theta/t_err: 1.20605 1.04902 0.08204 0.38267 0.36581 0.62814 0.69742 0.62814 0.69742 0.51759 -0.00186 -0.25238 0.00444
target: 1.04902 0.01073
target: 1.04902 0.01073
fb: 0.46162 -0.00885 1.00000 1.00000
fb: 0.50619 -0.00948 1.00000 1.00000
dist/lin/ang/drive_left/drive_right/tv_l/tv_r/av_l/av_r/x/y/theta/t_err: 1.19682 1.19888 0.11547 0.51567 0.49672 0.74400 0.77186 0.74400 0.77186 0.88107 -0.00370 -0.32416 0.00574
target: 1.19888 0.01511
target: 1.19888 0.01511
fb: 0.55275 -0.01052 1.00000 1.00000
fb: 0.59931 -0.01171 1.00000 1.00000
dist/lin/ang/drive_left/drive_right/tv_l/tv_r/av_l/av_r/x/y/theta/t_err: 1.18577 1.34874 0.14459 0.61102 0.58761 0.77322 0.80356 0.77322 0.80356 1.31629 -0.00650 -0.40977 0.00729
target: 1.34874 0.01891
target: 1.34874 0.01891
fb: 0.67103 -0.01184 1.00000 1.00000
fb: 0.74473 -0.01094 1.00000 1.00000
dist/lin/ang/drive_left/drive_right/tv_l/tv_r/av_l/av_r/x/y/theta/t_err: 1.17235 1.49860 0.17880 0.75566 0.73379 0.82919 0.83417 0.82919 0.83417 1.84464 -0.01076 -0.51040 0.00914
target: 1.49860 0.02339
target: 1.49860 0.02339
fb: 0.76017 -0.00955 1.00000 1.00000
fb: 0.76613 -0.00815 1.00000 1.00000
dist/lin/ang/drive_left/drive_right/tv_l/tv_r/av_l/av_r/x/y/theta/t_err: 1.15714 1.64846 0.20041 0.77428 0.75798 0.84869 0.84392 0.84869 0.84392 2.44317 -0.01659 -0.60133 0.01086
target: 1.64846 0.02622
target: 1.64846 0.02622
fb: 0.86300 -0.01010 1.00000 1.00000
fb: 0.91331 -0.01387 1.00000 1.00000
dist/lin/ang/drive_left/drive_right/tv_l/tv_r/av_l/av_r/x/y/theta/t_err: 1.13988 1.74383 0.21695 0.92717 0.89944 0.85144 0.85025 0.85144 0.85025 3.12266 -0.02418 -0.67761 0.01237
target: 1.74383 0.02838
target: 1.74383 0.02838
fb: 0.93295 -0.01568 1.00000 1.00000
fb: 0.95612 -0.01505 1.00000 1.00000
dist/lin/ang/drive_left/drive_right/tv_l/tv_r/av_l/av_r/x/y/theta/t_err: 1.12123 1.73749 0.27080 0.97117 0.94107 0.85603 0.85403 0.85603 0.85403 3.85720 -0.03364 -0.79756 0.01468
target: 1.73749 0.03542
target: 1.73749 0.03542
fb: 1.02011 -0.00927 1.00000 1.00000
fb: 1.13463 -0.00397 0.99366 1.00000
dist/lin/ang/drive_left/drive_right/tv_l/tv_r/av_l/av_r/x/y/theta/t_err: 1.10083 1.73143 0.30069 1.13860 1.13066 0.86822 0.86153 0.86822 0.86153 4.66035 -0.04570 -0.90815 0.01690
target: 1.73143 0.03933
target: 1.73143 0.03933
fb: 1.13264 -0.00174 1.00000 1.00000
fb: 1.18494 0.00000 0.97557 1.00000
dist/lin/ang/drive_left/drive_right/tv_l/tv_r/av_l/av_r/x/y/theta/t_err: 1.07818 1.72893 0.28132 1.18494 1.18494 0.71383 0.89425 0.71383 0.89425 5.55208 -0.06015 -0.93990 0.01782
target: 1.72893 0.03680
target: 1.72893 0.03680
fb: 1.24893 0.00418 0.98626 1.00000
fb: 1.23922 0.01164 0.99112 1.00000
dist/lin/ang/drive_left/drive_right/tv_l/tv_r/av_l/av_r/x/y/theta/t_err: 1.05320 1.72839 0.26629 1.22759 1.25086 0.62489 0.91322 0.62489 0.91322 6.53536 -0.07624 -0.92718 0.01802
target: 1.72839 0.03483
target: 1.72839 0.03483
fb: 1.25092 0.02251 0.99135 1.00000
fb: 1.30719 0.02857 0.96322 0.99847
dist/lin/ang/drive_left/drive_right/tv_l/tv_r/av_l/av_r/x/y/theta/t_err: 1.02819 1.73350 0.18715 1.27862 1.33575 0.65347 0.91458 0.65347 0.91458 7.52022 -0.09121 -0.79586 0.01614
target: 1.73350 0.02448
target: 1.73350 0.02448
fb: 1.31094 0.03860 1.00000 0.97921
fb: 1.27806 0.04410 1.00000 0.99565
dist/lin/ang/drive_left/drive_right/tv_l/tv_r/av_l/av_r/x/y/theta/t_err: 1.00197 1.74596 0.05421 1.23395 1.32216 0.64061 0.69917 0.64061 0.69917 8.55238 -0.10324 -0.51411 0.01159
target: 1.74596 0.00709
target: 1.74596 0.00709
fb: 1.32087 0.04480 1.00000 0.97165
fb: 1.39435 0.04410 1.00000 0.93491
dist/lin/ang/drive_left/drive_right/tv_l/tv_r/av_l/av_r/x/y/theta/t_err: 0.97556 1.76349 -0.08334 1.35024 1.43845 0.88703 0.71506 0.88703 0.71506 9.59241 -0.10911 -0.13663 0.00523
target: 1.76349 -0.01090
target: 1.76349 -0.01090
fb: 1.43892 0.03553 1.00000 0.93415
fb: 1.40030 0.02404 1.00000 0.95346
dist/lin/ang/drive_left/drive_right/tv_l/tv_r/av_l/av_r/x/y/theta/t_err: 0.94678 1.77510 -0.17174 1.37627 1.42434 0.92347 0.69811 0.92347 0.69811 10.72542 -0.10802 0.22567 -0.00104
target: 1.77510 -0.02247
target: 1.77510 -0.02247
fb: 1.44863 0.01094 1.00000 0.93737
fb: 1.52233 0.00000 1.00000 0.90052
dist/lin/ang/drive_left/drive_right/tv_l/tv_r/av_l/av_r/x/y/theta/t_err: 0.91781 1.76585 -0.14681 1.52233 1.52233 0.92842 0.75100 0.92842 0.75100 11.86605 -0.10134 0.41139 -0.00438
target: 1.76585 -0.01920
target: 1.76585 -0.01920
fb: 1.44488 -0.00920 0.90632 0.91624
fb: 1.49541 -0.02007 0.88106 0.89097
dist/lin/ang/drive_left/drive_right/tv_l/tv_r/av_l/av_r/x/y/theta/t_err: 0.88891 1.76642 -0.05527 1.51548 1.47534 0.88856 0.74297 0.88856 0.74297 13.00372 -0.09314 0.39133 -0.00417
target: 1.76642 -0.00723
target: 1.76642 -0.00723
fb: 1.49541 -0.02592 0.87366 0.97805
fb: 1.50115 -0.02453 0.87079 0.97518
dist/lin/ang/drive_left/drive_right/tv_l/tv_r/av_l/av_r/x/y/theta/t_err: 0.85900 1.77511 0.06325 1.52567 1.47662 0.80197 0.74278 0.80197 0.74278 14.18119 -0.08679 0.20646 -0.00104
target: 1.77511 0.00827
target: 1.77511 0.00827
fb: 1.57661 -0.02557 0.84719 1.00000
fb: 1.50490 -0.02592 0.88305 1.00000
dist/lin/ang/drive_left/drive_right/tv_l/tv_r/av_l/av_r/x/y/theta/t_err: 0.82747 1.77032 0.13500 1.53082 1.47898 0.80197 0.79000 0.80197 0.79000 15.42261 -0.08465 -0.00935 0.00276
target: 1.77032 0.01766
target: 1.77032 0.01766
fb: 1.55344 -0.02439 0.82172 0.93615
fb: 1.60971 -0.02947 0.79358 0.90802
dist/lin/ang/drive_left/drive_right/tv_l/tv_r/av_l/av_r/x/y/theta/t_err: 0.79640 1.75969 0.19179 1.63918 1.58024 0.77511 0.76297 0.77511 0.76297 16.64579 -0.08718 -0.21902 0.00660
target: 1.75969 0.02509
target: 1.75969 0.02509
fb: 1.55344 -0.03358 0.79248 0.89925
fb: 1.59603 -0.03337 0.77119 0.87796
dist/lin/ang/drive_left/drive_right/tv_l/tv_r/av_l/av_r/x/y/theta/t_err: 0.76533 1.74583 0.29467 1.62940 1.56265 0.77633 0.78350 0.77633 0.78350 17.86895 -0.09460 -0.48698 0.01164
target: 1.74583 0.03855
target: 1.74583 0.03855
fb: 1.60000 -0.02961 0.70753 0.88658
fb: 1.61942 -0.02585 0.69782 0.87687
dist/lin/ang/drive_left/drive_right/tv_l/tv_r/av_l/av_r/x/y/theta/t_err: 0.73334 1.73088 0.38479 1.64527 1.59357 0.74450 0.78214 0.74450 0.78214 19.12872 -0.10839 -0.76512 0.01711
target: 1.73088 0.05033
target: 1.73088 0.05033
fb: 1.54373 -0.02327 0.71729 0.89712
fb: 1.61942 -0.01972 0.67945 0.85928
dist/lin/ang/drive_left/drive_right/tv_l/tv_r/av_l/av_r/x/y/theta/t_err: 0.70247 1.71803 0.43487 1.63914 1.59970 0.70378 0.78556 0.70378 0.78556 20.34411 -0.12696 -0.98815 0.02184
target: 1.71803 0.05689
target: 1.71803 0.05689
fb: 1.68937 -0.01463 0.66040 0.80184
fb: 1.65428 -0.00780 0.67795 0.81939
dist/lin/ang/drive_left/drive_right/tv_l/tv_r/av_l/av_r/x/y/theta/t_err: 0.66869 1.70738 0.47251 1.66209 1.64648 0.68156 0.78556 0.68156 0.78556 21.67409 -0.15176 -1.14698 0.02578
target: 1.70738 0.06181
target: 1.70738 0.06181
fb: 1.69488 -0.00376 0.66071 0.79410
fb: 1.63288 0.00000 0.69171 0.82510
dist/lin/ang/drive_left/drive_right/tv_l/tv_r/av_l/av_r/x/y/theta/t_err: 0.63480 1.70071 0.47192 1.63288 1.63288 0.66992 0.78078 0.66992 0.78078 23.00836 -0.17930 -1.20846 0.02827
target: 1.70071 0.06173
target: 1.70071 0.06173
fb: 1.56712 0.00592 0.75698 0.84526
fb: 1.65627 0.01178 0.71241 0.80069
dist/lin/ang/drive_left/drive_right/tv_l/tv_r/av_l/av_r/x/y/theta/t_err: 0.60347 1.69732 0.45974 1.64449 1.66804 0.69419 0.78128 0.69419 0.78128 24.24204 -0.20532 -1.19672 0.02953
target: 1.69732 0.06014
target: 1.69732 0.06014
fb: 1.77653 0.01554 0.67024 0.74272
fb: 1.66399 0.02069 0.72651 0.79899
dist/lin/ang/drive_left/drive_right/tv_l/tv_r/av_l/av_r/x/y/theta/t_err: 0.56796 1.69769 0.42272 1.64330 1.68469 0.70669 0.76758 0.70669 0.76758 25.64060 -0.23332 -1.08610 0.02939
target: 1.69769 0.05530
target: 1.69769 0.05530
fb: 1.63862 0.02404 0.77242 0.80918
fb: 1.71055 0.02522 0.73645 0.77322
dist/lin/ang/drive_left/drive_right/tv_l/tv_r/av_l/av_r/x/y/theta/t_err: 0.53520 1.70200 0.36263 1.68533 1.73577 0.71919 0.76742 0.71919 0.76742 26.93066 -0.25572 -0.89643 0.02778
target: 1.70200 0.04744
target: 1.70200 0.04744
fb: 1.64082 0.02529 0.80988 0.80895
fb: 1.63486 0.02411 0.81286 0.81193
dist/lin/ang/drive_left/drive_right/tv_l/tv_r/av_l/av_r/x/y/theta/t_err: 0.50240 1.70779 0.31783 1.61076 1.65897 0.74158 0.76914 0.74158 0.76914 28.22252 -0.27353 -0.67611 0.02563
target: 1.70779 0.04158
target: 1.70779 0.04158
fb: 1.65230 0.02460 0.81024 0.81946
fb: 1.62538 0.02641 0.82370 0.83292
dist/lin/ang/drive_left/drive_right/tv_l/tv_r/av_l/av_r/x/y/theta/t_err: 0.46936 1.71313 0.29349 1.59897 1.65178 0.78761 0.79394 0.78761 0.79394 29.52348 -0.28657 -0.46656 0.02365
target: 1.71313 0.03839
target: 1.71313 0.03839
fb: 1.73769 0.02613 0.76067 0.78972
fb: 1.70658 0.02369 0.77623 0.80528
dist/lin/ang/drive_left/drive_right/tv_l/tv_r/av_l/av_r/x/y/theta/t_err: 0.43462 1.69992 0.25509 1.68289 1.73027 0.78658 0.79497 0.78658 0.79497 30.89171 -0.29496 -0.23997 0.02143
target: 1.69992 0.03337
target: 1.69992 0.03337
fb: 1.69510 0.02125 0.70740 0.71316
fb: 1.73968 0.02007 0.68512 0.69087
dist/lin/ang/drive_left/drive_right/tv_l/tv_r/av_l/av_r/x/y/theta/t_err: 0.40072 1.63710 0.23689 1.71961 1.75974 0.74125 0.76606 0.74125 0.76606 32.22644 -0.29810 -0.03793 0.01956
target: 1.63710 0.03099
target: 1.63710 0.03099
fb: 1.67944 0.02014 0.44926 0.47555
fb: 1.68540 0.02167 0.44628 0.47257
dist/lin/ang/drive_left/drive_right/tv_l/tv_r/av_l/av_r/x/y/theta/t_err: 0.36714 1.57044 0.22853 1.66373 1.70707 0.66392 0.69367 0.66392 0.69367 33.54883 -0.29695 0.13641 0.01816
target: 1.57044 0.02989
target: 1.57044 0.02989
fb: 1.70857 0.02167 0.35357 0.38994
fb: 1.67547 0.01965 0.37012 0.40649
dist/lin/ang/drive_left/drive_right/tv_l/tv_r/av_l/av_r/x/y/theta/t_err: 0.33297 1.49904 0.20553 1.65582 1.69511 0.55081 0.58931 0.55081 0.58931 34.89414 -0.29164 0.31796 0.01670
target: 1.49904 0.02689
target: 1.49904 0.02689
fb: 1.60199 0.01749 0.33346 0.34849
fb: 1.65428 0.01219 0.30731 0.32234
dist/lin/ang/drive_left/drive_right/tv_l/tv_r/av_l/av_r/x/y/theta/t_err: 0.30094 1.42812 0.18910 1.64209 1.66648 0.43478 0.49844 0.43478 0.49844 36.15552 -0.28276 0.48769 0.01536
target: 1.42812 0.02474
target: 1.42812 0.02474
fb: 1.69886 0.00829 0.21993 0.23976
fb: 1.61368 0.00704 0.26252 0.28235
dist/lin/ang/drive_left/drive_right/tv_l/tv_r/av_l/av_r/x/y/theta/t_err: 0.26696 1.34444 0.23480 1.60664 1.62072 0.37969 0.43769 0.37969 0.43769 37.49314 -0.27022 0.57576 0.01566
target: 1.34444 0.03071
target: 1.34444 0.03071
fb: 1.52454 0.01317 0.13928 0.24020
fb: 1.47577 0.01791 0.16366 0.26459
dist/lin/ang/drive_left/drive_right/tv_l/tv_r/av_l/av_r/x/y/theta/t_err: 0.23648 1.26430 0.24797 1.45786 1.49368 0.31603 0.38431 0.31603 0.38431 38.69350 -0.25745 0.65688 0.01619
target: 1.26430 0.03244
target: 1.26430 0.03244
fb: 1.49122 0.02014 0.11505 0.17992
fb: 1.38287 0.02278 0.16922 0.23409
dist/lin/ang/drive_left/drive_right/tv_l/tv_r/av_l/av_r/x/y/theta/t_err: 0.20666 1.18305 0.21035 1.36009 1.40566 0.24967 0.36411 0.24967 0.36411 39.86759 -0.24241 0.81512 0.01557
target: 1.18305 0.02752
target: 1.18305 0.02752
fb: 1.32087 0.02146 0.15497 0.15339
fb: 1.29152 0.01735 0.16965 0.16806
dist/lin/ang/drive_left/drive_right/tv_l/tv_r/av_l/av_r/x/y/theta/t_err: 0.18024 1.10724 0.17161 1.27417 1.30887 0.22606 0.33778 0.22606 0.33778 40.90750 -0.22580 1.00984 0.01420
target: 1.10724 0.02245
target: 1.10724 0.02245
fb: 1.18869 0.01700 0.17784 0.16810
fb: 1.21230 0.01881 0.16604 0.15629
dist/lin/ang/drive_left/drive_right/tv_l/tv_r/av_l/av_r/x/y/theta/t_err: 0.15647 1.05490 0.17737 1.19349 1.23111 0.21181 0.27292 0.21181 0.27292 41.84331 -0.20804 1.16311 0.01348
target: 1.05490 0.02320
target: 1.05490 0.02320
fb: 1.18318 0.02188 0.20006 0.24367
fb: 1.07042 0.02857 0.25644 0.30005
dist/lin/ang/drive_left/drive_right/tv_l/tv_r/av_l/av_r/x/y/theta/t_err: 0.13280 0.97183 0.07735 1.04185 1.09899 0.21956 0.23339 0.21956 0.23339 42.77473 -0.18784 1.33439 0.01049
target: 0.97183 0.01012
target: 0.97183 0.01012
fb: 1.08984 0.03407 0.11920 -0.10715
fb: 1.02209 0.03407 0.15307 -0.07328
dist/lin/ang/drive_left/drive_right/tv_l/tv_r/av_l/av_r/x/y/theta/t_err: 0.11101 0.88853 -0.02692 0.98802 1.05617 0.22364 0.28508 0.22364 0.28508 43.63259 -0.16598 1.59405 0.00596
target: 0.88853 -0.00352
target: 0.88853 -0.00352
fb: 0.94839 0.03101 0.12475 -0.12497
fb: 0.91529 0.02780 0.14130 -0.10842
dist/lin/ang/drive_left/drive_right/tv_l/tv_r/av_l/av_r/x/y/theta/t_err: 0.09204 0.80908 -0.11228 0.88749 0.94310 0.17864 -0.01336 0.17864 -0.01336 44.37901 -0.14326 1.88221 0.00093
target: 0.80908 -0.01469
target: 0.80908 -0.01469
fb: 0.83189 0.03198 0.12240 -0.12007
fb: 0.82240 0.03470 0.12714 -0.11532
dist/lin/ang/drive_left/drive_right/tv_l/tv_r/av_l/av_r/x/y/theta/t_err: 0.07541 0.73232 -0.16554 0.78770 0.85710 0.16511 -0.09172 0.16511 -0.09172 45.03363 -0.12028 2.14184 -0.00360
target: 0.73232 -0.02165
target: 0.73232 -0.02165
fb: 0.75068 0.03128 0.08961 -0.12446
fb: 0.70015 0.01958 0.11487 -0.09919
dist/lin/ang/drive_left/drive_right/tv_l/tv_r/av_l/av_r/x/y/theta/t_err: 0.06039 0.65538 -0.25318 0.68057 0.71973 0.13417 -0.10558 0.13417 -0.10558 45.62425 -0.09674 2.43328 -0.00869
target: 0.65538 -0.03312
target: 0.65538 -0.03312
fb: 0.66904 -0.00070 0.08751 -0.18246
fb: 0.59159 -0.01986 0.12624 -0.14373
dist/lin/ang/drive_left/drive_right/tv_l/tv_r/av_l/av_r/x/y/theta/t_err: 0.04701 0.57823 -0.20889 0.61145 0.57173 0.11739 -0.10025 0.11739 -0.10025 46.15055 -0.07366 2.55350 -0.01079
target: 0.57823 -0.02732
target: 0.57823 -0.02732
fb: 0.48302 -0.03442 -0.09014 -0.07905
fb: 0.39741 -0.04654 0.07071 0.09159
dist/lin/ang/drive_left/drive_right/tv_l/tv_r/av_l/av_r/x/y/theta/t_err: 0.03735 0.51542 -0.01630 0.44395 0.35086 0.05544 -0.12644 0.05544 -0.12644 46.53053 -0.05721 2.35024 -0.00724
target: 0.51542 -0.00213
target: 0.51542 -0.00213
fb: 0.38593 -0.05902 -0.14569 0.20153
fb: 0.36078 -0.06696 -0.13311 0.21411
dist/lin/ang/drive_left/drive_right/tv_l/tv_r/av_l/av_r/x/y/theta/t_err: 0.02963 0.45908 0.19560 0.42774 0.29382 0.01539 0.05972 0.01539 0.05972 46.83420 -0.04582 1.91422 0.00037
target: 0.45908 0.02559
target: 0.45908 0.02559
fb: 0.31223 -0.06550 -0.05029 0.31641
fb: 0.27935 -0.05142 0.04420 0.33285
dist/lin/ang/drive_left/drive_right/tv_l/tv_r/av_l/av_r/x/y/theta/t_err: 0.02339 0.40782 0.40290 0.33078 0.22793 -0.08419 0.21050 -0.08419 0.21050 47.07995 -0.03878 1.33757 0.01043
target: 0.40782 0.05270
target: 0.40782 0.05270
fb: 0.26170 -0.03254 -0.07491 0.32269
fb: 0.23655 -0.01226 -0.06234 0.33527
dist/lin/ang/drive_left/drive_right/tv_l/tv_r/av_l/av_r/x/y/theta/t_err: 0.01815 0.35926 0.43133 0.24881 0.22428 -0.00172 0.30475 -0.00172 0.30475 47.28597 -0.03476 0.93135 0.01752
target: 0.35926 0.05642
target: 0.35926 0.05642
fb: 0.25221 0.01603 0.07381 0.18779
fb: 0.25795 0.04696 0.07094 0.18492
dist/lin/ang/drive_left/drive_right/tv_l/tv_r/av_l/av_r/x/y/theta/t_err: 0.01310 0.30527 0.28079 0.21099 0.30491 -0.01900 0.28231 -0.01900 0.28231 47.48454 -0.03170 0.89261 0.01820
target: 0.30527 0.03673
target: 0.30527 0.03673
fb: 0.26766 0.07483 0.12681 -0.08414
fb: 0.27340 0.08584 0.12394 -0.08701
dist/lin/ang/drive_left/drive_right/tv_l/tv_r/av_l/av_r/x/y/theta/t_err: 0.00775 0.23485 -0.05924 0.18756 0.35924 0.08536 0.12508 0.08536 0.12508 47.69526 -0.02762 1.36132 0.01002
target: 0.23485 -0.00775
target: 0.23485 -0.00775
fb: 0.21514 0.08264 0.20027 -0.29338
fb: 0.18999 0.07309 0.21284 -0.28080
dist/lin/ang/drive_left/drive_right/tv_l/tv_r/av_l/av_r/x/y/theta/t_err: 0.00346 0.00086 -0.36244 0.11690 0.26308 0.13739 -0.10300 0.13739 -0.10300 47.86459 -0.02259 2.09777 -0.00283
target: 0.00086 -0.04741
target: 0.00086 -0.04741
fb: 0.18050 0.06473 -0.38624 -0.81162
fb: 0.14939 0.05254 -0.29643 -0.72180
dist/lin/ang/drive_left/drive_right/tv_l/tv_r/av_l/av_r/x/y/theta/t_err: -0.00015 -0.00004 -0.46995 0.09685 0.20192 0.11311 -0.29553 0.11311 -0.29553 48.00659 -0.01663 2.71983 -0.01369
target: -0.00004 -0.06147
target: -0.00004 -0.06147
fb: 0.13571 0.03331 0.14168 -0.15021
fb: 0.12225 0.00773 0.14168 -0.15021
dist/lin/ang/drive_left/drive_right/tv_l/tv_r/av_l/av_r/x/y/theta/t_err: -0.00286 -0.00071 -0.48382 0.11451 0.12998 -0.15706 -0.33711 -0.15706 -0.33711 48.11330 -0.01114 3.13366 -0.02091
target: -0.00071 -0.06329
target: -0.00071 -0.06329
fb: 0.09886 -0.01993 0.08797 -0.09610
fb: 0.08341 -0.04062 0.08797 -0.09610
dist/lin/ang/drive_left/drive_right/tv_l/tv_r/av_l/av_r/x/y/theta/t_err: -0.00484 -0.00121 -0.30316 0.12403 0.04279 0.09961 -0.15161 0.09961 -0.15161 48.19102 -0.00684 3.13351 -0.02091
target: -0.00121 -0.03966
target: -0.00121 -0.03966
fb: 0.05825 -0.05672 -0.12024 0.12226
fb: 0.04060 -0.06877 -0.12024 0.12226
final error: 0.23687, x: -0.23683, y: 0.00445
final local error: 0.23687, forwards: -0.23634, sideways: 0.01579
position: 48.23683 -0.00445 2.74615
took 1.24000 time to finish turn
dist/lin/ang/drive_left/drive_right/tv_l/tv_r/av_l/av_r/x/y/theta/t_err: -1.22657 -0.08636 -0.37877 0.00000 0.00000 -0.00017 0.00000 -0.00017 0.00000 48.29013 -0.00239 181.49384 -0.02612
target: -0.08636 -0.04955
target: -0.08636 -0.04955
fb: 0.00000 0.00000 0.09051 -0.50475
fb: 0.00000 0.00000 0.09051 -0.50475
dist/lin/ang/drive_left/drive_right/tv_l/tv_r/av_l/av_r/x/y/theta/t_err: -1.22657 -0.17272 -0.37877 0.00000 0.00000 0.01078 -0.00000 0.01078 -0.00000 48.29013 -0.00239 181.49385 -0.02612
target: -0.17272 -0.04955
target: -0.17272 -0.04955
fb: 0.00000 0.00000 -0.24245 -0.31374
fb: 0.00000 -0.00432 -0.24245 -0.31374
dist/lin/ang/drive_left/drive_right/tv_l/tv_r/av_l/av_r/x/y/theta/t_err: -1.22657 -0.25908 -0.37224 0.00432 -0.00432 0.04533 -0.40519 0.04533 -0.40519 48.29013 -0.00239 181.48437 -0.02596
target: -0.25908 -0.04869
target: -0.25908 -0.04869
fb: 0.00000 -0.02083 -0.40837 -0.47081
fb: 0.00000 -0.04174 -0.40837 -0.47081
dist/lin/ang/drive_left/drive_right/tv_l/tv_r/av_l/av_r/x/y/theta/t_err: -1.22657 -0.34544 -0.21508 0.04174 -0.04174 -0.20858 -0.30867 -0.20858 -0.30867 48.29013 -0.00239 181.25042 -0.02187
target: -0.34544 -0.02813
target: -0.34544 -0.02813
fb: 0.00000 -0.05546 -0.58593 -0.44351
fb: 0.00000 -0.05895 -0.58593 -0.44351
dist/lin/ang/drive_left/drive_right/tv_l/tv_r/av_l/av_r/x/y/theta/t_err: -1.22657 -0.43180 0.01848 0.05895 -0.05895 -0.37558 -0.42553 -0.37558 -0.42553 48.29013 -0.00239 180.76355 -0.01338
target: -0.43180 0.00242
target: -0.43180 0.00242
fb: -0.04832 -0.05442 -0.70235 -0.42903
fb: -0.15887 -0.04829 -0.64708 -0.37376
dist/lin/ang/drive_left/drive_right/tv_l/tv_r/av_l/av_r/x/y/theta/t_err: -1.22339 -0.51816 0.12312 -0.11059 -0.20716 -0.47517 -0.41697 -0.47517 -0.41697 48.16503 -0.00344 180.30237 -0.00535
target: -0.51816 0.01611
target: -0.51816 0.01611
fb: -0.22882 -0.04410 -0.83444 -0.69498
fb: -0.28134 -0.04264 -0.80819 -0.66873
dist/lin/ang/drive_left/drive_right/tv_l/tv_r/av_l/av_r/x/y/theta/t_err: -1.21777 -0.60452 0.18655 -0.23870 -0.32398 -0.48508 -0.39578 -0.48508 -0.39578 47.94351 -0.00380 179.91882 0.00134
target: -0.60452 0.02440
target: -0.60452 0.02440
fb: -0.32790 -0.03909 -0.84488 -0.74288
fb: -0.36850 -0.03372 -0.82458 -0.72258
dist/lin/ang/drive_left/drive_right/tv_l/tv_r/av_l/av_r/x/y/theta/t_err: -1.21040 -0.69088 0.24460 -0.33478 -0.40222 -0.49569 -0.35692 -0.49569 -0.35692 47.65335 -0.00250 179.59369 0.00704
target: -0.69088 0.03200
target: -0.69088 0.03200
fb: -0.40535 -0.02564 -0.88674 -0.78097
fb: -0.41109 -0.02104 -0.88387 -0.77810
dist/lin/ang/drive_left/drive_right/tv_l/tv_r/av_l/av_r/x/y/theta/t_err: -1.20217 -0.77724 0.25421 -0.39005 -0.43213 -0.44111 -0.44661 -0.44111 -0.44661 47.32967 0.00045 179.37656 0.01089
target: -0.77724 0.03325
target: -0.77724 0.03325
fb: -0.45191 -0.02153 -0.91446 -0.86410
fb: -0.45963 -0.02028 -0.91059 -0.86024
dist/lin/ang/drive_left/drive_right/tv_l/tv_r/av_l/av_r/x/y/theta/t_err: -1.19298 -0.86360 0.28770 -0.43936 -0.47991 -0.49569 -0.48956 -0.49569 -0.48956 46.96778 0.00495 179.19378 0.01418
target: -0.86360 0.03763
target: -0.86360 0.03763
fb: -0.46736 -0.01791 -1.00000 -0.91812
fb: -0.51789 -0.02961 -0.97714 -0.89285
dist/lin/ang/drive_left/drive_right/tv_l/tv_r/av_l/av_r/x/y/theta/t_err: -1.18263 -0.94996 0.34497 -0.48828 -0.54750 -0.45719 -0.50442 -0.45719 -0.50442 46.56005 0.01133 178.99947 0.01771
target: -0.94996 0.04513
target: -0.94996 0.04513
fb: -0.56423 -0.03602 -1.00000 -0.92941
fb: -0.63991 -0.03491 -1.00000 -0.89156
dist/lin/ang/drive_left/drive_right/tv_l/tv_r/av_l/av_r/x/y/theta/t_err: -1.16983 -1.03632 0.47911 -0.60500 -0.67482 -0.40294 -0.47483 -0.40294 -0.47483 46.05629 0.02154 178.68976 0.02334
target: -1.03632 0.06267
target: -1.03632 0.06267
fb: -0.66330 -0.02794 -1.00000 -0.90160
fb: -0.68647 -0.02313 -1.00000 -0.89002
dist/lin/ang/drive_left/drive_right/tv_l/tv_r/av_l/av_r/x/y/theta/t_err: -1.15610 -1.12268 0.51390 -0.66334 -0.70960 -0.73767 -0.52872 -0.73767 -0.52872 45.51593 0.03512 178.45256 0.02778
target: -1.12268 0.06722
target: -1.12268 0.06722
fb: -0.67698 -0.01122 -1.00000 -1.00000
fb: -0.74296 0.00139 -1.00000 -0.99595
dist/lin/ang/drive_left/drive_right/tv_l/tv_r/av_l/av_r/x/y/theta/t_err: -1.14125 -1.20904 0.46982 -0.74435 -0.74157 -0.83639 -0.54225 -0.83639 -0.54225 44.93115 0.05146 178.37675 0.02948
target: -1.20904 0.06146
target: -1.20904 0.06146
fb: -0.83586 0.00780 -1.00000 -1.00000
fb: -0.80474 0.01289 -1.00000 -1.00000
dist/lin/ang/drive_left/drive_right/tv_l/tv_r/av_l/av_r/x/y/theta/t_err: -1.12516 -1.29540 0.37905 -0.81763 -0.79185 -0.87797 -0.47244 -0.87797 -0.47244 44.29773 0.06896 178.47047 0.02825
target: -1.29540 0.04958
target: -1.29540 0.04958
fb: -0.82990 0.02021 -1.00000 -1.00000
fb: -0.87668 0.02940 -1.00000 -1.00000
dist/lin/ang/drive_left/drive_right/tv_l/tv_r/av_l/av_r/x/y/theta/t_err: -1.10764 -1.38176 0.29233 -0.90608 -0.84728 -0.88344 -0.57903 -0.88344 -0.57903 43.60765 0.08631 178.66487 0.02528
target: -1.38176 0.03824
target: -1.38176 0.03824
fb: -0.87094 0.04215 -1.00000 -1.00000
fb: -0.86874 0.05156 -1.00000 -1.00000
dist/lin/ang/drive_left/drive_right/tv_l/tv_r/av_l/av_r/x/y/theta/t_err: -1.09027 -1.46812 0.11647 -0.92030 -0.81718 -0.88019 -0.72739 -0.88019 -0.72739 42.92375 0.10006 179.04783 0.01895
target: -1.46812 0.01523
target: -1.46812 0.01523
fb: -1.00268 0.05846 -1.00000 -1.00000
fb: -1.00863 0.06124 -1.00000 -1.00000
dist/lin/ang/drive_left/drive_right/tv_l/tv_r/av_l/av_r/x/y/theta/t_err: -1.07010 -1.55448 -0.06197 -1.06988 -0.94739 -0.86136 -0.82236 -0.86136 -0.82236 42.12961 0.11000 179.55231 0.01042
target: -1.55448 -0.00811
target: -1.55448 -0.00811
fb: -0.97929 0.06208 -1.00000 -1.00000
fb: -1.06071 0.05915 -1.00000 -1.00000
dist/lin/ang/drive_left/drive_right/tv_l/tv_r/av_l/av_r/x/y/theta/t_err: -1.04888 -1.64084 -0.21024 -1.11986 -1.00155 -0.87028 -0.86186 -0.87028 -0.86186 41.29441 0.11262 180.08319 0.00128
target: -1.64084 -0.02750
target: -1.64084 -0.02750
fb: -1.10925 0.05288 -1.00000 -1.00000
fb: -1.16552 0.04891 -1.00000 -1.00000
dist/lin/ang/drive_left/drive_right/tv_l/tv_r/av_l/av_r/x/y/theta/t_err: -1.02557 -1.72720 -0.29855 -1.21443 -1.11661 -0.87506 -0.86719 -0.87506 -0.86719 40.37670 0.10754 180.53942 -0.00675
target: -1.72720 -0.03905
target: -1.72720 -0.03905
fb: -1.17148 0.04633 -1.00000 -1.00000
fb: -1.16574 0.04585 -1.00000 -1.00000
dist/lin/ang/drive_left/drive_right/tv_l/tv_r/av_l/av_r/x/y/theta/t_err: -1.00226 -1.73893 -0.39045 -1.21159 -1.11990 -0.88756 -0.88258 -0.88756 -0.88258 39.45887 0.09560 180.94999 -0.01416
target: -1.73893 -0.05107
target: -1.73893 -0.05107
fb: -1.24319 0.04585 -0.98008 -1.00000
fb: -1.26239 0.04668 -0.97048 -1.00000
dist/lin/ang/drive_left/drive_right/tv_l/tv_r/av_l/av_r/x/y/theta/t_err: -0.97701 -1.71864 -0.49981 -1.30907 -1.21571 -0.82611 -0.89575 -0.82611 -0.89575 38.46506 0.07570 181.35115 -0.02161
target: -1.71864 -0.06538
target: -1.71864 -0.06538
fb: -1.34404 0.04431 -0.76324 -0.98586
fb: -1.38662 0.03700 -0.74195 -0.96457
dist/lin/ang/drive_left/drive_right/tv_l/tv_r/av_l/av_r/x/y/theta/t_err: -0.94929 -1.69939 -0.59555 -1.42362 -1.34962 -0.70564 -0.86750 -0.70564 -0.86750 37.37362 0.04646 181.71887 -0.02876
target: -1.69939 -0.07790
target: -1.69939 -0.07790
fb: -1.32462 0.02745 -0.75919 -0.98254
fb: -1.40803 0.01338 -0.71749 -0.94084
dist/lin/ang/drive_left/drive_right/tv_l/tv_r/av_l/av_r/x/y/theta/t_err: -0.92114 -1.68754 -0.59197 -1.42140 -1.39465 -0.70103 -0.80492 -0.70103 -0.80492 36.26551 0.01095 181.91878 -0.03319
target: -1.68754 -0.07744
target: -1.68754 -0.07744
fb: -1.37096 0.00314 -0.81360 -0.91940
fb: -1.37515 -0.00139 -0.81151 -0.91730
dist/lin/ang/drive_left/drive_right/tv_l/tv_r/av_l/av_r/x/y/theta/t_err: -0.89366 -1.68509 -0.51755 -1.37376 -1.37654 -0.71317 -0.79892 -0.71317 -0.79892 35.18333 -0.02539 181.91284 -0.03411
target: -1.68509 -0.06770
target: -1.68509 -0.06770
fb: -1.38287 -0.00627 -0.89123 -0.90057
fb: -1.39060 -0.01247 -0.88737 -0.89671
dist/lin/ang/drive_left/drive_right/tv_l/tv_r/av_l/av_r/x/y/theta/t_err: -0.86586 -1.68677 -0.46963 -1.37812 -1.40307 -0.76792 -0.79567 -0.76792 -0.79567 34.08895 -0.06106 181.81542 -0.03348
target: -1.68677 -0.06143
target: -1.68677 -0.06143
fb: -1.50313 -0.01547 -0.83776 -0.86991
fb: -1.45260 -0.01400 -0.86303 -0.89518
dist/lin/ang/drive_left/drive_right/tv_l/tv_r/av_l/av_r/x/y/theta/t_err: -0.83682 -1.68995 -0.43830 -1.43860 -1.46661 -0.74414 -0.81756 -0.74414 -0.81756 32.94570 -0.09598 181.68281 -0.03228
target: -1.68995 -0.05733
target: -1.68995 -0.05733
fb: -1.44466 -0.01623 -0.86888 -0.91507
fb: -1.56492 -0.01888 -0.80875 -0.85494
dist/lin/ang/drive_left/drive_right/tv_l/tv_r/av_l/av_r/x/y/theta/t_err: -0.80554 -1.69298 -0.42326 -1.54603 -1.58380 -0.78178 -0.81239 -0.78178 -0.81239 31.71398 -0.13072 181.54849 -0.03115
target: -1.69298 -0.05537
target: -1.69298 -0.05537
fb: -1.55168 -0.01756 -0.80928 -0.87200
fb: -1.53998 -0.01526 -0.81513 -0.87785
dist/lin/ang/drive_left/drive_right/tv_l/tv_r/av_l/av_r/x/y/theta/t_err: -0.77476 -1.69684 -0.39481 -1.52472 -1.55524 -0.75117 -0.76808 -0.75117 -0.76808 30.50179 -0.16187 181.39816 -0.02971
target: -1.69684 -0.05165
target: -1.69684 -0.05165
fb: -1.46805 -0.01791 -0.86825 -0.91022
fb: -1.50291 -0.02104 -0.85082 -0.89278
dist/lin/ang/drive_left/drive_right/tv_l/tv_r/av_l/av_r/x/y/theta/t_err: -0.74471 -1.70148 -0.36242 -1.48187 -1.52395 -0.75972 -0.81586 -0.75972 -0.81586 29.31871 -0.18899 181.23373 -0.02798
target: -1.70148 -0.04741
target: -1.70148 -0.04741
fb: -1.64855 -0.02118 -0.79056 -0.82220
fb: -1.54770 -0.02271 -0.84098 -0.87262
dist/lin/ang/drive_left/drive_right/tv_l/tv_r/av_l/av_r/x/y/theta/t_err: -0.71377 -1.70761 -0.31560 -1.52499 -1.57042 -0.76539 -0.79139 -0.76539 -0.79139 28.10029 -0.21325 181.03757 -0.02570
target: -1.70761 -0.04128
target: -1.70761 -0.04128
fb: -1.50688 -0.02181 -0.88554 -0.89199
fb: -1.53800 -0.01888 -0.86999 -0.87643
dist/lin/ang/drive_left/drive_right/tv_l/tv_r/av_l/av_r/x/y/theta/t_err: -0.68302 -1.71345 -0.28713 -1.51911 -1.55688 -0.76453 -0.79497 -0.76453 -0.79497 26.88943 -0.23316 180.85156 -0.02353
target: -1.71345 -0.03756
target: -1.71345 -0.03756
fb: -1.56889 -0.02000 -0.85036 -0.87343
fb: -1.54175 -0.02174 -0.86393 -0.88700
dist/lin/ang/drive_left/drive_right/tv_l/tv_r/av_l/av_r/x/y/theta/t_err: -0.65219 -1.71962 -0.25109 -1.52001 -1.56349 -0.77647 -0.81619 -0.77647 -0.81619 25.67556 -0.24928 180.66136 -0.02125
target: -1.71962 -0.03285
target: -1.71962 -0.03285
fb: -1.64855 -0.02355 -0.82511 -0.83296
fb: -1.66598 -0.02578 -0.81639 -0.82425
dist/lin/ang/drive_left/drive_right/tv_l/tv_r/av_l/av_r/x/y/theta/t_err: -0.61888 -1.72664 -0.20593 -1.64020 -1.69176 -0.77839 -0.75547 -0.77839 -0.75547 24.36383 -0.26214 180.45289 -0.01866
target: -1.72664 -0.02694
target: -1.72664 -0.02694
fb: -1.67944 -0.02111 -0.82879 -0.81798
fb: -1.69113 -0.01721 -0.82295 -0.81214
dist/lin/ang/drive_left/drive_right/tv_l/tv_r/av_l/av_r/x/y/theta/t_err: -0.58506 -1.73212 -0.19111 -1.67392 -1.70834 -0.77633 -0.78231 -0.77633 -0.78231 23.03226 -0.27071 180.28061 -0.01665
target: -1.73212 -0.02500
target: -1.73212 -0.02500
fb: -1.60772 -0.01603 -0.84690 -0.86923
fb: -1.56690 -0.01449 -0.86731 -0.88964
dist/lin/ang/drive_left/drive_right/tv_l/tv_r/av_l/av_r/x/y/theta/t_err: -0.55373 -1.71764 -0.18312 -1.55241 -1.58139 -0.77975 -0.79136 -0.77975 -0.79136 21.79849 -0.27531 180.14584 -0.01517
target: -1.71764 -0.02395
target: -1.71764 -0.02395
fb: -1.64281 -0.01400 -0.73298 -0.76193
fb: -1.75910 -0.01421 -0.67484 -0.70379
dist/lin/ang/drive_left/drive_right/tv_l/tv_r/av_l/av_r/x/y/theta/t_err: -0.51855 -1.66536 -0.17197 -1.74488 -1.77331 -0.78128 -0.78642 -0.78128 -0.78642 20.41338 -0.27739 180.02119 -0.01396
target: -1.66536 -0.02250
target: -1.66536 -0.02250
fb: -1.61148 -0.01568 -0.55273 -0.57596
fb: -1.65627 -0.01533 -0.53033 -0.55356
dist/lin/ang/drive_left/drive_right/tv_l/tv_r/av_l/av_r/x/y/theta/t_err: -0.48543 -1.61449 -0.15261 -1.64094 -1.67160 -0.67739 -0.70275 -0.67739 -0.70275 19.10923 -0.27640 179.89884 -0.01270
target: -1.61449 -0.01996
target: -1.61449 -0.01996
fb: -1.60397 -0.01394 -0.52228 -0.53241
fb: -1.65230 -0.01240 -0.49811 -0.50825
dist/lin/ang/drive_left/drive_right/tv_l/tv_r/av_l/av_r/x/y/theta/t_err: -0.45238 -1.56127 -0.14067 -1.63989 -1.66470 -0.57339 -0.59375 -0.57339 -0.59375 17.80821 -0.27274 179.78704 -0.01160
target: -1.56127 -0.01840
target: -1.56127 -0.01840
fb: -1.76086 -0.01219 -0.38262 -0.39936
fb: -1.58654 -0.01247 -0.46978 -0.48652
dist/lin/ang/drive_left/drive_right/tv_l/tv_r/av_l/av_r/x/y/theta/t_err: -0.42065 -1.50806 -0.12586 -1.57407 -1.59901 -0.51181 -0.53539 -0.51181 -0.53539 16.55898 -0.26695 179.67953 -0.01053
target: -1.50806 -0.01646
target: -1.50806 -0.01646
fb: -1.58853 -0.01282 -0.42334 -0.43407
fb: -1.61743 -0.01359 -0.40889 -0.41961
dist/lin/ang/drive_left/drive_right/tv_l/tv_r/av_l/av_r/x/y/theta/t_err: -0.38831 -1.45169 -0.10455 -1.60385 -1.63102 -0.49622 -0.51281 -0.49622 -0.51281 15.28544 -0.25857 179.56423 -0.00931
target: -1.45169 -0.01368
target: -1.45169 -0.01368
fb: -1.53976 -0.00962 -0.38944 -0.38873
fb: -1.49717 -0.00725 -0.41074 -0.41002
dist/lin/ang/drive_left/drive_right/tv_l/tv_r/av_l/av_r/x/y/theta/t_err: -0.35836 -1.39602 -0.10934 -1.48993 -1.50442 -0.48064 -0.51522 -0.48064 -0.51522 14.10660 -0.24874 179.48601 -0.00866
target: -1.39602 -0.01430
target: -1.39602 -0.01430
fb: -1.42171 -0.00766 -0.38477 -0.41558
fb: -1.44686 -0.01275 -0.37219 -0.40300
dist/lin/ang/drive_left/drive_right/tv_l/tv_r/av_l/av_r/x/y/theta/t_err: -0.32943 -1.33986 -0.09941 -1.43411 -1.45961 -0.47056 -0.48047 -0.47056 -0.48047 12.96739 -0.23780 179.40765 -0.00800
target: -1.33986 -0.01300
target: -1.33986 -0.01300
fb: -1.52233 -0.01526 -0.29090 -0.30260
fb: -1.40207 -0.01491 -0.35103 -0.36273
dist/lin/ang/drive_left/drive_right/tv_l/tv_r/av_l/av_r/x/y/theta/t_err: -0.30139 -1.28471 -0.05434 -1.38716 -1.41698 -0.44917 -0.45547 -0.44917 -0.45547 11.86347 -0.22523 179.28122 -0.00644
target: -1.28471 -0.00711
target: -1.28471 -0.00711
fb: -1.40030 -0.01338 -0.33033 -0.29271
fb: -1.32462 -0.01275 -0.36818 -0.33055
dist/lin/ang/drive_left/drive_right/tv_l/tv_r/av_l/av_r/x/y/theta/t_err: -0.27489 -1.22969 -0.03721 -1.31187 -1.33737 -0.42964 -0.43119 -0.42964 -0.43119 10.82056 -0.21118 179.16936 -0.00502
target: -1.22969 -0.00487
target: -1.22969 -0.00487
fb: -1.30123 -0.01038 -0.31531 -0.30754
fb: -1.34602 -0.00711 -0.29291 -0.28514
dist/lin/ang/drive_left/drive_right/tv_l/tv_r/av_l/av_r/x/y/theta/t_err: -0.24797 -1.16952 -0.03835 -1.33892 -1.35313 -0.39594 -0.39647 -0.39594 -0.39647 9.76082 -0.19507 179.09262 -0.00415
target: -1.16952 -0.00502
target: -1.16952 -0.00502
fb: -1.20634 -0.00404 -0.27651 -0.29040
fb: -1.16354 -0.00077 -0.29792 -0.31181
dist/lin/ang/drive_left/drive_right/tv_l/tv_r/av_l/av_r/x/y/theta/t_err: -0.22470 -1.11311 -0.06427 -1.16277 -1.16430 -0.34753 -0.35094 -0.34753 -0.35094 8.84477 -0.18038 179.07525 -0.00425
target: -1.11311 -0.00841
target: -1.11311 -0.00841
fb: -1.18891 -0.00160 -0.23200 -0.27957
fb: -1.15581 -0.00307 -0.24855 -0.29612
dist/lin/ang/drive_left/drive_right/tv_l/tv_r/av_l/av_r/x/y/theta/t_err: -0.20159 -1.05400 -0.06887 -1.15275 -1.15888 -0.33056 -0.33606 -0.33056 -0.33606 7.93480 -0.16558 179.05858 -0.00443
target: -1.05400 -0.00901
target: -1.05400 -0.00901
fb: -1.06843 -0.00550 -0.23975 -0.26297
fb: -1.02209 -0.00780 -0.26291 -0.28614
dist/lin/ang/drive_left/drive_right/tv_l/tv_r/av_l/av_r/x/y/theta/t_err: -0.18115 -0.99981 -0.04735 -1.01429 -1.02990 -0.29653 -0.31314 -0.29653 -0.31314 7.13012 -0.15205 179.00784 -0.00401
target: -0.99981 -0.00619
target: -0.99981 -0.00619
fb: -1.03578 -0.00996 -0.24363 -0.23228
fb: -1.04725 -0.00843 -0.23789 -0.22655
dist/lin/ang/drive_left/drive_right/tv_l/tv_r/av_l/av_r/x/y/theta/t_err: -0.16020 -0.94615 -0.02318 -1.03882 -1.05568 -0.28250 -0.29769 -0.28250 -0.29769 6.30564 -0.13722 178.93225 -0.00312
target: -0.94615 -0.00303
target: -0.94615 -0.00303
fb: -0.92898 -0.00613 -0.25400 -0.23525
fb: -0.89610 -0.00369 -0.27044 -0.25169
dist/lin/ang/drive_left/drive_right/tv_l/tv_r/av_l/av_r/x/y/theta/t_err: -0.14228 -0.89166 -0.01362 -0.89240 -0.89979 -0.26881 -0.26606 -0.26881 -0.26606 5.60018 -0.12375 178.88635 -0.00232
target: -0.89166 -0.00178
target: -0.89166 -0.00178
fb: -0.91530 -0.00160 -0.20007 -0.19681
fb: -0.85528 -0.00132 -0.23008 -0.22682
dist/lin/ang/drive_left/drive_right/tv_l/tv_r/av_l/av_r/x/y/theta/t_err: -0.12517 -0.83634 -0.02538 -0.85395 -0.85660 -0.26622 -0.25133 -0.26622 -0.25133 4.92687 -0.11058 178.87435 -0.00211
target: -0.83634 -0.00332
target: -0.83634 -0.00332
fb: -0.81467 0.00000 -0.18313 -0.20698
fb: -0.76591 0.00000 -0.20752 -0.23137
dist/lin/ang/drive_left/drive_right/tv_l/tv_r/av_l/av_r/x/y/theta/t_err: -0.10986 -0.78350 -0.03020 -0.76591 -0.76591 -0.23903 -0.22828 -0.23903 -0.22828 4.32391 -0.09872 178.87376 -0.00210
target: -0.78350 -0.00395
target: -0.78350 -0.00395
fb: -0.74649 0.00118 -0.18263 -0.19913
fb: -0.76812 0.00000 -0.17182 -0.18831
dist/lin/ang/drive_left/drive_right/tv_l/tv_r/av_l/av_r/x/y/theta/t_err: -0.09449 -0.72665 -0.03996 -0.76812 -0.76812 -0.21558 -0.22231 -0.21558 -0.22231 3.71921 -0.08691 178.88754 -0.00234
target: -0.72665 -0.00523
target: -0.72665 -0.00523
fb: -0.70611 -0.00286 -0.13127 -0.15524
fb: -0.67301 -0.00404 -0.14782 -0.17179
dist/lin/ang/drive_left/drive_right/tv_l/tv_r/av_l/av_r/x/y/theta/t_err: -0.08103 -0.67291 -0.01710 -0.66897 -0.67705 -0.19525 -0.20036 -0.19525 -0.20036 3.18938 -0.07653 178.86310 -0.00191
target: -0.67291 -0.00224
target: -0.67291 -0.00224
fb: -0.67676 -0.00293 -0.13061 -0.11213
fb: -0.59534 -0.00369 -0.17132 -0.15284
dist/lin/ang/drive_left/drive_right/tv_l/tv_r/av_l/av_r/x/y/theta/t_err: -0.06913 -0.62151 -0.00939 -0.59165 -0.59903 -0.16169 -0.17592 -0.16169 -0.17592 2.72070 -0.06712 178.83644 -0.00145
target: -0.62151 -0.00123
target: -0.62151 -0.00123
fb: -0.57018 -0.00467 -0.13821 -0.13615
fb: -0.57018 -0.00390 -0.13821 -0.13615
dist/lin/ang/drive_left/drive_right/tv_l/tv_r/av_l/av_r/x/y/theta/t_err: -0.05772 -0.56794 0.00324 -0.56628 -0.57409 -0.17333 -0.15778 -0.17333 -0.15778 2.27183 -0.05787 178.80126 -0.00084
target: -0.56794 0.00042
target: -0.56794 0.00042
fb: -0.56047 -0.00181 -0.08956 -0.07948
fb: -0.54878 -0.00056 -0.09541 -0.08533
dist/lin/ang/drive_left/drive_right/tv_l/tv_r/av_l/av_r/x/y/theta/t_err: -0.04675 -0.51110 -0.00578 -0.54822 -0.54934 -0.14494 -0.13808 -0.14494 -0.13808 1.83982 -0.04878 178.79207 -0.00068
target: -0.51110 -0.00076
target: -0.51110 -0.00076
fb: -0.50222 0.00000 0.07772 0.07058
fb: -0.45787 0.00098 -0.06250 -0.07943
dist/lin/ang/drive_left/drive_right/tv_l/tv_r/av_l/av_r/x/y/theta/t_err: -0.03759 -0.45831 -0.01485 -0.45884 -0.45689 -0.11617 -0.06914 -0.11617 -0.06914 1.47937 -0.04120 178.79940 -0.00080
target: -0.45831 -0.00194
target: -0.45831 -0.00194
fb: -0.39564 0.00390 -0.12773 -0.14589
fb: -0.36056 0.00432 -0.14527 -0.16344
dist/lin/ang/drive_left/drive_right/tv_l/tv_r/av_l/av_r/x/y/theta/t_err: -0.03038 -0.41201 -0.03528 -0.36488 -0.35624 -0.05594 -0.08417 -0.05594 -0.08417 1.19553 -0.03533 178.83368 -0.00140
target: -0.41201 -0.00461
target: -0.41201 -0.00461
fb: -0.34908 -0.00063 -0.11521 -0.15034
fb: -0.32194 -0.00543 -0.12878 -0.16391
dist/lin/ang/drive_left/drive_right/tv_l/tv_r/av_l/av_r/x/y/theta/t_err: -0.02394 -0.36575 -0.01313 -0.31651 -0.32738 -0.13586 -0.15144 -0.13586 -0.15144 0.94208 -0.03017 178.82325 -0.00122
target: -0.36575 -0.00172
target: -0.36575 -0.00172
fb: -0.33165 -0.00850 -0.11076 -0.09189
fb: -0.34732 -0.00982 -0.10293 -0.08406
dist/lin/ang/drive_left/drive_right/tv_l/tv_r/av_l/av_r/x/y/theta/t_err: -0.01699 -0.30816 0.03329 -0.33749 -0.35714 -0.12458 -0.14578 -0.12458 -0.14578 0.66867 -0.02438 178.74932 0.00007
target: -0.30816 0.00435
target: -0.30816 0.00435
fb: -0.33761 -0.00989 -0.05337 0.09006
fb: -0.32172 -0.00871 -0.06131 0.08212
dist/lin/ang/drive_left/drive_right/tv_l/tv_r/av_l/av_r/x/y/theta/t_err: -0.01056 -0.24291 0.05614 -0.31301 -0.33043 -0.11500 -0.05786 -0.11500 -0.05786 0.41541 -0.01868 178.66938 0.00147
target: -0.24291 0.00734
target: -0.24291 0.00734
fb: -0.28686 -0.00857 0.08323 0.12487
fb: -0.25023 0.00077 0.06492 0.10655
dist/lin/ang/drive_left/drive_right/tv_l/tv_r/av_l/av_r/x/y/theta/t_err: -0.00556 -0.00139 0.05127 -0.25099 -0.24946 -0.05700 0.07236 -0.05700 0.07236 0.21843 -0.01400 178.62584 0.00223
target: -0.00139 0.00671
target: -0.00139 0.00671
fb: -0.21735 0.01226 0.62791 0.63606
fb: -0.17653 0.01812 0.51993 0.52808
dist/lin/ang/drive_left/drive_right/tv_l/tv_r/av_l/av_r/x/y/theta/t_err: -0.00202 -0.00051 -0.04933 -0.19464 -0.15841 0.07819 0.17675 0.07819 0.17675 0.07947 -0.01079 178.74421 0.00016
target: -0.00051 -0.00645
target: -0.00051 -0.00645
fb: -0.13372 0.01777 0.10414 -0.10588
fb: -0.08738 0.01324 0.10414 -0.10588
dist/lin/ang/drive_left/drive_right/tv_l/tv_r/av_l/av_r/x/y/theta/t_err: -0.00028 -0.00007 -0.09892 -0.10062 -0.07414 0.24861 0.16972 0.24861 0.16972 0.01068 -0.00936 178.89106 -0.00240
target: -0.00007 -0.01294
target: -0.00007 -0.01294
fb: -0.04656 0.00620 0.07773 -0.08093
fb: -0.03288 -0.00913 0.07773 -0.08093
dist/lin/ang/drive_left/drive_right/tv_l/tv_r/av_l/av_r/x/y/theta/t_err: 0.00038 0.00010 -0.04827 -0.02375 -0.04201 0.10933 -0.06742 0.10933 -0.06742 -0.01520 -0.00887 178.91054 -0.00274
target: 0.00010 -0.00631
target: 0.00010 -0.00631
fb: -0.03685 -0.02446 -0.06424 0.06986
fb: -0.03288 -0.03156 -0.06424 0.06986
start is 0.00000 0.00000
dist/lin/ang/drive_left/drive_right/tv_l/tv_r/av_l/av_r/x/y/theta/t_err: 1.21920 0.14986 -0.00001 0.00000 0.00000 -0.00017 0.00017 -0.00017 0.00017 0.00000 0.00000 0.00003 -0.00000
target: 0.14986 -0.00000
target: 0.14986 -0.00000
fb: 0.00000 0.00000 0.39420 0.39908
fb: 0.00000 0.00000 0.39420 0.39908
dist/lin/ang/drive_left/drive_right/tv_l/tv_r/av_l/av_r/x/y/theta/t_err: 1.21920 0.29972 0.00006 0.00000 0.00000 0.05667 0.06606 0.05667 0.06606 0.00000 0.00000 -0.00007 0.00000
target: 0.29972 0.00001
target: 0.29972 0.00001
fb: 0.00000 0.00000 0.59946 0.60444
fb: 0.00000 0.00000 0.59946 0.60444
dist/lin/ang/drive_left/drive_right/tv_l/tv_r/av_l/av_r/x/y/theta/t_err: 1.21920 0.44958 -0.00033 0.00000 0.00000 0.36464 0.36753 0.36464 0.36753 0.00000 0.00000 0.00043 -0.00001
target: 0.44958 -0.00004
target: 0.44958 -0.00004
fb: 0.00000 0.00000 0.73013 0.73452
fb: 0.00971 -0.00070 0.72528 0.72966
dist/lin/ang/drive_left/drive_right/tv_l/tv_r/av_l/av_r/x/y/theta/t_err: 1.21920 0.59944 0.00214 0.01041 0.00901 0.49483 0.52378 0.49483 0.52378 0.00000 0.00000 -0.00283 0.00005
target: 0.59944 0.00028
target: 0.59944 0.00028
fb: 0.10084 0.00000 1.00000 1.00000
fb: 0.19771 0.00000 1.00000 1.00000
dist/lin/ang/drive_left/drive_right/tv_l/tv_r/av_l/av_r/x/y/theta/t_err: 1.21718 0.74930 0.00447 0.19771 0.19771 0.47244 0.41903 0.47244 0.41903 0.07940 -0.00001 -0.00826 0.00014
target: 0.74930 0.00058
target: 0.74930 0.00058
fb: 0.23280 -0.00348 1.00000 1.00000
fb: 0.24052 -0.00704 1.00000 1.00000
dist/lin/ang/drive_left/drive_right/tv_l/tv_r/av_l/av_r/x/y/theta/t_err: 1.21253 0.89916 0.00818 0.24756 0.23348 0.62250 0.59531 0.62250 0.59531 0.26271 -0.00004 -0.01705 0.00030
target: 0.89916 0.00107
target: 0.89916 0.00107
fb: 0.28509 -0.01031 1.00000 1.00000
fb: 0.36475 -0.01435 1.00000 1.00000
dist/lin/ang/drive_left/drive_right/tv_l/tv_r/av_l/av_r/x/y/theta/t_err: 1.20683 1.04902 0.05016 0.37910 0.35040 0.73800 0.75458 0.73800 0.75458 0.48719 -0.00024 -0.08329 0.00146
target: 1.04902 0.00656
target: 1.04902 0.00656
fb: 0.40337 -0.01826 1.00000 1.00000
fb: 0.47508 -0.02007 1.00000 1.00000
dist/lin/ang/drive_left/drive_right/tv_l/tv_r/av_l/av_r/x/y/theta/t_err: 1.19876 1.19888 0.11289 0.49515 0.45501 0.77786 0.80078 0.77786 0.80078 0.80480 -0.00105 -0.21537 0.00378
target: 1.19888 0.01477
target: 1.19888 0.01477
fb: 0.54503 -0.01846 1.00000 1.00000
fb: 0.56246 -0.01672 1.00000 1.00000
dist/lin/ang/drive_left/drive_right/tv_l/tv_r/av_l/av_r/x/y/theta/t_err: 1.18786 1.34874 0.17007 0.57918 0.54574 0.82661 0.82764 0.82661 0.82764 1.23395 -0.00329 -0.37976 0.00670
target: 1.34874 0.02225
target: 1.34874 0.02225
fb: 0.63594 -0.01463 1.00000 1.00000
fb: 0.70788 -0.01526 1.00000 1.00000
dist/lin/ang/drive_left/drive_right/tv_l/tv_r/av_l/av_r/x/y/theta/t_err: 1.17514 1.49860 0.19580 0.72313 0.69262 0.83656 0.83331 0.83656 0.83331 1.73467 -0.00727 -0.51792 0.00920
target: 1.49860 0.02561
target: 1.49860 0.02561
fb: 0.74671 -0.01881 1.00000 1.00000
fb: 0.84159 -0.01888 1.00000 1.00000
dist/lin/ang/drive_left/drive_right/tv_l/tv_r/av_l/av_r/x/y/theta/t_err: 1.16021 1.64846 0.23686 0.86048 0.82271 0.85161 0.84869 0.85161 0.84869 2.32260 -0.01331 -0.66038 0.01182
target: 1.64846 0.03098
target: 1.64846 0.03098
fb: 0.82438 -0.01686 1.00000 1.00000
fb: 0.85152 -0.01317 1.00000 1.00000
dist/lin/ang/drive_left/drive_right/tv_l/tv_r/av_l/av_r/x/y/theta/t_err: 1.14372 1.73723 0.28827 0.86469 0.83836 0.85553 0.85025 0.85553 0.85025 2.97167 -0.02168 -0.81908 0.01478
target: 1.73723 0.03771
target: 1.73723 0.03771
fb: 0.95016 -0.01547 1.00000 1.00000
fb: 0.97156 -0.01582 1.00000 1.00000
dist/lin/ang/drive_left/drive_right/tv_l/tv_r/av_l/av_r/x/y/theta/t_err: 1.12472 1.73058 0.31058 0.98738 0.95575 0.85642 0.85400 0.85642 0.85400 3.71974 -0.03317 -0.94346 0.01722
target: 1.73058 0.04063
target: 1.73058 0.04063
fb: 1.03180 -0.01421 1.00000 1.00000
fb: 1.01437 -0.01233 1.00000 1.00000
dist/lin/ang/drive_left/drive_right/tv_l/tv_r/av_l/av_r/x/y/theta/t_err: 1.10409 1.72335 0.35478 1.02670 1.00204 0.86544 0.86100 0.86544 0.86100 4.53205 -0.04750 -1.07629 0.01988
target: 1.72335 0.04641
target: 1.72335 0.04641
fb: 1.11896 -0.00557 0.98334 1.00000
fb: 1.25864 -0.00258 0.91350 1.00000
dist/lin/ang/drive_left/drive_right/tv_l/tv_r/av_l/av_r/x/y/theta/t_err: 1.08171 1.71827 0.36219 1.26122 1.25606 0.79089 0.87333 0.79089 0.87333 5.41296 -0.06482 -1.15898 0.02175
target: 1.71827 0.04738
target: 1.71827 0.04738
fb: 1.18693 -0.00091 0.97438 1.00000
fb: 1.22378 0.00899 0.95596 1.00000
dist/lin/ang/drive_left/drive_right/tv_l/tv_r/av_l/av_r/x/y/theta/t_err: 1.05798 1.71608 0.34734 1.21479 1.23276 0.71181 0.89250 0.71181 0.89250 6.34735 -0.08393 -1.17711 0.02256
target: 1.71608 0.04544
target: 1.71608 0.04544
fb: 1.31491 0.01554 0.93435 0.98401
fb: 1.26239 0.02480 0.96061 1.00000
dist/lin/ang/drive_left/drive_right/tv_l/tv_r/av_l/av_r/x/y/theta/t_err: 1.03169 1.71884 0.28681 1.23759 1.28720 0.72328 0.82322 0.72328 0.82322 7.38251 -0.10452 -1.08666 0.02154
target: 1.71884 0.03752
target: 1.71884 0.03752
fb: 1.29350 0.02975 0.99956 0.98484
fb: 1.34801 0.02892 0.97231 0.95759
dist/lin/ang/drive_left/drive_right/tv_l/tv_r/av_l/av_r/x/y/theta/t_err: 1.00582 1.72835 0.17401 1.31909 1.37692 0.70653 0.74328 0.70653 0.74328 8.40087 -0.12183 -0.85720 0.01804
target: 1.72835 0.02276
target: 1.72835 0.02276
fb: 1.33830 0.02648 1.00000 0.95742
fb: 1.35948 0.02090 1.00000 0.94683
dist/lin/ang/drive_left/drive_right/tv_l/tv_r/av_l/av_r/x/y/theta/t_err: 0.97906 1.73894 0.10806 1.33858 1.38038 0.68617 0.74739 0.68617 0.74739 9.45456 -0.13526 -0.60979 0.01415
target: 1.73894 0.01414
target: 1.73894 0.01414
fb: 1.37316 0.02237 1.00000 0.97583
fb: 1.39060 0.02975 1.00000 0.96711
dist/lin/ang/drive_left/drive_right/tv_l/tv_r/av_l/av_r/x/y/theta/t_err: 0.95160 1.74699 0.08915 1.36084 1.42035 0.79514 0.71386 0.79514 0.71386 10.53575 -0.14496 -0.42082 0.01121
target: 1.74699 0.01166
target: 1.74699 0.01166
fb: 1.44091 0.02536 0.96548 0.96513
fb: 1.41950 0.01944 0.97618 0.97583
dist/lin/ang/drive_left/drive_right/tv_l/tv_r/av_l/av_r/x/y/theta/t_err: 0.92278 1.75801 0.00450 1.40006 1.43894 0.79344 0.72825 0.79344 0.72825 11.67030 -0.15079 -0.17536 0.00721
target: 1.75801 0.00059
target: 1.75801 0.00059
fb: 1.42347 0.01212 1.00000 0.94964
fb: 1.46430 0.00892 1.00000 0.92923
dist/lin/ang/drive_left/drive_right/tv_l/tv_r/av_l/av_r/x/y/theta/t_err: 0.89431 1.76491 0.00586 1.45538 1.47321 0.75425 0.76008 0.75425 0.76008 12.79115 -0.15249 -0.02185 0.00471
target: 1.76491 0.00077
target: 1.76491 0.00077
fb: 1.45061 0.00878 0.96775 0.97668
fb: 1.38089 0.00892 1.00000 1.00000
dist/lin/ang/drive_left/drive_right/tv_l/tv_r/av_l/av_r/x/y/theta/t_err: 0.86530 1.76831 0.01994 1.37197 1.38980 0.75169 0.74228 0.75169 0.74228 13.93336 -0.15212 0.05604 0.00349
target: 1.76831 0.00261
target: 1.76831 0.00261
fb: 1.51284 0.00989 0.91696 0.94333
fb: 1.61148 0.01289 0.86764 0.89401
dist/lin/ang/drive_left/drive_right/tv_l/tv_r/av_l/av_r/x/y/theta/t_err: 0.83504 1.77185 0.00012 1.59859 1.62437 0.77017 0.71933 0.77017 0.71933 15.12457 -0.15011 0.13498 0.00221
target: 1.77185 0.00002
target: 1.77185 0.00002
fb: 1.51659 0.01240 0.94060 0.92360
fb: 1.49342 0.01219 0.95219 0.93518
dist/lin/ang/drive_left/drive_right/tv_l/tv_r/av_l/av_r/x/y/theta/t_err: 0.80471 1.77732 -0.04568 1.48123 1.50562 0.76453 0.74158 0.76453 0.74158 16.31873 -0.14609 0.25032 0.00024
target: 1.77732 -0.00597
target: 1.77732 -0.00597
fb: 1.48349 0.00857 0.98915 0.93354
fb: 1.59228 0.00418 0.93476 0.87915
dist/lin/ang/drive_left/drive_right/tv_l/tv_r/av_l/av_r/x/y/theta/t_err: 0.77504 1.77393 -0.06381 1.58810 1.59646 0.80267 0.75564 0.80267 0.75564 17.48682 -0.13992 0.34649 -0.00146
target: 1.77393 -0.00835
target: 1.77393 -0.00835
fb: 1.55940 0.00202 0.89795 0.87173
fb: 1.55146 0.00000 0.90192 0.87570
dist/lin/ang/drive_left/drive_right/tv_l/tv_r/av_l/av_r/x/y/theta/t_err: 0.74385 1.77205 -0.04801 1.55146 1.55146 0.79975 0.75356 0.79975 0.75356 18.71467 -0.13208 0.38105 -0.00214
target: 1.77205 -0.00628
target: 1.77205 -0.00628
fb: 1.59404 -0.00216 0.86358 0.88007
fb: 1.58654 0.00000 0.86733 0.88382
dist/lin/ang/drive_left/drive_right/tv_l/tv_r/av_l/av_r/x/y/theta/t_err: 0.71197 1.77222 -0.02857 1.58654 1.58654 0.78883 0.79275 0.78883 0.79275 19.96979 -0.12376 0.37204 -0.00208
target: 1.77222 -0.00374
target: 1.77222 -0.00374
fb: 1.66223 0.00056 0.83404 0.85822
fb: 1.60574 0.00000 0.86229 0.88647
dist/lin/ang/drive_left/drive_right/tv_l/tv_r/av_l/av_r/x/y/theta/t_err: 0.67873 1.77175 -0.03679 1.60574 1.60574 0.79394 0.79481 0.79394 0.79481 21.27861 -0.11524 0.37582 -0.00225
target: 1.77175 -0.00481
target: 1.77175 -0.00481
fb: 1.60574 0.00216 0.87629 0.86648
fb: 1.69886 0.00000 0.82973 0.81992
dist/lin/ang/drive_left/drive_right/tv_l/tv_r/av_l/av_r/x/y/theta/t_err: 0.64662 1.77110 -0.04178 1.69886 1.69886 0.80008 0.76042 0.80008 0.76042 22.54294 -0.10690 0.38267 -0.00248
target: 1.77110 -0.00547
target: 1.77110 -0.00547
fb: 1.63487 -0.00488 0.85896 0.85207
fb: 1.66024 -0.00690 0.84628 0.83938
dist/lin/ang/drive_left/drive_right/tv_l/tv_r/av_l/av_r/x/y/theta/t_err: 0.61392 1.77141 -0.03165 1.66714 1.65334 0.80269 0.77789 0.80269 0.77789 23.83021 -0.09833 0.36893 -0.00237
target: 1.77141 -0.00414
target: 1.77141 -0.00414
fb: 1.66973 -0.00711 0.83582 0.84850
fb: 1.67547 -0.00864 0.83295 0.84563
dist/lin/ang/drive_left/drive_right/tv_l/tv_r/av_l/av_r/x/y/theta/t_err: 0.58052 1.77410 0.00394 1.68411 1.66683 0.80969 0.77717 0.80969 0.77717 25.14493 -0.09056 0.30728 -0.00140
target: 1.77410 0.00052
target: 1.77410 0.00052
fb: 1.75336 -0.01115 0.78792 0.83682
fb: 1.66399 -0.01254 0.83261 0.88150
dist/lin/ang/drive_left/drive_right/tv_l/tv_r/av_l/av_r/x/y/theta/t_err: 0.54546 1.77775 0.03148 1.67653 1.65145 0.80489 0.79597 0.80489 0.79597 26.52551 -0.08400 0.22926 -0.00009
target: 1.77775 0.00412
target: 1.77775 0.00412
fb: 1.63288 -0.01150 0.85762 0.90188
fb: 1.76881 -0.01143 0.78966 0.83391
dist/lin/ang/drive_left/drive_right/tv_l/tv_r/av_l/av_r/x/y/theta/t_err: 0.51280 1.77300 0.07326 1.78023 1.75738 0.80486 0.78608 0.80486 0.78608 27.81124 -0.08005 0.12415 0.00180
target: 1.77300 0.00958
target: 1.77300 0.00958
fb: 1.77653 -0.01289 0.73582 0.80415
fb: 1.71430 -0.01310 0.76693 0.83526
dist/lin/ang/drive_left/drive_right/tv_l/tv_r/av_l/av_r/x/y/theta/t_err: 0.47727 1.76729 0.10726 1.72740 1.70120 0.78950 0.78983 0.78950 0.78983 29.21008 -0.07826 0.01785 0.00385
target: 1.76729 0.01403
target: 1.76729 0.01403
fb: 1.78028 -0.01129 0.72654 0.79167
fb: 1.73593 -0.01150 0.74872 0.81385
dist/lin/ang/drive_left/drive_right/tv_l/tv_r/av_l/av_r/x/y/theta/t_err: 0.44166 1.75532 0.14646 1.74742 1.72443 0.74858 0.79617 0.74858 0.79617 30.61187 -0.07920 -0.09121 0.00615
target: 1.75532 0.01916
target: 1.75532 0.01916
fb: 1.72423 -0.00829 0.71208 0.79019
fb: 1.74144 -0.00341 0.70348 0.78159
dist/lin/ang/drive_left/drive_right/tv_l/tv_r/av_l/av_r/x/y/theta/t_err: 0.40718 1.67957 0.17628 1.74486 1.73803 0.73389 0.79053 0.73389 0.79053 31.96953 -0.08253 -0.18364 0.00835
target: 1.67957 0.02306
target: 1.67957 0.02306
fb: 1.70857 -0.00056 0.39874 0.47098
fb: 1.79396 0.00174 0.35604 0.42829
dist/lin/ang/drive_left/drive_right/tv_l/tv_r/av_l/av_r/x/y/theta/t_err: 0.37301 1.60417 0.17411 1.79222 1.79570 0.69914 0.73953 0.69914 0.73953 33.31485 -0.08730 -0.21486 0.00969
target: 1.60417 0.02278
target: 1.60417 0.02278
fb: 1.74939 0.00418 0.33004 0.36418
fb: 1.71827 0.00599 0.34560 0.37974
dist/lin/ang/drive_left/drive_right/tv_l/tv_r/av_l/av_r/x/y/theta/t_err: 0.33802 1.52546 0.16745 1.71228 1.72427 0.56364 0.57511 0.56364 0.57511 34.69231 -0.09235 -0.19685 0.01038
target: 1.52546 0.02190
target: 1.52546 0.02190
fb: 1.62714 0.00439 0.30944 0.33705
fb: 1.66796 -0.00230 0.28903 0.31664
dist/lin/ang/drive_left/drive_right/tv_l/tv_r/av_l/av_r/x/y/theta/t_err: 0.30548 1.44971 0.15847 1.67026 1.66566 0.43550 0.47311 0.43550 0.47311 35.97352 -0.09621 -0.14774 0.01058
target: 1.44971 0.02073
target: 1.44971 0.02073
fb: 1.79396 -0.00627 0.17104 0.19430
fb: 1.60199 -0.00620 0.26703 0.29029
dist/lin/ang/drive_left/drive_right/tv_l/tv_r/av_l/av_r/x/y/theta/t_err: 0.26961 1.35765 0.23239 1.60819 1.59579 0.39014 0.41136 0.39014 0.41136 37.38608 -0.10010 -0.18035 0.01258
target: 1.35765 0.03040
target: 1.35765 0.03040
fb: 1.55918 -0.00606 0.08404 0.21778
fb: 1.56315 0.00111 0.08206 0.21579
dist/lin/ang/drive_left/drive_right/tv_l/tv_r/av_l/av_r/x/y/theta/t_err: 0.23842 1.27109 0.29363 1.56204 1.56427 0.33125 0.36514 0.33125 0.36514 38.61377 -0.10470 -0.24298 0.01539
target: 1.27109 0.03841
target: 1.27109 0.03841
fb: 1.46032 0.00794 0.07872 0.20819
fb: 1.44863 0.01832 0.08456 0.21404
dist/lin/ang/drive_left/drive_right/tv_l/tv_r/av_l/av_r/x/y/theta/t_err: 0.20922 1.18728 0.29561 1.43030 1.46695 0.18514 0.33383 0.18514 0.33383 39.76363 -0.10956 -0.22495 0.01723
target: 1.18728 0.03867
target: 1.18728 0.03867
fb: 1.39060 0.02251 0.08294 0.14293
fb: 1.26261 0.01958 0.14693 0.20692
dist/lin/ang/drive_left/drive_right/tv_l/tv_r/av_l/av_r/x/y/theta/t_err: 0.18141 1.10646 0.22944 1.24303 1.28219 0.12731 0.30800 0.12731 0.30800 40.85858 -0.11239 -0.05587 0.01671
target: 1.10646 0.03001
target: 1.10646 0.03001
fb: 1.24695 0.01860 0.13905 0.10713
fb: 1.21583 0.01944 0.15460 0.12269
dist/lin/ang/drive_left/drive_right/tv_l/tv_r/av_l/av_r/x/y/theta/t_err: 0.15648 1.05493 0.21960 1.19639 1.23527 0.16017 0.27925 0.16017 0.27925 41.84043 -0.11183 0.11559 0.01614
target: 1.05493 0.02873
target: 1.05493 0.02873
fb: 1.10948 0.02425 0.24567 0.27832
fb: 1.07638 0.02905 0.26222 0.29487
dist/lin/ang/drive_left/drive_right/tv_l/tv_r/av_l/av_r/x/y/theta/t_err: 0.13428 0.97723 0.10848 1.04732 1.10543 0.19692 0.23356 0.19692 0.23356 42.71402 -0.10878 0.29762 0.01296
target: 0.97723 0.01419
target: 0.97723 0.01419
fb: 1.03357 0.03031 0.17752 0.07139
fb: 0.93692 0.02912 0.22584 0.11972
dist/lin/ang/drive_left/drive_right/tv_l/tv_r/av_l/av_r/x/y/theta/t_err: 0.11361 0.89890 0.01157 0.90779 0.96604 0.24758 0.24808 0.24758 0.24808 43.52783 -0.10283 0.55340 0.00850
target: 0.89890 0.00151
target: 0.89890 0.00151
fb: 0.97752 0.02578 0.13181 -0.10248
fb: 0.95214 0.02048 0.14450 -0.08979
dist/lin/ang/drive_left/drive_right/tv_l/tv_r/av_l/av_r/x/y/theta/t_err: 0.09407 0.81793 -0.04575 0.93166 0.97263 0.23133 0.11739 0.23133 0.11739 44.29748 -0.09364 0.79845 0.00422
target: 0.81793 -0.00598
target: 0.81793 -0.00598
fb: 0.86874 0.01338 0.08363 -0.11417
fb: 0.82416 0.00773 0.10592 -0.09188
dist/lin/ang/drive_left/drive_right/tv_l/tv_r/av_l/av_r/x/y/theta/t_err: 0.07670 0.73855 -0.05180 0.81643 0.83190 0.16578 -0.05458 0.16578 -0.05458 44.98144 -0.08302 0.96230 0.00136
target: 0.73855 -0.00678
target: 0.73855 -0.00678
fb: 0.73700 0.00571 -0.06416 -0.08466
fb: 0.70214 0.00279 0.07132 -0.06723
dist/lin/ang/drive_left/drive_right/tv_l/tv_r/av_l/av_r/x/y/theta/t_err: 0.06196 0.66381 -0.02493 0.69935 0.70493 0.09464 -0.08075 0.09464 -0.08075 45.56167 -0.07292 1.02704 0.00023
target: 0.66381 -0.00326
target: 0.66381 -0.00326
fb: 0.60703 -0.00592 -0.07048 0.08025
fb: 0.56047 -0.01498 0.07084 0.10353
dist/lin/ang/drive_left/drive_right/tv_l/tv_r/av_l/av_r/x/y/theta/t_err: 0.04982 0.59523 0.00201 0.57546 0.54549 0.04142 -0.06158 0.04142 -0.06158 46.03957 -0.06427 1.02894 0.00020
target: 0.59523 0.00026
target: 0.59523 0.00026
fb: 0.52164 -0.02230 -0.06798 0.08749
fb: 0.39961 -0.02501 0.11108 0.14851
dist/lin/ang/drive_left/drive_right/tv_l/tv_r/av_l/av_r/x/y/theta/t_err: 0.03938 0.52923 0.10284 0.42463 0.37460 0.03339 0.09769 0.03339 0.09769 46.45025 -0.05732 0.88387 0.00273
target: 0.52923 0.01345
target: 0.52923 0.01345
fb: 0.35504 -0.01826 -0.08682 0.17328
fb: 0.34908 -0.00369 -0.08384 0.17626
dist/lin/ang/drive_left/drive_right/tv_l/tv_r/av_l/av_r/x/y/theta/t_err: 0.03228 0.47912 0.17690 0.35278 0.34539 0.04344 0.13175 0.04344 0.13175 46.72978 -0.05352 0.68465 0.00620
target: 0.47912 0.02314
target: 0.47912 0.02314
fb: 0.32967 0.00885 0.13172 0.25480
fb: 0.32768 0.02376 0.13271 0.25580
dist/lin/ang/drive_left/drive_right/tv_l/tv_r/av_l/av_r/x/y/theta/t_err: 0.02568 0.42739 0.09504 0.30392 0.35144 -0.01333 0.16581 -0.01333 0.16581 46.98935 -0.05050 0.67728 0.00633
target: 0.42739 0.01243
target: 0.42739 0.01243
fb: 0.30650 0.04139 0.19400 0.11919
fb: 0.27935 0.04891 0.20757 0.13276
dist/lin/ang/drive_left/drive_right/tv_l/tv_r/av_l/av_r/x/y/theta/t_err: 0.01956 0.37296 -0.08045 0.23044 0.32827 0.13636 0.23475 0.13636 0.23475 47.23066 -0.04722 0.92718 0.00197
target: 0.37296 -0.01052
target: 0.37296 -0.01052
fb: 0.29657 0.05093 0.21670 -0.08695
fb: 0.31400 0.05072 0.20798 -0.09567
dist/lin/ang/drive_left/drive_right/tv_l/tv_r/av_l/av_r/x/y/theta/t_err: 0.01363 0.31138 -0.26805 0.26327 0.36472 0.19217 0.14611 0.19217 0.14611 47.46413 -0.04256 1.35747 -0.00554
target: 0.31138 -0.03506
target: 0.31138 -0.03506
fb: 0.31422 0.04752 0.16358 -0.18720
fb: 0.30252 0.04285 0.16943 -0.18136
dist/lin/ang/drive_left/drive_right/tv_l/tv_r/av_l/av_r/x/y/theta/t_err: 0.00735 0.00184 -0.37910 0.25967 0.34537 0.19558 -0.07119 0.19558 -0.07119 47.71145 -0.03575 1.79088 -0.01310
target: 0.00184 -0.04959
target: 0.00184 -0.04959
fb: 0.25994 0.02460 -0.68788 -0.88996
fb: 0.21338 -0.00516 -0.66460 -0.86668
dist/lin/ang/drive_left/drive_right/tv_l/tv_r/av_l/av_r/x/y/theta/t_err: 0.00216 0.00054 -0.41534 0.21853 0.20822 0.12711 -0.17931 0.12711 -0.17931 47.91600 -0.02875 2.11776 -0.01881
target: 0.00054 -0.05433
target: 0.00054 -0.05433
fb: 0.18226 -0.03115 -0.07455 -0.19491
fb: 0.16108 -0.05609 0.09436 -0.10405
dist/lin/ang/drive_left/drive_right/tv_l/tv_r/av_l/av_r/x/y/theta/t_err: -0.00149 -0.00037 -0.20523 0.21717 0.10499 -0.34717 -0.23306 -0.34717 -0.23306 48.05942 -0.02349 2.01987 -0.01710
target: -0.00037 -0.02685
target: -0.00037 -0.02685
fb: 0.13394 -0.06438 -0.14668 0.14765
fb: 0.10084 -0.06793 -0.14668 0.14765
dist/lin/ang/drive_left/drive_right/tv_l/tv_r/av_l/av_r/x/y/theta/t_err: -0.00417 -0.00104 0.09687 0.16878 0.03291 -0.01747 -0.09856 -0.01747 -0.09856 48.16484 -0.02017 1.51971 -0.00837
target: -0.00104 0.01267
target: -0.00104 0.01267
fb: 0.06399 -0.06347 -0.22707 0.22851
fb: 0.03884 -0.04515 -0.22707 0.22851
dist/lin/ang/drive_left/drive_right/tv_l/tv_r/av_l/av_r/x/y/theta/t_err: -0.00546 -0.00136 0.27990 0.08399 -0.00631 -0.14064 0.12097 -0.14064 0.12097 48.21521 -0.01904 0.93766 0.00179
target: -0.00136 0.03661
target: -0.00136 0.03661
fb: 0.03089 -0.02362 -0.17244 0.17504
fb: 0.01920 0.00105 -0.17244 0.17504
final error: 0.24026, x: -0.23953, y: 0.01871
final local error: 0.24026, forwards: -0.23933, sideways: 0.02119
position: 48.23953 -0.01871 0.59123
took 1.24000 time to finish turn
dist/lin/ang/drive_left/drive_right/tv_l/tv_r/av_l/av_r/x/y/theta/t_err: -1.22598 -0.08636 -0.60609 0.00000 0.00000 0.00017 0.00017 0.00017 0.00017 48.26698 -0.01834 182.37316 -0.04180
target: -0.08636 -0.07928
target: -0.08636 -0.07928
fb: 0.00000 0.00000 0.24424 -0.65848
fb: 0.00000 0.00000 0.24424 -0.65848
dist/lin/ang/drive_left/drive_right/tv_l/tv_r/av_l/av_r/x/y/theta/t_err: -1.22598 -0.17272 -0.60608 0.00000 0.00000 0.17006 -0.28078 0.17006 -0.28078 48.26698 -0.01834 182.37315 -0.04180
target: -0.17272 -0.07928
target: -0.17272 -0.07928
fb: 0.00000 0.00000 -0.22254 -0.33366
fb: 0.00000 0.00000 -0.22254 -0.33366
dist/lin/ang/drive_left/drive_right/tv_l/tv_r/av_l/av_r/x/y/theta/t_err: -1.22598 -0.25908 -0.60610 0.00000 0.00000 -0.08575 -0.36189 -0.08575 -0.36189 48.26698 -0.01834 182.37316 -0.04180
target: -0.25908 -0.07928
target: -0.25908 -0.07928
fb: 0.00000 -0.00606 -0.38401 -0.49517
fb: 0.00000 -0.03533 -0.38401 -0.49517
dist/lin/ang/drive_left/drive_right/tv_l/tv_r/av_l/av_r/x/y/theta/t_err: -1.22598 -0.34544 -0.51175 0.03533 -0.03533 -0.31639 -0.42592 -0.31639 -0.42592 48.26698 -0.01834 182.23631 -0.03941
target: -0.34544 -0.06694
target: -0.34544 -0.06694
fb: 0.00000 -0.06090 -0.52296 -0.50648
fb: 0.00000 -0.07957 -0.52296 -0.50648
dist/lin/ang/drive_left/drive_right/tv_l/tv_r/av_l/av_r/x/y/theta/t_err: -1.22598 -0.43180 -0.18287 0.07957 -0.07957 -0.44778 -0.44625 -0.44778 -0.44625 48.26698 -0.01834 181.67265 -0.02957
target: -0.43180 -0.02392
target: -0.43180 -0.02392
fb: -0.04832 -0.08932 -0.74081 -0.39057
fb: -0.14144 -0.08849 -0.69426 -0.34401
dist/lin/ang/drive_left/drive_right/tv_l/tv_r/av_l/av_r/x/y/theta/t_err: -1.22315 -0.51816 0.10580 -0.05295 -0.22993 -0.49364 -0.38586 -0.49364 -0.38586 48.15564 -0.02072 180.89430 -0.01604
target: -0.51816 0.01384
target: -0.51816 0.01384
fb: -0.20367 -0.08110 -0.95384 -0.60075
fb: -0.25994 -0.07581 -0.92570 -0.57261
dist/lin/ang/drive_left/drive_right/tv_l/tv_r/av_l/av_r/x/y/theta/t_err: -1.21795 -0.60452 0.24817 -0.18413 -0.33574 -0.49244 -0.46200 -0.49244 -0.46200 47.95097 -0.02255 180.19469 -0.00387
target: -0.60452 0.03246
target: -0.60452 0.03246
fb: -0.31025 -0.06863 -0.90557 -0.69984
fb: -0.35107 -0.05811 -0.88516 -0.67943
dist/lin/ang/drive_left/drive_right/tv_l/tv_r/av_l/av_r/x/y/theta/t_err: -1.21093 -0.69088 0.33827 -0.29296 -0.40918 -0.50939 -0.51692 -0.50939 -0.51692 47.67454 -0.02200 179.62318 0.00612
target: -0.69088 0.04425
target: -0.69088 0.04425
fb: -0.38990 -0.04808 -0.92154 -0.76162
fb: -0.39167 -0.03985 -0.92066 -0.76074
dist/lin/ang/drive_left/drive_right/tv_l/tv_r/av_l/av_r/x/y/theta/t_err: -1.20310 -0.77724 0.36704 -0.35182 -0.43152 -0.50511 -0.53267 -0.50511 -0.53267 47.36615 -0.01886 179.22303 0.01316
target: -0.77724 0.04801
target: -0.77724 0.04801
fb: -0.43624 -0.03574 -0.94346 -0.85077
fb: -0.47905 -0.03094 -0.92206 -0.82936
dist/lin/ang/drive_left/drive_right/tv_l/tv_r/av_l/av_r/x/y/theta/t_err: -1.19352 -0.86360 0.40274 -0.44812 -0.50999 -0.41186 -0.41014 -0.41186 -0.41014 46.98900 -0.01273 178.92297 0.01853
target: -0.86360 0.05268
target: -0.86360 0.05268
fb: -0.45191 -0.02752 -1.00000 -0.91446
fb: -0.50818 -0.02306 -0.99337 -0.88632
dist/lin/ang/drive_left/drive_right/tv_l/tv_r/av_l/av_r/x/y/theta/t_err: -1.18336 -0.94996 0.43864 -0.48512 -0.53124 -0.45533 -0.52667 -0.45533 -0.52667 46.58895 -0.00429 178.68662 0.02283
target: -0.94996 0.05738
target: -0.94996 0.05738
fb: -0.59357 -0.02111 -1.00000 -0.91910
fb: -0.61674 -0.01665 -1.00000 -0.90752
dist/lin/ang/drive_left/drive_right/tv_l/tv_r/av_l/av_r/x/y/theta/t_err: -1.17103 -1.03632 0.46010 -0.60009 -0.63340 -0.48303 -0.43786 -0.48303 -0.43786 46.10347 0.00761 178.51416 0.02610
target: -1.03632 0.06019
target: -1.03632 0.06019
fb: -0.67478 -0.01247 -1.00000 -0.96386
fb: -0.67279 -0.01024 -1.00000 -0.96485
dist/lin/ang/drive_left/drive_right/tv_l/tv_r/av_l/av_r/x/y/theta/t_err: -1.15758 -1.12268 0.46357 -0.66255 -0.68303 -0.74964 -0.47789 -0.74964 -0.47789 45.57391 0.02186 178.40867 0.02825
target: -1.12268 0.06064
target: -1.12268 0.06064
fb: -0.68272 -0.00746 -1.00000 -1.00000
fb: -0.70412 -0.00425 -1.00000 -1.00000
dist/lin/ang/drive_left/drive_right/tv_l/tv_r/av_l/av_r/x/y/theta/t_err: -1.14350 -1.20904 0.46123 -0.69987 -0.70837 -0.85794 -0.57664 -0.85794 -0.57664 45.01970 0.03754 178.35419 0.02956
target: -1.20904 0.06033
target: -1.20904 0.06033
fb: -0.77959 0.00174 -1.00000 -1.00000
fb: -0.88043 0.01184 -1.00000 -1.00000
dist/lin/ang/drive_left/drive_right/tv_l/tv_r/av_l/av_r/x/y/theta/t_err: -1.12590 -1.29540 0.41962 -0.89228 -0.86859 -0.85761 -0.79992 -0.85761 -0.79992 44.32673 0.05733 178.39353 0.02933
target: -1.29540 0.05489
target: -1.29540 0.05489
fb: -0.86896 0.01832 -1.00000 -1.00000
fb: -0.86300 0.02021 -1.00000 -1.00000
dist/lin/ang/drive_left/drive_right/tv_l/tv_r/av_l/av_r/x/y/theta/t_err: -1.10865 -1.38176 0.33173 -0.88320 -0.84279 -0.86358 -0.85125 -0.86358 -0.85125 43.64744 0.07547 178.55423 0.02696
target: -1.38176 0.04339
target: -1.38176 0.04339
fb: -0.86874 0.01930 -1.00000 -1.00000
fb: -0.95612 0.01965 -1.00000 -1.00000
dist/lin/ang/drive_left/drive_right/tv_l/tv_r/av_l/av_r/x/y/theta/t_err: -1.08953 -1.46812 0.29077 -0.97577 -0.93647 -0.86100 -0.85931 -0.86100 -0.85931 42.89481 0.09329 178.72510 0.02443
target: -1.46812 0.03804
target: -1.46812 0.03804
fb: -1.06667 0.02244 -1.00000 -1.00000
fb: -1.06667 0.02550 -1.00000 -1.00000
dist/lin/ang/drive_left/drive_right/tv_l/tv_r/av_l/av_r/x/y/theta/t_err: -1.06820 -1.55448 0.23147 -1.09217 -1.04117 -0.86872 -0.86614 -0.86872 -0.86614 42.05509 0.11055 178.92910 0.02132
target: -1.55448 0.03028
target: -1.55448 0.03028
fb: -1.03953 0.02683 -1.00000 -1.00000
fb: -1.10153 0.01972 -1.00000 -1.00000
dist/lin/ang/drive_left/drive_right/tv_l/tv_r/av_l/av_r/x/y/theta/t_err: -1.04618 -1.64084 0.17950 -1.12125 -1.08181 -0.86803 -0.86444 -0.86803 -0.86444 41.18786 0.12505 179.14048 0.01804
target: -1.64084 0.02348
target: -1.64084 0.02348
fb: -1.16552 0.01547 -1.00000 -1.00000
fb: -1.15979 0.01463 -1.00000 -1.00000
dist/lin/ang/drive_left/drive_right/tv_l/tv_r/av_l/av_r/x/y/theta/t_err: -1.02298 -1.72720 0.18269 -1.17442 -1.14515 -0.87900 -0.87369 -0.87900 -0.87369 40.27473 0.13764 179.27671 0.01604
target: -1.72720 0.02390
target: -1.72720 0.02390
fb: -1.24518 0.01603 -1.00000 -1.00000
fb: -1.27431 0.01463 -1.00000 -1.00000
dist/lin/ang/drive_left/drive_right/tv_l/tv_r/av_l/av_r/x/y/theta/t_err: -0.99750 -1.73905 0.15639 -1.28894 -1.25968 -0.88942 -0.88428 -0.88942 -0.88428 39.27141 0.14917 179.40907 0.01411
target: -1.73905 0.02046
target: -1.73905 0.02046
fb: -1.24893 0.01052 -1.00000 -1.00000
fb: -1.36323 0.00955 -1.00000 -1.00000
dist/lin/ang/drive_left/drive_right/tv_l/tv_r/av_l/av_r/x/y/theta/t_err: -0.97024 -1.74239 0.15641 -1.37278 -1.35369 -0.88925 -0.88686 -0.88925 -0.88686 38.19804 0.15930 179.50031 0.01289
target: -1.74239 0.02046
target: -1.74239 0.02046
fb: -1.35375 0.01003 -0.99644 -0.97528
fb: -1.34801 0.01122 -0.99931 -0.97815
dist/lin/ang/drive_left/drive_right/tv_l/tv_r/av_l/av_r/x/y/theta/t_err: -0.94328 -1.74543 0.14312 -1.35923 -1.33679 -0.69606 -0.70753 -0.69606 -0.70753 37.13665 0.16781 179.58381 0.01178
target: -1.74543 0.01872
target: -1.74543 0.01872
fb: -1.42149 0.00996 -0.95513 -0.95198
fb: -1.46805 0.00613 -0.93185 -0.92870
dist/lin/ang/drive_left/drive_right/tv_l/tv_r/av_l/av_r/x/y/theta/t_err: -0.91392 -1.74776 0.13729 -1.47418 -1.46192 -0.75681 -0.75461 -0.75681 -0.75461 35.98074 0.17541 179.65291 0.01093
target: -1.74776 0.01796
target: -1.74776 0.01796
fb: -1.47974 0.00376 -0.92918 -0.91827
fb: -1.36147 0.00397 -0.98831 -0.97740
dist/lin/ang/drive_left/drive_right/tv_l/tv_r/av_l/av_r/x/y/theta/t_err: -0.88669 -1.74771 0.15932 -1.36544 -1.35750 -0.72497 -0.76297 -0.72497 -0.76297 34.90873 0.18172 179.67070 0.01095
target: -1.74771 0.02084
target: -1.74771 0.02084
fb: -1.45657 0.00265 -0.94950 -0.90191
fb: -1.57087 -0.00111 -0.89235 -0.84476
dist/lin/ang/drive_left/drive_right/tv_l/tv_r/av_l/av_r/x/y/theta/t_err: -0.85528 -1.74643 0.17728 -1.56976 -1.57199 -0.73097 -0.75100 -0.73097 -0.75100 33.67185 0.18886 179.66702 0.01142
target: -1.74643 0.02319
target: -1.74643 0.02319
fb: -1.45061 -0.00174 -0.94557 -0.89964
fb: -1.40030 -0.00418 -0.97073 -0.92480
dist/lin/ang/drive_left/drive_right/tv_l/tv_r/av_l/av_r/x/y/theta/t_err: -0.82727 -1.74391 0.20189 -1.39612 -1.40448 -0.76519 -0.79619 -0.76519 -0.79619 32.56926 0.19550 179.63694 0.01234
target: -1.74391 0.02641
target: -1.74391 0.02641
fb: -1.52829 -0.00606 -0.90557 -0.84749
fb: -1.62714 -0.00509 -0.85614 -0.79806
dist/lin/ang/drive_left/drive_right/tv_l/tv_r/av_l/av_r/x/y/theta/t_err: -0.79473 -1.74037 0.22998 -1.62206 -1.63223 -0.76367 -0.79428 -0.76367 -0.79428 31.28808 0.20414 179.59277 0.01363
target: -1.74037 0.03008
target: -1.74037 0.03008
fb: -1.59603 -0.00599 -0.86890 -0.80180
fb: -1.56315 -0.00690 -0.88534 -0.81824
dist/lin/ang/drive_left/drive_right/tv_l/tv_r/av_l/av_r/x/y/theta/t_err: -0.76347 -1.73621 0.25773 -1.55625 -1.57005 -0.78556 -0.77889 -0.78556 -0.77889 30.05729 0.21344 179.53869 0.01515
target: -1.73621 0.03371
target: -1.73621 0.03371
fb: -1.56911 -0.00913 -0.87834 -0.80677
fb: -1.57087 -0.00857 -0.87746 -0.80589
dist/lin/ang/drive_left/drive_right/tv_l/tv_r/av_l/av_r/x/y/theta/t_err: -0.73206 -1.73118 0.29251 -1.56230 -1.57944 -0.79581 -0.78472 -0.79581 -0.78472 28.82042 0.22411 179.47176 0.01700
target: -1.73118 0.03826
target: -1.73118 0.03826
fb: -1.48548 -0.00739 -0.91928 -0.83333
fb: -1.56116 -0.00418 -0.88144 -0.79549
dist/lin/ang/drive_left/drive_right/tv_l/tv_r/av_l/av_r/x/y/theta/t_err: -0.70084 -1.72642 0.31563 -1.55698 -1.56535 -0.79056 -0.76844 -0.79056 -0.76844 27.59122 0.23611 179.41616 0.01875
target: -1.72642 0.04129
target: -1.72642 0.04129
fb: -1.63487 -0.00251 -0.83645 -0.76018
fb: -1.60772 0.00000 -0.85002 -0.77375
dist/lin/ang/drive_left/drive_right/tv_l/tv_r/av_l/av_r/x/y/theta/t_err: -0.66869 -1.72294 0.32245 -1.60772 -1.60772 -0.80197 -0.76228 -0.80197 -0.76228 26.32536 0.24931 179.39504 0.02003
target: -1.72294 0.04218
target: -1.72294 0.04218
fb: -1.69113 -0.00188 -0.80130 -0.74301
fb: -1.64855 -0.00181 -0.82259 -0.76430
dist/lin/ang/drive_left/drive_right/tv_l/tv_r/av_l/av_r/x/y/theta/t_err: -0.63573 -1.71885 0.34990 -1.64673 -1.65036 -0.78625 -0.74433 -0.78625 -0.74433 25.02737 0.26330 179.36890 0.02153
target: -1.71885 0.04577
target: -1.71885 0.04577
fb: -1.60971 0.00000 -0.85043 -0.76304
fb: -1.62714 0.00230 -0.84171 -0.75432
dist/lin/ang/drive_left/drive_right/tv_l/tv_r/av_l/av_r/x/y/theta/t_err: -0.60320 -1.71616 0.35153 -1.62944 -1.62484 -0.79411 -0.74639 -0.79411 -0.74639 23.74623 0.27736 179.37838 0.02253
target: -1.71616 0.04598
target: -1.71616 0.04598
fb: -1.63509 0.00550 -0.82579 -0.76852
fb: -1.70481 0.00704 -0.79093 -0.73366
dist/lin/ang/drive_left/drive_right/tv_l/tv_r/av_l/av_r/x/y/theta/t_err: -0.56911 -1.71461 0.34938 -1.71185 -1.69778 -0.78469 -0.74483 -0.78469 -0.74483 22.40393 0.29147 179.42160 0.02310
target: -1.71461 0.04570
target: -1.71461 0.04570
fb: -1.66002 0.00934 -0.81405 -0.76160
fb: -1.65803 0.01184 -0.81504 -0.76259
dist/lin/ang/drive_left/drive_right/tv_l/tv_r/av_l/av_r/x/y/theta/t_err: -0.53596 -1.66940 0.32731 -1.66988 -1.64619 -0.79533 -0.74331 -0.79533 -0.74331 21.09845 0.30365 179.51195 0.02291
target: -1.66940 0.04282
target: -1.66940 0.04282
fb: -1.69886 0.01268 -0.56515 -0.53999
fb: -1.60596 0.01282 -0.61160 -0.58644
dist/lin/ang/drive_left/drive_right/tv_l/tv_r/av_l/av_r/x/y/theta/t_err: -0.50385 -1.61978 0.31416 -1.61878 -1.59314 -0.64372 -0.64508 -0.64372 -0.64508 19.83395 0.31329 179.61850 0.02245
target: -1.61978 0.04109
target: -1.61978 0.04109
fb: -1.64855 0.01254 -0.53158 -0.49819
fb: -1.65803 0.01421 -0.52684 -0.49344
dist/lin/ang/drive_left/drive_right/tv_l/tv_r/av_l/av_r/x/y/theta/t_err: -0.47069 -1.56721 0.29946 -1.67225 -1.64382 -0.56961 -0.55608 -0.56961 -0.55608 18.52844 0.32064 179.74283 0.02179
target: -1.56721 0.03917
target: -1.56721 0.03917
fb: -1.65230 0.01470 -0.46784 -0.43879
fb: -1.69709 0.01428 -0.44544 -0.41639
dist/lin/ang/drive_left/drive_right/tv_l/tv_r/av_l/av_r/x/y/theta/t_err: -0.43676 -1.51113 0.29160 -1.71137 -1.68281 -0.51214 -0.50219 -0.51214 -0.50219 17.19215 0.32517 179.87033 0.02117
target: -1.51113 0.03814
target: -1.51113 0.03814
fb: -1.58654 0.01394 -0.43890 -0.40314
fb: -1.58058 0.01387 -0.44188 -0.40612
dist/lin/ang/drive_left/drive_right/tv_l/tv_r/av_l/av_r/x/y/theta/t_err: -0.40515 -1.45658 0.28725 -1.59445 -1.56672 -0.51947 -0.50136 -0.51947 -0.50136 15.94760 0.32666 179.98894 0.02067
target: -1.45658 0.03758
target: -1.45658 0.03758
fb: -1.53005 0.01164 -0.42525 -0.38608
fb: -1.51461 0.01359 -0.43298 -0.39380
dist/lin/ang/drive_left/drive_right/tv_l/tv_r/av_l/av_r/x/y/theta/t_err: -0.37487 -1.40184 0.28627 -1.52819 -1.50102 -0.49586 -0.48319 -0.49586 -0.48319 14.75500 0.32571 180.09965 0.02033
target: -1.40184 0.03745
target: -1.40184 0.03745
fb: -1.54175 0.01303 -0.37067 -0.32766
fb: -1.41200 0.01178 -0.43554 -0.39253
dist/lin/ang/drive_left/drive_right/tv_l/tv_r/av_l/av_r/x/y/theta/t_err: -0.34663 -1.34878 0.28058 -1.42377 -1.40022 -0.47981 -0.44267 -0.47981 -0.44267 13.64319 0.32272 180.21075 0.01997
target: -1.34878 0.03670
target: -1.34878 0.03670
fb: -1.44311 0.00968 -0.37512 -0.33861
fb: -1.51659 0.00537 -0.33838 -0.30187
dist/lin/ang/drive_left/drive_right/tv_l/tv_r/av_l/av_r/x/y/theta/t_err: -0.31631 -1.28722 0.31306 -1.52196 -1.51123 -0.45858 -0.43086 -0.45858 -0.43086 12.44904 0.31749 180.28260 0.02057
target: -1.28722 0.04095
target: -1.28722 0.04095
fb: -1.39236 0.00509 -0.33576 -0.24856
fb: -1.38067 0.00725 -0.34160 -0.25441
dist/lin/ang/drive_left/drive_right/tv_l/tv_r/av_l/av_r/x/y/theta/t_err: -0.28870 -1.22777 0.33885 -1.38791 -1.37342 -0.42656 -0.38175 -0.42656 -0.38175 11.36191 0.31165 180.33390 0.02159
target: -1.22777 0.04433
target: -1.22777 0.04433
fb: -1.34801 0.00808 -0.31053 -0.22664
fb: -1.26261 0.01191 -0.35323 -0.26934
dist/lin/ang/drive_left/drive_right/tv_l/tv_r/av_l/av_r/x/y/theta/t_err: -0.26345 -1.17191 0.33348 -1.27453 -1.25070 -0.39442 -0.33536 -0.39442 -0.33536 10.36775 0.30518 180.41920 0.02211
target: -1.17191 0.04362
target: -1.17191 0.04362
fb: -1.18097 0.01414 -0.33869 -0.29238
fb: -1.18891 0.01721 -0.33472 -0.28841
dist/lin/ang/drive_left/drive_right/tv_l/tv_r/av_l/av_r/x/y/theta/t_err: -0.23968 -1.11826 0.31011 -1.20612 -1.17170 -0.37317 -0.33231 -0.37317 -0.33231 9.43163 0.29723 180.55343 0.02184
target: -1.11826 0.04057
target: -1.11826 0.04057
fb: -1.21407 0.01951 -0.26945 -0.24840
fb: -1.11499 0.02160 -0.31898 -0.29793
dist/lin/ang/drive_left/drive_right/tv_l/tv_r/av_l/av_r/x/y/theta/t_err: -0.21739 -1.06671 0.27596 -1.13659 -1.09339 -0.33761 -0.30439 -0.33761 -0.30439 8.55374 0.28742 180.73206 0.02081
target: -1.06671 0.03610
target: -1.06671 0.03610
fb: -1.09579 0.02355 -0.28074 -0.27831
fb: -1.02982 0.02097 -0.31373 -0.31130
dist/lin/ang/drive_left/drive_right/tv_l/tv_r/av_l/av_r/x/y/theta/t_err: -0.19680 -1.01720 0.24569 -1.05079 -1.00884 -0.32494 -0.30353 -0.32494 -0.30353 7.74295 0.27568 180.92799 0.01939
target: -1.01720 0.03214
target: -1.01720 0.03214
fb: -1.04924 0.01707 -0.26670 -0.26498
fb: -1.08233 0.01394 -0.25015 -0.24843
dist/lin/ang/drive_left/drive_right/tv_l/tv_r/av_l/av_r/x/y/theta/t_err: -0.17515 -0.98932 0.27194 -1.09627 -1.06840 -0.30286 -0.29894 -0.30286 -0.29894 6.89085 0.26078 181.06965 0.01916
target: -0.98932 0.03557
target: -0.98932 0.03557
fb: -1.03158 0.01400 -0.37218 -0.29929
fb: -0.93670 0.01219 -0.41963 -0.34674
dist/lin/ang/drive_left/drive_right/tv_l/tv_r/av_l/av_r/x/y/theta/t_err: -0.15639 -0.93484 0.19423 -0.94889 -0.92451 -0.31847 -0.28231 -0.31847 -0.28231 6.15343 0.24626 181.19087 0.01704
target: -0.93484 0.02541
target: -0.93484 0.02541
fb: -0.87867 0.01191 -0.22463 -0.28771
fb: -0.88043 0.00927 -0.22374 -0.28683
dist/lin/ang/drive_left/drive_right/tv_l/tv_r/av_l/av_r/x/y/theta/t_err: -0.13879 -0.88066 0.18074 -0.88970 -0.87116 -0.30253 -0.29142 -0.30253 -0.29142 5.46034 0.23124 181.28715 0.01536
target: -0.88066 0.02364
target: -0.88066 0.02364
fb: -0.89588 0.01080 -0.20447 -0.19427
fb: -0.87867 0.01428 -0.21308 -0.20287
dist/lin/ang/drive_left/drive_right/tv_l/tv_r/av_l/av_r/x/y/theta/t_err: -0.12122 -0.82303 0.15091 -0.89295 -0.86438 -0.24058 -0.25736 -0.24058 -0.25736 4.76867 0.21513 181.39135 0.01354
target: -0.82303 0.01974
target: -0.82303 0.01974
fb: -0.78158 0.01400 -0.18314 -0.19735
fb: -0.80276 0.00801 -0.17255 -0.18676
dist/lin/ang/drive_left/drive_right/tv_l/tv_r/av_l/av_r/x/y/theta/t_err: -0.10517 -0.76661 0.12231 -0.81077 -0.79475 -0.22297 -0.22106 -0.22297 -0.22106 4.13678 0.19911 181.49879 0.01167
target: -0.76661 0.01600
target: -0.76661 0.01600
fb: -0.80894 0.00056 -0.12109 -0.13882
fb: -0.73303 -0.00084 -0.15904 -0.17677
dist/lin/ang/drive_left/drive_right/tv_l/tv_r/av_l/av_r/x/y/theta/t_err: -0.09051 -0.71118 0.16458 -0.73219 -0.73387 -0.16906 -0.18069 -0.16906 -0.18069 3.55979 0.18394 181.50547 0.01155
target: -0.71118 0.02153
target: -0.71118 0.02153
fb: -0.70390 0.00279 -0.17247 -0.09932
fb: -0.64388 0.00300 -0.20248 -0.12933
dist/lin/ang/drive_left/drive_right/tv_l/tv_r/av_l/av_r/x/y/theta/t_err: -0.07763 -0.65865 0.15081 -0.64688 -0.64089 -0.18206 -0.14219 -0.18206 -0.14219 3.05297 0.17053 181.52968 0.01113
target: -0.65865 0.01973
target: -0.65865 0.01973
fb: -0.62248 0.00000 -0.14276 -0.13796
fb: -0.60902 -0.00077 -0.14949 -0.14469
dist/lin/ang/drive_left/drive_right/tv_l/tv_r/av_l/av_r/x/y/theta/t_err: -0.06545 -0.60477 0.16020 -0.60825 -0.60979 -0.16939 -0.14664 -0.16939 -0.14664 2.57360 0.15771 181.53138 0.01110
target: -0.60477 0.02096
target: -0.60477 0.02096
fb: -0.57614 0.00474 -0.12594 -0.09218
fb: -0.58386 0.01240 -0.12208 -0.08832
dist/lin/ang/drive_left/drive_right/tv_l/tv_r/av_l/av_r/x/y/theta/t_err: -0.05378 -0.54819 0.11963 -0.59627 -0.57146 -0.14439 -0.12528 -0.14439 -0.12528 2.11403 0.14525 181.59130 0.01005
target: -0.54819 0.01565
target: -0.54819 0.01565
fb: -0.57195 0.01296 0.08536 -0.06480
fb: -0.51767 0.00920 -0.05982 -0.09194
dist/lin/ang/drive_left/drive_right/tv_l/tv_r/av_l/av_r/x/y/theta/t_err: -0.04343 -0.49263 0.07307 -0.52686 -0.50847 -0.01744 -0.09786 -0.01744 -0.09786 1.70659 0.13354 181.69676 0.00821
target: -0.49263 0.00956
target: -0.49263 0.00956
fb: -0.46162 0.00718 -0.10466 -0.15157
fb: -0.38593 0.00355 -0.14251 -0.18941
dist/lin/ang/drive_left/drive_right/tv_l/tv_r/av_l/av_r/x/y/theta/t_err: -0.03571 -0.44672 0.08012 -0.38949 -0.38238 -0.11278 -0.14319 -0.11278 -0.14319 1.40284 0.12439 181.75328 0.00723
target: -0.44672 0.01048
target: -0.44672 0.01048
fb: -0.34710 -0.00550 -0.17349 -0.15603
fb: -0.36850 -0.01435 -0.16278 -0.14533
dist/lin/ang/drive_left/drive_right/tv_l/tv_r/av_l/av_r/x/y/theta/t_err: -0.02834 -0.39795 0.15038 -0.35415 -0.38285 -0.16275 -0.15861 -0.16275 -0.15861 1.11281 0.11563 181.68714 0.00838
target: -0.39795 0.01967
target: -0.39795 0.01967
fb: -0.35879 -0.01853 -0.16283 -0.05865
fb: -0.37049 -0.01784 -0.15698 -0.05281
dist/lin/ang/drive_left/drive_right/tv_l/tv_r/av_l/av_r/x/y/theta/t_err: -0.02092 -0.34194 0.22904 -0.35265 -0.38832 -0.15914 -0.09825 -0.15914 -0.09825 0.82121 0.10744 181.53119 0.01110
target: -0.34194 0.02996
target: -0.34194 0.02996
fb: -0.37247 -0.01623 -0.10464 0.11105
fb: -0.36453 -0.01345 -0.10861 0.10708
dist/lin/ang/drive_left/drive_right/tv_l/tv_r/av_l/av_r/x/y/theta/t_err: -0.01363 -0.27596 0.25407 -0.35108 -0.37798 -0.12442 0.04175 -0.12442 0.04175 0.53427 0.10013 181.39617 0.01346
target: -0.27596 0.03323
target: -0.27596 0.03323
fb: -0.34908 -0.00613 0.06844 0.14733
fb: -0.27737 0.00683 -0.04547 0.11147
dist/lin/ang/drive_left/drive_right/tv_l/tv_r/av_l/av_r/x/y/theta/t_err: -0.00808 -0.21249 0.20964 -0.28420 -0.27054 -0.01131 0.10883 -0.01131 0.10883 0.31593 0.09489 181.37516 0.01383
target: -0.21249 0.02742
target: -0.21249 0.02742
fb: -0.24427 0.02327 0.11101 0.10035
fb: -0.22110 0.03965 0.09943 0.08877
dist/lin/ang/drive_left/drive_right/tv_l/tv_r/av_l/av_r/x/y/theta/t_err: -0.00367 -0.00092 0.03440 -0.26075 -0.18146 0.06811 0.09600 0.06811 0.09600 0.14189 0.09043 181.61607 0.00962
target: -0.00092 0.00450
target: -0.00092 0.00450
fb: -0.19021 0.05093 0.65662 0.46123
fb: -0.16285 0.05525 0.56197 0.36658
dist/lin/ang/drive_left/drive_right/tv_l/tv_r/av_l/av_r/x/y/theta/t_err: -0.00043 -0.00011 -0.17278 -0.21810 -0.10759 0.33931 0.28472 0.33931 0.28472 0.01373 0.08638 182.06905 0.00172
target: -0.00011 -0.02260
target: -0.00011 -0.02260
fb: -0.10658 0.04870 0.17770 -0.17943
fb: -0.06995 0.03665 0.17770 -0.17943
dist/lin/ang/drive_left/drive_right/tv_l/tv_r/av_l/av_r/x/y/theta/t_err: 0.00096 0.00024 -0.24797 -0.10660 -0.03330 0.21714 -0.00206 0.21714 -0.00206 -0.04130 0.08420 182.46481 -0.00519
target: 0.00024 -0.03244
target: 0.00024 -0.03244
fb: -0.03288 0.02822 0.10580 -0.10913
fb: -0.00375 0.01568 0.10580 -0.10913
dist/lin/ang/drive_left/drive_right/tv_l/tv_r/av_l/av_r/x/y/theta/t_err: 0.00102 0.00026 -0.22690 -0.01943 0.01193 0.11467 -0.11019 0.11467 -0.11019 -0.04425 0.08407 182.68474 -0.00903
target: 0.00026 -0.02968
target: 0.00026 -0.02968
fb: 0.00000 -0.00502 0.04663 -0.05127
fb: 0.00000 -0.02007 0.04663 -0.05127
decreased slew to 7.36600
decreased slew to 7.23900
decreased slew to 7.11200
decreased slew to 6.98500
decreased slew to 6.85800
decreased slew to 6.73100
decreased slew to 6.60400
decreased slew to 6.47700
decreased slew to 6.35000
decreased slew to 6.22300
decreased slew to 6.09600
decreased slew to 5.96900
decreased slew to 5.84200
decreased slew to 5.71500
decreased slew to 5.58800
increased kp to 14.60000
decreased slew to 5.46100
decreased slew to 5.33400
decreased slew to 5.20700
decreased slew to 5.08000
decreased slew to 4.95300
decreased slew to 4.82600
decreased slew to 4.69900
decreased slew to 4.57200
decreased slew to 4.44500
start is 0.00000 0.00000
dist/lin/ang/drive_left/drive_right/tv_l/tv_r/av_l/av_r/x/y/theta/t_err: 1.21920 0.08890 0.00001 0.00000 0.00000 0.00017 0.00033 0.00017 0.00033 0.00000 0.00000 -0.00003 0.00000
target: 0.08890 0.00000
target: 0.08890 0.00000
fb: 0.00000 0.00000 0.24971 0.25461
fb: 0.00000 0.00000 0.24971 0.25461
dist/lin/ang/drive_left/drive_right/tv_l/tv_r/av_l/av_r/x/y/theta/t_err: 1.21920 0.17780 -0.00011 0.00000 0.00000 0.02653 0.02858 0.02653 0.02858 0.00000 0.00000 0.00015 -0.00000
target: 0.17780 -0.00001
target: 0.17780 -0.00001
fb: 0.00000 0.00000 0.28269 0.28742
fb: 0.00000 0.00000 0.28269 0.28742
dist/lin/ang/drive_left/drive_right/tv_l/tv_r/av_l/av_r/x/y/theta/t_err: 1.21920 0.26670 -0.00002 0.00000 0.00000 0.20481 0.21936 0.20481 0.21936 0.00000 0.00000 0.00012 -0.00000
target: 0.26670 -0.00000
target: 0.26670 -0.00000
fb: 0.00000 0.00641 0.44880 0.45380
fb: 0.02538 0.02153 0.43611 0.44111
dist/lin/ang/drive_left/drive_right/tv_l/tv_r/av_l/av_r/x/y/theta/t_err: 1.21920 0.35560 -0.01190 0.00385 0.04691 0.26214 0.27189 0.26214 0.27189 0.00000 0.00000 0.01729 -0.00030
target: 0.35560 -0.00156
target: 0.35560 -0.00156
fb: 0.07767 0.02167 0.49540 0.48421
fb: 0.12401 0.01470 0.47223 0.46105
dist/lin/ang/drive_left/drive_right/tv_l/tv_r/av_l/av_r/x/y/theta/t_err: 1.21765 0.44450 -0.12755 0.10931 0.13871 0.39097 0.39833 0.39097 0.39833 0.06116 0.00012 0.19532 -0.00341
target: 0.44450 -0.01669
target: 0.44450 -0.01669
fb: 0.17057 0.00683 0.59751 0.44389
fb: 0.21536 -0.00125 0.57511 0.42149
dist/lin/ang/drive_left/drive_right/tv_l/tv_r/av_l/av_r/x/y/theta/t_err: 1.21424 0.53340 -0.12820 0.21662 0.21411 0.43308 0.43325 0.43308 0.43325 0.19546 0.00075 0.30800 -0.00539
target: 0.53340 -0.01677
target: 0.53340 -0.01677
fb: 0.23853 -0.00460 0.79286 0.77495
fb: 0.27340 -0.00759 0.77543 0.75752
dist/lin/ang/drive_left/drive_right/tv_l/tv_r/av_l/av_r/x/y/theta/t_err: 1.20946 0.62230 -0.07158 0.28099 0.26580 0.46797 0.40931 0.46797 0.40931 0.38328 0.00175 0.29646 -0.00521
target: 0.62230 -0.00936
target: 0.62230 -0.00936
fb: 0.33165 -0.00892 0.78862 0.84812
fb: 0.36254 -0.00885 0.77317 0.83267
dist/lin/ang/drive_left/drive_right/tv_l/tv_r/av_l/av_r/x/y/theta/t_err: 1.20283 0.71120 -0.03113 0.37139 0.35369 0.40125 0.42403 0.40125 0.42403 0.64442 0.00296 0.22996 -0.00408
target: 0.71120 -0.00407
target: 0.71120 -0.00407
fb: 0.39366 -0.00334 0.84457 0.89219
fb: 0.42102 0.00446 0.83089 0.87851
dist/lin/ang/drive_left/drive_right/tv_l/tv_r/av_l/av_r/x/y/theta/t_err: 1.19496 0.80010 -0.02126 0.41656 0.42548 0.51692 0.48511 0.51692 0.48511 0.95439 0.00402 0.17330 -0.00311
target: 0.80010 -0.00278
target: 0.80010 -0.00278
fb: 0.45588 0.00139 0.91157 0.92500
fb: 0.52738 -0.00063 0.87583 0.88925
dist/lin/ang/drive_left/drive_right/tv_l/tv_r/av_l/av_r/x/y/theta/t_err: 1.18584 0.88900 -0.06494 0.52800 0.52675 0.53847 0.51539 0.53847 0.51539 1.31335 0.00519 0.20008 -0.00360
target: 0.88900 -0.00849
target: 0.88900 -0.00849
fb: 0.54106 0.00000 0.98532 0.92812
fb: 0.60328 0.00000 0.95420 0.89700
dist/lin/ang/drive_left/drive_right/tv_l/tv_r/av_l/av_r/x/y/theta/t_err: 1.17502 0.97790 -0.05356 0.60328 0.60328 0.48269 0.48064 0.48269 0.48064 1.73937 0.00668 0.19955 -0.00363
target: 0.97790 -0.00701
target: 0.97790 -0.00701
fb: 0.70390 0.00000 0.95147 0.96115
fb: 0.66507 -0.00098 0.97089 0.98057
dist/lin/ang/drive_left/drive_right/tv_l/tv_r/av_l/av_r/x/y/theta/t_err: 1.16094 1.06680 -0.05418 0.66604 0.66409 0.55528 0.53233 0.55528 0.53233 2.29362 0.00860 0.19881 -0.00366
target: 1.06680 -0.00709
target: 1.06680 -0.00709
fb: 0.66727 -0.00202 1.00000 1.00000
fb: 0.72531 -0.00467 1.00000 1.00000
dist/lin/ang/drive_left/drive_right/tv_l/tv_r/av_l/av_r/x/y/theta/t_err: 1.14760 1.15570 -0.04998 0.72998 0.72064 0.43922 0.55903 0.43922 0.55903 2.81903 0.01040 0.19145 -0.00357
target: 1.15570 -0.00654
target: 1.15570 -0.00654
fb: 0.74274 0.00153 1.00000 1.00000
fb: 0.80695 0.01191 1.00000 1.00000
dist/lin/ang/drive_left/drive_right/tv_l/tv_r/av_l/av_r/x/y/theta/t_err: 1.13274 1.24460 -0.03916 0.79504 0.81887 0.66681 0.74261 0.66681 0.74261 3.40387 0.01221 0.17017 -0.00324
target: 1.24460 -0.00512
target: 1.24460 -0.00512
fb: 0.82615 0.01644 1.00000 1.00000
fb: 0.84159 0.02188 1.00000 1.00000
dist/lin/ang/drive_left/drive_right/tv_l/tv_r/av_l/av_r/x/y/theta/t_err: 1.11622 1.33350 -0.12508 0.81972 0.86347 0.82628 0.82800 0.82628 0.82800 4.05437 0.01467 0.27918 -0.00521
target: 1.33350 -0.01636
target: 1.33350 -0.01636
fb: 0.95038 0.02543 1.00000 1.00000
fb: 0.97553 0.02285 1.00000 1.00000
dist/lin/ang/drive_left/drive_right/tv_l/tv_r/av_l/av_r/x/y/theta/t_err: 1.09721 1.42240 -0.22000 0.95268 0.99839 0.85569 0.85022 0.85569 0.85022 4.80269 0.01962 0.48061 -0.00884
target: 1.42240 -0.02878
target: 1.42240 -0.02878
fb: 1.02585 0.01547 1.00000 1.00000
fb: 1.05299 0.00989 1.00000 1.00000
dist/lin/ang/drive_left/drive_right/tv_l/tv_r/av_l/av_r/x/y/theta/t_err: 1.07670 1.51130 -0.26020 1.04309 1.06288 0.86308 0.86017 0.86308 0.86017 5.61040 0.02781 0.65872 -0.01215
target: 1.51130 -0.03404
target: 1.51130 -0.03404
fb: 1.06093 0.00829 1.00000 1.00000
fb: 1.15979 0.00627 1.00000 1.00000
dist/lin/ang/drive_left/drive_right/tv_l/tv_r/av_l/av_r/x/y/theta/t_err: 1.05548 1.60020 -0.24960 1.15351 1.16606 0.87642 0.87008 0.87642 0.87008 6.44571 0.03814 0.74814 -0.01398
target: 1.60020 -0.03265
target: 1.60020 -0.03265
fb: 1.15581 0.00815 1.00000 1.00000
fb: 1.19288 0.00885 1.00000 1.00000
dist/lin/ang/drive_left/drive_right/tv_l/tv_r/av_l/av_r/x/y/theta/t_err: 1.03237 1.68910 -0.26284 1.18404 1.20173 0.87983 0.87233 0.87983 0.87233 7.35571 0.05053 0.81458 -0.01546
target: 1.68910 -0.03438
target: 1.68910 -0.03438
fb: 1.29549 0.00516 1.00000 1.00000
fb: 1.28181 0.00704 1.00000 1.00000
dist/lin/ang/drive_left/drive_right/tv_l/tv_r/av_l/av_r/x/y/theta/t_err: 1.00646 1.73109 -0.28784 1.27477 1.28885 0.88567 0.88086 0.88567 0.88086 8.37567 0.06567 0.88073 -0.01703
target: 1.73109 -0.03765
target: 1.73109 -0.03765
fb: 1.33830 0.00892 1.00000 1.00000
fb: 1.37890 0.00836 1.00000 1.00000
dist/lin/ang/drive_left/drive_right/tv_l/tv_r/av_l/av_r/x/y/theta/t_err: 0.97970 1.72642 -0.31658 1.37054 1.38726 0.89986 0.89386 0.89986 0.89386 9.42932 0.08251 0.95145 -0.01875
target: 1.72642 -0.04141
target: 1.72642 -0.04141
fb: 1.37294 0.00648 0.97119 0.88814
fb: 1.45459 0.00341 0.93037 0.84731
dist/lin/ang/drive_left/drive_right/tv_l/tv_r/av_l/av_r/x/y/theta/t_err: 0.95224 1.72153 -0.34496 1.45117 1.45800 0.83486 0.87333 0.83486 0.87333 10.51021 0.10118 1.02251 -0.02055
target: 1.72153 -0.04512
target: 1.72153 -0.04512
fb: 1.46231 0.00118 0.92347 0.83586
fb: 1.48173 0.00195 0.91376 0.82615
dist/lin/ang/drive_left/drive_right/tv_l/tv_r/av_l/av_r/x/y/theta/t_err: 0.92300 1.71857 -0.34329 1.47978 1.48368 0.73081 0.77361 0.73081 0.77361 11.66145 0.12204 1.04743 -0.02164
target: 1.71857 -0.04491
target: 1.71857 -0.04491
fb: 1.51085 0.00139 0.88635 0.83440
fb: 1.41575 0.00181 0.93390 0.88196
dist/lin/ang/drive_left/drive_right/tv_l/tv_r/av_l/av_r/x/y/theta/t_err: 0.89279 1.71599 -0.35374 1.41394 1.41756 0.75067 0.78181 0.75067 0.78181 12.85090 0.14392 1.05994 -0.02259
target: 1.71599 -0.04627
target: 1.71599 -0.04627
fb: 1.49519 0.00084 0.90140 0.83336
fb: 1.65031 0.00272 0.82384 0.75579
dist/lin/ang/drive_left/drive_right/tv_l/tv_r/av_l/av_r/x/y/theta/t_err: 0.86290 1.71336 -0.36829 1.64759 1.65303 0.77256 0.79514 0.77256 0.79514 14.02801 0.16582 1.07047 -0.02356
target: 1.71336 -0.04818
target: 1.71336 -0.04818
fb: 1.48570 0.00578 0.90730 0.83186
fb: 1.51483 0.00578 0.89273 0.81730
dist/lin/ang/drive_left/drive_right/tv_l/tv_r/av_l/av_r/x/y/theta/t_err: 0.83319 1.70951 -0.40063 1.50904 1.52061 0.77408 0.76283 0.77408 0.76283 15.19764 0.18793 1.10377 -0.02499
target: 1.70951 -0.05241
target: 1.70951 -0.05241
fb: 1.62913 0.00404 0.84043 0.73839
fb: 1.51063 0.00251 0.89968 0.79764
dist/lin/ang/drive_left/drive_right/tv_l/tv_r/av_l/av_r/x/y/theta/t_err: 0.80062 1.70434 -0.44096 1.50813 1.51314 0.79239 0.77119 0.79239 0.77119 16.48017 0.21322 1.15447 -0.02691
target: 1.70434 -0.05768
target: 1.70434 -0.05768
fb: 1.62714 0.00153 0.83969 0.72118
fb: 1.65627 -0.00286 0.82513 0.70662
dist/lin/ang/drive_left/drive_right/tv_l/tv_r/av_l/av_r/x/y/theta/t_err: 0.76809 1.70002 -0.45663 1.65913 1.65341 0.79464 0.75014 0.79464 0.75014 17.76112 0.23936 1.18069 -0.02852
target: 1.70002 -0.05973
target: 1.70002 -0.05973
fb: 1.55918 -0.00801 0.86001 0.76776
fb: 1.66598 -0.01073 0.80661 0.71436
dist/lin/ang/drive_left/drive_right/tv_l/tv_r/av_l/av_r/x/y/theta/t_err: 0.73692 1.69859 -0.43747 1.67671 1.65525 0.78572 0.71386 0.78572 0.71386 18.98856 0.26435 1.14259 -0.02905
target: 1.69859 -0.05722
target: 1.69859 -0.05722
fb: 1.60772 -0.01373 0.82383 0.77596
fb: 1.59228 -0.02000 0.83155 0.78368
dist/lin/ang/drive_left/drive_right/tv_l/tv_r/av_l/av_r/x/y/theta/t_err: 0.70478 1.69997 -0.40387 1.61227 1.57228 0.78214 0.72719 0.78214 0.72719 20.25426 0.28858 1.03935 -0.02854
target: 1.69997 -0.05283
target: 1.69997 -0.05283
fb: 1.61545 -0.02362 0.82098 0.79599
fb: 1.60199 -0.02369 0.82771 0.80272
dist/lin/ang/drive_left/drive_right/tv_l/tv_r/av_l/av_r/x/y/theta/t_err: 0.67248 1.70487 -0.34445 1.62568 1.57830 0.79942 0.76519 0.79942 0.76519 21.52608 0.30983 0.86023 -0.02672
target: 1.70487 -0.04506
target: 1.70487 -0.04506
fb: 1.71452 -0.02376 0.76960 0.78543
fb: 1.60375 -0.02397 0.82499 0.84082
dist/lin/ang/drive_left/drive_right/tv_l/tv_r/av_l/av_r/x/y/theta/t_err: 0.63820 1.71099 -0.30006 1.62772 1.57978 0.80200 0.77394 0.80200 0.77394 22.87598 0.32763 0.65340 -0.02444
target: 1.71099 -0.03925
target: 1.71099 -0.03925
fb: 1.68540 -0.02223 0.79958 0.80550
fb: 1.81536 -0.02028 0.73460 0.74052
dist/lin/ang/drive_left/drive_right/tv_l/tv_r/av_l/av_r/x/y/theta/t_err: 0.60451 1.71731 -0.26425 1.83564 1.79509 0.79172 0.78522 0.79172 0.78522 24.20301 0.34017 0.44753 -0.02210
target: 1.71731 -0.03457
target: 1.71731 -0.03457
fb: 1.65627 -0.01805 0.82261 0.82471
fb: 1.66973 -0.01846 0.81588 0.81798
dist/lin/ang/drive_left/drive_right/tv_l/tv_r/av_l/av_r/x/y/theta/t_err: 0.57139 1.72198 -0.25452 1.68819 1.65127 0.75903 0.76506 0.75903 0.76506 25.50713 0.34844 0.28030 -0.02038
target: 1.72198 -0.03329
target: 1.72198 -0.03329
fb: 1.65031 -0.01916 0.83772 0.81083
fb: 1.68142 -0.01819 0.82216 0.79527
dist/lin/ang/drive_left/drive_right/tv_l/tv_r/av_l/av_r/x/y/theta/t_err: 0.53839 1.72674 -0.22813 1.69961 1.66324 0.79858 0.78761 0.79858 0.78761 26.80658 0.35298 0.11315 -0.01863
target: 1.72674 -0.02984
target: 1.72674 -0.02984
fb: 1.75910 -0.01874 0.77593 0.77328
fb: 1.68738 -0.02007 0.81179 0.80914
dist/lin/ang/drive_left/drive_right/tv_l/tv_r/av_l/av_r/x/y/theta/t_err: 0.50321 1.73134 -0.20499 1.70745 1.66732 0.79669 0.77411 0.79669 0.77411 28.19169 0.35373 -0.05265 -0.01694
target: 1.73134 -0.02681
target: 1.73134 -0.02681
fb: 1.62714 -0.01805 0.84535 0.84294
fb: 1.75711 -0.01651 0.78036 0.77795
dist/lin/ang/drive_left/drive_right/tv_l/tv_r/av_l/av_r/x/y/theta/t_err: 0.47067 1.73650 -0.17240 1.77362 1.74060 0.79925 0.79139 0.79925 0.79139 29.47290 0.35064 -0.22216 -0.01505
target: 1.73650 -0.02255
target: 1.73650 -0.02255
fb: 1.78602 -0.01756 0.76441 0.77884
fb: 1.69488 -0.01979 0.80998 0.82440
dist/lin/ang/drive_left/drive_right/tv_l/tv_r/av_l/av_r/x/y/theta/t_err: 0.43496 1.72141 -0.16616 1.71467 1.67510 0.78114 0.77067 0.78114 0.77067 30.87920 0.34351 -0.36479 -0.01369
target: 1.72141 -0.02174
target: 1.72141 -0.02174
fb: 1.79595 -0.01986 0.67967 0.66416
fb: 1.73571 -0.01881 0.70979 0.69428
dist/lin/ang/drive_left/drive_right/tv_l/tv_r/av_l/av_r/x/y/theta/t_err: 0.39904 1.65379 -0.12393 1.75452 1.71689 0.76075 0.77989 0.76075 0.77989 32.29328 0.33235 -0.53751 -0.01178
target: 1.65379 -0.01621
target: 1.65379 -0.01621
fb: 1.73968 -0.01826 0.41120 0.44540
fb: 1.72997 -0.01623 0.41606 0.45025
dist/lin/ang/drive_left/drive_right/tv_l/tv_r/av_l/av_r/x/y/theta/t_err: 0.36425 1.58493 -0.09427 1.74620 1.71373 0.68664 0.68322 0.68664 0.68322 33.66303 0.31743 -0.70604 -0.00981
target: 1.58493 -0.01233
target: 1.58493 -0.01233
fb: 1.68716 -0.01421 0.37455 0.39911
fb: 1.75336 -0.01414 0.34145 0.36601
dist/lin/ang/drive_left/drive_right/tv_l/tv_r/av_l/av_r/x/y/theta/t_err: 0.33051 1.51352 -0.08016 1.76750 1.73922 0.56258 0.55642 0.56258 0.55642 34.99138 0.29930 -0.84706 -0.00822
target: 1.51352 -0.01049
target: 1.51352 -0.01049
fb: 1.63685 -0.01644 0.33240 0.34105
fb: 1.66002 -0.01979 0.32082 0.32947
dist/lin/ang/drive_left/drive_right/tv_l/tv_r/av_l/av_r/x/y/theta/t_err: 0.29777 1.44005 -0.05958 1.67981 1.64023 0.44606 0.46336 0.44606 0.46336 36.28007 0.27884 -0.97938 -0.00669
target: 1.44005 -0.00779
target: 1.44005 -0.00779
fb: 1.71254 -0.01979 0.21380 0.23363
fb: 1.59603 -0.02111 0.27205 0.29188
dist/lin/ang/drive_left/drive_right/tv_l/tv_r/av_l/av_r/x/y/theta/t_err: 0.26352 1.35989 -0.00124 1.61714 1.57492 0.41064 0.41081 0.41064 0.41081 37.62829 0.25377 -1.15770 -0.00426
target: 1.35989 -0.00016
target: 1.35989 -0.00016
fb: 1.54373 -0.01888 0.17106 0.24550
fb: 1.56911 -0.01303 0.15837 0.23281
dist/lin/ang/drive_left/drive_right/tv_l/tv_r/av_l/av_r/x/y/theta/t_err: 0.23265 1.28334 0.04813 1.58214 1.55608 0.36342 0.36839 0.36342 0.36839 38.84354 0.22723 -1.33725 -0.00147
target: 1.28334 0.00630
target: 1.28334 0.00630
fb: 1.49144 -0.00801 0.14285 0.21533
fb: 1.34404 -0.00523 0.21655 0.28903
dist/lin/ang/drive_left/drive_right/tv_l/tv_r/av_l/av_r/x/y/theta/t_err: 0.20282 1.20067 0.04404 1.34926 1.33881 0.28028 0.34564 0.28028 0.34564 40.01756 0.19873 -1.43658 0.00018
target: 1.20067 0.00576
target: 1.20067 0.00576
fb: 1.33036 -0.00314 0.15545 0.16420
fb: 1.34977 -0.00460 0.14574 0.15450
dist/lin/ang/drive_left/drive_right/tv_l/tv_r/av_l/av_r/x/y/theta/t_err: 0.17621 1.11947 0.03331 1.35437 1.34517 0.28506 0.33225 0.28506 0.33225 41.06474 0.17205 -1.47593 0.00096
target: 1.11947 0.00436
target: 1.11947 0.00436
fb: 1.29174 -0.00864 0.11149 0.11049
fb: 1.15581 -0.00725 0.17946 0.17845
dist/lin/ang/drive_left/drive_right/tv_l/tv_r/av_l/av_r/x/y/theta/t_err: 0.15037 1.03415 0.04874 1.16306 1.14857 0.22125 0.25583 0.22125 0.25583 42.08151 0.14547 -1.52625 0.00183
target: 1.03415 0.00638
target: 1.03415 0.00638
fb: 1.17920 -0.00181 -0.06120 0.08927
fb: 1.21208 0.00530 -0.07764 0.07283
dist/lin/ang/drive_left/drive_right/tv_l/tv_r/av_l/av_r/x/y/theta/t_err: 0.12679 0.94960 0.05859 1.20679 1.21738 0.15569 0.20258 0.15569 0.20258 43.00968 0.12028 -1.57226 0.00264
target: 0.94960 0.00766
target: 0.94960 0.00766
fb: 1.06270 0.00913 -0.07449 0.07106
fb: 1.02783 0.00759 0.06098 0.08850
dist/lin/ang/drive_left/drive_right/tv_l/tv_r/av_l/av_r/x/y/theta/t_err: 0.10554 0.86636 0.00291 1.02024 1.03543 -0.03250 0.11911 -0.03250 0.11911 43.84614 0.09761 -1.52075 0.00174
target: 0.86636 0.00038
target: 0.86636 0.00038
fb: 0.98127 0.00334 -0.06089 -0.13014
fb: 0.87668 0.00000 0.10945 -0.07784
dist/lin/ang/drive_left/drive_right/tv_l/tv_r/av_l/av_r/x/y/theta/t_err: 0.08591 0.78167 -0.01276 0.87668 0.87668 0.03611 0.08144 0.03611 0.08144 44.61853 0.07752 -1.46556 0.00078
target: 0.78167 -0.00167
target: 0.78167 -0.00167
fb: 0.82240 0.00307 -0.08660 -0.11155
fb: 0.72928 0.01122 0.07800 -0.06499
dist/lin/ang/drive_left/drive_right/tv_l/tv_r/av_l/av_r/x/y/theta/t_err: 0.06946 0.70287 0.00240 0.71806 0.74050 0.06331 -0.05681 0.06331 -0.05681 45.26588 0.06101 -1.45265 0.00055
target: 0.70287 0.00031
target: 0.70287 0.00031
fb: 0.65734 0.01596 -0.07175 0.07002
fb: 0.58166 0.01582 0.08414 0.10786
dist/lin/ang/drive_left/drive_right/tv_l/tv_r/av_l/av_r/x/y/theta/t_err: 0.05632 0.63287 -0.06374 0.56584 0.59747 0.05594 -0.02531 0.05594 -0.02531 45.78331 0.04829 -1.34881 -0.00126
target: 0.63287 -0.00834
target: 0.63287 -0.00834
fb: 0.52760 0.01498 0.13626 -0.07521
fb: 0.48104 0.01568 0.15954 0.07590
dist/lin/ang/drive_left/drive_right/tv_l/tv_r/av_l/av_r/x/y/theta/t_err: 0.04577 0.57051 -0.11344 0.46536 0.49671 0.06825 0.05956 0.06825 0.05956 46.19864 0.03902 -1.21134 -0.00366
target: 0.57051 -0.01484
target: 0.57051 -0.01484
fb: 0.38395 0.01400 0.17650 0.10345
fb: 0.35305 0.00564 0.19195 0.11890
dist/lin/ang/drive_left/drive_right/tv_l/tv_r/av_l/av_r/x/y/theta/t_err: 0.03809 0.52045 -0.14401 0.34741 0.35870 0.14903 0.07203 0.14903 0.07203 46.50090 0.03297 -1.08033 -0.00595
target: 0.52045 -0.01884
target: 0.52045 -0.01884
fb: 0.35504 -0.00543 0.18597 0.13005
fb: 0.32967 -0.01282 0.19866 0.14274
dist/lin/ang/drive_left/drive_right/tv_l/tv_r/av_l/av_r/x/y/theta/t_err: 0.03099 0.46943 -0.10453 0.34249 0.31684 0.18069 0.11789 0.18069 0.11789 46.78041 0.02782 -1.05473 -0.00639
target: 0.46943 -0.01367
target: 0.46943 -0.01367
fb: 0.30429 -0.01477 0.17917 0.21222
fb: 0.28708 -0.01366 0.18778 0.22082
dist/lin/ang/drive_left/drive_right/tv_l/tv_r/av_l/av_r/x/y/theta/t_err: 0.02490 0.42082 -0.01541 0.30073 0.27342 0.18431 0.15022 0.18431 0.15022 47.01997 0.02319 -1.16752 -0.00443
target: 0.42082 -0.00202
target: 0.42082 -0.00202
fb: 0.25795 -0.01129 0.12782 0.23493
fb: 0.27715 -0.01024 0.11822 0.22533
dist/lin/ang/drive_left/drive_right/tv_l/tv_r/av_l/av_r/x/y/theta/t_err: 0.01974 0.37470 0.01348 0.28739 0.26691 0.17367 0.20928 0.17367 0.20928 47.22303 0.01885 -1.28052 -0.00245
target: 0.37470 0.00176
target: 0.37470 0.00176
fb: 0.28708 -0.01052 0.11104 0.15231
fb: 0.26766 -0.00829 0.12075 0.16201
dist/lin/ang/drive_left/drive_right/tv_l/tv_r/av_l/av_r/x/y/theta/t_err: 0.01400 0.31554 0.02715 0.27595 0.25937 0.12833 0.19933 0.12833 0.19933 47.44902 0.01362 -1.37165 -0.00086
target: 0.31554 0.00355
target: 0.31554 0.00355
fb: 0.29877 -0.00341 -0.04264 0.06116
fb: 0.30076 0.00000 -0.04364 0.06017
dist/lin/ang/drive_left/drive_right/tv_l/tv_r/av_l/av_r/x/y/theta/t_err: 0.00802 0.23888 0.03041 0.30076 0.30076 0.08400 0.13994 0.08400 0.13994 47.68420 0.00784 -1.43390 0.00022
target: 0.23888 0.00398
target: 0.23888 0.00398
fb: 0.28112 0.00216 -0.12964 -0.12537
fb: 0.25972 0.00334 -0.11894 -0.11467
dist/lin/ang/drive_left/drive_right/tv_l/tv_r/av_l/av_r/x/y/theta/t_err: 0.00240 0.00060 0.00043 0.25637 0.26306 -0.03900 0.03558 -0.03900 0.03558 47.90548 0.00230 -1.42981 0.00015
target: 0.00060 0.00006
target: 0.00060 0.00006
fb: 0.24824 0.00355 -0.62158 -0.66169
fb: 0.27163 0.00878 -0.63327 -0.67339
dist/lin/ang/drive_left/drive_right/tv_l/tv_r/av_l/av_r/x/y/theta/t_err: -0.00256 -0.00064 -0.01851 0.26285 0.28041 -0.17950 -0.14356 -0.17950 -0.14356 48.10089 -0.00253 -1.39983 -0.00037
target: -0.00064 -0.00242
target: -0.00064 -0.00242
fb: 0.22882 0.01805 -0.14370 -0.17414
fb: 0.16880 0.02041 0.04908 -0.05941
dist/lin/ang/drive_left/drive_right/tv_l/tv_r/av_l/av_r/x/y/theta/t_err: -0.00714 -0.00178 -0.07375 0.14839 0.18922 -0.29586 -0.27906 -0.29586 -0.27906 48.28102 -0.00683 -1.30098 -0.00210
target: -0.00178 -0.00965
target: -0.00178 -0.00965
fb: 0.12026 0.02000 0.07505 -0.08584
fb: 0.05230 0.01888 0.07505 -0.08584
dist/lin/ang/drive_left/drive_right/tv_l/tv_r/av_l/av_r/x/y/theta/t_err: -0.00954 -0.26055 -0.15307 0.03341 0.07118 -0.00342 -0.09192 -0.00342 -0.09192 48.37569 -0.00885 -1.12381 -0.00519
target: -0.26055 -0.02002
target: -0.26055 -0.02002
fb: 0.01942 0.01052 -0.73282 -0.85793
fb: 0.01169 0.00063 -0.72896 -0.85407
final error: 0.39108, x: -0.39097, y: 0.00913
final local error: 0.39108, forwards: -0.39107, sideways: 0.00241
position: 48.39097 -0.00913 -0.98538
took 1.28000 time to finish turn
dist/lin/ang/drive_left/drive_right/tv_l/tv_r/av_l/av_r/x/y/theta/t_err: -1.22099 -0.08636 0.41533 0.00000 0.00000 0.00017 -0.00000 0.00017 -0.00000 48.07037 0.00008 178.35893 0.02864
target: -0.08636 0.05433
target: -0.08636 0.05433
fb: 0.00000 0.00000 -0.52458 0.12013
fb: 0.00000 0.00000 -0.52458 0.12013
dist/lin/ang/drive_left/drive_right/tv_l/tv_r/av_l/av_r/x/y/theta/t_err: -1.22099 -0.17272 0.41534 0.00000 0.00000 -0.33742 0.08333 -0.33742 0.08333 48.07037 0.00008 178.35892 0.02864
target: -0.17272 0.05433
target: -0.17272 0.05433
fb: 0.00000 0.00000 -0.31205 -0.24414
fb: 0.00000 0.00077 -0.31205 -0.24414
dist/lin/ang/drive_left/drive_right/tv_l/tv_r/av_l/av_r/x/y/theta/t_err: -1.22099 -0.25908 0.41396 -0.00077 0.00077 -0.32733 -0.12083 -0.32733 -0.12083 48.07037 0.00008 178.36091 0.02861
target: -0.25908 0.05415
target: -0.25908 0.05415
fb: 0.00000 0.01826 -0.47262 -0.40656
fb: 0.00000 0.03442 -0.47262 -0.40656
dist/lin/ang/drive_left/drive_right/tv_l/tv_r/av_l/av_r/x/y/theta/t_err: -1.22099 -0.34544 0.29098 -0.03442 0.03442 -0.41239 -0.32408 -0.41239 -0.32408 48.07037 0.00008 178.54056 0.02547
target: -0.34544 0.03806
target: -0.34544 0.03806
fb: 0.00000 0.04968 -0.46538 -0.56406
fb: -0.01545 0.05616 -0.45766 -0.55634
dist/lin/ang/drive_left/drive_right/tv_l/tv_r/av_l/av_r/x/y/theta/t_err: -1.22068 -0.43180 0.06292 -0.07160 0.04071 -0.43203 -0.42861 -0.43203 -0.42861 48.05821 0.00032 178.98535 0.01772
target: -0.43180 0.00823
target: -0.43180 0.00823
fb: -0.07944 0.05463 -0.41896 -0.68131
fb: -0.15137 0.05079 -0.38299 -0.64535
dist/lin/ang/drive_left/drive_right/tv_l/tv_r/av_l/av_r/x/y/theta/t_err: -1.21765 -0.51816 -0.06648 -0.20217 -0.10058 -0.39561 -0.45053 -0.39561 -0.45053 47.93903 0.00189 179.45627 0.00953
target: -0.51816 -0.00870
target: -0.51816 -0.00870
fb: -0.20565 0.04585 -0.69165 -0.86095
fb: -0.23853 0.04167 -0.67521 -0.84451
dist/lin/ang/drive_left/drive_right/tv_l/tv_r/av_l/av_r/x/y/theta/t_err: -1.21288 -0.60452 -0.13166 -0.28020 -0.19687 -0.48647 -0.47003 -0.48647 -0.47003 47.75121 0.00301 179.84903 0.00270
target: -0.60452 -0.01722
target: -0.60452 -0.01722
fb: -0.29480 0.03609 -0.75783 -0.86302
fb: -0.37622 0.03310 -0.71712 -0.82231
dist/lin/ang/drive_left/drive_right/tv_l/tv_r/av_l/av_r/x/y/theta/t_err: -1.20536 -0.69088 -0.17517 -0.40932 -0.34313 -0.50975 -0.49158 -0.50975 -0.49158 47.45497 0.00294 180.15980 -0.00273
target: -0.69088 -0.02291
target: -0.69088 -0.02291
fb: -0.38770 0.03059 -0.79900 -0.88637
fb: -0.39741 0.02829 -0.79414 -0.88151
dist/lin/ang/drive_left/drive_right/tv_l/tv_r/av_l/av_r/x/y/theta/t_err: -1.19741 -0.77724 -0.22169 -0.42570 -0.36912 -0.48219 -0.56758 -0.48219 -0.56758 47.14206 0.00132 180.42206 -0.00734
target: -0.77724 -0.02900
target: -0.77724 -0.02900
fb: -0.45191 0.02717 -0.83971 -0.93885
fb: -0.48302 0.02097 -0.82415 -0.92330
dist/lin/ang/drive_left/drive_right/tv_l/tv_r/av_l/av_r/x/y/theta/t_err: -1.18775 -0.86360 -0.26101 -0.50400 -0.46205 -0.50392 -0.40381 -0.50392 -0.40381 46.76174 -0.00225 180.64196 -0.01125
target: -0.86360 -0.03414
target: -0.86360 -0.03414
fb: -0.51016 0.01191 -0.89004 -0.98767
fb: -0.51193 0.01254 -0.88916 -0.98679
dist/lin/ang/drive_left/drive_right/tv_l/tv_r/av_l/av_r/x/y/theta/t_err: -1.17751 -0.94996 -0.24812 -0.52447 -0.49939 -0.44058 -0.62864 -0.44058 -0.62864 46.35868 -0.00718 180.75908 -0.01340
target: -0.94996 -0.03246
target: -0.94996 -0.03246
fb: -0.57989 0.01589 -0.96571 -0.99967
fb: -0.64013 0.01637 -0.93559 -0.96955
dist/lin/ang/drive_left/drive_right/tv_l/tv_r/av_l/av_r/x/y/theta/t_err: -1.16471 -1.03632 -0.29676 -0.65651 -0.62376 -0.50647 -0.27908 -0.50647 -0.27908 45.85469 -0.01444 180.89847 -0.01600
target: -1.03632 -0.03882
target: -1.03632 -0.03882
fb: -0.69419 0.01031 -0.94674 -1.00000
fb: -0.74649 0.00899 -0.92059 -1.00000
dist/lin/ang/drive_left/drive_right/tv_l/tv_r/av_l/av_r/x/y/theta/t_err: -1.14978 -1.12268 -0.29915 -0.75548 -0.73750 -0.43736 -0.66922 -0.43736 -0.66922 45.26698 -0.02412 180.98346 -0.01770
target: -1.12268 -0.03913
target: -1.12268 -0.03913
fb: -0.66727 0.01951 -1.00000 -1.00000
fb: -0.68073 0.02160 -1.00000 -1.00000
dist/lin/ang/drive_left/drive_right/tv_l/tv_r/av_l/av_r/x/y/theta/t_err: -1.13617 -1.20904 -0.38508 -0.70233 -0.65913 -0.63739 -0.83722 -0.63739 -0.83722 44.73106 -0.03410 181.15667 -0.02095
target: -1.20904 -0.05037
target: -1.20904 -0.05037
fb: -0.75443 0.01380 -1.00000 -1.00000
fb: -0.77981 0.01136 -1.00000 -1.00000
dist/lin/ang/drive_left/drive_right/tv_l/tv_r/av_l/av_r/x/y/theta/t_err: -1.12058 -1.29540 -0.40086 -0.79117 -0.76845 -0.79272 -0.85228 -0.79272 -0.85228 44.11718 -0.04723 181.27982 -0.02341
target: -1.29540 -0.05244
target: -1.29540 -0.05244
fb: -0.84358 0.01254 -1.00000 -1.00000
fb: -0.82813 0.01066 -1.00000 -1.00000
dist/lin/ang/drive_left/drive_right/tv_l/tv_r/av_l/av_r/x/y/theta/t_err: -1.10402 -1.38176 -0.42285 -0.83879 -0.81747 -0.84956 -0.85586 -0.84956 -0.85586 43.46528 -0.06235 181.38001 -0.02552
target: -1.38176 -0.05531
target: -1.38176 -0.05531
fb: -0.87271 0.00648 -1.00000 -1.00000
fb: -1.00643 0.00432 -1.00000 -1.00000
dist/lin/ang/drive_left/drive_right/tv_l/tv_r/av_l/av_r/x/y/theta/t_err: -1.08390 -1.46812 -0.42892 -1.01075 -1.00211 -0.86956 -0.86942 -0.86956 -0.86942 42.67306 -0.08188 181.43765 -0.02701
target: -1.46812 -0.05611
target: -1.46812 -0.05611
fb: -1.00841 0.00314 -1.00000 -1.00000
fb: -1.02209 0.00453 -1.00000 -1.00000
dist/lin/ang/drive_left/drive_right/tv_l/tv_r/av_l/av_r/x/y/theta/t_err: -1.06346 -1.55448 -0.43875 -1.02662 -1.01757 -0.87947 -0.87742 -0.87947 -0.87742 41.86852 -0.10232 181.47589 -0.02820
target: -1.55448 -0.05739
target: -1.55448 -0.05739
fb: -1.04350 0.00948 -1.00000 -1.00000
fb: -1.25864 0.01115 -1.00000 -1.00000
dist/lin/ang/drive_left/drive_right/tv_l/tv_r/av_l/av_r/x/y/theta/t_err: -1.03830 -1.64084 -0.49382 -1.26979 -1.24749 -0.88428 -0.88292 -0.88428 -0.88292 40.87781 -0.12861 181.55876 -0.03035
target: -1.64084 -0.06460
target: -1.64084 -0.06460
fb: -1.11896 0.00899 -1.00000 -1.00000
fb: -0.95038 0.00982 -1.00000 -1.00000
dist/lin/ang/drive_left/drive_right/tv_l/tv_r/av_l/av_r/x/y/theta/t_err: -1.01930 -1.68961 -0.52145 -0.96020 -0.94056 -0.88533 -0.88258 -0.88533 -0.88258 40.12977 -0.14958 181.64347 -0.03241
target: -1.68961 -0.06821
target: -1.68961 -0.06821
fb: -1.15780 0.00732 -1.00000 -1.00000
fb: -1.22179 0.00648 -1.00000 -1.00000
dist/lin/ang/drive_left/drive_right/tv_l/tv_r/av_l/av_r/x/y/theta/t_err: -0.99488 -1.68418 -0.55047 -1.22827 -1.21531 -0.87744 -0.87472 -0.87744 -0.87472 39.16815 -0.17777 181.71376 -0.03445
target: -1.68418 -0.07201
target: -1.68418 -0.07201
fb: -1.24893 0.00843 -0.88167 -1.00000
fb: -1.29152 0.00878 -0.86038 -0.99726
dist/lin/ang/drive_left/drive_right/tv_l/tv_r/av_l/av_r/x/y/theta/t_err: -0.96907 -1.67820 -0.58829 -1.30030 -1.28274 -0.70633 -0.79103 -0.70633 -0.79103 38.15168 -0.20888 181.78889 -0.03670
target: -1.67820 -0.07695
target: -1.67820 -0.07695
fb: -1.36544 0.00773 -0.80731 -0.96119
fb: -1.32859 0.00000 -0.82574 -0.97961
dist/lin/ang/drive_left/drive_right/tv_l/tv_r/av_l/av_r/x/y/theta/t_err: -0.94251 -1.67355 -0.60133 -1.32859 -1.32859 -0.71453 -0.73219 -0.71453 -0.73219 37.10607 -0.24202 181.82929 -0.03845
target: -1.67355 -0.07866
target: -1.67355 -0.07866
fb: -1.62516 -0.00418 -0.69198 -0.81896
fb: -1.34404 -0.00850 -0.83254 -0.95952
dist/lin/ang/drive_left/drive_right/tv_l/tv_r/av_l/av_r/x/y/theta/t_err: -0.91565 -1.67309 -0.56443 -1.33554 -1.35254 -0.70239 -0.76125 -0.70239 -0.76125 36.04830 -0.27549 181.77516 -0.03862
target: -1.67309 -0.07383
target: -1.67309 -0.07383
fb: -1.07836 -0.00718 -1.00000 -1.00000
fb: -1.45635 -0.00676 -0.82532 -0.88704
dist/lin/ang/drive_left/drive_right/tv_l/tv_r/av_l/av_r/x/y/theta/t_err: -0.88655 -1.67351 -0.55379 -1.44959 -1.46311 -0.75578 -0.78075 -0.75578 -0.78075 34.90209 -0.31022 181.69468 -0.03847
target: -1.67351 -0.07244
target: -1.67351 -0.07244
fb: -1.38464 -0.01338 -0.85057 -0.94134
fb: -1.37691 -0.01456 -0.85444 -0.94520
dist/lin/ang/drive_left/drive_right/tv_l/tv_r/av_l/av_r/x/y/theta/t_err: -0.85903 -1.67636 -0.51521 -1.36235 -1.39148 -0.79567 -0.80114 -0.79567 -0.80114 33.81835 -0.34106 181.56440 -0.03739
target: -1.67636 -0.06739
target: -1.67636 -0.06739
fb: -1.53601 -0.01958 -0.80705 -0.85817
fb: -1.51659 -0.02341 -0.81676 -0.86788
dist/lin/ang/drive_left/drive_right/tv_l/tv_r/av_l/av_r/x/y/theta/t_err: -0.82872 -1.68134 -0.46813 -1.49318 -1.54000 -0.77581 -0.79531 -0.77581 -0.79531 32.62458 -0.37187 181.38181 -0.03552
target: -1.68134 -0.06124
target: -1.68134 -0.06124
fb: -1.48548 -0.02376 -0.85446 -0.88732
fb: -1.52829 -0.01993 -0.83306 -0.86592
dist/lin/ang/drive_left/drive_right/tv_l/tv_r/av_l/av_r/x/y/theta/t_err: -0.79817 -1.68648 -0.43877 -1.50836 -1.54821 -0.76161 -0.82833 -0.76161 -0.82833 31.42151 -0.39889 181.19700 -0.03359
target: -1.68648 -0.05739
target: -1.68648 -0.05739
fb: -1.54572 -0.01756 -0.82181 -0.87039
fb: -1.62339 -0.01867 -0.78297 -0.83155
dist/lin/ang/drive_left/drive_right/tv_l/tv_r/av_l/av_r/x/y/theta/t_err: -0.76572 -1.69016 -0.43241 -1.60472 -1.64206 -0.77014 -0.78744 -0.77014 -0.78744 30.14349 -0.42386 181.03955 -0.03220
target: -1.69016 -0.05656
target: -1.69016 -0.05656
fb: -1.55168 -0.02292 -0.80340 -0.87796
fb: -1.48173 -0.02418 -0.83838 -0.91293
dist/lin/ang/drive_left/drive_right/tv_l/tv_r/av_l/av_r/x/y/theta/t_err: -0.73610 -1.69670 -0.37046 -1.45755 -1.50590 -0.77119 -0.80200 -0.77119 -0.80200 28.97693 -0.44290 180.82951 -0.02976
target: -1.69670 -0.04846
target: -1.69670 -0.04846
fb: -1.59801 -0.02467 -0.83573 -0.83398
fb: -1.59801 -0.02536 -0.83573 -0.83398
dist/lin/ang/drive_left/drive_right/tv_l/tv_r/av_l/av_r/x/y/theta/t_err: -0.70415 -1.70337 -0.33325 -1.57265 -1.62338 -0.80864 -0.80967 -0.80864 -0.80967 27.71876 -0.45880 180.61435 -0.02727
target: -1.70337 -0.04359
target: -1.70337 -0.04359
fb: -1.97027 -0.02397 -0.64496 -0.66581
fb: -2.05566 -0.02014 -0.60226 -0.62311
dist/lin/ang/drive_left/drive_right/tv_l/tv_r/av_l/av_r/x/y/theta/t_err: -0.66305 -1.70862 -0.31846 -2.03553 -2.07580 -0.68803 -0.70789 -0.68803 -0.70789 26.10019 -0.47348 180.41164 -0.02532
target: -1.70862 -0.04166
target: -1.70862 -0.04166
fb: -1.64855 -0.01895 -0.79297 -0.83764
fb: -1.24893 -0.01902 -0.99277 -1.00000
dist/lin/ang/drive_left/drive_right/tv_l/tv_r/av_l/av_r/x/y/theta/t_err: -0.63808 -1.71414 -0.28631 -1.22991 -1.26795 -0.76144 -0.76281 -0.76144 -0.76281 25.11680 -0.47927 180.24046 -0.02328
target: -1.71414 -0.03745
target: -1.71414 -0.03745
fb: -1.65230 -0.01965 -0.81028 -0.82888
fb: -1.98218 -0.01826 -0.64533 -0.66393
dist/lin/ang/drive_left/drive_right/tv_l/tv_r/av_l/av_r/x/y/theta/t_err: -0.59845 -1.71783 -0.28362 -1.96393 -2.00044 -0.77614 -0.76503 -0.77614 -0.76503 23.55603 -0.48377 180.07893 -0.02191
target: -1.71783 -0.03710
target: -1.71783 -0.03710
fb: -1.59824 -0.01777 -0.81623 -0.86903
fb: -1.21407 -0.01623 -1.00000 -1.00000
dist/lin/ang/drive_left/drive_right/tv_l/tv_r/av_l/av_r/x/y/theta/t_err: -0.57417 -1.72222 -0.25372 -1.19783 -1.23030 -0.77256 -0.78469 -0.77256 -0.78469 22.60007 -0.48407 179.93558 -0.02029
target: -1.72222 -0.03319
target: -1.72222 -0.03319
fb: -1.63685 -0.01345 -0.82236 -0.83789
fb: -1.94908 -0.01310 -0.66624 -0.68178
dist/lin/ang/drive_left/drive_right/tv_l/tv_r/av_l/av_r/x/y/theta/t_err: -0.53520 -1.67626 -0.27705 -1.93599 -1.96218 -0.75719 -0.76211 -0.75719 -0.76211 21.06536 -0.48106 179.82948 -0.01986
target: -1.67626 -0.03624
target: -1.67626 -0.03624
fb: -1.64656 -0.01296 -0.54083 -0.62310
fb: -1.71629 -0.01226 -0.50596 -0.58824
dist/lin/ang/drive_left/drive_right/tv_l/tv_r/av_l/av_r/x/y/theta/t_err: -0.50088 -1.62366 -0.25638 -1.70403 -1.72855 -0.61789 -0.64472 -0.61789 -0.64472 19.71397 -0.47572 179.70961 -0.01906
target: -1.62366 -0.03354
target: -1.62366 -0.03354
fb: -1.65230 -0.01373 -0.49125 -0.51804
fb: -1.64082 -0.01526 -0.49698 -0.52378
dist/lin/ang/drive_left/drive_right/tv_l/tv_r/av_l/av_r/x/y/theta/t_err: -0.46807 -1.57179 -0.24112 -1.62556 -1.65608 -0.52975 -0.56722 -0.52975 -0.56722 18.42200 -0.46783 179.58614 -0.01817
target: -1.57179 -0.03154
target: -1.57179 -0.03154
fb: -1.66598 -0.01345 -0.43818 -0.46862
fb: -1.66002 -0.01150 -0.44116 -0.47160
dist/lin/ang/drive_left/drive_right/tv_l/tv_r/av_l/av_r/x/y/theta/t_err: -0.43487 -1.51645 -0.23984 -1.64852 -1.67152 -0.48183 -0.51658 -0.48183 -0.51658 17.11494 -0.45716 179.47659 -0.01757
target: -1.51645 -0.03137
target: -1.51645 -0.03137
fb: -1.53976 -0.01024 -0.42892 -0.47556
fb: -1.59802 -0.01575 -0.39980 -0.44643
dist/lin/ang/drive_left/drive_right/tv_l/tv_r/av_l/av_r/x/y/theta/t_err: -0.40292 -1.46103 -0.23137 -1.58227 -1.61376 -0.51161 -0.53469 -0.51161 -0.53469 15.85673 -0.44454 179.36688 -0.01698
target: -1.46103 -0.03027
target: -1.46103 -0.03027
fb: -1.53800 -0.01812 -0.38397 -0.42061
fb: -1.45856 -0.01651 -0.42369 -0.46033
dist/lin/ang/drive_left/drive_right/tv_l/tv_r/av_l/av_r/x/y/theta/t_err: -0.37375 -1.41037 -0.18902 -1.44205 -1.47507 -0.46814 -0.51639 -0.46814 -0.51639 14.70835 -0.43031 179.21407 -0.01553
target: -1.41037 -0.02473
target: -1.41037 -0.02473
fb: -1.45260 -0.01505 -0.42316 -0.41246
fb: -1.45260 -0.01540 -0.42316 -0.41246
dist/lin/ang/drive_left/drive_right/tv_l/tv_r/av_l/av_r/x/y/theta/t_err: -0.34470 -1.35637 -0.18960 -1.43720 -1.46800 -0.46969 -0.48372 -0.46969 -0.48372 13.56469 -0.41337 179.09270 -0.01463
target: -1.35637 -0.02480
target: -1.35637 -0.02480
fb: -1.51085 -0.02028 -0.30622 -0.34611
fb: -1.42149 -0.02439 -0.35090 -0.39080
dist/lin/ang/drive_left/drive_right/tv_l/tv_r/av_l/av_r/x/y/theta/t_err: -0.31628 -1.30333 -0.13305 -1.39710 -1.44587 -0.43683 -0.44744 -0.43683 -0.44744 12.44558 -0.39404 178.91007 -0.01263
target: -1.30333 -0.01740
target: -1.30333 -0.01740
fb: -1.34205 -0.02278 -0.38473 -0.34741
fb: -1.37316 -0.01888 -0.36917 -0.33186
dist/lin/ang/drive_left/drive_right/tv_l/tv_r/av_l/av_r/x/y/theta/t_err: -0.28881 -1.24977 -0.09647 -1.35428 -1.39205 -0.41956 -0.42417 -0.41956 -0.42417 11.36458 -0.37167 178.72469 -0.01043
target: -1.24977 -0.01262
target: -1.24977 -0.01262
fb: -1.34779 -0.01735 -0.32240 -0.30212
fb: -1.28380 -0.01658 -0.35439 -0.33412
dist/lin/ang/drive_left/drive_right/tv_l/tv_r/av_l/av_r/x/y/theta/t_err: -0.26314 -1.19605 -0.08549 -1.26721 -1.30038 -0.39750 -0.38756 -0.39750 -0.38756 10.35400 -0.34789 178.57803 -0.00877
target: -1.19605 -0.01118
target: -1.19605 -0.01118
fb: -1.17920 -0.01407 -0.34304 -0.35095
fb: -1.21010 -0.01010 -0.32759 -0.33551
dist/lin/ang/drive_left/drive_right/tv_l/tv_r/av_l/av_r/x/y/theta/t_err: -0.23894 -1.14183 -0.08074 -1.19999 -1.22020 -0.36925 -0.37406 -0.36925 -0.37406 9.40148 -0.32322 178.46608 -0.00759
target: -1.14183 -0.01056
target: -1.14183 -0.01056
fb: -1.22753 -0.00523 -0.26422 -0.27858
fb: -1.11521 -0.00474 -0.32037 -0.33474
dist/lin/ang/drive_left/drive_right/tv_l/tv_r/av_l/av_r/x/y/theta/t_err: -0.21664 -1.08741 -0.10589 -1.11047 -1.11995 -0.33914 -0.34411 -0.33914 -0.34411 8.52369 -0.29931 178.41781 -0.00749
target: -1.08741 -0.01385
target: -1.08741 -0.01385
fb: -1.12095 -0.00578 -0.24737 -0.30129
fb: -1.11896 -0.00746 -0.24836 -0.30229
dist/lin/ang/drive_left/drive_right/tv_l/tv_r/av_l/av_r/x/y/theta/t_err: -0.19426 -1.02989 -0.10428 -1.11151 -1.12642 -0.31125 -0.33828 -0.31125 -0.33828 7.64296 -0.27462 178.36497 -0.00738
target: -1.02989 -0.01364
target: -1.02989 -0.01364
fb: -1.04924 -0.00725 -0.23429 -0.25639
fb: -1.08233 -0.01017 -0.21774 -0.23984
dist/lin/ang/drive_left/drive_right/tv_l/tv_r/av_l/av_r/x/y/theta/t_err: -0.17261 -0.98211 -0.09212 -1.07216 -1.09251 -0.27822 -0.30303 -0.27822 -0.30303 6.79109 -0.24979 178.29469 -0.00700
target: -0.98211 -0.01205
target: -0.98211 -0.01205
fb: -1.02982 -0.01205 -0.24673 -0.25424
fb: -0.95788 -0.01449 -0.28270 -0.29021
dist/lin/ang/drive_left/drive_right/tv_l/tv_r/av_l/av_r/x/y/theta/t_err: -0.15345 -0.92600 -0.02710 -0.94339 -0.97237 -0.26333 -0.27808 -0.26333 -0.27808 6.03721 -0.22666 178.18673 -0.00512
target: -0.92600 -0.00355
target: -0.92600 -0.00355
fb: -0.93295 -0.01359 -0.24753 -0.18137
fb: -0.88242 -0.01164 -0.27280 -0.20664
dist/lin/ang/drive_left/drive_right/tv_l/tv_r/av_l/av_r/x/y/theta/t_err: -0.13580 -0.87113 0.00378 -0.87078 -0.89405 -0.26453 -0.24778 -0.26453 -0.24778 5.34276 -0.20396 178.07360 -0.00314
target: -0.87113 0.00049
target: -0.87113 0.00049
fb: -0.87072 -0.01212 -0.21623 -0.18480
fb: -0.83211 -0.01164 -0.23554 -0.20411
dist/lin/ang/drive_left/drive_right/tv_l/tv_r/av_l/av_r/x/y/theta/t_err: -0.11916 -0.81601 0.02318 -0.82047 -0.84374 -0.24811 -0.21836 -0.24811 -0.21836 4.68795 -0.18137 177.97387 -0.00140
target: -0.81601 0.00303
target: -0.81601 0.00303
fb: -0.80298 -0.00759 -0.19385 -0.17249
fb: -0.78533 -0.00153 -0.20268 -0.18132
dist/lin/ang/drive_left/drive_right/tv_l/tv_r/av_l/av_r/x/y/theta/t_err: -0.10346 -0.76034 0.01337 -0.78379 -0.78686 -0.22344 -0.20294 -0.22344 -0.20294 4.06998 -0.15918 177.92497 -0.00055
target: -0.76034 0.00175
target: -0.76034 0.00175
fb: -0.75443 0.00404 -0.14711 -0.16182
fb: -0.71758 0.00620 -0.16554 -0.18024
dist/lin/ang/drive_left/drive_right/tv_l/tv_r/av_l/av_r/x/y/theta/t_err: -0.08910 -0.70563 -0.03697 -0.72379 -0.71138 -0.18822 -0.18700 -0.18822 -0.18700 3.50532 -0.13889 177.96705 -0.00128
target: -0.70563 -0.00484
target: -0.70563 -0.00484
fb: -0.69044 0.00690 -0.10488 -0.17609
fb: -0.65756 0.00690 -0.12132 -0.19253
dist/lin/ang/drive_left/drive_right/tv_l/tv_r/av_l/av_r/x/y/theta/t_err: -0.07595 -0.65148 -0.06120 -0.66446 -0.65067 -0.14528 -0.19300 -0.14528 -0.19300 2.98787 -0.12080 178.02882 -0.00236
target: -0.65148 -0.00801
target: -0.65148 -0.00801
fb: -0.62822 0.00578 -0.10213 -0.14679
fb: -0.57592 0.00063 -0.12828 -0.17294
dist/lin/ang/drive_left/drive_right/tv_l/tv_r/av_l/av_r/x/y/theta/t_err: -0.06443 -0.60005 -0.06167 -0.57655 -0.57529 -0.13400 -0.17525 -0.13400 -0.17525 2.53465 -0.10539 178.06860 -0.00306
target: -0.60005 -0.00807
target: -0.60005 -0.00807
fb: -0.55474 -0.00773 -0.11685 -0.13359
fb: -0.57791 -0.01275 -0.10527 -0.12201
dist/lin/ang/drive_left/drive_right/tv_l/tv_r/av_l/av_r/x/y/theta/t_err: -0.05288 -0.54357 0.00568 -0.56516 -0.59066 -0.12372 -0.15283 -0.12372 -0.15283 2.07987 -0.08982 177.99608 -0.00179
target: -0.54357 0.00074
target: -0.54357 0.00074
fb: -0.54304 -0.01435 -0.09692 0.10588
fb: -0.50619 -0.01477 -0.11534 0.08746
dist/lin/ang/drive_left/drive_right/tv_l/tv_r/av_l/av_r/x/y/theta/t_err: -0.04275 -0.48878 0.05913 -0.49142 -0.52096 -0.12117 0.02325 -0.12117 0.02325 1.68155 -0.07546 177.87265 0.00036
target: -0.48878 0.00774
target: -0.48878 0.00774
fb: -0.45963 -0.01324 -0.16150 -0.09310
fb: -0.41307 -0.00327 -0.18478 -0.11638
dist/lin/ang/drive_left/drive_right/tv_l/tv_r/av_l/av_r/x/y/theta/t_err: -0.03449 -0.43902 0.06446 -0.40980 -0.41635 -0.16633 -0.07378 -0.16633 -0.07378 1.35653 -0.06309 177.78681 0.00186
target: -0.43902 0.00843
target: -0.43902 0.00843
fb: -0.37225 0.01178 -0.14412 -0.13145
fb: -0.32393 0.02571 -0.16828 -0.15561
dist/lin/ang/drive_left/drive_right/tv_l/tv_r/av_l/av_r/x/y/theta/t_err: -0.02801 -0.39565 -0.06646 -0.34964 -0.29822 -0.15692 -0.13483 -0.15692 -0.13483 1.10165 -0.05347 177.92237 -0.00050
target: -0.39565 -0.00869
target: -0.39565 -0.00869
fb: -0.34136 0.03226 -0.04291 -0.21358
fb: -0.37821 0.03045 0.05356 -0.19515
dist/lin/ang/drive_left/drive_right/tv_l/tv_r/av_l/av_r/x/y/theta/t_err: -0.02045 -0.33802 -0.19684 -0.40866 -0.34776 -0.04208 -0.18514 -0.04208 -0.18514 0.80402 -0.04339 178.19729 -0.00530
target: -0.33802 -0.02575
target: -0.33802 -0.02575
fb: -0.36276 0.02585 0.13558 -0.13535
fb: -0.34335 0.01944 0.12588 -0.14506
dist/lin/ang/drive_left/drive_right/tv_l/tv_r/av_l/av_r/x/y/theta/t_err: -0.01358 -0.27545 -0.22436 -0.36279 -0.32391 0.09461 -0.15056 0.09461 -0.15056 0.53379 -0.03543 178.41121 -0.00904
target: -0.27545 -0.02935
target: -0.27545 -0.02935
fb: -0.30826 0.00279 0.11451 0.04768
fb: -0.26766 -0.01658 0.09420 -0.06046
dist/lin/ang/drive_left/drive_right/tv_l/tv_r/av_l/av_r/x/y/theta/t_err: -0.00822 -0.21438 -0.11971 -0.25108 -0.28424 0.09806 -0.03217 0.09806 -0.03217 0.32311 -0.02963 178.39480 -0.00875
target: -0.21438 -0.01566
target: -0.21438 -0.01566
fb: -0.23280 -0.03386 0.03993 0.14705
fb: -0.18800 -0.04870 -0.06051 0.12465
dist/lin/ang/drive_left/drive_right/tv_l/tv_r/av_l/av_r/x/y/theta/t_err: -0.00447 -0.00112 0.09611 -0.13930 -0.23671 0.00256 0.08281 0.00256 0.08281 0.17515 -0.02512 178.07137 -0.00310
target: -0.00112 0.01257
target: -0.00112 0.01257
fb: -0.17829 -0.06194 0.32968 0.60550
fb: -0.16285 -0.06487 0.32968 0.60550
dist/lin/ang/drive_left/drive_right/tv_l/tv_r/av_l/av_r/x/y/theta/t_err: -0.00122 -0.00030 0.32775 -0.09798 -0.22771 0.21064 0.38397 0.21064 0.38397 0.04701 -0.02024 177.53067 0.00633
target: -0.00030 0.04287
target: -0.00030 0.04287
fb: -0.12423 -0.04877 -0.20259 0.21051
fb: -0.07767 -0.03031 -0.20259 0.21051
dist/lin/ang/drive_left/drive_right/tv_l/tv_r/av_l/av_r/x/y/theta/t_err: 0.00034 0.00008 0.35399 -0.04736 -0.10798 -0.09156 0.22928 -0.09156 0.22928 -0.01408 -0.01742 177.15038 0.01297
target: 0.00008 0.04631
target: 0.00008 0.04631
fb: -0.02714 -0.01909 -0.08469 0.09120
fb: 0.00000 0.00084 -0.08469 0.09120
dist/lin/ang/drive_left/drive_right/tv_l/tv_r/av_l/av_r/x/y/theta/t_err: 0.00033 0.00008 0.26721 -0.00084 0.00084 -0.10731 0.12628 -0.10731 0.12628 -0.01408 -0.01742 177.03557 0.01497
target: 0.00008 0.03495
target: 0.00008 0.03495
fb: -0.00199 0.01923 0.06672 -0.07155
fb: -0.00199 0.02975 0.06672 -0.07155
increased slew to 4.57200
increased slew to 4.69900
increased slew to 4.82600
increased slew to 4.95300
increased slew to 5.08000
increased slew to 5.20700
increased slew to 5.33400
increased slew to 5.46100
increased slew to 5.58800
increased slew to 5.71500
increased slew to 5.84200
increased slew to 5.96900
increased slew to 6.09600
increased slew to 6.22300
start is 0.00000 0.00000
dist/lin/ang/drive_left/drive_right/tv_l/tv_r/av_l/av_r/x/y/theta/t_err: 1.21920 0.12446 0.00001 0.00000 0.00000 0.00000 0.00000 0.00000 0.00000 0.00000 0.00000 -0.00004 0.00000
target: 0.12446 0.00000
target: 0.12446 0.00000
fb: 0.00000 0.00000 0.33399 0.33889
fb: 0.00000 0.00000 0.33399 0.33889
dist/lin/ang/drive_left/drive_right/tv_l/tv_r/av_l/av_r/x/y/theta/t_err: 1.21920 0.24892 -0.00006 0.00000 0.00000 0.05631 0.07119 0.05631 0.07119 0.00000 0.00000 0.00006 -0.00000
target: 0.24892 -0.00001
target: 0.24892 -0.00001
fb: 0.00000 0.00000 0.50455 0.50935
fb: 0.00000 0.00000 0.50455 0.50935
dist/lin/ang/drive_left/drive_right/tv_l/tv_r/av_l/av_r/x/y/theta/t_err: 1.21920 0.37338 0.00012 0.00000 0.00000 0.32186 0.29944 0.32186 0.29944 0.00000 0.00000 -0.00014 0.00000
target: 0.37338 0.00002
target: 0.37338 0.00002
fb: 0.00000 0.00808 0.61267 0.61780
fb: 0.02516 0.00836 0.60009 0.60522
dist/lin/ang/drive_left/drive_right/tv_l/tv_r/av_l/av_r/x/y/theta/t_err: 1.21920 0.49784 -0.02081 0.01679 0.03352 0.43358 0.45514 0.43358 0.45514 0.00000 0.00000 0.03002 -0.00052
target: 0.49784 -0.00272
target: 0.49784 -0.00272
fb: 0.10481 0.00216 0.68280 0.65941
fb: 0.20367 0.00000 0.63337 0.60998
dist/lin/ang/drive_left/drive_right/tv_l/tv_r/av_l/av_r/x/y/theta/t_err: 1.21710 0.62230 -0.04521 0.20367 0.20367 0.37644 0.48697 0.37644 0.48697 0.08253 0.00010 0.08425 -0.00147
target: 0.62230 -0.00591
target: 0.62230 -0.00591
fb: 0.24626 -0.00153 1.00000 0.98767
fb: 0.26766 -0.00216 1.00000 0.97697
dist/lin/ang/drive_left/drive_right/tv_l/tv_r/av_l/av_r/x/y/theta/t_err: 1.21218 0.74676 -0.02024 0.26982 0.26550 0.46781 0.41717 0.46781 0.41717 0.27643 0.00038 0.08208 -0.00144
target: 0.74676 -0.00265
target: 0.74676 -0.00265
fb: 0.30451 -0.00516 1.00000 1.00000
fb: 0.32967 -0.00676 1.00000 1.00000
dist/lin/ang/drive_left/drive_right/tv_l/tv_r/av_l/av_r/x/y/theta/t_err: 1.20609 0.87122 -0.00704 0.33642 0.32291 0.66922 0.41269 0.66922 0.41269 0.51620 0.00069 0.06146 -0.00109
target: 0.87122 -0.00092
target: 0.87122 -0.00092
fb: 0.38020 -0.00920 1.00000 1.00000
fb: 0.43845 -0.00989 1.00000 1.00000
dist/lin/ang/drive_left/drive_right/tv_l/tv_r/av_l/av_r/x/y/theta/t_err: 1.19848 0.99568 0.02743 0.44834 0.42856 0.76058 0.69386 0.76058 0.69386 0.81557 0.00086 -0.00140 0.00001
target: 0.99568 0.00359
target: 0.99568 0.00359
fb: 0.46934 -0.00787 1.00000 1.00000
fb: 0.53907 -0.00606 1.00000 1.00000
dist/lin/ang/drive_left/drive_right/tv_l/tv_r/av_l/av_r/x/y/theta/t_err: 1.18910 1.12014 0.05720 0.54513 0.53301 0.82014 0.76039 0.82014 0.76039 1.18513 0.00057 -0.08368 0.00145
target: 1.12014 0.00748
target: 1.12014 0.00748
fb: 0.58938 -0.00801 1.00000 1.00000
fb: 0.66705 -0.01038 1.00000 1.00000
dist/lin/ang/drive_left/drive_right/tv_l/tv_r/av_l/av_r/x/y/theta/t_err: 1.17731 1.24460 0.06441 0.67743 0.65667 0.83703 0.81431 0.83703 0.81431 1.64921 -0.00034 -0.14515 0.00254
target: 1.24460 0.00842
target: 1.24460 0.00842
fb: 0.76613 -0.01038 1.00000 1.00000
fb: 0.76414 -0.01031 1.00000 1.00000
dist/lin/ang/drive_left/drive_right/tv_l/tv_r/av_l/av_r/x/y/theta/t_err: 1.16199 1.36906 0.09898 0.77446 0.75383 0.84697 0.83675 0.84697 0.83675 2.25246 -0.00232 -0.23220 0.00410
target: 1.36906 0.01295
target: 1.36906 0.01295
fb: 0.78158 -0.01108 1.00000 1.00000
fb: 0.86300 -0.01261 1.00000 1.00000
dist/lin/ang/drive_left/drive_right/tv_l/tv_r/av_l/av_r/x/y/theta/t_err: 1.14636 1.49352 0.12504 0.87561 0.85039 0.85247 0.84458 0.85247 0.84458 2.86786 -0.00530 -0.32261 0.00575
target: 1.49352 0.01636
target: 1.49352 0.01636
fb: 0.88440 -0.01352 1.00000 1.00000
fb: 0.94266 -0.01394 1.00000 1.00000
dist/lin/ang/drive_left/drive_right/tv_l/tv_r/av_l/av_r/x/y/theta/t_err: 1.12867 1.61798 0.16253 0.95659 0.92872 0.85708 0.85264 0.85708 0.85264 3.56423 -0.00985 -0.43037 0.00773
target: 1.61798 0.02126
target: 1.61798 0.02126
fb: 0.97553 -0.00948 1.00000 1.00000
fb: 1.03555 -0.00439 1.00000 1.00000
dist/lin/ang/drive_left/drive_right/tv_l/tv_r/av_l/av_r/x/y/theta/t_err: 1.10916 1.74244 0.19215 1.03994 1.03116 0.86428 0.85758 0.86428 0.85758 4.33234 -0.01637 -0.53627 0.00973
target: 1.74244 0.02514
target: 1.74244 0.02514
fb: 1.15184 -0.00327 1.00000 1.00000
fb: 1.15405 -0.00146 1.00000 1.00000
dist/lin/ang/drive_left/drive_right/tv_l/tv_r/av_l/av_r/x/y/theta/t_err: 1.08612 1.74864 0.17693 1.15551 1.15259 0.86975 0.86325 0.86975 0.86325 5.23926 -0.02521 -0.57433 0.01061
target: 1.74864 0.02314
target: 1.74864 0.02314
fb: 1.18516 0.00000 1.00000 1.00000
fb: 1.27409 0.00125 1.00000 1.00000
dist/lin/ang/drive_left/drive_right/tv_l/tv_r/av_l/av_r/x/y/theta/t_err: 1.06242 1.74743 0.17244 1.27283 1.27534 0.87914 0.87042 0.87914 0.87042 6.17241 -0.03469 -0.58589 0.01105
target: 1.74743 0.02256
target: 1.74743 0.02256
fb: 1.27012 -0.00118 0.99844 1.00000
fb: 1.21407 -0.00341 1.00000 1.00000
dist/lin/ang/drive_left/drive_right/tv_l/tv_r/av_l/av_r/x/y/theta/t_err: 1.03702 1.74696 0.16822 1.21748 1.21065 0.89217 0.88908 0.89217 0.88908 7.17245 -0.04483 -0.58035 0.01123
target: 1.74696 0.02200
target: 1.74696 0.02200
fb: 1.31888 -0.00411 0.97680 1.00000
fb: 1.45061 0.00502 0.91093 0.94173
dist/lin/ang/drive_left/drive_right/tv_l/tv_r/av_l/av_r/x/y/theta/t_err: 1.01064 1.74476 0.19565 1.44560 1.45563 0.78231 0.89731 0.78231 0.89731 8.21088 -0.05559 -0.60912 0.01203
target: 1.74476 0.02559
target: 1.74476 0.02559
fb: 1.44488 0.01421 0.88386 0.95673
fb: 1.37515 0.01930 0.91873 0.99159
dist/lin/ang/drive_left/drive_right/tv_l/tv_r/av_l/av_r/x/y/theta/t_err: 0.98175 1.74699 0.14334 1.35585 1.39445 0.74861 0.71403 0.74861 0.71403 9.34852 -0.06724 -0.54280 0.01121
target: 1.74699 0.01875
target: 1.74699 0.01875
fb: 1.40604 0.01707 0.97457 0.94440
fb: 1.47202 0.01449 0.94158 0.91141
dist/lin/ang/drive_left/drive_right/tv_l/tv_r/av_l/av_r/x/y/theta/t_err: 0.95363 1.75376 0.06619 1.45753 1.48651 0.77514 0.72003 0.77514 0.72003 10.45560 -0.07614 -0.38518 0.00875
target: 1.75376 0.00866
target: 1.75376 0.00866
fb: 1.44863 0.00982 0.99896 0.92604
fb: 1.46032 0.00836 0.99312 0.92019
dist/lin/ang/drive_left/drive_right/tv_l/tv_r/av_l/av_r/x/y/theta/t_err: 0.92466 1.75869 0.05698 1.45196 1.46868 0.78403 0.74586 0.78403 0.74586 11.59624 -0.08258 -0.26900 0.00696
target: 1.75869 0.00745
target: 1.75869 0.00745
fb: 1.45657 0.00418 0.95293 0.95837
fb: 1.51858 0.00000 0.92193 0.92737
dist/lin/ang/drive_left/drive_right/tv_l/tv_r/av_l/av_r/x/y/theta/t_err: 0.89553 1.76099 0.06870 1.51858 1.51858 0.80525 0.80164 0.80525 0.80164 12.74314 -0.08732 -0.20938 0.00613
target: 1.76099 0.00899
target: 1.76099 0.00899
fb: 1.47577 0.00098 0.92156 0.95370
fb: 1.54572 0.00160 0.88659 0.91872
dist/lin/ang/drive_left/drive_right/tv_l/tv_r/av_l/av_r/x/y/theta/t_err: 0.86601 1.76099 0.08953 1.54412 1.54732 0.82525 0.78367 0.82525 0.78367 13.90515 -0.09143 -0.19766 0.00613
target: 1.76099 0.01171
target: 1.76099 0.01171
fb: 1.67194 0.00000 0.80709 0.85360
fb: 1.57286 -0.00418 0.85663 0.90314
dist/lin/ang/drive_left/drive_right/tv_l/tv_r/av_l/av_r/x/y/theta/t_err: 0.83257 1.76069 0.09381 1.57704 1.56868 0.81431 0.79411 0.81431 0.79411 15.22163 -0.09587 -0.18994 0.00624
target: 1.76069 0.01227
target: 1.76069 0.01227
fb: 1.56116 -0.00509 0.87037 0.89816
fb: 1.50865 -0.00509 0.89663 0.92441
dist/lin/ang/drive_left/drive_right/tv_l/tv_r/av_l/av_r/x/y/theta/t_err: 0.80135 1.75836 0.12451 1.51373 1.50356 0.79494 0.79086 0.79494 0.79086 16.45088 -0.10025 -0.22378 0.00708
target: 1.75836 0.01629
target: 1.75836 0.01629
fb: 1.54748 -0.00801 0.84874 0.91299
fb: 1.65252 -0.01205 0.79622 0.86047
dist/lin/ang/drive_left/drive_right/tv_l/tv_r/av_l/av_r/x/y/theta/t_err: 0.77040 1.75510 0.15030 1.66457 1.64046 0.78728 0.81397 0.78728 0.81397 17.66936 -0.10553 -0.27432 0.00827
target: 1.75510 0.01966
target: 1.75510 0.01966
fb: 1.66223 -0.01052 0.78528 0.84828
fb: 1.63862 -0.00815 0.79708 0.86008
dist/lin/ang/drive_left/drive_right/tv_l/tv_r/av_l/av_r/x/y/theta/t_err: 0.73716 1.74937 0.20316 1.64677 1.63046 0.78386 0.76161 0.78386 0.76161 18.97818 -0.11289 -0.37012 0.01035
target: 1.74937 0.02658
target: 1.74937 0.02658
fb: 1.64833 -0.00934 0.75657 0.86071
fb: 1.71055 -0.00850 0.72546 0.82960
dist/lin/ang/drive_left/drive_right/tv_l/tv_r/av_l/av_r/x/y/theta/t_err: 0.70420 1.74428 0.22443 1.71905 1.70205 0.77392 0.81858 0.77392 0.81858 20.27605 -0.12214 -0.44667 0.01220
target: 1.74428 0.02936
target: 1.74428 0.02936
fb: 1.66024 -0.00704 0.76531 0.83598
fb: 1.64855 -0.00376 0.77116 0.84182
dist/lin/ang/drive_left/drive_right/tv_l/tv_r/av_l/av_r/x/y/theta/t_err: 0.67099 1.73937 0.24925 1.65231 1.64478 0.73647 0.79464 0.73647 0.79464 21.58328 -0.13309 -0.51331 0.01400
target: 1.73937 0.03260
target: 1.73937 0.03260
fb: 1.61170 0.00000 0.78151 0.86069
fb: 1.66201 0.00314 0.75635 0.83553
dist/lin/ang/drive_left/drive_right/tv_l/tv_r/av_l/av_r/x/y/theta/t_err: 0.63876 1.73623 0.24977 1.65887 1.66514 0.76092 0.80575 0.76092 0.80575 22.85227 -0.14482 -0.53774 0.01514
target: 1.73623 0.03267
target: 1.73623 0.03267
fb: 1.80941 0.00550 0.70118 0.75186
fb: 1.69709 0.00669 0.75733 0.80801
dist/lin/ang/drive_left/drive_right/tv_l/tv_r/av_l/av_r/x/y/theta/t_err: 0.60258 1.73522 0.23579 1.69040 1.70378 0.74328 0.79294 0.74328 0.79294 24.27694 -0.15788 -0.50763 0.01551
target: 1.73522 0.03084
target: 1.73522 0.03084
fb: 1.68915 0.00857 0.77864 0.80978
fb: 1.77057 0.01115 0.73792 0.76907
dist/lin/ang/drive_left/drive_right/tv_l/tv_r/av_l/av_r/x/y/theta/t_err: 0.56880 1.73575 0.21886 1.75942 1.78172 0.74125 0.77958 0.74125 0.77958 25.60693 -0.16895 -0.44558 0.01532
target: 1.73575 0.02863
target: 1.73575 0.02863
fb: 1.67569 0.01275 0.79523 0.81994
fb: 1.63884 0.01359 0.81366 0.83836
dist/lin/ang/drive_left/drive_right/tv_l/tv_r/av_l/av_r/x/y/theta/t_err: 0.53529 1.73782 0.19370 1.62525 1.65242 0.74739 0.76606 0.74739 0.76606 26.92634 -0.17819 -0.34998 0.01456
target: 1.73782 0.02534
target: 1.73782 0.02534
fb: 1.77256 0.01268 0.76189 0.77250
fb: 1.70857 0.01282 0.79389 0.80450
dist/lin/ang/drive_left/drive_right/tv_l/tv_r/av_l/av_r/x/y/theta/t_err: 0.49984 1.74054 0.17322 1.69575 1.72139 0.77736 0.79325 0.77736 0.79325 28.32204 -0.18530 -0.23791 0.01357
target: 1.74054 0.02266
target: 1.74054 0.02266
fb: 1.71254 0.01435 0.79603 0.80857
fb: 1.76108 0.01366 0.77175 0.78430
dist/lin/ang/drive_left/drive_right/tv_l/tv_r/av_l/av_r/x/y/theta/t_err: 0.46559 1.74338 0.15700 1.74743 1.77474 0.77458 0.78369 0.77458 0.78369 29.67048 -0.18956 -0.12544 0.01253
target: 1.74338 0.02054
target: 1.74338 0.02054
fb: 1.71232 0.01164 0.79813 0.81283
fb: 1.76086 0.00955 0.77386 0.78856
dist/lin/ang/drive_left/drive_right/tv_l/tv_r/av_l/av_r/x/y/theta/t_err: 0.43135 1.72056 0.13663 1.75132 1.77041 0.77172 0.77872 0.77172 0.77872 31.01876 -0.19104 -0.00640 0.01136
target: 1.72056 0.01787
target: 1.72056 0.01787
fb: 1.72423 0.00878 0.67296 0.67919
fb: 1.71629 0.00759 0.67693 0.68316
dist/lin/ang/drive_left/drive_right/tv_l/tv_r/av_l/av_r/x/y/theta/t_err: 0.39687 1.65158 0.14723 1.70869 1.72388 0.73867 0.74331 0.73867 0.74331 32.37643 -0.19020 0.07352 0.01089
target: 1.65158 0.01926
target: 1.65158 0.01926
fb: 1.80742 0.00502 0.36472 0.40922
fb: 1.74740 0.00502 0.39473 0.43923
dist/lin/ang/drive_left/drive_right/tv_l/tv_r/av_l/av_r/x/y/theta/t_err: 0.36072 1.57432 0.16309 1.74238 1.75242 0.65500 0.65997 0.65500 0.65997 33.79959 -0.18761 0.12705 0.01099
target: 1.57432 0.02133
target: 1.57432 0.02133
fb: 1.71254 0.00564 0.30417 0.35758
fb: 1.68341 0.00439 0.31874 0.37214
dist/lin/ang/drive_left/drive_right/tv_l/tv_r/av_l/av_r/x/y/theta/t_err: 0.32647 1.49678 0.17621 1.67902 1.68780 0.51350 0.53506 0.51350 0.53506 35.14804 -0.18415 0.16831 0.01139
target: 1.49678 0.02305
target: 1.49678 0.02305
fb: 1.59029 0.00404 0.29405 0.34647
fb: 1.66399 0.00481 0.25720 0.30962
dist/lin/ang/drive_left/drive_right/tv_l/tv_r/av_l/av_r/x/y/theta/t_err: 0.29467 1.42062 0.19090 1.65918 1.66880 0.41611 0.45397 0.41611 0.45397 36.40023 -0.18010 0.20129 0.01201
target: 1.42062 0.02497
target: 1.42062 0.02497
fb: 1.59029 0.00321 0.22795 0.28473
fb: 1.49717 0.00432 0.27451 0.33129
dist/lin/ang/drive_left/drive_right/tv_l/tv_r/av_l/av_r/x/y/theta/t_err: 0.26287 1.33997 0.20911 1.49285 1.50149 0.37917 0.43103 0.37917 0.43103 37.65242 -0.17536 0.23388 0.01286
target: 1.33997 0.02735
target: 1.33997 0.02735
fb: 1.56712 0.00571 0.14446 0.20851
fb: 1.51085 0.00634 0.17259 0.23664
dist/lin/ang/drive_left/drive_right/tv_l/tv_r/av_l/av_r/x/y/theta/t_err: 0.23153 1.25559 0.22729 1.50451 1.51720 0.32511 0.38547 0.32511 0.38547 38.88636 -0.16990 0.27387 0.01386
target: 1.25559 0.02973
target: 1.25559 0.02973
fb: 1.44289 0.01150 0.11319 0.18033
fb: 1.34977 0.01812 0.15975 0.22689
dist/lin/ang/drive_left/drive_right/tv_l/tv_r/av_l/av_r/x/y/theta/t_err: 0.20267 1.17350 0.22914 1.33166 1.36789 0.25375 0.33469 0.25375 0.33469 40.02248 -0.16387 0.34387 0.01454
target: 1.17350 0.02997
target: 1.17350 0.02997
fb: 1.21782 0.02306 0.16955 0.21773
fb: 1.29549 0.02996 0.13072 0.17889
dist/lin/ang/drive_left/drive_right/tv_l/tv_r/av_l/av_r/x/y/theta/t_err: 0.17832 1.10249 0.17222 1.26553 1.32545 0.25153 0.32372 0.25153 0.32372 40.98137 -0.15687 0.50535 0.01353
target: 1.10249 0.02253
target: 1.10249 0.02253
fb: 1.22973 0.03386 0.18282 0.15176
fb: 1.11720 0.03540 0.23909 0.20803
dist/lin/ang/drive_left/drive_right/tv_l/tv_r/av_l/av_r/x/y/theta/t_err: 0.15372 1.04561 0.08580 1.08180 1.15259 0.23869 0.28042 0.23869 0.28042 41.94961 -0.14629 0.77166 0.01071
target: 1.04561 0.01122
target: 1.04561 0.01122
fb: 1.14037 0.03588 0.25714 0.17616
fb: 1.05894 0.03679 0.29785 0.21688
dist/lin/ang/drive_left/drive_right/tv_l/tv_r/av_l/av_r/x/y/theta/t_err: 0.13092 0.96492 -0.05436 1.02216 1.09573 0.26281 0.25903 0.26281 0.25903 42.84742 -0.13182 1.07646 0.00539
target: 0.96492 -0.00711
target: 0.96492 -0.00711
fb: 1.00246 0.03616 0.20130 -0.09540
fb: 1.01415 0.03344 0.19545 -0.10125
dist/lin/ang/drive_left/drive_right/tv_l/tv_r/av_l/av_r/x/y/theta/t_err: 0.11087 0.88798 -0.13840 0.98071 1.04759 0.27497 0.16411 0.27497 0.16411 43.63657 -0.11482 1.39048 -0.00009
target: 0.88798 -0.01810
target: 0.88798 -0.01810
fb: 0.94067 0.02703 0.15141 -0.09403
fb: 0.88639 0.01359 0.17855 -0.06689
dist/lin/ang/drive_left/drive_right/tv_l/tv_r/av_l/av_r/x/y/theta/t_err: 0.09206 0.80914 -0.19213 0.87280 0.89998 0.22483 -0.05614 0.22483 -0.05614 44.37699 -0.09506 1.66647 -0.00491
target: 0.80914 -0.02513
target: 0.80914 -0.02513
fb: 0.81843 0.00000 0.11998 -0.09924
fb: 0.76216 -0.01428 0.14812 -0.07111
dist/lin/ang/drive_left/drive_right/tv_l/tv_r/av_l/av_r/x/y/theta/t_err: 0.07569 0.73368 -0.13298 0.77644 0.74787 0.18583 -0.06261 0.18583 -0.06261 45.02113 -0.07567 1.75513 -0.00646
target: 0.73368 -0.01740
target: 0.73368 -0.01740
fb: 0.73899 -0.02738 -0.08517 0.08467
fb: 0.64587 -0.03923 0.07943 0.13123
dist/lin/ang/drive_left/drive_right/tv_l/tv_r/av_l/av_r/x/y/theta/t_err: 0.06091 0.65816 0.01297 0.68510 0.60664 0.11497 -0.02617 0.11497 -0.02617 45.60275 -0.05846 1.59992 -0.00375
target: 0.65816 0.00170
target: 0.65816 0.00170
fb: 0.59137 -0.05093 -0.14428 0.15328
fb: 0.50023 -0.05379 -0.09872 0.19885
dist/lin/ang/drive_left/drive_right/tv_l/tv_r/av_l/av_r/x/y/theta/t_err: 0.04908 0.59081 0.20061 0.55402 0.44644 0.05064 0.12714 0.05064 0.12714 46.06825 -0.04684 1.23044 0.00270
target: 0.59081 0.02624
target: 0.59081 0.02624
fb: 0.38792 -0.04125 -0.11221 0.26727
fb: 0.36276 -0.01784 -0.09964 0.27985
dist/lin/ang/drive_left/drive_right/tv_l/tv_r/av_l/av_r/x/y/theta/t_err: 0.04132 0.54210 0.33899 0.38060 0.34493 -0.07786 0.19369 -0.07786 0.19369 46.37365 -0.04143 0.79698 0.01026
target: 0.54210 0.04434
target: 0.54210 0.04434
fb: 0.34710 0.00801 0.07325 0.30090
fb: 0.32591 0.03247 0.08384 0.31149
dist/lin/ang/drive_left/drive_right/tv_l/tv_r/av_l/av_r/x/y/theta/t_err: 0.03438 0.49446 0.21978 0.29344 0.35838 -0.06469 0.26111 -0.06469 0.26111 46.64693 -0.03800 0.69581 0.01203
target: 0.49446 0.02875
target: 0.49446 0.02875
fb: 0.32194 0.05379 0.26387 0.16694
fb: 0.29458 0.07246 0.27755 0.18062
dist/lin/ang/drive_left/drive_right/tv_l/tv_r/av_l/av_r/x/y/theta/t_err: 0.02794 0.44578 -0.04979 0.22212 0.36704 0.09789 0.26522 0.09789 0.26522 46.90040 -0.03431 1.02197 0.00634
target: 0.44578 -0.00651
target: 0.44578 -0.00651
fb: 0.28134 0.08765 0.35185 -0.05718
fb: 0.31047 0.09357 0.33729 -0.07174
dist/lin/ang/drive_left/drive_right/tv_l/tv_r/av_l/av_r/x/y/theta/t_err: 0.02232 0.39839 -0.36732 0.21689 0.40404 0.25086 0.12936 0.25086 0.12936 47.12187 -0.02913 1.68729 -0.00527
target: 0.39839 -0.04805
target: 0.39839 -0.04805
fb: 0.31422 0.09183 0.35285 -0.16830
fb: 0.30627 0.08103 0.35682 -0.16432
dist/lin/ang/drive_left/drive_right/tv_l/tv_r/av_l/av_r/x/y/theta/t_err: 0.01603 0.33766 -0.63535 0.22524 0.38731 0.31964 -0.06467 0.31964 -0.06467 47.36912 -0.02016 2.49513 -0.01937
target: 0.33766 -0.08311
target: 0.33766 -0.08311
fb: 0.29480 0.05616 0.27739 -0.23247
fb: 0.27538 0.02153 0.28710 -0.22276
dist/lin/ang/drive_left/drive_right/tv_l/tv_r/av_l/av_r/x/y/theta/t_err: 0.01013 0.26844 -0.72733 0.25385 0.29691 0.32289 -0.14886 0.32289 -0.14886 47.60096 -0.00871 3.13821 -0.03060
target: 0.26844 -0.09514
target: 0.26844 -0.09514
fb: 0.27141 -0.01470 0.11631 -0.20240
fb: 0.24648 -0.04480 0.12878 -0.18993
dist/lin/ang/drive_left/drive_right/tv_l/tv_r/av_l/av_r/x/y/theta/t_err: 0.00470 0.00118 -0.52289 0.29128 0.20167 0.25286 -0.19797 0.25286 -0.19797 47.81433 0.00334 3.24840 -0.03252
target: 0.00118 -0.06840
target: 0.00118 -0.06840
fb: 0.22882 -0.07511 -0.76146 -0.61733
fb: 0.20742 -0.09622 -0.75076 -0.60663
dist/lin/ang/drive_left/drive_right/tv_l/tv_r/av_l/av_r/x/y/theta/t_err: 0.00013 0.00003 -0.15596 0.30364 0.11120 0.08881 -0.20397 0.08881 -0.20397 47.99425 0.01293 2.78707 -0.02447
target: 0.00003 -0.02040
target: 0.00003 -0.02040
fb: 0.18226 -0.11566 -0.33474 0.15285
fb: 0.16682 -0.13475 -0.24362 0.24396
dist/lin/ang/drive_left/drive_right/tv_l/tv_r/av_l/av_r/x/y/theta/t_err: -0.00351 -0.00088 0.25494 0.30157 0.03206 -0.42042 -0.12150 -0.42042 -0.12150 48.13764 0.01886 1.90130 -0.00901
target: -0.00088 0.03335
target: -0.00088 0.03335
fb: 0.12997 -0.13238 -0.30539 0.30599
fb: 0.09312 -0.11051 -0.30539 0.30599
final error: 0.24090, x: -0.23995, y: -0.02133
final local error: 0.24090, forwards: -0.24021, sideways: -0.01823
position: 48.23995 0.02133 0.74156
took 1.22000 time to finish turn
dist/lin/ang/drive_left/drive_right/tv_l/tv_r/av_l/av_r/x/y/theta/t_err: -1.22960 -0.08636 -0.04963 0.00000 0.00000 -0.00017 -0.00017 -0.00017 -0.00017 48.40952 0.02108 180.22106 -0.00342
target: -0.08636 -0.00649
target: -0.08636 -0.00649
fb: 0.00000 0.00000 -0.21013 -0.28215
fb: 0.00000 0.00000 -0.21013 -0.28215
dist/lin/ang/drive_left/drive_right/tv_l/tv_r/av_l/av_r/x/y/theta/t_err: -1.22960 -0.17272 -0.04957 0.00000 0.00000 -0.02447 -0.02739 -0.02447 -0.02739 48.40952 0.02108 180.22098 -0.00342
target: -0.17272 -0.00648
target: -0.17272 -0.00648
fb: 0.00000 0.00000 -0.27134 -0.28485
fb: 0.00000 0.00669 -0.27134 -0.28485
dist/lin/ang/drive_left/drive_right/tv_l/tv_r/av_l/av_r/x/y/theta/t_err: -1.22960 -0.25908 -0.04950 -0.00669 0.00669 -0.18633 -0.23817 -0.18633 -0.23817 48.40952 0.02108 180.22081 -0.00342
target: -0.25908 -0.00647
target: -0.25908 -0.00647
fb: 0.00000 0.01205 -0.43285 -0.44633
fb: 0.00000 0.00676 -0.43285 -0.44633
dist/lin/ang/drive_left/drive_right/tv_l/tv_r/av_l/av_r/x/y/theta/t_err: -1.22960 -0.34544 -0.09637 -0.00676 0.00676 -0.25942 -0.27547 -0.25942 -0.27547 48.40952 0.02108 180.28870 -0.00460
target: -0.34544 -0.01261
target: -0.34544 -0.01261
fb: 0.00000 0.00300 -0.47624 -0.55321
fb: -0.01169 -0.00209 -0.47039 -0.54736
dist/lin/ang/drive_left/drive_right/tv_l/tv_r/av_l/av_r/x/y/theta/t_err: -1.22960 -0.43180 -0.10240 -0.00960 -0.01379 -0.38994 -0.39233 -0.38994 -0.39233 48.40952 0.02108 180.34042 -0.00551
target: -0.43180 -0.01340
target: -0.43180 -0.01340
fb: -0.10084 -0.00641 -0.52446 -0.55441
fb: -0.20168 -0.00543 -0.47404 -0.50399
dist/lin/ang/drive_left/drive_right/tv_l/tv_r/av_l/av_r/x/y/theta/t_err: -1.22759 -0.51816 -0.06075 -0.19625 -0.20712 -0.44728 -0.36736 -0.44728 -0.36736 48.33012 0.02063 180.31224 -0.00502
target: -0.51816 -0.00795
target: -0.51816 -0.00795
fb: -0.25420 -0.00202 -0.76857 -0.73548
fb: -0.27141 -0.00265 -0.75996 -0.72688
dist/lin/ang/drive_left/drive_right/tv_l/tv_r/av_l/av_r/x/y/theta/t_err: -1.22250 -0.60452 -0.04658 -0.26876 -0.27406 -0.47808 -0.41939 -0.47808 -0.41939 48.12997 0.01962 180.27307 -0.00436
target: -0.60452 -0.00609
target: -0.60452 -0.00609
fb: -0.31223 -0.00481 -0.80328 -0.80015
fb: -0.40359 -0.00397 -0.75760 -0.75447
dist/lin/ang/drive_left/drive_right/tv_l/tv_r/av_l/av_r/x/y/theta/t_err: -1.21626 -0.69088 -0.04304 -0.39961 -0.40756 -0.42211 -0.30233 -0.42211 -0.30233 47.88412 0.01851 180.24262 -0.00385
target: -0.69088 -0.00563
target: -0.69088 -0.00563
fb: -0.40535 0.00397 -0.82945 -0.83826
fb: -0.41683 0.01819 -0.82371 -0.83252
dist/lin/ang/drive_left/drive_right/tv_l/tv_r/av_l/av_r/x/y/theta/t_err: -1.20815 -0.77724 -0.04896 -0.43501 -0.39864 -0.45344 -0.49431 -0.45344 -0.49431 47.56495 0.01722 180.23130 -0.00367
target: -0.77724 -0.00640
target: -0.77724 -0.00640
fb: -0.49251 0.02467 -0.85844 -0.87951
fb: -0.50421 0.02132 -0.85260 -0.87367
dist/lin/ang/drive_left/drive_right/tv_l/tv_r/av_l/av_r/x/y/theta/t_err: -1.19830 -0.86360 -0.16972 -0.52553 -0.48289 -0.57989 -0.51589 -0.57989 -0.51589 47.17715 0.01515 180.39784 -0.00662
target: -0.86360 -0.02220
target: -0.86360 -0.02220
fb: -0.52936 0.02090 -0.84051 -1.00000
fb: -0.52362 0.01805 -0.84338 -1.00000
dist/lin/ang/drive_left/drive_right/tv_l/tv_r/av_l/av_r/x/y/theta/t_err: -1.18771 -0.94996 -0.22534 -0.54167 -0.50558 -0.39647 -0.44831 -0.39647 -0.44831 46.76034 0.01155 180.58117 -0.00990
target: -0.94996 -0.02948
target: -0.94996 -0.02948
fb: -0.54304 0.00801 -0.94580 -1.00000
fb: -0.60902 0.00578 -0.91281 -1.00000
dist/lin/ang/drive_left/drive_right/tv_l/tv_r/av_l/av_r/x/y/theta/t_err: -1.17685 -1.03632 -0.23862 -0.61480 -0.60324 -0.71183 -0.65978 -0.71183 -0.65978 46.33278 0.00663 180.71319 -0.01230
target: -1.03632 -0.03121
target: -1.03632 -0.03121
fb: -0.60505 0.00885 -1.00000 -1.00000
fb: -0.69618 0.00523 -0.97167 -1.00000
dist/lin/ang/drive_left/drive_right/tv_l/tv_r/av_l/av_r/x/y/theta/t_err: -1.16475 -1.12268 -0.22160 -0.70141 -0.69095 -0.51317 -0.82986 -0.51317 -0.82986 45.85640 0.00048 180.76823 -0.01340
target: -1.12268 -0.02899
target: -1.12268 -0.02899
fb: -0.75068 -0.00293 -1.00000 -1.00000
fb: -0.69817 -0.01164 -1.00000 -1.00000
dist/lin/ang/drive_left/drive_right/tv_l/tv_r/av_l/av_r/x/y/theta/t_err: -1.14974 -1.20904 -0.21817 -0.68653 -0.70980 -0.43189 -0.87761 -0.43189 -0.87761 45.26537 -0.00764 180.79263 -0.01400
target: -1.20904 -0.02854
target: -1.20904 -0.02854
fb: -0.75245 -0.02139 -1.00000 -1.00000
fb: -0.81843 -0.03937 -1.00000 -1.00000
dist/lin/ang/drive_left/drive_right/tv_l/tv_r/av_l/av_r/x/y/theta/t_err: -1.13469 -1.29540 -0.12260 -0.77906 -0.85779 -0.58486 -0.88431 -0.58486 -0.88431 44.67294 -0.01525 180.66606 -0.01197
target: -1.29540 -0.01604
target: -1.29540 -0.01604
fb: -0.81070 -0.05261 -1.00000 -1.00000
fb: -0.82438 -0.05428 -1.00000 -1.00000
dist/lin/ang/drive_left/drive_right/tv_l/tv_r/av_l/av_r/x/y/theta/t_err: -1.11848 -1.38176 0.07105 -0.77011 -0.87866 -0.81636 -0.86683 -0.81636 -0.86683 44.03462 -0.02085 180.30376 -0.00578
target: -1.38176 0.00929
target: -1.38176 0.00929
fb: -0.84932 -0.05093 -1.00000 -1.00000
fb: -0.91927 -0.04863 -1.00000 -1.00000
dist/lin/ang/drive_left/drive_right/tv_l/tv_r/av_l/av_r/x/y/theta/t_err: -1.10149 -1.46812 0.22973 -0.87063 -0.96790 -0.85469 -0.86289 -0.85469 -0.86289 43.36586 -0.02169 179.84754 0.00216
target: -1.46812 0.03005
target: -1.46812 0.03005
fb: -0.99694 -0.04397 -1.00000 -1.00000
fb: -1.00466 -0.04062 -1.00000 -1.00000
dist/lin/ang/drive_left/drive_right/tv_l/tv_r/av_l/av_r/x/y/theta/t_err: -1.08155 -1.55448 0.31611 -0.96404 -1.04528 -0.86617 -0.86872 -0.86617 -0.86872 42.58089 -0.01674 179.44058 0.00937
target: -1.55448 0.04135
target: -1.55448 0.04135
fb: -1.00665 -0.04111 -1.00000 -1.00000
fb: -1.06071 -0.04090 -1.00000 -1.00000
dist/lin/ang/drive_left/drive_right/tv_l/tv_r/av_l/av_r/x/y/theta/t_err: -1.06142 -1.64084 0.39540 -1.01981 -1.10161 -0.88225 -0.88294 -0.88225 -0.88294 41.78832 -0.00647 179.07778 0.01594
target: -1.64084 0.05172
target: -1.64084 0.05172
fb: -1.07042 -0.04320 -1.00000 -1.00000
fb: -1.13264 -0.04592 -1.00000 -1.00000
dist/lin/ang/drive_left/drive_right/tv_l/tv_r/av_l/av_r/x/y/theta/t_err: -1.04002 -1.71595 0.49455 -1.08673 -1.17856 -0.88583 -0.87950 -0.88583 -0.87950 40.94563 0.00967 178.71811 0.02261
target: -1.71595 0.06469
target: -1.71595 0.06469
fb: -1.14037 -0.04884 -1.00000 -1.00000
fb: -1.13264 -0.04829 -1.00000 -1.00000
dist/lin/ang/drive_left/drive_right/tv_l/tv_r/av_l/av_r/x/y/theta/t_err: -1.01722 -1.69529 0.63112 -1.08436 -1.18093 -0.88992 -0.88514 -0.88992 -0.88514 40.04800 0.03275 178.31152 0.03029
target: -1.69529 0.08256
target: -1.69529 0.08256
fb: -1.28777 -0.04306 -1.00000 -0.74735
fb: -1.26636 -0.03832 -1.00000 -0.75805
dist/lin/ang/drive_left/drive_right/tv_l/tv_r/av_l/av_r/x/y/theta/t_err: -0.99148 -1.67413 0.75290 -1.22804 -1.30469 -0.89472 -0.80403 -0.89472 -0.80403 39.03457 0.06638 177.90702 0.03823
target: -1.67413 0.09849
target: -1.67413 0.09849
fb: -1.28777 -0.03386 -0.99323 -0.72411
fb: -1.30917 -0.02850 -0.98253 -0.71341
dist/lin/ang/drive_left/drive_right/tv_l/tv_r/av_l/av_r/x/y/theta/t_err: -0.96575 -1.65603 0.82553 -1.28067 -1.33767 -0.82594 -0.69847 -0.82594 -0.69847 38.02138 0.10656 177.57678 0.04510
target: -1.65603 0.10799
target: -1.65603 0.10799
fb: -1.28203 -0.02083 -0.96921 -0.74522
fb: -1.25467 -0.01603 -0.98290 -0.75890
dist/lin/ang/drive_left/drive_right/tv_l/tv_r/av_l/av_r/x/y/theta/t_err: -0.94014 -1.64197 0.86605 -1.23864 -1.27069 -0.81669 -0.70256 -0.81669 -0.70256 37.01290 0.15148 177.34295 0.05047
target: -1.64197 0.11329
target: -1.64197 0.11329
fb: -1.32638 -0.01024 -0.93511 -0.74180
fb: -1.43142 -0.00258 -0.88259 -0.68928
dist/lin/ang/drive_left/drive_right/tv_l/tv_r/av_l/av_r/x/y/theta/t_err: -0.91364 -1.63212 0.88147 -1.42884 -1.43400 -0.79669 -0.71797 -0.79669 -0.71797 35.96970 0.20128 177.21193 0.05426
target: -1.63212 0.11530
target: -1.63212 0.11530
fb: -1.46231 0.00000 -0.86153 -0.69507
fb: -1.43120 -0.00174 -0.87708 -0.71062
dist/lin/ang/drive_left/drive_right/tv_l/tv_r/av_l/av_r/x/y/theta/t_err: -0.88444 -1.62566 0.88529 -1.42945 -1.43294 -0.75750 -0.69042 -0.75750 -0.69042 34.81966 0.25778 177.17250 0.05675
target: -1.62566 0.11581
target: -1.62566 0.11581
fb: -1.35375 0.00160 -0.91701 -0.76351
fb: -1.36345 0.00237 -0.91215 -0.75866
dist/lin/ang/drive_left/drive_right/tv_l/tv_r/av_l/av_r/x/y/theta/t_err: -0.85741 -1.62070 0.89868 -1.36582 -1.36109 -0.81344 -0.69947 -0.81344 -0.69947 33.75502 0.31044 177.16536 0.05867
target: -1.62070 0.11756
target: -1.62070 0.11756
fb: -1.48173 0.00773 -0.86134 -0.69424
fb: -1.57087 0.01568 -0.81677 -0.64967
dist/lin/ang/drive_left/drive_right/tv_l/tv_r/av_l/av_r/x/y/theta/t_err: -0.82783 -1.61691 0.90887 -1.58655 -1.55520 -0.80114 -0.72858 -0.80114 -0.72858 32.58972 0.36788 177.20082 0.06014
target: -1.61691 0.11889
target: -1.61691 0.11889
fb: -1.47577 0.02000 -0.86452 -0.69939
fb: -1.48349 0.02195 -0.86066 -0.69553
dist/lin/ang/drive_left/drive_right/tv_l/tv_r/av_l/av_r/x/y/theta/t_err: -0.79837 -1.61725 0.86679 -1.50544 -1.46154 -0.77942 -0.66239 -0.77942 -0.66239 31.42902 0.42342 177.33358 0.06001
target: -1.61725 0.11339
target: -1.61725 0.11339
fb: -1.49144 0.02578 -0.83909 -0.74288
fb: -1.48173 0.03142 -0.84395 -0.74773
dist/lin/ang/drive_left/drive_right/tv_l/tv_r/av_l/av_r/x/y/theta/t_err: -0.76859 -1.62045 0.82114 -1.51315 -1.45030 -0.81600 -0.68272 -0.81600 -0.68272 30.25585 0.47607 177.53427 0.05877
target: -1.62045 0.10741
target: -1.62045 0.10741
fb: -1.49519 0.03769 -0.84543 -0.76143
fb: -1.51858 0.03965 -0.83373 -0.74974
dist/lin/ang/drive_left/drive_right/tv_l/tv_r/av_l/av_r/x/y/theta/t_err: -0.73874 -1.62711 0.75022 -1.55822 -1.47893 -0.79856 -0.72361 -0.79856 -0.72361 29.07951 0.52404 177.81307 0.05619
target: -1.62711 0.09814
target: -1.62711 0.09814
fb: -1.55344 0.03749 -0.81517 -0.77335
fb: -1.56315 0.03672 -0.81031 -0.76849
dist/lin/ang/drive_left/drive_right/tv_l/tv_r/av_l/av_r/x/y/theta/t_err: -0.70772 -1.63627 0.67534 -1.59987 -1.52643 -0.78814 -0.73542 -0.78814 -0.73542 27.85709 0.56708 178.14904 0.05266
target: -1.63627 0.08834
target: -1.63627 0.08834
fb: -1.53800 0.03630 -0.83228 -0.80825
fb: -1.55344 0.03686 -0.82456 -0.80053
dist/lin/ang/drive_left/drive_right/tv_l/tv_r/av_l/av_r/x/y/theta/t_err: -0.67700 -1.64486 0.63320 -1.59030 -1.51658 -0.78950 -0.75256 -0.78950 -0.75256 26.64660 0.60288 178.46801 0.04936
target: -1.64486 0.08283
target: -1.64486 0.08283
fb: -1.58058 0.03693 -0.83218 -0.77700
fb: -1.59801 0.03435 -0.82346 -0.76828
dist/lin/ang/drive_left/drive_right/tv_l/tv_r/av_l/av_r/x/y/theta/t_err: -0.64542 -1.65367 0.58280 -1.63236 -1.56366 -0.78778 -0.77272 -0.78778 -0.77272 25.40240 0.63263 178.79134 0.04599
target: -1.65367 0.07624
target: -1.65367 0.07624
fb: -1.62140 0.02926 -0.81133 -0.77473
fb: -1.57485 0.02794 -0.83461 -0.79801
dist/lin/ang/drive_left/drive_right/tv_l/tv_r/av_l/av_r/x/y/theta/t_err: -0.61303 -1.66039 0.56591 -1.60279 -1.54691 -0.79256 -0.74500 -0.79256 -0.74500 24.12593 0.65640 179.06970 0.04344
target: -1.66039 0.07403
target: -1.66039 0.07403
fb: -1.58831 0.02954 -0.84390 -0.77080
fb: -1.60574 0.03024 -0.83518 -0.76209
dist/lin/ang/drive_left/drive_right/tv_l/tv_r/av_l/av_r/x/y/theta/t_err: -0.58129 -1.66608 0.54454 -1.63598 -1.57550 -0.80150 -0.76261 -0.80150 -0.76261 22.87542 0.67391 179.32240 0.04128
target: -1.66608 0.07123
target: -1.66608 0.07123
fb: -1.53601 0.03031 -0.86661 -0.80254
fb: -1.64855 0.02940 -0.81035 -0.74627
dist/lin/ang/drive_left/drive_right/tv_l/tv_r/av_l/av_r/x/y/theta/t_err: -0.55059 -1.65022 0.49883 -1.67795 -1.61914 -0.80556 -0.75886 -0.80556 -0.75886 21.66602 0.68544 179.59161 0.03875
target: -1.65022 0.06525
target: -1.65022 0.06525
fb: -1.68915 0.02954 -0.67107 -0.64367
fb: -1.61545 0.02822 -0.70792 -0.68052
dist/lin/ang/drive_left/drive_right/tv_l/tv_r/av_l/av_r/x/y/theta/t_err: -0.51683 -1.60392 0.48262 -1.64367 -1.58723 -0.79686 -0.72603 -0.79686 -0.72603 20.33600 0.69204 179.84364 0.03675
target: -1.60392 0.06313
target: -1.60392 0.06313
fb: -1.69709 0.02787 -0.51909 -0.45974
fb: -1.64855 0.02738 -0.54336 -0.48401
dist/lin/ang/drive_left/drive_right/tv_l/tv_r/av_l/av_r/x/y/theta/t_err: -0.48291 -1.55466 0.46415 -1.67593 -1.62116 -0.69022 -0.64919 -0.69022 -0.64919 18.99971 0.69287 180.08272 0.03501
target: -1.55466 0.06072
target: -1.55466 0.06072
fb: -1.61743 0.02550 -0.49927 -0.44580
fb: -1.58257 0.02606 -0.51670 -0.46323
dist/lin/ang/drive_left/drive_right/tv_l/tv_r/av_l/av_r/x/y/theta/t_err: -0.45058 -1.50556 0.44369 -1.60863 -1.55651 -0.58569 -0.53336 -0.58569 -0.53336 17.72614 0.68842 180.31100 0.03339
target: -1.50556 0.05804
target: -1.50556 0.05804
fb: -1.55344 0.02592 -0.48423 -0.43665
fb: -1.62913 0.02494 -0.44639 -0.39880
dist/lin/ang/drive_left/drive_right/tv_l/tv_r/av_l/av_r/x/y/theta/t_err: -0.41953 -1.45631 0.42314 -1.65407 -1.60418 -0.52239 -0.46556 -0.52239 -0.46556 16.50300 0.67936 180.53271 0.03184
target: -1.45631 0.05535
target: -1.45631 0.05535
fb: -1.57286 0.03080 -0.42717 -0.38323
fb: -1.54748 0.03553 -0.43986 -0.39592
dist/lin/ang/drive_left/drive_right/tv_l/tv_r/av_l/av_r/x/y/theta/t_err: -0.38809 -1.40425 0.39806 -1.58302 -1.51195 -0.50183 -0.47172 -0.50183 -0.47172 15.26460 0.66550 180.76418 0.03023
target: -1.40425 0.05207
target: -1.40425 0.05207
fb: -1.49320 0.03365 -0.40347 -0.36924
fb: -1.42745 0.02794 -0.43635 -0.40212
dist/lin/ang/drive_left/drive_right/tv_l/tv_r/av_l/av_r/x/y/theta/t_err: -0.35824 -1.35555 0.32017 -1.45539 -1.39951 -0.51775 -0.46575 -0.51775 -0.46575 14.08900 0.64679 181.06772 0.02724
target: -1.35555 0.04188
target: -1.35555 0.04188
fb: -1.39655 0.02676 -0.38297 -0.42452
fb: -1.43318 0.02557 -0.36466 -0.40621
dist/lin/ang/drive_left/drive_right/tv_l/tv_r/av_l/av_r/x/y/theta/t_err: -0.33032 -1.30617 0.30816 -1.45875 -1.40761 -0.49194 -0.44797 -0.49194 -0.44797 12.98959 0.62392 181.31514 0.02504
target: -1.30617 0.04031
target: -1.30617 0.04031
fb: -1.47577 0.02306 -0.33340 -0.29946
fb: -1.45260 0.02118 -0.34499 -0.31105
dist/lin/ang/drive_left/drive_right/tv_l/tv_r/av_l/av_r/x/y/theta/t_err: -0.30081 -1.24932 0.30574 -1.47378 -1.43142 -0.45206 -0.42553 -0.45206 -0.42553 11.82793 0.59509 181.52868 0.02359
target: -1.24932 0.03999
target: -1.24932 0.03999
fb: -1.39435 0.01867 -0.29789 -0.25303
fb: -1.28578 0.01791 -0.35217 -0.30731
dist/lin/ang/drive_left/drive_right/tv_l/tv_r/av_l/av_r/x/y/theta/t_err: -0.27293 -1.19145 0.31194 -1.30369 -1.26788 -0.42883 -0.39286 -0.42883 -0.39286 10.73045 0.56415 181.70161 0.02283
target: -1.19145 0.04081
target: -1.19145 0.04081
fb: -1.25688 0.01965 -0.31542 -0.25929
fb: -1.25864 0.01923 -0.31454 -0.25841
dist/lin/ang/drive_left/drive_right/tv_l/tv_r/av_l/av_r/x/y/theta/t_err: -0.24780 -1.13645 0.30507 -1.27787 -1.23941 -0.39972 -0.36342 -0.39972 -0.36342 9.74127 0.53338 181.86378 0.02217
target: -1.13645 0.03991
target: -1.13645 0.03991
fb: -1.20237 0.01819 -0.29574 -0.25616
fb: -1.14235 0.01651 -0.32575 -0.28617
dist/lin/ang/drive_left/drive_right/tv_l/tv_r/av_l/av_r/x/y/theta/t_err: -0.22376 -1.08089 0.29883 -1.15887 -1.12584 -0.36308 -0.32272 -0.36308 -0.32272 8.79506 0.50128 182.02464 0.02160
target: -1.08089 0.03909
target: -1.08089 0.03909
fb: -1.13463 0.01951 -0.27661 -0.23732
fb: -1.10550 0.01972 -0.29117 -0.25188
dist/lin/ang/drive_left/drive_right/tv_l/tv_r/av_l/av_r/x/y/theta/t_err: -0.20107 -1.02519 0.29941 -1.12522 -1.08579 -0.34067 -0.30664 -0.34067 -0.30664 7.90225 0.46859 182.17604 0.02125
target: -1.02519 0.03917
target: -1.02519 0.03917
fb: -1.00246 0.01916 -0.29546 -0.24801
fb: -1.05122 0.01665 -0.27108 -0.22362
dist/lin/ang/drive_left/drive_right/tv_l/tv_r/av_l/av_r/x/y/theta/t_err: -0.18103 -0.97391 0.27827 -1.06787 -1.03457 -0.31758 -0.28114 -0.31758 -0.28114 7.11353 0.43750 182.34521 0.02049
target: -0.97391 0.03640
target: -0.97391 0.03640
fb: -1.08035 0.01512 -0.21282 -0.19461
fb: -0.93868 0.01491 -0.28365 -0.26544
dist/lin/ang/drive_left/drive_right/tv_l/tv_r/av_l/av_r/x/y/theta/t_err: -0.15942 -0.94385 0.30104 -0.95360 -0.92377 -0.29858 -0.26075 -0.29858 -0.26075 6.26362 0.40166 182.48926 0.02059
target: -0.94385 0.03938
target: -0.94385 0.03938
fb: -0.96384 0.01623 -0.35646 -0.28253
fb: -0.93074 0.01826 -0.37301 -0.29908
dist/lin/ang/drive_left/drive_right/tv_l/tv_r/av_l/av_r/x/y/theta/t_err: -0.14012 -0.88487 0.20423 -0.94900 -0.91249 -0.28336 -0.25786 -0.28336 -0.25786 5.50544 0.36778 182.62612 0.01820
target: -0.88487 0.02672
target: -0.88487 0.02672
fb: -0.88043 0.01853 -0.14984 -0.23361
fb: -0.83409 0.01826 -0.17301 -0.25678
dist/lin/ang/drive_left/drive_right/tv_l/tv_r/av_l/av_r/x/y/theta/t_err: -0.12252 -0.82743 0.15516 -0.85235 -0.81584 -0.28817 -0.26917 -0.28817 -0.26917 4.81296 0.33505 182.78392 0.01545
target: -0.82743 0.02030
target: -0.82743 0.02030
fb: -0.77385 0.01909 -0.18078 -0.21690
fb: -0.83387 0.01616 -0.15077 -0.18689
dist/lin/ang/drive_left/drive_right/tv_l/tv_r/av_l/av_r/x/y/theta/t_err: -0.10705 -0.77342 0.11345 -0.85004 -0.81771 -0.21064 -0.25086 -0.21064 -0.25086 4.20439 0.30460 182.94429 0.01265
target: -0.77342 0.01484
target: -0.77342 0.01484
fb: -0.77959 0.00711 -0.14315 -0.17788
fb: -0.73700 -0.00118 -0.16444 -0.19918
dist/lin/ang/drive_left/drive_right/tv_l/tv_r/av_l/av_r/x/y/theta/t_err: -0.09146 -0.71490 0.10228 -0.73582 -0.73819 -0.18531 -0.21406 -0.18531 -0.21406 3.59139 0.27239 183.06201 0.01060
target: -0.71490 0.01338
target: -0.71490 0.01338
fb: -0.74097 -0.00509 -0.10805 -0.10874
fb: -0.64764 -0.00683 -0.15472 -0.15541
dist/lin/ang/drive_left/drive_right/tv_l/tv_r/av_l/av_r/x/y/theta/t_err: -0.07664 -0.65442 0.16469 -0.64081 -0.65446 -0.15983 -0.18033 -0.15983 -0.18033 3.00878 0.24124 183.04597 0.01088
target: -0.65442 0.02154
target: -0.65442 0.02154
fb: -0.60902 -0.00704 -0.15991 0.06486
fb: -0.59732 -0.00725 -0.16576 -0.06882
dist/lin/ang/drive_left/drive_right/tv_l/tv_r/av_l/av_r/x/y/theta/t_err: -0.06446 -0.60016 0.19838 -0.59008 -0.60457 -0.16528 -0.09222 -0.16528 -0.09222 2.52990 0.21600 182.98696 0.01191
target: -0.60016 0.02595
target: -0.60016 0.02595
fb: -0.59335 -0.00453 -0.12922 0.06767
fb: -0.59732 0.00599 -0.12723 0.06966
dist/lin/ang/drive_left/drive_right/tv_l/tv_r/av_l/av_r/x/y/theta/t_err: -0.05259 -0.54209 0.21260 -0.60332 -0.59133 -0.15914 -0.03953 -0.15914 -0.03953 2.06331 0.19191 182.92898 0.01292
target: -0.54209 0.02781
target: -0.54209 0.02781
fb: -0.53135 0.01923 -0.08191 0.09461
fb: -0.47133 0.03128 -0.11191 0.06460
dist/lin/ang/drive_left/drive_right/tv_l/tv_r/av_l/av_r/x/y/theta/t_err: -0.04196 -0.48425 0.13044 -0.50261 -0.44004 -0.12833 0.05133 -0.12833 0.05133 1.64548 0.17035 183.01146 0.01148
target: -0.48425 0.01706
target: -0.48425 0.01706
fb: -0.41903 0.04132 -0.09819 -0.17695
fb: -0.38395 0.04947 -0.11573 -0.19449
dist/lin/ang/drive_left/drive_right/tv_l/tv_r/av_l/av_r/x/y/theta/t_err: -0.03359 -0.43327 -0.03642 -0.43342 -0.33448 -0.12117 0.00839 -0.12117 0.00839 1.31603 0.15228 183.30569 0.00634
target: -0.43327 -0.00476
target: -0.43327 -0.00476
fb: -0.36056 0.05679 0.04572 -0.24004
fb: -0.32194 0.05525 -0.05164 -0.25935
dist/lin/ang/drive_left/drive_right/tv_l/tv_r/av_l/av_r/x/y/theta/t_err: -0.02640 -0.38407 -0.21650 -0.37719 -0.26669 -0.06689 -0.16908 -0.06689 -0.16908 1.03266 0.13489 183.75313 -0.00147
target: -0.38407 -0.02832
target: -0.38407 -0.02832
fb: -0.32194 0.04369 0.08924 -0.24366
fb: -0.32966 0.02460 0.09310 -0.23980
dist/lin/ang/drive_left/drive_right/tv_l/tv_r/av_l/av_r/x/y/theta/t_err: -0.01997 -0.33407 -0.33283 -0.35426 -0.30507 -0.00719 -0.23408 -0.00719 -0.23408 0.77978 0.11725 184.20507 -0.00935
target: -0.33407 -0.04354
target: -0.33407 -0.04354
fb: -0.29877 0.00495 0.09543 -0.18281
fb: -0.25994 -0.01909 0.07601 -0.20223
dist/lin/ang/drive_left/drive_right/tv_l/tv_r/av_l/av_r/x/y/theta/t_err: -0.01400 -0.27971 -0.25457 -0.24085 -0.27903 0.07442 -0.22981 0.07442 -0.22981 0.54519 0.09957 184.37758 -0.01237
target: -0.27971 -0.03330
target: -0.27971 -0.03330
fb: -0.23655 -0.04759 -0.07913 0.05133
fb: -0.21338 -0.07204 -0.09071 -0.04809
dist/lin/ang/drive_left/drive_right/tv_l/tv_r/av_l/av_r/x/y/theta/t_err: -0.00926 -0.22752 -0.01818 -0.14133 -0.28542 0.01250 -0.18958 0.01250 -0.18958 0.35946 0.08563 184.14386 -0.00829
target: -0.22752 -0.00238
target: -0.22752 -0.00238
fb: -0.19970 -0.08703 -0.17030 0.18776
fb: -0.18425 -0.08779 -0.17802 0.18003
dist/lin/ang/drive_left/drive_right/tv_l/tv_r/av_l/av_r/x/y/theta/t_err: -0.00525 -0.00131 0.33363 -0.09646 -0.27204 -0.11033 -0.03847 -0.11033 -0.03847 0.20257 0.07510 183.48565 0.00320
target: -0.00131 0.04364
target: -0.00131 0.04364
fb: -0.18050 -0.08305 0.34421 0.82176
fb: -0.17057 -0.07295 0.25462 0.73217
dist/lin/ang/drive_left/drive_right/tv_l/tv_r/av_l/av_r/x/y/theta/t_err: -0.00162 -0.00041 0.56442 -0.09762 -0.24352 -0.07186 0.14544 -0.07186 0.14544 0.06065 0.06741 182.73428 0.01632
target: -0.00041 0.07383
target: -0.00041 0.07383
fb: -0.14541 -0.04849 -0.22268 0.23091
fb: -0.11055 -0.01812 -0.22268 0.23091
dist/lin/ang/drive_left/drive_right/tv_l/tv_r/av_l/av_r/x/y/theta/t_err: 0.00130 0.00033 0.63269 -0.09243 -0.12867 0.14853 0.31861 0.14853 0.31861 -0.05374 0.06255 182.15971 0.02634
target: 0.00033 0.08276
target: 0.00033 0.08276
fb: -0.06399 0.00794 -0.13308 0.14113
fb: -0.03310 0.02585 -0.13308 0.14113
increased slew to 6.35000
increased slew to 6.47700
increased slew to 6.60400
start is 0.00000 0.00000
dist/lin/ang/drive_left/drive_right/tv_l/tv_r/av_l/av_r/x/y/theta/t_err: 1.21920 0.13208 -0.00003 0.00000 0.00000 0.00017 -0.00017 0.00017 -0.00017 0.00000 0.00000 0.00010 -0.00000
target: 0.13208 -0.00000
target: 0.13208 -0.00000
fb: 0.00000 0.00000 0.35207 0.35693
fb: 0.00000 0.00000 0.35207 0.35693
dist/lin/ang/drive_left/drive_right/tv_l/tv_r/av_l/av_r/x/y/theta/t_err: 1.21920 0.26416 -0.00006 0.00000 0.00000 0.03167 0.06108 0.03167 0.06108 0.00000 0.00000 0.00015 -0.00000
target: 0.26416 -0.00001
target: 0.26416 -0.00001
fb: 0.00000 0.00000 0.53303 0.53787
fb: 0.00000 0.00481 0.53303 0.53787
dist/lin/ang/drive_left/drive_right/tv_l/tv_r/av_l/av_r/x/y/theta/t_err: 1.21920 0.39624 -0.00024 -0.00481 0.00481 0.31725 0.30833 0.31725 0.30833 0.00000 0.00000 0.00045 -0.00001
target: 0.39624 -0.00003
target: 0.39624 -0.00003
fb: 0.00000 0.01359 0.64804 0.65268
fb: 0.00000 0.01881 0.64804 0.65268
dist/lin/ang/drive_left/drive_right/tv_l/tv_r/av_l/av_r/x/y/theta/t_err: 1.21920 0.52832 -0.04706 -0.01881 0.01881 0.48558 0.45550 0.48558 0.45550 0.00000 0.00000 0.06838 -0.00119
target: 0.52832 -0.00616
target: 0.52832 -0.00616
fb: 0.06399 0.01178 1.00000 1.00000
fb: 0.17079 0.00481 1.00000 0.95684
dist/lin/ang/drive_left/drive_right/tv_l/tv_r/av_l/av_r/x/y/theta/t_err: 1.21792 0.66040 -0.11155 0.16598 0.17560 0.50803 0.51367 0.50803 0.51367 0.05039 0.00016 0.20438 -0.00357
target: 0.66040 -0.01459
target: 0.66040 -0.01459
fb: 0.25023 0.00077 1.00000 1.00000
fb: 0.26567 -0.00125 1.00000 1.00000
dist/lin/ang/drive_left/drive_right/tv_l/tv_r/av_l/av_r/x/y/theta/t_err: 1.21292 0.79248 -0.07857 0.26693 0.26442 0.50083 0.48819 0.50083 0.48819 0.24741 0.00095 0.24169 -0.00424
target: 0.79248 -0.01028
target: 0.79248 -0.01028
fb: 0.29679 -0.00216 1.00000 1.00000
fb: 0.34710 -0.00725 1.00000 1.00000
dist/lin/ang/drive_left/drive_right/tv_l/tv_r/av_l/av_r/x/y/theta/t_err: 1.20698 0.92456 -0.05553 0.35434 0.33985 0.69622 0.50597 0.69622 0.50597 0.48110 0.00191 0.23134 -0.00408
target: 0.92456 -0.00726
target: 0.92456 -0.00726
fb: 0.37622 -0.01205 1.00000 1.00000
fb: 0.47331 -0.01387 1.00000 1.00000
dist/lin/ang/drive_left/drive_right/tv_l/tv_r/av_l/av_r/x/y/theta/t_err: 1.19946 1.05664 -0.01181 0.48718 0.45945 0.74278 0.69319 0.74278 0.69319 0.77734 0.00295 0.16100 -0.00287
target: 1.05664 -0.00154
target: 1.05664 -0.00154
fb: 0.51789 -0.01400 1.00000 1.00000
fb: 0.54304 -0.01164 1.00000 1.00000
dist/lin/ang/drive_left/drive_right/tv_l/tv_r/av_l/av_r/x/y/theta/t_err: 1.18910 1.18872 0.03909 0.55468 0.53141 0.81894 0.76844 0.81894 0.76844 1.18513 0.00369 0.04282 -0.00083
target: 1.18872 0.00511
target: 1.18872 0.00511
fb: 0.63417 -0.00892 1.00000 1.00000
fb: 0.67103 -0.00690 1.00000 1.00000
dist/lin/ang/drive_left/drive_right/tv_l/tv_r/av_l/av_r/x/y/theta/t_err: 1.17641 1.32080 0.05368 0.67792 0.66413 0.84717 0.80900 0.84717 0.80900 1.68448 0.00360 -0.05224 0.00083
target: 1.32080 0.00702
target: 1.32080 0.00702
fb: 0.70964 -0.01024 1.00000 1.00000
fb: 0.77760 -0.01359 1.00000 1.00000
dist/lin/ang/drive_left/drive_right/tv_l/tv_r/av_l/av_r/x/y/theta/t_err: 1.16222 1.45288 0.06283 0.79119 0.76402 0.83844 0.82800 0.83844 0.82800 2.24325 0.00275 -0.12452 0.00211
target: 1.45288 0.00822
target: 1.45288 0.00822
fb: 0.80298 -0.01603 1.00000 1.00000
fb: 0.87271 -0.01672 1.00000 1.00000
dist/lin/ang/drive_left/drive_right/tv_l/tv_r/av_l/av_r/x/y/theta/t_err: 1.14616 1.58496 0.11830 0.88943 0.85599 0.84972 0.84186 0.84972 0.84186 2.87551 0.00073 -0.24853 0.00432
target: 1.58496 0.01548
target: 1.58496 0.01548
fb: 0.88242 -0.01839 1.00000 1.00000
fb: 0.88815 -0.01749 1.00000 1.00000
dist/lin/ang/drive_left/drive_right/tv_l/tv_r/av_l/av_r/x/y/theta/t_err: 1.12851 1.71704 0.16988 0.90564 0.87067 0.85450 0.85158 0.85450 0.85158 3.57032 -0.00315 -0.39805 0.00702
target: 1.71704 0.02222
target: 1.71704 0.02222
fb: 1.04526 -0.01526 1.00000 1.00000
fb: 1.07461 -0.01282 1.00000 1.00000
dist/lin/ang/drive_left/drive_right/tv_l/tv_r/av_l/av_r/x/y/theta/t_err: 1.10761 1.75121 0.20777 1.08743 1.06179 0.86375 0.85825 0.86375 0.85825 4.39333 -0.00997 -0.54138 0.00968
target: 1.75121 0.02718
target: 1.75121 0.02718
fb: 1.09579 -0.00697 1.00000 1.00000
fb: 1.11896 -0.00530 1.00000 1.00000
dist/lin/ang/drive_left/drive_right/tv_l/tv_r/av_l/av_r/x/y/theta/t_err: 1.08569 1.74611 0.21488 1.12426 1.11367 0.87419 0.86564 0.87419 0.86564 5.25611 -0.01894 -0.63556 0.01154
target: 1.74611 0.02811
target: 1.74611 0.02811
fb: 1.18693 -0.00829 1.00000 1.00000
fb: 1.30123 -0.00864 0.95556 1.00000
dist/lin/ang/drive_left/drive_right/tv_l/tv_r/av_l/av_r/x/y/theta/t_err: 1.06196 1.74267 0.21813 1.30987 1.29259 0.87947 0.87333 0.87947 0.87333 6.19064 -0.02976 -0.69209 0.01279
target: 1.74267 0.02853
target: 1.74267 0.02853
fb: 1.27431 -0.00648 0.97453 1.00000
fb: 1.24717 -0.00244 0.98810 1.00000
dist/lin/ang/drive_left/drive_right/tv_l/tv_r/av_l/av_r/x/y/theta/t_err: 1.03647 1.73857 0.24603 1.24961 1.24473 0.74706 0.89797 0.74706 0.89797 7.19395 -0.04249 -0.75898 0.01429
target: 1.73857 0.03218
target: 1.73857 0.03218
fb: 1.36323 0.00327 0.90676 0.98901
fb: 1.42347 0.01052 0.87664 0.95889
dist/lin/ang/drive_left/drive_right/tv_l/tv_r/av_l/av_r/x/y/theta/t_err: 1.00921 1.73739 0.22572 1.41295 1.43399 0.70000 0.82561 0.70000 0.82561 8.26727 -0.05686 -0.76142 0.01472
target: 1.73739 0.02953
target: 1.73739 0.02953
fb: 1.36544 0.01596 0.94640 0.96833
fb: 1.41001 0.01400 0.92412 0.94605
dist/lin/ang/drive_left/drive_right/tv_l/tv_r/av_l/av_r/x/y/theta/t_err: 0.98191 1.74141 0.15667 1.39601 1.42402 0.75664 0.74228 0.75664 0.74228 9.34233 -0.07029 -0.65495 0.01325
target: 1.74141 0.02049
target: 1.74141 0.02049
fb: 1.41178 0.01024 0.98246 0.93490
fb: 1.41575 0.00516 0.98047 0.93292
dist/lin/ang/drive_left/drive_right/tv_l/tv_r/av_l/av_r/x/y/theta/t_err: 0.95367 1.74566 0.13207 1.41059 1.42091 0.77942 0.79447 0.77942 0.79447 10.45391 -0.08187 -0.54539 0.01170
target: 1.74566 0.01728
target: 1.74566 0.01728
fb: 1.42546 0.00585 0.95637 0.95684
fb: 1.47776 0.00321 0.93022 0.93070
dist/lin/ang/drive_left/drive_right/tv_l/tv_r/av_l/av_r/x/y/theta/t_err: 0.92517 1.74753 0.14377 1.47455 1.48096 0.82867 0.81175 0.82867 0.81175 11.57627 -0.09197 -0.48653 0.01102
target: 1.74753 0.01881
target: 1.74753 0.01881
fb: 1.55543 -0.00146 0.86121 0.90647
fb: 1.52233 -0.00516 0.87776 0.92302
dist/lin/ang/drive_left/drive_right/tv_l/tv_r/av_l/av_r/x/y/theta/t_err: 0.89406 1.74727 0.16472 1.52748 1.51717 0.82969 0.78422 0.82969 0.78422 12.80098 -0.10212 -0.47059 0.01111
target: 1.74727 0.02155
target: 1.74727 0.02155
fb: 1.53800 -0.00801 0.85382 0.91365
fb: 1.59426 -0.00815 0.82569 0.88552
dist/lin/ang/drive_left/drive_right/tv_l/tv_r/av_l/av_r/x/y/theta/t_err: 0.86330 1.74395 0.21013 1.60242 1.58611 0.79958 0.78778 0.79958 0.78778 14.01195 -0.11246 -0.51647 0.01232
target: 1.74395 0.02749
target: 1.74395 0.02749
fb: 1.54572 -0.00648 0.81638 0.91296
fb: 1.47400 -0.00467 0.85224 0.94881
dist/lin/ang/drive_left/drive_right/tv_l/tv_r/av_l/av_r/x/y/theta/t_err: 0.83239 1.73950 0.24435 1.47867 1.46934 0.78725 0.80147 0.78725 0.80147 15.22900 -0.12417 -0.58220 0.01395
target: 1.73950 0.03196
target: 1.73950 0.03196
fb: 1.47974 -0.00307 0.84434 0.93374
fb: 1.60949 -0.00244 0.77946 0.86887
dist/lin/ang/drive_left/drive_right/tv_l/tv_r/av_l/av_r/x/y/theta/t_err: 0.80280 1.73632 0.24975 1.61193 1.60705 0.79172 0.81481 0.79172 0.81481 16.39408 -0.13641 -0.61867 0.01511
target: 1.73632 0.03267
target: 1.73632 0.03267
fb: 1.53402 0.00000 0.83590 0.89230
fb: 1.60794 0.00334 0.79894 0.85534
dist/lin/ang/drive_left/drive_right/tv_l/tv_r/av_l/av_r/x/y/theta/t_err: 0.77212 1.73399 0.25442 1.60460 1.61129 0.78350 0.82903 0.78350 0.82903 17.60190 -0.14963 -0.63276 0.01597
target: 1.73399 0.03328
target: 1.73399 0.03328
fb: 1.77829 0.00599 0.71507 0.77144
fb: 1.72026 0.00843 0.74409 0.80046
dist/lin/ang/drive_left/drive_right/tv_l/tv_r/av_l/av_r/x/y/theta/t_err: 0.73656 1.73359 0.23885 1.71183 1.72869 0.76347 0.81908 0.76347 0.81908 19.00205 -0.16474 -0.59761 0.01611
target: 1.73359 0.03124
target: 1.73359 0.03124
fb: 1.65252 0.01038 0.79861 0.82842
fb: 1.64634 0.01143 0.80169 0.83150
dist/lin/ang/drive_left/drive_right/tv_l/tv_r/av_l/av_r/x/y/theta/t_err: 0.70351 1.73523 0.21141 1.63491 1.65777 0.74894 0.79072 0.74894 0.79072 20.30319 -0.17754 -0.52139 0.01551
target: 1.73523 0.02765
target: 1.73523 0.02765
fb: 1.65627 0.01324 0.81576 0.82679
fb: 1.61765 0.01366 0.83507 0.84610
dist/lin/ang/drive_left/drive_right/tv_l/tv_r/av_l/av_r/x/y/theta/t_err: 0.67039 1.73838 0.18080 1.60400 1.63131 0.78914 0.79583 0.78914 0.79583 21.60729 -0.18822 -0.41402 0.01436
target: 1.73838 0.02365
target: 1.73838 0.02365
fb: 1.73571 0.01240 0.78949 0.79142
fb: 1.69687 0.01087 0.80891 0.81084
dist/lin/ang/drive_left/drive_right/tv_l/tv_r/av_l/av_r/x/y/theta/t_err: 0.63568 1.74178 0.16041 1.68600 1.70774 0.79294 0.80319 0.79294 0.80319 22.97396 -0.19672 -0.30106 0.01311
target: 1.74178 0.02098
target: 1.74178 0.02098
fb: 1.69488 0.01003 0.80977 0.82017
fb: 1.78425 0.01052 0.76508 0.77548
dist/lin/ang/drive_left/drive_right/tv_l/tv_r/av_l/av_r/x/y/theta/t_err: 0.60179 1.74454 0.15158 1.77373 1.79477 0.79308 0.79497 0.79308 0.79497 24.30850 -0.20251 -0.20394 0.01211
target: 1.74454 0.01983
target: 1.74454 0.01983
fb: 1.69312 0.00962 0.80459 0.82704
fb: 1.72401 0.00766 0.78914 0.81159
dist/lin/ang/drive_left/drive_right/tv_l/tv_r/av_l/av_r/x/y/theta/t_err: 0.56793 1.74685 0.14340 1.71635 1.73168 0.77458 0.78008 0.77458 0.78008 25.64166 -0.20627 -0.11683 0.01126
target: 1.74685 0.01876
target: 1.74685 0.01876
fb: 1.77079 0.00808 0.76639 0.78818
fb: 1.70283 0.00899 0.80037 0.82216
dist/lin/ang/drive_left/drive_right/tv_l/tv_r/av_l/av_r/x/y/theta/t_err: 0.53251 1.74792 0.14911 1.69384 1.71182 0.77033 0.79325 0.77033 0.79325 27.03599 -0.20834 -0.05381 0.01088
target: 1.74792 0.01951
target: 1.74792 0.01951
fb: 1.72600 0.00927 0.77609 0.81524
fb: 1.71827 0.00955 0.77995 0.81910
dist/lin/ang/drive_left/drive_right/tv_l/tv_r/av_l/av_r/x/y/theta/t_err: 0.49799 1.74954 0.13542 1.70873 1.72782 0.77581 0.79550 0.77581 0.79550 28.39504 -0.20873 0.02063 0.01029
target: 1.74954 0.01771
target: 1.74954 0.01771
fb: 1.70084 0.01087 0.80499 0.81891
fb: 1.76881 0.01059 0.77101 0.78492
dist/lin/ang/drive_left/drive_right/tv_l/tv_r/av_l/av_r/x/y/theta/t_err: 0.46398 1.75163 0.12014 1.75821 1.77940 0.77444 0.79722 0.77444 0.79722 29.73428 -0.20731 0.10436 0.00953
target: 1.75163 0.01571
target: 1.75163 0.01571
fb: 1.73372 0.00982 0.79459 0.80394
fb: 1.71430 0.01017 0.80430 0.81365
dist/lin/ang/drive_left/drive_right/tv_l/tv_r/av_l/av_r/x/y/theta/t_err: 0.42931 1.72412 0.09969 1.70413 1.72448 0.77256 0.78181 0.77256 0.78181 31.09941 -0.20368 0.20162 0.00853
target: 1.72412 0.01304
target: 1.72412 0.01304
fb: 1.67966 0.00829 0.68304 0.68270
fb: 1.75535 0.00787 0.64520 0.64486
dist/lin/ang/drive_left/drive_right/tv_l/tv_r/av_l/av_r/x/y/theta/t_err: 0.39571 1.65713 0.09657 1.74747 1.76322 0.77547 0.78197 0.77547 0.78197 32.42197 -0.19809 0.28019 0.00783
target: 1.65713 0.01263
target: 1.65713 0.01263
fb: 1.84052 0.00836 0.37371 0.39319
fb: 1.73946 0.00697 0.42424 0.44372
dist/lin/ang/drive_left/drive_right/tv_l/tv_r/av_l/av_r/x/y/theta/t_err: 0.35890 1.57903 0.10057 1.73249 1.74643 0.66664 0.66358 0.66664 0.66358 33.87117 -0.19024 0.34288 0.00748
target: 1.57903 0.01315
target: 1.57903 0.01315
fb: 1.76086 0.00599 0.29344 0.32191
fb: 1.74939 0.00307 0.29917 0.32765
dist/lin/ang/drive_left/drive_right/tv_l/tv_r/av_l/av_r/x/y/theta/t_err: 0.32369 1.50003 0.10135 1.74632 1.75245 0.52856 0.54500 0.52856 0.54500 35.25765 -0.18125 0.39775 0.00728
target: 1.50003 0.01326
target: 1.50003 0.01326
fb: 1.61743 0.00000 0.29139 0.31617
fb: 1.66002 0.00000 0.27009 0.29487
dist/lin/ang/drive_left/drive_right/tv_l/tv_r/av_l/av_r/x/y/theta/t_err: 0.29134 1.42190 0.12769 1.66002 1.66002 0.40758 0.44847 0.40758 0.44847 36.53119 -0.17217 0.41192 0.00782
target: 1.42190 0.01670
target: 1.42190 0.01670
fb: 1.71254 0.00209 0.15880 0.21821
fb: 1.52056 0.00941 0.25479 0.31420
dist/lin/ang/drive_left/drive_right/tv_l/tv_r/av_l/av_r/x/y/theta/t_err: 0.25709 1.33331 0.15954 1.51116 1.52997 0.38739 0.40706 0.38739 0.40706 37.87961 -0.16258 0.40662 0.00897
target: 1.33331 0.02087
target: 1.33331 0.02087
fb: 1.51461 0.01596 0.12919 0.20061
fb: 1.62714 0.02014 0.07292 0.14434
dist/lin/ang/drive_left/drive_right/tv_l/tv_r/av_l/av_r/x/y/theta/t_err: 0.22680 1.25349 0.10705 1.60701 1.64728 0.32956 0.36550 0.32956 0.36550 39.07217 -0.15322 0.50401 0.00836
target: 1.25349 0.01400
target: 1.25349 0.01400
fb: 1.49916 0.01853 0.15352 0.11638
fb: 1.39832 0.01129 0.20394 0.16680
dist/lin/ang/drive_left/drive_right/tv_l/tv_r/av_l/av_r/x/y/theta/t_err: 0.19682 1.17120 0.04671 1.38703 1.40961 0.17831 0.28081 0.17831 0.28081 40.25255 -0.14119 0.67389 0.00646
target: 1.17120 0.00611
target: 1.17120 0.00611
fb: 1.32065 0.00655 0.16783 0.11081
fb: 1.28203 0.01045 0.18714 0.13012
dist/lin/ang/drive_left/drive_right/tv_l/tv_r/av_l/av_r/x/y/theta/t_err: 0.17041 1.10087 0.06868 1.27158 1.29248 0.23186 0.24006 0.23186 0.24006 41.29235 -0.12808 0.76084 0.00581
target: 1.10087 0.00898
target: 1.10087 0.00898
fb: 1.27431 0.01463 0.12445 0.16813
fb: 1.15184 0.01756 0.18569 0.22936
dist/lin/ang/drive_left/drive_right/tv_l/tv_r/av_l/av_r/x/y/theta/t_err: 0.14492 1.01521 0.01649 1.13428 1.16940 0.25186 0.21236 0.25186 0.21236 42.29564 -0.11399 0.85977 0.00409
target: 1.01521 0.00216
target: 1.01521 0.00216
fb: 1.10925 0.01839 0.11582 -0.06487
fb: 1.08035 0.01812 0.13027 0.07742
dist/lin/ang/drive_left/drive_right/tv_l/tv_r/av_l/av_r/x/y/theta/t_err: 0.12273 0.93428 -0.04833 1.06223 1.09846 0.23103 0.21458 0.23103 0.21458 43.16895 -0.09972 1.01601 0.00136
target: 0.93428 -0.00632
target: 0.93428 -0.00632
fb: 0.97752 0.01387 0.14001 -0.06697
fb: 0.95612 0.00655 0.15071 0.07157
dist/lin/ang/drive_left/drive_right/tv_l/tv_r/av_l/av_r/x/y/theta/t_err: 0.10318 0.85665 -0.08002 0.94957 0.96267 0.17403 0.10319 0.17403 0.10319 43.93852 -0.08508 1.16049 -0.00116
target: 0.85665 -0.01047
target: 0.85665 -0.01047
fb: 0.91530 0.00056 0.09685 -0.07673
fb: 0.84159 -0.00557 0.13370 0.08795
dist/lin/ang/drive_left/drive_right/tv_l/tv_r/av_l/av_r/x/y/theta/t_err: 0.08488 0.77695 -0.04393 0.84717 0.83602 0.17522 0.06622 0.17522 0.06622 44.65907 -0.07016 1.19948 -0.00184
target: 0.77695 -0.00575
target: 0.77695 -0.00575
fb: 0.74671 -0.01289 -0.06080 0.09754
fb: 0.73502 -0.01700 0.06309 0.10339
dist/lin/ang/drive_left/drive_right/tv_l/tv_r/av_l/av_r/x/y/theta/t_err: 0.06994 0.70530 0.01883 0.75202 0.71802 0.13175 0.07717 0.13175 0.07717 45.24690 -0.05810 1.13330 -0.00069
target: 0.70530 0.00246
target: 0.70530 0.00246
fb: 0.75046 -0.01756 -0.11699 0.08369
fb: 0.64984 -0.01651 -0.06668 0.13400
dist/lin/ang/drive_left/drive_right/tv_l/tv_r/av_l/av_r/x/y/theta/t_err: 0.05493 0.62505 0.09267 0.66635 0.63333 0.04878 0.11328 0.04878 0.11328 45.83772 -0.04712 0.98469 0.00191
target: 0.62505 0.01212
target: 0.62505 0.01212
fb: 0.59159 -0.00927 -0.15798 0.06863
fb: 0.51392 0.00634 -0.11915 0.10746
dist/lin/ang/drive_left/drive_right/tv_l/tv_r/av_l/av_r/x/y/theta/t_err: 0.04310 0.55366 0.11605 0.50758 0.52026 -0.05800 0.12644 -0.05800 0.12644 46.30348 -0.03967 0.85703 0.00413
target: 0.55366 0.01518
target: 0.55366 0.01518
fb: 0.40734 0.02341 -0.06785 0.10340
fb: 0.35283 0.03832 0.07745 0.13066
dist/lin/ang/drive_left/drive_right/tv_l/tv_r/av_l/av_r/x/y/theta/t_err: 0.03496 0.49860 -0.00366 0.31451 0.39116 -0.09872 0.11192 -0.09872 0.11192 46.62418 -0.03474 0.94965 0.00252
target: 0.49860 -0.00048
target: 0.49860 -0.00048
fb: 0.34908 0.05274 0.25894 0.12225
fb: 0.31422 0.06536 0.27637 0.13969
dist/lin/ang/drive_left/drive_right/tv_l/tv_r/av_l/av_r/x/y/theta/t_err: 0.02798 0.44605 -0.21519 0.24886 0.37957 0.05989 0.13158 0.05989 0.13158 46.89899 -0.02939 1.31418 -0.00385
target: 0.44605 -0.02815
target: 0.44605 -0.02815
fb: 0.28509 0.06898 0.32281 -0.04688
fb: 0.25795 0.06556 0.33638 0.05452
dist/lin/ang/drive_left/drive_right/tv_l/tv_r/av_l/av_r/x/y/theta/t_err: 0.02227 0.39800 -0.45166 0.19239 0.32352 0.25169 0.11414 0.25169 0.11414 47.12339 -0.02315 1.88644 -0.01383
target: 0.39800 -0.05908
target: 0.39800 -0.05908
fb: 0.26170 0.05971 0.33712 -0.10337
fb: 0.29105 0.04661 0.32245 -0.11805
dist/lin/ang/drive_left/drive_right/tv_l/tv_r/av_l/av_r/x/y/theta/t_err: 0.01704 0.34809 -0.58784 0.24444 0.33766 0.31381 0.00017 0.31381 0.00017 47.32930 -0.01529 2.44476 -0.02358
target: 0.34809 -0.07690
target: 0.34809 -0.07690
fb: 0.26766 0.00871 0.23988 -0.10642
fb: 0.26744 -0.03546 0.24000 -0.10631
dist/lin/ang/drive_left/drive_right/tv_l/tv_r/av_l/av_r/x/y/theta/t_err: 0.01168 0.28824 -0.55715 0.30290 0.23197 0.28781 -0.08983 0.28781 -0.08983 47.53983 -0.00563 2.75282 -0.02895
target: 0.28824 -0.07288
target: 0.28824 -0.07288
fb: 0.25221 -0.06982 0.07474 -0.06973
fb: 0.18624 -0.08849 0.10773 0.05109
dist/lin/ang/drive_left/drive_right/tv_l/tv_r/av_l/av_r/x/y/theta/t_err: 0.00664 0.00166 -0.15833 0.27472 0.09775 0.19572 -0.08008 0.19572 -0.08008 47.73822 0.00344 2.37027 -0.02228
target: 0.00166 -0.02071
target: 0.00166 -0.02071
fb: 0.15711 -0.10563 -0.83245 -0.39556
fb: 0.15512 -0.11559 -0.83245 -0.39556
dist/lin/ang/drive_left/drive_right/tv_l/tv_r/av_l/av_r/x/y/theta/t_err: 0.00350 0.00088 0.23736 0.27072 0.03953 0.05456 -0.09086 0.05456 -0.09086 47.86185 0.00772 1.55625 -0.00807
target: 0.00088 0.03105
target: 0.00088 0.03105
fb: 0.15115 -0.12354 -0.29399 0.29639
fb: 0.13968 -0.13852 -0.29399 0.29639
dist/lin/ang/drive_left/drive_right/tv_l/tv_r/av_l/av_r/x/y/theta/t_err: 0.00048 0.00012 0.59295 0.27819 0.00116 -0.36342 -0.15078 -0.36342 -0.15078 47.98085 0.00991 0.52787 0.00988
target: 0.00012 0.07756
target: 0.00012 0.07756
fb: 0.10283 -0.12939 -0.30177 0.30373
fb: 0.05627 -0.10117 -0.30177 0.30373
dist/lin/ang/drive_left/drive_right/tv_l/tv_r/av_l/av_r/x/y/theta/t_err: -0.00157 -0.00039 0.95690 0.15744 -0.04490 -0.28764 0.22092 -0.28764 0.22092 48.06181 0.00994 -0.64796 0.03040
target: -0.00039 0.12517
target: -0.00039 0.12517
fb: 0.02339 -0.06717 -0.33830 0.34085
fb: 0.00772 -0.02160 -0.33830 0.34085
final error: 0.08080, x: -0.08023, y: -0.00963
final local error: 0.08080, forwards: -0.07996, sideways: -0.01168
position: 48.08023 0.00963 -1.46118
took 1.22000 time to finish turn
dist/lin/ang/drive_left/drive_right/tv_l/tv_r/av_l/av_r/x/y/theta/t_err: -1.22139 -0.08636 -0.18021 0.00000 0.00000 -0.00017 -0.00017 -0.00017 -0.00017 48.08631 0.00945 180.72332 -0.01243
target: -0.08636 -0.02357
target: -0.08636 -0.02357
fb: 0.00000 0.00000 -0.12183 -0.37046
fb: 0.00000 0.00000 -0.12183 -0.37046
dist/lin/ang/drive_left/drive_right/tv_l/tv_r/av_l/av_r/x/y/theta/t_err: -1.22139 -0.17272 -0.18018 0.00000 0.00000 -0.04039 -0.03919 -0.04039 -0.03919 48.08631 0.00945 180.72329 -0.01243
target: -0.17272 -0.02357
target: -0.17272 -0.02357
fb: 0.00000 0.00000 -0.25987 -0.29632
fb: 0.00000 -0.00286 -0.25987 -0.29632
dist/lin/ang/drive_left/drive_right/tv_l/tv_r/av_l/av_r/x/y/theta/t_err: -1.22139 -0.25908 -0.18023 0.00286 -0.00286 -0.13636 -0.30525 -0.13636 -0.30525 48.08631 0.00945 180.72334 -0.01243
target: -0.25908 -0.02358
target: -0.25908 -0.02358
fb: 0.00000 -0.01916 -0.42132 -0.45786
fb: 0.00000 -0.02857 -0.42132 -0.45786
dist/lin/ang/drive_left/drive_right/tv_l/tv_r/av_l/av_r/x/y/theta/t_err: -1.22139 -0.34544 -0.13348 0.02857 -0.02857 -0.26011 -0.29225 -0.26011 -0.29225 48.08631 0.00945 180.65556 -0.01125
target: -0.34544 -0.01746
target: -0.34544 -0.01746
fb: 0.00000 -0.02871 -0.52810 -0.50135
fb: -0.04855 -0.02432 -0.50382 -0.47708
dist/lin/ang/drive_left/drive_right/tv_l/tv_r/av_l/av_r/x/y/theta/t_err: -1.22139 -0.43180 0.01059 -0.02423 -0.07286 -0.39081 -0.41017 -0.39081 -0.41017 48.08631 0.00945 180.40368 -0.00685
target: -0.43180 0.00139
target: -0.43180 0.00139
fb: -0.15711 -0.01902 -0.59459 -0.42801
fb: -0.22309 -0.01554 -0.56160 -0.39502
dist/lin/ang/drive_left/drive_right/tv_l/tv_r/av_l/av_r/x/y/theta/t_err: -1.21825 -0.51816 0.03794 -0.20755 -0.23862 -0.42658 -0.42861 -0.42658 -0.42861 47.96260 0.00884 180.20390 -0.00337
target: -0.51816 0.00496
target: -0.51816 0.00496
fb: -0.26192 -0.01254 -0.76494 -0.73139
fb: -0.30826 -0.00941 -0.74177 -0.70822
dist/lin/ang/drive_left/drive_right/tv_l/tv_r/av_l/av_r/x/y/theta/t_err: -1.21301 -0.60452 0.03957 -0.29885 -0.31767 -0.45958 -0.42675 -0.45958 -0.42675 47.75636 0.00837 180.07500 -0.00113
target: -0.60452 0.00518
target: -0.60452 0.00518
fb: -0.34908 -0.00683 -0.78503 -0.78155
fb: -0.37821 -0.00550 -0.77046 -0.76698
dist/lin/ang/drive_left/drive_right/tv_l/tv_r/av_l/av_r/x/y/theta/t_err: -1.20603 -0.69088 0.03599 -0.37271 -0.38371 -0.47056 -0.37183 -0.47056 -0.37183 47.48149 0.00821 179.99882 0.00019
target: -0.69088 0.00471
target: -0.69088 0.00471
fb: -0.37622 -0.00244 -0.84674 -0.85010
fb: -0.43823 0.00300 -0.81574 -0.81909
dist/lin/ang/drive_left/drive_right/tv_l/tv_r/av_l/av_r/x/y/theta/t_err: -1.19851 -0.77724 0.03055 -0.44123 -0.43523 -0.49742 -0.48117 -0.49742 -0.48117 47.18525 0.00834 179.95880 0.00090
target: -0.77724 0.00400
target: -0.77724 0.00400
fb: -0.48479 0.00627 -0.86956 -0.87612
fb: -0.48677 0.00948 -0.86857 -0.87513
dist/lin/ang/drive_left/drive_right/tv_l/tv_r/av_l/av_r/x/y/theta/t_err: -1.18881 -0.86360 -0.00910 -0.49625 -0.47730 -0.49572 -0.45361 -0.49572 -0.45361 46.80353 0.00853 179.99116 0.00034
target: -0.86360 -0.00119
target: -0.86360 -0.00119
fb: -0.53907 0.00948 -0.89748 -0.95133
fb: -0.58386 0.00968 -0.87508 -0.92893
dist/lin/ang/drive_left/drive_right/tv_l/tv_r/av_l/av_r/x/y/theta/t_err: -1.17803 -0.94996 -0.02238 -0.59355 -0.57418 -0.68308 -0.63875 -0.68308 -0.63875 46.37907 0.00837 180.03061 -0.00035
target: -0.94996 -0.00293
target: -0.94996 -0.00293
fb: -0.61674 0.00968 -0.95166 -0.97687
fb: -0.70589 0.00920 -0.90709 -0.93230
dist/lin/ang/drive_left/drive_right/tv_l/tv_r/av_l/av_r/x/y/theta/t_err: -1.16569 -1.03632 -0.06347 -0.71509 -0.69669 -0.56739 -0.47122 -0.56739 -0.47122 45.89344 0.00758 180.11434 -0.00183
target: -1.03632 -0.00830
target: -1.03632 -0.00830
fb: -0.69044 0.02111 -0.97352 -1.00000
fb: -0.65756 0.02111 -0.98995 -1.00000
dist/lin/ang/drive_left/drive_right/tv_l/tv_r/av_l/av_r/x/y/theta/t_err: -1.15188 -1.12268 -0.15159 -0.67868 -0.63645 -0.56656 -0.49331 -0.56656 -0.49331 45.34979 0.00594 180.29376 -0.00500
target: -1.12268 -0.01983
target: -1.12268 -0.01983
fb: -0.71383 0.01902 -1.00000 -1.00000
fb: -0.75245 0.01568 -0.98577 -1.00000
dist/lin/ang/drive_left/drive_right/tv_l/tv_r/av_l/av_r/x/y/theta/t_err: -1.13761 -1.20904 -0.13459 -0.76813 -0.73677 -0.58058 -0.65603 -0.58058 -0.65603 44.78772 0.00284 180.38004 -0.00657
target: -1.20904 -0.01761
target: -1.20904 -0.01761
fb: -0.81644 0.01400 -1.00000 -1.00000
fb: -0.76988 0.01031 -1.00000 -1.00000
dist/lin/ang/drive_left/drive_right/tv_l/tv_r/av_l/av_r/x/y/theta/t_err: -1.12128 -1.29540 -0.19392 -0.78019 -0.75957 -0.61308 -0.82561 -0.61308 -0.82561 44.14488 -0.00224 180.51661 -0.00907
target: -1.29540 -0.02537
target: -1.29540 -0.02537
fb: -0.81644 -0.00209 -1.00000 -1.00000
fb: -0.90956 -0.01345 -1.00000 -1.00000
dist/lin/ang/drive_left/drive_right/tv_l/tv_r/av_l/av_r/x/y/theta/t_err: -1.10495 -1.38176 -0.17259 -0.89611 -0.92301 -0.60778 -0.86408 -0.60778 -0.86408 43.50204 -0.00848 180.56798 -0.01011
target: -1.38176 -0.02258
target: -1.38176 -0.02258
fb: -0.89610 -0.02557 -1.00000 -1.00000
fb: -0.97752 -0.03623 -1.00000 -1.00000
dist/lin/ang/drive_left/drive_right/tv_l/tv_r/av_l/av_r/x/y/theta/t_err: -1.08703 -1.46812 -0.05581 -0.94129 -1.01375 -0.80131 -0.85861 -0.80131 -0.85861 42.79648 -0.01476 180.42774 -0.00781
target: -1.46812 -0.00730
target: -1.46812 -0.00730
fb: -0.97929 -0.03700 -1.00000 -1.00000
fb: -0.99098 -0.02961 -1.00000 -1.00000
dist/lin/ang/drive_left/drive_right/tv_l/tv_r/av_l/av_r/x/y/theta/t_err: -1.06745 -1.55448 0.09361 -0.96137 -1.02059 -0.86411 -0.87303 -0.86411 -0.87303 42.02540 -0.01858 180.12211 -0.00257
target: -1.55448 0.01224
target: -1.55448 0.01224
fb: -1.07836 -0.02836 -1.00000 -1.00000
fb: -1.06865 -0.02961 -1.00000 -1.00000
dist/lin/ang/drive_left/drive_right/tv_l/tv_r/av_l/av_r/x/y/theta/t_err: -1.04588 -1.64084 0.14636 -1.03904 -1.09827 -0.88206 -0.88106 -0.88206 -0.88106 41.17630 -0.01836 179.85547 0.00208
target: -1.64084 0.01915
target: -1.64084 0.01915
fb: -1.08410 -0.03407 -1.00000 -1.00000
fb: -1.17523 -0.03985 -1.00000 -1.00000
dist/lin/ang/drive_left/drive_right/tv_l/tv_r/av_l/av_r/x/y/theta/t_err: -1.02420 -1.72720 0.21968 -1.13538 -1.21509 -0.87472 -0.86786 -0.87472 -0.86786 40.32269 -0.01423 179.58583 0.00688
target: -1.72720 0.02874
target: -1.72720 0.02874
fb: -1.20237 -0.03881 -1.00000 -1.00000
fb: -1.23547 -0.03149 -1.00000 -1.00000
dist/lin/ang/drive_left/drive_right/tv_l/tv_r/av_l/av_r/x/y/theta/t_err: -1.00015 -1.74218 0.34039 -1.20398 -1.26696 -0.87831 -0.87369 -0.87831 -0.87369 39.37599 -0.00464 179.25017 0.01297
target: -1.74218 0.04453
target: -1.74218 0.04453
fb: -1.18119 -0.02961 -1.00000 -1.00000
fb: -1.24121 -0.02787 -1.00000 -0.99075
dist/lin/ang/drive_left/drive_right/tv_l/tv_r/av_l/av_r/x/y/theta/t_err: -0.97653 -1.72818 0.39062 -1.21334 -1.26908 -0.89250 -0.88942 -0.89250 -0.88942 38.44603 0.00971 178.97756 0.01810
target: -1.72818 0.05110
target: -1.72818 0.05110
fb: -1.37691 -0.02453 -0.95264 -0.83131
fb: -1.31491 -0.02299 -0.98365 -0.86231
dist/lin/ang/drive_left/drive_right/tv_l/tv_r/av_l/av_r/x/y/theta/t_err: -0.94900 -1.71557 0.44610 -1.29192 -1.33790 -0.79325 -0.73853 -0.79325 -0.73853 37.36206 0.03126 178.74459 0.02275
target: -1.71557 0.05835
target: -1.71557 0.05835
fb: -1.33631 -0.02383 -0.97495 -0.83770
fb: -1.39633 -0.01763 -0.94494 -0.80769
dist/lin/ang/drive_left/drive_right/tv_l/tv_r/av_l/av_r/x/y/theta/t_err: -0.92228 -1.70373 0.50330 -1.37870 -1.41396 -0.72086 -0.73817 -0.72086 -0.73817 36.31014 0.05627 178.53384 0.02714
target: -1.70373 0.06584
target: -1.70373 0.06584
fb: -1.27982 -0.01303 -1.00000 -0.85221
fb: -1.38089 -0.01122 -0.95100 -0.80168
dist/lin/ang/drive_left/drive_right/tv_l/tv_r/av_l/av_r/x/y/theta/t_err: -0.89669 -1.69430 0.53243 -1.36967 -1.39210 -0.70906 -0.74347 -0.70906 -0.74347 35.30277 0.08342 178.37893 0.03066
target: -1.69430 0.06965
target: -1.69430 0.06965
fb: -1.47003 -0.01359 -0.89349 -0.77211
fb: -1.42347 -0.01756 -0.91677 -0.79539
dist/lin/ang/drive_left/drive_right/tv_l/tv_r/av_l/av_r/x/y/theta/t_err: -0.86731 -1.68582 0.57003 -1.40592 -1.44103 -0.73472 -0.72875 -0.73472 -0.72875 34.14576 0.11726 178.25824 0.03383
target: -1.68582 0.07457
target: -1.68582 0.07457
fb: -1.51858 -0.01937 -0.87355 -0.73561
fb: -1.43318 -0.02035 -0.91625 -0.77831
dist/lin/ang/drive_left/drive_right/tv_l/tv_r/av_l/av_r/x/y/theta/t_err: -0.83696 -1.67464 0.65669 -1.41284 -1.45353 -0.77650 -0.74569 -0.77650 -0.74569 32.95064 0.15531 178.09060 0.03804
target: -1.67464 0.08590
target: -1.67464 0.08590
fb: -1.49144 -0.02028 -0.90267 -0.69175
fb: -1.51858 -0.01554 -0.88910 -0.67818
dist/lin/ang/drive_left/drive_right/tv_l/tv_r/av_l/av_r/x/y/theta/t_err: -0.80715 -1.66241 0.73439 -1.50304 -1.53412 -0.79086 -0.74089 -0.79086 -0.74089 31.77700 0.19641 177.90948 0.04267
target: -1.66241 0.09607
target: -1.66241 0.09607
fb: -1.48548 -0.00989 -0.89182 -0.67784
fb: -1.55543 -0.00648 -0.85685 -0.64286
dist/lin/ang/drive_left/drive_right/tv_l/tv_r/av_l/av_r/x/y/theta/t_err: -0.77747 -1.65266 0.76522 -1.54895 -1.56191 -0.78625 -0.67692 -0.78625 -0.67692 30.60816 0.24041 177.79279 0.04638
target: -1.65266 0.10010
target: -1.65266 0.10010
fb: -1.47400 -0.00230 -0.87371 -0.70950
fb: -1.49717 0.00376 -0.86213 -0.69792
dist/lin/ang/drive_left/drive_right/tv_l/tv_r/av_l/av_r/x/y/theta/t_err: -0.74802 -1.64549 0.78084 -1.50094 -1.49341 -0.77600 -0.65517 -0.77600 -0.65517 29.44841 0.28570 177.74144 0.04912
target: -1.64549 0.10214
target: -1.64549 0.10214
fb: -1.56116 0.00913 -0.82629 -0.67724
fb: -1.46407 0.01582 -0.87484 -0.72578
dist/lin/ang/drive_left/drive_right/tv_l/tv_r/av_l/av_r/x/y/theta/t_err: -0.71684 -1.64176 0.76860 -1.47989 -1.44826 -0.79003 -0.67792 -0.79003 -0.67792 28.22009 0.33385 177.78165 0.05055
target: -1.64176 0.10054
target: -1.64176 0.10054
fb: -1.47400 0.02216 -0.86283 -0.74871
fb: -1.56514 0.02564 -0.81727 -0.70315
dist/lin/ang/drive_left/drive_right/tv_l/tv_r/av_l/av_r/x/y/theta/t_err: -0.68740 -1.64321 0.71103 -1.59078 -1.53950 -0.79428 -0.70342 -0.79428 -0.70342 27.06027 0.37733 177.93452 0.04999
target: -1.64321 0.09301
target: -1.64321 0.09301
fb: -1.59426 0.02878 -0.79296 -0.74231
fb: -1.58831 0.02975 -0.79594 -0.74529
dist/lin/ang/drive_left/drive_right/tv_l/tv_r/av_l/av_r/x/y/theta/t_err: -0.65555 -1.64751 0.65992 -1.61806 -1.55855 -0.78953 -0.70872 -0.78953 -0.70872 25.80567 0.42015 178.16263 0.04835
target: -1.64751 0.08632
target: -1.64751 0.08632
fb: -1.53204 0.03038 -0.83871 -0.78941
fb: -1.56911 0.03066 -0.82018 -0.77087
dist/lin/ang/drive_left/drive_right/tv_l/tv_r/av_l/av_r/x/y/theta/t_err: -0.62494 -1.65350 0.61064 -1.59977 -1.53845 -0.77681 -0.73322 -0.77681 -0.73322 24.59988 0.45613 178.42325 0.04606
target: -1.65350 0.07988
target: -1.65350 0.07988
fb: -1.57286 0.03052 -0.82730 -0.78450
fb: -1.54373 0.03066 -0.84186 -0.79906
dist/lin/ang/drive_left/drive_right/tv_l/tv_r/av_l/av_r/x/y/theta/t_err: -0.59352 -1.65962 0.57580 -1.57439 -1.51308 -0.79361 -0.75425 -0.79361 -0.75425 23.36180 0.48739 178.68970 0.04373
target: -1.65962 0.07532
target: -1.65962 0.07532
fb: -1.47202 0.03073 -0.88926 -0.83556
fb: -1.56315 0.03052 -0.84369 -0.78999
dist/lin/ang/drive_left/drive_right/tv_l/tv_r/av_l/av_r/x/y/theta/t_err: -0.56411 -1.66383 0.53512 -1.59367 -1.53263 -0.78914 -0.77425 -0.78914 -0.77425 22.20298 0.51128 178.95721 0.04122
target: -1.66383 0.07000
target: -1.66383 0.07000
fb: -1.72225 0.02808 -0.75333 -0.71364
fb: -1.67370 0.02418 -0.77760 -0.73791
dist/lin/ang/drive_left/drive_right/tv_l/tv_r/av_l/av_r/x/y/theta/t_err: -0.52969 -1.61724 0.52097 -1.69788 -1.64952 -0.79086 -0.75714 -0.79086 -0.75714 20.84706 0.53291 179.21375 0.03928
target: -1.61724 0.06815
target: -1.61724 0.06815
fb: -1.59404 0.02271 -0.58619 -0.51772
fb: -1.52630 0.02132 -0.62006 -0.55159
dist/lin/ang/drive_left/drive_right/tv_l/tv_r/av_l/av_r/x/y/theta/t_err: -0.49783 -1.57078 0.52312 -1.54762 -1.50498 -0.74722 -0.69283 -0.74722 -0.69283 19.59199 0.54788 179.41861 0.03810
target: -1.57078 0.06843
target: -1.57078 0.06843
fb: -1.57860 0.02076 -0.56185 -0.47376
fb: -1.66201 0.02174 -0.52014 -0.43206
dist/lin/ang/drive_left/drive_right/tv_l/tv_r/av_l/av_r/x/y/theta/t_err: -0.46628 -1.52187 0.52491 -1.68374 -1.64027 -0.62197 -0.56467 -0.62197 -0.56467 18.34905 0.55849 179.60020 0.03741
target: -1.52187 0.06866
target: -1.52187 0.06866
fb: -1.51659 0.02139 -0.53849 -0.45048
fb: -1.45657 0.02021 -0.56850 -0.48049
dist/lin/ang/drive_left/drive_right/tv_l/tv_r/av_l/av_r/x/y/theta/t_err: -0.43597 -1.47307 0.51697 -1.47678 -1.43637 -0.55953 -0.49211 -0.55953 -0.49211 17.15490 0.56506 179.78023 0.03676
target: -1.47307 0.06763
target: -1.47307 0.06763
fb: -1.64855 0.02083 -0.42207 -0.34686
fb: -1.60177 0.02460 -0.44546 -0.37025
dist/lin/ang/drive_left/drive_right/tv_l/tv_r/av_l/av_r/x/y/theta/t_err: -0.40302 -1.41701 0.52073 -1.62636 -1.57717 -0.53933 -0.49414 -0.53933 -0.49414 15.85684 0.56792 179.96275 0.03645
target: -1.41701 0.06812
target: -1.41701 0.06812
fb: -1.54572 0.03386 -0.40058 -0.31091
fb: -1.57286 0.04181 -0.38701 -0.29734
dist/lin/ang/drive_left/drive_right/tv_l/tv_r/av_l/av_r/x/y/theta/t_err: -0.37213 -1.36418 0.48152 -1.61466 -1.53105 -0.50339 -0.46183 -0.50339 -0.46183 14.63974 0.56639 180.19534 0.03526
target: -1.36418 0.06299
target: -1.36418 0.06299
fb: -1.41972 0.04090 -0.39965 -0.36738
fb: -1.41001 0.03505 -0.40451 -0.37224
dist/lin/ang/drive_left/drive_right/tv_l/tv_r/av_l/av_r/x/y/theta/t_err: -0.34375 -1.31887 0.36429 -1.44506 -1.37497 -0.50356 -0.42297 -0.50356 -0.42297 13.52187 0.55919 180.56105 0.03154
target: -1.31887 0.04765
target: -1.31887 0.04765
fb: -1.47202 0.03087 -0.30608 -0.38619
fb: -1.35948 0.03226 -0.36235 -0.44246
dist/lin/ang/drive_left/drive_right/tv_l/tv_r/av_l/av_r/x/y/theta/t_err: -0.31432 -1.26607 0.36011 -1.39174 -1.32722 -0.45739 -0.42042 -0.45739 -0.42042 12.36289 0.54479 180.85715 0.02908
target: -1.26607 0.04711
target: -1.26607 0.04711
fb: -1.34977 0.03393 -0.35533 -0.30302
fb: -1.35573 0.03553 -0.35235 -0.30004
dist/lin/ang/drive_left/drive_right/tv_l/tv_r/av_l/av_r/x/y/theta/t_err: -0.28734 -1.21512 0.32633 -1.39127 -1.32020 -0.42333 -0.41903 -0.42333 -0.41903 11.30024 0.52627 181.13863 0.02667
target: -1.21512 0.04269
target: -1.21512 0.04269
fb: -1.28953 0.03205 -0.32607 -0.31451
fb: -1.27607 0.02571 -0.33280 -0.32124
dist/lin/ang/drive_left/drive_right/tv_l/tv_r/av_l/av_r/x/y/theta/t_err: -0.26155 -1.16428 0.27969 -1.30178 -1.25036 -0.41186 -0.38056 -0.41186 -0.38056 10.28512 0.50349 181.42990 0.02396
target: -1.16428 0.03659
target: -1.16428 0.03659
fb: -1.23172 0.02487 -0.29747 -0.30917
fb: -1.15206 0.02480 -0.33729 -0.34900
dist/lin/ang/drive_left/drive_right/tv_l/tv_r/av_l/av_r/x/y/theta/t_err: -0.23693 -1.11107 0.28055 -1.17687 -1.12726 -0.37267 -0.35556 -0.37267 -0.35556 9.31561 0.47734 181.65763 0.02227
target: -1.11107 0.03670
target: -1.11107 0.03670
fb: -1.13242 0.02411 -0.31718 -0.27277
fb: -1.13838 0.02216 -0.31420 -0.26980
dist/lin/ang/drive_left/drive_right/tv_l/tv_r/av_l/av_r/x/y/theta/t_err: -0.21428 -1.05929 0.26021 -1.16054 -1.11622 -0.35350 -0.33669 -0.35350 -0.33669 8.42436 0.44988 181.87194 0.02068
target: -1.05929 0.03404
target: -1.05929 0.03404
fb: -1.09204 0.02083 -0.28165 -0.26572
fb: -1.02011 0.02028 -0.31762 -0.30169
dist/lin/ang/drive_left/drive_right/tv_l/tv_r/av_l/av_r/x/y/theta/t_err: -0.19245 -1.00558 0.25716 -1.04038 -0.99983 -0.33350 -0.30886 -0.33350 -0.30886 7.56499 0.42040 182.05784 0.01960
target: -1.00558 0.03364
target: -1.00558 0.03364
fb: -1.03754 0.01930 -0.26216 -0.22637
fb: -1.06667 0.01763 -0.24760 -0.21180
dist/lin/ang/drive_left/drive_right/tv_l/tv_r/av_l/av_r/x/y/theta/t_err: -0.17170 -0.97952 0.25045 -1.08430 -1.04904 -0.32100 -0.29653 -0.32100 -0.29653 6.74861 0.38980 182.23174 0.01874
target: -0.97952 0.03276
target: -0.97952 0.03276
fb: -0.96759 0.01394 -0.38128 -0.35096
fb: -0.92898 0.01387 -0.40059 -0.37026
dist/lin/ang/drive_left/drive_right/tv_l/tv_r/av_l/av_r/x/y/theta/t_err: -0.15233 -0.92260 0.17364 -0.94284 -0.91511 -0.28694 -0.26469 -0.28694 -0.26469 5.98734 0.35917 182.37413 0.01626
target: -0.92260 0.02271
target: -0.92260 0.02271
fb: -0.87293 0.01616 -0.20532 -0.27095
fb: -0.88815 0.01582 -0.19771 -0.26333
dist/lin/ang/drive_left/drive_right/tv_l/tv_r/av_l/av_r/x/y/theta/t_err: -0.13487 -0.86814 0.14648 -0.90397 -0.87234 -0.33861 -0.29825 -0.33861 -0.29825 5.30061 0.32999 182.50364 0.01400
target: -0.86814 0.01916
target: -0.86814 0.01916
fb: -0.92500 0.01470 -0.16635 -0.17824
fb: -0.81843 0.01505 -0.21964 -0.23152
dist/lin/ang/drive_left/drive_right/tv_l/tv_r/av_l/av_r/x/y/theta/t_err: -0.11638 -0.80643 0.11051 -0.83348 -0.80338 -0.24383 -0.27358 -0.24383 -0.27358 4.57300 0.29735 182.63778 0.01166
target: -0.80643 0.01446
target: -0.80643 0.01446
fb: -0.81644 0.01470 -0.12705 -0.15556
fb: -0.82416 0.00934 -0.12319 -0.15170
dist/lin/ang/drive_left/drive_right/tv_l/tv_r/av_l/av_r/x/y/theta/t_err: -0.10005 -0.74773 0.07960 -0.83350 -0.81483 -0.21439 -0.23169 -0.21439 -0.23169 3.93085 0.26702 182.76753 0.00939
target: -0.74773 0.01041
target: -0.74773 0.01041
fb: -0.75046 0.00160 -0.11893 -0.14687
fb: -0.69442 -0.00105 -0.14696 -0.17489
dist/lin/ang/drive_left/drive_right/tv_l/tv_r/av_l/av_r/x/y/theta/t_err: -0.08505 -0.68938 0.09264 -0.69337 -0.69546 -0.15553 -0.18803 -0.15553 -0.18803 3.34064 0.23810 182.83073 0.00829
target: -0.68938 0.01212
target: -0.68938 0.01212
fb: -0.65558 -0.00167 -0.14160 -0.11545
fb: -0.61476 -0.00216 -0.16201 -0.13586
dist/lin/ang/drive_left/drive_right/tv_l/tv_r/av_l/av_r/x/y/theta/t_err: -0.07194 -0.63402 0.12708 -0.61260 -0.61692 -0.15075 -0.17419 -0.15075 -0.17419 2.82506 0.21264 182.82076 0.00846
target: -0.63402 0.01662
target: -0.63402 0.01662
fb: -0.66132 -0.00418 -0.11587 0.06940
fb: -0.62447 -0.00683 -0.13429 -0.07686
dist/lin/ang/drive_left/drive_right/tv_l/tv_r/av_l/av_r/x/y/theta/t_err: -0.05871 -0.57277 0.13876 -0.61764 -0.63129 -0.16767 -0.12439 -0.16767 -0.12439 2.30497 0.18710 182.79753 0.00887
target: -0.57277 0.01815
target: -0.57277 0.01815
fb: -0.59357 -0.00453 0.06002 0.10252
fb: -0.55474 0.00258 -0.07745 0.08310
dist/lin/ang/drive_left/drive_right/tv_l/tv_r/av_l/av_r/x/y/theta/t_err: -0.04684 -0.51158 0.16447 -0.55732 -0.55216 -0.12253 -0.04964 -0.12253 -0.04964 1.83813 0.16452 182.74551 0.00978
target: -0.51158 0.02151
target: -0.51158 0.02151
fb: -0.48677 0.01143 -0.06646 0.11518
fb: -0.45368 0.01603 -0.08301 0.09863
dist/lin/ang/drive_left/drive_right/tv_l/tv_r/av_l/av_r/x/y/theta/t_err: -0.03710 -0.45533 0.11256 -0.46970 -0.43765 -0.06981 0.06642 -0.06981 0.06642 1.45529 0.14608 182.78790 0.00904
target: -0.45533 0.01472
target: -0.45533 0.01472
fb: -0.35107 0.01610 -0.12642 -0.17270
fb: -0.31819 0.01972 -0.14285 -0.18914
dist/lin/ang/drive_left/drive_right/tv_l/tv_r/av_l/av_r/x/y/theta/t_err: -0.03008 -0.41001 0.03551 -0.33791 -0.29847 -0.10111 0.05714 -0.10111 0.05714 1.17920 0.13232 182.92649 0.00662
target: -0.41001 0.00464
target: -0.41001 0.00464
fb: -0.31996 0.02975 -0.10289 -0.19227
fb: -0.29480 0.03999 -0.11547 -0.20485
dist/lin/ang/drive_left/drive_right/tv_l/tv_r/av_l/av_r/x/y/theta/t_err: -0.02369 -0.36385 -0.04030 -0.33479 -0.25481 -0.13553 -0.15350 -0.13553 -0.15350 0.92762 0.11907 183.12416 0.00317
target: -0.36385 -0.00527
target: -0.36385 -0.00527
fb: -0.28311 0.04111 -0.07354 -0.17474
fb: -0.30451 0.03553 -0.06283 -0.16404
dist/lin/ang/drive_left/drive_right/tv_l/tv_r/av_l/av_r/x/y/theta/t_err: -0.01804 -0.31749 -0.19247 -0.34004 -0.26898 -0.11739 -0.18686 -0.11739 -0.18686 0.70507 0.10626 183.47000 -0.00287
target: -0.31749 -0.02518
target: -0.31749 -0.02518
fb: -0.30826 0.03052 0.11608 -0.17974
fb: -0.28686 0.02564 0.10538 -0.19044
dist/lin/ang/drive_left/drive_right/tv_l/tv_r/av_l/av_r/x/y/theta/t_err: -0.01188 -0.25768 -0.24821 -0.31250 -0.26122 -0.06006 -0.16753 -0.06006 -0.16753 0.46283 0.09092 183.76973 -0.00810
target: -0.25768 -0.03247
target: -0.25768 -0.03247
fb: -0.25023 0.01916 0.11416 -0.07791
fb: -0.21735 0.00850 0.09772 -0.09435
dist/lin/ang/drive_left/drive_right/tv_l/tv_r/av_l/av_r/x/y/theta/t_err: -0.00688 -0.00172 -0.26106 -0.22585 -0.20885 0.08333 -0.16544 0.08333 -0.16544 0.26625 0.07760 183.97809 -0.01173
target: -0.00172 -0.03415
target: -0.00172 -0.03415
fb: -0.19197 -0.01240 0.67587 0.61987
fb: -0.15910 -0.03672 0.58075 0.52475
dist/lin/ang/drive_left/drive_right/tv_l/tv_r/av_l/av_r/x/y/theta/t_err: -0.00304 -0.00076 -0.18425 -0.12238 -0.19581 0.11564 -0.04228 0.11564 -0.04228 0.11546 0.06704 183.99853 -0.01209
target: -0.00076 -0.02410
target: -0.00076 -0.02410
fb: -0.14166 -0.05867 -0.06646 0.07463
fb: -0.12401 -0.07532 -0.06646 0.07463
dist/lin/ang/drive_left/drive_right/tv_l/tv_r/av_l/av_r/x/y/theta/t_err: -0.00020 -0.00005 0.07548 -0.04869 -0.19933 0.16425 0.32117 0.16425 0.32117 0.00416 0.05956 183.63473 -0.00574
target: -0.00005 0.00987
target: -0.00005 0.00987
fb: -0.09113 -0.08480 -0.19712 0.20482
fb: -0.06796 -0.07365 -0.19712 0.20482
dist/lin/ang/drive_left/drive_right/tv_l/tv_r/av_l/av_r/x/y/theta/t_err: 0.00164 0.00041 0.38231 0.00568 -0.14161 -0.06144 0.11481 -0.06144 0.11481 -0.06747 0.05538 182.95941 0.00604
target: 0.00041 0.05001
target: 0.00041 0.05001
fb: -0.04656 -0.04787 -0.25207 0.25911
fb: -0.02317 -0.01853 -0.25207 0.25911
dist/lin/ang/drive_left/drive_right/tv_l/tv_r/av_l/av_r/x/y/theta/t_err: 0.00258 0.00065 0.48120 -0.00464 -0.04170 -0.18086 0.18669 -0.18086 0.18669 -0.10409 0.05365 182.38854 0.01601
target: 0.00065 0.06295
target: 0.00065 0.06295
fb: -0.00772 0.00878 -0.13870 0.14501
fb: 0.00000 0.03749 -0.13870 0.14501
increased slew to 6.73100
increased slew to 6.85800
increased slew to 6.98500
increased slew to 7.11200
start is 0.00000 0.00000
dist/lin/ang/drive_left/drive_right/tv_l/tv_r/av_l/av_r/x/y/theta/t_err: 1.21920 0.14224 -0.00003 0.00000 0.00000 0.00017 0.00000 0.00017 0.00000 0.00000 0.00000 0.00011 -0.00000
target: 0.14224 -0.00000
target: 0.14224 -0.00000
fb: 0.00000 0.00000 0.37615 0.38101
fb: 0.00000 0.00000 0.37615 0.38101
dist/lin/ang/drive_left/drive_right/tv_l/tv_r/av_l/av_r/x/y/theta/t_err: 1.21920 0.28448 -0.00003 0.00000 0.00000 0.02925 0.03319 0.02925 0.03319 0.00000 0.00000 0.00011 -0.00000
target: 0.28448 -0.00000
target: 0.28448 -0.00000
fb: 0.00000 0.00000 0.57100 0.57589
fb: 0.00000 0.00000 0.57100 0.57589
dist/lin/ang/drive_left/drive_right/tv_l/tv_r/av_l/av_r/x/y/theta/t_err: 1.21920 0.42672 -0.00000 0.00000 0.00000 0.32972 0.34033 0.32972 0.34033 0.00000 0.00000 0.00008 -0.00000
target: 0.42672 -0.00000
target: 0.42672 -0.00000
fb: 0.00000 0.00711 0.69474 0.69966
fb: 0.00000 0.01052 0.69474 0.69966
dist/lin/ang/drive_left/drive_right/tv_l/tv_r/av_l/av_r/x/y/theta/t_err: 1.21920 0.56896 -0.01261 -0.01052 0.01052 0.47961 0.46097 0.47961 0.46097 0.00000 0.00000 0.01830 -0.00032
target: 0.56896 -0.00165
target: 0.56896 -0.00165
fb: 0.02714 0.00948 1.00000 1.00000
fb: 0.14740 0.00404 1.00000 1.00000
dist/lin/ang/drive_left/drive_right/tv_l/tv_r/av_l/av_r/x/y/theta/t_err: 1.21866 0.71120 -0.06721 0.14336 0.15144 0.49006 0.50478 0.49006 0.50478 0.02137 0.00003 0.10875 -0.00190
target: 0.71120 -0.00879
target: 0.71120 -0.00879
fb: 0.25596 -0.00279 1.00000 1.00000
fb: 0.27163 -0.00474 1.00000 1.00000
dist/lin/ang/drive_left/drive_right/tv_l/tv_r/av_l/av_r/x/y/theta/t_err: 1.21354 0.85344 -0.04045 0.27637 0.26689 0.59956 0.58689 0.59956 0.58689 0.22292 0.00047 0.12664 -0.00222
target: 0.85344 -0.00529
target: 0.85344 -0.00529
fb: 0.29877 -0.00550 1.00000 1.00000
fb: 0.33540 -0.00864 1.00000 1.00000
dist/lin/ang/drive_left/drive_right/tv_l/tv_r/av_l/av_r/x/y/theta/t_err: 1.20756 0.99568 -0.00521 0.34404 0.32676 0.77325 0.75922 0.77325 0.75922 0.45817 0.00091 0.08674 -0.00153
target: 0.99568 -0.00068
target: 0.99568 -0.00068
fb: 0.38968 -0.01136 1.00000 1.00000
fb: 0.47508 -0.01317 1.00000 1.00000
dist/lin/ang/drive_left/drive_right/tv_l/tv_r/av_l/av_r/x/y/theta/t_err: 1.19977 1.13792 0.03322 0.48825 0.46191 0.81447 0.80097 0.81447 0.80097 0.76501 0.00116 0.00599 -0.00013
target: 1.13792 0.00434
target: 1.13792 0.00434
fb: 0.52362 -0.01359 1.00000 1.00000
fb: 0.54304 -0.00941 1.00000 1.00000
dist/lin/ang/drive_left/drive_right/tv_l/tv_r/av_l/av_r/x/y/theta/t_err: 1.18930 1.28016 0.07468 0.55245 0.53364 0.84114 0.83311 0.84114 0.83311 1.17731 0.00082 -0.10438 0.00180
target: 1.28016 0.00977
target: 1.28016 0.00977
fb: 0.64013 -0.00648 1.00000 1.00000
fb: 0.68073 -0.00537 1.00000 1.00000
dist/lin/ang/drive_left/drive_right/tv_l/tv_r/av_l/av_r/x/y/theta/t_err: 1.17649 1.42240 0.07915 0.68610 0.67537 0.85553 0.84922 0.85553 0.84922 1.68135 -0.00048 -0.17918 0.00314
target: 1.42240 0.01035
target: 1.42240 0.01035
fb: 0.72729 -0.00383 1.00000 1.00000
fb: 0.83983 -0.00592 1.00000 1.00000
dist/lin/ang/drive_left/drive_right/tv_l/tv_r/av_l/av_r/x/y/theta/t_err: 1.16195 1.56464 0.07338 0.84575 0.83391 0.85486 0.85144 0.85486 0.85144 2.25402 -0.00249 -0.21655 0.00383
target: 1.56464 0.00960
target: 1.56464 0.00960
fb: 0.82615 -0.01038 1.00000 1.00000
fb: 0.85130 -0.01456 1.00000 1.00000
dist/lin/ang/drive_left/drive_right/tv_l/tv_r/av_l/av_r/x/y/theta/t_err: 1.14543 1.70688 0.09894 0.86587 0.83674 0.85436 0.85400 0.85436 0.85400 2.90453 -0.00523 -0.27518 0.00492
target: 1.70688 0.01294
target: 1.70688 0.01294
fb: 0.90559 -0.01819 1.00000 1.00000
fb: 0.96207 -0.01721 1.00000 1.00000
dist/lin/ang/drive_left/drive_right/tv_l/tv_r/av_l/av_r/x/y/theta/t_err: 1.12731 1.75763 0.16802 0.97928 0.94486 0.85758 0.85506 0.85758 0.85506 3.61757 -0.00943 -0.40884 0.00735
target: 1.75763 0.02198
target: 1.75763 0.02198
fb: 1.05696 -0.01240 1.00000 1.00000
fb: 1.04924 -0.00913 1.00000 1.00000
dist/lin/ang/drive_left/drive_right/tv_l/tv_r/av_l/av_r/x/y/theta/t_err: 1.10618 1.75075 0.20623 1.05836 1.04011 0.86461 0.85811 0.86461 0.85811 4.44979 -0.01641 -0.54259 0.00985
target: 1.75075 0.02698
target: 1.75075 0.02698
fb: 1.10175 -0.00676 1.00000 1.00000
fb: 1.21407 -0.00509 0.97871 1.00000
dist/lin/ang/drive_left/drive_right/tv_l/tv_r/av_l/av_r/x/y/theta/t_err: 1.08414 1.74652 0.20469 1.21915 1.20898 0.87917 0.87025 0.87917 0.87025 5.31727 -0.02527 -0.61840 0.01139
target: 1.74652 0.02677
target: 1.74652 0.02677
fb: 1.19840 -0.00334 1.00000 1.00000
fb: 1.23525 -0.00474 0.99843 1.00000
dist/lin/ang/drive_left/drive_right/tv_l/tv_r/av_l/av_r/x/y/theta/t_err: 1.06018 1.74387 0.20452 1.23999 1.23051 0.70256 0.89747 0.70256 0.89747 6.26083 -0.03583 -0.65855 0.01235
target: 1.74387 0.02675
target: 1.74387 0.02675
fb: 1.28004 -0.00355 0.97912 1.00000
fb: 1.28203 0.00376 0.97812 1.00000
dist/lin/ang/drive_left/drive_right/tv_l/tv_r/av_l/av_r/x/y/theta/t_err: 1.03458 1.74132 0.21728 1.27827 1.28579 0.67844 0.91389 0.67844 0.91389 7.26867 -0.04772 -0.69405 0.01328
target: 1.74132 0.02842
target: 1.74132 0.02842
fb: 1.35176 0.01359 0.93260 0.99198
fb: 1.34779 0.02383 0.93458 0.99397
dist/lin/ang/drive_left/drive_right/tv_l/tv_r/av_l/av_r/x/y/theta/t_err: 1.00754 1.74318 0.16701 1.32396 1.37162 0.78917 0.86564 0.78917 0.86564 8.33298 -0.06023 -0.63518 0.01260
target: 1.74318 0.02185
target: 1.74318 0.02185
fb: 1.35374 0.02857 0.99248 0.96886
fb: 1.43120 0.02905 0.95376 0.93013
dist/lin/ang/drive_left/drive_right/tv_l/tv_r/av_l/av_r/x/y/theta/t_err: 0.98047 1.75260 0.04819 1.40214 1.46025 0.76244 0.72072 0.76244 0.72072 9.39887 -0.07016 -0.42151 0.00917
target: 1.75260 0.00630
target: 1.75260 0.00630
fb: 1.41575 0.02648 1.00000 0.92590
fb: 1.40626 0.02348 1.00000 0.93064
dist/lin/ang/drive_left/drive_right/tv_l/tv_r/av_l/av_r/x/y/theta/t_err: 0.95216 1.76382 -0.02704 1.38278 1.42974 0.79547 0.75667 0.79547 0.75667 10.51362 -0.07595 -0.17664 0.00511
target: 1.76382 -0.00354
target: 1.76382 -0.00354
fb: 1.39832 0.02348 1.00000 0.97110
fb: 1.47776 0.01916 1.00000 0.93139
dist/lin/ang/drive_left/drive_right/tv_l/tv_r/av_l/av_r/x/y/theta/t_err: 0.92419 1.76866 0.00540 1.45859 1.49692 0.87350 0.78025 0.87350 0.78025 11.61466 -0.07783 -0.07007 0.00336
target: 1.76866 0.00071
target: 1.76866 0.00071
fb: 1.54748 0.01247 0.89620 0.94165
fb: 1.47202 0.00676 0.93393 0.97938
dist/lin/ang/drive_left/drive_right/tv_l/tv_r/av_l/av_r/x/y/theta/t_err: 0.89324 1.77525 -0.12315 1.46526 1.47878 0.84614 0.80558 0.84614 0.80558 12.83314 -0.07603 0.18046 -0.00099
target: 1.77525 -0.01611
target: 1.77525 -0.01611
fb: 1.51858 0.00105 1.00000 0.86309
fb: 1.55521 0.00000 1.00000 0.84478
dist/lin/ang/drive_left/drive_right/tv_l/tv_r/av_l/av_r/x/y/theta/t_err: 0.86287 1.77292 -0.04756 1.55521 1.55521 0.76725 0.81411 0.76725 0.81411 14.02887 -0.07165 0.22538 -0.00182
target: 1.77292 -0.00622
target: 1.77292 -0.00622
fb: 1.55344 -0.00070 0.84768 0.93465
fb: 1.58257 0.00286 0.83312 0.92009
dist/lin/ang/drive_left/drive_right/tv_l/tv_r/av_l/av_r/x/y/theta/t_err: 0.83180 1.77283 -0.02802 1.57971 1.58543 0.77067 0.80439 0.77067 0.80439 15.25204 -0.06686 0.22351 -0.00186
target: 1.77283 -0.00367
target: 1.77283 -0.00367
fb: 1.52829 0.00334 0.90038 0.92477
fb: 1.53998 0.00537 0.89453 0.91893
dist/lin/ang/drive_left/drive_right/tv_l/tv_r/av_l/av_r/x/y/theta/t_err: 0.80123 1.77126 -0.04950 1.53462 1.54535 0.76572 0.79481 0.76572 0.79481 16.45541 -0.06191 0.25133 -0.00242
target: 1.77126 -0.00648
target: 1.77126 -0.00648
fb: 1.62317 0.00550 0.87165 0.84399
fb: 1.59603 0.00585 0.88522 0.85756
dist/lin/ang/drive_left/drive_right/tv_l/tv_r/av_l/av_r/x/y/theta/t_err: 0.76877 1.76894 -0.06847 1.59018 1.60188 0.77769 0.80475 0.77769 0.80475 17.73348 -0.05586 0.29249 -0.00326
target: 1.76894 -0.00896
target: 1.76894 -0.00896
fb: 1.61170 0.01164 0.87246 0.84443
fb: 1.70857 0.01387 0.82402 0.79599
dist/lin/ang/drive_left/drive_right/tv_l/tv_r/av_l/av_r/x/y/theta/t_err: 0.73654 1.76500 -0.10384 1.69470 1.72243 0.77667 0.78725 0.77667 0.78725 19.00251 -0.04867 0.36429 -0.00468
target: 1.76500 -0.01358
target: 1.76500 -0.01358
fb: 1.64855 0.01205 0.85673 0.80319
fb: 1.63310 0.00934 0.86445 0.81091
dist/lin/ang/drive_left/drive_right/tv_l/tv_r/av_l/av_r/x/y/theta/t_err: 0.70357 1.75872 -0.15828 1.62376 1.64244 0.77700 0.77225 0.77700 0.77225 20.30054 -0.03914 0.47925 -0.00695
target: 1.75872 -0.02071
target: 1.75872 -0.02071
fb: 1.67569 0.01038 0.84407 0.75852
fb: 1.67370 0.00857 0.84506 0.75951
dist/lin/ang/drive_left/drive_right/tv_l/tv_r/av_l/av_r/x/y/theta/t_err: 0.67005 1.75311 -0.18214 1.66513 1.68227 0.79222 0.77942 0.79222 0.77942 21.61992 -0.02702 0.57367 -0.00899
target: 1.75311 -0.02383
target: 1.75311 -0.02383
fb: 1.72975 0.00411 0.79867 0.74495
fb: 1.65428 0.00223 0.83640 0.78268
dist/lin/ang/drive_left/drive_right/tv_l/tv_r/av_l/av_r/x/y/theta/t_err: 0.63546 1.74893 -0.19136 1.65205 1.65651 0.80883 0.74039 0.80883 0.74039 22.98186 -0.01261 0.63087 -0.01051
target: 1.74893 -0.02503
target: 1.74893 -0.02503
fb: 1.66223 0.00098 0.82657 0.78846
fb: 1.76483 -0.00300 0.77527 0.73716
dist/lin/ang/drive_left/drive_right/tv_l/tv_r/av_l/av_r/x/y/theta/t_err: 0.60222 1.74661 -0.18688 1.76783 1.76184 0.80303 0.76075 0.80303 0.76075 24.29061 0.00202 0.64556 -0.01135
target: 1.74661 -0.02445
target: 1.74661 -0.02445
fb: 1.67547 -0.00613 0.81679 0.79560
fb: 1.70481 -0.00739 0.80212 0.78092
dist/lin/ang/drive_left/drive_right/tv_l/tv_r/av_l/av_r/x/y/theta/t_err: 0.56871 1.74671 -0.16436 1.71220 1.69743 0.77939 0.75047 0.77939 0.75047 25.60980 0.01652 0.60616 -0.01132
target: 1.74671 -0.02150
target: 1.74671 -0.02150
fb: 1.78249 -0.00962 0.76045 0.76443
fb: 1.70857 -0.01129 0.79741 0.80140
dist/lin/ang/drive_left/drive_right/tv_l/tv_r/av_l/av_r/x/y/theta/t_err: 0.53306 1.74822 -0.14349 1.71985 1.69728 0.78881 0.76347 0.78881 0.76347 27.01326 0.03053 0.53364 -0.01077
target: 1.74822 -0.01877
target: 1.74822 -0.01877
fb: 1.70857 -0.01205 0.80357 0.80928
fb: 1.70084 -0.01198 0.80743 0.81314
dist/lin/ang/drive_left/drive_right/tv_l/tv_r/av_l/av_r/x/y/theta/t_err: 0.49889 1.75119 -0.11443 1.71283 1.68886 0.77717 0.77719 0.77717 0.77719 28.35854 0.04191 0.43283 -0.00969
target: 1.75119 -0.01497
target: 1.75119 -0.01497
fb: 1.69312 -0.01150 0.81248 0.83292
fb: 1.73946 -0.01171 0.78931 0.80975
dist/lin/ang/drive_left/drive_right/tv_l/tv_r/av_l/av_r/x/y/theta/t_err: 0.46503 1.75472 -0.09063 1.75116 1.72775 0.79653 0.79686 0.79653 0.79686 29.69168 0.05067 0.32298 -0.00840
target: 1.75472 -0.01185
target: 1.75472 -0.01185
fb: 1.72798 -0.01289 0.80152 0.81996
fb: 1.74365 -0.01289 0.79369 0.81212
dist/lin/ang/drive_left/drive_right/tv_l/tv_r/av_l/av_r/x/y/theta/t_err: 0.43047 1.73006 -0.07534 1.75654 1.73076 0.78606 0.79547 0.78606 0.79547 31.05228 0.05714 0.21984 -0.00721
target: 1.73006 -0.00985
target: 1.73006 -0.00985
fb: 1.80742 -0.01275 0.63025 0.64132
fb: 1.73173 -0.01338 0.66809 0.67916
dist/lin/ang/drive_left/drive_right/tv_l/tv_r/av_l/av_r/x/y/theta/t_err: 0.39433 1.65933 -0.05191 1.74511 1.71836 0.76056 0.77117 0.76056 0.77117 32.47544 0.06122 0.10992 -0.00586
target: 1.65933 -0.00679
target: 1.65933 -0.00679
fb: 1.74343 -0.01205 0.40670 0.43140
fb: 1.74166 -0.00948 0.40758 0.43228
dist/lin/ang/drive_left/drive_right/tv_l/tv_r/av_l/av_r/x/y/theta/t_err: 0.35946 1.58820 -0.02297 1.75114 1.73219 0.65639 0.65467 0.65639 0.65467 33.84822 0.06237 -0.00723 -0.00428
target: 1.58820 -0.00301
target: 1.58820 -0.00301
fb: 1.71055 -0.00906 0.35097 0.38717
fb: 1.77454 -0.01150 0.31898 0.35517
dist/lin/ang/drive_left/drive_right/tv_l/tv_r/av_l/av_r/x/y/theta/t_err: 0.32525 1.51330 -0.01964 1.78604 1.76305 0.53247 0.55850 0.53247 0.55850 35.19511 0.06116 -0.09042 -0.00320
target: 1.51330 -0.00257
target: 1.51330 -0.00257
fb: 1.67966 -0.01512 0.29787 0.30445
fb: 1.68540 -0.01742 0.29500 0.30159
dist/lin/ang/drive_left/drive_right/tv_l/tv_r/av_l/av_r/x/y/theta/t_err: 0.29165 1.43703 0.02384 1.70282 1.66798 0.42861 0.45617 0.42861 0.45617 36.51767 0.05785 -0.20747 -0.00142
target: 1.43703 0.00312
target: 1.43703 0.00312
fb: 1.72026 -0.01428 0.17516 0.23656
fb: 1.59029 -0.00697 0.24014 0.30155
dist/lin/ang/drive_left/drive_right/tv_l/tv_r/av_l/av_r/x/y/theta/t_err: 0.25725 1.35015 0.08145 1.59726 1.58332 0.39044 0.40792 0.39044 0.40792 37.87219 0.05117 -0.35607 0.00116
target: 1.35015 0.01065
target: 1.35015 0.01065
fb: 1.53204 -0.00105 0.13433 0.22241
fb: 1.48173 0.00167 0.15949 0.24757
dist/lin/ang/drive_left/drive_right/tv_l/tv_r/av_l/av_r/x/y/theta/t_err: 0.22661 1.26494 0.06202 1.48006 1.48340 0.32253 0.37114 0.32253 0.37114 39.07849 0.04296 -0.40766 0.00230
target: 1.26494 0.00811
target: 1.26494 0.00811
fb: 1.47202 0.00209 0.14044 0.13433
fb: 1.48349 -0.00188 0.13470 0.12860
dist/lin/ang/drive_left/drive_right/tv_l/tv_r/av_l/av_r/x/y/theta/t_err: 0.19717 1.17979 0.03618 1.48537 1.48161 0.24828 0.32017 0.24828 0.32017 40.23753 0.03485 -0.39277 0.00237
target: 1.17979 0.00473
target: 1.17979 0.00473
fb: 1.35176 -0.00975 0.12930 0.11106
fb: 1.31690 -0.01289 0.14673 0.12850
dist/lin/ang/drive_left/drive_right/tv_l/tv_r/av_l/av_r/x/y/theta/t_err: 0.17013 1.10000 0.07565 1.32979 1.30401 0.20244 0.23683 0.20244 0.23683 41.30188 0.02737 -0.42918 0.00340
target: 1.10000 0.00990
target: 1.10000 0.00990
fb: 1.29748 -0.00850 0.06327 0.12876
fb: 1.11896 0.00118 0.15252 0.21802
dist/lin/ang/drive_left/drive_right/tv_l/tv_r/av_l/av_r/x/y/theta/t_err: 0.14418 1.01263 0.11683 1.11778 1.12015 0.19114 0.20533 0.19114 0.20533 42.32348 0.01883 -0.52631 0.00510
target: 1.01263 0.01528
target: 1.01263 0.01528
fb: 1.13066 0.00662 -0.08584 0.10685
fb: 1.13264 0.00746 -0.08684 0.10586
dist/lin/ang/drive_left/drive_right/tv_l/tv_r/av_l/av_r/x/y/theta/t_err: 0.12157 0.92984 0.06282 1.12519 1.14010 0.13142 0.20481 0.13142 0.20481 43.21373 0.01068 -0.50949 0.00481
target: 0.92984 0.00822
target: 0.92984 0.00822
fb: 1.00841 0.00383 0.09695 -0.07782
fb: 1.00841 0.00362 0.09695 -0.07782
dist/lin/ang/drive_left/drive_right/tv_l/tv_r/av_l/av_r/x/y/theta/t_err: 0.10140 0.84922 0.03280 1.00479 1.01204 0.00908 0.10008 0.00908 0.10008 44.00772 0.00404 -0.45543 0.00386
target: 0.84922 0.00429
target: 0.84922 0.00429
fb: 0.91728 0.00920 0.06627 -0.08559
fb: 0.85925 0.01484 0.09529 0.07126
dist/lin/ang/drive_left/drive_right/tv_l/tv_r/av_l/av_r/x/y/theta/t_err: 0.08306 0.76857 0.02224 0.84441 0.87409 0.10525 -0.04433 0.10525 -0.04433 44.72997 -0.00146 -0.40602 0.00300
target: 0.76857 0.00291
target: 0.76857 0.00291
fb: 0.80695 0.01930 -0.08070 -0.09352
fb: 0.68272 0.02167 0.09946 0.09643
dist/lin/ang/drive_left/drive_right/tv_l/tv_r/av_l/av_r/x/y/theta/t_err: 0.06692 0.68987 -0.05222 0.66105 0.70439 0.07564 0.00239 0.07564 0.00239 45.36535 -0.00529 -0.26710 0.00058
target: 0.68987 -0.00683
target: 0.68987 -0.00683
fb: 0.68449 0.02097 0.07883 -0.14036
fb: 0.67301 0.01233 0.08457 -0.13462
dist/lin/ang/drive_left/drive_right/tv_l/tv_r/av_l/av_r/x/y/theta/t_err: 0.05323 0.61528 -0.11950 0.66068 0.68534 0.08467 0.02222 0.08467 0.02222 45.90432 -0.00691 -0.08205 -0.00265
target: 0.61528 -0.01563
target: 0.61528 -0.01563
fb: 0.55849 0.00327 0.09198 -0.13064
fb: 0.49053 -0.00244 0.12596 -0.09665
dist/lin/ang/drive_left/drive_right/tv_l/tv_r/av_l/av_r/x/y/theta/t_err: 0.04206 0.54693 -0.09941 0.49296 0.48809 0.10353 -0.10903 0.10353 -0.10903 46.34407 -0.00714 0.00571 -0.00419
target: 0.54693 -0.01300
target: 0.54693 -0.01300
fb: 0.42477 -0.01519 0.06835 0.07990
fb: 0.36652 -0.02940 0.09747 0.10903
dist/lin/ang/drive_left/drive_right/tv_l/tv_r/av_l/av_r/x/y/theta/t_err: 0.03357 0.48858 -0.02313 0.39592 0.33711 0.12114 -0.07408 0.12114 -0.07408 46.67854 -0.00719 -0.04926 -0.00323
target: 0.48858 -0.00303
target: 0.48858 -0.00303
fb: 0.34710 -0.04376 0.13097 0.22162
fb: 0.31047 -0.05727 0.14928 0.23993
dist/lin/ang/drive_left/drive_right/tv_l/tv_r/av_l/av_r/x/y/theta/t_err: 0.02662 0.43512 0.15081 0.36774 0.25319 0.10744 0.10058 0.10744 0.10058 46.95184 -0.00801 -0.33563 0.00177
target: 0.43512 0.01973
target: 0.43512 0.01973
fb: 0.29679 -0.06508 0.04666 0.28277
fb: 0.28509 -0.06340 0.05251 0.28861
dist/lin/ang/drive_left/drive_right/tv_l/tv_r/av_l/av_r/x/y/theta/t_err: 0.02068 0.38352 0.38122 0.34850 0.22169 0.12967 0.21458 0.12967 0.21458 47.18552 -0.01039 -0.84980 0.01075
target: 0.38352 0.04987
target: 0.38352 0.04987
fb: 0.27163 -0.05881 -0.11343 0.30760
fb: 0.28884 -0.05261 -0.12203 0.29899
dist/lin/ang/drive_left/drive_right/tv_l/tv_r/av_l/av_r/x/y/theta/t_err: 0.01524 0.32925 0.53247 0.34145 0.23624 0.05183 0.26814 0.05183 0.26814 47.39936 -0.01461 -1.39323 0.02023
target: 0.32925 0.06965
target: 0.32925 0.06965
fb: 0.28686 -0.03728 -0.14024 0.21410
fb: 0.29281 -0.00766 -0.14322 0.21112
dist/lin/ang/drive_left/drive_right/tv_l/tv_r/av_l/av_r/x/y/theta/t_err: 0.00950 0.25993 0.58535 0.30048 0.28515 -0.09856 0.26694 -0.09856 0.26694 47.62514 -0.02096 -1.81282 0.02755
target: 0.25993 0.07657
target: 0.25993 0.07657
fb: 0.28708 0.02578 -0.17750 0.07030
fb: 0.23081 0.05602 -0.14936 0.09843
dist/lin/ang/drive_left/drive_right/tv_l/tv_r/av_l/av_r/x/y/theta/t_err: 0.00376 0.00094 0.39625 0.17479 0.28683 -0.13433 0.19250 -0.13433 0.19250 47.85107 -0.02824 -1.80410 0.02740
target: 0.00094 0.05183
target: 0.00094 0.05183
fb: 0.18999 0.07950 -0.57459 -0.73266
fb: 0.15711 0.09894 -0.48007 -0.63813
dist/lin/ang/drive_left/drive_right/tv_l/tv_r/av_l/av_r/x/y/theta/t_err: -0.00003 -0.00001 0.02773 0.05817 0.25605 -0.16411 0.04875 -0.16411 0.04875 48.00061 -0.03234 -1.26540 0.01800
target: -0.00001 0.00363
target: -0.00001 0.00363
fb: 0.12997 0.11873 0.25162 -0.26032
fb: 0.11452 0.13886 0.25162 -0.26032
dist/lin/ang/drive_left/drive_right/tv_l/tv_r/av_l/av_r/x/y/theta/t_err: -0.00262 -0.00065 -0.36631 -0.02434 0.25339 -0.16581 -0.42742 -0.16581 -0.42742 48.10293 -0.03384 -0.35519 0.00211
target: -0.00065 -0.04792
target: -0.00065 -0.04792
fb: 0.07370 0.14722 0.30154 -0.30950
fb: 0.03685 0.12974 0.30154 -0.30950
dist/lin/ang/drive_left/drive_right/tv_l/tv_r/av_l/av_r/x/y/theta/t_err: -0.00407 -0.00102 -0.81683 -0.09289 0.16659 0.18872 -0.27206 0.18872 -0.27206 48.16096 -0.03373 0.87127 -0.01929
target: -0.00102 -0.10685
target: -0.00102 -0.10685
fb: 0.01942 0.10779 0.37470 -0.38181
fb: 0.00375 0.07880 0.37470 -0.38181
final error: 0.17938, x: -0.17625, y: 0.03339
final local error: 0.17938, forwards: -0.17500, sideways: 0.03940
position: 48.17625 -0.03339 1.96138
took 1.22000 time to finish turn
WARNING - pros.serial.terminal.terminal:stop - Stopping terminal - pros-cli version:3.5.6

[tomas@nixbtw:~/projects/Robotics/current/Cognex]$

