
[tomas@nixbtw:~/projects/Robotics/current/Cognex]$ t
Not sending analytics for this command.

Established terminal connection



         _+=+_
      .-`  .  `-.          8888888b.  8888888b.   .d88888b.   .d8888b.
   _+`     "     `+_       888   Y88b 888   Y88b d88P" "Y88b d88P  Y88b
  \\\sssssssssssss///      888    888 888    888 888     888 Y88b.
     .ss\  *  /ss.         888   d88P 888   d88P 888     888  "Y888b.
 .+bm  .s  *  s.  md+.     8888888P"  8888888P"  888     888     "Y88b.
.hMMMMs .  *  . sMMMMh.    888        888 T88b   888     888       "888
 `\hMMMb \ | / dMMMh:      888        888  T88b  Y88b. .d88P Y88b  d88P
   -SNMNo  -  oNMNs-       888        888   T88b  "Y88888P"   "Y8888P"
     `+dMh\./dMd/
        `:yNy:`                      Powered by PROS for VEX V5
           "                Copyright (c) Purdue University ACM SIGBots
Version:        4.2.1     Platform:  V1.1.5 (b18)     Uptime:    0.000 s
Compiled:   Jan  1 1980 00:00:00     Directory:


bouncing done
health done
auton done
calibrated!
starting task: 2318290
initializing odom model
timed correctly: 2321165
initializing pf model
initializing smoother model
start is 0.000 0.000
dist/lin/ang/drive_left/drive_right/tv_l/tv_r/av_l/av_r/x/y/theta/t_err: 0.60960 0.08636 -0.00000 0.00000 0.00000 -0.00017 -0.00033 -0.00017 -0.00033 0.00000 0.00000 0.00000 -0.00000
target: 0.08636 -0.00000
target: 0.08636 -0.00000
fb: 0.00000 0.00000 0.24370 0.24859
fb: 0.00000 0.00000 0.24370 0.24859
dist/lin/ang/drive_left/drive_right/tv_l/tv_r/av_l/av_r/x/y/theta/t_err: 0.60960 0.17272 0.00011 0.00000 0.00000 0.02806 0.02756 0.02806 0.02756 0.00000 0.00000 -0.00016 0.00000
target: 0.17272 0.00001
target: 0.17272 0.00001
fb: 0.00397 0.00000 0.27558 0.28062
fb: 0.00397 0.00000 0.27558 0.28062
dist/lin/ang/drive_left/drive_right/tv_l/tv_r/av_l/av_r/x/y/theta/t_err: 0.60952 0.25908 0.00013 0.00397 0.00397 0.20547 0.21217 0.20547 0.21217 0.00313 -0.00000 -0.00028 0.00000
target: 0.25908 0.00002
target: 0.25908 0.00002
fb: 0.03486 -0.00620 0.41969 0.42463
fb: 0.09687 -0.00766 0.38869 0.39362
dist/lin/ang/drive_left/drive_right/tv_l/tv_r/av_l/av_r/x/y/theta/t_err: 0.60882 0.34544 0.01052 0.10453 0.08921 0.26114 0.26794 0.26114 0.26794 0.03058 -0.00000 -0.01542 0.00027
target: 0.34544 0.00138
target: 0.34544 0.00138
fb: 0.12798 -0.00056 0.44125 0.46022
fb: 0.13769 0.00334 0.43639 0.45536
dist/lin/ang/drive_left/drive_right/tv_l/tv_r/av_l/av_r/x/y/theta/t_err: 0.60626 0.43180 0.03245 0.13435 0.14104 0.36397 0.36806 0.36397 0.36806 0.13135 -0.00008 -0.05665 0.00099
target: 0.43180 0.00425
target: 0.43180 0.00425
fb: 0.17454 0.00418 0.48438 0.52079
fb: 0.24449 0.00481 0.44941 0.48581
dist/lin/ang/drive_left/drive_right/tv_l/tv_r/av_l/av_r/x/y/theta/t_err: 0.60277 0.51816 -0.00675 0.23968 0.24930 0.40931 0.42489 0.40931 0.42489 0.26879 -0.00018 -0.02576 0.00046
target: 0.51816 -0.00088
target: 0.51816 -0.00088
fb: 0.28708 0.00383 0.79978 0.75776
fb: 0.32967 0.00488 0.77849 0.73646
dist/lin/ang/drive_left/drive_right/tv_l/tv_r/av_l/av_r/x/y/theta/t_err: 0.59703 0.60452 -0.02061 0.32479 0.33454 0.44111 0.45994 0.44111 0.45994 0.49483 -0.00020 0.01380 -0.00023
target: 0.60452 -0.00270
target: 0.60452 -0.00270
fb: 0.38218 0.00571 0.81720 0.80264
fb: 0.41881 0.00341 0.79888 0.78432
dist/lin/ang/drive_left/drive_right/tv_l/tv_r/av_l/av_r/x/y/theta/t_err: 0.58939 0.69088 -0.03470 0.41540 0.42223 0.48031 0.34411 0.48031 0.34411 0.79576 -0.00001 0.05880 -0.00103
target: 0.69088 -0.00454
target: 0.69088 -0.00454
fb: 0.47111 -0.00188 0.85277 0.83555
fb: 0.52760 -0.00801 0.82453 0.80730
dist/lin/ang/drive_left/drive_right/tv_l/tv_r/av_l/av_r/x/y/theta/t_err: 0.57997 0.77724 -0.02900 0.53561 0.51958 0.52839 0.45036 0.52839 0.45036 1.16671 0.00046 0.07810 -0.00138
target: 0.77724 -0.00379
target: 0.77724 -0.00379
fb: 0.40337 -0.01164 0.95316 0.96031
fb: 0.12600 -0.01171 1.00000 1.00000
dist/lin/ang/drive_left/drive_right/tv_l/tv_r/av_l/av_r/x/y/theta/t_err: 0.57190 0.86360 0.03314 0.13770 0.11429 0.57836 0.42947 0.57836 0.42947 1.48432 0.00074 0.00020 -0.00004
target: 0.86360 0.00434
target: 0.86360 0.00434
fb: 0.00000 -0.00787 1.00000 1.00000
fb: 1.10749 -0.01136 0.64110 0.72565
dist/lin/ang/drive_left/drive_right/tv_l/tv_r/av_l/av_r/x/y/theta/t_err: 0.57190 0.94996 0.05905 1.11885 1.09613 0.60506 0.42417 0.60506 0.42417 1.48432 0.00074 -0.08621 0.00147
target: 0.94996 0.00772
target: 0.94996 0.00772
fb: 1.47974 -0.01435 0.55270 0.59920
fb: 0.76613 -0.02195 0.90951 0.95600
dist/lin/ang/drive_left/drive_right/tv_l/tv_r/av_l/av_r/x/y/theta/t_err: 0.54230 1.03632 0.09772 0.78808 0.74418 0.45103 0.47653 0.45103 0.47653 2.64947 -0.00178 -0.19034 0.00341
target: 1.03632 0.01278
target: 1.03632 0.01278
fb: 0.39388 -0.02899 1.00000 1.00000
fb: 0.77363 -0.02313 0.97352 1.00000
dist/lin/ang/drive_left/drive_right/tv_l/tv_r/av_l/av_r/x/y/theta/t_err: 0.53443 1.12268 0.19544 0.79676 0.75050 0.61206 0.55661 0.61206 0.55661 2.95961 -0.00304 -0.39871 0.00710
target: 1.12268 0.02557
target: 1.12268 0.02557
fb: 1.13066 -0.01289 0.83035 0.98545
fb: 0.83012 -0.02230 0.98061 1.00000
dist/lin/ang/drive_left/drive_right/tv_l/tv_r/av_l/av_r/x/y/theta/t_err: 0.51181 1.20904 0.23321 0.85242 0.80782 0.61411 0.60264 0.61411 0.60264 3.84986 -0.01048 -0.56607 0.01040
target: 1.20904 0.03051
target: 1.20904 0.03051
fb: 0.96185 -0.02230 1.00000 1.00000
fb: 0.96583 -0.02104 1.00000 1.00000
dist/lin/ang/drive_left/drive_right/tv_l/tv_r/av_l/av_r/x/y/theta/t_err: 0.49258 1.29540 0.30047 0.98687 0.94478 0.67194 0.55594 0.67194 0.55594 4.60718 -0.01918 -0.75631 0.01419
target: 1.29540 0.03931
target: 1.29540 0.03931
fb: 0.68073 -0.02000 1.00000 1.00000
fb: 0.20367 -0.01951 1.00000 1.00000
dist/lin/ang/drive_left/drive_right/tv_l/tv_r/av_l/av_r/x/y/theta/t_err: 0.47896 1.38176 0.34447 0.22318 0.18416 0.65908 0.82183 0.65908 0.82183 5.14313 -0.02692 -0.93241 0.01770
target: 1.38176 0.04506
target: 1.38176 0.04506
fb: 0.00000 -0.01944 1.00000 1.00000
fb: 0.00000 -0.01589 1.00000 1.00000
dist/lin/ang/drive_left/drive_right/tv_l/tv_r/av_l/av_r/x/y/theta/t_err: 0.47896 1.46812 0.37426 0.01589 -0.01589 0.83056 0.84989 0.83056 0.84989 5.14313 -0.02692 -1.10297 0.02068
target: 1.46812 0.04896
target: 1.46812 0.04896
fb: 2.33700 -0.00592 0.56617 0.67290
fb: 2.96147 0.00397 0.25394 0.36067
dist/lin/ang/drive_left/drive_right/tv_l/tv_r/av_l/av_r/x/y/theta/t_err: 0.43224 1.55448 0.46806 2.95750 2.96544 0.82833 0.71147 0.82833 0.71147 6.98289 -0.06520 -1.20927 0.02494
target: 1.55448 0.06123
target: 1.55448 0.06123
fb: 1.15206 0.00418 1.00000 1.00000
fb: 1.17722 -0.00550 1.00000 1.00000
dist/lin/ang/drive_left/drive_right/tv_l/tv_r/av_l/av_r/x/y/theta/t_err: 0.40920 1.64084 0.39471 1.18272 1.17171 0.41906 0.40364 0.41906 0.40364 7.88983 -0.08414 -1.17758 0.02578
target: 1.64084 0.05163
target: 1.64084 0.05163
fb: 1.25666 -0.01296 1.00000 1.00000
fb: 1.10925 -0.01268 1.00000 1.00000
dist/lin/ang/drive_left/drive_right/tv_l/tv_r/av_l/av_r/x/y/theta/t_err: 0.38408 1.63541 0.48697 1.12194 1.09657 0.69675 0.76778 0.69675 0.76778 8.87911 -0.10487 -1.24371 0.02864
target: 1.63541 0.06370
target: 1.63541 0.06370
fb: 1.14037 -0.01359 0.85719 1.00000
fb: 1.26460 -0.00829 0.79508 0.99525
dist/lin/ang/drive_left/drive_right/tv_l/tv_r/av_l/av_r/x/y/theta/t_err: 0.36128 1.57639 0.56944 1.27289 1.25631 0.79017 0.87847 0.79017 0.87847 9.77680 -0.12534 -1.35976 0.03254
target: 1.57639 0.07449
target: 1.57639 0.07449
fb: 1.24893 0.00077 0.50650 0.70956
fb: 1.32065 0.00843 0.47065 0.67370
dist/lin/ang/drive_left/drive_right/tv_l/tv_r/av_l/av_r/x/y/theta/t_err: 0.33632 1.51310 0.60128 1.31222 1.32908 0.67092 0.61703 0.67092 0.61703 10.75992 -0.14928 -1.40633 0.03582
target: 1.51310 0.07865
target: 1.51310 0.07865
fb: 1.43517 0.00941 0.36352 0.51250
fb: 1.38662 0.01533 0.38779 0.53677
dist/lin/ang/drive_left/drive_right/tv_l/tv_r/av_l/av_r/x/y/theta/t_err: 0.30764 1.44236 0.60194 1.37129 1.40195 0.51864 0.63344 0.51864 0.63344 11.88965 -0.17638 -1.33765 0.03791
target: 1.44236 0.07874
target: 1.44236 0.07874
fb: 1.27806 0.01846 0.36242 0.47476
fb: 1.27431 0.01449 0.36430 0.47663
dist/lin/ang/drive_left/drive_right/tv_l/tv_r/av_l/av_r/x/y/theta/t_err: 0.28209 1.37959 0.57852 1.25982 1.28880 0.41389 0.53867 0.41389 0.53867 12.89575 -0.19864 -1.18907 0.03864
target: 1.37959 0.07568
target: 1.37959 0.07568
fb: 1.24319 0.01387 0.37476 0.45459
fb: 1.26636 0.02021 0.36318 0.44301
dist/lin/ang/drive_left/drive_right/tv_l/tv_r/av_l/av_r/x/y/theta/t_err: 0.25725 1.31447 0.61659 1.24616 1.28657 0.39475 0.48269 0.39475 0.48269 13.87445 -0.21784 -1.06310 0.04007
target: 1.31447 0.08066
target: 1.31447 0.08066
fb: 1.29351 0.03038 0.24017 0.39901
fb: 1.25092 0.04494 0.26146 0.42030
dist/lin/ang/drive_left/drive_right/tv_l/tv_r/av_l/av_r/x/y/theta/t_err: 0.23140 1.24492 0.61618 1.20598 1.29586 0.38769 0.45156 0.38769 0.45156 14.89281 -0.23520 -0.86729 0.04096
target: 1.24492 0.08060
target: 1.24492 0.08060
fb: 1.00466 0.05567 0.32401 0.43742
fb: 1.28004 0.06306 0.18632 0.29973
dist/lin/ang/drive_left/drive_right/tv_l/tv_r/av_l/av_r/x/y/theta/t_err: 0.21132 1.19648 0.45191 1.21699 1.34310 0.33419 0.43600 0.33419 0.43600 15.68382 -0.24487 -0.45417 0.03736
target: 1.19648 0.05911
target: 1.19648 0.05911
fb: 1.49717 0.06766 0.23944 0.13111
fb: 1.15956 0.07434 0.40824 0.29991
dist/lin/ang/drive_left/drive_right/tv_l/tv_r/av_l/av_r/x/y/theta/t_err: 0.18140 1.11592 0.37577 1.08522 1.23391 0.30939 0.42094 0.30939 0.42094 16.86269 -0.24921 0.09983 0.03316
target: 1.11592 0.04915
target: 1.11592 0.04915
fb: 1.04151 0.08466 0.20419 0.18620
fb: 1.14831 0.08605 0.15080 0.13280
dist/lin/ang/drive_left/drive_right/tv_l/tv_r/av_l/av_r/x/y/theta/t_err: 0.16058 1.10616 0.15621 1.06226 1.23436 0.32408 0.33178 0.32408 0.33178 17.68275 -0.24331 0.77656 0.02494
target: 1.10616 0.02043
target: 1.10616 0.02043
fb: 1.21009 0.07755 0.53325 0.30793
fb: 0.97531 0.06389 0.65064 0.42532
dist/lin/ang/drive_left/drive_right/tv_l/tv_r/av_l/av_r/x/y/theta/t_err: 0.13636 1.01936 -0.14059 0.91142 1.03921 0.25031 0.25150 0.25031 0.25150 18.63539 -0.22455 1.50510 0.01223
target: 1.01936 -0.01839
target: 1.01936 -0.01839
fb: 0.43624 0.05435 0.56588 0.19752
fb: 0.00000 0.04487 0.78401 0.41565
dist/lin/ang/drive_left/drive_right/tv_l/tv_r/av_l/av_r/x/y/theta/t_err: 0.12765 0.98626 -0.19590 -0.04487 0.04487 0.50425 0.32408 0.50425 0.32408 18.97875 -0.21464 2.04643 0.00278
target: 0.98626 -0.02563
target: 0.98626 -0.02563
fb: 0.00000 0.03790 0.85825 0.76447
fb: 0.00000 0.03337 0.85825 0.76447
dist/lin/ang/drive_left/drive_right/tv_l/tv_r/av_l/av_r/x/y/theta/t_err: 0.12766 0.98628 -0.21936 -0.03337 0.03337 0.69950 0.33761 0.69950 0.33761 18.97875 -0.21464 2.42307 -0.00379
target: 0.98628 -0.02870
target: 0.98628 -0.02870
fb: 0.00000 0.02244 0.99055 0.93015
fb: 0.00000 0.00000 0.99055 0.93015
dist/lin/ang/drive_left/drive_right/tv_l/tv_r/av_l/av_r/x/y/theta/t_err: 0.12766 0.98627 -0.23672 0.00000 0.00000 0.70600 0.64064 0.70600 0.64064 18.97875 -0.21464 2.68663 -0.00839
target: 0.98627 -0.03097
target: 0.98627 -0.03097
fb: 0.00000 -0.03101 0.98840 0.93215
fb: 0.00000 -0.04801 0.98840 0.93215
dist/lin/ang/drive_left/drive_right/tv_l/tv_r/av_l/av_r/x/y/theta/t_err: 0.12766 0.98627 -0.06850 0.04801 -0.04801 0.61344 0.81261 0.61344 0.81261 18.97875 -0.21464 2.60943 -0.00705
target: 0.98627 -0.00896
target: 0.98627 -0.00896
fb: 4.44121 -0.03651 -1.00000 -1.00000
fb: 4.44121 -0.01421 -1.00000 -1.00000
dist/lin/ang/drive_left/drive_right/tv_l/tv_r/av_l/av_r/x/y/theta/t_err: 0.03883 0.54396 0.15219 4.45542 4.42700 0.44881 0.70153 0.44881 0.70153 22.47288 -0.07261 2.24046 -0.00061
target: 0.54396 0.01991
target: 0.54396 0.01991
fb: 0.00000 0.00759 -1.00000 -1.00000
fb: 0.00000 0.01463 -1.00000 -1.00000
dist/lin/ang/drive_left/drive_right/tv_l/tv_r/av_l/av_r/x/y/theta/t_err: 0.03883 0.54396 0.04543 -0.01463 0.01463 -0.30031 -0.13242 -0.30031 -0.13242 22.47288 -0.07261 2.16179 0.00077
target: 0.54396 0.00594
target: 0.54396 0.00594
fb: 0.00000 0.00934 0.61338 0.50098
fb: 0.00000 -0.01122 0.61338 0.50098
dist/lin/ang/drive_left/drive_right/tv_l/tv_r/av_l/av_r/x/y/theta/t_err: 0.03883 0.54396 -0.06809 0.01122 -0.01122 -0.26297 -0.15983 -0.26297 -0.15983 22.47288 -0.07261 2.27666 -0.00124
target: 0.54396 -0.00891
target: 0.54396 -0.00891
fb: 0.00000 -0.02919 0.62735 0.48710
fb: 0.00000 -0.04243 0.62735 0.48710
dist/lin/ang/drive_left/drive_right/tv_l/tv_r/av_l/av_r/x/y/theta/t_err: 0.03883 0.54396 0.06663 0.04243 -0.04243 0.25547 0.19881 0.25547 0.19881 22.47288 -0.07261 2.15395 0.00090
target: 0.54396 0.00872
target: 0.54396 0.00872
fb: 0.00000 -0.05330 0.46937 0.64498
fb: 0.00000 -0.06738 0.46937 0.64498
dist/lin/ang/drive_left/drive_right/tv_l/tv_r/av_l/av_r/x/y/theta/t_err: 0.03883 0.54393 0.28714 0.06738 -0.06738 0.56414 0.45036 0.56414 0.45036 22.47288 -0.07261 1.75642 0.00784
target: 0.54393 0.03756
target: 0.54393 0.03756
fb: 0.00000 -0.07016 0.39943 0.71470
fb: 0.00000 -0.06675 0.39943 0.71470
dist/lin/ang/drive_left/drive_right/tv_l/tv_r/av_l/av_r/x/y/theta/t_err: 0.03882 0.54387 0.51492 0.06675 -0.06675 0.46133 0.60094 0.46133 0.60094 22.47288 -0.07261 1.17442 0.01800
target: 0.54387 0.06736
target: 0.54387 0.06736
fb: 4.51491 -0.06041 -1.00000 -1.00000
fb: 4.51491 -0.04968 -1.00000 -1.00000
dist/lin/ang/drive_left/drive_right/tv_l/tv_r/av_l/av_r/x/y/theta/t_err: -0.05149 -0.62639 0.66331 4.56459 4.46523 0.33931 0.37544 0.33931 0.37544 26.02763 -0.02728 0.59082 0.02818
target: -0.62639 0.08677
target: -0.62639 0.08677
fb: 0.77782 -0.04250 -1.00000 -1.00000
fb: 0.77782 -0.04236 -1.00000 -1.00000
dist/lin/ang/drive_left/drive_right/tv_l/tv_r/av_l/av_r/x/y/theta/t_err: -0.06706 -0.71482 0.69714 0.82019 0.73546 -0.19350 -0.06364 -0.19350 -0.06364 26.64008 -0.02441 0.17240 0.03549
target: -0.71482 0.09119
target: -0.71482 0.09119
fb: 0.67478 -0.05344 -1.00000 -1.00000
fb: 0.67478 -0.06396 -1.00000 -1.00000
dist/lin/ang/drive_left/drive_right/tv_l/tv_r/av_l/av_r/x/y/theta/t_err: -0.08056 -0.78348 0.79433 0.73874 0.61081 -0.54275 -0.33675 -0.54275 -0.33675 27.17140 -0.02556 -0.23341 0.04257
target: -0.78348 0.10391
target: -0.78348 0.10391
fb: 0.31620 -0.07156 -1.00000 -1.00000
fb: 0.31620 -0.07873 -1.00000 -1.00000
dist/lin/ang/drive_left/drive_right/tv_l/tv_r/av_l/av_r/x/y/theta/t_err: -0.08688 -0.81364 0.99831 0.39494 0.23747 -0.60950 -0.60761 -0.60950 -0.60761 27.42037 -0.02832 -0.78613 0.05222
target: -0.81364 0.13059
target: -0.81364 0.13059
fb: 0.14166 -0.07149 -1.00000 -0.80477
fb: 0.14166 -0.05936 -1.00000 -0.80477
dist/lin/ang/drive_left/drive_right/tv_l/tv_r/av_l/av_r/x/y/theta/t_err: -0.08970 -0.82675 1.21720 0.20103 0.08230 -0.47172 -0.43000 -0.47172 -0.43000 27.53188 -0.03084 -1.45346 0.06386
target: -0.82675 0.15922
target: -0.82675 0.15922
fb: -0.04479 -0.04355 -1.00000 -0.61875
fb: -0.04479 -0.03749 -1.00000 -0.61875
dist/lin/ang/drive_left/drive_right/tv_l/tv_r/av_l/av_r/x/y/theta/t_err: -0.08879 -0.82254 1.26690 -0.00731 -0.08228 -0.56294 -0.40022 -0.56294 -0.40022 27.49663 -0.02970 -1.94791 0.07249
target: -0.82254 0.16572
target: -0.82254 0.16572
fb: -0.24228 -0.02808 -0.80848 -0.53346
fb: -0.24228 -0.02118 -0.80848 -0.53346
dist/lin/ang/drive_left/drive_right/tv_l/tv_r/av_l/av_r/x/y/theta/t_err: -0.08393 -0.79972 1.25881 -0.22110 -0.26347 -0.46814 -0.46817 -0.46814 -0.46817 27.30600 -0.02243 -2.24912 0.07775
target: -0.79972 0.16467
target: -0.79972 0.16467
fb: -0.35879 -0.01059 -0.61098 -0.40538
fb: -0.35879 -0.01526 -0.61098 -0.40538
dist/lin/ang/drive_left/drive_right/tv_l/tv_r/av_l/av_r/x/y/theta/t_err: -0.07675 -0.76473 1.23590 -0.34353 -0.37405 -0.39578 -0.37317 -0.39578 -0.37317 27.02373 -0.01071 -2.40654 0.08050
target: -0.76473 0.16167
target: -0.76473 0.16167
fb: -0.37247 -0.01993 -0.50678 -0.32262
fb: -0.37247 -0.02083 -0.50678 -0.32262
dist/lin/ang/drive_left/drive_right/tv_l/tv_r/av_l/av_r/x/y/theta/t_err: -0.06929 -0.72663 1.25739 -0.35164 -0.39331 -0.50103 -0.36703 -0.50103 -0.36703 26.73072 0.00206 -2.53733 0.08278
target: -0.72663 0.16448
target: -0.72663 0.16448
fb: -0.46338 -0.01714 -0.44065 -0.20043
fb: -0.46338 -0.01101 -0.44065 -0.20043
dist/lin/ang/drive_left/drive_right/tv_l/tv_r/av_l/av_r/x/y/theta/t_err: -0.06001 -0.67623 1.32750 -0.45238 -0.47439 -0.46286 -0.29089 -0.46286 -0.29089 26.36625 0.01910 -2.72181 0.08600
target: -0.67623 0.17365
target: -0.67623 0.17365
fb: -0.51215 -0.00251 -0.34979 0.08785
fb: -0.51215 0.01059 -0.34979 0.08785
dist/lin/ang/drive_left/drive_right/tv_l/tv_r/av_l/av_r/x/y/theta/t_err: -0.04976 -0.61579 1.30206 -0.52274 -0.50156 -0.39597 -0.14819 -0.39597 -0.14819 25.96346 0.03874 -2.80166 0.08739
target: -0.61579 0.17032
target: -0.61579 0.17032
fb: -0.42653 0.02216 -0.23387 0.08686
fb: -0.42653 0.03115 -0.23387 0.08686
dist/lin/ang/drive_left/drive_right/tv_l/tv_r/av_l/av_r/x/y/theta/t_err: -0.04124 -0.56058 1.18452 -0.45768 -0.39539 -0.30392 0.05528 -0.30392 0.05528 25.62798 0.05471 -2.68171 0.08530
target: -0.56058 0.15495
target: -0.56058 0.15495
fb: -0.39763 0.04271 -0.15703 -0.09313
fb: -0.39763 0.06306 -0.15703 -0.09313
dist/lin/ang/drive_left/drive_right/tv_l/tv_r/av_l/av_r/x/y/theta/t_err: -0.03331 -0.50377 1.02492 -0.46068 -0.33457 -0.22175 0.02736 -0.22175 0.02736 25.31518 0.06816 -2.37429 0.07994
target: -0.50377 0.13407
target: -0.50377 0.13407
fb: -0.37225 0.07504 -0.17344 -0.18657
fb: -0.37225 0.08236 -0.17344 -0.18657
dist/lin/ang/drive_left/drive_right/tv_l/tv_r/av_l/av_r/x/y/theta/t_err: -0.02589 -0.44416 0.76627 -0.45461 -0.28990 -0.17164 -0.12439 -0.17164 -0.12439 25.02224 0.07821 -1.80454 0.06999
target: -0.44416 0.10024
target: -0.44416 0.10024
fb: -0.48302 0.09093 0.09844 -0.15470
fb: -0.48302 0.09357 0.09844 -0.15470
dist/lin/ang/drive_left/drive_right/tv_l/tv_r/av_l/av_r/x/y/theta/t_err: -0.01626 -0.35203 0.50358 -0.57660 -0.38945 -0.10678 -0.16869 -0.10678 -0.16869 24.64200 0.08655 -1.06290 0.05705
target: -0.35203 0.06587
target: -0.35203 0.06587
fb: -0.48104 0.09497 0.26803 0.05193
fb: -0.48104 0.07992 0.26803 0.05193
dist/lin/ang/drive_left/drive_right/tv_l/tv_r/av_l/av_r/x/y/theta/t_err: -0.00668 -0.00167 0.25943 -0.56095 -0.40112 0.10214 -0.08897 0.10214 -0.08897 24.26324 0.08950 -0.23936 0.04267
target: -0.00167 0.03394
target: -0.00167 0.03394
fb: -0.50421 0.04613 1.00000 0.87431
fb: -0.50421 0.00237 1.00000 0.87431
dist/lin/ang/drive_left/drive_right/tv_l/tv_r/av_l/av_r/x/y/theta/t_err: 0.00338 0.00085 0.19355 -0.50658 -0.50184 0.26797 0.12475 0.26797 0.12475 23.86623 0.08773 0.37743 0.03191
target: 0.00085 0.02532
target: 0.00085 0.02532
fb: -0.16682 -0.03909 0.06618 -0.06039
fb: -0.16682 -0.06675 0.06618 -0.06039
dist/lin/ang/drive_left/drive_right/tv_l/tv_r/av_l/av_r/x/y/theta/t_err: 0.00672 0.00168 0.51102 -0.10007 -0.23357 0.37767 0.13519 0.37767 0.13519 23.73488 0.08688 0.30731 0.03313
target: 0.00168 0.06685
target: 0.00168 0.06685
fb: -0.08341 -0.08347 -0.26840 0.27787
fb: -0.08341 -0.07992 -0.26840 0.27787
dist/lin/ang/drive_left/drive_right/tv_l/tv_r/av_l/av_r/x/y/theta/t_err: 0.00841 0.25321 0.90456 -0.00349 -0.16333 0.06569 -0.03011 0.06569 -0.03011 23.66921 0.08704 -0.30791 0.04387
target: 0.25321 0.11833
target: 0.25321 0.11833
fb: -0.03486 -0.08487 0.46887 1.00000
fb: -0.03486 -0.08347 0.46887 1.00000
final error: 0.36876, x: 0.35824, y: -0.08744
final local error: 0.36876, forwards: 0.35976, sideways: -0.08099
position: 23.64176 0.08744 -1.02922
took 1.20000 time to finish turn
increased target to 32.00000
decreased target to 24.00000
start is 0.00000 0.00000
dist/lin/ang/drive_left/drive_right/tv_l/tv_r/av_l/av_r/x/y/theta/t_err: 0.60960 0.08636 0.00001 -0.00375 -0.00375 0.00000 0.00017 0.00000 0.00017 0.00000 0.00000 -0.00003 0.00000
target: 0.08636 0.00000
target: 0.08636 0.00000
fb: -0.00375 0.00000 0.24369 0.24860
fb: 0.00375 0.00000 0.24369 0.24860
dist/lin/ang/drive_left/drive_right/tv_l/tv_r/av_l/av_r/x/y/theta/t_err: 0.60968 0.17272 -0.00002 0.00375 0.00375 0.02772 0.05425 0.02772 0.05425 -0.00295 0.00000 0.00001 -0.00000
target: 0.17272 -0.00000
target: 0.17272 -0.00000
fb: 0.00375 0.00000 0.27567 0.28052
fb: 0.00000 -0.00181 0.27567 0.28052
dist/lin/ang/drive_left/drive_right/tv_l/tv_r/av_l/av_r/x/y/theta/t_err: 0.60960 0.25908 -0.00008 0.00181 -0.00181 0.20994 0.21781 0.20994 0.21781 -0.00000 -0.00000 0.00012 -0.00000
target: 0.25908 -0.00001
target: 0.25908 -0.00001
fb: 0.00000 -0.00697 0.43719 0.44199
fb: 0.06995 -0.00279 0.40221 0.40702
dist/lin/ang/drive_left/drive_right/tv_l/tv_r/av_l/av_r/x/y/theta/t_err: 0.60960 0.34544 0.02093 0.07274 0.06716 0.26333 0.28678 0.26333 0.28678 -0.00000 -0.00000 -0.03028 0.00053
target: 0.34544 0.00274
target: 0.34544 0.00274
fb: 0.06995 0.00341 0.46310 0.49640
fb: 0.18800 0.00620 0.40407 0.43737
dist/lin/ang/drive_left/drive_right/tv_l/tv_r/av_l/av_r/x/y/theta/t_err: 0.60820 0.43180 0.01505 0.18180 0.19420 0.37353 0.37453 0.37353 0.37453 0.05508 -0.00004 -0.04091 0.00072
target: 0.43180 0.00197
target: 0.43180 0.00197
fb: 0.18800 0.00550 0.49555 0.49616
fb: 0.22309 0.00543 0.47801 0.47862
dist/lin/ang/drive_left/drive_right/tv_l/tv_r/av_l/av_r/x/y/theta/t_err: 0.60444 0.51816 -0.02554 0.21765 0.22852 0.40589 0.40264 0.40589 0.40264 0.20311 -0.00011 0.01136 -0.00019
target: 0.51816 -0.00334
target: 0.51816 -0.00334
fb: 0.22309 0.00474 0.83425 0.78728
fb: 0.30252 0.00488 0.79453 0.74756
dist/lin/ang/drive_left/drive_right/tv_l/tv_r/av_l/av_r/x/y/theta/t_err: 0.59998 0.60452 -0.03530 0.29765 0.30740 0.45342 0.43189 0.45342 0.43189 0.37877 -0.00004 0.05832 -0.00102
target: 0.60452 -0.00462
target: 0.60452 -0.00462
fb: 0.30252 0.00000 0.85590 0.84360
fb: 0.42278 -0.00578 0.79577 0.78347
dist/lin/ang/drive_left/drive_right/tv_l/tv_r/av_l/av_r/x/y/theta/t_err: 0.59393 0.69088 -0.03507 0.42857 0.41700 0.46097 0.37575 0.46097 0.37575 0.61698 0.00025 0.08710 -0.00153
target: 0.69088 -0.00459
target: 0.69088 -0.00459
fb: 0.42278 -0.00592 0.86854 0.86811
fb: 0.49075 -0.01010 0.83455 0.83412
dist/lin/ang/drive_left/drive_right/tv_l/tv_r/av_l/av_r/x/y/theta/t_err: 0.58547 0.77724 0.00810 0.50085 0.48064 0.45464 0.46286 0.45464 0.46286 0.94988 0.00070 0.04204 -0.00076
target: 0.77724 0.00106
target: 0.77724 0.00106
fb: 0.49075 -0.00801 0.88417 0.94191
fb: 0.57989 -0.00446 0.83960 0.89734
dist/lin/ang/drive_left/drive_right/tv_l/tv_r/av_l/av_r/x/y/theta/t_err: 0.57566 0.86360 0.04151 0.58435 0.57543 0.44556 0.52700 0.44556 0.52700 1.33629 0.00085 -0.03467 0.00057
target: 0.86360 0.00543
target: 0.86360 0.00543
fb: 0.57989 -0.00279 0.92107 0.97327
fb: 0.65161 -0.00543 0.88521 0.93742
dist/lin/ang/drive_left/drive_right/tv_l/tv_r/av_l/av_r/x/y/theta/t_err: 0.56406 0.94996 0.03349 0.65704 0.64617 0.45261 0.40622 0.45261 0.40622 1.79290 0.00048 -0.07040 0.00121
target: 0.94996 0.00438
target: 0.94996 0.00438
fb: 0.65161 -0.01198 0.98898 0.99105
fb: 0.69419 -0.00690 0.96769 0.96976
dist/lin/ang/drive_left/drive_right/tv_l/tv_r/av_l/av_r/x/y/theta/t_err: 0.55103 1.03632 0.06004 0.70109 0.68730 0.51025 0.55403 0.51025 0.55403 2.30598 -0.00021 -0.13029 0.00228
target: 1.03632 0.00785
target: 1.03632 0.00785
fb: 0.69419 0.00000 1.00000 1.00000
fb: 0.77385 0.00000 0.98384 1.00000
dist/lin/ang/drive_left/drive_right/tv_l/tv_r/av_l/av_r/x/y/theta/t_err: 0.53714 1.12268 0.06611 0.77385 0.77385 0.53967 0.50325 0.53967 0.50325 2.85258 -0.00165 -0.17425 0.00312
target: 1.12268 0.00865
target: 1.12268 0.00865
fb: 0.77385 -0.00321 1.00000 1.00000
fb: 0.81843 0.00070 1.00000 1.00000
dist/lin/ang/drive_left/drive_right/tv_l/tv_r/av_l/av_r/x/y/theta/t_err: 0.52167 1.20904 0.05184 0.81773 0.81912 0.52617 0.78264 0.52617 0.78264 3.46191 -0.00349 -0.17856 0.00329
target: 1.20904 0.00678
target: 1.20904 0.00678
fb: 0.81843 0.00070 1.00000 1.00000
fb: 0.84358 0.01296 1.00000 1.00000
dist/lin/ang/drive_left/drive_right/tv_l/tv_r/av_l/av_r/x/y/theta/t_err: 0.50530 1.29540 0.05345 0.83062 0.85654 0.62078 0.84819 0.62078 0.84819 4.10634 -0.00551 -0.18083 0.00343
target: 1.29540 0.00699
target: 1.29540 0.00699
fb: 0.84358 0.02278 1.00000 1.00000
fb: 0.96207 0.03031 1.00000 1.00000
dist/lin/ang/drive_left/drive_right/tv_l/tv_r/av_l/av_r/x/y/theta/t_err: 0.48843 1.38176 -0.03504 0.93177 0.99238 0.79600 0.84683 0.79600 0.84683 4.77057 -0.00738 -0.05167 0.00129
target: 1.38176 -0.00458
target: 1.38176 -0.00458
fb: 0.96207 0.03254 1.00000 1.00000
fb: 1.20237 0.03567 1.00000 1.00000
dist/lin/ang/drive_left/drive_right/tv_l/tv_r/av_l/av_r/x/y/theta/t_err: 0.46919 1.46812 -0.16289 1.16670 1.23805 0.85519 0.85983 0.85519 0.85983 5.52811 -0.00721 0.21203 -0.00331
target: 1.46812 -0.02131
target: 1.46812 -0.02131
fb: 1.20237 0.04034 1.00000 1.00000
fb: 1.07638 0.03456 1.00000 1.00000
dist/lin/ang/drive_left/drive_right/tv_l/tv_r/av_l/av_r/x/y/theta/t_err: 0.44514 1.55448 -0.28164 1.04182 1.11094 0.87114 0.86686 0.87114 0.86686 6.47485 -0.00247 0.53662 -0.00923
target: 1.55448 -0.03684
target: 1.55448 -0.03684
fb: 1.07638 0.02871 1.00000 1.00000
fb: 1.24695 0.02327 1.00000 1.00000
dist/lin/ang/drive_left/drive_right/tv_l/tv_r/av_l/av_r/x/y/theta/t_err: 0.42361 1.64084 -0.35986 1.22367 1.27022 0.86594 0.86256 0.86594 0.86256 7.32234 0.00667 0.83359 -0.01495
target: 1.64084 -0.04707
target: 1.64084 -0.04707
fb: 1.24695 0.01846 1.00000 1.00000
fb: 1.32859 0.01665 1.00000 1.00000
dist/lin/ang/drive_left/drive_right/tv_l/tv_r/av_l/av_r/x/y/theta/t_err: 0.39868 1.69088 -0.38927 1.31194 1.34524 0.88103 0.87711 0.88103 0.87711 8.30407 0.02185 1.02697 -0.01932
target: 1.69088 -0.05092
target: 1.69088 -0.05092
fb: 1.32859 0.01198 1.00000 1.00000
fb: 1.41752 0.00843 1.00000 1.00000
dist/lin/ang/drive_left/drive_right/tv_l/tv_r/av_l/av_r/x/y/theta/t_err: 0.37211 1.62411 -0.42570 1.40908 1.42595 0.89319 0.88906 0.89319 0.88906 9.35003 0.04130 1.15646 -0.02300
target: 1.62411 -0.05569
target: 1.62411 -0.05569
fb: 1.41752 0.00975 0.58803 0.47671
fb: 1.51085 0.00857 0.54136 0.43004
dist/lin/ang/drive_left/drive_right/tv_l/tv_r/av_l/av_r/x/y/theta/t_err: 0.34377 1.55267 -0.46813 1.50228 1.51942 0.90361 0.82014 0.90361 0.82014 10.46594 0.06422 1.24133 -0.02641
target: 1.55267 -0.06124
target: 1.55267 -0.06124
fb: 1.51085 0.00571 0.46250 0.33663
fb: 1.62339 0.00209 0.40624 0.28036
dist/lin/ang/drive_left/drive_right/tv_l/tv_r/av_l/av_r/x/y/theta/t_err: 0.31356 1.47393 -0.53470 1.62130 1.62548 0.59667 0.53367 0.59667 0.53367 11.65530 0.09041 1.31368 -0.03025
target: 1.47393 -0.06994
target: 1.47393 -0.06994
fb: 1.62339 -0.00056 0.32167 0.15565
fb: 1.50291 -0.00314 0.38191 0.21589
dist/lin/ang/drive_left/drive_right/tv_l/tv_r/av_l/av_r/x/y/theta/t_err: 0.28111 1.38730 -0.58729 1.50605 1.49978 0.48528 0.38397 0.48528 0.38397 12.93323 0.11990 1.32819 -0.03401
target: 1.38730 -0.07682
target: 1.38730 -0.07682
fb: 1.50291 -0.00648 0.26393 0.10508
fb: 1.46805 -0.02306 0.28136 0.12251
dist/lin/ang/drive_left/drive_right/tv_l/tv_r/av_l/av_r/x/y/theta/t_err: 0.25107 1.30396 -0.62940 1.49111 1.44498 0.41256 0.28967 0.41256 0.28967 14.11630 0.14719 1.29324 -0.03746
target: 1.30396 -0.08233
target: 1.30396 -0.08233
fb: 1.46805 -0.04215 0.21773 -0.06408
fb: 1.37316 -0.04808 0.26517 0.11119
dist/lin/ang/drive_left/drive_right/tv_l/tv_r/av_l/av_r/x/y/theta/t_err: 0.22174 1.22462 -0.55918 1.42124 1.32509 0.40039 0.17489 0.40039 0.17489 15.27197 0.17247 1.03757 -0.03787
target: 1.22462 -0.07315
target: 1.22462 -0.07315
fb: 1.37316 -0.05853 0.13866 0.12919
fb: 1.28004 -0.06313 0.18522 0.17574
dist/lin/ang/drive_left/drive_right/tv_l/tv_r/av_l/av_r/x/y/theta/t_err: 0.19429 1.15155 -0.43587 1.34317 1.21692 0.35469 0.16050 0.35469 0.16050 16.35306 0.19006 0.58163 -0.03500
target: 1.15155 -0.05702
target: 1.15155 -0.05702
fb: 1.28004 -0.06452 0.10476 0.17934
fb: 1.09954 -0.06605 0.19501 0.26959
dist/lin/ang/drive_left/drive_right/tv_l/tv_r/av_l/av_r/x/y/theta/t_err: 0.16871 1.13382 -0.31995 1.16560 1.03349 0.27036 0.19694 0.27036 0.19694 17.36094 0.19790 0.02596 -0.03025
target: 1.13382 -0.04185
target: 1.13382 -0.04185
fb: 1.09954 -0.07887 0.42212 0.50830
fb: 1.11322 -0.09079 0.41528 0.50146
dist/lin/ang/drive_left/drive_right/tv_l/tv_r/av_l/av_r/x/y/theta/t_err: 0.14668 1.05723 -0.01618 1.20401 1.02244 0.27328 0.28886 0.27328 0.28886 18.22672 0.19614 -0.58686 -0.01956
target: 1.05723 -0.00212
target: 1.05723 -0.00212
fb: 1.11322 -0.08535 -0.17461 0.30396
fb: 0.90183 -0.07476 -0.06892 0.40966
dist/lin/ang/drive_left/drive_right/tv_l/tv_r/av_l/av_r/x/y/theta/t_err: 0.12445 0.97383 0.24749 0.97660 0.82707 0.25922 0.36464 0.25922 0.36464 19.10319 0.18419 -1.35719 -0.00611
target: 0.97383 0.03237
target: 0.97383 0.03237
fb: 0.90183 -0.06793 -0.17504 0.30247
fb: 0.95810 -0.05567 -0.20318 0.27433
dist/lin/ang/drive_left/drive_right/tv_l/tv_r/av_l/av_r/x/y/theta/t_err: 0.10643 0.90056 0.35469 1.01377 0.90243 -0.04244 0.35539 -0.04244 0.35539 19.81304 0.16528 -2.00022 0.00511
target: 0.90056 0.04640
target: 0.90056 0.04640
fb: 0.95810 -0.02696 -0.14165 0.17038
fb: 0.89213 0.01080 -0.10866 0.20336
dist/lin/ang/drive_left/drive_right/tv_l/tv_r/av_l/av_r/x/y/theta/t_err: 0.08727 0.81547 0.36035 0.88133 0.90293 -0.15417 0.28711 -0.15417 0.28711 20.56693 0.13722 -2.41542 0.01236
target: 0.81547 0.04714
target: 0.81547 0.04714
fb: 0.89213 0.04738 -0.18005 -0.11445
fb: 0.74671 0.08716 -0.10734 0.08609
dist/lin/ang/drive_left/drive_right/tv_l/tv_r/av_l/av_r/x/y/theta/t_err: 0.06943 0.72735 0.06082 0.65955 0.83387 -0.11808 0.17078 -0.11808 0.17078 21.26877 0.10766 -2.24373 0.00936
target: 0.72735 0.00796
target: 0.72735 0.00796
fb: 0.74671 0.12179 0.12267 -0.34167
fb: 0.56047 0.13900 0.21579 -0.24855
dist/lin/ang/drive_left/drive_right/tv_l/tv_r/av_l/av_r/x/y/theta/t_err: 0.05449 0.64435 -0.43967 0.42147 0.69948 -0.04619 0.02583 -0.04619 0.02583 21.85635 0.08636 -1.40908 -0.00521
target: 0.64435 -0.05751
target: 0.64435 -0.05751
fb: 0.56047 0.13587 0.32540 -0.46332
fb: 0.38196 0.12075 0.41465 -0.37406
dist/lin/ang/drive_left/drive_right/tv_l/tv_r/av_l/av_r/x/y/theta/t_err: 0.04325 0.57407 -0.90033 0.26121 0.50271 0.18017 -0.23647 0.18017 -0.23647 22.29758 0.07781 -0.21263 -0.02609
target: 0.57407 -0.11777
target: 0.57407 -0.11777
fb: 0.38196 0.09253 0.42479 -0.39784
fb: 0.31025 0.05929 0.46064 -0.36198
dist/lin/ang/drive_left/drive_right/tv_l/tv_r/av_l/av_r/x/y/theta/t_err: 0.03557 0.52063 -1.05961 0.25095 0.36954 0.35658 -0.27411 0.35658 -0.27411 22.59834 0.07814 0.77565 -0.04334
target: 0.52063 -0.13861
target: 0.52063 -0.13861
fb: 0.31025 0.02069 0.32434 -0.17144
fb: 0.21338 -0.03268 0.37277 -0.12300
dist/lin/ang/drive_left/drive_right/tv_l/tv_r/av_l/av_r/x/y/theta/t_err: 0.02935 0.47290 -0.92164 0.24606 0.18070 0.41067 -0.28011 0.41067 -0.28011 22.84259 0.08207 1.20103 -0.05076
target: 0.47290 -0.12056
target: 0.47290 -0.12056
fb: 0.21338 -0.08612 0.24784 0.25361
fb: 0.21735 -0.13385 0.24586 0.25163
dist/lin/ang/drive_left/drive_right/tv_l/tv_r/av_l/av_r/x/y/theta/t_err: 0.02510 0.43732 -0.46159 0.35120 0.08350 0.33725 -0.11208 0.33725 -0.11208 23.01057 0.08548 0.80294 -0.04381
target: 0.43732 -0.06038
target: 0.43732 -0.06038
fb: 0.21735 -0.17489 -0.06873 0.47492
fb: 0.20168 -0.20227 -0.06089 0.48275
dist/lin/ang/drive_left/drive_right/tv_l/tv_r/av_l/av_r/x/y/theta/t_err: 0.02080 0.39813 0.22952 0.40395 -0.00059 0.20431 0.21031 0.20431 0.21031 23.18171 0.08708 -0.45149 -0.02192
target: 0.39813 0.03002
target: 0.39813 0.03002
fb: 0.20168 -0.20631 -0.29881 0.63800
fb: 0.22684 -0.19892 -0.31139 0.62542
dist/lin/ang/drive_left/drive_right/tv_l/tv_r/av_l/av_r/x/y/theta/t_err: 0.01682 0.35803 0.89726 0.42576 0.02791 -0.05475 0.40603 -0.05475 0.40603 23.34049 0.08463 -2.21401 0.00884
target: 0.35803 0.11737
target: 0.35803 0.11737
fb: 0.22684 -0.16095 -0.53202 0.77264
fb: 0.28884 -0.10152 -0.42386 0.60248
dist/lin/ang/drive_left/drive_right/tv_l/tv_r/av_l/av_r/x/y/theta/t_err: 0.01232 0.30643 1.25646 0.39036 0.18732 -0.28728 0.35661 -0.28728 0.35661 23.51891 0.07636 -3.85055 0.03741
target: 0.30643 0.16436
target: 0.30643 0.16436
fb: 0.28884 -0.05184 -0.34162 0.38444
fb: 0.16682 -0.02048 -0.28061 0.44545
dist/lin/ang/drive_left/drive_right/tv_l/tv_r/av_l/av_r/x/y/theta/t_err: 0.00656 0.00164 1.08266 0.18730 0.14633 -0.40006 0.40278 -0.40006 0.40278 23.74576 0.06007 -4.63425 0.05108
target: 0.00164 0.14162
target: 0.00164 0.14162
fb: 0.16682 0.03038 -0.64057 -0.66029
fb: 0.12997 0.08326 -0.64057 -0.66029
dist/lin/ang/drive_left/drive_right/tv_l/tv_r/av_l/av_r/x/y/theta/t_err: 0.00322 0.00081 0.77751 0.04671 0.21323 -0.29297 0.31622 -0.29297 0.31622 23.87667 0.04932 -4.68763 0.05202
target: 0.00081 0.10171
target: 0.00081 0.10171
fb: 0.12997 0.13057 0.14914 -0.15677
fb: 0.17851 0.17022 0.14914 -0.15677
dist/lin/ang/drive_left/drive_right/tv_l/tv_r/av_l/av_r/x/y/theta/t_err: 0.00061 0.00015 0.18201 0.00829 0.34873 -0.55064 -0.12028 -0.55064 -0.12028 23.97869 0.04123 -3.85762 0.03753
target: 0.00015 0.02381
target: 0.00015 0.02381
fb: 0.17851 0.20046 0.28318 -0.46893
fb: 0.08517 0.20784 0.37236 -0.37975
final error: 0.12338, x: -0.11899, y: -0.03264
final local error: 0.12338, forwards: -0.11758, sideways: -0.03740
position: 24.11899 0.03264 -2.30427
took 0.90000 time to finish turn
decreased slew to 4.19100
decreased slew to 4.06400
increased slew to 4.19100
increased slew to 4.31800
increased target to 32.00000
decreased target to 24.00000
decreased max accel to 3.68300
increased max accel to 3.81000
decreased max accel to 3.68300
decreased max accel to 3.55600
decreased max accel to 3.42900
decreased max accel to 3.30200
decreased max accel to 3.17500
decreased max accel to 3.04800
decreased max accel to 2.92100
decreased max accel to 2.79400
start is 0.00000 0.00000
dist/lin/ang/drive_left/drive_right/tv_l/tv_r/av_l/av_r/x/y/theta/t_err: 0.60960 0.08636 0.00001 0.00000 0.00000 -0.00017 0.00017 -0.00017 0.00017 0.00000 0.00000 -0.00006 0.00000
target: 0.08636 0.00000
target: 0.08636 0.00000
fb: 0.00000 0.00000 0.24369 0.24860
fb: 0.00000 0.00000 0.24369 0.24860
dist/lin/ang/drive_left/drive_right/tv_l/tv_r/av_l/av_r/x/y/theta/t_err: 0.60960 0.17272 -0.00006 0.00000 0.00000 0.05372 0.00000 0.05372 0.00000 0.00000 0.00000 0.00005 -0.00000
target: 0.17272 -0.00001
target: 0.17272 -0.00001
fb: 0.00000 0.00000 0.27570 0.28050
fb: 0.00596 -0.00091 0.27570 0.28050
dist/lin/ang/drive_left/drive_right/tv_l/tv_r/av_l/av_r/x/y/theta/t_err: 0.60960 0.25908 -0.00005 0.00686 0.00505 0.21678 0.20175 0.21678 0.20175 0.00000 0.00000 0.00011 -0.00000
target: 0.25908 -0.00001
target: 0.25908 -0.00001
fb: 0.00596 -0.00411 0.43417 0.43905
fb: 0.08517 -0.00167 0.39456 0.39945
dist/lin/ang/drive_left/drive_right/tv_l/tv_r/av_l/av_r/x/y/theta/t_err: 0.60948 0.34544 0.01273 0.08685 0.08350 0.28078 0.25153 0.28078 0.25153 0.00469 -0.00000 -0.01840 0.00032
target: 0.34544 0.00167
target: 0.34544 0.00167
fb: 0.08517 0.00000 0.46105 0.48322
fb: 0.18249 0.00000 0.41239 0.43457
dist/lin/ang/drive_left/drive_right/tv_l/tv_r/av_l/av_r/x/y/theta/t_err: 0.60778 0.43180 0.01353 0.18249 0.18249 0.38003 0.36258 0.38003 0.36258 0.07176 -0.00003 -0.03120 0.00055
target: 0.43180 0.00177
target: 0.43180 0.00177
fb: 0.18249 0.00223 0.49451 0.50272
fb: 0.25398 0.00216 0.45876 0.46697
dist/lin/ang/drive_left/drive_right/tv_l/tv_r/av_l/av_r/x/y/theta/t_err: 0.60413 0.51816 0.00276 0.25182 0.25614 0.41392 0.40075 0.41392 0.40075 0.21545 -0.00011 -0.02353 0.00042
target: 0.51816 0.00036
target: 0.51816 0.00036
fb: 0.25398 0.00000 0.79877 0.79187
fb: 0.32591 -0.00091 0.76280 0.75590
dist/lin/ang/drive_left/drive_right/tv_l/tv_r/av_l/av_r/x/y/theta/t_err: 0.59905 0.60452 -0.00427 0.32682 0.32501 0.45275 0.43875 0.45275 0.43875 0.41543 -0.00017 -0.00845 0.00015
target: 0.60452 -0.00056
target: 0.60452 -0.00056
fb: 0.32591 -0.00160 0.83988 0.83623
fb: 0.47883 -0.00132 0.76342 0.75977
dist/lin/ang/drive_left/drive_right/tv_l/tv_r/av_l/av_r/x/y/theta/t_err: 0.59253 0.69088 0.00895 0.48015 0.47751 0.38039 0.33042 0.38039 0.33042 0.67206 -0.00021 -0.01806 0.00032
target: 0.69088 0.00117
target: 0.69088 0.00117
fb: 0.47883 -0.00314 0.82901 0.85158
fb: 0.45588 -0.00941 0.84048 0.86306
dist/lin/ang/drive_left/drive_right/tv_l/tv_r/av_l/av_r/x/y/theta/t_err: 0.58295 0.77724 0.01543 0.46529 0.44648 0.50236 0.51008 0.50236 0.51008 1.04909 -0.00036 -0.03325 0.00060
target: 0.77724 0.00202
target: 0.77724 0.00202
fb: 0.45588 -0.00913 0.92255 0.93840
fb: 0.59534 -0.00418 0.85282 0.86867
dist/lin/ang/drive_left/drive_right/tv_l/tv_r/av_l/av_r/x/y/theta/t_err: 0.57384 0.86360 0.06193 0.59952 0.59116 0.49981 0.50972 0.49981 0.50972 1.40805 -0.00068 -0.10972 0.00194
target: 0.86360 0.00810
target: 0.86360 0.00810
fb: 0.59534 -0.00411 0.90386 0.97504
fb: 0.69817 0.00105 0.85244 0.92362
dist/lin/ang/drive_left/drive_right/tv_l/tv_r/av_l/av_r/x/y/theta/t_err: 0.56193 0.94996 0.05524 0.69712 0.69921 0.43667 0.47278 0.43667 0.47278 1.87682 -0.00166 -0.14636 0.00263
target: 0.94996 0.00723
target: 0.94996 0.00723
fb: 0.69817 -0.00230 0.96301 0.97047
fb: 0.72354 -0.00098 0.95032 0.95778
dist/lin/ang/drive_left/drive_right/tv_l/tv_r/av_l/av_r/x/y/theta/t_err: 0.54797 1.03632 0.04833 0.72452 0.72257 0.52308 0.53592 0.52308 0.53592 2.42655 -0.00306 -0.15732 0.00289
target: 1.03632 0.00632
target: 1.03632 0.00632
fb: 0.72354 0.00571 1.00000 1.00000
fb: 0.72332 0.00787 1.00000 1.00000
dist/lin/ang/drive_left/drive_right/tv_l/tv_r/av_l/av_r/x/y/theta/t_err: 0.53349 1.12268 0.03257 0.71545 0.73119 0.56756 0.40006 0.56756 0.40006 2.99627 -0.00462 -0.13935 0.00265
target: 1.12268 0.00426
target: 1.12268 0.00426
fb: 0.72332 -0.00892 1.00000 1.00000
fb: 0.92898 -0.00634 1.00000 1.00000
dist/lin/ang/drive_left/drive_right/tv_l/tv_r/av_l/av_r/x/y/theta/t_err: 0.51903 1.20904 0.03321 0.93532 0.92264 0.42844 0.73442 0.42844 0.73442 3.56581 -0.00584 -0.12798 0.00252
target: 1.20904 0.00434
target: 1.20904 0.00434
fb: 0.92898 0.01610 1.00000 1.00000
fb: 0.88440 0.02794 1.00000 1.00000
dist/lin/ang/drive_left/drive_right/tv_l/tv_r/av_l/av_r/x/y/theta/t_err: 0.50045 1.29540 0.03289 0.85646 0.91234 0.73544 0.79564 0.73544 0.79564 4.29729 -0.00770 -0.11667 0.00243
target: 1.29540 0.00430
target: 1.29540 0.00430
fb: 0.88440 0.03386 1.00000 1.00000
fb: 0.00000 0.03149 1.00000 1.00000
dist/lin/ang/drive_left/drive_right/tv_l/tv_r/av_l/av_r/x/y/theta/t_err: 0.48276 1.38176 -0.13821 -0.03149 0.03149 0.83964 0.84272 0.83964 0.84272 4.99367 -0.00844 0.13791 -0.00196
target: 1.38176 -0.01808
target: 1.38176 -0.01808
fb: 0.00000 0.02369 1.00000 1.00000
fb: 0.00000 0.01888 1.00000 1.00000
dist/lin/ang/drive_left/drive_right/tv_l/tv_r/av_l/av_r/x/y/theta/t_err: 0.48276 1.46812 -0.20319 -0.01888 0.01888 0.85419 0.85075 0.85419 0.85075 4.99367 -0.00844 0.39137 -0.00639
target: 1.46812 -0.02658
target: 1.46812 -0.02658
fb: 0.00000 0.01902 1.00000 1.00000
fb: 0.00000 0.01359 1.00000 1.00000
dist/lin/ang/drive_left/drive_right/tv_l/tv_r/av_l/av_r/x/y/theta/t_err: 0.48276 1.55448 -0.21175 -0.01359 0.01359 0.86325 0.85725 0.86325 0.85725 4.99367 -0.00844 0.56420 -0.00940
target: 1.55448 -0.02770
target: 1.55448 -0.02770
fb: 0.00000 0.00850 1.00000 1.00000
fb: 0.00000 0.00592 1.00000 1.00000
dist/lin/ang/drive_left/drive_right/tv_l/tv_r/av_l/av_r/x/y/theta/t_err: 0.48276 1.61377 -0.20860 -0.00592 0.00592 0.86906 0.86342 0.86906 0.86342 4.99367 -0.00844 0.66901 -0.01123
target: 1.61377 -0.02729
target: 1.61377 -0.02729
fb: 0.00000 0.00265 1.00000 1.00000
fb: 0.00000 0.00300 1.00000 1.00000
dist/lin/ang/drive_left/drive_right/tv_l/tv_r/av_l/av_r/x/y/theta/t_err: 0.48276 1.61193 -0.19154 -0.00300 0.00300 0.88481 0.87692 0.88481 0.87692 4.99367 -0.00844 0.71061 -0.01196
target: 1.61193 -0.02506
target: 1.61193 -0.02506
fb: 0.00000 0.00125 1.00000 1.00000
fb: 0.00000 0.00125 1.00000 1.00000
dist/lin/ang/drive_left/drive_right/tv_l/tv_r/av_l/av_r/x/y/theta/t_err: 0.48276 1.61108 -0.18658 -0.00125 0.00125 0.89353 0.88719 0.89353 0.88719 4.99367 -0.00844 0.72974 -0.01229
target: 1.61108 -0.02441
target: 1.61108 -0.02441
fb: 0.00000 0.00195 1.00000 1.00000
fb: 0.00000 0.00000 1.00000 1.00000
dist/lin/ang/drive_left/drive_right/tv_l/tv_r/av_l/av_r/x/y/theta/t_err: 0.48276 1.61013 -0.19311 0.00000 0.00000 0.90378 0.89814 0.90378 0.89814 4.99367 -0.00844 0.75132 -0.01267
target: 1.61013 -0.02526
target: 1.61013 -0.02526
fb: 0.00000 -0.00118 1.00000 1.00000
fb: 0.00000 -0.00202 1.00000 1.00000
dist/lin/ang/drive_left/drive_right/tv_l/tv_r/av_l/av_r/x/y/theta/t_err: 0.48276 1.61019 -0.18278 0.00202 -0.00202 0.91289 0.90567 0.91289 0.90567 4.99367 -0.00844 0.74998 -0.01265
target: 1.61019 -0.02391
target: 1.61019 -0.02391
fb: 0.00000 -0.00321 1.00000 1.00000
fb: 0.00000 -0.00369 1.00000 1.00000
dist/lin/ang/drive_left/drive_right/tv_l/tv_r/av_l/av_r/x/y/theta/t_err: 0.48276 1.61091 -0.17214 0.00369 -0.00369 0.92228 0.91661 0.92228 0.91661 4.99367 -0.00844 0.73372 -0.01236
target: 1.61091 -0.02252
target: 1.61091 -0.02252
fb: 0.00000 -0.00369 1.00000 1.00000
fb: 13.69986 -0.00467 -1.00000 -1.00000
dist/lin/ang/drive_left/drive_right/tv_l/tv_r/av_l/av_r/x/y/theta/t_err: 0.48276 1.61215 -0.15983 13.70453 13.69519 0.92264 0.91664 0.92264 0.91664 4.99367 -0.00844 0.70557 -0.01187
target: 1.61215 -0.02091
target: 1.61215 -0.02091
fb: 13.69986 -0.00752 -1.00000 -1.00000
fb: 1.74917 -0.00899 0.66537 0.65802
dist/lin/ang/drive_left/drive_right/tv_l/tv_r/av_l/av_r/x/y/theta/t_err: 0.20881 1.03665 -0.73718 1.75815 1.74018 0.07564 -0.04003 0.07564 -0.04003 15.78017 0.12225 0.64771 -0.02618
target: 1.03665 -0.09643
target: 1.03665 -0.09643
fb: 1.74917 -0.01010 -1.00000 -1.00000
fb: 0.00000 0.00766 -1.00000 -1.00000
dist/lin/ang/drive_left/drive_right/tv_l/tv_r/av_l/av_r/x/y/theta/t_err: 0.17384 0.98560 -0.52386 -0.00766 0.00766 0.02825 0.05969 0.02825 0.05969 17.15738 0.13728 0.55970 -0.02983
target: 0.98560 -0.06853
target: 0.98560 -0.06853
fb: 0.00000 0.02564 0.64747 0.81246
fb: 0.00000 0.02717 0.64747 0.81246
dist/lin/ang/drive_left/drive_right/tv_l/tv_r/av_l/av_r/x/y/theta/t_err: 0.17375 0.98535 -0.51342 -0.02717 0.02717 -0.11175 -0.03903 -0.11175 -0.03903 17.15738 0.13728 0.67705 -0.03188
target: 0.98535 -0.06716
target: 0.98535 -0.06716
fb: 0.00000 0.02257 0.99434 0.92231
fb: 0.00000 0.00843 0.99434 0.92231
dist/lin/ang/drive_left/drive_right/tv_l/tv_r/av_l/av_r/x/y/theta/t_err: 0.17373 0.98528 -0.61632 -0.00843 0.00843 0.25203 0.26489 0.25203 0.26489 17.15738 0.13728 0.90057 -0.03578
target: 0.98528 -0.08062
target: 0.98528 -0.08062
fb: 0.00000 -0.00732 1.00000 0.84735
fb: 0.00000 -0.00557 1.00000 0.84735
dist/lin/ang/drive_left/drive_right/tv_l/tv_r/av_l/av_r/x/y/theta/t_err: 0.17372 0.98527 -0.54453 0.00557 -0.00557 0.63758 0.65244 0.63758 0.65244 17.15738 0.13728 0.93791 -0.03643
target: 0.98527 -0.07123
target: 0.98527 -0.07123
fb: 0.00000 -0.00655 0.96196 0.95670
fb: 0.00000 -0.00509 0.96196 0.95670
dist/lin/ang/drive_left/drive_right/tv_l/tv_r/av_l/av_r/x/y/theta/t_err: 0.17373 0.98529 -0.49123 0.00509 -0.00509 0.85281 0.72172 0.85281 0.72172 17.15738 0.13728 0.88423 -0.03549
target: 0.98529 -0.06426
target: 0.98529 -0.06426
fb: 0.00000 -0.00634 0.96831 0.95063
fb: 7.11560 -0.01010 -1.00000 -1.00000
dist/lin/ang/drive_left/drive_right/tv_l/tv_r/av_l/av_r/x/y/theta/t_err: 0.17373 0.98530 -0.47613 7.12571 7.10550 0.65911 0.81672 0.65911 0.81672 17.15738 0.13728 0.82836 -0.03452
target: 0.98530 -0.06228
target: 0.98530 -0.06228
fb: 7.11560 -0.00111 -1.00000 -1.00000
fb: 1.17148 0.00857 0.40375 0.34374
dist/lin/ang/drive_left/drive_right/tv_l/tv_r/av_l/av_r/x/y/theta/t_err: 0.03143 0.41907 -0.46300 1.16291 1.18005 -0.04583 0.02192 -0.04583 0.02192 22.75966 0.21635 0.77394 -0.03357
target: 0.41907 -0.06056
target: 0.41907 -0.06056
fb: 1.17148 0.01143 -1.00000 -1.00000
fb: 1.21605 0.00300 -1.00000 -1.00000
dist/lin/ang/drive_left/drive_right/tv_l/tv_r/av_l/av_r/x/y/theta/t_err: 0.00799 0.21131 -0.53657 1.21306 1.21905 0.00839 0.04636 0.00839 0.04636 23.68200 0.22902 0.84622 -0.03483
target: 0.21131 -0.07019
target: 0.21131 -0.07019
fb: 1.21605 0.00000 -0.78840 -0.97396
fb: 0.91728 0.01073 -0.63901 -0.82457
dist/lin/ang/drive_left/drive_right/tv_l/tv_r/av_l/av_r/x/y/theta/t_err: -0.01633 -0.30210 -0.51904 0.90655 0.92801 -0.24317 -0.14564 -0.24317 -0.14564 24.63941 0.24340 0.86654 -0.03518
target: -0.30210 -0.06790
target: -0.30210 -0.06790
fb: 0.91728 0.01832 -1.00000 -1.00000
fb: 0.70788 0.01366 -1.00000 -1.00000
dist/lin/ang/drive_left/drive_right/tv_l/tv_r/av_l/av_r/x/y/theta/t_err: -0.03469 -0.44028 -0.59094 0.69422 0.72153 -0.28147 -0.22553 -0.28147 -0.22553 25.36159 0.25458 0.98369 -0.03723
target: -0.44028 -0.07730
target: -0.44028 -0.07730
fb: 0.70788 0.00125 -0.95825 -1.00000
fb: 0.39167 -0.01394 -0.80015 -0.99327
dist/lin/ang/drive_left/drive_right/tv_l/tv_r/av_l/av_r/x/y/theta/t_err: -0.04886 -0.52251 -0.60080 0.40561 0.37774 -0.44367 -0.44042 -0.44367 -0.44042 25.91889 0.26449 1.07215 -0.03877
target: -0.52251 -0.07859
target: -0.52251 -0.07859
fb: 0.39167 -0.03052 -1.00000 -1.00000
fb: 0.18624 -0.03379 -0.93965 -1.00000
dist/lin/ang/drive_left/drive_right/tv_l/tv_r/av_l/av_r/x/y/theta/t_err: -0.05667 -0.56276 -0.45252 0.22003 0.15244 -0.39578 -0.28525 -0.39578 -0.28525 26.22724 0.27015 0.91305 -0.03600
target: -0.56276 -0.05919
target: -0.56276 -0.05919
fb: 0.18624 -0.02473 -0.89352 -0.80362
fb: 0.00971 -0.02655 -0.80526 -0.71536
dist/lin/ang/drive_left/drive_right/tv_l/tv_r/av_l/av_r/x/y/theta/t_err: -0.06037 -0.58082 -0.33736 0.03626 -0.01684 -0.32428 -0.40775 -0.32428 -0.40775 26.37387 0.27229 0.64530 -0.03132
target: -0.58082 -0.04413
target: -0.58082 -0.04413
fb: 0.00971 -0.01756 -0.71247 -0.64137
fb: -0.01346 -0.01303 -0.70088 -0.62979
dist/lin/ang/drive_left/drive_right/tv_l/tv_r/av_l/av_r/x/y/theta/t_err: -0.06054 -0.58164 -0.31573 -0.00043 -0.02649 -0.37183 -0.36431 -0.37183 -0.36431 26.38151 0.27237 0.44446 -0.02782
target: -0.58164 -0.04130
target: -0.58164 -0.04130
fb: -0.01346 -0.01136 -0.57091 -0.60615
fb: -0.18425 -0.01853 -0.48552 -0.52075
dist/lin/ang/drive_left/drive_right/tv_l/tv_r/av_l/av_r/x/y/theta/t_err: -0.06026 -0.58029 -0.33078 -0.16572 -0.20278 -0.37817 -0.29022 -0.37817 -0.29022 26.37091 0.27229 0.33919 -0.02598
target: -0.58029 -0.04327
target: -0.58029 -0.04327
fb: -0.18425 -0.01505 -0.45157 -0.53263
fb: -0.27935 -0.00230 -0.40402 -0.48508
dist/lin/ang/drive_left/drive_right/tv_l/tv_r/av_l/av_r/x/y/theta/t_err: -0.05656 -0.56218 -0.27455 -0.27706 -0.28165 -0.41478 -0.39081 -0.41478 -0.39081 26.22583 0.27152 0.19099 -0.02339
target: -0.56218 -0.03591
target: -0.56218 -0.03591
fb: -0.27935 -0.00341 -0.35901 -0.34628
fb: -0.34533 -0.01303 -0.32602 -0.31329
dist/lin/ang/drive_left/drive_right/tv_l/tv_r/av_l/av_r/x/y/theta/t_err: -0.05097 -0.53368 -0.31778 -0.33230 -0.35836 -0.38331 -0.40519 -0.38331 -0.40519 26.00587 0.27083 0.15990 -0.02285
target: -0.53368 -0.04157
target: -0.53368 -0.04157
fb: -0.34533 -0.01261 -0.19092 -0.30283
fb: -0.37424 -0.00934 -0.17646 -0.28838
dist/lin/ang/drive_left/drive_right/tv_l/tv_r/av_l/av_r/x/y/theta/t_err: -0.04405 -0.49613 -0.25954 -0.36490 -0.38357 -0.29278 -0.30969 -0.29278 -0.30969 25.73396 0.27018 0.05574 -0.02103
target: -0.49613 -0.03395
target: -0.49613 -0.03395
fb: -0.37424 -0.00996 -0.21999 -0.20181
fb: -0.30451 -0.01428 -0.25485 -0.23667
dist/lin/ang/drive_left/drive_right/tv_l/tv_r/av_l/av_r/x/y/theta/t_err: -0.03655 -0.45196 -0.24523 -0.29023 -0.31879 -0.19319 -0.26028 -0.19319 -0.26028 25.43928 0.27001 -0.03093 -0.01952
target: -0.45196 -0.03208
target: -0.45196 -0.03208
fb: -0.30451 -0.01763 -0.17855 -0.20958
fb: -0.31598 -0.01463 -0.17281 -0.20384
dist/lin/ang/drive_left/drive_right/tv_l/tv_r/av_l/av_r/x/y/theta/t_err: -0.03045 -0.41248 -0.19260 -0.30135 -0.33062 -0.21836 -0.22244 -0.21836 -0.22244 25.19951 0.27026 -0.16213 -0.01723
target: -0.41248 -0.02519
target: -0.41248 -0.02519
fb: -0.31598 -0.01031 -0.17505 -0.15174
fb: -0.49075 -0.01554 -0.08767 -0.06436
dist/lin/ang/drive_left/drive_right/tv_l/tv_r/av_l/av_r/x/y/theta/t_err: -0.02411 -0.36708 -0.16805 -0.47521 -0.50628 -0.18239 -0.19353 -0.18239 -0.19353 24.95070 0.27112 -0.28077 -0.01516
target: -0.36708 -0.02198
target: -0.36708 -0.02198
fb: -0.49075 -0.01603 0.05612 0.06046
fb: -0.54106 -0.01407 0.08128 0.08561
dist/lin/ang/drive_left/drive_right/tv_l/tv_r/av_l/av_r/x/y/theta/t_err: -0.01428 -0.28251 -0.12987 -0.52698 -0.55513 -0.08725 -0.07614 -0.08725 -0.07614 24.56430 0.27322 -0.41125 -0.01288
target: -0.28251 -0.01699
target: -0.28251 -0.01699
fb: -0.54106 -0.01073 0.22181 0.24889
fb: -0.39564 0.00327 0.14910 0.17619
dist/lin/ang/drive_left/drive_right/tv_l/tv_r/av_l/av_r/x/y/theta/t_err: -0.00345 -0.00086 -0.10804 -0.39892 -0.39237 0.08692 0.09050 0.08692 0.09050 24.13828 0.27652 -0.52550 -0.01089
target: -0.00086 -0.01413
target: -0.00086 -0.01413
fb: -0.39564 0.01261 0.79601 0.80767
fb: -0.31422 0.01247 0.75530 0.76696
dist/lin/ang/drive_left/drive_right/tv_l/tv_r/av_l/av_r/x/y/theta/t_err: 0.00446 0.00111 -0.19337 -0.32669 -0.30175 0.16256 0.23511 0.16256 0.23511 23.82676 0.27937 -0.47403 -0.01179
target: 0.00111 -0.02530
target: 0.00111 -0.02530
fb: -0.31422 0.01059 0.26824 0.13877
fb: -0.13372 0.01031 0.11057 -0.10673
dist/lin/ang/drive_left/drive_right/tv_l/tv_r/av_l/av_r/x/y/theta/t_err: 0.01073 0.24487 -0.24310 -0.14403 -0.12341 0.32819 0.18858 0.32819 0.18858 23.57935 0.28129 -0.36932 -0.01361
target: 0.24487 -0.03180
target: 0.24487 -0.03180
fb: -0.13372 0.00000 0.85700 0.76075
fb: -0.00397 -0.00571 0.79213 0.69587
dist/lin/ang/drive_left/drive_right/tv_l/tv_r/av_l/av_r/x/y/theta/t_err: 0.01340 0.27361 -0.23936 0.00174 -0.00969 0.19967 0.04261 0.19967 0.04261 23.47407 0.28193 -0.30848 -0.01468
target: 0.27361 -0.03131
target: 0.27361 -0.03131
fb: -0.00397 -0.01289 0.35531 0.32265
fb: -0.01346 -0.01860 0.36006 0.32740
final error: 0.59950, x: 0.52906, y: -0.28194
final local error: 0.59950, forwards: 0.53089, sideways: -0.27849
position: 23.47094 0.28194 -0.37302
took 1.06000 time to finish turn
dist/lin/ang/drive_left/drive_right/tv_l/tv_r/av_l/av_r/x/y/theta/t_err: -0.61528 -0.08636 0.33605 0.00000 0.00000 0.00000 -0.00033 0.00000 -0.00033 24.22217 0.27306 179.31798 0.02318
target: -0.08636 0.04396
target: -0.08636 0.04396
fb: 0.00000 0.00000 -0.47097 0.06651
fb: 0.00000 0.00000 -0.47097 0.06651
dist/lin/ang/drive_left/drive_right/tv_l/tv_r/av_l/av_r/x/y/theta/t_err: -0.61528 -0.17272 0.33606 0.00000 0.00000 -0.02806 0.00667 -0.02806 0.00667 24.22217 0.27306 179.31797 0.02318
target: -0.17272 0.04396
target: -0.17272 0.04396
fb: 0.00000 0.00000 -0.30510 -0.25109
fb: 0.00000 0.01484 -0.30510 -0.25109
dist/lin/ang/drive_left/drive_right/tv_l/tv_r/av_l/av_r/x/y/theta/t_err: -0.61528 -0.25908 0.33614 -0.01484 0.01484 -0.35161 0.02431 -0.35161 0.02431 24.22217 0.27306 179.31785 0.02318
target: -0.25908 0.04397
target: -0.25908 0.04397
fb: 0.00000 0.03707 -0.46665 -0.41253
fb: -0.01147 0.05205 -0.46092 -0.40679
dist/lin/ang/drive_left/drive_right/tv_l/tv_r/av_l/av_r/x/y/theta/t_err: -0.61528 -0.34544 0.21574 -0.06352 0.04057 -0.33911 -0.22517 -0.33911 -0.22517 24.22217 0.27306 179.49242 0.02013
target: -0.34544 0.02822
target: -0.34544 0.02822
fb: -0.01147 0.04996 -0.45457 -0.56340
fb: -0.11254 0.04229 -0.40404 -0.51287
dist/lin/ang/drive_left/drive_right/tv_l/tv_r/av_l/av_r/x/y/theta/t_err: -0.61505 -0.43180 -0.01361 -0.15483 -0.07024 -0.41219 -0.35300 -0.41219 -0.35300 24.21313 0.27312 179.93598 0.01240
target: -0.43180 -0.00178
target: -0.43180 -0.00178
fb: -0.11254 0.03616 -0.39494 -0.67223
fb: -0.22706 0.03080 -0.33768 -0.61497
dist/lin/ang/drive_left/drive_right/tv_l/tv_r/av_l/av_r/x/y/theta/t_err: -0.61280 -0.51816 -0.06282 -0.25786 -0.19626 -0.39167 -0.35744 -0.39167 -0.35744 24.12452 0.27307 180.29010 0.00626
target: -0.51816 -0.00822
target: -0.51816 -0.00822
fb: -0.22706 0.02919 -0.77165 -0.84590
fb: -0.28884 0.02599 -0.74076 -0.81501
dist/lin/ang/drive_left/drive_right/tv_l/tv_r/av_l/av_r/x/y/theta/t_err: -0.60826 -0.60452 -0.09262 -0.31483 -0.26285 -0.38519 -0.38822 -0.38519 -0.38822 23.94574 0.27195 180.55818 0.00161
target: -0.60452 -0.01212
target: -0.60452 -0.01212
fb: -0.28884 0.02216 -0.82824 -0.88493
fb: -0.34533 0.02181 -0.80000 -0.85669
dist/lin/ang/drive_left/drive_right/tv_l/tv_r/av_l/av_r/x/y/theta/t_err: -0.60248 -0.69088 -0.12508 -0.36714 -0.32352 -0.38739 -0.41717 -0.38739 -0.41717 23.71832 0.26950 180.77390 -0.00214
target: -0.69088 -0.01636
target: -0.69088 -0.01636
fb: -0.34533 0.01714 -0.87425 -0.93984
fb: -0.41881 0.01442 -0.83751 -0.90310
dist/lin/ang/drive_left/drive_right/tv_l/tv_r/av_l/av_r/x/y/theta/t_err: -0.59558 -0.77724 -0.15117 -0.43323 -0.40439 -0.48389 -0.43444 -0.48389 -0.43444 23.44643 0.26560 180.94607 -0.00518
target: -0.77724 -0.01977
target: -0.77724 -0.01977
fb: -0.41881 0.02111 -0.91765 -0.98037
fb: -0.54106 0.02578 -0.85653 -0.91925
dist/lin/ang/drive_left/drive_right/tv_l/tv_r/av_l/av_r/x/y/theta/t_err: -0.58720 -0.86360 -0.17615 -0.56684 -0.51528 -0.53933 -0.44658 -0.53933 -0.44658 23.11671 0.25998 181.08785 -0.00774
target: -0.86360 -0.02304
target: -0.86360 -0.02304
fb: -0.54106 0.02473 -0.93366 -0.99952
fb: -0.58960 0.02257 -0.90938 -0.97525
dist/lin/ang/drive_left/drive_right/tv_l/tv_r/av_l/av_r/x/y/theta/t_err: -0.57638 -0.94996 -0.26668 -0.61218 -0.56703 -0.54736 -0.47517 -0.54736 -0.47517 22.69076 0.25149 181.30253 -0.01165
target: -0.94996 -0.03488
target: -0.94996 -0.03488
fb: -0.58960 0.02397 -0.94153 -1.00000
fb: -0.65933 0.03756 -0.90667 -1.00000
dist/lin/ang/drive_left/drive_right/tv_l/tv_r/av_l/av_r/x/y/theta/t_err: -0.56459 -1.03632 -0.31958 -0.69689 -0.62177 -0.46631 -0.50906 -0.46631 -0.50906 22.22664 0.24052 181.50603 -0.01546
target: -1.03632 -0.04180
target: -1.03632 -0.04180
fb: -0.65933 0.03804 -1.00000 -1.00000
fb: -0.76613 0.03491 -0.94945 -1.00000
dist/lin/ang/drive_left/drive_right/tv_l/tv_r/av_l/av_r/x/y/theta/t_err: -0.55140 -1.12268 -0.45633 -0.80104 -0.73122 -0.56978 -0.71419 -0.56978 -0.71419 21.70768 0.22621 181.81974 -0.02134
target: -1.12268 -0.05969
target: -1.12268 -0.05969
fb: -0.76613 0.02418 -0.96677 -1.00000
fb: -0.75046 0.01491 -0.97461 -1.00000
dist/lin/ang/drive_left/drive_right/tv_l/tv_r/av_l/av_r/x/y/theta/t_err: -0.53609 -1.20904 -0.52327 -0.76537 -0.73555 -0.55611 -0.80883 -0.55611 -0.80883 21.10476 0.20622 182.09271 -0.02675
target: -1.20904 -0.06845
target: -1.20904 -0.06845
fb: -0.75046 0.00286 -1.00000 -1.00000
fb: -0.88242 -0.00927 -1.00000 -1.00000
dist/lin/ang/drive_left/drive_right/tv_l/tv_r/av_l/av_r/x/y/theta/t_err: -0.52108 -1.29540 -0.48864 -0.87315 -0.89168 -0.51642 -0.78575 -0.51642 -0.78575 20.51425 0.18428 182.19363 -0.02930
target: -1.29540 -0.06392
target: -1.29540 -0.06392
fb: -0.88242 -0.02522 -1.00000 -1.00000
fb: -0.96583 -0.03463 -1.00000 -1.00000
dist/lin/ang/drive_left/drive_right/tv_l/tv_r/av_l/av_r/x/y/theta/t_err: -0.50344 -1.38176 -0.38641 -0.93120 -1.00045 -0.76092 -0.83533 -0.76092 -0.83533 19.81994 0.15783 182.07940 -0.02833
target: -1.38176 -0.05055
target: -1.38176 -0.05055
fb: -1.95107 -0.03958 -0.75711 -0.71049
fb: -0.98524 -0.04355 -1.00000 -1.00000
dist/lin/ang/drive_left/drive_right/tv_l/tv_r/av_l/av_r/x/y/theta/t_err: -0.46443 -1.46812 -0.27951 -0.94170 -1.02879 -0.76436 -0.74653 -0.76436 -0.74653 18.28453 0.10614 181.76533 -0.02501
target: -1.46812 -0.03656
target: -1.46812 -0.03656
fb: -1.16751 -0.03804 -1.00000 -1.00000
fb: -1.16751 -0.03156 -1.00000 -1.00000
dist/lin/ang/drive_left/drive_right/tv_l/tv_r/av_l/av_r/x/y/theta/t_err: -0.44109 -1.55448 -0.15383 -1.13595 -1.19907 -0.73903 -0.71628 -0.73903 -0.71628 17.36555 0.08224 181.40126 -0.01972
target: -1.55448 -0.02012
target: -1.55448 -0.02012
fb: 0.00000 -0.02062 -1.00000 -1.00000
fb: 0.00000 -0.01324 -1.00000 -1.00000
dist/lin/ang/drive_left/drive_right/tv_l/tv_r/av_l/av_r/x/y/theta/t_err: -0.44109 -1.64084 -0.12206 0.01324 -0.01324 -0.85297 -0.85333 -0.85297 -0.85333 17.36555 0.08224 181.16353 -0.01557
target: -1.64084 -0.01597
target: -1.64084 -0.01597
fb: 0.00000 -0.00850 -1.00000 -1.00000
fb: 0.00000 -0.01184 -1.00000 -1.00000
dist/lin/ang/drive_left/drive_right/tv_l/tv_r/av_l/av_r/x/y/theta/t_err: -0.44109 -1.72720 -0.14757 0.01184 -0.01184 -0.86411 -0.86375 -0.86411 -0.86375 17.36555 0.08224 181.05007 -0.01359
target: -1.72720 -0.01930
target: -1.72720 -0.01930
fb: 0.00000 -0.01352 -1.00000 -1.00000
fb: 0.00000 -0.01428 -1.00000 -1.00000
dist/lin/ang/drive_left/drive_right/tv_l/tv_r/av_l/av_r/x/y/theta/t_err: -0.44109 -1.74591 -0.11879 0.01428 -0.01428 -0.87658 -0.87506 -0.87658 -0.87506 17.36555 0.08224 180.93651 -0.01161
target: -1.74591 -0.01554
target: -1.74591 -0.01554
fb: 0.00000 -0.01435 -1.00000 -1.00000
fb: 0.00000 -0.01219 -1.00000 -1.00000
dist/lin/ang/drive_left/drive_right/tv_l/tv_r/av_l/av_r/x/y/theta/t_err: -0.44109 -1.75255 -0.07287 0.01219 -0.01219 -0.88600 -0.88444 -0.88600 -0.88444 17.36555 0.08224 180.79802 -0.00919
target: -1.75255 -0.00953
target: -1.75255 -0.00953
fb: 0.00000 -0.01038 -1.00000 -1.00000
fb: 0.00000 -0.01045 -1.00000 -1.00000
dist/lin/ang/drive_left/drive_right/tv_l/tv_r/av_l/av_r/x/y/theta/t_err: -0.44109 -1.75747 -0.06276 0.01045 -0.01045 -0.89319 -0.89081 -0.89319 -0.89081 17.36555 0.08224 180.69571 -0.00741
target: -1.75747 -0.00821
target: -1.75747 -0.00821
fb: 0.00000 -0.00822 -1.00000 -1.00000
fb: 0.00000 -0.00474 -1.00000 -1.00000
dist/lin/ang/drive_left/drive_right/tv_l/tv_r/av_l/av_r/x/y/theta/t_err: -0.44109 -1.76086 -0.05882 0.00474 -0.00474 -0.90242 -0.90036 -0.90242 -0.90036 17.36555 0.08224 180.62525 -0.00618
target: -1.76086 -0.00769
target: -1.76086 -0.00769
fb: 0.00000 -0.00523 -1.00000 -1.00000
fb: 0.00000 -0.00669 -1.00000 -1.00000
dist/lin/ang/drive_left/drive_right/tv_l/tv_r/av_l/av_r/x/y/theta/t_err: -0.44109 -1.76286 -0.06107 0.00669 -0.00669 -0.90706 -0.90311 -0.90706 -0.90311 17.36555 0.08224 180.58392 -0.00546
target: -1.76286 -0.00799
target: -1.76286 -0.00799
fb: 0.00000 -0.00627 -1.00000 -1.00000
fb: 0.00000 -0.00829 -1.00000 -1.00000
dist/lin/ang/drive_left/drive_right/tv_l/tv_r/av_l/av_r/x/y/theta/t_err: -0.44109 -1.76574 -0.03801 0.00829 -0.00829 -0.91456 -0.90944 -0.91456 -0.90944 17.36555 0.08224 180.52431 -0.00442
target: -1.76574 -0.00497
target: -1.76574 -0.00497
fb: 0.00000 -0.00941 -1.00000 -1.00000
fb: 0.00000 -0.00766 -1.00000 -1.00000
dist/lin/ang/drive_left/drive_right/tv_l/tv_r/av_l/av_r/x/y/theta/t_err: -0.44109 -1.76955 -0.00963 0.00766 -0.00766 -0.92003 -0.91614 -0.92003 -0.91614 17.36555 0.08224 180.44540 -0.00304
target: -1.76955 -0.00126
target: -1.76955 -0.00126
fb: 0.00000 -0.00759 -1.00000 -1.00000
fb: 0.00000 -0.00599 -1.00000 -1.00000
dist/lin/ang/drive_left/drive_right/tv_l/tv_r/av_l/av_r/x/y/theta/t_err: -0.44109 -1.77286 0.00304 0.00599 -0.00599 -0.92656 -0.92347 -0.92656 -0.92347 17.36555 0.08224 180.37709 -0.00185
target: -1.77286 0.00040
target: -1.77286 0.00040
fb: 0.00000 -0.00439 -1.00000 -1.00000
fb: 0.00000 -0.00585 -1.00000 -1.00000
dist/lin/ang/drive_left/drive_right/tv_l/tv_r/av_l/av_r/x/y/theta/t_err: -0.44109 -1.77528 0.00754 0.00585 -0.00585 -0.93289 -0.93033 -0.93289 -0.93033 17.36555 0.08224 180.32733 -0.00098
target: -1.77528 0.00099
target: -1.77528 0.00099
fb: -18.17593 -0.00697 1.00000 1.00000
fb: -18.17593 -0.00620 1.00000 1.00000
dist/lin/ang/drive_left/drive_right/tv_l/tv_r/av_l/av_r/x/y/theta/t_err: -0.07757 -0.76883 -0.02281 -18.16973 -18.18213 -0.52411 -0.66031 -0.52411 -0.66031 3.05397 0.01080 180.27118 -0.00120
target: -0.76883 -0.00298
target: -0.76883 -0.00298
fb: -1.89105 -0.00697 1.00000 1.00000
fb: -1.89105 -0.00355 1.00000 1.00000
dist/lin/ang/drive_left/drive_right/tv_l/tv_r/av_l/av_r/x/y/theta/t_err: -0.03975 -0.55036 0.01776 -1.88750 -1.89460 0.17350 0.19028 0.17350 0.19028 1.56496 0.00474 180.22027 -0.00031
target: -0.55036 0.00232
target: -0.55036 0.00232
fb: -1.70459 -0.00056 1.00000 1.00000
fb: -1.70459 -0.00564 1.00000 1.00000
dist/lin/ang/drive_left/drive_right/tv_l/tv_r/av_l/av_r/x/y/theta/t_err: -0.00566 -0.00141 0.00994 -1.69895 -1.71024 0.18514 0.15281 0.18514 0.15281 0.22277 -0.00008 180.19938 0.00006
target: -0.00141 0.00130
target: -0.00141 0.00130
fb: -1.30321 -0.00432 1.00000 1.00000
fb: -1.30321 -0.00390 1.00000 1.00000
dist/lin/ang/drive_left/drive_right/tv_l/tv_r/av_l/av_r/x/y/theta/t_err: 0.02041 0.39433 0.03624 -1.29931 -1.30712 0.50153 0.41856 0.50153 0.41856 -0.80338 -0.00293 180.14801 0.00095
target: 0.39433 0.00474
target: 0.39433 0.00474
fb: -1.03180 -0.00202 1.00000 1.00000
fb: -1.03180 0.00355 1.00000 1.00000
dist/lin/ang/drive_left/drive_right/tv_l/tv_r/av_l/av_r/x/y/theta/t_err: 0.04104 0.55923 0.03955 -1.03536 -1.02825 0.51111 0.45481 0.51111 0.45481 -1.61582 -0.00460 180.11070 0.00160
target: 0.55923 0.00517
target: 0.55923 0.00517
fb: 0.00000 0.00704 1.00000 1.00000
fb: 0.00000 0.00746 1.00000 1.00000
dist/lin/ang/drive_left/drive_right/tv_l/tv_r/av_l/av_r/x/y/theta/t_err: 0.04104 0.55923 -0.00463 -0.00746 0.00746 0.54569 0.46744 0.54569 0.46744 -1.61582 -0.00460 180.15116 0.00090
target: 0.55923 -0.00061
target: 0.55923 -0.00061
fb: 0.00000 0.00453 0.59486 0.54738
fb: 0.00000 0.00000 0.59486 0.54738
dist/lin/ang/drive_left/drive_right/tv_l/tv_r/av_l/av_r/x/y/theta/t_err: 0.04104 0.55923 -0.02918 0.00000 0.00000 0.51058 0.53283 0.51058 0.53283 -1.61582 -0.00460 180.21239 -0.00017
target: 0.55923 -0.00382
target: 0.55923 -0.00382
fb: 0.00000 -0.01651 0.58546 0.55677
fb: 0.00000 -0.02041 0.58546 0.55677
dist/lin/ang/drive_left/drive_right/tv_l/tv_r/av_l/av_r/x/y/theta/t_err: 0.04104 0.55923 0.03498 0.02041 -0.02041 0.32153 0.37933 0.32153 0.37933 -1.61582 -0.00460 180.15807 0.00078
target: 0.55923 0.00458
target: 0.55923 0.00458
fb: 0.00000 -0.00467 0.52761 0.61462
fb: 0.00000 0.00564 0.52761 0.61462
dist/lin/ang/drive_left/drive_right/tv_l/tv_r/av_l/av_r/x/y/theta/t_err: 0.04104 0.55923 0.09789 -0.00564 0.00564 0.34994 0.39303 0.34994 0.39303 -1.61582 -0.00460 180.03245 0.00297
target: 0.55923 0.01280
target: 0.55923 0.01280
fb: 0.00000 0.00523 0.52283 0.61939
fb: 0.00000 0.00530 0.52283 0.61939
dist/lin/ang/drive_left/drive_right/tv_l/tv_r/av_l/av_r/x/y/theta/t_err: 0.04104 0.55923 0.01573 -0.00530 0.00530 0.31569 0.44128 0.31569 0.44128 -1.61582 -0.00460 180.07211 0.00228
target: 0.55923 0.00206
target: 0.55923 0.00206
fb: 0.00000 0.00871 0.61543 0.52680
fb: 0.00000 0.00962 0.61543 0.52680
dist/lin/ang/drive_left/drive_right/tv_l/tv_r/av_l/av_r/x/y/theta/t_err: 0.04104 0.55923 -0.00932 -0.00962 0.00962 0.42642 0.50922 0.42642 0.50922 -1.61582 -0.00460 180.13355 0.00121
target: 0.55923 -0.00122
target: 0.55923 -0.00122
fb: 0.00000 0.00725 0.58401 0.55822
fb: 0.00000 0.00000 0.58401 0.55822
dist/lin/ang/drive_left/drive_right/tv_l/tv_r/av_l/av_r/x/y/theta/t_err: 0.04104 0.55923 -0.03674 0.00000 0.00000 0.42128 0.37164 0.42128 0.37164 -1.61582 -0.00460 180.21221 -0.00017
target: 0.55923 -0.00481
target: 0.55923 -0.00481
fb: 0.00000 -0.00746 0.58781 0.55443
fb: 0.00000 -0.00955 0.58781 0.55443
dist/lin/ang/drive_left/drive_right/tv_l/tv_r/av_l/av_r/x/y/theta/t_err: 0.04104 0.55923 0.01052 0.00955 -0.00955 0.42400 0.49194 0.42400 0.49194 -1.61582 -0.00460 180.19344 0.00016
target: 0.55923 0.00138
target: 0.55923 0.00138
fb: 0.00000 -0.00899 0.53971 0.60252
fb: 0.00000 -0.00537 0.53971 0.60252
dist/lin/ang/drive_left/drive_right/tv_l/tv_r/av_l/av_r/x/y/theta/t_err: 0.04104 0.55923 0.05986 0.00537 -0.00537 0.49025 0.49964 0.49025 0.49964 -1.61582 -0.00460 180.10999 0.00162
target: 0.55923 0.00783
target: 0.55923 0.00783
fb: 0.00000 0.00146 0.53415 0.60808
fb: 0.00000 0.00975 0.53415 0.60808
dist/lin/ang/drive_left/drive_right/tv_l/tv_r/av_l/av_r/x/y/theta/t_err: 0.04104 0.55923 0.04410 -0.00975 0.00975 0.48183 0.54772 0.48183 0.54772 -1.61582 -0.00460 180.08003 0.00214
target: 0.55923 0.00577
target: 0.55923 0.00577
fb: 0.00000 0.01435 0.57386 0.56837
fb: 0.00000 0.01310 0.57386 0.56837
dist/lin/ang/drive_left/drive_right/tv_l/tv_r/av_l/av_r/x/y/theta/t_err: 0.04104 0.55923 -0.03428 -0.01310 0.01310 0.51317 0.49244 0.51317 0.49244 -1.61582 -0.00460 180.17476 0.00049
target: 0.55923 -0.00448
target: 0.55923 -0.00448
fb: 0.00000 0.01101 0.61759 0.52464
fb: 0.00000 0.00822 0.61759 0.52464
dist/lin/ang/drive_left/drive_right/tv_l/tv_r/av_l/av_r/x/y/theta/t_err: 0.04104 0.55923 -0.06941 -0.00822 0.00822 0.54808 0.48442 0.54808 0.48442 -1.61582 -0.00460 180.28568 -0.00145
target: 0.55923 -0.00908
target: 0.55923 -0.00908
fb: -1.64457 0.00293 1.00000 1.00000
fb: -1.64457 -0.01017 1.00000 1.00000
dist/lin/ang/drive_left/drive_right/tv_l/tv_r/av_l/av_r/x/y/theta/t_err: 0.07393 0.75058 -0.06602 -1.63440 -1.65475 0.57922 0.50922 0.57922 0.50922 -2.91074 -0.01224 180.35097 -0.00259
target: 0.75058 -0.00864
target: 0.75058 -0.00864
fb: 0.68647 -0.00146 1.00000 1.00000
fb: 0.68647 -0.00362 1.00000 1.00000
dist/lin/ang/drive_left/drive_right/tv_l/tv_r/av_l/av_r/x/y/theta/t_err: 0.06020 0.67731 -0.01373 0.69009 0.68285 0.72036 0.74931 0.72036 0.74931 -2.37022 -0.00923 180.31644 -0.00199
target: 0.67731 -0.00180
target: 0.67731 -0.00180
fb: 0.78555 -0.00139 -0.19409 -0.13929
fb: 0.78555 0.00000 -0.19409 -0.13929
dist/lin/ang/drive_left/drive_right/tv_l/tv_r/av_l/av_r/x/y/theta/t_err: 0.04449 0.58227 -0.01447 0.78555 0.78555 0.59236 0.47636 0.59236 0.47636 -1.75168 -0.00602 180.29566 -0.00162
target: 0.58227 -0.00189
target: 0.58227 -0.00189
fb: 0.70589 0.00000 -0.30756 -0.31540
fb: 0.70589 0.00341 -0.30756 -0.31540
dist/lin/ang/drive_left/drive_right/tv_l/tv_r/av_l/av_r/x/y/theta/t_err: 0.03038 0.48110 -0.02169 0.70248 0.70930 -0.14219 -0.15589 -0.14219 -0.15589 -1.19587 -0.00318 180.29297 -0.00158
target: 0.48110 -0.00284
target: 0.48110 -0.00284
fb: 0.67478 0.01045 -0.15404 -0.17123
fb: 0.67478 0.01247 -0.15404 -0.17123
dist/lin/ang/drive_left/drive_right/tv_l/tv_r/av_l/av_r/x/y/theta/t_err: 0.01688 0.35864 -0.04845 0.66230 0.68725 -0.21611 -0.20222 -0.21611 -0.20222 -0.66456 -0.00024 180.33009 -0.00222
target: 0.35864 -0.00634
target: 0.35864 -0.00634
fb: 0.45963 0.01129 -0.18175 -0.22664
fb: 0.45963 0.00153 -0.18175 -0.22664
dist/lin/ang/drive_left/drive_right/tv_l/tv_r/av_l/av_r/x/y/theta/t_err: 0.00769 0.24202 -0.10412 0.45810 0.46117 -0.15350 -0.17539 -0.15350 -0.17539 -0.30265 0.00234 180.43434 -0.00404
target: 0.24202 -0.01362
target: 0.24202 -0.01362
fb: 0.25023 -0.00139 -0.14493 -0.23361
fb: 0.25023 0.00056 -0.14493 -0.23361
dist/lin/ang/drive_left/drive_right/tv_l/tv_r/av_l/av_r/x/y/theta/t_err: 0.00268 0.00067 -0.07009 0.24967 0.25079 -0.15333 -0.20789 -0.15333 -0.20789 -0.10563 0.00388 180.45096 -0.00433
target: 0.00067 -0.00917
target: 0.00067 -0.00917
fb: 0.12997 0.00300 -0.53536 -0.51247
fb: 0.12997 -0.00341 -0.53536 -0.51247
dist/lin/ang/drive_left/drive_right/tv_l/tv_r/av_l/av_r/x/y/theta/t_err: 0.00008 0.00002 -0.06817 0.13338 0.12655 -0.20756 -0.28556 -0.20756 -0.28556 -0.00329 0.00470 180.45868 -0.00447
target: 0.00002 -0.00892
target: 0.00002 -0.00892
fb: 0.04082 -0.00237 0.04257 -0.05005
fb: 0.04082 -0.00404 0.04257 -0.05005
dist/lin/ang/drive_left/drive_right/tv_l/tv_r/av_l/av_r/x/y/theta/t_err: -0.00073 -0.00018 -0.04556 0.04486 0.03678 -0.15844 -0.31381 -0.15844 -0.31381 0.02885 0.00494 180.43078 -0.00398
target: -0.00018 -0.00596
target: -0.00018 -0.00596
fb: 0.00375 -0.00759 -0.04882 0.05276
fb: 0.00375 -0.01261 -0.04882 0.05276
start is 0.00000 0.00000
dist/lin/ang/drive_left/drive_right/tv_l/tv_r/av_l/av_r/x/y/theta/t_err: 0.60952 0.08636 0.00001 0.00000 0.00000 0.00017 -0.00033 0.00017 -0.00033 0.00313 -0.00000 -0.00004 0.00000
target: 0.08636 0.00000
target: 0.08636 0.00000
fb: 0.00000 0.00000 0.24369 0.24860
fb: 0.00000 0.00000 0.24369 0.24860
dist/lin/ang/drive_left/drive_right/tv_l/tv_r/av_l/av_r/x/y/theta/t_err: 0.60952 0.17272 0.00001 0.00000 0.00000 0.08058 0.02703 0.08058 0.02703 0.00313 -0.00000 -0.00005 0.00000
target: 0.17272 0.00000
target: 0.17272 0.00000
fb: 0.00000 0.00000 0.27565 0.28055
fb: 0.00000 -0.00125 0.27565 0.28055
dist/lin/ang/drive_left/drive_right/tv_l/tv_r/av_l/av_r/x/y/theta/t_err: 0.60952 0.25908 0.00000 0.00125 -0.00125 0.22397 0.21422 0.22397 0.21422 0.00313 -0.00000 -0.00003 0.00000
target: 0.25908 0.00000
target: 0.25908 0.00000
fb: 0.00000 -0.00648 0.43715 0.44203
fb: 0.08716 -0.00202 0.39357 0.39845
dist/lin/ang/drive_left/drive_right/tv_l/tv_r/av_l/av_r/x/y/theta/t_err: 0.60952 0.34544 0.01799 0.08918 0.08514 0.30011 0.27344 0.30011 0.27344 0.00313 -0.00000 -0.02611 0.00046
target: 0.34544 0.00235
target: 0.34544 0.00235
fb: 0.08716 0.00307 0.45653 0.48575
fb: 0.15137 0.00557 0.42443 0.45365
dist/lin/ang/drive_left/drive_right/tv_l/tv_r/av_l/av_r/x/y/theta/t_err: 0.60778 0.43180 0.01084 0.14580 0.15695 0.38122 0.37850 0.38122 0.37850 0.07176 -0.00004 -0.03215 0.00056
target: 0.43180 0.00142
target: 0.43180 0.00142
fb: 0.15137 0.01045 0.51498 0.51336
fb: 0.22485 0.01296 0.47824 0.47662
dist/lin/ang/drive_left/drive_right/tv_l/tv_r/av_l/av_r/x/y/theta/t_err: 0.60475 0.51816 -0.03607 0.21189 0.23781 0.42589 0.40483 0.42589 0.40483 0.19095 -0.00009 0.03213 -0.00056
target: 0.51816 -0.00472
target: 0.51816 -0.00472
fb: 0.22485 0.01080 0.83800 0.78176
fb: 0.35107 0.00293 0.77490 0.71865
dist/lin/ang/drive_left/drive_right/tv_l/tv_r/av_l/av_r/x/y/theta/t_err: 0.60025 0.60452 -0.08268 0.34814 0.35400 0.48269 0.45858 0.48269 0.45858 0.36800 0.00010 0.13990 -0.00245
target: 0.60452 -0.01082
target: 0.60452 -0.01082
fb: 0.35107 -0.00321 0.85747 0.79348
fb: 0.46736 -0.00488 0.79933 0.73534
dist/lin/ang/drive_left/drive_right/tv_l/tv_r/av_l/av_r/x/y/theta/t_err: 0.59323 0.69088 -0.04599 0.47223 0.46248 0.42656 0.35436 0.42656 0.35436 0.64443 0.00083 0.15337 -0.00271
target: 0.69088 -0.00602
target: 0.69088 -0.00602
fb: 0.46736 -0.00432 0.82574 0.86633
fb: 0.50244 -0.00718 0.80820 0.84879
dist/lin/ang/drive_left/drive_right/tv_l/tv_r/av_l/av_r/x/y/theta/t_err: 0.58388 0.77724 -0.01358 0.50962 0.49526 0.35864 0.49075 0.35864 0.49075 1.01242 0.00175 0.11370 -0.00206
target: 0.77724 -0.00178
target: 0.77724 -0.00178
fb: 0.50244 -0.00460 0.88655 0.92784
fb: 0.52936 0.00258 0.87309 0.91437
dist/lin/ang/drive_left/drive_right/tv_l/tv_r/av_l/av_r/x/y/theta/t_err: 0.57384 0.86360 0.00573 0.52678 0.53194 0.47225 0.49075 0.47225 0.49075 1.40805 0.00245 0.06019 -0.00116
target: 0.86360 0.00075
target: 0.86360 0.00075
fb: 0.52936 0.00732 0.95777 0.98710
fb: 0.68647 0.00836 0.87922 0.90855
dist/lin/ang/drive_left/drive_right/tv_l/tv_r/av_l/av_r/x/y/theta/t_err: 0.56325 0.94996 -0.04097 0.67811 0.69483 0.45444 0.47600 0.45444 0.47600 1.82487 0.00288 0.09401 -0.00177
target: 0.94996 -0.00536
target: 0.94996 -0.00536
fb: 0.68647 -0.00091 1.00000 0.94433
fb: 0.72729 -0.00279 0.98043 0.92391
dist/lin/ang/drive_left/drive_right/tv_l/tv_r/av_l/av_r/x/y/theta/t_err: 0.54952 1.03632 -0.05601 0.73008 0.72451 0.52547 0.55336 0.52547 0.55336 2.36539 0.00396 0.13497 -0.00254
target: 1.03632 -0.00733
target: 1.03632 -0.00733
fb: 0.72729 -0.01331 1.00000 1.00000
fb: 0.74671 -0.02181 1.00000 1.00000
dist/lin/ang/drive_left/drive_right/tv_l/tv_r/av_l/av_r/x/y/theta/t_err: 0.53497 1.12268 -0.00437 0.76852 0.72490 0.47961 0.50389 0.47961 0.50389 2.93807 0.00528 0.08405 -0.00172
target: 1.12268 -0.00057
target: 1.12268 -0.00057
fb: 0.74671 -0.02000 1.00000 1.00000
fb: 0.86896 -0.01498 1.00000 1.00000
dist/lin/ang/drive_left/drive_right/tv_l/tv_r/av_l/av_r/x/y/theta/t_err: 0.52004 1.20904 0.09790 0.88394 0.85398 0.61169 0.63156 0.61169 0.63156 3.52603 0.00567 -0.09559 0.00139
target: 1.20904 0.01281
target: 1.20904 0.01281
fb: 0.86896 -0.01387 1.00000 1.00000
fb: 0.86101 -0.01463 1.00000 1.00000
dist/lin/ang/drive_left/drive_right/tv_l/tv_r/av_l/av_r/x/y/theta/t_err: 0.50266 1.29540 0.11573 0.87564 0.84638 0.76042 0.80642 0.76042 0.80642 4.21024 0.00409 -0.23016 0.00381
target: 1.29540 0.01514
target: 1.29540 0.01514
fb: 0.86101 -0.01115 1.00000 1.00000
fb: 0.96384 0.00000 1.00000 1.00000
dist/lin/ang/drive_left/drive_right/tv_l/tv_r/av_l/av_r/x/y/theta/t_err: 0.48544 1.38176 0.13993 0.96384 0.96384 0.82542 0.83039 0.82542 0.83039 4.88820 0.00101 -0.34418 0.00595
target: 1.38176 0.01830
target: 1.38176 0.01830
fb: 0.96384 0.00153 1.00000 1.00000
fb: 1.16354 -0.00098 1.00000 1.00000
dist/lin/ang/drive_left/drive_right/tv_l/tv_r/av_l/av_r/x/y/theta/t_err: 0.46616 1.46812 0.09909 1.16451 1.16256 0.84903 0.84531 0.84903 0.84531 5.64711 -0.00365 -0.34827 0.00628
target: 1.46812 0.01296
target: 1.46812 0.01296
fb: 1.16354 0.00000 1.00000 1.00000
fb: 1.14831 0.00000 1.00000 1.00000
dist/lin/ang/drive_left/drive_right/tv_l/tv_r/av_l/av_r/x/y/theta/t_err: 0.44289 1.55448 0.10396 1.14831 1.14831 0.86189 0.85625 0.86189 0.85625 6.56327 -0.00921 -0.34818 0.00660
target: 1.55448 0.01360
target: 1.55448 0.01360
fb: 1.14831 0.00000 1.00000 1.00000
fb: 1.24297 -0.00160 1.00000 1.00000
dist/lin/ang/drive_left/drive_right/tv_l/tv_r/av_l/av_r/x/y/theta/t_err: 0.41993 1.51536 0.10739 1.24458 1.24137 0.86478 0.85981 0.86478 0.85981 7.46743 -0.01467 -0.34445 0.00690
target: 1.51536 0.01405
target: 1.51536 0.01405
fb: 1.24297 -0.00153 0.63048 0.65945
fb: 1.47202 -0.00091 0.51596 0.54493
dist/lin/ang/drive_left/drive_right/tv_l/tv_r/av_l/av_r/x/y/theta/t_err: 0.39507 1.46823 0.12744 1.47292 1.47111 0.75886 0.81822 0.75886 0.81822 8.44613 -0.02062 -0.35907 0.00759
target: 1.46823 0.01667
target: 1.46823 0.01667
fb: 1.47202 -0.00084 0.42539 0.47739
fb: 1.32263 0.00202 0.50008 0.55208
dist/lin/ang/drive_left/drive_right/tv_l/tv_r/av_l/av_r/x/y/theta/t_err: 0.36563 1.41072 0.14121 1.32061 1.32465 0.54242 0.57853 0.54242 0.57853 9.60518 -0.02794 -0.36895 0.00838
target: 1.41072 0.01847
target: 1.41072 0.01847
fb: 1.32263 0.00383 0.40351 0.45049
fb: 1.41774 0.00188 0.35595 0.40294
dist/lin/ang/drive_left/drive_right/tv_l/tv_r/av_l/av_r/x/y/theta/t_err: 0.33918 1.35806 0.13398 1.41586 1.41962 0.46986 0.52378 0.46986 0.52378 10.64660 -0.03459 -0.34984 0.00870
target: 1.35806 0.01753
target: 1.35806 0.01753
fb: 1.41774 0.00188 0.34280 0.36375
fb: 1.44488 0.00216 0.32923 0.35018
dist/lin/ang/drive_left/drive_right/tv_l/tv_r/av_l/av_r/x/y/theta/t_err: 0.31082 1.29923 0.14201 1.44272 1.44704 0.41169 0.45992 0.41169 0.45992 11.76291 -0.04129 -0.32800 0.00910
target: 1.29923 0.01858
target: 1.29923 0.01858
fb: 1.44488 0.00000 0.23822 0.27849
fb: 1.25092 0.00453 0.33520 0.37547
dist/lin/ang/drive_left/drive_right/tv_l/tv_r/av_l/av_r/x/y/theta/t_err: 0.28193 1.23596 0.16053 1.24639 1.25545 0.40981 0.43531 0.40981 0.43531 12.90059 -0.04773 -0.31641 0.00982
target: 1.23596 0.02100
target: 1.23596 0.02100
fb: 1.25092 0.01226 0.24975 0.30557
fb: 1.34006 0.01665 0.20518 0.26100
dist/lin/ang/drive_left/drive_right/tv_l/tv_r/av_l/av_r/x/y/theta/t_err: 0.25691 1.17999 0.13953 1.32341 1.35672 0.37081 0.39303 0.37081 0.39303 13.88555 -0.05306 -0.25805 0.00975
target: 1.17999 0.01825
target: 1.17999 0.01825
fb: 1.34006 0.01742 0.21213 0.21770
fb: 1.28004 0.01575 0.24214 0.24771
dist/lin/ang/drive_left/drive_right/tv_l/tv_r/av_l/av_r/x/y/theta/t_err: 0.23011 1.11915 0.08726 1.26430 1.29579 0.31825 0.35419 0.31825 0.35419 14.94071 -0.05720 -0.11833 0.00838
target: 1.11915 0.01141
target: 1.11915 0.01141
fb: 1.28004 0.01338 0.18784 0.14737
fb: 1.12492 0.01289 0.26540 0.22493
dist/lin/ang/drive_left/drive_right/tv_l/tv_r/av_l/av_r/x/y/theta/t_err: 0.20451 1.05721 0.07039 1.11203 1.13781 0.29397 0.31244 0.29397 0.31244 15.94862 -0.05868 0.01163 0.00709
target: 1.05721 0.00921
target: 1.05721 0.00921
fb: 1.12492 0.01247 0.18462 0.18285
fb: 1.02011 0.01212 0.23703 0.23525
dist/lin/ang/drive_left/drive_right/tv_l/tv_r/av_l/av_r/x/y/theta/t_err: 0.18201 0.99910 0.05902 1.00798 1.03223 0.28044 0.26744 0.28044 0.26744 16.83438 -0.05809 0.12189 0.00598
target: 0.99910 0.00772
target: 0.99910 0.00772
fb: 1.02011 0.00773 0.19911 0.20175
fb: 1.01812 0.00376 0.20010 0.20274
dist/lin/ang/drive_left/drive_right/tv_l/tv_r/av_l/av_r/x/y/theta/t_err: 0.16161 0.95031 0.04798 1.01436 1.02188 0.25239 0.27242 0.25239 0.27242 17.63762 -0.05600 0.21788 0.00500
target: 0.95031 0.00628
target: 0.95031 0.00628
fb: 1.01812 0.00230 0.19836 0.19942
fb: 0.86101 0.00502 0.27691 0.27798
dist/lin/ang/drive_left/drive_right/tv_l/tv_r/av_l/av_r/x/y/theta/t_err: 0.14125 0.88842 0.05220 0.85600 0.86603 0.23561 0.23853 0.23561 0.23853 18.43928 -0.05282 0.24730 0.00449
target: 0.88842 0.00683
target: 0.88842 0.00683
fb: 0.86101 0.00982 0.15225 0.17197
fb: 0.81269 0.00857 0.17642 0.19614
dist/lin/ang/drive_left/drive_right/tv_l/tv_r/av_l/av_r/x/y/theta/t_err: 0.12403 0.83250 0.02787 0.80412 0.82126 0.22622 0.24006 0.22622 0.24006 19.11724 -0.04980 0.30121 0.00354
target: 0.83250 0.00365
target: 0.83250 0.00365
fb: 0.81269 0.00397 0.17130 0.15310
fb: 0.81843 0.00153 0.16843 0.15023
dist/lin/ang/drive_left/drive_right/tv_l/tv_r/av_l/av_r/x/y/theta/t_err: 0.10777 0.77604 0.00836 0.81689 0.81996 0.19556 0.20344 0.19556 0.20344 19.75714 -0.04621 0.36364 0.00245
target: 0.77604 0.00109
target: 0.77604 0.00109
fb: 0.81843 0.00258 0.11341 0.09741
fb: 0.66132 0.00293 0.19196 0.17596
dist/lin/ang/drive_left/drive_right/tv_l/tv_r/av_l/av_r/x/y/theta/t_err: 0.09141 0.71468 0.02282 0.65839 0.66424 0.17042 0.15692 0.17042 0.15692 20.40156 -0.04207 0.38216 0.00213
target: 0.71468 0.00299
target: 0.71468 0.00299
fb: 0.66132 0.00000 0.09277 0.11927
fb: 0.62844 -0.00571 0.10921 0.13571
dist/lin/ang/drive_left/drive_right/tv_l/tv_r/av_l/av_r/x/y/theta/t_err: 0.07818 0.66096 0.02010 0.63415 0.62272 0.15536 0.15656 0.15536 0.15656 20.92227 -0.03854 0.39783 0.00186
target: 0.66096 0.00263
target: 0.66096 0.00263
fb: 0.62844 -0.01045 0.10497 0.11071
fb: 0.64565 -0.01157 0.09636 0.10210
dist/lin/ang/drive_left/drive_right/tv_l/tv_r/av_l/av_r/x/y/theta/t_err: 0.06561 0.60550 0.06815 0.65722 0.63408 0.12442 0.14147 0.12442 0.14147 21.41709 -0.03519 0.33806 0.00290
target: 0.60550 0.00891
target: 0.60550 0.00891
fb: 0.64565 -0.00913 -0.11410 0.07783
fb: 0.46559 -0.00683 0.09397 0.16786
dist/lin/ang/drive_left/drive_right/tv_l/tv_r/av_l/av_r/x/y/theta/t_err: 0.05270 0.54265 0.10675 0.47242 0.45876 0.03817 0.11617 0.03817 0.11617 21.92546 -0.03242 0.24424 0.00454
target: 0.54265 0.01396
target: 0.54265 0.01396
fb: 0.46559 -0.00453 -0.11241 0.07511
fb: 0.44794 0.00321 -0.10358 0.08394
dist/lin/ang/drive_left/drive_right/tv_l/tv_r/av_l/av_r/x/y/theta/t_err: 0.04338 0.49237 0.10149 0.44473 0.45114 0.02822 0.13158 0.02822 0.13158 22.29207 -0.03095 0.19249 0.00544
target: 0.49237 0.01328
target: 0.49237 0.01328
fb: 0.44794 0.01324 0.13706 0.15355
fb: 0.38218 0.02327 0.16994 0.18643
dist/lin/ang/drive_left/drive_right/tv_l/tv_r/av_l/av_r/x/y/theta/t_err: 0.03443 0.43860 0.04607 0.35891 0.40545 -0.02242 0.12150 -0.02242 0.12150 22.64477 -0.02976 0.24012 0.00461
target: 0.43860 0.00603
target: 0.43860 0.00603
fb: 0.38218 0.04278 0.15055 0.09829
fb: 0.30627 0.05428 0.18851 0.13624
dist/lin/ang/drive_left/drive_right/tv_l/tv_r/av_l/av_r/x/y/theta/t_err: 0.02678 0.38687 -0.10835 0.25200 0.36055 0.14544 0.14717 0.14544 0.14717 22.94570 -0.02827 0.49425 0.00018
target: 0.38687 -0.01417
target: 0.38687 -0.01417
fb: 0.30627 0.05644 0.21941 -0.06432
fb: 0.31819 0.05581 0.21345 -0.07028
dist/lin/ang/drive_left/drive_right/tv_l/tv_r/av_l/av_r/x/y/theta/t_err: 0.02066 0.33979 -0.32615 0.26238 0.37400 0.17350 0.06656 0.17350 0.06656 23.18685 -0.02570 0.97103 -0.00815
target: 0.33979 -0.04266
target: 0.33979 -0.04266
fb: 0.31819 0.05247 0.23818 -0.15834
fb: 0.24228 0.04424 0.27614 -0.12039
dist/lin/ang/drive_left/drive_right/tv_l/tv_r/av_l/av_r/x/y/theta/t_err: 0.01430 0.28268 -0.44587 0.19804 0.28653 0.20294 -0.07650 0.20294 -0.07650 23.43735 -0.02093 1.44643 -0.01644
target: 0.28268 -0.05832
target: 0.28268 -0.05832
fb: 0.24228 0.02028 0.15914 -0.14289
fb: 0.18050 -0.01749 0.19003 -0.11200
dist/lin/ang/drive_left/drive_right/tv_l/tv_r/av_l/av_r/x/y/theta/t_err: 0.00946 0.22986 -0.46062 0.19799 0.16301 0.23017 -0.11758 0.23017 -0.11758 23.62805 -0.01577 1.76872 -0.02207
target: 0.22986 -0.06025
target: 0.22986 -0.06025
fb: 0.18050 -0.05588 0.09216 -0.08888
fb: 0.15887 -0.08661 0.10297 -0.07807
dist/lin/ang/drive_left/drive_right/tv_l/tv_r/av_l/av_r/x/y/theta/t_err: 0.00584 0.00146 -0.15805 0.24548 0.07227 0.17128 -0.09808 0.17128 -0.09808 23.77011 -0.01143 1.53381 -0.01797
target: 0.00146 -0.02067
target: 0.00146 -0.02067
fb: 0.15887 -0.10953 -0.65954 -0.33592
fb: 0.12224 -0.12493 -0.65954 -0.33592
dist/lin/ang/drive_left/drive_right/tv_l/tv_r/av_l/av_r/x/y/theta/t_err: 0.00267 0.00067 0.29440 0.24717 -0.00268 0.08028 -0.12167 0.08028 -0.12167 23.89517 -0.00846 0.72885 -0.00392
target: 0.00067 0.03851
target: 0.00067 0.03851
fb: 0.12224 -0.13350 -0.33250 0.33471
fb: 0.12224 -0.14318 -0.33250 0.33471
dist/lin/ang/drive_left/drive_right/tv_l/tv_r/av_l/av_r/x/y/theta/t_err: 0.00022 0.00005 0.70626 0.26543 -0.02094 -0.35011 -0.19164 -0.35011 -0.19164 23.99143 -0.00768 -0.37803 0.01540
target: 0.00005 0.09239
target: 0.00005 0.09239
fb: 0.12224 -0.16102 -0.34456 0.34705
fb: 0.04259 -0.14346 -0.34456 0.34705
dist/lin/ang/drive_left/drive_right/tv_l/tv_r/av_l/av_r/x/y/theta/t_err: -0.00223 -0.00056 1.11567 0.18605 -0.10088 -0.31861 0.17694 -0.31861 0.17694 24.08768 -0.00883 -1.67245 0.03799
target: -0.00056 0.14594
target: -0.00056 0.14594
fb: 0.04259 -0.10849 -0.50645 0.50848
fb: 0.00772 -0.06689 -0.37923 0.38127
final error: 0.12160, x: -0.12119, y: 0.01000
final local error: 0.12160, forwards: -0.12154, sideways: 0.00395
position: 24.12119 -0.01000 -2.85547
took 0.94000 time to finish turn
dist/lin/ang/drive_left/drive_right/tv_l/tv_r/av_l/av_r/x/y/theta/t_err: -0.61078 -0.08636 -0.30828 0.00000 0.00000 0.00000 0.00017 0.00000 0.00017 24.04631 -0.00939 181.19578 -0.02126
target: -0.08636 -0.04033
target: -0.08636 -0.04033
fb: 0.00000 0.00000 0.04284 -0.45708
fb: 0.00000 0.00000 0.04284 -0.45708
dist/lin/ang/drive_left/drive_right/tv_l/tv_r/av_l/av_r/x/y/theta/t_err: -0.61078 -0.17272 -0.30829 0.00000 0.00000 0.00478 -0.00017 0.00478 -0.00017 24.04631 -0.00939 181.19579 -0.02126
target: -0.17272 -0.04033
target: -0.17272 -0.04033
fb: 0.00000 0.00000 -0.24863 -0.30756
fb: 0.00000 -0.00202 -0.24863 -0.30756
dist/lin/ang/drive_left/drive_right/tv_l/tv_r/av_l/av_r/x/y/theta/t_err: -0.61078 -0.25908 -0.30508 0.00202 -0.00202 0.00733 -0.36633 0.00733 -0.36633 24.04631 -0.00939 181.19115 -0.02118
target: -0.25908 -0.03991
target: -0.25908 -0.03991
fb: -0.00772 -0.01533 -0.40843 -0.46303
fb: -0.00772 -0.03965 -0.40843 -0.46303
dist/lin/ang/drive_left/drive_right/tv_l/tv_r/av_l/av_r/x/y/theta/t_err: -0.61062 -0.34544 -0.17053 0.03192 -0.04737 -0.22536 -0.29636 -0.22536 -0.29636 24.04023 -0.00951 180.99274 -0.01772
target: -0.34544 -0.02231
target: -0.34544 -0.02231
fb: -0.03288 -0.05776 -0.56010 -0.43647
fb: -0.03288 -0.07100 -0.56010 -0.43647
dist/lin/ang/drive_left/drive_right/tv_l/tv_r/av_l/av_r/x/y/theta/t_err: -0.60996 -0.43180 0.10938 0.03812 -0.10388 -0.37661 -0.41186 -0.37661 -0.41186 24.01434 -0.00991 180.46037 -0.00845
target: -0.43180 0.01431
target: -0.43180 0.01431
fb: -0.16108 -0.06529 -0.68122 -0.33741
fb: -0.16108 -0.04989 -0.68122 -0.33741
dist/lin/ang/drive_left/drive_right/tv_l/tv_r/av_l/av_r/x/y/theta/t_err: -0.60674 -0.51816 0.24387 -0.11119 -0.21097 -0.43458 -0.37900 -0.43458 -0.37900 23.88751 -0.01060 179.92717 0.00083
target: -0.51816 0.03190
target: -0.51816 0.03190
fb: -0.26942 -0.03149 -0.88548 -0.68970
fb: -0.26942 -0.02306 -0.88548 -0.68970
dist/lin/ang/drive_left/drive_right/tv_l/tv_r/av_l/av_r/x/y/theta/t_err: -0.60135 -0.60452 0.19222 -0.24636 -0.29249 -0.42983 -0.34836 -0.42983 -0.34836 23.67537 -0.01004 179.66687 0.00539
target: -0.60452 0.02514
target: -0.60452 0.02514
fb: -0.30076 -0.01693 -0.83439 -0.86687
fb: -0.30076 -0.01087 -0.83439 -0.86687
dist/lin/ang/drive_left/drive_right/tv_l/tv_r/av_l/av_r/x/y/theta/t_err: -0.59534 -0.69088 0.17565 -0.28989 -0.31163 -0.52994 -0.52322 -0.52994 -0.52322 23.43855 -0.00849 179.52899 0.00786
target: -0.69088 0.02298
target: -0.69088 0.02298
fb: -0.44794 -0.01024 -0.85866 -0.85282
fb: -0.44794 -0.01073 -0.85866 -0.85282
dist/lin/ang/drive_left/drive_right/tv_l/tv_r/av_l/av_r/x/y/theta/t_err: -0.58638 -0.77724 0.18068 -0.43721 -0.45867 -0.44519 -0.37953 -0.44519 -0.37953 23.08586 -0.00546 179.43940 0.00955
target: -0.77724 0.02364
target: -0.77724 0.02364
fb: -0.48479 -0.01373 -0.93206 -0.89998
fb: -0.48479 -0.00746 -0.93206 -0.89998
dist/lin/ang/drive_left/drive_right/tv_l/tv_r/av_l/av_r/x/y/theta/t_err: -0.57669 -0.86360 0.21803 -0.47733 -0.49224 -0.54842 -0.54103 -0.54842 -0.54103 22.70416 -0.00153 179.33364 0.01156
target: -0.86360 0.02852
target: -0.86360 0.02852
fb: -0.53333 0.00160 -1.00000 -0.93214
fb: -0.53333 0.00258 -1.00000 -0.93214
dist/lin/ang/drive_left/drive_right/tv_l/tv_r/av_l/av_r/x/y/theta/t_err: -0.56602 -0.94996 0.16668 -0.53591 -0.53076 -0.45481 -0.47619 -0.45481 -0.47619 22.28424 0.00336 179.34758 0.01154
target: -0.94996 0.02180
target: -0.94996 0.02180
fb: -0.59931 -0.00718 -0.99772 -1.00000
fb: -0.59931 -0.01547 -0.99772 -1.00000
dist/lin/ang/drive_left/drive_right/tv_l/tv_r/av_l/av_r/x/y/theta/t_err: -0.55403 -1.03632 0.23427 -0.58384 -0.61478 -0.61769 -0.57733 -0.61769 -0.57733 21.81237 0.00882 179.26495 0.01323
target: -1.03632 0.03064
target: -1.03632 0.03064
fb: -0.73303 -0.01080 -1.00000 -0.97055
fb: -0.73303 -0.00355 -1.00000 -0.97055
dist/lin/ang/drive_left/drive_right/tv_l/tv_r/av_l/av_r/x/y/theta/t_err: -0.53938 -1.12268 0.25409 -0.72948 -0.73658 -0.41889 -0.49519 -0.41889 -0.49519 21.23523 0.01648 179.19601 0.01481
target: -1.12268 0.03324
target: -1.12268 0.03324
fb: -0.74097 -0.00885 -1.00000 -1.00000
fb: -0.74097 -0.01331 -1.00000 -1.00000
dist/lin/ang/drive_left/drive_right/tv_l/tv_r/av_l/av_r/x/y/theta/t_err: -0.52456 -1.20904 0.28906 -0.72767 -0.75428 -0.67881 -0.59375 -0.67881 -0.59375 20.65185 0.02484 179.11265 0.01669
target: -1.20904 0.03781
target: -1.20904 0.03781
fb: -0.80673 -0.01066 -1.00000 -1.00000
fb: -0.80673 -0.00829 -1.00000 -1.00000
dist/lin/ang/drive_left/drive_right/tv_l/tv_r/av_l/av_r/x/y/theta/t_err: -0.50843 -1.29540 0.32856 -0.79844 -0.81502 -0.80694 -0.69692 -0.80694 -0.69692 20.01671 0.03496 179.01826 0.01888
target: -1.29540 0.04298
target: -1.29540 0.04298
fb: -0.87271 0.00655 -1.00000 -1.00000
fb: -0.87271 0.01400 -1.00000 -1.00000
dist/lin/ang/drive_left/drive_right/tv_l/tv_r/av_l/av_r/x/y/theta/t_err: -0.49097 -1.38176 0.25545 -0.88671 -0.85870 -0.82542 -0.82081 -0.82542 -0.82081 19.32963 0.04665 179.08304 0.01842
target: -1.38176 0.03342
target: -1.38176 0.03342
fb: -0.95810 0.01526 -1.00000 -1.00000
fb: -0.95810 0.01331 -1.00000 -1.00000
dist/lin/ang/drive_left/drive_right/tv_l/tv_r/av_l/av_r/x/y/theta/t_err: -0.47182 -1.46812 0.20650 -0.97141 -0.94479 -0.84253 -0.83653 -0.84253 -0.83653 18.57531 0.05828 179.21235 0.01688
target: -1.46812 0.02701
target: -1.46812 0.02701
fb: -1.08785 0.01463 -1.00000 -1.00000
fb: -1.08785 0.01380 -1.00000 -1.00000
dist/lin/ang/drive_left/drive_right/tv_l/tv_r/av_l/av_r/x/y/theta/t_err: -0.45006 -1.55448 0.19147 -1.10165 -1.07405 -0.85297 -0.84856 -0.85297 -0.84856 17.71881 0.06958 179.33499 0.01553
target: -1.55448 0.02505
target: -1.55448 0.02505
fb: -1.15979 0.01052 -1.00000 -1.00000
fb: -1.15979 0.00857 -1.00000 -1.00000
dist/lin/ang/drive_left/drive_right/tv_l/tv_r/av_l/av_r/x/y/theta/t_err: -0.42687 -1.64084 0.19438 -1.16836 -1.15122 -0.86136 -0.85539 -0.86136 -0.85539 16.80565 0.07977 179.42672 0.01475
target: -1.64084 0.02543
target: -1.64084 0.02543
fb: -1.22973 0.00732 -1.00000 -1.00000
fb: -1.22973 0.01003 -1.00000 -1.00000
dist/lin/ang/drive_left/drive_right/tv_l/tv_r/av_l/av_r/x/y/theta/t_err: -0.40228 -1.71191 0.19672 -1.23977 -1.21970 -0.86683 -0.86342 -0.86683 -0.86342 15.83740 0.08918 179.50231 0.01432
target: -1.71191 0.02573
target: -1.71191 0.02573
fb: -1.28755 0.01045 -1.00000 -1.00000
fb: -1.28755 0.01052 -1.00000 -1.00000
dist/lin/ang/drive_left/drive_right/tv_l/tv_r/av_l/av_r/x/y/theta/t_err: -0.37653 -1.65794 0.18150 -1.29807 -1.27703 -0.87539 -0.87094 -0.87539 -0.87094 14.82362 0.09757 179.59467 0.01366
target: -1.65794 0.02374
target: -1.65794 0.02374
fb: -1.38089 0.01157 -0.64293 -0.63525
fb: -1.38089 0.00759 -0.64293 -0.63525
dist/lin/ang/drive_left/drive_right/tv_l/tv_r/av_l/av_r/x/y/theta/t_err: -0.34891 -1.59655 0.18902 -1.38848 -1.37329 -0.80492 -0.84408 -0.80492 -0.84408 13.73633 0.10486 179.66798 0.01343
target: -1.59655 0.02473
target: -1.59655 0.02473
fb: -1.48746 0.00669 -0.51441 -0.47860
fb: -1.48746 0.00592 -0.51441 -0.47860
dist/lin/ang/drive_left/drive_right/tv_l/tv_r/av_l/av_r/x/y/theta/t_err: -0.31917 -1.52581 0.21398 -1.49339 -1.48154 -0.62678 -0.62744 -0.62678 -0.62744 12.56512 0.11139 179.71057 0.01392
target: -1.52581 0.02799
target: -1.52581 0.02799
fb: -1.42171 0.00383 -0.45319 -0.39241
fb: -1.42171 0.00439 -0.45319 -0.39241
dist/lin/ang/drive_left/drive_right/tv_l/tv_r/av_l/av_r/x/y/theta/t_err: -0.29074 -1.45496 0.22442 -1.42610 -1.41732 -0.53164 -0.49503 -0.53164 -0.49503 11.44568 0.11686 179.75482 0.01449
target: -1.45496 0.02936
target: -1.45496 0.02936
fb: -1.38464 0.00780 -0.39904 -0.35346
fb: -1.38464 0.00613 -0.39904 -0.35346
dist/lin/ang/drive_left/drive_right/tv_l/tv_r/av_l/av_r/x/y/theta/t_err: -0.26305 -1.38302 0.22675 -1.39077 -1.37851 -0.47244 -0.43428 -0.47244 -0.43428 10.35542 0.12124 179.81644 0.01491
target: -1.38302 0.02966
target: -1.38302 0.02966
fb: -1.46231 0.00822 -0.28524 -0.24875
fb: -1.46231 0.01714 -0.28524 -0.24875
dist/lin/ang/drive_left/drive_right/tv_l/tv_r/av_l/av_r/x/y/theta/t_err: -0.23380 -1.30360 0.22159 -1.47945 -1.44517 -0.45003 -0.41392 -0.45003 -0.41392 9.20400 0.12457 179.91327 0.01505
target: -1.30360 0.02899
target: -1.30360 0.02899
fb: -1.41001 0.01066 -0.20051 -0.17368
fb: -1.41001 0.01191 -0.20051 -0.17368
dist/lin/ang/drive_left/drive_right/tv_l/tv_r/av_l/av_r/x/y/theta/t_err: -0.20561 -1.22242 0.21921 -1.42193 -1.39810 -0.40722 -0.36175 -0.40722 -0.36175 8.09375 0.12565 180.02578 0.01507
target: -1.22242 0.02868
target: -1.22242 0.02868
fb: -1.26063 0.01735 -0.19474 -0.16499
fb: -1.26063 0.01853 -0.19474 -0.16499
dist/lin/ang/drive_left/drive_right/tv_l/tv_r/av_l/av_r/x/y/theta/t_err: -0.18040 -1.14587 0.20012 -1.27916 -1.24209 -0.33131 -0.29756 -0.33131 -0.29756 7.10113 0.12468 180.16900 0.01461
target: -1.14587 0.02618
target: -1.14587 0.02618
fb: -1.21208 0.02536 -0.15862 -0.15183
fb: -1.21208 0.02662 -0.15862 -0.15183
dist/lin/ang/drive_left/drive_right/tv_l/tv_r/av_l/av_r/x/y/theta/t_err: -0.15616 -1.09083 0.14301 -1.23870 -1.18547 -0.28697 -0.25564 -0.28697 -0.25564 6.14675 0.12097 180.39036 0.01287
target: -1.09083 0.01871
target: -1.09083 0.01871
fb: -1.06093 0.02320 -0.25350 -0.30143
fb: -1.06093 0.02055 -0.25350 -0.30143
dist/lin/ang/drive_left/drive_right/tv_l/tv_r/av_l/av_r/x/y/theta/t_err: -0.13493 -1.01399 0.04505 -1.08148 -1.04038 -0.25033 -0.24022 -0.25033 -0.24022 5.31139 0.11448 180.59559 0.00928
target: -1.01399 0.00589
target: -1.01399 0.00589
fb: -1.01812 0.02237 -0.07415 -0.18728
fb: -1.01812 0.01972 -0.07415 -0.18728
dist/lin/ang/drive_left/drive_right/tv_l/tv_r/av_l/av_r/x/y/theta/t_err: -0.11457 -0.93437 0.00723 -1.03784 -0.99840 -0.26094 -0.28714 -0.26094 -0.28714 4.50977 0.10549 180.78035 0.00606
target: -0.93437 0.00095
target: -0.93437 0.00095
fb: -0.93868 0.01554 -0.06091 -0.10981
fb: -0.93868 0.00746 -0.06091 -0.10981
dist/lin/ang/drive_left/drive_right/tv_l/tv_r/av_l/av_r/x/y/theta/t_err: -0.09580 -0.85441 0.00335 -0.94614 -0.93123 -0.12850 -0.21150 -0.12850 -0.21150 3.77073 0.09494 180.90292 0.00392
target: -0.85441 0.00044
target: -0.85441 0.00044
fb: -0.84557 -0.00585 0.06533 0.06555
fb: -0.84557 -0.01610 0.06533 0.06555
dist/lin/ang/drive_left/drive_right/tv_l/tv_r/av_l/av_r/x/y/theta/t_err: -0.07889 -0.77533 0.10532 -0.82947 -0.86166 -0.08075 -0.10797 -0.08075 -0.10797 3.10501 0.08451 180.83258 0.00515
target: -0.77533 0.01378
target: -0.77533 0.01378
fb: -0.75819 -0.01832 -0.09963 0.16121
fb: -0.75819 -0.01407 -0.09963 0.16121
dist/lin/ang/drive_left/drive_right/tv_l/tv_r/av_l/av_r/x/y/theta/t_err: -0.06372 -0.69683 0.17748 -0.74411 -0.77226 0.01181 0.05353 0.01181 0.05353 2.50807 0.07625 180.68340 0.00775
target: -0.69683 0.02322
target: -0.69683 0.02322
fb: -0.53731 -0.00920 -0.12990 0.10854
fb: -0.53731 -0.00209 -0.12990 0.10854
dist/lin/ang/drive_left/drive_right/tv_l/tv_r/av_l/av_r/x/y/theta/t_err: -0.05298 -0.63536 0.15902 -0.53522 -0.53940 -0.11072 0.12644 -0.11072 0.12644 2.08502 0.07139 180.61574 0.00893
target: -0.63536 0.02080
target: -0.63536 0.02080
fb: -0.39366 0.01414 -0.16740 -0.16665
fb: -0.39366 0.03386 -0.16740 -0.16665
dist/lin/ang/drive_left/drive_right/tv_l/tv_r/av_l/av_r/x/y/theta/t_err: -0.04511 -0.58627 0.01307 -0.42752 -0.35979 -0.14594 0.03592 -0.14594 0.03592 1.77507 0.06794 180.78463 0.00598
target: -0.58627 0.00171
target: -0.58627 0.00171
fb: -0.41881 0.05442 -0.07801 -0.25290
fb: -0.41881 0.07023 -0.07801 -0.25290
dist/lin/ang/drive_left/drive_right/tv_l/tv_r/av_l/av_r/x/y/theta/t_err: -0.03674 -0.52910 -0.26385 -0.48904 -0.34858 -0.15178 -0.16700 -0.15178 -0.16700 1.44534 0.06281 181.29320 -0.00289
target: -0.52910 -0.03451
target: -0.52910 -0.03451
fb: -0.40160 0.07037 0.22124 -0.27439
fb: -0.40160 0.06111 0.22124 -0.27439
dist/lin/ang/drive_left/drive_right/tv_l/tv_r/av_l/av_r/x/y/theta/t_err: -0.02871 -0.46775 -0.45150 -0.46271 -0.34049 -0.02858 -0.23817 -0.02858 -0.23817 1.12922 0.05480 181.88727 -0.01326
target: -0.46775 -0.05906
target: -0.46775 -0.05906
fb: -0.31223 0.04989 0.06093 -0.32207
fb: -0.31223 0.02599 0.06093 -0.32207
dist/lin/ang/drive_left/drive_right/tv_l/tv_r/av_l/av_r/x/y/theta/t_err: -0.02247 -0.41379 -0.45215 -0.33822 -0.28624 0.14856 -0.27122 0.14856 -0.27122 0.88352 0.04621 182.26422 -0.01984
target: -0.41379 -0.05915
target: -0.41379 -0.05915
fb: -0.22309 -0.01247 -0.13955 -0.22447
fb: -0.22309 -0.05330 -0.13955 -0.22447
dist/lin/ang/drive_left/drive_right/tv_l/tv_r/av_l/av_r/x/y/theta/t_err: -0.01801 -0.37043 -0.14841 -0.16978 -0.27639 0.01883 -0.29206 0.01883 -0.29206 0.70800 0.03929 182.06220 -0.01631
target: -0.37043 -0.01941
target: -0.37043 -0.01941
fb: -0.17256 -0.08556 -0.35408 0.06044
fb: -0.17256 -0.10277 -0.35408 0.06044
dist/lin/ang/drive_left/drive_right/tv_l/tv_r/av_l/av_r/x/y/theta/t_err: -0.01455 -0.33297 0.30111 -0.06978 -0.27533 -0.16444 -0.18975 -0.16444 -0.18975 0.57220 0.03480 181.28230 -0.00270
target: -0.33297 0.03939
target: -0.33297 0.03939
fb: -0.20941 -0.10444 -0.44010 0.22484
fb: -0.20941 -0.09943 -0.44010 0.22484
dist/lin/ang/drive_left/drive_right/tv_l/tv_r/av_l/av_r/x/y/theta/t_err: -0.01035 -0.28086 0.57998 -0.10998 -0.30883 -0.34275 0.04842 -0.34275 0.04842 0.40734 0.03177 180.38419 0.01297
target: -0.28086 0.07587
target: -0.28086 0.07587
fb: -0.22309 -0.09232 -0.28258 0.23034
fb: -0.22309 -0.05978 -0.28258 0.23034
dist/lin/ang/drive_left/drive_right/tv_l/tv_r/av_l/av_r/x/y/theta/t_err: -0.00588 -0.00147 0.68393 -0.16330 -0.28287 -0.37406 0.19064 -0.37406 0.19064 0.23169 0.03123 179.66499 0.02553
target: -0.00147 0.08946
target: -0.00147 0.08946
fb: -0.23257 -0.00913 0.59168 0.83882
fb: -0.23257 0.03581 0.59168 0.83882
dist/lin/ang/drive_left/drive_right/tv_l/tv_r/av_l/av_r/x/y/theta/t_err: -0.00123 -0.00031 0.36332 -0.26839 -0.19676 -0.20483 0.25411 -0.20483 0.25411 0.04856 0.03245 179.67484 0.02535
target: -0.00031 0.04753
target: -0.00031 0.04753
fb: -0.17454 0.07379 0.19812 -0.19859
fb: -0.17454 0.10103 0.19812 -0.19859
dist/lin/ang/drive_left/drive_right/tv_l/tv_r/av_l/av_r/x/y/theta/t_err: 0.00225 0.00056 -0.11191 -0.27557 -0.07351 0.20772 0.49417 0.20772 0.49417 -0.08887 0.03289 180.37041 0.01321
target: 0.00056 -0.01464
target: 0.00056 -0.01464
fb: -0.09510 0.12876 0.33052 -0.33152
fb: -0.09510 0.13155 0.33052 -0.33152
start is 0.00000 0.00000
dist/lin/ang/drive_left/drive_right/tv_l/tv_r/av_l/av_r/x/y/theta/t_err: 0.60960 0.08636 -0.00001 0.00397 0.00397 -0.00000 0.00000 -0.00000 0.00000 0.00000 0.00000 0.00003 -0.00000
target: 0.08636 -0.00000
target: 0.08636 -0.00000
fb: 0.00397 0.00000 0.24370 0.24858
fb: 0.00000 0.00000 0.24370 0.24858
dist/lin/ang/drive_left/drive_right/tv_l/tv_r/av_l/av_r/x/y/theta/t_err: 0.60952 0.17272 0.00003 0.00000 0.00000 0.02617 0.05303 0.02617 0.05303 0.00313 0.00000 -0.00003 0.00000
target: 0.17272 0.00000
target: 0.17272 0.00000
fb: 0.00000 0.00000 0.27562 0.28057
fb: 0.00000 0.00000 0.27562 0.28057
dist/lin/ang/drive_left/drive_right/tv_l/tv_r/av_l/av_r/x/y/theta/t_err: 0.60952 0.25908 -0.00005 0.00000 0.00000 0.21694 0.21953 0.21694 0.21953 0.00313 0.00000 0.00005 -0.00000
target: 0.25908 -0.00001
target: 0.25908 -0.00001
fb: 0.01169 0.00063 0.43135 0.43614
fb: 0.01169 0.00077 0.43135 0.43614
dist/lin/ang/drive_left/drive_right/tv_l/tv_r/av_l/av_r/x/y/theta/t_err: 0.60929 0.34544 -0.00139 0.01093 0.01246 0.29394 0.28744 0.29394 0.28744 0.01234 0.00000 0.00205 -0.00004
target: 0.34544 -0.00018
target: 0.34544 -0.00018
fb: 0.16086 0.00000 0.43276 0.43583
fb: 0.16086 0.00321 0.43276 0.43583
dist/lin/ang/drive_left/drive_right/tv_l/tv_r/av_l/av_r/x/y/theta/t_err: 0.60607 0.43180 -0.00783 0.15766 0.16407 0.39592 0.39061 0.39592 0.39061 0.13900 0.00003 0.01259 -0.00022
target: 0.43180 -0.00102
target: 0.43180 -0.00102
fb: 0.20941 0.00425 0.48718 0.48312
fb: 0.20941 0.00132 0.48718 0.48312
dist/lin/ang/drive_left/drive_right/tv_l/tv_r/av_l/av_r/x/y/theta/t_err: 0.60188 0.51816 -0.02449 0.20808 0.21073 0.41939 0.41783 0.41939 0.41783 0.30388 0.00012 0.04323 -0.00076
target: 0.51816 -0.00320
target: 0.51816 -0.00320
fb: 0.25023 -0.00502 0.80649 0.78790
fb: 0.25023 -0.00543 0.80649 0.78790
dist/lin/ang/drive_left/drive_right/tv_l/tv_r/av_l/av_r/x/y/theta/t_err: 0.59688 0.60452 -0.00787 0.25566 0.24479 0.45978 0.45378 0.45978 0.45378 0.50091 0.00028 0.03828 -0.00068
target: 0.60452 -0.00103
target: 0.60452 -0.00103
fb: 0.36453 -0.00146 0.80697 0.83052
fb: 0.36453 0.00244 0.80697 0.83052
dist/lin/ang/drive_left/drive_right/tv_l/tv_r/av_l/av_r/x/y/theta/t_err: 0.58959 0.69088 0.01356 0.36209 0.36697 0.67689 0.45600 0.67689 0.45600 0.78794 0.00033 0.00419 -0.00009
target: 0.69088 0.00177
target: 0.69088 0.00177
fb: 0.53333 0.00383 0.79652 0.82957
fb: 0.53333 -0.01226 0.79652 0.82957
dist/lin/ang/drive_left/drive_right/tv_l/tv_r/av_l/av_r/x/y/theta/t_err: 0.57892 0.77724 -0.01605 0.54560 0.52107 0.59050 0.42469 0.59050 0.42469 1.20789 0.00046 0.02529 -0.00046
target: 0.77724 -0.00210
target: 0.77724 -0.00210
fb: 0.61674 -0.03310 0.86612 0.83397
fb: 0.61674 -0.03874 0.86612 0.83397
dist/lin/ang/drive_left/drive_right/tv_l/tv_r/av_l/av_r/x/y/theta/t_err: 0.56658 0.86360 0.09778 0.65548 0.57800 0.53539 0.56036 0.53539 0.56036 1.69352 -0.00009 -0.12488 0.00218
target: 0.86360 0.01279
target: 0.86360 0.01279
fb: 0.61101 -0.02850 0.85325 1.00000
fb: 0.61101 -0.01672 0.85325 1.00000
dist/lin/ang/drive_left/drive_right/tv_l/tv_r/av_l/av_r/x/y/theta/t_err: 0.55436 0.94996 0.24849 0.62773 0.59428 0.51794 0.57800 0.51794 0.57800 2.17461 -0.00312 -0.43142 0.00767
target: 0.94996 0.03251
target: 0.94996 0.03251
fb: 0.76613 -0.01965 0.81944 1.00000
fb: 0.76613 -0.01679 0.81944 1.00000
dist/lin/ang/drive_left/drive_right/tv_l/tv_r/av_l/av_r/x/y/theta/t_err: 0.53904 1.03632 0.23227 0.78292 0.74934 0.59975 0.55439 0.59975 0.55439 2.77784 -0.00894 -0.59103 0.01074
target: 1.03632 0.03038
target: 1.03632 0.03038
fb: 0.80872 0.00000 0.97650 1.00000
fb: 0.80872 -0.00223 0.97650 1.00000
dist/lin/ang/drive_left/drive_right/tv_l/tv_r/av_l/av_r/x/y/theta/t_err: 0.52287 1.12268 0.24167 0.81095 0.80649 0.59733 0.70856 0.59733 0.70856 3.41458 -0.01654 -0.69385 0.01291
target: 1.12268 0.03161
target: 1.12268 0.03161
fb: 0.84733 -0.00989 1.00000 1.00000
fb: 0.84733 -0.01087 1.00000 1.00000
dist/lin/ang/drive_left/drive_right/tv_l/tv_r/av_l/av_r/x/y/theta/t_err: 0.50592 1.20904 0.22442 0.85820 0.83646 0.54089 0.80969 0.54089 0.80969 4.08172 -0.02477 -0.72255 0.01385
target: 1.20904 0.02936
target: 1.20904 0.02936
fb: 1.01834 -0.00209 1.00000 1.00000
fb: 1.01834 0.01589 1.00000 1.00000
dist/lin/ang/drive_left/drive_right/tv_l/tv_r/av_l/av_r/x/y/theta/t_err: 0.48556 1.29540 0.27571 1.00246 1.03423 0.66256 0.85417 0.66256 0.85417 4.88349 -0.03576 -0.79515 0.01575
target: 1.29540 0.03607
target: 1.29540 0.03607
fb: 0.95612 0.03888 1.00000 1.00000
fb: 0.95612 0.05463 1.00000 1.00000
dist/lin/ang/drive_left/drive_right/tv_l/tv_r/av_l/av_r/x/y/theta/t_err: 0.46644 1.38176 0.11886 0.90149 1.01074 0.83192 0.85125 0.83192 0.85125 5.63628 -0.04465 -0.60421 0.01298
target: 1.38176 0.01555
target: 1.38176 0.01555
fb: 1.08785 0.05093 1.00000 1.00000
fb: 1.08785 0.03958 1.00000 1.00000
dist/lin/ang/drive_left/drive_right/tv_l/tv_r/av_l/av_r/x/y/theta/t_err: 0.44468 1.46812 -0.11300 1.04827 1.12743 0.84647 0.84836 0.84647 0.84836 6.49285 -0.04857 -0.14770 0.00535
target: 1.46812 -0.01478
target: 1.46812 -0.01478
fb: 1.21605 0.03198 1.00000 1.00000
fb: 1.21605 0.02327 1.00000 1.00000
dist/lin/ang/drive_left/drive_right/tv_l/tv_r/av_l/av_r/x/y/theta/t_err: 0.42036 1.53165 -0.15003 1.19278 1.23933 0.86103 0.85811 0.86103 0.85811 7.45037 -0.04669 0.18518 -0.00041
target: 1.53165 -0.01963
target: 1.53165 -0.01963
fb: 1.25092 0.02202 1.00000 1.00000
fb: 1.25092 0.01867 1.00000 1.00000
dist/lin/ang/drive_left/drive_right/tv_l/tv_r/av_l/av_r/x/y/theta/t_err: 0.39534 1.47657 -0.15572 1.23224 1.26959 0.87111 0.86769 0.87111 0.86769 8.43532 -0.04080 0.39097 -0.00420
target: 1.47657 -0.02037
target: 1.47657 -0.02037
fb: 1.32065 0.01296 0.51290 0.48497
fb: 1.32065 0.01296 0.51290 0.48497
dist/lin/ang/drive_left/drive_right/tv_l/tv_r/av_l/av_r/x/y/theta/t_err: 0.36893 1.41958 -0.18150 1.30769 1.33361 0.79567 0.83381 0.79567 0.83381 9.47516 -0.03159 0.54028 -0.00725
target: 1.41958 -0.02374
target: 1.41958 -0.02374
fb: 1.42546 0.00871 0.41406 0.35792
fb: 1.42546 0.00711 0.41406 0.35792
dist/lin/ang/drive_left/drive_right/tv_l/tv_r/av_l/av_r/x/y/theta/t_err: 0.34042 1.35871 -0.19611 1.41835 1.43257 0.52514 0.52289 0.52514 0.52289 10.59751 -0.02010 0.63345 -0.00956
target: 1.35871 -0.02565
target: 1.35871 -0.02565
fb: 1.51483 0.00732 0.29119 0.24559
fb: 1.51483 0.00641 0.29119 0.24559
dist/lin/ang/drive_left/drive_right/tv_l/tv_r/av_l/av_r/x/y/theta/t_err: 0.31013 1.29238 -0.22531 1.50842 1.52124 0.42486 0.40761 0.42486 0.40761 11.79020 -0.00583 0.70071 -0.01175
target: 1.29238 -0.02947
target: 1.29238 -0.02947
fb: 1.42149 0.00279 0.26400 0.19605
fb: 1.42149 0.00181 0.26400 0.19605
dist/lin/ang/drive_left/drive_right/tv_l/tv_r/av_l/av_r/x/y/theta/t_err: 0.28170 1.22774 -0.25198 1.41968 1.42330 0.38364 0.34067 0.38364 0.34067 12.90939 0.00858 0.74736 -0.01382
target: 1.22774 -0.03296
target: 1.22774 -0.03296
fb: 1.33433 0.00000 0.25712 0.18742
fb: 1.33433 -0.00906 0.25712 0.18742
dist/lin/ang/drive_left/drive_right/tv_l/tv_r/av_l/av_r/x/y/theta/t_err: 0.25502 1.16520 -0.26378 1.34338 1.32527 0.36275 0.31603 0.36275 0.31603 13.95995 0.02245 0.75556 -0.01542
target: 1.16520 -0.03451
target: 1.16520 -0.03451
fb: 1.18693 -0.02453 0.27561 0.22130
fb: 1.18693 -0.03163 0.27561 0.22130
dist/lin/ang/drive_left/drive_right/tv_l/tv_r/av_l/av_r/x/y/theta/t_err: 0.23128 1.11071 -0.19967 1.21856 1.15529 0.34069 0.30628 0.34069 0.30628 14.89447 0.03358 0.63760 -0.01482
target: 1.11071 -0.02612
target: 1.11071 -0.02612
fb: 1.15184 -0.03087 0.22944 0.27570
fb: 1.15184 -0.02731 0.22944 0.27570
dist/lin/ang/drive_left/drive_right/tv_l/tv_r/av_l/av_r/x/y/theta/t_err: 0.20825 1.05986 -0.07408 1.17915 1.12453 0.31794 0.28406 0.31794 0.28406 15.80141 0.04042 0.36229 -0.01125
target: 1.05986 -0.00969
target: 1.05986 -0.00969
fb: 1.09778 -0.02251 0.17937 0.31999
fb: 1.09778 -0.02508 0.17937 0.31999
dist/lin/ang/drive_left/drive_right/tv_l/tv_r/av_l/av_r/x/y/theta/t_err: 0.18629 1.00716 -0.04506 1.12286 1.07270 0.26847 0.30150 0.26847 0.30150 16.66580 0.04322 0.13576 -0.00826
target: 1.00716 -0.00589
target: 1.00716 -0.00589
fb: 1.02982 -0.03080 0.21126 0.24322
fb: 1.02982 -0.02878 0.21126 0.24322
dist/lin/ang/drive_left/drive_right/tv_l/tv_r/av_l/av_r/x/y/theta/t_err: 0.16570 0.96224 0.01675 1.05859 1.00104 0.24519 0.31553 0.24519 0.31553 17.47668 0.04273 -0.09992 -0.00481
target: 0.96224 0.00219
target: 0.96224 0.00219
fb: 0.91927 -0.01303 0.23595 0.31732
fb: 0.91927 0.00209 0.23595 0.31732
dist/lin/ang/drive_left/drive_right/tv_l/tv_r/av_l/av_r/x/y/theta/t_err: 0.14731 0.90729 0.07417 0.91718 0.92136 0.25375 0.27597 0.25375 0.27597 18.20050 0.03931 -0.30858 -0.00116
target: 0.90729 0.00970
target: 0.90729 0.00970
fb: 0.92125 0.01059 0.13728 0.22350
fb: 0.92125 0.01198 0.13728 0.22350
dist/lin/ang/drive_left/drive_right/tv_l/tv_r/av_l/av_r/x/y/theta/t_err: 0.12889 0.84865 -0.03944 0.90927 0.93324 0.22536 0.28933 0.22536 0.28933 18.92589 0.03557 -0.27586 -0.00173
target: 0.84865 -0.00516
target: 0.84865 -0.00516
fb: 0.75819 0.00871 0.25947 0.12438
fb: 0.75819 0.01094 0.25947 0.12438
dist/lin/ang/drive_left/drive_right/tv_l/tv_r/av_l/av_r/x/y/theta/t_err: 0.11372 0.79717 -0.08957 0.74725 0.76912 0.17436 0.23133 0.17436 0.23133 19.52288 0.03346 -0.18242 -0.00337
target: 0.79717 -0.01172
target: 0.79717 -0.01172
fb: 0.73127 0.01672 0.22523 0.15603
fb: 0.73127 0.01839 0.22523 0.15603
dist/lin/ang/drive_left/drive_right/tv_l/tv_r/av_l/av_r/x/y/theta/t_err: 0.09909 0.74414 -0.12446 0.71287 0.74966 0.24264 0.16461 0.24264 0.16461 20.09868 0.03239 -0.07268 -0.00528
target: 0.74414 -0.01628
target: 0.74414 -0.01628
fb: 0.65558 0.01191 0.20191 0.14451
fb: 0.65558 -0.00251 0.20191 0.14451
dist/lin/ang/drive_left/drive_right/tv_l/tv_r/av_l/av_r/x/y/theta/t_err: 0.08598 0.69315 -0.17566 0.65809 0.65307 0.22569 0.16958 0.22569 0.16958 20.61488 0.03275 0.07104 -0.00779
target: 0.69315 -0.02298
target: 0.69315 -0.02298
fb: 0.66705 -0.01498 0.17302 0.08740
fb: 0.66705 -0.02174 0.17302 0.08740
dist/lin/ang/drive_left/drive_right/tv_l/tv_r/av_l/av_r/x/y/theta/t_err: 0.07264 0.63711 -0.08152 0.68879 0.64531 0.20414 0.14392 0.20414 0.14392 21.14012 0.03322 0.02545 -0.00699
target: 0.63711 -0.01066
target: 0.63711 -0.01066
fb: 0.61674 -0.02655 -0.08747 0.13252
fb: 0.61674 -0.03351 -0.08747 0.13252
dist/lin/ang/drive_left/drive_right/tv_l/tv_r/av_l/av_r/x/y/theta/t_err: 0.06031 0.58052 0.03830 0.65026 0.58323 0.09908 0.11619 0.09908 0.11619 21.62575 0.03220 -0.17720 -0.00346
target: 0.58052 0.00501
target: 0.58052 0.00501
fb: 0.58960 -0.03825 -0.15358 0.11760
fb: 0.58960 -0.02919 -0.15358 0.11760
dist/lin/ang/drive_left/drive_right/tv_l/tv_r/av_l/av_r/x/y/theta/t_err: 0.04852 0.52069 0.15791 0.61880 0.56041 -0.06297 0.14442 -0.06297 0.14442 22.08999 0.02898 -0.47895 0.00181
target: 0.52069 0.02066
target: 0.52069 0.02066
fb: 0.39939 -0.00927 -0.13786 0.15398
fb: 0.39939 0.01651 -0.13786 0.15398
dist/lin/ang/drive_left/drive_right/tv_l/tv_r/av_l/av_r/x/y/theta/t_err: 0.04053 0.47591 0.17474 0.38288 0.41591 -0.13089 0.13739 -0.13089 0.13739 22.40445 0.02536 -0.69435 0.00557
target: 0.47591 0.02286
target: 0.47591 0.02286
fb: 0.35703 0.04390 0.15976 0.21510
fb: 0.35703 0.06870 0.15976 0.21510
dist/lin/ang/drive_left/drive_right/tv_l/tv_r/av_l/av_r/x/y/theta/t_err: 0.03339 0.43196 -0.06248 0.28833 0.42573 -0.05833 0.16717 -0.05833 0.16717 22.68556 0.02257 -0.48659 0.00194
target: 0.43196 -0.00817
target: 0.43196 -0.00817
fb: 0.27340 0.09309 0.33533 0.05000
fb: 0.27340 0.10389 0.33533 0.05000
dist/lin/ang/drive_left/drive_right/tv_l/tv_r/av_l/av_r/x/y/theta/t_err: 0.02792 0.39497 -0.42306 0.16951 0.37728 0.19386 0.18342 0.19386 0.18342 22.90083 0.02248 0.16794 -0.00948
target: 0.39497 -0.05534
target: 0.39497 -0.05534
fb: 0.23853 0.10584 0.43874 -0.14287
fb: 0.23853 0.10235 0.43874 -0.14287
dist/lin/ang/drive_left/drive_right/tv_l/tv_r/av_l/av_r/x/y/theta/t_err: 0.02313 0.35953 -0.76524 0.13618 0.34089 0.33472 0.02772 0.33472 0.02772 23.08863 0.02526 1.07853 -0.02537
target: 0.35953 -0.10010
target: 0.35953 -0.10010
fb: 0.28311 0.09448 0.40788 -0.21203
fb: 0.28311 0.05463 0.40788 -0.21203
dist/lin/ang/drive_left/drive_right/tv_l/tv_r/av_l/av_r/x/y/theta/t_err: 0.01745 0.31228 -0.96968 0.22848 0.33773 0.39011 -0.12817 0.39011 -0.12817 23.31145 0.03203 1.95141 -0.04061
target: 0.31228 -0.12684
target: 0.31228 -0.12684
fb: 0.29281 -0.01387 0.27512 -0.21848
fb: 0.29281 -0.06410 0.27512 -0.21848
dist/lin/ang/drive_left/drive_right/tv_l/tv_r/av_l/av_r/x/y/theta/t_err: 0.01159 0.25446 -0.80688 0.35692 0.22871 0.34086 -0.18769 0.34086 -0.18769 23.54183 0.04111 2.26771 -0.04613
target: 0.25446 -0.10555
target: 0.25446 -0.10555
fb: 0.17454 -0.10946 -0.04568 0.08750
fb: 0.17454 -0.14395 -0.04568 0.08750
dist/lin/ang/drive_left/drive_right/tv_l/tv_r/av_l/av_r/x/y/theta/t_err: 0.00811 0.21292 -0.21597 0.31849 0.03059 0.16839 -0.16956 0.16839 -0.16956 23.67920 0.04548 1.61078 -0.03466
target: 0.21292 -0.02825
target: 0.21292 -0.02825
fb: 0.15512 -0.16862 -0.34333 0.39742
fb: 0.15512 -0.17948 -0.34333 0.39742
dist/lin/ang/drive_left/drive_right/tv_l/tv_r/av_l/av_r/x/y/theta/t_err: 0.00504 0.00126 0.40121 0.33461 -0.02436 -0.10625 0.05989 -0.10625 0.05989 23.80133 0.04688 0.29976 -0.01178
target: 0.00126 0.05248
target: 0.00126 0.05248
fb: 0.14740 -0.17990 -0.86034 -0.06830
fb: 0.14740 -0.17475 -0.86034 -0.06830
dist/lin/ang/drive_left/drive_right/tv_l/tv_r/av_l/av_r/x/y/theta/t_err: 0.00212 0.00053 0.90592 0.32215 -0.02735 -0.33264 0.32800 -0.33264 0.32800 23.91738 0.04512 -1.26209 0.01548
target: 0.00053 0.11850
target: 0.00053 0.11850
fb: 0.13593 -0.13197 -0.41677 0.41914
fb: 0.13593 -0.06285 -0.41677 0.41914
dist/lin/ang/drive_left/drive_right/tv_l/tv_r/av_l/av_r/x/y/theta/t_err: -0.00057 -0.00014 1.19747 0.19877 0.07308 -0.45667 -0.02872 -0.45667 -0.02872 24.02432 0.04073 -2.67350 0.04011
target: -0.00014 0.15664
target: -0.00014 0.15664
fb: 0.05803 -0.01219 -0.31699 0.31909
fb: 0.05803 0.02000 -0.31699 0.31909
final error: 0.07974, x: -0.06995, y: -0.03828
final local error: 0.07974, forwards: -0.06776, sideways: -0.04203
position: 24.06995 0.03828 -3.12151
took 0.94000 time to finish turn
dist/lin/ang/drive_left/drive_right/tv_l/tv_r/av_l/av_r/x/y/theta/t_err: -0.61300 -0.08636 -0.48384 0.00000 0.00000 0.00000 0.00017 0.00000 0.00017 24.13403 0.03631 181.99807 -0.03337
target: -0.08636 -0.06329
target: -0.08636 -0.06329
fb: 0.00000 0.00000 0.16157 -0.57581
fb: 0.00000 0.00000 0.16157 -0.57581
dist/lin/ang/drive_left/drive_right/tv_l/tv_r/av_l/av_r/x/y/theta/t_err: -0.61300 -0.17272 -0.48384 0.00000 0.00000 0.05375 -0.07769 0.05375 -0.07769 24.13403 0.03631 181.99807 -0.03337
target: -0.17272 -0.06329
target: -0.17272 -0.06329
fb: 0.00000 0.00000 -0.23324 -0.32295
fb: 0.00000 -0.00411 -0.23324 -0.32295
dist/lin/ang/drive_left/drive_right/tv_l/tv_r/av_l/av_r/x/y/theta/t_err: -0.61300 -0.25908 -0.47750 0.00411 -0.00411 0.04639 -0.40861 0.04639 -0.40861 24.13403 0.03631 181.98887 -0.03321
target: -0.25908 -0.06246
target: -0.25908 -0.06246
fb: -0.00971 -0.03372 -0.39417 -0.47530
fb: -0.00971 -0.06222 -0.39417 -0.47530
dist/lin/ang/drive_left/drive_right/tv_l/tv_r/av_l/av_r/x/y/theta/t_err: -0.61281 -0.34544 -0.23776 0.05251 -0.07193 -0.21986 -0.33400 -0.21986 -0.33400 24.12639 0.03605 181.63471 -0.02704
target: -0.34544 -0.03110
target: -0.34544 -0.03110
fb: -0.02714 -0.07859 -0.61899 -0.38331
fb: -0.02714 -0.09204 -0.61899 -0.38331
dist/lin/ang/drive_left/drive_right/tv_l/tv_r/av_l/av_r/x/y/theta/t_err: -0.61227 -0.43180 0.10308 0.06490 -0.11918 -0.39972 -0.40947 -0.39972 -0.40947 24.10502 0.03550 180.91530 -0.01450
target: -0.43180 0.01348
target: -0.43180 0.01348
fb: -0.14144 -0.09009 -0.72636 -0.31191
fb: -0.14144 -0.07211 -0.72636 -0.31191
dist/lin/ang/drive_left/drive_right/tv_l/tv_r/av_l/av_r/x/y/theta/t_err: -0.60944 -0.51816 0.29627 -0.06933 -0.21356 -0.47739 -0.35197 -0.47739 -0.35197 23.99366 0.03411 180.17760 -0.00168
target: -0.51816 0.03876
target: -0.51816 0.03876
fb: -0.24449 -0.04745 -0.93709 -0.66303
fb: -0.24449 -0.03407 -0.93709 -0.66303
dist/lin/ang/drive_left/drive_right/tv_l/tv_r/av_l/av_r/x/y/theta/t_err: -0.60455 -0.60452 0.24407 -0.21042 -0.27856 -0.42142 -0.35728 -0.42142 -0.35728 23.80115 0.03391 179.78845 0.00512
target: -0.60452 0.03193
target: -0.60452 0.03193
fb: -0.31598 -0.02662 -0.83099 -0.85504
fb: -0.31598 -0.02954 -0.83099 -0.85504
dist/lin/ang/drive_left/drive_right/tv_l/tv_r/av_l/av_r/x/y/theta/t_err: -0.59823 -0.69088 0.24765 -0.28644 -0.34553 -0.46578 -0.53697 -0.46578 -0.53697 23.55234 0.03510 179.54060 0.00951
target: -0.69088 0.03240
target: -0.69088 0.03240
fb: -0.40932 -0.03400 -0.89614 -0.85396
fb: -0.40932 -0.03783 -0.89614 -0.85396
dist/lin/ang/drive_left/drive_right/tv_l/tv_r/av_l/av_r/x/y/theta/t_err: -0.59004 -0.77724 0.35596 -0.37149 -0.44716 -0.45053 -0.61069 -0.45053 -0.61069 23.23006 0.03809 179.23280 0.01503
target: -0.77724 0.04656
target: -0.77724 0.04656
fb: -0.47133 -0.04292 -1.00000 -0.83055
fb: -0.47133 -0.05699 -1.00000 -0.83055
dist/lin/ang/drive_left/drive_right/tv_l/tv_r/av_l/av_r/x/y/theta/t_err: -0.58062 -0.86360 0.50954 -0.41433 -0.52832 -0.45700 -0.61308 -0.45700 -0.61308 22.85897 0.04364 178.82525 0.02241
target: -0.86360 0.06665
target: -0.86360 0.06665
fb: -0.55650 -0.07170 -1.00000 -0.82660
fb: -0.55650 -0.07609 -1.00000 -0.82660
dist/lin/ang/drive_left/drive_right/tv_l/tv_r/av_l/av_r/x/y/theta/t_err: -0.56949 -0.94996 0.78048 -0.48042 -0.63259 -0.54431 -0.49656 -0.54431 -0.49656 22.42090 0.05378 178.19259 0.03394
target: -0.94996 0.10209
target: -0.94996 0.10209
fb: -0.67875 -0.06870 -1.00000 -0.75139
fb: -0.67875 -0.05665 -1.00000 -0.75139
dist/lin/ang/drive_left/drive_right/tv_l/tv_r/av_l/av_r/x/y/theta/t_err: -0.55593 -1.03632 0.92176 -0.62210 -0.73539 -0.71900 -0.45497 -0.71900 -0.45497 21.88677 0.07208 177.62075 0.04482
target: -1.03632 0.12058
target: -1.03632 0.12058
fb: -0.69243 -0.04236 -1.00000 -0.88722
fb: -0.69243 -0.01965 -1.00000 -0.88722
dist/lin/ang/drive_left/drive_right/tv_l/tv_r/av_l/av_r/x/y/theta/t_err: -0.54209 -1.12268 0.91163 -0.67278 -0.71208 -0.79497 -0.58039 -0.79497 -0.58039 21.34206 0.09567 177.30922 0.05145
target: -1.12268 0.11925
target: -1.12268 0.11925
fb: -0.79702 -0.00425 -1.00000 -1.00000
fb: -0.79702 0.00885 -1.00000 -1.00000
dist/lin/ang/drive_left/drive_right/tv_l/tv_r/av_l/av_r/x/y/theta/t_err: -0.52618 -1.20904 0.81202 -0.80587 -0.78817 -0.80950 -0.64456 -0.80950 -0.64456 20.71518 0.12531 177.30314 0.05312
target: -1.20904 0.10622
target: -1.20904 0.10622
fb: -0.91728 0.01261 -1.00000 -1.00000
fb: -0.91728 0.02501 -1.00000 -1.00000
dist/lin/ang/drive_left/drive_right/tv_l/tv_r/av_l/av_r/x/y/theta/t_err: -0.50786 -1.29540 0.74669 -0.94229 -0.89227 -0.83708 -0.54792 -0.83708 -0.54792 19.99370 0.15897 177.44623 0.05252
target: -1.29540 0.09767
target: -1.29540 0.09767
fb: -0.93295 0.04181 -1.00000 -1.00000
fb: -0.93295 0.05456 -1.00000 -1.00000
dist/lin/ang/drive_left/drive_right/tv_l/tv_r/av_l/av_r/x/y/theta/t_err: -0.48922 -1.38176 0.57073 -0.98750 -0.87839 -0.85503 -0.75906 -0.85503 -0.75906 19.25978 0.19067 177.83470 0.04769
target: -1.38176 0.07466
target: -1.38176 0.07466
fb: -1.09182 0.06466 -1.00000 -1.00000
fb: -1.09182 0.06696 -1.00000 -1.00000
dist/lin/ang/drive_left/drive_right/tv_l/tv_r/av_l/av_r/x/y/theta/t_err: -0.46741 -1.46812 0.38608 -1.15878 -1.02486 -0.85708 -0.84253 -0.85708 -0.84253 18.40061 0.22108 178.39892 0.03996
target: -1.46812 0.05050
target: -1.46812 0.05050
fb: -1.07836 0.06257 -1.00000 -1.00000
fb: -1.07836 0.05713 -1.00000 -1.00000
dist/lin/ang/drive_left/drive_right/tv_l/tv_r/av_l/av_r/x/y/theta/t_err: -0.44586 -1.55448 0.28210 -1.13550 -1.02123 -0.85981 -0.85231 -0.85981 -0.85231 17.55179 0.24274 178.93416 0.03243
target: -1.55448 0.03690
target: -1.55448 0.03690
fb: -1.22179 0.04766 -1.00000 -1.00000
fb: -1.22179 0.04229 -1.00000 -1.00000
dist/lin/ang/drive_left/drive_right/tv_l/tv_r/av_l/av_r/x/y/theta/t_err: -0.42143 -1.64084 0.25726 -1.26408 -1.17950 -0.86358 -0.85708 -0.86358 -0.85708 16.58988 0.25879 179.34446 0.02704
target: -1.64084 0.03365
target: -1.64084 0.03365
fb: -1.32660 0.03965 -1.00000 -1.00000
fb: -1.32660 0.03972 -1.00000 -1.00000
dist/lin/ang/drive_left/drive_right/tv_l/tv_r/av_l/av_r/x/y/theta/t_err: -0.39491 -1.67400 0.21954 -1.36632 -1.28689 -0.87625 -0.87075 -0.87625 -0.87075 15.54536 0.26914 179.69290 0.02267
target: -1.67400 0.02872
target: -1.67400 0.02872
fb: -1.32263 0.03992 -1.00000 -1.00000
fb: -1.32263 0.03463 -1.00000 -1.00000
dist/lin/ang/drive_left/drive_right/tv_l/tv_r/av_l/av_r/x/y/theta/t_err: -0.36847 -1.62733 0.16877 -1.35726 -1.28800 -0.88600 -0.87947 -0.88600 -0.87947 14.50393 0.27319 180.01213 0.01862
target: -1.62733 0.02208
target: -1.62733 0.02208
fb: -1.46231 0.02975 -0.58512 -0.62150
fb: -1.46231 0.02731 -0.58512 -0.62150
dist/lin/ang/drive_left/drive_right/tv_l/tv_r/av_l/av_r/x/y/theta/t_err: -0.33922 -1.56802 0.16423 -1.48962 -1.43500 -0.78469 -0.80903 -0.78469 -0.80903 13.35250 0.27166 180.25202 0.01594
target: -1.56802 0.02148
target: -1.56802 0.02148
fb: -1.46032 0.02494 -0.50204 -0.48474
fb: -1.46032 0.02062 -0.50204 -0.48474
dist/lin/ang/drive_left/drive_right/tv_l/tv_r/av_l/av_r/x/y/theta/t_err: -0.31002 -1.50407 0.14639 -1.48095 -1.43970 -0.58914 -0.61653 -0.58914 -0.61653 12.20266 0.26553 180.45605 0.01380
target: -1.50407 0.01915
target: -1.50407 0.01915
fb: -1.48746 0.01972 -0.39999 -0.40143
fb: -1.48746 0.02097 -0.39999 -0.40143
dist/lin/ang/drive_left/drive_right/tv_l/tv_r/av_l/av_r/x/y/theta/t_err: -0.28027 -1.43427 0.12676 -1.50844 -1.46649 -0.50650 -0.50906 -0.50650 -0.50906 11.03147 0.25528 180.64144 0.01194
target: -1.43427 0.01658
target: -1.43427 0.01658
fb: -1.42347 0.02244 -0.33927 -0.34620
fb: -1.42347 0.01784 -0.33927 -0.34620
dist/lin/ang/drive_left/drive_right/tv_l/tv_r/av_l/av_r/x/y/theta/t_err: -0.25181 -1.36361 0.09694 -1.44131 -1.40564 -0.45497 -0.44247 -0.45497 -0.44247 9.91071 0.24177 180.82379 0.01001
target: -1.36361 0.01268
target: -1.36361 0.01268
fb: -1.54969 0.00899 -0.19930 -0.22340
fb: -1.54969 0.00676 -0.19930 -0.22340
dist/lin/ang/drive_left/drive_right/tv_l/tv_r/av_l/av_r/x/y/theta/t_err: -0.22081 -1.27680 0.14795 -1.55645 -1.54293 -0.41750 -0.42556 -0.41750 -0.42556 8.69061 0.22369 180.89678 0.01008
target: -1.27680 0.01935
target: -1.27680 0.01935
fb: -1.43120 0.00899 -0.15885 -0.07877
fb: -1.43120 0.00773 -0.15885 -0.07877
dist/lin/ang/drive_left/drive_right/tv_l/tv_r/av_l/av_r/x/y/theta/t_err: -0.19219 -1.19087 0.15274 -1.43893 -1.42346 -0.31364 -0.30408 -0.31364 -0.30408 7.56383 0.20573 180.97084 0.01025
target: -1.19087 0.01998
target: -1.19087 0.01998
fb: -1.22951 0.00251 -0.15858 -0.13202
fb: -1.22951 -0.00223 -0.15858 -0.13202
dist/lin/ang/drive_left/drive_right/tv_l/tv_r/av_l/av_r/x/y/theta/t_err: -0.16760 -1.13011 0.19938 -1.22728 -1.23174 -0.27342 -0.18033 -0.27342 -0.18033 6.59585 0.18918 180.98204 0.01153
target: -1.13011 0.02608
target: -1.13011 0.02608
fb: -1.21804 -0.00070 -0.25095 -0.16689
fb: -1.21804 0.00857 -0.25095 -0.16689
dist/lin/ang/drive_left/drive_right/tv_l/tv_r/av_l/av_r/x/y/theta/t_err: -0.14323 -1.04472 0.15154 -1.22661 -1.20947 -0.27786 -0.21097 -0.27786 -0.21097 5.63690 0.17277 181.00481 0.01114
target: -1.04472 0.01982
target: -1.04472 0.01982
fb: -0.95612 0.01644 -0.13350 -0.16898
fb: -0.95612 0.02439 -0.13350 -0.16898
dist/lin/ang/drive_left/drive_right/tv_l/tv_r/av_l/av_r/x/y/theta/t_err: -0.12411 -0.97250 0.04942 -0.98050 -0.93173 -0.25306 -0.22639 -0.25306 -0.22639 4.88418 0.15916 181.16735 0.00830
target: -0.97250 0.00646
target: -0.97250 0.00646
fb: -1.02585 0.02975 0.06682 -0.16846
fb: -1.02585 0.02752 0.06682 -0.16846
dist/lin/ang/drive_left/drive_right/tv_l/tv_r/av_l/av_r/x/y/theta/t_err: -0.10360 -0.88851 -0.05485 -1.05337 -0.99832 -0.14014 -0.20686 -0.14014 -0.20686 4.07661 0.14181 181.42146 0.00386
target: -0.88851 -0.00717
target: -0.88851 -0.00717
fb: -0.87094 0.01846 0.12923 -0.12679
fb: -0.87094 0.00244 0.12923 -0.12679
dist/lin/ang/drive_left/drive_right/tv_l/tv_r/av_l/av_r/x/y/theta/t_err: -0.08619 -0.81040 -0.03077 -0.87338 -0.86850 0.04089 -0.17314 0.04089 -0.17314 3.39106 0.12423 181.54737 0.00167
target: -0.81040 -0.00403
target: -0.81040 -0.00403
fb: -0.82813 -0.01972 0.07493 0.10213
fb: -0.82813 -0.03958 0.07493 0.10213
dist/lin/ang/drive_left/drive_right/tv_l/tv_r/av_l/av_r/x/y/theta/t_err: -0.06962 -0.72836 0.17259 -0.78856 -0.86771 0.09464 -0.10078 0.09464 -0.10078 2.73921 0.10698 181.33209 0.00542
target: -0.72836 0.02258
target: -0.72836 0.02258
fb: -0.56621 -0.05658 -0.20507 0.18695
fb: -0.56621 -0.06159 -0.20507 0.18695
dist/lin/ang/drive_left/drive_right/tv_l/tv_r/av_l/av_r/x/y/theta/t_err: -0.05828 -0.66643 0.42244 -0.50462 -0.62780 0.03097 0.09514 0.03097 0.09514 2.29348 0.09751 180.83341 0.01413
target: -0.66643 0.05526
target: -0.66643 0.05526
fb: -0.40138 -0.05163 -0.37081 0.11980
fb: -0.40138 -0.02878 -0.37081 0.11980
dist/lin/ang/drive_left/drive_right/tv_l/tv_r/av_l/av_r/x/y/theta/t_err: -0.05024 -0.61876 0.47610 -0.37260 -0.43016 -0.21767 0.14322 -0.21767 0.14322 1.97745 0.09358 180.43995 0.02099
target: -0.61876 0.06228
target: -0.61876 0.06228
fb: -0.35879 0.00390 -0.30207 -0.16083
fb: -0.35879 0.03756 -0.30207 -0.16083
dist/lin/ang/drive_left/drive_right/tv_l/tv_r/av_l/av_r/x/y/theta/t_err: -0.04307 -0.57289 0.22966 -0.39635 -0.32124 -0.33317 0.07597 -0.33317 0.07597 1.69495 0.09146 180.54840 0.01910
target: -0.57289 0.03004
target: -0.57289 0.03004
fb: -0.32790 0.07420 -0.08562 -0.34085
fb: -0.32790 0.09720 -0.08562 -0.34085
dist/lin/ang/drive_left/drive_right/tv_l/tv_r/av_l/av_r/x/y/theta/t_err: -0.03653 -0.52763 -0.19642 -0.42510 -0.23070 -0.24964 -0.16156 -0.24964 -0.16156 1.43678 0.08835 181.23508 0.00712
target: -0.52763 -0.02569
target: -0.52763 -0.02569
fb: -0.29281 0.11058 0.19653 -0.46288
fb: -0.29281 0.11141 0.19653 -0.46288
dist/lin/ang/drive_left/drive_right/tv_l/tv_r/av_l/av_r/x/y/theta/t_err: -0.03070 -0.48365 -0.56018 -0.40423 -0.18140 -0.00344 -0.31639 -0.00344 -0.31639 1.20629 0.08243 182.19732 -0.00968
target: -0.48365 -0.07328
target: -0.48365 -0.07328
fb: -0.28509 0.09643 0.11197 -0.49741
fb: -0.28509 0.07232 0.11197 -0.49741
dist/lin/ang/drive_left/drive_right/tv_l/tv_r/av_l/av_r/x/y/theta/t_err: -0.02501 -0.43651 -0.68267 -0.35741 -0.21277 0.14664 -0.40964 0.14664 -0.40964 0.98201 0.07296 182.98401 -0.02341
target: -0.43651 -0.08930
target: -0.43651 -0.08930
fb: -0.25795 0.03804 -0.06361 -0.33237
fb: -0.25795 -0.01261 -0.06361 -0.33237
dist/lin/ang/drive_left/drive_right/tv_l/tv_r/av_l/av_r/x/y/theta/t_err: -0.01985 -0.38890 -0.48841 -0.24534 -0.27056 0.06244 -0.45258 0.06244 -0.45258 0.77920 0.06201 183.20014 -0.02718
target: -0.38890 -0.06389
target: -0.38890 -0.06389
fb: -0.21338 -0.06661 -0.24701 -0.10881
fb: -0.21338 -0.10068 -0.24701 -0.10881
dist/lin/ang/drive_left/drive_right/tv_l/tv_r/av_l/av_r/x/y/theta/t_err: -0.01557 -0.34450 0.05239 -0.11270 -0.31406 -0.10181 -0.33300 -0.10181 -0.33300 0.61143 0.05298 182.55249 -0.01588
target: -0.34450 0.00685
target: -0.34450 0.00685
fb: -0.22287 -0.11915 -0.46142 0.26737
fb: -0.22287 -0.12340 -0.46142 0.26737
dist/lin/ang/drive_left/drive_right/tv_l/tv_r/av_l/av_r/x/y/theta/t_err: -0.01110 -0.29087 0.48855 -0.09947 -0.34626 -0.26147 -0.13517 -0.26147 -0.13517 0.43608 0.04594 181.50993 0.00232
target: -0.29087 0.06391
target: -0.29087 0.06391
fb: -0.25023 -0.11636 -0.35928 0.32278
fb: -0.25023 -0.10430 -0.35928 0.32278
dist/lin/ang/drive_left/drive_right/tv_l/tv_r/av_l/av_r/x/y/theta/t_err: -0.00608 -0.00152 0.71581 -0.14592 -0.35453 -0.38464 0.20789 -0.38464 0.20789 0.23910 0.04163 180.52043 0.01959
target: -0.00152 0.09364
target: -0.00152 0.09364
fb: -0.33165 -0.06466 0.58572 0.98364
fb: -0.33165 -0.00293 0.58572 0.98364
dist/lin/ang/drive_left/drive_right/tv_l/tv_r/av_l/av_r/x/y/theta/t_err: 0.00056 0.00014 0.56986 -0.32872 -0.33458 -0.18103 0.29294 -0.18103 0.29294 -0.02204 0.04002 180.10587 0.02683
target: 0.00014 0.07454
target: 0.00014 0.07454
fb: -0.23280 0.04599 0.19483 0.12779
fb: -0.23280 0.08431 0.19483 0.12779
dist/lin/ang/drive_left/drive_right/tv_l/tv_r/av_l/av_r/x/y/theta/t_err: 0.00521 0.00130 0.05850 -0.31710 -0.14849 0.22108 0.49811 0.22108 0.49811 -0.20534 0.03945 180.58523 0.01846
target: 0.00130 0.00765
target: 0.00130 0.00765
fb: -0.13372 0.11155 0.33771 -0.33699
fb: -0.13372 0.11434 0.33771 -0.33699
start is 0.00000 0.00000
dist/lin/ang/drive_left/drive_right/tv_l/tv_r/av_l/av_r/x/y/theta/t_err: 0.60960 0.08636 -0.00000 0.00000 0.00000 0.00017 0.00000 0.00017 0.00000 0.00000 0.00000 0.00000 -0.00000
target: 0.08636 -0.00000
target: 0.08636 -0.00000
fb: 0.00375 0.00000 0.24370 0.24859
fb: 0.00375 0.00000 0.24370 0.24859
dist/lin/ang/drive_left/drive_right/tv_l/tv_r/av_l/av_r/x/y/theta/t_err: 0.60952 0.17272 -0.00001 0.00375 0.00375 0.02686 0.07869 0.02686 0.07869 0.00295 0.00000 0.00002 -0.00000
target: 0.17272 -0.00000
target: 0.17272 -0.00000
fb: 0.00000 0.00000 0.27566 0.28054
fb: 0.00000 0.00000 0.27566 0.28054
dist/lin/ang/drive_left/drive_right/tv_l/tv_r/av_l/av_r/x/y/theta/t_err: 0.60952 0.25908 -0.00008 0.00000 0.00000 0.21389 0.22947 0.21389 0.22947 0.00295 0.00000 0.00013 -0.00000
target: 0.25908 -0.00001
target: 0.25908 -0.00001
fb: 0.00397 -0.00070 0.43520 0.44000
fb: 0.00397 -0.00683 0.43520 0.44000
dist/lin/ang/drive_left/drive_right/tv_l/tv_r/av_l/av_r/x/y/theta/t_err: 0.60945 0.34544 -0.00046 0.01080 -0.00286 0.26453 0.30372 0.26453 0.30372 0.00608 0.00000 0.00075 -0.00001
target: 0.34544 -0.00006
target: 0.34544 -0.00006
fb: 0.11254 -0.00084 0.45627 0.46063
fb: 0.11254 0.00516 0.45627 0.46063
dist/lin/ang/drive_left/drive_right/tv_l/tv_r/av_l/av_r/x/y/theta/t_err: 0.60719 0.43180 0.02515 0.10738 0.11769 0.39167 0.39614 0.39167 0.39614 0.09469 -0.00005 -0.03590 0.00063
target: 0.43180 0.00329
target: 0.43180 0.00329
fb: 0.25972 0.00348 0.44027 0.47973
fb: 0.25972 -0.00209 0.44027 0.47973
dist/lin/ang/drive_left/drive_right/tv_l/tv_r/av_l/av_r/x/y/theta/t_err: 0.60200 0.51816 -0.01677 0.26181 0.25763 0.42556 0.43544 0.42556 0.43544 0.29919 -0.00007 0.00172 -0.00003
target: 0.51816 -0.00219
target: 0.51816 -0.00219
fb: 0.27163 -0.00314 0.80999 0.76300
fb: 0.27163 0.00223 0.80999 0.76300
dist/lin/ang/drive_left/drive_right/tv_l/tv_r/av_l/av_r/x/y/theta/t_err: 0.59657 0.60452 0.01070 0.26940 0.27386 0.44386 0.48203 0.44386 0.48203 0.51308 -0.00010 -0.01430 0.00025
target: 0.60452 0.00140
target: 0.60452 0.00140
fb: 0.34908 0.00592 0.80667 0.84627
fb: 0.34908 0.00669 0.80667 0.84627
dist/lin/ang/drive_left/drive_right/tv_l/tv_r/av_l/av_r/x/y/theta/t_err: 0.58959 0.69088 -0.01497 0.34239 0.35577 0.66064 0.44575 0.66064 0.44575 0.78795 -0.00010 0.01274 -0.00022
target: 0.69088 -0.00196
target: 0.69088 -0.00196
fb: 0.49251 0.00000 0.84716 0.81975
fb: 0.49251 -0.02188 0.84716 0.81975
dist/lin/ang/drive_left/drive_right/tv_l/tv_r/av_l/av_r/x/y/theta/t_err: 0.57974 0.77724 -0.03311 0.51439 0.47063 0.69642 0.34581 0.69642 0.34581 1.17575 0.00024 0.05533 -0.00098
target: 0.77724 -0.00433
target: 0.77724 -0.00433
fb: 0.57791 -0.05281 0.88028 0.85864
fb: 0.57791 -0.06863 0.88028 0.85864
dist/lin/ang/drive_left/drive_right/tv_l/tv_r/av_l/av_r/x/y/theta/t_err: 0.56818 0.86360 0.16955 0.64654 0.50928 0.56464 0.57100 0.56464 0.57100 1.63079 -0.00064 -0.20889 0.00367
target: 0.86360 0.02218
target: 0.86360 0.02218
fb: 0.66330 -0.06055 0.76852 1.00000
fb: 0.66330 -0.04257 0.76852 1.00000
dist/lin/ang/drive_left/drive_right/tv_l/tv_r/av_l/av_r/x/y/theta/t_err: 0.55491 0.94996 0.45236 0.70587 0.62073 0.42847 0.48150 0.42847 0.48150 2.15305 -0.00643 -0.77256 0.01378
target: 0.94996 0.05917
target: 0.94996 0.05917
fb: 0.71957 -0.03010 0.74709 1.00000
fb: 0.71957 -0.01916 0.74709 1.00000
dist/lin/ang/drive_left/drive_right/tv_l/tv_r/av_l/av_r/x/y/theta/t_err: 0.54052 1.03632 0.45886 0.73873 0.70041 0.61925 0.61872 0.61925 0.61872 2.71954 -0.01679 -1.12001 0.02034
target: 1.03632 0.06002
target: 1.03632 0.06002
fb: 0.75443 -0.00606 0.97040 1.00000
fb: 0.75443 -0.00530 0.97040 1.00000
dist/lin/ang/drive_left/drive_right/tv_l/tv_r/av_l/av_r/x/y/theta/t_err: 0.52544 1.12268 0.41847 0.75973 0.74914 0.68239 0.73544 0.68239 0.73544 3.31344 -0.02967 -1.26231 0.02347
target: 1.12268 0.05474
target: 1.12268 0.05474
fb: 0.89014 -0.00982 1.00000 1.00000
fb: 0.89014 -0.00725 1.00000 1.00000
dist/lin/ang/drive_left/drive_right/tv_l/tv_r/av_l/av_r/x/y/theta/t_err: 0.50764 1.20904 0.41322 0.89739 0.88289 0.66336 0.81019 0.66336 0.81019 4.01416 -0.04558 -1.31966 0.02531
target: 1.20904 0.05405
target: 1.20904 0.05405
fb: 0.00000 0.00453 1.00000 1.00000
fb: 0.00000 0.01456 1.00000 1.00000
dist/lin/ang/drive_left/drive_right/tv_l/tv_r/av_l/av_r/x/y/theta/t_err: 0.50764 1.29540 0.38953 -0.01456 0.01456 0.60125 0.83875 0.60125 0.83875 4.01416 -0.04558 -1.35229 0.02588
target: 1.29540 0.05095
target: 1.29540 0.05095
fb: 0.00000 0.02313 1.00000 1.00000
fb: 0.00000 0.02460 1.00000 1.00000
dist/lin/ang/drive_left/drive_right/tv_l/tv_r/av_l/av_r/x/y/theta/t_err: 0.50764 1.38176 0.27699 -0.02460 0.02460 0.78353 0.84256 0.78353 0.84256 4.01416 -0.04558 -1.20969 0.02339
target: 1.38176 0.03623
target: 1.38176 0.03623
fb: 0.00000 0.02669 1.00000 1.00000
fb: 0.00000 0.03003 1.00000 1.00000
dist/lin/ang/drive_left/drive_right/tv_l/tv_r/av_l/av_r/x/y/theta/t_err: 0.50764 1.46812 0.18317 -0.03003 0.03003 0.85314 0.85386 0.85314 0.85386 4.01416 -0.04558 -0.98334 0.01944
target: 1.46812 0.02396
target: 1.46812 0.02396
fb: 0.00000 0.02773 1.00000 1.00000
fb: 0.00000 0.02383 1.00000 1.00000
dist/lin/ang/drive_left/drive_right/tv_l/tv_r/av_l/av_r/x/y/theta/t_err: 0.50764 1.55448 0.10683 -0.02383 0.02383 0.86597 0.86119 0.86597 0.86119 4.01416 -0.04558 -0.72936 0.01501
target: 1.55448 0.01397
target: 1.55448 0.01397
fb: 0.00000 0.01735 1.00000 1.00000
fb: 0.00000 0.01526 1.00000 1.00000
dist/lin/ang/drive_left/drive_right/tv_l/tv_r/av_l/av_r/x/y/theta/t_err: 0.50764 1.64084 0.08658 -0.01526 0.01526 0.87503 0.87044 0.87503 0.87044 4.01416 -0.04558 -0.53924 0.01169
target: 1.64084 0.01133
target: 1.64084 0.01133
fb: 0.00000 0.01345 1.00000 1.00000
fb: 0.00000 0.00934 1.00000 1.00000
dist/lin/ang/drive_left/drive_right/tv_l/tv_r/av_l/av_r/x/y/theta/t_err: 0.50764 1.65950 0.08054 -0.00934 0.00934 0.88547 0.88139 0.88547 0.88139 4.01416 -0.04558 -0.41015 0.00944
target: 1.65950 0.01054
target: 1.65950 0.01054
fb: 0.00000 0.00878 1.00000 1.00000
fb: 0.00000 0.00488 1.00000 1.00000
dist/lin/ang/drive_left/drive_right/tv_l/tv_r/av_l/av_r/x/y/theta/t_err: 0.50764 1.66345 0.07702 -0.00488 0.00488 0.89336 0.88908 0.89336 0.88908 4.01416 -0.04558 -0.32334 0.00792
target: 1.66345 0.01007
target: 1.66345 0.01007
fb: 0.00000 0.00174 1.00000 1.00000
fb: 0.00000 0.00258 1.00000 1.00000
dist/lin/ang/drive_left/drive_right/tv_l/tv_r/av_l/av_r/x/y/theta/t_err: 0.50764 1.66480 0.09456 -0.00258 0.00258 0.89953 0.89456 0.89953 0.89456 4.01416 -0.04558 -0.29383 0.00741
target: 1.66480 0.01237
target: 1.66480 0.01237
fb: 11.47142 0.00362 -1.00000 -1.00000
fb: 11.47142 0.00216 -1.00000 -1.00000
dist/lin/ang/drive_left/drive_right/tv_l/tv_r/av_l/av_r/x/y/theta/t_err: 0.27822 1.22243 0.31339 11.46926 11.47358 0.62469 0.47600 0.62469 0.47600 13.04667 -0.08818 -0.26200 0.01262
target: 1.22243 0.04099
target: 1.22243 0.04099
fb: 1.66399 -0.00383 -1.00000 -1.00000
fb: 1.66399 -0.00996 -1.00000 -1.00000
dist/lin/ang/drive_left/drive_right/tv_l/tv_r/av_l/av_r/x/y/theta/t_err: 0.24495 1.14421 0.24421 1.67396 1.65403 -0.15656 -0.13653 -0.15656 -0.13653 14.35689 -0.09396 -0.25370 0.01417
target: 1.14421 0.03194
target: 1.14421 0.03194
fb: 1.38861 -0.02899 0.07435 -0.08633
fb: 1.38861 -0.04822 0.07435 -0.08633
dist/lin/ang/drive_left/drive_right/tv_l/tv_r/av_l/av_r/x/y/theta/t_err: 0.21718 1.06975 0.38441 1.43682 1.34039 -0.10914 -0.16103 -0.10914 -0.16103 15.45026 -0.10049 -0.39813 0.01870
target: 1.06975 0.05028
target: 1.06975 0.05028
fb: 1.36919 -0.04285 -0.22043 0.13581
fb: 1.36919 -0.00794 -0.22043 0.13581
dist/lin/ang/drive_left/drive_right/tv_l/tv_r/av_l/av_r/x/y/theta/t_err: 0.18980 0.98339 0.69238 1.37713 1.36125 0.09222 0.01642 0.09222 0.01642 16.52829 -0.11379 -0.80997 0.02936
target: 0.98339 0.09057
target: 0.98339 0.09057
fb: 0.00000 0.00362 0.32423 0.81385
fb: 0.00000 -0.00655 0.32423 0.81385
dist/lin/ang/drive_left/drive_right/tv_l/tv_r/av_l/av_r/x/y/theta/t_err: 0.18980 0.98182 0.46570 0.00655 -0.00655 -0.10608 0.23817 -0.10608 0.23817 16.52829 -0.11379 -0.86786 0.03038
target: 0.98182 0.06092
target: 0.98182 0.06092
fb: 0.00000 -0.00077 1.00000 0.85940
fb: 0.00000 0.01561 1.00000 0.85940
dist/lin/ang/drive_left/drive_right/tv_l/tv_r/av_l/av_r/x/y/theta/t_err: 0.18980 0.98074 0.46792 -0.01561 0.01561 0.18017 0.62267 0.18017 0.62267 16.52829 -0.11379 -0.90772 0.03107
target: 0.98074 0.06121
target: 0.98074 0.06121
fb: 0.00000 0.02662 0.90524 0.99556
fb: 0.00000 0.03888 0.90524 0.99556
dist/lin/ang/drive_left/drive_right/tv_l/tv_r/av_l/av_r/x/y/theta/t_err: 0.18980 0.98478 0.34759 -0.03888 0.03888 0.71817 0.72514 0.71817 0.72514 16.52829 -0.11379 -0.75841 0.02846
target: 0.98478 0.04547
target: 0.98478 0.04547
fb: 0.00000 0.05929 1.00000 0.93960
fb: 0.00000 0.06870 1.00000 0.93960
dist/lin/ang/drive_left/drive_right/tv_l/tv_r/av_l/av_r/x/y/theta/t_err: 0.18980 0.99584 0.13303 -0.06870 0.06870 0.71933 0.63294 0.71933 0.63294 16.52829 -0.11379 -0.35267 0.02138
target: 0.99584 0.01740
target: 0.99584 0.01740
fb: 0.00000 0.06968 1.00000 0.90698
fb: 0.00000 0.05672 1.00000 0.90698
dist/lin/ang/drive_left/drive_right/tv_l/tv_r/av_l/av_r/x/y/theta/t_err: 0.18980 1.01292 -0.11682 -0.05672 0.05672 0.62025 0.55267 0.62025 0.55267 16.52829 -0.11379 0.26653 0.01058
target: 1.01292 -0.01528
target: 1.01292 -0.01528
fb: 0.00000 0.05267 1.00000 0.90696
fb: 0.00000 0.05679 1.00000 0.90696
dist/lin/ang/drive_left/drive_right/tv_l/tv_r/av_l/av_r/x/y/theta/t_err: 0.18980 1.02675 -0.18803 -0.05679 0.05679 0.75169 0.80764 0.75169 0.80764 16.52829 -0.11379 0.76172 0.00193
target: 1.02675 -0.02460
target: 1.02675 -0.02460
fb: 0.00000 0.05470 1.00000 1.00000
fb: 0.00000 0.05442 1.00000 1.00000
dist/lin/ang/drive_left/drive_right/tv_l/tv_r/av_l/av_r/x/y/theta/t_err: 0.18980 1.01938 -0.30604 -0.05442 0.05442 0.87881 0.79222 0.87881 0.79222 16.52829 -0.11379 1.24632 -0.00652
target: 1.01938 -0.04003
target: 1.01938 -0.04003
fb: 0.00000 0.05421 1.00000 0.86389
fb: 0.00000 0.01965 1.00000 0.86389
dist/lin/ang/drive_left/drive_right/tv_l/tv_r/av_l/av_r/x/y/theta/t_err: 0.18980 1.00609 -0.42458 -0.01965 0.01965 0.87831 0.73131 0.87831 0.73131 16.52829 -0.11379 1.72496 -0.01488
target: 1.00609 -0.05554
target: 1.00609 -0.05554
fb: 0.00000 -0.00153 1.00000 0.81441
fb: 0.00000 -0.01623 1.00000 0.81441
dist/lin/ang/drive_left/drive_right/tv_l/tv_r/av_l/av_r/x/y/theta/t_err: 0.18980 1.00184 -0.32200 0.01623 -0.01623 0.90825 0.73592 0.90825 0.73592 16.52829 -0.11379 1.87912 -0.01757
target: 1.00184 -0.04212
target: 1.00184 -0.04212
fb: 9.71453 -0.01616 -1.00000 -1.00000
fb: 9.71453 -0.01993 -1.00000 -1.00000
dist/lin/ang/drive_left/drive_right/tv_l/tv_r/av_l/av_r/x/y/theta/t_err: -0.00544 -0.00136 -14.47619 9.73445 9.69460 0.81172 0.34922 0.81172 0.34922 24.17378 0.12525 1.75391 -2.54772
target: -0.00136 -1.89363
target: -0.00136 -1.89363
fb: 1.03555 -0.01491 1.00000 -1.00000
fb: 1.03555 -0.01080 1.00000 -1.00000
dist/lin/ang/drive_left/drive_right/tv_l/tv_r/av_l/av_r/x/y/theta/t_err: -0.02521 -0.37535 -14.47619 1.04635 1.02475 -0.14475 -0.11036 -0.14475 -0.11036 24.98885 0.14847 1.59744 -2.54499
target: -0.33615 -1.69585
target: -0.33615 -1.69585
fb: 0.91154 -0.01735 -0.37133 -1.00000
fb: 0.91154 -0.06919 -0.39724 -1.00000
dist/lin/ang/drive_left/drive_right/tv_l/tv_r/av_l/av_r/x/y/theta/t_err: -0.04344 -0.49267 -14.47619 0.98073 0.84236 0.40861 -0.35008 0.40861 -0.35008 25.70635 0.16747 1.48655 -2.54305
target: -0.41952 -1.61248
target: -0.41952 -1.61248
fb: 0.87469 -0.13482 0.51392 -1.00000
fb: 0.87469 -0.16611 0.49828 -1.00000
dist/lin/ang/drive_left/drive_right/tv_l/tv_r/av_l/av_r/x/y/theta/t_err: -0.06088 -0.58328 -14.47619 1.04080 0.70858 -0.06294 -0.48289 -0.06294 -0.48289 26.39498 0.17912 0.69015 -2.52915
target: -0.47851 -1.55349
target: -0.47851 -1.55349
fb: 0.76414 -0.17969 0.58499 -1.00000
fb: 0.76414 -0.18360 0.58304 -1.00000
dist/lin/ang/drive_left/drive_right/tv_l/tv_r/av_l/av_r/x/y/theta/t_err: -0.07605 -0.65189 -14.47619 0.94773 0.58054 0.39217 -0.65947 0.39217 -0.65947 26.99665 0.17502 -0.77611 -2.50356
target: -0.52038 -1.51162
target: -0.52038 -1.51162
fb: 0.61078 -0.18569 0.57853 -1.00000
fb: 0.61078 -0.18206 0.58034 -1.00000
dist/lin/ang/drive_left/drive_right/tv_l/tv_r/av_l/av_r/x/y/theta/t_err: -0.08808 -0.70156 -14.47619 0.79284 0.42872 0.54361 -0.86222 0.54361 -0.86222 27.47730 0.15841 -2.38384 -2.47550
target: -0.54931 -1.48269
target: -0.54931 -1.48269
fb: 0.62071 -0.20178 0.62172 -1.00000
fb: 0.62071 -0.27773 0.58375 -1.00000
dist/lin/ang/drive_left/drive_right/tv_l/tv_r/av_l/av_r/x/y/theta/t_err: -0.10024 -0.74841 -14.47619 0.89844 0.34298 0.56142 -0.75219 0.56142 -0.75219 27.96507 0.12765 -4.02899 -2.44679
target: -0.57560 -1.45640
target: -0.57560 -1.45640
fb: 0.57988 -0.34657 0.53882 -1.00000
fb: 0.57988 -0.39632 0.51394 -1.00000
dist/lin/ang/drive_left/drive_right/tv_l/tv_r/av_l/av_r/x/y/theta/t_err: -0.11127 -0.78854 -14.47619 0.97619 0.18356 0.57067 -0.58175 0.57067 -0.58175 28.41928 0.08095 -6.58960 -2.40210
target: -0.59739 -1.43461
target: -0.59739 -1.43461
fb: 0.54677 -0.41464 0.51654 -1.00000
fb: 0.54677 -0.44223 0.50274 -1.00000
dist/lin/ang/drive_left/drive_right/tv_l/tv_r/av_l/av_r/x/y/theta/t_err: -0.12110 -0.82262 -14.47619 0.98900 0.10454 0.50700 -0.74381 0.50700 -0.74381 28.84431 0.01236 -10.06203 -2.34149
target: -0.61539 -1.41661
target: -0.61539 -1.41661
fb: 0.41901 -0.48543 0.54166 -1.00000
fb: 0.41901 -0.52626 0.52124 -1.00000
dist/lin/ang/drive_left/drive_right/tv_l/tv_r/av_l/av_r/x/y/theta/t_err: -0.12768 -0.84467 -14.47619 0.94527 -0.10725 0.50306 -0.66475 0.50306 -0.66475 29.16579 -0.06182 -14.02832 -2.27227
target: -0.62680 -1.40520
target: -0.62680 -1.40520
fb: 0.31596 -0.55573 0.59360 -1.00000
fb: 0.31596 -0.59127 0.57583 -1.00000
dist/lin/ang/drive_left/drive_right/tv_l/tv_r/av_l/av_r/x/y/theta/t_err: -0.13112 -0.85596 -14.47619 0.90723 -0.27531 0.52000 -0.76058 0.52000 -0.76058 29.40308 -0.13658 -18.68565 -2.19098
target: -0.63257 -1.39943
target: -0.63257 -1.39943
fb: 0.20762 -0.62792 0.65040 -1.00000
fb: 0.20762 -0.66067 0.63403 -1.00000
dist/lin/ang/drive_left/drive_right/tv_l/tv_r/av_l/av_r/x/y/theta/t_err: -0.13100 -0.85558 -14.47619 0.86829 -0.45304 0.56994 -0.74433 0.56994 -0.74433 29.55402 -0.19936 -23.93358 -2.09939
target: -0.63237 -1.39963
target: -0.63237 -1.39963
fb: 0.22108 -0.69488 0.66434 -1.00000
fb: 0.22108 -0.72735 0.64811 -1.00000
dist/lin/ang/drive_left/drive_right/tv_l/tv_r/av_l/av_r/x/y/theta/t_err: -0.12937 -0.85026 -14.47619 0.94842 -0.50627 0.61239 -0.71492 0.61239 -0.71492 29.70731 -0.28185 -29.78339 -1.99729
target: -0.62966 -1.40234
target: -0.62966 -1.40234
fb: 0.15312 -0.75340 0.69733 -1.00000
fb: 0.15312 -0.78469 0.68169 -1.00000
dist/lin/ang/drive_left/drive_right/tv_l/tv_r/av_l/av_r/x/y/theta/t_err: -0.12429 -0.83338 -14.47619 0.93781 -0.63157 0.63381 -0.80814 0.63381 -0.80814 29.80661 -0.35023 -36.18788 -1.88551
target: -0.62098 -1.41102
target: -0.62098 -1.41102
fb: 0.06200 -0.82524 0.77874 -1.00000
fb: 0.06200 -0.86642 0.75815 -1.00000
dist/lin/ang/drive_left/drive_right/tv_l/tv_r/av_l/av_r/x/y/theta/t_err: -0.11494 -0.80143 -14.47619 0.92841 -0.80442 0.63842 -0.79975 0.63842 -0.79975 29.84325 -0.38249 -43.14023 -1.76417
target: -0.60426 -1.42774
target: -0.60426 -1.42774
fb: 0.05251 -0.89721 0.85472 -1.00000
fb: 0.05251 -0.92390 0.84137 -1.00000
dist/lin/ang/drive_left/drive_right/tv_l/tv_r/av_l/av_r/x/y/theta/t_err: -0.10244 -0.75661 -14.47619 0.97641 -0.87139 0.62933 -0.82628 0.62933 -0.82628 29.87047 -0.41361 -50.76818 -1.63104
target: -0.58011 -1.45189
target: -0.58011 -1.45189
fb: 0.01147 -0.94411 0.96884 -1.00000
fb: 0.01147 -0.96313 0.95933 -1.00000
dist/lin/ang/drive_left/drive_right/tv_l/tv_r/av_l/av_r/x/y/theta/t_err: -0.08629 -0.69439 -14.47619 0.97460 -0.95166 0.66253 -0.86767 0.66253 -0.86767 29.87541 -0.42117 -58.88035 -1.48945
target: -0.54520 -1.48680
target: -0.54520 -1.48680
fb: -0.07368 -0.98668 1.00000 -1.00000
fb: -0.07368 -1.01706 1.00000 -1.00000
dist/lin/ang/drive_left/drive_right/tv_l/tv_r/av_l/av_r/x/y/theta/t_err: -0.06585 -0.60659 -14.47619 0.94337 -1.09074 0.61494 -0.88994 0.61494 -0.88994 29.85109 -0.36850 -67.36019 -1.34145
target: -0.49299 -1.53901
target: -0.49299 -1.53901
fb: -0.15508 -1.04346 1.00000 -1.00000
fb: -0.15508 -1.06186 1.00000 -1.00000
dist/lin/ang/drive_left/drive_right/tv_l/tv_r/av_l/av_r/x/y/theta/t_err: -0.04115 -0.47951 -13.27513 0.90678 -1.21694 0.80833 -0.85844 0.80833 -0.85844 29.81753 -0.25108 -76.31852 -1.18510
target: -0.43969 -1.59231
target: -0.43969 -1.59231
fb: -0.12993 -1.08624 1.00000 -1.00000
fb: -0.12993 -1.11293 1.00000 -1.00000
dist/lin/ang/drive_left/drive_right/tv_l/tv_r/av_l/av_r/x/y/theta/t_err: -0.01489 -0.28848 -10.72980 0.98300 -1.24286 0.85728 -0.86272 0.85728 -0.86272 29.80562 -0.14947 -85.68043 -1.02170
target: -0.28848 -1.40356
target: -0.28848 -1.40356
fb: -0.14537 -1.13780 0.38705 -0.14369
fb: -0.14537 -1.16379 0.37406 -0.13070
dist/lin/ang/drive_left/drive_right/tv_l/tv_r/av_l/av_r/x/y/theta/t_err: 0.01323 0.27187 -8.05359 1.01842 -1.30916 0.77256 -0.80383 0.77256 -0.80383 29.81162 -0.03517 -95.48760 -0.85054
target: 0.27187 -1.05349
target: 0.27187 -1.05349
fb: -0.15507 -1.18734 0.53736 1.00000
fb: -0.15507 -1.18463 0.53872 1.00000
dist/lin/ang/drive_left/drive_right/tv_l/tv_r/av_l/av_r/x/y/theta/t_err: 0.04230 0.48618 -5.25986 1.02956 -1.33970 0.45089 -0.28439 0.45089 -0.28439 29.83941 0.08373 -105.74704 -0.67148
target: 0.48618 -0.68804
target: 0.48618 -0.68804
fb: -0.19963 -1.17480 -0.51452 1.00000
fb: -0.19963 -1.14644 -0.50034 1.00000
dist/lin/ang/drive_left/drive_right/tv_l/tv_r/av_l/av_r/x/y/theta/t_err: 0.07120 0.63076 -2.58496 0.94682 -1.34607 0.31158 0.30203 0.31158 0.30203 29.90218 0.22784 -116.12037 -0.49043
target: 0.63076 -0.33814
target: 0.63076 -0.33814
fb: -0.13963 -1.10499 -0.49548 1.00000
fb: -0.13963 -1.04507 -0.46552 1.00000
dist/lin/ang/drive_left/drive_right/tv_l/tv_r/av_l/av_r/x/y/theta/t_err: 0.09579 0.73161 -0.23395 0.90543 -1.18470 -0.15058 0.45308 -0.15058 0.45308 29.96309 0.31938 -126.09596 -0.31632
target: 0.73161 -0.03060
target: 0.73161 -0.03060
fb: -0.04258 -0.97567 -0.75335 1.00000
fb: -0.04258 -0.89903 -0.71503 1.00000
dist/lin/ang/drive_left/drive_right/tv_l/tv_r/av_l/av_r/x/y/theta/t_err: 0.11390 0.79781 1.63624 0.85645 -0.94160 -0.35711 0.44778 -0.35711 0.44778 29.98593 0.34392 -135.12240 -0.15878
target: 0.79781 0.21404
target: 0.79781 0.21404
fb: -0.00772 -0.82350 -0.79361 1.00000
fb: -0.00772 -0.74867 -0.75619 1.00000
dist/lin/ang/drive_left/drive_right/tv_l/tv_r/av_l/av_r/x/y/theta/t_err: 0.12663 0.84119 3.03026 0.74094 -0.75639 -0.38997 0.47483 -0.38997 0.47483 29.99065 0.34775 -142.85740 -0.02378
target: 0.84119 0.39639
target: 0.84119 0.39639
fb: -0.10877 -0.63774 -0.64639 1.00000
fb: -0.10877 -0.53734 -0.59619 1.00000
dist/lin/ang/drive_left/drive_right/tv_l/tv_r/av_l/av_r/x/y/theta/t_err: 0.13736 0.87610 4.00368 0.42857 -0.64611 -0.38944 0.56722 -0.38944 0.56722 30.06305 0.39351 -149.16493 0.08631
target: 0.87610 0.52372
target: 0.87610 0.52372
fb: -0.12025 -0.45665 -0.45781 1.00000
fb: -0.12025 -0.37221 -0.41559 1.00000
dist/lin/ang/drive_left/drive_right/tv_l/tv_r/av_l/av_r/x/y/theta/t_err: 0.14491 0.89986 4.38880 0.25196 -0.49246 -0.32664 0.51181 -0.32664 0.51181 30.14716 0.43699 -153.71567 0.16574
target: 0.89986 0.57410
target: 0.89986 0.57410
fb: -0.05803 -0.30880 -0.15613 1.00000
fb: -0.05803 -0.24825 -0.12586 1.00000
dist/lin/ang/drive_left/drive_right/tv_l/tv_r/av_l/av_r/x/y/theta/t_err: 0.14911 0.91281 4.57857 0.19022 -0.30629 -0.31825 0.54839 -0.31825 0.54839 30.18896 0.45546 -156.87115 0.22081
target: 0.91281 0.59892
target: 0.91281 0.59892
fb: -0.07569 -0.17335 0.08750 1.00000
fb: -0.07569 -0.09079 0.12879 1.00000
dist/lin/ang/drive_left/drive_right/tv_l/tv_r/av_l/av_r/x/y/theta/t_err: 0.15232 0.92259 4.58611 0.01510 -0.16647 -0.09531 0.55386 -0.09531 0.55386 30.24439 0.47735 -158.87922 0.25586
target: 0.92259 0.59991
target: 0.92259 0.59991
fb: -0.05230 -0.03393 0.24631 1.00000
fb: -0.05230 0.00111 0.26384 1.00000
dist/lin/ang/drive_left/drive_right/tv_l/tv_r/av_l/av_r/x/y/theta/t_err: 0.15391 0.92738 4.18368 -0.05341 -0.05118 0.12114 0.59733 0.12114 0.59733 30.28295 0.49179 -159.56642 0.26785
target: 0.92738 0.54727
target: 0.92738 0.54727
fb: -0.04479 0.02683 0.55774 1.00000
fb: -0.04479 0.05121 0.56993 1.00000
dist/lin/ang/drive_left/drive_right/tv_l/tv_r/av_l/av_r/x/y/theta/t_err: 0.15475 0.92992 3.83967 -0.09601 0.00642 0.25444 0.69967 0.25444 0.69967 30.31600 0.50412 -159.50236 0.26673
target: 0.92992 0.50227
target: 0.92992 0.50227
fb: -0.00375 0.07448 0.57155 1.00000
fb: -0.00375 0.07560 0.57211 1.00000
dist/lin/ang/drive_left/drive_right/tv_l/tv_r/av_l/av_r/x/y/theta/t_err: 0.15443 0.92897 3.52119 -0.07935 0.07185 0.43822 0.69556 0.43822 0.69556 30.31876 0.50517 -158.99986 0.25796
target: 0.92897 0.46061
target: 0.92897 0.46061
fb: 0.12798 0.07079 0.52091 1.00000
fb: 0.12798 0.07839 0.52471 1.00000
dist/lin/ang/drive_left/drive_right/tv_l/tv_r/av_l/av_r/x/y/theta/t_err: 0.15135 0.91963 3.28986 0.04960 0.20637 0.44214 0.64936 0.44214 0.64936 30.22500 0.46824 -158.34627 0.24655
target: 0.91963 0.43035
target: 0.91963 0.43035
fb: 0.32966 0.08514 0.36513 1.00000
fb: 0.32966 0.08096 0.36304 1.00000
dist/lin/ang/drive_left/drive_right/tv_l/tv_r/av_l/av_r/x/y/theta/t_err: 0.14416 0.89753 3.08980 0.24870 0.41063 0.47517 0.67314 0.47517 0.67314 29.98461 0.37027 -157.64241 0.23427
target: 0.89753 0.40418
target: 0.89753 0.40418
fb: 0.41506 0.07525 0.25216 0.89275
fb: 0.41506 0.07839 0.25373 0.89119
dist/lin/ang/drive_left/drive_right/tv_l/tv_r/av_l/av_r/x/y/theta/t_err: 0.13525 0.86934 2.91341 0.33667 0.49344 0.36292 0.64233 0.36292 0.64233 29.68353 0.24315 -156.94107 0.22203
target: 0.86934 0.38110
target: 0.86934 0.38110
fb: 0.51391 0.08891 0.16952 0.77032
fb: 0.51391 0.09838 0.17426 0.76558
dist/lin/ang/drive_left/drive_right/tv_l/tv_r/av_l/av_r/x/y/theta/t_err: 0.12432 0.83349 2.72451 0.41553 0.61230 0.25256 0.61358 0.25256 0.61358 29.31268 0.08123 -156.22318 0.20950
target: 0.83349 0.35639
target: 0.83349 0.35639
fb: 0.57415 0.10814 0.11813 0.62713
fb: 0.57415 0.12082 0.12447 0.62079
dist/lin/ang/drive_left/drive_right/tv_l/tv_r/av_l/av_r/x/y/theta/t_err: 0.11201 0.79115 2.42750 0.45334 0.69497 0.17556 0.56808 0.17556 0.56808 28.90107 -0.10575 -155.33801 0.19405
target: 0.79115 0.31754
target: 0.79115 0.31754
fb: 0.59136 0.13204 0.16284 0.42970
fb: 0.59136 0.14757 0.17060 0.42194
dist/lin/ang/drive_left/drive_right/tv_l/tv_r/av_l/av_r/x/y/theta/t_err: 0.09912 0.74424 2.05751 0.44379 0.73894 0.13689 0.57475 0.13689 0.57475 28.48069 -0.30601 -154.24109 0.17491
target: 0.74424 0.26914
target: 0.74424 0.26914
fb: 0.60902 0.15726 0.20291 0.24535
fb: 0.60902 0.16367 0.20611 0.24214
dist/lin/ang/drive_left/drive_right/tv_l/tv_r/av_l/av_r/x/y/theta/t_err: 0.08562 0.69172 1.63225 0.44535 0.77268 0.16972 0.43069 0.16972 0.43069 28.05239 -0.52168 -152.92998 0.15202
target: 0.69172 0.21351
target: 0.69172 0.21351
fb: 0.61674 0.16492 0.25166 -0.08527
fb: 0.61674 0.16207 0.25166 -0.08527
dist/lin/ang/drive_left/drive_right/tv_l/tv_r/av_l/av_r/x/y/theta/t_err: 0.07179 0.63339 1.21377 0.45467 0.77880 0.20464 0.24436 0.20464 0.24436 27.62419 -0.75074 -151.49315 0.12695
target: 0.63339 0.15877
target: 0.63339 0.15877
fb: 0.51965 0.16346 0.25365 -0.14871
fb: 0.51965 0.15977 0.25365 -0.14871
dist/lin/ang/drive_left/drive_right/tv_l/tv_r/av_l/av_r/x/y/theta/t_err: 0.05986 0.57838 0.85567 0.35988 0.67942 0.24317 -0.02619 0.24317 -0.02619 27.26833 -0.95271 -150.06433 0.10201
target: 0.57838 0.11193
target: 0.57838 0.11193
fb: 0.59158 0.14451 0.17836 -0.21572
fb: 0.59158 0.12033 0.17836 -0.21572
dist/lin/ang/drive_left/drive_right/tv_l/tv_r/av_l/av_r/x/y/theta/t_err: 0.04653 0.50993 0.54008 0.47125 0.71191 0.24383 -0.11892 0.24383 -0.11892 26.86893 -1.19242 -148.70224 0.07823
target: 0.50993 0.07065
target: 0.50993 0.07065
fb: 0.55849 0.09344 0.07469 -0.32472
fb: 0.55849 0.06354 0.07469 -0.32472
dist/lin/ang/drive_left/drive_right/tv_l/tv_r/av_l/av_r/x/y/theta/t_err: 0.03425 0.43748 0.44874 0.49494 0.62203 0.17658 -0.18700 0.17658 -0.18700 26.49629 -1.42593 -147.70767 0.06088
target: 0.43748 0.05870
target: 0.43748 0.05870
fb: 0.46162 0.02460 0.05836 -0.05345
fb: 0.46162 -0.00864 0.05836 -0.05345
dist/lin/ang/drive_left/drive_right/tv_l/tv_r/av_l/av_r/x/y/theta/t_err: 0.02449 0.36996 0.56244 0.47026 0.45298 0.09328 -0.28406 0.09328 -0.28406 26.19036 -1.62220 -147.24312 0.05277
target: 0.36996 0.07357
target: 0.36996 0.07357
fb: 0.33937 -0.04710 -0.13811 0.17727
fb: 0.33937 -0.08201 -0.13811 0.17727
dist/lin/ang/drive_left/drive_right/tv_l/tv_r/av_l/av_r/x/y/theta/t_err: 0.01790 0.31623 0.88120 0.42138 0.25737 0.04344 -0.07050 0.04344 -0.07050 25.96542 -1.76645 -147.41148 0.05571
target: 0.31623 0.11527
target: 0.31623 0.11527
fb: 0.28311 -0.10465 -0.27778 0.33491
fb: 0.28311 -0.11113 -0.27778 0.33491
dist/lin/ang/drive_left/drive_right/tv_l/tv_r/av_l/av_r/x/y/theta/t_err: 0.01310 0.27052 1.33503 0.39424 0.17197 -0.12594 0.14800 -0.12594 0.14800 25.77646 -1.88472 -148.17632 0.06906
target: 0.27052 0.17464
target: 0.27052 0.17464
fb: 0.23875 -0.08863 -0.53026 0.58424
fb: 0.23875 -0.06334 -0.39863 0.45261
dist/lin/ang/drive_left/drive_right/tv_l/tv_r/av_l/av_r/x/y/theta/t_err: 0.00934 0.22851 1.62941 0.30209 0.17542 -0.23578 0.29667 -0.23578 0.29667 25.61553 -1.98189 -149.08740 0.08496
target: 0.22851 0.21314
target: 0.22851 0.21314
fb: 0.16086 -0.01603 -0.32076 0.39436
fb: 0.16086 0.04264 -0.32076 0.39436
dist/lin/ang/drive_left/drive_right/tv_l/tv_r/av_l/av_r/x/y/theta/t_err: 0.00662 0.00165 1.53291 0.11822 0.20350 -0.22519 0.40931 -0.22519 0.40931 25.50644 -2.04625 -149.52406 0.09258
target: 0.00165 0.20052
target: 0.00165 0.20052
fb: 0.12423 0.09803 -0.56966 -0.41947
fb: 0.12423 0.14716 -0.56966 -0.41947
dist/lin/ang/drive_left/drive_right/tv_l/tv_r/av_l/av_r/x/y/theta/t_err: 0.00358 0.00090 1.00458 -0.02292 0.27139 -0.29158 0.29825 -0.29158 0.29825 25.42240 -2.09631 -149.03406 0.08403
target: 0.00090 0.13141
target: 0.00090 0.13141
fb: 0.11827 0.17705 0.26079 -0.26806
fb: 0.11827 0.19133 0.26079 -0.26806
dist/lin/ang/drive_left/drive_right/tv_l/tv_r/av_l/av_r/x/y/theta/t_err: -0.00030 -0.00007 0.28856 -0.07306 0.30960 -0.49058 -0.17728 -0.49058 -0.17728 25.34337 -2.14558 -147.68534 0.06049
target: -0.00007 0.03775
target: -0.00007 0.03775
fb: 0.03862 0.20582 0.43324 -0.44207
fb: 0.03862 0.19614 0.43324 -0.44207
final error: 2.53243, x: -1.31804, y: 2.16240
final local error: 2.53243, forwards: -0.11776, sideways: -2.52969
position: 25.31804 -2.16240 -145.97148
took 1.74000 time to finish turn
WARNING - pros.serial.terminal.terminal:reader - Connection to /dev/ttyACM1 broken - pros-cli version:3.5.6
WARNING - pros.serial.terminal.terminal:stop - Stopping terminal - pros-cli version:3.5.6

[tomas@nixbtw:~/projects/Robotics/current/Cognex]$

