
[tomas@nixbtw:~/projects/Robotics/current/Cognex]$ t
Not sending analytics for this command.

Established terminal connection



         _+=+_
      .-`  .  `-.          8888888b.  8888888b.   .d88888b.   .d8888b.
   _+`     "     `+_       888   Y88b 888   Y88b d88P" "Y88b d88P  Y88b
  \\\sssssssssssss///      888    888 888    888 888     888 Y88b.
     .ss\  *  /ss.         888   d88P 888   d88P 888     888  "Y888b.
 .+bm  .s  *  s.  md+.     8888888P"  8888888P"  888     888     "Y88b.
.hMMMMs .  *  . sMMMMh.    888        888 T88b   888     888       "888
 `\hMMMb \ | / dMMMh:      888        888  T88b  Y88b. .d88P Y88b  d88P
   -SNMNo  -  oNMNs-       888        888   T88b  "Y88888P"   "Y8888P"
     `+dMh\./dMd/
        `:yNy:`                      Powered by PROS for VEX V5
           "                Copyright (c) Purdue University ACM SIGBots
Version:        4.2.1     Platform:  V1.1.5 (b18)     Uptime:    0.000 s
Compiled:   Jan  1 1980 00:00:00     Directory:


bouncing done
health done
auton done
calibrated!
starting task: 2308298
initializing odom model
timed correctly: 2311166
initializing pf model
initializing smoother model
target: 0.000 0.785
dist/lin/ang/drive_left/drive_right/tv_l/tv_r/av_l/av_r/x/y/theta/t_err: 1.57079 0.00000 6.00000 0.00000 0.00000 -0.00033 -0.00033 -0.00033 -0.00033 0 0 0.00009 1.57079
fb: 0.00000 0.00000 -0.56488 0.58547
fb: 0.00000 0.00000 -0.56488 0.58547
target: 0.00000 0.78486
dist/lin/ang/drive_left/drive_right/tv_l/tv_r/av_l/av_r/x/y/theta/t_err: 1.57080 0.00000 6.00000 0.00000 0.00000 -0.05714 0.02856 -0.05714 0.02856 0 0 0.00006 1.57080
fb: 0.00000 0.00000 -0.56488 0.58547
fb: 0.00000 0.00000 -0.56488 0.58547
target: 0.00000 0.78486
dist/lin/ang/drive_left/drive_right/tv_l/tv_r/av_l/av_r/x/y/theta/t_err: 1.57082 0.00000 6.00000 0.00000 0.00000 -0.39850 0.34872 -0.39850 0.34872 0 0 -0.00113 1.57082
fb: 0.00000 0.01317 -0.56488 0.58547
fb: -0.00199 0.04940 -0.56488 0.58547
target: 0.00000 0.78486
dist/lin/ang/drive_left/drive_right/tv_l/tv_r/av_l/av_r/x/y/theta/t_err: 1.57020 0.00000 6.00000 -0.05139 0.04741 -0.51864 0.52444 -0.51864 0.52444 0 0 0.03426 1.57020
fb: -0.00199 0.09316 -0.56488 0.58547
fb: 0.00000 0.13169 -0.56488 0.58547
target: 0.00000 0.78486
dist/lin/ang/drive_left/drive_right/tv_l/tv_r/av_l/av_r/x/y/theta/t_err: 1.56096 0.00000 6.00000 -0.13169 0.13169 -0.54089 0.55231 -0.54089 0.55231 0 0 0.56343 1.56096
fb: 0.00000 0.16485 -0.56488 0.58547
fb: 0.00000 0.19384 -0.56488 0.58547
target: 0.00000 0.78486
dist/lin/ang/drive_left/drive_right/tv_l/tv_r/av_l/av_r/x/y/theta/t_err: 1.53970 0.00000 6.00000 -0.19384 0.19384 -0.54122 0.55850 -0.54122 0.55850 0 0 1.78143 1.53970
fb: 0.00000 0.22408 -0.56488 0.58547
fb: 0.00000 0.25759 -0.56488 0.58547
target: 0.00000 0.78486
dist/lin/ang/drive_left/drive_right/tv_l/tv_r/av_l/av_r/x/y/theta/t_err: 1.50900 0.00000 6.00000 -0.25759 0.25759 -0.54019 0.55883 -0.54019 0.55883 0 0 3.54040 1.50900
fb: 0.00000 0.29069 -0.56488 0.58547
fb: 0.00000 0.32246 -0.56488 0.58547
target: 0.00000 0.78486
dist/lin/ang/drive_left/drive_right/tv_l/tv_r/av_l/av_r/x/y/theta/t_err: 1.46847 0.00000 6.00000 -0.32246 0.32246 -0.54003 0.55919 -0.54003 0.55919 0 0 5.86260 1.46847
fb: 0.00000 0.35563 -0.56488 0.58547
fb: 0.00000 0.38823 -0.56488 0.58547
target: 0.00000 0.78486
dist/lin/ang/drive_left/drive_right/tv_l/tv_r/av_l/av_r/x/y/theta/t_err: 1.41806 0.00000 6.00000 -0.38823 0.38823 -0.54211 0.56022 -0.54211 0.56022 0 0 8.75127 1.41806
fb: 0.00000 0.41722 -0.56488 0.58547
fb: 0.00000 0.44774 -0.56488 0.58547
target: 0.00000 0.78486
dist/lin/ang/drive_left/drive_right/tv_l/tv_r/av_l/av_r/x/y/theta/t_err: 1.35782 0.00000 6.00000 -0.44774 0.44774 -0.54311 0.55969 -0.54311 0.55969 0 0 12.20251 1.35782
fb: 0.00000 0.47916 -0.56488 0.58547
fb: 0.00000 0.50919 -0.56488 0.58547
target: 0.00000 0.78486
dist/lin/ang/drive_left/drive_right/tv_l/tv_r/av_l/av_r/x/y/theta/t_err: 1.28838 0.00000 6.00000 -0.50919 0.50919 -0.54278 0.55883 -0.54278 0.55883 0 0 16.18153 1.28838
fb: 0.00000 0.53873 -0.56488 0.58547
fb: 0.00000 0.56612 -0.56488 0.58547
target: 0.00000 0.78486
dist/lin/ang/drive_left/drive_right/tv_l/tv_r/av_l/av_r/x/y/theta/t_err: 1.20963 0.00000 6.00000 -0.56612 0.56612 -0.54636 0.56347 -0.54636 0.56347 0 0 20.69312 1.20963
fb: 0.00000 0.59176 -0.56488 0.58547
fb: 0.00000 0.61823 -0.56488 0.58547
target: 0.00000 0.78486
dist/lin/ang/drive_left/drive_right/tv_l/tv_r/av_l/av_r/x/y/theta/t_err: 1.12235 0.00000 6.00000 -0.61823 0.61823 -0.54769 0.56483 -0.54769 0.56483 0 0 25.69414 1.12235
fb: 0.00397 0.64492 -0.56488 0.58547
fb: -0.01942 0.67070 -0.56488 0.58547
target: 0.00000 0.78486
dist/lin/ang/drive_left/drive_right/tv_l/tv_r/av_l/av_r/x/y/theta/t_err: 1.02702 0.00000 6.00000 -0.69011 0.65128 -0.54669 0.56208 -0.54669 0.56208 0 0 31.15601 1.02702
fb: -0.04280 0.69662 -0.56488 0.58547
fb: -0.03883 0.71801 -0.56488 0.58547
target: 0.00000 0.73554
dist/lin/ang/drive_left/drive_right/tv_l/tv_r/av_l/av_r/x/y/theta/t_err: 0.92373 0.00000 5.62295 -0.75684 0.67918 -0.54789 0.56483 -0.54789 0.56483 0 0 37.07422 0.92373
fb: -0.04258 0.73849 -0.53183 0.55144
fb: -0.04655 0.75745 -0.53183 0.55144
target: 0.00000 0.60216
dist/lin/ang/drive_left/drive_right/tv_l/tv_r/av_l/av_r/x/y/theta/t_err: 0.81343 0.00000 4.60331 -0.80400 0.71089 -0.54583 0.56381 -0.54583 0.56381 0 0 43.39409 0.81343
fb: -0.05427 0.77361 -0.44247 0.45941
fb: -0.06001 0.79193 -0.44247 0.45941
target: 0.00000 0.46519
dist/lin/ang/drive_left/drive_right/tv_l/tv_r/av_l/av_r/x/y/theta/t_err: 0.69724 0.00000 3.55620 -0.85195 0.73192 -0.52547 0.53883 -0.52547 0.53883 0 0 50.05128 0.69724
fb: -0.06398 0.80503 -0.35070 0.36490
fb: -0.07766 0.81507 -0.35070 0.36490
target: 0.00000 0.32452
dist/lin/ang/drive_left/drive_right/tv_l/tv_r/av_l/av_r/x/y/theta/t_err: 0.57590 0.00000 2.48084 -0.89273 0.73741 -0.43597 0.44881 -0.43597 0.44881 0 0 57.00313 0.57590
fb: -0.07766 0.82092 -0.25645 0.26783
fb: -0.07545 0.81904 -0.25645 0.26783
target: 0.00000 0.18470
dist/lin/ang/drive_left/drive_right/tv_l/tv_r/av_l/av_r/x/y/theta/t_err: 0.45128 0.00000 1.41201 -0.89449 0.74359 -0.35472 0.36497 -0.35472 0.36497 0 0 64.14384 0.45128
fb: -0.09112 0.81367 -0.16278 0.17136
fb: -0.09906 0.80622 -0.16278 0.17136
target: 0.00000 0.05185
dist/lin/ang/drive_left/drive_right/tv_l/tv_r/av_l/av_r/x/y/theta/t_err: 0.32641 0.00000 0.39641 -0.90528 0.70716 -0.27461 0.27792 -0.27461 0.27792 0 0 71.29795 0.32641
fb: -0.10855 0.79702 -0.07377 0.07970
fb: -0.12024 0.78838 -0.07377 0.07970
target: 0.00000 -0.07356
dist/lin/ang/drive_left/drive_right/tv_l/tv_r/av_l/av_r/x/y/theta/t_err: 0.20357 0.00000 -0.56236 -0.90862 0.66814 -0.18925 0.19781 -0.18925 0.19781 0 0 78.33655 0.20357
fb: -0.11451 0.77668 0.08831 -0.09467
fb: -0.10083 0.75522 0.08831 -0.09467
target: 0.00000 -0.19416
dist/lin/ang/drive_left/drive_right/tv_l/tv_r/av_l/av_r/x/y/theta/t_err: 0.08352 0.00000 -1.48428 -0.85604 0.65439 -0.10917 0.10711 -0.10917 0.10711 0 0 85.21460 0.08352
fb: -0.08516 0.72358 0.16911 -0.17789
fb: -0.09112 0.67990 0.16911 -0.17789
target: 0.00000 -0.30144
dist/lin/ang/drive_left/drive_right/tv_l/tv_r/av_l/av_r/x/y/theta/t_err: -0.03069 0.00000 -2.30438 -0.77102 0.58877 0.06381 -0.05972 0.06381 -0.05972 0 0 91.75839 -0.03069
fb: -0.10877 0.62576 0.24098 -0.25191
fb: -0.11628 0.57636 0.24098 -0.25191
target: 0.00000 -0.38004
dist/lin/ang/drive_left/drive_right/tv_l/tv_r/av_l/av_r/x/y/theta/t_err: -0.13248 0.00000 -2.90525 -0.69263 0.46008 0.15622 -0.15625 0.15622 -0.15625 0 0 97.59041 -0.13248
fb: -0.12003 0.52724 0.29365 -0.30614
fb: -0.11253 0.47811 0.29365 -0.30614
target: 0.00000 -0.43536
dist/lin/ang/drive_left/drive_right/tv_l/tv_r/av_l/av_r/x/y/theta/t_err: -0.21888 0.00000 -3.32817 -0.59064 0.36559 0.22603 -0.22964 0.22603 -0.22964 0 0 102.54091 -0.21888
fb: -0.10878 0.42760 0.33071 -0.34431
fb: -0.09488 0.37618 0.33071 -0.34431
target: 0.00000 -0.47524
dist/lin/ang/drive_left/drive_right/tv_l/tv_r/av_l/av_r/x/y/theta/t_err: -0.29015 0.00000 -3.63306 -0.47106 0.28130 0.27447 -0.28300 0.27447 -0.28300 0 0 106.62434 -0.29015
fb: -0.06575 0.32566 0.35743 -0.37183
fb: -0.06222 0.27619 0.35743 -0.37183
target: 0.00000 -0.49752
dist/lin/ang/drive_left/drive_right/tv_l/tv_r/av_l/av_r/x/y/theta/t_err: -0.34583 0.00000 -3.80339 -0.33842 0.21397 0.31106 -0.32133 0.31106 -0.32133 0 0 109.81441 -0.34583
fb: -0.06421 0.22645 0.37236 -0.38721
fb: -0.06200 0.17314 0.37236 -0.38721
target: 0.00000 -0.50442
dist/lin/ang/drive_left/drive_right/tv_l/tv_r/av_l/av_r/x/y/theta/t_err: -0.38625 0.00000 -3.85612 -0.23515 0.11114 0.33428 -0.34892 0.33428 -0.34892 0 0 112.13022 -0.38625
fb: -0.07944 0.11747 0.37698 -0.39197
fb: -0.09687 0.06306 0.37698 -0.39197
target: 0.00000 -0.49257
dist/lin/ang/drive_left/drive_right/tv_l/tv_r/av_l/av_r/x/y/theta/t_err: -0.41065 0.00000 -3.76557 -0.15993 -0.03381 0.35197 -0.36447 0.35197 -0.36447 0 0 113.52855 -0.41065
fb: -0.09687 0.01254 0.36905 -0.38379
fb: -0.09709 -0.03177 0.36905 -0.38379
target: 0.00000 -0.46169
dist/lin/ang/drive_left/drive_right/tv_l/tv_r/av_l/av_r/x/y/theta/t_err: -0.41844 0.00000 -3.52944 -0.06532 -0.12886 0.34989 -0.37028 0.34989 -0.37028 0 0 113.97456 -0.41844
fb: -0.08341 -0.07037 0.34835 -0.36248
fb: -0.06598 -0.10646 0.34835 -0.36248
target: 0.00000 -0.42191
dist/lin/ang/drive_left/drive_right/tv_l/tv_r/av_l/av_r/x/y/theta/t_err: -0.41215 0.00000 -3.22533 0.04049 -0.17244 0.33761 -0.36053 0.33761 -0.36053 0 0 113.61455 -0.41215
fb: -0.06223 -0.14151 0.32170 -0.33503
fb: -0.05031 -0.17468 0.32170 -0.33503
target: 0.00000 -0.37648
dist/lin/ang/drive_left/drive_right/tv_l/tv_r/av_l/av_r/x/y/theta/t_err: -0.39451 0.00000 -2.87807 0.12437 -0.22499 0.31997 -0.33778 0.31997 -0.33778 0 0 112.60395 -0.39451
fb: -0.04832 -0.20603 0.29126 -0.30369
fb: -0.05252 -0.23272 0.29126 -0.30369
target: 0.00000 -0.32263
dist/lin/ang/drive_left/drive_right/tv_l/tv_r/av_l/av_r/x/y/theta/t_err: -0.36658 0.00000 -2.46643 0.18020 -0.28523 0.30117 -0.31192 0.30117 -0.31192 0 0 111.00333 -0.36658
fb: -0.04854 -0.25264 0.25519 -0.26653
fb: -0.05428 -0.26978 0.25519 -0.26653
target: 0.00000 -0.26451
dist/lin/ang/drive_left/drive_right/tv_l/tv_r/av_l/av_r/x/y/theta/t_err: -0.33029 0.00000 -2.02211 0.21550 -0.32407 0.27617 -0.28319 0.27617 -0.28319 0 0 108.92409 -0.33029
fb: -0.06002 -0.28393 0.21625 -0.22643
fb: -0.06200 -0.29675 0.21625 -0.22643
target: 0.00000 -0.20733
dist/lin/ang/drive_left/drive_right/tv_l/tv_r/av_l/av_r/x/y/theta/t_err: -0.28851 0.00000 -1.58496 0.23474 -0.35875 0.23628 -0.24619 0.23628 -0.24619 0 0 106.53046 -0.28851
fb: -0.06222 -0.30609 0.17793 -0.18697
fb: -0.04854 -0.31138 0.17793 -0.18697
target: 0.00000 -0.14977
dist/lin/ang/drive_left/drive_right/tv_l/tv_r/av_l/av_r/x/y/theta/t_err: -0.24284 0.00000 -1.14495 0.26284 -0.35992 0.20278 -0.20447 0.20278 -0.20447 0 0 103.91375 -0.24284
fb: -0.04060 -0.31250 0.13937 -0.14726
fb: -0.03685 -0.31103 0.13937 -0.14726
target: 0.00000 -0.09497
dist/lin/ang/drive_left/drive_right/tv_l/tv_r/av_l/av_r/x/y/theta/t_err: -0.19529 0.00000 -0.72600 0.27418 -0.34788 0.16561 -0.16908 0.16561 -0.16908 0 0 101.18943 -0.19529
fb: -0.03486 -0.30825 0.10265 -0.10944
fb: -0.04259 -0.30420 0.10265 -0.10944
target: 0.00000 -0.04508
dist/lin/ang/drive_left/drive_right/tv_l/tv_r/av_l/av_r/x/y/theta/t_err: -0.14789 0.00000 -0.34460 0.26162 -0.34679 0.12972 -0.13417 0.12972 -0.13417 0 0 98.47332 -0.14789
fb: -0.05053 -0.29863 0.06156 -0.06646
fb: -0.05031 -0.29208 0.06156 -0.06646
target: 0.00000 0.00136
dist/lin/ang/drive_left/drive_right/tv_l/tv_r/av_l/av_r/x/y/theta/t_err: -0.10159 0.00000 0.01040 0.24177 -0.34239 0.09939 -0.10097 0.09939 -0.10097 0 0 95.82085 -0.10159
fb: -0.04854 -0.28497 -0.03970 0.04460
fb: -0.05252 -0.27724 -0.03970 0.04460
target: 0.00000 0.04407
dist/lin/ang/drive_left/drive_right/tv_l/tv_r/av_l/av_r/x/y/theta/t_err: -0.05716 0.00000 0.33691 0.22472 -0.32976 0.06211 -0.04981 0.06211 -0.04981 0 0 93.27478 -0.05716
fb: -0.05031 -0.26867 -0.06106 0.06595
fb: -0.05031 -0.25926 -0.06106 0.06595
target: 0.00000 0.08314
dist/lin/ang/drive_left/drive_right/tv_l/tv_r/av_l/av_r/x/y/theta/t_err: -0.01507 0.00000 0.63556 0.20895 -0.30957 -0.02739 0.03628 -0.02739 0.03628 0 0 90.86327 -0.01507
fb: -0.03884 -0.24547 -0.09473 0.10128
fb: -0.01567 -0.22415 -0.09473 0.10128
target: 0.00000 0.11731
dist/lin/ang/drive_left/drive_right/tv_l/tv_r/av_l/av_r/x/y/theta/t_err: 0.02397 0.00000 0.89680 0.20848 -0.23981 -0.06072 0.06261 -0.06072 0.06261 0 0 88.62665 0.02397
fb: -0.00397 -0.19593 -0.11762 0.12486
fb: 0.00000 -0.15740 -0.11762 0.12486
target: 0.00000 0.13849
dist/lin/ang/drive_left/drive_right/tv_l/tv_r/av_l/av_r/x/y/theta/t_err: 0.05709 0.00000 1.05871 0.15740 -0.15740 -0.08128 0.09117 -0.08128 0.09117 0 0 86.72875 0.05709
fb: -0.01147 -0.11350 -0.13181 0.13947
fb: -0.02317 -0.07156 -0.13181 0.13947
target: 0.00000 0.13691
dist/lin/ang/drive_left/drive_right/tv_l/tv_r/av_l/av_r/x/y/theta/t_err: 0.07948 0.00000 1.04662 0.04839 -0.09473 -0.10200 0.10747 -0.10200 0.10747 0 0 85.44637 0.07948
fb: -0.02339 -0.03310 -0.13075 0.13838
fb: -0.01545 0.00237 -0.13075 0.13838
target: 0.00000 0.11685
dist/lin/ang/drive_left/drive_right/tv_l/tv_r/av_l/av_r/x/y/theta/t_err: 0.08904 0.00000 0.89327 -0.01782 -0.01308 -0.11617 0.11550 -0.11617 0.11550 0 0 84.89862 0.08904
fb: -0.00772 0.02919 -0.11731 0.12454
fb: -0.00397 0.04494 -0.11731 0.12454
target: 0.00000 0.08981
dist/lin/ang/drive_left/drive_right/tv_l/tv_r/av_l/av_r/x/y/theta/t_err: 0.08771 0.00000 0.68655 -0.04891 0.04097 -0.11347 0.11536 -0.11347 0.11536 0 0 84.97466 0.08771
fb: 0.00000 0.05525 -0.09919 0.10588
fb: 0.00000 0.06222 -0.09919 0.10588
target: 0.00000 0.06828
dist/lin/ang/drive_left/drive_right/tv_l/tv_r/av_l/av_r/x/y/theta/t_err: 0.08049 0.00000 0.52202 -0.06222 0.06222 -0.09636 0.10522 -0.09636 0.10522 0 0 85.38830 0.08049
fb: 0.00000 0.06654 -0.08477 0.09103
fb: 0.00000 0.06835 -0.08477 0.09103
target: 0.00000 0.05233
dist/lin/ang/drive_left/drive_right/tv_l/tv_r/av_l/av_r/x/y/theta/t_err: 0.07084 0.00000 0.40007 -0.06835 0.06835 -0.08233 0.08744 -0.08233 0.08744 0 0 85.94126 0.07084
fb: 0.00000 0.06724 -0.07409 0.08003
fb: 0.00000 0.06605 -0.07409 0.08003
target: 0.00000 0.03966
dist/lin/ang/drive_left/drive_right/tv_l/tv_r/av_l/av_r/x/y/theta/t_err: 0.06047 0.00000 0.30322 -0.06605 0.06605 -0.07992 0.08161 -0.07992 0.08161 0 0 86.53523 0.06047
fb: 0.00000 0.06508 -0.05886 0.06375
fb: 0.00000 0.06313 -0.05886 0.06375
target: 0.00000 0.02975
dist/lin/ang/drive_left/drive_right/tv_l/tv_r/av_l/av_r/x/y/theta/t_err: 0.05042 0.00000 0.22740 -0.06313 0.06313 -0.06931 0.07889 -0.06931 0.07889 0 0 87.11131 0.05042
fb: 0.00000 0.06131 -0.05390 0.05879
fb: -0.00199 0.05874 -0.05390 0.05879
target: 0.00000 0.02072
dist/lin/ang/drive_left/drive_right/tv_l/tv_r/av_l/av_r/x/y/theta/t_err: 0.04084 0.00000 0.15842 -0.06072 0.05675 -0.05358 0.06383 -0.05358 0.06383 0 0 87.66003 0.04084
fb: -0.00199 0.05456 -0.04938 0.05428
fb: 0.00000 0.05010 -0.04938 0.05428
target: 0.00000 0.01326
dist/lin/ang/drive_left/drive_right/tv_l/tv_r/av_l/av_r/x/y/theta/t_err: 0.03205 0.00000 0.10140 -0.05010 0.05010 -0.05067 0.05250 -0.05067 0.05250 0 0 88.16364 0.03205
fb: -0.00375 0.04480 -0.04565 0.05055
fb: -0.00772 0.03930 -0.04565 0.05055
target: 0.00000 0.00861
dist/lin/ang/drive_left/drive_right/tv_l/tv_r/av_l/av_r/x/y/theta/t_err: 0.02463 0.00000 0.06582 -0.04702 0.03157 -0.04500 0.05183 -0.04500 0.05183 0 0 88.58906 0.02463
fb: -0.00772 0.03470 -0.04333 0.04822
fb: -0.00772 0.03066 -0.04333 0.04822
final error was 1.07671
position: 0.04745 -1.47577 88.92329
took 1.08000 time to finish turn
increased kd to 7.40000
increased kd to 7.60000
increased kd to 7.80000
increased kd to 8.00000
increased kd to 8.20000
increased kd to 8.40000
increased kd to 8.60000
increased kd to 8.80000
decreased kp to 8.00000
increased kp to 8.10000
increased kp to 8.20000
increased kp to 8.30000
increased kp to 8.40000
increased kp to 8.50000
increased kp to 8.60000
increased kp to 8.70000
target: 0.00000 0.78486
dist/lin/ang/drive_left/drive_right/tv_l/tv_r/av_l/av_r/x/y/theta/t_err: 1.57080 0.00000 6.00000 0.00000 0.00000 0.00000 -0.00033 0.00000 -0.00033 0 0 -0.00003 1.57080
fb: 0.00000 0.00000 -0.56488 0.58547
fb: 0.00000 0.00000 -0.56488 0.58547
target: 0.00000 0.78486
dist/lin/ang/drive_left/drive_right/tv_l/tv_r/av_l/av_r/x/y/theta/t_err: 1.57079 0.00000 6.00000 0.00000 0.00000 -0.03953 0.07289 -0.03953 0.07289 0 0 0.00036 1.57079
fb: 0.00000 0.00000 -0.56488 0.58547
fb: 0.00000 0.01554 -0.56488 0.58547
target: 0.00000 0.78486
dist/lin/ang/drive_left/drive_right/tv_l/tv_r/av_l/av_r/x/y/theta/t_err: 1.57082 0.00000 6.00000 -0.01554 0.01554 -0.41067 0.45517 -0.41067 0.45517 0 0 -0.00144 1.57082
fb: 0.00000 0.05233 -0.56488 0.58547
fb: 0.00000 0.09650 -0.56488 0.58547
target: 0.00000 0.78486
dist/lin/ang/drive_left/drive_right/tv_l/tv_r/av_l/av_r/x/y/theta/t_err: 1.56683 0.00000 6.00000 -0.09650 0.09650 -0.52342 0.54156 -0.52342 0.54156 0 0 0.22703 1.56683
fb: 0.00000 0.13893 -0.56488 0.58547
fb: 0.00000 0.17468 -0.56488 0.58547
target: 0.00000 0.78486
dist/lin/ang/drive_left/drive_right/tv_l/tv_r/av_l/av_r/x/y/theta/t_err: 1.55046 0.00000 6.00000 -0.17468 0.17468 -0.53986 0.55867 -0.53986 0.55867 0 0 1.16531 1.55046
fb: 0.00000 0.21014 -0.56488 0.58547
fb: 0.00000 0.24575 -0.56488 0.58547
target: 0.00000 0.78486
dist/lin/ang/drive_left/drive_right/tv_l/tv_r/av_l/av_r/x/y/theta/t_err: 1.52247 0.00000 6.00000 -0.24575 0.24575 -0.54242 0.55953 -0.54242 0.55953 0 0 2.76895 1.52247
fb: 0.00000 0.28065 -0.56488 0.58547
fb: 0.00000 0.31633 -0.56488 0.58547
target: 0.00000 0.78486
dist/lin/ang/drive_left/drive_right/tv_l/tv_r/av_l/av_r/x/y/theta/t_err: 1.48370 0.00000 6.00000 -0.31633 0.31633 -0.53969 0.55647 -0.53969 0.55647 0 0 4.99031 1.48370
fb: 0.00000 0.35326 -0.56488 0.58547
fb: 0.00000 0.38705 -0.56488 0.58547
target: 0.00000 0.78486
dist/lin/ang/drive_left/drive_right/tv_l/tv_r/av_l/av_r/x/y/theta/t_err: 1.43406 0.00000 6.00000 -0.38705 0.38705 -0.54258 0.55972 -0.54258 0.55972 0 0 7.83451 1.43406
fb: 0.00000 0.41973 -0.56488 0.58547
fb: 0.00000 0.45240 -0.56488 0.58547
target: 0.00000 0.78486
dist/lin/ang/drive_left/drive_right/tv_l/tv_r/av_l/av_r/x/y/theta/t_err: 1.37383 0.00000 6.00000 -0.45240 0.45240 -0.54172 0.55919 -0.54172 0.55919 0 0 11.28525 1.37383
fb: 0.00000 0.48390 -0.56488 0.58547
fb: 0.00000 0.51567 -0.56488 0.58547
target: 0.00000 0.78486
dist/lin/ang/drive_left/drive_right/tv_l/tv_r/av_l/av_r/x/y/theta/t_err: 1.30367 0.00000 6.00000 -0.51567 0.51567 -0.54294 0.56039 -0.54294 0.56039 0 0 15.30537 1.30367
fb: 0.00000 0.54675 -0.56488 0.58547
fb: 0.00000 0.57469 -0.56488 0.58547
target: 0.00000 0.78486
dist/lin/ang/drive_left/drive_right/tv_l/tv_r/av_l/av_r/x/y/theta/t_err: 1.22386 0.00000 6.00000 -0.57469 0.57469 -0.54583 0.56328 -0.54583 0.56328 0 0 19.87827 1.22386
fb: -0.01567 0.60165 -0.56488 0.58547
fb: -0.03111 0.62980 -0.56488 0.58547
target: 0.00000 0.78486
dist/lin/ang/drive_left/drive_right/tv_l/tv_r/av_l/av_r/x/y/theta/t_err: 1.13524 0.00000 6.00000 -0.66091 0.59869 -0.54686 0.56242 -0.54686 0.56242 0 0 24.95571 1.13524
fb: -0.03288 0.65474 -0.56488 0.58547
fb: -0.03883 0.67815 -0.56488 0.58547
target: 0.00000 0.78486
dist/lin/ang/drive_left/drive_right/tv_l/tv_r/av_l/av_r/x/y/theta/t_err: 1.03828 0.00000 6.00000 -0.71699 0.63932 -0.54583 0.56294 -0.54583 0.56294 0 0 30.51117 1.03828
fb: -0.03883 0.70212 -0.56488 0.58547
fb: -0.04457 0.72289 -0.56488 0.58547
target: 0.00000 0.76249
dist/lin/ang/drive_left/drive_right/tv_l/tv_r/av_l/av_r/x/y/theta/t_err: 0.93391 0.00000 5.82898 -0.76745 0.67832 -0.54822 0.56039 -0.54822 0.56039 0 0 36.49088 0.93391
fb: -0.05229 0.74212 -0.54989 0.57003
fb: -0.06001 0.75940 -0.54989 0.57003
target: 0.00000 0.61697
dist/lin/ang/drive_left/drive_right/tv_l/tv_r/av_l/av_r/x/y/theta/t_err: 0.82288 0.00000 4.71653 -0.81941 0.69938 -0.54344 0.56278 -0.54344 0.56278 0 0 42.85219 0.82288
fb: -0.07170 0.77626 -0.45239 0.46963
fb: -0.06994 0.79166 -0.45239 0.46963
target: 0.00000 0.46871
dist/lin/ang/drive_left/drive_right/tv_l/tv_r/av_l/av_r/x/y/theta/t_err: 0.70640 0.00000 3.58314 -0.86159 0.72172 -0.52222 0.54447 -0.52222 0.54447 0 0 49.52604 0.70640
fb: -0.07567 0.80475 -0.35306 0.36733
fb: -0.07744 0.81555 -0.35306 0.36733
target: 0.00000 0.31669
dist/lin/ang/drive_left/drive_right/tv_l/tv_r/av_l/av_r/x/y/theta/t_err: 0.58508 0.00000 2.42099 -0.89299 0.73812 -0.44025 0.43733 -0.44025 0.43733 0 0 56.47753 0.58508
fb: -0.06398 0.81688 -0.25121 0.26243
fb: -0.06398 0.81235 -0.25121 0.26243
target: 0.00000 0.16614
dist/lin/ang/drive_left/drive_right/tv_l/tv_r/av_l/av_r/x/y/theta/t_err: 0.46064 0.00000 1.27008 -0.87633 0.74837 -0.35506 0.34508 -0.35506 0.34508 0 0 63.60702 0.46064
fb: -0.07369 0.80671 -0.15034 0.15855
fb: -0.08340 0.79625 -0.15034 0.15855
target: 0.00000 0.02696
dist/lin/ang/drive_left/drive_right/tv_l/tv_r/av_l/av_r/x/y/theta/t_err: 0.33682 0.00000 0.20608 -0.87965 0.71286 -0.26472 0.25358 -0.26472 0.25358 0 0 70.70185 0.33682
fb: -0.08538 0.78741 -0.05250 0.05740
fb: -0.10083 0.77925 -0.05250 0.05740
target: 0.00000 -0.10384
dist/lin/ang/drive_left/drive_right/tv_l/tv_r/av_l/av_r/x/y/theta/t_err: 0.21551 0.00000 -0.79384 -0.88008 0.67843 -0.16906 0.15692 -0.16906 0.15692 0 0 77.65227 0.21551
fb: -0.11252 0.75814 0.10860 -0.11557
fb: -0.09708 0.72163 0.10860 -0.11557
target: 0.00000 -0.22932
dist/lin/ang/drive_left/drive_right/tv_l/tv_r/av_l/av_r/x/y/theta/t_err: 0.09733 0.00000 -1.75305 -0.81871 0.62455 -0.06914 0.04192 -0.06914 0.04192 0 0 84.42321 0.09733
fb: -0.08715 0.67990 0.19267 -0.20215
fb: -0.09311 0.63077 0.19267 -0.20215
target: 0.00000 -0.32557
dist/lin/ang/drive_left/drive_right/tv_l/tv_r/av_l/av_r/x/y/theta/t_err: -0.01132 0.00000 -2.48891 -0.72388 0.53767 0.08008 -0.10250 0.08008 -0.10250 0 0 90.64869 -0.01132
fb: -0.10083 0.58451 0.25716 -0.26856
fb: -0.10657 0.53678 0.25716 -0.26856
target: 0.00000 -0.39333
dist/lin/ang/drive_left/drive_right/tv_l/tv_r/av_l/av_r/x/y/theta/t_err: -0.10606 0.00000 -3.00686 -0.64335 0.43021 0.18000 -0.18242 0.18000 -0.18242 0 0 96.07660 -0.10606
fb: -0.11650 0.48682 0.30255 -0.31531
fb: -0.11253 0.43485 0.30255 -0.31531
target: 0.00000 -0.44275
dist/lin/ang/drive_left/drive_right/tv_l/tv_r/av_l/av_r/x/y/theta/t_err: -0.18625 0.00000 -3.38466 -0.54738 0.32232 0.24347 -0.23972 0.24347 -0.23972 0 0 100.67139 -0.18625
fb: -0.10084 0.38301 0.33566 -0.34941
fb: -0.10084 0.33277 0.33566 -0.34941
target: 0.00000 -0.47133
dist/lin/ang/drive_left/drive_right/tv_l/tv_r/av_l/av_r/x/y/theta/t_err: -0.25084 0.00000 -3.60319 -0.43361 0.23193 0.28283 -0.28489 0.28283 -0.28489 0 0 104.37193 -0.25084
fb: -0.09113 0.28198 0.35482 -0.36914
fb: -0.09113 0.22986 0.35482 -0.36914
target: 0.00000 -0.48220
dist/lin/ang/drive_left/drive_right/tv_l/tv_r/av_l/av_r/x/y/theta/t_err: -0.29983 0.00000 -3.68628 -0.32099 0.13873 0.30867 -0.31397 0.30867 -0.31397 0 0 107.17886 -0.29983
fb: -0.10658 0.17691 0.36210 -0.37664
fb: -0.10658 0.12319 0.36210 -0.37664
target: 0.00000 -0.47449
dist/lin/ang/drive_left/drive_right/tv_l/tv_r/av_l/av_r/x/y/theta/t_err: -0.33301 0.00000 -3.62733 -0.22976 0.01661 0.33247 -0.33844 0.33247 -0.33844 0 0 109.08032 -0.33301
fb: -0.11254 0.07086 0.35693 -0.37132
fb: -0.11849 0.02097 0.35693 -0.37132
target: 0.00000 -0.44682
dist/lin/ang/drive_left/drive_right/tv_l/tv_r/av_l/av_r/x/y/theta/t_err: -0.34991 0.00000 -3.41581 -0.13947 -0.09752 0.34036 -0.34906 0.34036 -0.34906 0 0 110.04816 -0.34991
fb: -0.12026 -0.02543 0.33839 -0.35222
fb: -0.12202 -0.06738 0.33839 -0.35222
target: 0.00000 -0.40415
dist/lin/ang/drive_left/drive_right/tv_l/tv_r/av_l/av_r/x/y/theta/t_err: -0.35139 0.00000 -3.08963 -0.05465 -0.18940 0.33144 -0.34975 0.33144 -0.34975 0 0 110.13297 -0.35139
fb: -0.10658 -0.10521 0.30981 -0.32278
fb: -0.09510 -0.13886 0.30981 -0.32278
target: 0.00000 -0.35287
dist/lin/ang/drive_left/drive_right/tv_l/tv_r/av_l/av_r/x/y/theta/t_err: -0.33968 0.00000 -2.69755 0.04376 -0.23397 0.30372 -0.33161 0.30372 -0.33161 0 0 109.46201 -0.33968
fb: -0.09510 -0.16924 0.27544 -0.28739
fb: -0.08716 -0.19412 0.27544 -0.28739
target: 0.00000 -0.29673
dist/lin/ang/drive_left/drive_right/tv_l/tv_r/av_l/av_r/x/y/theta/t_err: -0.31731 0.00000 -2.26843 0.10696 -0.28128 0.27669 -0.30028 0.27669 -0.30028 0 0 108.18031 -0.31731
fb: -0.07944 -0.21397 0.23783 -0.24866
fb: -0.07966 -0.23014 0.23783 -0.24866
target: 0.00000 -0.23904
dist/lin/ang/drive_left/drive_right/tv_l/tv_r/av_l/av_r/x/y/theta/t_err: -0.28691 0.00000 -1.82737 0.15048 -0.30980 0.24589 -0.26539 0.24589 -0.26539 0 0 106.43868 -0.28691
fb: -0.07767 -0.24352 0.19918 -0.20885
fb: -0.07171 -0.25167 0.19918 -0.20885
target: 0.00000 -0.18319
dist/lin/ang/drive_left/drive_right/tv_l/tv_r/av_l/av_r/x/y/theta/t_err: -0.25122 0.00000 -1.40040 0.17996 -0.32338 0.20961 -0.22639 0.20961 -0.22639 0 0 104.39375 -0.25122
fb: -0.07944 -0.25738 0.16176 -0.17032
fb: -0.08716 -0.26003 0.16176 -0.17032
target: 0.00000 -0.13079
dist/lin/ang/drive_left/drive_right/tv_l/tv_r/av_l/av_r/x/y/theta/t_err: -0.21259 0.00000 -0.99983 0.17287 -0.34719 0.17506 -0.19144 0.17506 -0.19144 0 0 102.18073 -0.21259
fb: -0.07171 -0.26024 0.12665 -0.13416
fb: -0.06222 -0.25871 0.12665 -0.13416
target: 0.00000 -0.08262
dist/lin/ang/drive_left/drive_right/tv_l/tv_r/av_l/av_r/x/y/theta/t_err: -0.17292 0.00000 -0.63160 0.19648 -0.32093 0.14233 -0.16169 0.14233 -0.16169 0 0 99.90763 -0.17292
fb: -0.05825 -0.25606 0.09438 -0.10092
fb: -0.05031 -0.25195 0.09438 -0.10092
target: 0.00000 -0.03865
dist/lin/ang/drive_left/drive_right/tv_l/tv_r/av_l/av_r/x/y/theta/t_err: -0.13354 0.00000 -0.29543 0.20164 -0.30226 0.10797 -0.13142 0.10797 -0.13142 0 0 97.65129 -0.13354
fb: -0.05825 -0.24686 0.05835 -0.06324
fb: -0.06399 -0.24038 0.05835 -0.06324
target: 0.00000 0.00198
dist/lin/ang/drive_left/drive_right/tv_l/tv_r/av_l/av_r/x/y/theta/t_err: -0.09520 0.00000 0.01515 0.17639 -0.30437 0.08317 -0.10131 0.08317 -0.10131 0 0 95.45473 -0.09520
fb: -0.05803 -0.23279 -0.04001 0.04491
fb: -0.06223 -0.22456 -0.04001 0.04491
target: 0.00000 0.03824
dist/lin/ang/drive_left/drive_right/tv_l/tv_r/av_l/av_r/x/y/theta/t_err: -0.05870 0.00000 0.29231 0.16234 -0.28679 0.03817 -0.06331 0.03817 -0.06331 0 0 93.36339 -0.05870
fb: -0.07370 -0.21572 -0.05814 0.06304
fb: -0.06973 -0.20617 -0.05814 0.06304
target: 0.00000 0.06983
dist/lin/ang/drive_left/drive_right/tv_l/tv_r/av_l/av_r/x/y/theta/t_err: -0.02468 0.00000 0.53387 0.13644 -0.27590 -0.03869 0.03439 -0.03869 0.03439 0 0 91.41389 -0.02468
fb: -0.06399 -0.19042 -0.08581 0.09210
fb: -0.04854 -0.16855 -0.08581 0.09210
target: 0.00000 0.09568
dist/lin/ang/drive_left/drive_right/tv_l/tv_r/av_l/av_r/x/y/theta/t_err: 0.00614 0.00000 0.73145 0.12000 -0.21709 -0.06056 0.05803 -0.06056 0.05803 0 0 89.64809 0.00614
fb: -0.02339 -0.14263 -0.10313 0.10994
fb: -0.01147 -0.11197 -0.10313 0.10994
target: 0.00000 0.10622
dist/lin/ang/drive_left/drive_right/tv_l/tv_r/av_l/av_r/x/y/theta/t_err: 0.03085 0.00000 0.81205 0.10049 -0.12344 -0.08211 0.07683 -0.08211 0.07683 0 0 88.23228 0.03085
fb: -0.00772 -0.07769 -0.11019 0.11721
fb: -0.01169 -0.04313 -0.11019 0.11721
target: 0.00000 0.09853
dist/lin/ang/drive_left/drive_right/tv_l/tv_r/av_l/av_r/x/y/theta/t_err: 0.04664 0.00000 0.75321 0.03143 -0.05482 -0.08897 0.08625 -0.08897 0.08625 0 0 87.32751 0.04664
fb: -0.01545 -0.00968 -0.10504 0.11190
fb: -0.01545 0.01763 -0.10504 0.11190
target: 0.00000 0.07447
dist/lin/ang/drive_left/drive_right/tv_l/tv_r/av_l/av_r/x/y/theta/t_err: 0.05197 0.00000 0.56927 -0.03307 0.00218 -0.09703 0.09750 -0.09703 0.09750 0 0 87.02243 0.05197
fb: -0.00772 0.03435 -0.08892 0.09530
fb: 0.00000 0.04299 -0.08892 0.09530
target: 0.00000 0.04627
dist/lin/ang/drive_left/drive_right/tv_l/tv_r/av_l/av_r/x/y/theta/t_err: 0.04876 0.00000 0.35369 -0.04299 0.04299 -0.08628 0.09292 -0.08628 0.09292 0 0 87.20613 0.04876
fb: 0.00000 0.04626 -0.06216 0.06705
fb: 0.00000 0.04794 -0.06216 0.06705
target: 0.00000 0.02880
dist/lin/ang/drive_left/drive_right/tv_l/tv_r/av_l/av_r/x/y/theta/t_err: 0.04211 0.00000 0.22015 -0.04794 0.04794 -0.07819 0.07903 -0.07819 0.07903 0 0 87.58701 0.04211
fb: 0.00000 0.04954 -0.05342 0.05832
fb: 0.00000 0.05003 -0.05342 0.05832
target: 0.00000 0.01830
dist/lin/ang/drive_left/drive_right/tv_l/tv_r/av_l/av_r/x/y/theta/t_err: 0.03474 0.00000 0.13986 -0.05003 0.05003 -0.06211 0.05989 -0.06211 0.05989 0 0 88.00980 0.03474
fb: 0.00000 0.04808 -0.04817 0.05306
fb: 0.00000 0.04452 -0.04817 0.05306
target: 0.00000 0.00931
dist/lin/ang/drive_left/drive_right/tv_l/tv_r/av_l/av_r/x/y/theta/t_err: 0.02721 0.00000 0.07116 -0.04452 0.04452 -0.04994 0.05286 -0.04994 0.05286 0 0 88.44099 0.02721
fb: 0.00000 0.04055 -0.04368 0.04857
fb: 0.00000 0.03665 -0.04368 0.04857
target: 0.00000 0.00429
dist/lin/ang/drive_left/drive_right/tv_l/tv_r/av_l/av_r/x/y/theta/t_err: 0.02057 0.00000 0.03280 -0.03665 0.03665 -0.04553 0.04878 -0.04553 0.04878 0 0 88.82158 0.02057
fb: -0.00397 0.03226 -0.04117 0.04606
fb: -0.00794 0.02717 -0.04117 0.04606
final error was 0.86876
position: 0.02434 -1.71009 89.13124
took 0.98000 time to finish turn
increased kp to 8.80000
increased kp to 8.90000
increased kp to 9.00000
increased kp to 9.10000
increased kd to 9.00000
increased kp to 9.20000
increased kp to 9.30000
increased kd to 9.20000
increased kp to 9.40000
increased kd to 9.40000
increased kp to 9.50000
increased kd to 9.60000
increased kp to 9.60000
increased kd to 9.80000
increased kp to 9.70000
increased kp to 9.80000
increased kp to 9.90000
increased kp to 10.00000
increased kd to 10.00000
increased kp to 10.10000
increased kd to 10.20000
increased kp to 10.20000
increased kp to 10.30000
increased kp to 10.40000
increased kp to 10.50000
increased kp to 10.60000
increased kp to 10.70000
increased kp to 10.80000
increased kp to 10.90000
increased kp to 11.00000
increased kp to 11.10000
increased kp to 11.20000
increased kp to 11.30000
increased kp to 11.40000
increased kp to 11.50000
increased kp to 11.60000
increased kp to 11.70000
increased kd to 10.40000
increased kp to 11.80000
increased kp to 11.90000
increased kd to 10.60000
increased kp to 12.00000
increased kd to 10.80000
increased kp to 12.10000
increased kd to 11.00000
increased kp to 12.20000
increased kd to 11.20000
increased kp to 12.30000
increased kd to 11.40000
increased kp to 12.40000
increased kd to 11.60000
increased kp to 12.50000
increased kd to 11.80000
increased kp to 12.60000
increased kd to 12.00000
increased kp to 12.70000
increased kd to 12.20000
increased kd to 12.40000
increased kp to 12.80000
increased kd to 12.60000
increased kp to 12.90000
target: 0.00000 0.78486
dist/lin/ang/drive_left/drive_right/tv_l/tv_r/av_l/av_r/x/y/theta/t_err: 1.57079 0.00000 6.00000 0.00000 0.00000 -0.00017 0.00000 -0.00017 0.00000 0 0 0.00013 1.57079
fb: 0.00000 0.00000 -0.56488 0.58547
fb: 0.00000 0.00000 -0.56488 0.58547
target: 0.00000 0.78486
dist/lin/ang/drive_left/drive_right/tv_l/tv_r/av_l/av_r/x/y/theta/t_err: 1.57079 0.00000 6.00000 0.00000 0.00000 -0.07700 0.03217 -0.07700 0.03217 0 0 0.00034 1.57079
fb: 0.00000 0.00000 -0.56488 0.58547
fb: 0.00000 0.00195 -0.56488 0.58547
target: 0.00000 0.78486
dist/lin/ang/drive_left/drive_right/tv_l/tv_r/av_l/av_r/x/y/theta/t_err: 1.57080 0.00000 6.00000 -0.00195 0.00195 -0.46011 0.43019 -0.46011 0.43019 0 0 -0.00035 1.57080
fb: 0.00000 0.03289 -0.56488 0.58547
fb: -0.00397 0.07107 -0.56488 0.58547
target: 0.00000 0.78486
dist/lin/ang/drive_left/drive_right/tv_l/tv_r/av_l/av_r/x/y/theta/t_err: 1.56891 0.00000 6.00000 -0.07504 0.06710 -0.53231 0.53628 -0.53231 0.53628 0 0 0.10809 1.56891
fb: -0.00000 0.11030 -0.56488 0.58547
fb: 0.00397 0.14904 -0.56488 0.58547
target: 0.00000 0.78486
dist/lin/ang/drive_left/drive_right/tv_l/tv_r/av_l/av_r/x/y/theta/t_err: 1.55667 0.00000 6.00000 -0.14506 0.15301 -0.54069 0.55592 -0.54069 0.55592 0 0 0.80949 1.55667
fb: 0.00000 0.18394 -0.56488 0.58547
fb: 0.00000 0.21843 -0.56488 0.58547
target: 0.00000 0.78486
dist/lin/ang/drive_left/drive_right/tv_l/tv_r/av_l/av_r/x/y/theta/t_err: 1.53264 0.00000 6.00000 -0.21843 0.21843 -0.54139 0.55781 -0.54139 0.55781 0 0 2.18623 1.53264
fb: 0.00000 0.25536 -0.56488 0.58547
fb: 0.00000 0.28950 -0.56488 0.58547
target: 0.00000 0.78486
dist/lin/ang/drive_left/drive_right/tv_l/tv_r/av_l/av_r/x/y/theta/t_err: 1.49790 0.00000 6.00000 -0.28950 0.28950 -0.54275 0.55678 -0.54275 0.55678 0 0 4.17693 1.49790
fb: 0.00000 0.31932 -0.56488 0.58547
fb: 0.00000 0.35319 -0.56488 0.58547
target: 0.00000 0.78486
dist/lin/ang/drive_left/drive_right/tv_l/tv_r/av_l/av_r/x/y/theta/t_err: 1.45268 0.00000 6.00000 -0.35319 0.35319 -0.54311 0.55933 -0.54311 0.55933 0 0 6.76771 1.45268
fb: 0.00000 0.38712 -0.56488 0.58547
fb: 0.00000 0.41840 -0.56488 0.58547
target: 0.00000 0.78486
dist/lin/ang/drive_left/drive_right/tv_l/tv_r/av_l/av_r/x/y/theta/t_err: 1.39750 0.00000 6.00000 -0.41840 0.41840 -0.54292 0.55969 -0.54292 0.55969 0 0 9.92921 1.39750
fb: 0.00000 0.44997 -0.56488 0.58547
fb: 0.00000 0.47881 -0.56488 0.58547
target: 0.00000 0.78486
dist/lin/ang/drive_left/drive_right/tv_l/tv_r/av_l/av_r/x/y/theta/t_err: 1.33250 0.00000 6.00000 -0.47881 0.47881 -0.54344 0.56000 -0.54344 0.56000 0 0 13.65346 1.33250
fb: 0.00000 0.50480 -0.56488 0.58547
fb: 0.00000 0.53358 -0.56488 0.58547
target: 0.00000 0.78486
dist/lin/ang/drive_left/drive_right/tv_l/tv_r/av_l/av_r/x/y/theta/t_err: 1.25854 0.00000 6.00000 -0.53358 0.53358 -0.54444 0.56294 -0.54444 0.56294 0 0 17.89086 1.25854
fb: 0.00000 0.56396 -0.56488 0.58547
fb: 0.00000 0.59099 -0.56488 0.58547
target: 0.00000 0.78486
dist/lin/ang/drive_left/drive_right/tv_l/tv_r/av_l/av_r/x/y/theta/t_err: 1.17595 0.00000 6.00000 -0.59099 0.59099 -0.54517 0.56328 -0.54517 0.56328 0 0 22.62302 1.17595
fb: 0.00000 0.61802 -0.56488 0.58547
fb: 0.00000 0.64610 -0.56488 0.58547
target: 0.00000 0.78486
dist/lin/ang/drive_left/drive_right/tv_l/tv_r/av_l/av_r/x/y/theta/t_err: 1.08477 0.00000 6.00000 -0.64610 0.64610 -0.54550 0.56225 -0.54550 0.56225 0 0 27.84731 1.08477
fb: 0.00000 0.66826 -0.56488 0.58547
fb: -0.01743 0.68937 -0.56488 0.58547
target: 0.00000 0.78486
dist/lin/ang/drive_left/drive_right/tv_l/tv_r/av_l/av_r/x/y/theta/t_err: 0.98543 0.00000 6.00000 -0.70680 0.67194 -0.54875 0.56397 -0.54875 0.56397 0 0 33.53903 0.98543
fb: -0.04655 0.71167 -0.56488 0.58547
fb: -0.05626 0.73118 -0.56488 0.58547
target: 0.00000 0.78486
dist/lin/ang/drive_left/drive_right/tv_l/tv_r/av_l/av_r/x/y/theta/t_err: 0.87936 0.00000 6.00000 -0.78744 0.67492 -0.54653 0.56125 -0.54653 0.56125 0 0 39.61620 0.87936
fb: -0.06001 0.74929 -0.56488 0.58547
fb: -0.07369 0.76671 -0.56488 0.58547
target: 0.00000 0.78486
dist/lin/ang/drive_left/drive_right/tv_l/tv_r/av_l/av_r/x/y/theta/t_err: 0.76708 0.00000 6.00000 -0.84040 0.69302 -0.54872 0.56328 -0.54872 0.56328 0 0 46.04983 0.76708
fb: -0.07766 0.78232 -0.56488 0.58547
fb: -0.07369 0.79695 -0.56488 0.58547
target: 0.00000 0.61109
dist/lin/ang/drive_left/drive_right/tv_l/tv_r/av_l/av_r/x/y/theta/t_err: 0.64942 0.00000 4.67157 -0.87064 0.72326 -0.54686 0.56244 -0.54686 0.56244 0 0 52.79073 0.64942
fb: -0.08340 0.81291 -0.44845 0.46557
fb: -0.07942 0.82810 -0.44845 0.46557
target: 0.00000 0.38515
dist/lin/ang/drive_left/drive_right/tv_l/tv_r/av_l/av_r/x/y/theta/t_err: 0.52705 0.00000 2.94434 -0.90752 0.74867 -0.52000 0.54792 -0.52000 0.54792 0 0 59.80202 0.52705
fb: -0.06199 0.84057 -0.29707 0.30967
fb: -0.06398 0.84747 -0.29707 0.30967
target: 0.00000 0.15171
dist/lin/ang/drive_left/drive_right/tv_l/tv_r/av_l/av_r/x/y/theta/t_err: 0.40005 0.00000 1.15980 -0.91145 0.78349 -0.41800 0.44025 -0.41800 0.44025 0 0 67.07911 0.40005
fb: -0.06795 0.85109 -0.14067 0.14860
fb: -0.07964 0.84384 -0.14067 0.14860
target: 0.00000 -0.07787
dist/lin/ang/drive_left/drive_right/tv_l/tv_r/av_l/av_r/x/y/theta/t_err: 0.27041 0.00000 -0.59530 -0.92349 0.76420 -0.29314 0.30267 -0.29314 0.30267 0 0 74.50676 0.27041
fb: -0.09112 0.83249 0.09120 -0.09765
fb: -0.10656 0.82043 0.09120 -0.09765
target: 0.00000 -0.29063
dist/lin/ang/drive_left/drive_right/tv_l/tv_r/av_l/av_r/x/y/theta/t_err: 0.14180 0.00000 -2.22175 -0.92699 0.71387 -0.12147 0.14647 -0.12147 0.14647 0 0 81.87522 0.14180
fb: -0.12796 0.79925 0.23374 -0.24445
fb: -0.11649 0.76706 0.23374 -0.24445
target: 0.00000 -0.48464
dist/lin/ang/drive_left/drive_right/tv_l/tv_r/av_l/av_r/x/y/theta/t_err: 0.01716 0.00000 -3.70494 -0.88355 0.65057 0.09650 -0.07511 0.09650 -0.07511 0 0 89.01681 0.01716
fb: -0.11054 0.72428 0.36373 -0.37832
fb: -0.11826 0.67704 0.36373 -0.37832
target: 0.00000 -0.64203
dist/lin/ang/drive_left/drive_right/tv_l/tv_r/av_l/av_r/x/y/theta/t_err: -0.09837 0.00000 -4.90810 -0.79530 0.55878 0.22894 -0.22178 0.22894 -0.22178 0 0 95.63611 -0.09837
fb: -0.12400 0.62750 0.46918 -0.48692
fb: -0.12598 0.57448 0.46918 -0.48692
target: 0.00000 -0.75713
dist/lin/ang/drive_left/drive_right/tv_l/tv_r/av_l/av_r/x/y/theta/t_err: -0.20015 0.00000 -5.78801 -0.70046 0.44849 0.34836 -0.34017 0.34836 -0.34017 0 0 101.46770 -0.20015
fb: -0.11451 0.52090 0.54630 -0.56634
fb: -0.10856 0.46822 0.54630 -0.56634
target: 0.00000 -0.78486
dist/lin/ang/drive_left/drive_right/tv_l/tv_r/av_l/av_r/x/y/theta/t_err: -0.28609 0.00000 -6.00000 -0.57678 0.35966 0.43394 -0.41581 0.43394 -0.41581 0 0 106.39176 -0.28609
fb: -0.11452 0.41736 0.56488 -0.58547
fb: -0.12224 0.36468 0.56488 -0.58547
target: 0.00000 -0.78486
dist/lin/ang/drive_left/drive_right/tv_l/tv_r/av_l/av_r/x/y/theta/t_err: -0.35589 0.00000 -6.00000 -0.48692 0.24244 0.48508 -0.46492 0.48508 -0.46492 0 0 110.39100 -0.35589
fb: -0.11430 0.30455 0.56488 -0.58547
fb: -0.10856 0.24108 0.56488 -0.58547
target: 0.00000 -0.78486
dist/lin/ang/drive_left/drive_right/tv_l/tv_r/av_l/av_r/x/y/theta/t_err: -0.40942 0.00000 -6.00000 -0.34964 0.13252 0.51314 -0.45461 0.51314 -0.45461 0 0 113.45777 -0.40942
fb: -0.10680 0.18004 0.56488 -0.58547
fb: -0.11827 0.12131 0.56488 -0.58547
target: 0.00000 -0.78486
dist/lin/ang/drive_left/drive_right/tv_l/tv_r/av_l/av_r/x/y/theta/t_err: -0.44410 0.00000 -6.00000 -0.23958 0.00303 0.53525 -0.54142 0.53525 -0.54142 0 0 115.44518 -0.44410
fb: -0.13372 0.06152 0.56488 -0.58547
fb: -0.14166 0.00362 0.56488 -0.58547
target: 0.00000 -0.78486
dist/lin/ang/drive_left/drive_right/tv_l/tv_r/av_l/av_r/x/y/theta/t_err: -0.46039 0.00000 -6.00000 -0.14529 -0.13804 0.53983 -0.55647 0.53983 -0.55647 0 0 116.37860 -0.46039
fb: -0.14343 -0.05079 0.56488 -0.58547
fb: -0.12202 -0.09873 0.56488 -0.58547
target: 0.00000 -0.76814
dist/lin/ang/drive_left/drive_right/tv_l/tv_r/av_l/av_r/x/y/theta/t_err: -0.45889 0.00000 -5.87215 -0.02329 -0.22076 0.54003 -0.56019 0.54003 -0.56019 0 0 116.29224 -0.45889
fb: -0.10481 -0.14144 0.55367 -0.57393
fb: -0.09510 -0.18206 0.55367 -0.57393
target: 0.00000 -0.67736
dist/lin/ang/drive_left/drive_right/tv_l/tv_r/av_l/av_r/x/y/theta/t_err: -0.44219 0.00000 -5.17819 0.08696 -0.27717 0.52050 -0.56178 0.52050 -0.56178 0 0 115.33545 -0.44219
fb: -0.08539 -0.22568 0.49285 -0.51129
fb: -0.08539 -0.26742 0.49285 -0.51129
target: 0.00000 -0.57425
dist/lin/ang/drive_left/drive_right/tv_l/tv_r/av_l/av_r/x/y/theta/t_err: -0.41259 0.00000 -4.38998 0.18202 -0.35281 0.50389 -0.54294 0.50389 -0.54294 0 0 113.63950 -0.41259
fb: -0.08914 -0.30400 0.42377 -0.44015
fb: -0.09510 -0.33814 0.42377 -0.44015
target: 0.00000 -0.45061
dist/lin/ang/drive_left/drive_right/tv_l/tv_r/av_l/av_r/x/y/theta/t_err: -0.37030 0.00000 -3.44474 0.24303 -0.43324 0.45583 -0.49844 0.45583 -0.49844 0 0 111.21652 -0.37030
fb: -0.09312 -0.37067 0.34093 -0.35484
fb: -0.08517 -0.39764 0.34093 -0.35484
target: 0.00000 -0.31690
dist/lin/ang/drive_left/drive_right/tv_l/tv_r/av_l/av_r/x/y/theta/t_err: -0.31728 0.00000 -2.42262 0.31247 -0.48281 0.39508 -0.43544 0.39508 -0.43544 0 0 108.17852 -0.31728
fb: -0.07745 -0.42140 0.25135 -0.26258
fb: -0.06995 -0.43763 0.25135 -0.26258
target: 0.00000 -0.17654
dist/lin/ang/drive_left/drive_right/tv_l/tv_r/av_l/av_r/x/y/theta/t_err: -0.25549 0.00000 -1.34957 0.36769 -0.50758 0.31911 -0.35108 0.31911 -0.35108 0 0 104.63847 -0.25549
fb: -0.06222 -0.44537 0.15730 -0.16573
fb: -0.05627 -0.44711 0.15730 -0.16573
target: 0.00000 -0.04071
dist/lin/ang/drive_left/drive_right/tv_l/tv_r/av_l/av_r/x/y/theta/t_err: -0.18827 0.00000 -0.31118 0.39084 -0.50337 0.24536 -0.26967 0.24536 -0.26967 0 0 100.78696 -0.18827
fb: -0.05031 -0.44530 0.05938 -0.06427
fb: -0.05428 -0.44021 0.05938 -0.06427
target: 0.00000 0.07885
dist/lin/ang/drive_left/drive_right/tv_l/tv_r/av_l/av_r/x/y/theta/t_err: -0.11999 0.00000 0.60275 0.38593 -0.49449 0.15606 -0.16308 0.15606 -0.16308 0 0 96.87509 -0.11999
fb: -0.06597 -0.43074 -0.09185 0.09832
fb: -0.06575 -0.41917 -0.09185 0.09832
target: 0.00000 0.18676
dist/lin/ang/drive_left/drive_right/tv_l/tv_r/av_l/av_r/x/y/theta/t_err: -0.05297 0.00000 1.42770 0.35342 -0.48492 0.05919 -0.05375 0.05919 -0.05375 0 0 93.03523 -0.05297
fb: -0.07370 -0.40691 -0.16415 0.17278
fb: -0.06995 -0.38642 -0.16415 0.17278
target: 0.00000 0.28049
dist/lin/ang/drive_left/drive_right/tv_l/tv_r/av_l/av_r/x/y/theta/t_err: 0.01071 0.00000 2.14423 0.31648 -0.45637 -0.09003 0.08536 -0.09003 0.08536 0 0 89.38636 0.01071
fb: -0.05428 -0.35437 -0.22695 0.23745
fb: -0.04259 -0.31159 -0.22695 0.23745
target: 0.00000 0.35327
dist/lin/ang/drive_left/drive_right/tv_l/tv_r/av_l/av_r/x/y/theta/t_err: 0.06842 0.00000 2.70060 0.26900 -0.35418 -0.15622 0.16222 -0.15622 0.16222 0 0 86.07967 0.06842
fb: -0.03685 -0.26289 -0.27571 0.28767
fb: -0.04656 -0.21467 -0.27571 0.28767
target: 0.00000 0.38132
dist/lin/ang/drive_left/drive_right/tv_l/tv_r/av_l/av_r/x/y/theta/t_err: 0.11420 0.00000 2.91505 0.16811 -0.26123 -0.21097 0.22003 -0.21097 0.22003 0 0 83.45698 0.11420
fb: -0.06200 -0.16527 -0.29451 0.30703
fb: -0.06598 -0.11998 -0.29451 0.30703
target: 0.00000 0.37270
dist/lin/ang/drive_left/drive_right/tv_l/tv_r/av_l/av_r/x/y/theta/t_err: 0.14519 0.00000 2.84917 0.05400 -0.18596 -0.25206 0.26436 -0.25206 0.26436 0 0 81.68129 0.14519
fb: -0.06598 -0.07852 -0.28873 0.30108
fb: -0.06796 -0.03965 -0.28873 0.30108
target: 0.00000 0.34290
dist/lin/ang/drive_left/drive_right/tv_l/tv_r/av_l/av_r/x/y/theta/t_err: 0.16205 0.00000 2.62139 -0.02832 -0.10761 -0.26844 0.27792 -0.26844 0.27792 0 0 80.71546 0.16205
fb: -0.06024 -0.00272 -0.26877 0.28052
fb: -0.05031 0.03087 -0.26877 0.28052
target: 0.00000 0.30049
dist/lin/ang/drive_left/drive_right/tv_l/tv_r/av_l/av_r/x/y/theta/t_err: 0.16670 0.00000 2.29716 -0.08118 -0.01944 -0.26264 0.27428 -0.26264 0.27428 0 0 80.44863 0.16670
fb: -0.04259 0.06145 -0.24035 0.25126
fb: -0.03685 0.08793 -0.24035 0.25126
target: 0.00000 0.24725
dist/lin/ang/drive_left/drive_right/tv_l/tv_r/av_l/av_r/x/y/theta/t_err: 0.16084 0.00000 1.89012 -0.12478 0.05108 -0.24469 0.25156 -0.24469 0.25156 0 0 80.78459 0.16084
fb: -0.03685 0.10981 -0.20468 0.21452
fb: -0.03486 0.12535 -0.20468 0.21452
target: 0.00000 0.18857
dist/lin/ang/drive_left/drive_right/tv_l/tv_r/av_l/av_r/x/y/theta/t_err: 0.14658 0.00000 1.44157 -0.16021 0.09048 -0.22586 0.22364 -0.22586 0.22364 0 0 81.60177 0.14658
fb: -0.03685 0.13775 -0.16537 0.17403
fb: -0.04281 0.14611 -0.16537 0.17403
target: 0.00000 0.13322
dist/lin/ang/drive_left/drive_right/tv_l/tv_r/av_l/av_r/x/y/theta/t_err: 0.12693 0.00000 1.01839 -0.18892 0.10330 -0.18994 0.18600 -0.18994 0.18600 0 0 82.72762 0.12693
fb: -0.04259 0.15196 -0.12828 0.13584
fb: -0.03685 0.15510 -0.12828 0.13584
target: 0.00000 0.08322
dist/lin/ang/drive_left/drive_right/tv_l/tv_r/av_l/av_r/x/y/theta/t_err: 0.10438 0.00000 0.63616 -0.19195 0.11825 -0.15022 0.14817 -0.15022 0.14817 0 0 84.01962 0.10438
fb: -0.03310 0.15600 -0.09478 0.10134
fb: -0.02913 0.15398 -0.09478 0.10134
target: 0.00000 0.03842
dist/lin/ang/drive_left/drive_right/tv_l/tv_r/av_l/av_r/x/y/theta/t_err: 0.08067 0.00000 0.29370 -0.18311 0.12486 -0.11103 0.11258 -0.11103 0.11258 0 0 85.37816 0.08067
fb: -0.02118 0.14904 -0.05823 0.06313
fb: -0.01346 0.14256 -0.05823 0.06313
target: 0.00000 0.00057
dist/lin/ang/drive_left/drive_right/tv_l/tv_r/av_l/av_r/x/y/theta/t_err: 0.05733 0.00000 0.00435 -0.15602 0.12910 -0.08247 0.08350 -0.08247 0.08350 0 0 86.71538 0.05733
fb: -0.01368 0.13524 -0.03931 0.04420
fb: -0.01743 0.12751 -0.03931 0.04420
target: 0.00000 -0.02837
dist/lin/ang/drive_left/drive_right/tv_l/tv_r/av_l/av_r/x/y/theta/t_err: 0.03579 0.00000 -0.21690 -0.14494 0.11007 -0.05578 0.05883 -0.05578 0.05883 0 0 87.94960 0.03579
fb: -0.02140 0.11915 0.05321 -0.05810
fb: -0.03310 0.11065 0.05321 -0.05810
target: 0.00000 -0.05104
dist/lin/ang/drive_left/drive_right/tv_l/tv_r/av_l/av_r/x/y/theta/t_err: 0.01660 0.00000 -0.39018 -0.14374 0.07755 -0.01814 0.01383 -0.01814 0.01383 0 0 89.04884 0.01660
fb: -0.03288 0.10180 0.07322 -0.07913
fb: -0.03486 0.09330 0.07322 -0.07913
target: 0.00000 -0.06831
dist/lin/ang/drive_left/drive_right/tv_l/tv_r/av_l/av_r/x/y/theta/t_err: 0.00002 0.00000 -0.52222 -0.12816 0.05843 0.05083 -0.05319 0.05083 -0.05319 0 0 89.99908 0.00002
fb: -0.03884 0.08528 0.08479 -0.09105
fb: -0.03685 0.07643 0.08479 -0.09105
final error was -0.79915
position: 0.13842 -2.12508 90.79915
took 1.08000 time to finish turn
target: 0.00000 0.78486
dist/lin/ang/drive_left/drive_right/tv_l/tv_r/av_l/av_r/x/y/theta/t_err: 1.57079 0.00000 6.00000 0.00000 0.00000 -0.00033 0.00017 -0.00033 0.00017 0 0 0.00031 1.57079
fb: 0.00000 0.00000 -0.56488 0.58547
fb: 0.00000 0.00000 -0.56488 0.58547
target: 0.00000 0.78486
dist/lin/ang/drive_left/drive_right/tv_l/tv_r/av_l/av_r/x/y/theta/t_err: 1.57080 0.00000 6.00000 0.00000 0.00000 -0.08178 0.08744 -0.08178 0.08744 0 0 -0.00034 1.57080
fb: 0.00000 0.00000 -0.56488 0.58547
fb: 0.00000 0.00125 -0.56488 0.58547
target: 0.00000 0.78486
dist/lin/ang/drive_left/drive_right/tv_l/tv_r/av_l/av_r/x/y/theta/t_err: 1.57081 0.00000 6.00000 -0.00125 0.00125 -0.44317 0.45394 -0.44317 0.45394 0 0 -0.00050 1.57081
fb: 0.00000 0.01965 -0.56488 0.58547
fb: 0.00000 0.06111 -0.56488 0.58547
target: 0.00000 0.78486
dist/lin/ang/drive_left/drive_right/tv_l/tv_r/av_l/av_r/x/y/theta/t_err: 1.56959 0.00000 6.00000 -0.06111 0.06111 -0.52756 0.53917 -0.52756 0.53917 0 0 0.06924 1.56959
fb: 0.00000 0.10751 -0.56488 0.58547
fb: 0.00000 0.14527 -0.56488 0.58547
target: 0.00000 0.78486
dist/lin/ang/drive_left/drive_right/tv_l/tv_r/av_l/av_r/x/y/theta/t_err: 1.55864 0.00000 6.00000 -0.14527 0.14527 -0.54106 0.55781 -0.54106 0.55781 0 0 0.69629 1.55864
fb: 0.00000 0.17900 -0.56488 0.58547
fb: 0.00000 0.21446 -0.56488 0.58547
target: 0.00000 0.78486
dist/lin/ang/drive_left/drive_right/tv_l/tv_r/av_l/av_r/x/y/theta/t_err: 1.53535 0.00000 6.00000 -0.21446 0.21446 -0.54006 0.55681 -0.54006 0.55681 0 0 2.03119 1.53535
fb: 0.00000 0.25446 -0.56488 0.58547
fb: 0.00000 0.29215 -0.56488 0.58547
target: 0.00000 0.78486
dist/lin/ang/drive_left/drive_right/tv_l/tv_r/av_l/av_r/x/y/theta/t_err: 1.50106 0.00000 6.00000 -0.29215 0.29215 -0.54308 0.56122 -0.54308 0.56122 0 0 3.99556 1.50106
fb: 0.00000 0.32608 -0.56488 0.58547
fb: 0.00000 0.36092 -0.56488 0.58547
target: 0.00000 0.78486
dist/lin/ang/drive_left/drive_right/tv_l/tv_r/av_l/av_r/x/y/theta/t_err: 1.45526 0.00000 6.00000 -0.36092 0.36092 -0.53950 0.56142 -0.53950 0.56142 0 0 6.61980 1.45526
fb: 0.00397 0.39548 -0.56488 0.58547
fb: 0.01169 0.42830 -0.56488 0.58547
target: 0.00000 0.78486
dist/lin/ang/drive_left/drive_right/tv_l/tv_r/av_l/av_r/x/y/theta/t_err: 1.39893 0.00000 6.00000 -0.41660 0.43999 -0.53953 0.55558 -0.53953 0.55558 0 0 9.84718 1.39893
fb: 0.01147 0.46397 -0.56488 0.58547
fb: 0.00375 0.49762 -0.56488 0.58547
target: 0.00000 0.78486
dist/lin/ang/drive_left/drive_right/tv_l/tv_r/av_l/av_r/x/y/theta/t_err: 1.33220 0.00000 6.00000 -0.49387 0.50138 -0.54089 0.55833 -0.54089 0.55833 0 0 13.67035 1.33220
fb: 0.00000 0.52570 -0.56488 0.58547
fb: 0.00000 0.55462 -0.56488 0.58547
target: 0.00000 0.78486
dist/lin/ang/drive_left/drive_right/tv_l/tv_r/av_l/av_r/x/y/theta/t_err: 1.25534 0.00000 6.00000 -0.55462 0.55462 -0.54208 0.55933 -0.54208 0.55933 0 0 18.07443 1.25534
fb: 0.00000 0.58493 -0.56488 0.58547
fb: 0.00000 0.61203 -0.56488 0.58547
target: 0.00000 0.78486
dist/lin/ang/drive_left/drive_right/tv_l/tv_r/av_l/av_r/x/y/theta/t_err: 1.16958 0.00000 6.00000 -0.61203 0.61203 -0.54481 0.56056 -0.54481 0.56056 0 0 22.98806 1.16958
fb: 0.00000 0.63774 -0.56488 0.58547
fb: 0.00000 0.66352 -0.56488 0.58547
target: 0.00000 0.78486
dist/lin/ang/drive_left/drive_right/tv_l/tv_r/av_l/av_r/x/y/theta/t_err: 1.07526 0.00000 6.00000 -0.66352 0.66352 -0.54703 0.56311 -0.54703 0.56311 0 0 28.39195 1.07526
fb: 0.00000 0.68728 -0.56488 0.58547
fb: 0.00000 0.71000 -0.56488 0.58547
target: 0.00000 0.78486
dist/lin/ang/drive_left/drive_right/tv_l/tv_r/av_l/av_r/x/y/theta/t_err: 0.97315 0.00000 6.00000 -0.71000 0.71000 -0.54908 0.56467 -0.54908 0.56467 0 0 34.24256 0.97315
fb: 0.00000 0.73020 -0.56488 0.58547
fb: -0.02317 0.74978 -0.56488 0.58547
target: 0.00000 0.78486
dist/lin/ang/drive_left/drive_right/tv_l/tv_r/av_l/av_r/x/y/theta/t_err: 0.86410 0.00000 6.00000 -0.77295 0.72661 -0.54703 0.56314 -0.54703 0.56314 0 0 40.49096 0.86410
fb: -0.06575 0.76769 -0.56488 0.58547
fb: -0.08340 0.78350 -0.56488 0.58547
target: 0.00000 0.78486
dist/lin/ang/drive_left/drive_right/tv_l/tv_r/av_l/av_r/x/y/theta/t_err: 0.74900 0.00000 6.00000 -0.86690 0.70011 -0.54603 0.56158 -0.54603 0.56158 0 0 47.08570 0.74900
fb: -0.08163 0.80106 -0.56488 0.58547
fb: -0.07766 0.81771 -0.56488 0.58547
target: 0.00000 0.56503
dist/lin/ang/drive_left/drive_right/tv_l/tv_r/av_l/av_r/x/y/theta/t_err: 0.62867 0.00000 4.31949 -0.89537 0.74005 -0.54583 0.56019 -0.54583 0.56019 0 0 53.97997 0.62867
fb: -0.07369 0.83242 -0.41759 0.43379
fb: -0.07744 0.84677 -0.41759 0.43379
target: 0.00000 0.33255
dist/lin/ang/drive_left/drive_right/tv_l/tv_r/av_l/av_r/x/y/theta/t_err: 0.50327 0.00000 2.54223 -0.92421 0.76933 -0.53317 0.54517 -0.53317 0.54517 0 0 61.16465 0.50327
fb: -0.08516 0.86015 -0.26183 0.27338
fb: -0.08737 0.87178 -0.26183 0.27338
target: 0.00000 0.09518
dist/lin/ang/drive_left/drive_right/tv_l/tv_r/av_l/av_r/x/y/theta/t_err: 0.37344 0.00000 0.72759 -0.95915 0.78442 -0.40911 0.42231 -0.40911 0.42231 0 0 68.60357 0.37344
fb: -0.08736 0.87366 -0.10279 0.10959
fb: -0.09310 0.86670 -0.10279 0.10959
target: 0.00000 -0.14397
dist/lin/ang/drive_left/drive_right/tv_l/tv_r/av_l/av_r/x/y/theta/t_err: 0.24015 0.00000 -1.10062 -0.95980 0.77360 -0.28064 0.27378 -0.28064 0.27378 0 0 76.24039 0.24015
fb: -0.10656 0.85409 0.13548 -0.14326
fb: -0.11825 0.84252 0.13548 -0.14326
target: 0.00000 -0.36121
dist/lin/ang/drive_left/drive_right/tv_l/tv_r/av_l/av_r/x/y/theta/t_err: 0.10819 0.00000 -2.76132 -0.96077 0.72427 -0.10850 0.10728 -0.10850 0.10728 0 0 83.80145 0.10819
fb: -0.12796 0.82789 0.28103 -0.29315
fb: -0.13370 0.79821 0.28103 -0.29315
target: 0.00000 -0.56224
dist/lin/ang/drive_left/drive_right/tv_l/tv_r/av_l/av_r/x/y/theta/t_err: -0.02005 0.00000 -4.29812 -0.93190 0.66451 0.11036 -0.11806 0.11036 -0.11806 0 0 91.14887 -0.02005
fb: -0.12995 0.75152 0.41572 -0.43186
fb: -0.12797 0.69557 0.41572 -0.43186
target: 0.00000 -0.73199
dist/lin/ang/drive_left/drive_right/tv_l/tv_r/av_l/av_r/x/y/theta/t_err: -0.14026 0.00000 -5.59581 -0.82354 0.56761 0.25428 -0.26708 0.25428 -0.26708 0 0 98.03616 -0.14026
fb: -0.14165 0.64046 0.52945 -0.54899
fb: -0.14937 0.58486 0.52945 -0.54899
target: 0.00000 -0.78486
dist/lin/ang/drive_left/drive_right/tv_l/tv_r/av_l/av_r/x/y/theta/t_err: -0.24470 0.00000 -6.00000 -0.73423 0.43549 0.36892 -0.39047 0.36892 -0.39047 0 0 104.02053 -0.24470
fb: -0.14540 0.52849 0.56488 -0.58547
fb: -0.15909 0.47310 0.56488 -0.58547
target: 0.00000 -0.78486
dist/lin/ang/drive_left/drive_right/tv_l/tv_r/av_l/av_r/x/y/theta/t_err: -0.33207 0.00000 -6.00000 -0.63218 0.31401 0.44847 -0.47839 0.44847 -0.47839 0 0 109.02623 -0.33207
fb: -0.14342 0.41680 0.56488 -0.58547
fb: -0.12599 0.35653 0.56488 -0.58547
target: 0.00000 -0.78486
dist/lin/ang/drive_left/drive_right/tv_l/tv_r/av_l/av_r/x/y/theta/t_err: -0.40235 0.00000 -6.00000 -0.48252 0.23054 0.47672 -0.53178 0.47672 -0.53178 0 0 113.05294 -0.40235
fb: -0.12798 0.28950 0.56488 -0.58547
fb: -0.12224 0.22763 0.56488 -0.58547
target: 0.00000 -0.78486
dist/lin/ang/drive_left/drive_right/tv_l/tv_r/av_l/av_r/x/y/theta/t_err: -0.45433 0.00000 -6.00000 -0.34987 0.10539 0.53144 -0.55697 0.53144 -0.55697 0 0 116.03135 -0.45433
fb: -0.11253 0.16868 0.56488 -0.58547
fb: -0.10459 0.10284 0.56488 -0.58547
target: 0.00000 -0.78486
dist/lin/ang/drive_left/drive_right/tv_l/tv_r/av_l/av_r/x/y/theta/t_err: -0.48703 0.00000 -6.00000 -0.20743 -0.00175 0.53556 -0.55847 0.53556 -0.55847 0 0 117.90453 -0.48703
fb: -0.10283 0.03909 0.56488 -0.58547
fb: -0.09510 -0.02055 0.56488 -0.58547
target: 0.00000 -0.78486
dist/lin/ang/drive_left/drive_right/tv_l/tv_r/av_l/av_r/x/y/theta/t_err: -0.50033 0.00000 -6.00000 -0.07455 -0.11566 0.53936 -0.56175 0.53936 -0.56175 0 0 118.66665 -0.50033
fb: -0.08540 -0.07462 0.56488 -0.58547
fb: -0.06973 -0.12576 0.56488 -0.58547
target: 0.00000 -0.78486
dist/lin/ang/drive_left/drive_right/tv_l/tv_r/av_l/av_r/x/y/theta/t_err: -0.49520 0.00000 -6.00000 0.05604 -0.19549 0.53917 -0.56397 0.53917 -0.56397 0 0 118.37289 -0.49520
fb: -0.05230 -0.17252 0.56488 -0.58547
fb: -0.03884 -0.21537 0.56488 -0.58547
target: 0.00000 -0.71346
dist/lin/ang/drive_left/drive_right/tv_l/tv_r/av_l/av_r/x/y/theta/t_err: -0.47417 0.00000 -5.45420 0.17653 -0.25420 0.53778 -0.56261 0.53778 -0.56261 0 0 117.16776 -0.47417
fb: -0.02714 -0.25404 0.51704 -0.53621
fb: -0.01743 -0.28950 0.51704 -0.53621
target: 0.00000 -0.60023
dist/lin/ang/drive_left/drive_right/tv_l/tv_r/av_l/av_r/x/y/theta/t_err: -0.43975 0.00000 -4.58860 0.27207 -0.30693 0.52514 -0.55747 0.52514 -0.55747 0 0 115.19576 -0.43975
fb: -0.02140 -0.32490 0.44118 -0.45808
fb: -0.02515 -0.35855 0.44118 -0.45808
target: 0.00000 -0.47676
dist/lin/ang/drive_left/drive_right/tv_l/tv_r/av_l/av_r/x/y/theta/t_err: -0.39407 0.00000 -3.64465 0.33340 -0.38371 0.47703 -0.51536 0.47703 -0.51536 0 0 112.57860 -0.39407
fb: -0.02714 -0.39074 0.35845 -0.37288
fb: -0.03111 -0.42251 0.35845 -0.37288
target: 0.00000 -0.33912
dist/lin/ang/drive_left/drive_right/tv_l/tv_r/av_l/av_r/x/y/theta/t_err: -0.33797 0.00000 -2.59249 0.39140 -0.45363 0.41136 -0.44147 0.41136 -0.44147 0 0 109.36406 -0.33797
fb: -0.02913 -0.44690 0.26624 -0.27791
fb: -0.02714 -0.46543 0.26624 -0.27791
target: 0.00000 -0.18955
dist/lin/ang/drive_left/drive_right/tv_l/tv_r/av_l/av_r/x/y/theta/t_err: -0.27241 0.00000 -1.44905 0.43829 -0.49257 0.33039 -0.36975 0.33039 -0.36975 0 0 105.60794 -0.27241
fb: -0.02714 -0.47777 0.16602 -0.17471
fb: -0.02515 -0.48641 0.16602 -0.17471
target: 0.00000 -0.04375
dist/lin/ang/drive_left/drive_right/tv_l/tv_r/av_l/av_r/x/y/theta/t_err: -0.20080 0.00000 -0.33442 0.46125 -0.51156 0.24367 -0.26744 0.24367 -0.26744 0 0 101.50476 -0.20080
fb: -0.02913 -0.48787 0.06090 -0.06579
fb: -0.03883 -0.48466 0.06090 -0.06579
target: 0.00000 0.09292
dist/lin/ang/drive_left/drive_right/tv_l/tv_r/av_l/av_r/x/y/theta/t_err: -0.12646 0.00000 0.71033 0.44583 -0.52350 0.15656 -0.17711 0.15656 -0.17711 0 0 97.24552 -0.12646
fb: -0.03861 -0.47756 -0.10128 0.10803
fb: -0.03883 -0.46732 -0.10128 0.10803
target: 0.00000 0.21513
dist/lin/ang/drive_left/drive_right/tv_l/tv_r/av_l/av_r/x/y/theta/t_err: -0.05268 0.00000 1.64461 0.42848 -0.50615 0.04703 -0.07342 0.04703 -0.07342 0 0 93.01812 -0.05268
fb: -0.04656 -0.45617 -0.18316 0.19236
fb: -0.05229 -0.44244 -0.18316 0.19236
target: 0.00000 0.32379
dist/lin/ang/drive_left/drive_right/tv_l/tv_r/av_l/av_r/x/y/theta/t_err: 0.01838 0.00000 2.47529 0.39015 -0.49473 -0.09481 0.08108 -0.09481 0.08108 0 0 88.94701 0.01838
fb: -0.04854 -0.41506 -0.25596 0.26733
fb: -0.03883 -0.37395 -0.25596 0.26733
target: 0.00000 0.41728
dist/lin/ang/drive_left/drive_right/tv_l/tv_r/av_l/av_r/x/y/theta/t_err: 0.08489 0.00000 3.19000 0.33512 -0.41278 -0.18358 0.17400 -0.18358 0.17400 0 0 85.13642 0.08489
fb: -0.03486 -0.32692 -0.31860 0.33184
fb: -0.04082 -0.27752 -0.31860 0.33184
target: 0.00000 0.46456
dist/lin/ang/drive_left/drive_right/tv_l/tv_r/av_l/av_r/x/y/theta/t_err: 0.14021 0.00000 3.55143 0.23670 -0.31834 -0.24606 0.23969 -0.24606 0.23969 0 0 81.96656 0.14021
fb: -0.04281 -0.22345 -0.35028 0.36447
fb: -0.04457 -0.16945 -0.35028 0.36447
target: 0.00000 0.47116
dist/lin/ang/drive_left/drive_right/tv_l/tv_r/av_l/av_r/x/y/theta/t_err: 0.18060 0.00000 3.60185 0.12488 -0.21402 -0.29928 0.30406 -0.29928 0.30406 0 0 79.65260 0.18060
fb: -0.04259 -0.11692 -0.35470 0.36902
fb: -0.04259 -0.06807 -0.35470 0.36902
target: 0.00000 0.44390
dist/lin/ang/drive_left/drive_right/tv_l/tv_r/av_l/av_r/x/y/theta/t_err: 0.20456 0.00000 3.39349 0.02549 -0.11066 -0.32975 0.33589 -0.32975 0.33589 0 0 78.27983 0.20456
fb: -0.04259 -0.02244 -0.33644 0.35021
fb: -0.03111 0.02334 -0.33644 0.35021
target: 0.00000 0.39577
dist/lin/ang/drive_left/drive_right/tv_l/tv_r/av_l/av_r/x/y/theta/t_err: 0.21327 0.00000 3.02555 -0.05445 -0.00777 -0.32956 0.34069 -0.32956 0.34069 0 0 77.78071 0.21327
fb: -0.02538 0.06717 -0.30419 0.31700
fb: -0.02118 0.10702 -0.30419 0.31700
target: 0.00000 0.32954
dist/lin/ang/drive_left/drive_right/tv_l/tv_r/av_l/av_r/x/y/theta/t_err: 0.20804 0.00000 2.51924 -0.12821 0.08584 -0.30458 0.32647 -0.30458 0.32647 0 0 78.07997 0.20804
fb: -0.01743 0.14088 -0.25982 0.27130
fb: -0.01567 0.16889 -0.25982 0.27130
target: 0.00000 0.24874
dist/lin/ang/drive_left/drive_right/tv_l/tv_r/av_l/av_r/x/y/theta/t_err: 0.19043 0.00000 1.90156 -0.18456 0.15323 -0.27669 0.29208 -0.27669 0.29208 0 0 79.08936 0.19043
fb: -0.02118 0.19112 -0.20568 0.21555
fb: -0.02515 0.20882 -0.20568 0.21555
target: 0.00000 0.16674
dist/lin/ang/drive_left/drive_right/tv_l/tv_r/av_l/av_r/x/y/theta/t_err: 0.16381 0.00000 1.27465 -0.23397 0.18366 -0.23272 0.24572 -0.23272 0.24572 0 0 80.61447 0.16381
fb: -0.01942 0.22206 -0.15074 0.15897
fb: -0.01545 0.23021 -0.15074 0.15897
target: 0.00000 0.08819
dist/lin/ang/drive_left/drive_right/tv_l/tv_r/av_l/av_r/x/y/theta/t_err: 0.13140 0.00000 0.67419 -0.24565 0.21476 -0.18567 0.19111 -0.18567 0.19111 0 0 82.47134 0.13140
fb: -0.01169 0.23272 -0.09811 0.10477
fb: -0.01169 0.23244 -0.09811 0.10477
target: 0.00000 0.01713
dist/lin/ang/drive_left/drive_right/tv_l/tv_r/av_l/av_r/x/y/theta/t_err: 0.09617 0.00000 0.13095 -0.24413 0.22074 -0.13861 0.13825 -0.13861 0.13825 0 0 84.48974 0.09617
fb: -0.01346 0.23014 -0.04759 0.05248
fb: -0.01743 0.22568 -0.04759 0.05248
target: 0.00000 -0.04345
dist/lin/ang/drive_left/drive_right/tv_l/tv_r/av_l/av_r/x/y/theta/t_err: 0.06075 0.00000 -0.33218 -0.24311 0.20825 -0.08675 0.09239 -0.08675 0.09239 0 0 86.51936 0.06075
fb: -0.01942 0.21990 0.06075 -0.06564
fb: -0.01545 0.21300 0.06075 -0.06564
target: 0.00000 -0.09659
dist/lin/ang/drive_left/drive_right/tv_l/tv_r/av_l/av_r/x/y/theta/t_err: 0.02647 0.00000 -0.73843 -0.22844 0.19755 -0.02925 0.03558 -0.02925 0.03558 0 0 88.48353 0.02647
fb: -0.02339 0.20471 0.10374 -0.11057
fb: -0.02538 0.19544 0.10374 -0.11057
target: 0.00000 -0.14270
dist/lin/ang/drive_left/drive_right/tv_l/tv_r/av_l/av_r/x/y/theta/t_err: -0.00579 0.00000 -1.09089 -0.22082 0.17006 0.06178 -0.06314 0.06178 -0.06314 0 0 90.33186 -0.00579
fb: -0.02317 0.18652 0.13463 -0.14238
fb: -0.02317 0.17133 0.13463 -0.14238
final error was -2.02661
position: 0.11479 -1.69299 92.02661
took 1.06000 time to finish turn
increased kd to 12.80000
increased kd to 13.00000
increased kd to 13.20000
increased kd to 13.40000
increased kd to 13.60000
increased kd to 13.80000
increased kd to 14.00000
increased kd to 14.20000
increased kd to 14.40000
increased kd to 14.60000
increased kd to 14.80000
increased kd to 15.00000
increased kd to 15.20000
increased kd to 15.40000
increased kd to 15.60000
increased kd to 15.80000
increased kd to 16.00000
increased kd to 16.20000
increased kd to 16.40000
increased kd to 16.60000
increased kd to 16.80000
increased kd to 17.00000
increased kd to 17.20000
increased kd to 17.40000
increased kd to 17.60000
increased kd to 17.80000
increased kd to 18.00000
increased kd to 18.20000
increased kd to 18.40000
increased kd to 18.60000
increased kd to 18.80000
increased kd to 19.00000
increased kd to 19.20000
increased kd to 19.40000
increased kd to 19.60000
increased kd to 19.80000
increased kd to 20.00000
increased kd to 20.20000
increased kd to 20.40000
increased kd to 20.60000
increased kd to 20.80000
increased kd to 21.00000
increased kd to 21.20000
increased kd to 21.40000
increased kd to 21.60000
target: 0.00000 0.78486
dist/lin/ang/drive_left/drive_right/tv_l/tv_r/av_l/av_r/x/y/theta/t_err: 1.57080 0.00000 6.00000 0.00000 0.00000 0.00017 -0.00017 0.00017 -0.00017 0 0 -0.00044 1.57080
fb: 0.00000 0.00000 -0.56488 0.58547
fb: 0.00000 0.00000 -0.56488 0.58547
target: 0.00000 0.78486
dist/lin/ang/drive_left/drive_right/tv_l/tv_r/av_l/av_r/x/y/theta/t_err: 1.57080 0.00000 6.00000 0.00000 0.00000 -0.14717 0.08814 -0.14717 0.08814 0 0 -0.00005 1.57080
fb: 0.00000 0.00000 -0.56488 0.58547
fb: 0.00000 0.01623 -0.56488 0.58547
target: 0.00000 0.78486
dist/lin/ang/drive_left/drive_right/tv_l/tv_r/av_l/av_r/x/y/theta/t_err: 1.57079 0.00000 6.00000 -0.01623 0.01623 -0.48047 0.46403 -0.48047 0.46403 0 0 0.00052 1.57079
fb: 0.00000 0.05156 -0.56488 0.58547
fb: 0.00000 0.09664 -0.56488 0.58547
target: 0.00000 0.78486
dist/lin/ang/drive_left/drive_right/tv_l/tv_r/av_l/av_r/x/y/theta/t_err: 1.56689 0.00000 6.00000 -0.09664 0.09664 -0.53231 0.54514 -0.53231 0.54514 0 0 0.22367 1.56689
fb: 0.00000 0.13789 -0.56488 0.58547
fb: 0.00000 0.17412 -0.56488 0.58547
target: 0.00000 0.78486
dist/lin/ang/drive_left/drive_right/tv_l/tv_r/av_l/av_r/x/y/theta/t_err: 1.55056 0.00000 6.00000 -0.17412 0.17412 -0.53967 0.55733 -0.53967 0.55733 0 0 1.15940 1.55056
fb: 0.00000 0.21000 -0.56488 0.58547
fb: 0.00000 0.24972 -0.56488 0.58547
target: 0.00000 0.78486
dist/lin/ang/drive_left/drive_right/tv_l/tv_r/av_l/av_r/x/y/theta/t_err: 1.52269 0.00000 6.00000 -0.24972 0.24972 -0.54175 0.55644 -0.54175 0.55644 0 0 2.75657 1.52269
fb: 0.00000 0.28950 -0.56488 0.58547
fb: 0.00000 0.32553 -0.56488 0.58547
target: 0.00000 0.78486
dist/lin/ang/drive_left/drive_right/tv_l/tv_r/av_l/av_r/x/y/theta/t_err: 1.48313 0.00000 6.00000 -0.32553 0.32553 -0.54208 0.55936 -0.54208 0.55936 0 0 5.02287 1.48313
fb: 0.00000 0.36036 -0.56488 0.58547
fb: 0.00000 0.39750 -0.56488 0.58547
target: 0.00000 0.78486
dist/lin/ang/drive_left/drive_right/tv_l/tv_r/av_l/av_r/x/y/theta/t_err: 1.43216 0.00000 6.00000 -0.39750 0.39750 -0.53967 0.55953 -0.53967 0.55953 0 0 7.94317 1.43216
fb: 0.00000 0.43220 -0.56488 0.58547
fb: 0.00000 0.46258 -0.56488 0.58547
target: 0.00000 0.78486
dist/lin/ang/drive_left/drive_right/tv_l/tv_r/av_l/av_r/x/y/theta/t_err: 1.37022 0.00000 6.00000 -0.46258 0.46258 -0.54225 0.56125 -0.54225 0.56125 0 0 11.49200 1.37022
fb: 0.00000 0.49296 -0.56488 0.58547
fb: 0.00000 0.52208 -0.56488 0.58547
target: 0.00000 0.78486
dist/lin/ang/drive_left/drive_right/tv_l/tv_r/av_l/av_r/x/y/theta/t_err: 1.29854 0.00000 6.00000 -0.52208 0.52208 -0.54328 0.55986 -0.54328 0.55986 0 0 15.59941 1.29854
fb: 0.00000 0.54716 -0.56488 0.58547
fb: 0.00000 0.57636 -0.56488 0.58547
target: 0.00000 0.78486
dist/lin/ang/drive_left/drive_right/tv_l/tv_r/av_l/av_r/x/y/theta/t_err: 1.21802 0.00000 6.00000 -0.57636 0.57636 -0.54500 0.56056 -0.54500 0.56056 0 0 20.21265 1.21802
fb: 0.00000 0.60688 -0.56488 0.58547
fb: 0.00000 0.63342 -0.56488 0.58547
target: 0.00000 0.78486
dist/lin/ang/drive_left/drive_right/tv_l/tv_r/av_l/av_r/x/y/theta/t_err: 1.12896 0.00000 6.00000 -0.63342 0.63342 -0.54361 0.55917 -0.54361 0.55917 0 0 25.31533 1.12896
fb: -0.00397 0.66053 -0.56488 0.58547
fb: -0.02140 0.68596 -0.56488 0.58547
target: 0.00000 0.78486
dist/lin/ang/drive_left/drive_right/tv_l/tv_r/av_l/av_r/x/y/theta/t_err: 1.03126 0.00000 6.00000 -0.70736 0.66456 -0.54583 0.56192 -0.54583 0.56192 0 0 30.91304 1.03126
fb: -0.03883 0.70505 -0.56488 0.58547
fb: -0.05052 0.72560 -0.56488 0.58547
target: 0.00000 0.78486
dist/lin/ang/drive_left/drive_right/tv_l/tv_r/av_l/av_r/x/y/theta/t_err: 0.92595 0.00000 6.00000 -0.77613 0.67508 -0.55008 0.56208 -0.55008 0.56208 0 0 36.94682 0.92595
fb: -0.06200 0.74490 -0.56488 0.58547
fb: -0.06398 0.76163 -0.56488 0.58547
target: 0.00000 0.58731
dist/lin/ang/drive_left/drive_right/tv_l/tv_r/av_l/av_r/x/y/theta/t_err: 0.81452 0.00000 4.48980 -0.82561 0.69764 -0.54667 0.56056 -0.54667 0.56056 0 0 43.33156 0.81452
fb: -0.07170 0.77856 -0.43252 0.44916
fb: -0.08141 0.79667 -0.43252 0.44916
target: 0.00000 0.35158
dist/lin/ang/drive_left/drive_right/tv_l/tv_r/av_l/av_r/x/y/theta/t_err: 0.69763 0.00000 2.68774 -0.87808 0.71526 -0.51831 0.51489 -0.51831 0.51489 0 0 50.02853 0.69763
fb: -0.07766 0.81068 -0.27458 0.28651
fb: -0.07567 0.81744 -0.27458 0.28651
target: 0.00000 0.10827
dist/lin/ang/drive_left/drive_right/tv_l/tv_r/av_l/av_r/x/y/theta/t_err: 0.57548 0.00000 0.82772 -0.89311 0.74176 -0.42075 0.39200 -0.42075 0.39200 0 0 57.02714 0.57548
fb: -0.07567 0.81806 -0.11157 0.11863
fb: -0.07942 0.81332 -0.11157 0.11863
target: 0.00000 -0.12123
dist/lin/ang/drive_left/drive_right/tv_l/tv_r/av_l/av_r/x/y/theta/t_err: 0.45066 0.00000 -0.92676 -0.89275 0.73390 -0.28594 0.24589 -0.28594 0.24589 0 0 64.17885 0.45066
fb: -0.08913 0.80510 0.12025 -0.12757
fb: -0.09509 0.79618 0.12025 -0.12757
target: 0.00000 -0.32396
dist/lin/ang/drive_left/drive_right/tv_l/tv_r/av_l/av_r/x/y/theta/t_err: 0.32675 0.00000 -2.47659 -0.89127 0.70110 -0.11839 0.05972 -0.11839 0.05972 0 0 71.27887 0.32675
fb: -0.10855 0.78002 0.25608 -0.26745
fb: -0.11826 0.73654 0.25608 -0.26745
target: 0.00000 -0.50830
dist/lin/ang/drive_left/drive_right/tv_l/tv_r/av_l/av_r/x/y/theta/t_err: 0.20566 0.00000 -3.88581 -0.85480 0.61829 0.09839 -0.13722 0.09839 -0.13722 0 0 78.21673 0.20566
fb: -0.11826 0.68017 0.37959 -0.39465
fb: -0.13172 0.62618 0.37959 -0.39465
target: 0.00000 -0.61833
dist/lin/ang/drive_left/drive_right/tv_l/tv_r/av_l/av_r/x/y/theta/t_err: 0.09534 0.00000 -4.72696 -0.75790 0.49446 0.24383 -0.27258 0.24383 -0.27258 0 0 84.53720 0.09534
fb: -0.14364 0.57308 0.45331 -0.47057
fb: -0.14937 0.52563 0.45331 -0.47057
target: 0.00000 -0.65929
dist/lin/ang/drive_left/drive_right/tv_l/tv_r/av_l/av_r/x/y/theta/t_err: 0.00162 0.00000 -5.04005 -0.67501 0.37626 0.35386 -0.37008 0.35386 -0.37008 0 0 89.90706 0.00162
fb: -0.15313 0.47672 0.48075 -0.49883
fb: -0.13570 0.42453 0.48075 -0.49883
target: 0.00000 -0.68428
dist/lin/ang/drive_left/drive_right/tv_l/tv_r/av_l/av_r/x/y/theta/t_err: -0.07688 0.00000 -5.23114 -0.56023 0.28884 0.41033 -0.43528 0.41033 -0.43528 0 0 94.40513 -0.07688
fb: -0.12599 0.36775 0.49749 -0.51607
fb: -0.12621 0.30692 0.49749 -0.51607
target: 0.00000 -0.67901
dist/lin/ang/drive_left/drive_right/tv_l/tv_r/av_l/av_r/x/y/theta/t_err: -0.13965 0.00000 -5.19084 -0.43313 0.18071 0.42231 -0.45172 0.42231 -0.45172 0 0 98.00134 -0.13965
fb: -0.10856 0.24623 0.49396 -0.51244
fb: -0.10261 0.18394 0.49396 -0.51244
target: 0.00000 -0.62673
dist/lin/ang/drive_left/drive_right/tv_l/tv_r/av_l/av_r/x/y/theta/t_err: -0.18434 0.00000 -4.79117 -0.28655 0.08134 0.44797 -0.48014 0.44797 -0.48014 0 0 100.56183 -0.18434
fb: -0.10084 0.11928 0.45893 -0.47636
fb: -0.09709 0.05546 0.45893 -0.47636
target: 0.00000 -0.53571
dist/lin/ang/drive_left/drive_right/tv_l/tv_r/av_l/av_r/x/y/theta/t_err: -0.21001 0.00000 -4.09536 -0.15255 -0.04163 0.45583 -0.47003 0.45583 -0.47003 0 0 102.03267 -0.21001
fb: -0.09510 -0.01066 0.39795 -0.41356
fb: -0.07745 -0.07253 0.39795 -0.41356
target: 0.00000 -0.40673
dist/lin/ang/drive_left/drive_right/tv_l/tv_r/av_l/av_r/x/y/theta/t_err: -0.21599 0.00000 -3.10929 -0.00492 -0.14998 0.42503 -0.43925 0.42503 -0.43925 0 0 102.37539 -0.21599
fb: -0.06024 -0.12347 0.31153 -0.32456
fb: -0.05450 -0.16346 0.31153 -0.32456
target: 0.00000 -0.25128
dist/lin/ang/drive_left/drive_right/tv_l/tv_r/av_l/av_r/x/y/theta/t_err: -0.20306 0.00000 -1.92097 0.10896 -0.21796 0.37025 -0.38208 0.37025 -0.38208 0 0 101.63429 -0.20306
fb: -0.05031 -0.19697 0.20738 -0.21730
fb: -0.04832 -0.22240 0.20738 -0.21730
target: 0.00000 -0.11292
dist/lin/ang/drive_left/drive_right/tv_l/tv_r/av_l/av_r/x/y/theta/t_err: -0.17681 0.00000 -0.86323 0.17408 -0.27073 0.30544 -0.29089 0.30544 -0.29089 0 0 100.13022 -0.17681
fb: -0.05053 -0.24150 0.11468 -0.12183
fb: -0.04854 -0.25021 0.11468 -0.12183
target: 0.00000 0.00560
dist/lin/ang/drive_left/drive_right/tv_l/tv_r/av_l/av_r/x/y/theta/t_err: -0.14207 0.00000 0.04280 0.20166 -0.29875 0.19558 -0.19369 0.19558 -0.19369 0 0 98.14021 -0.14207
fb: -0.04656 -0.25278 -0.04182 0.04672
fb: -0.04082 -0.24993 -0.04182 0.04672
target: 0.00000 0.09533
dist/lin/ang/drive_left/drive_right/tv_l/tv_r/av_l/av_r/x/y/theta/t_err: -0.10378 0.00000 0.72875 0.20911 -0.29075 0.09822 -0.09100 0.09822 -0.09100 0 0 95.94644 -0.10378
fb: -0.03288 -0.24373 -0.10289 0.10969
fb: -0.03685 -0.23557 -0.10289 0.10969
target: 0.00000 0.15740
dist/lin/ang/drive_left/drive_right/tv_l/tv_r/av_l/av_r/x/y/theta/t_err: -0.06579 0.00000 1.20329 0.19872 -0.27242 -0.03458 0.03919 -0.03458 0.03919 0 0 93.76927 -0.06579
fb: -0.04259 -0.22666 -0.14448 0.15252
fb: -0.03861 -0.20770 -0.14448 0.15252
target: 0.00000 0.20160
dist/lin/ang/drive_left/drive_right/tv_l/tv_r/av_l/av_r/x/y/theta/t_err: -0.03006 0.00000 1.54114 0.16909 -0.24632 -0.08558 0.09719 -0.08558 0.09719 0 0 91.72257 -0.03006
fb: -0.02913 -0.17335 -0.17409 0.18302
fb: -0.01942 -0.13001 -0.17409 0.18302
target: 0.00000 0.21403
dist/lin/ang/drive_left/drive_right/tv_l/tv_r/av_l/av_r/x/y/theta/t_err: 0.00019 0.00000 1.63619 0.11060 -0.14943 -0.12442 0.14083 -0.12442 0.14083 0 0 89.98912 0.00019
fb: -0.01545 -0.08521 -0.18242 0.19160
fb: -0.01567 -0.03965 -0.18242 0.19160
final error was 1.05202
position: -0.14429 -1.25450 88.94798
took 0.70000 time to finish turn
increased kd to 21.80000
increased kd to 22.00000
increased kd to 22.20000
increased kd to 22.40000
increased kd to 22.60000
increased kd to 22.80000
increased kd to 23.00000
increased kd to 23.20000
increased kd to 23.40000
increased kd to 23.60000
increased kd to 23.80000
increased kd to 24.00000
increased kd to 24.20000
increased kd to 24.40000
increased kd to 24.60000
increased kd to 24.80000
increased kd to 25.00000
increased kd to 25.20000
increased kd to 25.40000
increased kd to 25.60000
increased kd to 25.80000
increased kd to 26.00000
increased kd to 26.20000
increased kd to 26.40000
increased kd to 26.60000
increased kd to 26.80000
increased kd to 27.00000
increased kd to 27.20000
increased kd to 27.40000
increased kd to 27.60000
increased kd to 27.80000
increased kd to 28.00000
increased kd to 28.20000
increased kd to 28.40000
increased kd to 28.60000
increased kd to 28.80000
target: 0.00000 0.78486
dist/lin/ang/drive_left/drive_right/tv_l/tv_r/av_l/av_r/x/y/theta/t_err: 1.57079 0.00000 6.00000 0.00000 0.00000 0.00000 0.00000 0.00000 0.00000 0 0 0.00032 1.57079
fb: 0.00000 0.00000 -0.56488 0.58547
fb: 0.00000 0.00000 -0.56488 0.58547
target: 0.00000 0.78486
dist/lin/ang/drive_left/drive_right/tv_l/tv_r/av_l/av_r/x/y/theta/t_err: 1.57080 0.00000 6.00000 0.00000 0.00000 -0.08231 0.02789 -0.08231 0.02789 0 0 -0.00012 1.57080
fb: 0.00000 0.00000 -0.56488 0.58547
fb: 0.00000 0.00564 -0.56488 0.58547
target: 0.00000 0.78486
dist/lin/ang/drive_left/drive_right/tv_l/tv_r/av_l/av_r/x/y/theta/t_err: 1.57080 0.00000 6.00000 -0.00564 0.00564 -0.44800 0.43806 -0.44800 0.43806 0 0 -0.00033 1.57080
fb: 0.00000 0.02787 -0.56488 0.58547
fb: -0.00397 0.06828 -0.56488 0.58547
target: 0.00000 0.78486
dist/lin/ang/drive_left/drive_right/tv_l/tv_r/av_l/av_r/x/y/theta/t_err: 1.56884 0.00000 6.00000 -0.07225 0.06431 -0.53097 0.53831 -0.53097 0.53831 0 0 0.11189 1.56884
fb: -0.00397 0.11037 -0.56488 0.58547
fb: 0.00000 0.15015 -0.56488 0.58547
target: 0.00000 0.78486
dist/lin/ang/drive_left/drive_right/tv_l/tv_r/av_l/av_r/x/y/theta/t_err: 1.55683 0.00000 6.00000 -0.15015 0.15015 -0.53983 0.55764 -0.53983 0.55764 0 0 0.80008 1.55683
fb: 0.00000 0.18589 -0.56488 0.58547
fb: 0.00000 0.22387 -0.56488 0.58547
target: 0.00000 0.78486
dist/lin/ang/drive_left/drive_right/tv_l/tv_r/av_l/av_r/x/y/theta/t_err: 1.53270 0.00000 6.00000 -0.22387 0.22387 -0.54156 0.55781 -0.54156 0.55781 0 0 2.18295 1.53270
fb: 0.00000 0.26421 -0.56488 0.58547
fb: 0.00000 0.29870 -0.56488 0.58547
target: 0.00000 0.78486
dist/lin/ang/drive_left/drive_right/tv_l/tv_r/av_l/av_r/x/y/theta/t_err: 1.49700 0.00000 6.00000 -0.29870 0.29870 -0.54311 0.56208 -0.54311 0.56208 0 0 4.22831 1.49700
fb: 0.00000 0.33040 -0.56488 0.58547
fb: 0.00000 0.36594 -0.56488 0.58547
target: 0.00000 0.78486
dist/lin/ang/drive_left/drive_right/tv_l/tv_r/av_l/av_r/x/y/theta/t_err: 1.45027 0.00000 6.00000 -0.36594 0.36594 -0.54053 0.55933 -0.54053 0.55933 0 0 6.90560 1.45027
fb: 0.00000 0.40224 -0.56488 0.58547
fb: -0.00375 0.43506 -0.56488 0.58547
target: 0.00000 0.78486
dist/lin/ang/drive_left/drive_right/tv_l/tv_r/av_l/av_r/x/y/theta/t_err: 1.39309 0.00000 6.00000 -0.43881 0.43130 -0.54019 0.55767 -0.54019 0.55767 0 0 10.18165 1.39309
fb: -0.00375 0.46738 -0.56488 0.58547
fb: 0.00000 0.49790 -0.56488 0.58547
target: 0.00000 0.78486
dist/lin/ang/drive_left/drive_right/tv_l/tv_r/av_l/av_r/x/y/theta/t_err: 1.32553 0.00000 6.00000 -0.49790 0.49790 -0.54119 0.55767 -0.54119 0.55767 0 0 14.05265 1.32553
fb: 0.00000 0.52556 -0.56488 0.58547
fb: 0.00000 0.55615 -0.56488 0.58547
target: 0.00000 0.78486
dist/lin/ang/drive_left/drive_right/tv_l/tv_r/av_l/av_r/x/y/theta/t_err: 1.24857 0.00000 6.00000 -0.55615 0.55615 -0.54242 0.56122 -0.54242 0.56122 0 0 18.46244 1.24857
fb: 0.00000 0.58500 -0.56488 0.58547
fb: 0.00000 0.61050 -0.56488 0.58547
target: 0.00000 0.78486
dist/lin/ang/drive_left/drive_right/tv_l/tv_r/av_l/av_r/x/y/theta/t_err: 1.16269 0.00000 6.00000 -0.61050 0.61050 -0.54411 0.56122 -0.54411 0.56122 0 0 23.38278 1.16269
fb: 0.00000 0.63677 -0.56488 0.58547
fb: 0.00000 0.66199 -0.56488 0.58547
target: 0.00000 0.78486
dist/lin/ang/drive_left/drive_right/tv_l/tv_r/av_l/av_r/x/y/theta/t_err: 1.06855 0.00000 6.00000 -0.66199 0.66199 -0.54669 0.56314 -0.54669 0.56314 0 0 28.77672 1.06855
fb: -0.00199 0.68261 -0.56488 0.58547
fb: -0.00199 0.70282 -0.56488 0.58547
target: 0.00000 0.67360
dist/lin/ang/drive_left/drive_right/tv_l/tv_r/av_l/av_r/x/y/theta/t_err: 0.96684 0.00000 5.14944 -0.70480 0.70083 -0.54942 0.56381 -0.54942 0.56381 0 0 34.60403 0.96684
fb: 0.00000 0.72344 -0.49033 0.50870
fb: -0.00375 0.74295 -0.49033 0.50870
target: 0.00000 0.43190
dist/lin/ang/drive_left/drive_right/tv_l/tv_r/av_l/av_r/x/y/theta/t_err: 0.85883 0.00000 3.30171 -0.74670 0.73920 -0.52497 0.56156 -0.52497 0.56156 0 0 40.79289 0.85883
fb: -0.02912 0.75995 -0.32839 0.34193
fb: -0.04655 0.77605 -0.32839 0.34193
target: 0.00000 0.18273
dist/lin/ang/drive_left/drive_right/tv_l/tv_r/av_l/av_r/x/y/theta/t_err: 0.74479 0.00000 1.39693 -0.82260 0.72950 -0.43647 0.47789 -0.43647 0.47789 0 0 47.32685 0.74479
fb: -0.04655 0.78692 -0.16145 0.17000
fb: -0.05449 0.78754 -0.16145 0.17000
target: 0.00000 -0.06216
dist/lin/ang/drive_left/drive_right/tv_l/tv_r/av_l/av_r/x/y/theta/t_err: 0.62602 0.00000 -0.47519 -0.84204 0.73305 -0.30972 0.33367 -0.30972 0.33367 0 0 54.13145 0.62602
fb: -0.06597 0.78490 0.08067 -0.08681
fb: -0.08141 0.77709 0.08067 -0.08681
target: 0.00000 -0.27832
dist/lin/ang/drive_left/drive_right/tv_l/tv_r/av_l/av_r/x/y/theta/t_err: 0.50584 0.00000 -2.12763 -0.85850 0.69568 -0.13858 0.14886 -0.13858 0.14886 0 0 61.01729 0.50584
fb: -0.08141 0.76476 0.22549 -0.23595
fb: -0.07369 0.75229 0.22549 -0.23595
target: 0.00000 -0.45816
dist/lin/ang/drive_left/drive_right/tv_l/tv_r/av_l/av_r/x/y/theta/t_err: 0.38773 0.00000 -3.50250 -0.82598 0.67860 0.08503 -0.08556 0.08503 -0.08556 0 0 67.78473 0.38773
fb: -0.08340 0.71571 0.34599 -0.36005
fb: -0.09311 0.66770 0.34599 -0.36005
target: 0.00000 -0.60306
dist/lin/ang/drive_left/drive_right/tv_l/tv_r/av_l/av_r/x/y/theta/t_err: 0.27452 0.00000 -4.61019 -0.76081 0.57460 0.21681 -0.23031 0.21681 -0.23031 0 0 74.27144 0.27452
fb: -0.10083 0.61559 0.44307 -0.46003
fb: -0.11826 0.56263 0.44307 -0.46003
target: 0.00000 -0.64824
dist/lin/ang/drive_left/drive_right/tv_l/tv_r/av_l/av_r/x/y/theta/t_err: 0.17443 0.00000 -4.95561 -0.68089 0.44437 0.32803 -0.33964 0.32803 -0.33964 0 0 80.00564 0.17443
fb: -0.12400 0.50452 0.47335 -0.49120
fb: -0.12996 0.44592 0.47335 -0.49120
target: 0.00000 -0.63579
dist/lin/ang/drive_left/drive_right/tv_l/tv_r/av_l/av_r/x/y/theta/t_err: 0.09068 0.00000 -4.86045 -0.57589 0.31596 0.38158 -0.41478 0.38158 -0.41478 0 0 84.80435 0.09068
fb: -0.12996 0.38747 0.46501 -0.48262
fb: -0.12599 0.32685 0.46501 -0.48262
target: 0.00000 -0.58020
dist/lin/ang/drive_left/drive_right/tv_l/tv_r/av_l/av_r/x/y/theta/t_err: 0.02466 0.00000 -4.43543 -0.45284 0.20086 0.40811 -0.44744 0.40811 -0.44744 0 0 88.58710 0.02466
fb: -0.12997 0.26881 0.42776 -0.44425
fb: -0.12026 0.21551 0.42776 -0.44425
target: 0.00000 -0.48949
dist/lin/ang/drive_left/drive_right/tv_l/tv_r/av_l/av_r/x/y/theta/t_err: -0.02316 0.00000 -3.74197 -0.33576 0.09525 0.41528 -0.44847 0.41528 -0.44847 0 0 91.32709 -0.02316
fb: -0.10856 0.16520 0.36698 -0.38166
fb: -0.10658 0.11406 0.36698 -0.38166
target: 0.00000 -0.38464
dist/lin/ang/drive_left/drive_right/tv_l/tv_r/av_l/av_r/x/y/theta/t_err: -0.05428 0.00000 -2.94041 -0.22064 0.00748 0.39628 -0.41339 0.39628 -0.41339 0 0 93.10982 -0.05428
fb: -0.09886 0.06090 0.29673 -0.30932
fb: -0.09510 0.00676 0.29673 -0.30932
target: 0.00000 -0.26282
dist/lin/ang/drive_left/drive_right/tv_l/tv_r/av_l/av_r/x/y/theta/t_err: -0.06969 0.00000 -2.00918 -0.10186 -0.08835 0.34017 -0.35775 0.34017 -0.35775 0 0 93.99323 -0.06969
fb: -0.09510 -0.04229 0.21511 -0.22526
fb: -0.08915 -0.08326 0.21511 -0.22526
target: 0.00000 -0.10932
dist/lin/ang/drive_left/drive_right/tv_l/tv_r/av_l/av_r/x/y/theta/t_err: -0.06895 0.00000 -0.83573 -0.00588 -0.17241 0.27036 -0.27769 0.27036 -0.27769 0 0 93.95048 -0.06895
fb: -0.08341 -0.11378 0.11227 -0.11935
fb: -0.06598 -0.13294 0.11227 -0.11935
target: 0.00000 0.03643
dist/lin/ang/drive_left/drive_right/tv_l/tv_r/av_l/av_r/x/y/theta/t_err: -0.05519 0.00000 0.27851 0.06696 -0.19892 0.19594 -0.19489 0.19594 -0.19489 0 0 93.16228 -0.05519
fb: -0.06201 -0.14284 -0.05724 0.06213
fb: -0.06002 -0.14486 -0.05724 0.06213
target: 0.00000 0.13546
dist/lin/ang/drive_left/drive_right/tv_l/tv_r/av_l/av_r/x/y/theta/t_err: -0.03461 0.00000 1.03555 0.08484 -0.20487 0.07600 -0.07581 0.07600 -0.07581 0 0 91.98294 -0.03461
fb: -0.05428 -0.14075 -0.12978 0.13738
fb: -0.06024 -0.13308 -0.12978 0.13738
target: 0.00000 0.18541
dist/lin/ang/drive_left/drive_right/tv_l/tv_r/av_l/av_r/x/y/theta/t_err: -0.01266 0.00000 1.41740 0.07284 -0.19332 -0.05681 0.06314 -0.05681 0.06314 0 0 90.72510 -0.01266
fb: -0.06024 -0.12458 -0.16325 0.17185
fb: -0.06002 -0.11573 -0.16325 0.17185
final error was 0.42717
position: -0.13850 -1.03089 89.57283
took 0.62000 time to finish turn
increased to 135.00000
target: 0.00000 0.78486
dist/lin/ang/drive_left/drive_right/tv_l/tv_r/av_l/av_r/x/y/theta/t_err: 2.35620 0.00000 6.00000 0.00000 0.00000 0.00017 0.00000 0.00017 0.00000 0 0 -0.00008 2.35620
fb: 0.00000 0.00000 -0.56488 0.58547
fb: 0.00000 0.00000 -0.56488 0.58547
target: 0.00000 0.78486
dist/lin/ang/drive_left/drive_right/tv_l/tv_r/av_l/av_r/x/y/theta/t_err: 2.35621 0.00000 6.00000 0.00000 0.00000 -0.08347 0.06486 -0.08347 0.06486 0 0 -0.00088 2.35621
fb: 0.00000 0.00000 -0.56488 0.58547
fb: 0.00000 0.00669 -0.56488 0.58547
target: 0.00000 0.78486
dist/lin/ang/drive_left/drive_right/tv_l/tv_r/av_l/av_r/x/y/theta/t_err: 2.35623 0.00000 6.00000 -0.00669 0.00669 -0.45036 0.45172 -0.45036 0.45172 0 0 -0.00188 2.35623
fb: 0.00000 0.04543 -0.56488 0.58547
fb: 0.00000 0.09455 -0.56488 0.58547
target: 0.00000 0.78486
dist/lin/ang/drive_left/drive_right/tv_l/tv_r/av_l/av_r/x/y/theta/t_err: 2.35330 0.00000 6.00000 -0.09455 0.09455 -0.52769 0.53847 -0.52769 0.53847 0 0 0.16565 2.35330
fb: 0.00000 0.13489 -0.56488 0.58547
fb: 0.00000 0.17287 -0.56488 0.58547
target: 0.00000 0.78486
dist/lin/ang/drive_left/drive_right/tv_l/tv_r/av_l/av_r/x/y/theta/t_err: 2.33757 0.00000 6.00000 -0.17287 0.17287 -0.54019 0.55817 -0.54019 0.55817 0 0 1.06738 2.33757
fb: 0.00000 0.21209 -0.56488 0.58547
fb: 0.00000 0.25313 -0.56488 0.58547
target: 0.00000 0.78486
dist/lin/ang/drive_left/drive_right/tv_l/tv_r/av_l/av_r/x/y/theta/t_err: 2.30971 0.00000 6.00000 -0.25313 0.25313 -0.54103 0.55919 -0.54103 0.55919 0 0 2.66341 2.30971
fb: 0.00000 0.29208 -0.56488 0.58547
fb: 0.00000 0.32803 -0.56488 0.58547
target: 0.00000 0.78486
dist/lin/ang/drive_left/drive_right/tv_l/tv_r/av_l/av_r/x/y/theta/t_err: 2.26966 0.00000 6.00000 -0.32803 0.32803 -0.54089 0.56039 -0.54089 0.56039 0 0 4.95810 2.26966
fb: 0.00000 0.36642 -0.56488 0.58547
fb: 0.00000 0.40287 -0.56488 0.58547
target: 0.00000 0.78486
dist/lin/ang/drive_left/drive_right/tv_l/tv_r/av_l/av_r/x/y/theta/t_err: 2.21814 0.00000 6.00000 -0.40287 0.40287 -0.54208 0.56192 -0.54208 0.56192 0 0 7.90971 2.21814
fb: 0.00000 0.43415 -0.56488 0.58547
fb: 0.00000 0.46634 -0.56488 0.58547
target: 0.00000 0.78486
dist/lin/ang/drive_left/drive_right/tv_l/tv_r/av_l/av_r/x/y/theta/t_err: 2.15560 0.00000 6.00000 -0.46634 0.46634 -0.54172 0.55936 -0.54172 0.55936 0 0 11.49344 2.15560
fb: 0.00000 0.49811 -0.56488 0.58547
fb: 0.00000 0.52905 -0.56488 0.58547
target: 0.00000 0.78486
dist/lin/ang/drive_left/drive_right/tv_l/tv_r/av_l/av_r/x/y/theta/t_err: 2.08332 0.00000 6.00000 -0.52905 0.52905 -0.54311 0.55986 -0.54311 0.55986 0 0 15.63452 2.08332
fb: 0.00000 0.56124 -0.56488 0.58547
fb: 0.00000 0.58974 -0.56488 0.58547
target: 0.00000 0.78486
dist/lin/ang/drive_left/drive_right/tv_l/tv_r/av_l/av_r/x/y/theta/t_err: 2.00141 0.00000 6.00000 -0.58974 0.58974 -0.54431 0.56225 -0.54431 0.56225 0 0 20.32750 2.00141
fb: 0.00000 0.61426 -0.56488 0.58547
fb: 0.00000 0.64074 -0.56488 0.58547
target: 0.00000 0.78486
dist/lin/ang/drive_left/drive_right/tv_l/tv_r/av_l/av_r/x/y/theta/t_err: 1.91062 0.00000 6.00000 -0.64074 0.64074 -0.54653 0.56397 -0.54653 0.56397 0 0 25.52937 1.91062
fb: 0.00000 0.66735 -0.56488 0.58547
fb: 0.00000 0.69063 -0.56488 0.58547
target: 0.00000 0.78486
dist/lin/ang/drive_left/drive_right/tv_l/tv_r/av_l/av_r/x/y/theta/t_err: 1.81190 0.00000 6.00000 -0.69063 0.69063 -0.54739 0.56294 -0.54739 0.56294 0 0 31.18575 1.81190
fb: 0.00000 0.71383 -0.56488 0.58547
fb: 0.00000 0.73382 -0.56488 0.58547
target: 0.00000 0.78486
dist/lin/ang/drive_left/drive_right/tv_l/tv_r/av_l/av_r/x/y/theta/t_err: 1.70575 0.00000 6.00000 -0.73382 0.73382 -0.54839 0.56503 -0.54839 0.56503 0 0 37.26769 1.70575
fb: 0.00000 0.75264 -0.56488 0.58547
fb: 0.00000 0.77319 -0.56488 0.58547
target: 0.00000 0.78486
dist/lin/ang/drive_left/drive_right/tv_l/tv_r/av_l/av_r/x/y/theta/t_err: 1.59310 0.00000 6.00000 -0.77319 0.77319 -0.54497 0.56344 -0.54497 0.56344 0 0 43.72224 1.59310
fb: 0.00000 0.78943 -0.56488 0.58547
fb: 0.00000 0.80747 -0.56488 0.58547
target: 0.00000 0.78486
dist/lin/ang/drive_left/drive_right/tv_l/tv_r/av_l/av_r/x/y/theta/t_err: 1.47465 0.00000 6.00000 -0.80747 0.80747 -0.54514 0.56072 -0.54514 0.56072 0 0 50.50889 1.47465
fb: 0.00000 0.82169 -0.56488 0.58547
fb: -0.01544 0.83611 -0.56488 0.58547
target: 0.00000 0.78486
dist/lin/ang/drive_left/drive_right/tv_l/tv_r/av_l/av_r/x/y/theta/t_err: 1.35095 0.00000 6.00000 -0.85155 0.82067 -0.54753 0.56039 -0.54753 0.56039 0 0 57.59622 1.35095
fb: -0.04258 0.84970 -0.56488 0.58547
fb: -0.05824 0.86147 -0.56488 0.58547
target: 0.00000 0.78486
dist/lin/ang/drive_left/drive_right/tv_l/tv_r/av_l/av_r/x/y/theta/t_err: 1.22290 0.00000 6.00000 -0.91971 0.80323 -0.54925 0.56294 -0.54925 0.56294 0 0 64.93325 1.22290
fb: -0.06972 0.87408 -0.56488 0.58547
fb: -0.08516 0.88648 -0.56488 0.58547
target: 0.00000 0.59795
dist/lin/ang/drive_left/drive_right/tv_l/tv_r/av_l/av_r/x/y/theta/t_err: 1.09093 0.00000 4.57117 -0.97164 0.80133 -0.55217 0.56450 -0.55217 0.56450 0 0 72.49453 1.09093
fb: -0.09509 0.89777 -0.43965 0.45651
fb: -0.09310 0.90871 -0.43965 0.45651
target: 0.00000 0.33297
dist/lin/ang/drive_left/drive_right/tv_l/tv_r/av_l/av_r/x/y/theta/t_err: 0.95515 0.00000 2.54542 -1.00181 0.81561 -0.52358 0.53747 -0.52358 0.53747 0 0 80.27402 0.95515
fb: -0.08913 0.91874 -0.26211 0.27366
fb: -0.09508 0.92383 -0.26211 0.27366
target: 0.00000 0.06600
dist/lin/ang/drive_left/drive_right/tv_l/tv_r/av_l/av_r/x/y/theta/t_err: 0.81596 0.00000 0.50454 -1.01892 0.82875 -0.41494 0.41239 -0.41494 0.41239 0 0 88.24879 0.81596
fb: -0.10479 0.91937 -0.08324 0.08946
fb: -0.11428 0.91247 -0.08324 0.08946
target: 0.00000 -0.18669
dist/lin/ang/drive_left/drive_right/tv_l/tv_r/av_l/av_r/x/y/theta/t_err: 0.67517 0.00000 -1.42717 -1.02675 0.79820 -0.27567 0.25511 -0.27567 0.25511 0 0 96.31547 0.67517
fb: -0.13369 0.90488 0.16410 -0.17273
fb: -0.16679 0.89129 0.16410 -0.17273
target: 0.00000 -0.40652
dist/lin/ang/drive_left/drive_right/tv_l/tv_r/av_l/av_r/x/y/theta/t_err: 0.53598 0.00000 -3.10774 -1.05808 0.72451 -0.09358 0.05458 -0.09358 0.05458 0 0 104.29063 0.53598
fb: -0.19392 0.86558 0.41805 -0.21776
fb: -0.14561 0.81827 0.31139 -0.32442
target: 0.00000 -0.59714
dist/lin/ang/drive_left/drive_right/tv_l/tv_r/av_l/av_r/x/y/theta/t_err: 0.40077 0.00000 -4.56491 -0.96388 0.67266 0.14325 -0.14508 0.14325 -0.14508 0 0 112.03740 0.40077
fb: -0.11053 0.76093 0.43910 -0.45594
fb: -0.15687 0.70665 0.43910 -0.45594
target: 0.00000 -0.68940
dist/lin/ang/drive_left/drive_right/tv_l/tv_r/av_l/av_r/x/y/theta/t_err: 0.27780 0.00000 -5.27022 -0.86352 0.54978 0.30783 -0.28800 0.30783 -0.28800 0 0 119.08309 0.27780
fb: -0.18048 0.65300 0.60018 -0.42034
fb: -0.17651 0.60492 0.50092 -0.51960
target: 0.00000 -0.70917
dist/lin/ang/drive_left/drive_right/tv_l/tv_r/av_l/av_r/x/y/theta/t_err: 0.17174 0.00000 -5.42138 -0.78143 0.42842 0.39797 -0.40228 0.39797 -0.40228 0 0 125.16024 0.17174
fb: -0.17828 0.55100 0.61222 -0.43519
fb: -0.18049 0.49463 0.61343 -0.43398
target: 0.00000 -0.71455
dist/lin/ang/drive_left/drive_right/tv_l/tv_r/av_l/av_r/x/y/theta/t_err: 0.08130 0.00000 -5.46254 -0.67511 0.31414 0.40244 -0.43733 0.40244 -0.43733 0 0 130.34179 0.08130
fb: -0.16306 0.43485 0.51777 -0.53696
fb: -0.13570 0.37618 0.51777 -0.53696
target: 0.00000 -0.67760
dist/lin/ang/drive_left/drive_right/tv_l/tv_r/av_l/av_r/x/y/theta/t_err: 0.00793 0.00000 -5.18005 -0.51188 0.24048 0.50100 -0.43922 0.50100 -0.43922 0 0 134.54539 0.00793
fb: -0.12401 0.32100 0.49302 -0.51146
fb: -0.11430 0.27083 0.49302 -0.51146
target: 0.00000 -0.60353
dist/lin/ang/drive_left/drive_right/tv_l/tv_r/av_l/av_r/x/y/theta/t_err: -0.04762 0.00000 -4.61380 -0.38513 0.15653 0.35881 -0.48681 0.35881 -0.48681 0 0 137.72814 -0.04762
fb: -0.14365 0.21544 0.44339 -0.46035
fb: -0.12026 0.15628 0.44339 -0.46035
target: 0.00000 -0.51724
dist/lin/ang/drive_left/drive_right/tv_l/tv_r/av_l/av_r/x/y/theta/t_err: -0.08695 0.00000 -3.95412 -0.27654 0.03602 0.43172 -0.47022 0.43172 -0.47022 0 0 139.98210 -0.08695
fb: -0.13570 0.09385 0.38557 -0.40081
fb: -0.17278 0.03226 0.38557 -0.40081
target: 0.00000 -0.38615
dist/lin/ang/drive_left/drive_right/tv_l/tv_r/av_l/av_r/x/y/theta/t_err: -0.10851 0.00000 -2.95200 -0.20504 -0.14052 0.41375 -0.42625 0.41375 -0.42625 0 0 141.21730 -0.10851
fb: -0.12600 -0.02055 0.29774 -0.31036
fb: -0.11055 -0.06947 0.29774 -0.31036
target: 0.00000 -0.21706
dist/lin/ang/drive_left/drive_right/tv_l/tv_r/av_l/av_r/x/y/theta/t_err: -0.11157 0.00000 -1.65932 -0.04108 -0.18002 0.35608 -0.36908 0.35608 -0.36908 0 0 141.39243 -0.11157
fb: -0.10084 -0.11378 0.18445 -0.19368
fb: -0.09488 -0.14925 0.18445 -0.19368
target: 0.00000 -0.05152
dist/lin/ang/drive_left/drive_right/tv_l/tv_r/av_l/av_r/x/y/theta/t_err: -0.09926 0.00000 -0.39389 0.05436 -0.24413 0.26847 -0.28061 0.26847 -0.28061 0 0 140.68696 -0.09926
fb: -0.08738 -0.17510 0.07354 -0.07947
fb: -0.08341 -0.19042 0.07354 -0.07947
target: 0.00000 0.09607
dist/lin/ang/drive_left/drive_right/tv_l/tv_r/av_l/av_r/x/y/theta/t_err: -0.07552 0.00000 0.73445 0.10702 -0.27383 0.16992 -0.17161 0.16992 -0.17161 0 0 139.32721 -0.07552
fb: -0.07546 -0.19544 -0.10339 0.11021
fb: -0.06796 -0.19453 -0.10339 0.11021
target: 0.00000 0.19659
dist/lin/ang/drive_left/drive_right/tv_l/tv_r/av_l/av_r/x/y/theta/t_err: -0.04635 0.00000 1.50286 0.12657 -0.26250 0.04225 -0.05061 0.04225 -0.05061 0 0 137.65550 -0.04635
fb: -0.07193 -0.18945 -0.17074 0.17956
fb: -0.07171 -0.18199 -0.17074 0.17956
target: 0.00000 0.25033
dist/lin/ang/drive_left/drive_right/tv_l/tv_r/av_l/av_r/x/y/theta/t_err: -0.01676 0.00000 1.91366 0.11028 -0.25371 -0.09547 0.09925 -0.09547 0.09925 0 0 135.96056 -0.01676
fb: -0.07171 -0.16868 -0.20674 0.21664
fb: -0.06200 -0.14646 -0.20674 0.21664
target: 0.00000 0.27544
dist/lin/ang/drive_left/drive_right/tv_l/tv_r/av_l/av_r/x/y/theta/t_err: 0.01058 0.00000 2.10562 0.08445 -0.20846 -0.16375 0.16206 -0.16375 0.16206 0 0 134.39361 0.01058
fb: -0.04060 -0.11371 -0.22356 0.23397
fb: -0.04082 -0.07309 -0.22356 0.23397
target: 0.00000 0.25182
dist/lin/ang/drive_left/drive_right/tv_l/tv_r/av_l/av_r/x/y/theta/t_err: 0.03165 0.00000 1.92510 0.03227 -0.11391 -0.18994 0.19761 -0.18994 0.19761 0 0 133.18657 0.03165
fb: -0.04281 -0.03184 -0.20774 0.21767
fb: -0.03089 0.00794 -0.20774 0.21767
target: 0.00000 0.15970
dist/lin/ang/drive_left/drive_right/tv_l/tv_r/av_l/av_r/x/y/theta/t_err: 0.04122 0.00000 1.22085 -0.03884 -0.02295 -0.20019 0.20672 -0.20019 0.20672 0 0 132.63820 0.04122
fb: -0.02317 0.03992 -0.14602 0.15411
fb: -0.01942 0.06131 -0.14602 0.15411
target: 0.00000 0.04370
dist/lin/ang/drive_left/drive_right/tv_l/tv_r/av_l/av_r/x/y/theta/t_err: 0.03889 0.00000 0.33406 -0.08073 0.04190 -0.17506 0.18325 -0.17506 0.18325 0 0 132.77161 0.03889
fb: -0.01545 0.07727 -0.06087 0.06577
fb: -0.01567 0.08661 -0.06087 0.06577
target: 0.00000 -0.04475
dist/lin/ang/drive_left/drive_right/tv_l/tv_r/av_l/av_r/x/y/theta/t_err: 0.02895 0.00000 -0.34207 -0.10227 0.07094 -0.11825 0.12253 -0.11825 0.12253 0 0 133.34105 0.02895
fb: -0.00794 0.09065 0.06140 -0.06629
fb: -0.00375 0.08946 0.06140 -0.06629
target: 0.00000 -0.09951
dist/lin/ang/drive_left/drive_right/tv_l/tv_r/av_l/av_r/x/y/theta/t_err: 0.01559 0.00000 -0.76070 -0.09321 0.08571 -0.03764 0.03817 -0.03764 0.03817 0 0 134.10649 0.01559
fb: -0.00772 0.08445 0.10569 -0.11258
fb: -0.00397 0.07783 0.10569 -0.11258
final error was 0.12097
position: 0.92747 -1.52015 134.87903
took 0.86000 time to finish turn
increased kd to 29.00000
increased kd to 29.20000
increased kd to 29.40000
increased kd to 29.60000
increased kd to 29.80000
increased kd to 30.00000
increased kd to 30.20000
increased kd to 30.40000
increased kd to 30.60000
increased kd to 30.80000
increased kd to 31.00000
target: 0.00000 0.78486
dist/lin/ang/drive_left/drive_right/tv_l/tv_r/av_l/av_r/x/y/theta/t_err: 2.35620 0.00000 6.00000 0.00000 0.00000 -0.00017 -0.00017 -0.00017 -0.00017 0 0 -0.00027 2.35620
fb: 0.00000 0.00000 -0.56488 0.58547
fb: 0.00000 0.00000 -0.56488 0.58547
target: 0.00000 0.78486
dist/lin/ang/drive_left/drive_right/tv_l/tv_r/av_l/av_r/x/y/theta/t_err: 2.35619 0.00000 6.00000 0.00000 0.00000 -0.04653 0.02703 -0.04653 0.02703 0 0 -0.00000 2.35619
fb: 0.00000 0.00000 -0.56488 0.58547
fb: 0.00000 0.01101 -0.56488 0.58547
target: 0.00000 0.78486
dist/lin/ang/drive_left/drive_right/tv_l/tv_r/av_l/av_r/x/y/theta/t_err: 2.35618 0.00000 6.00000 -0.01101 0.01101 -0.42539 0.44197 -0.42539 0.44197 0 0 0.00055 2.35618
fb: 0.00375 0.04724 -0.56488 0.58547
fb: 0.00375 0.09518 -0.56488 0.58547
target: 0.00000 0.78486
dist/lin/ang/drive_left/drive_right/tv_l/tv_r/av_l/av_r/x/y/theta/t_err: 2.35286 0.00000 6.00000 -0.09143 0.09893 -0.53008 0.53628 -0.53008 0.53628 0 0 0.19112 2.35286
fb: 0.00000 0.13580 -0.56488 0.58547
fb: 0.00000 0.17356 -0.56488 0.58547
target: 0.00000 0.78486
dist/lin/ang/drive_left/drive_right/tv_l/tv_r/av_l/av_r/x/y/theta/t_err: 2.33699 0.00000 6.00000 -0.17356 0.17356 -0.53969 0.55628 -0.53969 0.55628 0 0 1.10053 2.33699
fb: 0.00000 0.21154 -0.56488 0.58547
fb: 0.00000 0.24909 -0.56488 0.58547
target: 0.00000 0.78486
dist/lin/ang/drive_left/drive_right/tv_l/tv_r/av_l/av_r/x/y/theta/t_err: 2.30906 0.00000 6.00000 -0.24909 0.24909 -0.54294 0.55783 -0.54294 0.55783 0 0 2.70039 2.30906
fb: 0.00000 0.28860 -0.56488 0.58547
fb: 0.00000 0.32769 -0.56488 0.58547
target: 0.00000 0.78486
dist/lin/ang/drive_left/drive_right/tv_l/tv_r/av_l/av_r/x/y/theta/t_err: 2.26955 0.00000 6.00000 -0.32769 0.32769 -0.53933 0.55764 -0.53933 0.55764 0 0 4.96438 2.26955
fb: 0.00000 0.36329 -0.56488 0.58547
fb: 0.00000 0.39659 -0.56488 0.58547
target: 0.00000 0.78486
dist/lin/ang/drive_left/drive_right/tv_l/tv_r/av_l/av_r/x/y/theta/t_err: 2.21826 0.00000 6.00000 -0.39659 0.39659 -0.54239 0.55903 -0.54239 0.55903 0 0 7.90333 2.21826
fb: 0.00199 0.43074 -0.56488 0.58547
fb: 0.00199 0.46404 -0.56488 0.58547
target: 0.00000 0.78486
dist/lin/ang/drive_left/drive_right/tv_l/tv_r/av_l/av_r/x/y/theta/t_err: 2.15648 0.00000 6.00000 -0.46205 0.46603 -0.54142 0.55800 -0.54142 0.55800 0 0 11.44254 2.15648
fb: 0.00000 0.49672 -0.56488 0.58547
fb: 0.00000 0.52745 -0.56488 0.58547
target: 0.00000 0.78486
dist/lin/ang/drive_left/drive_right/tv_l/tv_r/av_l/av_r/x/y/theta/t_err: 2.08446 0.00000 6.00000 -0.52745 0.52745 -0.54103 0.55733 -0.54103 0.55733 0 0 15.56907 2.08446
fb: 0.00000 0.55371 -0.56488 0.58547
fb: 0.00000 0.57859 -0.56488 0.58547
target: 0.00000 0.78486
dist/lin/ang/drive_left/drive_right/tv_l/tv_r/av_l/av_r/x/y/theta/t_err: 2.00310 0.00000 6.00000 -0.57859 0.57859 -0.54553 0.56108 -0.54553 0.56108 0 0 20.23088 2.00310
fb: 0.00000 0.60506 -0.56488 0.58547
fb: 0.00000 0.63286 -0.56488 0.58547
target: 0.00000 0.78486
dist/lin/ang/drive_left/drive_right/tv_l/tv_r/av_l/av_r/x/y/theta/t_err: 1.91382 0.00000 6.00000 -0.63286 0.63286 -0.54567 0.56208 -0.54567 0.56208 0 0 25.34629 1.91382
fb: 0.00000 0.65851 -0.56488 0.58547
fb: 0.00000 0.68477 -0.56488 0.58547
target: 0.00000 0.78486
dist/lin/ang/drive_left/drive_right/tv_l/tv_r/av_l/av_r/x/y/theta/t_err: 1.81632 0.00000 6.00000 -0.68477 0.68477 -0.54703 0.56175 -0.54703 0.56175 0 0 30.93231 1.81632
fb: 0.00199 0.70777 -0.56488 0.58547
fb: 0.00199 0.72637 -0.56488 0.58547
target: 0.00000 0.78486
dist/lin/ang/drive_left/drive_right/tv_l/tv_r/av_l/av_r/x/y/theta/t_err: 1.71105 0.00000 6.00000 -0.72438 0.72836 -0.55047 0.56433 -0.55047 0.56433 0 0 36.96397 1.71105
fb: 0.00000 0.74727 -0.56488 0.58547
fb: 0.00000 0.76727 -0.56488 0.58547
target: 0.00000 0.78486
dist/lin/ang/drive_left/drive_right/tv_l/tv_r/av_l/av_r/x/y/theta/t_err: 1.59937 0.00000 6.00000 -0.76727 0.76727 -0.54892 0.56294 -0.54892 0.56294 0 0 43.36275 1.59937
fb: 0.00000 0.78469 -0.56488 0.58547
fb: 0.00000 0.80315 -0.56488 0.58547
target: 0.00000 0.78486
dist/lin/ang/drive_left/drive_right/tv_l/tv_r/av_l/av_r/x/y/theta/t_err: 1.48158 0.00000 6.00000 -0.80315 0.80315 -0.54633 0.56122 -0.54633 0.56122 0 0 50.11191 1.48158
fb: -0.01941 0.81834 -0.56488 0.58547
fb: -0.03684 0.83249 -0.56488 0.58547
target: 0.00000 0.78486
dist/lin/ang/drive_left/drive_right/tv_l/tv_r/av_l/av_r/x/y/theta/t_err: 1.35842 0.00000 6.00000 -0.86933 0.79564 -0.54736 0.56208 -0.54736 0.56208 0 0 57.16853 1.35842
fb: -0.05052 0.84816 -0.56488 0.58547
fb: -0.06023 0.86189 -0.56488 0.58547
target: 0.00000 0.78079
dist/lin/ang/drive_left/drive_right/tv_l/tv_r/av_l/av_r/x/y/theta/t_err: 1.23060 0.00000 5.96889 -0.92212 0.80166 -0.54875 0.56261 -0.54875 0.56261 0 0 64.49191 1.23060
fb: -0.06597 0.87596 -0.56215 0.58266
fb: -0.08714 0.88739 -0.56215 0.58266
target: 0.00000 0.51276
dist/lin/ang/drive_left/drive_right/tv_l/tv_r/av_l/av_r/x/y/theta/t_err: 1.09835 0.00000 3.91989 -0.97453 0.80025 -0.55217 0.56483 -0.55217 0.56483 0 0 72.06891 1.09835
fb: -0.09111 0.89735 -0.38257 0.39772
fb: -0.09509 0.90613 -0.38257 0.39772
target: 0.00000 0.24444
dist/lin/ang/drive_left/drive_right/tv_l/tv_r/av_l/av_r/x/y/theta/t_err: 0.96229 0.00000 1.86869 -1.00122 0.81105 -0.51694 0.54394 -0.51694 0.54394 0 0 79.86474 0.96229
fb: -0.10259 0.91129 -0.20280 0.21258
fb: -0.11251 0.90801 -0.20280 0.21258
target: 0.00000 -0.01766
dist/lin/ang/drive_left/drive_right/tv_l/tv_r/av_l/av_r/x/y/theta/t_err: 0.82348 0.00000 -0.13502 -1.02053 0.79550 -0.37744 0.38500 -0.37744 0.38500 0 0 87.81807 0.82348
fb: -0.11847 0.90014 0.04785 -0.05275
fb: -0.14141 0.89136 0.04785 -0.05275
target: 0.00000 -0.24995
dist/lin/ang/drive_left/drive_right/tv_l/tv_r/av_l/av_r/x/y/theta/t_err: 0.68483 0.00000 -1.91080 -1.03278 0.74995 -0.19317 0.21747 -0.19317 0.21747 0 0 95.76196 0.68483
fb: -0.17451 0.87778 0.20649 -0.21638
fb: -0.16304 0.85004 0.20649 -0.21638
target: 0.00000 -0.45162
dist/lin/ang/drive_left/drive_right/tv_l/tv_r/av_l/av_r/x/y/theta/t_err: 0.54892 0.00000 -3.45249 -1.01308 0.68701 0.04447 -0.03286 0.04447 -0.03286 0 0 103.54939 0.54892
fb: -0.13568 0.80315 0.34161 -0.35553
fb: -0.12201 0.74999 0.34161 -0.35553
target: 0.00000 -0.58811
dist/lin/ang/drive_left/drive_right/tv_l/tv_r/av_l/av_r/x/y/theta/t_err: 0.42085 0.00000 -4.49593 -0.87200 0.62798 0.19781 -0.19164 0.19781 -0.19164 0 0 110.88690 0.42085
fb: -0.13569 0.69857 0.43306 -0.44971
fb: -0.14738 0.64339 0.43306 -0.44971
target: 0.00000 -0.62573
dist/lin/ang/drive_left/drive_right/tv_l/tv_r/av_l/av_r/x/y/theta/t_err: 0.30788 0.00000 -4.78352 -0.79077 0.49600 0.31453 -0.32322 0.31453 -0.32322 0 0 117.35963 0.30788
fb: -0.14165 0.58402 0.45826 -0.47567
fb: -0.13592 0.51901 0.45826 -0.47567
target: 0.00000 -0.61942
dist/lin/ang/drive_left/drive_right/tv_l/tv_r/av_l/av_r/x/y/theta/t_err: 0.21157 0.00000 -4.73523 -0.65493 0.38310 0.36103 -0.39869 0.36103 -0.39869 0 0 122.87810 0.21157
fb: -0.13768 0.45331 0.45403 -0.47131
fb: -0.13945 0.39234 0.45403 -0.47131
target: 0.00000 -0.55401
dist/lin/ang/drive_left/drive_right/tv_l/tv_r/av_l/av_r/x/y/theta/t_err: 0.13453 0.00000 -4.23523 -0.53179 0.25289 0.41425 -0.43822 0.41425 -0.43822 0 0 127.29218 0.13453
fb: -0.14342 0.33521 0.41021 -0.42618
fb: -0.14938 0.28003 0.41021 -0.42618
target: 0.00000 -0.45901
dist/lin/ang/drive_left/drive_right/tv_l/tv_r/av_l/av_r/x/y/theta/t_err: 0.07651 0.00000 -3.50898 -0.42941 0.13064 0.41617 -0.44025 0.41617 -0.44025 0 0 130.61608 0.07651
fb: -0.14166 0.22282 0.34656 -0.36063
fb: -0.13394 0.16813 0.34656 -0.36063
target: 0.00000 -0.35226
dist/lin/ang/drive_left/drive_right/tv_l/tv_r/av_l/av_r/x/y/theta/t_err: 0.03581 0.00000 -2.69294 -0.30207 0.03419 0.38072 -0.40228 0.38072 -0.40228 0 0 132.94845 0.03581
fb: -0.12997 0.11434 0.27504 -0.28698
fb: -0.11430 0.06138 0.27504 -0.28698
target: 0.00000 -0.22068
dist/lin/ang/drive_left/drive_right/tv_l/tv_r/av_l/av_r/x/y/theta/t_err: 0.01204 0.00000 -1.68700 -0.17569 -0.05292 0.31311 -0.34169 0.31311 -0.34169 0 0 134.31043 0.01204
fb: -0.09886 0.00975 0.18688 -0.19618
fb: -0.09312 -0.03916 0.18688 -0.19618
final error was 0.26138
position: 0.42360 -1.15751 134.73862
took 0.62000 time to finish turn
increased kp to 13.00000
increased kp to 13.10000
increased kd to 31.20000
increased kp to 13.20000
increased kd to 31.40000
increased kp to 13.30000
increased kd to 31.60000
increased kp to 13.40000
increased kd to 31.80000
increased kp to 13.50000
increased kd to 32.00000
increased kp to 13.60000
increased kd to 32.20000
increased kp to 13.70000
increased kd to 32.40000
increased kp to 13.80000
increased kd to 32.60000
increased kp to 13.90000
increased kd to 32.80000
increased kp to 14.00000
increased kd to 33.00000
increased kp to 14.10000
increased kp to 14.20000
increased kd to 33.20000
increased kp to 14.30000
increased kd to 33.40000
increased kp to 14.40000
increased kd to 33.60000
increased kp to 14.50000
increased kd to 33.80000
increased kp to 14.60000
increased kd to 34.00000
increased kp to 14.70000
increased kd to 34.20000
increased kp to 14.80000
increased kd to 34.40000
increased kp to 14.90000
increased kd to 34.60000
increased kp to 15.00000
increased kd to 34.80000
increased kd to 35.00000
increased kp to 15.10000
increased kd to 35.20000
increased kp to 15.20000
increased kp to 15.30000
increased kd to 35.40000
increased kp to 15.40000
increased kp to 15.50000
increased kd to 35.60000
increased kd to 35.80000
increased kp to 15.60000
increased kd to 36.00000
increased kp to 15.70000
increased kd to 36.20000
increased kp to 15.80000
increased kp to 15.90000
increased kd to 36.40000
increased kp to 16.00000
increased kd to 36.60000
increased kd to 36.80000
increased kp to 16.10000
increased kp to 16.20000
increased kd to 37.00000
increased kp to 16.30000
increased kd to 37.20000
increased kp to 16.40000
increased kd to 37.40000
increased kp to 16.50000
increased kd to 37.60000
increased kd to 37.80000
increased kp to 16.60000
increased kp to 16.70000
increased kd to 38.00000
increased kd to 38.20000
increased kp to 16.80000
increased kd to 38.40000
increased kp to 16.90000
increased kp to 17.00000
increased kd to 38.60000
increased kp to 17.10000
increased kd to 38.80000
increased kp to 17.20000
increased kp to 17.30000
increased kd to 39.00000
increased kp to 17.40000
increased kd to 39.20000
increased kp to 17.50000
increased kd to 39.40000
increased kp to 17.60000
increased kd to 39.60000
increased kp to 17.70000
increased kd to 39.80000
increased kp to 17.80000
increased kd to 40.00000
increased kp to 17.90000
increased kd to 40.20000
increased kp to 18.00000
increased kp to 18.10000
increased kd to 40.40000
increased kd to 40.60000
increased kp to 18.20000
increased kd to 40.80000
increased kp to 18.30000
increased kd to 41.00000
increased kp to 18.40000
increased kd to 41.20000
increased kp to 18.50000
increased kd to 41.40000
increased kp to 18.60000
increased kd to 41.60000
increased kp to 18.70000
decreased to 90.00000
target: 0.00000 0.78486
dist/lin/ang/drive_left/drive_right/tv_l/tv_r/av_l/av_r/x/y/theta/t_err: 1.57080 0.00000 6.00000 0.00000 0.00000 0.00000 -0.00033 0.00000 -0.00033 0 0 -0.00005 1.57080
fb: 0.00000 0.00000 -0.56488 0.58547
fb: 0.00000 0.00000 -0.56488 0.58547
target: 0.00000 0.78486
dist/lin/ang/drive_left/drive_right/tv_l/tv_r/av_l/av_r/x/y/theta/t_err: 1.57080 0.00000 6.00000 0.00000 0.00000 0.00000 0.08775 0.00000 0.08775 0 0 -0.00031 1.57080
fb: 0.00000 0.00000 -0.56488 0.58547
fb: 0.00000 0.00125 -0.56488 0.58547
target: 0.00000 0.78486
dist/lin/ang/drive_left/drive_right/tv_l/tv_r/av_l/av_r/x/y/theta/t_err: 1.57080 0.00000 6.00000 -0.00125 0.00125 -0.43306 0.45600 -0.43306 0.45600 0 0 0.00002 1.57080
fb: 0.00000 0.02209 -0.56488 0.58547
fb: 0.00000 0.06515 -0.56488 0.58547
target: 0.00000 0.78486
dist/lin/ang/drive_left/drive_right/tv_l/tv_r/av_l/av_r/x/y/theta/t_err: 1.56951 0.00000 6.00000 -0.06515 0.06515 -0.52803 0.53900 -0.52803 0.53900 0 0 0.07357 1.56951
fb: 0.00000 0.11162 -0.56488 0.58547
fb: 0.00000 0.14771 -0.56488 0.58547
target: 0.00000 0.78486
dist/lin/ang/drive_left/drive_right/tv_l/tv_r/av_l/av_r/x/y/theta/t_err: 1.55780 0.00000 6.00000 -0.14771 0.14771 -0.53903 0.55881 -0.53903 0.55881 0 0 0.74462 1.55780
fb: 0.00000 0.18729 -0.56488 0.58547
fb: 0.00000 0.22735 -0.56488 0.58547
target: 0.00000 0.78486
dist/lin/ang/drive_left/drive_right/tv_l/tv_r/av_l/av_r/x/y/theta/t_err: 1.53368 0.00000 6.00000 -0.22735 0.22735 -0.54208 0.55767 -0.54208 0.55767 0 0 2.12665 1.53368
fb: 0.00000 0.26428 -0.56488 0.58547
fb: 0.00000 0.30100 -0.56488 0.58547
target: 0.00000 0.78486
dist/lin/ang/drive_left/drive_right/tv_l/tv_r/av_l/av_r/x/y/theta/t_err: 1.49762 0.00000 6.00000 -0.30100 0.30100 -0.54036 0.55731 -0.54036 0.55731 0 0 4.19267 1.49762
fb: 0.00574 0.33995 -0.56488 0.58547
fb: 0.01346 0.37660 -0.56488 0.58547
target: 0.00000 0.78486
dist/lin/ang/drive_left/drive_right/tv_l/tv_r/av_l/av_r/x/y/theta/t_err: 1.45020 0.00000 6.00000 -0.36314 0.39006 -0.54189 0.55953 -0.54189 0.55953 0 0 6.90950 1.45020
fb: 0.02317 0.40935 -0.56488 0.58547
fb: 0.02339 0.44154 -0.56488 0.58547
target: 0.00000 0.78486
dist/lin/ang/drive_left/drive_right/tv_l/tv_r/av_l/av_r/x/y/theta/t_err: 1.39157 0.00000 6.00000 -0.41815 0.46492 -0.54175 0.55903 -0.54175 0.55903 0 0 10.26880 1.39157
fb: 0.01169 0.47226 -0.56488 0.58547
fb: 0.00772 0.50146 -0.56488 0.58547
target: 0.00000 0.78486
dist/lin/ang/drive_left/drive_right/tv_l/tv_r/av_l/av_r/x/y/theta/t_err: 1.32309 0.00000 6.00000 -0.49373 0.50918 -0.54278 0.55986 -0.54278 0.55986 0 0 14.19259 1.32309
fb: 0.00397 0.53323 -0.56488 0.58547
fb: 0.00000 0.56403 -0.56488 0.58547
target: 0.00000 0.78486
dist/lin/ang/drive_left/drive_right/tv_l/tv_r/av_l/av_r/x/y/theta/t_err: 1.24538 0.00000 6.00000 -0.56403 0.56403 -0.54344 0.56092 -0.54344 0.56092 0 0 18.64478 1.24538
fb: 0.00000 0.58994 -0.56488 0.58547
fb: 0.00000 0.61761 -0.56488 0.58547
target: 0.00000 0.78486
dist/lin/ang/drive_left/drive_right/tv_l/tv_r/av_l/av_r/x/y/theta/t_err: 1.15843 0.00000 6.00000 -0.61761 0.61761 -0.54481 0.56175 -0.54481 0.56175 0 0 23.62694 1.15843
fb: 0.00000 0.64436 -0.56488 0.58547
fb: 0.00000 0.66659 -0.56488 0.58547
target: 0.00000 0.78486
dist/lin/ang/drive_left/drive_right/tv_l/tv_r/av_l/av_r/x/y/theta/t_err: 1.06326 0.00000 6.00000 -0.66659 0.66659 -0.54839 0.56400 -0.54839 0.56400 0 0 29.07994 1.06326
fb: 0.00000 0.68874 -0.56488 0.58547
fb: 0.00000 0.71104 -0.56488 0.58547
target: 0.00000 0.78486
dist/lin/ang/drive_left/drive_right/tv_l/tv_r/av_l/av_r/x/y/theta/t_err: 0.96073 0.00000 6.00000 -0.71104 0.71104 -0.54500 0.56294 -0.54500 0.56294 0 0 34.95424 0.96073
fb: 0.00199 0.72895 -0.56488 0.58547
fb: 0.00199 0.74720 -0.56488 0.58547
target: 0.00000 0.59982
dist/lin/ang/drive_left/drive_right/tv_l/tv_r/av_l/av_r/x/y/theta/t_err: 0.85168 0.00000 4.58540 -0.74522 0.74919 -0.54483 0.55967 -0.54483 0.55967 0 0 41.20225 0.85168
fb: 0.00000 0.76602 -0.44090 0.45779
fb: 0.00000 0.78211 -0.44090 0.45779
target: 0.00000 0.24044
dist/lin/ang/drive_left/drive_right/tv_l/tv_r/av_l/av_r/x/y/theta/t_err: 0.73686 0.00000 1.83805 -0.78211 0.78211 -0.50856 0.51625 -0.50856 0.51625 0 0 47.78094 0.73686
fb: 0.00000 0.79744 -0.20012 0.20982
fb: -0.00971 0.80852 -0.20012 0.20982
target: 0.00000 -0.12239
dist/lin/ang/drive_left/drive_right/tv_l/tv_r/av_l/av_r/x/y/theta/t_err: 0.61694 0.00000 -0.93564 -0.81822 0.79881 -0.40139 0.37456 -0.40139 0.37456 0 0 54.65221 0.61694
fb: -0.03883 0.81339 0.12103 -0.12837
fb: -0.06023 0.80970 0.12103 -0.12837
target: 0.00000 -0.47453
dist/lin/ang/drive_left/drive_right/tv_l/tv_r/av_l/av_r/x/y/theta/t_err: 0.49335 0.00000 -3.62760 -0.86993 0.74947 -0.17283 0.14614 -0.17283 0.14614 0 0 61.73330 0.49335
fb: -0.06398 0.80287 0.35696 -0.37134
fb: -0.07170 0.79437 0.35696 -0.37134
target: 0.00000 -0.77308
dist/lin/ang/drive_left/drive_right/tv_l/tv_r/av_l/av_r/x/y/theta/t_err: 0.36999 0.00000 -5.90992 -0.86608 0.72267 0.12389 -0.15656 0.12389 -0.15656 0 0 68.80095 0.36999
fb: -0.07567 0.76330 0.55698 -0.57734
fb: -0.07170 0.71564 0.55698 -0.57734
target: 0.00000 -0.78486
dist/lin/ang/drive_left/drive_right/tv_l/tv_r/av_l/av_r/x/y/theta/t_err: 0.25010 0.00000 -6.00000 -0.78734 0.64394 0.32064 -0.35314 0.32064 -0.35314 0 0 75.67024 0.25010
fb: -0.06795 0.65920 0.56488 -0.58547
fb: -0.07766 0.60270 0.56488 -0.58547
target: 0.00000 -0.78486
dist/lin/ang/drive_left/drive_right/tv_l/tv_r/av_l/av_r/x/y/theta/t_err: 0.14293 0.00000 -6.00000 -0.68036 0.52503 0.46217 -0.45003 0.46217 -0.45003 0 0 81.81095 0.14293
fb: -0.09112 0.54472 0.56488 -0.58547
fb: -0.11054 0.49059 0.56488 -0.58547
target: 0.00000 -0.78486
dist/lin/ang/drive_left/drive_right/tv_l/tv_r/av_l/av_r/x/y/theta/t_err: 0.05299 0.00000 -6.00000 -0.60113 0.38004 0.49911 -0.50889 0.49911 -0.50889 0 0 86.96415 0.05299
fb: -0.12400 0.43276 0.56488 -0.58547
fb: -0.12599 0.36803 0.56488 -0.58547
target: 0.00000 -0.78486
dist/lin/ang/drive_left/drive_right/tv_l/tv_r/av_l/av_r/x/y/theta/t_err: -0.01977 0.00000 -6.00000 -0.49402 0.24204 0.53317 -0.55167 0.53317 -0.55167 0 0 91.13289 -0.01977
fb: -0.12798 0.30574 0.56488 -0.58547
fb: -0.11253 0.24658 0.56488 -0.58547
target: 0.00000 -0.78486
dist/lin/ang/drive_left/drive_right/tv_l/tv_r/av_l/av_r/x/y/theta/t_err: -0.07374 0.00000 -6.00000 -0.35912 0.13405 0.53900 -0.55936 0.53900 -0.55936 0 0 94.22510 -0.07374
fb: -0.10283 0.18687 0.56488 -0.58547
fb: -0.11430 0.13106 0.56488 -0.58547
target: 0.00000 -0.74941
dist/lin/ang/drive_left/drive_right/tv_l/tv_r/av_l/av_r/x/y/theta/t_err: -0.10919 0.00000 -5.72903 -0.24536 0.01676 0.53936 -0.56139 0.53936 -0.56139 0 0 96.25639 -0.10919
fb: -0.11452 0.07776 0.54113 -0.56101
fb: -0.10283 0.02237 0.54113 -0.56101
target: 0.00000 -0.55680
dist/lin/ang/drive_left/drive_right/tv_l/tv_r/av_l/av_r/x/y/theta/t_err: -0.12724 0.00000 -4.25654 -0.12519 -0.08046 0.53489 -0.52739 0.53489 -0.52739 0 0 97.29052 -0.12724
fb: -0.09312 -0.03289 0.41208 -0.42811
fb: -0.08937 -0.08250 0.41208 -0.42811
target: 0.00000 -0.33277
dist/lin/ang/drive_left/drive_right/tv_l/tv_r/av_l/av_r/x/y/theta/t_err: -0.12858 0.00000 -2.54392 -0.00687 -0.17186 0.49108 -0.49142 0.49108 -0.49142 0 0 97.36732 -0.12858
fb: -0.09113 -0.13071 0.26198 -0.27353
fb: -0.08319 -0.17294 0.26198 -0.27353
target: 0.00000 -0.08255
dist/lin/ang/drive_left/drive_right/tv_l/tv_r/av_l/av_r/x/y/theta/t_err: -0.11413 0.00000 -0.63104 0.08975 -0.25612 0.37731 -0.36839 0.37731 -0.36839 0 0 96.53918 -0.11413
fb: -0.08517 -0.20791 0.09433 -0.10087
fb: -0.08341 -0.23676 0.09433 -0.10087
target: 0.00000 0.16532
dist/lin/ang/drive_left/drive_right/tv_l/tv_r/av_l/av_r/x/y/theta/t_err: -0.08644 0.00000 1.26385 0.15335 -0.32017 0.21356 -0.22331 0.21356 -0.22331 0 0 94.95242 -0.08644
fb: -0.07767 -0.25425 -0.14979 0.15799
fb: -0.07767 -0.25648 -0.14979 0.15799
target: 0.00000 0.37800
dist/lin/ang/drive_left/drive_right/tv_l/tv_r/av_l/av_r/x/y/theta/t_err: -0.04971 0.00000 2.88970 0.17881 -0.33415 0.02414 -0.03028 0.02414 -0.03028 0 0 92.84828 -0.04971
fb: -0.06598 -0.24930 -0.29228 0.30474
fb: -0.06598 -0.23968 -0.29228 0.30474
target: 0.00000 0.50203
dist/lin/ang/drive_left/drive_right/tv_l/tv_r/av_l/av_r/x/y/theta/t_err: -0.01086 0.00000 3.83789 0.17371 -0.30566 -0.16683 0.16936 -0.16683 0.16936 0 0 90.62205 -0.01086
fb: -0.06973 -0.22798 -0.37539 0.39032
fb: -0.05803 -0.20220 -0.37539 0.39032
target: 0.00000 0.55495
dist/lin/ang/drive_left/drive_right/tv_l/tv_r/av_l/av_r/x/y/theta/t_err: 0.02537 0.00000 4.24240 0.14417 -0.26023 -0.26542 0.28317 -0.26542 0.28317 0 0 88.54623 0.02537
fb: -0.05428 -0.16137 -0.41084 0.42683
fb: -0.06399 -0.11211 -0.41084 0.42683
target: 0.00000 0.53081
dist/lin/ang/drive_left/drive_right/tv_l/tv_r/av_l/av_r/x/y/theta/t_err: 0.05458 0.00000 4.05786 0.04812 -0.17610 -0.34683 0.36428 -0.34683 0.36428 0 0 86.87294 0.05458
fb: -0.07370 -0.06264 -0.39466 0.41017
fb: -0.08164 -0.01373 -0.39466 0.41017
target: 0.00000 0.38017
dist/lin/ang/drive_left/drive_right/tv_l/tv_r/av_l/av_r/x/y/theta/t_err: 0.06995 0.00000 2.90629 -0.06792 -0.09537 -0.38192 0.39319 -0.38192 0.39319 0 0 85.99240 0.06995
fb: -0.08142 0.03282 -0.29374 0.30624
fb: -0.07547 0.07664 -0.29374 0.30624
target: 0.00000 0.17794
dist/lin/ang/drive_left/drive_right/tv_l/tv_r/av_l/av_r/x/y/theta/t_err: 0.07037 0.00000 1.36028 -0.15211 0.00118 -0.36308 0.36683 -0.36308 0.36683 0 0 85.96798 0.07037
fb: -0.07767 0.11559 -0.15824 0.16669
fb: -0.06598 0.14799 -0.15824 0.16669
target: 0.00000 -0.03907
dist/lin/ang/drive_left/drive_right/tv_l/tv_r/av_l/av_r/x/y/theta/t_err: 0.05721 0.00000 -0.29871 -0.21397 0.08201 -0.27289 0.26525 -0.27289 0.26525 0 0 86.72196 0.05721
fb: -0.04656 0.17391 0.05856 -0.06345
fb: -0.04281 0.18980 0.05856 -0.06345
target: 0.00000 -0.23854
dist/lin/ang/drive_left/drive_right/tv_l/tv_r/av_l/av_r/x/y/theta/t_err: 0.03363 0.00000 -1.82352 -0.23260 0.14699 -0.10986 0.11308 -0.10986 0.11308 0 0 88.07306 0.03363
fb: -0.04259 0.19203 0.19884 -0.20851
fb: -0.04656 0.18624 0.19884 -0.20851
target: 0.00000 -0.38264
dist/lin/ang/drive_left/drive_right/tv_l/tv_r/av_l/av_r/x/y/theta/t_err: 0.00467 0.00000 -2.92515 -0.23280 0.13968 0.06553 -0.07700 0.06553 -0.07700 0 0 89.73266 0.00467
fb: -0.05428 0.17802 0.29539 -0.30794
fb: -0.06399 0.16841 0.29539 -0.30794
final error was -1.34775
position: -0.00063 -1.33095 91.34775
took 0.78000 time to finish turn
WARNING - pros.serial.terminal.terminal:stop - Stopping terminal - pros-cli version:3.5.6

[tomas@nixbtw:~/projects/Robotics/current/Cognex]$

