
[tomas@nixbtw:~/projects/Robotics/current/Cognex]$ t
Not sending analytics for this command.

Established terminal connection



         _+=+_
      .-`  .  `-.          8888888b.  8888888b.   .d88888b.   .d8888b.
   _+`     "     `+_       888   Y88b 888   Y88b d88P" "Y88b d88P  Y88b
  \\\sssssssssssss///      888    888 888    888 888     888 Y88b.
     .ss\  *  /ss.         888   d88P 888   d88P 888     888  "Y888b.
 .+bm  .s  *  s.  md+.     8888888P"  8888888P"  888     888     "Y88b.
.hMMMMs .  *  . sMMMMh.    888        888 T88b   888     888       "888
 `\hMMMb \ | / dMMMh:      888        888  T88b  Y88b. .d88P Y88b  d88P
   -SNMNo  -  oNMNs-       888        888   T88b  "Y88888P"   "Y8888P"
     `+dMh\./dMd/
        `:yNy:`                      Powered by PROS for VEX V5
           "                Copyright (c) Purdue University ACM SIGBots
Version:        4.2.1     Platform:  V1.1.5 (b18)     Uptime:    0.000 s
Compiled:   Jan  1 1980 00:00:00     Directory:


bouncing done
health done
auton done
calibrated!
starting task: 2308299
initializing odom model
timed correctly: 2311172
initializing pf model
initializing smoother model
target: 0.000 0.157
dist/lin/ang/drive_left/drive_right/tv_l/tv_r/av_l/av_r/x/y/theta/t_err: 1.57080 0.00000 1.20000 0.00000 0.00000 0.00000 -0.00017 0.00000 -0.00017 0 0 -0.00006 1.57080
fb: 0.00000 0.00000 -0.85057 0.85860
fb: 0.00000 0.00000 -0.85057 0.85860
target: 0.00000 0.31394
dist/lin/ang/drive_left/drive_right/tv_l/tv_r/av_l/av_r/x/y/theta/t_err: 1.57080 0.00000 2.40000 0.00000 0.00000 -0.05492 0.05150 -0.05492 0.05150 0 0 -0.00006 1.57080
fb: 0.00000 0.00000 -0.95574 0.96691
fb: 0.00000 0.00000 -0.95574 0.96691
target: 0.00000 0.47092
dist/lin/ang/drive_left/drive_right/tv_l/tv_r/av_l/av_r/x/y/theta/t_err: 1.57080 0.00000 3.60000 0.00000 0.00000 -0.55458 0.50819 -0.55458 0.50819 0 0 -0.00018 1.57080
fb: 0.00000 0.02801 -1.00000 1.00000
fb: 0.00000 0.07776 -1.00000 1.00000
target: 0.00000 0.62789
dist/lin/ang/drive_left/drive_right/tv_l/tv_r/av_l/av_r/x/y/theta/t_err: 1.54588 0.00000 4.80000 -0.07776 0.07776 -0.69058 0.41683 -0.69058 0.41683 0 0 1.42762 1.54588
fb: 0.00000 0.12040 -1.00000 1.00000
fb: 0.00000 0.15607 -1.00000 1.00000
target: 0.00000 0.78486
dist/lin/ang/drive_left/drive_right/tv_l/tv_r/av_l/av_r/x/y/theta/t_err: 1.50874 0.00000 6.00000 -0.15607 0.15607 -0.49675 0.61342 -0.49675 0.61342 0 0 3.55574 1.50874
fb: 0.00000 0.18729 -1.00000 1.00000
fb: 0.00000 0.22373 -1.00000 1.00000
target: 0.00000 0.78486
dist/lin/ang/drive_left/drive_right/tv_l/tv_r/av_l/av_r/x/y/theta/t_err: 1.46335 0.00000 6.00000 -0.22373 0.22373 -0.66783 0.71369 -0.66783 0.71369 0 0 6.15609 1.46335
fb: 0.00000 0.26317 -0.56488 0.58547
fb: 0.00000 0.30009 -0.56488 0.58547
target: 0.00000 0.78486
dist/lin/ang/drive_left/drive_right/tv_l/tv_r/av_l/av_r/x/y/theta/t_err: 1.40457 0.00000 6.00000 -0.30009 0.30009 -0.70719 0.72925 -0.70719 0.72925 0 0 9.52416 1.40457
fb: 0.00000 0.33535 -0.56488 0.58547
fb: 0.00000 0.37228 -0.56488 0.58547
target: 0.00000 0.78486
dist/lin/ang/drive_left/drive_right/tv_l/tv_r/av_l/av_r/x/y/theta/t_err: 1.33571 0.00000 6.00000 -0.37228 0.37228 -0.40911 0.51606 -0.40911 0.51606 0 0 13.46930 1.33571
fb: 0.00000 0.40189 -0.56488 0.58547
fb: 0.00000 0.43262 -0.56488 0.58547
target: 0.00000 0.78486
dist/lin/ang/drive_left/drive_right/tv_l/tv_r/av_l/av_r/x/y/theta/t_err: 1.25961 0.00000 6.00000 -0.43262 0.43262 -0.52411 0.55253 -0.52411 0.55253 0 0 17.82961 1.25961
fb: 0.00000 0.46286 -0.56488 0.58547
fb: 0.00000 0.49052 -0.56488 0.58547
target: 0.00000 0.78486
dist/lin/ang/drive_left/drive_right/tv_l/tv_r/av_l/av_r/x/y/theta/t_err: 1.17496 0.00000 6.00000 -0.49052 0.49052 -0.54325 0.55953 -0.54325 0.55953 0 0 22.67988 1.17496
fb: 0.00000 0.51867 -0.56488 0.58547
fb: 0.00000 0.54675 -0.56488 0.58547
target: 0.00000 0.78486
dist/lin/ang/drive_left/drive_right/tv_l/tv_r/av_l/av_r/x/y/theta/t_err: 1.08207 0.00000 6.00000 -0.54675 0.54675 -0.54361 0.56139 -0.54361 0.56139 0 0 28.00221 1.08207
fb: 0.00000 0.57343 -0.56488 0.58547
fb: 0.00000 0.59977 -0.56488 0.58547
target: 0.00000 0.78486
dist/lin/ang/drive_left/drive_right/tv_l/tv_r/av_l/av_r/x/y/theta/t_err: 0.98166 0.00000 6.00000 -0.59977 0.59977 -0.54378 0.56228 -0.54378 0.56228 0 0 33.75488 0.98166
fb: 0.00000 0.62562 -0.56488 0.58547
fb: 0.00000 0.65028 -0.56488 0.58547
target: 0.00000 0.78486
dist/lin/ang/drive_left/drive_right/tv_l/tv_r/av_l/av_r/x/y/theta/t_err: 0.87391 0.00000 6.00000 -0.65028 0.65028 -0.54517 0.56264 -0.54517 0.56264 0 0 39.92871 0.87391
fb: 0.00000 0.67209 -0.56488 0.58547
fb: 0.00000 0.69383 -0.56488 0.58547
target: 0.00000 0.78486
dist/lin/ang/drive_left/drive_right/tv_l/tv_r/av_l/av_r/x/y/theta/t_err: 0.76079 0.00000 6.00000 -0.69383 0.69383 -0.54928 0.56517 -0.54928 0.56517 0 0 46.40967 0.76079
fb: 0.00000 0.71411 -0.56488 0.58547
fb: 0.00000 0.73389 -0.56488 0.58547
target: 0.00000 0.72234
dist/lin/ang/drive_left/drive_right/tv_l/tv_r/av_l/av_r/x/y/theta/t_err: 0.64210 0.00000 5.52202 -0.73389 0.73389 -0.54600 0.56569 -0.54600 0.56569 0 0 53.21061 0.64210
fb: 0.00000 0.75326 -0.24163 0.26097
fb: 0.00000 0.77180 -0.24163 0.26097
target: 0.00000 0.58264
dist/lin/ang/drive_left/drive_right/tv_l/tv_r/av_l/av_r/x/y/theta/t_err: 0.51791 0.00000 4.45406 -0.77180 0.77180 -0.51728 0.53300 -0.51728 0.53300 0 0 60.32572 0.51791
fb: 0.00000 0.78650 0.27731 -0.27055
fb: -0.02714 0.79354 0.27731 -0.27055
target: 0.00000 0.44221
dist/lin/ang/drive_left/drive_right/tv_l/tv_r/av_l/av_r/x/y/theta/t_err: 0.39309 0.00000 3.38054 -0.82067 0.76640 -0.22692 0.24847 -0.22692 0.24847 0 0 67.47780 0.39309
fb: -0.06001 0.78880 0.37466 -0.37071
fb: -0.07744 0.77751 0.37466 -0.37071
target: 0.00000 0.31178
dist/lin/ang/drive_left/drive_right/tv_l/tv_r/av_l/av_r/x/y/theta/t_err: 0.27715 0.00000 2.38346 -0.85495 0.70007 0.14969 -0.13586 0.14969 -0.13586 0 0 74.12068 0.27715
fb: -0.09310 0.75738 0.41706 -0.41572
fb: -0.06795 0.70749 0.41706 -0.41572
target: 0.00000 0.20297
dist/lin/ang/drive_left/drive_right/tv_l/tv_r/av_l/av_r/x/y/theta/t_err: 0.18042 0.00000 1.55164 -0.77544 0.63953 0.32717 -0.32356 0.32717 -0.32356 0 0 79.66254 0.18042
fb: -0.03685 0.64575 0.39268 -0.39352
fb: -0.04082 0.58674 0.39268 -0.39352
target: 0.00000 0.12547
dist/lin/ang/drive_left/drive_right/tv_l/tv_r/av_l/av_r/x/y/theta/t_err: 0.11153 0.00000 0.95919 -0.62756 0.54592 0.37592 -0.36942 0.37592 -0.36942 0 0 83.60961 0.11153
fb: -0.04854 0.52758 0.30370 -0.30608
fb: -0.05604 0.46885 0.30370 -0.30608
target: 0.00000 0.06738
dist/lin/ang/drive_left/drive_right/tv_l/tv_r/av_l/av_r/x/y/theta/t_err: 0.05989 0.00000 0.51506 -0.52489 0.41280 0.36842 -0.36564 0.36842 -0.36564 0 0 86.56850 0.05989
fb: -0.06200 0.41234 0.25531 -0.25886
fb: -0.05450 0.35514 0.25531 -0.25886
target: 0.00000 0.02787
dist/lin/ang/drive_left/drive_right/tv_l/tv_r/av_l/av_r/x/y/theta/t_err: 0.02478 0.00000 0.21307 -0.40964 0.30064 0.28833 -0.29158 0.28833 -0.29158 0 0 88.58047 0.02478
fb: -0.04854 0.29856 0.19812 -0.20245
fb: -0.05031 0.24331 0.19812 -0.20245
target: 0.00000 0.00729
dist/lin/ang/drive_left/drive_right/tv_l/tv_r/av_l/av_r/x/y/theta/t_err: 0.00648 0.00000 0.05575 -0.29362 0.19300 0.22431 -0.24281 0.22431 -0.24281 0 0 89.62859 0.00648
fb: -0.04854 0.18792 0.12674 -0.13149
fb: -0.05627 0.13364 0.12674 -0.13149
target: 0.00000 0.00520
dist/lin/ang/drive_left/drive_right/tv_l/tv_r/av_l/av_r/x/y/theta/t_err: 0.00462 0.00000 0.03977 -0.18991 0.07737 0.16272 -0.18925 0.16272 -0.18925 0 0 89.73506 0.00462
fb: -0.05605 0.08319 0.04494 -0.04973
fb: -0.04457 0.03762 0.04494 -0.04973
target: 0.00000 0.01703
dist/lin/ang/drive_left/drive_right/tv_l/tv_r/av_l/av_r/x/y/theta/t_err: 0.01514 0.00000 0.13018 -0.08220 -0.00695 0.09822 -0.11928 0.09822 -0.11928 0 0 89.13272 0.01514
fb: -0.02913 0.00063 -0.10365 0.10889
fb: -0.01545 -0.02432 -0.10365 0.10889
final error was 1.26640
position: -0.09300 -0.36142 88.73360
took 0.52000 time to finish turn
target: 0.00000 0.15697
dist/lin/ang/drive_left/drive_right/tv_l/tv_r/av_l/av_r/x/y/theta/t_err: 1.57079 0.00000 1.20000 -0.00375 -0.00375 0.00000 0.00000 0.00000 0.00000 0 0 0.00012 1.57079
fb: 0.00000 0.00000 -0.85057 0.85860
fb: 0.00000 0.00000 -0.85057 0.85860
target: 0.00000 0.31394
dist/lin/ang/drive_left/drive_right/tv_l/tv_r/av_l/av_r/x/y/theta/t_err: 1.57079 0.00000 2.40000 0.00000 0.00000 -0.09428 0.09581 -0.09428 0.09581 0 0 0.00047 1.57079
fb: 0.00375 0.00000 -0.95574 0.96691
fb: 0.00000 0.00585 -0.95574 0.96691
target: 0.00000 0.47092
dist/lin/ang/drive_left/drive_right/tv_l/tv_r/av_l/av_r/x/y/theta/t_err: 1.56901 0.00000 3.60000 -0.00585 0.00585 -0.41683 0.46300 -0.41683 0.46300 0 0 0.10227 1.56901
fb: -0.00375 0.03762 -1.00000 1.00000
fb: 0.00000 0.08340 -1.00000 1.00000
target: 0.00000 0.62789
dist/lin/ang/drive_left/drive_right/tv_l/tv_r/av_l/av_r/x/y/theta/t_err: 1.54313 0.00000 4.80000 -0.08340 0.08340 -0.39717 0.47672 -0.39717 0.47672 0 0 1.58510 1.54313
fb: 0.00000 0.12500 -1.00000 1.00000
fb: 0.00000 0.16283 -1.00000 1.00000
target: 0.00000 0.78486
dist/lin/ang/drive_left/drive_right/tv_l/tv_r/av_l/av_r/x/y/theta/t_err: 1.50492 0.00000 6.00000 -0.16283 0.16283 -0.49244 0.54053 -0.49244 0.54053 0 0 3.77442 1.50492
fb: 0.00000 0.19196 -1.00000 1.00000
fb: 0.00000 0.22721 -1.00000 1.00000
target: 0.00000 0.78486
dist/lin/ang/drive_left/drive_right/tv_l/tv_r/av_l/av_r/x/y/theta/t_err: 1.45963 0.00000 6.00000 -0.22721 0.22721 -0.67331 0.71247 -0.67331 0.71247 0 0 6.36909 1.45963
fb: 0.00000 0.27055 -0.56488 0.58547
fb: 0.00000 0.31354 -0.56488 0.58547
target: 0.00000 0.78486
dist/lin/ang/drive_left/drive_right/tv_l/tv_r/av_l/av_r/x/y/theta/t_err: 1.39708 0.00000 6.00000 -0.31354 0.31354 -0.60950 0.56481 -0.60950 0.56481 0 0 9.95348 1.39708
fb: 0.00000 0.35144 -0.56488 0.58547
fb: 0.00000 0.38531 -0.56488 0.58547
target: 0.00000 0.78486
dist/lin/ang/drive_left/drive_right/tv_l/tv_r/av_l/av_r/x/y/theta/t_err: 1.32615 0.00000 6.00000 -0.38531 0.38531 -0.37422 0.42761 -0.37422 0.42761 0 0 14.01696 1.32615
fb: 0.00000 0.41039 -0.56488 0.58547
fb: 0.00000 0.43248 -0.56488 0.58547
target: 0.00000 0.78486
dist/lin/ang/drive_left/drive_right/tv_l/tv_r/av_l/av_r/x/y/theta/t_err: 1.25227 0.00000 6.00000 -0.43248 0.43248 -0.51383 0.53419 -0.51383 0.53419 0 0 18.25033 1.25227
fb: 0.00000 0.45881 -0.56488 0.58547
fb: 0.00000 0.48752 -0.56488 0.58547
target: 0.00000 0.78486
dist/lin/ang/drive_left/drive_right/tv_l/tv_r/av_l/av_r/x/y/theta/t_err: 1.16861 0.00000 6.00000 -0.48752 0.48752 -0.54089 0.55903 -0.54089 0.55903 0 0 23.04348 1.16861
fb: 0.00000 0.51665 -0.56488 0.58547
fb: 0.00000 0.54549 -0.56488 0.58547
target: 0.00000 0.78486
dist/lin/ang/drive_left/drive_right/tv_l/tv_r/av_l/av_r/x/y/theta/t_err: 1.07566 0.00000 6.00000 -0.54549 0.54549 -0.54378 0.56122 -0.54378 0.56122 0 0 28.36918 1.07566
fb: 0.00000 0.57392 -0.56488 0.58547
fb: 0.00000 0.60088 -0.56488 0.58547
target: 0.00000 0.78486
dist/lin/ang/drive_left/drive_right/tv_l/tv_r/av_l/av_r/x/y/theta/t_err: 0.97467 0.00000 6.00000 -0.60088 0.60088 -0.54517 0.56175 -0.54517 0.56175 0 0 34.15551 0.97467
fb: 0.00000 0.62604 -0.56488 0.58547
fb: 0.00000 0.65356 -0.56488 0.58547
target: 0.00000 0.78486
dist/lin/ang/drive_left/drive_right/tv_l/tv_r/av_l/av_r/x/y/theta/t_err: 0.86617 0.00000 6.00000 -0.65356 0.65356 -0.54428 0.56056 -0.54428 0.56056 0 0 40.37221 0.86617
fb: 0.00000 0.67857 -0.56488 0.58547
fb: 0.00000 0.70101 -0.56488 0.58547
target: 0.00000 0.78486
dist/lin/ang/drive_left/drive_right/tv_l/tv_r/av_l/av_r/x/y/theta/t_err: 0.75125 0.00000 6.00000 -0.70101 0.70101 -0.54636 0.56228 -0.54636 0.56228 0 0 46.95629 0.75125
fb: 0.00000 0.72303 -0.56488 0.58547
fb: 0.00000 0.74226 -0.56488 0.58547
target: 0.00000 0.70990
dist/lin/ang/drive_left/drive_right/tv_l/tv_r/av_l/av_r/x/y/theta/t_err: 0.63104 0.00000 5.42696 -0.74226 0.74226 -0.55064 0.56311 -0.55064 0.56311 0 0 53.84399 0.63104
fb: 0.00000 0.76079 -0.17734 0.19643
fb: 0.00000 0.77877 -0.17734 0.19643
target: 0.00000 0.56937
dist/lin/ang/drive_left/drive_right/tv_l/tv_r/av_l/av_r/x/y/theta/t_err: 0.50612 0.00000 4.35264 -0.77877 0.77877 -0.48047 0.46181 -0.48047 0.46181 0 0 61.00140 0.50612
fb: 0.00000 0.79486 0.28994 -0.28344
fb: -0.01368 0.79472 0.28994 -0.28344
target: 0.00000 0.42958
dist/lin/ang/drive_left/drive_right/tv_l/tv_r/av_l/av_r/x/y/theta/t_err: 0.38186 0.00000 3.28403 -0.80840 0.78104 -0.19094 0.14000 -0.19094 0.14000 0 0 68.12082 0.38186
fb: -0.04082 0.78552 0.38023 -0.37654
fb: -0.05427 0.77403 0.38023 -0.37654
target: 0.00000 0.30071
dist/lin/ang/drive_left/drive_right/tv_l/tv_r/av_l/av_r/x/y/theta/t_err: 0.26730 0.00000 2.29881 -0.82830 0.71975 0.19678 -0.24758 0.19678 -0.24758 0 0 74.68463 0.26730
fb: -0.05825 0.73919 0.41749 -0.41637
fb: -0.06597 0.68930 0.41749 -0.41637
target: 0.00000 0.19858
dist/lin/ang/drive_left/drive_right/tv_l/tv_r/av_l/av_r/x/y/theta/t_err: 0.17652 0.00000 1.51811 -0.75527 0.62333 0.34325 -0.34769 0.34325 -0.34769 0 0 79.88592 0.17652
fb: -0.06972 0.63718 0.36553 -0.36645
fb: -0.08715 0.58165 0.36553 -0.36645
target: 0.00000 0.11900
dist/lin/ang/drive_left/drive_right/tv_l/tv_r/av_l/av_r/x/y/theta/t_err: 0.10578 0.00000 0.90971 -0.66881 0.49450 0.37419 -0.36719 0.37419 -0.36719 0 0 83.93926 0.10578
fb: -0.11826 0.51832 0.31742 -0.31994
fb: -0.12996 0.45805 0.31742 -0.31994
target: 0.00000 0.06399
dist/lin/ang/drive_left/drive_right/tv_l/tv_r/av_l/av_r/x/y/theta/t_err: 0.05688 0.00000 0.48915 -0.58801 0.32809 0.33742 -0.33194 0.33742 -0.33194 0 0 86.74115 0.05688
fb: -0.12025 0.40384 0.24371 -0.24733
fb: -0.10084 0.34977 0.24371 -0.24733
target: 0.00000 0.02436
dist/lin/ang/drive_left/drive_right/tv_l/tv_r/av_l/av_r/x/y/theta/t_err: 0.02165 0.00000 0.18619 -0.45061 0.24893 0.28164 -0.27411 0.28164 -0.27411 0 0 88.75951 0.02165
fb: -0.08341 0.29696 0.20104 -0.20544
fb: -0.08142 0.24498 0.20104 -0.20544
target: 0.00000 0.00220
dist/lin/ang/drive_left/drive_right/tv_l/tv_r/av_l/av_r/x/y/theta/t_err: 0.00196 0.00000 0.01682 -0.32640 0.16356 0.22486 -0.21764 0.22486 -0.21764 0 0 89.88794 0.00196
fb: -0.08341 0.19056 0.13725 -0.14210
fb: -0.08738 0.13510 0.13725 -0.14210
target: 0.00000 -0.00013
dist/lin/ang/drive_left/drive_right/tv_l/tv_r/av_l/av_r/x/y/theta/t_err: -0.00012 0.00000 -0.00103 -0.22248 0.04772 0.17847 -0.18033 0.17847 -0.18033 0 0 90.00687 -0.00012
fb: -0.09687 0.08410 0.04962 -0.05452
fb: -0.09113 0.04243 0.04962 -0.05452
target: 0.00000 0.01033
dist/lin/ang/drive_left/drive_right/tv_l/tv_r/av_l/av_r/x/y/theta/t_err: 0.00918 0.00000 0.07895 -0.13356 -0.04870 0.11122 -0.12028 0.11122 -0.12028 0 0 89.47401 0.00918
fb: -0.06796 0.01045 -0.09302 0.09812
fb: -0.04259 -0.01324 -0.09302 0.09812
final error was 0.95404
position: -0.10502 -0.56530 89.04596
took 0.52000 time to finish turn
target: 0.00000 0.15697
dist/lin/ang/drive_left/drive_right/tv_l/tv_r/av_l/av_r/x/y/theta/t_err: 1.57079 0.00000 1.20000 0.00000 0.00000 0.00017 0.00000 0.00017 0.00000 0 0 0.00020 1.57079
fb: 0.00000 0.00000 -0.85057 0.85860
fb: 0.00000 0.00000 -0.85057 0.85860
target: 0.00000 0.31394
dist/lin/ang/drive_left/drive_right/tv_l/tv_r/av_l/av_r/x/y/theta/t_err: 1.57079 0.00000 2.40000 0.00000 0.00000 -0.02789 0.08300 -0.02789 0.08300 0 0 0.00018 1.57079
fb: 0.00000 0.00000 -0.95574 0.96691
fb: 0.00000 0.00369 -0.95574 0.96691
target: 0.00000 0.47092
dist/lin/ang/drive_left/drive_right/tv_l/tv_r/av_l/av_r/x/y/theta/t_err: 1.56968 0.00000 3.60000 -0.00369 0.00369 -0.42158 0.42625 -0.42158 0.42625 0 0 0.06396 1.56968
fb: 0.00000 0.03742 -1.00000 1.00000
fb: 0.00000 0.08598 -1.00000 1.00000
target: 0.00000 0.62789
dist/lin/ang/drive_left/drive_right/tv_l/tv_r/av_l/av_r/x/y/theta/t_err: 1.54248 0.00000 4.80000 -0.08598 0.08598 -0.52769 0.42006 -0.52769 0.42006 0 0 1.62239 1.54248
fb: 0.00000 0.12493 -1.00000 1.00000
fb: 0.00000 0.16534 -1.00000 1.00000
target: 0.00000 0.78486
dist/lin/ang/drive_left/drive_right/tv_l/tv_r/av_l/av_r/x/y/theta/t_err: 1.50410 0.00000 6.00000 -0.16534 0.16534 -0.39028 0.41733 -0.39028 0.41733 0 0 3.82123 1.50410
fb: 0.00000 0.19426 -1.00000 1.00000
fb: 0.00000 0.22638 -1.00000 1.00000
target: 0.00000 0.78486
dist/lin/ang/drive_left/drive_right/tv_l/tv_r/av_l/av_r/x/y/theta/t_err: 1.45953 0.00000 6.00000 -0.22638 0.22638 -0.65892 0.66542 -0.65892 0.66542 0 0 6.37525 1.45953
fb: 0.00000 0.26470 -0.56488 0.58547
fb: 0.00000 0.30706 -0.56488 0.58547
target: 0.00000 0.78486
dist/lin/ang/drive_left/drive_right/tv_l/tv_r/av_l/av_r/x/y/theta/t_err: 1.39907 0.00000 6.00000 -0.30706 0.30706 -0.69403 0.55781 -0.69403 0.55781 0 0 9.83921 1.39907
fb: 0.00000 0.34831 -0.56488 0.58547
fb: 0.00000 0.38085 -0.56488 0.58547
target: 0.00000 0.78486
dist/lin/ang/drive_left/drive_right/tv_l/tv_r/av_l/av_r/x/y/theta/t_err: 1.32834 0.00000 6.00000 -0.38085 0.38085 -0.46439 0.45806 -0.46439 0.45806 0 0 13.89148 1.32834
fb: 0.00000 0.40851 -0.56488 0.58547
fb: 0.00000 0.43631 -0.56488 0.58547
target: 0.00000 0.78486
dist/lin/ang/drive_left/drive_right/tv_l/tv_r/av_l/av_r/x/y/theta/t_err: 1.25249 0.00000 6.00000 -0.43631 0.43631 -0.53283 0.54756 -0.53283 0.54756 0 0 18.23734 1.25249
fb: 0.00000 0.46529 -0.56488 0.58547
fb: 0.00000 0.49825 -0.56488 0.58547
target: 0.00000 0.78486
dist/lin/ang/drive_left/drive_right/tv_l/tv_r/av_l/av_r/x/y/theta/t_err: 1.16614 0.00000 6.00000 -0.49825 0.49825 -0.54175 0.55781 -0.54175 0.55781 0 0 23.18508 1.16614
fb: 0.00000 0.53156 -0.56488 0.58547
fb: 0.00000 0.56019 -0.56488 0.58547
target: 0.00000 0.78486
dist/lin/ang/drive_left/drive_right/tv_l/tv_r/av_l/av_r/x/y/theta/t_err: 1.07015 0.00000 6.00000 -0.56019 0.56019 -0.54311 0.56192 -0.54311 0.56192 0 0 28.68494 1.07015
fb: 0.00000 0.58785 -0.56488 0.58547
fb: 0.00000 0.61489 -0.56488 0.58547
target: 0.00000 0.78486
dist/lin/ang/drive_left/drive_right/tv_l/tv_r/av_l/av_r/x/y/theta/t_err: 0.96717 0.00000 6.00000 -0.61489 0.61489 -0.54567 0.56294 -0.54567 0.56294 0 0 34.58531 0.96717
fb: 0.00000 0.63941 -0.56488 0.58547
fb: 0.00000 0.66373 -0.56488 0.58547
target: 0.00000 0.78486
dist/lin/ang/drive_left/drive_right/tv_l/tv_r/av_l/av_r/x/y/theta/t_err: 0.85772 0.00000 6.00000 -0.66373 0.66373 -0.54447 0.56311 -0.54447 0.56311 0 0 40.85626 0.85772
fb: 0.00000 0.68568 -0.56488 0.58547
fb: 0.00000 0.70637 -0.56488 0.58547
target: 0.00000 0.78486
dist/lin/ang/drive_left/drive_right/tv_l/tv_r/av_l/av_r/x/y/theta/t_err: 0.74279 0.00000 6.00000 -0.70637 0.70637 -0.54669 0.56211 -0.54669 0.56211 0 0 47.44148 0.74279
fb: -0.01147 0.72651 -0.56488 0.58547
fb: -0.03089 0.74616 -0.56488 0.58547
target: 0.00000 0.70002
dist/lin/ang/drive_left/drive_right/tv_l/tv_r/av_l/av_r/x/y/theta/t_err: 0.62226 0.00000 5.35143 -0.77705 0.71527 -0.54922 0.56311 -0.54922 0.56311 0 0 54.34718 0.62226
fb: -0.05052 0.76588 -0.12626 0.14515
fb: -0.05825 0.78448 -0.12626 0.14515
target: 0.00000 0.55805
dist/lin/ang/drive_left/drive_right/tv_l/tv_r/av_l/av_r/x/y/theta/t_err: 0.49606 0.00000 4.26608 -0.84272 0.72623 -0.41650 0.43411 -0.41650 0.43411 0 0 61.57807 0.49606
fb: -0.06001 0.79765 0.30401 -0.29775
fb: -0.06398 0.79389 0.30401 -0.29775
target: 0.00000 0.41968
dist/lin/ang/drive_left/drive_right/tv_l/tv_r/av_l/av_r/x/y/theta/t_err: 0.37306 0.00000 3.20832 -0.85787 0.72990 -0.06072 0.10147 -0.06072 0.10147 0 0 68.62524 0.37306
fb: -0.06200 0.78392 0.38049 -0.37699
fb: -0.06597 0.75710 0.38049 -0.37699
target: 0.00000 0.29632
dist/lin/ang/drive_left/drive_right/tv_l/tv_r/av_l/av_r/x/y/theta/t_err: 0.26341 0.00000 2.26529 -0.82306 0.69113 0.26542 -0.25511 0.26542 -0.25511 0 0 74.90794 0.26341
fb: -0.06023 0.71257 0.39559 -0.39456
fb: -0.05626 0.66624 0.39559 -0.39456
target: 0.00000 0.19915
dist/lin/ang/drive_left/drive_right/tv_l/tv_r/av_l/av_r/x/y/theta/t_err: 0.17703 0.00000 1.52243 -0.72250 0.60998 0.35111 -0.34581 0.35111 -0.34581 0 0 79.85714 0.17703
fb: -0.06972 0.62025 0.34288 -0.34379
fb: -0.07943 0.56145 0.34288 -0.34379
target: 0.00000 0.12234
dist/lin/ang/drive_left/drive_right/tv_l/tv_r/av_l/av_r/x/y/theta/t_err: 0.10875 0.00000 0.93521 -0.64088 0.48202 0.34958 -0.35061 0.34958 -0.35061 0 0 83.76934 0.10875
fb: -0.09311 0.50139 0.30272 -0.30517
fb: -0.10481 0.44237 0.30272 -0.30517
target: 0.00000 0.06896
dist/lin/ang/drive_left/drive_right/tv_l/tv_r/av_l/av_r/x/y/theta/t_err: 0.06130 0.00000 0.52714 -0.54718 0.33756 0.31211 -0.31092 0.31211 -0.31092 0 0 86.48804 0.06130
fb: -0.09113 0.38426 0.23303 -0.23655
fb: -0.06973 0.32755 0.23303 -0.23655
target: 0.00000 0.03451
dist/lin/ang/drive_left/drive_right/tv_l/tv_r/av_l/av_r/x/y/theta/t_err: 0.03068 0.00000 0.26384 -0.39727 0.25782 0.26333 -0.26761 0.26333 -0.26761 0 0 88.24223 0.03068
fb: -0.05053 0.27452 0.17089 -0.17509
fb: -0.03884 0.22275 0.17089 -0.17509
target: 0.00000 0.01608
dist/lin/ang/drive_left/drive_right/tv_l/tv_r/av_l/av_r/x/y/theta/t_err: 0.01429 0.00000 0.12289 -0.26159 0.18392 0.20722 -0.20858 0.20722 -0.20858 0 0 89.18126 0.01429
fb: -0.04854 0.17057 0.11122 -0.11579
fb: -0.06002 0.11824 0.11122 -0.11579
target: 0.00000 0.01561
dist/lin/ang/drive_left/drive_right/tv_l/tv_r/av_l/av_r/x/y/theta/t_err: 0.01387 0.00000 0.11932 -0.17826 0.05822 0.16169 -0.15347 0.16169 -0.15347 0 0 89.20505 0.01387
fb: -0.06973 0.06584 -0.04738 0.05258
fb: -0.07370 0.02397 -0.04738 0.05258
target: 0.00000 0.02965
dist/lin/ang/drive_left/drive_right/tv_l/tv_r/av_l/av_r/x/y/theta/t_err: 0.02636 0.00000 0.22669 -0.09767 -0.04973 0.08933 -0.06983 0.08933 -0.06983 0 0 88.48975 0.02636
fb: -0.05031 -0.00523 -0.12209 0.12758
fb: -0.02913 -0.01777 -0.12209 0.12758
final error was 1.77222
position: -0.16656 -0.52159 88.22778
took 0.52000 time to finish turn
target: 0.00000 0.15697
dist/lin/ang/drive_left/drive_right/tv_l/tv_r/av_l/av_r/x/y/theta/t_err: 1.57079 0.00000 1.20000 0.00000 0.00000 -0.00017 0.00000 -0.00017 0.00000 0 0 0.00062 1.57079
fb: 0.00000 0.00000 -0.85057 0.85860
fb: 0.00000 0.00000 -0.85057 0.85860
target: 0.00000 0.31394
dist/lin/ang/drive_left/drive_right/tv_l/tv_r/av_l/av_r/x/y/theta/t_err: 1.57079 0.00000 2.40000 0.00000 0.00000 -0.02703 0.05408 -0.02703 0.05408 0 0 0.00050 1.57079
fb: 0.00000 0.00286 -0.95574 0.96691
fb: 0.00000 0.01909 -0.95574 0.96691
target: 0.00000 0.47092
dist/lin/ang/drive_left/drive_right/tv_l/tv_r/av_l/av_r/x/y/theta/t_err: 1.56489 0.00000 3.60000 -0.01909 0.01909 -0.42144 0.41919 -0.42144 0.41919 0 0 0.33833 1.56489
fb: 0.00000 0.06403 -1.00000 1.00000
fb: 0.00000 0.10653 -1.00000 1.00000
target: 0.00000 0.62789
dist/lin/ang/drive_left/drive_right/tv_l/tv_r/av_l/av_r/x/y/theta/t_err: 1.53345 0.00000 4.80000 -0.10653 0.10653 -0.54514 0.32697 -0.54514 0.32697 0 0 2.13962 1.53345
fb: 0.00000 0.13768 -1.00000 1.00000
fb: 0.00000 0.17419 -1.00000 1.00000
target: 0.00000 0.78486
dist/lin/ang/drive_left/drive_right/tv_l/tv_r/av_l/av_r/x/y/theta/t_err: 1.49577 0.00000 6.00000 -0.17419 0.17419 -0.39097 0.59203 -0.39097 0.59203 0 0 4.29874 1.49577
fb: 0.00000 0.20540 -1.00000 1.00000
fb: 0.00000 0.24324 -1.00000 1.00000
target: 0.00000 0.78486
dist/lin/ang/drive_left/drive_right/tv_l/tv_r/av_l/av_r/x/y/theta/t_err: 1.44722 0.00000 6.00000 -0.24324 0.24324 -0.68717 0.65553 -0.68717 0.65553 0 0 7.08014 1.44722
fb: 0.00000 0.28483 -0.56488 0.58547
fb: 0.00000 0.32497 -0.56488 0.58547
target: 0.00000 0.78486
dist/lin/ang/drive_left/drive_right/tv_l/tv_r/av_l/av_r/x/y/theta/t_err: 1.38374 0.00000 6.00000 -0.32497 0.32497 -0.69231 0.63722 -0.69231 0.63722 0 0 10.71733 1.38374
fb: 0.00000 0.36217 -0.56488 0.58547
fb: 0.00000 0.39659 -0.56488 0.58547
target: 0.00000 0.78486
dist/lin/ang/drive_left/drive_right/tv_l/tv_r/av_l/av_r/x/y/theta/t_err: 1.31115 0.00000 6.00000 -0.39659 0.39659 -0.43033 0.46336 -0.43033 0.46336 0 0 14.87671 1.31115
fb: 0.00000 0.42579 -0.56488 0.58547
fb: 0.00000 0.45401 -0.56488 0.58547
target: 0.00000 0.78486
dist/lin/ang/drive_left/drive_right/tv_l/tv_r/av_l/av_r/x/y/theta/t_err: 1.23226 0.00000 6.00000 -0.45401 0.45401 -0.52856 0.54533 -0.52856 0.54533 0 0 19.39692 1.23226
fb: 0.00000 0.48299 -0.56488 0.58547
fb: 0.00000 0.51260 -0.56488 0.58547
target: 0.00000 0.78486
dist/lin/ang/drive_left/drive_right/tv_l/tv_r/av_l/av_r/x/y/theta/t_err: 1.14420 0.00000 6.00000 -0.51260 0.51260 -0.54567 0.55919 -0.54567 0.55919 0 0 24.44230 1.14420
fb: 0.00000 0.53915 -0.56488 0.58547
fb: 0.00000 0.56528 -0.56488 0.58547
target: 0.00000 0.78486
dist/lin/ang/drive_left/drive_right/tv_l/tv_r/av_l/av_r/x/y/theta/t_err: 1.04915 0.00000 6.00000 -0.56528 0.56528 -0.54569 0.55917 -0.54569 0.55917 0 0 29.88813 1.04915
fb: 0.00000 0.59364 -0.56488 0.58547
fb: 0.00000 0.62004 -0.56488 0.58547
target: 0.00000 0.78486
dist/lin/ang/drive_left/drive_right/tv_l/tv_r/av_l/av_r/x/y/theta/t_err: 0.94524 0.00000 6.00000 -0.62004 0.62004 -0.54822 0.56058 -0.54822 0.56058 0 0 35.84172 0.94524
fb: 0.00000 0.64527 -0.56488 0.58547
fb: 0.00000 0.67098 -0.56488 0.58547
target: 0.00000 0.78486
dist/lin/ang/drive_left/drive_right/tv_l/tv_r/av_l/av_r/x/y/theta/t_err: 0.83430 0.00000 6.00000 -0.67098 0.67098 -0.54567 0.56314 -0.54567 0.56314 0 0 42.19831 0.83430
fb: 0.00000 0.69585 -0.56488 0.58547
fb: -0.01743 0.71780 -0.56488 0.58547
target: 0.00000 0.78486
dist/lin/ang/drive_left/drive_right/tv_l/tv_r/av_l/av_r/x/y/theta/t_err: 0.71688 0.00000 6.00000 -0.73523 0.70037 -0.54550 0.56208 -0.54550 0.56208 0 0 48.92605 0.71688
fb: -0.03685 0.73870 -0.56488 0.58547
fb: -0.04082 0.75835 -0.56488 0.58547
target: 0.00000 0.66858
dist/lin/ang/drive_left/drive_right/tv_l/tv_r/av_l/av_r/x/y/theta/t_err: 0.59431 0.00000 5.11107 -0.79917 0.71753 -0.54703 0.56294 -0.54703 0.56294 0 0 55.94851 0.59431
fb: -0.04280 0.77765 0.11434 -0.10586
fb: -0.03684 0.79612 0.11434 -0.10586
target: 0.00000 0.52469
dist/lin/ang/drive_left/drive_right/tv_l/tv_r/av_l/av_r/x/y/theta/t_err: 0.46640 0.00000 4.01105 -0.83296 0.75927 -0.45583 0.46525 -0.45583 0.46525 0 0 63.27716 0.46640
fb: -0.03287 0.80726 0.33500 -0.32940
fb: -0.04258 0.80294 0.33500 -0.32940
target: 0.00000 0.38525
dist/lin/ang/drive_left/drive_right/tv_l/tv_r/av_l/av_r/x/y/theta/t_err: 0.34245 0.00000 2.94510 -0.84552 0.76036 0.09086 -0.07392 0.09086 -0.07392 0 0 70.37888 0.34245
fb: -0.05229 0.76831 0.40838 -0.40556
fb: -0.06994 0.71271 0.40838 -0.40556
target: 0.00000 0.28003
dist/lin/ang/drive_left/drive_right/tv_l/tv_r/av_l/av_r/x/y/theta/t_err: 0.24892 0.00000 2.14071 -0.78265 0.64277 0.30286 -0.29844 0.30286 -0.29844 0 0 75.73798 0.24892
fb: -0.08141 0.64917 0.32491 -0.32420
fb: -0.07546 0.57928 0.32491 -0.32420
target: 0.00000 0.20577
dist/lin/ang/drive_left/drive_right/tv_l/tv_r/av_l/av_r/x/y/theta/t_err: 0.18291 0.00000 1.57301 -0.65474 0.50383 0.34050 -0.34361 0.34050 -0.34361 0 0 79.52014 0.18291
fb: -0.06994 0.51497 0.23533 -0.23611
fb: -0.06399 0.45868 0.23533 -0.23611
target: 0.00000 0.15000
dist/lin/ang/drive_left/drive_right/tv_l/tv_r/av_l/av_r/x/y/theta/t_err: 0.13334 0.00000 1.14674 -0.52266 0.39469 0.27447 -0.27819 0.27447 -0.27819 0 0 82.36010 0.13334
fb: -0.05428 0.40719 0.18944 -0.19134
fb: -0.04082 0.35458 0.18944 -0.19134
target: 0.00000 0.10876
dist/lin/ang/drive_left/drive_right/tv_l/tv_r/av_l/av_r/x/y/theta/t_err: 0.09668 0.00000 0.83147 -0.39540 0.31376 0.20414 -0.20928 0.20414 -0.20928 0 0 84.46051 0.09668
fb: -0.02515 0.29640 0.15173 -0.15445
fb: -0.01942 0.23578 0.15173 -0.15445
target: 0.00000 0.09081
dist/lin/ang/drive_left/drive_right/tv_l/tv_r/av_l/av_r/x/y/theta/t_err: 0.08072 0.00000 0.69420 -0.25520 0.21637 0.16511 -0.17008 0.16511 -0.17008 0 0 85.37506 0.08072
fb: -0.02339 0.17712 0.05899 -0.06206
fb: -0.03089 0.12256 0.05899 -0.06206
target: 0.00000 0.09132
dist/lin/ang/drive_left/drive_right/tv_l/tv_r/av_l/av_r/x/y/theta/t_err: 0.08118 0.00000 0.69815 -0.15345 0.09167 0.11208 -0.12561 0.11208 -0.12561 0 0 85.34874 0.08118
fb: -0.03486 0.07462 -0.10254 0.10926
fb: -0.02736 0.03888 -0.10254 0.10926
target: 0.00000 0.10073
dist/lin/ang/drive_left/drive_right/tv_l/tv_r/av_l/av_r/x/y/theta/t_err: 0.08954 0.00000 0.77005 -0.06624 0.01152 -0.00256 -0.02411 -0.00256 -0.02411 0 0 84.86968 0.08954
fb: -0.01545 0.01916 -0.14884 0.15575
fb: -0.00375 0.01324 -0.14884 0.15575
target: 0.00000 0.10345
dist/lin/ang/drive_left/drive_right/tv_l/tv_r/av_l/av_r/x/y/theta/t_err: 0.09196 0.00000 0.79087 -0.01699 0.00949 -0.10419 0.10250 -0.10419 0.10250 0 0 84.73102 0.09196
fb: 0.00000 0.00641 -0.12059 0.12755
fb: -0.00199 0.00446 -0.12059 0.12755
target: 0.00000 0.10449
dist/lin/ang/drive_left/drive_right/tv_l/tv_r/av_l/av_r/x/y/theta/t_err: 0.09288 0.00000 0.79877 -0.00645 0.00247 -0.12867 0.13194 -0.12867 0.13194 0 0 84.67835 0.09288
fb: -0.00574 0.00718 -0.11368 0.12067
fb: -0.00772 0.01756 -0.11368 0.12067
target: 0.00000 0.09908
dist/lin/ang/drive_left/drive_right/tv_l/tv_r/av_l/av_r/x/y/theta/t_err: 0.08807 0.00000 0.75744 -0.02528 0.00984 -0.11103 0.11275 -0.11103 0.11275 0 0 84.95371 0.08807
fb: -0.01169 0.03268 -0.08108 0.08795
fb: -0.01169 0.04146 -0.08108 0.08795
target: 0.00000 0.08718
dist/lin/ang/drive_left/drive_right/tv_l/tv_r/av_l/av_r/x/y/theta/t_err: 0.07750 0.00000 0.66647 -0.05315 0.02976 -0.08914 0.10078 -0.08914 0.10078 0 0 85.55977 0.07750
fb: -0.00397 0.04452 -0.04389 0.05052
fb: 0.00000 0.04320 -0.04389 0.05052
target: 0.00000 0.07941
dist/lin/ang/drive_left/drive_right/tv_l/tv_r/av_l/av_r/x/y/theta/t_err: 0.07059 0.00000 0.60709 -0.04320 0.04320 -0.06197 0.06983 -0.06197 0.06983 0 0 85.95538 0.07059
fb: 0.00000 0.04153 -0.05728 0.06376
fb: 0.00000 0.03839 -0.05728 0.06376
target: 0.00000 0.07365
dist/lin/ang/drive_left/drive_right/tv_l/tv_r/av_l/av_r/x/y/theta/t_err: 0.06547 0.00000 0.56306 -0.03839 0.03839 -0.04344 0.05250 -0.04344 0.05250 0 0 86.24873 0.06547
fb: 0.00000 0.03477 -0.06245 0.06882
fb: 0.00000 0.02954 -0.06245 0.06882
target: 0.00000 0.07027
dist/lin/ang/drive_left/drive_right/tv_l/tv_r/av_l/av_r/x/y/theta/t_err: 0.06246 0.00000 0.53718 -0.02954 0.02954 -0.05117 0.05578 -0.05117 0.05578 0 0 86.42116 0.06246
fb: 0.00000 0.02620 -0.07087 0.07717
fb: 0.00000 0.02473 -0.07087 0.07717
target: 0.00000 0.06689
dist/lin/ang/drive_left/drive_right/tv_l/tv_r/av_l/av_r/x/y/theta/t_err: 0.05946 0.00000 0.51139 -0.02473 0.02473 -0.05853 0.05817 -0.05853 0.05817 0 0 86.59299 0.05946
fb: 0.00000 0.02390 -0.06866 0.07489
fb: 0.00000 0.02160 -0.06866 0.07489
target: 0.00000 0.06375
dist/lin/ang/drive_left/drive_right/tv_l/tv_r/av_l/av_r/x/y/theta/t_err: 0.05667 0.00000 0.48734 -0.02160 0.02160 -0.06228 0.06517 -0.06228 0.06517 0 0 86.75323 0.05667
fb: 0.00000 0.01916 -0.06758 0.07374
fb: 0.00000 0.01777 -0.06758 0.07374
target: 0.00000 0.06144
dist/lin/ang/drive_left/drive_right/tv_l/tv_r/av_l/av_r/x/y/theta/t_err: 0.05461 0.00000 0.46968 -0.01777 0.01777 -0.05492 0.06589 -0.05492 0.06589 0 0 86.87086 0.05461
fb: 0.00000 0.01707 -0.06979 0.07592
fb: 0.00000 0.01610 -0.06979 0.07592
target: 0.00000 0.05900
dist/lin/ang/drive_left/drive_right/tv_l/tv_r/av_l/av_r/x/y/theta/t_err: 0.05244 0.00000 0.45100 -0.01610 0.01610 -0.05475 0.06517 -0.05475 0.06517 0 0 86.99529 0.05244
fb: 0.00000 0.01449 -0.06756 0.07363
fb: 0.00000 0.01317 -0.06756 0.07363
target: 0.00000 0.05731
dist/lin/ang/drive_left/drive_right/tv_l/tv_r/av_l/av_r/x/y/theta/t_err: 0.05094 0.00000 0.43810 -0.01317 0.01317 -0.05492 0.06603 -0.05492 0.06603 0 0 87.08124 0.05094
fb: 0.00000 0.01219 -0.06983 0.07587
fb: 0.00000 0.01191 -0.06983 0.07587
target: 0.00000 0.05554
dist/lin/ang/drive_left/drive_right/tv_l/tv_r/av_l/av_r/x/y/theta/t_err: 0.04937 0.00000 0.42462 -0.01191 0.01191 -0.05425 0.06517 -0.05425 0.06517 0 0 87.17106 0.04937
fb: 0.00000 0.01240 -0.06830 0.07431
fb: 0.00000 0.01289 -0.06830 0.07431
target: 0.00000 0.05314
dist/lin/ang/drive_left/drive_right/tv_l/tv_r/av_l/av_r/x/y/theta/t_err: 0.04724 0.00000 0.40626 -0.01289 0.01289 -0.05425 0.06500 -0.05425 0.06500 0 0 87.29339 0.04724
fb: 0.00000 0.01275 -0.06382 0.06978
fb: 0.00000 0.01205 -0.06382 0.06978
target: 0.00000 0.05124
dist/lin/ang/drive_left/drive_right/tv_l/tv_r/av_l/av_r/x/y/theta/t_err: 0.04555 0.00000 0.39169 -0.01205 0.01205 -0.05458 0.06264 -0.05458 0.06264 0 0 87.39042 0.04555
fb: 0.00000 0.01087 -0.06478 0.07070
fb: 0.00000 0.00962 -0.06478 0.07070
target: 0.00000 0.05007
dist/lin/ang/drive_left/drive_right/tv_l/tv_r/av_l/av_r/x/y/theta/t_err: 0.04450 0.00000 0.38274 -0.00962 0.00962 -0.05475 0.05747 -0.05475 0.05747 0 0 87.45006 0.04450
fb: 0.00000 0.00920 -0.06730 0.07319
fb: 0.00000 0.00962 -0.06730 0.07319
target: 0.00000 0.04842
dist/lin/ang/drive_left/drive_right/tv_l/tv_r/av_l/av_r/x/y/theta/t_err: 0.04304 0.00000 0.37018 -0.00962 0.00962 -0.05475 0.06483 -0.05475 0.06483 0 0 87.53374 0.04304
fb: 0.00000 0.01003 -0.06407 0.06994
fb: 0.00000 0.00982 -0.06407 0.06994
target: 0.00000 0.04669
dist/lin/ang/drive_left/drive_right/tv_l/tv_r/av_l/av_r/x/y/theta/t_err: 0.04150 0.00000 0.35690 -0.00982 0.00982 -0.05492 0.06161 -0.05492 0.06161 0 0 87.62219 0.04150
fb: 0.00000 0.00885 -0.06249 0.06832
fb: 0.00000 0.00739 -0.06249 0.06832
target: 0.00000 0.04589
dist/lin/ang/drive_left/drive_right/tv_l/tv_r/av_l/av_r/x/y/theta/t_err: 0.04079 0.00000 0.35079 -0.00739 0.00739 -0.05458 0.05508 -0.05458 0.05508 0 0 87.66291 0.04079
fb: 0.00000 0.00585 -0.06617 0.07198
fb: 0.00000 0.00481 -0.06617 0.07198
final error was 2.40424
position: -0.14644 -0.34561 87.59576
took 0.88000 time to finish turn
target: 0.00000 0.15697
dist/lin/ang/drive_left/drive_right/tv_l/tv_r/av_l/av_r/x/y/theta/t_err: 1.57080 0.00000 1.20000 0.00000 0.00000 0.00050 -0.00017 0.00050 -0.00017 0 0 0.00007 1.57080
fb: 0.00000 0.00000 -0.85057 0.85860
fb: 0.00000 0.00000 -0.85057 0.85860
target: 0.00000 0.31394
dist/lin/ang/drive_left/drive_right/tv_l/tv_r/av_l/av_r/x/y/theta/t_err: 1.57079 0.00000 2.40000 0.00000 0.00000 -0.05647 0.02978 -0.05647 0.02978 0 0 0.00026 1.57079
fb: 0.00000 0.00000 -0.95574 0.96691
fb: 0.00000 0.00272 -0.95574 0.96691
target: 0.00000 0.47092
dist/lin/ang/drive_left/drive_right/tv_l/tv_r/av_l/av_r/x/y/theta/t_err: 1.56997 0.00000 3.60000 -0.00272 0.00272 -0.47122 0.37064 -0.47122 0.37064 0 0 0.04755 1.56997
fb: 0.00000 0.03226 -1.00000 1.00000
fb: 0.00000 0.07441 -1.00000 1.00000
target: 0.00000 0.62789
dist/lin/ang/drive_left/drive_right/tv_l/tv_r/av_l/av_r/x/y/theta/t_err: 1.54630 0.00000 4.80000 -0.07441 0.07441 -0.41050 0.49161 -0.41050 0.49161 0 0 1.40327 1.54630
fb: 0.00000 0.11469 -1.00000 1.00000
fb: 0.00000 0.15001 -1.00000 1.00000
target: 0.00000 0.78486
dist/lin/ang/drive_left/drive_right/tv_l/tv_r/av_l/av_r/x/y/theta/t_err: 1.51066 0.00000 6.00000 -0.15001 0.15001 -0.54275 0.44336 -0.54275 0.44336 0 0 3.44564 1.51066
fb: 0.00000 0.18025 -1.00000 1.00000
fb: 0.00000 0.21230 -1.00000 1.00000
target: 0.00000 0.78486
dist/lin/ang/drive_left/drive_right/tv_l/tv_r/av_l/av_r/x/y/theta/t_err: 1.46775 0.00000 6.00000 -0.21230 0.21230 -0.66508 0.61122 -0.66508 0.61122 0 0 5.90428 1.46775
fb: 0.00000 0.24686 -0.56488 0.58547
fb: 0.00000 0.28609 -0.56488 0.58547
target: 0.00000 0.78486
dist/lin/ang/drive_left/drive_right/tv_l/tv_r/av_l/av_r/x/y/theta/t_err: 1.41169 0.00000 6.00000 -0.28609 0.28609 -0.69453 0.67178 -0.69453 0.67178 0 0 9.11637 1.41169
fb: 0.00000 0.32720 -0.56488 0.58547
fb: 0.00000 0.35967 -0.56488 0.58547
target: 0.00000 0.78486
dist/lin/ang/drive_left/drive_right/tv_l/tv_r/av_l/av_r/x/y/theta/t_err: 1.34418 0.00000 6.00000 -0.35967 0.35967 -0.33881 0.41872 -0.33881 0.41872 0 0 12.98414 1.34418
fb: 0.00000 0.38398 -0.56488 0.58547
fb: 0.00000 0.40691 -0.56488 0.58547
target: 0.00000 0.78486
dist/lin/ang/drive_left/drive_right/tv_l/tv_r/av_l/av_r/x/y/theta/t_err: 1.27423 0.00000 6.00000 -0.40691 0.40691 -0.50047 0.52839 -0.50047 0.52839 0 0 16.99193 1.27423
fb: 0.00000 0.43199 -0.56488 0.58547
fb: 0.00000 0.46293 -0.56488 0.58547
target: 0.00000 0.78486
dist/lin/ang/drive_left/drive_right/tv_l/tv_r/av_l/av_r/x/y/theta/t_err: 1.19424 0.00000 6.00000 -0.46293 0.46293 -0.53967 0.55764 -0.53967 0.55764 0 0 21.57485 1.19424
fb: 0.00000 0.49059 -0.56488 0.58547
fb: 0.00000 0.51623 -0.56488 0.58547
target: 0.00000 0.78486
dist/lin/ang/drive_left/drive_right/tv_l/tv_r/av_l/av_r/x/y/theta/t_err: 1.10660 0.00000 6.00000 -0.51623 0.51623 -0.54431 0.56156 -0.54431 0.56156 0 0 26.59652 1.10660
fb: -0.00177 0.54417 -0.56488 0.58547
fb: -0.00177 0.57308 -0.56488 0.58547
target: 0.00000 0.78486
dist/lin/ang/drive_left/drive_right/tv_l/tv_r/av_l/av_r/x/y/theta/t_err: 1.00958 0.00000 6.00000 -0.57485 0.57132 -0.54242 0.56106 -0.54242 0.56106 0 0 32.15508 1.00958
fb: 0.00000 0.60151 -0.56488 0.58547
fb: 0.00000 0.62896 -0.56488 0.58547
target: 0.00000 0.78486
dist/lin/ang/drive_left/drive_right/tv_l/tv_r/av_l/av_r/x/y/theta/t_err: 0.90423 0.00000 6.00000 -0.62896 0.62896 -0.54483 0.56431 -0.54483 0.56431 0 0 38.19169 0.90423
fb: -0.00397 0.65467 -0.56488 0.58547
fb: -0.01169 0.67843 -0.56488 0.58547
target: 0.00000 0.78486
dist/lin/ang/drive_left/drive_right/tv_l/tv_r/av_l/av_r/x/y/theta/t_err: 0.79238 0.00000 6.00000 -0.69013 0.66674 -0.54397 0.56244 -0.54397 0.56244 0 0 44.59972 0.79238
fb: -0.01544 0.70045 -0.56488 0.58547
fb: -0.01544 0.71996 -0.56488 0.58547
target: 0.00000 0.75995
dist/lin/ang/drive_left/drive_right/tv_l/tv_r/av_l/av_r/x/y/theta/t_err: 0.67553 0.00000 5.80953 -0.73540 0.70452 -0.54617 0.56331 -0.54617 0.56331 0 0 51.29514 0.67553
fb: -0.02339 0.73912 -0.43607 0.45616
fb: -0.03685 0.75891 -0.43607 0.45616
target: 0.00000 0.62238
dist/lin/ang/drive_left/drive_right/tv_l/tv_r/av_l/av_r/x/y/theta/t_err: 0.55324 0.00000 4.75789 -0.79575 0.72206 -0.53403 0.54739 -0.53403 0.54739 0 0 58.30148 0.55324
fb: -0.04457 0.77709 0.24107 -0.23352
fb: -0.04854 0.79033 0.24107 -0.23352
target: 0.00000 0.48068
dist/lin/ang/drive_left/drive_right/tv_l/tv_r/av_l/av_r/x/y/theta/t_err: 0.42729 0.00000 3.67466 -0.83887 0.74179 -0.37078 0.39750 -0.37078 0.39750 0 0 65.51829 0.42729
fb: -0.05229 0.79793 0.35460 -0.34988
fb: -0.06200 0.79632 0.35460 -0.34988
target: 0.00000 0.34270
dist/lin/ang/drive_left/drive_right/tv_l/tv_r/av_l/av_r/x/y/theta/t_err: 0.30463 0.00000 2.61985 -0.85832 0.73433 0.12303 -0.10539 0.12303 -0.10539 0 0 72.54580 0.30463
fb: -0.07369 0.78323 0.43033 -0.42836
fb: -0.07192 0.73341 0.43033 -0.42836
target: 0.00000 0.22804
dist/lin/ang/drive_left/drive_right/tv_l/tv_r/av_l/av_r/x/y/theta/t_err: 0.20271 0.00000 1.74328 -0.80533 0.66148 0.30422 -0.31194 0.30422 -0.31194 0 0 78.38576 0.20271
fb: -0.06795 0.66645 0.40223 -0.40256
fb: -0.07546 0.61127 0.40223 -0.40256
target: 0.00000 0.14679
dist/lin/ang/drive_left/drive_right/tv_l/tv_r/av_l/av_r/x/y/theta/t_err: 0.13048 0.00000 1.12216 -0.68672 0.53581 0.38908 -0.38225 0.38908 -0.38225 0 0 82.52380 0.13048
fb: -0.07568 0.55427 0.30629 -0.30825
fb: -0.07767 0.49846 0.30629 -0.30825
target: 0.00000 0.08270
dist/lin/ang/drive_left/drive_right/tv_l/tv_r/av_l/av_r/x/y/theta/t_err: 0.07351 0.00000 0.63218 -0.57613 0.42079 0.36908 -0.37253 0.36908 -0.37253 0 0 85.78821 0.07351
fb: -0.07171 0.43951 0.27204 -0.27528
fb: -0.05031 0.38043 0.27204 -0.27528
target: 0.00000 0.03975
dist/lin/ang/drive_left/drive_right/tv_l/tv_r/av_l/av_r/x/y/theta/t_err: 0.03533 0.00000 0.30386 -0.43074 0.33012 0.28794 -0.29328 0.28794 -0.29328 0 0 87.97560 0.03533
fb: -0.03288 0.32100 0.20566 -0.20976
fb: -0.01942 0.26254 0.20566 -0.20976
target: 0.00000 0.01707
dist/lin/ang/drive_left/drive_right/tv_l/tv_r/av_l/av_r/x/y/theta/t_err: 0.01517 0.00000 0.13046 -0.28196 0.24312 0.25272 -0.25975 0.25272 -0.25975 0 0 89.13080 0.01517
fb: -0.02339 0.20610 0.12966 -0.13421
fb: -0.03685 0.15064 0.12966 -0.13421
target: 0.00000 0.01244
dist/lin/ang/drive_left/drive_right/tv_l/tv_r/av_l/av_r/x/y/theta/t_err: 0.01106 0.00000 0.09511 -0.18749 0.11379 0.17861 -0.18822 0.17861 -0.18822 0 0 89.36637 0.01106
fb: -0.04457 0.09964 0.05150 -0.05615
fb: -0.03508 0.05267 0.05150 -0.05615
target: 0.00000 0.02202
dist/lin/ang/drive_left/drive_right/tv_l/tv_r/av_l/av_r/x/y/theta/t_err: 0.01958 0.00000 0.16837 -0.08776 0.01759 0.11686 -0.11514 0.11686 -0.11514 0 0 88.87830 0.01958
fb: -0.01942 0.00962 -0.09690 0.10224
fb: -0.00772 -0.01700 -0.09690 0.10224
target: 0.00000 0.03853
dist/lin/ang/drive_left/drive_right/tv_l/tv_r/av_l/av_r/x/y/theta/t_err: 0.03425 0.00000 0.29454 0.00928 -0.02472 0.03506 -0.01811 0.03506 -0.01811 0 0 88.03769 0.03425
fb: 0.00000 -0.03546 -0.13911 0.14477
fb: -0.00375 -0.04048 -0.13911 0.14477
target: 0.00000 0.05030
dist/lin/ang/drive_left/drive_right/tv_l/tv_r/av_l/av_r/x/y/theta/t_err: 0.04471 0.00000 0.38451 0.03673 -0.04423 -0.08025 0.09258 -0.08025 0.09258 0 0 87.43829 0.04471
fb: -0.00772 -0.03804 -0.12568 0.13158
fb: -0.01169 -0.03414 -0.12568 0.13158
target: 0.00000 0.05489
dist/lin/ang/drive_left/drive_right/tv_l/tv_r/av_l/av_r/x/y/theta/t_err: 0.04879 0.00000 0.41959 0.02245 -0.04584 -0.11719 0.12694 -0.11719 0.12694 0 0 87.20456 0.04879
fb: -0.00772 -0.02829 -0.09645 0.10244
fb: 0.00000 -0.01728 -0.09645 0.10244
target: 0.00000 0.05472
dist/lin/ang/drive_left/drive_right/tv_l/tv_r/av_l/av_r/x/y/theta/t_err: 0.04864 0.00000 0.41830 0.01728 -0.01728 -0.11069 0.11192 -0.11069 0.11192 0 0 87.21313 0.04864
fb: -0.00199 0.00000 -0.07493 0.08092
fb: -0.00199 0.01993 -0.07493 0.08092
target: 0.00000 0.04414
dist/lin/ang/drive_left/drive_right/tv_l/tv_r/av_l/av_r/x/y/theta/t_err: 0.03924 0.00000 0.33744 -0.02191 0.01794 -0.08128 0.08622 -0.08128 0.08622 0 0 87.75187 0.03924
fb: 0.00000 0.03149 0.05705 -0.06106
fb: 0.00000 0.03540 0.05705 -0.06106
target: 0.00000 0.03510
dist/lin/ang/drive_left/drive_right/tv_l/tv_r/av_l/av_r/x/y/theta/t_err: 0.03120 0.00000 0.26836 -0.03540 0.03540 -0.05200 0.04328 -0.05200 0.04328 0 0 88.21211 0.03120
fb: 0.00000 0.03526 0.05617 -0.06036
fb: 0.00000 0.03149 0.05617 -0.06036
target: 0.00000 0.03035
dist/lin/ang/drive_left/drive_right/tv_l/tv_r/av_l/av_r/x/y/theta/t_err: 0.02698 0.00000 0.23199 -0.03149 0.03149 0.04156 -0.04944 0.04156 -0.04944 0 0 88.45442 0.02698
fb: 0.00000 0.02557 0.04010 -0.04439
fb: 0.00000 0.01916 0.04010 -0.04439
final error was 1.83021
position: -0.15399 -0.40400 88.16979
took 0.66000 time to finish turn
increased to 135.00000
target: 0.00000 0.15697
dist/lin/ang/drive_left/drive_right/tv_l/tv_r/av_l/av_r/x/y/theta/t_err: 2.35619 0.00000 1.20000 0.00000 0.00000 0.00017 -0.00017 0.00017 -0.00017 0 0 0.00010 2.35619
fb: 0.00000 0.00000 -0.85057 0.85860
fb: 0.00000 0.00000 -0.85057 0.85860
target: 0.00000 0.31394
dist/lin/ang/drive_left/drive_right/tv_l/tv_r/av_l/av_r/x/y/theta/t_err: 2.35619 0.00000 2.40000 0.00000 0.00000 -0.05939 0.06467 -0.05939 0.06467 0 0 0.00016 2.35619
fb: 0.00000 0.00000 -0.95574 0.96691
fb: 0.00199 0.00606 -0.95574 0.96691
target: 0.00000 0.47092
dist/lin/ang/drive_left/drive_right/tv_l/tv_r/av_l/av_r/x/y/theta/t_err: 2.35435 0.00000 3.60000 -0.00408 0.00805 -0.44111 0.40006 -0.44111 0.40006 0 0 0.10550 2.35435
fb: 0.00199 0.04111 -1.00000 1.00000
fb: 0.00000 0.08744 -1.00000 1.00000
target: 0.00000 0.62789
dist/lin/ang/drive_left/drive_right/tv_l/tv_r/av_l/av_r/x/y/theta/t_err: 2.32714 0.00000 4.80000 -0.08744 0.08744 -0.56603 0.40364 -0.56603 0.40364 0 0 1.66490 2.32714
fb: 0.00000 0.12549 -1.00000 1.00000
fb: 0.00000 0.16339 -1.00000 1.00000
target: 0.00000 0.78486
dist/lin/ang/drive_left/drive_right/tv_l/tv_r/av_l/av_r/x/y/theta/t_err: 2.28938 0.00000 6.00000 -0.16339 0.16339 -0.43531 0.54700 -0.43531 0.54700 0 0 3.82801 2.28938
fb: 0.00000 0.20185 -1.00000 1.00000
fb: 0.00000 0.23571 -1.00000 1.00000
target: 0.00000 0.78486
dist/lin/ang/drive_left/drive_right/tv_l/tv_r/av_l/av_r/x/y/theta/t_err: 2.24103 0.00000 6.00000 -0.23571 0.23571 -0.62522 0.68497 -0.62522 0.68497 0 0 6.59836 2.24103
fb: 0.00000 0.27424 -0.56488 0.58547
fb: 0.00000 0.31159 -0.56488 0.58547
target: 0.00000 0.78486
dist/lin/ang/drive_left/drive_right/tv_l/tv_r/av_l/av_r/x/y/theta/t_err: 2.18061 0.00000 6.00000 -0.31159 0.31159 -0.56006 0.58978 -0.56006 0.58978 0 0 10.06009 2.18061
fb: 0.00000 0.35096 -0.56488 0.58547
fb: -0.00199 0.38607 -0.56488 0.58547
target: 0.00000 0.78486
dist/lin/ang/drive_left/drive_right/tv_l/tv_r/av_l/av_r/x/y/theta/t_err: 2.10900 0.00000 6.00000 -0.38806 0.38409 -0.36911 0.42403 -0.36911 0.42403 0 0 14.16308 2.10900
fb: -0.00199 0.40865 -0.56488 0.58547
fb: 0.00000 0.42983 -0.56488 0.58547
target: 0.00000 0.78486
dist/lin/ang/drive_left/drive_right/tv_l/tv_r/av_l/av_r/x/y/theta/t_err: 2.03621 0.00000 6.00000 -0.42983 0.42983 -0.51914 0.53900 -0.51914 0.53900 0 0 18.33360 2.03621
fb: 0.00000 0.45582 -0.56488 0.58547
fb: 0.00000 0.48682 -0.56488 0.58547
target: 0.00000 0.78486
dist/lin/ang/drive_left/drive_right/tv_l/tv_r/av_l/av_r/x/y/theta/t_err: 1.95234 0.00000 6.00000 -0.48682 0.48682 -0.54106 0.55797 -0.54106 0.55797 0 0 23.13899 1.95234
fb: 0.00000 0.51741 -0.56488 0.58547
fb: 0.00000 0.54709 -0.56488 0.58547
target: 0.00000 0.78486
dist/lin/ang/drive_left/drive_right/tv_l/tv_r/av_l/av_r/x/y/theta/t_err: 1.85879 0.00000 6.00000 -0.54709 0.54709 -0.54294 0.56039 -0.54294 0.56039 0 0 28.49895 1.85879
fb: 0.00000 0.57524 -0.56488 0.58547
fb: 0.00000 0.60513 -0.56488 0.58547
target: 0.00000 0.78486
dist/lin/ang/drive_left/drive_right/tv_l/tv_r/av_l/av_r/x/y/theta/t_err: 1.75676 0.00000 6.00000 -0.60513 0.60513 -0.54431 0.56089 -0.54431 0.56089 0 0 34.34534 1.75676
fb: 0.00000 0.63433 -0.56488 0.58547
fb: -0.00177 0.66108 -0.56488 0.58547
target: 0.00000 0.78486
dist/lin/ang/drive_left/drive_right/tv_l/tv_r/av_l/av_r/x/y/theta/t_err: 1.64645 0.00000 6.00000 -0.66285 0.65932 -0.54461 0.56208 -0.54461 0.56208 0 0 40.66514 1.64645
fb: -0.00177 0.68519 -0.56488 0.58547
fb: 0.00000 0.70756 -0.56488 0.58547
target: 0.00000 0.78486
dist/lin/ang/drive_left/drive_right/tv_l/tv_r/av_l/av_r/x/y/theta/t_err: 1.53065 0.00000 6.00000 -0.70756 0.70756 -0.54822 0.56467 -0.54822 0.56467 0 0 47.30026 1.53065
fb: -0.00397 0.72741 -0.56488 0.58547
fb: -0.00397 0.74678 -0.56488 0.58547
target: 0.00000 0.78486
dist/lin/ang/drive_left/drive_right/tv_l/tv_r/av_l/av_r/x/y/theta/t_err: 1.41015 0.00000 6.00000 -0.75076 0.74281 -0.54669 0.56089 -0.54669 0.56089 0 0 54.20444 1.41015
fb: -0.02515 0.76643 -0.56488 0.58547
fb: -0.05030 0.78587 -0.56488 0.58547
target: 0.00000 0.78486
dist/lin/ang/drive_left/drive_right/tv_l/tv_r/av_l/av_r/x/y/theta/t_err: 1.28363 0.00000 6.00000 -0.83618 0.73557 -0.54997 0.56208 -0.54997 0.56208 0 0 61.45368 1.28363
fb: -0.05052 0.80552 -0.56488 0.58547
fb: -0.04854 0.82454 -0.56488 0.58547
target: 0.00000 0.78486
dist/lin/ang/drive_left/drive_right/tv_l/tv_r/av_l/av_r/x/y/theta/t_err: 1.15126 0.00000 6.00000 -0.87308 0.77601 -0.54944 0.56314 -0.54944 0.56314 0 0 69.03747 1.15126
fb: -0.05229 0.83904 -0.56488 0.58547
fb: -0.05626 0.85346 -0.56488 0.58547
target: 0.00000 0.78486
dist/lin/ang/drive_left/drive_right/tv_l/tv_r/av_l/av_r/x/y/theta/t_err: 1.01616 0.00000 6.00000 -0.90972 0.79720 -0.55200 0.56656 -0.55200 0.56656 0 0 76.77804 1.01616
fb: -0.06597 0.86482 -0.56488 0.58547
fb: -0.08339 0.87492 -0.56488 0.58547
target: 0.00000 0.78486
dist/lin/ang/drive_left/drive_right/tv_l/tv_r/av_l/av_r/x/y/theta/t_err: 0.87889 0.00000 6.00000 -0.95831 0.79152 -0.54839 0.56586 -0.54839 0.56586 0 0 84.64333 0.87889
fb: -0.08141 0.88530 -0.56488 0.58547
fb: -0.07942 0.89331 -0.56488 0.58547
target: 0.00000 0.78486
dist/lin/ang/drive_left/drive_right/tv_l/tv_r/av_l/av_r/x/y/theta/t_err: 0.73925 0.00000 6.00000 -0.97273 0.81389 -0.54875 0.56656 -0.54875 0.56656 0 0 92.64434 0.73925
fb: -0.08141 0.90272 -0.56488 0.58547
fb: -0.08736 0.91066 -0.56488 0.58547
target: 0.00000 0.67172
dist/lin/ang/drive_left/drive_right/tv_l/tv_r/av_l/av_r/x/y/theta/t_err: 0.59710 0.00000 5.13509 -0.99803 0.82330 -0.55197 0.56672 -0.55197 0.56672 0 0 100.78851 0.59710
fb: -0.09707 0.92042 0.09810 -0.08956
fb: -0.09508 0.92940 0.09810 -0.08956
target: 0.00000 0.50823
dist/lin/ang/drive_left/drive_right/tv_l/tv_r/av_l/av_r/x/y/theta/t_err: 0.45178 0.00000 3.88527 -1.02449 0.83432 -0.27875 0.38344 -0.27875 0.38344 0 0 109.11520 0.45178
fb: -0.10457 0.93115 0.43421 -0.42894
fb: -0.11229 0.92251 0.43421 -0.42894
target: 0.00000 0.35061
dist/lin/ang/drive_left/drive_right/tv_l/tv_r/av_l/av_r/x/y/theta/t_err: 0.31166 0.00000 2.68031 -1.03480 0.81021 0.09583 -0.08400 0.09583 -0.08400 0 0 117.14295 0.31166
fb: -0.11053 0.88558 0.51340 -0.51128
fb: -0.09707 0.83701 0.51340 -0.51128
target: 0.00000 0.22280
dist/lin/ang/drive_left/drive_right/tv_l/tv_r/av_l/av_r/x/y/theta/t_err: 0.19805 0.00000 1.70323 -0.93409 0.73994 0.34922 -0.36464 0.34922 -0.36464 0 0 123.65259 0.19805
fb: -0.08340 0.78427 0.46490 -0.46534
fb: -0.09112 0.73557 0.46490 -0.46534
target: 0.00000 0.11548
dist/lin/ang/drive_left/drive_right/tv_l/tv_r/av_l/av_r/x/y/theta/t_err: 0.10266 0.00000 0.88284 -0.82669 0.64445 0.44419 -0.45889 0.44419 -0.45889 0 0 129.11827 0.10266
fb: -0.10083 0.68073 0.44457 -0.44715
fb: -0.11054 0.62450 0.44457 -0.44715
target: 0.00000 0.02909
dist/lin/ang/drive_left/drive_right/tv_l/tv_r/av_l/av_r/x/y/theta/t_err: 0.02585 0.00000 0.22235 -0.73504 0.51397 0.42881 -0.43925 0.42881 -0.43925 0 0 133.51865 0.02585
fb: -0.12996 0.56702 0.40833 -0.41264
fb: -0.13768 0.51086 0.40833 -0.41264
target: 0.00000 -0.03738
dist/lin/ang/drive_left/drive_right/tv_l/tv_r/av_l/av_r/x/y/theta/t_err: -0.03323 0.00000 -0.28577 -0.64854 0.37318 0.41717 -0.41253 0.41717 -0.41253 0 0 136.90391 -0.03323
fb: -0.13195 0.45582 0.36317 -0.36881
fb: -0.11253 0.40071 0.36317 -0.36881
target: 0.00000 -0.08559
dist/lin/ang/drive_left/drive_right/tv_l/tv_r/av_l/av_r/x/y/theta/t_err: -0.07609 0.00000 -0.65434 -0.51324 0.28817 0.37847 -0.37694 0.37847 -0.37694 0 0 139.35940 -0.07609
fb: -0.07370 0.34873 0.31333 -0.31993
fb: -0.04832 0.30281 0.31333 -0.31993
target: 0.00000 -0.11917
dist/lin/ang/drive_left/drive_right/tv_l/tv_r/av_l/av_r/x/y/theta/t_err: -0.10594 0.00000 -0.91105 -0.35113 0.25449 0.34053 -0.33450 0.34053 -0.33450 0 0 141.06969 -0.10594
fb: -0.04656 0.25487 0.26998 -0.27726
fb: -0.05252 0.19586 0.26998 -0.27726
target: 0.00000 -0.13289
dist/lin/ang/drive_left/drive_right/tv_l/tv_r/av_l/av_r/x/y/theta/t_err: -0.11813 0.00000 -1.01593 -0.24837 0.14334 0.29517 -0.28728 0.29517 -0.28728 0 0 141.76840 -0.11813
fb: -0.07171 0.13420 0.18980 -0.19735
fb: -0.08716 0.08243 0.18980 -0.19735
target: 0.00000 -0.12537
dist/lin/ang/drive_left/drive_right/tv_l/tv_r/av_l/av_r/x/y/theta/t_err: -0.11144 0.00000 -0.95839 -0.16959 -0.00473 0.24247 -0.23356 0.24247 -0.23356 0 0 141.38505 -0.11144
fb: -0.08341 0.04188 0.08915 -0.09655
fb: -0.07171 0.00885 0.08915 -0.09655
target: 0.00000 -0.11292
dist/lin/ang/drive_left/drive_right/tv_l/tv_r/av_l/av_r/x/y/theta/t_err: -0.10038 0.00000 -0.86327 -0.08056 -0.06287 0.16733 -0.15436 0.16733 -0.15436 0 0 140.75138 -0.10038
fb: -0.03862 -0.02125 0.05869 -0.06585
fb: -0.01567 -0.04020 0.05869 -0.06585
target: 0.00000 -0.09647
dist/lin/ang/drive_left/drive_right/tv_l/tv_r/av_l/av_r/x/y/theta/t_err: -0.08576 0.00000 -0.73752 0.02454 -0.05587 0.07906 -0.07972 0.07906 -0.07972 0 0 139.91357 -0.08576
fb: -0.01169 -0.04954 -0.04841 0.05137
fb: -0.00772 -0.05184 -0.04841 0.05137
target: 0.00000 -0.08532
dist/lin/ang/drive_left/drive_right/tv_l/tv_r/av_l/av_r/x/y/theta/t_err: -0.07584 0.00000 -0.65225 0.04412 -0.05956 0.03903 -0.01711 0.03903 -0.01711 0 0 139.34550 -0.07584
fb: -0.01743 -0.04773 0.04600 -0.05260
fb: -0.02516 -0.04271 0.04600 -0.05260
target: 0.00000 -0.07971
dist/lin/ang/drive_left/drive_right/tv_l/tv_r/av_l/av_r/x/y/theta/t_err: -0.07086 0.00000 -0.60937 0.01756 -0.06787 -0.02428 0.00806 -0.02428 0.00806 0 0 139.05979 -0.07086
fb: -0.01942 -0.03804 0.06719 -0.07367
fb: -0.01545 -0.03337 0.06719 -0.07367
target: 0.00000 -0.07572
dist/lin/ang/drive_left/drive_right/tv_l/tv_r/av_l/av_r/x/y/theta/t_err: -0.06731 0.00000 -0.57887 0.01793 -0.04882 0.04006 -0.05050 0.04006 -0.05050 0 0 138.85657 -0.06731
fb: -0.01169 -0.02857 0.07180 -0.07821
fb: -0.00794 -0.02362 0.07180 -0.07821
target: 0.00000 -0.07350
dist/lin/ang/drive_left/drive_right/tv_l/tv_r/av_l/av_r/x/y/theta/t_err: -0.06534 0.00000 -0.56192 0.01568 -0.03156 0.05939 -0.06792 0.05939 -0.06792 0 0 138.74367 -0.06534
fb: -0.00397 -0.01951 0.07830 -0.08466
fb: 0.00000 -0.01979 0.07830 -0.08466
target: 0.00000 -0.07090
dist/lin/ang/drive_left/drive_right/tv_l/tv_r/av_l/av_r/x/y/theta/t_err: -0.06302 0.00000 -0.54199 0.01979 -0.01979 0.06533 -0.07033 0.06533 -0.07033 0 0 138.61087 -0.06302
fb: 0.00000 -0.02480 0.07479 -0.08110
fb: -0.00375 -0.02843 0.07479 -0.08110
target: 0.00000 -0.06427
dist/lin/ang/drive_left/drive_right/tv_l/tv_r/av_l/av_r/x/y/theta/t_err: -0.05713 0.00000 -0.49132 0.02468 -0.03218 0.06467 -0.07275 0.06467 -0.07275 0 0 138.27330 -0.05713
fb: -0.00772 -0.02899 0.05226 -0.05844
fb: -0.00397 -0.02843 0.05226 -0.05844
target: 0.00000 -0.05938
dist/lin/ang/drive_left/drive_right/tv_l/tv_r/av_l/av_r/x/y/theta/t_err: -0.05278 0.00000 -0.45393 0.02446 -0.03240 0.05631 -0.06517 0.05631 -0.06517 0 0 138.02421 -0.05278
fb: 0.00000 -0.02752 0.05680 -0.06288
fb: 0.00000 -0.02529 0.05680 -0.06288
target: 0.00000 -0.05558
dist/lin/ang/drive_left/drive_right/tv_l/tv_r/av_l/av_r/x/y/theta/t_err: -0.04941 0.00000 -0.42489 0.02529 -0.02529 0.04742 -0.05033 0.04742 -0.05033 0 0 137.83073 -0.04941
fb: 0.00000 -0.02230 0.05917 -0.06517
fb: 0.00000 -0.01986 0.05917 -0.06517
target: 0.00000 -0.05321
dist/lin/ang/drive_left/drive_right/tv_l/tv_r/av_l/av_r/x/y/theta/t_err: -0.04730 0.00000 -0.40676 0.01986 -0.01986 0.04792 -0.05508 0.04792 -0.05508 0 0 137.70995 -0.04730
fb: 0.00000 -0.01902 0.06400 -0.06996
fb: 0.00000 -0.01867 0.06400 -0.06996
target: 0.00000 -0.05021
dist/lin/ang/drive_left/drive_right/tv_l/tv_r/av_l/av_r/x/y/theta/t_err: -0.04463 0.00000 -0.38384 0.01867 -0.01867 0.05081 -0.05458 0.05081 -0.05458 0 0 137.55725 -0.04463
fb: 0.00000 -0.01784 0.05917 -0.06507
fb: -0.00375 -0.01568 0.05917 -0.06507
target: 0.00000 -0.04805
dist/lin/ang/drive_left/drive_right/tv_l/tv_r/av_l/av_r/x/y/theta/t_err: -0.04271 0.00000 -0.36733 0.01193 -0.01943 0.05133 -0.05458 0.05133 -0.05458 0 0 137.44728 -0.04271
fb: -0.01942 -0.01540 0.06150 -0.06735
fb: -0.02913 -0.01470 0.06150 -0.06735
target: 0.00000 -0.04563
dist/lin/ang/drive_left/drive_right/tv_l/tv_r/av_l/av_r/x/y/theta/t_err: -0.04056 0.00000 -0.34882 -0.01443 -0.04383 0.04944 -0.05614 0.04944 -0.05614 0 0 137.32395 -0.04056
fb: -0.03288 -0.01763 0.05870 -0.06450
fb: -0.03111 -0.01930 0.05870 -0.06450
target: 0.00000 -0.04121
dist/lin/ang/drive_left/drive_right/tv_l/tv_r/av_l/av_r/x/y/theta/t_err: -0.03663 0.00000 -0.31505 -0.01181 -0.05041 0.05031 -0.05664 0.05031 -0.05664 0 0 137.09899 -0.03663
fb: -0.01942 -0.02167 0.04676 -0.05248
fb: -0.00772 -0.02334 0.04676 -0.05248
target: 0.00000 -0.03638
dist/lin/ang/drive_left/drive_right/tv_l/tv_r/av_l/av_r/x/y/theta/t_err: -0.03234 0.00000 -0.27811 0.01562 -0.03106 0.04328 -0.05253 0.04328 -0.05253 0 0 136.85284 -0.03234
fb: 0.00000 -0.02390 0.04165 -0.04727
fb: -0.00199 -0.02174 0.04165 -0.04727
final error was -2.05210
position: 0.37866 -1.02872 137.05210
took 0.96000 time to finish turn
increased to 180.00000
target: 0.00000 0.15697
dist/lin/ang/drive_left/drive_right/tv_l/tv_r/av_l/av_r/x/y/theta/t_err: 3.14158 0.00000 1.20000 0.00000 0.00000 0.00000 -0.00017 0.00000 -0.00017 0 0 0.00045 3.14158
fb: 0.00000 0.00000 -0.85057 0.85860
fb: 0.00000 0.00000 -0.85057 0.85860
target: 0.00000 0.31394
dist/lin/ang/drive_left/drive_right/tv_l/tv_r/av_l/av_r/x/y/theta/t_err: 3.14159 0.00000 2.40000 0.00000 0.00000 -0.06519 0.05133 -0.06519 0.05133 0 0 0.00007 3.14159
fb: 0.00000 0.00132 -0.95574 0.96691
fb: 0.00000 0.02905 -0.95574 0.96691
target: 0.00000 0.47092
dist/lin/ang/drive_left/drive_right/tv_l/tv_r/av_l/av_r/x/y/theta/t_err: 3.13274 0.00000 3.60000 -0.02905 0.02905 -0.42367 0.42400 -0.42367 0.42400 0 0 0.50730 3.13274
fb: 0.00000 0.07002 -1.00000 1.00000
fb: 0.00000 0.11065 -1.00000 1.00000
target: 0.00000 0.62789
dist/lin/ang/drive_left/drive_right/tv_l/tv_r/av_l/av_r/x/y/theta/t_err: 3.10193 0.00000 4.80000 -0.11065 0.11065 -0.43342 0.48081 -0.43342 0.48081 0 0 2.27271 3.10193
fb: 0.01169 0.14785 -1.00000 1.00000
fb: 0.01942 0.18123 -1.00000 1.00000
target: 0.00000 0.78486
dist/lin/ang/drive_left/drive_right/tv_l/tv_r/av_l/av_r/x/y/theta/t_err: 3.06219 0.00000 6.00000 -0.16181 0.20064 -0.55833 0.49469 -0.55833 0.49469 0 0 4.54929 3.06219
fb: 0.02140 0.21509 -1.00000 1.00000
fb: 0.02140 0.25285 -1.00000 1.00000
target: 0.00000 0.78486
dist/lin/ang/drive_left/drive_right/tv_l/tv_r/av_l/av_r/x/y/theta/t_err: 3.01162 0.00000 6.00000 -0.23145 0.27426 -0.70072 0.64883 -0.70072 0.64883 0 0 7.44703 3.01162
fb: 0.01545 0.29347 -0.56488 0.58547
fb: 0.02140 0.33138 -0.56488 0.58547
target: 0.00000 0.78486
dist/lin/ang/drive_left/drive_right/tv_l/tv_r/av_l/av_r/x/y/theta/t_err: 2.94766 0.00000 6.00000 -0.30997 0.35278 -0.63192 0.59856 -0.63192 0.59856 0 0 11.11139 2.94766
fb: 0.02913 0.36656 -0.56488 0.58547
fb: 0.01942 0.39158 -0.56488 0.58547
target: 0.00000 0.78486
dist/lin/ang/drive_left/drive_right/tv_l/tv_r/av_l/av_r/x/y/theta/t_err: 2.87749 0.00000 6.00000 -0.37216 0.41100 -0.33678 0.45736 -0.33678 0.45736 0 0 15.13200 2.87749
fb: 0.01169 0.41346 -0.56488 0.58547
fb: 0.01545 0.43875 -0.56488 0.58547
target: 0.00000 0.78486
dist/lin/ang/drive_left/drive_right/tv_l/tv_r/av_l/av_r/x/y/theta/t_err: 2.80262 0.00000 6.00000 -0.42330 0.45419 -0.50872 0.53369 -0.50872 0.53369 0 0 19.42198 2.80262
fb: 0.01169 0.47052 -0.56488 0.58547
fb: 0.00397 0.50201 -0.56488 0.58547
target: 0.00000 0.78486
dist/lin/ang/drive_left/drive_right/tv_l/tv_r/av_l/av_r/x/y/theta/t_err: 2.71516 0.00000 6.00000 -0.49804 0.50599 -0.54019 0.55764 -0.54019 0.55764 0 0 24.43275 2.71516
fb: 0.00000 0.53121 -0.56488 0.58547
fb: 0.00000 0.56228 -0.56488 0.58547
target: 0.00000 0.78486
dist/lin/ang/drive_left/drive_right/tv_l/tv_r/av_l/av_r/x/y/theta/t_err: 2.61926 0.00000 6.00000 -0.56228 0.56228 -0.54547 0.56258 -0.54547 0.56258 0 0 29.92767 2.61926
fb: 0.00000 0.59190 -0.56488 0.58547
fb: 0.00000 0.62227 -0.56488 0.58547
target: 0.00000 0.78486
dist/lin/ang/drive_left/drive_right/tv_l/tv_r/av_l/av_r/x/y/theta/t_err: 2.51422 0.00000 6.00000 -0.62227 0.62227 -0.54328 0.56161 -0.54328 0.56161 0 0 35.94606 2.51422
fb: 0.00177 0.65237 -0.56488 0.58547
fb: 0.00177 0.67690 -0.56488 0.58547
target: 0.00000 0.78486
dist/lin/ang/drive_left/drive_right/tv_l/tv_r/av_l/av_r/x/y/theta/t_err: 2.40163 0.00000 6.00000 -0.67513 0.67866 -0.54397 0.56331 -0.54397 0.56331 0 0 42.39674 2.40163
fb: 0.00000 0.69773 -0.56488 0.58547
fb: 0.00000 0.71773 -0.56488 0.58547
target: 0.00000 0.78486
dist/lin/ang/drive_left/drive_right/tv_l/tv_r/av_l/av_r/x/y/theta/t_err: 2.28527 0.00000 6.00000 -0.71773 0.71773 -0.54889 0.56344 -0.54889 0.56344 0 0 49.06360 2.28527
fb: 0.00000 0.73578 -0.56488 0.58547
fb: 0.00000 0.75452 -0.56488 0.58547
target: 0.00000 0.78486
dist/lin/ang/drive_left/drive_right/tv_l/tv_r/av_l/av_r/x/y/theta/t_err: 2.16404 0.00000 6.00000 -0.75452 0.75452 -0.54567 0.56397 -0.54567 0.56397 0 0 56.00985 2.16404
fb: 0.00000 0.77187 -0.56488 0.58547
fb: 0.00000 0.78922 -0.56488 0.58547
target: 0.00000 0.78486
dist/lin/ang/drive_left/drive_right/tv_l/tv_r/av_l/av_r/x/y/theta/t_err: 2.03784 0.00000 6.00000 -0.78922 0.78922 -0.54839 0.56175 -0.54839 0.56175 0 0 63.24041 2.03784
fb: -0.02317 0.80441 -0.56488 0.58547
fb: -0.04258 0.81813 -0.56488 0.58547
target: 0.00000 0.78486
dist/lin/ang/drive_left/drive_right/tv_l/tv_r/av_l/av_r/x/y/theta/t_err: 1.90825 0.00000 6.00000 -0.86071 0.77555 -0.55081 0.56139 -0.55081 0.56139 0 0 70.66514 1.90825
fb: -0.05626 0.83332 -0.56488 0.58547
fb: -0.06972 0.84733 -0.56488 0.58547
target: 0.00000 0.78486
dist/lin/ang/drive_left/drive_right/tv_l/tv_r/av_l/av_r/x/y/theta/t_err: 1.77407 0.00000 6.00000 -0.91704 0.77761 -0.55061 0.56328 -0.55061 0.56328 0 0 78.35346 1.77407
fb: -0.06199 0.86091 -0.56488 0.58547
fb: -0.05251 0.87352 -0.56488 0.58547
target: 0.00000 0.78486
dist/lin/ang/drive_left/drive_right/tv_l/tv_r/av_l/av_r/x/y/theta/t_err: 1.63647 0.00000 6.00000 -0.92603 0.82102 -0.54686 0.56567 -0.54686 0.56567 0 0 86.23713 1.63647
fb: -0.05052 0.88635 -0.56488 0.58547
fb: -0.05802 0.89617 -0.56488 0.58547
target: 0.00000 0.78486
dist/lin/ang/drive_left/drive_right/tv_l/tv_r/av_l/av_r/x/y/theta/t_err: 1.49598 0.00000 6.00000 -0.95419 0.83815 -0.54636 0.56519 -0.54636 0.56519 0 0 94.28667 1.49598
fb: -0.06596 0.90369 -0.56488 0.58547
fb: -0.08935 0.91059 -0.56488 0.58547
target: 0.00000 0.78486
dist/lin/ang/drive_left/drive_right/tv_l/tv_r/av_l/av_r/x/y/theta/t_err: 1.35473 0.00000 6.00000 -0.99994 0.82124 -0.54825 0.56500 -0.54825 0.56500 0 0 102.37994 1.35473
fb: -0.11626 0.91359 -0.56488 0.58547
fb: -0.12994 0.92334 -0.56488 0.58547
target: 0.00000 0.78486
dist/lin/ang/drive_left/drive_right/tv_l/tv_r/av_l/av_r/x/y/theta/t_err: 1.21199 0.00000 6.00000 -1.05328 0.79340 -0.54961 0.56467 -0.54961 0.56467 0 0 110.55791 1.21199
fb: -0.12994 0.93115 -0.56488 0.58547
fb: -0.12597 0.94055 -0.56488 0.58547
target: 0.00000 0.78486
dist/lin/ang/drive_left/drive_right/tv_l/tv_r/av_l/av_r/x/y/theta/t_err: 1.06572 0.00000 6.00000 -1.06652 0.81458 -0.55214 0.56706 -0.55214 0.56706 0 0 118.93871 1.06572
fb: -0.11825 0.94919 -0.56488 0.58547
fb: -0.10656 0.95421 -0.56488 0.58547
target: 0.00000 0.78486
dist/lin/ang/drive_left/drive_right/tv_l/tv_r/av_l/av_r/x/y/theta/t_err: 0.91777 0.00000 6.00000 -1.06076 0.84765 -0.55097 0.56533 -0.55097 0.56533 0 0 127.41542 0.91777
fb: -0.10280 0.95985 -0.56488 0.58547
fb: -0.09905 0.96166 -0.56488 0.58547
target: 0.00000 0.78486
dist/lin/ang/drive_left/drive_right/tv_l/tv_r/av_l/av_r/x/y/theta/t_err: 0.76962 0.00000 6.00000 -1.06072 0.86261 -0.55286 0.56414 -0.55286 0.56414 0 0 135.90384 0.76962
fb: -0.10280 0.96473 -0.56488 0.58547
fb: -0.11229 0.96612 -0.56488 0.58547
target: 0.00000 0.69900
dist/lin/ang/drive_left/drive_right/tv_l/tv_r/av_l/av_r/x/y/theta/t_err: 0.62135 0.00000 5.34361 -1.07841 0.85383 -0.55200 0.56383 -0.55200 0.56383 0 0 144.39929 0.62135
fb: -0.11428 0.96926 -0.12097 0.13984
fb: -0.12222 0.97323 -0.12097 0.13984
target: 0.00000 0.53034
dist/lin/ang/drive_left/drive_right/tv_l/tv_r/av_l/av_r/x/y/theta/t_err: 0.47142 0.00000 4.05424 -1.09545 0.85101 -0.48836 0.52053 -0.48836 0.52053 0 0 152.98944 0.47142
fb: -0.12994 0.97086 0.44268 -0.43696
fb: -0.14163 0.96090 0.44268 -0.43696
target: 0.00000 0.36740
dist/lin/ang/drive_left/drive_right/tv_l/tv_r/av_l/av_r/x/y/theta/t_err: 0.32659 0.00000 2.80864 -1.10253 0.81927 -0.16289 0.17522 -0.16289 0.17522 0 0 161.28799 0.32659
fb: -0.16105 0.94696 0.52608 -0.52363
fb: -0.15509 0.90467 0.52608 -0.52363
target: 0.00000 0.22191
dist/lin/ang/drive_left/drive_right/tv_l/tv_r/av_l/av_r/x/y/theta/t_err: 0.19726 0.00000 1.69644 -1.05976 0.74958 0.26075 -0.26867 0.26075 -0.26867 0 0 168.69780 0.19726
fb: -0.12597 0.84956 0.54503 -0.54549
fb: -0.10855 0.79660 0.54503 -0.54549
target: 0.00000 0.10557
dist/lin/ang/drive_left/drive_right/tv_l/tv_r/av_l/av_r/x/y/theta/t_err: 0.09384 0.00000 0.80707 -0.90515 0.68806 0.40211 -0.42708 0.40211 -0.42708 0 0 174.62308 0.09384
fb: -0.10458 0.73975 0.49182 -0.49460
fb: -0.11627 0.68247 0.49182 -0.49460
target: 0.00000 0.00982
dist/lin/ang/drive_left/drive_right/tv_l/tv_r/av_l/av_r/x/y/theta/t_err: 0.00873 0.00000 0.07507 -0.79875 0.56620 0.44422 -0.46336 0.44422 -0.46336 0 0 179.49984 0.00873
fb: -0.14563 0.68247 0.46333 -0.46803
fb: -0.16681 0.62492 0.46333 -0.46803
target: 0.00000 -0.03063
dist/lin/ang/drive_left/drive_right/tv_l/tv_r/av_l/av_r/x/y/theta/t_err: -0.02722 0.00000 -0.23413 -0.79173 0.45811 0.46300 -0.45222 0.46300 -0.45222 0 0 181.55987 -0.02722
fb: -0.17453 0.62492 0.24156 -0.24706
fb: -0.16677 0.46641 0.24156 -0.24706
target: 0.00000 -0.03163
dist/lin/ang/drive_left/drive_right/tv_l/tv_r/av_l/av_r/x/y/theta/t_err: -0.02812 0.00000 -0.24180 -0.63318 0.29964 0.42228 -0.41236 0.42228 -0.41236 0 0 181.61094 -0.02812
fb: -0.15110 0.46641 0.06473 -0.07025
WARNING - pros.serial.terminal.terminal:reader - Connection to /dev/ttyACM1 broken - pros-cli version:3.5.6
WARNING - pros.serial.terminal.terminal:stop - Stopping terminal - pros-cli version:3.5.6

[tomas@nixbtw:~/projects/Robotics/current/Cognex]$ t
Not sending analytics for this command.

Established terminal connection



  _____  _____   ____   _____
 |  __ \|  __ \ / __ \ / ____|          Powered by PROS for VEX V5
 | |__) | |__) | |  | | (___      Version:                          4.2.1
 |  ___/|  _  /| |  | |\___ \     Uptime:                        42.305 s
 | |    | | \ \| |__| |____) |    Compiled:          Jan  1 1980 00:00:00
 |_|    |_|  \_\\____/|_____/     Directory:


WARNING - pros.serial.terminal.terminal:reader - Connection to /dev/ttyACM1 broken - pros-cli version:3.5.6
WARNING - pros.serial.terminal.terminal:stop - Stopping terminal - pros-cli version:3.5.6

[tomas@nixbtw:~/projects/Robotics/current/Cognex]$ t
Not sending analytics for this command.

ERROR - pros.cli.common:resolve_v5_port - No v5 ports were found! If you think you have a v5 plugged in, run this command again with the --debug flag - pros-cli version:3.5.6
Sentry is attempting to send 1 pending events
Waiting up to 2 seconds
Press Ctrl-C to quit

[tomas@nixbtw:~/projects/Robotics/current/Cognex]$

[tomas@nixbtw:~/projects/Robotics/current/Cognex]$ t
Not sending analytics for this command.

Established terminal connection



  _____  _____   ____   _____
 |  __ \|  __ \ / __ \ / ____|          Powered by PROS for VEX V5
 | |__) | |__) | |  | | (___      Version:                          4.2.1
 |  ___/|  _  /| |  | |\___ \     Uptime:                        57.213 s
 | |    | | \ \| |__| |____) |    Compiled:          Jan  1 1980 00:00:00
 |_|    |_|  \_\\____/|_____/     Directory:


decreased to 135.00000
decreased to 90.00000
increased kd to 0.20000
increased kd to 0.40000
increased kd to 0.60000
increased kd to 0.80000
increased kd to 1.00000
increased kd to 1.20000
target: 0.00000 0.15697
dist/lin/ang/drive_left/drive_right/tv_l/tv_r/av_l/av_r/x/y/theta/t_err: 1.57080 0.00000 1.20000 0.00000 0.00000 0.00000 -0.00033 0.00000 -0.00033 0 0 -0.00016 1.57080
fb: 0.00000 0.00000 -0.85057 0.85860
fb: 0.00000 0.00000 -0.85057 0.85860
target: 0.00000 0.31394
dist/lin/ang/drive_left/drive_right/tv_l/tv_r/av_l/av_r/x/y/theta/t_err: 1.57080 0.00000 2.40000 0.00000 0.00000 -0.06058 0.06639 -0.06058 0.06639 0 0 -0.00009 1.57080
fb: 0.00000 0.00000 -0.95574 0.96691
fb: 0.00000 0.00975 -0.95574 0.96691
target: 0.00000 0.47092
dist/lin/ang/drive_left/drive_right/tv_l/tv_r/av_l/av_r/x/y/theta/t_err: 1.56784 0.00000 3.60000 -0.00975 0.00975 -0.49281 0.43786 -0.49281 0.43786 0 0 0.16955 1.56784
fb: 0.00000 0.04599 -1.00000 1.00000
fb: 0.00000 0.09044 -1.00000 1.00000
target: 0.00000 0.62789
dist/lin/ang/drive_left/drive_right/tv_l/tv_r/av_l/av_r/x/y/theta/t_err: 1.54022 0.00000 4.80000 -0.09044 0.09044 -0.54958 0.29550 -0.54958 0.29550 0 0 1.75187 1.54022
fb: 0.00000 0.12131 -1.00000 1.00000
fb: 0.00000 0.15134 -1.00000 1.00000
target: 0.00000 0.78486
dist/lin/ang/drive_left/drive_right/tv_l/tv_r/av_l/av_r/x/y/theta/t_err: 1.50702 0.00000 6.00000 -0.15134 0.15134 -0.34750 0.56003 -0.34750 0.56003 0 0 3.65430 1.50702
fb: 0.00000 0.18241 -1.00000 1.00000
fb: 0.00000 0.21613 -1.00000 1.00000
target: 0.00000 0.78486
dist/lin/ang/drive_left/drive_right/tv_l/tv_r/av_l/av_r/x/y/theta/t_err: 1.46326 0.00000 6.00000 -0.21613 0.21613 -0.65361 0.61256 -0.65361 0.61256 0 0 6.16111 1.46326
fb: 0.00000 0.25487 -0.56488 0.58547
fb: 0.00000 0.29104 -0.56488 0.58547
target: 0.00000 0.78486
dist/lin/ang/drive_left/drive_right/tv_l/tv_r/av_l/av_r/x/y/theta/t_err: 1.40600 0.00000 6.00000 -0.29104 0.29104 -0.61375 0.59014 -0.61375 0.59014 0 0 9.44202 1.40600
fb: 0.00000 0.32343 -0.56488 0.58547
fb: 0.00000 0.35319 -0.56488 0.58547
target: 0.00000 0.78486
dist/lin/ang/drive_left/drive_right/tv_l/tv_r/av_l/av_r/x/y/theta/t_err: 1.34164 0.00000 6.00000 -0.35319 0.35319 -0.37542 0.37917 -0.37542 0.37917 0 0 13.12976 1.34164
fb: 0.00000 0.37444 -0.56488 0.58547
fb: 0.00000 0.39701 -0.56488 0.58547
target: 0.00000 0.78486
dist/lin/ang/drive_left/drive_right/tv_l/tv_r/av_l/av_r/x/y/theta/t_err: 1.27385 0.00000 6.00000 -0.39701 0.39701 -0.51811 0.52481 -0.51811 0.52481 0 0 17.01357 1.27385
fb: 0.00000 0.42412 -0.56488 0.58547
fb: 0.00000 0.45456 -0.56488 0.58547
target: 0.00000 0.78486
dist/lin/ang/drive_left/drive_right/tv_l/tv_r/av_l/av_r/x/y/theta/t_err: 1.19482 0.00000 6.00000 -0.45456 0.45456 -0.54258 0.55631 -0.54258 0.55631 0 0 21.54195 1.19482
fb: 0.00000 0.48606 -0.56488 0.58547
fb: 0.00000 0.51811 -0.56488 0.58547
target: 0.00000 0.78486
dist/lin/ang/drive_left/drive_right/tv_l/tv_r/av_l/av_r/x/y/theta/t_err: 1.10506 0.00000 6.00000 -0.51811 0.51811 -0.54344 0.55986 -0.54344 0.55986 0 0 26.68467 1.10506
fb: 0.00000 0.54619 -0.56488 0.58547
fb: 0.00000 0.57524 -0.56488 0.58547
target: 0.00000 0.78486
dist/lin/ang/drive_left/drive_right/tv_l/tv_r/av_l/av_r/x/y/theta/t_err: 1.00780 0.00000 6.00000 -0.57524 0.57524 -0.54500 0.56003 -0.54500 0.56003 0 0 32.25734 1.00780
fb: 0.00000 0.60374 -0.56488 0.58547
fb: 0.00000 0.62966 -0.56488 0.58547
target: 0.00000 0.78486
dist/lin/ang/drive_left/drive_right/tv_l/tv_r/av_l/av_r/x/y/theta/t_err: 0.90253 0.00000 6.00000 -0.62966 0.62966 -0.54567 0.56142 -0.54567 0.56142 0 0 38.28911 0.90253
fb: 0.00000 0.65405 -0.56488 0.58547
fb: 0.00000 0.67795 -0.56488 0.58547
target: 0.00000 0.78486
dist/lin/ang/drive_left/drive_right/tv_l/tv_r/av_l/av_r/x/y/theta/t_err: 0.79100 0.00000 6.00000 -0.67795 0.67795 -0.54772 0.56311 -0.54772 0.56311 0 0 44.67887 0.79100
fb: 0.00000 0.69975 -0.56488 0.58547
fb: 0.00000 0.72184 -0.56488 0.58547
target: 0.00000 0.71163
dist/lin/ang/drive_left/drive_right/tv_l/tv_r/av_l/av_r/x/y/theta/t_err: 0.67355 0.00000 5.44017 -0.72184 0.72184 -0.54669 0.56192 -0.54669 0.56192 0 0 51.40842 0.67355
fb: 0.00000 0.74156 -0.18627 0.20540
fb: 0.00000 0.76079 -0.18627 0.20540
target: 0.00000 0.57167
dist/lin/ang/drive_left/drive_right/tv_l/tv_r/av_l/av_r/x/y/theta/t_err: 0.55094 0.00000 4.37026 -0.76079 0.76079 -0.43703 0.56483 -0.43703 0.56483 0 0 58.43345 0.55094
fb: 0.00000 0.77591 0.28580 -0.27926
fb: 0.00000 0.77584 0.28580 -0.27926
target: 0.00000 0.43595
dist/lin/ang/drive_left/drive_right/tv_l/tv_r/av_l/av_r/x/y/theta/t_err: 0.42978 0.00000 3.33267 -0.77584 0.77584 -0.13278 0.21525 -0.13278 0.21525 0 0 65.37522 0.42978
fb: -0.01942 0.76831 0.35771 -0.35388
fb: -0.04457 0.74818 0.35771 -0.35388
target: 0.00000 0.31714
dist/lin/ang/drive_left/drive_right/tv_l/tv_r/av_l/av_r/x/y/theta/t_err: 0.32015 0.00000 2.42441 -0.79275 0.70361 0.24294 -0.19967 0.24294 -0.19967 0 0 71.65664 0.32015
fb: -0.05030 0.70540 0.36118 -0.35973
fb: -0.06023 0.64311 0.36118 -0.35973
target: 0.00000 0.23784
dist/lin/ang/drive_left/drive_right/tv_l/tv_r/av_l/av_r/x/y/theta/t_err: 0.23954 0.00000 1.81823 -0.70334 0.58287 0.32150 -0.31158 0.32150 -0.31158 0 0 76.27525 0.23954
fb: -0.06994 0.58730 0.23649 -0.23663
fb: -0.09289 0.52898 0.23649 -0.23663
target: 0.00000 0.17596
dist/lin/ang/drive_left/drive_right/tv_l/tv_r/av_l/av_r/x/y/theta/t_err: 0.17791 0.00000 1.34513 -0.62187 0.43609 0.29978 -0.30353 0.29978 -0.30353 0 0 79.80653 0.17791
fb: -0.10657 0.47923 0.19962 -0.20100
fb: -0.10084 0.43269 0.19962 -0.20100
target: 0.00000 0.12456
dist/lin/ang/drive_left/drive_right/tv_l/tv_r/av_l/av_r/x/y/theta/t_err: 0.12810 0.00000 0.95220 -0.53352 0.33185 0.21236 -0.22039 0.21236 -0.22039 0 0 82.66056 0.12810
fb: -0.08539 0.38586 0.18686 -0.18927
fb: -0.05053 0.33814 0.18686 -0.18927
target: 0.00000 0.08990
dist/lin/ang/drive_left/drive_right/tv_l/tv_r/av_l/av_r/x/y/theta/t_err: 0.09238 0.00000 0.68727 -0.38867 0.28761 0.17675 -0.18581 0.17675 -0.18581 0 0 84.70726 0.09238
fb: -0.03288 0.28644 0.13474 -0.13784
fb: -0.04259 0.22777 0.13474 -0.13784
target: 0.00000 0.07930
dist/lin/ang/drive_left/drive_right/tv_l/tv_r/av_l/av_r/x/y/theta/t_err: 0.07615 0.00000 0.60620 -0.27036 0.18518 0.15228 -0.15450 0.15228 -0.15450 0 0 85.63701 0.07615
fb: -0.06223 0.16555 -0.04443 0.05091
fb: -0.08539 0.11051 -0.04443 0.05091
target: 0.00000 0.09038
dist/lin/ang/drive_left/drive_right/tv_l/tv_r/av_l/av_r/x/y/theta/t_err: 0.07925 0.00000 0.69090 -0.19590 0.02511 0.06622 -0.06092 0.06622 -0.06092 0 0 85.45909 0.07925
fb: -0.09687 0.06905 -0.14944 0.15614
fb: -0.07767 0.04961 -0.14944 0.15614
target: 0.00000 0.09376
dist/lin/ang/drive_left/drive_right/tv_l/tv_r/av_l/av_r/x/y/theta/t_err: 0.08228 0.00000 0.71674 -0.12728 -0.02806 -0.07458 0.07750 -0.07458 0.07750 0 0 85.28546 0.08228
fb: -0.05428 0.04383 -0.11705 0.12382
fb: -0.03862 0.03972 -0.11705 0.12382
target: 0.00000 0.08570
dist/lin/ang/drive_left/drive_right/tv_l/tv_r/av_l/av_r/x/y/theta/t_err: 0.07776 0.00000 0.65513 -0.07833 0.00110 -0.12286 0.13414 -0.12286 0.13414 0 0 85.54487 0.07776
fb: -0.04259 0.03916 -0.06017 0.06678
fb: -0.03111 0.03700 -0.06017 0.06678
target: 0.00000 0.07937
dist/lin/ang/drive_left/drive_right/tv_l/tv_r/av_l/av_r/x/y/theta/t_err: 0.07241 0.00000 0.60674 -0.06811 0.00588 -0.09733 0.09892 -0.09733 0.09892 0 0 85.85096 0.07241
fb: -0.01567 0.03930 -0.06372 0.07020
fb: -0.03111 0.04062 -0.06372 0.07020
target: 0.00000 0.07098
dist/lin/ang/drive_left/drive_right/tv_l/tv_r/av_l/av_r/x/y/theta/t_err: 0.06551 0.00000 0.54262 -0.07173 0.00951 -0.06636 0.06056 -0.06636 0.06056 0 0 86.24683 0.06551
fb: -0.03884 0.04243 -0.04883 0.05515
fb: -0.04259 0.04076 -0.04883 0.05515
target: 0.00000 0.06405
dist/lin/ang/drive_left/drive_right/tv_l/tv_r/av_l/av_r/x/y/theta/t_err: 0.05915 0.00000 0.48966 -0.08335 -0.00183 -0.05167 0.05508 -0.05167 0.05508 0 0 86.61080 0.05915
fb: -0.03685 0.03630 -0.05076 0.05694
fb: -0.01743 0.03303 -0.05076 0.05694
target: 0.00000 0.06097
dist/lin/ang/drive_left/drive_right/tv_l/tv_r/av_l/av_r/x/y/theta/t_err: 0.05548 0.00000 0.46611 -0.05046 0.01559 -0.04417 0.04636 -0.04417 0.04636 0 0 86.82121 0.05548
fb: -0.00375 0.02878 -0.06602 0.07213
fb: 0.00000 0.02578 -0.06602 0.07213
target: 0.00000 0.05832
dist/lin/ang/drive_left/drive_right/tv_l/tv_r/av_l/av_r/x/y/theta/t_err: 0.05278 0.00000 0.44580 -0.02578 0.02578 -0.04964 0.05267 -0.04964 0.05267 0 0 86.97595 0.05278
fb: -0.00397 0.02181 -0.06614 0.07220
fb: -0.00772 0.02076 -0.06614 0.07220
target: 0.00000 0.05599
dist/lin/ang/drive_left/drive_right/tv_l/tv_r/av_l/av_r/x/y/theta/t_err: 0.05055 0.00000 0.42806 -0.02849 0.01304 -0.05525 0.06367 -0.05525 0.06367 0 0 87.10362 0.05055
fb: -0.00772 0.02055 -0.06609 0.07211
fb: -0.01169 0.01937 -0.06609 0.07211
target: 0.00000 0.05268
dist/lin/ang/drive_left/drive_right/tv_l/tv_r/av_l/av_r/x/y/theta/t_err: 0.04779 0.00000 0.40273 -0.03106 0.00767 -0.05475 0.06367 -0.05475 0.06367 0 0 87.26174 0.04779
fb: -0.00772 0.01700 -0.05941 0.06536
fb: 0.00000 0.01435 -0.05941 0.06536
target: 0.00000 0.05171
dist/lin/ang/drive_left/drive_right/tv_l/tv_r/av_l/av_r/x/y/theta/t_err: 0.04644 0.00000 0.39534 -0.01435 0.01435 -0.05372 0.05850 -0.05372 0.05850 0 0 87.33913 0.04644
fb: -0.00199 0.01247 -0.06932 0.07525
fb: -0.00199 0.01003 -0.06932 0.07525
target: 0.00000 0.05097
dist/lin/ang/drive_left/drive_right/tv_l/tv_r/av_l/av_r/x/y/theta/t_err: 0.04560 0.00000 0.38965 -0.01202 0.00805 -0.04636 0.05733 -0.04636 0.05733 0 0 87.38726 0.04560
fb: 0.00000 0.00843 -0.06982 0.07573
fb: 0.00000 0.00725 -0.06982 0.07573
target: 0.00000 0.05033
dist/lin/ang/drive_left/drive_right/tv_l/tv_r/av_l/av_r/x/y/theta/t_err: 0.04496 0.00000 0.38479 -0.00725 0.00725 -0.05375 0.06367 -0.05375 0.06367 0 0 87.42370 0.04496
fb: 0.00000 0.00599 -0.06989 0.07579
fb: 0.00000 0.00446 -0.06989 0.07579
target: 0.00000 0.05028
dist/lin/ang/drive_left/drive_right/tv_l/tv_r/av_l/av_r/x/y/theta/t_err: 0.04477 0.00000 0.38439 -0.00446 0.00446 -0.05392 0.06450 -0.05392 0.06450 0 0 87.43510 0.04477
fb: 0.00000 0.00327 -0.07248 0.07838
fb: 0.00000 0.00244 -0.07248 0.07838
target: 0.00000 0.05035
dist/lin/ang/drive_left/drive_right/tv_l/tv_r/av_l/av_r/x/y/theta/t_err: 0.04476 0.00000 0.38489 -0.00244 0.00244 -0.05392 0.06433 -0.05392 0.06433 0 0 87.43557 0.04476
fb: 0.00000 0.00188 -0.07305 0.07895
fb: 0.00000 0.00160 -0.07305 0.07895
target: 0.00000 0.05023
dist/lin/ang/drive_left/drive_right/tv_l/tv_r/av_l/av_r/x/y/theta/t_err: 0.04468 0.00000 0.38398 -0.00160 0.00160 -0.06333 0.06383 -0.06333 0.06383 0 0 87.44021 0.04468
fb: 0.00000 0.00146 -0.07214 0.07804
fb: -0.00199 0.00160 -0.07214 0.07804
target: 0.00000 0.04992
dist/lin/ang/drive_left/drive_right/tv_l/tv_r/av_l/av_r/x/y/theta/t_err: 0.04446 0.00000 0.38165 -0.00359 -0.00038 -0.06433 0.06400 -0.06433 0.06400 0 0 87.45290 0.04446
fb: -0.00199 0.00188 -0.07110 0.07700
fb: 0.00000 0.00174 -0.07110 0.07700
target: 0.00000 0.04956
dist/lin/ang/drive_left/drive_right/tv_l/tv_r/av_l/av_r/x/y/theta/t_err: 0.04416 0.00000 0.37887 -0.00174 0.00174 -0.06433 0.06367 -0.06433 0.06367 0 0 87.46993 0.04416
fb: 0.00000 0.00181 -0.07059 0.07647
fb: -0.00177 0.00174 -0.07059 0.07647
target: 0.00000 0.04926
dist/lin/ang/drive_left/drive_right/tv_l/tv_r/av_l/av_r/x/y/theta/t_err: 0.04389 0.00000 0.37661 -0.00351 -0.00002 -0.06417 0.06383 -0.06417 0.06383 0 0 87.48546 0.04389
fb: -0.00177 0.00174 -0.07070 0.07658
fb: 0.00000 0.00167 -0.07070 0.07658
target: 0.00000 0.04899
dist/lin/ang/drive_left/drive_right/tv_l/tv_r/av_l/av_r/x/y/theta/t_err: 0.04363 0.00000 0.37449 -0.00167 0.00167 -0.06400 0.06367 -0.06400 0.06367 0 0 87.49999 0.04363
fb: 0.00000 0.00174 -0.07059 0.07647
fb: 0.00000 0.00202 -0.07059 0.07647
target: 0.00000 0.04853
dist/lin/ang/drive_left/drive_right/tv_l/tv_r/av_l/av_r/x/y/theta/t_err: 0.04327 0.00000 0.37100 -0.00202 0.00202 -0.06383 0.06400 -0.06383 0.06400 0 0 87.52096 0.04327
fb: 0.00000 0.00209 -0.06949 0.07535
fb: 0.00000 0.00258 -0.06949 0.07535
target: 0.00000 0.04796
dist/lin/ang/drive_left/drive_right/tv_l/tv_r/av_l/av_r/x/y/theta/t_err: 0.04279 0.00000 0.36660 -0.00258 0.00258 -0.06400 0.06367 -0.06400 0.06367 0 0 87.54810 0.04279
fb: 0.00000 0.00272 -0.06857 0.07442
fb: 0.00000 0.00244 -0.06857 0.07442
final error was 2.47369
position: -0.11958 -0.56481 87.52631
took 0.92000 time to finish turn
increased kp to 8.70000
increased kp to 8.80000
increased kp to 8.90000
increased kp to 9.00000
increased kp to 9.10000
target: 0.00000 0.15697
dist/lin/ang/drive_left/drive_right/tv_l/tv_r/av_l/av_r/x/y/theta/t_err: 1.57080 0.00000 1.20000 0.00000 0.00000 -0.00017 -0.00033 -0.00017 -0.00033 0 0 -0.00030 1.57080
fb: 0.00000 0.00000 -0.85057 0.85860
fb: 0.00000 0.00000 -0.85057 0.85860
target: 0.00000 0.31394
dist/lin/ang/drive_left/drive_right/tv_l/tv_r/av_l/av_r/x/y/theta/t_err: 1.57080 0.00000 2.40000 0.00000 0.00000 -0.06125 0.08453 -0.06125 0.08453 0 0 -0.00043 1.57080
fb: 0.00000 0.00000 -0.95574 0.96691
fb: 0.00000 0.00307 -0.95574 0.96691
target: 0.00000 0.47092
dist/lin/ang/drive_left/drive_right/tv_l/tv_r/av_l/av_r/x/y/theta/t_err: 1.56987 0.00000 3.60000 -0.00307 0.00307 -0.47208 0.39317 -0.47208 0.39317 0 0 0.05333 1.56987
fb: 0.00000 0.02341 -1.00000 1.00000
fb: 0.00000 0.07086 -1.00000 1.00000
target: 0.00000 0.62789
dist/lin/ang/drive_left/drive_right/tv_l/tv_r/av_l/av_r/x/y/theta/t_err: 1.54789 0.00000 4.80000 -0.07086 0.07086 -0.59172 0.38497 -0.59172 0.38497 0 0 1.31268 1.54789
fb: 0.00000 0.11887 -1.00000 1.00000
fb: 0.00000 0.14855 -1.00000 1.00000
target: 0.00000 0.78486
dist/lin/ang/drive_left/drive_right/tv_l/tv_r/av_l/av_r/x/y/theta/t_err: 1.51170 0.00000 6.00000 -0.14855 0.14855 -0.43647 0.47464 -0.43647 0.47464 0 0 3.38611 1.51170
fb: 0.00000 0.18192 -1.00000 1.00000
fb: 0.00000 0.21725 -1.00000 1.00000
target: 0.00000 0.78486
dist/lin/ang/drive_left/drive_right/tv_l/tv_r/av_l/av_r/x/y/theta/t_err: 1.46690 0.00000 6.00000 -0.21725 0.21725 -0.68067 0.60281 -0.68067 0.60281 0 0 5.95274 1.46690
fb: 0.00000 0.25676 -0.56488 0.58547
fb: 0.00000 0.29403 -0.56488 0.58547
target: 0.00000 0.78486
dist/lin/ang/drive_left/drive_right/tv_l/tv_r/av_l/av_r/x/y/theta/t_err: 1.40900 0.00000 6.00000 -0.29403 0.29403 -0.69986 0.54756 -0.69986 0.54756 0 0 9.27034 1.40900
fb: 0.00000 0.33389 -0.56488 0.58547
fb: 0.00000 0.36747 -0.56488 0.58547
target: 0.00000 0.78486
dist/lin/ang/drive_left/drive_right/tv_l/tv_r/av_l/av_r/x/y/theta/t_err: 1.34035 0.00000 6.00000 -0.36747 0.36747 -0.50442 0.48408 -0.50442 0.48408 0 0 13.20374 1.34035
fb: 0.00000 0.39520 -0.56488 0.58547
fb: 0.00000 0.42551 -0.56488 0.58547
target: 0.00000 0.78486
dist/lin/ang/drive_left/drive_right/tv_l/tv_r/av_l/av_r/x/y/theta/t_err: 1.26579 0.00000 6.00000 -0.42551 0.42551 -0.53694 0.54961 -0.53694 0.54961 0 0 17.47531 1.26579
fb: 0.00000 0.45617 -0.56488 0.58547
fb: 0.00000 0.48655 -0.56488 0.58547
target: 0.00000 0.78486
dist/lin/ang/drive_left/drive_right/tv_l/tv_r/av_l/av_r/x/y/theta/t_err: 1.18127 0.00000 6.00000 -0.48655 0.48655 -0.54308 0.55969 -0.54308 0.55969 0 0 22.31816 1.18127
fb: 0.00000 0.51832 -0.56488 0.58547
fb: 0.00000 0.54654 -0.56488 0.58547
target: 0.00000 0.78486
dist/lin/ang/drive_left/drive_right/tv_l/tv_r/av_l/av_r/x/y/theta/t_err: 1.08769 0.00000 6.00000 -0.54654 0.54654 -0.54600 0.56106 -0.54600 0.56106 0 0 27.68009 1.08769
fb: 0.00000 0.57232 -0.56488 0.58547
fb: 0.00000 0.60019 -0.56488 0.58547
target: 0.00000 0.78486
dist/lin/ang/drive_left/drive_right/tv_l/tv_r/av_l/av_r/x/y/theta/t_err: 0.98719 0.00000 6.00000 -0.60019 0.60019 -0.54653 0.56261 -0.54653 0.56261 0 0 33.43831 0.98719
fb: 0.00000 0.62673 -0.56488 0.58547
fb: 0.00000 0.65133 -0.56488 0.58547
target: 0.00000 0.78486
dist/lin/ang/drive_left/drive_right/tv_l/tv_r/av_l/av_r/x/y/theta/t_err: 0.87922 0.00000 6.00000 -0.65133 0.65133 -0.54997 0.56225 -0.54997 0.56225 0 0 39.62427 0.87922
fb: 0.00000 0.67572 -0.56488 0.58547
fb: 0.00000 0.69899 -0.56488 0.58547
target: 0.00000 0.78486
dist/lin/ang/drive_left/drive_right/tv_l/tv_r/av_l/av_r/x/y/theta/t_err: 0.76458 0.00000 6.00000 -0.69899 0.69899 -0.54942 0.56347 -0.54942 0.56347 0 0 46.19259 0.76458
fb: 0.00000 0.71940 -0.56488 0.58547
fb: 0.00000 0.74058 -0.56488 0.58547
target: 0.00000 0.72035
dist/lin/ang/drive_left/drive_right/tv_l/tv_r/av_l/av_r/x/y/theta/t_err: 0.64468 0.00000 5.50683 -0.74058 0.74058 -0.54703 0.56261 -0.54703 0.56261 0 0 53.06279 0.64468
fb: 0.00000 0.76211 -0.23135 0.25065
fb: -0.02339 0.77904 -0.23135 0.25065
target: 0.00000 0.56886
dist/lin/ang/drive_left/drive_right/tv_l/tv_r/av_l/av_r/x/y/theta/t_err: 0.51924 0.00000 4.34874 -0.80243 0.75566 -0.48289 0.46833 -0.48289 0.46833 0 0 60.24991 0.51924
fb: -0.05825 0.79681 0.33959 -0.33311
fb: -0.06773 0.80399 0.33959 -0.33311
target: 0.00000 0.41700
dist/lin/ang/drive_left/drive_right/tv_l/tv_r/av_l/av_r/x/y/theta/t_err: 0.39219 0.00000 3.18783 -0.87172 0.73626 -0.20706 0.19675 -0.20706 0.19675 0 0 67.52899 0.39219
fb: -0.07369 0.79667 0.44300 -0.43955
fb: -0.07965 0.78671 0.44300 -0.43955
target: 0.00000 0.28175
dist/lin/ang/drive_left/drive_right/tv_l/tv_r/av_l/av_r/x/y/theta/t_err: 0.27524 0.00000 2.15386 -0.86635 0.70706 0.24125 -0.25083 0.24125 -0.25083 0 0 74.22975 0.27524
fb: -0.08340 0.74971 0.45889 -0.45815
fb: -0.08516 0.69181 0.45889 -0.45815
target: 0.00000 0.18576
dist/lin/ang/drive_left/drive_right/tv_l/tv_r/av_l/av_r/x/y/theta/t_err: 0.18561 0.00000 1.42010 -0.77697 0.60665 0.38464 -0.35761 0.38464 -0.35761 0 0 79.36558 0.18561
fb: -0.07744 0.63886 0.34649 -0.34766
fb: -0.07369 0.58918 0.34649 -0.34766
target: 0.00000 0.10613
dist/lin/ang/drive_left/drive_right/tv_l/tv_r/av_l/av_r/x/y/theta/t_err: 0.11307 0.00000 0.81130 -0.66287 0.51548 0.39714 -0.39253 0.39714 -0.39253 0 0 83.52172 0.11307
fb: -0.07767 0.53462 0.32629 -0.32906
fb: -0.08539 0.47115 0.32629 -0.32906
target: 0.00000 0.05207
dist/lin/ang/drive_left/drive_right/tv_l/tv_r/av_l/av_r/x/y/theta/t_err: 0.06093 0.00000 0.39806 -0.55654 0.38576 0.32903 -0.32853 0.32903 -0.32853 0 0 86.50891 0.06093
fb: -0.07943 0.40635 0.24738 -0.25124
fb: -0.07171 0.34378 0.24738 -0.25124
target: 0.00000 0.02366
dist/lin/ang/drive_left/drive_right/tv_l/tv_r/av_l/av_r/x/y/theta/t_err: 0.03006 0.00000 0.18090 -0.41549 0.27207 0.28881 -0.29006 0.28881 -0.29006 0 0 88.27786 0.03006
fb: -0.06598 0.28581 0.15100 -0.15542
fb: -0.05428 0.23307 0.15100 -0.15542
target: 0.00000 0.00911
dist/lin/ang/drive_left/drive_right/tv_l/tv_r/av_l/av_r/x/y/theta/t_err: 0.01321 0.00000 0.06961 -0.28735 0.17878 0.22433 -0.22056 0.22433 -0.22056 0 0 89.24339 0.01321
fb: -0.04656 0.17997 0.09843 -0.10314
fb: -0.03310 0.12730 0.09843 -0.10314
target: 0.00000 0.01330
dist/lin/ang/drive_left/drive_right/tv_l/tv_r/av_l/av_r/x/y/theta/t_err: 0.01168 0.00000 0.10168 -0.16040 0.09420 0.14494 -0.14014 0.14494 -0.14014 0 0 89.33093 0.01168
fb: -0.02317 0.07609 -0.06681 0.07197
fb: -0.01942 0.02836 -0.06681 0.07197
target: 0.00000 0.03360
dist/lin/ang/drive_left/drive_right/tv_l/tv_r/av_l/av_r/x/y/theta/t_err: 0.02412 0.00000 0.25683 -0.04778 0.00894 0.07394 -0.08247 0.07394 -0.08247 0 0 88.61798 0.02412
fb: -0.01169 -0.00962 -0.15286 0.15843
fb: -0.00772 -0.02843 -0.15286 0.15843
final error was 1.70384
position: -0.14427 -0.43719 88.29616
took 0.52000 time to finish turn
increased to 135.00000
target: 0.00000 0.15697
dist/lin/ang/drive_left/drive_right/tv_l/tv_r/av_l/av_r/x/y/theta/t_err: 2.35620 0.00000 1.20000 0.00000 0.00000 0.00000 0.00017 0.00000 0.00017 0 0 -0.00004 2.35620
fb: 0.00000 0.00000 -0.85057 0.85860
fb: 0.00000 0.00000 -0.85057 0.85860
target: 0.00000 0.31394
dist/lin/ang/drive_left/drive_right/tv_l/tv_r/av_l/av_r/x/y/theta/t_err: 2.35619 0.00000 2.40000 0.00000 0.00000 -0.08881 0.05167 -0.08881 0.05167 0 0 -0.00002 2.35619
fb: 0.00000 0.00000 -0.95574 0.96691
fb: 0.00000 0.01024 -0.95574 0.96691
target: 0.00000 0.47092
dist/lin/ang/drive_left/drive_right/tv_l/tv_r/av_l/av_r/x/y/theta/t_err: 2.35308 0.00000 3.60000 -0.01024 0.01024 -0.40997 0.41886 -0.40997 0.41886 0 0 0.17817 2.35308
fb: 0.00000 0.04745 -1.00000 1.00000
fb: 0.00000 0.09350 -1.00000 1.00000
target: 0.00000 0.62789
dist/lin/ang/drive_left/drive_right/tv_l/tv_r/av_l/av_r/x/y/theta/t_err: 2.32458 0.00000 4.80000 -0.09350 0.09350 -0.44128 0.49003 -0.44128 0.49003 0 0 1.81150 2.32458
fb: 0.00000 0.13099 -1.00000 1.00000
fb: 0.00000 0.17126 -1.00000 1.00000
target: 0.00000 0.78486
dist/lin/ang/drive_left/drive_right/tv_l/tv_r/av_l/av_r/x/y/theta/t_err: 2.28548 0.00000 6.00000 -0.17126 0.17126 -0.52206 0.48392 -0.52206 0.48392 0 0 4.05151 2.28548
fb: 0.00000 0.20540 -1.00000 1.00000
fb: 0.00000 0.23996 -1.00000 1.00000
target: 0.00000 0.78486
dist/lin/ang/drive_left/drive_right/tv_l/tv_r/av_l/av_r/x/y/theta/t_err: 2.23745 0.00000 6.00000 -0.23996 0.23996 -0.65500 0.63825 -0.65500 0.63825 0 0 6.80360 2.23745
fb: 0.00000 0.27801 -0.56488 0.58547
fb: 0.00000 0.31779 -0.56488 0.58547
target: 0.00000 0.78486
dist/lin/ang/drive_left/drive_right/tv_l/tv_r/av_l/av_r/x/y/theta/t_err: 2.17576 0.00000 6.00000 -0.31779 0.31779 -0.64286 0.67622 -0.64286 0.67622 0 0 10.33805 2.17576
fb: 0.00000 0.35862 -0.56488 0.58547
fb: 0.00000 0.39715 -0.56488 0.58547
target: 0.00000 0.78486
dist/lin/ang/drive_left/drive_right/tv_l/tv_r/av_l/av_r/x/y/theta/t_err: 2.10173 0.00000 6.00000 -0.39715 0.39715 -0.41700 0.42486 -0.41700 0.42486 0 0 14.57990 2.10173
fb: 0.00000 0.42823 -0.56488 0.58547
fb: 0.00000 0.45338 -0.56488 0.58547
target: 0.00000 0.78486
dist/lin/ang/drive_left/drive_right/tv_l/tv_r/av_l/av_r/x/y/theta/t_err: 2.02299 0.00000 6.00000 -0.45338 0.45338 -0.52392 0.53608 -0.52392 0.53608 0 0 19.09110 2.02299
fb: 0.00000 0.47784 -0.56488 0.58547
fb: 0.00000 0.50661 -0.56488 0.58547
target: 0.00000 0.78486
dist/lin/ang/drive_left/drive_right/tv_l/tv_r/av_l/av_r/x/y/theta/t_err: 1.93681 0.00000 6.00000 -0.50661 0.50661 -0.54156 0.55817 -0.54156 0.55817 0 0 24.02916 1.93681
fb: 0.00000 0.53692 -0.56488 0.58547
fb: 0.00000 0.56500 -0.56488 0.58547
target: 0.00000 0.78486
dist/lin/ang/drive_left/drive_right/tv_l/tv_r/av_l/av_r/x/y/theta/t_err: 1.84070 0.00000 6.00000 -0.56500 0.56500 -0.54394 0.56122 -0.54394 0.56122 0 0 29.53589 1.84070
fb: 0.00000 0.59015 -0.56488 0.58547
fb: -0.00375 0.61475 -0.56488 0.58547
target: 0.00000 0.78486
dist/lin/ang/drive_left/drive_right/tv_l/tv_r/av_l/av_r/x/y/theta/t_err: 1.73857 0.00000 6.00000 -0.61850 0.61100 -0.54636 0.55986 -0.54636 0.55986 0 0 35.38751 1.73857
fb: -0.01169 0.64046 -0.56488 0.58547
fb: -0.01169 0.66506 -0.56488 0.58547
target: 0.00000 0.78486
dist/lin/ang/drive_left/drive_right/tv_l/tv_r/av_l/av_r/x/y/theta/t_err: 1.62858 0.00000 6.00000 -0.67675 0.65336 -0.54736 0.56019 -0.54736 0.56019 0 0 41.68914 1.62858
fb: -0.01147 0.69042 -0.56488 0.58547
fb: -0.01544 0.71466 -0.56488 0.58547
target: 0.00000 0.78486
dist/lin/ang/drive_left/drive_right/tv_l/tv_r/av_l/av_r/x/y/theta/t_err: 1.51113 0.00000 6.00000 -0.73011 0.69922 -0.54942 0.56431 -0.54942 0.56431 0 0 48.41864 1.51113
fb: -0.01169 0.73529 -0.56488 0.58547
fb: -0.01169 0.75703 -0.56488 0.58547
target: 0.00000 0.78486
dist/lin/ang/drive_left/drive_right/tv_l/tv_r/av_l/av_r/x/y/theta/t_err: 1.38853 0.00000 6.00000 -0.76872 0.74533 -0.54736 0.56533 -0.54736 0.56533 0 0 55.44293 1.38853
fb: -0.01544 0.77675 -0.56488 0.58547
fb: -0.01942 0.79416 -0.56488 0.58547
target: 0.00000 0.78486
dist/lin/ang/drive_left/drive_right/tv_l/tv_r/av_l/av_r/x/y/theta/t_err: 1.26107 0.00000 6.00000 -0.81358 0.77475 -0.54650 0.56192 -0.54650 0.56192 0 0 62.74611 1.26107
fb: -0.02537 0.80901 -0.56488 0.58547
fb: -0.04082 0.82078 -0.56488 0.58547
target: 0.00000 0.78486
dist/lin/ang/drive_left/drive_right/tv_l/tv_r/av_l/av_r/x/y/theta/t_err: 1.13126 0.00000 6.00000 -0.86160 0.77996 -0.55164 0.56347 -0.55164 0.56347 0 0 70.18358 1.13126
fb: -0.06398 0.83332 -0.56488 0.58547
fb: -0.06773 0.84719 -0.56488 0.58547
target: 0.00000 0.78486
dist/lin/ang/drive_left/drive_right/tv_l/tv_r/av_l/av_r/x/y/theta/t_err: 0.99744 0.00000 6.00000 -0.91492 0.77946 -0.54819 0.56397 -0.54819 0.56397 0 0 77.85104 0.99744
fb: -0.06001 0.86105 -0.56488 0.58547
fb: -0.04854 0.87422 -0.56488 0.58547
target: 0.00000 0.78486
dist/lin/ang/drive_left/drive_right/tv_l/tv_r/av_l/av_r/x/y/theta/t_err: 0.85934 0.00000 6.00000 -0.92276 0.82569 -0.54753 0.56328 -0.54753 0.56328 0 0 85.76351 0.85934
fb: -0.03883 0.88509 -0.56488 0.58547
fb: -0.04456 0.89387 -0.56488 0.58547
target: 0.00000 0.78486
dist/lin/ang/drive_left/drive_right/tv_l/tv_r/av_l/av_r/x/y/theta/t_err: 0.71934 0.00000 6.00000 -0.93843 0.84931 -0.54925 0.56294 -0.54925 0.56294 0 0 93.78486 0.71934
fb: -0.05427 0.90153 -0.56488 0.58547
fb: -0.07170 0.90906 -0.56488 0.58547
target: 0.00000 0.63219
dist/lin/ang/drive_left/drive_right/tv_l/tv_r/av_l/av_r/x/y/theta/t_err: 0.57776 0.00000 4.83289 -0.98076 0.83736 -0.55233 0.56294 -0.55233 0.56294 0 0 101.89670 0.57776
fb: -0.09685 0.91449 0.30247 -0.29472
fb: -0.11450 0.91784 0.30247 -0.29472
target: 0.00000 0.46316
dist/lin/ang/drive_left/drive_right/tv_l/tv_r/av_l/av_r/x/y/theta/t_err: 0.43587 0.00000 3.54071 -1.03234 0.80334 -0.35847 0.49158 -0.35847 0.49158 0 0 110.02664 0.43587
fb: -0.12619 0.92035 0.48934 -0.48497
fb: -0.12796 0.91477 0.48934 -0.48497
target: 0.00000 0.29777
dist/lin/ang/drive_left/drive_right/tv_l/tv_r/av_l/av_r/x/y/theta/t_err: 0.29620 0.00000 2.27637 -1.04273 0.78682 0.18567 -0.08725 0.18567 -0.08725 0 0 118.02921 0.29620
fb: -0.12024 0.88349 0.58376 -0.58270
fb: -0.09310 0.83088 0.58376 -0.58270
target: 0.00000 0.17329
dist/lin/ang/drive_left/drive_right/tv_l/tv_r/av_l/av_r/x/y/theta/t_err: 0.18292 0.00000 1.32472 -0.92398 0.73778 0.33894 -0.41014 0.33894 -0.41014 0 0 124.51956 0.18292
fb: -0.06575 0.77173 0.48310 -0.48453
fb: -0.05803 0.72003 0.48310 -0.48453
target: 0.00000 0.07327
dist/lin/ang/drive_left/drive_right/tv_l/tv_r/av_l/av_r/x/y/theta/t_err: 0.09165 0.00000 0.56015 -0.77805 0.66200 0.33761 -0.46628 0.33761 -0.46628 0 0 129.74911 0.09165
fb: -0.06222 0.66492 0.43999 -0.44342
fb: -0.07965 0.60681 0.43999 -0.44342
target: 0.00000 -0.00788
dist/lin/ang/drive_left/drive_right/tv_l/tv_r/av_l/av_r/x/y/theta/t_err: 0.01774 0.00000 -0.06026 -0.68646 0.52716 0.41100 -0.44542 0.41100 -0.44542 0 0 133.98348 0.01774
fb: -0.10083 0.54089 0.40951 -0.41456
fb: -0.12400 0.47644 0.40951 -0.41456
target: 0.00000 -0.05954
dist/lin/ang/drive_left/drive_right/tv_l/tv_r/av_l/av_r/x/y/theta/t_err: -0.03322 0.00000 -0.45515 -0.60045 0.35244 0.40225 -0.40825 0.40225 -0.40825 0 0 136.90318 -0.03322
fb: -0.13967 0.41576 0.31136 -0.31745
fb: -0.12621 0.35848 0.31136 -0.31745
target: 0.00000 -0.09502
dist/lin/ang/drive_left/drive_right/tv_l/tv_r/av_l/av_r/x/y/theta/t_err: -0.06827 0.00000 -0.72642 -0.48469 0.23227 0.35572 -0.36122 0.35572 -0.36122 0 0 138.91158 -0.06827
fb: -0.07943 0.30177 0.26237 -0.26916
fb: -0.03685 0.25153 0.26237 -0.26916
target: 0.00000 -0.11364
dist/lin/ang/drive_left/drive_right/tv_l/tv_r/av_l/av_r/x/y/theta/t_err: -0.08872 0.00000 -0.86872 -0.28838 0.21468 0.28472 -0.29275 0.28472 -0.29275 0 0 140.08338 -0.08872
fb: -0.01545 0.20526 0.19893 -0.20610
fb: -0.01545 0.15266 0.19893 -0.20610
target: 0.00000 -0.11658
dist/lin/ang/drive_left/drive_right/tv_l/tv_r/av_l/av_r/x/y/theta/t_err: -0.09565 0.00000 -0.89120 -0.16811 0.13721 0.23253 -0.24364 0.23253 -0.24364 0 0 140.48032 -0.09565
fb: -0.02714 0.09330 0.13036 -0.13758
fb: -0.04060 0.03853 0.13036 -0.13758
target: 0.00000 -0.09249
dist/lin/ang/drive_left/drive_right/tv_l/tv_r/av_l/av_r/x/y/theta/t_err: -0.08215 0.00000 -0.70704 -0.07913 -0.00207 0.17383 -0.19111 0.17383 -0.19111 0 0 139.70672 -0.08215
fb: -0.05252 -0.00216 -0.08546 0.08850
fb: -0.03884 -0.02717 -0.08546 0.08850
target: 0.00000 -0.07344
dist/lin/ang/drive_left/drive_right/tv_l/tv_r/av_l/av_r/x/y/theta/t_err: -0.06676 0.00000 -0.56140 -0.01166 -0.06601 0.07972 -0.10883 0.07972 -0.10883 0 0 138.82530 -0.06676
fb: -0.01545 -0.04243 -0.07555 0.07897
fb: -0.00772 -0.04620 -0.07555 0.07897
target: 0.00000 -0.06299
dist/lin/ang/drive_left/drive_right/tv_l/tv_r/av_l/av_r/x/y/theta/t_err: -0.05635 0.00000 -0.48151 0.03847 -0.05392 -0.06367 0.05783 -0.06367 0.05783 0 0 138.22845 -0.05635
fb: -0.00375 -0.04613 -0.04385 0.04749
fb: 0.00000 -0.04494 -0.04385 0.04749
target: 0.00000 -0.05652
dist/lin/ang/drive_left/drive_right/tv_l/tv_r/av_l/av_r/x/y/theta/t_err: -0.04968 0.00000 -0.43210 0.04494 -0.04494 -0.06158 0.06400 -0.06158 0.06400 0 0 137.84653 -0.04968
fb: 0.00000 -0.04215 0.04781 -0.05384
fb: 0.00000 -0.03714 0.04781 -0.05384
target: 0.00000 -0.05214
dist/lin/ang/drive_left/drive_right/tv_l/tv_r/av_l/av_r/x/y/theta/t_err: -0.04526 0.00000 -0.39862 0.03714 -0.03714 -0.02328 0.03233 -0.02328 0.03233 0 0 137.59331 -0.04526
fb: 0.00000 -0.02912 0.05425 -0.06019
fb: 0.00000 -0.02111 0.05425 -0.06019
target: 0.00000 -0.05307
dist/lin/ang/drive_left/drive_right/tv_l/tv_r/av_l/av_r/x/y/theta/t_err: -0.04475 0.00000 -0.40567 0.02111 -0.02111 0.03778 -0.04244 0.03778 -0.04244 0 0 137.56391 -0.04475
fb: 0.00000 -0.01498 0.07873 -0.08468
fb: 0.00000 -0.00975 0.07873 -0.08468
target: 0.00000 -0.05392
dist/lin/ang/drive_left/drive_right/tv_l/tv_r/av_l/av_r/x/y/theta/t_err: -0.04516 0.00000 -0.41222 0.00975 -0.00975 0.05219 -0.05919 0.05219 -0.05919 0 0 137.58764 -0.04516
fb: 0.00000 -0.00620 0.07901 -0.08498
fb: 0.00000 -0.00314 0.07901 -0.08498
target: 0.00000 -0.05473
dist/lin/ang/drive_left/drive_right/tv_l/tv_r/av_l/av_r/x/y/theta/t_err: -0.04578 0.00000 -0.41839 0.00314 -0.00314 0.06792 -0.07567 0.06792 -0.07567 0 0 137.62273 -0.04578
fb: 0.00000 -0.00202 0.07932 -0.08531
fb: 0.00000 -0.00585 0.07932 -0.08531
target: 0.00000 -0.05246
dist/lin/ang/drive_left/drive_right/tv_l/tv_r/av_l/av_r/x/y/theta/t_err: -0.04449 0.00000 -0.40105 0.00585 -0.00585 0.06914 -0.07408 0.06914 -0.07408 0 0 137.54932 -0.04449
fb: 0.00000 -0.01073 0.06397 -0.06991
fb: 0.00000 -0.01456 0.06397 -0.06991
target: 0.00000 -0.04707
dist/lin/ang/drive_left/drive_right/tv_l/tv_r/av_l/av_r/x/y/theta/t_err: -0.04077 0.00000 -0.35982 0.01456 -0.01456 0.06794 -0.06997 0.06794 -0.06997 0 0 137.33587 -0.04077
fb: 0.00000 -0.01582 0.04629 -0.05212
fb: 0.00000 -0.01582 0.04629 -0.05212
target: 0.00000 -0.04434
dist/lin/ang/drive_left/drive_right/tv_l/tv_r/av_l/av_r/x/y/theta/t_err: -0.03812 0.00000 -0.33894 0.01582 -0.01582 0.05306 -0.05289 0.05306 -0.05289 0 0 137.18408 -0.03812
fb: 0.00000 -0.01651 0.05644 -0.06222
fb: 0.00000 -0.01240 0.05644 -0.06222
target: 0.00000 -0.04312
dist/lin/ang/drive_left/drive_right/tv_l/tv_r/av_l/av_r/x/y/theta/t_err: -0.03669 0.00000 -0.32962 0.01240 -0.01240 0.04328 -0.04722 0.04328 -0.04722 0 0 137.10234 -0.03669
fb: 0.00000 -0.01839 0.06243 -0.06819
fb: 0.00000 -0.01888 0.06243 -0.06819
target: 0.00000 -0.03664
dist/lin/ang/drive_left/drive_right/tv_l/tv_r/av_l/av_r/x/y/theta/t_err: -0.03225 0.00000 -0.28010 0.01888 -0.01888 0.04825 -0.05408 0.04825 -0.05408 0 0 136.84757 -0.03225
fb: 0.00000 -0.01812 -0.04363 0.04779
fb: 0.00000 -0.01902 -0.04363 0.04779
final error was -2.01505
position: 0.21502 -0.80493 137.01505
took 0.88000 time to finish turn
target: 0.00000 0.15697
dist/lin/ang/drive_left/drive_right/tv_l/tv_r/av_l/av_r/x/y/theta/t_err: 2.35619 0.00000 1.20000 0.00000 0.00000 -0.00017 -0.00033 -0.00017 -0.00033 0 0 0.00043 2.35619
fb: 0.00000 0.00000 -0.85057 0.85860
fb: 0.00000 0.00000 -0.85057 0.85860
target: 0.00000 0.31394
dist/lin/ang/drive_left/drive_right/tv_l/tv_r/av_l/av_r/x/y/theta/t_err: 2.35618 0.00000 2.40000 0.00000 0.00000 -0.08503 0.11258 -0.08503 0.11258 0 0 0.00063 2.35618
fb: 0.00000 0.00181 -0.95574 0.96691
fb: 0.00000 0.01832 -0.95574 0.96691
target: 0.00000 0.47092
dist/lin/ang/drive_left/drive_right/tv_l/tv_r/av_l/av_r/x/y/theta/t_err: 2.35055 0.00000 3.60000 -0.01832 0.01832 -0.47722 0.34992 -0.47722 0.34992 0 0 0.32356 2.35055
fb: 0.00000 0.06104 -1.00000 1.00000
fb: -0.00397 0.09504 -1.00000 1.00000
target: 0.00000 0.62789
dist/lin/ang/drive_left/drive_right/tv_l/tv_r/av_l/av_r/x/y/theta/t_err: 2.32249 0.00000 4.80000 -0.09901 0.09107 -0.46817 0.32750 -0.46817 0.32750 0 0 1.93106 2.32249
fb: -0.00397 0.12604 -1.00000 1.00000
fb: 0.00000 0.16046 -1.00000 1.00000
target: 0.00000 0.78486
dist/lin/ang/drive_left/drive_right/tv_l/tv_r/av_l/av_r/x/y/theta/t_err: 2.28702 0.00000 6.00000 -0.16046 0.16046 -0.39217 0.67144 -0.39217 0.67144 0 0 3.96314 2.28702
fb: 0.00000 0.19753 -1.00000 1.00000
fb: 0.00000 0.23676 -1.00000 1.00000
target: 0.00000 0.78486
dist/lin/ang/drive_left/drive_right/tv_l/tv_r/av_l/av_r/x/y/theta/t_err: 2.23803 0.00000 6.00000 -0.23676 0.23676 -0.63550 0.69778 -0.63550 0.69778 0 0 6.77032 2.23803
fb: 0.00000 0.27919 -0.56488 0.58547
fb: 0.00000 0.32079 -0.56488 0.58547
target: 0.00000 0.78486
dist/lin/ang/drive_left/drive_right/tv_l/tv_r/av_l/av_r/x/y/theta/t_err: 2.17481 0.00000 6.00000 -0.32079 0.32079 -0.54994 0.57903 -0.54994 0.57903 0 0 10.39278 2.17481
fb: 0.00000 0.35981 -0.56488 0.58547
fb: 0.00000 0.39179 -0.56488 0.58547
target: 0.00000 0.78486
dist/lin/ang/drive_left/drive_right/tv_l/tv_r/av_l/av_r/x/y/theta/t_err: 2.10294 0.00000 6.00000 -0.39179 0.39179 -0.40742 0.39269 -0.40742 0.39269 0 0 14.51027 2.10294
fb: 0.00000 0.41457 -0.56488 0.58547
fb: 0.00000 0.43617 -0.56488 0.58547
target: 0.00000 0.78486
dist/lin/ang/drive_left/drive_right/tv_l/tv_r/av_l/av_r/x/y/theta/t_err: 2.02900 0.00000 6.00000 -0.43617 0.43617 -0.52344 0.53386 -0.52344 0.53386 0 0 18.74661 2.02900
fb: 0.00000 0.46230 -0.56488 0.58547
fb: 0.00000 0.49296 -0.56488 0.58547
target: 0.00000 0.78486
dist/lin/ang/drive_left/drive_right/tv_l/tv_r/av_l/av_r/x/y/theta/t_err: 1.94431 0.00000 6.00000 -0.49296 0.49296 -0.54278 0.55800 -0.54278 0.55800 0 0 23.59900 1.94431
fb: 0.00000 0.52320 -0.56488 0.58547
fb: 0.00000 0.55072 -0.56488 0.58547
target: 0.00000 0.78486
dist/lin/ang/drive_left/drive_right/tv_l/tv_r/av_l/av_r/x/y/theta/t_err: 1.85053 0.00000 6.00000 -0.55072 0.55072 -0.54514 0.56075 -0.54514 0.56075 0 0 28.97237 1.85053
fb: 0.00000 0.57810 -0.56488 0.58547
fb: 0.00000 0.60799 -0.56488 0.58547
target: 0.00000 0.78486
dist/lin/ang/drive_left/drive_right/tv_l/tv_r/av_l/av_r/x/y/theta/t_err: 1.74822 0.00000 6.00000 -0.60799 0.60799 -0.54411 0.56158 -0.54411 0.56158 0 0 34.83437 1.74822
fb: 0.00000 0.63781 -0.56488 0.58547
fb: 0.00000 0.66617 -0.56488 0.58547
target: 0.00000 0.78486
dist/lin/ang/drive_left/drive_right/tv_l/tv_r/av_l/av_r/x/y/theta/t_err: 1.63678 0.00000 6.00000 -0.66617 0.66617 -0.54278 0.56142 -0.54278 0.56142 0 0 41.21963 1.63678
fb: 0.00000 0.68923 -0.56488 0.58547
fb: 0.00000 0.70804 -0.56488 0.58547
target: 0.00000 0.78486
dist/lin/ang/drive_left/drive_right/tv_l/tv_r/av_l/av_r/x/y/theta/t_err: 1.52173 0.00000 6.00000 -0.70804 0.70804 -0.54686 0.56175 -0.54686 0.56175 0 0 47.81116 1.52173
fb: 0.00000 0.72846 -0.56488 0.58547
fb: -0.00375 0.74874 -0.56488 0.58547
target: 0.00000 0.78486
dist/lin/ang/drive_left/drive_right/tv_l/tv_r/av_l/av_r/x/y/theta/t_err: 1.40065 0.00000 6.00000 -0.75249 0.74498 -0.54858 0.56258 -0.54858 0.56258 0 0 54.74850 1.40065
fb: -0.02317 0.76783 -0.56488 0.58547
fb: -0.03883 0.78768 -0.56488 0.58547
target: 0.00000 0.78486
dist/lin/ang/drive_left/drive_right/tv_l/tv_r/av_l/av_r/x/y/theta/t_err: 1.27402 0.00000 6.00000 -0.82651 0.74885 -0.54567 0.56414 -0.54567 0.56414 0 0 62.00406 1.27402
fb: -0.03486 0.80698 -0.56488 0.58547
fb: -0.03883 0.82510 -0.56488 0.58547
target: 0.00000 0.78486
dist/lin/ang/drive_left/drive_right/tv_l/tv_r/av_l/av_r/x/y/theta/t_err: 1.14183 0.00000 6.00000 -0.86393 0.78627 -0.54753 0.56331 -0.54753 0.56331 0 0 69.57788 1.14183
fb: -0.04280 0.84113 -0.56488 0.58547
fb: -0.04655 0.85548 -0.56488 0.58547
target: 0.00000 0.78486
dist/lin/ang/drive_left/drive_right/tv_l/tv_r/av_l/av_r/x/y/theta/t_err: 1.00619 0.00000 6.00000 -0.90203 0.80893 -0.55131 0.56347 -0.55131 0.56347 0 0 77.34928 1.00619
fb: -0.05802 0.86704 -0.56488 0.58547
fb: -0.06199 0.87638 -0.56488 0.58547
target: 0.00000 0.78486
dist/lin/ang/drive_left/drive_right/tv_l/tv_r/av_l/av_r/x/y/theta/t_err: 0.86898 0.00000 6.00000 -0.93838 0.81439 -0.54806 0.56517 -0.54806 0.56517 0 0 85.21122 0.86898
fb: -0.07170 0.88614 -0.56488 0.58547
fb: -0.08339 0.89533 -0.56488 0.58547
target: 0.00000 0.78486
dist/lin/ang/drive_left/drive_right/tv_l/tv_r/av_l/av_r/x/y/theta/t_err: 0.72909 0.00000 6.00000 -0.97873 0.81194 -0.54769 0.56344 -0.54769 0.56344 0 0 93.22600 0.72909
fb: -0.07766 0.90495 -0.56488 0.58547
fb: -0.07170 0.91289 -0.56488 0.58547
target: 0.00000 0.64254
dist/lin/ang/drive_left/drive_right/tv_l/tv_r/av_l/av_r/x/y/theta/t_err: 0.58672 0.00000 4.91202 -0.98459 0.84119 -0.54822 0.56536 -0.54822 0.56536 0 0 101.38346 0.58672
fb: -0.07766 0.92090 0.24895 -0.24100
fb: -0.08538 0.92885 0.24895 -0.24100
target: 0.00000 0.46957
dist/lin/ang/drive_left/drive_right/tv_l/tv_r/av_l/av_r/x/y/theta/t_err: 0.44214 0.00000 3.58972 -1.01422 0.84347 -0.45703 0.27258 -0.45703 0.27258 0 0 109.66730 0.44214
fb: -0.10082 0.92815 0.50277 -0.49828
fb: -0.11229 0.91728 0.50277 -0.49828
target: 0.00000 0.30735
dist/lin/ang/drive_left/drive_right/tv_l/tv_r/av_l/av_r/x/y/theta/t_err: 0.30380 0.00000 2.34961 -1.02957 0.80499 0.08692 -0.16872 0.08692 -0.16872 0 0 117.59332 0.30380
fb: -0.12399 0.86781 0.56308 -0.56183
fb: -0.12818 0.80678 0.56308 -0.56183
target: 0.00000 0.19648
dist/lin/ang/drive_left/drive_right/tv_l/tv_r/av_l/av_r/x/y/theta/t_err: 0.19946 0.00000 1.50202 -0.93496 0.67860 0.38158 -0.38636 0.38158 -0.38636 0 0 123.57196 0.19946
fb: -0.11450 0.74894 0.40631 -0.40728
fb: -0.13172 0.69348 0.40631 -0.40728
target: 0.00000 0.09965
dist/lin/ang/drive_left/drive_right/tv_l/tv_r/av_l/av_r/x/y/theta/t_err: 0.11241 0.00000 0.76183 -0.82520 0.56177 0.43650 -0.41067 0.43650 -0.41067 0 0 128.55920 0.11241
fb: -0.15709 0.63502 0.40796 -0.41086
fb: -0.17077 0.57232 0.40796 -0.41086
target: 0.00000 0.02752
dist/lin/ang/drive_left/drive_right/tv_l/tv_r/av_l/av_r/x/y/theta/t_err: 0.04526 0.00000 0.21036 -0.74309 0.40154 0.38139 -0.34067 0.38139 -0.34067 0 0 132.40700 0.04526
fb: -0.17629 0.50989 0.34520 -0.34955
fb: -0.14916 0.45031 0.34520 -0.34955
target: 0.00000 -0.02252
dist/lin/ang/drive_left/drive_right/tv_l/tv_r/av_l/av_r/x/y/theta/t_err: -0.00300 0.00000 -0.17212 -0.59947 0.30116 0.37200 -0.35506 0.37200 -0.35506 0 0 135.17215 -0.00300
fb: -0.13769 0.39673 0.27926 -0.28460
fb: -0.12798 0.34594 0.27926 -0.28460
target: 0.00000 -0.05959
dist/lin/ang/drive_left/drive_right/tv_l/tv_r/av_l/av_r/x/y/theta/t_err: -0.03839 0.00000 -0.45557 -0.47392 0.21796 0.31931 -0.30714 0.31931 -0.30714 0 0 137.19987 -0.03839
fb: -0.12996 0.28665 0.24580 -0.25188
fb: -0.15534 0.22345 0.24580 -0.25188
target: 0.00000 -0.06707
dist/lin/ang/drive_left/drive_right/tv_l/tv_r/av_l/av_r/x/y/theta/t_err: -0.05189 0.00000 -0.51272 -0.37879 0.06811 0.25342 -0.26108 0.25342 -0.26108 0 0 137.97325 -0.05189
fb: -0.16108 0.16757 0.11760 -0.12384
fb: -0.16660 0.12409 0.11760 -0.12384
target: 0.00000 -0.06508
dist/lin/ang/drive_left/drive_right/tv_l/tv_r/av_l/av_r/x/y/theta/t_err: -0.05398 0.00000 -0.49749 -0.29069 -0.04250 0.18908 -0.19817 0.18908 -0.19817 0 0 138.09290 -0.05398
fb: -0.15314 0.08821 0.07366 -0.07986
fb: -0.10481 0.05470 0.07366 -0.07986
target: 0.00000 -0.05902
dist/lin/ang/drive_left/drive_right/tv_l/tv_r/av_l/av_r/x/y/theta/t_err: -0.05068 0.00000 -0.45123 -0.15951 -0.05012 0.09772 -0.10592 0.09772 -0.10592 0 0 137.90348 -0.05068
fb: -0.06024 0.02620 0.05133 -0.05741
fb: -0.04855 0.00425 0.05133 -0.05741
target: 0.00000 -0.04781
dist/lin/ang/drive_left/drive_right/tv_l/tv_r/av_l/av_r/x/y/theta/t_err: -0.04277 0.00000 -0.36551 -0.05280 -0.04429 0.05647 -0.05867 0.05647 -0.05867 0 0 137.45063 -0.04277
fb: -0.04634 -0.01198 -0.05745 0.06138
fb: -0.04259 -0.02299 -0.05745 0.06138
target: 0.00000 -0.03808
dist/lin/ang/drive_left/drive_right/tv_l/tv_r/av_l/av_r/x/y/theta/t_err: -0.03466 0.00000 -0.29109 -0.01959 -0.06558 0.00992 -0.01317 0.00992 -0.01317 0 0 136.98595 -0.03466
fb: -0.04281 -0.02982 -0.05732 0.06145
fb: -0.03685 -0.03080 -0.05732 0.06145
target: 0.00000 -0.03163
dist/lin/ang/drive_left/drive_right/tv_l/tv_r/av_l/av_r/x/y/theta/t_err: -0.02858 0.00000 -0.24180 -0.00605 -0.06765 -0.04639 0.05050 -0.04639 0.05050 0 0 136.63733 -0.02858
fb: -0.02317 -0.02905 -0.04685 0.05111
fb: -0.00772 -0.02648 -0.04685 0.05111
final error was -1.90937
position: 0.53505 -1.18141 136.90937
took 0.70000 time to finish turn
increased to 180.00000
target: 0.00000 0.15697
dist/lin/ang/drive_left/drive_right/tv_l/tv_r/av_l/av_r/x/y/theta/t_err: 3.14159 0.00000 1.20000 0.00000 0.00000 0.00033 -0.00050 0.00033 -0.00050 0 0 -0.00010 3.14159
fb: 0.00000 0.00000 -0.85057 0.85860
fb: 0.00000 0.00000 -0.85057 0.85860
target: 0.00000 0.31394
dist/lin/ang/drive_left/drive_right/tv_l/tv_r/av_l/av_r/x/y/theta/t_err: 3.14159 0.00000 2.40000 0.00000 0.00000 -0.06861 0.00017 -0.06861 0.00017 0 0 -0.00011 3.14159
fb: 0.00000 0.00000 -0.95574 0.96691
fb: 0.00000 0.00251 -0.95574 0.96691
target: 0.00000 0.47092
dist/lin/ang/drive_left/drive_right/tv_l/tv_r/av_l/av_r/x/y/theta/t_err: 3.14083 0.00000 3.60000 -0.00251 0.00251 -0.43989 0.43583 -0.43989 0.43583 0 0 0.04353 3.14083
fb: 0.00000 0.02376 -1.00000 1.00000
fb: -0.00375 0.06501 -1.00000 1.00000
target: 0.00000 0.62789
dist/lin/ang/drive_left/drive_right/tv_l/tv_r/av_l/av_r/x/y/theta/t_err: 3.12053 0.00000 4.80000 -0.06876 0.06126 -0.32203 0.44267 -0.32203 0.44267 0 0 1.20662 3.12053
fb: -0.00375 0.10458 -1.00000 1.00000
fb: 0.00000 0.13893 -1.00000 1.00000
target: 0.00000 0.78486
dist/lin/ang/drive_left/drive_right/tv_l/tv_r/av_l/av_r/x/y/theta/t_err: 3.08669 0.00000 6.00000 -0.13893 0.13893 -0.59494 0.44317 -0.59494 0.44317 0 0 3.14583 3.08669
fb: 0.00000 0.17454 -1.00000 1.00000
fb: 0.00000 0.21035 -1.00000 1.00000
target: 0.00000 0.78486
dist/lin/ang/drive_left/drive_right/tv_l/tv_r/av_l/av_r/x/y/theta/t_err: 3.04245 0.00000 6.00000 -0.21035 0.21035 -0.68803 0.62422 -0.68803 0.62422 0 0 5.68068 3.04245
fb: 0.00000 0.24825 -0.56488 0.58547
fb: 0.00000 0.28776 -0.56488 0.58547
target: 0.00000 0.78486
dist/lin/ang/drive_left/drive_right/tv_l/tv_r/av_l/av_r/x/y/theta/t_err: 2.98553 0.00000 6.00000 -0.28776 0.28776 -0.60931 0.71114 -0.60931 0.71114 0 0 8.94194 2.98553
fb: 0.00000 0.33228 -0.56488 0.58547
fb: 0.00000 0.37172 -0.56488 0.58547
target: 0.00000 0.78486
dist/lin/ang/drive_left/drive_right/tv_l/tv_r/av_l/av_r/x/y/theta/t_err: 2.91449 0.00000 6.00000 -0.37172 0.37172 -0.47739 0.31211 -0.47739 0.31211 0 0 13.01206 2.91449
fb: 0.00000 0.39799 -0.56488 0.58547
fb: 0.00000 0.41987 -0.56488 0.58547
target: 0.00000 0.78486
dist/lin/ang/drive_left/drive_right/tv_l/tv_r/av_l/av_r/x/y/theta/t_err: 2.84233 0.00000 6.00000 -0.41987 0.41987 -0.53200 0.50989 -0.53200 0.50989 0 0 17.14667 2.84233
fb: 0.00000 0.44530 -0.56488 0.58547
fb: 0.00000 0.47421 -0.56488 0.58547
target: 0.00000 0.78486
dist/lin/ang/drive_left/drive_right/tv_l/tv_r/av_l/av_r/x/y/theta/t_err: 2.76082 0.00000 6.00000 -0.47421 0.47421 -0.54225 0.55678 -0.54225 0.55678 0 0 21.81665 2.76082
fb: 0.00000 0.50571 -0.56488 0.58547
fb: 0.00000 0.53615 -0.56488 0.58547
target: 0.00000 0.78486
dist/lin/ang/drive_left/drive_right/tv_l/tv_r/av_l/av_r/x/y/theta/t_err: 2.66857 0.00000 6.00000 -0.53615 0.53615 -0.54378 0.56006 -0.54378 0.56006 0 0 27.10243 2.66857
fb: -0.00596 0.56619 -0.56488 0.58547
fb: -0.01368 0.59552 -0.56488 0.58547
target: 0.00000 0.78486
dist/lin/ang/drive_left/drive_right/tv_l/tv_r/av_l/av_r/x/y/theta/t_err: 2.56771 0.00000 6.00000 -0.60920 0.58184 -0.54669 0.56019 -0.54669 0.56019 0 0 32.88115 2.56771
fb: -0.02317 0.62388 -0.56488 0.58547
fb: -0.03883 0.65001 -0.56488 0.58547
target: 0.00000 0.78486
dist/lin/ang/drive_left/drive_right/tv_l/tv_r/av_l/av_r/x/y/theta/t_err: 2.45935 0.00000 6.00000 -0.68884 0.61117 -0.54703 0.56089 -0.54703 0.56089 0 0 39.08980 2.45935
fb: -0.04655 0.67411 -0.56488 0.58547
fb: -0.05229 0.69669 -0.56488 0.58547
target: 0.00000 0.78486
dist/lin/ang/drive_left/drive_right/tv_l/tv_r/av_l/av_r/x/y/theta/t_err: 2.34520 0.00000 6.00000 -0.74898 0.64440 -0.54686 0.56225 -0.54686 0.56225 0 0 45.62986 2.34520
fb: -0.06200 0.71850 -0.56488 0.58547
fb: -0.05825 0.73905 -0.56488 0.58547
target: 0.00000 0.78486
dist/lin/ang/drive_left/drive_right/tv_l/tv_r/av_l/av_r/x/y/theta/t_err: 2.22530 0.00000 6.00000 -0.79730 0.68080 -0.55047 0.56258 -0.55047 0.56258 0 0 52.49970 2.22530
fb: -0.04854 0.75724 -0.56488 0.58547
fb: -0.04633 0.77702 -0.56488 0.58547
target: 0.00000 0.78486
dist/lin/ang/drive_left/drive_right/tv_l/tv_r/av_l/av_r/x/y/theta/t_err: 2.10042 0.00000 6.00000 -0.82336 0.73069 -0.54958 0.56347 -0.54958 0.56347 0 0 59.65470 2.10042
fb: -0.04655 0.79507 -0.56488 0.58547
fb: -0.04479 0.81123 -0.56488 0.58547
target: 0.00000 0.78486
dist/lin/ang/drive_left/drive_right/tv_l/tv_r/av_l/av_r/x/y/theta/t_err: 1.97086 0.00000 6.00000 -0.85602 0.76645 -0.55147 0.56294 -0.55147 0.56294 0 0 67.07804 1.97086
fb: -0.04854 0.82796 -0.56488 0.58547
fb: -0.05604 0.84078 -0.56488 0.58547
target: 0.00000 0.78486
dist/lin/ang/drive_left/drive_right/tv_l/tv_r/av_l/av_r/x/y/theta/t_err: 1.83746 0.00000 6.00000 -0.89682 0.78474 -0.55081 0.56464 -0.55081 0.56464 0 0 74.72139 1.83746
fb: -0.06575 0.85353 -0.56488 0.58547
fb: -0.07369 0.86412 -0.56488 0.58547
target: 0.00000 0.78486
dist/lin/ang/drive_left/drive_right/tv_l/tv_r/av_l/av_r/x/y/theta/t_err: 1.70156 0.00000 6.00000 -0.93781 0.79043 -0.55250 0.56381 -0.55250 0.56381 0 0 82.50787 1.70156
fb: -0.08737 0.87534 -0.56488 0.58547
fb: -0.09906 0.88565 -0.56488 0.58547
target: 0.00000 0.78486
dist/lin/ang/drive_left/drive_right/tv_l/tv_r/av_l/av_r/x/y/theta/t_err: 1.56261 0.00000 6.00000 -0.98471 0.78659 -0.55217 0.56361 -0.55217 0.56361 0 0 90.46917 1.56261
fb: -0.09884 0.89561 -0.56488 0.58547
fb: -0.09884 0.90572 -0.56488 0.58547
target: 0.00000 0.78486
dist/lin/ang/drive_left/drive_right/tv_l/tv_r/av_l/av_r/x/y/theta/t_err: 1.42084 0.00000 6.00000 -1.00455 0.80688 -0.55217 0.56450 -0.55217 0.56450 0 0 98.59211 1.42084
fb: -0.09111 0.91359 -0.56488 0.58547
fb: -0.08913 0.92007 -0.56488 0.58547
target: 0.00000 0.78486
dist/lin/ang/drive_left/drive_right/tv_l/tv_r/av_l/av_r/x/y/theta/t_err: 1.27777 0.00000 6.00000 -1.00920 0.83094 -0.54961 0.56450 -0.54961 0.56450 0 0 106.78893 1.27777
fb: -0.09310 0.92669 -0.56488 0.58547
fb: -0.09111 0.93442 -0.56488 0.58547
target: 0.00000 0.78486
dist/lin/ang/drive_left/drive_right/tv_l/tv_r/av_l/av_r/x/y/theta/t_err: 1.13244 0.00000 6.00000 -1.02553 0.84331 -0.54872 0.56225 -0.54872 0.56225 0 0 115.11572 1.13244
fb: -0.10082 0.93742 -0.56488 0.58547
fb: -0.10678 0.94083 -0.56488 0.58547
target: 0.00000 0.78486
dist/lin/ang/drive_left/drive_right/tv_l/tv_r/av_l/av_r/x/y/theta/t_err: 0.98748 0.00000 6.00000 -1.04761 0.83406 -0.54961 0.56311 -0.54961 0.56311 0 0 123.42146 0.98748
fb: -0.11648 0.94181 -0.56488 0.58547
fb: -0.12994 0.94494 -0.56488 0.58547
target: 0.00000 0.78486
dist/lin/ang/drive_left/drive_right/tv_l/tv_r/av_l/av_r/x/y/theta/t_err: 0.84221 0.00000 6.00000 -1.07488 0.81500 -0.55253 0.56603 -0.55253 0.56603 0 0 131.74500 0.84221
fb: -0.11229 0.94933 -0.56488 0.58547
fb: -0.10082 0.95630 -0.56488 0.58547
target: 0.00000 0.76767
dist/lin/ang/drive_left/drive_right/tv_l/tv_r/av_l/av_r/x/y/theta/t_err: 0.69382 0.00000 5.86861 -1.05712 0.85548 -0.55197 0.56178 -0.55197 0.56178 0 0 140.24696 0.69382
fb: -0.09905 0.96236 -0.47602 0.49627
fb: -0.08913 0.96445 -0.47602 0.49627
target: 0.00000 0.58979
dist/lin/ang/drive_left/drive_right/tv_l/tv_r/av_l/av_r/x/y/theta/t_err: 0.54464 0.00000 4.50872 -1.05358 0.87533 -0.53506 0.55628 -0.53506 0.55628 0 0 148.79424 0.54464
fb: -0.09685 0.96968 0.44436 -0.43746
fb: -0.10854 0.97114 0.44436 -0.43746
target: 0.00000 0.41075
dist/lin/ang/drive_left/drive_right/tv_l/tv_r/av_l/av_r/x/y/theta/t_err: 0.39455 0.00000 3.14007 -1.07968 0.86260 -0.33794 0.40981 -0.33794 0.40981 0 0 157.39421 0.39455
fb: -0.11626 0.96947 0.56947 -0.56615
fb: -0.12023 0.95616 0.56947 -0.56615
target: 0.00000 0.24126
dist/lin/ang/drive_left/drive_right/tv_l/tv_r/av_l/av_r/x/y/theta/t_err: 0.25024 0.00000 1.84433 -1.07639 0.83593 0.19250 -0.11256 0.19250 -0.11256 0 0 165.66202 0.25024
fb: -0.13965 0.93791 0.64011 -0.64018
fb: -0.16678 0.90349 0.64011 -0.64018
target: 0.00000 0.09216
dist/lin/ang/drive_left/drive_right/tv_l/tv_r/av_l/av_r/x/y/theta/t_err: 0.12027 0.00000 0.70451 -1.07027 0.73670 0.46489 -0.44536 0.46489 -0.44536 0 0 173.10915 0.12027
fb: -0.17451 0.85457 0.64823 -0.65128
fb: -0.16877 0.80078 0.64823 -0.65128
target: 0.00000 -0.02359
dist/lin/ang/drive_left/drive_right/tv_l/tv_r/av_l/av_r/x/y/theta/t_err: 0.01492 0.00000 -0.18031 -0.96956 0.63201 0.58414 -0.43822 0.58414 -0.43822 0 0 179.14533 0.01492
fb: -0.16106 0.74442 0.57567 -0.58103
fb: -0.14341 0.68582 0.57567 -0.58103
target: 0.00000 -0.11823
dist/lin/ang/drive_left/drive_right/tv_l/tv_r/av_l/av_r/x/y/theta/t_err: -0.07100 0.00000 -0.90382 -0.82923 0.54241 0.55711 -0.44094 0.55711 -0.44094 0 0 184.06786 -0.07100
fb: -0.13370 0.63008 0.54413 -0.55139
fb: -0.13371 0.57803 0.54413 -0.55139
target: 0.00000 -0.19616
dist/lin/ang/drive_left/drive_right/tv_l/tv_r/av_l/av_r/x/y/theta/t_err: -0.14154 0.00000 -1.49959 -0.71174 0.44432 0.52139 -0.45806 0.52139 -0.45806 0 0 188.10940 -0.14154
fb: -0.11826 0.52194 0.52115 -0.52997
fb: -0.12025 0.46279 0.52115 -0.52997
target: 0.00000 -0.25013
dist/lin/ang/drive_left/drive_right/tv_l/tv_r/av_l/av_r/x/y/theta/t_err: -0.19312 0.00000 -1.91219 -0.58304 0.34253 0.50528 -0.44725 0.50528 -0.44725 0 0 191.06516 -0.19312
fb: -0.12996 0.40217 0.44948 -0.45938
fb: -0.13394 0.34246 0.44948 -0.45938
target: 0.00000 -0.28105
dist/lin/ang/drive_left/drive_right/tv_l/tv_r/av_l/av_r/x/y/theta/t_err: -0.22545 0.00000 -2.14853 -0.47639 0.20852 0.47586 -0.44744 0.47586 -0.44744 0 0 192.91712 -0.22545
fb: -0.13967 0.28274 0.36645 -0.37696
fb: -0.13967 0.22115 0.36645 -0.37696
target: 0.00000 -0.28977
dist/lin/ang/drive_left/drive_right/tv_l/tv_r/av_l/av_r/x/y/theta/t_err: -0.23897 0.00000 -2.21521 -0.36083 0.08148 0.40672 -0.41064 0.40672 -0.41064 0 0 193.69203 -0.23897
fb: -0.12798 0.15691 0.27242 -0.28311
fb: -0.10856 0.10674 0.27242 -0.28311
target: 0.00000 -0.27927
dist/lin/ang/drive_left/drive_right/tv_l/tv_r/av_l/av_r/x/y/theta/t_err: -0.23569 0.00000 -2.13490 -0.21531 -0.00182 0.32547 -0.34239 0.32547 -0.34239 0 0 193.50386 -0.23569
fb: -0.09113 0.05978 0.17885 -0.18933
fb: -0.08716 0.01275 0.17885 -0.18933
target: 0.00000 -0.25889
dist/lin/ang/drive_left/drive_right/tv_l/tv_r/av_l/av_r/x/y/theta/t_err: -0.22200 0.00000 -1.97912 -0.09991 -0.07441 0.23306 -0.25478 0.23306 -0.25478 0 0 192.71958 -0.22200
fb: -0.08915 -0.02996 0.12078 -0.13085
fb: -0.07370 -0.05874 0.12078 -0.13085
target: 0.00000 -0.23054
dist/lin/ang/drive_left/drive_right/tv_l/tv_r/av_l/av_r/x/y/theta/t_err: -0.20069 0.00000 -1.76237 -0.01496 -0.13244 0.15381 -0.17247 0.15381 -0.17247 0 0 191.49877 -0.20069
fb: -0.05627 -0.07567 0.06589 -0.07540
fb: -0.05252 -0.08445 0.06589 -0.07540
target: 0.00000 -0.21153
dist/lin/ang/drive_left/drive_right/tv_l/tv_r/av_l/av_r/x/y/theta/t_err: -0.18340 0.00000 -1.61710 0.03193 -0.13696 0.09942 -0.11908 0.09942 -0.11908 0 0 190.50819 -0.18340
fb: -0.05428 -0.08765 0.09523 -0.10436
fb: -0.05605 -0.08891 0.09523 -0.10436
target: 0.00000 -0.19559
dist/lin/ang/drive_left/drive_right/tv_l/tv_r/av_l/av_r/x/y/theta/t_err: -0.16905 0.00000 -1.49526 0.03286 -0.14495 0.07119 -0.08144 0.07119 -0.08144 0 0 189.68566 -0.16905
fb: -0.04854 -0.08668 0.09835 -0.10716
fb: -0.03685 -0.08403 0.09835 -0.10716
target: 0.00000 -0.18218
dist/lin/ang/drive_left/drive_right/tv_l/tv_r/av_l/av_r/x/y/theta/t_err: -0.15701 0.00000 -1.39268 0.04718 -0.12088 0.08725 -0.09942 0.08725 -0.09942 0 0 188.99600 -0.15701
fb: -0.02339 -0.08389 0.10070 -0.10924
fb: -0.01169 -0.08500 0.10070 -0.10924
target: 0.00000 -0.16603
dist/lin/ang/drive_left/drive_right/tv_l/tv_r/av_l/av_r/x/y/theta/t_err: -0.14383 0.00000 -1.26928 0.07331 -0.09670 0.09153 -0.09942 0.09153 -0.09942 0 0 188.24068 -0.14383
fb: -0.01147 -0.08723 0.07763 -0.08584
fb: -0.01545 -0.08905 0.07763 -0.08584
target: 0.00000 -0.14848
dist/lin/ang/drive_left/drive_right/tv_l/tv_r/av_l/av_r/x/y/theta/t_err: -0.12947 0.00000 -1.13508 0.07360 -0.10449 0.08556 -0.09275 0.08556 -0.09275 0 0 187.41798 -0.12947
fb: -0.01169 -0.09086 0.05951 -0.06738
fb: -0.00794 -0.09100 0.05951 -0.06738
target: 0.00000 -0.13141
dist/lin/ang/drive_left/drive_right/tv_l/tv_r/av_l/av_r/x/y/theta/t_err: -0.11513 0.00000 -1.00462 0.08305 -0.09894 0.05919 -0.07444 0.05919 -0.07444 0 0 186.59625 -0.11513
fb: -0.00772 -0.08898 0.05028 -0.05780
fb: -0.00375 -0.08528 0.05028 -0.05780
target: 0.00000 -0.11779
dist/lin/ang/drive_left/drive_right/tv_l/tv_r/av_l/av_r/x/y/theta/t_err: -0.10296 0.00000 -0.90050 0.08153 -0.08903 0.04931 -0.05508 0.04931 -0.05508 0 0 185.89946 -0.10296
fb: 0.00000 -0.07999 0.05665 -0.06390
fb: -0.00397 -0.07441 0.05665 -0.06390
target: 0.00000 -0.10735
dist/lin/ang/drive_left/drive_right/tv_l/tv_r/av_l/av_r/x/y/theta/t_err: -0.09335 0.00000 -0.82068 0.07044 -0.07839 0.04928 -0.05200 0.04928 -0.05200 0 0 185.34876 -0.09335
fb: -0.00397 -0.06933 0.06397 -0.07101
fb: 0.00000 -0.06445 0.06397 -0.07101
target: 0.00000 -0.09810
dist/lin/ang/drive_left/drive_right/tv_l/tv_r/av_l/av_r/x/y/theta/t_err: -0.08513 0.00000 -0.74996 0.06445 -0.06445 0.05200 -0.05767 0.05200 -0.05767 0 0 184.87733 -0.08513
fb: 0.00000 -0.06048 0.06312 -0.06998
fb: 0.00000 -0.05651 0.06312 -0.06998
target: 0.00000 -0.08969
dist/lin/ang/drive_left/drive_right/tv_l/tv_r/av_l/av_r/x/y/theta/t_err: -0.07777 0.00000 -0.68566 0.05651 -0.05651 0.05700 -0.06039 0.05700 -0.06039 0 0 184.45597 -0.07777
fb: 0.00000 -0.05386 0.06127 -0.06795
fb: 0.00000 -0.05205 0.06127 -0.06795
target: 0.00000 -0.08111
dist/lin/ang/drive_left/drive_right/tv_l/tv_r/av_l/av_r/x/y/theta/t_err: -0.07053 0.00000 -0.62009 0.05205 -0.05205 0.05558 -0.05408 0.05558 -0.05408 0 0 184.04104 -0.07053
fb: 0.00000 -0.04849 0.05478 -0.06129
fb: 0.00000 -0.03965 0.05478 -0.06129
target: 0.00000 -0.07753
dist/lin/ang/drive_left/drive_right/tv_l/tv_r/av_l/av_r/x/y/theta/t_err: -0.06647 0.00000 -0.59266 0.03965 -0.03965 0.05233 -0.05375 0.05233 -0.05375 0 0 183.80827 -0.06647
fb: 0.00000 -0.04160 0.07482 -0.08126
fb: -0.00375 -0.03972 0.07482 -0.08126
target: 0.00000 -0.06884
dist/lin/ang/drive_left/drive_right/tv_l/tv_r/av_l/av_r/x/y/theta/t_err: -0.05997 0.00000 -0.52629 0.03596 -0.04347 0.05217 -0.06350 0.05217 -0.06350 0 0 183.43629 -0.05997
fb: -0.00772 -0.03372 0.04608 -0.05235
fb: -0.00397 -0.03149 0.04608 -0.05235
target: 0.00000 -0.06636
dist/lin/ang/drive_left/drive_right/tv_l/tv_r/av_l/av_r/x/y/theta/t_err: -0.05679 0.00000 -0.50727 0.02752 -0.03547 0.05117 -0.06517 0.05117 -0.06517 0 0 183.25399 -0.05679
fb: 0.00000 -0.02752 0.07228 -0.07850
fb: -0.00772 -0.03003 0.07228 -0.07850
target: 0.00000 -0.06088
dist/lin/ang/drive_left/drive_right/tv_l/tv_r/av_l/av_r/x/y/theta/t_err: -0.05254 0.00000 -0.46540 0.02231 -0.03775 0.04467 -0.05339 0.04467 -0.05339 0 0 183.01054 -0.05254
fb: -0.00772 -0.02940 0.05517 -0.06128
fb: 0.00000 -0.02522 0.05517 -0.06128
target: 0.00000 -0.05774
dist/lin/ang/drive_left/drive_right/tv_l/tv_r/av_l/av_r/x/y/theta/t_err: -0.04951 0.00000 -0.44138 0.02522 -0.02522 0.05681 -0.05717 0.05681 -0.05717 0 0 182.83643 -0.04951
fb: 0.00000 -0.02627 0.06357 -0.06961
fb: 0.00000 -0.02390 0.06357 -0.06961
target: 0.00000 -0.05325
dist/lin/ang/drive_left/drive_right/tv_l/tv_r/av_l/av_r/x/y/theta/t_err: -0.04592 0.00000 -0.40710 0.02390 -0.02390 0.04931 -0.05322 0.04931 -0.05322 0 0 182.63093 -0.04592
fb: 0.00000 -0.02237 0.05452 -0.06048
fb: 0.00000 -0.02028 0.05452 -0.06048
target: 0.00000 -0.05067
dist/lin/ang/drive_left/drive_right/tv_l/tv_r/av_l/av_r/x/y/theta/t_err: -0.04340 0.00000 -0.38733 0.02028 -0.02028 0.05203 -0.05339 0.05203 -0.05339 0 0 182.48639 -0.04340
fb: 0.00000 -0.01554 0.06134 -0.06724
fb: 0.00000 -0.01407 0.06134 -0.06724
target: 0.00000 -0.05009
dist/lin/ang/drive_left/drive_right/tv_l/tv_r/av_l/av_r/x/y/theta/t_err: -0.04241 0.00000 -0.38292 0.01407 -0.01407 0.04825 -0.05358 0.04825 -0.05358 0 0 182.42967 -0.04241
fb: 0.00000 -0.01045 0.06999 -0.07588
fb: 0.00000 -0.00871 0.06999 -0.07588
target: 0.00000 -0.04992
dist/lin/ang/drive_left/drive_right/tv_l/tv_r/av_l/av_r/x/y/theta/t_err: -0.04205 0.00000 -0.38161 0.00871 -0.00871 0.05339 -0.05561 0.05339 -0.05561 0 0 182.40938 -0.04205
fb: 0.00000 -0.00843 0.07169 -0.07759
fb: 0.00000 -0.00655 0.07169 -0.07759
target: 0.00000 -0.04899
dist/lin/ang/drive_left/drive_right/tv_l/tv_r/av_l/av_r/x/y/theta/t_err: -0.04138 0.00000 -0.37450 0.00655 -0.00655 0.05611 -0.06267 0.05611 -0.06267 0 0 182.37069 -0.04138
fb: 0.00000 -0.00836 0.06766 -0.07353
fb: 0.00000 -0.00885 0.06766 -0.07353
target: 0.00000 -0.04639
dist/lin/ang/drive_left/drive_right/tv_l/tv_r/av_l/av_r/x/y/theta/t_err: -0.03957 0.00000 -0.35467 0.00885 -0.00885 0.05853 -0.06283 0.05853 -0.06283 0 0 182.26721 -0.03957
fb: 0.00000 -0.00996 0.05844 -0.06426
fb: 0.00000 -0.01150 0.05844 -0.06426
target: 0.00000 -0.04362
dist/lin/ang/drive_left/drive_right/tv_l/tv_r/av_l/av_r/x/y/theta/t_err: -0.03737 0.00000 -0.33343 0.01150 -0.01150 0.05169 -0.05783 0.05169 -0.05783 0 0 182.14098 -0.03737
fb: 0.00000 -0.01059 0.05574 -0.06151
fb: 0.00000 -0.01178 0.05574 -0.06151
target: 0.00000 -0.04167
dist/lin/ang/drive_left/drive_right/tv_l/tv_r/av_l/av_r/x/y/theta/t_err: -0.03559 0.00000 -0.31856 0.01178 -0.01178 0.04586 -0.05322 0.04586 -0.05322 0 0 182.03926 -0.03559
fb: 0.00000 -0.01066 0.05819 -0.06392
fb: 0.00000 -0.01003 0.05819 -0.06392
final error was -2.14434
position: 1.22791 -0.89931 182.14434
took 1.28000 time to finish turn
cWARNING - pros.serial.terminal.terminal:stop - Stopping terminal - pros-cli version:3.5.6

[tomas@nixbtw:~/projects/Robotics/current/Cognex]$ ^C

[tomas@nixbtw:~/projects/Robotics/current/Cognex]$

