
[tomas@nixbtw:~/projects/Robotics/current/Cognex]$ t
Not sending analytics for this command.

Established terminal connection



         _+=+_
      .-`  .  `-.          8888888b.  8888888b.   .d88888b.   .d8888b.
   _+`     "     `+_       888   Y88b 888   Y88b d88P" "Y88b d88P  Y88b
  \\\sssssssssssss///      888    888 888    888 888     888 Y88b.
     .ss\  *  /ss.         888   d88P 888   d88P 888     888  "Y888b.
 .+bm  .s  *  s.  md+.     8888888P"  8888888P"  888     888     "Y88b.
.hMMMMs .  *  . sMMMMh.    888        888 T88b   888     888       "888
 `\hMMMb \ | / dMMMh:      888        888  T88b  Y88b. .d88P Y88b  d88P
   -SNMNo  -  oNMNs-       888        888   T88b  "Y88888P"   "Y8888P"
     `+dMh\./dMd/
        `:yNy:`                      Powered by PROS for VEX V5
           "                Copyright (c) Purdue University ACM SIGBots
Version:        4.2.1     Platform:  V1.1.5 (b18)     Uptime:    0.000 s
Compiled:   Jan  1 1980 00:00:00     Directory:


bouncing done
health done
auton done
calibrated!
starting task: 2318303
initializing odom model
timed correctly: 2321176
initializing pf model
initializing smoother model
target: 0.000 0.157
dist/lin/ang/drive_left/drive_right/tv_l/tv_r/av_l/av_r/x/y/theta/t_err: 1.57080 0.00000 1.20000 0.00000 0.00000 -0.00017 -0.00017 -0.00017 -0.00017 0 0 -0.00007 1.57080
fb: 0.00000 0.00000 -0.85057 0.85860
fb: 0.00000 0.00000 -0.85057 0.85860
target: 0.00000 0.31394
dist/lin/ang/drive_left/drive_right/tv_l/tv_r/av_l/av_r/x/y/theta/t_err: 1.57080 0.00000 2.40000 0.00000 0.00000 -0.02772 0.10628 -0.02772 0.10628 0 0 -0.00009 1.57080
fb: 0.00000 0.00000 -0.95574 0.96691
fb: 0.00000 0.01101 -0.95574 0.96691
target: 0.00000 0.47092
dist/lin/ang/drive_left/drive_right/tv_l/tv_r/av_l/av_r/x/y/theta/t_err: 1.56413 0.00000 3.60000 -0.01101 0.01101 -0.48919 0.41544 -0.48919 0.41544 0 0 0.38179 1.56413
fb: 0.00000 0.04696 -1.00000 1.00000
fb: 0.00000 0.09148 -1.00000 1.00000
target: 0.00000 0.62789
dist/lin/ang/drive_left/drive_right/tv_l/tv_r/av_l/av_r/x/y/theta/t_err: 1.51223 0.00000 4.80000 -0.09148 0.09148 -0.60197 0.43083 -0.60197 0.43083 0 0 3.35547 1.51223
fb: 0.00000 0.12709 -1.00000 1.00000
fb: 0.00000 0.16318 -1.00000 1.00000
target: 0.00000 0.78486
dist/lin/ang/drive_left/drive_right/tv_l/tv_r/av_l/av_r/x/y/theta/t_err: 1.45348 0.00000 6.00000 -0.16318 0.16318 -0.39939 0.57594 -0.39939 0.57594 0 0 6.72181 1.45348
fb: 0.00000 0.19662 -1.00000 1.00000
fb: 0.00000 0.23641 -1.00000 1.00000
target: 0.00000 0.78486
dist/lin/ang/drive_left/drive_right/tv_l/tv_r/av_l/av_r/x/y/theta/t_err: 1.38304 0.00000 6.00000 -0.23641 0.23641 -0.68939 0.74686 -0.68939 0.74686 0 0 10.75768 1.38304
fb: 0.00000 0.27773 -0.56488 0.58547
fb: 0.00000 0.31821 -0.56488 0.58547
target: 0.00000 0.78486
dist/lin/ang/drive_left/drive_right/tv_l/tv_r/av_l/av_r/x/y/theta/t_err: 1.29593 0.00000 6.00000 -0.31821 0.31821 -0.72533 0.69917 -0.72533 0.69917 0 0 15.74844 1.29593
fb: 0.00000 0.35625 -0.56488 0.58547
fb: 0.00000 0.38809 -0.56488 0.58547
target: 0.00000 0.78486
dist/lin/ang/drive_left/drive_right/tv_l/tv_r/av_l/av_r/x/y/theta/t_err: 1.20366 0.00000 6.00000 -0.38809 0.38809 -0.41306 0.48750 -0.41306 0.48750 0 0 21.03559 1.20366
fb: 0.00000 0.41945 -0.56488 0.58547
fb: 0.00000 0.44808 -0.56488 0.58547
target: 0.00000 0.78486
dist/lin/ang/drive_left/drive_right/tv_l/tv_r/av_l/av_r/x/y/theta/t_err: 1.10695 0.00000 6.00000 -0.44808 0.44808 -0.52033 0.54806 -0.52033 0.54806 0 0 26.57627 1.10695
fb: 0.00000 0.47463 -0.56488 0.58547
fb: 0.00000 0.50257 -0.56488 0.58547
target: 0.00000 0.78486
dist/lin/ang/drive_left/drive_right/tv_l/tv_r/av_l/av_r/x/y/theta/t_err: 1.00469 0.00000 6.00000 -0.50257 0.50257 -0.53919 0.55783 -0.53919 0.55783 0 0 32.43553 1.00469
fb: 0.00000 0.52954 -0.56488 0.58547
fb: 0.00000 0.55525 -0.56488 0.58547
target: 0.00000 0.78486
dist/lin/ang/drive_left/drive_right/tv_l/tv_r/av_l/av_r/x/y/theta/t_err: 0.89515 0.00000 6.00000 -0.55525 0.55525 -0.54361 0.56125 -0.54361 0.56125 0 0 38.71161 0.89515
fb: 0.00000 0.58158 -0.56488 0.58547
fb: 0.00000 0.60729 -0.56488 0.58547
target: 0.00000 0.78486
dist/lin/ang/drive_left/drive_right/tv_l/tv_r/av_l/av_r/x/y/theta/t_err: 0.77798 0.00000 6.00000 -0.60729 0.60729 -0.54533 0.56192 -0.54533 0.56192 0 0 45.42486 0.77798
fb: 0.00000 0.63210 -0.56488 0.58547
fb: 0.00000 0.65502 -0.56488 0.58547
target: 0.00000 0.73748
dist/lin/ang/drive_left/drive_right/tv_l/tv_r/av_l/av_r/x/y/theta/t_err: 0.65555 0.00000 5.63776 -0.65502 0.65502 -0.54753 0.56414 -0.54753 0.56414 0 0 52.43954 0.65555
fb: 0.00000 0.67641 -0.31990 0.33955
fb: 0.00000 0.69648 -0.31990 0.33955
target: 0.00000 0.59594
dist/lin/ang/drive_left/drive_right/tv_l/tv_r/av_l/av_r/x/y/theta/t_err: 0.52974 0.00000 4.55575 -0.69648 0.69648 -0.46797 0.50733 -0.46797 0.50733 0 0 59.64822 0.52974
fb: 0.00000 0.71355 0.27666 -0.26964
fb: 0.00000 0.71459 0.27666 -0.26964
target: 0.00000 0.46343
dist/lin/ang/drive_left/drive_right/tv_l/tv_r/av_l/av_r/x/y/theta/t_err: 0.41195 0.00000 3.54276 -0.71459 0.71459 -0.25203 0.25497 -0.25203 0.25497 0 0 66.39706 0.41195
fb: 0.00000 0.70770 0.32482 -0.32044
fb: 0.00000 0.69920 0.32482 -0.32044
target: 0.00000 0.35163
dist/lin/ang/drive_left/drive_right/tv_l/tv_r/av_l/av_r/x/y/theta/t_err: 0.31257 0.00000 2.68813 -0.69920 0.69920 0.18617 -0.15861 0.18617 -0.15861 0 0 72.09085 0.31257
fb: -0.00375 0.66276 0.30650 -0.30436
fb: -0.00772 0.60980 0.30650 -0.30436
target: 0.00000 0.29447
dist/lin/ang/drive_left/drive_right/tv_l/tv_r/av_l/av_r/x/y/theta/t_err: 0.26176 0.00000 2.25112 -0.61752 0.60208 0.28131 -0.28200 0.28131 -0.28200 0 0 75.00237 0.26176
fb: -0.01567 0.55107 0.09898 -0.09798
fb: -0.02913 0.49289 0.09898 -0.09798
target: 0.00000 0.27190
dist/lin/ang/drive_left/drive_right/tv_l/tv_r/av_l/av_r/x/y/theta/t_err: 0.24169 0.00000 2.07855 -0.52201 0.46376 0.23322 -0.23614 0.23322 -0.23614 0 0 76.15206 0.24169
fb: -0.05229 0.43506 -0.11961 0.12994
fb: -0.07943 0.38579 -0.11961 0.12994
target: 0.00000 0.26278
dist/lin/ang/drive_left/drive_right/tv_l/tv_r/av_l/av_r/x/y/theta/t_err: 0.23359 0.00000 2.00887 -0.46523 0.30636 0.04722 -0.05031 0.04722 -0.05031 0 0 76.61627 0.23359
fb: -0.07745 0.33556 -0.17407 0.18422
fb: -0.05825 0.29076 -0.17407 0.18422
target: 0.00000 0.26346
dist/lin/ang/drive_left/drive_right/tv_l/tv_r/av_l/av_r/x/y/theta/t_err: 0.23419 0.00000 2.01406 -0.34901 0.23250 -0.11842 0.12100 -0.11842 0.12100 0 0 76.58176 0.23419
fb: -0.04082 0.26519 -0.21859 0.22875
fb: -0.02714 0.25230 -0.21859 0.22875
target: 0.00000 0.24054
dist/lin/ang/drive_left/drive_right/tv_l/tv_r/av_l/av_r/x/y/theta/t_err: 0.21382 0.00000 1.83888 -0.27944 0.22516 -0.17300 0.18136 -0.17300 0.18136 0 0 77.74884 0.21382
fb: -0.02317 0.24366 -0.09707 0.10677
fb: -0.02317 0.23585 -0.09707 0.10677
target: 0.00000 0.20875
dist/lin/ang/drive_left/drive_right/tv_l/tv_r/av_l/av_r/x/y/theta/t_err: 0.18556 0.00000 1.59581 -0.25902 0.21268 -0.19542 0.20089 -0.19542 0.20089 0 0 79.36821 0.18556
fb: -0.03111 0.23070 0.04224 0.04487
fb: -0.03685 0.22714 0.04224 0.04487
target: 0.00000 0.17432
dist/lin/ang/drive_left/drive_right/tv_l/tv_r/av_l/av_r/x/y/theta/t_err: 0.15496 0.00000 1.33261 -0.26399 0.19029 -0.09292 0.10508 -0.09292 0.10508 0 0 81.12172 0.15496
fb: -0.03288 0.22289 0.07716 -0.07857
fb: -0.03111 0.21627 0.07716 -0.07857
target: 0.00000 0.14284
dist/lin/ang/drive_left/drive_right/tv_l/tv_r/av_l/av_r/x/y/theta/t_err: 0.12697 0.00000 1.09198 -0.24739 0.18516 0.03283 0.04003 0.03283 0.04003 0 0 82.72492 0.12697
fb: -0.02714 0.20673 0.08497 -0.08701
fb: -0.01942 0.19816 0.08497 -0.08701
target: 0.00000 0.11843
dist/lin/ang/drive_left/drive_right/tv_l/tv_r/av_l/av_r/x/y/theta/t_err: 0.10527 0.00000 0.90535 -0.21758 0.17874 0.07067 -0.06381 0.07067 -0.06381 0 0 83.96826 0.10527
fb: -0.00794 0.17983 0.06953 -0.07206
fb: 0.00000 0.14792 0.06953 -0.07206
target: 0.00000 0.11946
dist/lin/ang/drive_left/drive_right/tv_l/tv_r/av_l/av_r/x/y/theta/t_err: 0.10619 0.00000 0.91327 -0.14792 0.14792 0.07461 -0.07786 0.07461 -0.07786 0 0 83.91553 0.10619
fb: -0.00177 0.10981 -0.12372 0.13101
fb: -0.00177 0.07093 -0.12372 0.13101
target: 0.00000 0.14816
dist/lin/ang/drive_left/drive_right/tv_l/tv_r/av_l/av_r/x/y/theta/t_err: 0.13170 0.00000 1.13261 -0.07270 0.06916 0.03628 -0.04619 0.03628 -0.04619 0 0 82.45419 0.13170
fb: 0.00000 0.04097 -0.26740 0.27526
fb: 0.00000 0.02780 -0.26740 0.27526
target: 0.00000 0.16653
dist/lin/ang/drive_left/drive_right/tv_l/tv_r/av_l/av_r/x/y/theta/t_err: 0.14803 0.00000 1.27308 -0.02780 0.02780 -0.11756 0.12492 -0.11756 0.12492 0 0 81.51836 0.14803
fb: 0.00000 0.02153 -0.23328 0.24151
fb: 0.00000 0.01944 -0.23328 0.24151
target: 0.00000 0.16762
dist/lin/ang/drive_left/drive_right/tv_l/tv_r/av_l/av_r/x/y/theta/t_err: 0.14900 0.00000 1.28143 -0.01944 0.01944 -0.23681 0.24244 -0.23681 0.24244 0 0 81.46273 0.14900
fb: 0.00000 0.03205 -0.15625 0.16449
fb: 0.00000 0.06041 -0.15625 0.16449
target: 0.00000 0.13566
dist/lin/ang/drive_left/drive_right/tv_l/tv_r/av_l/av_r/x/y/theta/t_err: 0.12059 0.00000 1.03711 -0.06041 0.06041 -0.21406 0.22086 -0.21406 0.22086 0 0 83.09047 0.12059
fb: 0.00000 0.08884 0.09195 -0.09413
fb: 0.00000 0.10235 0.09195 -0.09413
target: 0.00000 0.09545
dist/lin/ang/drive_left/drive_right/tv_l/tv_r/av_l/av_r/x/y/theta/t_err: 0.08484 0.00000 0.72965 -0.10235 0.10235 -0.11875 0.12800 -0.11875 0.12800 0 0 85.13886 0.08484
fb: 0.00000 0.10326 0.15606 -0.15904
fb: 0.00000 0.09776 0.15606 -0.15904
target: 0.00000 0.08112
dist/lin/ang/drive_left/drive_right/tv_l/tv_r/av_l/av_r/x/y/theta/t_err: 0.07211 0.00000 0.62016 -0.09776 0.09776 0.07458 -0.08436 0.07458 -0.08436 0 0 85.86834 0.07211
fb: 0.00000 0.09197 0.04912 -0.05240
fb: 0.00000 0.08500 0.04912 -0.05240
target: 0.00000 0.07327
dist/lin/ang/drive_left/drive_right/tv_l/tv_r/av_l/av_r/x/y/theta/t_err: 0.06513 0.00000 0.56012 -0.08500 0.08500 0.12797 -0.11925 0.12797 -0.11925 0 0 86.26832 0.06513
fb: 0.00000 0.06940 -0.05277 0.05913
fb: 0.00000 0.04438 -0.05277 0.05913
target: 0.00000 0.08711
dist/lin/ang/drive_left/drive_right/tv_l/tv_r/av_l/av_r/x/y/theta/t_err: 0.07743 0.00000 0.66592 -0.04438 0.04438 0.03936 -0.02994 0.03936 -0.02994 0 0 85.56345 0.07743
fb: 0.00000 0.02104 -0.15967 0.16630
fb: 0.00000 0.00982 -0.15967 0.16630
target: 0.00000 0.10401
dist/lin/ang/drive_left/drive_right/tv_l/tv_r/av_l/av_r/x/y/theta/t_err: 0.09246 0.00000 0.79515 -0.00982 0.00982 -0.05953 0.07239 -0.05953 0.07239 0 0 84.70250 0.09246
fb: 0.00000 0.00495 -0.18478 0.19175
fb: 0.00000 0.00125 -0.18478 0.19175
target: 0.00000 0.10836
dist/lin/ang/drive_left/drive_right/tv_l/tv_r/av_l/av_r/x/y/theta/t_err: 0.09632 0.00000 0.82834 -0.00125 0.00125 -0.14083 0.15211 -0.14083 0.15211 0 0 84.48135 0.09632
fb: 0.00000 -0.00160 -0.13116 0.13822
fb: 0.00000 0.00341 -0.13116 0.13822
target: 0.00000 0.10683
dist/lin/ang/drive_left/drive_right/tv_l/tv_r/av_l/av_r/x/y/theta/t_err: 0.09496 0.00000 0.81667 -0.00341 0.00341 -0.16600 0.16614 -0.16600 0.16614 0 0 84.55907 0.09496
fb: 0.00000 0.02460 -0.10373 0.11076
fb: 0.00000 0.04787 -0.10373 0.11076
target: 0.00000 0.07482
dist/lin/ang/drive_left/drive_right/tv_l/tv_r/av_l/av_r/x/y/theta/t_err: 0.06651 0.00000 0.57199 -0.04787 0.04787 -0.11547 0.11689 -0.11547 0.11689 0 0 86.18920 0.06651
fb: 0.00000 0.05595 0.13292 -0.13632
fb: 0.00000 0.05734 0.13292 -0.13632
target: 0.00000 0.05998
dist/lin/ang/drive_left/drive_right/tv_l/tv_r/av_l/av_r/x/y/theta/t_err: 0.05332 0.00000 0.45856 -0.05734 0.05734 -0.03883 0.04706 -0.03883 0.04706 0 0 86.94495 0.05332
fb: 0.00000 0.05267 0.06561 -0.06930
fb: 0.00000 0.04564 0.06561 -0.06930
target: 0.00000 0.05834
dist/lin/ang/drive_left/drive_right/tv_l/tv_r/av_l/av_r/x/y/theta/t_err: 0.05186 0.00000 0.44600 -0.04564 0.04564 0.09753 -0.09667 0.09753 -0.09667 0 0 87.02861 0.05186
fb: 0.00000 0.03902 -0.07072 0.07678
fb: 0.00000 0.03115 -0.07072 0.07678
target: 0.00000 0.06063
dist/lin/ang/drive_left/drive_right/tv_l/tv_r/av_l/av_r/x/y/theta/t_err: 0.05389 0.00000 0.46346 -0.03115 0.03115 0.03714 -0.03697 0.03714 -0.03697 0 0 86.91226 0.05389
fb: 0.00000 0.02111 -0.08992 0.09603
fb: 0.00000 0.01282 -0.08992 0.09603
target: 0.00000 0.06824
dist/lin/ang/drive_left/drive_right/tv_l/tv_r/av_l/av_r/x/y/theta/t_err: 0.06066 0.00000 0.52168 -0.01282 0.01282 -0.06708 0.06758 -0.06708 0.06758 0 0 86.52439 0.06066
fb: 0.00000 0.00641 -0.11901 0.12527
fb: 0.00000 0.00000 -0.11901 0.12527
target: 0.00000 0.07499
dist/lin/ang/drive_left/drive_right/tv_l/tv_r/av_l/av_r/x/y/theta/t_err: 0.06666 0.00000 0.57331 0.00000 0.00000 -0.08711 0.09036 -0.08711 0.09036 0 0 86.18045 0.06666
fb: 0.00000 -0.00467 -0.11966 0.12605
fb: 0.00000 -0.00857 -0.11966 0.12605
target: 0.00000 0.08104
dist/lin/ang/drive_left/drive_right/tv_l/tv_r/av_l/av_r/x/y/theta/t_err: 0.07204 0.00000 0.61956 0.00857 -0.00857 -0.10539 0.11206 -0.10539 0.11206 0 0 85.87230 0.07204
fb: 0.00000 -0.00167 -0.12055 0.12706
fb: 0.00000 0.01610 -0.12055 0.12706
target: 0.00000 0.06535
dist/lin/ang/drive_left/drive_right/tv_l/tv_r/av_l/av_r/x/y/theta/t_err: 0.05809 0.00000 0.49959 -0.01610 0.01610 -0.10333 0.10883 -0.10333 0.10883 0 0 86.67159 0.05809
fb: 0.00000 0.02864 0.06586 -0.06944
fb: 0.00000 0.03484 0.06586 -0.06944
target: 0.00000 0.04938
dist/lin/ang/drive_left/drive_right/tv_l/tv_r/av_l/av_r/x/y/theta/t_err: 0.04390 0.00000 0.37753 -0.03484 0.03484 -0.06606 0.06692 -0.06606 0.06692 0 0 87.48480 0.04390
fb: 0.00000 0.03595 0.07779 -0.08169
fb: 0.00000 0.03080 0.07779 -0.08169
target: 0.00000 0.04614
dist/lin/ang/drive_left/drive_right/tv_l/tv_r/av_l/av_r/x/y/theta/t_err: 0.04102 0.00000 0.35273 -0.03080 0.03080 0.06006 -0.05903 0.06006 -0.05903 0 0 87.65001 0.04102
fb: 0.00000 0.02418 -0.05534 0.06116
fb: 0.00000 0.01721 -0.05534 0.06116
target: 0.00000 0.05042
dist/lin/ang/drive_left/drive_right/tv_l/tv_r/av_l/av_r/x/y/theta/t_err: 0.04482 0.00000 0.38543 -0.01721 0.01721 0.02703 -0.04739 0.02703 -0.04739 0 0 87.43217 0.04482
fb: 0.00000 0.01010 -0.09205 0.09795
fb: 0.00000 0.00397 -0.09205 0.09795
target: 0.00000 0.05680
dist/lin/ang/drive_left/drive_right/tv_l/tv_r/av_l/av_r/x/y/theta/t_err: 0.05049 0.00000 0.43420 -0.00397 0.00397 -0.05922 0.05956 -0.05922 0.05956 0 0 87.10725 0.05049
fb: 0.00000 -0.00139 -0.10579 0.11182
fb: 0.00000 -0.00655 -0.10579 0.11182
final error was 3.00732
position: -0.09374 -0.22741 86.99268
took 1.00000 time to finish turn
increased kp to 8.70000
increased kp to 8.80000
increased kp to 8.90000
decreased kd to -0.20000
increased kd to 0.00000
increased kp to 9.00000
increased kp to 9.10000
increased kp to 9.20000
increased kp to 9.30000
increased kp to 9.40000
increased kp to 9.50000
decreased kd to -0.20000
decreased kd to -0.40000
decreased kd to -0.60000
target: 0.00000 0.15697
dist/lin/ang/drive_left/drive_right/tv_l/tv_r/av_l/av_r/x/y/theta/t_err: 1.57080 0.00000 1.20000 0.00000 0.00000 0.00033 -0.00033 0.00033 -0.00033 0 0 -0.00006 1.57080
fb: 0.00000 0.00000 -0.85057 0.85860
fb: 0.00000 0.00000 -0.85057 0.85860
target: 0.00000 0.31394
dist/lin/ang/drive_left/drive_right/tv_l/tv_r/av_l/av_r/x/y/theta/t_err: 1.57080 0.00000 2.40000 0.00000 0.00000 -0.03336 0.06553 -0.03336 0.06553 0 0 -0.00006 1.57080
fb: 0.00000 0.00000 -0.95574 0.96691
fb: 0.00000 0.00425 -0.95574 0.96691
target: 0.00000 0.47092
dist/lin/ang/drive_left/drive_right/tv_l/tv_r/av_l/av_r/x/y/theta/t_err: 1.56823 0.00000 3.60000 -0.00425 0.00425 -0.41769 0.44297 -0.41769 0.44297 0 0 0.14729 1.56823
fb: 0.00000 0.02620 -1.00000 1.00000
fb: 0.00000 0.07009 -1.00000 1.00000
target: 0.00000 0.62789
dist/lin/ang/drive_left/drive_right/tv_l/tv_r/av_l/av_r/x/y/theta/t_err: 1.52667 0.00000 4.80000 -0.07009 0.07009 -0.63769 0.34942 -0.63769 0.34942 0 0 2.52837 1.52667
fb: 0.00000 0.10960 -1.00000 1.00000
fb: 0.00000 0.14374 -1.00000 1.00000
target: 0.00000 0.78486
dist/lin/ang/drive_left/drive_right/tv_l/tv_r/av_l/av_r/x/y/theta/t_err: 1.47000 0.00000 6.00000 -0.14374 0.14374 -0.28900 0.58706 -0.28900 0.58706 0 0 5.77549 1.47000
fb: 0.00199 0.17510 -1.00000 1.00000
fb: 0.00199 0.20910 -1.00000 1.00000
target: 0.00000 0.78486
dist/lin/ang/drive_left/drive_right/tv_l/tv_r/av_l/av_r/x/y/theta/t_err: 1.40735 0.00000 6.00000 -0.20711 0.21108 -0.65314 0.72292 -0.65314 0.72292 0 0 9.36491 1.40735
fb: 0.00000 0.24819 -0.56488 0.58547
fb: 0.00000 0.28839 -0.56488 0.58547
target: 0.00000 0.78486
dist/lin/ang/drive_left/drive_right/tv_l/tv_r/av_l/av_r/x/y/theta/t_err: 1.32590 0.00000 6.00000 -0.28839 0.28839 -0.67931 0.66461 -0.67931 0.66461 0 0 14.03149 1.32590
fb: 0.00000 0.32880 -0.56488 0.58547
fb: 0.00000 0.36489 -0.56488 0.58547
target: 0.00000 0.78486
dist/lin/ang/drive_left/drive_right/tv_l/tv_r/av_l/av_r/x/y/theta/t_err: 1.23402 0.00000 6.00000 -0.36489 0.36489 -0.36000 0.44094 -0.36000 0.44094 0 0 19.29583 1.23402
fb: 0.00000 0.39457 -0.56488 0.58547
fb: 0.00000 0.41798 -0.56488 0.58547
target: 0.00000 0.78486
dist/lin/ang/drive_left/drive_right/tv_l/tv_r/av_l/av_r/x/y/theta/t_err: 1.14517 0.00000 6.00000 -0.41798 0.41798 -0.50989 0.53661 -0.50989 0.53661 0 0 24.38681 1.14517
fb: 0.00000 0.43840 -0.56488 0.58547
fb: 0.00000 0.46216 -0.56488 0.58547
target: 0.00000 0.78486
dist/lin/ang/drive_left/drive_right/tv_l/tv_r/av_l/av_r/x/y/theta/t_err: 1.05395 0.00000 6.00000 -0.46216 0.46216 -0.54056 0.55953 -0.54056 0.55953 0 0 29.61308 1.05395
fb: 0.00000 0.49121 -0.56488 0.58547
fb: 0.00000 0.52354 -0.56488 0.58547
target: 0.00000 0.78486
dist/lin/ang/drive_left/drive_right/tv_l/tv_r/av_l/av_r/x/y/theta/t_err: 0.94517 0.00000 6.00000 -0.52354 0.52354 -0.54156 0.56108 -0.54156 0.56108 0 0 35.84601 0.94517
fb: 0.00000 0.55406 -0.56488 0.58547
fb: 0.00000 0.58381 -0.56488 0.58547
target: 0.00000 0.78486
dist/lin/ang/drive_left/drive_right/tv_l/tv_r/av_l/av_r/x/y/theta/t_err: 0.82769 0.00000 6.00000 -0.58381 0.58381 -0.54311 0.56108 -0.54311 0.56108 0 0 42.57688 0.82769
fb: 0.00000 0.60945 -0.56488 0.58547
fb: 0.00000 0.63266 -0.56488 0.58547
target: 0.00000 0.78486
dist/lin/ang/drive_left/drive_right/tv_l/tv_r/av_l/av_r/x/y/theta/t_err: 0.70819 0.00000 6.00000 -0.63266 0.63266 -0.54769 0.56361 -0.54769 0.56361 0 0 49.42373 0.70819
fb: 0.00000 0.65488 -0.56488 0.58547
fb: 0.00000 0.67725 -0.56488 0.58547
target: 0.00000 0.74999
dist/lin/ang/drive_left/drive_right/tv_l/tv_r/av_l/av_r/x/y/theta/t_err: 0.58390 0.00000 5.73345 -0.67725 0.67725 -0.54975 0.56178 -0.54975 0.56178 0 0 56.54521 0.58390
fb: -0.00199 0.69711 -0.38462 0.40451
fb: -0.00199 0.71787 -0.38462 0.40451
target: 0.00000 0.59099
dist/lin/ang/drive_left/drive_right/tv_l/tv_r/av_l/av_r/x/y/theta/t_err: 0.45526 0.00000 4.51793 -0.71985 0.71588 -0.50581 0.52581 -0.50581 0.52581 0 0 63.91551 0.45526
fb: 0.00000 0.73752 0.35857 -0.35165
fb: -0.00375 0.74846 0.35857 -0.35165
target: 0.00000 0.43101
dist/lin/ang/drive_left/drive_right/tv_l/tv_r/av_l/av_r/x/y/theta/t_err: 0.32651 0.00000 3.29493 -0.75221 0.74471 -0.27086 0.29633 -0.27086 0.29633 0 0 71.29263 0.32651
fb: -0.01147 0.75173 0.47016 -0.46643
fb: -0.03111 0.74776 0.47016 -0.46643
target: 0.00000 0.28660
dist/lin/ang/drive_left/drive_right/tv_l/tv_r/av_l/av_r/x/y/theta/t_err: 0.21265 0.00000 2.19097 -0.77887 0.71665 0.19933 -0.23969 0.19933 -0.23969 0 0 77.81599 0.21265
fb: -0.04854 0.72693 0.49684 -0.49601
fb: -0.05428 0.68512 0.49684 -0.49601
target: 0.00000 0.18549
dist/lin/ang/drive_left/drive_right/tv_l/tv_r/av_l/av_r/x/y/theta/t_err: 0.13738 0.00000 1.41799 -0.73940 0.63085 0.41186 -0.40672 0.41186 -0.40672 0 0 82.12889 0.13738
fb: -0.05825 0.62611 0.36975 -0.37094
fb: -0.06200 0.57273 0.36975 -0.37094
target: 0.00000 0.13521
dist/lin/ang/drive_left/drive_right/tv_l/tv_r/av_l/av_r/x/y/theta/t_err: 0.10345 0.00000 1.03363 -0.63473 0.51074 0.43069 -0.41033 0.43069 -0.41033 0 0 84.07300 0.10345
fb: -0.07546 0.51790 0.17468 -0.17687
fb: -0.07171 0.46550 0.17468 -0.17687
target: 0.00000 0.10712
dist/lin/ang/drive_left/drive_right/tv_l/tv_r/av_l/av_r/x/y/theta/t_err: 0.08296 0.00000 0.81887 -0.53721 0.39379 0.31553 -0.29928 0.31553 -0.29928 0 0 85.24659 0.08296
fb: -0.06024 0.41373 0.09367 -0.09642
fb: -0.05251 0.36162 0.09367 -0.09642
target: 0.00000 0.09652
dist/lin/ang/drive_left/drive_right/tv_l/tv_r/av_l/av_r/x/y/theta/t_err: 0.07668 0.00000 0.73789 -0.41413 0.30910 0.17144 -0.16322 0.17144 -0.16322 0 0 85.60649 0.07668
fb: -0.03685 0.30838 -0.05603 0.06285
fb: -0.02714 0.25724 -0.05603 0.06285
target: 0.00000 0.10575
dist/lin/ang/drive_left/drive_right/tv_l/tv_r/av_l/av_r/x/y/theta/t_err: 0.08667 0.00000 0.80840 -0.28438 0.23010 0.07717 -0.05136 0.07717 -0.05136 0 0 85.03401 0.08667
fb: -0.02317 0.20729 -0.15138 0.15839
fb: -0.02317 0.16499 -0.15138 0.15839
target: 0.00000 0.12700
dist/lin/ang/drive_left/drive_right/tv_l/tv_r/av_l/av_r/x/y/theta/t_err: 0.10511 0.00000 0.97086 -0.18816 0.14182 -0.06417 0.08247 -0.06417 0.08247 0 0 83.97784 0.10511
fb: -0.02339 0.14158 -0.21974 0.22718
fb: -0.02339 0.13071 -0.21974 0.22718
target: 0.00000 0.12669
dist/lin/ang/drive_left/drive_right/tv_l/tv_r/av_l/av_r/x/y/theta/t_err: 0.10135 0.00000 0.96850 -0.15410 0.10732 -0.15603 0.15708 -0.15603 0.15708 0 0 84.19279 0.10135
fb: -0.02913 0.12319 -0.12251 0.12994
fb: -0.03288 0.11761 -0.12251 0.12994
target: 0.00000 0.11355
dist/lin/ang/drive_left/drive_right/tv_l/tv_r/av_l/av_r/x/y/theta/t_err: 0.08950 0.00000 0.86804 -0.15049 0.08473 -0.17642 0.18633 -0.17642 0.18633 0 0 84.87195 0.08950
fb: -0.01942 0.11901 -0.05597 0.06313
fb: -0.00397 0.12131 -0.05597 0.06313
target: 0.00000 0.08996
dist/lin/ang/drive_left/drive_right/tv_l/tv_r/av_l/av_r/x/y/theta/t_err: 0.06918 0.00000 0.68768 -0.12528 0.11733 -0.10539 0.10711 -0.10539 0.10711 0 0 86.03637 0.06918
fb: -0.00375 0.12632 0.08492 -0.08802
fb: -0.00375 0.12625 0.08492 -0.08802
target: 0.00000 0.06313
dist/lin/ang/drive_left/drive_right/tv_l/tv_r/av_l/av_r/x/y/theta/t_err: 0.04736 0.00000 0.48263 -0.13000 0.12250 -0.00958 0.03489 -0.00958 0.03489 0 0 87.28660 0.04736
fb: -0.00397 0.11949 0.11743 -0.12106
fb: -0.00397 0.11399 0.11743 -0.12106
target: 0.00000 0.04675
dist/lin/ang/drive_left/drive_right/tv_l/tv_r/av_l/av_r/x/y/theta/t_err: 0.03580 0.00000 0.35741 -0.11796 0.11002 0.08214 -0.07886 0.08214 -0.07886 0 0 87.94903 0.03580
fb: 0.00000 0.10688 0.08141 -0.08537
fb: -0.00375 0.09957 0.08141 -0.08537
target: 0.00000 0.03568
dist/lin/ang/drive_left/drive_right/tv_l/tv_r/av_l/av_r/x/y/theta/t_err: 0.02738 0.00000 0.27274 -0.10332 0.09582 0.09856 -0.10303 0.09856 -0.10303 0 0 88.43119 0.02738
fb: -0.01545 0.08758 0.06496 -0.06914
fb: -0.01942 0.06389 0.06496 -0.06914
final error was 4.18215
position: -0.11123 -0.29854 85.81785
took 0.60000 time to finish turn
decreased kd to -0.80000
decreased kd to -1.00000
decreased kd to -1.20000
decreased kd to -1.40000
decreased kd to -1.60000
target: 0.00000 0.15697
dist/lin/ang/drive_left/drive_right/tv_l/tv_r/av_l/av_r/x/y/theta/t_err: 1.57080 0.00000 1.20000 0.00000 0.00000 -0.00033 -0.00033 -0.00033 -0.00033 0 0 0.00006 1.57080
fb: 0.00000 0.00000 -0.85057 0.85860
fb: 0.00000 0.00000 -0.85057 0.85860
target: 0.00000 0.31394
dist/lin/ang/drive_left/drive_right/tv_l/tv_r/av_l/av_r/x/y/theta/t_err: 1.57079 0.00000 2.40000 0.00000 0.00000 -0.08233 0.02703 -0.08233 0.02703 0 0 0.00028 1.57079
fb: 0.00000 0.00000 -0.95574 0.96691
fb: 0.00000 0.00648 -0.95574 0.96691
target: 0.00000 0.47092
dist/lin/ang/drive_left/drive_right/tv_l/tv_r/av_l/av_r/x/y/theta/t_err: 1.56687 0.00000 3.60000 -0.00648 0.00648 -0.47653 0.39236 -0.47653 0.39236 0 0 0.22519 1.56687
fb: 0.00000 0.04571 -1.00000 1.00000
fb: 0.00000 0.09364 -1.00000 1.00000
target: 0.00000 0.62789
dist/lin/ang/drive_left/drive_right/tv_l/tv_r/av_l/av_r/x/y/theta/t_err: 1.51127 0.00000 4.80000 -0.09364 0.09364 -0.50800 0.52806 -0.50800 0.52806 0 0 3.41075 1.51127
fb: 0.00000 0.13231 -1.00000 1.00000
fb: 0.00000 0.17084 -1.00000 1.00000
target: 0.00000 0.78486
dist/lin/ang/drive_left/drive_right/tv_l/tv_r/av_l/av_r/x/y/theta/t_err: 1.44896 0.00000 6.00000 -0.17084 0.17084 -0.47417 0.41492 -0.47417 0.41492 0 0 6.98091 1.44896
fb: 0.00000 0.20304 -1.00000 1.00000
fb: 0.00000 0.23690 -1.00000 1.00000
target: 0.00000 0.78486
dist/lin/ang/drive_left/drive_right/tv_l/tv_r/av_l/av_r/x/y/theta/t_err: 1.38175 0.00000 6.00000 -0.23690 0.23690 -0.75494 0.60814 -0.75494 0.60814 0 0 10.83135 1.38175
fb: 0.00000 0.27640 -0.56488 0.58547
fb: 0.00000 0.31730 -0.56488 0.58547
target: 0.00000 0.78486
dist/lin/ang/drive_left/drive_right/tv_l/tv_r/av_l/av_r/x/y/theta/t_err: 1.29535 0.00000 6.00000 -0.31730 0.31730 -0.64783 0.69950 -0.64783 0.69950 0 0 15.78195 1.29535
fb: 0.00000 0.35402 -0.56488 0.58547
fb: 0.00000 0.38600 -0.56488 0.58547
target: 0.00000 0.78486
dist/lin/ang/drive_left/drive_right/tv_l/tv_r/av_l/av_r/x/y/theta/t_err: 1.20402 0.00000 6.00000 -0.38600 0.38600 -0.47450 0.43869 -0.47450 0.43869 0 0 21.01479 1.20402
fb: 0.00000 0.41708 -0.56488 0.58547
fb: 0.00000 0.44732 -0.56488 0.58547
target: 0.00000 0.78486
dist/lin/ang/drive_left/drive_right/tv_l/tv_r/av_l/av_r/x/y/theta/t_err: 1.10687 0.00000 6.00000 -0.44732 0.44732 -0.53386 0.54156 -0.53386 0.54156 0 0 26.58103 1.10687
fb: 0.00000 0.47644 -0.56488 0.58547
fb: 0.00000 0.50529 -0.56488 0.58547
target: 0.00000 0.78486
dist/lin/ang/drive_left/drive_right/tv_l/tv_r/av_l/av_r/x/y/theta/t_err: 1.00247 0.00000 6.00000 -0.50529 0.50529 -0.54000 0.55817 -0.54000 0.55817 0 0 32.56264 1.00247
fb: 0.00000 0.53330 -0.56488 0.58547
fb: 0.00000 0.55991 -0.56488 0.58547
target: 0.00000 0.78486
dist/lin/ang/drive_left/drive_right/tv_l/tv_r/av_l/av_r/x/y/theta/t_err: 0.89127 0.00000 6.00000 -0.55991 0.55991 -0.54275 0.56106 -0.54275 0.56106 0 0 38.93423 0.89127
fb: 0.00000 0.58604 -0.56488 0.58547
fb: 0.00000 0.61252 -0.56488 0.58547
target: 0.00000 0.78486
dist/lin/ang/drive_left/drive_right/tv_l/tv_r/av_l/av_r/x/y/theta/t_err: 0.77308 0.00000 6.00000 -0.61252 0.61252 -0.54569 0.56364 -0.54569 0.56364 0 0 45.70589 0.77308
fb: -0.01544 0.63830 -0.56488 0.58547
fb: -0.02714 0.66157 -0.56488 0.58547
target: 0.00000 0.78486
dist/lin/ang/drive_left/drive_right/tv_l/tv_r/av_l/av_r/x/y/theta/t_err: 0.64901 0.00000 6.00000 -0.68871 0.63443 -0.54686 0.56328 -0.54686 0.56328 0 0 52.81446 0.64901
fb: -0.03111 0.68296 -0.56488 0.58547
fb: -0.03861 0.70463 -0.56488 0.58547
target: 0.00000 0.71458
dist/lin/ang/drive_left/drive_right/tv_l/tv_r/av_l/av_r/x/y/theta/t_err: 0.52122 0.00000 5.46275 -0.74324 0.66602 -0.54636 0.56417 -0.54636 0.56417 0 0 60.13635 0.52122
fb: -0.03861 0.72351 -0.20154 0.22073
fb: -0.04655 0.74024 -0.20154 0.22073
target: 0.00000 0.55440
dist/lin/ang/drive_left/drive_right/tv_l/tv_r/av_l/av_r/x/y/theta/t_err: 0.39152 0.00000 4.23824 -0.78679 0.69368 -0.51569 0.53300 -0.51569 0.53300 0 0 67.56753 0.39152
fb: -0.05251 0.75814 0.38837 -0.38218
fb: -0.05052 0.76288 0.38837 -0.38218
target: 0.00000 0.39489
dist/lin/ang/drive_left/drive_right/tv_l/tv_r/av_l/av_r/x/y/theta/t_err: 0.26414 0.00000 3.01883 -0.81340 0.71236 -0.22467 0.23939 -0.22467 0.23939 0 0 74.86609 0.26414
fb: -0.04832 0.75480 0.49224 -0.48924
fb: -0.05030 0.74553 0.49224 -0.48924
target: 0.00000 0.25234
dist/lin/ang/drive_left/drive_right/tv_l/tv_r/av_l/av_r/x/y/theta/t_err: 0.15864 0.00000 1.92906 -0.79583 0.69523 0.24228 -0.20839 0.24228 -0.20839 0 0 80.91065 0.15864
fb: -0.05626 0.70881 0.51144 -0.51129
fb: -0.04479 0.65502 0.51144 -0.51129
target: 0.00000 0.15602
dist/lin/ang/drive_left/drive_right/tv_l/tv_r/av_l/av_r/x/y/theta/t_err: 0.10149 0.00000 1.19274 -0.69981 0.61023 0.42897 -0.40658 0.42897 -0.40658 0 0 84.18516 0.10149
fb: -0.02714 0.60172 0.36792 -0.36969
fb: -0.03685 0.54967 0.36792 -0.36969
target: 0.00000 0.10135
dist/lin/ang/drive_left/drive_right/tv_l/tv_r/av_l/av_r/x/y/theta/t_err: 0.06706 0.00000 0.77477 -0.58652 0.51282 0.41289 -0.45464 0.41289 -0.45464 0 0 86.15789 0.06706
fb: -0.05825 0.49052 0.21716 -0.22002
fb: -0.06575 0.43708 0.21716 -0.22002
target: 0.00000 0.07367
dist/lin/ang/drive_left/drive_right/tv_l/tv_r/av_l/av_r/x/y/theta/t_err: 0.05363 0.00000 0.56318 -0.50283 0.37132 0.32919 -0.34050 0.32919 -0.34050 0 0 86.92740 0.05363
fb: -0.06597 0.38524 0.11422 -0.11764
fb: -0.06222 0.33347 0.11422 -0.11764
target: 0.00000 0.06516
dist/lin/ang/drive_left/drive_right/tv_l/tv_r/av_l/av_r/x/y/theta/t_err: 0.05157 0.00000 0.49815 -0.39569 0.27124 0.20414 -0.21386 0.20414 -0.21386 0 0 87.04519 0.05157
fb: -0.04656 0.28107 -0.04440 0.05060
fb: -0.02891 0.22666 -0.04440 0.05060
target: 0.00000 0.07538
dist/lin/ang/drive_left/drive_right/tv_l/tv_r/av_l/av_r/x/y/theta/t_err: 0.06727 0.00000 0.57628 -0.25556 0.19775 0.07358 -0.09461 0.07358 -0.09461 0 0 86.14563 0.06727
fb: -0.01942 0.17363 -0.13552 0.14192
fb: -0.01567 0.13552 -0.13552 0.14192
target: 0.00000 0.09983
dist/lin/ang/drive_left/drive_right/tv_l/tv_r/av_l/av_r/x/y/theta/t_err: 0.08983 0.00000 0.76316 -0.15119 0.11985 -0.06539 0.06675 -0.06539 0.06675 0 0 84.85303 0.08983
fb: -0.02317 0.12061 -0.21592 0.22281
fb: -0.02714 0.10967 -0.21592 0.22281
target: 0.00000 0.10823
dist/lin/ang/drive_left/drive_right/tv_l/tv_r/av_l/av_r/x/y/theta/t_err: 0.08511 0.00000 0.82740 -0.13681 0.08253 -0.14064 0.14717 -0.14064 0.14717 0 0 85.12384 0.08511
fb: -0.03111 0.10410 -0.14936 0.15641
fb: -0.03486 0.10201 -0.14936 0.15641
target: 0.00000 0.09717
dist/lin/ang/drive_left/drive_right/tv_l/tv_r/av_l/av_r/x/y/theta/t_err: 0.07317 0.00000 0.74283 -0.13687 0.06714 -0.18633 0.18411 -0.18633 0.18411 0 0 85.80795 0.07317
fb: -0.01942 0.10716 -0.05434 0.06118
fb: -0.00772 0.11559 -0.05434 0.06118
target: 0.00000 0.07354
dist/lin/ang/drive_left/drive_right/tv_l/tv_r/av_l/av_r/x/y/theta/t_err: 0.04901 0.00000 0.56220 -0.12332 0.10787 -0.12575 0.11619 -0.12575 0.11619 0 0 87.19211 0.04901
fb: -0.00772 0.12305 0.09608 -0.09950
fb: -0.01567 0.12235 0.09608 -0.09950
target: 0.00000 0.04500
dist/lin/ang/drive_left/drive_right/tv_l/tv_r/av_l/av_r/x/y/theta/t_err: 0.02691 0.00000 0.34403 -0.13802 0.10668 -0.02500 0.03269 -0.02500 0.03269 0 0 88.45816 0.02691
fb: -0.01942 0.11573 0.13729 -0.14129
fb: -0.01545 0.10849 0.13729 -0.14129
target: 0.00000 0.02624
dist/lin/ang/drive_left/drive_right/tv_l/tv_r/av_l/av_r/x/y/theta/t_err: 0.01691 0.00000 0.20063 -0.12393 0.09304 0.08247 -0.08453 0.08247 -0.08453 0 0 89.03131 0.01691
fb: -0.01147 0.10061 0.10585 -0.11022
fb: -0.00375 0.09225 0.10585 -0.11022
target: 0.00000 0.01635
dist/lin/ang/drive_left/drive_right/tv_l/tv_r/av_l/av_r/x/y/theta/t_err: 0.01043 0.00000 0.12502 -0.09600 0.08850 0.11328 -0.12164 0.11328 -0.12164 0 0 89.40216 0.01043
fb: -0.00397 0.07191 0.07258 -0.07714
fb: -0.00794 0.03832 0.07258 -0.07714
final error was 3.04183
position: -0.19337 -0.38855 86.95817
took 0.60000 time to finish turn
decreased kd to -1.80000
decreased kd to -2.00000
decreased kd to -2.20000
decreased kd to -2.40000
decreased kd to -2.60000
decreased kd to -2.80000
decreased kd to -3.00000
decreased kd to -3.20000
decreased kd to -3.40000
decreased kd to -3.60000
increased kd to -3.40000
increased kd to -3.20000
increased kd to -3.00000
increased kd to -2.80000
increased kd to -2.60000
increased kd to -2.40000
increased kd to -2.20000
increased kd to -2.00000
increased kd to -1.80000
increased kd to -1.60000
increased kd to -1.40000
increased kd to -1.20000
increased kd to -1.00000
increased kd to -0.80000
increased kd to -0.60000
increased kd to -0.40000
increased kd to -0.20000
increased kd to -0.00000
increased kd to 0.20000
increased kd to 0.40000
increased kd to 0.60000
increased kd to 0.80000
increased kd to 1.00000
target: 0.00000 0.15697
dist/lin/ang/drive_left/drive_right/tv_l/tv_r/av_l/av_r/x/y/theta/t_err: 1.57080 0.00000 1.20000 0.00000 0.00000 0.00000 -0.00017 0.00000 -0.00017 0 0 0.00003 1.57080
fb: 0.00000 0.00000 -0.85057 0.85860
fb: 0.00000 0.00000 -0.85057 0.85860
target: 0.00000 0.31394
dist/lin/ang/drive_left/drive_right/tv_l/tv_r/av_l/av_r/x/y/theta/t_err: 1.57080 0.00000 2.40000 0.00000 0.00000 -0.02789 0.05408 -0.02789 0.05408 0 0 -0.00007 1.57080
fb: 0.00000 0.00000 -0.95574 0.96691
fb: 0.00000 0.00334 -0.95574 0.96691
target: 0.00000 0.47092
dist/lin/ang/drive_left/drive_right/tv_l/tv_r/av_l/av_r/x/y/theta/t_err: 1.56877 0.00000 3.60000 -0.00334 0.00334 -0.48631 0.41050 -0.48631 0.41050 0 0 0.11590 1.56877
fb: 0.00000 0.03860 -1.00000 1.00000
fb: 0.00000 0.08716 -1.00000 1.00000
target: 0.00000 0.62789
dist/lin/ang/drive_left/drive_right/tv_l/tv_r/av_l/av_r/x/y/theta/t_err: 1.51572 0.00000 4.80000 -0.08716 0.08716 -0.48219 0.42197 -0.48219 0.42197 0 0 3.15551 1.51572
fb: 0.00000 0.12402 -1.00000 1.00000
fb: 0.00000 0.15357 -1.00000 1.00000
target: 0.00000 0.78486
dist/lin/ang/drive_left/drive_right/tv_l/tv_r/av_l/av_r/x/y/theta/t_err: 1.46102 0.00000 6.00000 -0.15357 0.15357 -0.58794 0.52139 -0.58794 0.52139 0 0 6.28971 1.46102
fb: 0.00000 0.18736 -1.00000 1.00000
fb: 0.00000 0.22443 -1.00000 1.00000
target: 0.00000 0.78486
dist/lin/ang/drive_left/drive_right/tv_l/tv_r/av_l/av_r/x/y/theta/t_err: 1.39336 0.00000 6.00000 -0.22443 0.22443 -0.75031 0.69422 -0.75031 0.69422 0 0 10.16619 1.39336
fb: 0.00000 0.26442 -0.56488 0.58547
fb: 0.00199 0.30316 -0.56488 0.58547
target: 0.00000 0.78486
dist/lin/ang/drive_left/drive_right/tv_l/tv_r/av_l/av_r/x/y/theta/t_err: 1.30987 0.00000 6.00000 -0.30117 0.30515 -0.78814 0.72875 -0.78814 0.72875 0 0 14.94997 1.30987
fb: 0.00199 0.34064 -0.56488 0.58547
fb: 0.00000 0.37541 -0.56488 0.58547
target: 0.00000 0.78486
dist/lin/ang/drive_left/drive_right/tv_l/tv_r/av_l/av_r/x/y/theta/t_err: 1.21842 0.00000 6.00000 -0.37541 0.37541 -0.38006 0.31533 -0.38006 0.31533 0 0 20.18942 1.21842
fb: 0.00000 0.40300 -0.56488 0.58547
fb: 0.00000 0.42328 -0.56488 0.58547
target: 0.00000 0.78486
dist/lin/ang/drive_left/drive_right/tv_l/tv_r/av_l/av_r/x/y/theta/t_err: 1.13124 0.00000 6.00000 -0.42328 0.42328 -0.50803 0.51658 -0.50803 0.51658 0 0 25.18464 1.13124
fb: 0.00000 0.44481 -0.56488 0.58547
fb: 0.00000 0.47177 -0.56488 0.58547
target: 0.00000 0.78486
dist/lin/ang/drive_left/drive_right/tv_l/tv_r/av_l/av_r/x/y/theta/t_err: 1.03651 0.00000 6.00000 -0.47177 0.47177 -0.53658 0.55611 -0.53658 0.55611 0 0 30.61240 1.03651
fb: 0.00000 0.50132 -0.56488 0.58547
fb: 0.00000 0.52863 -0.56488 0.58547
target: 0.00000 0.78486
dist/lin/ang/drive_left/drive_right/tv_l/tv_r/av_l/av_r/x/y/theta/t_err: 0.92899 0.00000 6.00000 -0.52863 0.52863 -0.54378 0.56122 -0.54378 0.56122 0 0 36.77252 0.92899
fb: 0.00000 0.55343 -0.56488 0.58547
fb: 0.00000 0.57894 -0.56488 0.58547
target: 0.00000 0.78486
dist/lin/ang/drive_left/drive_right/tv_l/tv_r/av_l/av_r/x/y/theta/t_err: 0.81703 0.00000 6.00000 -0.57894 0.57894 -0.54719 0.56450 -0.54719 0.56450 0 0 43.18788 0.81703
fb: 0.00000 0.60374 -0.56488 0.58547
fb: -0.00574 0.62687 -0.56488 0.58547
target: 0.00000 0.78486
dist/lin/ang/drive_left/drive_right/tv_l/tv_r/av_l/av_r/x/y/theta/t_err: 0.69878 0.00000 6.00000 -0.63261 0.62114 -0.54567 0.56500 -0.54567 0.56500 0 0 49.96305 0.69878
fb: -0.02714 0.64778 -0.56488 0.58547
fb: -0.04655 0.66631 -0.56488 0.58547
target: 0.00000 0.67966
dist/lin/ang/drive_left/drive_right/tv_l/tv_r/av_l/av_r/x/y/theta/t_err: 0.57856 0.00000 5.19581 -0.71286 0.61975 -0.54514 0.56089 -0.54514 0.56089 0 0 56.85081 0.57856
fb: -0.04854 0.68672 0.05703 -0.04833
fb: -0.03883 0.70735 0.05703 -0.04833
target: 0.00000 0.51912
dist/lin/ang/drive_left/drive_right/tv_l/tv_r/av_l/av_r/x/y/theta/t_err: 0.45124 0.00000 3.96848 -0.74618 0.66852 -0.47706 0.37472 -0.47706 0.37472 0 0 64.14583 0.45124
fb: -0.02714 0.72525 0.41368 -0.40819
fb: -0.02339 0.72944 0.41368 -0.40819
target: 0.00000 0.36945
dist/lin/ang/drive_left/drive_right/tv_l/tv_r/av_l/av_r/x/y/theta/t_err: 0.32937 0.00000 2.82429 -0.75282 0.70605 0.03814 -0.09206 0.03814 -0.09206 0 0 71.12871 0.32937
fb: -0.02515 0.72128 0.46501 -0.46252
fb: -0.03089 0.68700 0.46501 -0.46252
target: 0.00000 0.27536
dist/lin/ang/drive_left/drive_right/tv_l/tv_r/av_l/av_r/x/y/theta/t_err: 0.24404 0.00000 2.10505 -0.71789 0.65611 0.34594 -0.34994 0.34594 -0.34994 0 0 76.01758 0.24404
fb: -0.03310 0.64130 0.27791 -0.27729
fb: -0.03486 0.59273 0.27791 -0.27729
target: 0.00000 0.23105
dist/lin/ang/drive_left/drive_right/tv_l/tv_r/av_l/av_r/x/y/theta/t_err: 0.19803 0.00000 1.76631 -0.62759 0.55787 0.40400 -0.36872 0.40400 -0.36872 0 0 78.65350 0.19803
fb: -0.04457 0.53595 0.08362 -0.08389
fb: -0.05251 0.47630 0.08362 -0.08389
target: 0.00000 0.21829
dist/lin/ang/drive_left/drive_right/tv_l/tv_r/av_l/av_r/x/y/theta/t_err: 0.18032 0.00000 1.66876 -0.52882 0.42379 0.25444 -0.20806 0.25444 -0.20806 0 0 79.66840 0.18032
fb: -0.06002 0.41959 -0.12786 0.13712
fb: -0.05803 0.36879 -0.12786 0.13712
target: 0.00000 0.21541
dist/lin/ang/drive_left/drive_right/tv_l/tv_r/av_l/av_r/x/y/theta/t_err: 0.17480 0.00000 1.64675 -0.42682 0.31076 0.07531 -0.02053 0.07531 -0.02053 0 0 79.98495 0.17480
fb: -0.05428 0.31891 -0.17039 0.17959
fb: -0.04854 0.27215 -0.17039 0.17959
target: 0.00000 0.22370
dist/lin/ang/drive_left/drive_right/tv_l/tv_r/av_l/av_r/x/y/theta/t_err: 0.17892 0.00000 1.71011 -0.32070 0.22361 -0.11550 0.13278 -0.11550 0.13278 0 0 79.74836 0.17892
fb: -0.03685 0.24352 -0.22620 0.23557
fb: -0.03486 0.22784 -0.22620 0.23557
target: 0.00000 0.20056
dist/lin/ang/drive_left/drive_right/tv_l/tv_r/av_l/av_r/x/y/theta/t_err: 0.16504 0.00000 1.53320 -0.26270 0.19298 -0.17350 0.18394 -0.17350 0.18394 0 0 80.54374 0.16504
fb: -0.04281 0.21788 -0.06926 0.07817
fb: -0.05053 0.20896 -0.06926 0.07817
target: 0.00000 0.16898
dist/lin/ang/drive_left/drive_right/tv_l/tv_r/av_l/av_r/x/y/theta/t_err: 0.14203 0.00000 1.29181 -0.25949 0.15843 -0.19917 0.17453 -0.19917 0.17453 0 0 81.86201 0.14203
fb: -0.04832 0.20903 0.06790 -0.06941
fb: -0.03685 0.21202 0.06790 -0.06941
target: 0.00000 0.12322
dist/lin/ang/drive_left/drive_right/tv_l/tv_r/av_l/av_r/x/y/theta/t_err: 0.10809 0.00000 0.94201 -0.24887 0.17517 -0.04225 0.05356 -0.04225 0.05356 0 0 83.80682 0.10809
fb: -0.02913 0.20861 0.16237 -0.16480
fb: -0.03486 0.20088 0.16237 -0.16480
target: 0.00000 0.09432
dist/lin/ang/drive_left/drive_right/tv_l/tv_r/av_l/av_r/x/y/theta/t_err: 0.08261 0.00000 0.72107 -0.23574 0.16601 0.08386 -0.07269 0.08386 -0.07269 0 0 85.26689 0.08261
fb: -0.03310 0.19084 0.10588 -0.10889
fb: -0.03486 0.17823 0.10588 -0.10889
target: 0.00000 0.07653
dist/lin/ang/drive_left/drive_right/tv_l/tv_r/av_l/av_r/x/y/theta/t_err: 0.06596 0.00000 0.58503 -0.21309 0.14337 0.12356 -0.13056 0.12356 -0.13056 0 0 86.22063 0.06596
fb: -0.03288 0.14653 0.06783 -0.07119
fb: -0.01942 0.10423 0.06783 -0.07119
target: 0.00000 0.11187
dist/lin/ang/drive_left/drive_right/tv_l/tv_r/av_l/av_r/x/y/theta/t_err: 0.08501 0.00000 0.85522 -0.12365 0.08482 0.07958 -0.08572 0.07958 -0.08572 0 0 85.12926 0.08501
fb: -0.01545 0.06166 -0.27302 0.28015
fb: -0.01567 0.02710 -0.27302 0.28015
target: 0.00000 0.15641
dist/lin/ang/drive_left/drive_right/tv_l/tv_r/av_l/av_r/x/y/theta/t_err: 0.11735 0.00000 1.19572 -0.04277 0.01144 -0.00478 -0.00822 -0.00478 -0.00822 0 0 83.27612 0.11735
fb: -0.01169 0.00300 -0.34425 0.35228
fb: -0.01147 -0.00704 -0.34425 0.35228
target: 0.00000 0.17307
dist/lin/ang/drive_left/drive_right/tv_l/tv_r/av_l/av_r/x/y/theta/t_err: 0.13470 0.00000 1.32303 -0.00444 -0.01851 -0.25119 0.25408 -0.25119 0.25408 0 0 82.28220 0.13470
fb: -0.01169 -0.01024 -0.22992 0.23827
fb: -0.00772 0.00091 -0.22992 0.23827
target: 0.00000 0.16169
dist/lin/ang/drive_left/drive_right/tv_l/tv_r/av_l/av_r/x/y/theta/t_err: 0.13107 0.00000 1.23603 -0.00863 -0.00682 -0.27889 0.30064 -0.27889 0.30064 0 0 82.49050 0.13107
fb: -0.00375 0.03818 -0.09614 0.10427
fb: -0.00397 0.07671 -0.09614 0.10427
target: 0.00000 0.08777
dist/lin/ang/drive_left/drive_right/tv_l/tv_r/av_l/av_r/x/y/theta/t_err: 0.08322 0.00000 0.67096 -0.08068 0.07274 -0.17456 0.19833 -0.17456 0.19833 0 0 85.23193 0.08322
fb: -0.00397 0.09894 0.31285 -0.31599
fb: 0.00000 0.10033 0.31285 -0.31599
target: 0.00000 0.06147
dist/lin/ang/drive_left/drive_right/tv_l/tv_r/av_l/av_r/x/y/theta/t_err: 0.05650 0.00000 0.46990 -0.10033 0.10033 -0.00925 0.03869 -0.00925 0.03869 0 0 86.76305 0.05650
fb: 0.00000 0.09601 0.11619 -0.11986
fb: 0.00000 0.09114 0.11619 -0.11986
target: 0.00000 0.05522
dist/lin/ang/drive_left/drive_right/tv_l/tv_r/av_l/av_r/x/y/theta/t_err: 0.04695 0.00000 0.42211 -0.09114 0.09114 0.20397 -0.21936 0.20397 -0.21936 0 0 87.31019 0.04695
fb: -0.00397 0.08347 -0.04789 0.05389
fb: -0.00397 0.05985 -0.04789 0.05389
target: 0.00000 0.06671
dist/lin/ang/drive_left/drive_right/tv_l/tv_r/av_l/av_r/x/y/theta/t_err: 0.05228 0.00000 0.50994 -0.06382 0.05588 0.06294 -0.07769 0.06294 -0.07769 0 0 87.00485 0.05228
fb: -0.00375 0.02453 -0.13541 0.14164
fb: -0.00375 0.00293 -0.13541 0.14164
target: 0.00000 0.10705
dist/lin/ang/drive_left/drive_right/tv_l/tv_r/av_l/av_r/x/y/theta/t_err: 0.07909 0.00000 0.81836 -0.00668 -0.00082 -0.07017 0.06364 -0.07017 0.06364 0 0 85.46865 0.07909
fb: 0.00000 -0.00578 -0.29229 0.29933
fb: 0.00000 -0.00871 -0.29229 0.29933
target: 0.00000 0.10902
dist/lin/ang/drive_left/drive_right/tv_l/tv_r/av_l/av_r/x/y/theta/t_err: 0.08593 0.00000 0.83346 0.00871 -0.00871 -0.17058 0.15656 -0.17058 0.15656 0 0 85.07650 0.08593
fb: 0.00000 -0.00808 -0.12096 0.12803
fb: 0.00000 -0.00376 -0.12096 0.12803
target: 0.00000 0.10411
dist/lin/ang/drive_left/drive_right/tv_l/tv_r/av_l/av_r/x/y/theta/t_err: 0.08423 0.00000 0.79589 0.00376 -0.00376 -0.21525 0.23017 -0.21525 0.23017 0 0 85.17415 0.08423
fb: 0.00000 0.02139 -0.08667 0.09364
fb: -0.00397 0.05393 -0.08667 0.09364
target: 0.00000 0.04885
dist/lin/ang/drive_left/drive_right/tv_l/tv_r/av_l/av_r/x/y/theta/t_err: 0.04867 0.00000 0.37347 -0.05790 0.04996 -0.10711 0.11533 -0.10711 0.11533 0 0 87.21141 0.04867
fb: -0.00397 0.06647 0.25495 -0.25886
fb: 0.00000 0.06431 0.25495 -0.25886
target: 0.00000 0.03737
dist/lin/ang/drive_left/drive_right/tv_l/tv_r/av_l/av_r/x/y/theta/t_err: 0.03395 0.00000 0.28569 -0.06431 0.06431 0.00650 0.02158 0.00650 0.02158 0 0 88.05495 0.03395
fb: 0.00000 0.06013 0.06566 -0.06980
fb: 0.00199 0.05386 0.06566 -0.06980
target: 0.00000 0.03691
dist/lin/ang/drive_left/drive_right/tv_l/tv_r/av_l/av_r/x/y/theta/t_err: 0.03059 0.00000 0.28220 -0.05187 0.05585 0.17503 -0.17883 0.17503 -0.17883 0 0 88.24736 0.03059
fb: 0.00199 0.04620 -0.06170 0.06733
fb: 0.00000 0.03400 -0.06170 0.06733
target: 0.00000 0.04445
dist/lin/ang/drive_left/drive_right/tv_l/tv_r/av_l/av_r/x/y/theta/t_err: 0.03469 0.00000 0.33981 -0.03400 0.03400 0.04997 -0.04619 0.04997 -0.04619 0 0 88.01238 0.03469
fb: 0.00000 0.01261 -0.10272 0.10850
fb: -0.00199 -0.00216 -0.10272 0.10850
target: 0.00000 0.07079
dist/lin/ang/drive_left/drive_right/tv_l/tv_r/av_l/av_r/x/y/theta/t_err: 0.05232 0.00000 0.54117 0.00017 -0.00415 -0.06314 0.06331 -0.06314 0.06331 0 0 87.00202 0.05232
fb: -0.00199 -0.00815 -0.20498 0.21129
fb: 0.00000 -0.01108 -0.20498 0.21129
target: 0.00000 0.07416
dist/lin/ang/drive_left/drive_right/tv_l/tv_r/av_l/av_r/x/y/theta/t_err: 0.05815 0.00000 0.56697 0.01108 -0.01108 -0.11464 0.11706 -0.11464 0.11706 0 0 86.66835 0.05815
fb: 0.00000 -0.01226 -0.10390 0.11028
fb: 0.00000 -0.01164 -0.10390 0.11028
target: 0.00000 0.07554
dist/lin/ang/drive_left/drive_right/tv_l/tv_r/av_l/av_r/x/y/theta/t_err: 0.06024 0.00000 0.57750 0.01164 -0.01164 -0.16494 0.16939 -0.16494 0.16939 0 0 86.54853 0.06024
fb: 0.00000 0.00000 -0.09584 0.10224
fb: 0.00000 0.02536 -0.09584 0.10224
target: 0.00000 0.04169
dist/lin/ang/drive_left/drive_right/tv_l/tv_r/av_l/av_r/x/y/theta/t_err: 0.03911 0.00000 0.31869 -0.02536 0.02536 -0.09308 0.10350 -0.09308 0.10350 0 0 87.75932 0.03911
fb: 0.00000 0.04167 0.16344 -0.16750
fb: 0.00000 0.04424 0.16344 -0.16750
target: 0.00000 0.02370
dist/lin/ang/drive_left/drive_right/tv_l/tv_r/av_l/av_r/x/y/theta/t_err: 0.02325 0.00000 0.18121 -0.04424 0.04424 -0.01950 0.03336 -0.01950 0.03336 0 0 88.66797 0.02325
fb: 0.00000 0.04264 0.10407 -0.10848
fb: 0.00000 0.03658 0.10407 -0.10848
target: 0.00000 0.02567
dist/lin/ang/drive_left/drive_right/tv_l/tv_r/av_l/av_r/x/y/theta/t_err: 0.02120 0.00000 0.19623 -0.03658 0.03658 0.12747 -0.11619 0.12747 -0.11619 0 0 88.78556 0.02120
fb: 0.00000 0.02933 -0.06506 0.07047
fb: 0.00000 0.02271 -0.06506 0.07047
final error was 2.17932
position: -0.19110 -0.41380 87.82068
took 0.96000 time to finish turn
increased kp to 9.60000
increased kp to 9.70000
increased kp to 9.80000
increased kp to 9.90000
increased kp to 10.00000
increased kp to 10.10000
increased kp to 10.20000
increased kp to 10.30000
increased kp to 10.40000
increased kp to 10.50000
increased kp to 10.60000
increased kp to 10.70000
increased kp to 10.80000
increased kp to 10.90000
increased kp to 11.00000
increased kp to 11.10000
target: 0.00000 0.15697
dist/lin/ang/drive_left/drive_right/tv_l/tv_r/av_l/av_r/x/y/theta/t_err: 1.57079 0.00000 1.20000 0.00000 0.00000 0.00000 -0.00017 0.00000 -0.00017 0 0 0.00019 1.57079
fb: 0.00000 0.00000 -0.85057 0.85860
fb: 0.00000 0.00000 -0.85057 0.85860
target: 0.00000 0.31394
dist/lin/ang/drive_left/drive_right/tv_l/tv_r/av_l/av_r/x/y/theta/t_err: 1.57079 0.00000 2.40000 0.00000 0.00000 -0.10933 0.09156 -0.10933 0.09156 0 0 0.00021 1.57079
fb: 0.00000 0.00000 -0.95574 0.96691
fb: 0.00000 0.01184 -0.95574 0.96691
target: 0.00000 0.47092
dist/lin/ang/drive_left/drive_right/tv_l/tv_r/av_l/av_r/x/y/theta/t_err: 1.56362 0.00000 3.60000 -0.01184 0.01184 -0.51486 0.39064 -0.51486 0.39064 0 0 0.41142 1.56362
fb: 0.00000 0.04383 -1.00000 1.00000
fb: -0.00397 0.08640 -1.00000 1.00000
target: 0.00000 0.62789
dist/lin/ang/drive_left/drive_right/tv_l/tv_r/av_l/av_r/x/y/theta/t_err: 1.51534 0.00000 4.80000 -0.09037 0.08243 -0.54172 0.35469 -0.54172 0.35469 0 0 3.17750 1.51534
fb: -0.00397 0.12207 -1.00000 1.00000
fb: 0.00000 0.15949 -1.00000 1.00000
target: 0.00000 0.78486
dist/lin/ang/drive_left/drive_right/tv_l/tv_r/av_l/av_r/x/y/theta/t_err: 1.45654 0.00000 6.00000 -0.15949 0.15949 -0.31931 0.57950 -0.31931 0.57950 0 0 6.54644 1.45654
fb: 0.00000 0.19231 -1.00000 1.00000
fb: 0.00000 0.22679 -1.00000 1.00000
target: 0.00000 0.78486
dist/lin/ang/drive_left/drive_right/tv_l/tv_r/av_l/av_r/x/y/theta/t_err: 1.39030 0.00000 6.00000 -0.22679 0.22679 -0.63911 0.69211 -0.63911 0.69211 0 0 10.34184 1.39030
fb: 0.00000 0.26700 -0.56488 0.58547
fb: 0.00000 0.30372 -0.56488 0.58547
target: 0.00000 0.78486
dist/lin/ang/drive_left/drive_right/tv_l/tv_r/av_l/av_r/x/y/theta/t_err: 1.30750 0.00000 6.00000 -0.30372 0.30372 -0.63978 0.58467 -0.63978 0.58467 0 0 15.08549 1.30750
fb: 0.00000 0.34016 -0.56488 0.58547
fb: 0.00000 0.37583 -0.56488 0.58547
target: 0.00000 0.78486
dist/lin/ang/drive_left/drive_right/tv_l/tv_r/av_l/av_r/x/y/theta/t_err: 1.21613 0.00000 6.00000 -0.37583 0.37583 -0.41769 0.39133 -0.41769 0.39133 0 0 20.32094 1.21613
fb: 0.00000 0.40273 -0.56488 0.58547
fb: 0.00000 0.42001 -0.56488 0.58547
target: 0.00000 0.78486
dist/lin/ang/drive_left/drive_right/tv_l/tv_r/av_l/av_r/x/y/theta/t_err: 1.13116 0.00000 6.00000 -0.42001 0.42001 -0.52494 0.53217 -0.52494 0.53217 0 0 25.18942 1.13116
fb: 0.00000 0.44349 -0.56488 0.58547
fb: 0.00000 0.47101 -0.56488 0.58547
target: 0.00000 0.78486
dist/lin/ang/drive_left/drive_right/tv_l/tv_r/av_l/av_r/x/y/theta/t_err: 1.03528 0.00000 6.00000 -0.47101 0.47101 -0.54156 0.56039 -0.54156 0.56039 0 0 30.68283 1.03528
fb: 0.00000 0.49672 -0.56488 0.58547
fb: 0.00000 0.52438 -0.56488 0.58547
target: 0.00000 0.78486
dist/lin/ang/drive_left/drive_right/tv_l/tv_r/av_l/av_r/x/y/theta/t_err: 0.93019 0.00000 6.00000 -0.52438 0.52438 -0.54533 0.56331 -0.54533 0.56331 0 0 36.70432 0.93019
fb: 0.00000 0.55232 -0.56488 0.58547
fb: 0.00000 0.57928 -0.56488 0.58547
target: 0.00000 0.78486
dist/lin/ang/drive_left/drive_right/tv_l/tv_r/av_l/av_r/x/y/theta/t_err: 0.81592 0.00000 6.00000 -0.57928 0.57928 -0.54619 0.56311 -0.54619 0.56311 0 0 43.25116 0.81592
fb: 0.00000 0.60506 -0.56488 0.58547
fb: -0.01942 0.62750 -0.56488 0.58547
target: 0.00000 0.78486
dist/lin/ang/drive_left/drive_right/tv_l/tv_r/av_l/av_r/x/y/theta/t_err: 0.69742 0.00000 6.00000 -0.64692 0.60808 -0.54633 0.56636 -0.54633 0.56636 0 0 50.04065 0.69742
fb: -0.04060 0.64987 -0.56488 0.58547
fb: -0.04258 0.67390 -0.56488 0.58547
target: 0.00000 0.78486
dist/lin/ang/drive_left/drive_right/tv_l/tv_r/av_l/av_r/x/y/theta/t_err: 0.57276 0.00000 6.00000 -0.71649 0.63132 -0.54600 0.56192 -0.54600 0.56192 0 0 57.18328 0.57276
fb: -0.04655 0.69662 -0.56488 0.58547
fb: -0.05052 0.71843 -0.56488 0.58547
target: 0.00000 0.59931
dist/lin/ang/drive_left/drive_right/tv_l/tv_r/av_l/av_r/x/y/theta/t_err: 0.44217 0.00000 4.58155 -0.76895 0.66790 -0.54739 0.56211 -0.54739 0.56211 0 0 64.66579 0.44217
fb: -0.05251 0.73731 0.47245 -0.46536
fb: -0.05229 0.75522 0.47245 -0.46536
target: 0.00000 0.40620
dist/lin/ang/drive_left/drive_right/tv_l/tv_r/av_l/av_r/x/y/theta/t_err: 0.30961 0.00000 3.10524 -0.80750 0.70293 -0.39664 0.26967 -0.39664 0.26967 0 0 72.26082 0.30961
fb: -0.05626 0.76957 0.63589 -0.63266
fb: -0.05626 0.76574 0.63589 -0.63266
target: 0.00000 0.23225
dist/lin/ang/drive_left/drive_right/tv_l/tv_r/av_l/av_r/x/y/theta/t_err: 0.18746 0.00000 1.77544 -0.82200 0.70948 0.15914 -0.18222 0.15914 -0.18222 0 0 79.25931 0.18746
fb: -0.05427 0.74065 0.66620 -0.66645
fb: -0.06001 0.69752 0.66620 -0.66645
target: 0.00000 0.13998
dist/lin/ang/drive_left/drive_right/tv_l/tv_r/av_l/av_r/x/y/theta/t_err: 0.11314 0.00000 1.07011 -0.75754 0.63751 0.42400 -0.48936 0.42400 -0.48936 0 0 83.51731 0.11314
fb: -0.06200 0.64366 0.36043 -0.36252
fb: -0.06796 0.59399 0.36043 -0.36252
target: 0.00000 0.09042
dist/lin/ang/drive_left/drive_right/tv_l/tv_r/av_l/av_r/x/y/theta/t_err: 0.07162 0.00000 0.69124 -0.66194 0.52603 0.32442 -0.40536 0.32442 -0.40536 0 0 85.89619 0.07162
fb: -0.07171 0.53615 0.20146 -0.20455
fb: -0.06796 0.47853 0.20146 -0.20455
target: 0.00000 0.07111
dist/lin/ang/drive_left/drive_right/tv_l/tv_r/av_l/av_r/x/y/theta/t_err: 0.05314 0.00000 0.54363 -0.54649 0.41057 0.31689 -0.28764 0.31689 -0.28764 0 0 86.95537 0.05314
fb: -0.05825 0.41805 0.07827 -0.08174
fb: -0.04457 0.36057 0.07827 -0.08174
target: 0.00000 0.07838
dist/lin/ang/drive_left/drive_right/tv_l/tv_r/av_l/av_r/x/y/theta/t_err: 0.05383 0.00000 0.59918 -0.40514 0.31600 0.19011 -0.17675 0.19011 -0.17675 0 0 86.91602 0.05383
fb: -0.04457 0.30692 -0.12424 0.13070
fb: -0.04832 0.25557 -0.12424 0.13070
target: 0.00000 0.09673
dist/lin/ang/drive_left/drive_right/tv_l/tv_r/av_l/av_r/x/y/theta/t_err: 0.06427 0.00000 0.73949 -0.30389 0.20725 0.05906 -0.01714 0.05906 -0.01714 0 0 86.31766 0.06427
fb: -0.04457 0.20603 -0.18643 0.19326
fb: -0.03310 0.17294 -0.18643 0.19326
target: 0.00000 0.11621
dist/lin/ang/drive_left/drive_right/tv_l/tv_r/av_l/av_r/x/y/theta/t_err: 0.07714 0.00000 0.88840 -0.20603 0.13984 -0.12097 0.13725 -0.12097 0.13725 0 0 85.58035 0.07714
fb: -0.01545 0.15886 -0.20453 0.21175
fb: -0.01169 0.15175 -0.20453 0.21175
target: 0.00000 0.08835
dist/lin/ang/drive_left/drive_right/tv_l/tv_r/av_l/av_r/x/y/theta/t_err: 0.06384 0.00000 0.67543 -0.16345 0.14006 -0.17742 0.18825 -0.17742 0.18825 0 0 86.34205 0.06384
fb: -0.01567 0.14207 0.10519 -0.10832
fb: -0.01147 0.14081 0.10519 -0.10832
target: 0.00000 0.06409
dist/lin/ang/drive_left/drive_right/tv_l/tv_r/av_l/av_r/x/y/theta/t_err: 0.04776 0.00000 0.48998 -0.15229 0.12934 -0.12883 0.11275 -0.12883 0.11275 0 0 87.26332 0.04776
fb: -0.01942 0.14472 0.10524 -0.10885
fb: -0.02339 0.14277 0.10524 -0.10885
target: 0.00000 0.02845
dist/lin/ang/drive_left/drive_right/tv_l/tv_r/av_l/av_r/x/y/theta/t_err: 0.02477 0.00000 0.21751 -0.16616 0.11938 0.07186 -0.07597 0.07186 -0.07597 0 0 88.58056 0.02477
fb: -0.01147 0.13629 0.18035 -0.18467
fb: -0.01147 0.12576 0.18035 -0.18467
target: 0.00000 0.01591
dist/lin/ang/drive_left/drive_right/tv_l/tv_r/av_l/av_r/x/y/theta/t_err: 0.01350 0.00000 0.12164 -0.13724 0.11429 0.11069 -0.11703 0.11069 -0.11703 0 0 89.22662 0.01350
fb: -0.01942 0.10897 0.08480 -0.08937
fb: -0.01942 0.07776 0.08480 -0.08937
target: 0.00000 0.03833
dist/lin/ang/drive_left/drive_right/tv_l/tv_r/av_l/av_r/x/y/theta/t_err: 0.02403 0.00000 0.29303 -0.09718 0.05834 0.14253 -0.13261 0.14253 -0.13261 0 0 88.62333 0.02403
fb: -0.00772 0.03567 -0.16559 0.17125
fb: -0.00397 0.00000 -0.16559 0.17125
target: 0.00000 0.10057
dist/lin/ang/drive_left/drive_right/tv_l/tv_r/av_l/av_r/x/y/theta/t_err: 0.06095 0.00000 0.76886 -0.00397 -0.00397 0.02567 0.00447 0.02567 0.00447 0 0 86.50780 0.06095
fb: -0.00397 -0.01937 -0.38650 0.39341
fb: 0.00000 -0.02404 -0.38650 0.39341
target: 0.00000 0.11538
dist/lin/ang/drive_left/drive_right/tv_l/tv_r/av_l/av_r/x/y/theta/t_err: 0.07606 0.00000 0.88202 0.02404 -0.02404 -0.18328 0.22022 -0.18328 0.22022 0 0 85.64215 0.07606
fb: 0.00000 -0.02299 -0.18294 0.19014
fb: 0.00000 -0.01059 -0.18294 0.19014
target: 0.00000 0.10236
dist/lin/ang/drive_left/drive_right/tv_l/tv_r/av_l/av_r/x/y/theta/t_err: 0.07152 0.00000 0.78252 0.01059 -0.01059 -0.30392 0.29756 -0.30392 0.29756 0 0 85.90225 0.07152
fb: -0.00397 0.02885 -0.04903 0.05597
fb: -0.00397 0.06710 -0.04903 0.05597
target: 0.00000 0.01980
dist/lin/ang/drive_left/drive_right/tv_l/tv_r/av_l/av_r/x/y/theta/t_err: 0.02428 0.00000 0.15139 -0.07107 0.06313 -0.15381 0.14889 -0.15381 0.14889 0 0 88.60892 0.02428
fb: 0.00000 0.08271 0.39726 -0.40176
fb: 0.00000 0.07999 0.39726 -0.40176
target: 0.00000 0.00248
dist/lin/ang/drive_left/drive_right/tv_l/tv_r/av_l/av_r/x/y/theta/t_err: 0.00586 0.00000 0.01895 -0.07999 0.07999 0.05219 -0.04928 0.05219 -0.04928 0 0 89.66443 0.00586
fb: 0.00000 0.07448 0.11532 -0.12017
fb: -0.00375 0.06877 0.11532 -0.12017
final error was 2.42664
position: -0.22452 -0.41937 87.57336
took 0.68000 time to finish turn
decreased kd to 0.80000
decreased kd to 0.60000
decreased kd to 0.40000
increased kp to 11.20000
increased kp to 11.30000
increased kp to 11.40000
increased kp to 11.50000
increased kp to 11.60000
increased kp to 11.70000
increased kp to 11.80000
increased kp to 11.90000
increased kp to 12.00000
increased kp to 12.10000
increased kp to 12.20000
increased kp to 12.30000
increased kp to 12.40000
increased kp to 12.50000
increased kp to 12.60000
target: 0.00000 0.15697
dist/lin/ang/drive_left/drive_right/tv_l/tv_r/av_l/av_r/x/y/theta/t_err: 1.57080 0.00000 1.20000 0.00000 0.00000 0.00017 -0.00017 0.00017 -0.00017 0 0 -0.00005 1.57080
fb: 0.00000 0.00000 -0.85057 0.85860
fb: 0.00000 0.00000 -0.85057 0.85860
target: 0.00000 0.31394
dist/lin/ang/drive_left/drive_right/tv_l/tv_r/av_l/av_r/x/y/theta/t_err: 1.57080 0.00000 2.40000 0.00000 0.00000 -0.08181 0.11600 -0.08181 0.11600 0 0 0.00001 1.57080
fb: 0.00000 0.00000 -0.95574 0.96691
fb: 0.00000 0.01296 -0.95574 0.96691
target: 0.00000 0.47092
dist/lin/ang/drive_left/drive_right/tv_l/tv_r/av_l/av_r/x/y/theta/t_err: 1.56294 0.00000 3.60000 -0.01296 0.01296 -0.48797 0.45669 -0.48797 0.45669 0 0 0.44987 1.56294
fb: 0.00000 0.05281 -1.00000 1.00000
fb: 0.00000 0.09601 -1.00000 1.00000
target: 0.00000 0.62789
dist/lin/ang/drive_left/drive_right/tv_l/tv_r/av_l/av_r/x/y/theta/t_err: 1.50883 0.00000 4.80000 -0.09601 0.09601 -0.65944 0.45122 -0.65944 0.45122 0 0 3.55030 1.50883
fb: 0.00000 0.13900 -1.00000 1.00000
fb: 0.00000 0.17586 -1.00000 1.00000
target: 0.00000 0.78486
dist/lin/ang/drive_left/drive_right/tv_l/tv_r/av_l/av_r/x/y/theta/t_err: 1.44422 0.00000 6.00000 -0.17586 0.17586 -0.44711 0.45089 -0.44711 0.45089 0 0 7.25207 1.44422
fb: 0.00000 0.21028 -1.00000 1.00000
fb: 0.00000 0.24421 -1.00000 1.00000
target: 0.00000 0.78486
dist/lin/ang/drive_left/drive_right/tv_l/tv_r/av_l/av_r/x/y/theta/t_err: 1.37475 0.00000 6.00000 -0.24421 0.24421 -0.66817 0.64253 -0.66817 0.64253 0 0 11.23241 1.37475
fb: 0.00000 0.28393 -0.56488 0.58547
fb: 0.00000 0.32316 -0.56488 0.58547
target: 0.00000 0.78486
dist/lin/ang/drive_left/drive_right/tv_l/tv_r/av_l/av_r/x/y/theta/t_err: 1.28817 0.00000 6.00000 -0.32316 0.32316 -0.69917 0.64969 -0.69917 0.64969 0 0 16.19341 1.28817
fb: 0.00000 0.36008 -0.56488 0.58547
fb: 0.00000 0.39067 -0.56488 0.58547
target: 0.00000 0.78486
dist/lin/ang/drive_left/drive_right/tv_l/tv_r/av_l/av_r/x/y/theta/t_err: 1.19659 0.00000 6.00000 -0.39067 0.39067 -0.39014 0.38278 -0.39014 0.38278 0 0 21.44027 1.19659
fb: 0.00000 0.41171 -0.56488 0.58547
fb: 0.00000 0.43443 -0.56488 0.58547
target: 0.00000 0.78486
dist/lin/ang/drive_left/drive_right/tv_l/tv_r/av_l/av_r/x/y/theta/t_err: 1.10986 0.00000 6.00000 -0.43443 0.43443 -0.52222 0.52956 -0.52222 0.52956 0 0 26.40971 1.10986
fb: 0.00000 0.46174 -0.56488 0.58547
fb: -0.01743 0.48745 -0.56488 0.58547
target: 0.00000 0.78486
dist/lin/ang/drive_left/drive_right/tv_l/tv_r/av_l/av_r/x/y/theta/t_err: 1.01043 0.00000 6.00000 -0.50488 0.47002 -0.53933 0.55711 -0.53933 0.55711 0 0 32.10685 1.01043
fb: -0.04258 0.51274 -0.56488 0.58547
fb: -0.04258 0.53790 -0.56488 0.58547
target: 0.00000 0.78486
dist/lin/ang/drive_left/drive_right/tv_l/tv_r/av_l/av_r/x/y/theta/t_err: 0.90461 0.00000 6.00000 -0.58048 0.49531 -0.54378 0.56192 -0.54378 0.56192 0 0 38.16986 0.90461
fb: -0.02912 0.56054 -0.56488 0.58547
fb: -0.01942 0.58298 -0.56488 0.58547
target: 0.00000 0.78486
dist/lin/ang/drive_left/drive_right/tv_l/tv_r/av_l/av_r/x/y/theta/t_err: 0.79446 0.00000 6.00000 -0.60239 0.56356 -0.54686 0.56483 -0.54686 0.56483 0 0 44.48075 0.79446
fb: -0.02339 0.60771 -0.56488 0.58547
fb: -0.04082 0.63293 -0.56488 0.58547
target: 0.00000 0.78486
dist/lin/ang/drive_left/drive_right/tv_l/tv_r/av_l/av_r/x/y/theta/t_err: 0.67435 0.00000 6.00000 -0.67375 0.59212 -0.54822 0.56364 -0.54822 0.56364 0 0 51.36259 0.67435
fb: -0.04655 0.65809 -0.56488 0.58547
fb: -0.05030 0.68080 -0.56488 0.58547
target: 0.00000 0.78486
dist/lin/ang/drive_left/drive_right/tv_l/tv_r/av_l/av_r/x/y/theta/t_err: 0.54786 0.00000 6.00000 -0.73111 0.63050 -0.54464 0.56106 -0.54464 0.56106 0 0 58.60994 0.54786
fb: -0.05604 0.70066 -0.56488 0.58547
fb: -0.04479 0.72135 -0.56488 0.58547
target: 0.00000 0.67328
dist/lin/ang/drive_left/drive_right/tv_l/tv_r/av_l/av_r/x/y/theta/t_err: 0.41874 0.00000 5.14700 -0.76614 0.67656 -0.54361 0.56139 -0.54361 0.56139 0 0 66.00798 0.41874
fb: -0.03883 0.74226 0.09004 -0.08147
fb: -0.04258 0.76163 0.09004 -0.08147
target: 0.00000 0.44960
dist/lin/ang/drive_left/drive_right/tv_l/tv_r/av_l/av_r/x/y/theta/t_err: 0.28351 0.00000 3.43705 -0.80421 0.71904 -0.28811 0.44456 -0.28811 0.44456 0 0 73.75586 0.28351
fb: -0.03486 0.76811 0.74435 -0.74025
fb: -0.03287 0.76386 0.74435 -0.74025
target: 0.00000 0.25785
dist/lin/ang/drive_left/drive_right/tv_l/tv_r/av_l/av_r/x/y/theta/t_err: 0.16578 0.00000 1.97115 -0.79673 0.73098 0.14919 -0.06911 0.14919 -0.06911 0 0 80.50129 0.16578
fb: -0.04479 0.73153 0.72916 -0.72890
fb: -0.05626 0.68261 0.72916 -0.72890
target: 0.00000 0.15622
dist/lin/ang/drive_left/drive_right/tv_l/tv_r/av_l/av_r/x/y/theta/t_err: 0.10000 0.00000 1.19426 -0.73887 0.62635 0.39697 -0.44217 0.39697 -0.44217 0 0 84.27025 0.10000
fb: -0.06398 0.62980 0.39167 -0.39344
fb: -0.06994 0.57531 0.39167 -0.39344
target: 0.00000 0.09853
dist/lin/ang/drive_left/drive_right/tv_l/tv_r/av_l/av_r/x/y/theta/t_err: 0.06274 0.00000 0.75324 -0.64526 0.50537 0.33622 -0.42519 0.33622 -0.42519 0 0 86.40537 0.06274
fb: -0.07546 0.51755 0.23261 -0.23553
fb: -0.07370 0.45979 0.23261 -0.23553
target: 0.00000 0.07551
dist/lin/ang/drive_left/drive_right/tv_l/tv_r/av_l/av_r/x/y/theta/t_err: 0.04706 0.00000 0.57726 -0.53349 0.38609 0.31842 -0.37933 0.31842 -0.37933 0 0 87.30372 0.04706
fb: -0.05251 0.40370 0.09202 -0.09540
fb: -0.02891 0.34873 0.09202 -0.09540
target: 0.00000 0.07611
dist/lin/ang/drive_left/drive_right/tv_l/tv_r/av_l/av_r/x/y/theta/t_err: 0.04624 0.00000 0.58180 -0.37763 0.31982 0.18239 -0.23750 0.18239 -0.23750 0 0 87.35067 0.04624
fb: -0.01545 0.29459 -0.09268 0.09910
fb: -0.01169 0.23871 -0.09268 0.09910
target: 0.00000 0.10359
dist/lin/ang/drive_left/drive_right/tv_l/tv_r/av_l/av_r/x/y/theta/t_err: 0.06163 0.00000 0.79191 -0.25040 0.22701 0.02481 -0.08314 0.02481 -0.08314 0 0 86.46895 0.06163
fb: -0.01942 0.18534 -0.23211 0.23907
fb: -0.03111 0.15482 -0.23211 0.23907
target: 0.00000 0.13068
dist/lin/ang/drive_left/drive_right/tv_l/tv_r/av_l/av_r/x/y/theta/t_err: 0.07799 0.00000 0.99904 -0.18593 0.12371 -0.13397 0.09172 -0.13397 0.09172 0 0 85.53149 0.07799
fb: -0.04457 0.14388 -0.24851 0.25601
fb: -0.05627 0.13392 -0.24851 0.25601
target: 0.00000 0.10935
dist/lin/ang/drive_left/drive_right/tv_l/tv_r/av_l/av_r/x/y/theta/t_err: 0.06720 0.00000 0.83593 -0.19018 0.07765 -0.22108 0.21203 -0.22108 0.21203 0 0 86.14972 0.06720
fb: -0.04854 0.13287 0.06177 -0.06448
fb: -0.02118 0.14263 0.06177 -0.06448
target: 0.00000 0.06469
dist/lin/ang/drive_left/drive_right/tv_l/tv_r/av_l/av_r/x/y/theta/t_err: 0.04130 0.00000 0.49452 -0.16381 0.12144 -0.17642 0.20533 -0.17642 0.20533 0 0 87.63353 0.04130
fb: -0.00375 0.15503 0.19665 -0.20025
fb: -0.00397 0.15677 0.19665 -0.20025
target: 0.00000 0.01308
dist/lin/ang/drive_left/drive_right/tv_l/tv_r/av_l/av_r/x/y/theta/t_err: 0.01039 0.00000 0.09997 -0.16074 0.15280 0.06758 -0.05047 0.06758 -0.05047 0 0 89.40482 0.01039
fb: -0.00397 0.14945 0.26251 -0.26714
fb: -0.00375 0.13747 0.26251 -0.26714
target: 0.00000 -0.00405
dist/lin/ang/drive_left/drive_right/tv_l/tv_r/av_l/av_r/x/y/theta/t_err: -0.00151 0.00000 -0.03093 -0.14122 0.13372 0.18806 -0.18481 0.18806 -0.18481 0 0 90.08653 -0.00151
fb: -0.01743 0.10904 0.11879 -0.12376
fb: -0.02140 0.06570 0.11879 -0.12376
target: 0.00000 0.03973
dist/lin/ang/drive_left/drive_right/tv_l/tv_r/av_l/av_r/x/y/theta/t_err: 0.02222 0.00000 0.30375 -0.08711 0.04430 0.22414 -0.22450 0.22414 -0.22450 0 0 88.72667 0.02222
fb: -0.01942 0.02021 -0.26265 0.26834
fb: -0.01942 -0.01400 -0.26265 0.26834
target: 0.00000 0.10782
dist/lin/ang/drive_left/drive_right/tv_l/tv_r/av_l/av_r/x/y/theta/t_err: 0.06224 0.00000 0.82425 -0.00541 -0.03342 0.08319 -0.07767 0.08319 -0.07767 0 0 86.43388 0.06224
fb: -0.01169 -0.03240 -0.41765 0.42470
fb: -0.00772 -0.03546 -0.41765 0.42470
target: 0.00000 0.13050
dist/lin/ang/drive_left/drive_right/tv_l/tv_r/av_l/av_r/x/y/theta/t_err: 0.07793 0.00000 0.99764 0.02774 -0.04319 -0.22725 0.22447 -0.22725 0.22447 0 0 85.53481 0.07793
fb: -0.00772 -0.02669 -0.22852 0.23603
fb: -0.00772 0.00759 -0.22852 0.23603
target: 0.00000 0.09085
dist/lin/ang/drive_left/drive_right/tv_l/tv_r/av_l/av_r/x/y/theta/t_err: 0.05680 0.00000 0.69452 -0.01532 -0.00013 -0.35333 0.35744 -0.35333 0.35744 0 0 86.74571 0.05680
fb: -0.00375 0.04933 0.15658 -0.15966
fb: 0.00000 0.08396 0.15658 -0.15966
target: 0.00000 0.00664
dist/lin/ang/drive_left/drive_right/tv_l/tv_r/av_l/av_r/x/y/theta/t_err: 0.00791 0.00000 0.05075 -0.08396 0.08396 -0.19233 0.19217 -0.19233 0.19217 0 0 89.54690 0.00791
fb: 0.00000 0.09629 0.41353 -0.41829
fb: 0.00000 0.08995 0.41353 -0.41829
target: 0.00000 -0.01673
dist/lin/ang/drive_left/drive_right/tv_l/tv_r/av_l/av_r/x/y/theta/t_err: -0.00883 0.00000 -0.12793 -0.08995 0.08995 0.13228 -0.13075 0.13228 -0.13075 0 0 90.50564 -0.00883
fb: 0.00000 0.08124 0.15541 -0.16064
fb: 0.00000 0.06152 0.15541 -0.16064
target: 0.00000 -0.00777
dist/lin/ang/drive_left/drive_right/tv_l/tv_r/av_l/av_r/x/y/theta/t_err: -0.00501 0.00000 -0.05938 -0.06152 0.06152 0.31739 -0.33519 0.31739 -0.33519 0 0 90.28732 -0.00501
fb: 0.00000 0.01846 -0.07417 0.07891
fb: 0.00000 -0.02480 -0.07417 0.07891
target: 0.00000 0.07157
dist/lin/ang/drive_left/drive_right/tv_l/tv_r/av_l/av_r/x/y/theta/t_err: 0.03986 0.00000 0.54716 0.02480 -0.02480 0.11000 -0.13997 0.11000 -0.13997 0 0 87.71597 0.03986
fb: -0.00199 -0.04794 -0.44401 0.45034
fb: -0.00199 -0.05254 -0.44401 0.45034
target: 0.00000 0.10350
dist/lin/ang/drive_left/drive_right/tv_l/tv_r/av_l/av_r/x/y/theta/t_err: 0.06111 0.00000 0.79123 0.05055 -0.05452 -0.11228 0.08283 -0.11228 0.08283 0 0 86.49864 0.06111
fb: 0.00000 -0.04870 -0.25204 0.25900
fb: 0.00000 -0.03700 -0.25204 0.25900
target: 0.00000 0.09784
dist/lin/ang/drive_left/drive_right/tv_l/tv_r/av_l/av_r/x/y/theta/t_err: 0.05949 0.00000 0.74796 0.03700 -0.03700 -0.34667 0.35642 -0.34667 0.35642 0 0 86.59143 0.05949
fb: 0.00000 0.00105 -0.07911 0.08596
fb: -0.00199 0.04599 -0.07911 0.08596
target: 0.00000 0.01544
dist/lin/ang/drive_left/drive_right/tv_l/tv_r/av_l/av_r/x/y/theta/t_err: 0.01305 0.00000 0.11805 -0.04797 0.04400 -0.21492 0.23269 -0.21492 0.23269 0 0 89.25204 0.01305
fb: -0.00199 0.07002 0.39947 -0.40406
fb: 0.00000 0.07581 0.39947 -0.40406
target: 0.00000 -0.02409
dist/lin/ang/drive_left/drive_right/tv_l/tv_r/av_l/av_r/x/y/theta/t_err: -0.01258 0.00000 -0.18416 -0.07581 0.07581 -0.02056 0.06914 -0.02056 0.06914 0 0 90.72086 -0.01258
fb: 0.00000 0.06779 0.23306 -0.23843
fb: 0.00000 0.06055 0.23306 -0.23843
target: 0.00000 -0.02402
dist/lin/ang/drive_left/drive_right/tv_l/tv_r/av_l/av_r/x/y/theta/t_err: -0.01443 0.00000 -0.18364 -0.06055 0.06055 0.29756 -0.29619 0.29756 -0.29619 0 0 90.82667 -0.01443
fb: 0.00000 0.04397 0.05481 -0.06019
fb: 0.00000 0.00334 0.05481 -0.06019
final error was 0.78125
position: -0.26979 -0.44150 89.21875
took 0.82000 time to finish turn
increased to 135.00000
increased to 180.00000
target: 0.00000 0.15697
dist/lin/ang/drive_left/drive_right/tv_l/tv_r/av_l/av_r/x/y/theta/t_err: 3.14159 0.00000 1.20000 0.00000 0.00000 -0.00017 -0.00017 -0.00017 -0.00017 0 0 0.00013 3.14159
fb: 0.00000 0.00000 -0.85057 0.85860
fb: 0.00000 0.00000 -0.85057 0.85860
target: 0.00000 0.31394
dist/lin/ang/drive_left/drive_right/tv_l/tv_r/av_l/av_r/x/y/theta/t_err: 3.14159 0.00000 2.40000 0.00000 0.00000 0.00017 0.07153 0.00017 0.07153 0 0 0.00034 3.14159
fb: 0.00000 0.00000 -0.95574 0.96691
fb: 0.00000 0.00000 -0.95574 0.96691
target: 0.00000 0.47092
dist/lin/ang/drive_left/drive_right/tv_l/tv_r/av_l/av_r/x/y/theta/t_err: 3.14158 0.00000 3.60000 0.00000 0.00000 -0.45825 0.45156 -0.45825 0.45156 0 0 0.00062 3.14158
fb: 0.00000 0.02494 -1.00000 1.00000
fb: 0.00000 0.06975 -1.00000 1.00000
target: 0.00000 0.62789
dist/lin/ang/drive_left/drive_right/tv_l/tv_r/av_l/av_r/x/y/theta/t_err: 3.09811 0.00000 4.80000 -0.06975 0.06975 -0.43564 0.52736 -0.43564 0.52736 0 0 2.49161 3.09811
fb: 0.00000 0.11531 -1.00000 1.00000
fb: 0.00000 0.14973 -1.00000 1.00000
target: 0.00000 0.78486
dist/lin/ang/drive_left/drive_right/tv_l/tv_r/av_l/av_r/x/y/theta/t_err: 3.03724 0.00000 6.00000 -0.14973 0.14973 -0.55747 0.32508 -0.55747 0.32508 0 0 5.97875 3.03724
fb: 0.00000 0.18025 -1.00000 1.00000
fb: 0.00000 0.21035 -1.00000 1.00000
target: 0.00000 0.78486
dist/lin/ang/drive_left/drive_right/tv_l/tv_r/av_l/av_r/x/y/theta/t_err: 2.97653 0.00000 6.00000 -0.21035 0.21035 -0.71044 0.67297 -0.71044 0.67297 0 0 9.45739 2.97653
fb: 0.00000 0.24630 -0.56488 0.58547
fb: 0.00000 0.28658 -0.56488 0.58547
target: 0.00000 0.78486
dist/lin/ang/drive_left/drive_right/tv_l/tv_r/av_l/av_r/x/y/theta/t_err: 2.89681 0.00000 6.00000 -0.28658 0.28658 -0.77083 0.65964 -0.77083 0.65964 0 0 14.02473 2.89681
fb: 0.00000 0.32657 -0.56488 0.58547
fb: 0.00000 0.36489 -0.56488 0.58547
target: 0.00000 0.78486
dist/lin/ang/drive_left/drive_right/tv_l/tv_r/av_l/av_r/x/y/theta/t_err: 2.80410 0.00000 6.00000 -0.36489 0.36489 -0.46608 0.51369 -0.46608 0.51369 0 0 19.33712 2.80410
fb: 0.00000 0.39799 -0.56488 0.58547
fb: 0.00000 0.42934 -0.56488 0.58547
target: 0.00000 0.78486
dist/lin/ang/drive_left/drive_right/tv_l/tv_r/av_l/av_r/x/y/theta/t_err: 2.70818 0.00000 6.00000 -0.42934 0.42934 -0.53592 0.55269 -0.53592 0.55269 0 0 24.83280 2.70818
fb: 0.00397 0.46118 -0.56488 0.58547
fb: 0.00397 0.49498 -0.56488 0.58547
target: 0.00000 0.78486
dist/lin/ang/drive_left/drive_right/tv_l/tv_r/av_l/av_r/x/y/theta/t_err: 2.60165 0.00000 6.00000 -0.49100 0.49895 -0.54036 0.56106 -0.54036 0.56106 0 0 30.93661 2.60165
fb: 0.00199 0.52891 -0.56488 0.58547
fb: 0.00199 0.55991 -0.56488 0.58547
target: 0.00000 0.78486
dist/lin/ang/drive_left/drive_right/tv_l/tv_r/av_l/av_r/x/y/theta/t_err: 2.48550 0.00000 6.00000 -0.55793 0.56190 -0.54119 0.55900 -0.54119 0.55900 0 0 37.59138 2.48550
fb: 0.00000 0.58918 -0.56488 0.58547
fb: 0.00000 0.61433 -0.56488 0.58547
target: 0.00000 0.78486
dist/lin/ang/drive_left/drive_right/tv_l/tv_r/av_l/av_r/x/y/theta/t_err: 2.36597 0.00000 6.00000 -0.61433 0.61433 -0.54447 0.56125 -0.54447 0.56125 0 0 44.43962 2.36597
fb: 0.00000 0.63816 -0.56488 0.58547
fb: 0.00000 0.66422 -0.56488 0.58547
target: 0.00000 0.78486
dist/lin/ang/drive_left/drive_right/tv_l/tv_r/av_l/av_r/x/y/theta/t_err: 2.24113 0.00000 6.00000 -0.66422 0.66422 -0.54703 0.56278 -0.54703 0.56278 0 0 51.59247 2.24113
fb: 0.00000 0.68784 -0.56488 0.58547
fb: 0.00000 0.70965 -0.56488 0.58547
target: 0.00000 0.78486
dist/lin/ang/drive_left/drive_right/tv_l/tv_r/av_l/av_r/x/y/theta/t_err: 2.11147 0.00000 6.00000 -0.70965 0.70965 -0.55047 0.56297 -0.55047 0.56297 0 0 59.02185 2.11147
fb: 0.00000 0.73180 -0.56488 0.58547
fb: 0.00000 0.74887 -0.56488 0.58547
target: 0.00000 0.78486
dist/lin/ang/drive_left/drive_right/tv_l/tv_r/av_l/av_r/x/y/theta/t_err: 1.97860 0.00000 6.00000 -0.74887 0.74887 -0.54533 0.56225 -0.54533 0.56225 0 0 66.63460 1.97860
fb: 0.00000 0.76622 -0.56488 0.58547
fb: 0.00000 0.78545 -0.56488 0.58547
target: 0.00000 0.78486
dist/lin/ang/drive_left/drive_right/tv_l/tv_r/av_l/av_r/x/y/theta/t_err: 1.84163 0.00000 6.00000 -0.78545 0.78545 -0.54428 0.55986 -0.54428 0.55986 0 0 74.48222 1.84163
fb: 0.00000 0.80246 -0.56488 0.58547
fb: 0.00000 0.81932 -0.56488 0.58547
target: 0.00000 0.78486
dist/lin/ang/drive_left/drive_right/tv_l/tv_r/av_l/av_r/x/y/theta/t_err: 1.70077 0.00000 6.00000 -0.81932 0.81932 -0.54533 0.56225 -0.54533 0.56225 0 0 82.55318 1.70077
fb: 0.00000 0.83325 -0.56488 0.58547
fb: -0.02912 0.84607 -0.56488 0.58547
target: 0.00000 0.78486
dist/lin/ang/drive_left/drive_right/tv_l/tv_r/av_l/av_r/x/y/theta/t_err: 1.55920 0.00000 6.00000 -0.87519 0.81695 -0.54769 0.56261 -0.54769 0.56261 0 0 90.66445 1.55920
fb: -0.05824 0.85854 -0.56488 0.58547
fb: -0.06795 0.86774 -0.56488 0.58547
target: 0.00000 0.78486
dist/lin/ang/drive_left/drive_right/tv_l/tv_r/av_l/av_r/x/y/theta/t_err: 1.41663 0.00000 6.00000 -0.93569 0.79979 -0.55064 0.56450 -0.55064 0.56450 0 0 98.83311 1.41663
fb: -0.07369 0.87868 -0.56488 0.58547
fb: -0.08538 0.89046 -0.56488 0.58547
target: 0.00000 0.78486
dist/lin/ang/drive_left/drive_right/tv_l/tv_r/av_l/av_r/x/y/theta/t_err: 1.27014 0.00000 6.00000 -0.97584 0.80508 -0.55131 0.56483 -0.55131 0.56483 0 0 107.22627 1.27014
fb: -0.09707 0.90056 -0.56488 0.58547
fb: -0.09685 0.90997 -0.56488 0.58547
target: 0.00000 0.78486
dist/lin/ang/drive_left/drive_right/tv_l/tv_r/av_l/av_r/x/y/theta/t_err: 1.12229 0.00000 6.00000 -1.00682 0.81311 -0.55217 0.56483 -0.55217 0.56483 0 0 115.69779 1.12229
fb: -0.09486 0.91902 -0.56488 0.58547
fb: -0.09707 0.92690 -0.56488 0.58547
target: 0.00000 0.78486
dist/lin/ang/drive_left/drive_right/tv_l/tv_r/av_l/av_r/x/y/theta/t_err: 0.97296 0.00000 6.00000 -1.02397 0.82983 -0.55425 0.56550 -0.55425 0.56550 0 0 124.25364 0.97296
fb: -0.10082 0.93400 -0.56488 0.58547
fb: -0.09288 0.93986 -0.56488 0.58547
target: 0.00000 0.78486
dist/lin/ang/drive_left/drive_right/tv_l/tv_r/av_l/av_r/x/y/theta/t_err: 0.82349 0.00000 6.00000 -1.03273 0.84698 -0.55578 0.56344 -0.55578 0.56344 0 0 132.81774 0.82349
fb: -0.09508 0.94689 -0.56488 0.58547
fb: -0.09508 0.95296 -0.56488 0.58547
target: 0.00000 0.78486
dist/lin/ang/drive_left/drive_right/tv_l/tv_r/av_l/av_r/x/y/theta/t_err: 0.67189 0.00000 6.00000 -1.04804 0.85787 -0.55386 0.56378 -0.55386 0.56378 0 0 141.50338 0.67189
fb: -0.10280 0.95811 -0.56488 0.58547
fb: -0.12222 0.96229 -0.56488 0.58547
target: 0.00000 0.78486
dist/lin/ang/drive_left/drive_right/tv_l/tv_r/av_l/av_r/x/y/theta/t_err: 0.52065 0.00000 6.00000 -1.08451 0.84007 -0.55236 0.56278 -0.55236 0.56278 0 0 150.16873 0.52065
fb: -0.12597 0.96494 -0.56488 0.58547
fb: -0.12994 0.96926 -0.56488 0.58547
target: 0.00000 0.58918
dist/lin/ang/drive_left/drive_right/tv_l/tv_r/av_l/av_r/x/y/theta/t_err: 0.36946 0.00000 4.50406 -1.09920 0.83932 -0.54994 0.56261 -0.54994 0.56261 0 0 158.83125 0.36946
fb: -0.13369 0.97421 0.52485 -0.51796
fb: -0.12597 0.97853 0.52485 -0.51796
target: 0.00000 0.33537
dist/lin/ang/drive_left/drive_right/tv_l/tv_r/av_l/av_r/x/y/theta/t_err: 0.21568 0.00000 2.56377 -1.10449 0.85256 -0.26369 0.46850 -0.26369 0.46850 0 0 167.64248 0.21568
fb: -0.12619 0.98229 0.95647 -0.95465
fb: -0.13369 0.97637 0.95647 -0.95465
target: 0.00000 0.09166
dist/lin/ang/drive_left/drive_right/tv_l/tv_r/av_l/av_r/x/y/theta/t_err: 0.06738 0.00000 0.70067 -1.11005 0.84268 0.09856 -0.08558 0.09856 -0.08558 0 0 176.13947 0.06738
fb: -0.13965 0.94411 1.00000 -1.00000
fb: -0.13193 0.89150 1.00000 -1.00000
target: 0.00000 -0.06040
dist/lin/ang/drive_left/drive_right/tv_l/tv_r/av_l/av_r/x/y/theta/t_err: -0.02900 0.00000 -0.46171 -1.02343 0.75957 0.50767 -0.49794 0.50767 -0.49794 0 0 181.66130 -0.02900
fb: -0.10854 0.82984 0.76372 -0.76982
fb: -0.11825 0.77243 0.76372 -0.76982
target: 0.00000 -0.15763
dist/lin/ang/drive_left/drive_right/tv_l/tv_r/av_l/av_r/x/y/theta/t_err: -0.09074 0.00000 -1.20504 -0.89068 0.65417 0.29686 -0.30250 0.29686 -0.30250 0 0 185.19891 -0.09074
fb: -0.15113 0.71627 0.58219 -0.59024
fb: -0.16680 0.66303 0.58219 -0.59024
target: 0.00000 -0.23791
dist/lin/ang/drive_left/drive_right/tv_l/tv_r/av_l/av_r/x/y/theta/t_err: -0.14041 0.00000 -1.81877 -0.82983 0.49624 0.56311 -0.54583 0.56311 -0.54583 0 0 188.04463 -0.14041
fb: -0.17077 0.60778 0.55969 -0.56935
fb: -0.15908 0.55350 0.55969 -0.56935
target: 0.00000 -0.29004
dist/lin/ang/drive_left/drive_right/tv_l/tv_r/av_l/av_r/x/y/theta/t_err: -0.17336 0.00000 -2.21726 -0.71259 0.39442 0.39558 -0.34511 0.39558 -0.34511 0 0 189.93266 -0.17336
fb: -0.14143 0.50271 0.46792 -0.47861
fb: -0.13371 0.45143 0.46792 -0.47861
target: 0.00000 -0.32311
dist/lin/ang/drive_left/drive_right/tv_l/tv_r/av_l/av_r/x/y/theta/t_err: -0.19437 0.00000 -2.47005 -0.58514 0.31772 0.41631 -0.49092 0.41631 -0.49092 0 0 191.13646 -0.19437
fb: -0.13195 0.40273 0.40431 -0.41566
fb: -0.14938 0.34963 0.40431 -0.41566
target: 0.00000 -0.33048
dist/lin/ang/drive_left/drive_right/tv_l/tv_r/av_l/av_r/x/y/theta/t_err: -0.20006 0.00000 -2.52643 -0.49901 0.20025 0.40261 -0.43719 0.40261 -0.43719 0 0 191.46251 -0.20006
fb: -0.17255 0.29201 0.29364 -0.30514
fb: -0.16682 0.23369 0.29364 -0.30514
target: 0.00000 -0.29597
dist/lin/ang/drive_left/drive_right/tv_l/tv_r/av_l/av_r/x/y/theta/t_err: -0.18108 0.00000 -2.26258 -0.40051 0.06688 0.37319 -0.38706 0.37319 -0.38706 0 0 190.37493 -0.18108
fb: -0.14541 0.17942 0.08201 -0.09282
fb: -0.13769 0.11664 0.08201 -0.09282
target: 0.00000 -0.23240
dist/lin/ang/drive_left/drive_right/tv_l/tv_r/av_l/av_r/x/y/theta/t_err: -0.14395 0.00000 -1.77664 -0.25433 -0.02105 0.26247 -0.25736 0.26247 -0.25736 0 0 188.24773 -0.14395
fb: -0.12224 0.07037 -0.16936 0.16960
fb: -0.10283 0.03212 -0.16936 0.16960
target: 0.00000 -0.17533
dist/lin/ang/drive_left/drive_right/tv_l/tv_r/av_l/av_r/x/y/theta/t_err: -0.10914 0.00000 -1.34037 -0.13495 -0.07071 0.07375 -0.05306 0.07375 -0.05306 0 0 186.25334 -0.10914
fb: -0.08341 0.00188 -0.17836 0.17975
fb: -0.07944 -0.01157 -0.17836 0.17975
target: 0.00000 -0.13964
dist/lin/ang/drive_left/drive_right/tv_l/tv_r/av_l/av_r/x/y/theta/t_err: -0.08652 0.00000 -1.06749 -0.06787 -0.09100 -0.13964 0.13656 -0.13964 0.13656 0 0 184.95707 -0.08652
fb: -0.09113 -0.01456 -0.10609 0.10819
fb: -0.07569 -0.00850 -0.10609 0.10819
target: 0.00000 -0.14264
dist/lin/ang/drive_left/drive_right/tv_l/tv_r/av_l/av_r/x/y/theta/t_err: -0.08654 0.00000 -1.09040 -0.06719 -0.08419 -0.15158 0.14972 -0.15158 0.14972 0 0 184.95826 -0.08654
fb: -0.04656 0.00557 0.14807 -0.15582
fb: -0.02317 0.02237 0.14807 -0.15582
target: 0.00000 -0.17475
dist/lin/ang/drive_left/drive_right/tv_l/tv_r/av_l/av_r/x/y/theta/t_err: -0.10459 0.00000 -1.33589 -0.04554 -0.00080 -0.04911 0.03953 -0.04911 0.03953 0 0 185.99260 -0.10459
fb: -0.01942 0.03832 0.30061 -0.30900
fb: -0.02339 0.04048 0.30061 -0.30900
target: 0.00000 -0.19909
dist/lin/ang/drive_left/drive_right/tv_l/tv_r/av_l/av_r/x/y/theta/t_err: -0.11960 0.00000 -1.52201 -0.06387 0.01709 0.15003 -0.15758 0.15003 -0.15758 0 0 186.85276 -0.11960
fb: -0.02317 0.03491 0.28197 -0.29085
fb: -0.02714 0.02662 0.28197 -0.29085
target: 0.00000 -0.19273
dist/lin/ang/drive_left/drive_right/tv_l/tv_r/av_l/av_r/x/y/theta/t_err: -0.11713 0.00000 -1.47336 -0.05376 -0.00052 0.27172 -0.27325 0.27172 -0.27325 0 0 186.71102 -0.11713
fb: -0.02339 -0.00209 0.13951 -0.14826
fb: -0.01147 -0.04020 0.13951 -0.14826
target: 0.00000 -0.12596
dist/lin/ang/drive_left/drive_right/tv_l/tv_r/av_l/av_r/x/y/theta/t_err: -0.07942 0.00000 -0.96293 0.02873 -0.05168 0.23456 -0.24556 0.23456 -0.24556 0 0 184.55020 -0.07942
fb: -0.00772 -0.07588 -0.25509 0.25747
fb: -0.00794 -0.09518 -0.25509 0.25747
target: 0.00000 -0.05835
dist/lin/ang/drive_left/drive_right/tv_l/tv_r/av_l/av_r/x/y/theta/t_err: -0.03864 0.00000 -0.44607 0.08723 -0.10312 0.09789 -0.08350 0.09789 -0.08350 0 0 182.21384 -0.03864
fb: -0.00772 -0.09950 -0.30417 0.30790
fb: -0.00772 -0.09539 -0.30417 0.30790
target: 0.00000 -0.03749
dist/lin/ang/drive_left/drive_right/tv_l/tv_r/av_l/av_r/x/y/theta/t_err: -0.02392 0.00000 -0.28662 0.08766 -0.10311 -0.20689 0.19969 -0.20689 0.19969 0 0 181.37028 -0.02392
fb: -0.00397 -0.08716 -0.10776 0.11191
fb: 0.00000 -0.06598 -0.10776 0.11191
target: 0.00000 -0.04576
dist/lin/ang/drive_left/drive_right/tv_l/tv_r/av_l/av_r/x/y/theta/t_err: -0.02748 0.00000 -0.34985 0.06598 -0.06598 -0.25597 0.25681 -0.25597 0.25681 0 0 181.57465 -0.02748
fb: 0.00000 -0.02271 0.10691 -0.11272
fb: 0.00000 0.01637 0.10691 -0.11272
target: 0.00000 -0.11955
dist/lin/ang/drive_left/drive_right/tv_l/tv_r/av_l/av_r/x/y/theta/t_err: -0.06922 0.00000 -0.91390 -0.01637 0.01637 -0.08625 0.09153 -0.08625 0.09153 0 0 183.96599 -0.06922
fb: 0.00000 0.03268 0.45115 -0.45843
fb: 0.00000 0.03630 0.45115 -0.45843
target: 0.00000 -0.14066
dist/lin/ang/drive_left/drive_right/tv_l/tv_r/av_l/av_r/x/y/theta/t_err: -0.08416 0.00000 -1.07530 -0.03630 0.03630 0.11106 -0.11497 0.11106 -0.11497 0 0 184.82177 -0.08416
fb: 0.00000 0.03414 0.22827 -0.23598
fb: 0.00000 0.02843 0.22827 -0.23598
target: 0.00000 -0.13981
dist/lin/ang/drive_left/drive_right/tv_l/tv_r/av_l/av_r/x/y/theta/t_err: -0.08477 0.00000 -1.06877 -0.02843 0.02843 0.36122 -0.36000 0.36122 -0.36000 0 0 184.85718 -0.08477
fb: 0.00000 0.00077 0.12885 -0.13654
fb: 0.00000 -0.03853 0.12885 -0.13654
target: 0.00000 -0.07306
dist/lin/ang/drive_left/drive_right/tv_l/tv_r/av_l/av_r/x/y/theta/t_err: -0.04730 0.00000 -0.55854 0.03853 -0.03853 0.21883 -0.22550 0.21883 -0.22550 0 0 182.71023 -0.04730
fb: 0.00000 -0.06849 -0.29041 0.29385
fb: 0.00000 -0.08960 -0.29041 0.29385
target: 0.00000 -0.01059
dist/lin/ang/drive_left/drive_right/tv_l/tv_r/av_l/av_r/x/y/theta/t_err: -0.00943 0.00000 -0.08093 0.08960 -0.08960 0.07956 -0.10336 0.07956 -0.10336 0 0 180.54022 -0.00943
fb: 0.00000 -0.09009 -0.31308 0.31776
fb: 0.00000 -0.09253 -0.31308 0.31776
target: 0.00000 0.01174
dist/lin/ang/drive_left/drive_right/tv_l/tv_r/av_l/av_r/x/y/theta/t_err: 0.00590 0.00000 0.08972 0.09253 -0.09253 -0.23836 0.23289 -0.23836 0.23289 0 0 179.66175 0.00590
fb: 0.00000 -0.08159 -0.14733 0.15246
fb: -0.01545 -0.04661 -0.14733 0.15246
final error was -2.08415
position: 1.41594 -0.84551 182.08415
took 1.06000 time to finish turn
decreased kp to 12.50000
decreased kp to 12.40000
decreased kp to 12.30000
decreased kd to 0.20000
decreased kd to 0.00000
decreased kd to -0.20000
increased kd to 0.00000
target: 0.00000 0.15697
dist/lin/ang/drive_left/drive_right/tv_l/tv_r/av_l/av_r/x/y/theta/t_err: 3.14160 0.00000 1.20000 0.00000 0.00000 0.00017 0.00000 0.00017 0.00000 0 0 -0.00058 3.14160
fb: 0.00000 0.00000 -0.85057 0.85860
fb: 0.00000 0.00000 -0.85057 0.85860
target: 0.00000 0.31394
dist/lin/ang/drive_left/drive_right/tv_l/tv_r/av_l/av_r/x/y/theta/t_err: 3.14160 0.00000 2.40000 0.00000 0.00000 -0.02806 0.09875 -0.02806 0.09875 0 0 -0.00038 3.14160
fb: 0.00000 0.00000 -0.95574 0.96691
fb: 0.00000 0.02522 -0.95574 0.96691
target: 0.00000 0.47092
dist/lin/ang/drive_left/drive_right/tv_l/tv_r/av_l/av_r/x/y/theta/t_err: 3.12633 0.00000 3.60000 -0.02522 0.02522 -0.46436 0.40756 -0.46436 0.40756 0 0 0.87444 3.12633
fb: 0.00000 0.06933 -1.00000 1.00000
fb: 0.00000 0.11538 -1.00000 1.00000
target: 0.00000 0.62789
dist/lin/ang/drive_left/drive_right/tv_l/tv_r/av_l/av_r/x/y/theta/t_err: 3.06609 0.00000 4.80000 -0.11538 0.11538 -0.45975 0.50272 -0.45975 0.50272 0 0 4.32618 3.06609
fb: 0.00000 0.15141 -1.00000 1.00000
fb: 0.00000 0.18840 -1.00000 1.00000
target: 0.00000 0.78486
dist/lin/ang/drive_left/drive_right/tv_l/tv_r/av_l/av_r/x/y/theta/t_err: 3.00299 0.00000 6.00000 -0.18840 0.18840 -0.56022 0.48153 -0.56022 0.48153 0 0 7.94121 3.00299
fb: 0.00000 0.22275 -1.00000 1.00000
fb: 0.00000 0.25898 -1.00000 1.00000
target: 0.00000 0.78486
dist/lin/ang/drive_left/drive_right/tv_l/tv_r/av_l/av_r/x/y/theta/t_err: 2.93023 0.00000 6.00000 -0.25898 0.25898 -0.71269 0.69058 -0.71269 0.69058 0 0 12.11023 2.93023
fb: 0.00000 0.30253 -0.56488 0.58547
fb: 0.00000 0.34162 -0.56488 0.58547
target: 0.00000 0.78486
dist/lin/ang/drive_left/drive_right/tv_l/tv_r/av_l/av_r/x/y/theta/t_err: 2.83877 0.00000 6.00000 -0.34162 0.34162 -0.70769 0.67606 -0.70769 0.67606 0 0 17.35062 2.83877
fb: 0.00000 0.37952 -0.56488 0.58547
fb: 0.00000 0.41074 -0.56488 0.58547
target: 0.00000 0.78486
dist/lin/ang/drive_left/drive_right/tv_l/tv_r/av_l/av_r/x/y/theta/t_err: 2.74331 0.00000 6.00000 -0.41074 0.41074 -0.43408 0.41750 -0.43408 0.41750 0 0 22.81963 2.74331
fb: 0.00000 0.43715 -0.56488 0.58547
fb: 0.00000 0.46307 -0.56488 0.58547
target: 0.00000 0.78486
dist/lin/ang/drive_left/drive_right/tv_l/tv_r/av_l/av_r/x/y/theta/t_err: 2.64788 0.00000 6.00000 -0.46307 0.46307 -0.52375 0.53369 -0.52375 0.53369 0 0 28.28738 2.64788
fb: 0.00000 0.49003 -0.56488 0.58547
fb: 0.00000 0.51922 -0.56488 0.58547
target: 0.00000 0.78486
dist/lin/ang/drive_left/drive_right/tv_l/tv_r/av_l/av_r/x/y/theta/t_err: 2.54218 0.00000 6.00000 -0.51922 0.51922 -0.54003 0.56003 -0.54003 0.56003 0 0 34.34357 2.54218
fb: 0.00000 0.54849 -0.56488 0.58547
fb: 0.00000 0.57524 -0.56488 0.58547
target: 0.00000 0.78486
dist/lin/ang/drive_left/drive_right/tv_l/tv_r/av_l/av_r/x/y/theta/t_err: 2.42793 0.00000 6.00000 -0.57524 0.57524 -0.54344 0.56089 -0.54344 0.56089 0 0 40.88974 2.42793
fb: 0.00000 0.60130 -0.56488 0.58547
fb: 0.00000 0.62659 -0.56488 0.58547
target: 0.00000 0.78486
dist/lin/ang/drive_left/drive_right/tv_l/tv_r/av_l/av_r/x/y/theta/t_err: 2.30806 0.00000 6.00000 -0.62659 0.62659 -0.54600 0.56258 -0.54600 0.56258 0 0 47.75793 2.30806
fb: 0.00000 0.65028 -0.56488 0.58547
fb: 0.00000 0.67655 -0.56488 0.58547
target: 0.00000 0.78486
dist/lin/ang/drive_left/drive_right/tv_l/tv_r/av_l/av_r/x/y/theta/t_err: 2.18140 0.00000 6.00000 -0.67655 0.67655 -0.54772 0.56311 -0.54772 0.56311 0 0 55.01490 2.18140
fb: 0.00000 0.70059 -0.56488 0.58547
fb: 0.00000 0.72191 -0.56488 0.58547
target: 0.00000 0.78486
dist/lin/ang/drive_left/drive_right/tv_l/tv_r/av_l/av_r/x/y/theta/t_err: 2.04988 0.00000 6.00000 -0.72191 0.72191 -0.54858 0.56328 -0.54858 0.56328 0 0 62.55028 2.04988
fb: 0.00000 0.74184 -0.56488 0.58547
fb: 0.00000 0.76128 -0.56488 0.58547
target: 0.00000 0.78486
dist/lin/ang/drive_left/drive_right/tv_l/tv_r/av_l/av_r/x/y/theta/t_err: 1.91524 0.00000 6.00000 -0.76128 0.76128 -0.54839 0.56653 -0.54839 0.56653 0 0 70.26461 1.91524
fb: 0.00000 0.77960 -0.56488 0.58547
fb: 0.00000 0.79653 -0.56488 0.58547
target: 0.00000 0.78486
dist/lin/ang/drive_left/drive_right/tv_l/tv_r/av_l/av_r/x/y/theta/t_err: 1.77717 0.00000 6.00000 -0.79653 0.79653 -0.54669 0.56397 -0.54669 0.56397 0 0 78.17554 1.77717
fb: 0.00000 0.81172 -0.56488 0.58547
fb: 0.00000 0.82308 -0.56488 0.58547
target: 0.00000 0.78486
dist/lin/ang/drive_left/drive_right/tv_l/tv_r/av_l/av_r/x/y/theta/t_err: 1.63911 0.00000 6.00000 -0.82308 0.82308 -0.54603 0.56211 -0.54603 0.56211 0 0 86.08588 1.63911
fb: 0.00000 0.83472 -0.56488 0.58547
fb: -0.02317 0.84621 -0.56488 0.58547
target: 0.00000 0.78486
dist/lin/ang/drive_left/drive_right/tv_l/tv_r/av_l/av_r/x/y/theta/t_err: 1.49917 0.00000 6.00000 -0.86938 0.82305 -0.54786 0.56275 -0.54786 0.56275 0 0 94.10394 1.49917
fb: -0.04832 0.85764 -0.56488 0.58547
fb: -0.05824 0.87213 -0.56488 0.58547
target: 0.00000 0.78486
dist/lin/ang/drive_left/drive_right/tv_l/tv_r/av_l/av_r/x/y/theta/t_err: 1.35410 0.00000 6.00000 -0.93037 0.81389 -0.54892 0.56417 -0.54892 0.56417 0 0 102.41562 1.35410
fb: -0.06221 0.88391 -0.56488 0.58547
fb: -0.06001 0.89401 -0.56488 0.58547
target: 0.00000 0.78486
dist/lin/ang/drive_left/drive_right/tv_l/tv_r/av_l/av_r/x/y/theta/t_err: 1.20752 0.00000 6.00000 -0.95402 0.83400 -0.54978 0.56397 -0.54978 0.56397 0 0 110.81405 1.20752
fb: -0.06001 0.90112 -0.56488 0.58547
fb: -0.05824 0.90990 -0.56488 0.58547
target: 0.00000 0.78486
dist/lin/ang/drive_left/drive_right/tv_l/tv_r/av_l/av_r/x/y/theta/t_err: 1.06136 0.00000 6.00000 -0.96814 0.85165 -0.55164 0.56467 -0.55164 0.56467 0 0 119.18869 1.06136
fb: -0.06795 0.91645 -0.56488 0.58547
fb: -0.08538 0.92348 -0.56488 0.58547
target: 0.00000 0.78486
dist/lin/ang/drive_left/drive_right/tv_l/tv_r/av_l/av_r/x/y/theta/t_err: 0.91413 0.00000 6.00000 -1.00886 0.83810 -0.55406 0.56533 -0.55406 0.56533 0 0 127.62427 0.91413
fb: -0.10281 0.92989 -0.56488 0.58547
fb: -0.11053 0.93568 -0.56488 0.58547
target: 0.00000 0.78486
dist/lin/ang/drive_left/drive_right/tv_l/tv_r/av_l/av_r/x/y/theta/t_err: 0.76568 0.00000 6.00000 -1.04620 0.82515 -0.55319 0.56600 -0.55319 0.56600 0 0 136.12999 0.76568
fb: -0.11626 0.94313 -0.56488 0.58547
fb: -0.12398 0.94912 -0.56488 0.58547
target: 0.00000 0.78486
dist/lin/ang/drive_left/drive_right/tv_l/tv_r/av_l/av_r/x/y/theta/t_err: 0.61446 0.00000 6.00000 -1.07311 0.82514 -0.55044 0.56467 -0.55044 0.56467 0 0 144.79413 0.61446
fb: -0.11626 0.95428 -0.56488 0.58547
fb: -0.11825 0.95895 -0.56488 0.58547
target: 0.00000 0.74569
dist/lin/ang/drive_left/drive_right/tv_l/tv_r/av_l/av_r/x/y/theta/t_err: 0.46346 0.00000 5.70059 -1.07719 0.84070 -0.54756 0.56519 -0.54756 0.56519 0 0 153.44555 0.46346
fb: -0.12994 0.96341 -0.36239 0.38220
fb: -0.12420 0.96877 -0.36239 0.38220
target: 0.00000 0.50027
dist/lin/ang/drive_left/drive_right/tv_l/tv_r/av_l/av_r/x/y/theta/t_err: 0.31093 0.00000 3.82442 -1.09297 0.84457 -0.53181 0.52428 -0.53181 0.52428 0 0 162.18510 0.31093
fb: -0.11825 0.97156 0.80824 -0.80313
fb: -0.11251 0.96814 0.80824 -0.80313
target: 0.00000 0.26260
dist/lin/ang/drive_left/drive_right/tv_l/tv_r/av_l/av_r/x/y/theta/t_err: 0.16321 0.00000 2.00751 -1.08066 0.85563 -0.33931 0.28847 -0.33931 0.28847 0 0 170.64863 0.16321
fb: -0.11648 0.95895 0.93260 -0.93224
fb: -0.13369 0.93665 0.93260 -0.93224
target: 0.00000 0.05593
dist/lin/ang/drive_left/drive_right/tv_l/tv_r/av_l/av_r/x/y/theta/t_err: 0.03476 0.00000 0.42756 -1.07034 0.80296 0.17211 -0.19214 0.17211 -0.19214 0 0 178.00832 0.03476
fb: -0.13568 0.89408 0.93158 -0.93535
fb: -0.14539 0.83945 0.93158 -0.93535
target: 0.00000 -0.07667
dist/lin/ang/drive_left/drive_right/tv_l/tv_r/av_l/av_r/x/y/theta/t_err: -0.04765 0.00000 -0.58613 -0.98484 0.69407 0.49175 -0.51419 0.49175 -0.51419 0 0 182.73030 -0.04765
fb: -0.16481 0.78838 0.68710 -0.69353
fb: -0.19393 0.73919 0.78406 -0.59656
target: 0.00000 -0.18259
dist/lin/ang/drive_left/drive_right/tv_l/tv_r/av_l/av_r/x/y/theta/t_err: -0.11348 0.00000 -1.39583 -0.93312 0.54526 0.61958 -0.67022 0.61958 -0.67022 0 0 186.50203 -0.11348
fb: -0.19769 0.68645 0.73682 -0.54768
fb: -0.16106 0.63238 0.63798 -0.64653
target: 0.00000 -0.25721
dist/lin/ang/drive_left/drive_right/tv_l/tv_r/av_l/av_r/x/y/theta/t_err: -0.15986 0.00000 -1.96631 -0.79344 0.47131 0.46356 -0.39986 0.46356 -0.39986 0 0 189.15946 -0.15986
fb: -0.14364 0.57629 0.54717 -0.55721
fb: -0.12599 0.51860 0.54717 -0.55721
target: 0.00000 -0.29864
dist/lin/ang/drive_left/drive_right/tv_l/tv_r/av_l/av_r/x/y/theta/t_err: -0.18561 0.00000 -2.28304 -0.64458 0.39261 0.37525 -0.38347 0.37525 -0.38347 0 0 190.63485 -0.18561
fb: -0.10459 0.46334 0.42556 -0.43642
fb: -0.10657 0.40795 0.42556 -0.43642
target: 0.00000 -0.31520
dist/lin/ang/drive_left/drive_right/tv_l/tv_r/av_l/av_r/x/y/theta/t_err: -0.19590 0.00000 -2.40960 -0.51452 0.30138 0.44744 -0.39544 0.44744 -0.39544 0 0 191.22441 -0.19590
fb: -0.12423 0.35165 0.32471 -0.33591
fb: -0.13592 0.29543 0.32471 -0.33591
target: 0.00000 -0.30255
dist/lin/ang/drive_left/drive_right/tv_l/tv_r/av_l/av_r/x/y/theta/t_err: -0.18804 0.00000 -2.31286 -0.43135 0.15950 0.38261 -0.37747 0.38261 -0.37747 0 0 190.77375 -0.18804
fb: -0.14343 0.23961 0.18478 -0.19572
fb: -0.13173 0.18589 0.18478 -0.19572
target: 0.00000 -0.26520
dist/lin/ang/drive_left/drive_right/tv_l/tv_r/av_l/av_r/x/y/theta/t_err: -0.16483 0.00000 -2.02735 -0.31763 0.05416 0.29892 -0.27992 0.29892 -0.27992 0 0 189.44381 -0.16483
fb: -0.12798 0.13608 0.04864 -0.05884
fb: -0.11827 0.09023 0.04864 -0.05884
target: 0.00000 -0.21479
dist/lin/ang/drive_left/drive_right/tv_l/tv_r/av_l/av_r/x/y/theta/t_err: -0.13350 0.00000 -1.64204 -0.20850 -0.02804 0.14100 -0.14597 0.14100 -0.14597 0 0 187.64892 -0.13350
fb: -0.07767 0.05212 -0.12193 0.12252
fb: -0.06223 0.02376 -0.12193 0.12252
target: 0.00000 -0.17000
dist/lin/ang/drive_left/drive_right/tv_l/tv_r/av_l/av_r/x/y/theta/t_err: -0.10566 0.00000 -1.29960 -0.08599 -0.03847 -0.00667 -0.00239 -0.00667 -0.00239 0 0 186.05380 -0.10566
fb: -0.06598 0.00676 -0.12669 0.12819
fb: -0.06973 0.00000 -0.12669 0.12819
target: 0.00000 -0.15186
dist/lin/ang/drive_left/drive_right/tv_l/tv_r/av_l/av_r/x/y/theta/t_err: -0.09438 0.00000 -1.16089 -0.06973 -0.06973 -0.10781 0.10283 -0.10781 0.10283 0 0 185.40765 -0.09438
fb: -0.08716 -0.00258 0.05911 -0.06704
fb: -0.08716 0.00209 0.05911 -0.06704
target: 0.00000 -0.15378
dist/lin/ang/drive_left/drive_right/tv_l/tv_r/av_l/av_r/x/y/theta/t_err: -0.09557 0.00000 -1.17556 -0.08925 -0.08507 -0.05697 0.04450 -0.05697 0.04450 0 0 185.47599 -0.09557
fb: -0.06223 0.00732 0.15069 -0.15866
fb: -0.04479 0.00780 0.15069 -0.15866
target: 0.00000 -0.16023
dist/lin/ang/drive_left/drive_right/tv_l/tv_r/av_l/av_r/x/y/theta/t_err: -0.09959 0.00000 -1.22491 -0.05260 -0.03699 0.07408 -0.08383 0.07408 -0.08383 0 0 185.70585 -0.09959
fb: -0.03486 0.00516 0.17542 -0.18352
fb: -0.02891 0.00160 0.17542 -0.18352
target: 0.00000 -0.15590
dist/lin/ang/drive_left/drive_right/tv_l/tv_r/av_l/av_r/x/y/theta/t_err: -0.09690 0.00000 -1.19183 -0.03051 -0.02730 0.14458 -0.14889 0.14458 -0.14889 0 0 185.55179 -0.09690
fb: -0.01942 -0.01094 0.12401 -0.13202
fb: -0.01169 -0.03435 0.12401 -0.13202
target: 0.00000 -0.12042
dist/lin/ang/drive_left/drive_right/tv_l/tv_r/av_l/av_r/x/y/theta/t_err: -0.07484 0.00000 -0.92056 0.02266 -0.04605 0.14014 -0.15281 0.14014 -0.15281 0 0 184.28814 -0.07484
fb: -0.01147 -0.05400 -0.11803 0.12051
fb: -0.01567 -0.06501 -0.11803 0.12051
target: 0.00000 -0.08091
dist/lin/ang/drive_left/drive_right/tv_l/tv_r/av_l/av_r/x/y/theta/t_err: -0.05029 0.00000 -0.61853 0.04934 -0.08067 0.05561 -0.03986 0.05561 -0.03986 0 0 182.88125 -0.05029
fb: -0.01169 -0.06515 -0.16260 0.16587
fb: -0.01147 -0.05999 -0.16260 0.16587
target: 0.00000 -0.06991
dist/lin/ang/drive_left/drive_right/tv_l/tv_r/av_l/av_r/x/y/theta/t_err: -0.04345 0.00000 -0.53441 0.04852 -0.07147 -0.10231 0.11361 -0.10231 0.11361 0 0 182.48938 -0.04345
fb: -0.00772 -0.05490 -0.04170 0.04520
fb: 0.00000 -0.04397 -0.04170 0.04520
target: 0.00000 -0.07098
dist/lin/ang/drive_left/drive_right/tv_l/tv_r/av_l/av_r/x/y/theta/t_err: -0.04411 0.00000 -0.54261 0.04397 -0.04397 -0.12561 0.12319 -0.12561 0.12319 0 0 182.52758 -0.04411
fb: -0.00199 -0.02585 0.09141 -0.09772
fb: -0.00199 -0.00523 0.09141 -0.09772
target: 0.00000 -0.09910
dist/lin/ang/drive_left/drive_right/tv_l/tv_r/av_l/av_r/x/y/theta/t_err: -0.06159 0.00000 -0.75760 0.00324 -0.00721 -0.02019 0.01933 -0.02019 0.01933 0 0 183.52904 -0.06159
fb: 0.00000 0.00780 0.23197 -0.23885
fb: 0.00000 0.01136 0.23197 -0.23885
target: 0.00000 -0.11466
dist/lin/ang/drive_left/drive_right/tv_l/tv_r/av_l/av_r/x/y/theta/t_err: -0.07126 0.00000 -0.87652 -0.01136 0.01136 0.10831 -0.11039 0.10831 -0.11039 0 0 184.08302 -0.07126
fb: 0.00000 0.01150 0.18585 -0.19304
fb: 0.00000 0.00725 0.18585 -0.19304
target: 0.00000 -0.11343
dist/lin/ang/drive_left/drive_right/tv_l/tv_r/av_l/av_r/x/y/theta/t_err: -0.07050 0.00000 -0.86713 -0.00725 0.00725 0.20244 -0.20156 0.20244 -0.20156 0 0 184.03925 -0.07050
fb: 0.00000 -0.01164 0.10949 -0.11665
fb: 0.00000 -0.04055 0.10949 -0.11665
target: 0.00000 -0.06723
dist/lin/ang/drive_left/drive_right/tv_l/tv_r/av_l/av_r/x/y/theta/t_err: -0.04178 0.00000 -0.51392 0.04055 -0.04055 0.15742 -0.17267 0.15742 -0.17267 0 0 182.39395 -0.04178
fb: 0.00000 -0.06076 -0.20189 0.20544
fb: 0.00000 -0.06668 -0.20189 0.20544
target: 0.00000 -0.03066
dist/lin/ang/drive_left/drive_right/tv_l/tv_r/av_l/av_r/x/y/theta/t_err: -0.01906 0.00000 -0.23439 0.06668 -0.06668 0.03783 -0.07892 0.03783 -0.07892 0 0 181.09184 -0.01906
fb: 0.00000 -0.06382 -0.18302 0.18731
fb: 0.00000 -0.05762 -0.18302 0.18731
target: 0.00000 -0.02329
dist/lin/ang/drive_left/drive_right/tv_l/tv_r/av_l/av_r/x/y/theta/t_err: -0.01448 0.00000 -0.17805 0.05762 -0.05762 -0.16600 0.16186 -0.16600 0.16186 0 0 180.82939 -0.01448
fb: 0.00000 -0.04919 -0.05658 0.06101
fb: -0.00397 -0.02801 -0.05658 0.06101
target: 0.00000 -0.03845
dist/lin/ang/drive_left/drive_right/tv_l/tv_r/av_l/av_r/x/y/theta/t_err: -0.02390 0.00000 -0.29396 0.02404 -0.03198 -0.13192 0.14581 -0.13192 0.14581 0 0 181.36931 -0.02390
fb: -0.00397 -0.00063 0.13301 -0.13868
fb: 0.00000 0.01986 0.13301 -0.13868
target: 0.00000 -0.07995
dist/lin/ang/drive_left/drive_right/tv_l/tv_r/av_l/av_r/x/y/theta/t_err: -0.04969 0.00000 -0.61122 -0.01986 0.01986 0.00547 0.02517 0.00547 0.02517 0 0 182.84717 -0.04969
fb: 0.00000 0.01986 0.27934 -0.28584
fb: 0.00000 0.02613 0.27934 -0.28584
target: 0.00000 -0.08801
dist/lin/ang/drive_left/drive_right/tv_l/tv_r/av_l/av_r/x/y/theta/t_err: -0.05470 0.00000 -0.67278 -0.02613 0.02613 0.14528 -0.14544 0.14528 -0.14544 0 0 183.13392 -0.05470
fb: 0.00000 0.02522 0.13422 -0.14088
fb: 0.00000 0.02257 0.13422 -0.14088
target: 0.00000 -0.09084
dist/lin/ang/drive_left/drive_right/tv_l/tv_r/av_l/av_r/x/y/theta/t_err: -0.05646 0.00000 -0.69445 -0.02257 0.02257 0.22158 -0.22689 0.22158 -0.22689 0 0 183.23486 -0.05646
fb: 0.00000 0.01240 0.11264 -0.11935
fb: 0.00000 -0.01930 0.11264 -0.11935
target: 0.00000 -0.05487
dist/lin/ang/drive_left/drive_right/tv_l/tv_r/av_l/av_r/x/y/theta/t_err: -0.03410 0.00000 -0.41944 0.01930 -0.01930 0.12011 -0.13347 0.12011 -0.13347 0 0 181.95383 -0.03410
fb: 0.00000 -0.04696 -0.16414 0.16794
fb: 0.00000 -0.05783 -0.16414 0.16794
target: 0.00000 -0.01099
dist/lin/ang/drive_left/drive_right/tv_l/tv_r/av_l/av_r/x/y/theta/t_err: -0.00683 0.00000 -0.08405 0.05783 -0.05783 0.00958 -0.03850 0.00958 -0.03850 0 0 180.39152 -0.00683
fb: 0.00000 -0.05957 -0.22908 0.23376
fb: 0.00000 -0.05490 -0.22908 0.23376
final error was -1.89164
position: 1.41214 -0.78002 181.89164
took 1.16000 time to finish turn
decreased kp to 12.20000
decreased kp to 12.10000
decreased kp to 12.00000
decreased kp to 11.90000
decreased kp to 11.80000
decreased kp to 11.70000
decreased kp to 11.60000
decreased kp to 11.50000
decreased kp to 11.40000
decreased kp to 11.30000
decreased kp to 11.20000
decreased kp to 11.10000
target: 0.00000 0.15697
dist/lin/ang/drive_left/drive_right/tv_l/tv_r/av_l/av_r/x/y/theta/t_err: 3.14159 0.00000 1.20000 0.00000 0.00000 -0.00017 -0.00033 -0.00017 -0.00033 0 0 0.00007 3.14159
fb: 0.00000 0.00000 -0.85057 0.85860
fb: 0.00000 0.00000 -0.85057 0.85860
target: 0.00000 0.31394
dist/lin/ang/drive_left/drive_right/tv_l/tv_r/av_l/av_r/x/y/theta/t_err: 3.14158 0.00000 2.40000 0.00000 0.00000 -0.05458 0.08914 -0.05458 0.08914 0 0 0.00051 3.14158
fb: 0.00000 0.00000 -0.95574 0.96691
fb: 0.00000 0.01045 -0.95574 0.96691
target: 0.00000 0.47092
dist/lin/ang/drive_left/drive_right/tv_l/tv_r/av_l/av_r/x/y/theta/t_err: 3.13524 0.00000 3.60000 -0.01045 0.01045 -0.46064 0.41972 -0.46064 0.41972 0 0 0.36414 3.13524
fb: 0.00000 0.05219 -1.00000 1.00000
fb: 0.00000 0.09344 -1.00000 1.00000
target: 0.00000 0.62789
dist/lin/ang/drive_left/drive_right/tv_l/tv_r/av_l/av_r/x/y/theta/t_err: 3.08141 0.00000 4.80000 -0.09344 0.09344 -0.52978 0.40500 -0.52978 0.40500 0 0 3.44800 3.08141
fb: 0.00000 0.13197 -1.00000 1.00000
fb: 0.00000 0.16367 -1.00000 1.00000
target: 0.00000 0.78486
dist/lin/ang/drive_left/drive_right/tv_l/tv_r/av_l/av_r/x/y/theta/t_err: 3.02316 0.00000 6.00000 -0.16367 0.16367 -0.53558 0.58961 -0.53558 0.58961 0 0 6.78585 3.02316
fb: 0.00000 0.20011 -1.00000 1.00000
fb: 0.00000 0.24261 -1.00000 1.00000
target: 0.00000 0.78486
dist/lin/ang/drive_left/drive_right/tv_l/tv_r/av_l/av_r/x/y/theta/t_err: 2.94889 0.00000 6.00000 -0.24261 0.24261 -0.76383 0.68872 -0.76383 0.68872 0 0 11.04085 2.94889
fb: 0.00596 0.28400 -0.56488 0.58547
fb: 0.01942 0.32072 -0.56488 0.58547
target: 0.00000 0.78486
dist/lin/ang/drive_left/drive_right/tv_l/tv_r/av_l/av_r/x/y/theta/t_err: 2.86302 0.00000 6.00000 -0.30130 0.34014 -0.74364 0.68392 -0.74364 0.68392 0 0 15.96075 2.86302
fb: 0.02515 0.35597 -0.56488 0.58547
fb: 0.01545 0.39255 -0.56488 0.58547
target: 0.00000 0.78486
dist/lin/ang/drive_left/drive_right/tv_l/tv_r/av_l/av_r/x/y/theta/t_err: 2.76929 0.00000 6.00000 -0.37711 0.40800 -0.51161 0.48031 -0.51161 0.48031 0 0 21.33118 2.76929
fb: 0.00772 0.42279 -0.56488 0.58547
fb: 0.00397 0.44906 -0.56488 0.58547
target: 0.00000 0.78486
dist/lin/ang/drive_left/drive_right/tv_l/tv_r/av_l/av_r/x/y/theta/t_err: 2.67410 0.00000 6.00000 -0.44509 0.45303 -0.53967 0.54636 -0.53967 0.54636 0 0 26.78550 2.67410
fb: 0.00000 0.47630 -0.56488 0.58547
fb: 0.00772 0.50494 -0.56488 0.58547
target: 0.00000 0.78486
dist/lin/ang/drive_left/drive_right/tv_l/tv_r/av_l/av_r/x/y/theta/t_err: 2.57072 0.00000 6.00000 -0.49722 0.51266 -0.54242 0.55881 -0.54242 0.55881 0 0 32.70835 2.57072
fb: 0.01545 0.53323 -0.56488 0.58547
fb: 0.01169 0.56326 -0.56488 0.58547
target: 0.00000 0.78486
dist/lin/ang/drive_left/drive_right/tv_l/tv_r/av_l/av_r/x/y/theta/t_err: 2.45733 0.00000 6.00000 -0.55156 0.57495 -0.54294 0.56003 -0.54294 0.56003 0 0 39.20563 2.45733
fb: 0.01169 0.59259 -0.56488 0.58547
fb: 0.01544 0.61886 -0.56488 0.58547
target: 0.00000 0.78486
dist/lin/ang/drive_left/drive_right/tv_l/tv_r/av_l/av_r/x/y/theta/t_err: 2.33665 0.00000 6.00000 -0.60342 0.63430 -0.54567 0.56142 -0.54567 0.56142 0 0 46.11979 2.33665
fb: 0.00772 0.64589 -0.56488 0.58547
fb: 0.00000 0.66937 -0.56488 0.58547
target: 0.00000 0.78486
dist/lin/ang/drive_left/drive_right/tv_l/tv_r/av_l/av_r/x/y/theta/t_err: 2.21069 0.00000 6.00000 -0.66937 0.66937 -0.54653 0.56172 -0.54653 0.56172 0 0 53.33698 2.21069
fb: 0.00000 0.69216 -0.56488 0.58547
fb: 0.00000 0.71264 -0.56488 0.58547
target: 0.00000 0.78486
dist/lin/ang/drive_left/drive_right/tv_l/tv_r/av_l/av_r/x/y/theta/t_err: 2.08155 0.00000 6.00000 -0.71264 0.71264 -0.54769 0.56347 -0.54769 0.56347 0 0 60.73589 2.08155
fb: 0.00000 0.73208 -0.56488 0.58547
fb: 0.00000 0.75145 -0.56488 0.58547
target: 0.00000 0.78486
dist/lin/ang/drive_left/drive_right/tv_l/tv_r/av_l/av_r/x/y/theta/t_err: 1.94870 0.00000 6.00000 -0.75145 0.75145 -0.54889 0.56431 -0.54889 0.56431 0 0 68.34767 1.94870
fb: 0.00000 0.77096 -0.56488 0.58547
fb: 0.00000 0.79005 -0.56488 0.58547
target: 0.00000 0.78486
dist/lin/ang/drive_left/drive_right/tv_l/tv_r/av_l/av_r/x/y/theta/t_err: 1.81004 0.00000 6.00000 -0.79005 0.79005 -0.54567 0.56125 -0.54567 0.56125 0 0 76.29235 1.81004
fb: 0.00000 0.80650 -0.56488 0.58547
fb: 0.00000 0.82155 -0.56488 0.58547
target: 0.00000 0.78486
dist/lin/ang/drive_left/drive_right/tv_l/tv_r/av_l/av_r/x/y/theta/t_err: 1.67005 0.00000 6.00000 -0.82155 0.82155 -0.54703 0.56225 -0.54703 0.56225 0 0 84.31325 1.67005
fb: 0.00000 0.83646 -0.56488 0.58547
fb: 0.00000 0.84893 -0.56488 0.58547
target: 0.00000 0.78486
dist/lin/ang/drive_left/drive_right/tv_l/tv_r/av_l/av_r/x/y/theta/t_err: 1.52766 0.00000 6.00000 -0.84893 0.84893 -0.54839 0.56292 -0.54839 0.56292 0 0 92.47156 1.52766
fb: -0.03486 0.86189 -0.56488 0.58547
fb: -0.07369 0.87534 -0.56488 0.58547
target: 0.00000 0.78486
dist/lin/ang/drive_left/drive_right/tv_l/tv_r/av_l/av_r/x/y/theta/t_err: 1.38176 0.00000 6.00000 -0.94902 0.80165 -0.54944 0.56383 -0.54944 0.56383 0 0 100.83111 1.38176
fb: -0.08339 0.88669 -0.56488 0.58547
fb: -0.08141 0.89624 -0.56488 0.58547
target: 0.00000 0.78486
dist/lin/ang/drive_left/drive_right/tv_l/tv_r/av_l/av_r/x/y/theta/t_err: 1.23522 0.00000 6.00000 -0.97765 0.81483 -0.55164 0.56450 -0.55164 0.56450 0 0 109.22700 1.23522
fb: -0.07942 0.90495 -0.56488 0.58547
fb: -0.08538 0.91408 -0.56488 0.58547
target: 0.00000 0.78486
dist/lin/ang/drive_left/drive_right/tv_l/tv_r/av_l/av_r/x/y/theta/t_err: 1.08743 0.00000 6.00000 -0.99945 0.82870 -0.55217 0.56364 -0.55217 0.56364 0 0 117.69469 1.08743
fb: -0.08736 0.92090 -0.56488 0.58547
fb: -0.08913 0.93094 -0.56488 0.58547
target: 0.00000 0.78486
dist/lin/ang/drive_left/drive_right/tv_l/tv_r/av_l/av_r/x/y/theta/t_err: 0.93755 0.00000 6.00000 -1.02007 0.84181 -0.55542 0.56550 -0.55542 0.56550 0 0 126.28217 0.93755
fb: -0.10082 0.93784 -0.56488 0.58547
fb: -0.10479 0.94613 -0.56488 0.58547
target: 0.00000 0.78486
dist/lin/ang/drive_left/drive_right/tv_l/tv_r/av_l/av_r/x/y/theta/t_err: 0.78603 0.00000 6.00000 -1.05092 0.84134 -0.55131 0.56467 -0.55131 0.56467 0 0 134.96363 0.78603
fb: -0.10457 0.95149 -0.56488 0.58547
fb: -0.10655 0.95700 -0.56488 0.58547
target: 0.00000 0.78486
dist/lin/ang/drive_left/drive_right/tv_l/tv_r/av_l/av_r/x/y/theta/t_err: 0.63485 0.00000 6.00000 -1.06355 0.85044 -0.55097 0.56278 -0.55097 0.56278 0 0 143.62574 0.63485
fb: -0.10479 0.96034 -0.56488 0.58547
fb: -0.11450 0.96369 -0.56488 0.58547
target: 0.00000 0.70349
dist/lin/ang/drive_left/drive_right/tv_l/tv_r/av_l/av_r/x/y/theta/t_err: 0.48450 0.00000 5.37793 -1.07818 0.84919 -0.55078 0.56447 -0.55078 0.56447 0 0 152.24029 0.48450
fb: -0.11825 0.96745 -0.14418 0.16315
fb: -0.12597 0.96961 -0.14418 0.16315
target: 0.00000 0.48427
dist/lin/ang/drive_left/drive_right/tv_l/tv_r/av_l/av_r/x/y/theta/t_err: 0.33352 0.00000 3.70206 -1.09558 0.84364 -0.54908 0.48167 -0.54908 0.48167 0 0 160.89076 0.33352
fb: -0.13965 0.97205 0.70106 -0.69626
fb: -0.13965 0.96557 0.70106 -0.69626
target: 0.00000 0.27240
dist/lin/ang/drive_left/drive_right/tv_l/tv_r/av_l/av_r/x/y/theta/t_err: 0.18761 0.00000 2.08243 -1.10521 0.82592 -0.25975 0.13536 -0.25975 0.13536 0 0 169.25093 0.18761
fb: -0.14163 0.95240 0.80990 -0.80934
fb: -0.13766 0.93428 0.80990 -0.80934
target: 0.00000 0.08627
dist/lin/ang/drive_left/drive_right/tv_l/tv_r/av_l/av_r/x/y/theta/t_err: 0.05942 0.00000 0.65953 -1.07194 0.79662 0.28456 -0.30047 0.28456 -0.30047 0 0 176.59563 0.05942
fb: -0.15112 0.89276 0.81880 -0.82197
fb: -0.17826 0.84120 0.90793 -0.73284
target: 0.00000 -0.03658
dist/lin/ang/drive_left/drive_right/tv_l/tv_r/av_l/av_r/x/y/theta/t_err: -0.02520 0.00000 -0.27968 -1.01945 0.66294 0.22500 -0.44747 0.22500 -0.44747 0 0 181.44365 -0.02520
fb: -0.17451 0.79361 0.61640 -0.62202
fb: -0.18047 0.74198 0.70664 -0.53179
target: 0.00000 -0.13383
dist/lin/ang/drive_left/drive_right/tv_l/tv_r/av_l/av_r/x/y/theta/t_err: -0.09217 0.00000 -1.02308 -0.92245 0.56150 0.31158 -0.44250 0.31158 -0.44250 0 0 185.28090 -0.09217
fb: -0.19195 0.69118 0.66226 -0.47788
fb: -0.18599 0.63983 0.65928 -0.48086
target: 0.00000 -0.20640
dist/lin/ang/drive_left/drive_right/tv_l/tv_r/av_l/av_r/x/y/theta/t_err: -0.14215 0.00000 -1.57784 -0.82583 0.45384 0.34889 -0.41717 0.34889 -0.41717 0 0 188.14449 -0.14215
fb: -0.19019 0.59071 0.59897 -0.41780
fb: -0.18247 0.53490 0.59511 -0.42166
target: 0.00000 -0.25373
dist/lin/ang/drive_left/drive_right/tv_l/tv_r/av_l/av_r/x/y/theta/t_err: -0.17475 0.00000 -1.93970 -0.71737 0.35243 0.41614 -0.42247 0.41614 -0.42247 0 0 190.01232 -0.17475
fb: -0.17453 0.47798 0.42203 -0.43200
fb: -0.18601 0.41889 0.51503 -0.33900
target: 0.00000 -0.26770
dist/lin/ang/drive_left/drive_right/tv_l/tv_r/av_l/av_r/x/y/theta/t_err: -0.18437 0.00000 -2.04647 -0.60490 0.23288 0.39886 -0.40108 0.39886 -0.40108 0 0 190.56343 -0.18437
fb: -0.18027 0.36183 0.37137 -0.20134
fb: -0.17652 0.30950 0.28123 -0.29148
target: 0.00000 -0.26158
dist/lin/ang/drive_left/drive_right/tv_l/tv_r/av_l/av_r/x/y/theta/t_err: -0.18015 0.00000 -1.99968 -0.48602 0.13298 0.37628 -0.33214 0.37628 -0.33214 0 0 190.32191 -0.18015
fb: -0.18226 0.25606 0.27787 -0.10573
fb: -0.17255 0.19669 0.18674 -0.19686
target: 0.00000 -0.22828
dist/lin/ang/drive_left/drive_right/tv_l/tv_r/av_l/av_r/x/y/theta/t_err: -0.15722 0.00000 -1.74513 -0.36925 0.02414 0.28694 -0.26181 0.28694 -0.26181 0 0 189.00797 -0.15722
fb: -0.16285 0.13461 0.04213 -0.05159
fb: -0.14541 0.09392 0.04213 -0.05159
target: 0.00000 -0.17807
dist/lin/ang/drive_left/drive_right/tv_l/tv_r/av_l/av_r/x/y/theta/t_err: -0.12264 0.00000 -1.36130 -0.23934 -0.05149 0.18464 -0.16836 0.18464 -0.16836 0 0 187.02676 -0.12264
fb: -0.11055 0.05713 -0.14565 0.14698
fb: -0.09510 0.02703 -0.14565 0.14698
target: 0.00000 -0.13831
dist/lin/ang/drive_left/drive_right/tv_l/tv_r/av_l/av_r/x/y/theta/t_err: -0.09526 0.00000 -1.05737 -0.12214 -0.06807 0.03217 -0.06569 0.03217 -0.06569 0 0 185.45790 -0.09526
fb: -0.08738 0.00641 -0.12526 0.12739
fb: -0.08142 -0.00188 -0.12526 0.12739
target: 0.00000 -0.11791
dist/lin/ang/drive_left/drive_right/tv_l/tv_r/av_l/av_r/x/y/theta/t_err: -0.08120 0.00000 -0.90137 -0.07954 -0.08330 -0.11789 0.11175 -0.11789 0.11175 0 0 184.65270 -0.08120
fb: -0.08341 -0.00467 -0.05185 0.05438
fb: -0.08540 -0.00070 -0.05185 0.05438
target: 0.00000 -0.11840
dist/lin/ang/drive_left/drive_right/tv_l/tv_r/av_l/av_r/x/y/theta/t_err: -0.08154 0.00000 -0.90512 -0.08470 -0.08609 -0.10714 0.10592 -0.10714 0.10592 0 0 184.67203 -0.08154
fb: -0.06598 0.00732 0.12056 -0.12782
fb: -0.02913 0.01630 0.12056 -0.12782
target: 0.00000 -0.13377
dist/lin/ang/drive_left/drive_right/tv_l/tv_r/av_l/av_r/x/y/theta/t_err: -0.09213 0.00000 -1.02265 -0.04543 -0.01282 -0.02378 0.03578 -0.02378 0.03578 0 0 185.27872 -0.09213
fb: -0.01545 0.02237 0.19784 -0.20541
fb: -0.01545 0.02111 0.19784 -0.20541
target: 0.00000 -0.14193
dist/lin/ang/drive_left/drive_right/tv_l/tv_r/av_l/av_r/x/y/theta/t_err: -0.09775 0.00000 -1.08499 -0.03656 0.00567 0.11789 -0.10936 0.11789 -0.10936 0 0 185.60047 -0.09775
fb: -0.01545 0.01721 0.17081 -0.17854
fb: -0.02140 0.01275 0.17081 -0.17854
target: 0.00000 -0.13901
dist/lin/ang/drive_left/drive_right/tv_l/tv_r/av_l/av_r/x/y/theta/t_err: -0.09573 0.00000 -1.06265 -0.03415 -0.00865 0.17433 -0.18139 0.17433 -0.18139 0 0 185.48517 -0.09573
fb: -0.02140 0.00000 0.11901 -0.12668
fb: -0.01169 -0.02752 0.11901 -0.12668
target: 0.00000 -0.10565
dist/lin/ang/drive_left/drive_right/tv_l/tv_r/av_l/av_r/x/y/theta/t_err: -0.07276 0.00000 -0.80765 0.01583 -0.03922 0.14647 -0.15761 0.14647 -0.15761 0 0 184.16890 -0.07276
fb: -0.00397 -0.05254 -0.11834 0.12113
fb: 0.00000 -0.06417 -0.11834 0.12113
target: 0.00000 -0.06593
dist/lin/ang/drive_left/drive_right/tv_l/tv_r/av_l/av_r/x/y/theta/t_err: -0.04541 0.00000 -0.50403 0.06417 -0.06417 0.05442 -0.06058 0.05442 -0.06058 0 0 182.60171 -0.04541
fb: 0.00000 -0.06752 -0.17357 0.17714
fb: 0.00000 -0.06320 -0.17357 0.17714
target: 0.00000 -0.05241
dist/lin/ang/drive_left/drive_right/tv_l/tv_r/av_l/av_r/x/y/theta/t_err: -0.03610 0.00000 -0.40069 0.06320 -0.06320 -0.10386 0.11106 -0.10386 0.11106 0 0 182.06827 -0.03610
fb: 0.00000 -0.05679 -0.06474 0.06858
fb: 0.00000 -0.05086 -0.06474 0.06858
target: 0.00000 -0.04954
dist/lin/ang/drive_left/drive_right/tv_l/tv_r/av_l/av_r/x/y/theta/t_err: -0.03412 0.00000 -0.37874 0.05086 -0.05086 -0.13931 0.13603 -0.13931 0.13603 0 0 181.95500 -0.03412
fb: 0.00000 -0.03714 0.05930 -0.06518
fb: -0.00177 -0.01226 0.05930 -0.06518
target: 0.00000 -0.07303
dist/lin/ang/drive_left/drive_right/tv_l/tv_r/av_l/av_r/x/y/theta/t_err: -0.05030 0.00000 -0.55829 0.01050 -0.01403 -0.03936 0.03800 -0.03936 0.03800 0 0 182.88178 -0.05030
fb: -0.00177 0.00996 0.19364 -0.20000
fb: 0.00000 0.01888 0.19364 -0.20000
target: 0.00000 -0.09889
dist/lin/ang/drive_left/drive_right/tv_l/tv_r/av_l/av_r/x/y/theta/t_err: -0.06811 0.00000 -0.75597 -0.01888 0.01888 0.07992 -0.08317 0.07992 -0.08317 0 0 183.90214 -0.06811
fb: 0.00000 0.01923 0.22164 -0.22851
fb: 0.00000 0.01749 0.22164 -0.22851
target: 0.00000 -0.10173
dist/lin/ang/drive_left/drive_right/tv_l/tv_r/av_l/av_r/x/y/theta/t_err: -0.07007 0.00000 -0.77772 -0.01749 0.01749 0.17539 -0.17986 0.17539 -0.17986 0 0 184.01443 -0.07007
fb: 0.00000 0.01373 0.11999 -0.12692
fb: 0.00000 -0.00056 0.11999 -0.12692
target: 0.00000 -0.08955
dist/lin/ang/drive_left/drive_right/tv_l/tv_r/av_l/av_r/x/y/theta/t_err: -0.06167 0.00000 -0.68457 0.00056 -0.00056 0.19386 -0.18392 0.19386 -0.18392 0 0 183.53361 -0.06167
fb: 0.00000 -0.03519 0.04419 -0.05087
fb: 0.00000 -0.05372 0.04419 -0.05087
target: 0.00000 -0.04032
dist/lin/ang/drive_left/drive_right/tv_l/tv_r/av_l/av_r/x/y/theta/t_err: -0.02777 0.00000 -0.30821 0.05372 -0.05372 0.10078 -0.10283 0.10078 -0.10283 0 0 181.59089 -0.02777
fb: 0.00000 -0.05693 -0.23356 0.23764
fb: -0.00971 -0.05818 -0.23356 0.23764
target: 0.00000 -0.02431
dist/lin/ang/drive_left/drive_right/tv_l/tv_r/av_l/av_r/x/y/theta/t_err: -0.01674 0.00000 -0.18587 0.04847 -0.06789 0.01764 0.00017 0.01764 0.00017 0 0 180.95942 -0.01674
fb: -0.02538 -0.05038 -0.09475 0.09915
fb: -0.02339 -0.04766 -0.09475 0.09915
final error was -2.49285
position: 1.70388 -0.84691 182.49285
took 1.06000 time to finish turn
decreased to 135.00000
decreased to 90.00000
target: 0.00000 0.15697
dist/lin/ang/drive_left/drive_right/tv_l/tv_r/av_l/av_r/x/y/theta/t_err: 1.57079 0.00000 1.20000 0.00000 0.00000 0.00000 0.00000 0.00000 0.00000 0 0 0.00011 1.57079
fb: 0.00000 0.00000 -0.85057 0.85860
fb: 0.00000 0.00000 -0.85057 0.85860
target: 0.00000 0.31394
dist/lin/ang/drive_left/drive_right/tv_l/tv_r/av_l/av_r/x/y/theta/t_err: 1.57079 0.00000 2.40000 0.00000 0.00000 -0.02822 0.04689 -0.02822 0.04689 0 0 0.00011 1.57079
fb: 0.00000 0.00098 -0.95574 0.96691
fb: 0.00000 0.01477 -0.95574 0.96691
target: 0.00000 0.47092
dist/lin/ang/drive_left/drive_right/tv_l/tv_r/av_l/av_r/x/y/theta/t_err: 1.56180 0.00000 3.60000 -0.01477 0.01477 -0.51331 0.45206 -0.51331 0.45206 0 0 0.51528 1.56180
fb: 0.00000 0.04996 -1.00000 1.00000
fb: 0.00000 0.08424 -1.00000 1.00000
target: 0.00000 0.62789
dist/lin/ang/drive_left/drive_right/tv_l/tv_r/av_l/av_r/x/y/theta/t_err: 1.51601 0.00000 4.80000 -0.08424 0.08424 -0.58758 0.24725 -0.58758 0.24725 0 0 3.13907 1.51601
fb: 0.00000 0.11531 -1.00000 1.00000
fb: 0.00000 0.14973 -1.00000 1.00000
target: 0.00000 0.78486
dist/lin/ang/drive_left/drive_right/tv_l/tv_r/av_l/av_r/x/y/theta/t_err: 1.46232 0.00000 6.00000 -0.14973 0.14973 -0.48508 0.62028 -0.48508 0.62028 0 0 6.21507 1.46232
fb: 0.00000 0.19049 -1.00000 1.00000
fb: 0.00000 0.23104 -1.00000 1.00000
target: 0.00000 0.78486
dist/lin/ang/drive_left/drive_right/tv_l/tv_r/av_l/av_r/x/y/theta/t_err: 1.38861 0.00000 6.00000 -0.23104 0.23104 -0.68614 0.69847 -0.68614 0.69847 0 0 10.43871 1.38861
fb: 0.00000 0.27410 -0.56488 0.58547
fb: 0.00000 0.31438 -0.56488 0.58547
target: 0.00000 0.78486
dist/lin/ang/drive_left/drive_right/tv_l/tv_r/av_l/av_r/x/y/theta/t_err: 1.30122 0.00000 6.00000 -0.31438 0.31438 -0.64081 0.78917 -0.64081 0.78917 0 0 15.44581 1.30122
fb: 0.00000 0.35089 -0.56488 0.58547
fb: 0.00000 0.38795 -0.56488 0.58547
target: 0.00000 0.78486
dist/lin/ang/drive_left/drive_right/tv_l/tv_r/av_l/av_r/x/y/theta/t_err: 1.20738 0.00000 6.00000 -0.38795 0.38795 -0.50289 0.39936 -0.50289 0.39936 0 0 20.82229 1.20738
fb: 0.00000 0.42021 -0.56488 0.58547
fb: 0.00000 0.44788 -0.56488 0.58547
target: 0.00000 0.78486
dist/lin/ang/drive_left/drive_right/tv_l/tv_r/av_l/av_r/x/y/theta/t_err: 1.11075 0.00000 6.00000 -0.44788 0.44788 -0.53264 0.52275 -0.53264 0.52275 0 0 26.35874 1.11075
fb: 0.00000 0.47352 -0.56488 0.58547
fb: 0.00000 0.50076 -0.56488 0.58547
target: 0.00000 0.78486
dist/lin/ang/drive_left/drive_right/tv_l/tv_r/av_l/av_r/x/y/theta/t_err: 1.00949 0.00000 6.00000 -0.50076 0.50076 -0.54192 0.55747 -0.54192 0.55747 0 0 32.16035 1.00949
fb: 0.00000 0.52898 -0.56488 0.58547
fb: 0.00000 0.55922 -0.56488 0.58547
target: 0.00000 0.78486
dist/lin/ang/drive_left/drive_right/tv_l/tv_r/av_l/av_r/x/y/theta/t_err: 0.89668 0.00000 6.00000 -0.55922 0.55922 -0.54311 0.56069 -0.54311 0.56069 0 0 38.62381 0.89668
fb: 0.00000 0.58981 -0.56488 0.58547
fb: 0.00000 0.61656 -0.56488 0.58547
target: 0.00000 0.78486
dist/lin/ang/drive_left/drive_right/tv_l/tv_r/av_l/av_r/x/y/theta/t_err: 0.77551 0.00000 6.00000 -0.61656 0.61656 -0.54328 0.56036 -0.54328 0.56036 0 0 45.56628 0.77551
fb: 0.00000 0.64143 -0.56488 0.58547
fb: 0.00000 0.66554 -0.56488 0.58547
target: 0.00000 0.78486
dist/lin/ang/drive_left/drive_right/tv_l/tv_r/av_l/av_r/x/y/theta/t_err: 0.65089 0.00000 6.00000 -0.66554 0.66554 -0.54669 0.56433 -0.54669 0.56433 0 0 52.70650 0.65089
fb: -0.00397 0.68840 -0.56488 0.58547
fb: -0.01544 0.70937 -0.56488 0.58547
target: 0.00000 0.75785
dist/lin/ang/drive_left/drive_right/tv_l/tv_r/av_l/av_r/x/y/theta/t_err: 0.52194 0.00000 5.79354 -0.72481 0.69392 -0.55031 0.56261 -0.55031 0.56261 0 0 60.09501 0.52194
fb: -0.03486 0.73069 -0.42525 0.44530
fb: -0.04655 0.74964 -0.42525 0.44530
target: 0.00000 0.56415
dist/lin/ang/drive_left/drive_right/tv_l/tv_r/av_l/av_r/x/y/theta/t_err: 0.38854 0.00000 4.31274 -0.79619 0.70309 -0.51692 0.54908 -0.51692 0.54908 0 0 67.73858 0.38854
fb: -0.05803 0.76608 0.53271 -0.52632
fb: -0.06023 0.77695 0.53271 -0.52632
target: 0.00000 0.37312
dist/lin/ang/drive_left/drive_right/tv_l/tv_r/av_l/av_r/x/y/theta/t_err: 0.25697 0.00000 2.85236 -0.83719 0.71672 -0.30356 0.37867 -0.30356 0.37867 0 0 75.27676 0.25697
fb: -0.04655 0.77800 0.64868 -0.64611
fb: -0.04258 0.76915 0.64868 -0.64611
target: 0.00000 0.20786
dist/lin/ang/drive_left/drive_right/tv_l/tv_r/av_l/av_r/x/y/theta/t_err: 0.14316 0.00000 1.58903 -0.81173 0.72657 0.21164 -0.13947 0.21164 -0.13947 0 0 81.79776 0.14316
fb: -0.03883 0.74128 0.64341 -0.64414
fb: -0.04655 0.70177 0.64341 -0.64414
target: 0.00000 0.09829
dist/lin/ang/drive_left/drive_right/tv_l/tv_r/av_l/av_r/x/y/theta/t_err: 0.06769 0.00000 0.75141 -0.74833 0.65522 0.55336 -0.48989 0.55336 -0.48989 0 0 86.12141 0.06769
fb: -0.06398 0.65579 0.46623 -0.46916
fb: -0.07943 0.60820 0.46623 -0.46916
target: 0.00000 0.02752
dist/lin/ang/drive_left/drive_right/tv_l/tv_r/av_l/av_r/x/y/theta/t_err: 0.01896 0.00000 0.21041 -0.68763 0.52877 0.54261 -0.58108 0.54261 -0.58108 0 0 88.91393 0.01896
fb: -0.10282 0.54884 0.33904 -0.34338
fb: -0.10282 0.48355 0.33904 -0.34338
target: 0.00000 0.00574
dist/lin/ang/drive_left/drive_right/tv_l/tv_r/av_l/av_r/x/y/theta/t_err: 0.00396 0.00000 0.04391 -0.58637 0.38073 0.41906 -0.38328 0.41906 -0.38328 0 0 89.77335 0.00396
fb: -0.09311 0.41945 0.13318 -0.13796
fb: -0.08738 0.36385 0.13318 -0.13796
target: 0.00000 0.00723
dist/lin/ang/drive_left/drive_right/tv_l/tv_r/av_l/av_r/x/y/theta/t_err: 0.00498 0.00000 0.05530 -0.45122 0.27647 0.29208 -0.30969 0.29208 -0.30969 0 0 89.71457 0.00498
fb: -0.06774 0.31159 -0.05057 0.05561
fb: -0.05627 0.26303 -0.05057 0.05561
target: 0.00000 0.01797
dist/lin/ang/drive_left/drive_right/tv_l/tv_r/av_l/av_r/x/y/theta/t_err: 0.01238 0.00000 0.13739 -0.31929 0.20676 0.10247 -0.12492 0.10247 -0.12492 0 0 89.29082 0.01238
fb: -0.05627 0.21530 -0.09939 0.10464
fb: -0.06576 0.17614 -0.09939 0.10464
target: 0.00000 0.03863
dist/lin/ang/drive_left/drive_right/tv_l/tv_r/av_l/av_r/x/y/theta/t_err: 0.02660 0.00000 0.29528 -0.24190 0.11038 -0.05972 0.04861 -0.05972 0.04861 0 0 88.47583 0.02660
fb: -0.06796 0.15384 -0.15784 0.16351
fb: -0.06223 0.14165 -0.15784 0.16351
target: 0.00000 0.03075
dist/lin/ang/drive_left/drive_right/tv_l/tv_r/av_l/av_r/x/y/theta/t_err: 0.02118 0.00000 0.23510 -0.20388 0.07943 -0.10472 0.09922 -0.10472 0.09922 0 0 88.78645 0.02118
fb: -0.06002 0.13392 0.05384 -0.05812
fb: -0.06201 0.12820 0.05384 -0.05812
final error was 4.90215
position: -0.18997 -0.49532 85.09785
took 0.50000 time to finish turn
increased to 135.00000
WARNING - pros.serial.terminal.terminal:stop - Stopping terminal - pros-cli version:3.5.6

[tomas@nixbtw:~/projects/Robotics/current/Cognex]$

