
[tomas@nixbtw:~/projects/Robotics/current/Cognex]$ t
Not sending analytics for this command.

Established terminal connection



         _+=+_
      .-`  .  `-.          8888888b.  8888888b.   .d88888b.   .d8888b.
   _+`     "     `+_       888   Y88b 888   Y88b d88P" "Y88b d88P  Y88b
  \\\sssssssssssss///      888    888 888    888 888     888 Y88b.
     .ss\  *  /ss.         888   d88P 888   d88P 888     888  "Y888b.
 .+bm  .s  *  s.  md+.     8888888P"  8888888P"  888     888     "Y88b.
.hMMMMs .  *  . sMMMMh.    888        888 T88b   888     888       "888
 `\hMMMb \ | / dMMMh:      888        888  T88b  Y88b. .d88P Y88b  d88P
   -SNMNo  -  oNMNs-       888        888   T88b  "Y88888P"   "Y8888P"
     `+dMh\./dMd/
        `:yNy:`                      Powered by PROS for VEX V5
           "                Copyright (c) Purdue University ACM SIGBots
Version:        4.2.1     Platform:  V1.1.5 (b18)     Uptime:    0.000 s
Compiled:   Jan  1 1980 00:00:00     Directory:


bouncing done
health done
auton done
calibrated!
starting task: 2318293
initializing odom model
timed correctly: 2321167
initializing pf model
initializing smoother model
target: 0.000 0.785
dist/lin/ang/drive_left/drive_right/tv_l/tv_r/av_l/av_r/x/y/theta/t_err: 1.57080 0.00000 6.00000 0.00000 0.00000 0.00000 0.00000 0.00000 0.00000 0 0 -0.00030 1.57080
fb: 0.00000 0.00000 -1.00000 1.00000
fb: 0.00000 0.00000 -1.00000 1.00000
target: 0.00000 0.78486
dist/lin/ang/drive_left/drive_right/tv_l/tv_r/av_l/av_r/x/y/theta/t_err: 1.57080 0.00000 6.00000 0.00000 0.00000 -0.11033 0.05578 -0.11033 0.05578 0 0 -0.00003 1.57080
fb: 0.00000 0.00167 -0.56488 0.58547
fb: 0.00000 0.04132 -0.56488 0.58547
target: 0.00000 0.78486
dist/lin/ang/drive_left/drive_right/tv_l/tv_r/av_l/av_r/x/y/theta/t_err: 1.57076 0.00000 6.00000 -0.04132 0.04132 -0.40089 0.44658 -0.40089 0.44658 0 0 0.00229 1.57076
fb: 0.00000 0.09629 -0.56488 0.58547
fb: 0.00000 0.14611 -0.56488 0.58547
target: 0.00000 0.78486
dist/lin/ang/drive_left/drive_right/tv_l/tv_r/av_l/av_r/x/y/theta/t_err: 1.56246 0.00000 6.00000 -0.14611 0.14611 -0.41956 0.48783 -0.41956 0.48783 0 0 0.47740 1.56246
fb: 0.00000 0.18945 -0.56488 0.58547
fb: 0.00000 0.23021 -0.56488 0.58547
target: 0.00000 0.78486
dist/lin/ang/drive_left/drive_right/tv_l/tv_r/av_l/av_r/x/y/theta/t_err: 1.53861 0.00000 6.00000 -0.23021 0.23021 -0.52428 0.54739 -0.52428 0.54739 0 0 1.84427 1.53861
fb: 0.00000 0.27041 -0.56488 0.58547
fb: 0.00000 0.31626 -0.56488 0.58547
target: 0.00000 0.78486
dist/lin/ang/drive_left/drive_right/tv_l/tv_r/av_l/av_r/x/y/theta/t_err: 1.50200 0.00000 6.00000 -0.31626 0.31626 -0.53897 0.55561 -0.53897 0.55561 0 0 3.94153 1.50200
fb: 0.00000 0.36545 -0.56488 0.58547
fb: 0.00000 0.40941 -0.56488 0.58547
target: 0.00000 0.78486
dist/lin/ang/drive_left/drive_right/tv_l/tv_r/av_l/av_r/x/y/theta/t_err: 1.45185 0.00000 6.00000 -0.40941 0.40941 -0.54072 0.55681 -0.54072 0.55681 0 0 6.81487 1.45185
fb: 0.00000 0.44613 -0.56488 0.58547
fb: 0.00000 0.47937 -0.56488 0.58547
target: 0.00000 0.78486
dist/lin/ang/drive_left/drive_right/tv_l/tv_r/av_l/av_r/x/y/theta/t_err: 1.38810 0.00000 6.00000 -0.47937 0.47937 -0.54156 0.56225 -0.54156 0.56225 0 0 10.46777 1.38810
fb: 0.00000 0.51337 -0.56488 0.58547
fb: 0.00000 0.54828 -0.56488 0.58547
target: 0.00000 0.78486
dist/lin/ang/drive_left/drive_right/tv_l/tv_r/av_l/av_r/x/y/theta/t_err: 1.31370 0.00000 6.00000 -0.54828 0.54828 -0.54517 0.55867 -0.54517 0.55867 0 0 14.73070 1.31370
fb: 0.00000 0.58124 -0.56488 0.58547
fb: 0.00000 0.61120 -0.56488 0.58547
target: 0.00000 0.78486
dist/lin/ang/drive_left/drive_right/tv_l/tv_r/av_l/av_r/x/y/theta/t_err: 1.22888 0.00000 6.00000 -0.61120 0.61120 -0.54294 0.55933 -0.54294 0.55933 0 0 19.59062 1.22888
fb: 0.00000 0.63823 -0.56488 0.58547
fb: 0.00000 0.66443 -0.56488 0.58547
target: 0.00000 0.78486
dist/lin/ang/drive_left/drive_right/tv_l/tv_r/av_l/av_r/x/y/theta/t_err: 1.13469 0.00000 6.00000 -0.66443 0.66443 -0.54619 0.56156 -0.54619 0.56156 0 0 24.98694 1.13469
fb: 0.00000 0.68540 -0.56488 0.58547
fb: 0.00000 0.70909 -0.56488 0.58547
target: 0.00000 0.78486
dist/lin/ang/drive_left/drive_right/tv_l/tv_r/av_l/av_r/x/y/theta/t_err: 1.03261 0.00000 6.00000 -0.70909 0.70909 -0.54772 0.56464 -0.54772 0.56464 0 0 30.83572 1.03261
fb: 0.00000 0.73306 -0.56488 0.58547
fb: 0.00000 0.75466 -0.56488 0.58547
target: 0.00000 0.72170
dist/lin/ang/drive_left/drive_right/tv_l/tv_r/av_l/av_r/x/y/theta/t_err: 0.92353 0.00000 5.51714 -0.75466 0.75466 -0.54531 0.56361 -0.54531 0.56361 0 0 37.08561 0.92353
fb: 0.00000 0.77507 -0.42781 0.44714
fb: 0.00000 0.79639 -0.42781 0.44714
target: 0.00000 0.58294
dist/lin/ang/drive_left/drive_right/tv_l/tv_r/av_l/av_r/x/y/theta/t_err: 0.80766 0.00000 4.45637 -0.79639 0.79639 -0.51658 0.52019 -0.51658 0.52019 0 0 43.72450 0.80766
fb: 0.00000 0.80754 -0.22145 0.23801
fb: -0.01544 0.80894 -0.22145 0.23801
target: 0.00000 0.43968
dist/lin/ang/drive_left/drive_right/tv_l/tv_r/av_l/av_r/x/y/theta/t_err: 0.68579 0.00000 3.36122 -0.82438 0.79349 -0.39081 0.37900 -0.39081 0.37900 0 0 50.70717 0.68579
fb: -0.04059 0.80427 -0.11872 0.13241
fb: -0.05427 0.78991 -0.11872 0.13241
target: 0.00000 0.30569
dist/lin/ang/drive_left/drive_right/tv_l/tv_r/av_l/av_r/x/y/theta/t_err: 0.56250 0.00000 2.33692 -0.84419 0.73564 -0.23067 0.22500 -0.23067 0.22500 0 0 57.77139 0.56250
fb: -0.06597 0.78079 -0.04285 0.05386
fb: -0.07369 0.76866 -0.04285 0.05386
target: 0.00000 0.18510
dist/lin/ang/drive_left/drive_right/tv_l/tv_r/av_l/av_r/x/y/theta/t_err: 0.44214 0.00000 1.41500 -0.84235 0.69497 -0.12406 0.12986 -0.12406 0.12986 0 0 64.66710 0.44214
fb: -0.08340 0.73487 0.09590 -0.09709
fb: -0.08737 0.67885 0.09590 -0.09709
target: 0.00000 0.07297
dist/lin/ang/drive_left/drive_right/tv_l/tv_r/av_l/av_r/x/y/theta/t_err: 0.32630 0.00000 0.55786 -0.76622 0.59148 -0.03764 0.02261 -0.03764 0.02261 0 0 71.30439 0.32630
fb: -0.07369 0.61886 0.15831 -0.16175
fb: -0.07744 0.55922 0.15831 -0.16175
target: 0.00000 -0.00063
dist/lin/ang/drive_left/drive_right/tv_l/tv_r/av_l/av_r/x/y/theta/t_err: 0.22485 0.00000 -0.00485 -0.63666 0.48177 0.08881 -0.09806 0.08881 -0.09806 0 0 77.11711 0.22485
fb: -0.10083 0.48808 0.14986 -0.15477
fb: -0.11253 0.41206 0.14986 -0.15477
target: 0.00000 -0.04398
dist/lin/ang/drive_left/drive_right/tv_l/tv_r/av_l/av_r/x/y/theta/t_err: 0.14219 0.00000 -0.33623 -0.52459 0.29953 0.13364 -0.14322 0.13364 -0.14322 0 0 81.85336 0.14219
fb: -0.11650 0.34197 0.13351 -0.13929
fb: -0.12026 0.27661 0.13351 -0.13929
target: 0.00000 -0.05574
dist/lin/ang/drive_left/drive_right/tv_l/tv_r/av_l/av_r/x/y/theta/t_err: 0.08173 0.00000 -0.42614 -0.39687 0.15636 0.13092 -0.13675 0.13092 -0.13675 0 0 85.31711 0.08173
fb: -0.11827 0.21544 0.09401 -0.10002
fb: -0.12423 0.15858 0.09401 -0.10002
target: 0.00000 -0.05005
dist/lin/ang/drive_left/drive_right/tv_l/tv_r/av_l/av_r/x/y/theta/t_err: 0.04171 0.00000 -0.38263 -0.28281 0.03435 0.10933 -0.11381 0.10933 -0.11381 0 0 87.61039 0.04171
fb: -0.14541 0.10159 0.06402 -0.06992
fb: -0.10856 0.05170 0.06402 -0.06992
target: 0.00000 -0.03116
dist/lin/ang/drive_left/drive_right/tv_l/tv_r/av_l/av_r/x/y/theta/t_err: 0.01964 0.00000 -0.23819 -0.16026 -0.05686 0.07547 -0.08761 0.07547 -0.08761 0 0 88.87488 0.01964
fb: -0.07171 0.01735 -0.04649 0.05076
fb: -0.07745 -0.00362 -0.04649 0.05076
target: 0.00000 -0.00244
dist/lin/ang/drive_left/drive_right/tv_l/tv_r/av_l/av_r/x/y/theta/t_err: 0.01283 0.00000 -0.01869 -0.07383 -0.08107 0.01642 -0.03356 0.01642 -0.03356 0 0 89.26508 0.01283
fb: -0.07171 -0.01240 -0.08045 0.08530
fb: -0.07569 -0.01198 -0.08045 0.08530
final error was 0.77957
position: -0.11838 -0.67800 89.22043
took 0.50000 time to finish turn
increased to 135.00000
target: 0.00000 0.78486
dist/lin/ang/drive_left/drive_right/tv_l/tv_r/av_l/av_r/x/y/theta/t_err: 2.35618 0.00000 6.00000 0.00000 0.00000 0.00000 -0.00033 0.00000 -0.00033 0 0 0.00069 2.35618
fb: 0.00000 0.00000 -1.00000 1.00000
fb: 0.00000 0.00000 -1.00000 1.00000
target: 0.00000 0.78486
dist/lin/ang/drive_left/drive_right/tv_l/tv_r/av_l/av_r/x/y/theta/t_err: 2.35618 0.00000 6.00000 0.00000 0.00000 -0.02753 0.09992 -0.02753 0.09992 0 0 0.00074 2.35618
fb: 0.00000 0.00000 -0.56488 0.58547
fb: 0.00000 0.00467 -0.56488 0.58547
target: 0.00000 0.78486
dist/lin/ang/drive_left/drive_right/tv_l/tv_r/av_l/av_r/x/y/theta/t_err: 2.35618 0.00000 6.00000 -0.00467 0.00467 -0.43014 0.43172 -0.43014 0.43172 0 0 0.00069 2.35618
fb: 0.00000 0.03177 -0.56488 0.58547
fb: 0.00000 0.08626 -0.56488 0.58547
target: 0.00000 0.78486
dist/lin/ang/drive_left/drive_right/tv_l/tv_r/av_l/av_r/x/y/theta/t_err: 2.35416 0.00000 6.00000 -0.08626 0.08626 -0.52289 0.42606 -0.52289 0.42606 0 0 0.11664 2.35416
fb: 0.00000 0.13134 -0.56488 0.58547
fb: 0.00000 0.17314 -0.56488 0.58547
target: 0.00000 0.78486
dist/lin/ang/drive_left/drive_right/tv_l/tv_r/av_l/av_r/x/y/theta/t_err: 2.33943 0.00000 6.00000 -0.17314 0.17314 -0.53422 0.53867 -0.53422 0.53867 0 0 0.96045 2.33943
fb: 0.00000 0.21669 -0.56488 0.58547
fb: 0.00000 0.26135 -0.56488 0.58547
target: 0.00000 0.78486
dist/lin/ang/drive_left/drive_right/tv_l/tv_r/av_l/av_r/x/y/theta/t_err: 2.31142 0.00000 6.00000 -0.26135 0.26135 -0.54036 0.55747 -0.54036 0.55747 0 0 2.56530 2.31142
fb: 0.00000 0.30776 -0.56488 0.58547
fb: 0.00000 0.35444 -0.56488 0.58547
target: 0.00000 0.78486
dist/lin/ang/drive_left/drive_right/tv_l/tv_r/av_l/av_r/x/y/theta/t_err: 2.26981 0.00000 6.00000 -0.35444 0.35444 -0.54156 0.55989 -0.54156 0.55989 0 0 4.94964 2.26981
fb: 0.00000 0.39492 -0.56488 0.58547
fb: 0.00000 0.43115 -0.56488 0.58547
target: 0.00000 0.78486
dist/lin/ang/drive_left/drive_right/tv_l/tv_r/av_l/av_r/x/y/theta/t_err: 2.21428 0.00000 6.00000 -0.43115 0.43115 -0.54433 0.55936 -0.54433 0.55936 0 0 8.13087 2.21428
fb: 0.00000 0.46934 -0.56488 0.58547
fb: 0.00000 0.50759 -0.56488 0.58547
target: 0.00000 0.78486
dist/lin/ang/drive_left/drive_right/tv_l/tv_r/av_l/av_r/x/y/theta/t_err: 2.14708 0.00000 6.00000 -0.50759 0.50759 -0.54208 0.55800 -0.54208 0.55800 0 0 11.98135 2.14708
fb: 0.00000 0.53811 -0.56488 0.58547
fb: 0.00000 0.56723 -0.56488 0.58547
target: 0.00000 0.78486
dist/lin/ang/drive_left/drive_right/tv_l/tv_r/av_l/av_r/x/y/theta/t_err: 2.06867 0.00000 6.00000 -0.56723 0.56723 -0.54239 0.56039 -0.54239 0.56039 0 0 16.47399 2.06867
fb: 0.00000 0.59810 -0.56488 0.58547
fb: 0.00000 0.62604 -0.56488 0.58547
target: 0.00000 0.78486
dist/lin/ang/drive_left/drive_right/tv_l/tv_r/av_l/av_r/x/y/theta/t_err: 1.98097 0.00000 6.00000 -0.62604 0.62604 -0.54447 0.56158 -0.54447 0.56158 0 0 21.49890 1.98097
fb: 0.00000 0.65175 -0.56488 0.58547
fb: 0.00000 0.67864 -0.56488 0.58547
target: 0.00000 0.78486
dist/lin/ang/drive_left/drive_right/tv_l/tv_r/av_l/av_r/x/y/theta/t_err: 1.88460 0.00000 6.00000 -0.67864 0.67864 -0.54689 0.56211 -0.54689 0.56211 0 0 27.02015 1.88460
fb: 0.00000 0.70421 -0.56488 0.58547
fb: 0.00000 0.72484 -0.56488 0.58547
target: 0.00000 0.78486
dist/lin/ang/drive_left/drive_right/tv_l/tv_r/av_l/av_r/x/y/theta/t_err: 1.78014 0.00000 6.00000 -0.72484 0.72484 -0.55097 0.56158 -0.55097 0.56158 0 0 33.00566 1.78014
fb: 0.00000 0.74337 -0.56488 0.58547
fb: 0.00000 0.76358 -0.56488 0.58547
target: 0.00000 0.78486
dist/lin/ang/drive_left/drive_right/tv_l/tv_r/av_l/av_r/x/y/theta/t_err: 1.66892 0.00000 6.00000 -0.76358 0.76358 -0.54839 0.56175 -0.54839 0.56175 0 0 39.37805 1.66892
fb: -0.02317 0.78093 -0.56488 0.58547
fb: -0.05626 0.79946 -0.56488 0.58547
target: 0.00000 0.78486
dist/lin/ang/drive_left/drive_right/tv_l/tv_r/av_l/av_r/x/y/theta/t_err: 1.55187 0.00000 6.00000 -0.85572 0.74320 -0.54789 0.56019 -0.54789 0.56019 0 0 46.08463 1.55187
fb: -0.06023 0.81751 -0.56488 0.58547
fb: -0.06398 0.83053 -0.56488 0.58547
target: 0.00000 0.78486
dist/lin/ang/drive_left/drive_right/tv_l/tv_r/av_l/av_r/x/y/theta/t_err: 1.42924 0.00000 6.00000 -0.89452 0.76655 -0.54875 0.56275 -0.54875 0.56275 0 0 53.11059 1.42924
fb: -0.07567 0.84496 -0.56488 0.58547
fb: -0.08141 0.85987 -0.56488 0.58547
target: 0.00000 0.78486
dist/lin/ang/drive_left/drive_right/tv_l/tv_r/av_l/av_r/x/y/theta/t_err: 1.30200 0.00000 6.00000 -0.94128 0.77846 -0.55336 0.56483 -0.55336 0.56483 0 0 60.40102 1.30200
fb: -0.09685 0.87088 -0.56488 0.58547
fb: -0.11450 0.88488 -0.56488 0.58547
target: 0.00000 0.78486
dist/lin/ang/drive_left/drive_right/tv_l/tv_r/av_l/av_r/x/y/theta/t_err: 1.17043 0.00000 6.00000 -0.99938 0.77038 -0.54756 0.56467 -0.54756 0.56467 0 0 67.93950 1.17043
fb: -0.11627 0.89505 -0.56488 0.58547
fb: -0.11229 0.90606 -0.56488 0.58547
target: 0.00000 0.77777
dist/lin/ang/drive_left/drive_right/tv_l/tv_r/av_l/av_r/x/y/theta/t_err: 1.03500 0.00000 5.94577 -1.01836 0.79377 -0.54858 0.56483 -0.54858 0.56483 0 0 75.69898 1.03500
fb: -0.11648 0.91484 -0.54949 0.56994
fb: -0.12023 0.92474 -0.54949 0.56994
target: 0.00000 0.62320
dist/lin/ang/drive_left/drive_right/tv_l/tv_r/av_l/av_r/x/y/theta/t_err: 0.89633 0.00000 4.76415 -1.04497 0.80450 -0.54617 0.55886 -0.54617 0.55886 0 0 83.64429 0.89633
fb: -0.12023 0.93693 -0.22471 0.24207
fb: -0.11825 0.94383 -0.22471 0.24207
target: 0.00000 0.46565
dist/lin/ang/drive_left/drive_right/tv_l/tv_r/av_l/av_r/x/y/theta/t_err: 0.75454 0.00000 3.55972 -1.06208 0.82558 -0.53453 0.51369 -0.53453 0.51369 0 0 91.76783 0.75454
fb: -0.12398 0.95107 -0.11468 0.12889
fb: -0.14362 0.95031 -0.11468 0.12889
target: 0.00000 0.30608
dist/lin/ang/drive_left/drive_right/tv_l/tv_r/av_l/av_r/x/y/theta/t_err: 0.61002 0.00000 2.33986 -1.09393 0.80669 -0.31742 0.27239 -0.31742 0.27239 0 0 100.04814 0.61002
fb: -0.15708 0.93993 0.07331 -0.07208
fb: -0.17450 0.92780 0.07331 -0.07208
target: 0.00000 0.15175
dist/lin/ang/drive_left/drive_right/tv_l/tv_r/av_l/av_r/x/y/theta/t_err: 0.46515 0.00000 1.16007 -1.10231 0.75330 -0.14681 0.10608 -0.14681 0.10608 0 0 108.34864 0.46515
fb: -0.17252 0.89303 0.16885 -0.17070
fb: -0.15708 0.82907 0.16885 -0.17070
target: 0.00000 0.01358
dist/lin/ang/drive_left/drive_right/tv_l/tv_r/av_l/av_r/x/y/theta/t_err: 0.32477 0.00000 0.10381 -0.98615 0.67199 0.03833 -0.05525 0.03833 -0.05525 0 0 116.39188 0.32477
fb: -0.16878 0.76072 0.23718 -0.24180
fb: -0.18025 0.69871 0.33632 -0.14266
target: 0.00000 -0.08016
dist/lin/ang/drive_left/drive_right/tv_l/tv_r/av_l/av_r/x/y/theta/t_err: 0.20050 0.00000 -0.61279 -0.87896 0.51845 0.13997 -0.15656 0.13997 -0.15656 0 0 123.51204 0.20050
fb: -0.18997 0.63015 0.33782 -0.13535
fb: -0.18622 0.55427 0.33576 -0.13741
target: 0.00000 -0.14375
dist/lin/ang/drive_left/drive_right/tv_l/tv_r/av_l/av_r/x/y/theta/t_err: 0.09617 0.00000 -1.09892 -0.74049 0.36805 0.26608 -0.14986 0.26608 -0.14986 0 0 129.48965 0.09617
fb: -0.15335 0.47798 0.23072 -0.23849
fb: -0.12025 0.40377 0.23072 -0.23849
target: 0.00000 -0.17784
dist/lin/ang/drive_left/drive_right/tv_l/tv_r/av_l/av_r/x/y/theta/t_err: 0.01424 0.00000 -1.35956 -0.52402 0.28352 0.30269 -0.13344 0.30269 -0.13344 0 0 134.18433 0.01424
fb: -0.09885 0.33326 0.20932 -0.21777
fb: -0.10459 0.26066 0.20932 -0.21777
target: 0.00000 -0.18711
dist/lin/ang/drive_left/drive_right/tv_l/tv_r/av_l/av_r/x/y/theta/t_err: -0.04499 0.00000 -1.43039 -0.36525 0.15607 0.22758 -0.20650 0.22758 -0.20650 0 0 137.57752 -0.04499
fb: -0.12798 0.18123 0.17828 -0.18692
fb: -0.13593 0.10556 0.17828 -0.18692
target: 0.00000 -0.17361
dist/lin/ang/drive_left/drive_right/tv_l/tv_r/av_l/av_r/x/y/theta/t_err: -0.08187 0.00000 -1.32717 -0.24148 -0.03037 0.19114 -0.20019 0.19114 -0.20019 0 0 139.69106 -0.08187
fb: -0.13195 0.05463 0.13509 -0.14345
fb: -0.11232 0.02188 0.13509 -0.14345
target: 0.00000 -0.13620
dist/lin/ang/drive_left/drive_right/tv_l/tv_r/av_l/av_r/x/y/theta/t_err: -0.09636 0.00000 -1.04124 -0.13419 -0.09044 0.16169 -0.17642 0.16169 -0.17642 0 0 140.52098 -0.09636
fb: -0.07745 -0.00711 0.07417 -0.08179
fb: -0.04855 -0.03268 0.07417 -0.08179
target: 0.00000 -0.10983
dist/lin/ang/drive_left/drive_right/tv_l/tv_r/av_l/av_r/x/y/theta/t_err: -0.09862 0.00000 -0.83960 -0.01587 -0.08122 0.12253 -0.14050 0.12253 -0.14050 0 0 140.65070 -0.09862
fb: -0.03486 -0.05337 0.07304 -0.08013
fb: -0.02913 -0.06745 0.07304 -0.08013
target: 0.00000 -0.08486
dist/lin/ang/drive_left/drive_right/tv_l/tv_r/av_l/av_r/x/y/theta/t_err: -0.09287 0.00000 -0.64874 0.03832 -0.09657 0.07272 -0.08367 0.07272 -0.08367 0 0 140.32117 -0.09287
fb: -0.02913 -0.07218 0.05843 -0.06502
fb: -0.03486 -0.06933 0.05843 -0.06502
target: 0.00000 -0.06280
dist/lin/ang/drive_left/drive_right/tv_l/tv_r/av_l/av_r/x/y/theta/t_err: -0.08244 0.00000 -0.48005 0.03446 -0.10419 0.06742 -0.07992 0.06742 -0.07992 0 0 139.72360 -0.08244
fb: -0.03486 -0.06577 0.04800 -0.05415
fb: -0.02339 -0.06097 0.04800 -0.05415
target: 0.00000 -0.05149
dist/lin/ang/drive_left/drive_right/tv_l/tv_r/av_l/av_r/x/y/theta/t_err: -0.07194 0.00000 -0.39363 0.03758 -0.08436 0.04911 -0.06417 0.04911 -0.06417 0 0 139.12176 -0.07194
fb: -0.01567 -0.05456 0.05656 -0.06249
fb: -0.01147 -0.04773 0.05656 -0.06249
target: 0.00000 -0.04525
dist/lin/ang/drive_left/drive_right/tv_l/tv_r/av_l/av_r/x/y/theta/t_err: -0.06287 0.00000 -0.34590 0.03625 -0.05920 0.04450 -0.05303 0.04450 -0.05303 0 0 138.60193 -0.06287
fb: -0.01147 -0.04013 0.05997 -0.06577
fb: -0.01942 -0.03247 0.05997 -0.06577
target: 0.00000 -0.04274
dist/lin/ang/drive_left/drive_right/tv_l/tv_r/av_l/av_r/x/y/theta/t_err: -0.05587 0.00000 -0.32671 0.01305 -0.05189 0.04981 -0.05919 0.04981 -0.05919 0 0 138.20129 -0.05587
fb: -0.02339 -0.02641 0.06389 -0.06964
fb: -0.02339 -0.02257 0.06389 -0.06964
target: 0.00000 -0.04301
dist/lin/ang/drive_left/drive_right/tv_l/tv_r/av_l/av_r/x/y/theta/t_err: -0.05113 0.00000 -0.32878 -0.00081 -0.04596 0.05183 -0.06006 0.05183 -0.06006 0 0 137.92954 -0.05113
fb: -0.01942 -0.02007 0.06824 -0.07400
fb: -0.01147 -0.01860 0.06824 -0.07400
target: 0.00000 -0.04260
dist/lin/ang/drive_left/drive_right/tv_l/tv_r/av_l/av_r/x/y/theta/t_err: -0.04774 0.00000 -0.32567 0.00713 -0.03008 0.05769 -0.05989 0.05769 -0.05989 0 0 137.73530 -0.04774
fb: -0.00375 -0.01644 0.06695 -0.07270
fb: -0.00397 -0.01470 0.06695 -0.07270
target: 0.00000 -0.04115
dist/lin/ang/drive_left/drive_right/tv_l/tv_r/av_l/av_r/x/y/theta/t_err: -0.04498 0.00000 -0.31457 0.01073 -0.01867 0.05783 -0.06828 0.05783 -0.06828 0 0 137.57697 -0.04498
fb: -0.00794 -0.01359 0.06441 -0.07013
fb: -0.00772 -0.01212 0.06441 -0.07013
target: 0.00000 -0.04024
dist/lin/ang/drive_left/drive_right/tv_l/tv_r/av_l/av_r/x/y/theta/t_err: -0.04281 0.00000 -0.30763 0.00440 -0.01985 0.05733 -0.06828 0.05733 -0.06828 0 0 137.45255 -0.04281
fb: -0.00772 -0.00982 0.06462 -0.07032
fb: -0.00772 -0.00739 0.06462 -0.07032
target: 0.00000 -0.03950
dist/lin/ang/drive_left/drive_right/tv_l/tv_r/av_l/av_r/x/y/theta/t_err: -0.04109 0.00000 -0.30196 -0.00034 -0.01511 0.05750 -0.06842 0.05750 -0.06842 0 0 137.35428 -0.04109
fb: -0.00375 -0.00557 0.06437 -0.07006
fb: 0.00000 -0.00467 0.06437 -0.07006
target: 0.00000 -0.03998
dist/lin/ang/drive_left/drive_right/tv_l/tv_r/av_l/av_r/x/y/theta/t_err: -0.04005 0.00000 -0.30566 0.00467 -0.00467 0.05750 -0.06758 0.05750 -0.06758 0 0 137.29464 -0.04005
fb: -0.00397 -0.00411 0.06654 -0.07223
fb: -0.00397 -0.00376 0.06654 -0.07223
target: 0.00000 -0.04022
dist/lin/ang/drive_left/drive_right/tv_l/tv_r/av_l/av_r/x/y/theta/t_err: -0.03940 0.00000 -0.30747 -0.00021 -0.00773 0.05750 -0.06758 0.05750 -0.06758 0 0 137.25749 -0.03940
fb: -0.00375 -0.00369 0.06633 -0.07202
fb: -0.00375 -0.00341 0.06633 -0.07202
target: 0.00000 -0.03990
dist/lin/ang/drive_left/drive_right/tv_l/tv_r/av_l/av_r/x/y/theta/t_err: -0.03886 0.00000 -0.30500 -0.00034 -0.00717 0.05733 -0.06792 0.05733 -0.06792 0 0 137.22643 -0.03886
fb: -0.00397 -0.00327 0.06527 -0.07096
fb: -0.00397 -0.00327 0.06527 -0.07096
target: 0.00000 -0.03946
dist/lin/ang/drive_left/drive_right/tv_l/tv_r/av_l/av_r/x/y/theta/t_err: -0.03836 0.00000 -0.30168 -0.00070 -0.00725 0.05733 -0.06775 0.05733 -0.06775 0 0 137.19773 -0.03836
fb: 0.00000 -0.00348 0.06481 -0.07049
fb: -0.00397 -0.00348 0.06481 -0.07049
final error was -2.16916
position: 0.54939 -1.43759 137.16916
took 0.92000 time to finish turn
increased to 180.00000
target: 0.00000 0.78486
dist/lin/ang/drive_left/drive_right/tv_l/tv_r/av_l/av_r/x/y/theta/t_err: 3.14163 0.00000 6.00000 0.00000 0.00000 0.00000 -0.00017 0.00000 -0.00017 0 0 -0.00217 3.14163
fb: 0.00000 0.00000 -1.00000 1.00000
fb: 0.00000 0.00000 -1.00000 1.00000
target: 0.00000 0.78486
dist/lin/ang/drive_left/drive_right/tv_l/tv_r/av_l/av_r/x/y/theta/t_err: 3.14163 0.00000 6.00000 0.00000 0.00000 -0.06056 0.02961 -0.06056 0.02961 0 0 -0.00211 3.14163
fb: 0.00000 0.00000 -0.56488 0.58547
fb: 0.00000 0.00000 -0.56488 0.58547
target: 0.00000 0.78486
dist/lin/ang/drive_left/drive_right/tv_l/tv_r/av_l/av_r/x/y/theta/t_err: 3.14161 0.00000 6.00000 0.00000 0.00000 -0.47278 0.46953 -0.47278 0.46953 0 0 -0.00093 3.14161
fb: 0.00000 0.03533 -0.56488 0.58547
fb: 0.00000 0.09190 -0.56488 0.58547
target: 0.00000 0.78486
dist/lin/ang/drive_left/drive_right/tv_l/tv_r/av_l/av_r/x/y/theta/t_err: 3.13980 0.00000 6.00000 -0.09190 0.09190 -0.52411 0.41203 -0.52411 0.41203 0 0 0.10265 3.13980
fb: 0.00000 0.14409 -0.56488 0.58547
fb: 0.00000 0.19244 -0.56488 0.58547
target: 0.00000 0.78486
dist/lin/ang/drive_left/drive_right/tv_l/tv_r/av_l/av_r/x/y/theta/t_err: 3.12405 0.00000 6.00000 -0.19244 0.19244 -0.53472 0.51844 -0.53472 0.51844 0 0 1.00516 3.12405
fb: 0.00000 0.23968 -0.56488 0.58547
fb: 0.00000 0.28456 -0.56488 0.58547
target: 0.00000 0.78486
dist/lin/ang/drive_left/drive_right/tv_l/tv_r/av_l/av_r/x/y/theta/t_err: 3.09291 0.00000 6.00000 -0.28456 0.28456 -0.53986 0.55442 -0.53986 0.55442 0 0 2.78942 3.09291
fb: 0.00000 0.32915 -0.56488 0.58547
fb: 0.00000 0.37611 -0.56488 0.58547
target: 0.00000 0.78486
dist/lin/ang/drive_left/drive_right/tv_l/tv_r/av_l/av_r/x/y/theta/t_err: 3.04781 0.00000 6.00000 -0.37611 0.37611 -0.54122 0.55936 -0.54122 0.55936 0 0 5.37348 3.04781
fb: 0.00000 0.42028 -0.56488 0.58547
fb: 0.00000 0.45881 -0.56488 0.58547
target: 0.00000 0.78486
dist/lin/ang/drive_left/drive_right/tv_l/tv_r/av_l/av_r/x/y/theta/t_err: 2.98885 0.00000 6.00000 -0.45881 0.45881 -0.54275 0.56036 -0.54275 0.56036 0 0 8.75144 2.98885
fb: 0.00000 0.49477 -0.56488 0.58547
fb: 0.00000 0.53009 -0.56488 0.58547
target: 0.00000 0.78486
dist/lin/ang/drive_left/drive_right/tv_l/tv_r/av_l/av_r/x/y/theta/t_err: 2.91757 0.00000 6.00000 -0.53009 0.53009 -0.54328 0.56072 -0.54328 0.56072 0 0 12.83549 2.91757
fb: 0.00000 0.56361 -0.56488 0.58547
fb: 0.00000 0.59510 -0.56488 0.58547
target: 0.00000 0.78486
dist/lin/ang/drive_left/drive_right/tv_l/tv_r/av_l/av_r/x/y/theta/t_err: 2.83555 0.00000 6.00000 -0.59510 0.59510 -0.54414 0.55936 -0.54414 0.55936 0 0 17.53506 2.83555
fb: 0.00000 0.62346 -0.56488 0.58547
fb: 0.00000 0.65112 -0.56488 0.58547
target: 0.00000 0.78486
dist/lin/ang/drive_left/drive_right/tv_l/tv_r/av_l/av_r/x/y/theta/t_err: 2.74375 0.00000 6.00000 -0.65112 0.65112 -0.54603 0.56039 -0.54603 0.56039 0 0 22.79485 2.74375
fb: 0.00000 0.67836 -0.56488 0.58547
fb: -0.00199 0.70073 -0.56488 0.58547
target: 0.00000 0.78486
dist/lin/ang/drive_left/drive_right/tv_l/tv_r/av_l/av_r/x/y/theta/t_err: 2.64345 0.00000 6.00000 -0.70271 0.69874 -0.54856 0.56258 -0.54856 0.56258 0 0 28.54155 2.64345
fb: -0.00199 0.72498 -0.56488 0.58547
fb: 0.00000 0.74776 -0.56488 0.58547
target: 0.00000 0.78486
dist/lin/ang/drive_left/drive_right/tv_l/tv_r/av_l/av_r/x/y/theta/t_err: 2.53561 0.00000 6.00000 -0.74776 0.74776 -0.54567 0.56328 -0.54567 0.56328 0 0 34.72010 2.53561
fb: 0.00000 0.76546 -0.56488 0.58547
fb: 0.00000 0.78127 -0.56488 0.58547
target: 0.00000 0.78486
dist/lin/ang/drive_left/drive_right/tv_l/tv_r/av_l/av_r/x/y/theta/t_err: 2.42093 0.00000 6.00000 -0.78127 0.78127 -0.54461 0.56258 -0.54461 0.56258 0 0 41.29076 2.42093
fb: 0.00000 0.79876 -0.56488 0.58547
fb: 0.00000 0.81437 -0.56488 0.58547
target: 0.00000 0.78486
dist/lin/ang/drive_left/drive_right/tv_l/tv_r/av_l/av_r/x/y/theta/t_err: 2.30102 0.00000 6.00000 -0.81437 0.81437 -0.54822 0.56364 -0.54822 0.56364 0 0 48.16105 2.30102
fb: -0.01743 0.83137 -0.56488 0.58547
fb: -0.04280 0.84844 -0.56488 0.58547
target: 0.00000 0.78486
dist/lin/ang/drive_left/drive_right/tv_l/tv_r/av_l/av_r/x/y/theta/t_err: 2.17612 0.00000 6.00000 -0.89124 0.80564 -0.55044 0.56533 -0.55044 0.56533 0 0 55.31725 2.17612
fb: -0.05824 0.86091 -0.56488 0.58547
fb: -0.06773 0.87492 -0.56488 0.58547
target: 0.00000 0.78486
dist/lin/ang/drive_left/drive_right/tv_l/tv_r/av_l/av_r/x/y/theta/t_err: 2.04627 0.00000 6.00000 -0.94265 0.80719 -0.55164 0.56397 -0.55164 0.56397 0 0 62.75746 2.04627
fb: -0.07170 0.88579 -0.56488 0.58547
fb: -0.07766 0.89547 -0.56488 0.58547
target: 0.00000 0.78486
dist/lin/ang/drive_left/drive_right/tv_l/tv_r/av_l/av_r/x/y/theta/t_err: 1.91226 0.00000 6.00000 -0.97313 0.81782 -0.55236 0.56567 -0.55236 0.56567 0 0 70.43574 1.91226
fb: -0.08736 0.90843 -0.56488 0.58547
fb: -0.08714 0.92000 -0.56488 0.58547
target: 0.00000 0.78486
dist/lin/ang/drive_left/drive_right/tv_l/tv_r/av_l/av_r/x/y/theta/t_err: 1.77493 0.00000 6.00000 -1.00714 0.83286 -0.54719 0.56517 -0.54719 0.56517 0 0 78.30427 1.77493
fb: -0.09310 0.93345 -0.56488 0.58547
fb: -0.10678 0.94223 -0.56488 0.58547
target: 0.00000 0.78486
dist/lin/ang/drive_left/drive_right/tv_l/tv_r/av_l/av_r/x/y/theta/t_err: 1.63380 0.00000 6.00000 -1.04900 0.83545 -0.54789 0.56261 -0.54789 0.56261 0 0 86.39011 1.63380
fb: -0.11053 0.95066 -0.56488 0.58547
fb: -0.11428 0.95860 -0.56488 0.58547
target: 0.00000 0.78486
dist/lin/ang/drive_left/drive_right/tv_l/tv_r/av_l/av_r/x/y/theta/t_err: 1.48939 0.00000 6.00000 -1.07288 0.84432 -0.55028 0.56414 -0.55028 0.56414 0 0 94.66415 1.48939
fb: -0.12597 0.96403 -0.56488 0.58547
fb: -0.13766 0.96884 -0.56488 0.58547
target: 0.00000 0.78486
dist/lin/ang/drive_left/drive_right/tv_l/tv_r/av_l/av_r/x/y/theta/t_err: 1.34254 0.00000 6.00000 -1.10650 0.83118 -0.55114 0.56053 -0.55114 0.56053 0 0 103.07793 1.34254
fb: -0.15310 0.97233 -0.56488 0.58547
fb: -0.17450 0.97915 -0.56488 0.58547
target: 0.00000 0.78486
dist/lin/ang/drive_left/drive_right/tv_l/tv_r/av_l/av_r/x/y/theta/t_err: 1.19414 0.00000 6.00000 -1.15365 0.80465 -0.55439 0.56108 -0.55439 0.56108 0 0 111.58104 1.19414
fb: -0.17450 0.98264 -0.56488 0.58547
fb: -0.19193 0.98863 -0.45932 0.69103
target: 0.00000 0.75327
dist/lin/ang/drive_left/drive_right/tv_l/tv_r/av_l/av_r/x/y/theta/t_err: 1.04418 0.00000 5.75854 -1.18056 0.79670 -0.55356 0.56075 -0.55356 0.56075 0 0 120.17313 1.04418
fb: -0.20362 0.99392 -0.38435 0.62829
fb: -0.17648 1.00033 -0.49634 0.51630
target: 0.00000 0.58861
dist/lin/ang/drive_left/drive_right/tv_l/tv_r/av_l/av_r/x/y/theta/t_err: 0.89252 0.00000 4.49973 -1.17682 0.82385 -0.46903 0.61392 -0.46903 0.61392 0 0 128.86209 0.89252
fb: -0.16678 1.00591 -0.18640 0.20306
fb: -0.16281 1.01093 -0.18640 0.20306
target: 0.00000 0.42153
dist/lin/ang/drive_left/drive_right/tv_l/tv_r/av_l/av_r/x/y/theta/t_err: 0.73900 0.00000 3.22247 -1.17373 0.84812 -0.42522 0.50767 -0.42522 0.50767 0 0 137.65838 0.73900
fb: -0.15310 1.00904 -0.07083 0.08415
fb: -0.18045 1.00047 0.10647 0.18340
target: 0.00000 0.25454
dist/lin/ang/drive_left/drive_right/tv_l/tv_r/av_l/av_r/x/y/theta/t_err: 0.58421 0.00000 1.94587 -1.18093 0.82002 -0.23442 0.24622 -0.23442 0.24622 0 0 146.52723 0.58421
fb: -0.20560 0.98403 0.23205 0.08214
fb: -0.20737 0.94982 0.23302 0.08312
target: 0.00000 0.09757
dist/lin/ang/drive_left/drive_right/tv_l/tv_r/av_l/av_r/x/y/theta/t_err: 0.43148 0.00000 0.74591 -1.15719 0.74245 0.04981 0.16528 0.04981 0.16528 0 0 155.27787 0.43148
fb: -0.19193 0.90153 0.31466 -0.10648
fb: -0.14737 0.83625 0.20910 -0.21204
target: 0.00000 -0.03373
dist/lin/ang/drive_left/drive_right/tv_l/tv_r/av_l/av_r/x/y/theta/t_err: 0.28769 0.00000 -0.25785 -0.98362 0.68888 0.21442 0.08897 0.21442 0.08897 0 0 163.51631 0.28769
fb: -0.12024 0.76929 0.25858 -0.26414
fb: -0.10281 0.70052 0.25858 -0.26414
target: 0.00000 -0.12458
dist/lin/ang/drive_left/drive_right/tv_l/tv_r/av_l/av_r/x/y/theta/t_err: 0.16192 0.00000 -0.95234 -0.80333 0.59771 0.22053 -0.15261 0.22053 -0.15261 0 0 170.72256 0.16192
fb: -0.11429 0.63161 0.25876 -0.26614
fb: -0.13569 0.55225 0.25876 -0.26614
target: 0.00000 -0.18636
dist/lin/ang/drive_left/drive_right/tv_l/tv_r/av_l/av_r/x/y/theta/t_err: 0.05708 0.00000 -1.42469 -0.68794 0.41656 0.23392 -0.23269 0.23392 -0.23269 0 0 176.72931 0.05708
fb: -0.12819 0.46369 0.25657 -0.26519
fb: -0.12621 0.38113 0.25657 -0.26519
target: 0.00000 -0.21678
dist/lin/ang/drive_left/drive_right/tv_l/tv_r/av_l/av_r/x/y/theta/t_err: -0.02413 0.00000 -1.65722 -0.50734 0.25492 0.23478 -0.24042 0.23478 -0.24042 0 0 181.38234 -0.02413
fb: -0.12003 0.31041 0.22989 -0.23912
fb: -0.12401 0.24630 0.22989 -0.23912
target: 0.00000 -0.21647
dist/lin/ang/drive_left/drive_right/tv_l/tv_r/av_l/av_r/x/y/theta/t_err: -0.08004 0.00000 -1.65485 -0.37031 0.12230 0.22586 -0.23869 0.22586 -0.23869 0 0 184.58612 -0.08004
fb: -0.12423 0.18297 0.18359 -0.19282
fb: -0.11254 0.11657 0.18359 -0.19282
target: 0.00000 -0.20554
dist/lin/ang/drive_left/drive_right/tv_l/tv_r/av_l/av_r/x/y/theta/t_err: -0.11541 0.00000 -1.57131 -0.22910 0.00403 0.19714 -0.21336 0.19714 -0.21336 0 0 186.61223 -0.11541
fb: -0.09886 0.05644 0.16034 -0.16935
fb: -0.07745 0.01010 0.16034 -0.16935
target: 0.00000 -0.17568
dist/lin/ang/drive_left/drive_right/tv_l/tv_r/av_l/av_r/x/y/theta/t_err: -0.13105 0.00000 -1.34298 -0.08755 -0.06735 0.16853 -0.18086 0.16853 -0.18086 0 0 187.50833 -0.13105
fb: -0.06796 -0.02773 0.11192 -0.12033
fb: -0.05825 -0.05783 0.11192 -0.12033
target: 0.00000 -0.13941
dist/lin/ang/drive_left/drive_right/tv_l/tv_r/av_l/av_r/x/y/theta/t_err: -0.13121 0.00000 -1.06573 -0.00042 -0.11608 0.13808 -0.14972 0.13808 -0.14972 0 0 187.51769 -0.13121
fb: -0.04855 -0.07859 0.07803 -0.08571
fb: -0.04082 -0.08918 0.07803 -0.08571
target: 0.00000 -0.10621
dist/lin/ang/drive_left/drive_right/tv_l/tv_r/av_l/av_r/x/y/theta/t_err: -0.12160 0.00000 -0.81198 0.04836 -0.13001 0.09633 -0.11564 0.09633 -0.11564 0 0 186.96710 -0.12160
fb: -0.03685 -0.09337 0.06040 -0.06741
fb: -0.03288 -0.09385 0.06040 -0.06741
target: 0.00000 -0.08175
dist/lin/ang/drive_left/drive_right/tv_l/tv_r/av_l/av_r/x/y/theta/t_err: -0.10781 0.00000 -0.62495 0.06098 -0.12673 0.06911 -0.07975 0.06911 -0.07975 0 0 186.17681 -0.10781
fb: -0.02118 -0.09232 0.05710 -0.06363
fb: -0.01545 -0.08884 0.05710 -0.06363
target: 0.00000 -0.06532
dist/lin/ang/drive_left/drive_right/tv_l/tv_r/av_l/av_r/x/y/theta/t_err: -0.09348 0.00000 -0.49933 0.07339 -0.10428 0.05850 -0.06619 0.05850 -0.06619 0 0 185.35602 -0.09348
fb: -0.01567 -0.08312 0.05814 -0.06434
fb: -0.01567 -0.07588 0.05814 -0.06434
target: 0.00000 -0.05340
dist/lin/ang/drive_left/drive_right/tv_l/tv_r/av_l/av_r/x/y/theta/t_err: -0.08011 0.00000 -0.40824 0.06021 -0.09154 0.05217 -0.06450 0.05217 -0.06450 0 0 184.58999 -0.08011
fb: -0.01920 -0.06891 0.05693 -0.06289
fb: -0.01942 -0.06236 0.05693 -0.06289
target: 0.00000 -0.04616
dist/lin/ang/drive_left/drive_right/tv_l/tv_r/av_l/av_r/x/y/theta/t_err: -0.06877 0.00000 -0.35287 0.04294 -0.08178 0.05100 -0.06400 0.05100 -0.06400 0 0 183.94014 -0.06877
fb: -0.01942 -0.05525 0.05908 -0.06490
fb: -0.01545 -0.04794 0.05908 -0.06490
target: 0.00000 -0.04124
dist/lin/ang/drive_left/drive_right/tv_l/tv_r/av_l/av_r/x/y/theta/t_err: -0.05951 0.00000 -0.31530 0.03249 -0.06338 0.05117 -0.06300 0.05117 -0.06300 0 0 183.40950 -0.05951
fb: -0.01169 -0.04083 0.05929 -0.06500
fb: -0.01545 -0.03512 0.05929 -0.06500
target: 0.00000 -0.03897
dist/lin/ang/drive_left/drive_right/tv_l/tv_r/av_l/av_r/x/y/theta/t_err: -0.05245 0.00000 -0.29792 0.01967 -0.05056 0.04994 -0.05853 0.04994 -0.05853 0 0 183.00539 -0.05245
fb: -0.01169 -0.02975 0.06172 -0.06740
fb: -0.01169 -0.02404 0.06172 -0.06740
target: 0.00000 -0.03799
dist/lin/ang/drive_left/drive_right/tv_l/tv_r/av_l/av_r/x/y/theta/t_err: -0.04730 0.00000 -0.29043 0.01234 -0.03573 0.05150 -0.05817 0.05150 -0.05817 0 0 182.71025 -0.04730
fb: -0.01169 -0.01798 0.06301 -0.06866
fb: -0.01169 -0.01268 0.06301 -0.06866
target: 0.00000 -0.03861
dist/lin/ang/drive_left/drive_right/tv_l/tv_r/av_l/av_r/x/y/theta/t_err: -0.04393 0.00000 -0.29520 0.00099 -0.02438 0.05717 -0.05783 0.05717 -0.05783 0 0 182.51717 -0.04393
fb: -0.01147 -0.00885 0.06583 -0.07150
fb: -0.00772 -0.00606 0.06583 -0.07150
target: 0.00000 -0.04052
dist/lin/ang/drive_left/drive_right/tv_l/tv_r/av_l/av_r/x/y/theta/t_err: -0.04217 0.00000 -0.30973 -0.00166 -0.01378 0.05733 -0.06181 0.05733 -0.06181 0 0 182.41590 -0.04217
fb: -0.00772 -0.00432 0.06902 -0.07472
fb: -0.00772 -0.00383 0.06902 -0.07472
target: 0.00000 -0.04189
dist/lin/ang/drive_left/drive_right/tv_l/tv_r/av_l/av_r/x/y/theta/t_err: -0.04135 0.00000 -0.32024 -0.00389 -0.01156 0.05733 -0.06758 0.05733 -0.06758 0 0 182.36915 -0.04135
fb: -0.00397 -0.00411 0.06915 -0.07488
fb: -0.00397 -0.00425 0.06915 -0.07488
target: 0.00000 -0.04189
dist/lin/ang/drive_left/drive_right/tv_l/tv_r/av_l/av_r/x/y/theta/t_err: -0.04079 0.00000 -0.32020 0.00028 -0.00822 0.05700 -0.06758 0.05700 -0.06758 0 0 182.33682 -0.04079
fb: -0.00397 -0.00439 0.06708 -0.07281
fb: 0.00000 -0.00397 0.06708 -0.07281
target: 0.00000 -0.04107
dist/lin/ang/drive_left/drive_right/tv_l/tv_r/av_l/av_r/x/y/theta/t_err: -0.04016 0.00000 -0.31397 0.00397 -0.00397 0.05717 -0.06792 0.05717 -0.06792 0 0 182.30085 -0.04016
fb: 0.00000 -0.00307 0.06532 -0.07103
fb: -0.00177 -0.00202 0.06532 -0.07103
target: 0.00000 -0.04082
dist/lin/ang/drive_left/drive_right/tv_l/tv_r/av_l/av_r/x/y/theta/t_err: -0.03965 0.00000 -0.31203 0.00026 -0.00379 0.05733 -0.06792 0.05733 -0.06792 0 0 182.27177 -0.03965
fb: -0.00177 -0.00105 0.06599 -0.07170
fb: 0.00000 0.00000 0.06599 -0.07170
target: 0.00000 -0.04130
dist/lin/ang/drive_left/drive_right/tv_l/tv_r/av_l/av_r/x/y/theta/t_err: -0.03944 0.00000 -0.31570 0.00000 0.00000 0.05717 -0.06825 0.05717 -0.06825 0 0 182.25978 -0.03944
fb: -0.00199 0.00000 0.06741 -0.07313
fb: -0.00199 0.00000 0.06741 -0.07313
target: 0.00000 -0.04180
dist/lin/ang/drive_left/drive_right/tv_l/tv_r/av_l/av_r/x/y/theta/t_err: -0.03944 0.00000 -0.31955 -0.00199 -0.00199 0.05717 -0.06775 0.05717 -0.06775 0 0 182.25996 -0.03944
fb: 0.00000 -0.00063 0.06778 -0.07351
fb: 0.00000 -0.00063 0.06778 -0.07351
target: 0.00000 -0.04174
dist/lin/ang/drive_left/drive_right/tv_l/tv_r/av_l/av_r/x/y/theta/t_err: -0.03943 0.00000 -0.31910 0.00063 -0.00063 0.05733 -0.06808 0.05733 -0.06808 0 0 182.25910 -0.03943
fb: 0.00000 -0.00084 0.06690 -0.07263
fb: 0.00000 -0.00084 0.06690 -0.07263
target: 0.00000 -0.04151
dist/lin/ang/drive_left/drive_right/tv_l/tv_r/av_l/av_r/x/y/theta/t_err: -0.03935 0.00000 -0.31733 0.00084 -0.00084 0.05681 -0.06775 0.05681 -0.06775 0 0 182.25462 -0.03935
fb: 0.00000 -0.00098 0.06649 -0.07221
fb: 0.00000 -0.00118 0.06649 -0.07221
target: 0.00000 -0.04131
dist/lin/ang/drive_left/drive_right/tv_l/tv_r/av_l/av_r/x/y/theta/t_err: -0.03924 0.00000 -0.31580 0.00118 -0.00118 0.05767 -0.06775 0.05767 -0.06775 0 0 182.24818 -0.03924
fb: 0.00000 -0.00125 0.06640 -0.07212
fb: 0.00000 -0.00125 0.06640 -0.07212
target: 0.00000 -0.04100
dist/lin/ang/drive_left/drive_right/tv_l/tv_r/av_l/av_r/x/y/theta/t_err: -0.03907 0.00000 -0.31343 0.00125 -0.00125 0.05733 -0.06775 0.05733 -0.06775 0 0 182.23852 -0.03907
fb: 0.00000 -0.00118 0.06603 -0.07174
fb: -0.00199 -0.00118 0.06603 -0.07174
final error was -2.22821
position: 1.36971 -1.08463 182.22821
took 1.14000 time to finish turn
increased kd to 7.40000
increased kd to 7.60000
increased kd to 7.80000
increased kd to 8.00000
increased kd to 8.20000
increased kd to 8.40000
increased kd to 8.60000
increased kd to 8.80000
increased kd to 9.00000
increased kd to 9.20000
increased kd to 9.40000
increased kd to 9.60000
increased kd to 9.80000
increased kd to 10.00000
increased kd to 10.20000
target: 0.00000 0.78486
dist/lin/ang/drive_left/drive_right/tv_l/tv_r/av_l/av_r/x/y/theta/t_err: 3.14159 0.00000 6.00000 0.00000 0.00000 0.00017 0.00000 0.00017 0.00000 0 0 0.00044 3.14159
fb: 0.00000 0.00000 -1.00000 1.00000
fb: 0.00000 0.00000 -1.00000 1.00000
target: 0.00000 0.78486
dist/lin/ang/drive_left/drive_right/tv_l/tv_r/av_l/av_r/x/y/theta/t_err: 3.14159 0.00000 6.00000 0.00000 0.00000 -0.09669 -0.00050 -0.09669 -0.00050 0 0 0.00027 3.14159
fb: 0.00000 0.00084 -0.56488 0.58547
fb: 0.00000 0.02899 -0.56488 0.58547
target: 0.00000 0.78486
dist/lin/ang/drive_left/drive_right/tv_l/tv_r/av_l/av_r/x/y/theta/t_err: 3.14159 0.00000 6.00000 -0.02899 0.02899 -0.38997 0.42367 -0.38997 0.42367 0 0 0.00005 3.14159
fb: 0.00000 0.07971 -0.56488 0.58547
fb: 0.00000 0.13224 -0.56488 0.58547
target: 0.00000 0.78486
dist/lin/ang/drive_left/drive_right/tv_l/tv_r/av_l/av_r/x/y/theta/t_err: 3.13514 0.00000 6.00000 -0.13224 0.13224 -0.39422 0.40431 -0.39422 0.40431 0 0 0.36948 3.13514
fb: 0.00000 0.17405 -0.56488 0.58547
fb: 0.00000 0.21551 -0.56488 0.58547
target: 0.00000 0.78486
dist/lin/ang/drive_left/drive_right/tv_l/tv_r/av_l/av_r/x/y/theta/t_err: 3.11347 0.00000 6.00000 -0.21551 0.21551 -0.51383 0.52736 -0.51383 0.52736 0 0 1.61104 3.11347
fb: 0.00000 0.25947 -0.56488 0.58547
fb: 0.00000 0.30365 -0.56488 0.58547
target: 0.00000 0.78486
dist/lin/ang/drive_left/drive_right/tv_l/tv_r/av_l/av_r/x/y/theta/t_err: 3.07893 0.00000 6.00000 -0.30365 0.30365 -0.53814 0.55253 -0.53814 0.55253 0 0 3.59025 3.07893
fb: 0.00000 0.34831 -0.56488 0.58547
fb: 0.00000 0.38998 -0.56488 0.58547
target: 0.00000 0.78486
dist/lin/ang/drive_left/drive_right/tv_l/tv_r/av_l/av_r/x/y/theta/t_err: 3.03095 0.00000 6.00000 -0.38998 0.38998 -0.54361 0.55867 -0.54361 0.55867 0 0 6.33956 3.03095
fb: 0.00000 0.43157 -0.56488 0.58547
fb: 0.00000 0.47261 -0.56488 0.58547
target: 0.00000 0.78486
dist/lin/ang/drive_left/drive_right/tv_l/tv_r/av_l/av_r/x/y/theta/t_err: 2.96994 0.00000 6.00000 -0.47261 0.47261 -0.54364 0.56019 -0.54364 0.56019 0 0 9.83496 2.96994
fb: 0.00000 0.51093 -0.56488 0.58547
fb: 0.00000 0.54528 -0.56488 0.58547
target: 0.00000 0.78486
dist/lin/ang/drive_left/drive_right/tv_l/tv_r/av_l/av_r/x/y/theta/t_err: 2.89644 0.00000 6.00000 -0.54528 0.54528 -0.54431 0.55939 -0.54431 0.55939 0 0 14.04594 2.89644
fb: 0.00000 0.57733 -0.56488 0.58547
fb: 0.00000 0.60911 -0.56488 0.58547
target: 0.00000 0.78486
dist/lin/ang/drive_left/drive_right/tv_l/tv_r/av_l/av_r/x/y/theta/t_err: 2.81210 0.00000 6.00000 -0.60911 0.60911 -0.54394 0.55817 -0.54394 0.55817 0 0 18.87838 2.81210
fb: 0.00000 0.63802 -0.56488 0.58547
fb: -0.01544 0.66373 -0.56488 0.58547
target: 0.00000 0.78486
dist/lin/ang/drive_left/drive_right/tv_l/tv_r/av_l/av_r/x/y/theta/t_err: 2.71816 0.00000 6.00000 -0.67918 0.64829 -0.54533 0.56039 -0.54533 0.56039 0 0 24.26097 2.71816
fb: -0.02515 0.68742 -0.56488 0.58547
fb: -0.02140 0.71223 -0.56488 0.58547
target: 0.00000 0.78486
dist/lin/ang/drive_left/drive_right/tv_l/tv_r/av_l/av_r/x/y/theta/t_err: 2.61610 0.00000 6.00000 -0.73363 0.69082 -0.54703 0.56208 -0.54703 0.56208 0 0 30.10860 2.61610
fb: -0.02317 0.73320 -0.56488 0.58547
fb: -0.02317 0.75285 -0.56488 0.58547
target: 0.00000 0.78486
dist/lin/ang/drive_left/drive_right/tv_l/tv_r/av_l/av_r/x/y/theta/t_err: 2.50672 0.00000 6.00000 -0.77601 0.72968 -0.54667 0.56347 -0.54667 0.56347 0 0 36.37539 2.50672
fb: -0.02714 0.77695 -0.56488 0.58547
fb: -0.03111 0.79528 -0.56488 0.58547
target: 0.00000 0.78486
dist/lin/ang/drive_left/drive_right/tv_l/tv_r/av_l/av_r/x/y/theta/t_err: 2.39090 0.00000 6.00000 -0.82639 0.76417 -0.54550 0.56142 -0.54550 0.56142 0 0 43.01154 2.39090
fb: -0.03684 0.81270 -0.56488 0.58547
fb: -0.04832 0.82810 -0.56488 0.58547
target: 0.00000 0.78486
dist/lin/ang/drive_left/drive_right/tv_l/tv_r/av_l/av_r/x/y/theta/t_err: 2.26894 0.00000 6.00000 -0.87641 0.77978 -0.54653 0.56175 -0.54653 0.56175 0 0 49.99956 2.26894
fb: -0.05626 0.83924 -0.56488 0.58547
fb: -0.06023 0.85415 -0.56488 0.58547
target: 0.00000 0.78486
dist/lin/ang/drive_left/drive_right/tv_l/tv_r/av_l/av_r/x/y/theta/t_err: 2.14221 0.00000 6.00000 -0.91438 0.79393 -0.54925 0.56242 -0.54925 0.56242 0 0 57.26016 2.14221
fb: -0.06994 0.86670 -0.56488 0.58547
fb: -0.07567 0.88056 -0.56488 0.58547
target: 0.00000 0.78486
dist/lin/ang/drive_left/drive_right/tv_l/tv_r/av_l/av_r/x/y/theta/t_err: 2.01138 0.00000 6.00000 -0.95623 0.80489 -0.55094 0.56483 -0.55094 0.56483 0 0 64.75663 2.01138
fb: -0.08141 0.89324 -0.56488 0.58547
fb: -0.09288 0.90376 -0.56488 0.58547
target: 0.00000 0.78486
dist/lin/ang/drive_left/drive_right/tv_l/tv_r/av_l/av_r/x/y/theta/t_err: 1.87643 0.00000 6.00000 -0.99664 0.81088 -0.54944 0.56619 -0.54944 0.56619 0 0 72.48825 1.87643
fb: -0.10656 0.91526 -0.56488 0.58547
fb: -0.12222 0.92153 -0.56488 0.58547
target: 0.00000 0.78486
dist/lin/ang/drive_left/drive_right/tv_l/tv_r/av_l/av_r/x/y/theta/t_err: 1.73790 0.00000 6.00000 -1.04375 0.79931 -0.54756 0.56433 -0.54756 0.56433 0 0 80.42583 1.73790
fb: -0.12597 0.93059 -0.56488 0.58547
fb: -0.12994 0.93825 -0.56488 0.58547
target: 0.00000 0.78486
dist/lin/ang/drive_left/drive_right/tv_l/tv_r/av_l/av_r/x/y/theta/t_err: 1.59664 0.00000 6.00000 -1.06819 0.80831 -0.54911 0.56467 -0.54911 0.56467 0 0 88.51908 1.59664
fb: -0.13391 0.94668 -0.56488 0.58547
fb: -0.13568 0.95470 -0.56488 0.58547
target: 0.00000 0.78486
dist/lin/ang/drive_left/drive_right/tv_l/tv_r/av_l/av_r/x/y/theta/t_err: 1.45282 0.00000 6.00000 -1.09037 0.81902 -0.55064 0.56208 -0.55064 0.56208 0 0 96.75966 1.45282
fb: -0.13965 0.95937 -0.56488 0.58547
fb: -0.13192 0.96508 -0.56488 0.58547
target: 0.00000 0.78486
dist/lin/ang/drive_left/drive_right/tv_l/tv_r/av_l/av_r/x/y/theta/t_err: 1.30663 0.00000 6.00000 -1.09700 0.83315 -0.55061 0.56092 -0.55061 0.56092 0 0 105.13542 1.30663
fb: -0.12994 0.96731 -0.56488 0.58547
fb: -0.13567 0.97379 -0.56488 0.58547
target: 0.00000 0.73511
dist/lin/ang/drive_left/drive_right/tv_l/tv_r/av_l/av_r/x/y/theta/t_err: 1.15889 0.00000 5.61964 -1.10946 0.83811 -0.55217 0.56192 -0.55217 0.56192 0 0 113.60034 1.15889
fb: -0.16082 0.98117 -0.45691 0.47651
fb: -0.17847 0.98640 -0.35875 0.57467
target: 0.00000 0.57126
dist/lin/ang/drive_left/drive_right/tv_l/tv_r/av_l/av_r/x/y/theta/t_err: 1.00949 0.00000 4.36708 -1.16487 0.80793 -0.55283 0.55081 -0.55283 0.55081 0 0 122.16052 1.00949
fb: -0.16876 0.99121 -0.17599 0.19231
fb: -0.15884 0.98765 -0.17599 0.19231
target: 0.00000 0.40453
dist/lin/ang/drive_left/drive_right/tv_l/tv_r/av_l/av_r/x/y/theta/t_err: 0.85817 0.00000 3.09249 -1.14649 0.82882 -0.42264 0.46781 -0.42264 0.46781 0 0 130.83056 0.85817
fb: -0.14538 0.98445 -0.05996 0.07295
fb: -0.17075 0.97316 -0.05996 0.07295
target: 0.00000 0.24452
dist/lin/ang/drive_left/drive_right/tv_l/tv_r/av_l/av_r/x/y/theta/t_err: 0.70692 0.00000 1.86925 -1.14391 0.80241 -0.25425 0.20858 -0.25425 0.20858 0 0 139.49641 0.70692
fb: -0.20164 0.95693 0.22612 0.08351
fb: -0.17450 0.91589 0.11522 -0.11522
target: 0.00000 0.09612
dist/lin/ang/drive_left/drive_right/tv_l/tv_r/av_l/av_r/x/y/theta/t_err: 0.55837 0.00000 0.73482 -1.09039 0.74138 -0.09600 0.10747 -0.09600 0.10747 0 0 148.00764 0.55837
fb: -0.15311 0.85562 0.19721 -0.20019
fb: -0.15510 0.79800 0.19721 -0.20019
target: 0.00000 -0.01464
dist/lin/ang/drive_left/drive_right/tv_l/tv_r/av_l/av_r/x/y/theta/t_err: 0.42043 0.00000 -0.11194 -0.95309 0.64290 0.10317 -0.07275 0.10317 -0.07275 0 0 155.91096 0.42043
fb: -0.16481 0.72741 0.21498 -0.22017
fb: -0.17849 0.65279 0.31315 -0.12199
target: 0.00000 -0.08000
dist/lin/ang/drive_left/drive_right/tv_l/tv_r/av_l/av_r/x/y/theta/t_err: 0.30088 0.00000 -0.61159 -0.83128 0.47430 0.17367 -0.18000 0.17367 -0.18000 0 0 162.76104 0.30088
fb: -0.19593 0.57733 0.29842 -0.08940
fb: -0.20740 0.50431 0.30474 -0.08309
target: 0.00000 -0.10859
dist/lin/ang/drive_left/drive_right/tv_l/tv_r/av_l/av_r/x/y/theta/t_err: 0.20364 0.00000 -0.83011 -0.71172 0.29691 0.25786 -0.12817 0.25786 -0.12817 0 0 168.33240 0.20364
fb: -0.19792 0.43101 0.26351 -0.05286
fb: -0.18424 0.35967 0.25599 -0.06039
target: 0.00000 -0.11186
dist/lin/ang/drive_left/drive_right/tv_l/tv_r/av_l/av_r/x/y/theta/t_err: 0.12910 0.00000 -0.85517 -0.54391 0.17542 0.27447 -0.07544 0.27447 -0.07544 0 0 172.60339 0.12910
fb: -0.15313 0.29480 0.11889 -0.12602
fb: -0.13570 0.23320 0.11889 -0.12602
target: 0.00000 -0.09525
dist/lin/ang/drive_left/drive_right/tv_l/tv_r/av_l/av_r/x/y/theta/t_err: 0.07630 0.00000 -0.72815 -0.36891 0.09750 0.22808 -0.06244 0.22808 -0.06244 0 0 175.62817 0.07630
fb: -0.12798 0.16513 0.07792 -0.08472
fb: -0.15512 0.10047 0.07792 -0.08472
target: 0.00000 -0.06468
dist/lin/ang/drive_left/drive_right/tv_l/tv_r/av_l/av_r/x/y/theta/t_err: 0.04319 0.00000 -0.49442 -0.25560 -0.05465 0.11192 -0.10542 0.11192 -0.10542 0 0 177.52519 0.04319
fb: -0.16086 0.05240 -0.04155 0.04515
fb: -0.10878 0.01798 -0.04155 0.04515
target: 0.00000 -0.01469
dist/lin/ang/drive_left/drive_right/tv_l/tv_r/av_l/av_r/x/y/theta/t_err: 0.02944 0.00000 -0.11229 -0.12676 -0.09081 0.07100 -0.06436 0.07100 -0.06436 0 0 178.31328 0.02944
fb: -0.08164 -0.00251 -0.10416 0.10876
fb: -0.06774 -0.00934 -0.10416 0.10876
target: 0.00000 0.02194
dist/lin/ang/drive_left/drive_right/tv_l/tv_r/av_l/av_r/x/y/theta/t_err: 0.02733 0.00000 0.16776 -0.05841 -0.07708 -0.04244 0.04022 -0.04244 0.04022 0 0 178.43383 0.02733
fb: -0.05803 -0.01073 -0.10867 0.11401
fb: -0.05053 -0.01122 -0.10867 0.11401
final error was 1.64967
position: 1.22155 -1.27135 178.35033
took 0.72000 time to finish turn
target: 0.00000 0.78486
dist/lin/ang/drive_left/drive_right/tv_l/tv_r/av_l/av_r/x/y/theta/t_err: 3.14159 0.00000 6.00000 0.00000 0.00000 -0.00017 -0.00033 -0.00017 -0.00033 0 0 0.00004 3.14159
fb: 0.00000 0.00000 -1.00000 1.00000
fb: 0.00000 0.00000 -1.00000 1.00000
target: 0.00000 0.78486
dist/lin/ang/drive_left/drive_right/tv_l/tv_r/av_l/av_r/x/y/theta/t_err: 3.14159 0.00000 6.00000 0.00000 0.00000 -0.06706 0.04536 -0.06706 0.04536 0 0 -0.00003 3.14159
fb: 0.00000 0.00000 -0.56488 0.58547
fb: 0.00000 0.00000 -0.56488 0.58547
target: 0.00000 0.78486
dist/lin/ang/drive_left/drive_right/tv_l/tv_r/av_l/av_r/x/y/theta/t_err: 3.14159 0.00000 6.00000 0.00000 0.00000 -0.49931 0.39558 -0.49931 0.39558 0 0 -0.00001 3.14159
fb: 0.00000 0.01805 -0.56488 0.58547
fb: 0.00000 0.07170 -0.56488 0.58547
target: 0.00000 0.78486
dist/lin/ang/drive_left/drive_right/tv_l/tv_r/av_l/av_r/x/y/theta/t_err: 3.14074 0.00000 6.00000 -0.07170 0.07170 -0.53178 0.42950 -0.53178 0.42950 0 0 0.04866 3.14074
fb: 0.00000 0.12395 -0.56488 0.58547
fb: 0.00000 0.17454 -0.56488 0.58547
target: 0.00000 0.78486
dist/lin/ang/drive_left/drive_right/tv_l/tv_r/av_l/av_r/x/y/theta/t_err: 3.12782 0.00000 6.00000 -0.17454 0.17454 -0.53403 0.53028 -0.53403 0.53028 0 0 0.78914 3.12782
fb: 0.00000 0.22268 -0.56488 0.58547
fb: 0.00000 0.27069 -0.56488 0.58547
target: 0.00000 0.78486
dist/lin/ang/drive_left/drive_right/tv_l/tv_r/av_l/av_r/x/y/theta/t_err: 3.09942 0.00000 6.00000 -0.27069 0.27069 -0.53881 0.55164 -0.53881 0.55164 0 0 2.41639 3.09942
fb: 0.00000 0.31751 -0.56488 0.58547
fb: 0.00000 0.36162 -0.56488 0.58547
target: 0.00000 0.78486
dist/lin/ang/drive_left/drive_right/tv_l/tv_r/av_l/av_r/x/y/theta/t_err: 3.05640 0.00000 6.00000 -0.36162 0.36162 -0.54086 0.55817 -0.54086 0.55817 0 0 4.88136 3.05640
fb: 0.00000 0.40280 -0.56488 0.58547
fb: 0.00000 0.44154 -0.56488 0.58547
target: 0.00000 0.78486
dist/lin/ang/drive_left/drive_right/tv_l/tv_r/av_l/av_r/x/y/theta/t_err: 2.99971 0.00000 6.00000 -0.44154 0.44154 -0.54292 0.55986 -0.54292 0.55986 0 0 8.12931 2.99971
fb: 0.00000 0.47832 -0.56488 0.58547
fb: 0.00000 0.51393 -0.56488 0.58547
target: 0.00000 0.78486
dist/lin/ang/drive_left/drive_right/tv_l/tv_r/av_l/av_r/x/y/theta/t_err: 2.93100 0.00000 6.00000 -0.51393 0.51393 -0.54256 0.55936 -0.54256 0.55936 0 0 12.06622 2.93100
fb: 0.00000 0.54988 -0.56488 0.58547
fb: 0.00000 0.57956 -0.56488 0.58547
target: 0.00000 0.78486
dist/lin/ang/drive_left/drive_right/tv_l/tv_r/av_l/av_r/x/y/theta/t_err: 2.85126 0.00000 6.00000 -0.57956 0.57956 -0.54411 0.55836 -0.54411 0.55836 0 0 16.63468 2.85126
fb: 0.00000 0.60806 -0.56488 0.58547
fb: 0.00000 0.63865 -0.56488 0.58547
target: 0.00000 0.78486
dist/lin/ang/drive_left/drive_right/tv_l/tv_r/av_l/av_r/x/y/theta/t_err: 2.76182 0.00000 6.00000 -0.63865 0.63865 -0.54397 0.55950 -0.54397 0.55950 0 0 21.75931 2.76182
fb: 0.00000 0.66213 -0.56488 0.58547
fb: 0.00000 0.68436 -0.56488 0.58547
target: 0.00000 0.78486
dist/lin/ang/drive_left/drive_right/tv_l/tv_r/av_l/av_r/x/y/theta/t_err: 2.66366 0.00000 6.00000 -0.68436 0.68436 -0.54753 0.56142 -0.54753 0.56142 0 0 27.38344 2.66366
fb: 0.00000 0.71048 -0.56488 0.58547
fb: 0.00000 0.73292 -0.56488 0.58547
target: 0.00000 0.78486
dist/lin/ang/drive_left/drive_right/tv_l/tv_r/av_l/av_r/x/y/theta/t_err: 2.55826 0.00000 6.00000 -0.73292 0.73292 -0.54839 0.56228 -0.54839 0.56228 0 0 33.42230 2.55826
fb: 0.00000 0.75292 -0.56488 0.58547
fb: -0.02515 0.77396 -0.56488 0.58547
target: 0.00000 0.78486
dist/lin/ang/drive_left/drive_right/tv_l/tv_r/av_l/av_r/x/y/theta/t_err: 2.44570 0.00000 6.00000 -0.79911 0.74881 -0.54497 0.56483 -0.54497 0.56483 0 0 39.87143 2.44570
fb: -0.04258 0.79375 -0.56488 0.58547
fb: -0.04258 0.81158 -0.56488 0.58547
target: 0.00000 0.78486
dist/lin/ang/drive_left/drive_right/tv_l/tv_r/av_l/av_r/x/y/theta/t_err: 2.32682 0.00000 6.00000 -0.85416 0.76900 -0.54669 0.56175 -0.54669 0.56175 0 0 46.68286 2.32682
fb: -0.05824 0.82712 -0.56488 0.58547
fb: -0.07170 0.84106 -0.56488 0.58547
target: 0.00000 0.78486
dist/lin/ang/drive_left/drive_right/tv_l/tv_r/av_l/av_r/x/y/theta/t_err: 2.20238 0.00000 6.00000 -0.91276 0.76935 -0.54908 0.56292 -0.54908 0.56292 0 0 53.81303 2.20238
fb: -0.08141 0.85290 -0.56488 0.58547
fb: -0.07964 0.86509 -0.56488 0.58547
target: 0.00000 0.78486
dist/lin/ang/drive_left/drive_right/tv_l/tv_r/av_l/av_r/x/y/theta/t_err: 2.07354 0.00000 6.00000 -0.94474 0.78545 -0.55044 0.56328 -0.55044 0.56328 0 0 61.19515 2.07354
fb: -0.08516 0.87910 -0.56488 0.58547
fb: -0.08516 0.89157 -0.56488 0.58547
target: 0.00000 0.78486
dist/lin/ang/drive_left/drive_right/tv_l/tv_r/av_l/av_r/x/y/theta/t_err: 1.94083 0.00000 6.00000 -0.97673 0.80641 -0.54775 0.56414 -0.54775 0.56414 0 0 68.79870 1.94083
fb: -0.08163 0.90383 -0.56488 0.58547
fb: -0.09310 0.91561 -0.56488 0.58547
target: 0.00000 0.78486
dist/lin/ang/drive_left/drive_right/tv_l/tv_r/av_l/av_r/x/y/theta/t_err: 1.80410 0.00000 6.00000 -1.00871 0.82251 -0.54653 0.56311 -0.54653 0.56311 0 0 76.63248 1.80410
fb: -0.10457 0.92313 -0.56488 0.58547
fb: -0.11648 0.92954 -0.56488 0.58547
target: 0.00000 0.78486
dist/lin/ang/drive_left/drive_right/tv_l/tv_r/av_l/av_r/x/y/theta/t_err: 1.66382 0.00000 6.00000 -1.04603 0.81306 -0.54772 0.56311 -0.54772 0.56311 0 0 84.66994 1.66382
fb: -0.12597 0.93289 -0.56488 0.58547
fb: -0.13171 0.94153 -0.56488 0.58547
target: 0.00000 0.78486
dist/lin/ang/drive_left/drive_right/tv_l/tv_r/av_l/av_r/x/y/theta/t_err: 1.52156 0.00000 6.00000 -1.07323 0.80982 -0.54875 0.56347 -0.54875 0.56347 0 0 92.82079 1.52156
fb: -0.13193 0.95003 -0.56488 0.58547
fb: -0.12222 0.95762 -0.56488 0.58547
target: 0.00000 0.78486
dist/lin/ang/drive_left/drive_right/tv_l/tv_r/av_l/av_r/x/y/theta/t_err: 1.37717 0.00000 6.00000 -1.07984 0.83541 -0.54928 0.56467 -0.54928 0.56467 0 0 101.09402 1.37717
fb: -0.11251 0.96780 -0.56488 0.58547
fb: -0.12222 0.97386 -0.56488 0.58547
target: 0.00000 0.78486
dist/lin/ang/drive_left/drive_right/tv_l/tv_r/av_l/av_r/x/y/theta/t_err: 1.23016 0.00000 6.00000 -1.09608 0.85164 -0.55097 0.56381 -0.55097 0.56381 0 0 109.51682 1.23016
fb: -0.12795 0.98083 -0.56488 0.58547
fb: -0.13766 0.98361 -0.56488 0.58547
target: 0.00000 0.64655
dist/lin/ang/drive_left/drive_right/tv_l/tv_r/av_l/av_r/x/y/theta/t_err: 1.08071 0.00000 4.94269 -1.12127 0.84595 -0.55269 0.56331 -0.55269 0.56331 0 0 118.07988 1.08071
fb: -0.15906 0.98703 -0.26475 0.28258
fb: -0.16479 0.99058 -0.26475 0.28258
target: 0.00000 0.48203
dist/lin/ang/drive_left/drive_right/tv_l/tv_r/av_l/av_r/x/y/theta/t_err: 0.92985 0.00000 3.68494 -1.15537 0.82579 -0.53642 0.56331 -0.53642 0.56331 0 0 126.72337 0.92985
fb: -0.17251 0.99372 -0.11519 0.12973
fb: -0.16854 0.99476 -0.11519 0.12973
target: 0.00000 0.31740
dist/lin/ang/drive_left/drive_right/tv_l/tv_r/av_l/av_r/x/y/theta/t_err: 0.77791 0.00000 2.42645 -1.16330 0.82622 -0.33964 0.31553 -0.33964 0.31553 0 0 135.42919 0.77791
fb: -0.18024 0.98438 0.17243 0.11512
fb: -0.19987 0.96828 0.18323 0.12592
target: 0.00000 0.15614
dist/lin/ang/drive_left/drive_right/tv_l/tv_r/av_l/av_r/x/y/theta/t_err: 0.62590 0.00000 1.19365 -1.16815 0.76841 -0.12011 0.15947 -0.12011 0.15947 0 0 144.13849 0.62590
fb: -0.17075 0.94341 0.17630 -0.17807
fb: -0.14141 0.89624 0.17630 -0.17807
target: 0.00000 0.01480
dist/lin/ang/drive_left/drive_right/tv_l/tv_r/av_l/av_r/x/y/theta/t_err: 0.47838 0.00000 0.11317 -1.03765 0.75483 0.13261 0.13997 0.13261 0.13997 0 0 152.59069 0.47838
fb: -0.13369 0.84391 0.24111 -0.24571
fb: -0.13590 0.77403 0.24111 -0.24571
target: 0.00000 -0.08823
dist/lin/ang/drive_left/drive_right/tv_l/tv_r/av_l/av_r/x/y/theta/t_err: 0.34298 0.00000 -0.67449 -0.90993 0.63812 0.17078 -0.12558 0.17078 -0.12558 0 0 160.34845 0.34298
fb: -0.15510 0.68519 0.25269 -0.25935
fb: -0.18225 0.59615 0.35292 -0.15911
target: 0.00000 -0.14302
dist/lin/ang/drive_left/drive_right/tv_l/tv_r/av_l/av_r/x/y/theta/t_err: 0.22776 0.00000 -1.09332 -0.77839 0.41390 0.22603 -0.21319 0.22603 -0.21319 0 0 166.95023 0.22776
fb: -0.19791 0.52968 0.32588 -0.11593
fb: -0.21910 0.47414 0.33753 -0.10427
target: 0.00000 -0.15096
dist/lin/ang/drive_left/drive_right/tv_l/tv_r/av_l/av_r/x/y/theta/t_err: 0.13851 0.00000 -1.15406 -0.69324 0.25504 0.30081 -0.16117 0.30081 -0.16117 0 0 172.06409 0.13851
fb: -0.20167 0.40725 0.26301 -0.04908
fb: -0.11430 0.32302 0.15209 -0.16000
target: 0.00000 -0.16124
dist/lin/ang/drive_left/drive_right/tv_l/tv_r/av_l/av_r/x/y/theta/t_err: 0.06843 0.00000 -1.23259 -0.43731 0.20872 0.29192 -0.09550 0.29192 -0.09550 0 0 176.07907 0.06843
fb: -0.04854 0.24122 0.16246 -0.17058
fb: -0.04479 0.17210 0.16246 -0.17058
target: 0.00000 -0.13158
dist/lin/ang/drive_left/drive_right/tv_l/tv_r/av_l/av_r/x/y/theta/t_err: 0.02200 0.00000 -1.00589 -0.21689 0.12731 0.17658 -0.12044 0.17658 -0.12044 0 0 178.73956 0.02200
fb: -0.07547 0.10821 0.08270 -0.09022
fb: -0.10459 0.05233 0.08270 -0.09022
target: 0.00000 -0.08221
dist/lin/ang/drive_left/drive_right/tv_l/tv_r/av_l/av_r/x/y/theta/t_err: -0.00201 0.00000 -0.62843 -0.15692 -0.05227 0.13928 -0.15128 0.13928 -0.15128 0 0 180.11504 -0.00201
fb: -0.10283 0.00955 -0.05801 0.06126
fb: -0.07569 -0.02237 -0.05801 0.06126
target: 0.00000 -0.03088
dist/lin/ang/drive_left/drive_right/tv_l/tv_r/av_l/av_r/x/y/theta/t_err: -0.00855 0.00000 -0.23604 -0.05332 -0.09805 0.06672 -0.07203 0.06672 -0.07203 0 0 180.48981 -0.00855
fb: -0.04457 -0.04062 -0.09533 0.09960
fb: -0.01942 -0.04320 -0.09533 0.09960
final error was -0.25883
position: 1.04430 -1.18719 180.25883
took 0.72000 time to finish turn
target: 0.00000 0.78486
dist/lin/ang/drive_left/drive_right/tv_l/tv_r/av_l/av_r/x/y/theta/t_err: 3.14160 0.00000 6.00000 0.00000 0.00000 0.00017 -0.00017 0.00017 -0.00017 0 0 -0.00025 3.14160
fb: 0.00000 0.00000 -1.00000 1.00000
fb: 0.00000 0.00000 -1.00000 1.00000
target: 0.00000 0.78486
dist/lin/ang/drive_left/drive_right/tv_l/tv_r/av_l/av_r/x/y/theta/t_err: 3.14159 0.00000 6.00000 0.00000 0.00000 0.00000 0.07358 0.00000 0.07358 0 0 0.00028 3.14159
fb: 0.00000 0.00000 -0.56488 0.58547
fb: 0.00000 0.00000 -0.56488 0.58547
target: 0.00000 0.78486
dist/lin/ang/drive_left/drive_right/tv_l/tv_r/av_l/av_r/x/y/theta/t_err: 3.14158 0.00000 6.00000 0.00000 0.00000 -0.43736 0.39953 -0.43736 0.39953 0 0 0.00053 3.14158
fb: 0.00000 0.03073 -0.56488 0.58547
fb: 0.00000 0.08347 -0.56488 0.58547
target: 0.00000 0.78486
dist/lin/ang/drive_left/drive_right/tv_l/tv_r/av_l/av_r/x/y/theta/t_err: 3.14017 0.00000 6.00000 -0.08347 0.08347 -0.45583 0.42947 -0.45583 0.42947 0 0 0.08143 3.14017
fb: 0.00000 0.13510 -0.56488 0.58547
fb: 0.00000 0.18046 -0.56488 0.58547
target: 0.00000 0.78486
dist/lin/ang/drive_left/drive_right/tv_l/tv_r/av_l/av_r/x/y/theta/t_err: 3.12547 0.00000 6.00000 -0.18046 0.18046 -0.52428 0.52872 -0.52428 0.52872 0 0 0.92384 3.12547
fb: 0.00000 0.22617 -0.56488 0.58547
fb: 0.00000 0.27090 -0.56488 0.58547
target: 0.00000 0.78486
dist/lin/ang/drive_left/drive_right/tv_l/tv_r/av_l/av_r/x/y/theta/t_err: 3.09619 0.00000 6.00000 -0.27090 0.27090 -0.54225 0.55114 -0.54225 0.55114 0 0 2.60140 3.09619
fb: 0.00000 0.31438 -0.56488 0.58547
fb: 0.00000 0.35813 -0.56488 0.58547
target: 0.00000 0.78486
dist/lin/ang/drive_left/drive_right/tv_l/tv_r/av_l/av_r/x/y/theta/t_err: 3.05325 0.00000 6.00000 -0.35813 0.35813 -0.54119 0.55883 -0.54119 0.55883 0 0 5.06171 3.05325
fb: 0.00000 0.39924 -0.56488 0.58547
fb: 0.00000 0.43889 -0.56488 0.58547
target: 0.00000 0.78486
dist/lin/ang/drive_left/drive_right/tv_l/tv_r/av_l/av_r/x/y/theta/t_err: 2.99713 0.00000 6.00000 -0.43889 0.43889 -0.54103 0.56106 -0.54103 0.56106 0 0 8.27690 2.99713
fb: 0.00000 0.47867 -0.56488 0.58547
fb: 0.00000 0.51727 -0.56488 0.58547
target: 0.00000 0.78486
dist/lin/ang/drive_left/drive_right/tv_l/tv_r/av_l/av_r/x/y/theta/t_err: 2.92868 0.00000 6.00000 -0.51727 0.51727 -0.54261 0.56175 -0.54261 0.56175 0 0 12.19892 2.92868
fb: 0.00000 0.54960 -0.56488 0.58547
fb: 0.00000 0.58165 -0.56488 0.58547
target: 0.00000 0.78486
dist/lin/ang/drive_left/drive_right/tv_l/tv_r/av_l/av_r/x/y/theta/t_err: 2.84866 0.00000 6.00000 -0.58165 0.58165 -0.54228 0.55936 -0.54228 0.55936 0 0 16.78370 2.84866
fb: 0.00000 0.61384 -0.56488 0.58547
fb: 0.00000 0.64171 -0.56488 0.58547
target: 0.00000 0.78486
dist/lin/ang/drive_left/drive_right/tv_l/tv_r/av_l/av_r/x/y/theta/t_err: 2.75873 0.00000 6.00000 -0.64171 0.64171 -0.54361 0.56294 -0.54361 0.56294 0 0 21.93670 2.75873
fb: 0.00000 0.66777 -0.56488 0.58547
fb: 0.00000 0.69585 -0.56488 0.58547
target: 0.00000 0.78486
dist/lin/ang/drive_left/drive_right/tv_l/tv_r/av_l/av_r/x/y/theta/t_err: 2.65989 0.00000 6.00000 -0.69585 0.69585 -0.54636 0.56175 -0.54636 0.56175 0 0 27.59929 2.65989
fb: 0.00000 0.72156 -0.56488 0.58547
fb: 0.00000 0.74330 -0.56488 0.58547
target: 0.00000 0.78486
dist/lin/ang/drive_left/drive_right/tv_l/tv_r/av_l/av_r/x/y/theta/t_err: 2.55282 0.00000 6.00000 -0.74330 0.74330 -0.54978 0.56433 -0.54978 0.56433 0 0 33.73394 2.55282
fb: 0.00000 0.76309 -0.56488 0.58547
fb: 0.00000 0.78107 -0.56488 0.58547
target: 0.00000 0.78486
dist/lin/ang/drive_left/drive_right/tv_l/tv_r/av_l/av_r/x/y/theta/t_err: 2.43868 0.00000 6.00000 -0.78107 0.78107 -0.54550 0.56381 -0.54550 0.56381 0 0 40.27367 2.43868
fb: -0.00375 0.80043 -0.56488 0.58547
fb: -0.02515 0.81939 -0.56488 0.58547
target: 0.00000 0.78486
dist/lin/ang/drive_left/drive_right/tv_l/tv_r/av_l/av_r/x/y/theta/t_err: 2.31871 0.00000 6.00000 -0.84454 0.79424 -0.54686 0.56158 -0.54686 0.56158 0 0 47.14762 2.31871
fb: -0.05052 0.83597 -0.56488 0.58547
fb: -0.05626 0.85053 -0.56488 0.58547
target: 0.00000 0.78486
dist/lin/ang/drive_left/drive_right/tv_l/tv_r/av_l/av_r/x/y/theta/t_err: 2.19306 0.00000 6.00000 -0.90679 0.79427 -0.54892 0.56347 -0.54892 0.56347 0 0 54.34665 2.19306
fb: -0.07744 0.86551 -0.56488 0.58547
fb: -0.09685 0.87812 -0.56488 0.58547
target: 0.00000 0.78486
dist/lin/ang/drive_left/drive_right/tv_l/tv_r/av_l/av_r/x/y/theta/t_err: 2.06259 0.00000 6.00000 -0.97498 0.78127 -0.54908 0.56567 -0.54908 0.56567 0 0 61.82249 2.06259
fb: -0.09509 0.88941 -0.56488 0.58547
fb: -0.09707 0.89917 -0.56488 0.58547
target: 0.00000 0.78486
dist/lin/ang/drive_left/drive_right/tv_l/tv_r/av_l/av_r/x/y/theta/t_err: 1.92803 0.00000 6.00000 -0.99624 0.80209 -0.55117 0.56328 -0.55117 0.56328 0 0 69.53226 1.92803
fb: -0.10656 0.90739 -0.56488 0.58547
fb: -0.11428 0.91317 -0.56488 0.58547
target: 0.00000 0.78486
dist/lin/ang/drive_left/drive_right/tv_l/tv_r/av_l/av_r/x/y/theta/t_err: 1.79029 0.00000 6.00000 -1.02745 0.79889 -0.54769 0.56328 -0.54769 0.56328 0 0 77.42380 1.79029
fb: -0.11825 0.92056 -0.56488 0.58547
fb: -0.12421 0.92975 -0.56488 0.58547
target: 0.00000 0.78486
dist/lin/ang/drive_left/drive_right/tv_l/tv_r/av_l/av_r/x/y/theta/t_err: 1.65031 0.00000 6.00000 -1.05396 0.80555 -0.54769 0.56414 -0.54769 0.56414 0 0 85.44437 1.65031
fb: -0.11450 0.93763 -0.56488 0.58547
fb: -0.11428 0.94703 -0.56488 0.58547
target: 0.00000 0.78486
dist/lin/ang/drive_left/drive_right/tv_l/tv_r/av_l/av_r/x/y/theta/t_err: 1.50778 0.00000 6.00000 -1.06131 0.83276 -0.54736 0.56228 -0.54736 0.56228 0 0 93.61043 1.50778
fb: -0.11450 0.95414 -0.56488 0.58547
fb: -0.11053 0.96034 -0.56488 0.58547
target: 0.00000 0.78486
dist/lin/ang/drive_left/drive_right/tv_l/tv_r/av_l/av_r/x/y/theta/t_err: 1.36264 0.00000 6.00000 -1.07087 0.84982 -0.54894 0.56417 -0.54894 0.56417 0 0 101.92659 1.36264
fb: -0.13170 0.96508 -0.56488 0.58547
fb: -0.15134 0.96968 -0.56488 0.58547
target: 0.00000 0.78486
dist/lin/ang/drive_left/drive_right/tv_l/tv_r/av_l/av_r/x/y/theta/t_err: 1.21543 0.00000 6.00000 -1.12102 0.81834 -0.55064 0.56244 -0.55064 0.56244 0 0 110.36120 1.21543
fb: -0.15332 0.97386 -0.56488 0.58547
fb: -0.15310 0.97790 -0.56488 0.58547
target: 0.00000 0.63419
dist/lin/ang/drive_left/drive_right/tv_l/tv_r/av_l/av_r/x/y/theta/t_err: 1.06671 0.00000 4.84821 -1.13100 0.82480 -0.55236 0.56158 -0.55236 0.56158 0 0 118.88181 1.06671
fb: -0.15509 0.98180 -0.23793 0.25551
fb: -0.15707 0.98640 -0.23793 0.25551
target: 0.00000 0.47074
dist/lin/ang/drive_left/drive_right/tv_l/tv_r/av_l/av_r/x/y/theta/t_err: 0.91666 0.00000 3.59868 -1.14347 0.82933 -0.50769 0.47106 -0.50769 0.47106 0 0 127.47908 0.91666
fb: -0.16281 0.98919 -0.10925 0.12355
fb: -0.16104 0.98731 -0.10925 0.12355
target: 0.00000 0.30628
dist/lin/ang/drive_left/drive_right/tv_l/tv_r/av_l/av_r/x/y/theta/t_err: 0.76537 0.00000 2.34145 -1.14835 0.82626 -0.29531 0.24947 -0.29531 0.24947 0 0 136.14766 0.76537
fb: -0.16281 0.97553 0.08050 -0.07927
fb: -0.18222 0.96389 0.18072 0.10879
target: 0.00000 0.14760
dist/lin/ang/drive_left/drive_right/tv_l/tv_r/av_l/av_r/x/y/theta/t_err: 0.61444 0.00000 1.12832 -1.14612 0.78167 -0.12253 0.08144 -0.12253 0.08144 0 0 144.79516 0.61444
fb: -0.16877 0.93101 0.17817 -0.18011
fb: -0.15112 0.87980 0.17817 -0.18011
target: 0.00000 0.00766
dist/lin/ang/drive_left/drive_right/tv_l/tv_r/av_l/av_r/x/y/theta/t_err: 0.46806 0.00000 0.05853 -1.03092 0.72868 0.12164 0.00322 0.12164 0.00322 0 0 153.18223 0.46806
fb: -0.15112 0.81535 0.24380 -0.24854
fb: -0.15333 0.74156 0.24380 -0.24854
target: 0.00000 -0.08582
dist/lin/ang/drive_left/drive_right/tv_l/tv_r/av_l/av_r/x/y/theta/t_err: 0.33570 0.00000 -0.65604 -0.89489 0.58822 0.16153 -0.17161 0.16153 -0.17161 0 0 160.76594 0.33570
fb: -0.17077 0.65690 0.23673 -0.24334
fb: -0.17254 0.57887 0.23673 -0.24334
target: 0.00000 -0.12976
dist/lin/ang/drive_left/drive_right/tv_l/tv_r/av_l/av_r/x/y/theta/t_err: 0.22525 0.00000 -0.99197 -0.75140 0.40633 0.21694 -0.21867 0.21694 -0.21867 0 0 167.09425 0.22525
fb: -0.18424 0.51393 0.29321 -0.09803
fb: -0.20366 0.45310 0.30389 -0.08735
target: 0.00000 -0.14156
dist/lin/ang/drive_left/drive_right/tv_l/tv_r/av_l/av_r/x/y/theta/t_err: 0.13874 0.00000 -1.08222 -0.65676 0.24945 0.22297 -0.17708 0.22297 -0.17708 0 0 172.05089 0.13874
fb: -0.19395 0.39248 0.25825 -0.05263
fb: -0.17829 0.32755 0.24964 -0.06125
target: 0.00000 -0.14841
dist/lin/ang/drive_left/drive_right/tv_l/tv_r/av_l/av_r/x/y/theta/t_err: 0.07153 0.00000 -1.13458 -0.50583 0.14926 0.27106 -0.07444 0.27106 -0.07444 0 0 175.90191 0.07153
fb: -0.16858 0.25961 0.14873 -0.15660
fb: -0.13968 0.19140 0.14873 -0.15660
target: 0.00000 -0.13347
dist/lin/ang/drive_left/drive_right/tv_l/tv_r/av_l/av_r/x/y/theta/t_err: 0.02391 0.00000 -1.02036 -0.33107 0.05172 0.22483 -0.07547 0.22483 -0.07547 0 0 178.62979 0.02391
fb: -0.10878 0.12660 0.10604 -0.11360
fb: -0.08915 0.06821 0.10604 -0.11360
target: 0.00000 -0.09308
dist/lin/ang/drive_left/drive_right/tv_l/tv_r/av_l/av_r/x/y/theta/t_err: -0.00303 0.00000 -0.71154 -0.15736 -0.02093 0.13347 -0.12936 0.13347 -0.12936 0 0 180.17344 -0.00303
fb: -0.08517 0.02000 0.04079 -0.04754
fb: -0.08142 -0.01616 0.04079 -0.04754
target: 0.00000 -0.04157
dist/lin/ang/drive_left/drive_right/tv_l/tv_r/av_l/av_r/x/y/theta/t_err: -0.01175 0.00000 -0.31778 -0.06526 -0.09759 0.08625 -0.09275 0.08625 -0.09275 0 0 180.67351 -0.01175
fb: -0.06024 -0.03978 -0.08843 0.09250
fb: -0.03884 -0.05031 -0.08843 0.09250
final error was -0.48616
position: 1.19408 -1.19329 180.48616
took 0.72000 time to finish turn
decreased to 135.00000
decreased to 90.00000
target: 0.00000 0.78486
dist/lin/ang/drive_left/drive_right/tv_l/tv_r/av_l/av_r/x/y/theta/t_err: 1.57080 0.00000 6.00000 0.00000 0.00000 0.00000 -0.00050 0.00000 -0.00050 0 0 -0.00009 1.57080
fb: 0.00000 0.00000 -1.00000 1.00000
fb: 0.00000 0.00000 -1.00000 1.00000
target: 0.00000 0.78486
dist/lin/ang/drive_left/drive_right/tv_l/tv_r/av_l/av_r/x/y/theta/t_err: 1.57079 0.00000 6.00000 0.00000 0.00000 -0.13842 0.10472 -0.13842 0.10472 0 0 0.00023 1.57079
fb: 0.00000 0.00000 -0.56488 0.58547
fb: 0.00000 0.02069 -0.56488 0.58547
target: 0.00000 0.78486
dist/lin/ang/drive_left/drive_right/tv_l/tv_r/av_l/av_r/x/y/theta/t_err: 1.57081 0.00000 6.00000 -0.02069 0.02069 -0.38944 0.40092 -0.38944 0.40092 0 0 -0.00063 1.57081
fb: 0.00000 0.07156 -0.56488 0.58547
fb: 0.00000 0.12312 -0.56488 0.58547
target: 0.00000 0.78486
dist/lin/ang/drive_left/drive_right/tv_l/tv_r/av_l/av_r/x/y/theta/t_err: 1.56549 0.00000 6.00000 -0.12312 0.12312 -0.28181 0.46372 -0.28181 0.46372 0 0 0.30422 1.56549
fb: 0.00000 0.15614 -0.56488 0.58547
fb: 0.00000 0.18645 -0.56488 0.58547
target: 0.00000 0.78486
dist/lin/ang/drive_left/drive_right/tv_l/tv_r/av_l/av_r/x/y/theta/t_err: 1.54557 0.00000 6.00000 -0.18645 0.18645 -0.49606 0.53469 -0.49606 0.53469 0 0 1.44540 1.54557
fb: 0.00000 0.22401 -0.56488 0.58547
fb: 0.00000 0.26414 -0.56488 0.58547
target: 0.00000 0.78486
dist/lin/ang/drive_left/drive_right/tv_l/tv_r/av_l/av_r/x/y/theta/t_err: 1.51566 0.00000 6.00000 -0.26414 0.26414 -0.53694 0.55269 -0.53694 0.55269 0 0 3.15924 1.51566
fb: 0.00000 0.31089 -0.56488 0.58547
fb: 0.00000 0.35869 -0.56488 0.58547
target: 0.00000 0.78486
dist/lin/ang/drive_left/drive_right/tv_l/tv_r/av_l/av_r/x/y/theta/t_err: 1.47356 0.00000 6.00000 -0.35869 0.35869 -0.54192 0.56003 -0.54192 0.56003 0 0 5.57103 1.47356
fb: 0.00000 0.39994 -0.56488 0.58547
fb: 0.00000 0.43965 -0.56488 0.58547
target: 0.00000 0.78486
dist/lin/ang/drive_left/drive_right/tv_l/tv_r/av_l/av_r/x/y/theta/t_err: 1.41738 0.00000 6.00000 -0.43965 0.43965 -0.54278 0.55933 -0.54278 0.55933 0 0 8.79001 1.41738
fb: 0.01169 0.48432 -0.56488 0.58547
fb: 0.02714 0.52626 -0.56488 0.58547
target: 0.00000 0.78486
dist/lin/ang/drive_left/drive_right/tv_l/tv_r/av_l/av_r/x/y/theta/t_err: 1.34860 0.00000 6.00000 -0.49912 0.55340 -0.54278 0.55883 -0.54278 0.55883 0 0 12.73068 1.34860
fb: 0.02317 0.55768 -0.56488 0.58547
fb: 0.00772 0.58604 -0.56488 0.58547
target: 0.00000 0.78486
dist/lin/ang/drive_left/drive_right/tv_l/tv_r/av_l/av_r/x/y/theta/t_err: 1.26730 0.00000 6.00000 -0.57832 0.59377 -0.54294 0.56178 -0.54294 0.56178 0 0 17.38901 1.26730
fb: 0.00000 0.61705 -0.56488 0.58547
fb: 0.00199 0.64520 -0.56488 0.58547
target: 0.00000 0.78486
dist/lin/ang/drive_left/drive_right/tv_l/tv_r/av_l/av_r/x/y/theta/t_err: 1.17673 0.00000 6.00000 -0.64321 0.64718 -0.54381 0.56036 -0.54381 0.56036 0 0 22.57808 1.17673
fb: 0.00199 0.67140 -0.56488 0.58547
fb: 0.00000 0.69927 -0.56488 0.58547
target: 0.00000 0.78486
dist/lin/ang/drive_left/drive_right/tv_l/tv_r/av_l/av_r/x/y/theta/t_err: 1.07735 0.00000 6.00000 -0.69927 0.69927 -0.54636 0.56258 -0.54636 0.56258 0 0 28.27243 1.07735
fb: 0.00000 0.72532 -0.56488 0.58547
fb: 0.00000 0.74832 -0.56488 0.58547
target: 0.00000 0.66847
dist/lin/ang/drive_left/drive_right/tv_l/tv_r/av_l/av_r/x/y/theta/t_err: 0.96972 0.00000 5.11021 -0.74832 0.74832 -0.54925 0.56583 -0.54925 0.56583 0 0 34.43909 0.96972
fb: 0.00000 0.76873 -0.31231 0.33057
fb: 0.00000 0.78964 -0.31231 0.33057
target: 0.00000 0.52235
dist/lin/ang/drive_left/drive_right/tv_l/tv_r/av_l/av_r/x/y/theta/t_err: 0.85479 0.00000 3.99321 -0.78964 0.78964 -0.49692 0.48339 -0.49692 0.48339 0 0 41.02389 0.85479
fb: 0.00000 0.80531 -0.16983 0.18517
fb: 0.00000 0.80705 -0.16983 0.18517
target: 0.00000 0.37358
dist/lin/ang/drive_left/drive_right/tv_l/tv_r/av_l/av_r/x/y/theta/t_err: 0.73372 0.00000 2.85589 -0.80705 0.80705 -0.31278 0.30267 -0.31278 0.30267 0 0 47.96068 0.73372
fb: 0.00000 0.79932 -0.06616 0.07853
fb: -0.03883 0.78845 -0.06616 0.07853
target: 0.00000 0.23739
dist/lin/ang/drive_left/drive_right/tv_l/tv_r/av_l/av_r/x/y/theta/t_err: 0.61086 0.00000 1.81479 -0.82728 0.74962 -0.17586 0.17403 -0.17586 0.17403 0 0 55.00052 0.61086
fb: -0.08340 0.77877 0.08425 -0.08440
fb: -0.08516 0.75981 0.08425 -0.08440
target: 0.00000 0.11950
dist/lin/ang/drive_left/drive_right/tv_l/tv_r/av_l/av_r/x/y/theta/t_err: 0.49079 0.00000 0.91357 -0.84498 0.67465 -0.06144 0.04569 -0.06144 0.04569 0 0 61.88005 0.49079
fb: -0.07369 0.70874 0.13579 -0.13829
fb: -0.06398 0.63739 0.13579 -0.13829
target: 0.00000 0.01991
dist/lin/ang/drive_left/drive_right/tv_l/tv_r/av_l/av_r/x/y/theta/t_err: 0.37700 0.00000 0.15224 -0.70138 0.57341 0.07186 -0.07906 0.07186 -0.07906 0 0 68.39936 0.37700
fb: -0.08340 0.56681 0.17506 -0.17956
fb: -0.11826 0.48968 0.17506 -0.17956
target: 0.00000 -0.01745
dist/lin/ang/drive_left/drive_right/tv_l/tv_r/av_l/av_r/x/y/theta/t_err: 0.28215 0.00000 -0.13340 -0.60795 0.37142 0.12681 -0.12714 0.12681 -0.12714 0 0 73.83414 0.28215
fb: -0.13173 0.41868 0.10676 -0.11200
fb: -0.13195 0.35040 0.10676 -0.11200
target: 0.00000 -0.01859
dist/lin/ang/drive_left/drive_right/tv_l/tv_r/av_l/av_r/x/y/theta/t_err: 0.20990 0.00000 -0.14209 -0.48235 0.21845 0.14308 -0.14408 0.14308 -0.14408 0 0 77.97356 0.20990
fb: -0.11055 0.28288 0.05318 -0.05845
fb: -0.07944 0.21704 0.05318 -0.05845
target: 0.00000 -0.00178
dist/lin/ang/drive_left/drive_right/tv_l/tv_r/av_l/av_r/x/y/theta/t_err: 0.15889 0.00000 -0.01363 -0.29648 0.13760 0.08572 -0.09311 0.08572 -0.09311 0 0 80.89603 0.15889
fb: -0.06399 0.15475 -0.06303 0.06789
fb: -0.06399 0.10486 -0.06303 0.06789
target: 0.00000 0.03278
dist/lin/ang/drive_left/drive_right/tv_l/tv_r/av_l/av_r/x/y/theta/t_err: 0.12805 0.00000 0.25057 -0.16885 0.04087 0.00753 -0.02378 0.00753 -0.02378 0 0 82.66345 0.12805
fb: -0.08341 0.07170 -0.11282 0.11837
fb: -0.09709 0.05219 -0.11282 0.11837
target: 0.00000 0.06991
dist/lin/ang/drive_left/drive_right/tv_l/tv_r/av_l/av_r/x/y/theta/t_err: 0.11309 0.00000 0.53447 -0.14928 -0.04490 -0.08061 0.06828 -0.08061 0.06828 0 0 83.52069 0.11309
fb: -0.09113 0.04452 -0.14157 0.14786
fb: -0.08716 0.04139 -0.14157 0.14786
target: 0.00000 0.08541
dist/lin/ang/drive_left/drive_right/tv_l/tv_r/av_l/av_r/x/y/theta/t_err: 0.10526 0.00000 0.65292 -0.12855 -0.04577 -0.12081 0.11378 -0.12081 0.11378 0 0 83.96929 0.10526
fb: -0.07767 0.04181 -0.11949 0.12609
fb: -0.05627 0.04724 -0.11949 0.12609
target: 0.00000 0.08345
dist/lin/ang/drive_left/drive_right/tv_l/tv_r/av_l/av_r/x/y/theta/t_err: 0.09887 0.00000 0.63794 -0.10351 -0.00903 -0.13417 0.13328 -0.13417 0.13328 0 0 84.33528 0.09887
fb: -0.03884 0.04940 -0.09200 0.09856
fb: -0.02339 0.05017 -0.09200 0.09856
target: 0.00000 0.07265
dist/lin/ang/drive_left/drive_right/tv_l/tv_r/av_l/av_r/x/y/theta/t_err: 0.09156 0.00000 0.55540 -0.07356 0.02678 -0.11172 0.11258 -0.11172 0.11258 0 0 84.75379 0.09156
fb: -0.02317 0.05017 -0.07150 0.07785
fb: -0.03288 0.05163 -0.07150 0.07785
target: 0.00000 0.06326
dist/lin/ang/drive_left/drive_right/tv_l/tv_r/av_l/av_r/x/y/theta/t_err: 0.08388 0.00000 0.48359 -0.08451 0.01875 -0.08367 0.08536 -0.08367 0.08536 0 0 85.19386 0.08388
fb: -0.03685 0.05247 -0.06732 0.07347
fb: -0.02714 0.05024 -0.06732 0.07347
target: 0.00000 0.05396
dist/lin/ang/drive_left/drive_right/tv_l/tv_r/av_l/av_r/x/y/theta/t_err: 0.07594 0.00000 0.41249 -0.07738 0.02310 -0.06914 0.06967 -0.06914 0.06967 0 0 85.64910 0.07594
fb: -0.01169 0.04668 -0.06122 0.06720
fb: -0.00772 0.04410 -0.06122 0.06720
target: 0.00000 0.04726
dist/lin/ang/drive_left/drive_right/tv_l/tv_r/av_l/av_r/x/y/theta/t_err: 0.06838 0.00000 0.36130 -0.05183 0.03638 -0.06278 0.06847 -0.06278 0.06847 0 0 86.08187 0.06838
fb: -0.00772 0.04146 -0.06065 0.06648
fb: -0.00794 0.03832 -0.06065 0.06648
target: 0.00000 0.04320
dist/lin/ang/drive_left/drive_right/tv_l/tv_r/av_l/av_r/x/y/theta/t_err: 0.06173 0.00000 0.33022 -0.04627 0.03038 -0.06058 0.05833 -0.06058 0.05833 0 0 86.46332 0.06173
fb: -0.01169 0.03498 -0.06186 0.06762
fb: -0.01920 0.03010 -0.06186 0.06762
target: 0.00000 0.04031
dist/lin/ang/drive_left/drive_right/tv_l/tv_r/av_l/av_r/x/y/theta/t_err: 0.05602 0.00000 0.30814 -0.04930 0.01090 -0.06214 0.05767 -0.06214 0.05767 0 0 86.79047 0.05602
fb: -0.01545 0.02662 -0.06170 0.06740
fb: -0.00794 0.02313 -0.06170 0.06740
target: 0.00000 0.03950
dist/lin/ang/drive_left/drive_right/tv_l/tv_r/av_l/av_r/x/y/theta/t_err: 0.05150 0.00000 0.30199 -0.03108 0.01519 -0.05867 0.05750 -0.05867 0.05750 0 0 87.04923 0.05150
fb: -0.00397 0.01860 -0.06429 0.06997
fb: -0.00375 0.01421 -0.06429 0.06997
target: 0.00000 0.03971
dist/lin/ang/drive_left/drive_right/tv_l/tv_r/av_l/av_r/x/y/theta/t_err: 0.04812 0.00000 0.30357 -0.01797 0.01046 -0.05833 0.05697 -0.05833 0.05697 0 0 87.24292 0.04812
fb: -0.00375 0.01101 -0.06594 0.07163
fb: -0.00772 0.00822 -0.06594 0.07163
target: 0.00000 0.04215
dist/lin/ang/drive_left/drive_right/tv_l/tv_r/av_l/av_r/x/y/theta/t_err: 0.04611 0.00000 0.32221 -0.01594 0.00050 -0.05833 0.05972 -0.05833 0.05972 0 0 87.35812 0.04611
fb: -0.01169 0.00711 -0.07092 0.07666
fb: -0.00794 0.00690 -0.07092 0.07666
target: 0.00000 0.04369
dist/lin/ang/drive_left/drive_right/tv_l/tv_r/av_l/av_r/x/y/theta/t_err: 0.04493 0.00000 0.33400 -0.01484 -0.00105 -0.05989 0.06742 -0.05989 0.06742 0 0 87.42546 0.04493
fb: -0.00397 0.00599 -0.07061 0.07637
fb: -0.00375 0.00488 -0.07061 0.07637
target: 0.00000 0.04318
dist/lin/ang/drive_left/drive_right/tv_l/tv_r/av_l/av_r/x/y/theta/t_err: 0.04393 0.00000 0.33006 -0.00863 0.00113 -0.06825 0.06725 -0.06825 0.06725 0 0 87.48328 0.04393
fb: -0.00375 0.00327 -0.06718 0.07293
fb: 0.00000 0.00209 -0.06718 0.07293
target: 0.00000 0.04374
dist/lin/ang/drive_left/drive_right/tv_l/tv_r/av_l/av_r/x/y/theta/t_err: 0.04329 0.00000 0.33437 -0.00209 0.00209 -0.06756 0.06725 -0.06756 0.06725 0 0 87.51980 0.04329
fb: -0.00397 0.00146 -0.06918 0.07494
fb: -0.00397 0.00098 -0.06918 0.07494
target: 0.00000 0.04452
dist/lin/ang/drive_left/drive_right/tv_l/tv_r/av_l/av_r/x/y/theta/t_err: 0.04298 0.00000 0.34034 -0.00495 -0.00300 -0.05783 0.06742 -0.05783 0.06742 0 0 87.53736 0.04298
fb: 0.00000 0.00000 -0.07002 0.07580
fb: 0.00000 0.00000 -0.07002 0.07580
target: 0.00000 0.04510
dist/lin/ang/drive_left/drive_right/tv_l/tv_r/av_l/av_r/x/y/theta/t_err: 0.04288 0.00000 0.34480 0.00000 0.00000 -0.05922 0.06742 -0.05922 0.06742 0 0 87.54306 0.04288
fb: 0.00000 0.00000 -0.07012 0.07592
fb: 0.00000 0.00000 -0.07012 0.07592
target: 0.00000 0.04565
dist/lin/ang/drive_left/drive_right/tv_l/tv_r/av_l/av_r/x/y/theta/t_err: 0.04293 0.00000 0.34895 0.00000 0.00000 -0.06758 0.06742 -0.06758 0.06742 0 0 87.54032 0.04293
fb: 0.00000 0.00000 -0.07042 0.07623
fb: 0.00000 0.00000 -0.07042 0.07623
target: 0.00000 0.04565
dist/lin/ang/drive_left/drive_right/tv_l/tv_r/av_l/av_r/x/y/theta/t_err: 0.04297 0.00000 0.34898 0.00000 0.00000 -0.06808 0.06775 -0.06808 0.06775 0 0 87.53819 0.04297
fb: 0.00000 0.00000 -0.06961 0.07542
fb: 0.00000 0.00000 -0.06961 0.07542
target: 0.00000 0.04563
dist/lin/ang/drive_left/drive_right/tv_l/tv_r/av_l/av_r/x/y/theta/t_err: 0.04299 0.00000 0.34883 0.00000 0.00000 -0.06722 0.06758 -0.06722 0.06758 0 0 87.53683 0.04299
fb: 0.00000 0.00000 -0.06957 0.07537
fb: 0.00000 0.00000 -0.06957 0.07537
final error was 2.46360
position: -0.13184 -0.73576 87.53640
took 0.86000 time to finish turn
target: 0.00000 0.78486
dist/lin/ang/drive_left/drive_right/tv_l/tv_r/av_l/av_r/x/y/theta/t_err: 1.57079 0.00000 6.00000 0.00000 0.00000 -0.00017 0.00000 -0.00017 0.00000 0 0 0.00014 1.57079
fb: 0.00000 0.00000 -1.00000 1.00000
fb: 0.00000 0.00000 -1.00000 1.00000
target: 0.00000 0.78486
dist/lin/ang/drive_left/drive_right/tv_l/tv_r/av_l/av_r/x/y/theta/t_err: 1.57079 0.00000 6.00000 0.00000 0.00000 -0.02875 0.06708 -0.02875 0.06708 0 0 0.00031 1.57079
fb: 0.00000 0.00000 -0.56488 0.58547
fb: 0.00000 0.02313 -0.56488 0.58547
target: 0.00000 0.78486
dist/lin/ang/drive_left/drive_right/tv_l/tv_r/av_l/av_r/x/y/theta/t_err: 1.57080 0.00000 6.00000 -0.02313 0.02313 -0.47483 0.35844 -0.47483 0.35844 0 0 -0.00037 1.57080
fb: 0.00000 0.07671 -0.56488 0.58547
fb: 0.00000 0.12695 -0.56488 0.58547
target: 0.00000 0.78486
dist/lin/ang/drive_left/drive_right/tv_l/tv_r/av_l/av_r/x/y/theta/t_err: 1.56501 0.00000 6.00000 -0.12695 0.12695 -0.43239 0.32306 -0.43239 0.32306 0 0 0.33125 1.56501
fb: 0.00000 0.15823 -0.56488 0.58547
fb: 0.00000 0.19878 -0.56488 0.58547
target: 0.00000 0.78486
dist/lin/ang/drive_left/drive_right/tv_l/tv_r/av_l/av_r/x/y/theta/t_err: 1.54469 0.00000 6.00000 -0.19878 0.19878 -0.52086 0.51181 -0.52086 0.51181 0 0 1.49570 1.54469
fb: 0.00000 0.24442 -0.56488 0.58547
fb: 0.00000 0.28825 -0.56488 0.58547
target: 0.00000 0.78486
dist/lin/ang/drive_left/drive_right/tv_l/tv_r/av_l/av_r/x/y/theta/t_err: 1.51262 0.00000 6.00000 -0.28825 0.28825 -0.53983 0.54942 -0.53983 0.54942 0 0 3.33308 1.51262
fb: 0.00000 0.34141 -0.56488 0.58547
fb: 0.00000 0.39234 -0.56488 0.58547
target: 0.00000 0.78486
dist/lin/ang/drive_left/drive_right/tv_l/tv_r/av_l/av_r/x/y/theta/t_err: 1.46654 0.00000 6.00000 -0.39234 0.39234 -0.53933 0.55661 -0.53933 0.55661 0 0 5.97319 1.46654
fb: 0.00000 0.43171 -0.56488 0.58547
fb: 0.00000 0.46516 -0.56488 0.58547
target: 0.00000 0.78486
dist/lin/ang/drive_left/drive_right/tv_l/tv_r/av_l/av_r/x/y/theta/t_err: 1.40539 0.00000 6.00000 -0.46516 0.46516 -0.54036 0.56122 -0.54036 0.56122 0 0 9.47726 1.40539
fb: 0.00000 0.50013 -0.56488 0.58547
fb: 0.00000 0.53379 -0.56488 0.58547
target: 0.00000 0.78486
dist/lin/ang/drive_left/drive_right/tv_l/tv_r/av_l/av_r/x/y/theta/t_err: 1.33314 0.00000 6.00000 -0.53379 0.53379 -0.54342 0.56039 -0.54342 0.56039 0 0 13.61685 1.33314
fb: 0.00000 0.56570 -0.56488 0.58547
fb: 0.00000 0.59670 -0.56488 0.58547
target: 0.00000 0.78486
dist/lin/ang/drive_left/drive_right/tv_l/tv_r/av_l/av_r/x/y/theta/t_err: 1.25059 0.00000 6.00000 -0.59670 0.59670 -0.54311 0.56058 -0.54311 0.56058 0 0 18.34635 1.25059
fb: 0.00000 0.62708 -0.56488 0.58547
fb: 0.00000 0.65642 -0.56488 0.58547
target: 0.00000 0.78486
dist/lin/ang/drive_left/drive_right/tv_l/tv_r/av_l/av_r/x/y/theta/t_err: 1.15848 0.00000 6.00000 -0.65642 0.65642 -0.54481 0.56142 -0.54481 0.56142 0 0 23.62425 1.15848
fb: 0.00000 0.68589 -0.56488 0.58547
fb: 0.00000 0.71501 -0.56488 0.58547
target: 0.00000 0.78267
dist/lin/ang/drive_left/drive_right/tv_l/tv_r/av_l/av_r/x/y/theta/t_err: 1.05727 0.00000 5.98326 -0.71501 0.71501 -0.54669 0.56344 -0.54669 0.56344 0 0 29.42270 1.05727
fb: -0.00574 0.73856 -0.56013 0.58068
fb: -0.03486 0.75738 -0.56013 0.58068
target: 0.00000 0.63756
dist/lin/ang/drive_left/drive_right/tv_l/tv_r/av_l/av_r/x/y/theta/t_err: 0.94745 0.00000 4.87395 -0.79223 0.72252 -0.54636 0.56294 -0.54636 0.56294 0 0 35.71494 0.94745
fb: -0.06023 0.77528 -0.24853 0.26617
fb: -0.06222 0.79193 -0.24853 0.26617
target: 0.00000 0.49318
dist/lin/ang/drive_left/drive_right/tv_l/tv_r/av_l/av_r/x/y/theta/t_err: 0.83126 0.00000 3.77018 -0.85415 0.72972 -0.49058 0.53092 -0.49058 0.53092 0 0 42.37249 0.83126
fb: -0.06972 0.80887 -0.15288 0.16763
fb: -0.07545 0.80880 -0.15288 0.16763
target: 0.00000 0.34684
dist/lin/ang/drive_left/drive_right/tv_l/tv_r/av_l/av_r/x/y/theta/t_err: 0.70978 0.00000 2.65149 -0.88425 0.73334 -0.27653 0.28956 -0.27653 0.28956 0 0 49.33271 0.70978
fb: -0.06795 0.79988 -0.05190 0.06374
fb: -0.06795 0.79249 -0.05190 0.06374
target: 0.00000 0.21137
dist/lin/ang/drive_left/drive_right/tv_l/tv_r/av_l/av_r/x/y/theta/t_err: 0.58676 0.00000 1.61585 -0.86044 0.72454 -0.16922 0.17625 -0.16922 0.17625 0 0 56.38103 0.58676
fb: -0.06795 0.77932 0.10061 -0.10128
fb: -0.06972 0.74449 0.10061 -0.10128
target: 0.00000 0.09253
dist/lin/ang/drive_left/drive_right/tv_l/tv_r/av_l/av_r/x/y/theta/t_err: 0.46636 0.00000 0.70740 -0.81420 0.67477 -0.04397 0.07461 -0.04397 0.07461 0 0 63.27933 0.46636
fb: -0.08340 0.68415 0.15528 -0.15832
fb: -0.09708 0.61259 0.15528 -0.15832
target: 0.00000 0.00559
dist/lin/ang/drive_left/drive_right/tv_l/tv_r/av_l/av_r/x/y/theta/t_err: 0.35521 0.00000 0.04272 -0.70967 0.51551 0.08983 -0.08131 0.08983 -0.08131 0 0 69.64807 0.35521
fb: -0.11429 0.53546 0.16570 -0.17048
fb: -0.11429 0.46000 0.16570 -0.17048
target: 0.00000 -0.02197
dist/lin/ang/drive_left/drive_right/tv_l/tv_r/av_l/av_r/x/y/theta/t_err: 0.26458 0.00000 -0.16796 -0.57429 0.34571 0.13825 -0.14031 0.13825 -0.14031 0 0 74.84074 0.26458
fb: -0.10856 0.38600 0.09508 -0.10041
fb: -0.09709 0.31563 0.09508 -0.10041
target: 0.00000 -0.01612
dist/lin/ang/drive_left/drive_right/tv_l/tv_r/av_l/av_r/x/y/theta/t_err: 0.19713 0.00000 -0.12326 -0.41272 0.21854 0.13550 -0.14325 0.13550 -0.14325 0 0 78.70539 0.19713
fb: -0.07370 0.24637 0.04106 -0.04627
fb: -0.06973 0.17837 0.04106 -0.04627
target: 0.00000 0.00833
dist/lin/ang/drive_left/drive_right/tv_l/tv_r/av_l/av_r/x/y/theta/t_err: 0.15150 0.00000 0.06371 -0.24810 0.10864 0.07478 -0.08556 0.07478 -0.08556 0 0 81.31956 0.15150
fb: -0.08341 0.11531 -0.08129 0.08635
fb: -0.08937 0.07142 -0.08129 0.08635
target: 0.00000 0.05105
dist/lin/ang/drive_left/drive_right/tv_l/tv_r/av_l/av_r/x/y/theta/t_err: 0.12659 0.00000 0.39025 -0.16078 -0.01795 0.02378 -0.02669 0.02378 -0.02669 0 0 82.74670 0.12659
fb: -0.08142 0.04661 -0.13730 0.14321
fb: -0.08319 0.03588 -0.13730 0.14321
target: 0.00000 0.08934
dist/lin/ang/drive_left/drive_right/tv_l/tv_r/av_l/av_r/x/y/theta/t_err: 0.11640 0.00000 0.68300 -0.11907 -0.04731 -0.09206 0.07856 -0.09206 0.07856 0 0 83.33059 0.11640
fb: -0.08540 0.03414 -0.15632 0.16300
fb: -0.07569 0.03003 -0.15632 0.16300
target: 0.00000 0.09901
dist/lin/ang/drive_left/drive_right/tv_l/tv_r/av_l/av_r/x/y/theta/t_err: 0.11087 0.00000 0.75687 -0.10572 -0.04566 -0.13567 0.13606 -0.13567 0.13606 0 0 83.64775 0.11087
fb: -0.06399 0.03121 -0.11985 0.12673
fb: -0.04082 0.03414 -0.11985 0.12673
target: 0.00000 0.09653
dist/lin/ang/drive_left/drive_right/tv_l/tv_r/av_l/av_r/x/y/theta/t_err: 0.10610 0.00000 0.73794 -0.07496 -0.00668 -0.14425 0.14614 -0.14425 0.14614 0 0 83.92074 0.10610
fb: -0.02339 0.04006 -0.09998 0.10681
fb: -0.02317 0.04891 -0.09998 0.10681
target: 0.00000 0.08808
dist/lin/ang/drive_left/drive_right/tv_l/tv_r/av_l/av_r/x/y/theta/t_err: 0.10056 0.00000 0.67335 -0.07208 0.02574 -0.10986 0.11447 -0.10986 0.11447 0 0 84.23806 0.10056
fb: -0.03089 0.05748 -0.08536 0.09202
fb: -0.03111 0.05762 -0.08536 0.09202
target: 0.00000 0.07232
dist/lin/ang/drive_left/drive_right/tv_l/tv_r/av_l/av_r/x/y/theta/t_err: 0.09278 0.00000 0.55286 -0.08873 0.02651 -0.08797 0.09667 -0.08797 0.09667 0 0 84.68435 0.09278
fb: -0.01942 0.05295 -0.06383 0.07017
fb: -0.01169 0.04975 -0.06383 0.07017
target: 0.00000 0.06043
dist/lin/ang/drive_left/drive_right/tv_l/tv_r/av_l/av_r/x/y/theta/t_err: 0.08416 0.00000 0.46200 -0.06144 0.03805 -0.07719 0.08436 -0.07719 0.08436 0 0 85.17798 0.08416
fb: -0.00772 0.04773 -0.06169 0.06779
fb: -0.00772 0.04438 -0.06169 0.06779
target: 0.00000 0.05598
dist/lin/ang/drive_left/drive_right/tv_l/tv_r/av_l/av_r/x/y/theta/t_err: 0.07661 0.00000 0.42794 -0.05211 0.03666 -0.06211 0.06794 -0.06211 0.06794 0 0 85.61069 0.07661
fb: -0.00772 0.03804 -0.06985 0.07586
fb: -0.01169 0.03240 -0.06985 0.07586
target: 0.00000 0.05261
dist/lin/ang/drive_left/drive_right/tv_l/tv_r/av_l/av_r/x/y/theta/t_err: 0.07011 0.00000 0.40219 -0.04409 0.02070 -0.06181 0.06228 -0.06181 0.06228 0 0 85.98300 0.07011
fb: -0.01169 0.02843 -0.06922 0.07517
fb: -0.00375 0.02641 -0.06922 0.07517
target: 0.00000 0.05308
dist/lin/ang/drive_left/drive_right/tv_l/tv_r/av_l/av_r/x/y/theta/t_err: 0.06529 0.00000 0.40579 -0.03016 0.02266 -0.05919 0.06844 -0.05919 0.06844 0 0 86.25942 0.06529
fb: -0.00397 0.02376 -0.07529 0.08125
fb: -0.00397 0.01993 -0.07529 0.08125
target: 0.00000 0.05176
dist/lin/ang/drive_left/drive_right/tv_l/tv_r/av_l/av_r/x/y/theta/t_err: 0.06132 0.00000 0.39572 -0.02390 0.01596 -0.06450 0.07031 -0.06450 0.07031 0 0 86.48637 0.06132
fb: 0.00000 0.01554 -0.07173 0.07766
fb: 0.00000 0.01122 -0.07173 0.07766
target: 0.00000 0.05271
dist/lin/ang/drive_left/drive_right/tv_l/tv_r/av_l/av_r/x/y/theta/t_err: 0.05853 0.00000 0.40295 -0.01122 0.01122 -0.06894 0.07444 -0.06894 0.07444 0 0 86.64628 0.05853
fb: 0.00000 0.00683 -0.07576 0.08171
fb: -0.00177 0.00265 -0.07576 0.08171
target: 0.00000 0.05532
dist/lin/ang/drive_left/drive_right/tv_l/tv_r/av_l/av_r/x/y/theta/t_err: 0.05701 0.00000 0.42289 -0.00441 0.00088 -0.06842 0.07100 -0.06842 0.07100 0 0 86.73364 0.05701
fb: -0.00177 0.00000 -0.08000 0.08600
fb: 0.00000 -0.00146 -0.08000 0.08600
target: 0.00000 0.05930
dist/lin/ang/drive_left/drive_right/tv_l/tv_r/av_l/av_r/x/y/theta/t_err: 0.05676 0.00000 0.45332 0.00146 -0.00146 -0.06825 0.07633 -0.06825 0.07633 0 0 86.74804 0.05676
fb: 0.00000 -0.00056 -0.08472 0.09080
fb: 0.00000 0.00063 -0.08472 0.09080
target: 0.00000 0.06125
dist/lin/ang/drive_left/drive_right/tv_l/tv_r/av_l/av_r/x/y/theta/t_err: 0.05701 0.00000 0.46823 -0.00063 0.00063 -0.07167 0.07856 -0.07167 0.07856 0 0 86.73356 0.05701
fb: 0.00000 0.00125 -0.08298 0.08910
fb: 0.00000 0.00146 -0.08298 0.08910
target: 0.00000 0.06013
dist/lin/ang/drive_left/drive_right/tv_l/tv_r/av_l/av_r/x/y/theta/t_err: 0.05695 0.00000 0.45971 -0.00146 0.00146 -0.07733 0.08231 -0.07733 0.08231 0 0 86.73710 0.05695
fb: 0.00000 0.00153 -0.07764 0.08374
fb: 0.00000 0.00105 -0.07764 0.08374
target: 0.00000 0.05948
dist/lin/ang/drive_left/drive_right/tv_l/tv_r/av_l/av_r/x/y/theta/t_err: 0.05675 0.00000 0.45474 -0.00105 0.00105 -0.07408 0.07717 -0.07408 0.07717 0 0 86.74825 0.05675
fb: 0.00000 0.00056 -0.07790 0.08399
fb: 0.00000 0.00063 -0.07790 0.08399
target: 0.00000 0.05980
dist/lin/ang/drive_left/drive_right/tv_l/tv_r/av_l/av_r/x/y/theta/t_err: 0.05668 0.00000 0.45716 -0.00063 0.00063 -0.06842 0.07700 -0.06842 0.07700 0 0 86.75259 0.05668
fb: 0.00000 0.00000 -0.07956 0.08565
fb: 0.00000 0.00070 -0.07956 0.08565
target: 0.00000 0.05998
dist/lin/ang/drive_left/drive_right/tv_l/tv_r/av_l/av_r/x/y/theta/t_err: 0.05666 0.00000 0.45854 -0.00070 0.00070 -0.06842 0.07683 -0.06842 0.07683 0 0 86.75353 0.05666
fb: 0.00000 0.00070 -0.07948 0.08558
fb: 0.00000 0.00091 -0.07948 0.08558
target: 0.00000 0.05971
dist/lin/ang/drive_left/drive_right/tv_l/tv_r/av_l/av_r/x/y/theta/t_err: 0.05659 0.00000 0.45643 -0.00091 0.00091 -0.06842 0.07667 -0.06842 0.07667 0 0 86.75784 0.05659
fb: 0.00000 0.00139 -0.07861 0.08470
fb: 0.00000 0.00174 -0.07861 0.08470
target: 0.00000 0.05923
dist/lin/ang/drive_left/drive_right/tv_l/tv_r/av_l/av_r/x/y/theta/t_err: 0.05642 0.00000 0.45282 -0.00174 0.00174 -0.06825 0.07683 -0.06825 0.07683 0 0 86.76727 0.05642
fb: 0.00000 0.00223 -0.07800 0.08408
fb: 0.00000 0.00223 -0.07800 0.08408
final error was 3.21719
position: -0.25788 -0.77624 86.78281
took 0.86000 time to finish turn
decreased kd to 10.00000
decreased kd to 9.80000
decreased kd to 9.60000
decreased kd to 9.40000
decreased kd to 9.20000
decreased kd to 9.00000
decreased kd to 8.80000
decreased kd to 8.60000
decreased kd to 8.40000
decreased kd to 8.20000
target: 0.00000 0.78486
dist/lin/ang/drive_left/drive_right/tv_l/tv_r/av_l/av_r/x/y/theta/t_err: 1.57082 0.00000 6.00000 0.00000 0.00000 -0.00017 0.00000 -0.00017 0.00000 0 0 -0.00122 1.57082
fb: 0.00000 0.00000 -1.00000 1.00000
fb: 0.00000 0.00000 -1.00000 1.00000
target: 0.00000 0.78486
dist/lin/ang/drive_left/drive_right/tv_l/tv_r/av_l/av_r/x/y/theta/t_err: 1.57082 0.00000 6.00000 0.00000 0.00000 -0.02822 0.05528 -0.02822 0.05528 0 0 -0.00164 1.57082
fb: 0.00000 0.00000 -0.56488 0.58547
fb: 0.00000 0.01380 -0.56488 0.58547
target: 0.00000 0.78486
dist/lin/ang/drive_left/drive_right/tv_l/tv_r/av_l/av_r/x/y/theta/t_err: 1.57084 0.00000 6.00000 -0.01380 0.01380 -0.38464 0.46456 -0.38464 0.46456 0 0 -0.00248 1.57084
fb: 0.00000 0.06306 -0.56488 0.58547
fb: 0.00000 0.12437 -0.56488 0.58547
target: 0.00000 0.78486
dist/lin/ang/drive_left/drive_right/tv_l/tv_r/av_l/av_r/x/y/theta/t_err: 1.56649 0.00000 6.00000 -0.12437 0.12437 -0.51281 0.50956 -0.51281 0.50956 0 0 0.24645 1.56649
fb: 0.00000 0.17948 -0.56488 0.58547
fb: 0.00000 0.22944 -0.56488 0.58547
target: 0.00000 0.78486
dist/lin/ang/drive_left/drive_right/tv_l/tv_r/av_l/av_r/x/y/theta/t_err: 1.54550 0.00000 6.00000 -0.22944 0.22944 -0.53489 0.54683 -0.53489 0.54683 0 0 1.44912 1.54550
fb: 0.00000 0.27815 -0.56488 0.58547
fb: 0.00000 0.32455 -0.56488 0.58547
target: 0.00000 0.78486
dist/lin/ang/drive_left/drive_right/tv_l/tv_r/av_l/av_r/x/y/theta/t_err: 1.50863 0.00000 6.00000 -0.32455 0.32455 -0.54122 0.55561 -0.54122 0.55561 0 0 3.56175 1.50863
fb: 0.00000 0.36796 -0.56488 0.58547
fb: 0.00000 0.41088 -0.56488 0.58547
target: 0.00000 0.78486
dist/lin/ang/drive_left/drive_right/tv_l/tv_r/av_l/av_r/x/y/theta/t_err: 1.45755 0.00000 6.00000 -0.41088 0.41088 -0.54122 0.55869 -0.54122 0.55869 0 0 6.48826 1.45755
fb: 0.00000 0.45296 -0.56488 0.58547
fb: 0.00000 0.49094 -0.56488 0.58547
target: 0.00000 0.78486
dist/lin/ang/drive_left/drive_right/tv_l/tv_r/av_l/av_r/x/y/theta/t_err: 1.39333 0.00000 6.00000 -0.49094 0.49094 -0.54136 0.55886 -0.54136 0.55886 0 0 10.16802 1.39333
fb: 0.00000 0.52417 -0.56488 0.58547
fb: 0.00000 0.55817 -0.56488 0.58547
target: 0.00000 0.78486
dist/lin/ang/drive_left/drive_right/tv_l/tv_r/av_l/av_r/x/y/theta/t_err: 1.31728 0.00000 6.00000 -0.55817 0.55817 -0.54447 0.56072 -0.54447 0.56072 0 0 14.52567 1.31728
fb: 0.00000 0.58994 -0.56488 0.58547
fb: 0.00000 0.61809 -0.56488 0.58547
target: 0.00000 0.78486
dist/lin/ang/drive_left/drive_right/tv_l/tv_r/av_l/av_r/x/y/theta/t_err: 1.23098 0.00000 6.00000 -0.61809 0.61809 -0.54514 0.56122 -0.54514 0.56122 0 0 19.46990 1.23098
fb: 0.00000 0.64757 -0.56488 0.58547
fb: 0.00000 0.67627 -0.56488 0.58547
target: 0.00000 0.78486
dist/lin/ang/drive_left/drive_right/tv_l/tv_r/av_l/av_r/x/y/theta/t_err: 1.13561 0.00000 6.00000 -0.67627 0.67627 -0.54636 0.56258 -0.54636 0.56258 0 0 24.93430 1.13561
fb: 0.00000 0.70233 -0.56488 0.58547
fb: 0.00000 0.72741 -0.56488 0.58547
target: 0.00000 0.78486
dist/lin/ang/drive_left/drive_right/tv_l/tv_r/av_l/av_r/x/y/theta/t_err: 1.03153 0.00000 6.00000 -0.72741 0.72741 -0.54769 0.56211 -0.54769 0.56211 0 0 30.89779 1.03153
fb: 0.00000 0.75222 -0.56488 0.58547
fb: 0.00000 0.77131 -0.56488 0.58547
target: 0.00000 0.67453
dist/lin/ang/drive_left/drive_right/tv_l/tv_r/av_l/av_r/x/y/theta/t_err: 0.91968 0.00000 5.15655 -0.77131 0.77131 -0.54669 0.56447 -0.54669 0.56447 0 0 37.30617 0.91968
fb: 0.00000 0.78887 -0.32546 0.34384
fb: -0.00574 0.80601 -0.32546 0.34384
target: 0.00000 0.53197
dist/lin/ang/drive_left/drive_right/tv_l/tv_r/av_l/av_r/x/y/theta/t_err: 0.80141 0.00000 4.06673 -0.81175 0.80027 -0.49414 0.51486 -0.49414 0.51486 0 0 44.08286 0.80141
fb: -0.04655 0.81806 -0.18160 0.19714
fb: -0.07567 0.81507 -0.18160 0.19714
target: 0.00000 0.38752
dist/lin/ang/drive_left/drive_right/tv_l/tv_r/av_l/av_r/x/y/theta/t_err: 0.67802 0.00000 2.96248 -0.89074 0.73939 -0.31944 0.33042 -0.31944 0.33042 0 0 51.15248 0.67802
fb: -0.06972 0.80580 -0.08199 0.09464
fb: -0.07766 0.79584 -0.08199 0.09464
target: 0.00000 0.25451
dist/lin/ang/drive_left/drive_right/tv_l/tv_r/av_l/av_r/x/y/theta/t_err: 0.55402 0.00000 1.94564 -0.87350 0.71818 -0.17692 0.19678 -0.17692 0.19678 0 0 58.25695 0.55402
fb: -0.08538 0.78525 0.06802 -0.06782
fb: -0.09112 0.76107 0.06802 -0.06782
target: 0.00000 0.13402
dist/lin/ang/drive_left/drive_right/tv_l/tv_r/av_l/av_r/x/y/theta/t_err: 0.43294 0.00000 1.02455 -0.85219 0.66995 -0.05750 0.08436 -0.05750 0.08436 0 0 65.19458 0.43294
fb: -0.09884 0.71369 0.12996 -0.13217
fb: -0.11054 0.64562 0.12996 -0.13217
target: 0.00000 0.03111
dist/lin/ang/drive_left/drive_right/tv_l/tv_r/av_l/av_r/x/y/theta/t_err: 0.31864 0.00000 0.23785 -0.75615 0.53508 0.06706 -0.06656 0.06706 -0.06656 0 0 71.74339 0.31864
fb: -0.11826 0.57413 0.17254 -0.17681
fb: -0.12202 0.49742 0.17254 -0.17681
target: 0.00000 -0.02106
dist/lin/ang/drive_left/drive_right/tv_l/tv_r/av_l/av_r/x/y/theta/t_err: 0.22277 0.00000 -0.16097 -0.61943 0.37540 0.12439 -0.13178 0.12439 -0.13178 0 0 77.23646 0.22277
fb: -0.12422 0.42816 0.13139 -0.13670
fb: -0.11849 0.35960 0.13139 -0.13670
target: 0.00000 -0.03892
dist/lin/ang/drive_left/drive_right/tv_l/tv_r/av_l/av_r/x/y/theta/t_err: 0.14927 0.00000 -0.29754 -0.47809 0.24111 0.14392 -0.14800 0.14392 -0.14800 0 0 81.44739 0.14927
fb: -0.10856 0.28748 0.09190 -0.09757
fb: -0.09885 0.21230 0.09190 -0.09757
target: 0.00000 -0.03698
dist/lin/ang/drive_left/drive_right/tv_l/tv_r/av_l/av_r/x/y/theta/t_err: 0.09711 0.00000 -0.28269 -0.31116 0.11345 0.10969 -0.11689 0.10969 -0.11689 0 0 84.43595 0.09711
fb: -0.10283 0.13872 0.06088 -0.06652
fb: -0.11055 0.08068 0.06088 -0.06652
target: 0.00000 -0.00816
dist/lin/ang/drive_left/drive_right/tv_l/tv_r/av_l/av_r/x/y/theta/t_err: 0.06743 0.00000 -0.06242 -0.19123 -0.02987 0.07583 -0.08094 0.07583 -0.08094 0 0 86.13682 0.06743
fb: -0.09687 0.04208 -0.07677 0.08150
fb: -0.07944 0.01735 -0.07677 0.08150
target: 0.00000 0.02991
dist/lin/ang/drive_left/drive_right/tv_l/tv_r/av_l/av_r/x/y/theta/t_err: 0.05632 0.00000 0.22866 -0.09679 -0.06209 0.00378 -0.02772 0.00378 -0.02772 0 0 86.77286 0.05632
fb: -0.06223 0.00397 -0.11618 0.12167
fb: -0.05627 0.00000 -0.11618 0.12167
target: 0.00000 0.05129
dist/lin/ang/drive_left/drive_right/tv_l/tv_r/av_l/av_r/x/y/theta/t_err: 0.05408 0.00000 0.39209 -0.05627 -0.05627 -0.08400 0.08025 -0.08400 0.08025 0 0 86.90134 0.05408
fb: -0.06201 -0.00056 -0.10546 0.11138
fb: -0.05428 0.00000 -0.10546 0.11138
target: 0.00000 0.05738
dist/lin/ang/drive_left/drive_right/tv_l/tv_r/av_l/av_r/x/y/theta/t_err: 0.05410 0.00000 0.43863 -0.05428 -0.05428 -0.10833 0.11397 -0.10833 0.11397 0 0 86.90021 0.05410
fb: -0.04855 0.00530 -0.08660 0.09264
fb: -0.03486 0.01380 -0.08660 0.09264
target: 0.00000 0.05615
dist/lin/ang/drive_left/drive_right/tv_l/tv_r/av_l/av_r/x/y/theta/t_err: 0.05379 0.00000 0.42928 -0.04866 -0.02107 -0.10042 0.10353 -0.10042 0.10353 0 0 86.91813 0.05379
fb: -0.01545 0.02278 -0.07481 0.08083
fb: -0.01169 0.03003 -0.07481 0.08083
target: 0.00000 0.04773
dist/lin/ang/drive_left/drive_right/tv_l/tv_r/av_l/av_r/x/y/theta/t_err: 0.05131 0.00000 0.36491 -0.04173 0.01834 -0.07872 0.08403 -0.07872 0.08403 0 0 87.05992 0.05131
fb: -0.01743 0.03414 -0.05838 0.06422
fb: -0.01743 0.03372 -0.05838 0.06422
target: 0.00000 0.03676
dist/lin/ang/drive_left/drive_right/tv_l/tv_r/av_l/av_r/x/y/theta/t_err: 0.04661 0.00000 0.28102 -0.05116 0.01629 -0.06400 0.07322 -0.06400 0.07322 0 0 87.32962 0.04661
fb: -0.01545 0.03094 -0.04719 0.05282
fb: -0.00772 0.02808 -0.04719 0.05282
target: 0.00000 0.03047
dist/lin/ang/drive_left/drive_right/tv_l/tv_r/av_l/av_r/x/y/theta/t_err: 0.04155 0.00000 0.23294 -0.03580 0.02036 -0.04792 0.05628 -0.04792 0.05628 0 0 87.61925 0.04155
fb: 0.00000 0.02418 -0.05000 0.05551
fb: 0.00000 0.01965 -0.05000 0.05551
target: 0.00000 0.02855
dist/lin/ang/drive_left/drive_right/tv_l/tv_r/av_l/av_r/x/y/theta/t_err: 0.03741 0.00000 0.21822 -0.01965 0.01965 -0.04569 0.05014 -0.04569 0.05014 0 0 87.85634 0.03741
fb: 0.00000 0.01568 -0.05526 0.06073
fb: 0.00000 0.01178 -0.05526 0.06073
target: 0.00000 0.02913
dist/lin/ang/drive_left/drive_right/tv_l/tv_r/av_l/av_r/x/y/theta/t_err: 0.03460 0.00000 0.22269 -0.01178 0.01178 -0.04964 0.05133 -0.04964 0.05133 0 0 88.01733 0.03460
fb: -0.00397 0.00752 -0.05942 0.06489
fb: -0.00397 0.00383 -0.05942 0.06489
target: 0.00000 0.03057
dist/lin/ang/drive_left/drive_right/tv_l/tv_r/av_l/av_r/x/y/theta/t_err: 0.03298 0.00000 0.23371 -0.00780 -0.00014 -0.04911 0.05664 -0.04911 0.05664 0 0 88.11066 0.03298
fb: 0.00000 0.00070 -0.06167 0.06717
fb: 0.00000 -0.00105 -0.06167 0.06717
final error was 1.86408
position: -0.18989 -0.80850 88.13592
took 0.66000 time to finish turn
decreased kd to 8.00000
decreased kd to 7.80000
decreased kd to 7.60000
decreased kd to 7.40000
decreased kd to 7.20000
decreased kd to 7.00000
decreased kd to 6.80000
target: 0.00000 0.78486
dist/lin/ang/drive_left/drive_right/tv_l/tv_r/av_l/av_r/x/y/theta/t_err: 1.57080 0.00000 6.00000 0.00000 0.00000 -0.00033 -0.00017 -0.00033 -0.00017 0 0 -0.00000 1.57080
fb: 0.00000 0.00000 -1.00000 1.00000
fb: 0.00000 0.00000 -1.00000 1.00000
target: 0.00000 0.78486
dist/lin/ang/drive_left/drive_right/tv_l/tv_r/av_l/av_r/x/y/theta/t_err: 1.57079 0.00000 6.00000 0.00000 0.00000 -0.09583 0.02739 -0.09583 0.02739 0 0 0.00023 1.57079
fb: 0.00000 0.00000 -0.56488 0.58547
fb: 0.00000 0.00125 -0.56488 0.58547
target: 0.00000 0.78486
dist/lin/ang/drive_left/drive_right/tv_l/tv_r/av_l/av_r/x/y/theta/t_err: 1.57080 0.00000 6.00000 -0.00125 0.00125 -0.49022 0.42744 -0.49022 0.42744 0 0 -0.00017 1.57080
fb: 0.00000 0.03749 -0.56488 0.58547
fb: 0.00000 0.09692 -0.56488 0.58547
target: 0.00000 0.78486
dist/lin/ang/drive_left/drive_right/tv_l/tv_r/av_l/av_r/x/y/theta/t_err: 1.56883 0.00000 6.00000 -0.09692 0.09692 -0.52119 0.40244 -0.52119 0.40244 0 0 0.11283 1.56883
fb: 0.00000 0.14604 -0.56488 0.58547
fb: 0.00000 0.19328 -0.56488 0.58547
target: 0.00000 0.78486
dist/lin/ang/drive_left/drive_right/tv_l/tv_r/av_l/av_r/x/y/theta/t_err: 1.55242 0.00000 6.00000 -0.19328 0.19328 -0.53422 0.52222 -0.53422 0.52222 0 0 1.05280 1.55242
fb: 0.00000 0.24010 -0.56488 0.58547
fb: 0.00000 0.28470 -0.56488 0.58547
target: 0.00000 0.78486
dist/lin/ang/drive_left/drive_right/tv_l/tv_r/av_l/av_r/x/y/theta/t_err: 1.52112 0.00000 6.00000 -0.28470 0.28470 -0.54136 0.55336 -0.54136 0.55336 0 0 2.84620 1.52112
fb: 0.00000 0.32873 -0.56488 0.58547
fb: 0.00000 0.37722 -0.56488 0.58547
target: 0.00000 0.78486
dist/lin/ang/drive_left/drive_right/tv_l/tv_r/av_l/av_r/x/y/theta/t_err: 1.47606 0.00000 6.00000 -0.37722 0.37722 -0.54292 0.55578 -0.54292 0.55578 0 0 5.42783 1.47606
fb: 0.00000 0.42105 -0.56488 0.58547
fb: 0.00000 0.45812 -0.56488 0.58547
target: 0.00000 0.78486
dist/lin/ang/drive_left/drive_right/tv_l/tv_r/av_l/av_r/x/y/theta/t_err: 1.41694 0.00000 6.00000 -0.45812 0.45812 -0.54394 0.56175 -0.54394 0.56175 0 0 8.81539 1.41694
fb: 0.00000 0.49372 -0.56488 0.58547
fb: 0.00000 0.53086 -0.56488 0.58547
target: 0.00000 0.78486
dist/lin/ang/drive_left/drive_right/tv_l/tv_r/av_l/av_r/x/y/theta/t_err: 1.34575 0.00000 6.00000 -0.53086 0.53086 -0.54036 0.55919 -0.54036 0.55919 0 0 12.89403 1.34575
fb: 0.00000 0.56730 -0.56488 0.58547
fb: 0.00000 0.59921 -0.56488 0.58547
target: 0.00000 0.78486
dist/lin/ang/drive_left/drive_right/tv_l/tv_r/av_l/av_r/x/y/theta/t_err: 1.26345 0.00000 6.00000 -0.59921 0.59921 -0.54225 0.55833 -0.54225 0.55833 0 0 17.60993 1.26345
fb: 0.00000 0.62548 -0.56488 0.58547
fb: 0.00000 0.65168 -0.56488 0.58547
target: 0.00000 0.78486
dist/lin/ang/drive_left/drive_right/tv_l/tv_r/av_l/av_r/x/y/theta/t_err: 1.17116 0.00000 6.00000 -0.65168 0.65168 -0.54483 0.56106 -0.54483 0.56106 0 0 22.89733 1.17116
fb: 0.00000 0.67606 -0.56488 0.58547
fb: -0.01942 0.69982 -0.56488 0.58547
target: 0.00000 0.78486
dist/lin/ang/drive_left/drive_right/tv_l/tv_r/av_l/av_r/x/y/theta/t_err: 1.07088 0.00000 6.00000 -0.71924 0.68041 -0.54517 0.56431 -0.54517 0.56431 0 0 28.64290 1.07088
fb: -0.04082 0.72581 -0.56488 0.58547
fb: -0.04082 0.75083 -0.56488 0.58547
target: 0.00000 0.78109
dist/lin/ang/drive_left/drive_right/tv_l/tv_r/av_l/av_r/x/y/theta/t_err: 0.96320 0.00000 5.97122 -0.79164 0.71001 -0.54517 0.56311 -0.54517 0.56311 0 0 34.81290 0.96320
fb: -0.04060 0.77305 -0.55671 0.57722
fb: -0.04655 0.79291 -0.55671 0.57722
target: 0.00000 0.64192
dist/lin/ang/drive_left/drive_right/tv_l/tv_r/av_l/av_r/x/y/theta/t_err: 0.84787 0.00000 4.90725 -0.83946 0.74636 -0.54328 0.56056 -0.54328 0.56056 0 0 41.42051 0.84787
fb: -0.05825 0.80977 -0.26034 0.27807
fb: -0.06773 0.82433 -0.26034 0.27807
target: 0.00000 0.49917
dist/lin/ang/drive_left/drive_right/tv_l/tv_r/av_l/av_r/x/y/theta/t_err: 0.72629 0.00000 3.81601 -0.89207 0.75660 -0.45036 0.55644 -0.45036 0.55644 0 0 48.38676 0.72629
fb: -0.07567 0.83890 -0.15935 0.17423
fb: -0.07964 0.84322 -0.15935 0.17423
target: 0.00000 0.35464
dist/lin/ang/drive_left/drive_right/tv_l/tv_r/av_l/av_r/x/y/theta/t_err: 0.59992 0.00000 2.71109 -0.92286 0.76357 -0.26589 0.31139 -0.26589 0.31139 0 0 55.62712 0.59992
fb: -0.07942 0.83771 -0.05983 0.07182
fb: -0.08913 0.82754 -0.05983 0.07182
target: 0.00000 0.21398
dist/lin/ang/drive_left/drive_right/tv_l/tv_r/av_l/av_r/x/y/theta/t_err: 0.47149 0.00000 1.63583 -0.91667 0.73841 -0.14886 0.19658 -0.14886 0.19658 0 0 62.98545 0.47149
fb: -0.08913 0.81430 0.10664 -0.10725
fb: -0.07744 0.79110 0.10664 -0.10725
target: 0.00000 0.08651
dist/lin/ang/drive_left/drive_right/tv_l/tv_r/av_l/av_r/x/y/theta/t_err: 0.34569 0.00000 0.66137 -0.86854 0.71366 -0.02242 0.10539 -0.02242 0.10539 0 0 70.19358 0.34569
fb: -0.07965 0.74692 0.17226 -0.17543
fb: -0.09708 0.68456 0.17226 -0.17543
target: 0.00000 -0.02430
dist/lin/ang/drive_left/drive_right/tv_l/tv_r/av_l/av_r/x/y/theta/t_err: 0.22673 0.00000 -0.18573 -0.78164 0.58749 0.10556 -0.07219 0.10556 -0.07219 0 0 77.00926 0.22673
fb: -0.11826 0.61043 0.22152 -0.22689
fb: -0.12599 0.52731 0.22152 -0.22689
target: 0.00000 -0.09350
dist/lin/ang/drive_left/drive_right/tv_l/tv_r/av_l/av_r/x/y/theta/t_err: 0.12509 0.00000 -0.71476 -0.65329 0.40132 0.17058 -0.14975 0.17058 -0.14975 0 0 82.83308 0.12509
fb: -0.11628 0.45143 0.20547 -0.21223
fb: -0.10679 0.37750 0.20547 -0.21223
target: 0.00000 -0.12316
dist/lin/ang/drive_left/drive_right/tv_l/tv_r/av_l/av_r/x/y/theta/t_err: 0.04721 0.00000 -0.94154 -0.48430 0.27071 0.19917 -0.20175 0.19917 -0.20175 0 0 87.29517 0.04721
fb: -0.09312 0.30595 0.16604 -0.17340
fb: -0.07745 0.23362 0.16604 -0.17340
target: 0.00000 -0.13060
dist/lin/ang/drive_left/drive_right/tv_l/tv_r/av_l/av_r/x/y/theta/t_err: -0.00780 0.00000 -0.99838 -0.31107 0.15617 0.17792 -0.19917 0.17792 -0.19917 0 0 90.44704 -0.00780
fb: -0.06796 0.15956 0.13768 -0.14518
fb: -0.07370 0.08619 0.13768 -0.14518
target: 0.00000 -0.11632
dist/lin/ang/drive_left/drive_right/tv_l/tv_r/av_l/av_r/x/y/theta/t_err: -0.04071 0.00000 -0.88920 -0.15989 0.01249 0.14408 -0.16272 0.14408 -0.16272 0 0 92.33254 -0.04071
fb: -0.07569 0.02606 0.09553 -0.10275
fb: -0.06201 -0.01491 0.09553 -0.10275
target: 0.00000 -0.07940
dist/lin/ang/drive_left/drive_right/tv_l/tv_r/av_l/av_r/x/y/theta/t_err: -0.05176 0.00000 -0.60702 -0.04709 -0.07692 0.11089 -0.13311 0.11089 -0.13311 0 0 92.96546 -0.05176
fb: -0.04634 -0.04292 -0.04119 0.04449
fb: -0.02913 -0.05748 -0.04119 0.04449
target: 0.00000 -0.04431
dist/lin/ang/drive_left/drive_right/tv_l/tv_r/av_l/av_r/x/y/theta/t_err: -0.04855 0.00000 -0.33874 0.02836 -0.08661 0.05544 -0.08111 0.05544 -0.08111 0 0 92.78172 -0.04855
fb: -0.01942 -0.06069 -0.06198 0.06598
fb: -0.01567 -0.05804 -0.06198 0.06598
target: 0.00000 -0.02264
dist/lin/ang/drive_left/drive_right/tv_l/tv_r/av_l/av_r/x/y/theta/t_err: -0.03978 0.00000 -0.17311 0.04237 -0.07371 -0.04294 0.03558 -0.04294 0.03558 0 0 92.27918 -0.03978
fb: -0.01942 -0.04961 -0.05635 0.06079
fb: -0.01920 -0.04201 -0.05635 0.06079
target: 0.00000 -0.01413
dist/lin/ang/drive_left/drive_right/tv_l/tv_r/av_l/av_r/x/y/theta/t_err: -0.03124 0.00000 -0.10800 0.02282 -0.06121 -0.06144 0.06264 -0.06144 0.06264 0 0 91.79020 -0.03124
fb: -0.01169 -0.03595 -0.04233 0.04694
fb: -0.00794 -0.02940 -0.04233 0.04694
target: 0.00000 -0.01272
dist/lin/ang/drive_left/drive_right/tv_l/tv_r/av_l/av_r/x/y/theta/t_err: -0.02504 0.00000 -0.09724 0.02146 -0.03735 -0.05439 0.05972 -0.05439 0.05972 0 0 91.43446 -0.02504
fb: -0.00397 -0.01986 0.04543 -0.05058
fb: 0.00000 -0.00718 0.04543 -0.05058
target: 0.00000 -0.01305
dist/lin/ang/drive_left/drive_right/tv_l/tv_r/av_l/av_r/x/y/theta/t_err: -0.02093 0.00000 -0.09977 0.00718 -0.00718 -0.03353 0.01950 -0.03353 0.01950 0 0 91.19928 -0.02093
fb: 0.00000 0.00627 0.04826 -0.05342
fb: 0.00000 0.01442 0.04826 -0.05342
final error was -1.16538
position: -0.21651 -0.74298 91.16538
took 0.60000 time to finish turn
target: 0.00000 0.78486
dist/lin/ang/drive_left/drive_right/tv_l/tv_r/av_l/av_r/x/y/theta/t_err: 1.57079 0.00000 6.00000 0.00000 0.00000 0.00000 -0.00017 0.00000 -0.00017 0 0 0.00026 1.57079
fb: 0.00000 0.00000 -1.00000 1.00000
fb: 0.00000 0.00000 -1.00000 1.00000
target: 0.00000 0.78486
dist/lin/ang/drive_left/drive_right/tv_l/tv_r/av_l/av_r/x/y/theta/t_err: 1.57081 0.00000 6.00000 0.00000 0.00000 -0.02789 0.02978 -0.02789 0.02978 0 0 -0.00053 1.57081
fb: 0.00000 0.00000 -0.56488 0.58547
fb: 0.00000 0.00334 -0.56488 0.58547
target: 0.00000 0.78486
dist/lin/ang/drive_left/drive_right/tv_l/tv_r/av_l/av_r/x/y/theta/t_err: 1.57081 0.00000 6.00000 -0.00334 0.00334 -0.40911 0.48269 -0.40911 0.48269 0 0 -0.00060 1.57081
fb: 0.00000 0.04752 -0.56488 0.58547
fb: 0.00000 0.10744 -0.56488 0.58547
target: 0.00000 0.78486
dist/lin/ang/drive_left/drive_right/tv_l/tv_r/av_l/av_r/x/y/theta/t_err: 1.56810 0.00000 6.00000 -0.10744 0.10744 -0.49297 0.39492 -0.49297 0.39492 0 0 0.15472 1.56810
fb: 0.00000 0.15726 -0.56488 0.58547
fb: 0.00000 0.20742 -0.56488 0.58547
target: 0.00000 0.78486
dist/lin/ang/drive_left/drive_right/tv_l/tv_r/av_l/av_r/x/y/theta/t_err: 1.55006 0.00000 6.00000 -0.20742 0.20742 -0.53197 0.52581 -0.53197 0.52581 0 0 1.18786 1.55006
fb: 0.00000 0.25021 -0.56488 0.58547
fb: 0.00000 0.29473 -0.56488 0.58547
target: 0.00000 0.78486
dist/lin/ang/drive_left/drive_right/tv_l/tv_r/av_l/av_r/x/y/theta/t_err: 1.51696 0.00000 6.00000 -0.29473 0.29473 -0.54172 0.55336 -0.54172 0.55336 0 0 3.08456 1.51696
fb: 0.00000 0.33988 -0.56488 0.58547
fb: 0.00000 0.38691 -0.56488 0.58547
target: 0.00000 0.78486
dist/lin/ang/drive_left/drive_right/tv_l/tv_r/av_l/av_r/x/y/theta/t_err: 1.47030 0.00000 6.00000 -0.38691 0.38691 -0.54275 0.55986 -0.54275 0.55986 0 0 5.75801 1.47030
fb: 0.00000 0.42948 -0.56488 0.58547
fb: 0.00000 0.46961 -0.56488 0.58547
target: 0.00000 0.78486
dist/lin/ang/drive_left/drive_right/tv_l/tv_r/av_l/av_r/x/y/theta/t_err: 1.40974 0.00000 6.00000 -0.46961 0.46961 -0.54344 0.56156 -0.54344 0.56156 0 0 9.22760 1.40974
fb: 0.00000 0.50891 -0.56488 0.58547
fb: 0.00000 0.54668 -0.56488 0.58547
target: 0.00000 0.78486
dist/lin/ang/drive_left/drive_right/tv_l/tv_r/av_l/av_r/x/y/theta/t_err: 1.33670 0.00000 6.00000 -0.54668 0.54668 -0.54328 0.55972 -0.54328 0.55972 0 0 13.41273 1.33670
fb: 0.00000 0.57810 -0.56488 0.58547
fb: 0.00000 0.60897 -0.56488 0.58547
target: 0.00000 0.78486
dist/lin/ang/drive_left/drive_right/tv_l/tv_r/av_l/av_r/x/y/theta/t_err: 1.25227 0.00000 6.00000 -0.60897 0.60897 -0.54192 0.55956 -0.54192 0.55956 0 0 18.25047 1.25227
fb: 0.00000 0.64088 -0.56488 0.58547
fb: 0.00000 0.66715 -0.56488 0.58547
target: 0.00000 0.78486
dist/lin/ang/drive_left/drive_right/tv_l/tv_r/av_l/av_r/x/y/theta/t_err: 1.15816 0.00000 6.00000 -0.66715 0.66715 -0.54464 0.56314 -0.54464 0.56314 0 0 23.64209 1.15816
fb: 0.00000 0.69181 -0.56488 0.58547
fb: -0.02537 0.71731 -0.56488 0.58547
target: 0.00000 0.78486
dist/lin/ang/drive_left/drive_right/tv_l/tv_r/av_l/av_r/x/y/theta/t_err: 1.05551 0.00000 6.00000 -0.74268 0.69194 -0.55064 0.56536 -0.55064 0.56536 0 0 29.52364 1.05551
fb: -0.04655 0.74065 -0.56488 0.58547
fb: -0.03685 0.76253 -0.56488 0.58547
target: 0.00000 0.75658
dist/lin/ang/drive_left/drive_right/tv_l/tv_r/av_l/av_r/x/y/theta/t_err: 0.94532 0.00000 5.78381 -0.79938 0.72569 -0.54381 0.55956 -0.54381 0.55956 0 0 35.83722 0.94532
fb: -0.03883 0.78281 -0.50351 0.52354
fb: -0.04832 0.79786 -0.50351 0.52354
target: 0.00000 0.61713
dist/lin/ang/drive_left/drive_right/tv_l/tv_r/av_l/av_r/x/y/theta/t_err: 0.82821 0.00000 4.71776 -0.84617 0.74954 -0.54242 0.55578 -0.54242 0.55578 0 0 42.54680 0.82821
fb: -0.06001 0.81374 -0.24333 0.26056
fb: -0.06023 0.82963 -0.24333 0.26056
target: 0.00000 0.47569
dist/lin/ang/drive_left/drive_right/tv_l/tv_r/av_l/av_r/x/y/theta/t_err: 0.70582 0.00000 3.63651 -0.88986 0.76940 -0.44831 0.48561 -0.44831 0.48561 0 0 49.55933 0.70582
fb: -0.04082 0.83994 -0.14558 0.15998
fb: -0.04258 0.84008 -0.14558 0.15998
target: 0.00000 0.33092
dist/lin/ang/drive_left/drive_right/tv_l/tv_r/av_l/av_r/x/y/theta/t_err: 0.57884 0.00000 2.52981 -0.88266 0.79750 -0.27189 0.28661 -0.27189 0.28661 0 0 56.83511 0.57884
fb: -0.06597 0.83109 -0.04359 0.05510
fb: -0.08538 0.81883 -0.04359 0.05510
target: 0.00000 0.19349
dist/lin/ang/drive_left/drive_right/tv_l/tv_r/av_l/av_r/x/y/theta/t_err: 0.45097 0.00000 1.47919 -0.90421 0.73345 -0.14939 0.17008 -0.14939 0.17008 0 0 64.16118 0.45097
fb: -0.09112 0.79765 0.11553 -0.11655
fb: -0.08141 0.74894 0.11553 -0.11655
target: 0.00000 0.06995
dist/lin/ang/drive_left/drive_right/tv_l/tv_r/av_l/av_r/x/y/theta/t_err: 0.32674 0.00000 0.53472 -0.83036 0.66753 -0.03731 0.06297 -0.03731 0.06297 0 0 71.27899 0.32674
fb: -0.09112 0.68526 0.17748 -0.18097
fb: -0.10855 0.62792 0.17748 -0.18097
target: 0.00000 -0.02082
dist/lin/ang/drive_left/drive_right/tv_l/tv_r/av_l/av_r/x/y/theta/t_err: 0.21496 0.00000 -0.15918 -0.73647 0.51937 0.10336 -0.09275 0.10336 -0.09275 0 0 77.68378 0.21496
fb: -0.09686 0.55713 0.18913 -0.19444
fb: -0.07369 0.47881 0.18913 -0.19444
target: 0.00000 -0.07797
dist/lin/ang/drive_left/drive_right/tv_l/tv_r/av_l/av_r/x/y/theta/t_err: 0.12184 0.00000 -0.59605 -0.55251 0.40512 0.15708 -0.16461 0.15708 -0.16461 0 0 83.01895 0.12184
fb: -0.06421 0.39827 0.17698 -0.18344
fb: -0.06200 0.32218 0.17698 -0.18344
target: 0.00000 -0.10111
dist/lin/ang/drive_left/drive_right/tv_l/tv_r/av_l/av_r/x/y/theta/t_err: 0.05173 0.00000 -0.77292 -0.38418 0.26018 0.16717 -0.17553 0.16717 -0.17553 0 0 87.03615 0.05173
fb: -0.06576 0.24449 0.14147 -0.14838
fb: -0.07370 0.16367 0.14147 -0.14838
target: 0.00000 -0.09731
dist/lin/ang/drive_left/drive_right/tv_l/tv_r/av_l/av_r/x/y/theta/t_err: 0.00540 0.00000 -0.74390 -0.23737 0.08997 0.15572 -0.16786 0.15572 -0.16786 0 0 89.69071 0.00540
fb: -0.07767 0.09065 0.09852 -0.10536
fb: -0.07569 0.03588 0.09852 -0.10536
target: 0.00000 -0.06756
dist/lin/ang/drive_left/drive_right/tv_l/tv_r/av_l/av_r/x/y/theta/t_err: -0.01692 0.00000 -0.51646 -0.11157 -0.03980 0.11653 -0.13211 0.11653 -0.13211 0 0 90.96943 -0.01692
fb: -0.05627 0.00000 0.03966 -0.04590
fb: -0.03310 -0.02515 0.03966 -0.04590
target: 0.00000 -0.03217
dist/lin/ang/drive_left/drive_right/tv_l/tv_r/av_l/av_r/x/y/theta/t_err: -0.02126 0.00000 -0.24593 -0.00795 -0.05825 0.06881 -0.10061 0.06881 -0.10061 0 0 91.21798 -0.02126
fb: -0.02714 -0.03895 -0.07055 0.07480
fb: -0.03089 -0.04466 -0.07055 0.07480
final error was -0.97531
position: -0.19457 -0.58386 90.97531
took 0.50000 time to finish turn
increased kd to 7.00000
increased kd to 7.20000
target: 0.00000 0.78486
dist/lin/ang/drive_left/drive_right/tv_l/tv_r/av_l/av_r/x/y/theta/t_err: 1.57104 0.00000 6.00000 0.00000 0.00000 -0.00033 0.00000 -0.00033 0.00000 0 0 -0.01373 1.57104
fb: 0.00000 0.00000 -1.00000 1.00000
fb: 0.00000 0.00000 -1.00000 1.00000
target: 0.00000 0.78486
dist/lin/ang/drive_left/drive_right/tv_l/tv_r/av_l/av_r/x/y/theta/t_err: 1.57101 0.00000 6.00000 0.00000 0.00000 -0.02806 0.02789 -0.02806 0.02789 0 0 -0.01219 1.57101
fb: 0.00000 0.00000 -0.56488 0.58547
fb: 0.00000 0.00836 -0.56488 0.58547
target: 0.00000 0.78486
dist/lin/ang/drive_left/drive_right/tv_l/tv_r/av_l/av_r/x/y/theta/t_err: 1.57097 0.00000 6.00000 -0.00836 0.00836 -0.42708 0.44950 -0.42708 0.44950 0 0 -0.01007 1.57097
fb: 0.00000 0.05351 -0.56488 0.58547
fb: 0.00000 0.10619 -0.56488 0.58547
target: 0.00000 0.78486
dist/lin/ang/drive_left/drive_right/tv_l/tv_r/av_l/av_r/x/y/theta/t_err: 1.56764 0.00000 6.00000 -0.10619 0.10619 -0.44333 0.42144 -0.44333 0.42144 0 0 0.18108 1.56764
fb: 0.00000 0.15161 -0.56488 0.58547
fb: 0.00000 0.20506 -0.56488 0.58547
target: 0.00000 0.78486
dist/lin/ang/drive_left/drive_right/tv_l/tv_r/av_l/av_r/x/y/theta/t_err: 1.54984 0.00000 6.00000 -0.20506 0.20506 -0.52206 0.52514 -0.52206 0.52514 0 0 1.20091 1.54984
fb: 0.00000 0.24805 -0.56488 0.58547
fb: 0.00000 0.29633 -0.56488 0.58547
target: 0.00000 0.78486
dist/lin/ang/drive_left/drive_right/tv_l/tv_r/av_l/av_r/x/y/theta/t_err: 1.51716 0.00000 6.00000 -0.29633 0.29633 -0.54261 0.55047 -0.54261 0.55047 0 0 3.07291 1.51716
fb: 0.00000 0.34064 -0.56488 0.58547
fb: 0.00000 0.38384 -0.56488 0.58547
target: 0.00000 0.78486
dist/lin/ang/drive_left/drive_right/tv_l/tv_r/av_l/av_r/x/y/theta/t_err: 1.47031 0.00000 6.00000 -0.38384 0.38384 -0.54397 0.55850 -0.54397 0.55850 0 0 5.75747 1.47031
fb: 0.00000 0.42572 -0.56488 0.58547
fb: 0.00000 0.47038 -0.56488 0.58547
target: 0.00000 0.78486
dist/lin/ang/drive_left/drive_right/tv_l/tv_r/av_l/av_r/x/y/theta/t_err: 1.41024 0.00000 6.00000 -0.47038 0.47038 -0.54225 0.55628 -0.54225 0.55628 0 0 9.19894 1.41024
fb: 0.00000 0.51003 -0.56488 0.58547
fb: 0.00000 0.54682 -0.56488 0.58547
target: 0.00000 0.78486
dist/lin/ang/drive_left/drive_right/tv_l/tv_r/av_l/av_r/x/y/theta/t_err: 1.33708 0.00000 6.00000 -0.54682 0.54682 -0.54381 0.55900 -0.54381 0.55900 0 0 13.39069 1.33708
fb: 0.00000 0.57887 -0.56488 0.58547
fb: 0.00000 0.60695 -0.56488 0.58547
target: 0.00000 0.78486
dist/lin/ang/drive_left/drive_right/tv_l/tv_r/av_l/av_r/x/y/theta/t_err: 1.25253 0.00000 6.00000 -0.60695 0.60695 -0.54361 0.56089 -0.54361 0.56089 0 0 18.23541 1.25253
fb: 0.00000 0.63823 -0.56488 0.58547
fb: 0.00000 0.66721 -0.56488 0.58547
target: 0.00000 0.78486
dist/lin/ang/drive_left/drive_right/tv_l/tv_r/av_l/av_r/x/y/theta/t_err: 1.15876 0.00000 6.00000 -0.66721 0.66721 -0.54444 0.56092 -0.54444 0.56092 0 0 23.60778 1.15876
fb: 0.00000 0.69369 -0.56488 0.58547
fb: 0.00000 0.71850 -0.56488 0.58547
target: 0.00000 0.78486
dist/lin/ang/drive_left/drive_right/tv_l/tv_r/av_l/av_r/x/y/theta/t_err: 1.05606 0.00000 6.00000 -0.71850 0.71850 -0.54719 0.56292 -0.54719 0.56292 0 0 29.49235 1.05606
fb: -0.02317 0.74337 -0.56488 0.58547
fb: -0.04655 0.76344 -0.56488 0.58547
target: 0.00000 0.74161
dist/lin/ang/drive_left/drive_right/tv_l/tv_r/av_l/av_r/x/y/theta/t_err: 0.94553 0.00000 5.66934 -0.80999 0.71688 -0.55217 0.56397 -0.55217 0.56397 0 0 35.82503 0.94553
fb: -0.05251 0.78594 -0.47102 0.49074
fb: -0.06001 0.80824 -0.47102 0.49074
target: 0.00000 0.60108
dist/lin/ang/drive_left/drive_right/tv_l/tv_r/av_l/av_r/x/y/theta/t_err: 0.82815 0.00000 4.59509 -0.86825 0.74823 -0.53506 0.54361 -0.53506 0.54361 0 0 42.55062 0.82815
fb: -0.06001 0.82489 -0.23097 0.24788
fb: -0.05626 0.83757 -0.23097 0.24788
target: 0.00000 0.45455
dist/lin/ang/drive_left/drive_right/tv_l/tv_r/av_l/av_r/x/y/theta/t_err: 0.70427 0.00000 3.47491 -0.89383 0.78131 -0.45222 0.43836 -0.45222 0.43836 0 0 49.64803 0.70427
fb: -0.05626 0.84106 -0.12378 0.13776
fb: -0.07170 0.83144 -0.12378 0.13776
target: 0.00000 0.30963
dist/lin/ang/drive_left/drive_right/tv_l/tv_r/av_l/av_r/x/y/theta/t_err: 0.57640 0.00000 2.36701 -0.90314 0.75974 -0.26281 0.25103 -0.26281 0.25103 0 0 56.97491 0.57640
fb: -0.09310 0.81472 0.04896 -0.04766
fb: -0.10855 0.79639 0.04896 -0.04766
target: 0.00000 0.17960
dist/lin/ang/drive_left/drive_right/tv_l/tv_r/av_l/av_r/x/y/theta/t_err: 0.45012 0.00000 1.37301 -0.90494 0.68785 -0.13142 0.11753 -0.13142 0.11753 0 0 64.20999 0.45012
fb: -0.11230 0.77131 0.11373 -0.11503
fb: -0.09509 0.72142 0.11373 -0.11503
target: 0.00000 0.06487
dist/lin/ang/drive_left/drive_right/tv_l/tv_r/av_l/av_r/x/y/theta/t_err: 0.32943 0.00000 0.49594 -0.81651 0.62633 0.02497 -0.03558 0.02497 -0.03558 0 0 71.12507 0.32943
fb: -0.07766 0.66129 0.16765 -0.17125
fb: -0.08142 0.58758 0.16765 -0.17125
target: 0.00000 -0.01919
dist/lin/ang/drive_left/drive_right/tv_l/tv_r/av_l/av_r/x/y/theta/t_err: 0.22157 0.00000 -0.14668 -0.66899 0.50616 0.10028 -0.11292 0.10028 -0.11292 0 0 77.30481 0.22157
fb: -0.08737 0.50759 0.17797 -0.18325
fb: -0.09510 0.42788 0.17797 -0.18325
target: 0.00000 -0.06157
dist/lin/ang/drive_left/drive_right/tv_l/tv_r/av_l/av_r/x/y/theta/t_err: 0.13477 0.00000 -0.47071 -0.52298 0.33278 0.14817 -0.15897 0.14817 -0.15897 0 0 82.27803 0.13477
fb: -0.12003 0.35353 0.14386 -0.14998
fb: -0.12996 0.28449 0.14386 -0.14998
target: 0.00000 -0.07106
dist/lin/ang/drive_left/drive_right/tv_l/tv_r/av_l/av_r/x/y/theta/t_err: 0.07214 0.00000 -0.54320 -0.41445 0.15452 0.15708 -0.16014 0.15708 -0.16014 0 0 85.86695 0.07214
fb: -0.12820 0.21593 0.10085 -0.10717
fb: -0.12026 0.14500 0.10085 -0.10717
target: 0.00000 -0.06332
dist/lin/ang/drive_left/drive_right/tv_l/tv_r/av_l/av_r/x/y/theta/t_err: 0.03120 0.00000 -0.48408 -0.26525 0.02474 0.13072 -0.12561 0.13072 -0.12561 0 0 88.21230 0.03120
fb: -0.10856 0.07943 0.06985 -0.07601
fb: -0.09886 0.03080 0.06985 -0.07601
target: 0.00000 -0.03437
dist/lin/ang/drive_left/drive_right/tv_l/tv_r/av_l/av_r/x/y/theta/t_err: 0.01145 0.00000 -0.26275 -0.12965 -0.06806 0.09342 -0.09086 0.09342 -0.09086 0 0 89.34390 0.01145
fb: -0.07745 -0.00341 -0.05942 0.06363
fb: -0.07171 -0.02313 -0.05942 0.06363
final error was 0.45273
position: -0.22119 -0.71947 89.54727
took 0.48000 time to finish turn
increased kd to 7.40000
decreased kd to 7.20000
decreased kp to 8.00000
increased kp to 8.10000
decreased to 45.00000
target: 0.00000 0.78486
dist/lin/ang/drive_left/drive_right/tv_l/tv_r/av_l/av_r/x/y/theta/t_err: 0.78540 0.00000 6.00000 0.00000 0.00000 -0.00033 0.00033 -0.00033 0.00033 0 0 -0.00002 0.78540
fb: 0.00000 0.00000 -1.00000 1.00000
fb: 0.00000 0.00000 -1.00000 1.00000
target: 0.00000 0.78486
dist/lin/ang/drive_left/drive_right/tv_l/tv_r/av_l/av_r/x/y/theta/t_err: 0.78540 0.00000 6.00000 0.00000 0.00000 -0.00017 0.08333 -0.00017 0.08333 0 0 0.00009 0.78540
fb: 0.00000 0.00000 -0.56488 0.58547
fb: 0.00000 0.01171 -0.56488 0.58547
target: 0.00000 0.78486
dist/lin/ang/drive_left/drive_right/tv_l/tv_r/av_l/av_r/x/y/theta/t_err: 0.78539 0.00000 6.00000 -0.01171 0.01171 -0.45378 0.38125 -0.45378 0.38125 0 0 0.00057 0.78539
fb: 0.00000 0.05267 -0.56488 0.58547
fb: 0.00000 0.10814 -0.56488 0.58547
target: 0.00000 0.78486
dist/lin/ang/drive_left/drive_right/tv_l/tv_r/av_l/av_r/x/y/theta/t_err: 0.78170 0.00000 6.00000 -0.10814 0.10814 -0.52067 0.45858 -0.52067 0.45858 0 0 0.21176 0.78170
fb: 0.00000 0.15280 -0.56488 0.58547
fb: 0.00000 0.19676 -0.56488 0.58547
target: 0.00000 0.76670
dist/lin/ang/drive_left/drive_right/tv_l/tv_r/av_l/av_r/x/y/theta/t_err: 0.76367 0.00000 5.86120 -0.19676 0.19676 -0.53389 0.53917 -0.53389 0.53917 0 0 1.24482 0.76367
fb: 0.00000 0.24568 -0.52548 0.54571
fb: 0.00000 0.29027 -0.52548 0.54571
target: 0.00000 0.69947
dist/lin/ang/drive_left/drive_right/tv_l/tv_r/av_l/av_r/x/y/theta/t_err: 0.73154 0.00000 5.34722 -0.29027 0.29027 -0.54158 0.52444 -0.54158 0.52444 0 0 3.08559 0.73154
fb: 0.00000 0.33284 -0.40682 0.42570
fb: 0.00000 0.37207 -0.40682 0.42570
target: 0.00000 0.61802
dist/lin/ang/drive_left/drive_right/tv_l/tv_r/av_l/av_r/x/y/theta/t_err: 0.68553 0.00000 4.72454 -0.37207 0.37207 -0.48100 0.48817 -0.48100 0.48817 0 0 5.72202 0.68553
fb: 0.00000 0.41004 -0.33091 0.34817
fb: 0.00000 0.43728 -0.33091 0.34817
target: 0.00000 0.52701
dist/lin/ang/drive_left/drive_right/tv_l/tv_r/av_l/av_r/x/y/theta/t_err: 0.62714 0.00000 4.02886 -0.43728 0.43728 -0.38944 0.39508 -0.38944 0.39508 0 0 9.06743 0.62714
fb: 0.00000 0.45359 -0.25562 0.27105
fb: 0.00000 0.45916 -0.25562 0.27105
target: 0.00000 0.43422
dist/lin/ang/drive_left/drive_right/tv_l/tv_r/av_l/av_r/x/y/theta/t_err: 0.55969 0.00000 3.31944 -0.45916 0.45916 -0.32389 0.32169 -0.32389 0.32169 0 0 12.93195 0.55969
fb: 0.00000 0.46077 -0.19075 0.20433
fb: 0.00000 0.45979 -0.19075 0.20433
target: 0.00000 0.35307
dist/lin/ang/drive_left/drive_right/tv_l/tv_r/av_l/av_r/x/y/theta/t_err: 0.48941 0.00000 2.69913 -0.45979 0.45979 -0.24792 0.25511 -0.24792 0.25511 0 0 16.95887 0.48941
fb: 0.00000 0.45652 -0.15387 0.16582
fb: 0.00000 0.44627 -0.15387 0.16582
target: 0.00000 0.27885
dist/lin/ang/drive_left/drive_right/tv_l/tv_r/av_l/av_r/x/y/theta/t_err: 0.41920 0.00000 2.13175 -0.44627 0.44627 -0.19369 0.19642 -0.19369 0.19642 0 0 20.98158 0.41920
fb: -0.00971 0.43032 -0.11453 0.12500
fb: -0.03111 0.41868 -0.11453 0.12500
target: 0.00000 0.21335
dist/lin/ang/drive_left/drive_right/tv_l/tv_r/av_l/av_r/x/y/theta/t_err: 0.35159 0.00000 1.63100 -0.44979 0.38757 -0.16033 0.15964 -0.16033 0.15964 0 0 24.85513 0.35159
fb: -0.04082 0.41025 -0.08371 0.09287
fb: -0.04656 0.40161 -0.08371 0.09287
target: 0.00000 0.15467
dist/lin/ang/drive_left/drive_right/tv_l/tv_r/av_l/av_r/x/y/theta/t_err: 0.28778 0.00000 1.18237 -0.44817 0.35505 -0.12150 0.12747 -0.12150 0.12747 0 0 28.51139 0.28778
fb: -0.04832 0.38914 -0.05462 0.06261
fb: -0.04060 0.37479 -0.05462 0.06261
target: 0.00000 0.09668
dist/lin/ang/drive_left/drive_right/tv_l/tv_r/av_l/av_r/x/y/theta/t_err: 0.22679 0.00000 0.73907 -0.41539 0.33419 -0.08969 0.09839 -0.08969 0.09839 0 0 32.00611 0.22679
fb: -0.03883 0.36071 0.06123 -0.06419
fb: -0.03111 0.34162 0.06123 -0.06419
target: 0.00000 0.04605
dist/lin/ang/drive_left/drive_right/tv_l/tv_r/av_l/av_r/x/y/theta/t_err: 0.16989 0.00000 0.35205 -0.37273 0.31051 -0.03986 0.04397 -0.03986 0.04397 0 0 35.26585 0.16989
fb: -0.01545 0.31918 0.08411 -0.08808
fb: -0.00375 0.28588 0.08411 -0.08808
target: 0.00000 0.00433
dist/lin/ang/drive_left/drive_right/tv_l/tv_r/av_l/av_r/x/y/theta/t_err: 0.11844 0.00000 0.03311 -0.28963 0.28213 0.05200 -0.04808 0.05200 -0.04808 0 0 38.21411 0.11844
fb: 0.00000 0.23279 0.09870 -0.10351
fb: -0.00397 0.17440 0.09870 -0.10351
target: 0.00000 -0.01654
dist/lin/ang/drive_left/drive_right/tv_l/tv_r/av_l/av_r/x/y/theta/t_err: 0.07684 0.00000 -0.12643 -0.17837 0.17043 0.07494 -0.07511 0.07494 -0.07511 0 0 40.59761 0.07684
fb: -0.01169 0.13043 0.08141 -0.08663
fb: -0.01942 0.08222 0.08141 -0.08663
target: 0.00000 -0.00511
dist/lin/ang/drive_left/drive_right/tv_l/tv_r/av_l/av_r/x/y/theta/t_err: 0.05149 0.00000 -0.03910 -0.10164 0.06280 0.08094 -0.09017 0.08094 -0.09017 0 0 42.04970 0.05149
fb: -0.02714 0.03846 -0.05273 0.05752
fb: -0.02317 0.00376 -0.05273 0.05752
target: 0.00000 0.01702
dist/lin/ang/drive_left/drive_right/tv_l/tv_r/av_l/av_r/x/y/theta/t_err: 0.04050 0.00000 0.13009 -0.02693 -0.01941 0.04364 -0.06125 0.04364 -0.06125 0 0 42.67974 0.04050
fb: -0.01169 -0.02062 -0.08362 0.08886
fb: -0.00794 -0.03024 -0.08362 0.08886
target: 0.00000 0.04393
dist/lin/ang/drive_left/drive_right/tv_l/tv_r/av_l/av_r/x/y/theta/t_err: 0.04080 0.00000 0.33587 0.02230 -0.03818 -0.05631 0.05167 -0.05631 0.05167 0 0 42.66251 0.04080
fb: -0.00772 -0.03080 -0.10884 0.11461
fb: -0.01147 -0.02892 -0.10884 0.11461
target: 0.00000 0.05888
dist/lin/ang/drive_left/drive_right/tv_l/tv_r/av_l/av_r/x/y/theta/t_err: 0.04538 0.00000 0.45011 0.01744 -0.04039 -0.08558 0.08575 -0.08558 0.08575 0 0 42.39985 0.04538
fb: -0.01545 -0.02599 -0.10089 0.10696
fb: -0.01567 -0.02035 -0.10089 0.10696
target: 0.00000 0.06291
dist/lin/ang/drive_left/drive_right/tv_l/tv_r/av_l/av_r/x/y/theta/t_err: 0.04972 0.00000 0.48091 0.00468 -0.03601 -0.10317 0.10522 -0.10317 0.10522 0 0 42.15108 0.04972
fb: -0.00794 -0.00941 -0.08721 0.09337
fb: 0.00000 0.00683 -0.08721 0.09337
target: 0.00000 0.06168
dist/lin/ang/drive_left/drive_right/tv_l/tv_r/av_l/av_r/x/y/theta/t_err: 0.05236 0.00000 0.47154 -0.00683 0.00683 -0.09478 0.09683 -0.09478 0.09683 0 0 42.00008 0.05236
fb: 0.00000 0.02550 -0.07851 0.08464
fb: -0.00177 0.03546 -0.07851 0.08464
target: 0.00000 0.04930
dist/lin/ang/drive_left/drive_right/tv_l/tv_r/av_l/av_r/x/y/theta/t_err: 0.05055 0.00000 0.37687 -0.03723 0.03370 -0.07650 0.08522 -0.07650 0.08522 0 0 42.10378 0.05055
fb: -0.00177 0.03825 -0.05348 0.05936
fb: 0.00000 0.03783 -0.05348 0.05936
target: 0.00000 0.03490
dist/lin/ang/drive_left/drive_right/tv_l/tv_r/av_l/av_r/x/y/theta/t_err: 0.04508 0.00000 0.26682 -0.03783 0.03783 -0.06622 0.07525 -0.06622 0.07525 0 0 42.41688 0.04508
fb: 0.00000 0.03644 -0.04081 0.04641
fb: 0.00000 0.03261 -0.04081 0.04641
target: 0.00000 0.02821
dist/lin/ang/drive_left/drive_right/tv_l/tv_r/av_l/av_r/x/y/theta/t_err: 0.03935 0.00000 0.21564 -0.03261 0.03261 -0.04994 0.05047 -0.04994 0.05047 0 0 42.74516 0.03935
fb: 0.00000 0.02759 -0.04788 0.05334
fb: 0.00000 0.02292 -0.04788 0.05334
target: 0.00000 0.02535
dist/lin/ang/drive_left/drive_right/tv_l/tv_r/av_l/av_r/x/y/theta/t_err: 0.03457 0.00000 0.19380 -0.02292 0.02292 -0.04242 0.04378 -0.04242 0.04378 0 0 43.01950 0.03457
fb: 0.00000 0.01853 -0.05172 0.05712
fb: 0.00000 0.01463 -0.05172 0.05712
target: 0.00000 0.02519
dist/lin/ang/drive_left/drive_right/tv_l/tv_r/av_l/av_r/x/y/theta/t_err: 0.03122 0.00000 0.19259 -0.01463 0.01463 -0.04381 0.04842 -0.04381 0.04842 0 0 43.21135 0.03122
fb: 0.00000 0.00989 -0.05567 0.06106
fb: 0.00000 0.00495 -0.05567 0.06106
final error was 1.67132
position: 0.20354 -0.10497 43.32868
took 0.58000 time to finish turn
cWARNING - pros.serial.terminal.terminal:stop - Stopping terminal - pros-cli version:3.5.6

[tomas@nixbtw:~/projects/Robotics/current/Cognex]$

